method_id,method_name,N,thread_count,team_count,set,run,delaylength,outerreps,exec_time_us
1,"map(tofrom: a)",1,64,304,0,0,7,0,224.053859711
1,"map(tofrom: a)",1,64,304,0,0,114,0,338.196754456
1,"map(tofrom: a)",1,64,304,0,0,3,0,217.497348785
1,"map(tofrom: a)",1,64,304,0,0,17,0,236.403942108
1,"map(tofrom: a)",1,64,304,0,0,1,0,216.448307037
1,"map(tofrom: a)",1,64,304,0,0,44,0,263.738632202
1,"map(tofrom: a)",1,64,304,0,0,294,0,529.694557190
1,"map(tofrom: a)",1,64,304,0,0,3140,0,3631.007671356
1,"map(tofrom: a)",1,64,304,0,0,4,0,219.404697418
1,"map(tofrom: a)",1,64,304,0,0,1955,0,2328.193187714
1,"map(tofrom: a)",1,64,304,0,0,183,0,411.295890808
1,"map(tofrom: a)",1,64,304,0,0,8096,0,8951.342105865
1,"map(tofrom: a)",1,64,304,0,0,758,0,1033.401489258
1,"map(tofrom: a)",1,64,304,0,0,71,0,291.144847870
1,"map(tofrom: a)",1,64,304,0,0,2,0,215.899944305
1,"map(tofrom: a)",1,64,304,0,0,11,0,226.950645447
1,"map(tofrom: a)",1,64,304,0,0,28,0,388.097763062
1,"map(tofrom: a)",1,64,304,0,0,5042,0,5912.053585052
1,"map(tofrom: a)",1,64,304,0,0,1218,0,1518.058776855
1,"map(tofrom: a)",1,64,304,0,0,472,0,728.499889374
1,"map(tofrom: a)",1,64,304,0,1,4,0,219.452381134
1,"map(tofrom: a)",1,64,304,0,1,1,0,215.995311737
1,"map(tofrom: a)",1,64,304,0,1,17,0,233.852863312
1,"map(tofrom: a)",1,64,304,0,1,28,0,245.642662048
1,"map(tofrom: a)",1,64,304,0,1,11,0,226.855278015
1,"map(tofrom: a)",1,64,304,0,1,3140,0,3613.245487213
1,"map(tofrom: a)",1,64,304,0,1,2,0,216.054916382
1,"map(tofrom: a)",1,64,304,0,1,758,0,1035.952568054
1,"map(tofrom: a)",1,64,304,0,1,1218,0,1533.448696136
1,"map(tofrom: a)",1,64,304,0,1,44,0,264.608860016
1,"map(tofrom: a)",1,64,304,0,1,71,0,292.456150055
1,"map(tofrom: a)",1,64,304,0,1,114,0,339.591503143
1,"map(tofrom: a)",1,64,304,0,1,294,0,532.746315002
1,"map(tofrom: a)",1,64,304,0,1,7,0,223.147869110
1,"map(tofrom: a)",1,64,304,0,1,183,0,411.546230316
1,"map(tofrom: a)",1,64,304,0,1,8096,0,8981.847763062
1,"map(tofrom: a)",1,64,304,0,1,472,0,724.506378174
1,"map(tofrom: a)",1,64,304,0,1,1955,0,2339.947223663
1,"map(tofrom: a)",1,64,304,0,1,3,0,218.749046326
1,"map(tofrom: a)",1,64,304,0,1,5042,0,5704.450607300
1,"map(tofrom: a)",1,64,304,0,2,3,0,218.856334686
1,"map(tofrom: a)",1,64,304,0,2,44,0,264.990329742
1,"map(tofrom: a)",1,64,304,0,2,1,0,216.698646545
1,"map(tofrom: a)",1,64,304,0,2,183,0,413.048267365
1,"map(tofrom: a)",1,64,304,0,2,294,0,530.695915222
1,"map(tofrom: a)",1,64,304,0,2,5042,0,5651.640892029
1,"map(tofrom: a)",1,64,304,0,2,7,0,223.398208618
1,"map(tofrom: a)",1,64,304,0,2,8096,0,8963.298797607
1,"map(tofrom: a)",1,64,304,0,2,2,0,216.102600098
1,"map(tofrom: a)",1,64,304,0,2,114,0,337.743759155
1,"map(tofrom: a)",1,64,304,0,2,71,0,291.597843170
1,"map(tofrom: a)",1,64,304,0,2,1955,0,2339.160442352
1,"map(tofrom: a)",1,64,304,0,2,17,0,234.401226044
1,"map(tofrom: a)",1,64,304,0,2,472,0,723.147392273
1,"map(tofrom: a)",1,64,304,0,2,11,0,226.151943207
1,"map(tofrom: a)",1,64,304,0,2,1218,0,1537.656784058
1,"map(tofrom: a)",1,64,304,0,2,4,0,219.297409058
1,"map(tofrom: a)",1,64,304,0,2,3140,0,3620.302677155
1,"map(tofrom: a)",1,64,304,0,2,758,0,1024.401187897
1,"map(tofrom: a)",1,64,304,0,2,28,0,245.392322540
1,"map(tofrom: a)",1,64,304,0,3,11,0,226.545333862
1,"map(tofrom: a)",1,64,304,0,3,4,0,219.345092773
1,"map(tofrom: a)",1,64,304,0,3,5042,0,5619.895458221
1,"map(tofrom: a)",1,64,304,0,3,183,0,412.690639496
1,"map(tofrom: a)",1,64,304,0,3,17,0,234.353542328
1,"map(tofrom: a)",1,64,304,0,3,3,0,217.247009277
1,"map(tofrom: a)",1,64,304,0,3,28,0,245.201587677
1,"map(tofrom: a)",1,64,304,0,3,1218,0,1530.396938324
1,"map(tofrom: a)",1,64,304,0,3,114,0,337.600708008
1,"map(tofrom: a)",1,64,304,0,3,758,0,1030.099391937
1,"map(tofrom: a)",1,64,304,0,3,1955,0,2322.995662689
1,"map(tofrom: a)",1,64,304,0,3,472,0,725.901126862
1,"map(tofrom: a)",1,64,304,0,3,7,0,221.943855286
1,"map(tofrom: a)",1,64,304,0,3,44,0,263.452529907
1,"map(tofrom: a)",1,64,304,0,3,3140,0,3577.196598053
1,"map(tofrom: a)",1,64,304,0,3,8096,0,9013.140201569
1,"map(tofrom: a)",1,64,304,0,3,71,0,291.204452515
1,"map(tofrom: a)",1,64,304,0,3,1,0,216.150283813
1,"map(tofrom: a)",1,64,304,0,3,2,0,215.744972229
1,"map(tofrom: a)",1,64,304,0,3,294,0,533.449649811
1,"map(tofrom: a)",1,64,304,0,4,3,0,217.545032501
1,"map(tofrom: a)",1,64,304,0,4,8096,0,8922.398090363
1,"map(tofrom: a)",1,64,304,0,4,1,0,216.102600098
1,"map(tofrom: a)",1,64,304,0,4,28,0,245.809555054
1,"map(tofrom: a)",1,64,304,0,4,17,0,234.603881836
1,"map(tofrom: a)",1,64,304,0,4,5042,0,5638.897418976
1,"map(tofrom: a)",1,64,304,0,4,7,0,221.896171570
1,"map(tofrom: a)",1,64,304,0,4,114,0,337.255001068
1,"map(tofrom: a)",1,64,304,0,4,44,0,263.357162476
1,"map(tofrom: a)",1,64,304,0,4,2,0,216.102600098
1,"map(tofrom: a)",1,64,304,0,4,294,0,528.395175934
1,"map(tofrom: a)",1,64,304,0,4,758,0,1037.001609802
1,"map(tofrom: a)",1,64,304,0,4,183,0,411.498546600
1,"map(tofrom: a)",1,64,304,0,4,4,0,219.655036926
1,"map(tofrom: a)",1,64,304,0,4,1218,0,1516.950130463
1,"map(tofrom: a)",1,64,304,0,4,71,0,301.098823547
1,"map(tofrom: a)",1,64,304,0,4,1955,0,2326.655387878
1,"map(tofrom: a)",1,64,304,0,4,11,0,227.200984955
1,"map(tofrom: a)",1,64,304,0,4,472,0,719.153881073
1,"map(tofrom: a)",1,64,304,0,4,3140,0,3624.451160431
1,"map(tofrom: a)",1,64,304,1,0,2,0,215.709209442
1,"map(tofrom: a)",1,64,304,1,0,4,0,219.702720642
1,"map(tofrom: a)",1,64,304,1,0,472,0,721.442699432
1,"map(tofrom: a)",1,64,304,1,0,3140,0,3615.140914917
1,"map(tofrom: a)",1,64,304,1,0,183,0,412.249565125
1,"map(tofrom: a)",1,64,304,1,0,28,0,245.451927185
1,"map(tofrom: a)",1,64,304,1,0,71,0,291.001796722
1,"map(tofrom: a)",1,64,304,1,0,1218,0,1535.499095917
1,"map(tofrom: a)",1,64,304,1,0,294,0,531.601905823
1,"map(tofrom: a)",1,64,304,1,0,1,0,216.054916382
1,"map(tofrom: a)",1,64,304,1,0,7,0,221.550464630
1,"map(tofrom: a)",1,64,304,1,0,1955,0,2351.498603821
1,"map(tofrom: a)",1,64,304,1,0,758,0,1028.800010681
1,"map(tofrom: a)",1,64,304,1,0,114,0,338.196754456
1,"map(tofrom: a)",1,64,304,1,0,11,0,226.449966431
1,"map(tofrom: a)",1,64,304,1,0,3,0,217.056274414
1,"map(tofrom: a)",1,64,304,1,0,8096,0,8934.605121613
1,"map(tofrom: a)",1,64,304,1,0,44,0,263.500213623
1,"map(tofrom: a)",1,64,304,1,0,17,0,234.448909760
1,"map(tofrom: a)",1,64,304,1,0,5042,0,5667.197704315
1,"map(tofrom: a)",1,64,304,1,1,758,0,1034.355163574
1,"map(tofrom: a)",1,64,304,1,1,3,0,217.604637146
1,"map(tofrom: a)",1,64,304,1,1,3140,0,3598.749637604
1,"map(tofrom: a)",1,64,304,1,1,1955,0,2338.290214539
1,"map(tofrom: a)",1,64,304,1,1,44,0,263.655185699
1,"map(tofrom: a)",1,64,304,1,1,17,0,234.246253967
1,"map(tofrom: a)",1,64,304,1,1,294,0,528.943538666
1,"map(tofrom: a)",1,64,304,1,1,28,0,245.809555054
1,"map(tofrom: a)",1,64,304,1,1,114,0,336.539745331
1,"map(tofrom: a)",1,64,304,1,1,2,0,216.102600098
1,"map(tofrom: a)",1,64,304,1,1,7,0,221.896171570
1,"map(tofrom: a)",1,64,304,1,1,183,0,413.405895233
1,"map(tofrom: a)",1,64,304,1,1,8096,0,8918.046951294
1,"map(tofrom: a)",1,64,304,1,1,11,0,226.747989655
1,"map(tofrom: a)",1,64,304,1,1,1,0,215.995311737
1,"map(tofrom: a)",1,64,304,1,1,1218,0,1532.304286957
1,"map(tofrom: a)",1,64,304,1,1,472,0,725.805759430
1,"map(tofrom: a)",1,64,304,1,1,71,0,291.049480438
1,"map(tofrom: a)",1,64,304,1,1,5042,0,5640.256404877
1,"map(tofrom: a)",1,64,304,1,1,4,0,219.702720642
1,"map(tofrom: a)",1,64,304,1,2,2,0,216.054916382
1,"map(tofrom: a)",1,64,304,1,2,71,0,290.548801422
1,"map(tofrom: a)",1,64,304,1,2,17,0,234.544277191
1,"map(tofrom: a)",1,64,304,1,2,472,0,725.650787354
1,"map(tofrom: a)",1,64,304,1,2,5042,0,5645.942687988
1,"map(tofrom: a)",1,64,304,1,2,28,0,245.559215546
1,"map(tofrom: a)",1,64,304,1,2,44,0,262.951850891
1,"map(tofrom: a)",1,64,304,1,2,1218,0,1538.455486298
1,"map(tofrom: a)",1,64,304,1,2,4,0,219.345092773
1,"map(tofrom: a)",1,64,304,1,2,1955,0,2338.206768036
1,"map(tofrom: a)",1,64,304,1,2,183,0,410.807132721
1,"map(tofrom: a)",1,64,304,1,2,7,0,222.051143646
1,"map(tofrom: a)",1,64,304,1,2,758,0,1030.349731445
1,"map(tofrom: a)",1,64,304,1,2,1,0,215.756893158
1,"map(tofrom: a)",1,64,304,1,2,3140,0,3743.994235992
1,"map(tofrom: a)",1,64,304,1,2,8096,0,8979.654312134
1,"map(tofrom: a)",1,64,304,1,2,3,0,217.747688293
1,"map(tofrom: a)",1,64,304,1,2,114,0,337.707996368
1,"map(tofrom: a)",1,64,304,1,2,11,0,226.855278015
1,"map(tofrom: a)",1,64,304,1,2,294,0,533.950328827
1,"map(tofrom: a)",1,64,304,1,3,1,0,215.649604797
1,"map(tofrom: a)",1,64,304,1,3,17,0,234.496593475
1,"map(tofrom: a)",1,64,304,1,3,294,0,529.551506042
1,"map(tofrom: a)",1,64,304,1,3,5042,0,5708.003044128
1,"map(tofrom: a)",1,64,304,1,3,114,0,337.445735931
1,"map(tofrom: a)",1,64,304,1,3,28,0,245.547294617
1,"map(tofrom: a)",1,64,304,1,3,1218,0,1515.448093414
1,"map(tofrom: a)",1,64,304,1,3,2,0,216.054916382
1,"map(tofrom: a)",1,64,304,1,3,3,0,217.401981354
1,"map(tofrom: a)",1,64,304,1,3,4,0,219.559669495
1,"map(tofrom: a)",1,64,304,1,3,758,0,1024.353504181
1,"map(tofrom: a)",1,64,304,1,3,11,0,226.497650146
1,"map(tofrom: a)",1,64,304,1,3,44,0,263.404846191
1,"map(tofrom: a)",1,64,304,1,3,472,0,720.500946045
1,"map(tofrom: a)",1,64,304,1,3,7,0,221.800804138
1,"map(tofrom: a)",1,64,304,1,3,1955,0,2341.556549072
1,"map(tofrom: a)",1,64,304,1,3,71,0,291.454792023
1,"map(tofrom: a)",1,64,304,1,3,183,0,412.249565125
1,"map(tofrom: a)",1,64,304,1,3,8096,0,8884.000778198
1,"map(tofrom: a)",1,64,304,1,3,3140,0,3635.740280151
1,"map(tofrom: a)",1,64,304,1,4,472,0,723.600387573
1,"map(tofrom: a)",1,64,304,1,4,71,0,291.204452515
1,"map(tofrom: a)",1,64,304,1,4,1,0,215.744972229
1,"map(tofrom: a)",1,64,304,1,4,11,0,226.700305939
1,"map(tofrom: a)",1,64,304,1,4,4,0,219.643115997
1,"map(tofrom: a)",1,64,304,1,4,3140,0,3622.198104858
1,"map(tofrom: a)",1,64,304,1,4,28,0,245.046615601
1,"map(tofrom: a)",1,64,304,1,4,1218,0,1538.991928101
1,"map(tofrom: a)",1,64,304,1,4,2,0,216.102600098
1,"map(tofrom: a)",1,64,304,1,4,183,0,411.558151245
1,"map(tofrom: a)",1,64,304,1,4,5042,0,5632.543563843
1,"map(tofrom: a)",1,64,304,1,4,114,0,338.208675385
1,"map(tofrom: a)",1,64,304,1,4,3,0,217.199325562
1,"map(tofrom: a)",1,64,304,1,4,44,0,263.297557831
1,"map(tofrom: a)",1,64,304,1,4,758,0,1027.297973633
1,"map(tofrom: a)",1,64,304,1,4,8096,0,8975.350856781
1,"map(tofrom: a)",1,64,304,1,4,1955,0,2613.449096680
1,"map(tofrom: a)",1,64,304,1,4,294,0,532.448291779
1,"map(tofrom: a)",1,64,304,1,4,7,0,221.943855286
1,"map(tofrom: a)",1,64,304,1,4,17,0,234.508514404
1,"map(tofrom: a)",4,64,304,0,0,7,0,223.994255066
1,"map(tofrom: a)",4,64,304,0,0,114,0,338.447093964
1,"map(tofrom: a)",4,64,304,0,0,3,0,216.948986053
1,"map(tofrom: a)",4,64,304,0,0,17,0,234.842300415
1,"map(tofrom: a)",4,64,304,0,0,1,0,215.899944305
1,"map(tofrom: a)",4,64,304,0,0,44,0,263.202190399
1,"map(tofrom: a)",4,64,304,0,0,294,0,529.444217682
1,"map(tofrom: a)",4,64,304,0,0,3140,0,3621.006011963
1,"map(tofrom: a)",4,64,304,0,0,4,0,219.392776489
1,"map(tofrom: a)",4,64,304,0,0,1955,0,2324.247360229
1,"map(tofrom: a)",4,64,304,0,0,183,0,411.152839661
1,"map(tofrom: a)",4,64,304,0,0,8096,0,8983.397483826
1,"map(tofrom: a)",4,64,304,0,0,758,0,1030.850410461
1,"map(tofrom: a)",4,64,304,0,0,71,0,292.050838470
1,"map(tofrom: a)",4,64,304,0,0,2,0,215.697288513
1,"map(tofrom: a)",4,64,304,0,0,11,0,226.950645447
1,"map(tofrom: a)",4,64,304,0,0,28,0,244.808197021
1,"map(tofrom: a)",4,64,304,0,0,5042,0,5672.395229340
1,"map(tofrom: a)",4,64,304,0,0,1218,0,1514.291763306
1,"map(tofrom: a)",4,64,304,0,0,472,0,728.952884674
1,"map(tofrom: a)",4,64,304,0,1,4,0,219.547748566
1,"map(tofrom: a)",4,64,304,0,1,1,0,215.995311737
1,"map(tofrom: a)",4,64,304,0,1,17,0,233.995914459
1,"map(tofrom: a)",4,64,304,0,1,28,0,245.249271393
1,"map(tofrom: a)",4,64,304,0,1,11,0,226.593017578
1,"map(tofrom: a)",4,64,304,0,1,3140,0,3596.150875092
1,"map(tofrom: a)",4,64,304,0,1,2,0,215.840339661
1,"map(tofrom: a)",4,64,304,0,1,758,0,1033.902168274
1,"map(tofrom: a)",4,64,304,0,1,1218,0,1530.253887177
1,"map(tofrom: a)",4,64,304,0,1,44,0,263.595581055
1,"map(tofrom: a)",4,64,304,0,1,71,0,290.739536285
1,"map(tofrom: a)",4,64,304,0,1,114,0,337.994098663
1,"map(tofrom: a)",4,64,304,0,1,294,0,530.648231506
1,"map(tofrom: a)",4,64,304,0,1,7,0,222.003459930
1,"map(tofrom: a)",4,64,304,0,1,183,0,408.995151520
1,"map(tofrom: a)",4,64,304,0,1,8096,0,9032.046794891
1,"map(tofrom: a)",4,64,304,0,1,472,0,720.894336700
1,"map(tofrom: a)",4,64,304,0,1,1955,0,2341.353893280
1,"map(tofrom: a)",4,64,304,0,1,3,0,217.247009277
1,"map(tofrom: a)",4,64,304,0,1,5042,0,5701.196193695
1,"map(tofrom: a)",4,64,304,0,2,3,0,216.996669769
1,"map(tofrom: a)",4,64,304,0,2,44,0,263.452529907
1,"map(tofrom: a)",4,64,304,0,2,1,0,215.995311737
1,"map(tofrom: a)",4,64,304,0,2,183,0,412.249565125
1,"map(tofrom: a)",4,64,304,0,2,294,0,531.303882599
1,"map(tofrom: a)",4,64,304,0,2,5042,0,5635.154247284
1,"map(tofrom: a)",4,64,304,0,2,7,0,222.098827362
1,"map(tofrom: a)",4,64,304,0,2,8096,0,8981.597423553
1,"map(tofrom: a)",4,64,304,0,2,2,0,216.150283813
1,"map(tofrom: a)",4,64,304,0,2,114,0,337.803363800
1,"map(tofrom: a)",4,64,304,0,2,71,0,290.596485138
1,"map(tofrom: a)",4,64,304,0,2,1955,0,2353.751659393
1,"map(tofrom: a)",4,64,304,0,2,17,0,234.103202820
1,"map(tofrom: a)",4,64,304,0,2,472,0,725.388526917
1,"map(tofrom: a)",4,64,304,0,2,11,0,226.497650146
1,"map(tofrom: a)",4,64,304,0,2,1218,0,1543.498039246
1,"map(tofrom: a)",4,64,304,0,2,4,0,221.300125122
1,"map(tofrom: a)",4,64,304,0,2,3140,0,3610.098361969
1,"map(tofrom: a)",4,64,304,0,2,758,0,1026.356220245
1,"map(tofrom: a)",4,64,304,0,2,28,0,245.404243469
1,"map(tofrom: a)",4,64,304,0,3,11,0,226.843357086
1,"map(tofrom: a)",4,64,304,0,3,4,0,219.249725342
1,"map(tofrom: a)",4,64,304,0,3,5042,0,5633.854866028
1,"map(tofrom: a)",4,64,304,0,3,183,0,412.952899933
1,"map(tofrom: a)",4,64,304,0,3,17,0,234.949588776
1,"map(tofrom: a)",4,64,304,0,3,3,0,217.258930206
1,"map(tofrom: a)",4,64,304,0,3,28,0,244.748592377
1,"map(tofrom: a)",4,64,304,0,3,1218,0,1538.503170013
1,"map(tofrom: a)",4,64,304,0,3,114,0,337.207317352
1,"map(tofrom: a)",4,64,304,0,3,758,0,1031.947135925
1,"map(tofrom: a)",4,64,304,0,3,1955,0,2312.040328979
1,"map(tofrom: a)",4,64,304,0,3,472,0,728.642940521
1,"map(tofrom: a)",4,64,304,0,3,7,0,221.753120422
1,"map(tofrom: a)",4,64,304,0,3,44,0,263.547897339
1,"map(tofrom: a)",4,64,304,0,3,3140,0,3574.442863464
1,"map(tofrom: a)",4,64,304,0,3,8096,0,9017.753601074
1,"map(tofrom: a)",4,64,304,0,3,71,0,291.299819946
1,"map(tofrom: a)",4,64,304,0,3,1,0,215.947628021
1,"map(tofrom: a)",4,64,304,0,3,2,0,215.995311737
1,"map(tofrom: a)",4,64,304,0,3,294,0,532.746315002
1,"map(tofrom: a)",4,64,304,0,4,3,0,217.151641846
1,"map(tofrom: a)",4,64,304,0,4,8096,0,8910.441398621
1,"map(tofrom: a)",4,64,304,0,4,1,0,216.197967529
1,"map(tofrom: a)",4,64,304,0,4,28,0,245.749950409
1,"map(tofrom: a)",4,64,304,0,4,17,0,234.496593475
1,"map(tofrom: a)",4,64,304,0,4,5042,0,5649.447441101
1,"map(tofrom: a)",4,64,304,0,4,7,0,222.253799438
1,"map(tofrom: a)",4,64,304,0,4,114,0,338.804721832
1,"map(tofrom: a)",4,64,304,0,4,44,0,262.796878815
1,"map(tofrom: a)",4,64,304,0,4,2,0,215.840339661
1,"map(tofrom: a)",4,64,304,0,4,294,0,527.942180634
1,"map(tofrom: a)",4,64,304,0,4,758,0,1041.352748871
1,"map(tofrom: a)",4,64,304,0,4,183,0,410.544872284
1,"map(tofrom: a)",4,64,304,0,4,4,0,219.607353210
1,"map(tofrom: a)",4,64,304,0,4,1218,0,1518.857479095
1,"map(tofrom: a)",4,64,304,0,4,71,0,291.955471039
1,"map(tofrom: a)",4,64,304,0,4,1955,0,2335.798740387
1,"map(tofrom: a)",4,64,304,0,4,11,0,226.902961731
1,"map(tofrom: a)",4,64,304,0,4,472,0,721.657276154
1,"map(tofrom: a)",4,64,304,0,4,3140,0,3624.248504639
1,"map(tofrom: a)",4,64,304,1,0,2,0,216.245651245
1,"map(tofrom: a)",4,64,304,1,0,4,0,219.345092773
1,"map(tofrom: a)",4,64,304,1,0,472,0,718.855857849
1,"map(tofrom: a)",4,64,304,1,0,3140,0,3634.393215179
1,"map(tofrom: a)",4,64,304,1,0,183,0,411.450862885
1,"map(tofrom: a)",4,64,304,1,0,28,0,245.153903961
1,"map(tofrom: a)",4,64,304,1,0,71,0,290.250778198
1,"map(tofrom: a)",4,64,304,1,0,1218,0,1541.697978973
1,"map(tofrom: a)",4,64,304,1,0,294,0,530.445575714
1,"map(tofrom: a)",4,64,304,1,0,1,0,216.245651245
1,"map(tofrom: a)",4,64,304,1,0,7,0,221.502780914
1,"map(tofrom: a)",4,64,304,1,0,1955,0,2349.245548248
1,"map(tofrom: a)",4,64,304,1,0,758,0,1036.453247070
1,"map(tofrom: a)",4,64,304,1,0,114,0,340.139865875
1,"map(tofrom: a)",4,64,304,1,0,11,0,227.046012878
1,"map(tofrom: a)",4,64,304,1,0,3,0,217.497348785
1,"map(tofrom: a)",4,64,304,1,0,8096,0,8947.551250458
1,"map(tofrom: a)",4,64,304,1,0,44,0,267.696380615
1,"map(tofrom: a)",4,64,304,1,0,17,0,236.046314240
1,"map(tofrom: a)",4,64,304,1,0,5042,0,5679.094791412
1,"map(tofrom: a)",4,64,304,1,1,758,0,1030.445098877
1,"map(tofrom: a)",4,64,304,1,1,3,0,217.401981354
1,"map(tofrom: a)",4,64,304,1,1,3140,0,3582.453727722
1,"map(tofrom: a)",4,64,304,1,1,1955,0,2351.903915405
1,"map(tofrom: a)",4,64,304,1,1,44,0,263.345241547
1,"map(tofrom: a)",4,64,304,1,1,17,0,234.997272491
1,"map(tofrom: a)",4,64,304,1,1,294,0,528.991222382
1,"map(tofrom: a)",4,64,304,1,1,28,0,245.547294617
1,"map(tofrom: a)",4,64,304,1,1,114,0,337.600708008
1,"map(tofrom: a)",4,64,304,1,1,2,0,216.197967529
1,"map(tofrom: a)",4,64,304,1,1,7,0,221.800804138
1,"map(tofrom: a)",4,64,304,1,1,183,0,412.607192993
1,"map(tofrom: a)",4,64,304,1,1,8096,0,8943.998813629
1,"map(tofrom: a)",4,64,304,1,1,11,0,227.046012878
1,"map(tofrom: a)",4,64,304,1,1,1,0,216.090679169
1,"map(tofrom: a)",4,64,304,1,1,1218,0,1531.410217285
1,"map(tofrom: a)",4,64,304,1,1,472,0,723.290443420
1,"map(tofrom: a)",4,64,304,1,1,71,0,290.906429291
1,"map(tofrom: a)",4,64,304,1,1,5042,0,5622.696876526
1,"map(tofrom: a)",4,64,304,1,1,4,0,219.643115997
1,"map(tofrom: a)",4,64,304,1,2,2,0,215.744972229
1,"map(tofrom: a)",4,64,304,1,2,71,0,291.299819946
1,"map(tofrom: a)",4,64,304,1,2,17,0,234.043598175
1,"map(tofrom: a)",4,64,304,1,2,472,0,727.152824402
1,"map(tofrom: a)",4,64,304,1,2,5042,0,5626.642704010
1,"map(tofrom: a)",4,64,304,1,2,28,0,245.547294617
1,"map(tofrom: a)",4,64,304,1,2,44,0,263.452529907
1,"map(tofrom: a)",4,64,304,1,2,1218,0,1536.250114441
1,"map(tofrom: a)",4,64,304,1,2,4,0,219.345092773
1,"map(tofrom: a)",4,64,304,1,2,1955,0,2328.848838806
1,"map(tofrom: a)",4,64,304,1,2,183,0,411.498546600
1,"map(tofrom: a)",4,64,304,1,2,7,0,222.349166870
1,"map(tofrom: a)",4,64,304,1,2,758,0,1030.695438385
1,"map(tofrom: a)",4,64,304,1,2,1,0,215.756893158
1,"map(tofrom: a)",4,64,304,1,2,3140,0,3593.099117279
1,"map(tofrom: a)",4,64,304,1,2,8096,0,8984.792232513
1,"map(tofrom: a)",4,64,304,1,2,3,0,217.342376709
1,"map(tofrom: a)",4,64,304,1,2,114,0,338.053703308
1,"map(tofrom: a)",4,64,304,1,2,11,0,226.843357086
1,"map(tofrom: a)",4,64,304,1,2,294,0,535.142421722
1,"map(tofrom: a)",4,64,304,1,3,1,0,215.506553650
1,"map(tofrom: a)",4,64,304,1,3,17,0,234.496593475
1,"map(tofrom: a)",4,64,304,1,3,294,0,527.799129486
1,"map(tofrom: a)",4,64,304,1,3,5042,0,5708.742141724
1,"map(tofrom: a)",4,64,304,1,3,114,0,337.243080139
1,"map(tofrom: a)",4,64,304,1,3,28,0,245.094299316
1,"map(tofrom: a)",4,64,304,1,3,1218,0,1517.701148987
1,"map(tofrom: a)",4,64,304,1,3,2,0,216.042995453
1,"map(tofrom: a)",4,64,304,1,3,3,0,217.700004578
1,"map(tofrom: a)",4,64,304,1,3,4,0,219.702720642
1,"map(tofrom: a)",4,64,304,1,3,758,0,1027.452945709
1,"map(tofrom: a)",4,64,304,1,3,11,0,242.948532104
1,"map(tofrom: a)",4,64,304,1,3,44,0,271.749496460
1,"map(tofrom: a)",4,64,304,1,3,472,0,724.148750305
1,"map(tofrom: a)",4,64,304,1,3,7,0,221.908092499
1,"map(tofrom: a)",4,64,304,1,3,1955,0,2346.503734589
1,"map(tofrom: a)",4,64,304,1,3,71,0,291.240215302
1,"map(tofrom: a)",4,64,304,1,3,183,0,411.999225616
1,"map(tofrom: a)",4,64,304,1,3,8096,0,8847.153186798
1,"map(tofrom: a)",4,64,304,1,3,3140,0,3644.704818726
1,"map(tofrom: a)",4,64,304,1,4,472,0,720.846652985
1,"map(tofrom: a)",4,64,304,1,4,71,0,291.645526886
1,"map(tofrom: a)",4,64,304,1,4,1,0,218.141078949
1,"map(tofrom: a)",4,64,304,1,4,11,0,226.998329163
1,"map(tofrom: a)",4,64,304,1,4,4,0,219.690799713
1,"map(tofrom: a)",4,64,304,1,4,3140,0,3604.090213776
1,"map(tofrom: a)",4,64,304,1,4,28,0,244.796276093
1,"map(tofrom: a)",4,64,304,1,4,1218,0,1533.401012421
1,"map(tofrom: a)",4,64,304,1,4,2,0,215.995311737
1,"map(tofrom: a)",4,64,304,1,4,183,0,411.295890808
1,"map(tofrom: a)",4,64,304,1,4,5042,0,5635.452270508
1,"map(tofrom: a)",4,64,304,1,4,114,0,338.041782379
1,"map(tofrom: a)",4,64,304,1,4,3,0,217.449665070
1,"map(tofrom: a)",4,64,304,1,4,44,0,1068.401336670
1,"map(tofrom: a)",4,64,304,1,4,758,0,1025.390625000
1,"map(tofrom: a)",4,64,304,1,4,8096,0,9022.700786591
1,"map(tofrom: a)",4,64,304,1,4,1955,0,2322.292327881
1,"map(tofrom: a)",4,64,304,1,4,294,0,531.995296478
1,"map(tofrom: a)",4,64,304,1,4,7,0,221.598148346
1,"map(tofrom: a)",4,64,304,1,4,17,0,235.056877136
1,"map(tofrom: a)",16,64,304,0,0,7,0,224.089622498
1,"map(tofrom: a)",16,64,304,0,0,114,0,337.398052216
1,"map(tofrom: a)",16,64,304,0,0,3,0,217.354297638
1,"map(tofrom: a)",16,64,304,0,0,17,0,234.699249268
1,"map(tofrom: a)",16,64,304,0,0,1,0,216.150283813
1,"map(tofrom: a)",16,64,304,0,0,44,0,263.547897339
1,"map(tofrom: a)",16,64,304,0,0,294,0,528.895854950
1,"map(tofrom: a)",16,64,304,0,0,3140,0,3633.701801300
1,"map(tofrom: a)",16,64,304,0,0,4,0,220.155715942
1,"map(tofrom: a)",16,64,304,0,0,1955,0,2337.956428528
1,"map(tofrom: a)",16,64,304,0,0,183,0,409.853458405
1,"map(tofrom: a)",16,64,304,0,0,8096,0,9020.996093750
1,"map(tofrom: a)",16,64,304,0,0,758,0,1028.347015381
1,"map(tofrom: a)",16,64,304,0,0,71,0,292.050838470
1,"map(tofrom: a)",16,64,304,0,0,2,0,215.601921082
1,"map(tofrom: a)",16,64,304,0,0,11,0,226.855278015
1,"map(tofrom: a)",16,64,304,0,0,28,0,244.951248169
1,"map(tofrom: a)",16,64,304,0,0,5042,0,5655.550956726
1,"map(tofrom: a)",16,64,304,0,0,1218,0,1518.249511719
1,"map(tofrom: a)",16,64,304,0,0,472,0,725.746154785
1,"map(tofrom: a)",16,64,304,0,1,4,0,219.547748566
1,"map(tofrom: a)",16,64,304,0,1,1,0,215.649604797
1,"map(tofrom: a)",16,64,304,0,1,17,0,234.091281891
1,"map(tofrom: a)",16,64,304,0,1,28,0,245.654582977
1,"map(tofrom: a)",16,64,304,0,1,11,0,226.998329163
1,"map(tofrom: a)",16,64,304,0,1,3140,0,3608.858585358
1,"map(tofrom: a)",16,64,304,0,1,2,0,216.102600098
1,"map(tofrom: a)",16,64,304,0,1,758,0,1038.300991058
1,"map(tofrom: a)",16,64,304,0,1,1218,0,1521.146297455
1,"map(tofrom: a)",16,64,304,0,1,44,0,263.893604279
1,"map(tofrom: a)",16,64,304,0,1,71,0,291.001796722
1,"map(tofrom: a)",16,64,304,0,1,114,0,338.304042816
1,"map(tofrom: a)",16,64,304,0,1,294,0,529.646873474
1,"map(tofrom: a)",16,64,304,0,1,7,0,222.098827362
1,"map(tofrom: a)",16,64,304,0,1,183,0,409.555435181
1,"map(tofrom: a)",16,64,304,0,1,8096,0,9013.402462006
1,"map(tofrom: a)",16,64,304,0,1,472,0,722.098350525
1,"map(tofrom: a)",16,64,304,0,1,1955,0,2328.550815582
1,"map(tofrom: a)",16,64,304,0,1,3,0,217.497348785
1,"map(tofrom: a)",16,64,304,0,1,5042,0,5690.157413483
1,"map(tofrom: a)",16,64,304,0,2,3,0,217.700004578
1,"map(tofrom: a)",16,64,304,0,2,44,0,263.500213623
1,"map(tofrom: a)",16,64,304,0,2,1,0,215.899944305
1,"map(tofrom: a)",16,64,304,0,2,183,0,413.095951080
1,"map(tofrom: a)",16,64,304,0,2,294,0,530.195236206
1,"map(tofrom: a)",16,64,304,0,2,5042,0,5666.601657867
1,"map(tofrom: a)",16,64,304,0,2,7,0,221.753120422
1,"map(tofrom: a)",16,64,304,0,2,8096,0,9028.697013855
1,"map(tofrom: a)",16,64,304,0,2,2,0,216.400623322
1,"map(tofrom: a)",16,64,304,0,2,114,0,338.947772980
1,"map(tofrom: a)",16,64,304,0,2,71,0,290.751457214
1,"map(tofrom: a)",16,64,304,0,2,1955,0,2489.948272705
1,"map(tofrom: a)",16,64,304,0,2,17,0,240.743160248
1,"map(tofrom: a)",16,64,304,0,2,472,0,730.538368225
1,"map(tofrom: a)",16,64,304,0,2,11,0,228.798389435
1,"map(tofrom: a)",16,64,304,0,2,1218,0,1535.546779633
1,"map(tofrom: a)",16,64,304,0,2,4,0,220.143795013
1,"map(tofrom: a)",16,64,304,0,2,3140,0,3598.940372467
1,"map(tofrom: a)",16,64,304,0,2,758,0,1026.892662048
1,"map(tofrom: a)",16,64,304,0,2,28,0,245.404243469
1,"map(tofrom: a)",16,64,304,0,3,11,0,226.593017578
1,"map(tofrom: a)",16,64,304,0,3,4,0,219.607353210
1,"map(tofrom: a)",16,64,304,0,3,5042,0,5622.601509094
1,"map(tofrom: a)",16,64,304,0,3,183,0,414.693355560
1,"map(tofrom: a)",16,64,304,0,3,17,0,234.401226044
1,"map(tofrom: a)",16,64,304,0,3,3,0,217.056274414
1,"map(tofrom: a)",16,64,304,0,3,28,0,244.951248169
1,"map(tofrom: a)",16,64,304,0,3,1218,0,1540.100574493
1,"map(tofrom: a)",16,64,304,0,3,114,0,337.195396423
1,"map(tofrom: a)",16,64,304,0,3,758,0,1030.802726746
1,"map(tofrom: a)",16,64,304,0,3,1955,0,2316.200733185
1,"map(tofrom: a)",16,64,304,0,3,472,0,727.951526642
1,"map(tofrom: a)",16,64,304,0,3,7,0,222.444534302
1,"map(tofrom: a)",16,64,304,0,3,44,0,263.750553131
1,"map(tofrom: a)",16,64,304,0,3,3140,0,3595.256805420
1,"map(tofrom: a)",16,64,304,0,3,8096,0,8995.747566223
1,"map(tofrom: a)",16,64,304,0,3,71,0,291.800498962
1,"map(tofrom: a)",16,64,304,0,3,1,0,215.697288513
1,"map(tofrom: a)",16,64,304,0,3,2,0,215.995311737
1,"map(tofrom: a)",16,64,304,0,3,294,0,533.044338226
1,"map(tofrom: a)",16,64,304,0,4,3,0,217.258930206
1,"map(tofrom: a)",16,64,304,0,4,8096,0,8942.699432373
1,"map(tofrom: a)",16,64,304,0,4,1,0,215.852260590
1,"map(tofrom: a)",16,64,304,0,4,28,0,245.153903961
1,"map(tofrom: a)",16,64,304,0,4,17,0,234.353542328
1,"map(tofrom: a)",16,64,304,0,4,5042,0,5658.745765686
1,"map(tofrom: a)",16,64,304,0,4,7,0,222.039222717
1,"map(tofrom: a)",16,64,304,0,4,114,0,338.852405548
1,"map(tofrom: a)",16,64,304,0,4,44,0,263.249874115
1,"map(tofrom: a)",16,64,304,0,4,2,0,215.792655945
1,"map(tofrom: a)",16,64,304,0,4,294,0,529.301166534
1,"map(tofrom: a)",16,64,304,0,4,758,0,1036.703586578
1,"map(tofrom: a)",16,64,304,0,4,183,0,412.452220917
1,"map(tofrom: a)",16,64,304,0,4,4,0,219.607353210
1,"map(tofrom: a)",16,64,304,0,4,1218,0,1521.694660187
1,"map(tofrom: a)",16,64,304,0,4,71,0,291.705131531
1,"map(tofrom: a)",16,64,304,0,4,1955,0,2336.895465851
1,"map(tofrom: a)",16,64,304,0,4,11,0,227.105617523
1,"map(tofrom: a)",16,64,304,0,4,472,0,720.500946045
1,"map(tofrom: a)",16,64,304,0,4,3140,0,3640.294075012
1,"map(tofrom: a)",16,64,304,1,0,2,0,232.446193695
1,"map(tofrom: a)",16,64,304,1,0,4,0,228.857994080
1,"map(tofrom: a)",16,64,304,1,0,472,0,721.693038940
1,"map(tofrom: a)",16,64,304,1,0,3140,0,3639.650344849
1,"map(tofrom: a)",16,64,304,1,0,183,0,412.142276764
1,"map(tofrom: a)",16,64,304,1,0,28,0,246.047973633
1,"map(tofrom: a)",16,64,304,1,0,71,0,290.298461914
1,"map(tofrom: a)",16,64,304,1,0,1218,0,1536.500453949
1,"map(tofrom: a)",16,64,304,1,0,294,0,531.148910522
1,"map(tofrom: a)",16,64,304,1,0,1,0,216.245651245
1,"map(tofrom: a)",16,64,304,1,0,7,0,221.896171570
1,"map(tofrom: a)",16,64,304,1,0,1955,0,2350.449562073
1,"map(tofrom: a)",16,64,304,1,0,758,0,1033.699512482
1,"map(tofrom: a)",16,64,304,1,0,114,0,338.244438171
1,"map(tofrom: a)",16,64,304,1,0,11,0,226.557254791
1,"map(tofrom: a)",16,64,304,1,0,3,0,217.497348785
1,"map(tofrom: a)",16,64,304,1,0,8096,0,8923.494815826
1,"map(tofrom: a)",16,64,304,1,0,44,0,263.595581055
1,"map(tofrom: a)",16,64,304,1,0,17,0,234.448909760
1,"map(tofrom: a)",16,64,304,1,0,5042,0,5702.602863312
1,"map(tofrom: a)",16,64,304,1,1,758,0,1029.145717621
1,"map(tofrom: a)",16,64,304,1,1,3,0,217.556953430
1,"map(tofrom: a)",16,64,304,1,1,3140,0,3582.799434662
1,"map(tofrom: a)",16,64,304,1,1,1955,0,2352.595329285
1,"map(tofrom: a)",16,64,304,1,1,44,0,263.559818268
1,"map(tofrom: a)",16,64,304,1,1,17,0,234.794616699
1,"map(tofrom: a)",16,64,304,1,1,294,0,529.050827026
1,"map(tofrom: a)",16,64,304,1,1,28,0,245.451927185
1,"map(tofrom: a)",16,64,304,1,1,114,0,337.398052216
1,"map(tofrom: a)",16,64,304,1,1,2,0,215.947628021
1,"map(tofrom: a)",16,64,304,1,1,7,0,222.098827362
1,"map(tofrom: a)",16,64,304,1,1,183,0,413.000583649
1,"map(tofrom: a)",16,64,304,1,1,8096,0,8951.401710510
1,"map(tofrom: a)",16,64,304,1,1,11,0,227.248668671
1,"map(tofrom: a)",16,64,304,1,1,1,0,215.792655945
1,"map(tofrom: a)",16,64,304,1,1,1218,0,1540.398597717
1,"map(tofrom: a)",16,64,304,1,1,472,0,720.942020416
1,"map(tofrom: a)",16,64,304,1,1,71,0,290.906429291
1,"map(tofrom: a)",16,64,304,1,1,5042,0,5611.598491669
1,"map(tofrom: a)",16,64,304,1,1,4,0,219.905376434
1,"map(tofrom: a)",16,64,304,1,2,2,0,216.507911682
1,"map(tofrom: a)",16,64,304,1,2,71,0,290.942192078
1,"map(tofrom: a)",16,64,304,1,2,17,0,234.448909760
1,"map(tofrom: a)",16,64,304,1,2,472,0,726.556777954
1,"map(tofrom: a)",16,64,304,1,2,5042,0,5651.450157166
1,"map(tofrom: a)",16,64,304,1,2,28,0,245.404243469
1,"map(tofrom: a)",16,64,304,1,2,44,0,263.297557831
1,"map(tofrom: a)",16,64,304,1,2,1218,0,1534.700393677
1,"map(tofrom: a)",16,64,304,1,2,4,0,219.905376434
1,"map(tofrom: a)",16,64,304,1,2,1955,0,2325.546741486
1,"map(tofrom: a)",16,64,304,1,2,183,0,410.890579224
1,"map(tofrom: a)",16,64,304,1,2,7,0,221.896171570
1,"map(tofrom: a)",16,64,304,1,2,758,0,1032.996177673
1,"map(tofrom: a)",16,64,304,1,2,1,0,216.054916382
1,"map(tofrom: a)",16,64,304,1,2,3140,0,3577.303886414
1,"map(tofrom: a)",16,64,304,1,2,8096,0,9024.298191071
1,"map(tofrom: a)",16,64,304,1,2,3,0,217.807292938
1,"map(tofrom: a)",16,64,304,1,2,114,0,337.553024292
1,"map(tofrom: a)",16,64,304,1,2,11,0,226.402282715
1,"map(tofrom: a)",16,64,304,1,2,294,0,535.106658936
1,"map(tofrom: a)",16,64,304,1,3,1,0,231.242179871
1,"map(tofrom: a)",16,64,304,1,3,17,0,242.698192596
1,"map(tofrom: a)",16,64,304,1,3,294,0,533.342361450
1,"map(tofrom: a)",16,64,304,1,3,5042,0,5682.802200317
1,"map(tofrom: a)",16,64,304,1,3,114,0,337.600708008
1,"map(tofrom: a)",16,64,304,1,3,28,0,245.153903961
1,"map(tofrom: a)",16,64,304,1,3,1218,0,1519.799232483
1,"map(tofrom: a)",16,64,304,1,3,2,0,216.352939606
1,"map(tofrom: a)",16,64,304,1,3,3,0,217.401981354
1,"map(tofrom: a)",16,64,304,1,3,4,0,219.440460205
1,"map(tofrom: a)",16,64,304,1,3,758,0,1025.593280792
1,"map(tofrom: a)",16,64,304,1,3,11,0,226.855278015
1,"map(tofrom: a)",16,64,304,1,3,44,0,263.500213623
1,"map(tofrom: a)",16,64,304,1,3,472,0,722.444057465
1,"map(tofrom: a)",16,64,304,1,3,7,0,221.848487854
1,"map(tofrom: a)",16,64,304,1,3,1955,0,2352.344989777
1,"map(tofrom: a)",16,64,304,1,3,71,0,291.550159454
1,"map(tofrom: a)",16,64,304,1,3,183,0,412.595272064
1,"map(tofrom: a)",16,64,304,1,3,8096,0,8865.594863892
1,"map(tofrom: a)",16,64,304,1,3,3140,0,3636.002540588
1,"map(tofrom: a)",16,64,304,1,4,472,0,723.195075989
1,"map(tofrom: a)",16,64,304,1,4,71,0,290.751457214
1,"map(tofrom: a)",16,64,304,1,4,1,0,216.245651245
1,"map(tofrom: a)",16,64,304,1,4,11,0,226.795673370
1,"map(tofrom: a)",16,64,304,1,4,4,0,219.643115997
1,"map(tofrom: a)",16,64,304,1,4,3140,0,3598.904609680
1,"map(tofrom: a)",16,64,304,1,4,28,0,244.951248169
1,"map(tofrom: a)",16,64,304,1,4,1218,0,1535.451412201
1,"map(tofrom: a)",16,64,304,1,4,2,0,216.042995453
1,"map(tofrom: a)",16,64,304,1,4,183,0,411.546230316
1,"map(tofrom: a)",16,64,304,1,4,5042,0,5602.860450745
1,"map(tofrom: a)",16,64,304,1,4,114,0,339.245796204
1,"map(tofrom: a)",16,64,304,1,4,3,0,373.506546021
1,"map(tofrom: a)",16,64,304,1,4,44,0,264.108181000
1,"map(tofrom: a)",16,64,304,1,4,758,0,1024.997234344
1,"map(tofrom: a)",16,64,304,1,4,8096,0,9022.247791290
1,"map(tofrom: a)",16,64,304,1,4,1955,0,2324.199676514
1,"map(tofrom: a)",16,64,304,1,4,294,0,530.707836151
1,"map(tofrom: a)",16,64,304,1,4,7,0,222.706794739
1,"map(tofrom: a)",16,64,304,1,4,17,0,235.652923584
1,"map(tofrom: a)",64,64,304,0,0,7,0,224.304199219
1,"map(tofrom: a)",64,64,304,0,0,114,0,337.147712708
1,"map(tofrom: a)",64,64,304,0,0,3,0,218.260288239
1,"map(tofrom: a)",64,64,304,0,0,17,0,234.699249268
1,"map(tofrom: a)",64,64,304,0,0,1,0,216.305255890
1,"map(tofrom: a)",64,64,304,0,0,44,0,264.048576355
1,"map(tofrom: a)",64,64,304,0,0,294,0,528.395175934
1,"map(tofrom: a)",64,64,304,0,0,3140,0,3643.751144409
1,"map(tofrom: a)",64,64,304,0,0,4,0,219.750404358
1,"map(tofrom: a)",64,64,304,0,0,1955,0,2335.894107819
1,"map(tofrom: a)",64,64,304,0,0,183,0,410.449504852
1,"map(tofrom: a)",64,64,304,0,0,8096,0,9004.306793213
1,"map(tofrom: a)",64,64,304,0,0,758,0,1031.649112701
1,"map(tofrom: a)",64,64,304,0,0,71,0,291.609764099
1,"map(tofrom: a)",64,64,304,0,0,2,0,216.996669769
1,"map(tofrom: a)",64,64,304,0,0,11,0,227.451324463
1,"map(tofrom: a)",64,64,304,0,0,28,0,246.357917786
1,"map(tofrom: a)",64,64,304,0,0,5042,0,5627.441406250
1,"map(tofrom: a)",64,64,304,0,0,1218,0,1525.795459747
1,"map(tofrom: a)",64,64,304,0,0,472,0,726.401805878
1,"map(tofrom: a)",64,64,304,0,1,4,0,220.704078674
1,"map(tofrom: a)",64,64,304,0,1,1,0,216.746330261
1,"map(tofrom: a)",64,64,304,0,1,17,0,235.402584076
1,"map(tofrom: a)",64,64,304,0,1,28,0,246.894359589
1,"map(tofrom: a)",64,64,304,0,1,11,0,227.296352386
1,"map(tofrom: a)",64,64,304,0,1,3140,0,3610.599040985
1,"map(tofrom: a)",64,64,304,0,1,2,0,217.247009277
1,"map(tofrom: a)",64,64,304,0,1,758,0,1041.352748871
1,"map(tofrom: a)",64,64,304,0,1,1218,0,1525.056362152
1,"map(tofrom: a)",64,64,304,0,1,44,0,264.596939087
1,"map(tofrom: a)",64,64,304,0,1,71,0,291.597843170
1,"map(tofrom: a)",64,64,304,0,1,114,0,338.852405548
1,"map(tofrom: a)",64,64,304,0,1,294,0,532.901287079
1,"map(tofrom: a)",64,64,304,0,1,7,0,222.802162170
1,"map(tofrom: a)",64,64,304,0,1,183,0,411.844253540
1,"map(tofrom: a)",64,64,304,0,1,8096,0,8970.499038696
1,"map(tofrom: a)",64,64,304,0,1,472,0,725.746154785
1,"map(tofrom: a)",64,64,304,0,1,1955,0,2322.244644165
1,"map(tofrom: a)",64,64,304,0,1,3,0,218.152999878
1,"map(tofrom: a)",64,64,304,0,1,5042,0,5688.905715942
1,"map(tofrom: a)",64,64,304,0,2,3,0,229.310989380
1,"map(tofrom: a)",64,64,304,0,2,44,0,273.299217224
1,"map(tofrom: a)",64,64,304,0,2,1,0,223.100185394
1,"map(tofrom: a)",64,64,304,0,2,183,0,418.245792389
1,"map(tofrom: a)",64,64,304,0,2,294,0,531.506538391
1,"map(tofrom: a)",64,64,304,0,2,5042,0,5656.194686890
1,"map(tofrom: a)",64,64,304,0,2,7,0,222.253799438
1,"map(tofrom: a)",64,64,304,0,2,8096,0,9011.352062225
1,"map(tofrom: a)",64,64,304,0,2,2,0,216.698646545
1,"map(tofrom: a)",64,64,304,0,2,114,0,337.648391724
1,"map(tofrom: a)",64,64,304,0,2,71,0,291.299819946
1,"map(tofrom: a)",64,64,304,0,2,1955,0,2339.601516724
1,"map(tofrom: a)",64,64,304,0,2,17,0,235.152244568
1,"map(tofrom: a)",64,64,304,0,2,472,0,720.405578613
1,"map(tofrom: a)",64,64,304,0,2,11,0,227.141380310
1,"map(tofrom: a)",64,64,304,0,2,1218,0,1533.150672913
1,"map(tofrom: a)",64,64,304,0,2,4,0,220.143795013
1,"map(tofrom: a)",64,64,304,0,2,3140,0,3600.251674652
1,"map(tofrom: a)",64,64,304,0,2,758,0,1027.250289917
1,"map(tofrom: a)",64,64,304,0,2,28,0,246.453285217
1,"map(tofrom: a)",64,64,304,0,3,11,0,226.902961731
1,"map(tofrom: a)",64,64,304,0,3,4,0,219.547748566
1,"map(tofrom: a)",64,64,304,0,3,5042,0,5605.900287628
1,"map(tofrom: a)",64,64,304,0,3,183,0,414.800643921
1,"map(tofrom: a)",64,64,304,0,3,17,0,234.651565552
1,"map(tofrom: a)",64,64,304,0,3,3,0,217.401981354
1,"map(tofrom: a)",64,64,304,0,3,28,0,245.404243469
1,"map(tofrom: a)",64,64,304,0,3,1218,0,1537.048816681
1,"map(tofrom: a)",64,64,304,0,3,114,0,339.043140411
1,"map(tofrom: a)",64,64,304,0,3,758,0,1028.645038605
1,"map(tofrom: a)",64,64,304,0,3,1955,0,2329.206466675
1,"map(tofrom: a)",64,64,304,0,3,472,0,726.091861725
1,"map(tofrom: a)",64,64,304,0,3,7,0,222.349166870
1,"map(tofrom: a)",64,64,304,0,3,44,0,263.345241547
1,"map(tofrom: a)",64,64,304,0,3,3140,0,3596.150875092
1,"map(tofrom: a)",64,64,304,0,3,8096,0,9000.444412231
1,"map(tofrom: a)",64,64,304,0,3,71,0,291.502475739
1,"map(tofrom: a)",64,64,304,0,3,1,0,216.495990753
1,"map(tofrom: a)",64,64,304,0,3,2,0,215.899944305
1,"map(tofrom: a)",64,64,304,0,3,294,0,535.094738007
1,"map(tofrom: a)",64,64,304,0,4,3,0,217.545032501
1,"map(tofrom: a)",64,64,304,0,4,8096,0,8944.201469421
1,"map(tofrom: a)",64,64,304,0,4,1,0,216.150283813
1,"map(tofrom: a)",64,64,304,0,4,28,0,246.155261993
1,"map(tofrom: a)",64,64,304,0,4,17,0,234.496593475
1,"map(tofrom: a)",64,64,304,0,4,5042,0,5637.550354004
1,"map(tofrom: a)",64,64,304,0,4,7,0,222.492218018
1,"map(tofrom: a)",64,64,304,0,4,114,0,338.649749756
1,"map(tofrom: a)",64,64,304,0,4,44,0,264.751911163
1,"map(tofrom: a)",64,64,304,0,4,2,0,216.805934906
1,"map(tofrom: a)",64,64,304,0,4,294,0,532.448291779
1,"map(tofrom: a)",64,64,304,0,4,758,0,1034.402847290
1,"map(tofrom: a)",64,64,304,0,4,183,0,413.739681244
1,"map(tofrom: a)",64,64,304,0,4,4,0,220.406055450
1,"map(tofrom: a)",64,64,304,0,4,1218,0,1520.192623138
1,"map(tofrom: a)",64,64,304,0,4,71,0,293.207168579
1,"map(tofrom: a)",64,64,304,0,4,1955,0,2330.398559570
1,"map(tofrom: a)",64,64,304,0,4,11,0,232.458114624
1,"map(tofrom: a)",64,64,304,0,4,472,0,721.156597137
1,"map(tofrom: a)",64,64,304,0,4,3140,0,3642.046451569
1,"map(tofrom: a)",64,64,304,1,0,2,0,216.948986053
1,"map(tofrom: a)",64,64,304,1,0,4,0,220.656394958
1,"map(tofrom: a)",64,64,304,1,0,472,0,719.642639160
1,"map(tofrom: a)",64,64,304,1,0,3140,0,3629.851341248
1,"map(tofrom: a)",64,64,304,1,0,183,0,413.000583649
1,"map(tofrom: a)",64,64,304,1,0,28,0,245.404243469
1,"map(tofrom: a)",64,64,304,1,0,71,0,291.192531586
1,"map(tofrom: a)",64,64,304,1,0,1218,0,1532.900333405
1,"map(tofrom: a)",64,64,304,1,0,294,0,532.448291779
1,"map(tofrom: a)",64,64,304,1,0,1,0,216.102600098
1,"map(tofrom: a)",64,64,304,1,0,7,0,221.848487854
1,"map(tofrom: a)",64,64,304,1,0,1955,0,2346.897125244
1,"map(tofrom: a)",64,64,304,1,0,758,0,1029.896736145
1,"map(tofrom: a)",64,64,304,1,0,114,0,337.851047516
1,"map(tofrom: a)",64,64,304,1,0,11,0,226.938724518
1,"map(tofrom: a)",64,64,304,1,0,3,0,217.795372009
1,"map(tofrom: a)",64,64,304,1,0,8096,0,8916.103839874
1,"map(tofrom: a)",64,64,304,1,0,44,0,264.203548431
1,"map(tofrom: a)",64,64,304,1,0,17,0,234.949588776
1,"map(tofrom: a)",64,64,304,1,0,5042,0,5694.496631622
1,"map(tofrom: a)",64,64,304,1,1,758,0,1031.649112701
1,"map(tofrom: a)",64,64,304,1,1,3,0,217.700004578
1,"map(tofrom: a)",64,64,304,1,1,3140,0,3601.396083832
1,"map(tofrom: a)",64,64,304,1,1,1955,0,2340.197563171
1,"map(tofrom: a)",64,64,304,1,1,44,0,263.595581055
1,"map(tofrom: a)",64,64,304,1,1,17,0,234.591960907
1,"map(tofrom: a)",64,64,304,1,1,294,0,531.351566315
1,"map(tofrom: a)",64,64,304,1,1,28,0,245.296955109
1,"map(tofrom: a)",64,64,304,1,1,114,0,337.600708008
1,"map(tofrom: a)",64,64,304,1,1,2,0,216.495990753
1,"map(tofrom: a)",64,64,304,1,1,7,0,221.955776215
1,"map(tofrom: a)",64,64,304,1,1,183,0,413.846969604
1,"map(tofrom: a)",64,64,304,1,1,8096,0,8912.098407745
1,"map(tofrom: a)",64,64,304,1,1,11,0,227.153301239
1,"map(tofrom: a)",64,64,304,1,1,1,0,216.603279114
1,"map(tofrom: a)",64,64,304,1,1,1218,0,1540.052890778
1,"map(tofrom: a)",64,64,304,1,1,472,0,721.943378448
1,"map(tofrom: a)",64,64,304,1,1,71,0,291.109085083
1,"map(tofrom: a)",64,64,304,1,1,5042,0,5628.156661987
1,"map(tofrom: a)",64,64,304,1,1,4,0,219.953060150
1,"map(tofrom: a)",64,64,304,1,2,2,0,216.197967529
1,"map(tofrom: a)",64,64,304,1,2,71,0,291.454792023
1,"map(tofrom: a)",64,64,304,1,2,17,0,234.949588776
1,"map(tofrom: a)",64,64,304,1,2,472,0,724.899768829
1,"map(tofrom: a)",64,64,304,1,2,5042,0,5673.193931580
1,"map(tofrom: a)",64,64,304,1,2,28,0,245.594978333
1,"map(tofrom: a)",64,64,304,1,2,44,0,263.750553131
1,"map(tofrom: a)",64,64,304,1,2,1218,0,1536.405086517
1,"map(tofrom: a)",64,64,304,1,2,4,0,219.643115997
1,"map(tofrom: a)",64,64,304,1,2,1955,0,2333.354949951
1,"map(tofrom: a)",64,64,304,1,2,183,0,410.592556000
1,"map(tofrom: a)",64,64,304,1,2,7,0,222.802162170
1,"map(tofrom: a)",64,64,304,1,2,758,0,1027.405261993
1,"map(tofrom: a)",64,64,304,1,2,1,0,216.150283813
1,"map(tofrom: a)",64,64,304,1,2,3140,0,3585.100173950
1,"map(tofrom: a)",64,64,304,1,2,8096,0,9006.345272064
1,"map(tofrom: a)",64,64,304,1,2,3,0,217.497348785
1,"map(tofrom: a)",64,64,304,1,2,114,0,338.256359100
1,"map(tofrom: a)",64,64,304,1,2,11,0,226.998329163
1,"map(tofrom: a)",64,64,304,1,2,294,0,533.747673035
1,"map(tofrom: a)",64,64,304,1,3,1,0,216.400623322
1,"map(tofrom: a)",64,64,304,1,3,17,0,234.448909760
1,"map(tofrom: a)",64,64,304,1,3,294,0,530.195236206
1,"map(tofrom: a)",64,64,304,1,3,5042,0,5674.850940704
1,"map(tofrom: a)",64,64,304,1,3,114,0,338.149070740
1,"map(tofrom: a)",64,64,304,1,3,28,0,245.594978333
1,"map(tofrom: a)",64,64,304,1,3,1218,0,1520.097255707
1,"map(tofrom: a)",64,64,304,1,3,2,0,216.197967529
1,"map(tofrom: a)",64,64,304,1,3,3,0,218.152999878
1,"map(tofrom: a)",64,64,304,1,3,4,0,220.000743866
1,"map(tofrom: a)",64,64,304,1,3,758,0,1023.602485657
1,"map(tofrom: a)",64,64,304,1,3,11,0,227.296352386
1,"map(tofrom: a)",64,64,304,1,3,44,0,263.607501984
1,"map(tofrom: a)",64,64,304,1,3,472,0,722.491741180
1,"map(tofrom: a)",64,64,304,1,3,7,0,222.301483154
1,"map(tofrom: a)",64,64,304,1,3,1955,0,2347.445487976
1,"map(tofrom: a)",64,64,304,1,3,71,0,296.843051910
1,"map(tofrom: a)",64,64,304,1,3,183,0,414.001941681
1,"map(tofrom: a)",64,64,304,1,3,8096,0,8922.147750854
1,"map(tofrom: a)",64,64,304,1,3,3140,0,3623.199462891
1,"map(tofrom: a)",64,64,304,1,4,472,0,725.698471069
1,"map(tofrom: a)",64,64,304,1,4,71,0,291.395187378
1,"map(tofrom: a)",64,64,304,1,4,1,0,216.293334961
1,"map(tofrom: a)",64,64,304,1,4,11,0,227.141380310
1,"map(tofrom: a)",64,64,304,1,4,4,0,219.798088074
1,"map(tofrom: a)",64,64,304,1,4,3140,0,3610.348701477
1,"map(tofrom: a)",64,64,304,1,4,28,0,245.392322540
1,"map(tofrom: a)",64,64,304,1,4,1218,0,3105.545043945
1,"map(tofrom: a)",64,64,304,1,4,2,0,216.245651245
1,"map(tofrom: a)",64,64,304,1,4,183,0,412.046909332
1,"map(tofrom: a)",64,64,304,1,4,5042,0,5617.201328278
1,"map(tofrom: a)",64,64,304,1,4,114,0,339.198112488
1,"map(tofrom: a)",64,64,304,1,4,3,0,218.152999878
1,"map(tofrom: a)",64,64,304,1,4,44,0,263.595581055
1,"map(tofrom: a)",64,64,304,1,4,758,0,1028.597354889
1,"map(tofrom: a)",64,64,304,1,4,8096,0,8969.008922577
1,"map(tofrom: a)",64,64,304,1,4,1955,0,2336.847782135
1,"map(tofrom: a)",64,64,304,1,4,294,0,530.099868774
1,"map(tofrom: a)",64,64,304,1,4,7,0,222.051143646
1,"map(tofrom: a)",64,64,304,1,4,17,0,235.199928284
1,"map(tofrom: a)",256,64,304,0,0,7,0,227.248668671
1,"map(tofrom: a)",256,64,304,0,0,114,0,340.545177460
1,"map(tofrom: a)",256,64,304,0,0,3,0,220.251083374
1,"map(tofrom: a)",256,64,304,0,0,17,0,238.394737244
1,"map(tofrom: a)",256,64,304,0,0,1,0,218.701362610
1,"map(tofrom: a)",256,64,304,0,0,44,0,266.802310944
1,"map(tofrom: a)",256,64,304,0,0,294,0,531.399250031
1,"map(tofrom: a)",256,64,304,0,0,3140,0,3639.340400696
1,"map(tofrom: a)",256,64,304,0,0,4,0,222.301483154
1,"map(tofrom: a)",256,64,304,0,0,1955,0,2329.301834106
1,"map(tofrom: a)",256,64,304,0,0,183,0,414.752960205
1,"map(tofrom: a)",256,64,304,0,0,8096,0,8976.960182190
1,"map(tofrom: a)",256,64,304,0,0,758,0,1037.502288818
1,"map(tofrom: a)",256,64,304,0,0,71,0,294.542312622
1,"map(tofrom: a)",256,64,304,0,0,2,0,218.951702118
1,"map(tofrom: a)",256,64,304,0,0,11,0,229.895114899
1,"map(tofrom: a)",256,64,304,0,0,28,0,248.050689697
1,"map(tofrom: a)",256,64,304,0,0,5042,0,5642.557144165
1,"map(tofrom: a)",256,64,304,0,0,1218,0,1523.399353027
1,"map(tofrom: a)",256,64,304,0,0,472,0,731.551647186
1,"map(tofrom: a)",256,64,304,0,1,4,0,222.504138947
1,"map(tofrom: a)",256,64,304,0,1,1,0,218.844413757
1,"map(tofrom: a)",256,64,304,0,1,17,0,237.298011780
1,"map(tofrom: a)",256,64,304,0,1,28,0,248.396396637
1,"map(tofrom: a)",256,64,304,0,1,11,0,229.358673096
1,"map(tofrom: a)",256,64,304,0,1,3140,0,3607.797622681
1,"map(tofrom: a)",256,64,304,0,1,2,0,218.749046326
1,"map(tofrom: a)",256,64,304,0,1,758,0,1039.695739746
1,"map(tofrom: a)",256,64,304,0,1,1218,0,1534.903049469
1,"map(tofrom: a)",256,64,304,0,1,44,0,267.004966736
1,"map(tofrom: a)",256,64,304,0,1,71,0,294.601917267
1,"map(tofrom: a)",256,64,304,0,1,114,0,340.807437897
1,"map(tofrom: a)",256,64,304,0,1,294,0,534.951686859
1,"map(tofrom: a)",256,64,304,0,1,7,0,224.852561951
1,"map(tofrom: a)",256,64,304,0,1,183,0,413.894653320
1,"map(tofrom: a)",256,64,304,0,1,8096,0,9004.497528076
1,"map(tofrom: a)",256,64,304,0,1,472,0,726.544857025
1,"map(tofrom: a)",256,64,304,0,1,1955,0,2335.703372955
1,"map(tofrom: a)",256,64,304,0,1,3,0,220.954418182
1,"map(tofrom: a)",256,64,304,0,1,5042,0,5711.197853088
1,"map(tofrom: a)",256,64,304,0,2,3,0,220.704078674
1,"map(tofrom: a)",256,64,304,0,2,44,0,266.945362091
1,"map(tofrom: a)",256,64,304,0,2,1,0,219.404697418
1,"map(tofrom: a)",256,64,304,0,2,183,0,417.745113373
1,"map(tofrom: a)",256,64,304,0,2,294,0,534.307956696
1,"map(tofrom: a)",256,64,304,0,2,5042,0,5638.349056244
1,"map(tofrom: a)",256,64,304,0,2,7,0,225.305557251
1,"map(tofrom: a)",256,64,304,0,2,8096,0,8970.952033997
1,"map(tofrom: a)",256,64,304,0,2,2,0,219.190120697
1,"map(tofrom: a)",256,64,304,0,2,114,0,340.509414673
1,"map(tofrom: a)",256,64,304,0,2,71,0,294.804573059
1,"map(tofrom: a)",256,64,304,0,2,1955,0,2345.860004425
1,"map(tofrom: a)",256,64,304,0,2,17,0,237.751007080
1,"map(tofrom: a)",256,64,304,0,2,472,0,724.792480469
1,"map(tofrom: a)",256,64,304,0,2,11,0,230.252742767
1,"map(tofrom: a)",256,64,304,0,2,1218,0,1545.095443726
1,"map(tofrom: a)",256,64,304,0,2,4,0,222.802162170
1,"map(tofrom: a)",256,64,304,0,2,3140,0,3615.045547485
1,"map(tofrom: a)",256,64,304,0,2,758,0,1028.358936310
1,"map(tofrom: a)",256,64,304,0,2,28,0,248.897075653
1,"map(tofrom: a)",256,64,304,0,3,11,0,229.847431183
1,"map(tofrom: a)",256,64,304,0,3,4,0,222.706794739
1,"map(tofrom: a)",256,64,304,0,3,5042,0,5624.198913574
1,"map(tofrom: a)",256,64,304,0,3,183,0,416.350364685
1,"map(tofrom: a)",256,64,304,0,3,17,0,237.548351288
1,"map(tofrom: a)",256,64,304,0,3,3,0,220.048427582
1,"map(tofrom: a)",256,64,304,0,3,28,0,248.098373413
1,"map(tofrom: a)",256,64,304,0,3,1218,0,1537.597179413
1,"map(tofrom: a)",256,64,304,0,3,114,0,341.355800629
1,"map(tofrom: a)",256,64,304,0,3,758,0,1032.292842865
1,"map(tofrom: a)",256,64,304,0,3,1955,0,2329.301834106
1,"map(tofrom: a)",256,64,304,0,3,472,0,730.204582214
1,"map(tofrom: a)",256,64,304,0,3,7,0,224.554538727
1,"map(tofrom: a)",256,64,304,0,3,44,0,266.540050507
1,"map(tofrom: a)",256,64,304,0,3,3140,0,3580.403327942
1,"map(tofrom: a)",256,64,304,0,3,8096,0,9022.939205170
1,"map(tofrom: a)",256,64,304,0,3,71,0,294.995307922
1,"map(tofrom: a)",256,64,304,0,3,1,0,219.643115997
1,"map(tofrom: a)",256,64,304,0,3,2,0,218.558311462
1,"map(tofrom: a)",256,64,304,0,3,294,0,537.693500519
1,"map(tofrom: a)",256,64,304,0,4,3,0,220.406055450
1,"map(tofrom: a)",256,64,304,0,4,8096,0,8916.008472443
1,"map(tofrom: a)",256,64,304,0,4,1,0,219.655036926
1,"map(tofrom: a)",256,64,304,0,4,28,0,248.146057129
1,"map(tofrom: a)",256,64,304,0,4,17,0,237.345695496
1,"map(tofrom: a)",256,64,304,0,4,5042,0,5630.457401276
1,"map(tofrom: a)",256,64,304,0,4,7,0,225.603580475
1,"map(tofrom: a)",256,64,304,0,4,114,0,342.690944672
1,"map(tofrom: a)",256,64,304,0,4,44,0,267.243385315
1,"map(tofrom: a)",256,64,304,0,4,2,0,218.594074249
1,"map(tofrom: a)",256,64,304,0,4,294,0,531.947612762
1,"map(tofrom: a)",256,64,304,0,4,758,0,1041.650772095
1,"map(tofrom: a)",256,64,304,0,4,183,0,414.359569550
1,"map(tofrom: a)",256,64,304,0,4,4,0,222.551822662
1,"map(tofrom: a)",256,64,304,0,4,1218,0,1520.752906799
1,"map(tofrom: a)",256,64,304,0,4,71,0,295.257568359
1,"map(tofrom: a)",256,64,304,0,4,1955,0,2327.144145966
1,"map(tofrom: a)",256,64,304,0,4,11,0,229.954719543
1,"map(tofrom: a)",256,64,304,0,4,472,0,722.503662109
1,"map(tofrom: a)",256,64,304,0,4,3140,0,3629.696369171
1,"map(tofrom: a)",256,64,304,1,0,2,0,219.345092773
1,"map(tofrom: a)",256,64,304,1,0,4,0,222.206115723
1,"map(tofrom: a)",256,64,304,1,0,472,0,724.899768829
1,"map(tofrom: a)",256,64,304,1,0,3140,0,3630.650043488
1,"map(tofrom: a)",256,64,304,1,0,183,0,416.100025177
1,"map(tofrom: a)",256,64,304,1,0,28,0,249.195098877
1,"map(tofrom: a)",256,64,304,1,0,71,0,294.804573059
1,"map(tofrom: a)",256,64,304,1,0,1218,0,1541.948318481
1,"map(tofrom: a)",256,64,304,1,0,294,0,535.500049591
1,"map(tofrom: a)",256,64,304,1,0,1,0,219.702720642
1,"map(tofrom: a)",256,64,304,1,0,7,0,225.150585175
1,"map(tofrom: a)",256,64,304,1,0,1955,0,2356.398105621
1,"map(tofrom: a)",256,64,304,1,0,758,0,1032.245159149
1,"map(tofrom: a)",256,64,304,1,0,114,0,340.652465820
1,"map(tofrom: a)",256,64,304,1,0,11,0,229.799747467
1,"map(tofrom: a)",256,64,304,1,0,3,0,220.310688019
1,"map(tofrom: a)",256,64,304,1,0,8096,0,8942.794799805
1,"map(tofrom: a)",256,64,304,1,0,44,0,266.742706299
1,"map(tofrom: a)",256,64,304,1,0,17,0,237.548351288
1,"map(tofrom: a)",256,64,304,1,0,5042,0,5674.743652344
1,"map(tofrom: a)",256,64,304,1,1,758,0,1037.299633026
1,"map(tofrom: a)",256,64,304,1,1,3,0,220.954418182
1,"map(tofrom: a)",256,64,304,1,1,3140,0,3601.646423340
1,"map(tofrom: a)",256,64,304,1,1,1955,0,2344.989776611
1,"map(tofrom: a)",256,64,304,1,1,44,0,266.909599304
1,"map(tofrom: a)",256,64,304,1,1,17,0,237.751007080
1,"map(tofrom: a)",256,64,304,1,1,294,0,532.400608063
1,"map(tofrom: a)",256,64,304,1,1,28,0,248.956680298
1,"map(tofrom: a)",256,64,304,1,1,114,0,340.843200684
1,"map(tofrom: a)",256,64,304,1,1,2,0,219.547748566
1,"map(tofrom: a)",256,64,304,1,1,7,0,225.293636322
1,"map(tofrom: a)",256,64,304,1,1,183,0,416.851043701
1,"map(tofrom: a)",256,64,304,1,1,8096,0,8919.095993042
1,"map(tofrom: a)",256,64,304,1,1,11,0,230.646133423
1,"map(tofrom: a)",256,64,304,1,1,1,0,218.999385834
1,"map(tofrom: a)",256,64,304,1,1,1218,0,1537.740230560
1,"map(tofrom: a)",256,64,304,1,1,472,0,727.450847626
1,"map(tofrom: a)",256,64,304,1,1,71,0,293.600559235
1,"map(tofrom: a)",256,64,304,1,1,5042,0,5638.551712036
1,"map(tofrom: a)",256,64,304,1,1,4,0,222.754478455
1,"map(tofrom: a)",256,64,304,1,2,2,0,219.452381134
1,"map(tofrom: a)",256,64,304,1,2,71,0,294.458866119
1,"map(tofrom: a)",256,64,304,1,2,17,0,237.298011780
1,"map(tofrom: a)",256,64,304,1,2,472,0,729.203224182
1,"map(tofrom: a)",256,64,304,1,2,5042,0,5645.954608917
1,"map(tofrom: a)",256,64,304,1,2,28,0,248.551368713
1,"map(tofrom: a)",256,64,304,1,2,44,0,266.206264496
1,"map(tofrom: a)",256,64,304,1,2,1218,0,1543.545722961
1,"map(tofrom: a)",256,64,304,1,2,4,0,222.599506378
1,"map(tofrom: a)",256,64,304,1,2,1955,0,2339.148521423
1,"map(tofrom: a)",256,64,304,1,2,183,0,413.501262665
1,"map(tofrom: a)",256,64,304,1,2,7,0,225.245952606
1,"map(tofrom: a)",256,64,304,1,2,758,0,1033.699512482
1,"map(tofrom: a)",256,64,304,1,2,1,0,219.154357910
1,"map(tofrom: a)",256,64,304,1,2,3140,0,3603.756427765
1,"map(tofrom: a)",256,64,304,1,2,8096,0,8969.247341156
1,"map(tofrom: a)",256,64,304,1,2,3,0,220.859050751
1,"map(tofrom: a)",256,64,304,1,2,114,0,339.746475220
1,"map(tofrom: a)",256,64,304,1,2,11,0,229.799747467
1,"map(tofrom: a)",256,64,304,1,2,294,0,535.452365875
1,"map(tofrom: a)",256,64,304,1,3,1,0,218.856334686
1,"map(tofrom: a)",256,64,304,1,3,17,0,237.393379211
1,"map(tofrom: a)",256,64,304,1,3,294,0,531.959533691
1,"map(tofrom: a)",256,64,304,1,3,5042,0,5708.050727844
1,"map(tofrom: a)",256,64,304,1,3,114,0,340.354442596
1,"map(tofrom: a)",256,64,304,1,3,28,0,249.004364014
1,"map(tofrom: a)",256,64,304,1,3,1218,0,1519.596576691
1,"map(tofrom: a)",256,64,304,1,3,2,0,219.607353210
1,"map(tofrom: a)",256,64,304,1,3,3,0,220.251083374
1,"map(tofrom: a)",256,64,304,1,3,4,0,222.599506378
1,"map(tofrom: a)",256,64,304,1,3,758,0,1028.704643250
1,"map(tofrom: a)",256,64,304,1,3,11,0,229.597091675
1,"map(tofrom: a)",256,64,304,1,3,44,0,266.849994659
1,"map(tofrom: a)",256,64,304,1,3,472,0,723.397731781
1,"map(tofrom: a)",256,64,304,1,3,7,0,224.697589874
1,"map(tofrom: a)",256,64,304,1,3,1955,0,2344.000339508
1,"map(tofrom: a)",256,64,304,1,3,71,0,295.102596283
1,"map(tofrom: a)",256,64,304,1,3,183,0,414.001941681
1,"map(tofrom: a)",256,64,304,1,3,8096,0,8897.995948792
1,"map(tofrom: a)",256,64,304,1,3,3140,0,3632.557392120
1,"map(tofrom: a)",256,64,304,1,4,472,0,726.449489594
1,"map(tofrom: a)",256,64,304,1,4,71,0,294.554233551
1,"map(tofrom: a)",256,64,304,1,4,1,0,218.892097473
1,"map(tofrom: a)",256,64,304,1,4,11,0,229.704380035
1,"map(tofrom: a)",256,64,304,1,4,4,0,222.647190094
1,"map(tofrom: a)",256,64,304,1,4,3140,0,3614.258766174
1,"map(tofrom: a)",256,64,304,1,4,28,0,249.004364014
1,"map(tofrom: a)",256,64,304,1,4,1218,0,1542.699337006
1,"map(tofrom: a)",256,64,304,1,4,2,0,219.202041626
1,"map(tofrom: a)",256,64,304,1,4,183,0,415.194034576
1,"map(tofrom: a)",256,64,304,1,4,5042,0,5638.301372528
1,"map(tofrom: a)",256,64,304,1,4,114,0,342.047214508
1,"map(tofrom: a)",256,64,304,1,4,3,0,220.298767090
1,"map(tofrom: a)",256,64,304,1,4,44,0,266.599655151
1,"map(tofrom: a)",256,64,304,1,4,758,0,1032.447814941
1,"map(tofrom: a)",256,64,304,1,4,8096,0,8976.793289185
1,"map(tofrom: a)",256,64,304,1,4,1955,0,2338.647842407
1,"map(tofrom: a)",256,64,304,1,4,294,0,533.998012543
1,"map(tofrom: a)",256,64,304,1,4,7,0,224.995613098
1,"map(tofrom: a)",256,64,304,1,4,17,0,237.846374512
1,"map(tofrom: a)",1024,64,304,0,0,7,0,229.406356812
1,"map(tofrom: a)",1024,64,304,0,0,114,0,342.750549316
1,"map(tofrom: a)",1024,64,304,0,0,3,0,222.206115723
1,"map(tofrom: a)",1024,64,304,0,0,17,0,239.348411560
1,"map(tofrom: a)",1024,64,304,0,0,1,0,220.549106598
1,"map(tofrom: a)",1024,64,304,0,0,44,0,268.399715424
1,"map(tofrom: a)",1024,64,304,0,0,294,0,535.356998444
1,"map(tofrom: a)",1024,64,304,0,0,3140,0,3631.854057312
1,"map(tofrom: a)",1024,64,304,0,0,4,0,224.649906158
1,"map(tofrom: a)",1024,64,304,0,0,1955,0,2326.846122742
1,"map(tofrom: a)",1024,64,304,0,0,183,0,417.292118073
1,"map(tofrom: a)",1024,64,304,0,0,8096,0,8977.591991425
1,"map(tofrom: a)",1024,64,304,0,0,758,0,1037.895679474
1,"map(tofrom: a)",1024,64,304,0,0,71,0,296.151638031
1,"map(tofrom: a)",1024,64,304,0,0,2,0,220.954418182
1,"map(tofrom: a)",1024,64,304,0,0,11,0,231.790542603
1,"map(tofrom: a)",1024,64,304,0,0,28,0,250.101089478
1,"map(tofrom: a)",1024,64,304,0,0,5042,0,5665.254592896
1,"map(tofrom: a)",1024,64,304,0,0,1218,0,1523.303985596
1,"map(tofrom: a)",1024,64,304,0,0,472,0,734.198093414
1,"map(tofrom: a)",1024,64,304,0,1,4,0,224.840641022
1,"map(tofrom: a)",1024,64,304,0,1,1,0,221.300125122
1,"map(tofrom: a)",1024,64,304,0,1,17,0,239.348411560
1,"map(tofrom: a)",1024,64,304,0,1,28,0,250.744819641
1,"map(tofrom: a)",1024,64,304,0,1,11,0,231.599807739
1,"map(tofrom: a)",1024,64,304,0,1,3140,0,3594.553470612
1,"map(tofrom: a)",1024,64,304,0,1,2,0,221.502780914
1,"map(tofrom: a)",1024,64,304,0,1,758,0,1039.850711823
1,"map(tofrom: a)",1024,64,304,0,1,1218,0,1538.646221161
1,"map(tofrom: a)",1024,64,304,0,1,44,0,268.650054932
1,"map(tofrom: a)",1024,64,304,0,1,71,0,295.948982239
1,"map(tofrom: a)",1024,64,304,0,1,114,0,343.453884125
1,"map(tofrom: a)",1024,64,304,0,1,294,0,535.547733307
1,"map(tofrom: a)",1024,64,304,0,1,7,0,226.807594299
1,"map(tofrom: a)",1024,64,304,0,1,183,0,414.800643921
1,"map(tofrom: a)",1024,64,304,0,1,8096,0,9024.405479431
1,"map(tofrom: a)",1024,64,304,0,1,472,0,727.903842926
1,"map(tofrom: a)",1024,64,304,0,1,1955,0,2340.757846832
1,"map(tofrom: a)",1024,64,304,0,1,3,0,222.003459930
1,"map(tofrom: a)",1024,64,304,0,1,5042,0,5701.100826263
1,"map(tofrom: a)",1024,64,304,0,2,3,0,223.147869110
1,"map(tofrom: a)",1024,64,304,0,2,44,0,268.757343292
1,"map(tofrom: a)",1024,64,304,0,2,1,0,220.704078674
1,"map(tofrom: a)",1024,64,304,0,2,183,0,417.351722717
1,"map(tofrom: a)",1024,64,304,0,2,294,0,536.549091339
1,"map(tofrom: a)",1024,64,304,0,2,5042,0,5628.550052643
1,"map(tofrom: a)",1024,64,304,0,2,7,0,226.998329163
1,"map(tofrom: a)",1024,64,304,0,2,8096,0,8981.001377106
1,"map(tofrom: a)",1024,64,304,0,2,2,0,247.299671173
1,"map(tofrom: a)",1024,64,304,0,2,114,0,353.705883026
1,"map(tofrom: a)",1024,64,304,0,2,71,0,301.754474640
1,"map(tofrom: a)",1024,64,304,0,2,1955,0,2357.041835785
1,"map(tofrom: a)",1024,64,304,0,2,17,0,239.455699921
1,"map(tofrom: a)",1024,64,304,0,2,472,0,727.951526642
1,"map(tofrom: a)",1024,64,304,0,2,11,0,231.301784515
1,"map(tofrom: a)",1024,64,304,0,2,1218,0,1545.798778534
1,"map(tofrom: a)",1024,64,304,0,2,4,0,224.649906158
1,"map(tofrom: a)",1024,64,304,0,2,3140,0,3608.942031860
1,"map(tofrom: a)",1024,64,304,0,2,758,0,1039.659976959
1,"map(tofrom: a)",1024,64,304,0,2,28,0,250.446796417
1,"map(tofrom: a)",1024,64,304,0,3,11,0,231.957435608
1,"map(tofrom: a)",1024,64,304,0,3,4,0,224.006175995
1,"map(tofrom: a)",1024,64,304,0,3,5042,0,5639.147758484
1,"map(tofrom: a)",1024,64,304,0,3,183,0,417.995452881
1,"map(tofrom: a)",1024,64,304,0,3,17,0,239.551067352
1,"map(tofrom: a)",1024,64,304,0,3,3,0,222.802162170
1,"map(tofrom: a)",1024,64,304,0,3,28,0,249.803066254
1,"map(tofrom: a)",1024,64,304,0,3,1218,0,1542.901992798
1,"map(tofrom: a)",1024,64,304,0,3,114,0,342.440605164
1,"map(tofrom: a)",1024,64,304,0,3,758,0,1037.847995758
1,"map(tofrom: a)",1024,64,304,0,3,1955,0,2319.002151489
1,"map(tofrom: a)",1024,64,304,0,3,472,0,735.747814178
1,"map(tofrom: a)",1024,64,304,0,3,7,0,227.499008179
1,"map(tofrom: a)",1024,64,304,0,3,44,0,268.805027008
1,"map(tofrom: a)",1024,64,304,0,3,3140,0,3584.253787994
1,"map(tofrom: a)",1024,64,304,0,3,8096,0,9009.253978729
1,"map(tofrom: a)",1024,64,304,0,3,71,0,297.307968140
1,"map(tofrom: a)",1024,64,304,0,3,1,0,221.598148346
1,"map(tofrom: a)",1024,64,304,0,3,2,0,220.847129822
1,"map(tofrom: a)",1024,64,304,0,3,294,0,537.097454071
1,"map(tofrom: a)",1024,64,304,0,4,3,0,222.098827362
1,"map(tofrom: a)",1024,64,304,0,4,8096,0,8896.350860596
1,"map(tofrom: a)",1024,64,304,0,4,1,0,221.443176270
1,"map(tofrom: a)",1024,64,304,0,4,28,0,250.041484833
1,"map(tofrom: a)",1024,64,304,0,4,17,0,239.300727844
1,"map(tofrom: a)",1024,64,304,0,4,5042,0,5646.848678589
1,"map(tofrom: a)",1024,64,304,0,4,7,0,227.355957031
1,"map(tofrom: a)",1024,64,304,0,4,114,0,343.501567841
1,"map(tofrom: a)",1024,64,304,0,4,44,0,268.208980560
1,"map(tofrom: a)",1024,64,304,0,4,2,0,220.906734467
1,"map(tofrom: a)",1024,64,304,0,4,294,0,533.652305603
1,"map(tofrom: a)",1024,64,304,0,4,758,0,1045.155525208
1,"map(tofrom: a)",1024,64,304,0,4,183,0,416.803359985
1,"map(tofrom: a)",1024,64,304,0,4,4,0,224.256515503
1,"map(tofrom: a)",1024,64,304,0,4,1218,0,1527.702808380
1,"map(tofrom: a)",1024,64,304,0,4,71,0,297.248363495
1,"map(tofrom: a)",1024,64,304,0,4,1955,0,2343.750000000
1,"map(tofrom: a)",1024,64,304,0,4,11,0,232.100486755
1,"map(tofrom: a)",1024,64,304,0,4,472,0,725.901126862
1,"map(tofrom: a)",1024,64,304,0,4,3140,0,3626.346588135
1,"map(tofrom: a)",1024,64,304,1,0,2,0,221.490859985
1,"map(tofrom: a)",1024,64,304,1,0,4,0,224.494934082
1,"map(tofrom: a)",1024,64,304,1,0,472,0,726.807117462
1,"map(tofrom: a)",1024,64,304,1,0,3140,0,3637.003898621
1,"map(tofrom: a)",1024,64,304,1,0,183,0,417.149066925
1,"map(tofrom: a)",1024,64,304,1,0,28,0,250.506401062
1,"map(tofrom: a)",1024,64,304,1,0,71,0,295.245647430
1,"map(tofrom: a)",1024,64,304,1,0,1218,0,1556.956768036
1,"map(tofrom: a)",1024,64,304,1,0,294,0,537.157058716
1,"map(tofrom: a)",1024,64,304,1,0,1,0,221.204757690
1,"map(tofrom: a)",1024,64,304,1,0,7,0,226.843357086
1,"map(tofrom: a)",1024,64,304,1,0,1955,0,2355.754375458
1,"map(tofrom: a)",1024,64,304,1,0,758,0,1037.204265594
1,"map(tofrom: a)",1024,64,304,1,0,114,0,342.202186584
1,"map(tofrom: a)",1024,64,304,1,0,11,0,231.349468231
1,"map(tofrom: a)",1024,64,304,1,0,3,0,222.194194794
1,"map(tofrom: a)",1024,64,304,1,0,8096,0,8959.746360779
1,"map(tofrom: a)",1024,64,304,1,0,44,0,269.842147827
1,"map(tofrom: a)",1024,64,304,1,0,17,0,239.408016205
1,"map(tofrom: a)",1024,64,304,1,0,5042,0,5678.701400757
1,"map(tofrom: a)",1024,64,304,1,1,758,0,1037.955284119
1,"map(tofrom: a)",1024,64,304,1,1,3,0,222.444534302
1,"map(tofrom: a)",1024,64,304,1,1,3140,0,3592.991828918
1,"map(tofrom: a)",1024,64,304,1,1,1955,0,2356.994152069
1,"map(tofrom: a)",1024,64,304,1,1,44,0,268.650054932
1,"map(tofrom: a)",1024,64,304,1,1,17,0,239.491462708
1,"map(tofrom: a)",1024,64,304,1,1,294,0,533.604621887
1,"map(tofrom: a)",1024,64,304,1,1,28,0,250.542163849
1,"map(tofrom: a)",1024,64,304,1,1,114,0,341.856479645
1,"map(tofrom: a)",1024,64,304,1,1,2,0,220.799446106
1,"map(tofrom: a)",1024,64,304,1,1,7,0,226.855278015
1,"map(tofrom: a)",1024,64,304,1,1,183,0,417.745113373
1,"map(tofrom: a)",1024,64,304,1,1,8096,0,8967.196941376
1,"map(tofrom: a)",1024,64,304,1,1,11,0,231.659412384
1,"map(tofrom: a)",1024,64,304,1,1,1,0,221.049785614
1,"map(tofrom: a)",1024,64,304,1,1,1218,0,1535.999774933
1,"map(tofrom: a)",1024,64,304,1,1,472,0,729.501247406
1,"map(tofrom: a)",1024,64,304,1,1,71,0,295.853614807
1,"map(tofrom: a)",1024,64,304,1,1,5042,0,5630.445480347
1,"map(tofrom: a)",1024,64,304,1,1,4,0,225.102901459
1,"map(tofrom: a)",1024,64,304,1,2,2,0,221.443176270
1,"map(tofrom: a)",1024,64,304,1,2,71,0,296.044349670
1,"map(tofrom: a)",1024,64,304,1,2,17,0,239.503383636
1,"map(tofrom: a)",1024,64,304,1,2,472,0,732.648372650
1,"map(tofrom: a)",1024,64,304,1,2,5042,0,5642.604827881
1,"map(tofrom: a)",1024,64,304,1,2,28,0,250.697135925
1,"map(tofrom: a)",1024,64,304,1,2,44,0,268.304347992
1,"map(tofrom: a)",1024,64,304,1,2,1218,0,1542.651653290
1,"map(tofrom: a)",1024,64,304,1,2,4,0,225.102901459
1,"map(tofrom: a)",1024,64,304,1,2,1955,0,2331.554889679
1,"map(tofrom: a)",1024,64,304,1,2,183,0,416.946411133
1,"map(tofrom: a)",1024,64,304,1,2,7,0,227.594375610
1,"map(tofrom: a)",1024,64,304,1,2,758,0,1037.597656250
1,"map(tofrom: a)",1024,64,304,1,2,1,0,220.751762390
1,"map(tofrom: a)",1024,64,304,1,2,3140,0,3602.993488312
1,"map(tofrom: a)",1024,64,304,1,2,8096,0,8976.042270660
1,"map(tofrom: a)",1024,64,304,1,2,3,0,222.694873810
1,"map(tofrom: a)",1024,64,304,1,2,114,0,341.999530792
1,"map(tofrom: a)",1024,64,304,1,2,11,0,231.552124023
1,"map(tofrom: a)",1024,64,304,1,2,294,0,539.445877075
1,"map(tofrom: a)",1024,64,304,1,3,1,0,233.650207520
1,"map(tofrom: a)",1024,64,304,1,3,17,0,258.851051331
1,"map(tofrom: a)",1024,64,304,1,3,294,0,541.841983795
1,"map(tofrom: a)",1024,64,304,1,3,5042,0,5710.291862488
1,"map(tofrom: a)",1024,64,304,1,3,114,0,343.441963196
1,"map(tofrom: a)",1024,64,304,1,3,28,0,250.804424286
1,"map(tofrom: a)",1024,64,304,1,3,1218,0,1524.591445923
1,"map(tofrom: a)",1024,64,304,1,3,2,0,221.252441406
1,"map(tofrom: a)",1024,64,304,1,3,3,0,222.349166870
1,"map(tofrom: a)",1024,64,304,1,3,4,0,223.994255066
1,"map(tofrom: a)",1024,64,304,1,3,758,0,1048.445701599
1,"map(tofrom: a)",1024,64,304,1,3,11,0,236.594676971
1,"map(tofrom: a)",1024,64,304,1,3,44,0,269.651412964
1,"map(tofrom: a)",1024,64,304,1,3,472,0,725.543498993
1,"map(tofrom: a)",1024,64,304,1,3,7,0,226.843357086
1,"map(tofrom: a)",1024,64,304,1,3,1955,0,2351.999282837
1,"map(tofrom: a)",1024,64,304,1,3,71,0,296.354293823
1,"map(tofrom: a)",1024,64,304,1,3,183,0,416.755676270
1,"map(tofrom: a)",1024,64,304,1,3,8096,0,8862.459659576
1,"map(tofrom: a)",1024,64,304,1,3,3140,0,3647.303581238
1,"map(tofrom: a)",1024,64,304,1,4,472,0,727.701187134
1,"map(tofrom: a)",1024,64,304,1,4,71,0,296.294689178
1,"map(tofrom: a)",1024,64,304,1,4,1,0,220.799446106
1,"map(tofrom: a)",1024,64,304,1,4,11,0,231.707096100
1,"map(tofrom: a)",1024,64,304,1,4,4,0,224.494934082
1,"map(tofrom: a)",1024,64,304,1,4,3140,0,3600.049018860
1,"map(tofrom: a)",1024,64,304,1,4,28,0,250.697135925
1,"map(tofrom: a)",1024,64,304,1,4,1218,0,1537.954807281
1,"map(tofrom: a)",1024,64,304,1,4,2,0,221.300125122
1,"map(tofrom: a)",1024,64,304,1,4,183,0,415.694713593
1,"map(tofrom: a)",1024,64,304,1,4,5042,0,5641.543865204
1,"map(tofrom: a)",1024,64,304,1,4,114,0,344.252586365
1,"map(tofrom: a)",1024,64,304,1,4,3,0,222.349166870
1,"map(tofrom: a)",1024,64,304,1,4,44,0,268.197059631
1,"map(tofrom: a)",1024,64,304,1,4,758,0,1028.954982758
1,"map(tofrom: a)",1024,64,304,1,4,8096,0,9019.148349762
1,"map(tofrom: a)",1024,64,304,1,4,1955,0,2330.958843231
1,"map(tofrom: a)",1024,64,304,1,4,294,0,678.157806396
1,"map(tofrom: a)",1024,64,304,1,4,7,0,227.248668671
1,"map(tofrom: a)",1024,64,304,1,4,17,0,239.551067352
1,"map(tofrom: a)",4096,64,304,0,0,7,0,242.042541504
1,"map(tofrom: a)",4096,64,304,0,0,114,0,352.692604065
1,"map(tofrom: a)",4096,64,304,0,0,3,0,233.697891235
1,"map(tofrom: a)",4096,64,304,0,0,17,0,250.852108002
1,"map(tofrom: a)",4096,64,304,0,0,1,0,232.207775116
1,"map(tofrom: a)",4096,64,304,0,0,44,0,278.246402740
1,"map(tofrom: a)",4096,64,304,0,0,294,0,544.703006744
1,"map(tofrom: a)",4096,64,304,0,0,3140,0,3631.758689880
1,"map(tofrom: a)",4096,64,304,0,0,4,0,235.557556152
1,"map(tofrom: a)",4096,64,304,0,0,1955,0,2337.300777435
1,"map(tofrom: a)",4096,64,304,0,0,183,0,426.197052002
1,"map(tofrom: a)",4096,64,304,0,0,8096,0,9032.309055328
1,"map(tofrom: a)",4096,64,304,0,0,758,0,1042.997837067
1,"map(tofrom: a)",4096,64,304,0,0,71,0,307.095050812
1,"map(tofrom: a)",4096,64,304,0,0,2,0,231.051445007
1,"map(tofrom: a)",4096,64,304,0,0,11,0,243.055820465
1,"map(tofrom: a)",4096,64,304,0,0,28,0,261.700153351
1,"map(tofrom: a)",4096,64,304,0,0,5042,0,5661.547183990
1,"map(tofrom: a)",4096,64,304,0,0,1218,0,1533.794403076
1,"map(tofrom: a)",4096,64,304,0,0,472,0,741.553306580
1,"map(tofrom: a)",4096,64,304,0,1,4,0,236.344337463
1,"map(tofrom: a)",4096,64,304,0,1,1,0,233.304500580
1,"map(tofrom: a)",4096,64,304,0,1,17,0,250.494480133
1,"map(tofrom: a)",4096,64,304,0,1,28,0,262.045860291
1,"map(tofrom: a)",4096,64,304,0,1,11,0,243.306159973
1,"map(tofrom: a)",4096,64,304,0,1,3140,0,3601.849079132
1,"map(tofrom: a)",4096,64,304,0,1,2,0,231.909751892
1,"map(tofrom: a)",4096,64,304,0,1,758,0,1052.594184875
1,"map(tofrom: a)",4096,64,304,0,1,1218,0,1537.108421326
1,"map(tofrom: a)",4096,64,304,0,1,44,0,278.544425964
1,"map(tofrom: a)",4096,64,304,0,1,71,0,306.403636932
1,"map(tofrom: a)",4096,64,304,0,1,114,0,354.790687561
1,"map(tofrom: a)",4096,64,304,0,1,294,0,545.954704285
1,"map(tofrom: a)",4096,64,304,0,1,7,0,238.704681396
1,"map(tofrom: a)",4096,64,304,0,1,183,0,426.101684570
1,"map(tofrom: a)",4096,64,304,0,1,8096,0,9009.301662445
1,"map(tofrom: a)",4096,64,304,0,1,472,0,738.000869751
1,"map(tofrom: a)",4096,64,304,0,1,1955,0,2337.241172791
1,"map(tofrom: a)",4096,64,304,0,1,3,0,233.840942383
1,"map(tofrom: a)",4096,64,304,0,1,5042,0,5681.943893433
1,"map(tofrom: a)",4096,64,304,0,2,3,0,233.900547028
1,"map(tofrom: a)",4096,64,304,0,2,44,0,277.900695801
1,"map(tofrom: a)",4096,64,304,0,2,1,0,232.398509979
1,"map(tofrom: a)",4096,64,304,0,2,183,0,428.056716919
1,"map(tofrom: a)",4096,64,304,0,2,294,0,546.598434448
1,"map(tofrom: a)",4096,64,304,0,2,5042,0,5651.402473450
1,"map(tofrom: a)",4096,64,304,0,2,7,0,238.394737244
1,"map(tofrom: a)",4096,64,304,0,2,8096,0,9029.757976532
1,"map(tofrom: a)",4096,64,304,0,2,2,0,232.398509979
1,"map(tofrom: a)",4096,64,304,0,2,114,0,353.097915649
1,"map(tofrom: a)",4096,64,304,0,2,71,0,306.904315948
1,"map(tofrom: a)",4096,64,304,0,2,1955,0,2365.493774414
1,"map(tofrom: a)",4096,64,304,0,2,17,0,250.601768494
1,"map(tofrom: a)",4096,64,304,0,2,472,0,737.655162811
1,"map(tofrom: a)",4096,64,304,0,2,11,0,243.055820465
1,"map(tofrom: a)",4096,64,304,0,2,1218,0,1546.347141266
1,"map(tofrom: a)",4096,64,304,0,2,4,0,235.903263092
1,"map(tofrom: a)",4096,64,304,0,2,3140,0,3600.406646729
1,"map(tofrom: a)",4096,64,304,0,2,758,0,1045.155525208
1,"map(tofrom: a)",4096,64,304,0,2,28,0,261.700153351
1,"map(tofrom: a)",4096,64,304,0,3,11,0,243.246555328
1,"map(tofrom: a)",4096,64,304,0,3,4,0,235.998630524
1,"map(tofrom: a)",4096,64,304,0,3,5042,0,5630.600452423
1,"map(tofrom: a)",4096,64,304,0,3,183,0,430.095195770
1,"map(tofrom: a)",4096,64,304,0,3,17,0,250.041484833
1,"map(tofrom: a)",4096,64,304,0,3,3,0,232.791900635
1,"map(tofrom: a)",4096,64,304,0,3,28,0,261.497497559
1,"map(tofrom: a)",4096,64,304,0,3,1218,0,1563.155651093
1,"map(tofrom: a)",4096,64,304,0,3,114,0,358.700752258
1,"map(tofrom: a)",4096,64,304,0,3,758,0,1046.800613403
1,"map(tofrom: a)",4096,64,304,0,3,1955,0,2323.150634766
1,"map(tofrom: a)",4096,64,304,0,3,472,0,743.043422699
1,"map(tofrom: a)",4096,64,304,0,3,7,0,237.953662872
1,"map(tofrom: a)",4096,64,304,0,3,44,0,278.007984161
1,"map(tofrom: a)",4096,64,304,0,3,3140,0,3603.458404541
1,"map(tofrom: a)",4096,64,304,0,3,8096,0,8978.998661041
1,"map(tofrom: a)",4096,64,304,0,3,71,0,307.142734528
1,"map(tofrom: a)",4096,64,304,0,3,1,0,231.802463531
1,"map(tofrom: a)",4096,64,304,0,3,2,0,232.493877411
1,"map(tofrom: a)",4096,64,304,0,3,294,0,547.945499420
1,"map(tofrom: a)",4096,64,304,0,4,3,0,233.101844788
1,"map(tofrom: a)",4096,64,304,0,4,8096,0,8919.703960419
1,"map(tofrom: a)",4096,64,304,0,4,1,0,233.054161072
1,"map(tofrom: a)",4096,64,304,0,4,28,0,261.449813843
1,"map(tofrom: a)",4096,64,304,0,4,17,0,250.697135925
1,"map(tofrom: a)",4096,64,304,0,4,5042,0,5666.399002075
1,"map(tofrom: a)",4096,64,304,0,4,7,0,238.001346588
1,"map(tofrom: a)",4096,64,304,0,4,114,0,355.041027069
1,"map(tofrom: a)",4096,64,304,0,4,44,0,278.401374817
1,"map(tofrom: a)",4096,64,304,0,4,2,0,231.158733368
1,"map(tofrom: a)",4096,64,304,0,4,294,0,545.096397400
1,"map(tofrom: a)",4096,64,304,0,4,758,0,1050.806045532
1,"map(tofrom: a)",4096,64,304,0,4,183,0,427.901744843
1,"map(tofrom: a)",4096,64,304,0,4,4,0,233.948230743
1,"map(tofrom: a)",4096,64,304,0,4,1218,0,1537.501811981
1,"map(tofrom: a)",4096,64,304,0,4,71,0,307.846069336
1,"map(tofrom: a)",4096,64,304,0,4,1955,0,2347.898483276
1,"map(tofrom: a)",4096,64,304,0,4,11,0,242.650508881
1,"map(tofrom: a)",4096,64,304,0,4,472,0,735.604763031
1,"map(tofrom: a)",4096,64,304,0,4,3140,0,3635.501861572
1,"map(tofrom: a)",4096,64,304,1,0,2,0,231.456756592
1,"map(tofrom: a)",4096,64,304,1,0,4,0,236.141681671
1,"map(tofrom: a)",4096,64,304,1,0,472,0,732.445716858
1,"map(tofrom: a)",4096,64,304,1,0,3140,0,3650.200366974
1,"map(tofrom: a)",4096,64,304,1,0,183,0,427.246093750
1,"map(tofrom: a)",4096,64,304,1,0,28,0,261.259078979
1,"map(tofrom: a)",4096,64,304,1,0,71,0,306.105613708
1,"map(tofrom: a)",4096,64,304,1,0,1218,0,1551.246643066
1,"map(tofrom: a)",4096,64,304,1,0,294,0,546.443462372
1,"map(tofrom: a)",4096,64,304,1,0,1,0,231.206417084
1,"map(tofrom: a)",4096,64,304,1,0,7,0,237.941741943
1,"map(tofrom: a)",4096,64,304,1,0,1955,0,2353.203296661
1,"map(tofrom: a)",4096,64,304,1,0,758,0,1047.849655151
1,"map(tofrom: a)",4096,64,304,1,0,114,0,353.550910950
1,"map(tofrom: a)",4096,64,304,1,0,11,0,242.698192596
1,"map(tofrom: a)",4096,64,304,1,0,3,0,234.091281891
1,"map(tofrom: a)",4096,64,304,1,0,8096,0,8940.744400024
1,"map(tofrom: a)",4096,64,304,1,0,44,0,278.806686401
1,"map(tofrom: a)",4096,64,304,1,0,17,0,250.554084778
1,"map(tofrom: a)",4096,64,304,1,0,5042,0,5713.140964508
1,"map(tofrom: a)",4096,64,304,1,1,758,0,1043.045520782
1,"map(tofrom: a)",4096,64,304,1,1,3,0,234.496593475
1,"map(tofrom: a)",4096,64,304,1,1,3140,0,3585.851192474
1,"map(tofrom: a)",4096,64,304,1,1,1955,0,2368.104457855
1,"map(tofrom: a)",4096,64,304,1,1,44,0,302.445888519
1,"map(tofrom: a)",4096,64,304,1,1,17,0,264.549255371
1,"map(tofrom: a)",4096,64,304,1,1,294,0,548.899173737
1,"map(tofrom: a)",4096,64,304,1,1,28,0,261.402130127
1,"map(tofrom: a)",4096,64,304,1,1,114,0,353.896617889
1,"map(tofrom: a)",4096,64,304,1,1,2,0,231.301784515
1,"map(tofrom: a)",4096,64,304,1,1,7,0,238.454341888
1,"map(tofrom: a)",4096,64,304,1,1,183,0,428.748130798
1,"map(tofrom: a)",4096,64,304,1,1,8096,0,8972.203731537
1,"map(tofrom: a)",4096,64,304,1,1,11,0,243.103504181
1,"map(tofrom: a)",4096,64,304,1,1,1,0,232.803821564
1,"map(tofrom: a)",4096,64,304,1,1,1218,0,1547.801494598
1,"map(tofrom: a)",4096,64,304,1,1,472,0,737.047195435
1,"map(tofrom: a)",4096,64,304,1,1,71,0,306.892395020
1,"map(tofrom: a)",4096,64,304,1,1,5042,0,5619.502067566
1,"map(tofrom: a)",4096,64,304,1,1,4,0,236.546993256
1,"map(tofrom: a)",4096,64,304,1,2,2,0,231.647491455
1,"map(tofrom: a)",4096,64,304,1,2,71,0,307.297706604
1,"map(tofrom: a)",4096,64,304,1,2,17,0,250.244140625
1,"map(tofrom: a)",4096,64,304,1,2,472,0,741.755962372
1,"map(tofrom: a)",4096,64,304,1,2,5042,0,5661.559104919
1,"map(tofrom: a)",4096,64,304,1,2,28,0,261.449813843
1,"map(tofrom: a)",4096,64,304,1,2,44,0,278.556346893
1,"map(tofrom: a)",4096,64,304,1,2,1218,0,1545.047760010
1,"map(tofrom: a)",4096,64,304,1,2,4,0,236.010551453
1,"map(tofrom: a)",4096,64,304,1,2,1955,0,2331.006526947
1,"map(tofrom: a)",4096,64,304,1,2,183,0,428.295135498
1,"map(tofrom: a)",4096,64,304,1,2,7,0,237.596035004
1,"map(tofrom: a)",4096,64,304,1,2,758,0,1046.955585480
1,"map(tofrom: a)",4096,64,304,1,2,1,0,232.040882111
1,"map(tofrom: a)",4096,64,304,1,2,3140,0,3597.199916840
1,"map(tofrom: a)",4096,64,304,1,2,8096,0,9020.841121674
1,"map(tofrom: a)",4096,64,304,1,2,3,0,233.840942383
1,"map(tofrom: a)",4096,64,304,1,2,114,0,352.203845978
1,"map(tofrom: a)",4096,64,304,1,2,11,0,242.352485657
1,"map(tofrom: a)",4096,64,304,1,2,294,0,549.602508545
1,"map(tofrom: a)",4096,64,304,1,3,1,0,230.896472931
1,"map(tofrom: a)",4096,64,304,1,3,17,0,250.446796417
1,"map(tofrom: a)",4096,64,304,1,3,294,0,545.001029968
1,"map(tofrom: a)",4096,64,304,1,3,5042,0,5693.793296814
1,"map(tofrom: a)",4096,64,304,1,3,114,0,354.111194611
1,"map(tofrom: a)",4096,64,304,1,3,28,0,260.651111603
1,"map(tofrom: a)",4096,64,304,1,3,1218,0,1537.942886353
1,"map(tofrom: a)",4096,64,304,1,3,2,0,232.350826263
1,"map(tofrom: a)",4096,64,304,1,3,3,0,234.246253967
1,"map(tofrom: a)",4096,64,304,1,3,4,0,235.342979431
1,"map(tofrom: a)",4096,64,304,1,3,758,0,1042.246818542
1,"map(tofrom: a)",4096,64,304,1,3,11,0,243.198871613
1,"map(tofrom: a)",4096,64,304,1,3,44,0,278.210639954
1,"map(tofrom: a)",4096,64,304,1,3,472,0,738.501548767
1,"map(tofrom: a)",4096,64,304,1,3,7,0,238.549709320
1,"map(tofrom: a)",4096,64,304,1,3,1955,0,2362.990379333
1,"map(tofrom: a)",4096,64,304,1,3,71,0,307.655334473
1,"map(tofrom: a)",4096,64,304,1,3,183,0,429.201126099
1,"map(tofrom: a)",4096,64,304,1,3,8096,0,8879.053592682
1,"map(tofrom: a)",4096,64,304,1,3,3140,0,3646.552562714
1,"map(tofrom: a)",4096,64,304,1,4,472,0,737.857818604
1,"map(tofrom: a)",4096,64,304,1,4,71,0,307.500362396
1,"map(tofrom: a)",4096,64,304,1,4,1,0,232.148170471
1,"map(tofrom: a)",4096,64,304,1,4,11,0,243.902206421
1,"map(tofrom: a)",4096,64,304,1,4,4,0,236.392021179
1,"map(tofrom: a)",4096,64,304,1,4,3140,0,3596.150875092
1,"map(tofrom: a)",4096,64,304,1,4,28,0,261.294841766
1,"map(tofrom: a)",4096,64,304,1,4,1218,0,1544.249057770
1,"map(tofrom: a)",4096,64,304,1,4,2,0,232.708454132
1,"map(tofrom: a)",4096,64,304,1,4,183,0,427.591800690
1,"map(tofrom: a)",4096,64,304,1,4,5042,0,5628.144741058
1,"map(tofrom: a)",4096,64,304,1,4,114,0,355.756282806
1,"map(tofrom: a)",4096,64,304,1,4,3,0,232.899188995
1,"map(tofrom: a)",4096,64,304,1,4,44,0,278.592109680
1,"map(tofrom: a)",4096,64,304,1,4,758,0,1052.451133728
1,"map(tofrom: a)",4096,64,304,1,4,8096,0,9036.660194397
1,"map(tofrom: a)",4096,64,304,1,4,1955,0,2334.797382355
1,"map(tofrom: a)",4096,64,304,1,4,294,0,546.550750732
1,"map(tofrom: a)",4096,64,304,1,4,7,0,237.452983856
1,"map(tofrom: a)",4096,64,304,1,4,17,0,251.042842865
1,"map(tofrom: a)",16384,64,304,0,0,7,0,244.247913361
1,"map(tofrom: a)",16384,64,304,0,0,114,0,348.055362701
1,"map(tofrom: a)",16384,64,304,0,0,3,0,227.391719818
1,"map(tofrom: a)",16384,64,304,0,0,17,0,244.498252869
1,"map(tofrom: a)",16384,64,304,0,0,1,0,225.293636322
1,"map(tofrom: a)",16384,64,304,0,0,44,0,272.953510284
1,"map(tofrom: a)",16384,64,304,0,0,294,0,540.006160736
1,"map(tofrom: a)",16384,64,304,0,0,3140,0,3661.000728607
1,"map(tofrom: a)",16384,64,304,0,0,4,0,229.644775391
1,"map(tofrom: a)",16384,64,304,0,0,1955,0,2350.151538849
1,"map(tofrom: a)",16384,64,304,0,0,183,0,420.951843262
1,"map(tofrom: a)",16384,64,304,0,0,8096,0,9053.742885590
1,"map(tofrom: a)",16384,64,304,0,0,758,0,1040.446758270
1,"map(tofrom: a)",16384,64,304,0,0,71,0,301.945209503
1,"map(tofrom: a)",16384,64,304,0,0,2,0,225.448608398
1,"map(tofrom: a)",16384,64,304,0,0,11,0,236.654281616
1,"map(tofrom: a)",16384,64,304,0,0,28,0,255.239009857
1,"map(tofrom: a)",16384,64,304,0,0,5042,0,5645.692348480
1,"map(tofrom: a)",16384,64,304,0,0,1218,0,1534.450054169
1,"map(tofrom: a)",16384,64,304,0,0,472,0,735.855102539
1,"map(tofrom: a)",16384,64,304,0,1,4,0,229.656696320
1,"map(tofrom: a)",16384,64,304,0,1,1,0,225.400924683
1,"map(tofrom: a)",16384,64,304,0,1,17,0,244.903564453
1,"map(tofrom: a)",16384,64,304,0,1,28,0,255.000591278
1,"map(tofrom: a)",16384,64,304,0,1,11,0,236.546993256
1,"map(tofrom: a)",16384,64,304,0,1,3140,0,3626.704216003
1,"map(tofrom: a)",16384,64,304,0,1,2,0,225.508213043
1,"map(tofrom: a)",16384,64,304,0,1,758,0,1050.806045532
1,"map(tofrom: a)",16384,64,304,0,1,1218,0,1533.246040344
1,"map(tofrom: a)",16384,64,304,0,1,44,0,272.643566132
1,"map(tofrom: a)",16384,64,304,0,1,71,0,301.098823547
1,"map(tofrom: a)",16384,64,304,0,1,114,0,348.997116089
1,"map(tofrom: a)",16384,64,304,0,1,294,0,542.044639587
1,"map(tofrom: a)",16384,64,304,0,1,7,0,231.742858887
1,"map(tofrom: a)",16384,64,304,0,1,183,0,438.141822815
1,"map(tofrom: a)",16384,64,304,0,1,8096,0,9004.247188568
1,"map(tofrom: a)",16384,64,304,0,1,472,0,734.949111938
1,"map(tofrom: a)",16384,64,304,0,1,1955,0,2334.749698639
1,"map(tofrom: a)",16384,64,304,0,1,3,0,227.105617523
1,"map(tofrom: a)",16384,64,304,0,1,5042,0,5700.743198395
1,"map(tofrom: a)",16384,64,304,0,2,3,0,227.344036102
1,"map(tofrom: a)",16384,64,304,0,2,44,0,272.798538208
1,"map(tofrom: a)",16384,64,304,0,2,1,0,225.698947906
1,"map(tofrom: a)",16384,64,304,0,2,183,0,431.156158447
1,"map(tofrom: a)",16384,64,304,0,2,294,0,552.058219910
1,"map(tofrom: a)",16384,64,304,0,2,5042,0,5679.404735565
1,"map(tofrom: a)",16384,64,304,0,2,7,0,231.695175171
1,"map(tofrom: a)",16384,64,304,0,2,8096,0,9060.049057007
1,"map(tofrom: a)",16384,64,304,0,2,2,0,225.806236267
1,"map(tofrom: a)",16384,64,304,0,2,114,0,347.900390625
1,"map(tofrom: a)",16384,64,304,0,2,71,0,301.551818848
1,"map(tofrom: a)",16384,64,304,0,2,1955,0,2360.999584198
1,"map(tofrom: a)",16384,64,304,0,2,17,0,244.653224945
1,"map(tofrom: a)",16384,64,304,0,2,472,0,731.205940247
1,"map(tofrom: a)",16384,64,304,0,2,11,0,236.606597900
1,"map(tofrom: a)",16384,64,304,0,2,1218,0,1542.699337006
1,"map(tofrom: a)",16384,64,304,0,2,4,0,229.454040527
1,"map(tofrom: a)",16384,64,304,0,2,3140,0,3610.396385193
1,"map(tofrom: a)",16384,64,304,0,2,758,0,1038.646697998
1,"map(tofrom: a)",16384,64,304,0,2,28,0,255.250930786
1,"map(tofrom: a)",16384,64,304,0,3,11,0,236.904621124
1,"map(tofrom: a)",16384,64,304,0,3,4,0,229.358673096
1,"map(tofrom: a)",16384,64,304,0,3,5042,0,5633.306503296
1,"map(tofrom: a)",16384,64,304,0,3,183,0,424.706935883
1,"map(tofrom: a)",16384,64,304,0,3,17,0,244.700908661
1,"map(tofrom: a)",16384,64,304,0,3,3,0,227.046012878
1,"map(tofrom: a)",16384,64,304,0,3,28,0,254.797935486
1,"map(tofrom: a)",16384,64,304,0,3,1218,0,1548.051834106
1,"map(tofrom: a)",16384,64,304,0,3,114,0,348.198413849
1,"map(tofrom: a)",16384,64,304,0,3,758,0,1039.505004883
1,"map(tofrom: a)",16384,64,304,0,3,1955,0,2342.951297760
1,"map(tofrom: a)",16384,64,304,0,3,472,0,736.355781555
1,"map(tofrom: a)",16384,64,304,0,3,7,0,232.005119324
1,"map(tofrom: a)",16384,64,304,0,3,44,0,272.548198700
1,"map(tofrom: a)",16384,64,304,0,3,3140,0,3622.007369995
1,"map(tofrom: a)",16384,64,304,0,3,8096,0,9002.649784088
1,"map(tofrom: a)",16384,64,304,0,3,71,0,302.100181580
1,"map(tofrom: a)",16384,64,304,0,3,1,0,225.996971130
1,"map(tofrom: a)",16384,64,304,0,3,2,0,226.104259491
1,"map(tofrom: a)",16384,64,304,0,3,294,0,545.299053192
1,"map(tofrom: a)",16384,64,304,0,4,3,0,226.950645447
1,"map(tofrom: a)",16384,64,304,0,4,8096,0,8978.199958801
1,"map(tofrom: a)",16384,64,304,0,4,1,0,225.698947906
1,"map(tofrom: a)",16384,64,304,0,4,28,0,255.393981934
1,"map(tofrom: a)",16384,64,304,0,4,17,0,244.498252869
1,"map(tofrom: a)",16384,64,304,0,4,5042,0,5669.152736664
1,"map(tofrom: a)",16384,64,304,0,4,7,0,232.040882111
1,"map(tofrom: a)",16384,64,304,0,4,114,0,348.794460297
1,"map(tofrom: a)",16384,64,304,0,4,44,0,272.941589355
1,"map(tofrom: a)",16384,64,304,0,4,2,0,225.806236267
1,"map(tofrom: a)",16384,64,304,0,4,294,0,541.698932648
1,"map(tofrom: a)",16384,64,304,0,4,758,0,1049.208641052
1,"map(tofrom: a)",16384,64,304,0,4,183,0,434.398651123
1,"map(tofrom: a)",16384,64,304,0,4,4,0,233.840942383
1,"map(tofrom: a)",16384,64,304,0,4,1218,0,1532.292366028
1,"map(tofrom: a)",16384,64,304,0,4,71,0,302.302837372
1,"map(tofrom: a)",16384,64,304,0,4,1955,0,2346.193790436
1,"map(tofrom: a)",16384,64,304,0,4,11,0,236.344337463
1,"map(tofrom: a)",16384,64,304,0,4,472,0,730.192661285
1,"map(tofrom: a)",16384,64,304,0,4,3140,0,3661.644458771
1,"map(tofrom: a)",16384,64,304,1,0,2,0,225.841999054
1,"map(tofrom: a)",16384,64,304,1,0,4,0,229.704380035
1,"map(tofrom: a)",16384,64,304,1,0,472,0,730.597972870
1,"map(tofrom: a)",16384,64,304,1,0,3140,0,3653.049468994
1,"map(tofrom: a)",16384,64,304,1,0,183,0,422.406196594
1,"map(tofrom: a)",16384,64,304,1,0,28,0,254.797935486
1,"map(tofrom: a)",16384,64,304,1,0,71,0,301.802158356
1,"map(tofrom: a)",16384,64,304,1,0,1218,0,1541.209220886
1,"map(tofrom: a)",16384,64,304,1,0,294,0,543.546676636
1,"map(tofrom: a)",16384,64,304,1,0,1,0,225.746631622
1,"map(tofrom: a)",16384,64,304,1,0,7,0,231.695175171
1,"map(tofrom: a)",16384,64,304,1,0,1955,0,2363.049983978
1,"map(tofrom: a)",16384,64,304,1,0,758,0,1042.807102203
1,"map(tofrom: a)",16384,64,304,1,0,114,0,347.709655762
1,"map(tofrom: a)",16384,64,304,1,0,11,0,236.690044403
1,"map(tofrom: a)",16384,64,304,1,0,3,0,227.200984955
1,"map(tofrom: a)",16384,64,304,1,0,8096,0,8933.949470520
1,"map(tofrom: a)",16384,64,304,1,0,44,0,272.655487061
1,"map(tofrom: a)",16384,64,304,1,0,17,0,244.450569153
1,"map(tofrom: a)",16384,64,304,1,0,5042,0,5731.999874115
1,"map(tofrom: a)",16384,64,304,1,1,758,0,1039.803028107
1,"map(tofrom: a)",16384,64,304,1,1,3,0,227.248668671
1,"map(tofrom: a)",16384,64,304,1,1,3140,0,3610.897064209
1,"map(tofrom: a)",16384,64,304,1,1,1955,0,2429.747581482
1,"map(tofrom: a)",16384,64,304,1,1,44,0,273.001194000
1,"map(tofrom: a)",16384,64,304,1,1,17,0,243.997573853
1,"map(tofrom: a)",16384,64,304,1,1,294,0,541.496276855
1,"map(tofrom: a)",16384,64,304,1,1,28,0,255.048274994
1,"map(tofrom: a)",16384,64,304,1,1,114,0,348.806381226
1,"map(tofrom: a)",16384,64,304,1,1,2,0,225.698947906
1,"map(tofrom: a)",16384,64,304,1,1,7,0,231.802463531
1,"map(tofrom: a)",16384,64,304,1,1,183,0,424.003601074
1,"map(tofrom: a)",16384,64,304,1,1,8096,0,8950.352668762
1,"map(tofrom: a)",16384,64,304,1,1,11,0,236.856937408
1,"map(tofrom: a)",16384,64,304,1,1,1,0,225.496292114
1,"map(tofrom: a)",16384,64,304,1,1,1218,0,1549.100875854
1,"map(tofrom: a)",16384,64,304,1,1,472,0,732.600688934
1,"map(tofrom: a)",16384,64,304,1,1,71,0,302.052497864
1,"map(tofrom: a)",16384,64,304,1,1,5042,0,5628.609657288
1,"map(tofrom: a)",16384,64,304,1,1,4,0,229.346752167
1,"map(tofrom: a)",16384,64,304,1,2,2,0,225.949287415
1,"map(tofrom: a)",16384,64,304,1,2,71,0,301.504135132
1,"map(tofrom: a)",16384,64,304,1,2,17,0,244.402885437
1,"map(tofrom: a)",16384,64,304,1,2,472,0,736.057758331
1,"map(tofrom: a)",16384,64,304,1,2,5042,0,5692.303180695
1,"map(tofrom: a)",16384,64,304,1,2,28,0,254.940986633
1,"map(tofrom: a)",16384,64,304,1,2,44,0,272.750854492
1,"map(tofrom: a)",16384,64,304,1,2,1218,0,1542.305946350
1,"map(tofrom: a)",16384,64,304,1,2,4,0,229.704380035
1,"map(tofrom: a)",16384,64,304,1,2,1955,0,2341.854572296
1,"map(tofrom: a)",16384,64,304,1,2,183,0,421.893596649
1,"map(tofrom: a)",16384,64,304,1,2,7,0,231.897830963
1,"map(tofrom: a)",16384,64,304,1,2,758,0,1039.040088654
1,"map(tofrom: a)",16384,64,304,1,2,1,0,225.841999054
1,"map(tofrom: a)",16384,64,304,1,2,3140,0,3600.597381592
1,"map(tofrom: a)",16384,64,304,1,2,8096,0,9058.451652527
1,"map(tofrom: a)",16384,64,304,1,2,3,0,227.153301239
1,"map(tofrom: a)",16384,64,304,1,2,114,0,366.306304932
1,"map(tofrom: a)",16384,64,304,1,2,11,0,245.559215546
1,"map(tofrom: a)",16384,64,304,1,2,294,0,548.303127289
1,"map(tofrom: a)",16384,64,304,1,3,1,0,227.010250092
1,"map(tofrom: a)",16384,64,304,1,3,17,0,244.152545929
1,"map(tofrom: a)",16384,64,304,1,3,294,0,541.353225708
1,"map(tofrom: a)",16384,64,304,1,3,5042,0,5697.643756866
1,"map(tofrom: a)",16384,64,304,1,3,114,0,348.699092865
1,"map(tofrom: a)",16384,64,304,1,3,28,0,254.905223846
1,"map(tofrom: a)",16384,64,304,1,3,1218,0,1535.844802856
1,"map(tofrom: a)",16384,64,304,1,3,2,0,233.340263367
1,"map(tofrom: a)",16384,64,304,1,3,3,0,230.956077576
1,"map(tofrom: a)",16384,64,304,1,3,4,0,230.503082275
1,"map(tofrom: a)",16384,64,304,1,3,758,0,1035.094261169
1,"map(tofrom: a)",16384,64,304,1,3,11,0,236.642360687
1,"map(tofrom: a)",16384,64,304,1,3,44,0,272.643566132
1,"map(tofrom: a)",16384,64,304,1,3,472,0,734.901428223
1,"map(tofrom: a)",16384,64,304,1,3,7,0,232.100486755
1,"map(tofrom: a)",16384,64,304,1,3,1955,0,2364.003658295
1,"map(tofrom: a)",16384,64,304,1,3,71,0,301.897525787
1,"map(tofrom: a)",16384,64,304,1,3,183,0,421.953201294
1,"map(tofrom: a)",16384,64,304,1,3,8096,0,8949.649333954
1,"map(tofrom: a)",16384,64,304,1,3,3140,0,3637.850284576
1,"map(tofrom: a)",16384,64,304,1,4,472,0,735.855102539
1,"map(tofrom: a)",16384,64,304,1,4,71,0,301.396846771
1,"map(tofrom: a)",16384,64,304,1,4,1,0,225.698947906
1,"map(tofrom: a)",16384,64,304,1,4,11,0,236.606597900
1,"map(tofrom: a)",16384,64,304,1,4,4,0,229.406356812
1,"map(tofrom: a)",16384,64,304,1,4,3140,0,3619.503974915
1,"map(tofrom: a)",16384,64,304,1,4,28,0,254.952907562
1,"map(tofrom: a)",16384,64,304,1,4,1218,0,1549.255847931
1,"map(tofrom: a)",16384,64,304,1,4,2,0,225.698947906
1,"map(tofrom: a)",16384,64,304,1,4,183,0,422.799587250
1,"map(tofrom: a)",16384,64,304,1,4,5042,0,5628.299713135
1,"map(tofrom: a)",16384,64,304,1,4,114,0,349.450111389
1,"map(tofrom: a)",16384,64,304,1,4,3,0,227.105617523
1,"map(tofrom: a)",16384,64,304,1,4,44,0,273.048877716
1,"map(tofrom: a)",16384,64,304,1,4,758,0,1038.050651550
1,"map(tofrom: a)",16384,64,304,1,4,8096,0,9019.696712494
1,"map(tofrom: a)",16384,64,304,1,4,1955,0,2351.105213165
1,"map(tofrom: a)",16384,64,304,1,4,294,0,540.852546692
1,"map(tofrom: a)",16384,64,304,1,4,7,0,231.790542603
1,"map(tofrom: a)",16384,64,304,1,4,17,0,244.498252869
1,"map(tofrom: a)",65536,64,304,0,0,7,0,256.395339966
1,"map(tofrom: a)",65536,64,304,0,0,114,0,364.041328430
1,"map(tofrom: a)",65536,64,304,0,0,3,0,242.650508881
1,"map(tofrom: a)",65536,64,304,0,0,17,0,260.245800018
1,"map(tofrom: a)",65536,64,304,0,0,1,0,241.351127625
1,"map(tofrom: a)",65536,64,304,0,0,44,0,288.450717926
1,"map(tofrom: a)",65536,64,304,0,0,294,0,555.896759033
1,"map(tofrom: a)",65536,64,304,0,0,3140,0,3680.849075317
1,"map(tofrom: a)",65536,64,304,0,0,4,0,245.094299316
1,"map(tofrom: a)",65536,64,304,0,0,1955,0,2364.552021027
1,"map(tofrom: a)",65536,64,304,0,0,183,0,437.295436859
1,"map(tofrom: a)",65536,64,304,0,0,8096,0,9048.807621002
1,"map(tofrom: a)",65536,64,304,0,0,758,0,1061.701774597
1,"map(tofrom: a)",65536,64,304,0,0,71,0,317.096710205
1,"map(tofrom: a)",65536,64,304,0,0,2,0,262.200832367
1,"map(tofrom: a)",65536,64,304,0,0,11,0,261.497497559
1,"map(tofrom: a)",65536,64,304,0,0,28,0,275.957584381
1,"map(tofrom: a)",65536,64,304,0,0,5042,0,5669.796466827
1,"map(tofrom: a)",65536,64,304,0,0,1218,0,1549.494266510
1,"map(tofrom: a)",65536,64,304,0,0,472,0,754.249095917
1,"map(tofrom: a)",65536,64,304,0,1,4,0,245.106220245
1,"map(tofrom: a)",65536,64,304,0,1,1,0,241.601467133
1,"map(tofrom: a)",65536,64,304,0,1,17,0,259.900093079
1,"map(tofrom: a)",65536,64,304,0,1,28,0,271.201133728
1,"map(tofrom: a)",65536,64,304,0,1,11,0,252.294540405
1,"map(tofrom: a)",65536,64,304,0,1,3140,0,3647.708892822
1,"map(tofrom: a)",65536,64,304,0,1,2,0,241.291522980
1,"map(tofrom: a)",65536,64,304,0,1,758,0,1065.051555634
1,"map(tofrom: a)",65536,64,304,0,1,1218,0,1554.596424103
1,"map(tofrom: a)",65536,64,304,0,1,44,0,288.140773773
1,"map(tofrom: a)",65536,64,304,0,1,71,0,317.156314850
1,"map(tofrom: a)",65536,64,304,0,1,114,0,364.649295807
1,"map(tofrom: a)",65536,64,304,0,1,294,0,559.449195862
1,"map(tofrom: a)",65536,64,304,0,1,7,0,247.704982758
1,"map(tofrom: a)",65536,64,304,0,1,183,0,438.499450684
1,"map(tofrom: a)",65536,64,304,0,1,8096,0,9033.644199371
1,"map(tofrom: a)",65536,64,304,0,1,472,0,750.505924225
1,"map(tofrom: a)",65536,64,304,0,1,1955,0,2361.607551575
1,"map(tofrom: a)",65536,64,304,0,1,3,0,242.888927460
1,"map(tofrom: a)",65536,64,304,0,1,5042,0,5746.197700500
1,"map(tofrom: a)",65536,64,304,0,2,3,0,242.853164673
1,"map(tofrom: a)",65536,64,304,0,2,44,0,288.951396942
1,"map(tofrom: a)",65536,64,304,0,2,1,0,241.398811340
1,"map(tofrom: a)",65536,64,304,0,2,183,0,440.895557404
1,"map(tofrom: a)",65536,64,304,0,2,294,0,557.398796082
1,"map(tofrom: a)",65536,64,304,0,2,5042,0,5688.345432281
1,"map(tofrom: a)",65536,64,304,0,2,7,0,247.800350189
1,"map(tofrom: a)",65536,64,304,0,2,8096,0,9039.306640625
1,"map(tofrom: a)",65536,64,304,0,2,2,0,241.708755493
1,"map(tofrom: a)",65536,64,304,0,2,114,0,363.254547119
1,"map(tofrom: a)",65536,64,304,0,2,71,0,317.597389221
1,"map(tofrom: a)",65536,64,304,0,2,1955,0,2372.050285339
1,"map(tofrom: a)",65536,64,304,0,2,17,0,260.210037231
1,"map(tofrom: a)",65536,64,304,0,2,472,0,748.050212860
1,"map(tofrom: a)",65536,64,304,0,2,11,0,252.246856689
1,"map(tofrom: a)",65536,64,304,0,2,1218,0,1562.297344208
1,"map(tofrom: a)",65536,64,304,0,2,4,0,245.201587677
1,"map(tofrom: a)",65536,64,304,0,2,3140,0,3645.157814026
1,"map(tofrom: a)",65536,64,304,0,2,758,0,1052.606105804
1,"map(tofrom: a)",65536,64,304,0,2,28,0,271.093845367
1,"map(tofrom: a)",65536,64,304,0,3,11,0,252.449512482
1,"map(tofrom: a)",65536,64,304,0,3,4,0,245.249271393
1,"map(tofrom: a)",65536,64,304,0,3,5042,0,5649.495124817
1,"map(tofrom: a)",65536,64,304,0,3,183,0,440.096855164
1,"map(tofrom: a)",65536,64,304,0,3,17,0,260.150432587
1,"map(tofrom: a)",65536,64,304,0,3,3,0,242.400169373
1,"map(tofrom: a)",65536,64,304,0,3,28,0,270.247459412
1,"map(tofrom: a)",65536,64,304,0,3,1218,0,1565.492153168
1,"map(tofrom: a)",65536,64,304,0,3,114,0,364.303588867
1,"map(tofrom: a)",65536,64,304,0,3,758,0,1055.145263672
1,"map(tofrom: a)",65536,64,304,0,3,1955,0,2359.199523926
1,"map(tofrom: a)",65536,64,304,0,3,472,0,752.747058868
1,"map(tofrom: a)",65536,64,304,0,3,7,0,247.442722321
1,"map(tofrom: a)",65536,64,304,0,3,44,0,288.498401642
1,"map(tofrom: a)",65536,64,304,0,3,3140,0,3623.545169830
1,"map(tofrom: a)",65536,64,304,0,3,8096,0,9070.742130280
1,"map(tofrom: a)",65536,64,304,0,3,71,0,317.454338074
1,"map(tofrom: a)",65536,64,304,0,3,1,0,241.053104401
1,"map(tofrom: a)",65536,64,304,0,3,2,0,241.243839264
1,"map(tofrom: a)",65536,64,304,0,3,294,0,561.356544495
1,"map(tofrom: a)",65536,64,304,0,4,3,0,242.841243744
1,"map(tofrom: a)",65536,64,304,0,4,8096,0,8978.998661041
1,"map(tofrom: a)",65536,64,304,0,4,1,0,241.303443909
1,"map(tofrom: a)",65536,64,304,0,4,28,0,270.795822144
1,"map(tofrom: a)",65536,64,304,0,4,17,0,260.102748871
1,"map(tofrom: a)",65536,64,304,0,4,5042,0,5670.905113220
1,"map(tofrom: a)",65536,64,304,0,4,7,0,247.454643250
1,"map(tofrom: a)",65536,64,304,0,4,114,0,364.804267883
1,"map(tofrom: a)",65536,64,304,0,4,44,0,288.653373718
1,"map(tofrom: a)",65536,64,304,0,4,2,0,241.506099701
1,"map(tofrom: a)",65536,64,304,0,4,294,0,557.005405426
1,"map(tofrom: a)",65536,64,304,0,4,758,0,1063.799858093
1,"map(tofrom: a)",65536,64,304,0,4,183,0,438.344478607
1,"map(tofrom: a)",65536,64,304,0,4,4,0,244.951248169
1,"map(tofrom: a)",65536,64,304,0,4,1218,0,1541.292667389
1,"map(tofrom: a)",65536,64,304,0,4,71,0,318.300724030
1,"map(tofrom: a)",65536,64,304,0,4,1955,0,2358.651161194
1,"map(tofrom: a)",65536,64,304,0,4,11,0,252.151489258
1,"map(tofrom: a)",65536,64,304,0,4,472,0,746.297836304
1,"map(tofrom: a)",65536,64,304,0,4,3140,0,3670.442104340
1,"map(tofrom: a)",65536,64,304,1,0,2,0,241.494178772
1,"map(tofrom: a)",65536,64,304,1,0,4,0,244.808197021
1,"map(tofrom: a)",65536,64,304,1,0,472,0,748.550891876
1,"map(tofrom: a)",65536,64,304,1,0,3140,0,3658.354282379
1,"map(tofrom: a)",65536,64,304,1,0,183,0,439.000129700
1,"map(tofrom: a)",65536,64,304,1,0,28,0,270.998477936
1,"map(tofrom: a)",65536,64,304,1,0,71,0,317.645072937
1,"map(tofrom: a)",65536,64,304,1,0,1218,0,1560.246944427
1,"map(tofrom: a)",65536,64,304,1,0,294,0,558.805465698
1,"map(tofrom: a)",65536,64,304,1,0,1,0,241.196155548
1,"map(tofrom: a)",65536,64,304,1,0,7,0,247.454643250
1,"map(tofrom: a)",65536,64,304,1,0,1955,0,2384.650707245
1,"map(tofrom: a)",65536,64,304,1,0,758,0,1055.455207825
1,"map(tofrom: a)",65536,64,304,1,0,114,0,364.053249359
1,"map(tofrom: a)",65536,64,304,1,0,11,0,252.199172974
1,"map(tofrom: a)",65536,64,304,1,0,3,0,243.043899536
1,"map(tofrom: a)",65536,64,304,1,0,8096,0,8958.351612091
1,"map(tofrom: a)",65536,64,304,1,0,44,0,288.498401642
1,"map(tofrom: a)",65536,64,304,1,0,17,0,260.007381439
1,"map(tofrom: a)",65536,64,304,1,0,5042,0,5733.001232147
1,"map(tofrom: a)",65536,64,304,1,1,758,0,1060.402393341
1,"map(tofrom: a)",65536,64,304,1,1,3,0,242.948532104
1,"map(tofrom: a)",65536,64,304,1,1,3140,0,3633.451461792
1,"map(tofrom: a)",65536,64,304,1,1,1955,0,2377.855777740
1,"map(tofrom: a)",65536,64,304,1,1,44,0,288.903713226
1,"map(tofrom: a)",65536,64,304,1,1,17,0,259.840488434
1,"map(tofrom: a)",65536,64,304,1,1,294,0,557.208061218
1,"map(tofrom: a)",65536,64,304,1,1,28,0,270.748138428
1,"map(tofrom: a)",65536,64,304,1,1,114,0,363.838672638
1,"map(tofrom: a)",65536,64,304,1,1,2,0,241.291522980
1,"map(tofrom: a)",65536,64,304,1,1,7,0,248.301029205
1,"map(tofrom: a)",65536,64,304,1,1,183,0,440.454483032
1,"map(tofrom: a)",65536,64,304,1,1,8096,0,8955.192565918
1,"map(tofrom: a)",65536,64,304,1,1,11,0,252.056121826
1,"map(tofrom: a)",65536,64,304,1,1,1,0,241.208076477
1,"map(tofrom: a)",65536,64,304,1,1,1218,0,1564.896106720
1,"map(tofrom: a)",65536,64,304,1,1,472,0,749.492645264
1,"map(tofrom: a)",65536,64,304,1,1,71,0,317.442417145
1,"map(tofrom: a)",65536,64,304,1,1,5042,0,5685.603618622
1,"map(tofrom: a)",65536,64,304,1,1,4,0,244.903564453
1,"map(tofrom: a)",65536,64,304,1,2,2,0,241.410732269
1,"map(tofrom: a)",65536,64,304,1,2,71,0,317.192077637
1,"map(tofrom: a)",65536,64,304,1,2,17,0,260.245800018
1,"map(tofrom: a)",65536,64,304,1,2,472,0,751.900672913
1,"map(tofrom: a)",65536,64,304,1,2,5042,0,5696.249008179
1,"map(tofrom: a)",65536,64,304,1,2,28,0,270.450115204
1,"map(tofrom: a)",65536,64,304,1,2,44,0,288.248062134
1,"map(tofrom: a)",65536,64,304,1,2,1218,0,1565.802097321
1,"map(tofrom: a)",65536,64,304,1,2,4,0,244.748592377
1,"map(tofrom: a)",65536,64,304,1,2,1955,0,2366.900444031
1,"map(tofrom: a)",65536,64,304,1,2,183,0,436.902046204
1,"map(tofrom: a)",65536,64,304,1,2,7,0,247.645378113
1,"map(tofrom: a)",65536,64,304,1,2,758,0,1057.100296021
1,"map(tofrom: a)",65536,64,304,1,2,1,0,241.351127625
1,"map(tofrom: a)",65536,64,304,1,2,3140,0,3624.594211578
1,"map(tofrom: a)",65536,64,304,1,2,8096,0,9037.649631500
1,"map(tofrom: a)",65536,64,304,1,2,3,0,243.103504181
1,"map(tofrom: a)",65536,64,304,1,2,114,0,363.206863403
1,"map(tofrom: a)",65536,64,304,1,2,11,0,252.199172974
1,"map(tofrom: a)",65536,64,304,1,2,294,0,559.794902802
1,"map(tofrom: a)",65536,64,304,1,3,1,0,241.494178772
1,"map(tofrom: a)",65536,64,304,1,3,17,0,260.150432587
1,"map(tofrom: a)",65536,64,304,1,3,294,0,557.148456573
1,"map(tofrom: a)",65536,64,304,1,3,5042,0,5730.247497559
1,"map(tofrom: a)",65536,64,304,1,3,114,0,363.802909851
1,"map(tofrom: a)",65536,64,304,1,3,28,0,270.557403564
1,"map(tofrom: a)",65536,64,304,1,3,1218,0,1541.352272034
1,"map(tofrom: a)",65536,64,304,1,3,2,0,241.351127625
1,"map(tofrom: a)",65536,64,304,1,3,3,0,242.543220520
1,"map(tofrom: a)",65536,64,304,1,3,4,0,245.153903961
1,"map(tofrom: a)",65536,64,304,1,3,758,0,1051.449775696
1,"map(tofrom: a)",65536,64,304,1,3,11,0,252.461433411
1,"map(tofrom: a)",65536,64,304,1,3,44,0,288.391113281
1,"map(tofrom: a)",65536,64,304,1,3,472,0,748.145580292
1,"map(tofrom: a)",65536,64,304,1,3,7,0,251.102447510
1,"map(tofrom: a)",65536,64,304,1,3,1955,0,2375.197410583
1,"map(tofrom: a)",65536,64,304,1,3,71,0,318.098068237
1,"map(tofrom: a)",65536,64,304,1,3,183,0,437.450408936
1,"map(tofrom: a)",65536,64,304,1,3,8096,0,8977.854251862
1,"map(tofrom: a)",65536,64,304,1,3,3140,0,3658.139705658
1,"map(tofrom: a)",65536,64,304,1,4,472,0,750.243663788
1,"map(tofrom: a)",65536,64,304,1,4,71,0,317.549705505
1,"map(tofrom: a)",65536,64,304,1,4,1,0,241.398811340
1,"map(tofrom: a)",65536,64,304,1,4,11,0,252.389907837
1,"map(tofrom: a)",65536,64,304,1,4,4,0,245.153903961
1,"map(tofrom: a)",65536,64,304,1,4,3140,0,3649.353981018
1,"map(tofrom: a)",65536,64,304,1,4,28,0,270.855426788
1,"map(tofrom: a)",65536,64,304,1,4,1218,0,1567.602157593
1,"map(tofrom: a)",65536,64,304,1,4,2,0,241.506099701
1,"map(tofrom: a)",65536,64,304,1,4,183,0,438.547134399
1,"map(tofrom: a)",65536,64,304,1,4,5042,0,5660.510063171
1,"map(tofrom: a)",65536,64,304,1,4,114,0,364.792346954
1,"map(tofrom: a)",65536,64,304,1,4,3,0,242.996215820
1,"map(tofrom: a)",65536,64,304,1,4,44,0,288.105010986
1,"map(tofrom: a)",65536,64,304,1,4,758,0,1055.693626404
1,"map(tofrom: a)",65536,64,304,1,4,8096,0,9021.604061127
1,"map(tofrom: a)",65536,64,304,1,4,1955,0,2369.248867035
1,"map(tofrom: a)",65536,64,304,1,4,294,0,556.695461273
1,"map(tofrom: a)",65536,64,304,1,4,7,0,247.442722321
1,"map(tofrom: a)",65536,64,304,1,4,17,0,259.852409363
1,"map(tofrom: a)",262144,64,304,0,0,7,0,317.955017090
1,"map(tofrom: a)",262144,64,304,0,0,114,0,419.747829437
1,"map(tofrom: a)",262144,64,304,0,0,3,0,298.094749451
1,"map(tofrom: a)",262144,64,304,0,0,17,0,315.606594086
1,"map(tofrom: a)",262144,64,304,0,0,1,0,299.704074860
1,"map(tofrom: a)",262144,64,304,0,0,44,0,341.403484344
1,"map(tofrom: a)",262144,64,304,0,0,294,0,609.648227692
1,"map(tofrom: a)",262144,64,304,0,0,3140,0,3686.702251434
1,"map(tofrom: a)",262144,64,304,0,0,4,0,303.602218628
1,"map(tofrom: a)",262144,64,304,0,0,1955,0,2381.598949432
1,"map(tofrom: a)",262144,64,304,0,0,183,0,493.597984314
1,"map(tofrom: a)",262144,64,304,0,0,8096,0,9019.291400909
1,"map(tofrom: a)",262144,64,304,0,0,758,0,1111.602783203
1,"map(tofrom: a)",262144,64,304,0,0,71,0,377.643108368
1,"map(tofrom: a)",262144,64,304,0,0,2,0,301.253795624
1,"map(tofrom: a)",262144,64,304,0,0,11,0,306.057929993
1,"map(tofrom: a)",262144,64,304,0,0,28,0,326.001644135
1,"map(tofrom: a)",262144,64,304,0,0,5042,0,5712.902545929
1,"map(tofrom: a)",262144,64,304,0,0,1218,0,1589.739322662
1,"map(tofrom: a)",262144,64,304,0,0,472,0,809.848308563
1,"map(tofrom: a)",262144,64,304,0,1,4,0,309.598445892
1,"map(tofrom: a)",262144,64,304,0,1,1,0,282.549858093
1,"map(tofrom: a)",262144,64,304,0,1,17,0,296.056270599
1,"map(tofrom: a)",262144,64,304,0,1,28,0,306.749343872
1,"map(tofrom: a)",262144,64,304,0,1,11,0,292.503833771
1,"map(tofrom: a)",262144,64,304,0,1,3140,0,3651.952743530
1,"map(tofrom: a)",262144,64,304,0,1,2,0,279.700756073
1,"map(tofrom: a)",262144,64,304,0,1,758,0,1099.252700806
1,"map(tofrom: a)",262144,64,304,0,1,1218,0,1606.357097626
1,"map(tofrom: a)",262144,64,304,0,1,44,0,346.958637238
1,"map(tofrom: a)",262144,64,304,0,1,71,0,371.754169464
1,"map(tofrom: a)",262144,64,304,0,1,114,0,423.049926758
1,"map(tofrom: a)",262144,64,304,0,1,294,0,610.601902008
1,"map(tofrom: a)",262144,64,304,0,1,7,0,305.700302124
1,"map(tofrom: a)",262144,64,304,0,1,183,0,492.596626282
1,"map(tofrom: a)",262144,64,304,0,1,8096,0,9077.894687653
1,"map(tofrom: a)",262144,64,304,0,1,472,0,800.490379333
1,"map(tofrom: a)",262144,64,304,0,1,1955,0,2394.306659698
1,"map(tofrom: a)",262144,64,304,0,1,3,0,439.000129700
1,"map(tofrom: a)",262144,64,304,0,1,5042,0,5764.806270599
1,"map(tofrom: a)",262144,64,304,0,2,3,0,295.150279999
1,"map(tofrom: a)",262144,64,304,0,2,44,0,347.208976746
1,"map(tofrom: a)",262144,64,304,0,2,1,0,298.500061035
1,"map(tofrom: a)",262144,64,304,0,2,183,0,497.841835022
1,"map(tofrom: a)",262144,64,304,0,2,294,0,614.297389984
1,"map(tofrom: a)",262144,64,304,0,2,5042,0,5678.498744965
1,"map(tofrom: a)",262144,64,304,0,2,7,0,305.700302124
1,"map(tofrom: a)",262144,64,304,0,2,8096,0,9031.152725220
1,"map(tofrom: a)",262144,64,304,0,2,2,0,298.392772675
1,"map(tofrom: a)",262144,64,304,0,2,114,0,418.794155121
1,"map(tofrom: a)",262144,64,304,0,2,71,0,373.351573944
1,"map(tofrom: a)",262144,64,304,0,2,1955,0,2403.044700623
1,"map(tofrom: a)",262144,64,304,0,2,17,0,315.654277802
1,"map(tofrom: a)",262144,64,304,0,2,472,0,807.845592499
1,"map(tofrom: a)",262144,64,304,0,2,11,0,310.742855072
1,"map(tofrom: a)",262144,64,304,0,2,1218,0,1616.847515106
1,"map(tofrom: a)",262144,64,304,0,2,4,0,301.802158356
1,"map(tofrom: a)",262144,64,304,0,2,3140,0,3664.946556091
1,"map(tofrom: a)",262144,64,304,0,2,758,0,1104.247570038
1,"map(tofrom: a)",262144,64,304,0,2,28,0,323.390960693
1,"map(tofrom: a)",262144,64,304,0,3,11,0,307.488441467
1,"map(tofrom: a)",262144,64,304,0,3,4,0,297.248363495
1,"map(tofrom: a)",262144,64,304,0,3,5042,0,5687.499046326
1,"map(tofrom: a)",262144,64,304,0,3,183,0,494.301319122
1,"map(tofrom: a)",262144,64,304,0,3,17,0,314.056873322
1,"map(tofrom: a)",262144,64,304,0,3,3,0,299.739837646
1,"map(tofrom: a)",262144,64,304,0,3,28,0,325.989723206
1,"map(tofrom: a)",262144,64,304,0,3,1218,0,1609.909534454
1,"map(tofrom: a)",262144,64,304,0,3,114,0,430.750846863
1,"map(tofrom: a)",262144,64,304,0,3,758,0,1090.896129608
1,"map(tofrom: a)",262144,64,304,0,3,1955,0,2376.043796539
1,"map(tofrom: a)",262144,64,304,0,3,472,0,809.502601624
1,"map(tofrom: a)",262144,64,304,0,3,7,0,305.807590485
1,"map(tofrom: a)",262144,64,304,0,3,44,0,344.204902649
1,"map(tofrom: a)",262144,64,304,0,3,3140,0,3637.301921844
1,"map(tofrom: a)",262144,64,304,0,3,8096,0,9078.407287598
1,"map(tofrom: a)",262144,64,304,0,3,71,0,374.460220337
1,"map(tofrom: a)",262144,64,304,0,3,1,0,299.954414368
1,"map(tofrom: a)",262144,64,304,0,3,2,0,298.154354095
1,"map(tofrom: a)",262144,64,304,0,3,294,0,614.798069000
1,"map(tofrom: a)",262144,64,304,0,4,3,0,301.146507263
1,"map(tofrom: a)",262144,64,304,0,4,8096,0,8938.550949097
1,"map(tofrom: a)",262144,64,304,0,4,1,0,295.245647430
1,"map(tofrom: a)",262144,64,304,0,4,28,0,326.406955719
1,"map(tofrom: a)",262144,64,304,0,4,17,0,318.539142609
1,"map(tofrom: a)",262144,64,304,0,4,5042,0,5677.056312561
1,"map(tofrom: a)",262144,64,304,0,4,7,0,304.198265076
1,"map(tofrom: a)",262144,64,304,0,4,114,0,420.403480530
1,"map(tofrom: a)",262144,64,304,0,4,44,0,345.647335052
1,"map(tofrom: a)",262144,64,304,0,4,2,0,293.600559235
1,"map(tofrom: a)",262144,64,304,0,4,294,0,609.040260315
1,"map(tofrom: a)",262144,64,304,0,4,758,0,1117.455959320
1,"map(tofrom: a)",262144,64,304,0,4,183,0,493.001937866
1,"map(tofrom: a)",262144,64,304,0,4,4,0,303.208827972
1,"map(tofrom: a)",262144,64,304,0,4,1218,0,1594.650745392
1,"map(tofrom: a)",262144,64,304,0,4,71,0,372.290611267
1,"map(tofrom: a)",262144,64,304,0,4,1955,0,2388.441562653
1,"map(tofrom: a)",262144,64,304,0,4,11,0,307.452678680
1,"map(tofrom: a)",262144,64,304,0,4,472,0,803.399085999
1,"map(tofrom: a)",262144,64,304,0,4,3140,0,3678.846359253
1,"map(tofrom: a)",262144,64,304,1,0,2,0,298.440456390
1,"map(tofrom: a)",262144,64,304,1,0,4,0,301.551818848
1,"map(tofrom: a)",262144,64,304,1,0,472,0,804.507732391
1,"map(tofrom: a)",262144,64,304,1,0,3140,0,3679.049015045
1,"map(tofrom: a)",262144,64,304,1,0,183,0,492.656230927
1,"map(tofrom: a)",262144,64,304,1,0,28,0,329.148769379
1,"map(tofrom: a)",262144,64,304,1,0,71,0,372.648239136
1,"map(tofrom: a)",262144,64,304,1,0,1218,0,1615.154743195
1,"map(tofrom: a)",262144,64,304,1,0,294,0,612.294673920
1,"map(tofrom: a)",262144,64,304,1,0,1,0,298.595428467
1,"map(tofrom: a)",262144,64,304,1,0,7,0,305.855274200
1,"map(tofrom: a)",262144,64,304,1,0,1955,0,2414.155006409
1,"map(tofrom: a)",262144,64,304,1,0,758,0,1107.096672058
1,"map(tofrom: a)",262144,64,304,1,0,114,0,417.649745941
1,"map(tofrom: a)",262144,64,304,1,0,11,0,310.504436493
1,"map(tofrom: a)",262144,64,304,1,0,3,0,298.595428467
1,"map(tofrom: a)",262144,64,304,1,0,8096,0,9003.949165344
1,"map(tofrom: a)",262144,64,304,1,0,44,0,345.647335052
1,"map(tofrom: a)",262144,64,304,1,0,17,0,316.846370697
1,"map(tofrom: a)",262144,64,304,1,0,5042,0,5730.104446411
1,"map(tofrom: a)",262144,64,304,1,1,758,0,1113.152503967
1,"map(tofrom: a)",262144,64,304,1,1,3,0,297.951698303
1,"map(tofrom: a)",262144,64,304,1,1,3140,0,3646.445274353
1,"map(tofrom: a)",262144,64,304,1,1,1955,0,2403.402328491
1,"map(tofrom: a)",262144,64,304,1,1,44,0,345.599651337
1,"map(tofrom: a)",262144,64,304,1,1,17,0,311.994552612
1,"map(tofrom: a)",262144,64,304,1,1,294,0,613.498687744
1,"map(tofrom: a)",262144,64,304,1,1,28,0,329.244136810
1,"map(tofrom: a)",262144,64,304,1,1,114,0,415.956974030
1,"map(tofrom: a)",262144,64,304,1,1,2,0,300.049781799
1,"map(tofrom: a)",262144,64,304,1,1,7,0,285.804271698
1,"map(tofrom: a)",262144,64,304,1,1,183,0,473.690032959
1,"map(tofrom: a)",262144,64,304,1,1,8096,0,8994.650840759
1,"map(tofrom: a)",262144,64,304,1,1,11,0,310.599803925
1,"map(tofrom: a)",262144,64,304,1,1,1,0,298.643112183
1,"map(tofrom: a)",262144,64,304,1,1,1218,0,1610.493659973
1,"map(tofrom: a)",262144,64,304,1,1,472,0,804.400444031
1,"map(tofrom: a)",262144,64,304,1,1,71,0,377.452373505
1,"map(tofrom: a)",262144,64,304,1,1,5042,0,5699.956417084
1,"map(tofrom: a)",262144,64,304,1,1,4,0,298.893451691
1,"map(tofrom: a)",262144,64,304,1,2,2,0,292.146205902
1,"map(tofrom: a)",262144,64,304,1,2,71,0,374.650955200
1,"map(tofrom: a)",262144,64,304,1,2,17,0,315.451622009
1,"map(tofrom: a)",262144,64,304,1,2,472,0,807.404518127
1,"map(tofrom: a)",262144,64,304,1,2,5042,0,5693.852901459
1,"map(tofrom: a)",262144,64,304,1,2,28,0,327.754020691
1,"map(tofrom: a)",262144,64,304,1,2,44,0,343.799591064
1,"map(tofrom: a)",262144,64,304,1,2,1218,0,1617.550849915
1,"map(tofrom: a)",262144,64,304,1,2,4,0,301.897525787
1,"map(tofrom: a)",262144,64,304,1,2,1955,0,2385.544776917
1,"map(tofrom: a)",262144,64,304,1,2,183,0,493.001937866
1,"map(tofrom: a)",262144,64,304,1,2,7,0,307.452678680
1,"map(tofrom: a)",262144,64,304,1,2,758,0,1111.602783203
1,"map(tofrom: a)",262144,64,304,1,2,1,0,298.345088959
1,"map(tofrom: a)",262144,64,304,1,2,3140,0,3651.893138885
1,"map(tofrom: a)",262144,64,304,1,2,8096,0,9029.698371887
1,"map(tofrom: a)",262144,64,304,1,2,3,0,299.704074860
1,"map(tofrom: a)",262144,64,304,1,2,114,0,417.602062225
1,"map(tofrom: a)",262144,64,304,1,2,11,0,310.504436493
1,"map(tofrom: a)",262144,64,304,1,2,294,0,615.406036377
1,"map(tofrom: a)",262144,64,304,1,3,1,0,298.345088959
1,"map(tofrom: a)",262144,64,304,1,3,17,0,315.153598785
1,"map(tofrom: a)",262144,64,304,1,3,294,0,608.944892883
1,"map(tofrom: a)",262144,64,304,1,3,5042,0,5758.142471313
1,"map(tofrom: a)",262144,64,304,1,3,114,0,419.044494629
1,"map(tofrom: a)",262144,64,304,1,3,28,0,325.989723206
1,"map(tofrom: a)",262144,64,304,1,3,1218,0,1597.046852112
1,"map(tofrom: a)",262144,64,304,1,3,2,0,297.057628632
1,"map(tofrom: a)",262144,64,304,1,3,3,0,299.894809723
1,"map(tofrom: a)",262144,64,304,1,3,4,0,300.347805023
1,"map(tofrom: a)",262144,64,304,1,3,758,0,1110.494136810
1,"map(tofrom: a)",262144,64,304,1,3,11,0,309.050083160
1,"map(tofrom: a)",262144,64,304,1,3,44,0,339.901447296
1,"map(tofrom: a)",262144,64,304,1,3,472,0,803.101062775
1,"map(tofrom: a)",262144,64,304,1,3,7,0,305.855274200
1,"map(tofrom: a)",262144,64,304,1,3,1955,0,2401.947975159
1,"map(tofrom: a)",262144,64,304,1,3,71,0,370.395183563
1,"map(tofrom: a)",262144,64,304,1,3,183,0,494.897365570
1,"map(tofrom: a)",262144,64,304,1,3,8096,0,8928.751945496
1,"map(tofrom: a)",262144,64,304,1,3,3140,0,3700.411319733
1,"map(tofrom: a)",262144,64,304,1,4,472,0,800.943374634
1,"map(tofrom: a)",262144,64,304,1,4,71,0,374.794006348
1,"map(tofrom: a)",262144,64,304,1,4,1,0,296.902656555
1,"map(tofrom: a)",262144,64,304,1,4,11,0,309.157371521
1,"map(tofrom: a)",262144,64,304,1,4,4,0,303.292274475
1,"map(tofrom: a)",262144,64,304,1,4,3140,0,3663.456439972
1,"map(tofrom: a)",262144,64,304,1,4,28,0,314.402580261
1,"map(tofrom: a)",262144,64,304,1,4,1218,0,1602.995395660
1,"map(tofrom: a)",262144,64,304,1,4,2,0,296.795368195
1,"map(tofrom: a)",262144,64,304,1,4,183,0,491.154193878
1,"map(tofrom: a)",262144,64,304,1,4,5042,0,5692.291259766
1,"map(tofrom: a)",262144,64,304,1,4,114,0,423.300266266
1,"map(tofrom: a)",262144,64,304,1,4,3,0,299.847126007
1,"map(tofrom: a)",262144,64,304,1,4,44,0,345.599651337
1,"map(tofrom: a)",262144,64,304,1,4,758,0,1107.752323151
1,"map(tofrom: a)",262144,64,304,1,4,8096,0,9056.246280670
1,"map(tofrom: a)",262144,64,304,1,4,1955,0,2389.299869537
1,"map(tofrom: a)",262144,64,304,1,4,294,0,610.303878784
1,"map(tofrom: a)",262144,64,304,1,4,7,0,301.051139832
1,"map(tofrom: a)",262144,64,304,1,4,17,0,318.753719330
1,"map(tofrom: a)",1048576,64,304,0,0,7,0,550.949573517
1,"map(tofrom: a)",1048576,64,304,0,0,114,0,639.295578003
1,"map(tofrom: a)",1048576,64,304,0,0,3,0,516.808032990
1,"map(tofrom: a)",1048576,64,304,0,0,17,0,534.152984619
1,"map(tofrom: a)",1048576,64,304,0,0,1,0,515.854358673
1,"map(tofrom: a)",1048576,64,304,0,0,44,0,562.953948975
1,"map(tofrom: a)",1048576,64,304,0,0,294,0,832.700729370
1,"map(tofrom: a)",1048576,64,304,0,0,3140,0,3939.104080200
1,"map(tofrom: a)",1048576,64,304,0,0,4,0,519.204139709
1,"map(tofrom: a)",1048576,64,304,0,0,1955,0,2629.590034485
1,"map(tofrom: a)",1048576,64,304,0,0,183,0,712.800025940
1,"map(tofrom: a)",1048576,64,304,0,0,8096,0,9339.344501495
1,"map(tofrom: a)",1048576,64,304,0,0,758,0,1334.059238434
1,"map(tofrom: a)",1048576,64,304,0,0,71,0,592.553615570
1,"map(tofrom: a)",1048576,64,304,0,0,2,0,515.592098236
1,"map(tofrom: a)",1048576,64,304,0,0,11,0,526.452064514
1,"map(tofrom: a)",1048576,64,304,0,0,28,0,544.798374176
1,"map(tofrom: a)",1048576,64,304,0,0,5042,0,5987.298488617
1,"map(tofrom: a)",1048576,64,304,0,0,1218,0,1820.254325867
1,"map(tofrom: a)",1048576,64,304,0,0,472,0,1059.806346893
1,"map(tofrom: a)",1048576,64,304,0,1,4,0,520.992279053
1,"map(tofrom: a)",1048576,64,304,0,1,1,0,515.699386597
1,"map(tofrom: a)",1048576,64,304,0,1,17,0,534.296035767
1,"map(tofrom: a)",1048576,64,304,0,1,28,0,545.251369476
1,"map(tofrom: a)",1048576,64,304,0,1,11,0,526.595115662
1,"map(tofrom: a)",1048576,64,304,0,1,3140,0,3908.050060272
1,"map(tofrom: a)",1048576,64,304,0,1,2,0,515.604019165
1,"map(tofrom: a)",1048576,64,304,0,1,758,0,1338.446140289
1,"map(tofrom: a)",1048576,64,304,0,1,1218,0,1831.459999084
1,"map(tofrom: a)",1048576,64,304,0,1,44,0,563.001632690
1,"map(tofrom: a)",1048576,64,304,0,1,71,0,592.160224915
1,"map(tofrom: a)",1048576,64,304,0,1,114,0,640.249252319
1,"map(tofrom: a)",1048576,64,304,0,1,294,0,832.653045654
1,"map(tofrom: a)",1048576,64,304,0,1,7,0,521.540641785
1,"map(tofrom: a)",1048576,64,304,0,1,183,0,711.894035339
1,"map(tofrom: a)",1048576,64,304,0,1,8096,0,9369.802474976
1,"map(tofrom: a)",1048576,64,304,0,1,472,0,1024.949550629
1,"map(tofrom: a)",1048576,64,304,0,1,1955,0,2639.901638031
1,"map(tofrom: a)",1048576,64,304,0,1,3,0,517.106056213
1,"map(tofrom: a)",1048576,64,304,0,1,5042,0,6017.196178436
1,"map(tofrom: a)",1048576,64,304,0,2,3,0,516.796112061
1,"map(tofrom: a)",1048576,64,304,0,2,44,0,563.049316406
1,"map(tofrom: a)",1048576,64,304,0,2,1,0,515.747070312
1,"map(tofrom: a)",1048576,64,304,0,2,183,0,714.898109436
1,"map(tofrom: a)",1048576,64,304,0,2,294,0,834.560394287
1,"map(tofrom: a)",1048576,64,304,0,2,5042,0,5957.353115082
1,"map(tofrom: a)",1048576,64,304,0,2,7,0,521.290302277
1,"map(tofrom: a)",1048576,64,304,0,2,8096,0,9342.896938324
1,"map(tofrom: a)",1048576,64,304,0,2,2,0,515.806674957
1,"map(tofrom: a)",1048576,64,304,0,2,114,0,638.806819916
1,"map(tofrom: a)",1048576,64,304,0,2,71,0,591.599941254
1,"map(tofrom: a)",1048576,64,304,0,2,1955,0,2664.494514465
1,"map(tofrom: a)",1048576,64,304,0,2,17,0,534.200668335
1,"map(tofrom: a)",1048576,64,304,0,2,472,0,1026.296615601
1,"map(tofrom: a)",1048576,64,304,0,2,11,0,526.404380798
1,"map(tofrom: a)",1048576,64,304,0,2,1218,0,1841.545104980
1,"map(tofrom: a)",1048576,64,304,0,2,4,0,519.156455994
1,"map(tofrom: a)",1048576,64,304,0,2,3140,0,3913.950920105
1,"map(tofrom: a)",1048576,64,304,0,2,758,0,1332.151889801
1,"map(tofrom: a)",1048576,64,304,0,2,28,0,590.252876282
1,"map(tofrom: a)",1048576,64,304,0,3,11,0,533.354282379
1,"map(tofrom: a)",1048576,64,304,0,3,4,0,521.039962769
1,"map(tofrom: a)",1048576,64,304,0,3,5042,0,5966.544151306
1,"map(tofrom: a)",1048576,64,304,0,3,183,0,714.302062988
1,"map(tofrom: a)",1048576,64,304,0,3,17,0,534.200668335
1,"map(tofrom: a)",1048576,64,304,0,3,3,0,516.855716705
1,"map(tofrom: a)",1048576,64,304,0,3,28,0,573.849678040
1,"map(tofrom: a)",1048576,64,304,0,3,1218,0,1849.448680878
1,"map(tofrom: a)",1048576,64,304,0,3,114,0,638.747215271
1,"map(tofrom: a)",1048576,64,304,0,3,758,0,1335.597038269
1,"map(tofrom: a)",1048576,64,304,0,3,1955,0,2623.498439789
1,"map(tofrom: a)",1048576,64,304,0,3,472,0,1030.695438385
1,"map(tofrom: a)",1048576,64,304,0,3,7,0,521.504878998
1,"map(tofrom: a)",1048576,64,304,0,3,44,0,563.251972198
1,"map(tofrom: a)",1048576,64,304,0,3,3140,0,3908.550739288
1,"map(tofrom: a)",1048576,64,304,0,3,8096,0,9336.948394775
1,"map(tofrom: a)",1048576,64,304,0,3,71,0,592.792034149
1,"map(tofrom: a)",1048576,64,304,0,3,1,0,515.949726105
1,"map(tofrom: a)",1048576,64,304,0,3,2,0,515.496730804
1,"map(tofrom: a)",1048576,64,304,0,3,294,0,834.655761719
1,"map(tofrom: a)",1048576,64,304,0,4,3,0,517.046451569
1,"map(tofrom: a)",1048576,64,304,0,4,8096,0,9236.788749695
1,"map(tofrom: a)",1048576,64,304,0,4,1,0,515.651702881
1,"map(tofrom: a)",1048576,64,304,0,4,28,0,545.299053192
1,"map(tofrom: a)",1048576,64,304,0,4,17,0,534.045696259
1,"map(tofrom: a)",1048576,64,304,0,4,5042,0,5981.504917145
1,"map(tofrom: a)",1048576,64,304,0,4,7,0,521.445274353
1,"map(tofrom: a)",1048576,64,304,0,4,114,0,640.296936035
1,"map(tofrom: a)",1048576,64,304,0,4,44,0,563.049316406
1,"map(tofrom: a)",1048576,64,304,0,4,2,0,515.592098236
1,"map(tofrom: a)",1048576,64,304,0,4,294,0,830.650329590
1,"map(tofrom: a)",1048576,64,304,0,4,758,0,1341.295242310
1,"map(tofrom: a)",1048576,64,304,0,4,183,0,713.551044464
1,"map(tofrom: a)",1048576,64,304,0,4,4,0,518.941879272
1,"map(tofrom: a)",1048576,64,304,0,4,1218,0,1827.156543732
1,"map(tofrom: a)",1048576,64,304,0,4,71,0,592.648983002
1,"map(tofrom: a)",1048576,64,304,0,4,1955,0,2648.651599884
1,"map(tofrom: a)",1048576,64,304,0,4,11,0,526.154041290
1,"map(tofrom: a)",1048576,64,304,0,4,472,0,1024.806499481
1,"map(tofrom: a)",1048576,64,304,0,4,3140,0,3941.500186920
1,"map(tofrom: a)",1048576,64,304,1,0,2,0,515.747070312
1,"map(tofrom: a)",1048576,64,304,1,0,4,0,518.846511841
1,"map(tofrom: a)",1048576,64,304,1,0,472,0,1022.803783417
1,"map(tofrom: a)",1048576,64,304,1,0,3140,0,3958.857059479
1,"map(tofrom: a)",1048576,64,304,1,0,183,0,715.005397797
1,"map(tofrom: a)",1048576,64,304,1,0,28,0,545.597076416
1,"map(tofrom: a)",1048576,64,304,1,0,71,0,591.707229614
1,"map(tofrom: a)",1048576,64,304,1,0,1218,0,1843.953132629
1,"map(tofrom: a)",1048576,64,304,1,0,294,0,832.498073578
1,"map(tofrom: a)",1048576,64,304,1,0,1,0,515.604019165
1,"map(tofrom: a)",1048576,64,304,1,0,7,0,521.254539490
1,"map(tofrom: a)",1048576,64,304,1,0,1955,0,2652.990818024
1,"map(tofrom: a)",1048576,64,304,1,0,758,0,1361.346244812
1,"map(tofrom: a)",1048576,64,304,1,0,114,0,640.702247620
1,"map(tofrom: a)",1048576,64,304,1,0,11,0,526.642799377
1,"map(tofrom: a)",1048576,64,304,1,0,3,0,516.903400421
1,"map(tofrom: a)",1048576,64,304,1,0,8096,0,9307.253360748
1,"map(tofrom: a)",1048576,64,304,1,0,44,0,563.049316406
1,"map(tofrom: a)",1048576,64,304,1,0,17,0,533.950328827
1,"map(tofrom: a)",1048576,64,304,1,0,5042,0,6018.650531769
1,"map(tofrom: a)",1048576,64,304,1,1,758,0,1333.904266357
1,"map(tofrom: a)",1048576,64,304,1,1,3,0,516.855716705
1,"map(tofrom: a)",1048576,64,304,1,1,3140,0,3895.306587219
1,"map(tofrom: a)",1048576,64,304,1,1,1955,0,2662.897109985
1,"map(tofrom: a)",1048576,64,304,1,1,44,0,563.192367554
1,"map(tofrom: a)",1048576,64,304,1,1,17,0,537.002086639
1,"map(tofrom: a)",1048576,64,304,1,1,294,0,831.353664398
1,"map(tofrom: a)",1048576,64,304,1,1,28,0,545.239448547
1,"map(tofrom: a)",1048576,64,304,1,1,114,0,639.104843140
1,"map(tofrom: a)",1048576,64,304,1,1,2,0,515.604019165
1,"map(tofrom: a)",1048576,64,304,1,1,7,0,521.600246429
1,"map(tofrom: a)",1048576,64,304,1,1,183,0,714.397430420
1,"map(tofrom: a)",1048576,64,304,1,1,8096,0,9302.997589111
1,"map(tofrom: a)",1048576,64,304,1,1,11,0,526.094436646
1,"map(tofrom: a)",1048576,64,304,1,1,1,0,515.854358673
1,"map(tofrom: a)",1048576,64,304,1,1,1218,0,1835.703849792
1,"map(tofrom: a)",1048576,64,304,1,1,472,0,1026.046276093
1,"map(tofrom: a)",1048576,64,304,1,1,71,0,592.505931854
1,"map(tofrom: a)",1048576,64,304,1,1,5042,0,5945.551395416
1,"map(tofrom: a)",1048576,64,304,1,1,4,0,519.800186157
1,"map(tofrom: a)",1048576,64,304,1,2,2,0,515.592098236
1,"map(tofrom: a)",1048576,64,304,1,2,71,0,592.648983002
1,"map(tofrom: a)",1048576,64,304,1,2,17,0,533.998012543
1,"map(tofrom: a)",1048576,64,304,1,2,472,0,1030.993461609
1,"map(tofrom: a)",1048576,64,304,1,2,5042,0,5962.204933167
1,"map(tofrom: a)",1048576,64,304,1,2,28,0,544.798374176
1,"map(tofrom: a)",1048576,64,304,1,2,44,0,563.144683838
1,"map(tofrom: a)",1048576,64,304,1,2,1218,0,1852.095127106
1,"map(tofrom: a)",1048576,64,304,1,2,4,0,523.102283478
1,"map(tofrom: a)",1048576,64,304,1,2,1955,0,2628.600597382
1,"map(tofrom: a)",1048576,64,304,1,2,183,0,713.300704956
1,"map(tofrom: a)",1048576,64,304,1,2,7,0,521.910190582
1,"map(tofrom: a)",1048576,64,304,1,2,758,0,1337.993144989
1,"map(tofrom: a)",1048576,64,304,1,2,1,0,515.604019165
1,"map(tofrom: a)",1048576,64,304,1,2,3140,0,3926.193714142
1,"map(tofrom: a)",1048576,64,304,1,2,8096,0,9341.800212860
1,"map(tofrom: a)",1048576,64,304,1,2,3,0,517.106056213
1,"map(tofrom: a)",1048576,64,304,1,2,114,0,638.997554779
1,"map(tofrom: a)",1048576,64,304,1,2,11,0,526.499748230
1,"map(tofrom: a)",1048576,64,304,1,2,294,0,836.658477783
1,"map(tofrom: a)",1048576,64,304,1,3,1,0,515.699386597
1,"map(tofrom: a)",1048576,64,304,1,3,17,0,534.045696259
1,"map(tofrom: a)",1048576,64,304,1,3,294,0,830.650329590
1,"map(tofrom: a)",1048576,64,304,1,3,5042,0,6023.156642914
1,"map(tofrom: a)",1048576,64,304,1,3,114,0,639.104843140
1,"map(tofrom: a)",1048576,64,304,1,3,28,0,544.691085815
1,"map(tofrom: a)",1048576,64,304,1,3,1218,0,1827.061176300
1,"map(tofrom: a)",1048576,64,304,1,3,2,0,515.401363373
1,"map(tofrom: a)",1048576,64,304,1,3,3,0,517.153739929
1,"map(tofrom: a)",1048576,64,304,1,3,4,0,519.251823425
1,"map(tofrom: a)",1048576,64,304,1,3,758,0,1333.308219910
1,"map(tofrom: a)",1048576,64,304,1,3,11,0,526.654720306
1,"map(tofrom: a)",1048576,64,304,1,3,44,0,563.240051270
1,"map(tofrom: a)",1048576,64,304,1,3,472,0,1024.794578552
1,"map(tofrom: a)",1048576,64,304,1,3,7,0,521.302223206
1,"map(tofrom: a)",1048576,64,304,1,3,1955,0,2662.098407745
1,"map(tofrom: a)",1048576,64,304,1,3,71,0,592.005252838
1,"map(tofrom: a)",1048576,64,304,1,3,183,0,713.801383972
1,"map(tofrom: a)",1048576,64,304,1,3,8096,0,9210.395812988
1,"map(tofrom: a)",1048576,64,304,1,3,3140,0,3962.802886963
1,"map(tofrom: a)",1048576,64,304,1,4,472,0,1024.699211121
1,"map(tofrom: a)",1048576,64,304,1,4,71,0,592.398643494
1,"map(tofrom: a)",1048576,64,304,1,4,1,0,515.639781952
1,"map(tofrom: a)",1048576,64,304,1,4,11,0,526.452064514
1,"map(tofrom: a)",1048576,64,304,1,4,4,0,519.347190857
1,"map(tofrom: a)",1048576,64,304,1,4,3140,0,3909.099102020
1,"map(tofrom: a)",1048576,64,304,1,4,28,0,545.108318329
1,"map(tofrom: a)",1048576,64,304,1,4,1218,0,1837.050914764
1,"map(tofrom: a)",1048576,64,304,1,4,2,0,515.842437744
1,"map(tofrom: a)",1048576,64,304,1,4,183,0,712.656974792
1,"map(tofrom: a)",1048576,64,304,1,4,5042,0,5957.508087158
1,"map(tofrom: a)",1048576,64,304,1,4,114,0,639.951229095
1,"map(tofrom: a)",1048576,64,304,1,4,3,0,516.796112061
1,"map(tofrom: a)",1048576,64,304,1,4,44,0,563.251972198
1,"map(tofrom: a)",1048576,64,304,1,4,758,0,1328.003406525
1,"map(tofrom: a)",1048576,64,304,1,4,8096,0,9368.693828583
1,"map(tofrom: a)",1048576,64,304,1,4,1955,0,2646.851539612
1,"map(tofrom: a)",1048576,64,304,1,4,294,0,837.552547455
1,"map(tofrom: a)",1048576,64,304,1,4,7,0,521.600246429
1,"map(tofrom: a)",1048576,64,304,1,4,17,0,534.057617188
1,"map(tofrom: a)",4194304,64,304,0,0,7,0,1651.895046234
1,"map(tofrom: a)",4194304,64,304,0,0,114,0,1615.989208221
1,"map(tofrom: a)",4194304,64,304,0,0,3,0,1494.145393372
1,"map(tofrom: a)",4194304,64,304,0,0,17,0,1509.952545166
1,"map(tofrom: a)",4194304,64,304,0,0,1,0,1493.310928345
1,"map(tofrom: a)",4194304,64,304,0,0,44,0,1540.148258209
1,"map(tofrom: a)",4194304,64,304,0,0,294,0,1808.798313141
1,"map(tofrom: a)",4194304,64,304,0,0,3140,0,4933.547973633
1,"map(tofrom: a)",4194304,64,304,0,0,4,0,1493.394374847
1,"map(tofrom: a)",4194304,64,304,0,0,1955,0,3623.652458191
1,"map(tofrom: a)",4194304,64,304,0,0,183,0,1687.908172607
1,"map(tofrom: a)",4194304,64,304,0,0,8096,0,10360.205173492
1,"map(tofrom: a)",4194304,64,304,0,0,758,0,2311.444282532
1,"map(tofrom: a)",4194304,64,304,0,0,71,0,1570.796966553
1,"map(tofrom: a)",4194304,64,304,0,0,2,0,1493.144035339
1,"map(tofrom: a)",4194304,64,304,0,0,11,0,1502.799987793
1,"map(tofrom: a)",4194304,64,304,0,0,28,0,1521.396636963
1,"map(tofrom: a)",4194304,64,304,0,0,5042,0,6952.953338623
1,"map(tofrom: a)",4194304,64,304,0,0,1218,0,2807.497978210
1,"map(tofrom: a)",4194304,64,304,0,0,472,0,2004.849910736
1,"map(tofrom: a)",4194304,64,304,0,1,4,0,1494.204998016
1,"map(tofrom: a)",4194304,64,304,0,1,1,0,1492.798328400
1,"map(tofrom: a)",4194304,64,304,0,1,17,0,1511.991024017
1,"map(tofrom: a)",4194304,64,304,0,1,28,0,1579.046249390
1,"map(tofrom: a)",4194304,64,304,0,1,11,0,1505.053043365
1,"map(tofrom: a)",4194304,64,304,0,1,3140,0,4901.945590973
1,"map(tofrom: a)",4194304,64,304,0,1,2,0,1492.500305176
1,"map(tofrom: a)",4194304,64,304,0,1,758,0,2353.894710541
1,"map(tofrom: a)",4194304,64,304,0,1,1218,0,2804.899215698
1,"map(tofrom: a)",4194304,64,304,0,1,44,0,1599.001884460
1,"map(tofrom: a)",4194304,64,304,0,1,71,0,1568.901538849
1,"map(tofrom: a)",4194304,64,304,0,1,114,0,1616.752147675
1,"map(tofrom: a)",4194304,64,304,0,1,294,0,1809.751987457
1,"map(tofrom: a)",4194304,64,304,0,1,7,0,1499.342918396
1,"map(tofrom: a)",4194304,64,304,0,1,183,0,1689.195632935
1,"map(tofrom: a)",4194304,64,304,0,1,8096,0,10330.355167389
1,"map(tofrom: a)",4194304,64,304,0,1,472,0,2007.746696472
1,"map(tofrom: a)",4194304,64,304,0,1,1955,0,3611.457347870
1,"map(tofrom: a)",4194304,64,304,0,1,3,0,1493.406295776
1,"map(tofrom: a)",4194304,64,304,0,1,5042,0,6991.147994995
1,"map(tofrom: a)",4194304,64,304,0,2,3,0,1493.299007416
1,"map(tofrom: a)",4194304,64,304,0,2,44,0,1540.052890778
1,"map(tofrom: a)",4194304,64,304,0,2,1,0,1491.451263428
1,"map(tofrom: a)",4194304,64,304,0,2,183,0,1691.889762878
1,"map(tofrom: a)",4194304,64,304,0,2,294,0,1810.443401337
1,"map(tofrom: a)",4194304,64,304,0,2,5042,0,6973.302364349
1,"map(tofrom: a)",4194304,64,304,0,2,7,0,1499.044895172
1,"map(tofrom: a)",4194304,64,304,0,2,8096,0,10363.447666168
1,"map(tofrom: a)",4194304,64,304,0,2,2,0,1491.749286652
1,"map(tofrom: a)",4194304,64,304,0,2,114,0,1616.144180298
1,"map(tofrom: a)",4194304,64,304,0,2,71,0,1568.543910980
1,"map(tofrom: a)",4194304,64,304,0,2,1955,0,3652.143478394
1,"map(tofrom: a)",4194304,64,304,0,2,17,0,1532.351970673
1,"map(tofrom: a)",4194304,64,304,0,2,472,0,2002.096176147
1,"map(tofrom: a)",4194304,64,304,0,2,11,0,1504.552364349
1,"map(tofrom: a)",4194304,64,304,0,2,1218,0,2816.045284271
1,"map(tofrom: a)",4194304,64,304,0,2,4,0,1497.006416321
1,"map(tofrom: a)",4194304,64,304,0,2,3140,0,4892.849922180
1,"map(tofrom: a)",4194304,64,304,0,2,758,0,2310.800552368
1,"map(tofrom: a)",4194304,64,304,0,2,28,0,1521.849632263
1,"map(tofrom: a)",4194304,64,304,0,3,11,0,1503.694057465
1,"map(tofrom: a)",4194304,64,304,0,3,4,0,1494.300365448
1,"map(tofrom: a)",4194304,64,304,0,3,5042,0,6936.407089233
1,"map(tofrom: a)",4194304,64,304,0,3,183,0,1691.806316376
1,"map(tofrom: a)",4194304,64,304,0,3,17,0,1510.453224182
1,"map(tofrom: a)",4194304,64,304,0,3,3,0,1493.597030640
1,"map(tofrom: a)",4194304,64,304,0,3,28,0,1521.348953247
1,"map(tofrom: a)",4194304,64,304,0,3,1218,0,2823.591232300
1,"map(tofrom: a)",4194304,64,304,0,3,114,0,1615.500450134
1,"map(tofrom: a)",4194304,64,304,0,3,758,0,2311.754226685
1,"map(tofrom: a)",4194304,64,304,0,3,1955,0,3611.791133881
1,"map(tofrom: a)",4194304,64,304,0,3,472,0,2006.697654724
1,"map(tofrom: a)",4194304,64,304,0,3,7,0,1498.603820801
1,"map(tofrom: a)",4194304,64,304,0,3,44,0,1538.741588593
1,"map(tofrom: a)",4194304,64,304,0,3,3140,0,5082.988739014
1,"map(tofrom: a)",4194304,64,304,0,3,8096,0,10322.403907776
1,"map(tofrom: a)",4194304,64,304,0,3,71,0,1570.892333984
1,"map(tofrom: a)",4194304,64,304,0,3,1,0,1491.200923920
1,"map(tofrom: a)",4194304,64,304,0,3,2,0,1492.595672607
1,"map(tofrom: a)",4194304,64,304,0,3,294,0,1813.054084778
1,"map(tofrom: a)",4194304,64,304,0,4,3,0,1495.349407196
1,"map(tofrom: a)",4194304,64,304,0,4,8096,0,10297.548770905
1,"map(tofrom: a)",4194304,64,304,0,4,1,0,1490.902900696
1,"map(tofrom: a)",4194304,64,304,0,4,28,0,1521.444320679
1,"map(tofrom: a)",4194304,64,304,0,4,17,0,1511.156558990
1,"map(tofrom: a)",4194304,64,304,0,4,5042,0,6979.846954346
1,"map(tofrom: a)",4194304,64,304,0,4,7,0,1498.651504517
1,"map(tofrom: a)",4194304,64,304,0,4,114,0,1616.847515106
1,"map(tofrom: a)",4194304,64,304,0,4,44,0,1539.111137390
1,"map(tofrom: a)",4194304,64,304,0,4,2,0,1492.154598236
1,"map(tofrom: a)",4194304,64,304,0,4,294,0,1810.193061829
1,"map(tofrom: a)",4194304,64,304,0,4,758,0,2317.202091217
1,"map(tofrom: a)",4194304,64,304,0,4,183,0,1691.496372223
1,"map(tofrom: a)",4194304,64,304,0,4,4,0,1495.945453644
1,"map(tofrom: a)",4194304,64,304,0,4,1218,0,2806.901931763
1,"map(tofrom: a)",4194304,64,304,0,4,71,0,1569.795608521
1,"map(tofrom: a)",4194304,64,304,0,4,1955,0,3620.600700378
1,"map(tofrom: a)",4194304,64,304,0,4,11,0,1502.847671509
1,"map(tofrom: a)",4194304,64,304,0,4,472,0,2000.200748444
1,"map(tofrom: a)",4194304,64,304,0,4,3140,0,4945.099353790
1,"map(tofrom: a)",4194304,64,304,1,0,2,0,1490.604877472
1,"map(tofrom: a)",4194304,64,304,1,0,4,0,1495.397090912
1,"map(tofrom: a)",4194304,64,304,1,0,472,0,1998.043060303
1,"map(tofrom: a)",4194304,64,304,1,0,3140,0,4949.796199799
1,"map(tofrom: a)",4194304,64,304,1,0,183,0,1689.243316650
1,"map(tofrom: a)",4194304,64,304,1,0,28,0,1521.456241608
1,"map(tofrom: a)",4194304,64,304,1,0,71,0,1569.306850433
1,"map(tofrom: a)",4194304,64,304,1,0,1218,0,2819.502353668
1,"map(tofrom: a)",4194304,64,304,1,0,294,0,1810.705661774
1,"map(tofrom: a)",4194304,64,304,1,0,1,0,1491.141319275
1,"map(tofrom: a)",4194304,64,304,1,0,7,0,1498.496532440
1,"map(tofrom: a)",4194304,64,304,1,0,1955,0,3633.999824524
1,"map(tofrom: a)",4194304,64,304,1,0,758,0,2360.546588898
1,"map(tofrom: a)",4194304,64,304,1,0,114,0,1616.048812866
1,"map(tofrom: a)",4194304,64,304,1,0,11,0,1502.001285553
1,"map(tofrom: a)",4194304,64,304,1,0,3,0,1494.300365448
1,"map(tofrom: a)",4194304,64,304,1,0,8096,0,10245.048999786
1,"map(tofrom: a)",4194304,64,304,1,0,44,0,1539.957523346
1,"map(tofrom: a)",4194304,64,304,1,0,17,0,1509.559154510
1,"map(tofrom: a)",4194304,64,304,1,0,5042,0,7029.247283936
1,"map(tofrom: a)",4194304,64,304,1,1,758,0,2307.748794556
1,"map(tofrom: a)",4194304,64,304,1,1,3,0,1494.598388672
1,"map(tofrom: a)",4194304,64,304,1,1,3140,0,4880.356788635
1,"map(tofrom: a)",4194304,64,304,1,1,1955,0,3640.699386597
1,"map(tofrom: a)",4194304,64,304,1,1,44,0,1540.148258209
1,"map(tofrom: a)",4194304,64,304,1,1,17,0,1510.810852051
1,"map(tofrom: a)",4194304,64,304,1,1,294,0,1810.097694397
1,"map(tofrom: a)",4194304,64,304,1,1,28,0,1520.943641663
1,"map(tofrom: a)",4194304,64,304,1,1,114,0,1615.393161774
1,"map(tofrom: a)",4194304,64,304,1,1,2,0,1492.953300476
1,"map(tofrom: a)",4194304,64,304,1,1,7,0,1499.152183533
1,"map(tofrom: a)",4194304,64,304,1,1,183,0,1691.842079163
1,"map(tofrom: a)",4194304,64,304,1,1,8096,0,10264.456272125
1,"map(tofrom: a)",4194304,64,304,1,1,11,0,1503.443717957
1,"map(tofrom: a)",4194304,64,304,1,1,1,0,1734.149456024
1,"map(tofrom: a)",4194304,64,304,1,1,1218,0,2826.893329620
1,"map(tofrom: a)",4194304,64,304,1,1,472,0,2045.047283173
1,"map(tofrom: a)",4194304,64,304,1,1,71,0,1569.652557373
1,"map(tofrom: a)",4194304,64,304,1,1,5042,0,6923.806667328
1,"map(tofrom: a)",4194304,64,304,1,1,4,0,1496.303081512
1,"map(tofrom: a)",4194304,64,304,1,2,2,0,1493.692398071
1,"map(tofrom: a)",4194304,64,304,1,2,71,0,1569.104194641
1,"map(tofrom: a)",4194304,64,304,1,2,17,0,1510.798931122
1,"map(tofrom: a)",4194304,64,304,1,2,472,0,2009.296417236
1,"map(tofrom: a)",4194304,64,304,1,2,5042,0,6968.843936920
1,"map(tofrom: a)",4194304,64,304,1,2,28,0,1575.601100922
1,"map(tofrom: a)",4194304,64,304,1,2,44,0,1539.397239685
1,"map(tofrom: a)",4194304,64,304,1,2,1218,0,2816.903591156
1,"map(tofrom: a)",4194304,64,304,1,2,4,0,1495.099067688
1,"map(tofrom: a)",4194304,64,304,1,2,1955,0,3616.046905518
1,"map(tofrom: a)",4194304,64,304,1,2,183,0,1690.089702606
1,"map(tofrom: a)",4194304,64,304,1,2,7,0,1496.791839600
1,"map(tofrom: a)",4194304,64,304,1,2,758,0,2311.301231384
1,"map(tofrom: a)",4194304,64,304,1,2,1,0,1493.203639984
1,"map(tofrom: a)",4194304,64,304,1,2,3140,0,4879.748821259
1,"map(tofrom: a)",4194304,64,304,1,2,8096,0,10368.549823761
1,"map(tofrom: a)",4194304,64,304,1,2,3,0,1494.193077087
1,"map(tofrom: a)",4194304,64,304,1,2,114,0,1616.799831390
1,"map(tofrom: a)",4194304,64,304,1,2,11,0,1502.299308777
1,"map(tofrom: a)",4194304,64,304,1,2,294,0,1814.293861389
1,"map(tofrom: a)",4194304,64,304,1,3,1,0,1492.893695831
1,"map(tofrom: a)",4194304,64,304,1,3,17,0,1510.596275330
1,"map(tofrom: a)",4194304,64,304,1,3,294,0,1809.453964233
1,"map(tofrom: a)",4194304,64,304,1,3,5042,0,6996.202468872
1,"map(tofrom: a)",4194304,64,304,1,3,114,0,1615.703105927
1,"map(tofrom: a)",4194304,64,304,1,3,28,0,1520.800590515
1,"map(tofrom: a)",4194304,64,304,1,3,1218,0,2807.760238647
1,"map(tofrom: a)",4194304,64,304,1,3,2,0,1492.655277252
1,"map(tofrom: a)",4194304,64,304,1,3,3,0,1493.752002716
1,"map(tofrom: a)",4194304,64,304,1,3,4,0,1494.050025940
1,"map(tofrom: a)",4194304,64,304,1,3,758,0,2309.644222260
1,"map(tofrom: a)",4194304,64,304,1,3,11,0,1503.694057465
1,"map(tofrom: a)",4194304,64,304,1,3,44,0,1539.850234985
1,"map(tofrom: a)",4194304,64,304,1,3,472,0,2056.598663330
1,"map(tofrom: a)",4194304,64,304,1,3,7,0,1500.153541565
1,"map(tofrom: a)",4194304,64,304,1,3,1955,0,3648.555278778
1,"map(tofrom: a)",4194304,64,304,1,3,71,0,1568.102836609
1,"map(tofrom: a)",4194304,64,304,1,3,183,0,1692.104339600
1,"map(tofrom: a)",4194304,64,304,1,3,8096,0,10225.844383240
1,"map(tofrom: a)",4194304,64,304,1,3,3140,0,4934.251308441
1,"map(tofrom: a)",4194304,64,304,1,4,472,0,2006.399631500
1,"map(tofrom: a)",4194304,64,304,1,4,71,0,1568.043231964
1,"map(tofrom: a)",4194304,64,304,1,4,1,0,1492.607593536
1,"map(tofrom: a)",4194304,64,304,1,4,11,0,1503.050327301
1,"map(tofrom: a)",4194304,64,304,1,4,4,0,1495.361328125
1,"map(tofrom: a)",4194304,64,304,1,4,3140,0,4898.953437805
1,"map(tofrom: a)",4194304,64,304,1,4,28,0,1521.754264832
1,"map(tofrom: a)",4194304,64,304,1,4,1218,0,2820.897102356
1,"map(tofrom: a)",4194304,64,304,1,4,2,0,1490.807533264
1,"map(tofrom: a)",4194304,64,304,1,4,183,0,1691.150665283
1,"map(tofrom: a)",4194304,64,304,1,4,5042,0,6920.695304871
1,"map(tofrom: a)",4194304,64,304,1,4,114,0,1616.096496582
1,"map(tofrom: a)",4194304,64,304,1,4,3,0,1494.145393372
1,"map(tofrom: a)",4194304,64,304,1,4,44,0,1540.243625641
1,"map(tofrom: a)",4194304,64,304,1,4,758,0,2306.449413300
1,"map(tofrom: a)",4194304,64,304,1,4,8096,0,10351.407527924
1,"map(tofrom: a)",4194304,64,304,1,4,1955,0,3615.152835846
1,"map(tofrom: a)",4194304,64,304,1,4,294,0,1810.002326965
1,"map(tofrom: a)",4194304,64,304,1,4,7,0,1496.803760529
1,"map(tofrom: a)",4194304,64,304,1,4,17,0,1511.549949646
1,"map(tofrom: a)",16777216,64,304,0,0,7,0,6194.150447845
1,"map(tofrom: a)",16777216,64,304,0,0,114,0,5513.954162598
1,"map(tofrom: a)",16777216,64,304,0,0,3,0,5392.289161682
1,"map(tofrom: a)",16777216,64,304,0,0,17,0,5410.945415497
1,"map(tofrom: a)",16777216,64,304,0,0,1,0,5453.705787659
1,"map(tofrom: a)",16777216,64,304,0,0,44,0,5440.104007721
1,"map(tofrom: a)",16777216,64,304,0,0,294,0,5703.508853912
1,"map(tofrom: a)",16777216,64,304,0,0,3140,0,8819.603919983
1,"map(tofrom: a)",16777216,64,304,0,0,4,0,5395.197868347
1,"map(tofrom: a)",16777216,64,304,0,0,1955,0,7511.496543884
1,"map(tofrom: a)",16777216,64,304,0,0,183,0,5585.050582886
1,"map(tofrom: a)",16777216,64,304,0,0,8096,0,14188.408851624
1,"map(tofrom: a)",16777216,64,304,0,0,758,0,6203.043460846
1,"map(tofrom: a)",16777216,64,304,0,0,71,0,5467.796325684
1,"map(tofrom: a)",16777216,64,304,0,0,2,0,5472.803115845
1,"map(tofrom: a)",16777216,64,304,0,0,11,0,5452.406406403
1,"map(tofrom: a)",16777216,64,304,0,0,28,0,5420.351028442
1,"map(tofrom: a)",16777216,64,304,0,0,5042,0,10800.790786743
1,"map(tofrom: a)",16777216,64,304,0,0,1218,0,6696.045398712
1,"map(tofrom: a)",16777216,64,304,0,0,472,0,5901.455879211
1,"map(tofrom: a)",16777216,64,304,0,1,4,0,5394.554138184
1,"map(tofrom: a)",16777216,64,304,0,1,1,0,5392.098426819
1,"map(tofrom: a)",16777216,64,304,0,1,17,0,5408.346652985
1,"map(tofrom: a)",16777216,64,304,0,1,28,0,5420.649051666
1,"map(tofrom: a)",16777216,64,304,0,1,11,0,5400.955677032
1,"map(tofrom: a)",16777216,64,304,0,1,3140,0,8788.943290710
1,"map(tofrom: a)",16777216,64,304,0,1,2,0,5441.248416901
1,"map(tofrom: a)",16777216,64,304,0,1,758,0,6216.645240784
1,"map(tofrom: a)",16777216,64,304,0,1,1218,0,6718.957424164
1,"map(tofrom: a)",16777216,64,304,0,1,44,0,5438.292026520
1,"map(tofrom: a)",16777216,64,304,0,1,71,0,5466.151237488
1,"map(tofrom: a)",16777216,64,304,0,1,114,0,5514.049530029
1,"map(tofrom: a)",16777216,64,304,0,1,294,0,5706.441402435
1,"map(tofrom: a)",16777216,64,304,0,1,7,0,5396.699905396
1,"map(tofrom: a)",16777216,64,304,0,1,183,0,5588.507652283
1,"map(tofrom: a)",16777216,64,304,0,1,8096,0,14146.101474762
1,"map(tofrom: a)",16777216,64,304,0,1,472,0,5899.202823639
1,"map(tofrom: a)",16777216,64,304,0,1,1955,0,7545.197010040
1,"map(tofrom: a)",16777216,64,304,0,1,3,0,5392.599105835
1,"map(tofrom: a)",16777216,64,304,0,1,5042,0,10893.654823303
1,"map(tofrom: a)",16777216,64,304,0,2,3,0,5391.001701355
1,"map(tofrom: a)",16777216,64,304,0,2,44,0,5439.257621765
1,"map(tofrom: a)",16777216,64,304,0,2,1,0,5391.049385071
1,"map(tofrom: a)",16777216,64,304,0,2,183,0,5590.295791626
1,"map(tofrom: a)",16777216,64,304,0,2,294,0,5704.998970032
1,"map(tofrom: a)",16777216,64,304,0,2,5042,0,10838.055610657
1,"map(tofrom: a)",16777216,64,304,0,2,7,0,5397.260189056
1,"map(tofrom: a)",16777216,64,304,0,2,8096,0,14190.292358398
1,"map(tofrom: a)",16777216,64,304,0,2,2,0,5442.988872528
1,"map(tofrom: a)",16777216,64,304,0,2,114,0,5512.750148773
1,"map(tofrom: a)",16777216,64,304,0,2,71,0,5518.758296967
1,"map(tofrom: a)",16777216,64,304,0,2,1955,0,7513.093948364
1,"map(tofrom: a)",16777216,64,304,0,2,17,0,5408.954620361
1,"map(tofrom: a)",16777216,64,304,0,2,472,0,5895.650386810
1,"map(tofrom: a)",16777216,64,304,0,2,11,0,5400.300025940
1,"map(tofrom: a)",16777216,64,304,0,2,1218,0,6704.902648926
1,"map(tofrom: a)",16777216,64,304,0,2,4,0,5394.208431244
1,"map(tofrom: a)",16777216,64,304,0,2,3140,0,8778.452873230
1,"map(tofrom: a)",16777216,64,304,0,2,758,0,6200.945377350
1,"map(tofrom: a)",16777216,64,304,0,2,28,0,5420.243740082
1,"map(tofrom: a)",16777216,64,304,0,3,11,0,5400.848388672
1,"map(tofrom: a)",16777216,64,304,0,3,4,0,5438.649654388
1,"map(tofrom: a)",16777216,64,304,0,3,5042,0,10777.699947357
1,"map(tofrom: a)",16777216,64,304,0,3,183,0,5635.845661163
1,"map(tofrom: a)",16777216,64,304,0,3,17,0,5408.108234406
1,"map(tofrom: a)",16777216,64,304,0,3,3,0,5391.252040863
1,"map(tofrom: a)",16777216,64,304,0,3,28,0,5419.802665710
1,"map(tofrom: a)",16777216,64,304,0,3,1218,0,6710.803508759
1,"map(tofrom: a)",16777216,64,304,0,3,114,0,5512.392520905
1,"map(tofrom: a)",16777216,64,304,0,3,758,0,6201.851367950
1,"map(tofrom: a)",16777216,64,304,0,3,1955,0,7497.501373291
1,"map(tofrom: a)",16777216,64,304,0,3,472,0,5901.741981506
1,"map(tofrom: a)",16777216,64,304,0,3,7,0,5395.841598511
1,"map(tofrom: a)",16777216,64,304,0,3,44,0,5438.745021820
1,"map(tofrom: a)",16777216,64,304,0,3,3140,0,8765.053749084
1,"map(tofrom: a)",16777216,64,304,0,3,8096,0,14176.797866821
1,"map(tofrom: a)",16777216,64,304,0,3,71,0,5468.201637268
1,"map(tofrom: a)",16777216,64,304,0,3,1,0,5453.443527222
1,"map(tofrom: a)",16777216,64,304,0,3,2,0,5390.393733978
1,"map(tofrom: a)",16777216,64,304,0,3,294,0,5710.351467133
1,"map(tofrom: a)",16777216,64,304,0,4,3,0,5393.755435944
1,"map(tofrom: a)",16777216,64,304,0,4,8096,0,14126.288890839
1,"map(tofrom: a)",16777216,64,304,0,4,1,0,5391.204357147
1,"map(tofrom: a)",16777216,64,304,0,4,28,0,5419.898033142
1,"map(tofrom: a)",16777216,64,304,0,4,17,0,5408.251285553
1,"map(tofrom: a)",16777216,64,304,0,4,5042,0,10817.945003510
1,"map(tofrom: a)",16777216,64,304,0,4,7,0,5396.449565887
1,"map(tofrom: a)",16777216,64,304,0,4,114,0,5515.849590302
1,"map(tofrom: a)",16777216,64,304,0,4,44,0,5495.643615723
1,"map(tofrom: a)",16777216,64,304,0,4,2,0,5389.499664307
1,"map(tofrom: a)",16777216,64,304,0,4,294,0,5706.000328064
1,"map(tofrom: a)",16777216,64,304,0,4,758,0,6209.945678711
1,"map(tofrom: a)",16777216,64,304,0,4,183,0,5586.957931519
1,"map(tofrom: a)",16777216,64,304,0,4,4,0,5394.601821899
1,"map(tofrom: a)",16777216,64,304,0,4,1218,0,6689.453125000
1,"map(tofrom: a)",16777216,64,304,0,4,71,0,5467.045307159
1,"map(tofrom: a)",16777216,64,304,0,4,1955,0,7490.348815918
1,"map(tofrom: a)",16777216,64,304,0,4,11,0,5401.098728180
1,"map(tofrom: a)",16777216,64,304,0,4,472,0,5892.097949982
1,"map(tofrom: a)",16777216,64,304,0,4,3140,0,8818.840980530
1,"map(tofrom: a)",16777216,64,304,1,0,2,0,5392.408370972
1,"map(tofrom: a)",16777216,64,304,1,0,4,0,5465.149879456
1,"map(tofrom: a)",16777216,64,304,1,0,472,0,5966.448783875
1,"map(tofrom: a)",16777216,64,304,1,0,3140,0,8808.791637421
1,"map(tofrom: a)",16777216,64,304,1,0,183,0,5585.896968842
1,"map(tofrom: a)",16777216,64,304,1,0,28,0,5421.006679535
1,"map(tofrom: a)",16777216,64,304,1,0,71,0,5466.294288635
1,"map(tofrom: a)",16777216,64,304,1,0,1218,0,6705.248355865
1,"map(tofrom: a)",16777216,64,304,1,0,294,0,5706.846714020
1,"map(tofrom: a)",16777216,64,304,1,0,1,0,5389.153957367
1,"map(tofrom: a)",16777216,64,304,1,0,7,0,5397.844314575
1,"map(tofrom: a)",16777216,64,304,1,0,1955,0,7521.998882294
1,"map(tofrom: a)",16777216,64,304,1,0,758,0,6200.802326202
1,"map(tofrom: a)",16777216,64,304,1,0,114,0,5514.454841614
1,"map(tofrom: a)",16777216,64,304,1,0,11,0,5400.252342224
1,"map(tofrom: a)",16777216,64,304,1,0,3,0,5420.994758606
1,"map(tofrom: a)",16777216,64,304,1,0,8096,0,14079.856872559
1,"map(tofrom: a)",16777216,64,304,1,0,44,0,5439.853668213
1,"map(tofrom: a)",16777216,64,304,1,0,17,0,5409.896373749
1,"map(tofrom: a)",16777216,64,304,1,0,5042,0,10877.799987793
1,"map(tofrom: a)",16777216,64,304,1,1,758,0,6203.246116638
1,"map(tofrom: a)",16777216,64,304,1,1,3,0,5391.848087311
1,"map(tofrom: a)",16777216,64,304,1,1,3140,0,8772.194385529
1,"map(tofrom: a)",16777216,64,304,1,1,1955,0,7513.105869293
1,"map(tofrom: a)",16777216,64,304,1,1,44,0,5485.558509827
1,"map(tofrom: a)",16777216,64,304,1,1,17,0,5445.957183838
1,"map(tofrom: a)",16777216,64,304,1,1,294,0,5708.003044128
1,"map(tofrom: a)",16777216,64,304,1,1,28,0,5420.398712158
1,"map(tofrom: a)",16777216,64,304,1,1,114,0,5512.297153473
1,"map(tofrom: a)",16777216,64,304,1,1,2,0,5390.346050262
1,"map(tofrom: a)",16777216,64,304,1,1,7,0,5396.842956543
1,"map(tofrom: a)",16777216,64,304,1,1,183,0,5590.009689331
1,"map(tofrom: a)",16777216,64,304,1,1,8096,0,14056.456089020
1,"map(tofrom: a)",16777216,64,304,1,1,11,0,5402.100086212
1,"map(tofrom: a)",16777216,64,304,1,1,1,0,5389.595031738
1,"map(tofrom: a)",16777216,64,304,1,1,1218,0,6713.497638702
1,"map(tofrom: a)",16777216,64,304,1,1,472,0,5895.006656647
1,"map(tofrom: a)",16777216,64,304,1,1,71,0,5467.450618744
1,"map(tofrom: a)",16777216,64,304,1,1,5042,0,10792.851448059
1,"map(tofrom: a)",16777216,64,304,1,1,4,0,5396.354198456
1,"map(tofrom: a)",16777216,64,304,1,2,2,0,5452.239513397
1,"map(tofrom: a)",16777216,64,304,1,2,71,0,5465.602874756
1,"map(tofrom: a)",16777216,64,304,1,2,17,0,5408.453941345
1,"map(tofrom: a)",16777216,64,304,1,2,472,0,5900.657176971
1,"map(tofrom: a)",16777216,64,304,1,2,5042,0,10829.901695251
1,"map(tofrom: a)",16777216,64,304,1,2,28,0,5418.801307678
1,"map(tofrom: a)",16777216,64,304,1,2,44,0,5438.852310181
1,"map(tofrom: a)",16777216,64,304,1,2,1218,0,6708.693504333
1,"map(tofrom: a)",16777216,64,304,1,2,4,0,5392.551422119
1,"map(tofrom: a)",16777216,64,304,1,2,1955,0,7510.101795197
1,"map(tofrom: a)",16777216,64,304,1,2,183,0,5587.100982666
1,"map(tofrom: a)",16777216,64,304,1,2,7,0,5396.795272827
1,"map(tofrom: a)",16777216,64,304,1,2,758,0,6200.540065765
1,"map(tofrom: a)",16777216,64,304,1,2,1,0,5437.397956848
1,"map(tofrom: a)",16777216,64,304,1,2,3140,0,8754.694461823
1,"map(tofrom: a)",16777216,64,304,1,2,8096,0,14182.901382446
1,"map(tofrom: a)",16777216,64,304,1,2,3,0,5393.350124359
1,"map(tofrom: a)",16777216,64,304,1,2,114,0,5513.298511505
1,"map(tofrom: a)",16777216,64,304,1,2,11,0,5401.003360748
1,"map(tofrom: a)",16777216,64,304,1,2,294,0,5707.144737244
1,"map(tofrom: a)",16777216,64,304,1,3,1,0,5391.359329224
1,"map(tofrom: a)",16777216,64,304,1,3,17,0,5409.049987793
1,"map(tofrom: a)",16777216,64,304,1,3,294,0,5706.596374512
1,"map(tofrom: a)",16777216,64,304,1,3,5042,0,10854.148864746
1,"map(tofrom: a)",16777216,64,304,1,3,114,0,5512.392520905
1,"map(tofrom: a)",16777216,64,304,1,3,28,0,5421.006679535
1,"map(tofrom: a)",16777216,64,304,1,3,1218,0,6715.607643127
1,"map(tofrom: a)",16777216,64,304,1,3,2,0,5465.543270111
1,"map(tofrom: a)",16777216,64,304,1,3,3,0,5391.705036163
1,"map(tofrom: a)",16777216,64,304,1,3,4,0,5392.849445343
1,"map(tofrom: a)",16777216,64,304,1,3,758,0,6197.893619537
1,"map(tofrom: a)",16777216,64,304,1,3,11,0,5402.147769928
1,"map(tofrom: a)",16777216,64,304,1,3,44,0,5438.351631165
1,"map(tofrom: a)",16777216,64,304,1,3,472,0,5897.295475006
1,"map(tofrom: a)",16777216,64,304,1,3,7,0,5395.555496216
1,"map(tofrom: a)",16777216,64,304,1,3,1955,0,7518.291473389
1,"map(tofrom: a)",16777216,64,304,1,3,71,0,5466.151237488
1,"map(tofrom: a)",16777216,64,304,1,3,183,0,5587.494373322
1,"map(tofrom: a)",16777216,64,304,1,3,8096,0,14082.849025726
1,"map(tofrom: a)",16777216,64,304,1,3,3140,0,8866.846561432
1,"map(tofrom: a)",16777216,64,304,1,4,472,0,5898.654460907
1,"map(tofrom: a)",16777216,64,304,1,4,71,0,5465.948581696
1,"map(tofrom: a)",16777216,64,304,1,4,1,0,5390.393733978
1,"map(tofrom: a)",16777216,64,304,1,4,11,0,5400.407314301
1,"map(tofrom: a)",16777216,64,304,1,4,4,0,5394.148826599
1,"map(tofrom: a)",16777216,64,304,1,4,3140,0,8786.511421204
1,"map(tofrom: a)",16777216,64,304,1,4,28,0,5419.456958771
1,"map(tofrom: a)",16777216,64,304,1,4,1218,0,6716.501712799
1,"map(tofrom: a)",16777216,64,304,1,4,2,0,5389.153957367
1,"map(tofrom: a)",16777216,64,304,1,4,183,0,5590.796470642
1,"map(tofrom: a)",16777216,64,304,1,4,5042,0,10833.346843719
1,"map(tofrom: a)",16777216,64,304,1,4,114,0,5585.002899170
1,"map(tofrom: a)",16777216,64,304,1,4,3,0,5392.539501190
1,"map(tofrom: a)",16777216,64,304,1,4,44,0,5438.601970673
1,"map(tofrom: a)",16777216,64,304,1,4,758,0,6203.293800354
1,"map(tofrom: a)",16777216,64,304,1,4,8096,0,14149.749279022
1,"map(tofrom: a)",16777216,64,304,1,4,1955,0,7504.951953888
1,"map(tofrom: a)",16777216,64,304,1,4,294,0,5707.049369812
1,"map(tofrom: a)",16777216,64,304,1,4,7,0,5395.257472992
1,"map(tofrom: a)",16777216,64,304,1,4,17,0,5410.051345825
2,"map(to: a)",1,64,304,0,0,7,0,216.996669769
2,"map(to: a)",1,64,304,0,0,114,0,335.693359375
2,"map(to: a)",1,64,304,0,0,3,0,210.452079773
2,"map(to: a)",1,64,304,0,0,17,0,227.701663971
2,"map(to: a)",1,64,304,0,0,1,0,208.854675293
2,"map(to: a)",1,64,304,0,0,44,0,256.502628326
2,"map(to: a)",1,64,304,0,0,294,0,526.046752930
2,"map(to: a)",1,64,304,0,0,3140,0,3631.198406219
2,"map(to: a)",1,64,304,0,0,4,0,212.144851685
2,"map(to: a)",1,64,304,0,0,1955,0,2322.006225586
2,"map(to: a)",1,64,304,0,0,183,0,408.995151520
2,"map(to: a)",1,64,304,0,0,8096,0,8977.794647217
2,"map(to: a)",1,64,304,0,0,758,0,1027.941703796
2,"map(to: a)",1,64,304,0,0,71,0,288.605690002
2,"map(to: a)",1,64,304,0,0,2,0,208.652019501
2,"map(to: a)",1,64,304,0,0,11,0,219.500064850
2,"map(to: a)",1,64,304,0,0,28,0,238.001346588
2,"map(to: a)",1,64,304,0,0,5042,0,5639.398097992
2,"map(to: a)",1,64,304,0,0,1218,0,1512.849330902
2,"map(to: a)",1,64,304,0,0,472,0,726.199150085
2,"map(to: a)",1,64,304,0,1,4,0,212.192535400
2,"map(to: a)",1,64,304,0,1,1,0,209.403038025
2,"map(to: a)",1,64,304,0,1,17,0,226.998329163
2,"map(to: a)",1,64,304,0,1,28,0,238.597393036
2,"map(to: a)",1,64,304,0,1,11,0,219.297409058
2,"map(to: a)",1,64,304,0,1,3140,0,3604.400157928
2,"map(to: a)",1,64,304,0,1,2,0,209.152698517
2,"map(to: a)",1,64,304,0,1,758,0,1034.402847290
2,"map(to: a)",1,64,304,0,1,1218,0,1521.301269531
2,"map(to: a)",1,64,304,0,1,44,0,256.407260895
2,"map(to: a)",1,64,304,0,1,71,0,288.248062134
2,"map(to: a)",1,64,304,0,1,114,0,335.955619812
2,"map(to: a)",1,64,304,0,1,294,0,529.098510742
2,"map(to: a)",1,64,304,0,1,7,0,215.053558350
2,"map(to: a)",1,64,304,0,1,183,0,408.542156219
2,"map(to: a)",1,64,304,0,1,8096,0,9004.604816437
2,"map(to: a)",1,64,304,0,1,472,0,718.247890472
2,"map(to: a)",1,64,304,0,1,1955,0,2327.799797058
2,"map(to: a)",1,64,304,0,1,3,0,210.249423981
2,"map(to: a)",1,64,304,0,1,5042,0,5704.498291016
2,"map(to: a)",1,64,304,0,2,3,0,210.142135620
2,"map(to: a)",1,64,304,0,2,44,0,256.502628326
2,"map(to: a)",1,64,304,0,2,1,0,208.747386932
2,"map(to: a)",1,64,304,0,2,183,0,411.355495453
2,"map(to: a)",1,64,304,0,2,294,0,528.049468994
2,"map(to: a)",1,64,304,0,2,5042,0,5640.399456024
2,"map(to: a)",1,64,304,0,2,7,0,214.898586273
2,"map(to: a)",1,64,304,0,2,8096,0,8973.693847656
2,"map(to: a)",1,64,304,0,2,2,0,209.403038025
2,"map(to: a)",1,64,304,0,2,114,0,333.905220032
2,"map(to: a)",1,64,304,0,2,71,0,288.748741150
2,"map(to: a)",1,64,304,0,2,1955,0,2334.845066071
2,"map(to: a)",1,64,304,0,2,17,0,227.451324463
2,"map(to: a)",1,64,304,0,2,472,0,720.596313477
2,"map(to: a)",1,64,304,0,2,11,0,219.547748566
2,"map(to: a)",1,64,304,0,2,1218,0,1535.499095917
2,"map(to: a)",1,64,304,0,2,4,0,212.347507477
2,"map(to: a)",1,64,304,0,2,3140,0,3609.454631805
2,"map(to: a)",1,64,304,0,2,758,0,1020.407676697
2,"map(to: a)",1,64,304,0,2,28,0,238.406658173
2,"map(to: a)",1,64,304,0,3,11,0,219.953060150
2,"map(to: a)",1,64,304,0,3,4,0,212.252140045
2,"map(to: a)",1,64,304,0,3,5042,0,5609.798431396
2,"map(to: a)",1,64,304,0,3,183,0,410.854816437
2,"map(to: a)",1,64,304,0,3,17,0,227.248668671
2,"map(to: a)",1,64,304,0,3,3,0,210.249423981
2,"map(to: a)",1,64,304,0,3,28,0,237.798690796
2,"map(to: a)",1,64,304,0,3,1218,0,1528.847217560
2,"map(to: a)",1,64,304,0,3,114,0,335.001945496
2,"map(to: a)",1,64,304,0,3,758,0,1025.247573853
2,"map(to: a)",1,64,304,0,3,1955,0,2316.999435425
2,"map(to: a)",1,64,304,0,3,472,0,724.947452545
2,"map(to: a)",1,64,304,0,3,7,0,214.648246765
2,"map(to: a)",1,64,304,0,3,44,0,256.299972534
2,"map(to: a)",1,64,304,0,3,3140,0,3571.546077728
2,"map(to: a)",1,64,304,0,3,8096,0,9022.498130798
2,"map(to: a)",1,64,304,0,3,71,0,288.450717926
2,"map(to: a)",1,64,304,0,3,1,0,208.842754364
2,"map(to: a)",1,64,304,0,3,2,0,208.449363708
2,"map(to: a)",1,64,304,0,3,294,0,532.197952271
2,"map(to: a)",1,64,304,0,4,3,0,210.452079773
2,"map(to: a)",1,64,304,0,4,8096,0,8920.896053314
2,"map(to: a)",1,64,304,0,4,1,0,208.497047424
2,"map(to: a)",1,64,304,0,4,28,0,238.204002380
2,"map(to: a)",1,64,304,0,4,17,0,227.296352386
2,"map(to: a)",1,64,304,0,4,5042,0,5628.752708435
2,"map(to: a)",1,64,304,0,4,7,0,215.446949005
2,"map(to: a)",1,64,304,0,4,114,0,335.741043091
2,"map(to: a)",1,64,304,0,4,44,0,256.502628326
2,"map(to: a)",1,64,304,0,4,2,0,209.057331085
2,"map(to: a)",1,64,304,0,4,294,0,526.845455170
2,"map(to: a)",1,64,304,0,4,758,0,1037.395000458
2,"map(to: a)",1,64,304,0,4,183,0,408.303737640
2,"map(to: a)",1,64,304,0,4,4,0,212.347507477
2,"map(to: a)",1,64,304,0,4,1218,0,1509.642601013
2,"map(to: a)",1,64,304,0,4,71,0,289.595127106
2,"map(to: a)",1,64,304,0,4,1955,0,2312.099933624
2,"map(to: a)",1,64,304,0,4,11,0,219.595432281
2,"map(to: a)",1,64,304,0,4,472,0,717.997550964
2,"map(to: a)",1,64,304,0,4,3140,0,3630.244731903
2,"map(to: a)",1,64,304,1,0,2,0,209.951400757
2,"map(to: a)",1,64,304,1,0,4,0,212.299823761
2,"map(to: a)",1,64,304,1,0,472,0,719.106197357
2,"map(to: a)",1,64,304,1,0,3140,0,3619.349002838
2,"map(to: a)",1,64,304,1,0,183,0,409.746170044
2,"map(to: a)",1,64,304,1,0,28,0,237.703323364
2,"map(to: a)",1,64,304,1,0,71,0,288.748741150
2,"map(to: a)",1,64,304,1,0,1218,0,1533.007621765
2,"map(to: a)",1,64,304,1,0,294,0,528.299808502
2,"map(to: a)",1,64,304,1,0,1,0,208.342075348
2,"map(to: a)",1,64,304,1,0,7,0,214.457511902
2,"map(to: a)",1,64,304,1,0,1955,0,2348.649501801
2,"map(to: a)",1,64,304,1,0,758,0,1023.900508881
2,"map(to: a)",1,64,304,1,0,114,0,335.645675659
2,"map(to: a)",1,64,304,1,0,11,0,219.452381134
2,"map(to: a)",1,64,304,1,0,3,0,210.201740265
2,"map(to: a)",1,64,304,1,0,8096,0,8913.457393646
2,"map(to: a)",1,64,304,1,0,44,0,256.443023682
2,"map(to: a)",1,64,304,1,0,17,0,226.950645447
2,"map(to: a)",1,64,304,1,0,5042,0,5674.600601196
2,"map(to: a)",1,64,304,1,1,758,0,1027.798652649
2,"map(to: a)",1,64,304,1,1,3,0,209.999084473
2,"map(to: a)",1,64,304,1,1,3140,0,3591.299057007
2,"map(to: a)",1,64,304,1,1,1955,0,2335.405349731
2,"map(to: a)",1,64,304,1,1,44,0,256.550312042
2,"map(to: a)",1,64,304,1,1,17,0,227.653980255
2,"map(to: a)",1,64,304,1,1,294,0,526.893138885
2,"map(to: a)",1,64,304,1,1,28,0,238.597393036
2,"map(to: a)",1,64,304,1,1,114,0,334.298610687
2,"map(to: a)",1,64,304,1,1,2,0,208.902359009
2,"map(to: a)",1,64,304,1,1,7,0,214.350223541
2,"map(to: a)",1,64,304,1,1,183,0,411.903858185
2,"map(to: a)",1,64,304,1,1,8096,0,8882.796764374
2,"map(to: a)",1,64,304,1,1,11,0,219.905376434
2,"map(to: a)",1,64,304,1,1,1,0,208.842754364
2,"map(to: a)",1,64,304,1,1,1218,0,1532.495021820
2,"map(to: a)",1,64,304,1,1,472,0,720.393657684
2,"map(to: a)",1,64,304,1,1,71,0,289.106369019
2,"map(to: a)",1,64,304,1,1,5042,0,5626.857280731
2,"map(to: a)",1,64,304,1,1,4,0,212.943553925
2,"map(to: a)",1,64,304,1,2,2,0,208.795070648
2,"map(to: a)",1,64,304,1,2,71,0,288.856029510
2,"map(to: a)",1,64,304,1,2,17,0,227.248668671
2,"map(to: a)",1,64,304,1,2,472,0,725.340843201
2,"map(to: a)",1,64,304,1,2,5042,0,5628.001689911
2,"map(to: a)",1,64,304,1,2,28,0,238.239765167
2,"map(to: a)",1,64,304,1,2,44,0,256.240367889
2,"map(to: a)",1,64,304,1,2,1218,0,1537.048816681
2,"map(to: a)",1,64,304,1,2,4,0,212.550163269
2,"map(to: a)",1,64,304,1,2,1955,0,2330.350875854
2,"map(to: a)",1,64,304,1,2,183,0,407.803058624
2,"map(to: a)",1,64,304,1,2,7,0,214.707851410
2,"map(to: a)",1,64,304,1,2,758,0,1026.642322540
2,"map(to: a)",1,64,304,1,2,1,0,208.795070648
2,"map(to: a)",1,64,304,1,2,3140,0,3592.240810394
2,"map(to: a)",1,64,304,1,2,8096,0,8978.998661041
2,"map(to: a)",1,64,304,1,2,3,0,210.249423981
2,"map(to: a)",1,64,304,1,2,114,0,334.894657135
2,"map(to: a)",1,64,304,1,2,11,0,219.607353210
2,"map(to: a)",1,64,304,1,2,294,0,531.101226807
2,"map(to: a)",1,64,304,1,3,1,0,208.950042725
2,"map(to: a)",1,64,304,1,3,17,0,227.200984955
2,"map(to: a)",1,64,304,1,3,294,0,526.750087738
2,"map(to: a)",1,64,304,1,3,5042,0,5706.405639648
2,"map(to: a)",1,64,304,1,3,114,0,334.250926971
2,"map(to: a)",1,64,304,1,3,28,0,238.144397736
2,"map(to: a)",1,64,304,1,3,1218,0,1509.296894073
2,"map(to: a)",1,64,304,1,3,2,0,209.093093872
2,"map(to: a)",1,64,304,1,3,3,0,210.106372833
2,"map(to: a)",1,64,304,1,3,4,0,212.442874908
2,"map(to: a)",1,64,304,1,3,758,0,1023.149490356
2,"map(to: a)",1,64,304,1,3,11,0,220.108032227
2,"map(to: a)",1,64,304,1,3,44,0,256.395339966
2,"map(to: a)",1,64,304,1,3,472,0,718.557834625
2,"map(to: a)",1,64,304,1,3,7,0,214.493274689
2,"map(to: a)",1,64,304,1,3,1955,0,2337.598800659
2,"map(to: a)",1,64,304,1,3,71,0,288.546085358
2,"map(to: a)",1,64,304,1,3,183,0,408.554077148
2,"map(to: a)",1,64,304,1,3,8096,0,8885.645866394
2,"map(to: a)",1,64,304,1,3,3140,0,3629.803657532
2,"map(to: a)",1,64,304,1,4,472,0,718.796253204
2,"map(to: a)",1,64,304,1,4,71,0,289.344787598
2,"map(to: a)",1,64,304,1,4,1,0,209.391117096
2,"map(to: a)",1,64,304,1,4,11,0,220.108032227
2,"map(to: a)",1,64,304,1,4,4,0,212.156772614
2,"map(to: a)",1,64,304,1,4,3140,0,3612.303733826
2,"map(to: a)",1,64,304,1,4,28,0,237.894058228
2,"map(to: a)",1,64,304,1,4,1218,0,1534.605026245
2,"map(to: a)",1,64,304,1,4,2,0,209.057331085
2,"map(to: a)",1,64,304,1,4,183,0,409.400463104
2,"map(to: a)",1,64,304,1,4,5042,0,5627.799034119
2,"map(to: a)",1,64,304,1,4,114,0,336.146354675
2,"map(to: a)",1,64,304,1,4,3,0,210.249423981
2,"map(to: a)",1,64,304,1,4,44,0,256.454944611
2,"map(to: a)",1,64,304,1,4,758,0,1026.344299316
2,"map(to: a)",1,64,304,1,4,8096,0,8976.900577545
2,"map(to: a)",1,64,304,1,4,1955,0,2323.698997498
2,"map(to: a)",1,64,304,1,4,294,0,529.003143311
2,"map(to: a)",1,64,304,1,4,7,0,215.053558350
2,"map(to: a)",1,64,304,1,4,17,0,227.892398834
2,"map(to: a)",4,64,304,0,0,7,0,216.746330261
2,"map(to: a)",4,64,304,0,0,114,0,335.943698883
2,"map(to: a)",4,64,304,0,0,3,0,210.106372833
2,"map(to: a)",4,64,304,0,0,17,0,227.499008179
2,"map(to: a)",4,64,304,0,0,1,0,208.950042725
2,"map(to: a)",4,64,304,0,0,44,0,256.538391113
2,"map(to: a)",4,64,304,0,0,294,0,527.894496918
2,"map(to: a)",4,64,304,0,0,3140,0,3620.743751526
2,"map(to: a)",4,64,304,0,0,4,0,212.454795837
2,"map(to: a)",4,64,304,0,0,1955,0,2316.451072693
2,"map(to: a)",4,64,304,0,0,183,0,409.400463104
2,"map(to: a)",4,64,304,0,0,8096,0,8976.149559021
2,"map(to: a)",4,64,304,0,0,758,0,1028.895378113
2,"map(to: a)",4,64,304,0,0,71,0,294.303894043
2,"map(to: a)",4,64,304,0,0,2,0,208.854675293
2,"map(to: a)",4,64,304,0,0,11,0,219.905376434
2,"map(to: a)",4,64,304,0,0,28,0,238.049030304
2,"map(to: a)",4,64,304,0,0,5042,0,5660.355091095
2,"map(to: a)",4,64,304,0,0,1218,0,1510.560512543
2,"map(to: a)",4,64,304,0,0,472,0,726.103782654
2,"map(to: a)",4,64,304,0,1,4,0,212.693214417
2,"map(to: a)",4,64,304,0,1,1,0,209.200382233
2,"map(to: a)",4,64,304,0,1,17,0,227.248668671
2,"map(to: a)",4,64,304,0,1,28,0,238.454341888
2,"map(to: a)",4,64,304,0,1,11,0,219.643115997
2,"map(to: a)",4,64,304,0,1,3140,0,3589.797019958
2,"map(to: a)",4,64,304,0,1,2,0,208.795070648
2,"map(to: a)",4,64,304,0,1,758,0,1032.650470734
2,"map(to: a)",4,64,304,0,1,1218,0,1523.053646088
2,"map(to: a)",4,64,304,0,1,44,0,256.502628326
2,"map(to: a)",4,64,304,0,1,71,0,288.641452789
2,"map(to: a)",4,64,304,0,1,114,0,336.194038391
2,"map(to: a)",4,64,304,0,1,294,0,534.451007843
2,"map(to: a)",4,64,304,0,1,7,0,219.655036926
2,"map(to: a)",4,64,304,0,1,183,0,409.555435181
2,"map(to: a)",4,64,304,0,1,8096,0,9033.238887787
2,"map(to: a)",4,64,304,0,1,472,0,718.092918396
2,"map(to: a)",4,64,304,0,1,1955,0,2329.647541046
2,"map(to: a)",4,64,304,0,1,3,0,209.951400757
2,"map(to: a)",4,64,304,0,1,5042,0,5695.748329163
2,"map(to: a)",4,64,304,0,2,3,0,209.903717041
2,"map(to: a)",4,64,304,0,2,44,0,256.705284119
2,"map(to: a)",4,64,304,0,2,1,0,209.248065948
2,"map(to: a)",4,64,304,0,2,183,0,410.759449005
2,"map(to: a)",4,64,304,0,2,294,0,529.444217682
2,"map(to: a)",4,64,304,0,2,5042,0,5624.604225159
2,"map(to: a)",4,64,304,0,2,7,0,214.898586273
2,"map(to: a)",4,64,304,0,2,8096,0,8977.842330933
2,"map(to: a)",4,64,304,0,2,2,0,208.640098572
2,"map(to: a)",4,64,304,0,2,114,0,335.407257080
2,"map(to: a)",4,64,304,0,2,71,0,287.997722626
2,"map(to: a)",4,64,304,0,2,1955,0,2346.050739288
2,"map(to: a)",4,64,304,0,2,17,0,227.046012878
2,"map(to: a)",4,64,304,0,2,472,0,721.657276154
2,"map(to: a)",4,64,304,0,2,11,0,219.452381134
2,"map(to: a)",4,64,304,0,2,1218,0,1536.548137665
2,"map(to: a)",4,64,304,0,2,4,0,212.252140045
2,"map(to: a)",4,64,304,0,2,3140,0,3600.704669952
2,"map(to: a)",4,64,304,0,2,758,0,1023.149490356
2,"map(to: a)",4,64,304,0,2,28,0,238.454341888
2,"map(to: a)",4,64,304,0,3,11,0,219.655036926
2,"map(to: a)",4,64,304,0,3,4,0,212.395191193
2,"map(to: a)",4,64,304,0,3,5042,0,5631.804466248
2,"map(to: a)",4,64,304,0,3,183,0,410.592556000
2,"map(to: a)",4,64,304,0,3,17,0,227.093696594
2,"map(to: a)",4,64,304,0,3,3,0,210.201740265
2,"map(to: a)",4,64,304,0,3,28,0,238.001346588
2,"map(to: a)",4,64,304,0,3,1218,0,1532.149314880
2,"map(to: a)",4,64,304,0,3,114,0,334.799289703
2,"map(to: a)",4,64,304,0,3,758,0,1029.706001282
2,"map(to: a)",4,64,304,0,3,1955,0,2304.399013519
2,"map(to: a)",4,64,304,0,3,472,0,727.355480194
2,"map(to: a)",4,64,304,0,3,7,0,215.101242065
2,"map(to: a)",4,64,304,0,3,44,0,256.359577179
2,"map(to: a)",4,64,304,0,3,3140,0,3570.294380188
2,"map(to: a)",4,64,304,0,3,8096,0,9015.154838562
2,"map(to: a)",4,64,304,0,3,71,0,288.903713226
2,"map(to: a)",4,64,304,0,3,1,0,208.747386932
2,"map(to: a)",4,64,304,0,3,2,0,208.997726440
2,"map(to: a)",4,64,304,0,3,294,0,530.910491943
2,"map(to: a)",4,64,304,0,4,3,0,210.499763489
2,"map(to: a)",4,64,304,0,4,8096,0,8903.694152832
2,"map(to: a)",4,64,304,0,4,1,0,208.699703217
2,"map(to: a)",4,64,304,0,4,28,0,238.394737244
2,"map(to: a)",4,64,304,0,4,17,0,227.057933807
2,"map(to: a)",4,64,304,0,4,5042,0,5639.648437500
2,"map(to: a)",4,64,304,0,4,7,0,214.755535126
2,"map(to: a)",4,64,304,0,4,114,0,335.848331451
2,"map(to: a)",4,64,304,0,4,44,0,255.954265594
2,"map(to: a)",4,64,304,0,4,2,0,208.950042725
2,"map(to: a)",4,64,304,0,4,294,0,525.999069214
2,"map(to: a)",4,64,304,0,4,758,0,1037.800312042
2,"map(to: a)",4,64,304,0,4,183,0,408.506393433
2,"map(to: a)",4,64,304,0,4,4,0,212.955474854
2,"map(to: a)",4,64,304,0,4,1218,0,1512.897014618
2,"map(to: a)",4,64,304,0,4,71,0,289.654731750
2,"map(to: a)",4,64,304,0,4,1955,0,2323.853969574
2,"map(to: a)",4,64,304,0,4,11,0,219.547748566
2,"map(to: a)",4,64,304,0,4,472,0,718.545913696
2,"map(to: a)",4,64,304,0,4,3140,0,3619.754314423
2,"map(to: a)",4,64,304,1,0,2,0,208.902359009
2,"map(to: a)",4,64,304,1,0,4,0,212.252140045
2,"map(to: a)",4,64,304,1,0,472,0,718.200206757
2,"map(to: a)",4,64,304,1,0,3140,0,3628.659248352
2,"map(to: a)",4,64,304,1,0,183,0,408.995151520
2,"map(to: a)",4,64,304,1,0,28,0,238.597393036
2,"map(to: a)",4,64,304,1,0,71,0,288.105010986
2,"map(to: a)",4,64,304,1,0,1218,0,1535.749435425
2,"map(to: a)",4,64,304,1,0,294,0,527.858734131
2,"map(to: a)",4,64,304,1,0,1,0,209.093093872
2,"map(to: a)",4,64,304,1,0,7,0,214.791297913
2,"map(to: a)",4,64,304,1,0,1955,0,2346.551418304
2,"map(to: a)",4,64,304,1,0,758,0,1026.046276093
2,"map(to: a)",4,64,304,1,0,114,0,335.252285004
2,"map(to: a)",4,64,304,1,0,11,0,219.500064850
2,"map(to: a)",4,64,304,1,0,3,0,210.094451904
2,"map(to: a)",4,64,304,1,0,8096,0,8937.191963196
2,"map(to: a)",4,64,304,1,0,44,0,256.407260895
2,"map(to: a)",4,64,304,1,0,17,0,227.546691895
2,"map(to: a)",4,64,304,1,0,5042,0,5679.452419281
2,"map(to: a)",4,64,304,1,1,758,0,1027.202606201
2,"map(to: a)",4,64,304,1,1,3,0,210.249423981
2,"map(to: a)",4,64,304,1,1,3140,0,3575.646877289
2,"map(to: a)",4,64,304,1,1,1955,0,2348.256111145
2,"map(to: a)",4,64,304,1,1,44,0,256.156921387
2,"map(to: a)",4,64,304,1,1,17,0,227.200984955
2,"map(to: a)",4,64,304,1,1,294,0,526.297092438
2,"map(to: a)",4,64,304,1,1,28,0,238.502025604
2,"map(to: a)",4,64,304,1,1,114,0,334.346294403
2,"map(to: a)",4,64,304,1,1,2,0,209.057331085
2,"map(to: a)",4,64,304,1,1,7,0,215.101242065
2,"map(to: a)",4,64,304,1,1,183,0,411.152839661
2,"map(to: a)",4,64,304,1,1,8096,0,8929.753303528
2,"map(to: a)",4,64,304,1,1,11,0,220.000743866
2,"map(to: a)",4,64,304,1,1,1,0,208.652019501
2,"map(to: a)",4,64,304,1,1,1218,0,1528.799533844
2,"map(to: a)",4,64,304,1,1,472,0,720.691680908
2,"map(to: a)",4,64,304,1,1,71,0,292.849540710
2,"map(to: a)",4,64,304,1,1,5042,0,5622.994899750
2,"map(to: a)",4,64,304,1,1,4,0,213.193893433
2,"map(to: a)",4,64,304,1,2,2,0,209.093093872
2,"map(to: a)",4,64,304,1,2,71,0,289.106369019
2,"map(to: a)",4,64,304,1,2,17,0,227.248668671
2,"map(to: a)",4,64,304,1,2,472,0,726.592540741
2,"map(to: a)",4,64,304,1,2,5042,0,5613.255500793
2,"map(to: a)",4,64,304,1,2,28,0,238.347053528
2,"map(to: a)",4,64,304,1,2,44,0,256.097316742
2,"map(to: a)",4,64,304,1,2,1218,0,1534.748077393
2,"map(to: a)",4,64,304,1,2,4,0,212.299823761
2,"map(to: a)",4,64,304,1,2,1955,0,2321.851253510
2,"map(to: a)",4,64,304,1,2,183,0,408.804416656
2,"map(to: a)",4,64,304,1,2,7,0,215.196609497
2,"map(to: a)",4,64,304,1,2,758,0,1028.251647949
2,"map(to: a)",4,64,304,1,2,1,0,209.009647369
2,"map(to: a)",4,64,304,1,2,3140,0,3593.099117279
2,"map(to: a)",4,64,304,1,2,8096,0,8974.242210388
2,"map(to: a)",4,64,304,1,2,3,0,210.404396057
2,"map(to: a)",4,64,304,1,2,114,0,334.846973419
2,"map(to: a)",4,64,304,1,2,11,0,219.452381134
2,"map(to: a)",4,64,304,1,2,294,0,532.603263855
2,"map(to: a)",4,64,304,1,3,1,0,209.057331085
2,"map(to: a)",4,64,304,1,3,17,0,227.296352386
2,"map(to: a)",4,64,304,1,3,294,0,526.440143585
2,"map(to: a)",4,64,304,1,3,5042,0,5709.743499756
2,"map(to: a)",4,64,304,1,3,114,0,334.298610687
2,"map(to: a)",4,64,304,1,3,28,0,238.299369812
2,"map(to: a)",4,64,304,1,3,1218,0,1514.244079590
2,"map(to: a)",4,64,304,1,3,2,0,209.403038025
2,"map(to: a)",4,64,304,1,3,3,0,209.999084473
2,"map(to: a)",4,64,304,1,3,4,0,212.597846985
2,"map(to: a)",4,64,304,1,3,758,0,1024.997234344
2,"map(to: a)",4,64,304,1,3,11,0,219.905376434
2,"map(to: a)",4,64,304,1,3,44,0,256.800651550
2,"map(to: a)",4,64,304,1,3,472,0,719.201564789
2,"map(to: a)",4,64,304,1,3,7,0,214.850902557
2,"map(to: a)",4,64,304,1,3,1955,0,2343.392372131
2,"map(to: a)",4,64,304,1,3,71,0,288.498401642
2,"map(to: a)",4,64,304,1,3,183,0,409.889221191
2,"map(to: a)",4,64,304,1,3,8096,0,8847.105503082
2,"map(to: a)",4,64,304,1,3,3140,0,3636.801242828
2,"map(to: a)",4,64,304,1,4,472,0,717.353820801
2,"map(to: a)",4,64,304,1,4,71,0,288.951396942
2,"map(to: a)",4,64,304,1,4,1,0,208.806991577
2,"map(to: a)",4,64,304,1,4,11,0,219.750404358
2,"map(to: a)",4,64,304,1,4,4,0,212.252140045
2,"map(to: a)",4,64,304,1,4,3140,0,3596.651554108
2,"map(to: a)",4,64,304,1,4,28,0,238.502025604
2,"map(to: a)",4,64,304,1,4,1218,0,1527.345180511
2,"map(to: a)",4,64,304,1,4,2,0,209.200382233
2,"map(to: a)",4,64,304,1,4,183,0,408.697128296
2,"map(to: a)",4,64,304,1,4,5042,0,5626.499652863
2,"map(to: a)",4,64,304,1,4,114,0,336.289405823
2,"map(to: a)",4,64,304,1,4,3,0,210.201740265
2,"map(to: a)",4,64,304,1,4,44,0,256.752967834
2,"map(to: a)",4,64,304,1,4,758,0,1023.304462433
2,"map(to: a)",4,64,304,1,4,8096,0,9021.544456482
2,"map(to: a)",4,64,304,1,4,1955,0,2313.005924225
2,"map(to: a)",4,64,304,1,4,294,0,529.754161835
2,"map(to: a)",4,64,304,1,4,7,0,214.743614197
2,"map(to: a)",4,64,304,1,4,17,0,227.546691895
2,"map(to: a)",16,64,304,0,0,7,0,216.603279114
2,"map(to: a)",16,64,304,0,0,114,0,335.049629211
2,"map(to: a)",16,64,304,0,0,3,0,210.392475128
2,"map(to: a)",16,64,304,0,0,17,0,227.403640747
2,"map(to: a)",16,64,304,0,0,1,0,208.747386932
2,"map(to: a)",16,64,304,0,0,44,0,256.097316742
2,"map(to: a)",16,64,304,0,0,294,0,528.204441071
2,"map(to: a)",16,64,304,0,0,3140,0,3621.399402618
2,"map(to: a)",16,64,304,0,0,4,0,212.240219116
2,"map(to: a)",16,64,304,0,0,1955,0,2321.946620941
2,"map(to: a)",16,64,304,0,0,183,0,408.005714417
2,"map(to: a)",16,64,304,0,0,8096,0,9019.744396210
2,"map(to: a)",16,64,304,0,0,758,0,1022.899150848
2,"map(to: a)",16,64,304,0,0,71,0,289.297103882
2,"map(to: a)",16,64,304,0,0,2,0,208.699703217
2,"map(to: a)",16,64,304,0,0,11,0,219.750404358
2,"map(to: a)",16,64,304,0,0,28,0,237.798690796
2,"map(to: a)",16,64,304,0,0,5042,0,5644.845962524
2,"map(to: a)",16,64,304,0,0,1218,0,1513.946056366
2,"map(to: a)",16,64,304,0,0,472,0,723.791122437
2,"map(to: a)",16,64,304,0,1,4,0,212.359428406
2,"map(to: a)",16,64,304,0,1,1,0,208.997726440
2,"map(to: a)",16,64,304,0,1,17,0,227.248668671
2,"map(to: a)",16,64,304,0,1,28,0,238.108634949
2,"map(to: a)",16,64,304,0,1,11,0,219.142436981
2,"map(to: a)",16,64,304,0,1,3140,0,3587.198257446
2,"map(to: a)",16,64,304,0,1,2,0,209.045410156
2,"map(to: a)",16,64,304,0,1,758,0,1033.747196198
2,"map(to: a)",16,64,304,0,1,1218,0,1515.746116638
2,"map(to: a)",16,64,304,0,1,44,0,256.657600403
2,"map(to: a)",16,64,304,0,1,71,0,287.997722626
2,"map(to: a)",16,64,304,0,1,114,0,336.599349976
2,"map(to: a)",16,64,304,0,1,294,0,527.644157410
2,"map(to: a)",16,64,304,0,1,7,0,215.101242065
2,"map(to: a)",16,64,304,0,1,183,0,407.755374908
2,"map(to: a)",16,64,304,0,1,8096,0,9014.654159546
2,"map(to: a)",16,64,304,0,1,472,0,720.143318176
2,"map(to: a)",16,64,304,0,1,1955,0,2326.858043671
2,"map(to: a)",16,64,304,0,1,3,0,210.654735565
2,"map(to: a)",16,64,304,0,1,5042,0,5677.592754364
2,"map(to: a)",16,64,304,0,2,3,0,210.499763489
2,"map(to: a)",16,64,304,0,2,44,0,256.299972534
2,"map(to: a)",16,64,304,0,2,1,0,208.449363708
2,"map(to: a)",16,64,304,0,2,183,0,410.401821136
2,"map(to: a)",16,64,304,0,2,294,0,528.895854950
2,"map(to: a)",16,64,304,0,2,5042,0,5643.999576569
2,"map(to: a)",16,64,304,0,2,7,0,214.850902557
2,"map(to: a)",16,64,304,0,2,8096,0,9023.451805115
2,"map(to: a)",16,64,304,0,2,2,0,209.200382233
2,"map(to: a)",16,64,304,0,2,114,0,335.502624512
2,"map(to: a)",16,64,304,0,2,71,0,287.747383118
2,"map(to: a)",16,64,304,0,2,1955,0,2348.291873932
2,"map(to: a)",16,64,304,0,2,17,0,227.248668671
2,"map(to: a)",16,64,304,0,2,472,0,720.906257629
2,"map(to: a)",16,64,304,0,2,11,0,219.154357910
2,"map(to: a)",16,64,304,0,2,1218,0,1531.052589417
2,"map(to: a)",16,64,304,0,2,4,0,212.395191193
2,"map(to: a)",16,64,304,0,2,3140,0,3585.898876190
2,"map(to: a)",16,64,304,0,2,758,0,1025.450229645
2,"map(to: a)",16,64,304,0,2,28,0,238.656997681
2,"map(to: a)",16,64,304,0,3,11,0,219.500064850
2,"map(to: a)",16,64,304,0,3,4,0,212.550163269
2,"map(to: a)",16,64,304,0,3,5042,0,5615.901947021
2,"map(to: a)",16,64,304,0,3,183,0,411.593914032
2,"map(to: a)",16,64,304,0,3,17,0,227.296352386
2,"map(to: a)",16,64,304,0,3,3,0,210.094451904
2,"map(to: a)",16,64,304,0,3,28,0,237.894058228
2,"map(to: a)",16,64,304,0,3,1218,0,1535.356044769
2,"map(to: a)",16,64,304,0,3,114,0,334.548950195
2,"map(to: a)",16,64,304,0,3,758,0,1030.898094177
2,"map(to: a)",16,64,304,0,3,1955,0,2304.148674011
2,"map(to: a)",16,64,304,0,3,472,0,725.698471069
2,"map(to: a)",16,64,304,0,3,7,0,214.803218842
2,"map(to: a)",16,64,304,0,3,44,0,256.204605103
2,"map(to: a)",16,64,304,0,3,3140,0,3589.105606079
2,"map(to: a)",16,64,304,0,3,8096,0,9067.952632904
2,"map(to: a)",16,64,304,0,3,71,0,288.951396942
2,"map(to: a)",16,64,304,0,3,1,0,209.093093872
2,"map(to: a)",16,64,304,0,3,2,0,208.604335785
2,"map(to: a)",16,64,304,0,3,294,0,530.898571014
2,"map(to: a)",16,64,304,0,4,3,0,210.201740265
2,"map(to: a)",16,64,304,0,4,8096,0,8928.894996643
2,"map(to: a)",16,64,304,0,4,1,0,209.093093872
2,"map(to: a)",16,64,304,0,4,28,0,238.204002380
2,"map(to: a)",16,64,304,0,4,17,0,226.998329163
2,"map(to: a)",16,64,304,0,4,5042,0,5654.549598694
2,"map(to: a)",16,64,304,0,4,7,0,214.850902557
2,"map(to: a)",16,64,304,0,4,114,0,336.396694183
2,"map(to: a)",16,64,304,0,4,44,0,256.001949310
2,"map(to: a)",16,64,304,0,4,2,0,208.854675293
2,"map(to: a)",16,64,304,0,4,294,0,526.797771454
2,"map(to: a)",16,64,304,0,4,758,0,1034.152507782
2,"map(to: a)",16,64,304,0,4,183,0,409.555435181
2,"map(to: a)",16,64,304,0,4,4,0,212.657451630
2,"map(to: a)",16,64,304,0,4,1218,0,1517.856121063
2,"map(to: a)",16,64,304,0,4,71,0,288.951396942
2,"map(to: a)",16,64,304,0,4,1955,0,2325.594425201
2,"map(to: a)",16,64,304,0,4,11,0,219.845771790
2,"map(to: a)",16,64,304,0,4,472,0,718.045234680
2,"map(to: a)",16,64,304,0,4,3140,0,3626.751899719
2,"map(to: a)",16,64,304,1,0,2,0,208.950042725
2,"map(to: a)",16,64,304,1,0,4,0,212.752819061
2,"map(to: a)",16,64,304,1,0,472,0,718.903541565
2,"map(to: a)",16,64,304,1,0,3140,0,3640.592098236
2,"map(to: a)",16,64,304,1,0,183,0,408.148765564
2,"map(to: a)",16,64,304,1,0,28,0,238.001346588
2,"map(to: a)",16,64,304,1,0,71,0,288.045406342
2,"map(to: a)",16,64,304,1,0,1218,0,1534.104347229
2,"map(to: a)",16,64,304,1,0,294,0,528.097152710
2,"map(to: a)",16,64,304,1,0,1,0,208.699703217
2,"map(to: a)",16,64,304,1,0,7,0,214.993953705
2,"map(to: a)",16,64,304,1,0,1955,0,2336.990833282
2,"map(to: a)",16,64,304,1,0,758,0,1028.800010681
2,"map(to: a)",16,64,304,1,0,114,0,335.001945496
2,"map(to: a)",16,64,304,1,0,11,0,219.750404358
2,"map(to: a)",16,64,304,1,0,3,0,210.344791412
2,"map(to: a)",16,64,304,1,0,8096,0,8913.445472717
2,"map(to: a)",16,64,304,1,0,44,0,256.252288818
2,"map(to: a)",16,64,304,1,0,17,0,227.344036102
2,"map(to: a)",16,64,304,1,0,5042,0,5708.599090576
2,"map(to: a)",16,64,304,1,1,758,0,1022.803783417
2,"map(to: a)",16,64,304,1,1,3,0,210.142135620
2,"map(to: a)",16,64,304,1,1,3140,0,3573.095798492
2,"map(to: a)",16,64,304,1,1,1955,0,2349.758148193
2,"map(to: a)",16,64,304,1,1,44,0,256.145000458
2,"map(to: a)",16,64,304,1,1,17,0,227.797031403
2,"map(to: a)",16,64,304,1,1,294,0,527.393817902
2,"map(to: a)",16,64,304,1,1,28,0,238.490104675
2,"map(to: a)",16,64,304,1,1,114,0,335.097312927
2,"map(to: a)",16,64,304,1,1,2,0,208.997726440
2,"map(to: a)",16,64,304,1,1,7,0,214.505195618
2,"map(to: a)",16,64,304,1,1,183,0,410.604476929
2,"map(to: a)",16,64,304,1,1,8096,0,8938.753604889
2,"map(to: a)",16,64,304,1,1,11,0,219.440460205
2,"map(to: a)",16,64,304,1,1,1,0,208.950042725
2,"map(to: a)",16,64,304,1,1,1218,0,1532.196998596
2,"map(to: a)",16,64,304,1,1,472,0,718.247890472
2,"map(to: a)",16,64,304,1,1,71,0,289.249420166
2,"map(to: a)",16,64,304,1,1,5042,0,5600.249767303
2,"map(to: a)",16,64,304,1,1,4,0,212.490558624
2,"map(to: a)",16,64,304,1,2,2,0,208.997726440
2,"map(to: a)",16,64,304,1,2,71,0,289.106369019
2,"map(to: a)",16,64,304,1,2,17,0,227.296352386
2,"map(to: a)",16,64,304,1,2,472,0,725.746154785
2,"map(to: a)",16,64,304,1,2,5042,0,5635.344982147
2,"map(to: a)",16,64,304,1,2,28,0,238.156318665
2,"map(to: a)",16,64,304,1,2,44,0,256.299972534
2,"map(to: a)",16,64,304,1,2,1218,0,1528.751850128
2,"map(to: a)",16,64,304,1,2,4,0,212.407112122
2,"map(to: a)",16,64,304,1,2,1955,0,2317.392826080
2,"map(to: a)",16,64,304,1,2,183,0,408.804416656
2,"map(to: a)",16,64,304,1,2,7,0,215.041637421
2,"map(to: a)",16,64,304,1,2,758,0,1027.250289917
2,"map(to: a)",16,64,304,1,2,1,0,209.558010101
2,"map(to: a)",16,64,304,1,2,3140,0,3579.306602478
2,"map(to: a)",16,64,304,1,2,8096,0,9028.947353363
2,"map(to: a)",16,64,304,1,2,3,0,210.154056549
2,"map(to: a)",16,64,304,1,2,114,0,335.502624512
2,"map(to: a)",16,64,304,1,2,11,0,219.404697418
2,"map(to: a)",16,64,304,1,2,294,0,532.650947571
2,"map(to: a)",16,64,304,1,3,1,0,208.556652069
2,"map(to: a)",16,64,304,1,3,17,0,227.200984955
2,"map(to: a)",16,64,304,1,3,294,0,527.060031891
2,"map(to: a)",16,64,304,1,3,5042,0,5680.549144745
2,"map(to: a)",16,64,304,1,3,114,0,335.454940796
2,"map(to: a)",16,64,304,1,3,28,0,237.703323364
2,"map(to: a)",16,64,304,1,3,1218,0,1516.902446747
2,"map(to: a)",16,64,304,1,3,2,0,208.950042725
2,"map(to: a)",16,64,304,1,3,3,0,209.999084473
2,"map(to: a)",16,64,304,1,3,4,0,212.395191193
2,"map(to: a)",16,64,304,1,3,758,0,1024.949550629
2,"map(to: a)",16,64,304,1,3,11,0,219.655036926
2,"map(to: a)",16,64,304,1,3,44,0,256.204605103
2,"map(to: a)",16,64,304,1,3,472,0,721.251964569
2,"map(to: a)",16,64,304,1,3,7,0,214.493274689
2,"map(to: a)",16,64,304,1,3,1955,0,2348.792552948
2,"map(to: a)",16,64,304,1,3,71,0,288.057327271
2,"map(to: a)",16,64,304,1,3,183,0,410.103797913
2,"map(to: a)",16,64,304,1,3,8096,0,8859.407901764
2,"map(to: a)",16,64,304,1,3,3140,0,3633.809089661
2,"map(to: a)",16,64,304,1,4,472,0,719.046592712
2,"map(to: a)",16,64,304,1,4,71,0,288.701057434
2,"map(to: a)",16,64,304,1,4,1,0,208.795070648
2,"map(to: a)",16,64,304,1,4,11,0,219.452381134
2,"map(to: a)",16,64,304,1,4,4,0,212.550163269
2,"map(to: a)",16,64,304,1,4,3140,0,3590.250015259
2,"map(to: a)",16,64,304,1,4,28,0,238.347053528
2,"map(to: a)",16,64,304,1,4,1218,0,1527.893543243
2,"map(to: a)",16,64,304,1,4,2,0,208.699703217
2,"map(to: a)",16,64,304,1,4,183,0,409.209728241
2,"map(to: a)",16,64,304,1,4,5042,0,5603.754520416
2,"map(to: a)",16,64,304,1,4,114,0,337.004661560
2,"map(to: a)",16,64,304,1,4,3,0,210.607051849
2,"map(to: a)",16,64,304,1,4,44,0,256.597995758
2,"map(to: a)",16,64,304,1,4,758,0,1021.206378937
2,"map(to: a)",16,64,304,1,4,8096,0,9033.954143524
2,"map(to: a)",16,64,304,1,4,1955,0,2313.494682312
2,"map(to: a)",16,64,304,1,4,294,0,529.098510742
2,"map(to: a)",16,64,304,1,4,7,0,214.803218842
2,"map(to: a)",16,64,304,1,4,17,0,227.546691895
2,"map(to: a)",64,64,304,0,0,7,0,217.342376709
2,"map(to: a)",64,64,304,0,0,114,0,335.252285004
2,"map(to: a)",64,64,304,0,0,3,0,210.750102997
2,"map(to: a)",64,64,304,0,0,17,0,227.642059326
2,"map(to: a)",64,64,304,0,0,1,0,209.391117096
2,"map(to: a)",64,64,304,0,0,44,0,256.550312042
2,"map(to: a)",64,64,304,0,0,294,0,526.952743530
2,"map(to: a)",64,64,304,0,0,3140,0,3641.200065613
2,"map(to: a)",64,64,304,0,0,4,0,212.788581848
2,"map(to: a)",64,64,304,0,0,1955,0,2331.554889679
2,"map(to: a)",64,64,304,0,0,183,0,407.993793488
2,"map(to: a)",64,64,304,0,0,8096,0,9025.204181671
2,"map(to: a)",64,64,304,0,0,758,0,1023.650169373
2,"map(to: a)",64,64,304,0,0,71,0,289.154052734
2,"map(to: a)",64,64,304,0,0,2,0,209.200382233
2,"map(to: a)",64,64,304,0,0,11,0,219.702720642
2,"map(to: a)",64,64,304,0,0,28,0,238.096714020
2,"map(to: a)",64,64,304,0,0,5042,0,5621.445178986
2,"map(to: a)",64,64,304,0,0,1218,0,1518.094539642
2,"map(to: a)",64,64,304,0,0,472,0,723.147392273
2,"map(to: a)",64,64,304,0,1,4,0,212.395191193
2,"map(to: a)",64,64,304,0,1,1,0,208.890438080
2,"map(to: a)",64,64,304,0,1,17,0,227.451324463
2,"map(to: a)",64,64,304,0,1,28,0,238.645076752
2,"map(to: a)",64,64,304,0,1,11,0,219.547748566
2,"map(to: a)",64,64,304,0,1,3140,0,3609.299659729
2,"map(to: a)",64,64,304,0,1,2,0,209.200382233
2,"map(to: a)",64,64,304,0,1,758,0,1037.096977234
2,"map(to: a)",64,64,304,0,1,1218,0,1514.840126038
2,"map(to: a)",64,64,304,0,1,44,0,256.800651550
2,"map(to: a)",64,64,304,0,1,71,0,287.854671478
2,"map(to: a)",64,64,304,0,1,114,0,336.599349976
2,"map(to: a)",64,64,304,0,1,294,0,529.003143311
2,"map(to: a)",64,64,304,0,1,7,0,215.053558350
2,"map(to: a)",64,64,304,0,1,183,0,409.245491028
2,"map(to: a)",64,64,304,0,1,8096,0,8970.749378204
2,"map(to: a)",64,64,304,0,1,472,0,720.846652985
2,"map(to: a)",64,64,304,0,1,1955,0,2318.298816681
2,"map(to: a)",64,64,304,0,1,3,0,210.499763489
2,"map(to: a)",64,64,304,0,1,5042,0,5681.407451630
2,"map(to: a)",64,64,304,0,2,3,0,212.645530701
2,"map(to: a)",64,64,304,0,2,44,0,257.551670074
2,"map(to: a)",64,64,304,0,2,1,0,208.854675293
2,"map(to: a)",64,64,304,0,2,183,0,411.856174469
2,"map(to: a)",64,64,304,0,2,294,0,527.453422546
2,"map(to: a)",64,64,304,0,2,5042,0,5785.655975342
2,"map(to: a)",64,64,304,0,2,7,0,215.053558350
2,"map(to: a)",64,64,304,0,2,8096,0,9031.653404236
2,"map(to: a)",64,64,304,0,2,2,0,209.343433380
2,"map(to: a)",64,64,304,0,2,114,0,335.597991943
2,"map(to: a)",64,64,304,0,2,71,0,288.593769073
2,"map(to: a)",64,64,304,0,2,1955,0,2340.793609619
2,"map(to: a)",64,64,304,0,2,17,0,227.499008179
2,"map(to: a)",64,64,304,0,2,472,0,719.249248505
2,"map(to: a)",64,64,304,0,2,11,0,219.798088074
2,"map(to: a)",64,64,304,0,2,1218,0,1528.346538544
2,"map(to: a)",64,64,304,0,2,4,0,212.442874908
2,"map(to: a)",64,64,304,0,2,3140,0,3587.603569031
2,"map(to: a)",64,64,304,0,2,758,0,1023.852825165
2,"map(to: a)",64,64,304,0,2,28,0,238.251686096
2,"map(to: a)",64,64,304,0,3,11,0,219.547748566
2,"map(to: a)",64,64,304,0,3,4,0,212.848186493
2,"map(to: a)",64,64,304,0,3,5042,0,5593.800544739
2,"map(to: a)",64,64,304,0,3,183,0,411.701202393
2,"map(to: a)",64,64,304,0,3,17,0,227.499008179
2,"map(to: a)",64,64,304,0,3,3,0,210.642814636
2,"map(to: a)",64,64,304,0,3,28,0,237.798690796
2,"map(to: a)",64,64,304,0,3,1218,0,1533.544063568
2,"map(to: a)",64,64,304,0,3,114,0,335.049629211
2,"map(to: a)",64,64,304,0,3,758,0,1027.047634125
2,"map(to: a)",64,64,304,0,3,1955,0,2316.796779633
2,"map(to: a)",64,64,304,0,3,472,0,722.849369049
2,"map(to: a)",64,64,304,0,3,7,0,214.898586273
2,"map(to: a)",64,64,304,0,3,44,0,256.657600403
2,"map(to: a)",64,64,304,0,3,3140,0,3590.893745422
2,"map(to: a)",64,64,304,0,3,8096,0,8983.099460602
2,"map(to: a)",64,64,304,0,3,71,0,289.106369019
2,"map(to: a)",64,64,304,0,3,1,0,209.200382233
2,"map(to: a)",64,64,304,0,3,2,0,209.105014801
2,"map(to: a)",64,64,304,0,3,294,0,532.996654510
2,"map(to: a)",64,64,304,0,4,3,0,210.142135620
2,"map(to: a)",64,64,304,0,4,8096,0,8946.299552917
2,"map(to: a)",64,64,304,0,4,1,0,209.140777588
2,"map(to: a)",64,64,304,0,4,28,0,238.740444183
2,"map(to: a)",64,64,304,0,4,17,0,227.308273315
2,"map(to: a)",64,64,304,0,4,5042,0,5645.501613617
2,"map(to: a)",64,64,304,0,4,7,0,214.898586273
2,"map(to: a)",64,64,304,0,4,114,0,336.301326752
2,"map(to: a)",64,64,304,0,4,44,0,256.705284119
2,"map(to: a)",64,64,304,0,4,2,0,208.997726440
2,"map(to: a)",64,64,304,0,4,294,0,528.299808502
2,"map(to: a)",64,64,304,0,4,758,0,1032.245159149
2,"map(to: a)",64,64,304,0,4,183,0,409.746170044
2,"map(to: a)",64,64,304,0,4,4,0,212.597846985
2,"map(to: a)",64,64,304,0,4,1218,0,1514.804363251
2,"map(to: a)",64,64,304,0,4,71,0,289.499759674
2,"map(to: a)",64,64,304,0,4,1955,0,2316.403388977
2,"map(to: a)",64,64,304,0,4,11,0,219.750404358
2,"map(to: a)",64,64,304,0,4,472,0,715.708732605
2,"map(to: a)",64,64,304,0,4,3140,0,3636.050224304
2,"map(to: a)",64,64,304,1,0,2,0,208.854675293
2,"map(to: a)",64,64,304,1,0,4,0,212.895870209
2,"map(to: a)",64,64,304,1,0,472,0,716.257095337
2,"map(to: a)",64,64,304,1,0,3140,0,3636.860847473
2,"map(to: a)",64,64,304,1,0,183,0,409.996509552
2,"map(to: a)",64,64,304,1,0,28,0,238.454341888
2,"map(to: a)",64,64,304,1,0,71,0,288.546085358
2,"map(to: a)",64,64,304,1,0,1218,0,1528.549194336
2,"map(to: a)",64,64,304,1,0,294,0,529.241561890
2,"map(to: a)",64,64,304,1,0,1,0,208.902359009
2,"map(to: a)",64,64,304,1,0,7,0,214.803218842
2,"map(to: a)",64,64,304,1,0,1955,0,2337.300777435
2,"map(to: a)",64,64,304,1,0,758,0,1027.047634125
2,"map(to: a)",64,64,304,1,0,114,0,335.097312927
2,"map(to: a)",64,64,304,1,0,11,0,219.357013702
2,"map(to: a)",64,64,304,1,0,3,0,210.654735565
2,"map(to: a)",64,64,304,1,0,8096,0,8883.655071259
2,"map(to: a)",64,64,304,1,0,44,0,256.752967834
2,"map(to: a)",64,64,304,1,0,17,0,227.451324463
2,"map(to: a)",64,64,304,1,0,5042,0,5711.197853088
2,"map(to: a)",64,64,304,1,1,758,0,1023.948192596
2,"map(to: a)",64,64,304,1,1,3,0,210.547447205
2,"map(to: a)",64,64,304,1,1,3140,0,3579.699993134
2,"map(to: a)",64,64,304,1,1,1955,0,2340.447902679
2,"map(to: a)",64,64,304,1,1,44,0,256.359577179
2,"map(to: a)",64,64,304,1,1,17,0,227.308273315
2,"map(to: a)",64,64,304,1,1,294,0,527.656078339
2,"map(to: a)",64,64,304,1,1,28,0,238.347053528
2,"map(to: a)",64,64,304,1,1,114,0,335.395336151
2,"map(to: a)",64,64,304,1,1,2,0,208.997726440
2,"map(to: a)",64,64,304,1,1,7,0,214.898586273
2,"map(to: a)",64,64,304,1,1,183,0,411.105155945
2,"map(to: a)",64,64,304,1,1,8096,0,8895.945549011
2,"map(to: a)",64,64,304,1,1,11,0,220.298767090
2,"map(to: a)",64,64,304,1,1,1,0,209.152698517
2,"map(to: a)",64,64,304,1,1,1218,0,1537.895202637
2,"map(to: a)",64,64,304,1,1,472,0,717.496871948
2,"map(to: a)",64,64,304,1,1,71,0,289.344787598
2,"map(to: a)",64,64,304,1,1,5042,0,5601.751804352
2,"map(to: a)",64,64,304,1,1,4,0,213.551521301
2,"map(to: a)",64,64,304,1,2,2,0,208.747386932
2,"map(to: a)",64,64,304,1,2,71,0,288.844108582
2,"map(to: a)",64,64,304,1,2,17,0,227.200984955
2,"map(to: a)",64,64,304,1,2,472,0,723.397731781
2,"map(to: a)",64,64,304,1,2,5042,0,5644.595623016
2,"map(to: a)",64,64,304,1,2,28,0,238.096714020
2,"map(to: a)",64,64,304,1,2,44,0,256.752967834
2,"map(to: a)",64,64,304,1,2,1218,0,1528.501510620
2,"map(to: a)",64,64,304,1,2,4,0,213.098526001
2,"map(to: a)",64,64,304,1,2,1955,0,2322.149276733
2,"map(to: a)",64,64,304,1,2,183,0,408.291816711
2,"map(to: a)",64,64,304,1,2,7,0,214.803218842
2,"map(to: a)",64,64,304,1,2,758,0,1024.055480957
2,"map(to: a)",64,64,304,1,2,1,0,208.950042725
2,"map(to: a)",64,64,304,1,2,3140,0,3571.105003357
2,"map(to: a)",64,64,304,1,2,8096,0,9025.847911835
2,"map(to: a)",64,64,304,1,2,3,0,210.404396057
2,"map(to: a)",64,64,304,1,2,114,0,335.299968719
2,"map(to: a)",64,64,304,1,2,11,0,219.953060150
2,"map(to: a)",64,64,304,1,2,294,0,531.303882599
2,"map(to: a)",64,64,304,1,3,1,0,208.902359009
2,"map(to: a)",64,64,304,1,3,17,0,227.355957031
2,"map(to: a)",64,64,304,1,3,294,0,528.192520142
2,"map(to: a)",64,64,304,1,3,5042,0,5672.943592072
2,"map(to: a)",64,64,304,1,3,114,0,335.896015167
2,"map(to: a)",64,64,304,1,3,28,0,238.502025604
2,"map(to: a)",64,64,304,1,3,1218,0,1514.601707458
2,"map(to: a)",64,64,304,1,3,2,0,208.997726440
2,"map(to: a)",64,64,304,1,3,3,0,210.309028625
2,"map(to: a)",64,64,304,1,3,4,0,212.597846985
2,"map(to: a)",64,64,304,1,3,758,0,1021.349430084
2,"map(to: a)",64,64,304,1,3,11,0,219.798088074
2,"map(to: a)",64,64,304,1,3,44,0,256.299972534
2,"map(to: a)",64,64,304,1,3,472,0,722.301006317
2,"map(to: a)",64,64,304,1,3,7,0,215.053558350
2,"map(to: a)",64,64,304,1,3,1955,0,2344.846725464
2,"map(to: a)",64,64,304,1,3,71,0,288.856029510
2,"map(to: a)",64,64,304,1,3,183,0,409.007072449
2,"map(to: a)",64,64,304,1,3,8096,0,8907.699584961
2,"map(to: a)",64,64,304,1,3,3140,0,3619.039058685
2,"map(to: a)",64,64,304,1,4,472,0,721.251964569
2,"map(to: a)",64,64,304,1,4,71,0,288.391113281
2,"map(to: a)",64,64,304,1,4,1,0,209.844112396
2,"map(to: a)",64,64,304,1,4,11,0,219.953060150
2,"map(to: a)",64,64,304,1,4,4,0,212.347507477
2,"map(to: a)",64,64,304,1,4,3140,0,3600.406646729
2,"map(to: a)",64,64,304,1,4,28,0,237.989425659
2,"map(to: a)",64,64,304,1,4,1218,0,1536.309719086
2,"map(to: a)",64,64,304,1,4,2,0,208.854675293
2,"map(to: a)",64,64,304,1,4,183,0,410.294532776
2,"map(to: a)",64,64,304,1,4,5042,0,5596.041679382
2,"map(to: a)",64,64,304,1,4,114,0,336.956977844
2,"map(to: a)",64,64,304,1,4,3,0,210.690498352
2,"map(to: a)",64,64,304,1,4,44,0,256.657600403
2,"map(to: a)",64,64,304,1,4,758,0,1022.648811340
2,"map(to: a)",64,64,304,1,4,8096,0,8989.298343658
2,"map(to: a)",64,64,304,1,4,1955,0,2324.545383453
2,"map(to: a)",64,64,304,1,4,294,0,527.894496918
2,"map(to: a)",64,64,304,1,4,7,0,215.148925781
2,"map(to: a)",64,64,304,1,4,17,0,227.749347687
2,"map(to: a)",256,64,304,0,0,7,0,217.008590698
2,"map(to: a)",256,64,304,0,0,114,0,335.109233856
2,"map(to: a)",256,64,304,0,0,3,0,210.797786713
2,"map(to: a)",256,64,304,0,0,17,0,227.952003479
2,"map(to: a)",256,64,304,0,0,1,0,209.653377533
2,"map(to: a)",256,64,304,0,0,44,0,256.848335266
2,"map(to: a)",256,64,304,0,0,294,0,526.201725006
2,"map(to: a)",256,64,304,0,0,3140,0,3642.094135284
2,"map(to: a)",256,64,304,0,0,4,0,212.848186493
2,"map(to: a)",256,64,304,0,0,1955,0,2327.096462250
2,"map(to: a)",256,64,304,0,0,183,0,408.446788788
2,"map(to: a)",256,64,304,0,0,8096,0,8987.295627594
2,"map(to: a)",256,64,304,0,0,758,0,1028.800010681
2,"map(to: a)",256,64,304,0,0,71,0,288.701057434
2,"map(to: a)",256,64,304,0,0,2,0,209.140777588
2,"map(to: a)",256,64,304,0,0,11,0,219.845771790
2,"map(to: a)",256,64,304,0,0,28,0,238.358974457
2,"map(to: a)",256,64,304,0,0,5042,0,5630.302429199
2,"map(to: a)",256,64,304,0,0,1218,0,1515.102386475
2,"map(to: a)",256,64,304,0,0,472,0,725.197792053
2,"map(to: a)",256,64,304,0,1,4,0,212.550163269
2,"map(to: a)",256,64,304,0,1,1,0,209.295749664
2,"map(to: a)",256,64,304,0,1,17,0,227.296352386
2,"map(to: a)",256,64,304,0,1,28,0,238.656997681
2,"map(to: a)",256,64,304,0,1,11,0,219.655036926
2,"map(to: a)",256,64,304,0,1,3140,0,3608.238697052
2,"map(to: a)",256,64,304,0,1,2,0,208.902359009
2,"map(to: a)",256,64,304,0,1,758,0,1035.749912262
2,"map(to: a)",256,64,304,0,1,1218,0,1518.547534943
2,"map(to: a)",256,64,304,0,1,44,0,256.347656250
2,"map(to: a)",256,64,304,0,1,71,0,288.450717926
2,"map(to: a)",256,64,304,0,1,114,0,336.050987244
2,"map(to: a)",256,64,304,0,1,294,0,529.646873474
2,"map(to: a)",256,64,304,0,1,7,0,215.196609497
2,"map(to: a)",256,64,304,0,1,183,0,408.804416656
2,"map(to: a)",256,64,304,0,1,8096,0,8974.289894104
2,"map(to: a)",256,64,304,0,1,472,0,725.102424622
2,"map(to: a)",256,64,304,0,1,1955,0,2325.201034546
2,"map(to: a)",256,64,304,0,1,3,0,210.893154144
2,"map(to: a)",256,64,304,0,1,5042,0,5703.651905060
2,"map(to: a)",256,64,304,0,2,3,0,210.297107697
2,"map(to: a)",256,64,304,0,2,44,0,256.907939911
2,"map(to: a)",256,64,304,0,2,1,0,209.093093872
2,"map(to: a)",256,64,304,0,2,183,0,411.951541901
2,"map(to: a)",256,64,304,0,2,294,0,527.608394623
2,"map(to: a)",256,64,304,0,2,5042,0,5653.250217438
2,"map(to: a)",256,64,304,0,2,7,0,215.148925781
2,"map(to: a)",256,64,304,0,2,8096,0,8991.503715515
2,"map(to: a)",256,64,304,0,2,2,0,209.295749664
2,"map(to: a)",256,64,304,0,2,114,0,334.751605988
2,"map(to: a)",256,64,304,0,2,71,0,288.856029510
2,"map(to: a)",256,64,304,0,2,1955,0,2335.453033447
2,"map(to: a)",256,64,304,0,2,17,0,227.546691895
2,"map(to: a)",256,64,304,0,2,472,0,718.688964844
2,"map(to: a)",256,64,304,0,2,11,0,219.798088074
2,"map(to: a)",256,64,304,0,2,1218,0,1532.697677612
2,"map(to: a)",256,64,304,0,2,4,0,212.204456329
2,"map(to: a)",256,64,304,0,2,3140,0,3606.557846069
2,"map(to: a)",256,64,304,0,2,758,0,1021.039485931
2,"map(to: a)",256,64,304,0,2,28,0,240.004062653
2,"map(to: a)",256,64,304,0,3,11,0,219.702720642
2,"map(to: a)",256,64,304,0,3,4,0,212.705135345
2,"map(to: a)",256,64,304,0,3,5042,0,5596.601963043
2,"map(to: a)",256,64,304,0,3,183,0,411.450862885
2,"map(to: a)",256,64,304,0,3,17,0,227.403640747
2,"map(to: a)",256,64,304,0,3,3,0,210.344791412
2,"map(to: a)",256,64,304,0,3,28,0,238.299369812
2,"map(to: a)",256,64,304,0,3,1218,0,1527.953147888
2,"map(to: a)",256,64,304,0,3,114,0,335.407257080
2,"map(to: a)",256,64,304,0,3,758,0,1025.748252869
2,"map(to: a)",256,64,304,0,3,1955,0,2319.693565369
2,"map(to: a)",256,64,304,0,3,472,0,724.256038666
2,"map(to: a)",256,64,304,0,3,7,0,214.707851410
2,"map(to: a)",256,64,304,0,3,44,0,256.800651550
2,"map(to: a)",256,64,304,0,3,3140,0,3576.254844666
2,"map(to: a)",256,64,304,0,3,8096,0,9029.054641724
2,"map(to: a)",256,64,304,0,3,71,0,288.701057434
2,"map(to: a)",256,64,304,0,3,1,0,209.355354309
2,"map(to: a)",256,64,304,0,3,2,0,208.902359009
2,"map(to: a)",256,64,304,0,3,294,0,533.449649811
2,"map(to: a)",256,64,304,0,4,3,0,210.452079773
2,"map(to: a)",256,64,304,0,4,8096,0,8938.252925873
2,"map(to: a)",256,64,304,0,4,1,0,208.795070648
2,"map(to: a)",256,64,304,0,4,28,0,238.645076752
2,"map(to: a)",256,64,304,0,4,17,0,227.499008179
2,"map(to: a)",256,64,304,0,4,5042,0,5628.049373627
2,"map(to: a)",256,64,304,0,4,7,0,215.148925781
2,"map(to: a)",256,64,304,0,4,114,0,336.360931396
2,"map(to: a)",256,64,304,0,4,44,0,256.657600403
2,"map(to: a)",256,64,304,0,4,2,0,209.045410156
2,"map(to: a)",256,64,304,0,4,294,0,527.989864349
2,"map(to: a)",256,64,304,0,4,758,0,1035.749912262
2,"map(to: a)",256,64,304,0,4,183,0,408.852100372
2,"map(to: a)",256,64,304,0,4,4,0,212.907791138
2,"map(to: a)",256,64,304,0,4,1218,0,1510.143280029
2,"map(to: a)",256,64,304,0,4,71,0,290.000438690
2,"map(to: a)",256,64,304,0,4,1955,0,2312.147617340
2,"map(to: a)",256,64,304,0,4,11,0,219.750404358
2,"map(to: a)",256,64,304,0,4,472,0,716.948509216
2,"map(to: a)",256,64,304,0,4,3140,0,3635.096549988
2,"map(to: a)",256,64,304,1,0,2,0,209.295749664
2,"map(to: a)",256,64,304,1,0,4,0,212.645530701
2,"map(to: a)",256,64,304,1,0,472,0,719.106197357
2,"map(to: a)",256,64,304,1,0,3140,0,3621.208667755
2,"map(to: a)",256,64,304,1,0,183,0,409.507751465
2,"map(to: a)",256,64,304,1,0,28,0,238.299369812
2,"map(to: a)",256,64,304,1,0,71,0,292.646884918
2,"map(to: a)",256,64,304,1,0,1218,0,1532.649993896
2,"map(to: a)",256,64,304,1,0,294,0,529.158115387
2,"map(to: a)",256,64,304,1,0,1,0,209.152698517
2,"map(to: a)",256,64,304,1,0,7,0,214.946269989
2,"map(to: a)",256,64,304,1,0,1955,0,2347.552776337
2,"map(to: a)",256,64,304,1,0,758,0,1022.994518280
2,"map(to: a)",256,64,304,1,0,114,0,336.003303528
2,"map(to: a)",256,64,304,1,0,11,0,219.607353210
2,"map(to: a)",256,64,304,1,0,3,0,210.797786713
2,"map(to: a)",256,64,304,1,0,8096,0,8883.202075958
2,"map(to: a)",256,64,304,1,0,44,0,256.752967834
2,"map(to: a)",256,64,304,1,0,17,0,227.701663971
2,"map(to: a)",256,64,304,1,0,5042,0,5684.196949005
2,"map(to: a)",256,64,304,1,1,758,0,1028.943061829
2,"map(to: a)",256,64,304,1,1,3,0,210.595130920
2,"map(to: a)",256,64,304,1,1,3140,0,3594.148159027
2,"map(to: a)",256,64,304,1,1,1955,0,2335.298061371
2,"map(to: a)",256,64,304,1,1,44,0,256.407260895
2,"map(to: a)",256,64,304,1,1,17,0,227.761268616
2,"map(to: a)",256,64,304,1,1,294,0,527.501106262
2,"map(to: a)",256,64,304,1,1,28,0,238.656997681
2,"map(to: a)",256,64,304,1,1,114,0,334.739685059
2,"map(to: a)",256,64,304,1,1,2,0,209.152698517
2,"map(to: a)",256,64,304,1,1,7,0,215.196609497
2,"map(to: a)",256,64,304,1,1,183,0,411.701202393
2,"map(to: a)",256,64,304,1,1,8096,0,8887.755870819
2,"map(to: a)",256,64,304,1,1,11,0,220.298767090
2,"map(to: a)",256,64,304,1,1,1,0,209.403038025
2,"map(to: a)",256,64,304,1,1,1218,0,1534.056663513
2,"map(to: a)",256,64,304,1,1,472,0,718.998908997
2,"map(to: a)",256,64,304,1,1,71,0,288.951396942
2,"map(to: a)",256,64,304,1,1,5042,0,5625.700950623
2,"map(to: a)",256,64,304,1,1,4,0,212.740898132
2,"map(to: a)",256,64,304,1,2,2,0,208.997726440
2,"map(to: a)",256,64,304,1,2,71,0,288.808345795
2,"map(to: a)",256,64,304,1,2,17,0,227.797031403
2,"map(to: a)",256,64,304,1,2,472,0,723.803043365
2,"map(to: a)",256,64,304,1,2,5042,0,5633.902549744
2,"map(to: a)",256,64,304,1,2,28,0,238.251686096
2,"map(to: a)",256,64,304,1,2,44,0,256.645679474
2,"map(to: a)",256,64,304,1,2,1218,0,1535.701751709
2,"map(to: a)",256,64,304,1,2,4,0,212.740898132
2,"map(to: a)",256,64,304,1,2,1955,0,2328.991889954
2,"map(to: a)",256,64,304,1,2,183,0,407.993793488
2,"map(to: a)",256,64,304,1,2,7,0,215.256214142
2,"map(to: a)",256,64,304,1,2,758,0,1023.399829865
2,"map(to: a)",256,64,304,1,2,1,0,209.093093872
2,"map(to: a)",256,64,304,1,2,3140,0,3579.294681549
2,"map(to: a)",256,64,304,1,2,8096,0,8988.845348358
2,"map(to: a)",256,64,304,1,2,3,0,210.702419281
2,"map(to: a)",256,64,304,1,2,114,0,334.846973419
2,"map(to: a)",256,64,304,1,2,11,0,219.941139221
2,"map(to: a)",256,64,304,1,2,294,0,531.160831451
2,"map(to: a)",256,64,304,1,3,1,0,209.200382233
2,"map(to: a)",256,64,304,1,3,17,0,227.200984955
2,"map(to: a)",256,64,304,1,3,294,0,527.405738831
2,"map(to: a)",256,64,304,1,3,5042,0,5691.647529602
2,"map(to: a)",256,64,304,1,3,114,0,334.596633911
2,"map(to: a)",256,64,304,1,3,28,0,238.358974457
2,"map(to: a)",256,64,304,1,3,1218,0,1509.797573090
2,"map(to: a)",256,64,304,1,3,2,0,209.009647369
2,"map(to: a)",256,64,304,1,3,3,0,210.249423981
2,"map(to: a)",256,64,304,1,3,4,0,212.705135345
2,"map(to: a)",256,64,304,1,3,758,0,1021.802425385
2,"map(to: a)",256,64,304,1,3,11,0,233.650207520
2,"map(to: a)",256,64,304,1,3,44,0,265.598297119
2,"map(to: a)",256,64,304,1,3,472,0,722.849369049
2,"map(to: a)",256,64,304,1,3,7,0,215.506553650
2,"map(to: a)",256,64,304,1,3,1955,0,2336.692810059
2,"map(to: a)",256,64,304,1,3,71,0,288.939476013
2,"map(to: a)",256,64,304,1,3,183,0,409.150123596
2,"map(to: a)",256,64,304,1,3,8096,0,8904.254436493
2,"map(to: a)",256,64,304,1,3,3140,0,3621.399402618
2,"map(to: a)",256,64,304,1,4,472,0,719.857215881
2,"map(to: a)",256,64,304,1,4,71,0,288.951396942
2,"map(to: a)",256,64,304,1,4,1,0,209.152698517
2,"map(to: a)",256,64,304,1,4,11,0,220.143795013
2,"map(to: a)",256,64,304,1,4,4,0,212.454795837
2,"map(to: a)",256,64,304,1,4,3140,0,3607.094287872
2,"map(to: a)",256,64,304,1,4,28,0,238.299369812
2,"map(to: a)",256,64,304,1,4,1218,0,1537.597179413
2,"map(to: a)",256,64,304,1,4,2,0,209.105014801
2,"map(to: a)",256,64,304,1,4,183,0,410.044193268
2,"map(to: a)",256,64,304,1,4,5042,0,5610.895156860
2,"map(to: a)",256,64,304,1,4,114,0,336.551666260
2,"map(to: a)",256,64,304,1,4,3,0,210.750102997
2,"map(to: a)",256,64,304,1,4,44,0,256.395339966
2,"map(to: a)",256,64,304,1,4,758,0,1026.046276093
2,"map(to: a)",256,64,304,1,4,8096,0,8972.597122192
2,"map(to: a)",256,64,304,1,4,1955,0,2326.500415802
2,"map(to: a)",256,64,304,1,4,294,0,528.407096863
2,"map(to: a)",256,64,304,1,4,7,0,215.148925781
2,"map(to: a)",256,64,304,1,4,17,0,227.558612823
2,"map(to: a)",1024,64,304,0,0,7,0,217.556953430
2,"map(to: a)",1024,64,304,0,0,114,0,336.194038391
2,"map(to: a)",1024,64,304,0,0,3,0,210.952758789
2,"map(to: a)",1024,64,304,0,0,17,0,228.404998779
2,"map(to: a)",1024,64,304,0,0,1,0,209.653377533
2,"map(to: a)",1024,64,304,0,0,44,0,257.003307343
2,"map(to: a)",1024,64,304,0,0,294,0,527.751445770
2,"map(to: a)",1024,64,304,0,0,3140,0,3629.004955292
2,"map(to: a)",1024,64,304,0,0,4,0,213.754177094
2,"map(to: a)",1024,64,304,0,0,1955,0,2317.750453949
2,"map(to: a)",1024,64,304,0,0,183,0,409.543514252
2,"map(to: a)",1024,64,304,0,0,8096,0,8980.453014374
2,"map(to: a)",1024,64,304,0,0,758,0,1029.503345490
2,"map(to: a)",1024,64,304,0,0,71,0,288.999080658
2,"map(to: a)",1024,64,304,0,0,2,0,209.307670593
2,"map(to: a)",1024,64,304,0,0,11,0,220.251083374
2,"map(to: a)",1024,64,304,0,0,28,0,238.609313965
2,"map(to: a)",1024,64,304,0,0,5042,0,5658.805370331
2,"map(to: a)",1024,64,304,0,0,1218,0,1510.548591614
2,"map(to: a)",1024,64,304,0,0,472,0,726.795196533
2,"map(to: a)",1024,64,304,0,1,4,0,212.895870209
2,"map(to: a)",1024,64,304,0,1,1,0,209.605693817
2,"map(to: a)",1024,64,304,0,1,17,0,227.689743042
2,"map(to: a)",1024,64,304,0,1,28,0,238.943099976
2,"map(to: a)",1024,64,304,0,1,11,0,219.953060150
2,"map(to: a)",1024,64,304,0,1,3140,0,3597.843647003
2,"map(to: a)",1024,64,304,0,1,2,0,209.450721741
2,"map(to: a)",1024,64,304,0,1,758,0,1032.853126526
2,"map(to: a)",1024,64,304,0,1,1218,0,1522.850990295
2,"map(to: a)",1024,64,304,0,1,44,0,256.991386414
2,"map(to: a)",1024,64,304,0,1,71,0,289.142131805
2,"map(to: a)",1024,64,304,0,1,114,0,336.301326752
2,"map(to: a)",1024,64,304,0,1,294,0,529.146194458
2,"map(to: a)",1024,64,304,0,1,7,0,215.554237366
2,"map(to: a)",1024,64,304,0,1,183,0,408.148765564
2,"map(to: a)",1024,64,304,0,1,8096,0,9021.198749542
2,"map(to: a)",1024,64,304,0,1,472,0,718.307495117
2,"map(to: a)",1024,64,304,0,1,1955,0,2331.399917603
2,"map(to: a)",1024,64,304,0,1,3,0,210.607051849
2,"map(to: a)",1024,64,304,0,1,5042,0,5706.489086151
2,"map(to: a)",1024,64,304,0,2,3,0,210.607051849
2,"map(to: a)",1024,64,304,0,2,44,0,256.955623627
2,"map(to: a)",1024,64,304,0,2,1,0,209.546089172
2,"map(to: a)",1024,64,304,0,2,183,0,411.295890808
2,"map(to: a)",1024,64,304,0,2,294,0,529.301166534
2,"map(to: a)",1024,64,304,0,2,5042,0,5621.302127838
2,"map(to: a)",1024,64,304,0,2,7,0,215.506553650
2,"map(to: a)",1024,64,304,0,2,8096,0,8983.957767487
2,"map(to: a)",1024,64,304,0,2,2,0,209.760665894
2,"map(to: a)",1024,64,304,0,2,114,0,335.299968719
2,"map(to: a)",1024,64,304,0,2,71,0,288.653373718
2,"map(to: a)",1024,64,304,0,2,1955,0,2346.098423004
2,"map(to: a)",1024,64,304,0,2,17,0,228.059291840
2,"map(to: a)",1024,64,304,0,2,472,0,721.943378448
2,"map(to: a)",1024,64,304,0,2,11,0,219.857692719
2,"map(to: a)",1024,64,304,0,2,1218,0,1536.560058594
2,"map(to: a)",1024,64,304,0,2,4,0,212.705135345
2,"map(to: a)",1024,64,304,0,2,3140,0,3611.958026886
2,"map(to: a)",1024,64,304,0,2,758,0,1023.900508881
2,"map(to: a)",1024,64,304,0,2,28,0,249.505043030
2,"map(to: a)",1024,64,304,0,3,11,0,225.746631622
2,"map(to: a)",1024,64,304,0,3,4,0,216.603279114
2,"map(to: a)",1024,64,304,0,3,5042,0,5625.450611115
2,"map(to: a)",1024,64,304,0,3,183,0,410.997867584
2,"map(to: a)",1024,64,304,0,3,17,0,227.546691895
2,"map(to: a)",1024,64,304,0,3,3,0,210.499763489
2,"map(to: a)",1024,64,304,0,3,28,0,238.692760468
2,"map(to: a)",1024,64,304,0,3,1218,0,1529.705524445
2,"map(to: a)",1024,64,304,0,3,114,0,335.705280304
2,"map(to: a)",1024,64,304,0,3,758,0,1027.548313141
2,"map(to: a)",1024,64,304,0,3,1955,0,2309.846878052
2,"map(to: a)",1024,64,304,0,3,472,0,726.902484894
2,"map(to: a)",1024,64,304,0,3,7,0,215.148925781
2,"map(to: a)",1024,64,304,0,3,44,0,256.955623627
2,"map(to: a)",1024,64,304,0,3,3140,0,3572.797775269
2,"map(to: a)",1024,64,304,0,3,8096,0,9034.454822540
2,"map(to: a)",1024,64,304,0,3,71,0,288.903713226
2,"map(to: a)",1024,64,304,0,3,1,0,208.950042725
2,"map(to: a)",1024,64,304,0,3,2,0,209.403038025
2,"map(to: a)",1024,64,304,0,3,294,0,531.744956970
2,"map(to: a)",1024,64,304,0,4,3,0,210.392475128
2,"map(to: a)",1024,64,304,0,4,8096,0,8900.749683380
2,"map(to: a)",1024,64,304,0,4,1,0,208.997726440
2,"map(to: a)",1024,64,304,0,4,28,0,239.098072052
2,"map(to: a)",1024,64,304,0,4,17,0,228.154659271
2,"map(to: a)",1024,64,304,0,4,5042,0,5624.794960022
2,"map(to: a)",1024,64,304,0,4,7,0,215.148925781
2,"map(to: a)",1024,64,304,0,4,114,0,336.802005768
2,"map(to: a)",1024,64,304,0,4,44,0,256.597995758
2,"map(to: a)",1024,64,304,0,4,2,0,209.593772888
2,"map(to: a)",1024,64,304,0,4,294,0,526.607036591
2,"map(to: a)",1024,64,304,0,4,758,0,1037.907600403
2,"map(to: a)",1024,64,304,0,4,183,0,408.756732941
2,"map(to: a)",1024,64,304,0,4,4,0,212.800502777
2,"map(to: a)",1024,64,304,0,4,1218,0,1511.001586914
2,"map(to: a)",1024,64,304,0,4,71,0,290.000438690
2,"map(to: a)",1024,64,304,0,4,1955,0,2320.444583893
2,"map(to: a)",1024,64,304,0,4,11,0,220.203399658
2,"map(to: a)",1024,64,304,0,4,472,0,719.749927521
2,"map(to: a)",1024,64,304,0,4,3140,0,3615.891933441
2,"map(to: a)",1024,64,304,1,0,2,0,209.307670593
2,"map(to: a)",1024,64,304,1,0,4,0,212.752819061
2,"map(to: a)",1024,64,304,1,0,472,0,719.642639160
2,"map(to: a)",1024,64,304,1,0,3140,0,3622.651100159
2,"map(to: a)",1024,64,304,1,0,183,0,409.495830536
2,"map(to: a)",1024,64,304,1,0,28,0,238.656997681
2,"map(to: a)",1024,64,304,1,0,71,0,288.641452789
2,"map(to: a)",1024,64,304,1,0,1218,0,1536.893844604
2,"map(to: a)",1024,64,304,1,0,294,0,535.356998444
2,"map(to: a)",1024,64,304,1,0,1,0,215.005874634
2,"map(to: a)",1024,64,304,1,0,7,0,218.093395233
2,"map(to: a)",1024,64,304,1,0,1955,0,2351.796627045
2,"map(to: a)",1024,64,304,1,0,758,0,1023.900508881
2,"map(to: a)",1024,64,304,1,0,114,0,336.050987244
2,"map(to: a)",1024,64,304,1,0,11,0,219.702720642
2,"map(to: a)",1024,64,304,1,0,3,0,210.750102997
2,"map(to: a)",1024,64,304,1,0,8096,0,8930.099010468
2,"map(to: a)",1024,64,304,1,0,44,0,256.896018982
2,"map(to: a)",1024,64,304,1,0,17,0,227.844715118
2,"map(to: a)",1024,64,304,1,0,5042,0,5679.500102997
2,"map(to: a)",1024,64,304,1,1,758,0,1029.253005981
2,"map(to: a)",1024,64,304,1,1,3,0,210.797786713
2,"map(to: a)",1024,64,304,1,1,3140,0,3583.550453186
2,"map(to: a)",1024,64,304,1,1,1955,0,2341.747283936
2,"map(to: a)",1024,64,304,1,1,44,0,256.752967834
2,"map(to: a)",1024,64,304,1,1,17,0,228.154659271
2,"map(to: a)",1024,64,304,1,1,294,0,526.654720306
2,"map(to: a)",1024,64,304,1,1,28,0,239.348411560
2,"map(to: a)",1024,64,304,1,1,114,0,335.001945496
2,"map(to: a)",1024,64,304,1,1,2,0,209.105014801
2,"map(to: a)",1024,64,304,1,1,7,0,215.303897858
2,"map(to: a)",1024,64,304,1,1,183,0,411.999225616
2,"map(to: a)",1024,64,304,1,1,8096,0,8913.505077362
2,"map(to: a)",1024,64,304,1,1,11,0,219.845771790
2,"map(to: a)",1024,64,304,1,1,1,0,209.605693817
2,"map(to: a)",1024,64,304,1,1,1218,0,1529.753208160
2,"map(to: a)",1024,64,304,1,1,472,0,721.156597137
2,"map(to: a)",1024,64,304,1,1,71,0,288.951396942
2,"map(to: a)",1024,64,304,1,1,5042,0,5635.094642639
2,"map(to: a)",1024,64,304,1,1,4,0,212.657451630
2,"map(to: a)",1024,64,304,1,2,2,0,209.546089172
2,"map(to: a)",1024,64,304,1,2,71,0,289.309024811
2,"map(to: a)",1024,64,304,1,2,17,0,227.642059326
2,"map(to: a)",1024,64,304,1,2,472,0,726.556777954
2,"map(to: a)",1024,64,304,1,2,5042,0,5616.652965546
2,"map(to: a)",1024,64,304,1,2,28,0,238.704681396
2,"map(to: a)",1024,64,304,1,2,44,0,256.299972534
2,"map(to: a)",1024,64,304,1,2,1218,0,1536.500453949
2,"map(to: a)",1024,64,304,1,2,4,0,212.788581848
2,"map(to: a)",1024,64,304,1,2,1955,0,2326.047420502
2,"map(to: a)",1024,64,304,1,2,183,0,409.102439880
2,"map(to: a)",1024,64,304,1,2,7,0,215.601921082
2,"map(to: a)",1024,64,304,1,2,758,0,1028.203964233
2,"map(to: a)",1024,64,304,1,2,1,0,209.891796112
2,"map(to: a)",1024,64,304,1,2,3140,0,3590.357303619
2,"map(to: a)",1024,64,304,1,2,8096,0,8983.457088470
2,"map(to: a)",1024,64,304,1,2,3,0,211.095809937
2,"map(to: a)",1024,64,304,1,2,114,0,335.443019867
2,"map(to: a)",1024,64,304,1,2,11,0,220.143795013
2,"map(to: a)",1024,64,304,1,2,294,0,532.400608063
2,"map(to: a)",1024,64,304,1,3,1,0,209.403038025
2,"map(to: a)",1024,64,304,1,3,17,0,227.689743042
2,"map(to: a)",1024,64,304,1,3,294,0,526.452064514
2,"map(to: a)",1024,64,304,1,3,5042,0,5711.603164673
2,"map(to: a)",1024,64,304,1,3,114,0,335.395336151
2,"map(to: a)",1024,64,304,1,3,28,0,238.597393036
2,"map(to: a)",1024,64,304,1,3,1218,0,1511.251926422
2,"map(to: a)",1024,64,304,1,3,2,0,209.152698517
2,"map(to: a)",1024,64,304,1,3,3,0,210.499763489
2,"map(to: a)",1024,64,304,1,3,4,0,212.657451630
2,"map(to: a)",1024,64,304,1,3,758,0,1026.391983032
2,"map(to: a)",1024,64,304,1,3,11,0,220.644474030
2,"map(to: a)",1024,64,304,1,3,44,0,256.800651550
2,"map(to: a)",1024,64,304,1,3,472,0,718.998908997
2,"map(to: a)",1024,64,304,1,3,7,0,215.148925781
2,"map(to: a)",1024,64,304,1,3,1955,0,2338.397502899
2,"map(to: a)",1024,64,304,1,3,71,0,289.309024811
2,"map(to: a)",1024,64,304,1,3,183,0,409.543514252
2,"map(to: a)",1024,64,304,1,3,8096,0,8867.049217224
2,"map(to: a)",1024,64,304,1,3,3140,0,3639.447689056
2,"map(to: a)",1024,64,304,1,4,472,0,718.402862549
2,"map(to: a)",1024,64,304,1,4,71,0,289.654731750
2,"map(to: a)",1024,64,304,1,4,1,0,209.796428680
2,"map(to: a)",1024,64,304,1,4,11,0,219.988822937
2,"map(to: a)",1024,64,304,1,4,4,0,212.848186493
2,"map(to: a)",1024,64,304,1,4,3140,0,3608.155250549
2,"map(to: a)",1024,64,304,1,4,28,0,238.442420959
2,"map(to: a)",1024,64,304,1,4,1218,0,1531.004905701
2,"map(to: a)",1024,64,304,1,4,2,0,209.391117096
2,"map(to: a)",1024,64,304,1,4,183,0,409.102439880
2,"map(to: a)",1024,64,304,1,4,5042,0,5631.697177887
2,"map(to: a)",1024,64,304,1,4,114,0,336.301326752
2,"map(to: a)",1024,64,304,1,4,3,0,210.702419281
2,"map(to: a)",1024,64,304,1,4,44,0,256.550312042
2,"map(to: a)",1024,64,304,1,4,758,0,1024.007797241
2,"map(to: a)",1024,64,304,1,4,8096,0,8999.705314636
2,"map(to: a)",1024,64,304,1,4,1955,0,2319.598197937
2,"map(to: a)",1024,64,304,1,4,294,0,530.350208282
2,"map(to: a)",1024,64,304,1,4,7,0,215.196609497
2,"map(to: a)",1024,64,304,1,4,17,0,228.202342987
2,"map(to: a)",4096,64,304,0,0,7,0,219.297409058
2,"map(to: a)",4096,64,304,0,0,114,0,338.101387024
2,"map(to: a)",4096,64,304,0,0,3,0,211.954116821
2,"map(to: a)",4096,64,304,0,0,17,0,229.299068451
2,"map(to: a)",4096,64,304,0,0,1,0,210.607051849
2,"map(to: a)",4096,64,304,0,0,44,0,258.195400238
2,"map(to: a)",4096,64,304,0,0,294,0,530.302524567
2,"map(to: a)",4096,64,304,0,0,3140,0,3621.852397919
2,"map(to: a)",4096,64,304,0,0,4,0,214.695930481
2,"map(to: a)",4096,64,304,0,0,1955,0,2315.700054169
2,"map(to: a)",4096,64,304,0,0,183,0,411.391258240
2,"map(to: a)",4096,64,304,0,0,8096,0,9003.198146820
2,"map(to: a)",4096,64,304,0,0,758,0,1026.546955109
2,"map(to: a)",4096,64,304,0,0,71,0,291.693210602
2,"map(to: a)",4096,64,304,0,0,2,0,210.857391357
2,"map(to: a)",4096,64,304,0,0,11,0,221.502780914
2,"map(to: a)",4096,64,304,0,0,28,0,239.801406860
2,"map(to: a)",4096,64,304,0,0,5042,0,5661.547183990
2,"map(to: a)",4096,64,304,0,0,1218,0,1512.801647186
2,"map(to: a)",4096,64,304,0,0,472,0,726.950168610
2,"map(to: a)",4096,64,304,0,1,4,0,214.302539825
2,"map(to: a)",4096,64,304,0,1,1,0,210.845470428
2,"map(to: a)",4096,64,304,0,1,17,0,229.001045227
2,"map(to: a)",4096,64,304,0,1,28,0,240.647792816
2,"map(to: a)",4096,64,304,0,1,11,0,221.598148346
2,"map(to: a)",4096,64,304,0,1,3140,0,3591.942787170
2,"map(to: a)",4096,64,304,0,1,2,0,210.893154144
2,"map(to: a)",4096,64,304,0,1,758,0,1034.808158875
2,"map(to: a)",4096,64,304,0,1,1218,0,1520.347595215
2,"map(to: a)",4096,64,304,0,1,44,0,258.493423462
2,"map(to: a)",4096,64,304,0,1,71,0,291.049480438
2,"map(to: a)",4096,64,304,0,1,114,0,339.341163635
2,"map(to: a)",4096,64,304,0,1,294,0,529.754161835
2,"map(to: a)",4096,64,304,0,1,7,0,216.901302338
2,"map(to: a)",4096,64,304,0,1,183,0,409.698486328
2,"map(to: a)",4096,64,304,0,1,8096,0,9021.794795990
2,"map(to: a)",4096,64,304,0,1,472,0,720.393657684
2,"map(to: a)",4096,64,304,0,1,1955,0,2327.656745911
2,"map(to: a)",4096,64,304,0,1,3,0,212.097167969
2,"map(to: a)",4096,64,304,0,1,5042,0,5688.643455505
2,"map(to: a)",4096,64,304,0,2,3,0,215.554237366
2,"map(to: a)",4096,64,304,0,2,44,0,259.196758270
2,"map(to: a)",4096,64,304,0,2,1,0,210.690498352
2,"map(to: a)",4096,64,304,0,2,183,0,412.797927856
2,"map(to: a)",4096,64,304,0,2,294,0,531.709194183
2,"map(to: a)",4096,64,304,0,2,5042,0,5621.898174286
2,"map(to: a)",4096,64,304,0,2,7,0,216.555595398
2,"map(to: a)",4096,64,304,0,2,8096,0,8993.649482727
2,"map(to: a)",4096,64,304,0,2,2,0,210.547447205
2,"map(to: a)",4096,64,304,0,2,114,0,337.600708008
2,"map(to: a)",4096,64,304,0,2,71,0,290.799140930
2,"map(to: a)",4096,64,304,0,2,1955,0,2350.556850433
2,"map(to: a)",4096,64,304,0,2,17,0,229.048728943
2,"map(to: a)",4096,64,304,0,2,472,0,723.946094513
2,"map(to: a)",4096,64,304,0,2,11,0,221.300125122
2,"map(to: a)",4096,64,304,0,2,1218,0,1535.296440125
2,"map(to: a)",4096,64,304,0,2,4,0,214.445590973
2,"map(to: a)",4096,64,304,0,2,3140,0,3598.105907440
2,"map(to: a)",4096,64,304,0,2,758,0,1028.203964233
2,"map(to: a)",4096,64,304,0,2,28,0,240.004062653
2,"map(to: a)",4096,64,304,0,3,11,0,221.240520477
2,"map(to: a)",4096,64,304,0,3,4,0,214.302539825
2,"map(to: a)",4096,64,304,0,3,5042,0,5625.092983246
2,"map(to: a)",4096,64,304,0,3,183,0,412.893295288
2,"map(to: a)",4096,64,304,0,3,17,0,229.346752167
2,"map(to: a)",4096,64,304,0,3,3,0,212.049484253
2,"map(to: a)",4096,64,304,0,3,28,0,239.503383636
2,"map(to: a)",4096,64,304,0,3,1218,0,1536.846160889
2,"map(to: a)",4096,64,304,0,3,114,0,336.992740631
2,"map(to: a)",4096,64,304,0,3,758,0,1032.507419586
2,"map(to: a)",4096,64,304,0,3,1955,0,2304.649353027
2,"map(to: a)",4096,64,304,0,3,472,0,728.595256805
2,"map(to: a)",4096,64,304,0,3,7,0,216.901302338
2,"map(to: a)",4096,64,304,0,3,44,0,258.600711823
2,"map(to: a)",4096,64,304,0,3,3140,0,3579.246997833
2,"map(to: a)",4096,64,304,0,3,8096,0,8984.196186066
2,"map(to: a)",4096,64,304,0,3,71,0,291.848182678
2,"map(to: a)",4096,64,304,0,3,1,0,210.702419281
2,"map(to: a)",4096,64,304,0,3,2,0,210.905075073
2,"map(to: a)",4096,64,304,0,3,294,0,533.151626587
2,"map(to: a)",4096,64,304,0,4,3,0,211.894512177
2,"map(to: a)",4096,64,304,0,4,8096,0,8905.053138733
2,"map(to: a)",4096,64,304,0,4,1,0,211.048126221
2,"map(to: a)",4096,64,304,0,4,28,0,240.302085876
2,"map(to: a)",4096,64,304,0,4,17,0,229.060649872
2,"map(to: a)",4096,64,304,0,4,5042,0,5659.258365631
2,"map(to: a)",4096,64,304,0,4,7,0,216.603279114
2,"map(to: a)",4096,64,304,0,4,114,0,339.353084564
2,"map(to: a)",4096,64,304,0,4,44,0,258.100032806
2,"map(to: a)",4096,64,304,0,4,2,0,211.048126221
2,"map(to: a)",4096,64,304,0,4,294,0,533.807277679
2,"map(to: a)",4096,64,304,0,4,758,0,1038.658618927
2,"map(to: a)",4096,64,304,0,4,183,0,411.653518677
2,"map(to: a)",4096,64,304,0,4,4,0,214.755535126
2,"map(to: a)",4096,64,304,0,4,1218,0,1518.154144287
2,"map(to: a)",4096,64,304,0,4,71,0,291.740894318
2,"map(to: a)",4096,64,304,0,4,1955,0,2324.450016022
2,"map(to: a)",4096,64,304,0,4,11,0,221.395492554
2,"map(to: a)",4096,64,304,0,4,472,0,720.894336700
2,"map(to: a)",4096,64,304,0,4,3140,0,3617.894649506
2,"map(to: a)",4096,64,304,1,0,2,0,210.857391357
2,"map(to: a)",4096,64,304,1,0,4,0,214.493274689
2,"map(to: a)",4096,64,304,1,0,472,0,718.748569489
2,"map(to: a)",4096,64,304,1,0,3140,0,3641.045093536
2,"map(to: a)",4096,64,304,1,0,183,0,410.807132721
2,"map(to: a)",4096,64,304,1,0,28,0,240.647792816
2,"map(to: a)",4096,64,304,1,0,71,0,290.799140930
2,"map(to: a)",4096,64,304,1,0,1218,0,1539.099216461
2,"map(to: a)",4096,64,304,1,0,294,0,529.992580414
2,"map(to: a)",4096,64,304,1,0,1,0,210.845470428
2,"map(to: a)",4096,64,304,1,0,7,0,216.698646545
2,"map(to: a)",4096,64,304,1,0,1955,0,2344.644069672
2,"map(to: a)",4096,64,304,1,0,758,0,1029.658317566
2,"map(to: a)",4096,64,304,1,0,114,0,337.147712708
2,"map(to: a)",4096,64,304,1,0,11,0,221.550464630
2,"map(to: a)",4096,64,304,1,0,3,0,212.144851685
2,"map(to: a)",4096,64,304,1,0,8096,0,8928.239345551
2,"map(to: a)",4096,64,304,1,0,44,0,258.040428162
2,"map(to: a)",4096,64,304,1,0,17,0,228.846073151
2,"map(to: a)",4096,64,304,1,0,5042,0,5686.402320862
2,"map(to: a)",4096,64,304,1,1,758,0,1027.858257294
2,"map(to: a)",4096,64,304,1,1,3,0,212.359428406
2,"map(to: a)",4096,64,304,1,1,3140,0,3572.809696198
2,"map(to: a)",4096,64,304,1,1,1955,0,2348.494529724
2,"map(to: a)",4096,64,304,1,1,44,0,258.147716522
2,"map(to: a)",4096,64,304,1,1,17,0,229.549407959
2,"map(to: a)",4096,64,304,1,1,294,0,528.800487518
2,"map(to: a)",4096,64,304,1,1,28,0,240.302085876
2,"map(to: a)",4096,64,304,1,1,114,0,337.648391724
2,"map(to: a)",4096,64,304,1,1,2,0,210.809707642
2,"map(to: a)",4096,64,304,1,1,7,0,217.044353485
2,"map(to: a)",4096,64,304,1,1,183,0,412.905216217
2,"map(to: a)",4096,64,304,1,1,8096,0,8926.892280579
2,"map(to: a)",4096,64,304,1,1,11,0,221.550464630
2,"map(to: a)",4096,64,304,1,1,1,0,210.797786713
2,"map(to: a)",4096,64,304,1,1,1218,0,1530.539989471
2,"map(to: a)",4096,64,304,1,1,472,0,721.704959869
2,"map(to: a)",4096,64,304,1,1,71,0,291.299819946
2,"map(to: a)",4096,64,304,1,1,5042,0,5603.098869324
2,"map(to: a)",4096,64,304,1,1,4,0,214.803218842
2,"map(to: a)",4096,64,304,1,2,2,0,210.690498352
2,"map(to: a)",4096,64,304,1,2,71,0,291.550159454
2,"map(to: a)",4096,64,304,1,2,17,0,229.144096375
2,"map(to: a)",4096,64,304,1,2,472,0,729.107856750
2,"map(to: a)",4096,64,304,1,2,5042,0,5612.051486969
2,"map(to: a)",4096,64,304,1,2,28,0,240.159034729
2,"map(to: a)",4096,64,304,1,2,44,0,257.849693298
2,"map(to: a)",4096,64,304,1,2,1218,0,1533.448696136
2,"map(to: a)",4096,64,304,1,2,4,0,214.457511902
2,"map(to: a)",4096,64,304,1,2,1955,0,2318.251132965
2,"map(to: a)",4096,64,304,1,2,183,0,411.152839661
2,"map(to: a)",4096,64,304,1,2,7,0,216.901302338
2,"map(to: a)",4096,64,304,1,2,758,0,1029.706001282
2,"map(to: a)",4096,64,304,1,2,1,0,210.595130920
2,"map(to: a)",4096,64,304,1,2,3140,0,3582.048416138
2,"map(to: a)",4096,64,304,1,2,8096,0,9003.245830536
2,"map(to: a)",4096,64,304,1,2,3,0,212.001800537
2,"map(to: a)",4096,64,304,1,2,114,0,338.006019592
2,"map(to: a)",4096,64,304,1,2,11,0,221.800804138
2,"map(to: a)",4096,64,304,1,2,294,0,534.498691559
2,"map(to: a)",4096,64,304,1,3,1,0,211.048126221
2,"map(to: a)",4096,64,304,1,3,17,0,229.203701019
2,"map(to: a)",4096,64,304,1,3,294,0,528.359413147
2,"map(to: a)",4096,64,304,1,3,5042,0,5697.703361511
2,"map(to: a)",4096,64,304,1,3,114,0,337.696075439
2,"map(to: a)",4096,64,304,1,3,28,0,240.099430084
2,"map(to: a)",4096,64,304,1,3,1218,0,1518.309116364
2,"map(to: a)",4096,64,304,1,3,2,0,211.000442505
2,"map(to: a)",4096,64,304,1,3,3,0,212.395191193
2,"map(to: a)",4096,64,304,1,3,4,0,214.350223541
2,"map(to: a)",4096,64,304,1,3,758,0,1027.703285217
2,"map(to: a)",4096,64,304,1,3,11,0,221.610069275
2,"map(to: a)",4096,64,304,1,3,44,0,258.255004883
2,"map(to: a)",4096,64,304,1,3,472,0,721.752643585
2,"map(to: a)",4096,64,304,1,3,7,0,217.008590698
2,"map(to: a)",4096,64,304,1,3,1955,0,2350.449562073
2,"map(to: a)",4096,64,304,1,3,71,0,290.846824646
2,"map(to: a)",4096,64,304,1,3,183,0,412.547588348
2,"map(to: a)",4096,64,304,1,3,8096,0,8845.341205597
2,"map(to: a)",4096,64,304,1,3,3140,0,3637.444972992
2,"map(to: a)",4096,64,304,1,4,472,0,719.356536865
2,"map(to: a)",4096,64,304,1,4,71,0,291.347503662
2,"map(to: a)",4096,64,304,1,4,1,0,211.048126221
2,"map(to: a)",4096,64,304,1,4,11,0,222.301483154
2,"map(to: a)",4096,64,304,1,4,4,0,214.600563049
2,"map(to: a)",4096,64,304,1,4,3140,0,3590.404987335
2,"map(to: a)",4096,64,304,1,4,28,0,240.004062653
2,"map(to: a)",4096,64,304,1,4,1218,0,1529.407501221
2,"map(to: a)",4096,64,304,1,4,2,0,210.797786713
2,"map(to: a)",4096,64,304,1,4,183,0,411.295890808
2,"map(to: a)",4096,64,304,1,4,5042,0,5621.504783630
2,"map(to: a)",4096,64,304,1,4,114,0,338.602066040
2,"map(to: a)",4096,64,304,1,4,3,0,212.705135345
2,"map(to: a)",4096,64,304,1,4,44,0,258.553028107
2,"map(to: a)",4096,64,304,1,4,758,0,1021.802425385
2,"map(to: a)",4096,64,304,1,4,8096,0,9030.044078827
2,"map(to: a)",4096,64,304,1,4,1955,0,2314.102649689
2,"map(to: a)",4096,64,304,1,4,294,0,531.804561615
2,"map(to: a)",4096,64,304,1,4,7,0,216.591358185
2,"map(to: a)",4096,64,304,1,4,17,0,229.799747467
2,"map(to: a)",16384,64,304,0,0,7,0,234.699249268
2,"map(to: a)",16384,64,304,0,0,114,0,338.709354401
2,"map(to: a)",16384,64,304,0,0,3,0,217.998027802
2,"map(to: a)",16384,64,304,0,0,17,0,235.557556152
2,"map(to: a)",16384,64,304,0,0,1,0,216.758251190
2,"map(to: a)",16384,64,304,0,0,44,0,263.988971710
2,"map(to: a)",16384,64,304,0,0,294,0,531.756877899
2,"map(to: a)",16384,64,304,0,0,3140,0,3648.257255554
2,"map(to: a)",16384,64,304,0,0,4,0,220.298767090
2,"map(to: a)",16384,64,304,0,0,1955,0,2342.247962952
2,"map(to: a)",16384,64,304,0,0,183,0,411.999225616
2,"map(to: a)",16384,64,304,0,0,8096,0,9059.941768646
2,"map(to: a)",16384,64,304,0,0,758,0,1029.396057129
2,"map(to: a)",16384,64,304,0,0,71,0,293.302536011
2,"map(to: a)",16384,64,304,0,0,2,0,216.948986053
2,"map(to: a)",16384,64,304,0,0,11,0,227.594375610
2,"map(to: a)",16384,64,304,0,0,28,0,246.000289917
2,"map(to: a)",16384,64,304,0,0,5042,0,5655.002593994
2,"map(to: a)",16384,64,304,0,0,1218,0,1526.749134064
2,"map(to: a)",16384,64,304,0,0,472,0,729.048252106
2,"map(to: a)",16384,64,304,0,1,4,0,220.155715942
2,"map(to: a)",16384,64,304,0,1,1,0,216.841697693
2,"map(to: a)",16384,64,304,0,1,17,0,235.092639923
2,"map(to: a)",16384,64,304,0,1,28,0,245.952606201
2,"map(to: a)",16384,64,304,0,1,11,0,227.451324463
2,"map(to: a)",16384,64,304,0,1,3140,0,3616.249561310
2,"map(to: a)",16384,64,304,0,1,2,0,216.746330261
2,"map(to: a)",16384,64,304,0,1,758,0,1043.343544006
2,"map(to: a)",16384,64,304,0,1,1218,0,1522.243022919
2,"map(to: a)",16384,64,304,0,1,44,0,264.155864716
2,"map(to: a)",16384,64,304,0,1,71,0,292.110443115
2,"map(to: a)",16384,64,304,0,1,114,0,340.604782104
2,"map(to: a)",16384,64,304,0,1,294,0,531.542301178
2,"map(to: a)",16384,64,304,0,1,7,0,222.802162170
2,"map(to: a)",16384,64,304,0,1,183,0,412.356853485
2,"map(to: a)",16384,64,304,0,1,8096,0,9019.553661346
2,"map(to: a)",16384,64,304,0,1,472,0,725.805759430
2,"map(to: a)",16384,64,304,0,1,1955,0,2329.397201538
2,"map(to: a)",16384,64,304,0,1,3,0,217.700004578
2,"map(to: a)",16384,64,304,0,1,5042,0,5696.296691895
2,"map(to: a)",16384,64,304,0,2,3,0,218.141078949
2,"map(to: a)",16384,64,304,0,2,44,0,264.096260071
2,"map(to: a)",16384,64,304,0,2,1,0,216.698646545
2,"map(to: a)",16384,64,304,0,2,183,0,415.408611298
2,"map(to: a)",16384,64,304,0,2,294,0,532.400608063
2,"map(to: a)",16384,64,304,0,2,5042,0,5680.942535400
2,"map(to: a)",16384,64,304,0,2,7,0,222.647190094
2,"map(to: a)",16384,64,304,0,2,8096,0,9064.555168152
2,"map(to: a)",16384,64,304,0,2,2,0,216.901302338
2,"map(to: a)",16384,64,304,0,2,114,0,339.698791504
2,"map(to: a)",16384,64,304,0,2,71,0,292.301177979
2,"map(to: a)",16384,64,304,0,2,1955,0,2358.198165894
2,"map(to: a)",16384,64,304,0,2,17,0,235.104560852
2,"map(to: a)",16384,64,304,0,2,472,0,723.958015442
2,"map(to: a)",16384,64,304,0,2,11,0,227.892398834
2,"map(to: a)",16384,64,304,0,2,1218,0,1538.205146790
2,"map(to: a)",16384,64,304,0,2,4,0,239.050388336
2,"map(to: a)",16384,64,304,0,2,3140,0,3609.251976013
2,"map(to: a)",16384,64,304,0,2,758,0,1033.294200897
2,"map(to: a)",16384,64,304,0,2,28,0,246.644020081
2,"map(to: a)",16384,64,304,0,3,11,0,227.499008179
2,"map(to: a)",16384,64,304,0,3,4,0,220.155715942
2,"map(to: a)",16384,64,304,0,3,5042,0,5631.208419800
2,"map(to: a)",16384,64,304,0,3,183,0,416.648387909
2,"map(to: a)",16384,64,304,0,3,17,0,234.949588776
2,"map(to: a)",16384,64,304,0,3,3,0,217.843055725
2,"map(to: a)",16384,64,304,0,3,28,0,245.606899261
2,"map(to: a)",16384,64,304,0,3,1218,0,1545.155048370
2,"map(to: a)",16384,64,304,0,3,114,0,338.351726532
2,"map(to: a)",16384,64,304,0,3,758,0,1034.152507782
2,"map(to: a)",16384,64,304,0,3,1955,0,2325.141429901
2,"map(to: a)",16384,64,304,0,3,472,0,728.905200958
2,"map(to: a)",16384,64,304,0,3,7,0,222.492218018
2,"map(to: a)",16384,64,304,0,3,44,0,263.893604279
2,"map(to: a)",16384,64,304,0,3,3140,0,3608.548641205
2,"map(to: a)",16384,64,304,0,3,8096,0,9008.705615997
2,"map(to: a)",16384,64,304,0,3,71,0,293.302536011
2,"map(to: a)",16384,64,304,0,3,1,0,216.698646545
2,"map(to: a)",16384,64,304,0,3,2,0,216.650962830
2,"map(to: a)",16384,64,304,0,3,294,0,536.048412323
2,"map(to: a)",16384,64,304,0,4,3,0,217.902660370
2,"map(to: a)",16384,64,304,0,4,8096,0,8982.098102570
2,"map(to: a)",16384,64,304,0,4,1,0,216.698646545
2,"map(to: a)",16384,64,304,0,4,28,0,246.405601501
2,"map(to: a)",16384,64,304,0,4,17,0,234.949588776
2,"map(to: a)",16384,64,304,0,4,5042,0,5683.445930481
2,"map(to: a)",16384,64,304,0,4,7,0,222.647190094
2,"map(to: a)",16384,64,304,0,4,114,0,340.199470520
2,"map(to: a)",16384,64,304,0,4,44,0,264.048576355
2,"map(to: a)",16384,64,304,0,4,2,0,216.507911682
2,"map(to: a)",16384,64,304,0,4,294,0,532.209873199
2,"map(to: a)",16384,64,304,0,4,758,0,1037.645339966
2,"map(to: a)",16384,64,304,0,4,183,0,413.548946381
2,"map(to: a)",16384,64,304,0,4,4,0,219.893455505
2,"map(to: a)",16384,64,304,0,4,1218,0,1528.155803680
2,"map(to: a)",16384,64,304,0,4,71,0,293.207168579
2,"map(to: a)",16384,64,304,0,4,1955,0,2336.895465851
2,"map(to: a)",16384,64,304,0,4,11,0,227.308273315
2,"map(to: a)",16384,64,304,0,4,472,0,721.406936646
2,"map(to: a)",16384,64,304,0,4,3140,0,3653.693199158
2,"map(to: a)",16384,64,304,1,0,2,0,216.698646545
2,"map(to: a)",16384,64,304,1,0,4,0,220.155715942
2,"map(to: a)",16384,64,304,1,0,472,0,720.608234406
2,"map(to: a)",16384,64,304,1,0,3140,0,3660.047054291
2,"map(to: a)",16384,64,304,1,0,183,0,412.702560425
2,"map(to: a)",16384,64,304,1,0,28,0,245.857238770
2,"map(to: a)",16384,64,304,1,0,71,0,292.599201202
2,"map(to: a)",16384,64,304,1,0,1218,0,1539.897918701
2,"map(to: a)",16384,64,304,1,0,294,0,533.151626587
2,"map(to: a)",16384,64,304,1,0,1,0,216.555595398
2,"map(to: a)",16384,64,304,1,0,7,0,222.897529602
2,"map(to: a)",16384,64,304,1,0,1955,0,2351.701259613
2,"map(to: a)",16384,64,304,1,0,758,0,1035.594940186
2,"map(to: a)",16384,64,304,1,0,114,0,357.699394226
2,"map(to: a)",16384,64,304,1,0,11,0,235.891342163
2,"map(to: a)",16384,64,304,1,0,3,0,223.052501678
2,"map(to: a)",16384,64,304,1,0,8096,0,8934.700489044
2,"map(to: a)",16384,64,304,1,0,44,0,264.441967010
2,"map(to: a)",16384,64,304,1,0,17,0,234.854221344
2,"map(to: a)",16384,64,304,1,0,5042,0,5731.606483459
2,"map(to: a)",16384,64,304,1,1,758,0,1029.407978058
2,"map(to: a)",16384,64,304,1,1,3,0,217.747688293
2,"map(to: a)",16384,64,304,1,1,3140,0,3588.259220123
2,"map(to: a)",16384,64,304,1,1,1955,0,2359.449863434
2,"map(to: a)",16384,64,304,1,1,44,0,264.048576355
2,"map(to: a)",16384,64,304,1,1,17,0,234.842300415
2,"map(to: a)",16384,64,304,1,1,294,0,532.495975494
2,"map(to: a)",16384,64,304,1,1,28,0,245.952606201
2,"map(to: a)",16384,64,304,1,1,114,0,338.947772980
2,"map(to: a)",16384,64,304,1,1,2,0,216.650962830
2,"map(to: a)",16384,64,304,1,1,7,0,222.504138947
2,"map(to: a)",16384,64,304,1,1,183,0,414.800643921
2,"map(to: a)",16384,64,304,1,1,8096,0,8953.201770782
2,"map(to: a)",16384,64,304,1,1,11,0,227.642059326
2,"map(to: a)",16384,64,304,1,1,1,0,216.746330261
2,"map(to: a)",16384,64,304,1,1,1218,0,1546.204090118
2,"map(to: a)",16384,64,304,1,1,472,0,723.052024841
2,"map(to: a)",16384,64,304,1,1,71,0,292.909145355
2,"map(to: a)",16384,64,304,1,1,5042,0,5623.698234558
2,"map(to: a)",16384,64,304,1,1,4,0,220.310688019
2,"map(to: a)",16384,64,304,1,2,2,0,216.794013977
2,"map(to: a)",16384,64,304,1,2,71,0,293.147563934
2,"map(to: a)",16384,64,304,1,2,17,0,234.949588776
2,"map(to: a)",16384,64,304,1,2,472,0,728.547573090
2,"map(to: a)",16384,64,304,1,2,5042,0,5671.203136444
2,"map(to: a)",16384,64,304,1,2,28,0,245.904922485
2,"map(to: a)",16384,64,304,1,2,44,0,264.096260071
2,"map(to: a)",16384,64,304,1,2,1218,0,1538.157463074
2,"map(to: a)",16384,64,304,1,2,4,0,220.060348511
2,"map(to: a)",16384,64,304,1,2,1955,0,2331.793308258
2,"map(to: a)",16384,64,304,1,2,183,0,413.048267365
2,"map(to: a)",16384,64,304,1,2,7,0,222.551822662
2,"map(to: a)",16384,64,304,1,2,758,0,1030.099391937
2,"map(to: a)",16384,64,304,1,2,1,0,216.591358185
2,"map(to: a)",16384,64,304,1,2,3140,0,3589.355945587
2,"map(to: a)",16384,64,304,1,2,8096,0,9064.757823944
2,"map(to: a)",16384,64,304,1,2,3,0,218.093395233
2,"map(to: a)",16384,64,304,1,2,114,0,339.555740356
2,"map(to: a)",16384,64,304,1,2,11,0,227.260589600
2,"map(to: a)",16384,64,304,1,2,294,0,536.358356476
2,"map(to: a)",16384,64,304,1,3,1,0,216.650962830
2,"map(to: a)",16384,64,304,1,3,17,0,234.949588776
2,"map(to: a)",16384,64,304,1,3,294,0,533.199310303
2,"map(to: a)",16384,64,304,1,3,5042,0,5702.197551727
2,"map(to: a)",16384,64,304,1,3,114,0,339.448451996
2,"map(to: a)",16384,64,304,1,3,28,0,245.904922485
2,"map(to: a)",16384,64,304,1,3,1218,0,1526.045799255
2,"map(to: a)",16384,64,304,1,3,2,0,216.901302338
2,"map(to: a)",16384,64,304,1,3,3,0,217.998027802
2,"map(to: a)",16384,64,304,1,3,4,0,220.549106598
2,"map(to: a)",16384,64,304,1,3,758,0,1027.405261993
2,"map(to: a)",16384,64,304,1,3,11,0,227.653980255
2,"map(to: a)",16384,64,304,1,3,44,0,264.048576355
2,"map(to: a)",16384,64,304,1,3,472,0,726.008415222
2,"map(to: a)",16384,64,304,1,3,7,0,222.504138947
2,"map(to: a)",16384,64,304,1,3,1955,0,2363.502979279
2,"map(to: a)",16384,64,304,1,3,71,0,292.491912842
2,"map(to: a)",16384,64,304,1,3,183,0,413.894653320
2,"map(to: a)",16384,64,304,1,3,8096,0,8914.601802826
2,"map(to: a)",16384,64,304,1,3,3140,0,3644.347190857
2,"map(to: a)",16384,64,304,1,4,472,0,726.449489594
2,"map(to: a)",16384,64,304,1,4,71,0,292.491912842
2,"map(to: a)",16384,64,304,1,4,1,0,216.591358185
2,"map(to: a)",16384,64,304,1,4,11,0,227.355957031
2,"map(to: a)",16384,64,304,1,4,4,0,220.096111298
2,"map(to: a)",16384,64,304,1,4,3140,0,3606.450557709
2,"map(to: a)",16384,64,304,1,4,28,0,245.702266693
2,"map(to: a)",16384,64,304,1,4,1218,0,1542.353630066
2,"map(to: a)",16384,64,304,1,4,2,0,216.901302338
2,"map(to: a)",16384,64,304,1,4,183,0,414.156913757
2,"map(to: a)",16384,64,304,1,4,5042,0,5617.797374725
2,"map(to: a)",16384,64,304,1,4,114,0,341.093540192
2,"map(to: a)",16384,64,304,1,4,3,0,217.700004578
2,"map(to: a)",16384,64,304,1,4,44,0,264.549255371
2,"map(to: a)",16384,64,304,1,4,758,0,1026.356220245
2,"map(to: a)",16384,64,304,1,4,8096,0,9045.851230621
2,"map(to: a)",16384,64,304,1,4,1955,0,2333.950996399
2,"map(to: a)",16384,64,304,1,4,294,0,533.401966095
2,"map(to: a)",16384,64,304,1,4,7,0,222.396850586
2,"map(to: a)",16384,64,304,1,4,17,0,235.104560852
2,"map(to: a)",65536,64,304,0,0,7,0,240.004062653
2,"map(to: a)",65536,64,304,0,0,114,0,346.803665161
2,"map(to: a)",65536,64,304,0,0,3,0,225.496292114
2,"map(to: a)",65536,64,304,0,0,17,0,243.043899536
2,"map(to: a)",65536,64,304,0,0,1,0,224.161148071
2,"map(to: a)",65536,64,304,0,0,44,0,303.256511688
2,"map(to: a)",65536,64,304,0,0,294,0,551.497936249
2,"map(to: a)",65536,64,304,0,0,3140,0,3668.594360352
2,"map(to: a)",65536,64,304,0,0,4,0,227.952003479
2,"map(to: a)",65536,64,304,0,0,1955,0,2354.490756989
2,"map(to: a)",65536,64,304,0,0,183,0,419.259071350
2,"map(to: a)",65536,64,304,0,0,8096,0,9046.494960785
2,"map(to: a)",65536,64,304,0,0,758,0,1038.455963135
2,"map(to: a)",65536,64,304,0,0,71,0,300.145149231
2,"map(to: a)",65536,64,304,0,0,2,0,224.149227142
2,"map(to: a)",65536,64,304,0,0,11,0,234.603881836
2,"map(to: a)",65536,64,304,0,0,28,0,253.498554230
2,"map(to: a)",65536,64,304,0,0,5042,0,5655.610561371
2,"map(to: a)",65536,64,304,0,0,1218,0,1533.544063568
2,"map(to: a)",65536,64,304,0,0,472,0,735.199451447
2,"map(to: a)",65536,64,304,0,1,4,0,227.499008179
2,"map(to: a)",65536,64,304,0,1,1,0,224.149227142
2,"map(to: a)",65536,64,304,0,1,17,0,242.352485657
2,"map(to: a)",65536,64,304,0,1,28,0,254.046916962
2,"map(to: a)",65536,64,304,0,1,11,0,234.842300415
2,"map(to: a)",65536,64,304,0,1,3140,0,3636.991977692
2,"map(to: a)",65536,64,304,0,1,2,0,224.101543427
2,"map(to: a)",65536,64,304,0,1,758,0,1050.055027008
2,"map(to: a)",65536,64,304,0,1,1218,0,1529.192924500
2,"map(to: a)",65536,64,304,0,1,44,0,271.296501160
2,"map(to: a)",65536,64,304,0,1,71,0,299.906730652
2,"map(to: a)",65536,64,304,0,1,114,0,347.459316254
2,"map(to: a)",65536,64,304,0,1,294,0,540.852546692
2,"map(to: a)",65536,64,304,0,1,7,0,230.050086975
2,"map(to: a)",65536,64,304,0,1,183,0,420.451164246
2,"map(to: a)",65536,64,304,0,1,8096,0,9024.751186371
2,"map(to: a)",65536,64,304,0,1,472,0,733.792781830
2,"map(to: a)",65536,64,304,0,1,1955,0,2339.100837708
2,"map(to: a)",65536,64,304,0,1,3,0,225.448608398
2,"map(to: a)",65536,64,304,0,1,5042,0,5729.448795319
2,"map(to: a)",65536,64,304,0,2,3,0,225.353240967
2,"map(to: a)",65536,64,304,0,2,44,0,271.153450012
2,"map(to: a)",65536,64,304,0,2,1,0,223.898887634
2,"map(to: a)",65536,64,304,0,2,183,0,423.753261566
2,"map(to: a)",65536,64,304,0,2,294,0,539.553165436
2,"map(to: a)",65536,64,304,0,2,5042,0,5694.448947906
2,"map(to: a)",65536,64,304,0,2,7,0,229.954719543
2,"map(to: a)",65536,64,304,0,2,8096,0,9054.100513458
2,"map(to: a)",65536,64,304,0,2,2,0,224.101543427
2,"map(to: a)",65536,64,304,0,2,114,0,346.100330353
2,"map(to: a)",65536,64,304,0,2,71,0,300.002098083
2,"map(to: a)",65536,64,304,0,2,1955,0,2366.399765015
2,"map(to: a)",65536,64,304,0,2,17,0,242.495536804
2,"map(to: a)",65536,64,304,0,2,472,0,730.550289154
2,"map(to: a)",65536,64,304,0,2,11,0,234.794616699
2,"map(to: a)",65536,64,304,0,2,1218,0,1544.857025146
2,"map(to: a)",65536,64,304,0,2,4,0,227.391719818
2,"map(to: a)",65536,64,304,0,2,3140,0,3626.596927643
2,"map(to: a)",65536,64,304,0,2,758,0,1036.190986633
2,"map(to: a)",65536,64,304,0,2,28,0,253.689289093
2,"map(to: a)",65536,64,304,0,3,11,0,234.544277191
2,"map(to: a)",65536,64,304,0,3,4,0,227.761268616
2,"map(to: a)",65536,64,304,0,3,5042,0,5627.655982971
2,"map(to: a)",65536,64,304,0,3,183,0,423.347949982
2,"map(to: a)",65536,64,304,0,3,17,0,242.292881012
2,"map(to: a)",65536,64,304,0,3,3,0,225.448608398
2,"map(to: a)",65536,64,304,0,3,28,0,253.307819366
2,"map(to: a)",65536,64,304,0,3,1218,0,1544.499397278
2,"map(to: a)",65536,64,304,0,3,114,0,346.696376801
2,"map(to: a)",65536,64,304,0,3,758,0,1037.597656250
2,"map(to: a)",65536,64,304,0,3,1955,0,2339.100837708
2,"map(to: a)",65536,64,304,0,3,472,0,735.700130463
2,"map(to: a)",65536,64,304,0,3,7,0,230.097770691
2,"map(to: a)",65536,64,304,0,3,44,0,271.093845367
2,"map(to: a)",65536,64,304,0,3,3140,0,3608.703613281
2,"map(to: a)",65536,64,304,0,3,8096,0,9035.754203796
2,"map(to: a)",65536,64,304,0,3,71,0,300.145149231
2,"map(to: a)",65536,64,304,0,3,1,0,224.494934082
2,"map(to: a)",65536,64,304,0,3,2,0,224.149227142
2,"map(to: a)",65536,64,304,0,3,294,0,544.595718384
2,"map(to: a)",65536,64,304,0,4,3,0,225.102901459
2,"map(to: a)",65536,64,304,0,4,8096,0,8989.048004150
2,"map(to: a)",65536,64,304,0,4,1,0,224.256515503
2,"map(to: a)",65536,64,304,0,4,28,0,253.951549530
2,"map(to: a)",65536,64,304,0,4,17,0,242.757797241
2,"map(to: a)",65536,64,304,0,4,5042,0,5664.396286011
2,"map(to: a)",65536,64,304,0,4,7,0,230.002403259
2,"map(to: a)",65536,64,304,0,4,114,0,347.399711609
2,"map(to: a)",65536,64,304,0,4,44,0,271.701812744
2,"map(to: a)",65536,64,304,0,4,2,0,224.149227142
2,"map(to: a)",65536,64,304,0,4,294,0,540.149211884
2,"map(to: a)",65536,64,304,0,4,758,0,1046.049594879
2,"map(to: a)",65536,64,304,0,4,183,0,421.154499054
2,"map(to: a)",65536,64,304,0,4,4,0,227.558612823
2,"map(to: a)",65536,64,304,0,4,1218,0,1528.048515320
2,"map(to: a)",65536,64,304,0,4,71,0,301.456451416
2,"map(to: a)",65536,64,304,0,4,1955,0,2332.448959351
2,"map(to: a)",65536,64,304,0,4,11,0,234.711170197
2,"map(to: a)",65536,64,304,0,4,472,0,728.797912598
2,"map(to: a)",65536,64,304,0,4,3140,0,3671.002388000
2,"map(to: a)",65536,64,304,1,0,2,0,224.101543427
2,"map(to: a)",65536,64,304,1,0,4,0,227.642059326
2,"map(to: a)",65536,64,304,1,0,472,0,730.156898499
2,"map(to: a)",65536,64,304,1,0,3140,0,3655.600547791
2,"map(to: a)",65536,64,304,1,0,183,0,421.309471130
2,"map(to: a)",65536,64,304,1,0,28,0,253.605842590
2,"map(to: a)",65536,64,304,1,0,71,0,300.359725952
2,"map(to: a)",65536,64,304,1,0,1218,0,1544.642448425
2,"map(to: a)",65536,64,304,1,0,294,0,559.890270233
2,"map(to: a)",65536,64,304,1,0,1,0,233.149528503
2,"map(to: a)",65536,64,304,1,0,7,0,233.292579651
2,"map(to: a)",65536,64,304,1,0,1955,0,2367.758750916
2,"map(to: a)",65536,64,304,1,0,758,0,1038.908958435
2,"map(to: a)",65536,64,304,1,0,114,0,346.946716309
2,"map(to: a)",65536,64,304,1,0,11,0,234.806537628
2,"map(to: a)",65536,64,304,1,0,3,0,225.293636322
2,"map(to: a)",65536,64,304,1,0,8096,0,8920.955657959
2,"map(to: a)",65536,64,304,1,0,44,0,271.654129028
2,"map(to: a)",65536,64,304,1,0,17,0,242.304801941
2,"map(to: a)",65536,64,304,1,0,5042,0,5733.442306519
2,"map(to: a)",65536,64,304,1,1,758,0,1039.755344391
2,"map(to: a)",65536,64,304,1,1,3,0,225.293636322
2,"map(to: a)",65536,64,304,1,1,3140,0,3613.650798798
2,"map(to: a)",65536,64,304,1,1,1955,0,2355.051040649
2,"map(to: a)",65536,64,304,1,1,44,0,271.749496460
2,"map(to: a)",65536,64,304,1,1,17,0,242.352485657
2,"map(to: a)",65536,64,304,1,1,294,0,539.946556091
2,"map(to: a)",65536,64,304,1,1,28,0,253.653526306
2,"map(to: a)",65536,64,304,1,1,114,0,346.541404724
2,"map(to: a)",65536,64,304,1,1,2,0,224.494934082
2,"map(to: a)",65536,64,304,1,1,7,0,229.954719543
2,"map(to: a)",65536,64,304,1,1,183,0,423.598289490
2,"map(to: a)",65536,64,304,1,1,8096,0,8918.952941895
2,"map(to: a)",65536,64,304,1,1,11,0,235.152244568
2,"map(to: a)",65536,64,304,1,1,1,0,224.101543427
2,"map(to: a)",65536,64,304,1,1,1218,0,1565.349102020
2,"map(to: a)",65536,64,304,1,1,472,0,730.049610138
2,"map(to: a)",65536,64,304,1,1,71,0,300.347805023
2,"map(to: a)",65536,64,304,1,1,5042,0,5642.950534821
2,"map(to: a)",65536,64,304,1,1,4,0,227.999687195
2,"map(to: a)",65536,64,304,1,2,2,0,224.161148071
2,"map(to: a)",65536,64,304,1,2,71,0,299.739837646
2,"map(to: a)",65536,64,304,1,2,17,0,242.757797241
2,"map(to: a)",65536,64,304,1,2,472,0,735.402107239
2,"map(to: a)",65536,64,304,1,2,5042,0,5685.508251190
2,"map(to: a)",65536,64,304,1,2,28,0,253.045558929
2,"map(to: a)",65536,64,304,1,2,44,0,271.546840668
2,"map(to: a)",65536,64,304,1,2,1218,0,1546.096801758
2,"map(to: a)",65536,64,304,1,2,4,0,227.594375610
2,"map(to: a)",65536,64,304,1,2,1955,0,2352.750301361
2,"map(to: a)",65536,64,304,1,2,183,0,420.153141022
2,"map(to: a)",65536,64,304,1,2,7,0,230.300426483
2,"map(to: a)",65536,64,304,1,2,758,0,1037.502288818
2,"map(to: a)",65536,64,304,1,2,1,0,224.304199219
2,"map(to: a)",65536,64,304,1,2,3140,0,3601.944446564
2,"map(to: a)",65536,64,304,1,2,8096,0,9062.695503235
2,"map(to: a)",65536,64,304,1,2,3,0,225.603580475
2,"map(to: a)",65536,64,304,1,2,114,0,346.350669861
2,"map(to: a)",65536,64,304,1,2,11,0,234.699249268
2,"map(to: a)",65536,64,304,1,2,294,0,542.700290680
2,"map(to: a)",65536,64,304,1,3,1,0,224.053859711
2,"map(to: a)",65536,64,304,1,3,17,0,242.400169373
2,"map(to: a)",65536,64,304,1,3,294,0,539.708137512
2,"map(to: a)",65536,64,304,1,3,5042,0,5712.306499481
2,"map(to: a)",65536,64,304,1,3,114,0,346.601009369
2,"map(to: a)",65536,64,304,1,3,28,0,253.200531006
2,"map(to: a)",65536,64,304,1,3,1218,0,1526.308059692
2,"map(to: a)",65536,64,304,1,3,2,0,224.256515503
2,"map(to: a)",65536,64,304,1,3,3,0,225.353240967
2,"map(to: a)",65536,64,304,1,3,4,0,227.403640747
2,"map(to: a)",65536,64,304,1,3,758,0,1034.653186798
2,"map(to: a)",65536,64,304,1,3,11,0,234.854221344
2,"map(to: a)",65536,64,304,1,3,44,0,296.401977539
2,"map(to: a)",65536,64,304,1,3,472,0,745.999813080
2,"map(to: a)",65536,64,304,1,3,7,0,232.744216919
2,"map(to: a)",65536,64,304,1,3,1955,0,2360.844612122
2,"map(to: a)",65536,64,304,1,3,71,0,300.002098083
2,"map(to: a)",65536,64,304,1,3,183,0,420.343875885
2,"map(to: a)",65536,64,304,1,3,8096,0,8939.695358276
2,"map(to: a)",65536,64,304,1,3,3140,0,3642.404079437
2,"map(to: a)",65536,64,304,1,4,472,0,733.554363251
2,"map(to: a)",65536,64,304,1,4,71,0,299.954414368
2,"map(to: a)",65536,64,304,1,4,1,0,223.755836487
2,"map(to: a)",65536,64,304,1,4,11,0,235.140323639
2,"map(to: a)",65536,64,304,1,4,4,0,227.355957031
2,"map(to: a)",65536,64,304,1,4,3140,0,3630.948066711
2,"map(to: a)",65536,64,304,1,4,28,0,252.950191498
2,"map(to: a)",65536,64,304,1,4,1218,0,1550.650596619
2,"map(to: a)",65536,64,304,1,4,2,0,224.041938782
2,"map(to: a)",65536,64,304,1,4,183,0,421.655178070
2,"map(to: a)",65536,64,304,1,4,5042,0,5635.201931000
2,"map(to: a)",65536,64,304,1,4,114,0,348.103046417
2,"map(to: a)",65536,64,304,1,4,3,0,225.496292114
2,"map(to: a)",65536,64,304,1,4,44,0,271.201133728
2,"map(to: a)",65536,64,304,1,4,758,0,1039.254665375
2,"map(to: a)",65536,64,304,1,4,8096,0,9019.196033478
2,"map(to: a)",65536,64,304,1,4,1955,0,2348.446846008
2,"map(to: a)",65536,64,304,1,4,294,0,539.445877075
2,"map(to: a)",65536,64,304,1,4,7,0,229.907035828
2,"map(to: a)",65536,64,304,1,4,17,0,242.650508881
2,"map(to: a)",262144,64,304,0,0,7,0,272.393226624
2,"map(to: a)",262144,64,304,0,0,114,0,374.746322632
2,"map(to: a)",262144,64,304,0,0,3,0,253.546237946
2,"map(to: a)",262144,64,304,0,0,17,0,270.855426788
2,"map(to: a)",262144,64,304,0,0,1,0,252.497196198
2,"map(to: a)",262144,64,304,0,0,44,0,299.239158630
2,"map(to: a)",262144,64,304,0,0,294,0,566.506385803
2,"map(to: a)",262144,64,304,0,0,3140,0,3671.002388000
2,"map(to: a)",262144,64,304,0,0,4,0,255.799293518
2,"map(to: a)",262144,64,304,0,0,1955,0,2360.498905182
2,"map(to: a)",262144,64,304,0,0,183,0,448.095798492
2,"map(to: a)",262144,64,304,0,0,8096,0,9019.601345062
2,"map(to: a)",262144,64,304,0,0,758,0,1066.005229950
2,"map(to: a)",262144,64,304,0,0,71,0,327.849388123
2,"map(to: a)",262144,64,304,0,0,2,0,252.151489258
2,"map(to: a)",262144,64,304,0,0,11,0,263.094902039
2,"map(to: a)",262144,64,304,0,0,28,0,281.190872192
2,"map(to: a)",262144,64,304,0,0,5042,0,5680.954456329
2,"map(to: a)",262144,64,304,0,0,1218,0,1549.601554871
2,"map(to: a)",262144,64,304,0,0,472,0,764.048099518
2,"map(to: a)",262144,64,304,0,1,4,0,256.001949310
2,"map(to: a)",262144,64,304,0,1,1,0,252.258777618
2,"map(to: a)",262144,64,304,0,1,17,0,270.605087280
2,"map(to: a)",262144,64,304,0,1,28,0,281.202793121
2,"map(to: a)",262144,64,304,0,1,11,0,263.106822968
2,"map(to: a)",262144,64,304,0,1,3140,0,3639.292716980
2,"map(to: a)",262144,64,304,0,1,2,0,252.246856689
2,"map(to: a)",262144,64,304,0,1,758,0,1070.296764374
2,"map(to: a)",262144,64,304,0,1,1218,0,1560.652256012
2,"map(to: a)",262144,64,304,0,1,44,0,299.108028412
2,"map(to: a)",262144,64,304,0,1,71,0,328.052043915
2,"map(to: a)",262144,64,304,0,1,114,0,375.103950500
2,"map(to: a)",262144,64,304,0,1,294,0,568.103790283
2,"map(to: a)",262144,64,304,0,1,7,0,258.195400238
2,"map(to: a)",262144,64,304,0,1,183,0,447.404384613
2,"map(to: a)",262144,64,304,0,1,8096,0,9046.804904938
2,"map(to: a)",262144,64,304,0,1,472,0,757.741928101
2,"map(to: a)",262144,64,304,0,1,1955,0,2367.639541626
2,"map(to: a)",262144,64,304,0,1,3,0,253.295898438
2,"map(to: a)",262144,64,304,0,1,5042,0,5745.542049408
2,"map(to: a)",262144,64,304,0,2,3,0,253.546237946
2,"map(to: a)",262144,64,304,0,2,44,0,299.203395844
2,"map(to: a)",262144,64,304,0,2,1,0,252.103805542
2,"map(to: a)",262144,64,304,0,2,183,0,449.943542480
2,"map(to: a)",262144,64,304,0,2,294,0,567.996501923
2,"map(to: a)",262144,64,304,0,2,5042,0,5662.894248962
2,"map(to: a)",262144,64,304,0,2,7,0,258.457660675
2,"map(to: a)",262144,64,304,0,2,8096,0,9017.300605774
2,"map(to: a)",262144,64,304,0,2,2,0,252.509117126
2,"map(to: a)",262144,64,304,0,2,114,0,373.959541321
2,"map(to: a)",262144,64,304,0,2,71,0,328.147411346
2,"map(to: a)",262144,64,304,0,2,1955,0,2376.043796539
2,"map(to: a)",262144,64,304,0,2,17,0,270.748138428
2,"map(to: a)",262144,64,304,0,2,472,0,758.445262909
2,"map(to: a)",262144,64,304,0,2,11,0,262.796878815
2,"map(to: a)",262144,64,304,0,2,1218,0,1572.549343109
2,"map(to: a)",262144,64,304,0,2,4,0,256.204605103
2,"map(to: a)",262144,64,304,0,2,3140,0,3642.749786377
2,"map(to: a)",262144,64,304,0,2,758,0,1060.402393341
2,"map(to: a)",262144,64,304,0,2,28,0,281.202793121
2,"map(to: a)",262144,64,304,0,3,11,0,263.094902039
2,"map(to: a)",262144,64,304,0,3,4,0,255.644321442
2,"map(to: a)",262144,64,304,0,3,5042,0,5662.310123444
2,"map(to: a)",262144,64,304,0,3,183,0,449.657440186
2,"map(to: a)",262144,64,304,0,3,17,0,270.557403564
2,"map(to: a)",262144,64,304,0,3,3,0,253.248214722
2,"map(to: a)",262144,64,304,0,3,28,0,280.702114105
2,"map(to: a)",262144,64,304,0,3,1218,0,1566.398143768
2,"map(to: a)",262144,64,304,0,3,114,0,374.555587769
2,"map(to: a)",262144,64,304,0,3,758,0,1063.799858093
2,"map(to: a)",262144,64,304,0,3,1955,0,2358.305454254
2,"map(to: a)",262144,64,304,0,3,472,0,763.893127441
2,"map(to: a)",262144,64,304,0,3,7,0,258.159637451
2,"map(to: a)",262144,64,304,0,3,44,0,299.203395844
2,"map(to: a)",262144,64,304,0,3,3140,0,3622.102737427
2,"map(to: a)",262144,64,304,0,3,8096,0,9051.609039307
2,"map(to: a)",262144,64,304,0,3,71,0,327.742099762
2,"map(to: a)",262144,64,304,0,3,1,0,252.103805542
2,"map(to: a)",262144,64,304,0,3,2,0,252.199172974
2,"map(to: a)",262144,64,304,0,3,294,0,570.297241211
2,"map(to: a)",262144,64,304,0,4,3,0,253.450870514
2,"map(to: a)",262144,64,304,0,4,8096,0,8942.198753357
2,"map(to: a)",262144,64,304,0,4,1,0,252.509117126
2,"map(to: a)",262144,64,304,0,4,28,0,280.892848969
2,"map(to: a)",262144,64,304,0,4,17,0,270.760059357
2,"map(to: a)",262144,64,304,0,4,5042,0,5666.148662567
2,"map(to: a)",262144,64,304,0,4,7,0,258.302688599
2,"map(to: a)",262144,64,304,0,4,114,0,375.008583069
2,"map(to: a)",262144,64,304,0,4,44,0,299.096107483
2,"map(to: a)",262144,64,304,0,4,2,0,252.449512482
2,"map(to: a)",262144,64,304,0,4,294,0,565.302371979
2,"map(to: a)",262144,64,304,0,4,758,0,1073.205471039
2,"map(to: a)",262144,64,304,0,4,183,0,447.857379913
2,"map(to: a)",262144,64,304,0,4,4,0,255.608558655
2,"map(to: a)",262144,64,304,0,4,1218,0,1549.947261810
2,"map(to: a)",262144,64,304,0,4,71,0,329.494476318
2,"map(to: a)",262144,64,304,0,4,1955,0,2361.202239990
2,"map(to: a)",262144,64,304,0,4,11,0,265.502929688
2,"map(to: a)",262144,64,304,0,4,472,0,789.201259613
2,"map(to: a)",262144,64,304,0,4,3140,0,3664.493560791
2,"map(to: a)",262144,64,304,1,0,2,0,252.151489258
2,"map(to: a)",262144,64,304,1,0,4,0,255.501270294
2,"map(to: a)",262144,64,304,1,0,472,0,757.658481598
2,"map(to: a)",262144,64,304,1,0,3140,0,3664.255142212
2,"map(to: a)",262144,64,304,1,0,183,0,471.198558807
2,"map(to: a)",262144,64,304,1,0,28,0,310.349464417
2,"map(to: a)",262144,64,304,1,0,71,0,344.252586365
2,"map(to: a)",262144,64,304,1,0,1218,0,1573.359966278
2,"map(to: a)",262144,64,304,1,0,294,0,567.257404327
2,"map(to: a)",262144,64,304,1,0,1,0,252.306461334
2,"map(to: a)",262144,64,304,1,0,7,0,258.243083954
2,"map(to: a)",262144,64,304,1,0,1955,0,2388.453483582
2,"map(to: a)",262144,64,304,1,0,758,0,1064.503192902
2,"map(to: a)",262144,64,304,1,0,114,0,374.650955200
2,"map(to: a)",262144,64,304,1,0,11,0,262.653827667
2,"map(to: a)",262144,64,304,1,0,3,0,253.307819366
2,"map(to: a)",262144,64,304,1,0,8096,0,8971.345424652
2,"map(to: a)",262144,64,304,1,0,44,0,298.953056335
2,"map(to: a)",262144,64,304,1,0,17,0,270.545482635
2,"map(to: a)",262144,64,304,1,0,5042,0,5714.297294617
2,"map(to: a)",262144,64,304,1,1,758,0,1066.148281097
2,"map(to: a)",262144,64,304,1,1,3,0,253.307819366
2,"map(to: a)",262144,64,304,1,1,3140,0,3636.252880096
2,"map(to: a)",262144,64,304,1,1,1955,0,2380.096912384
2,"map(to: a)",262144,64,304,1,1,44,0,298.953056335
2,"map(to: a)",262144,64,304,1,1,17,0,270.557403564
2,"map(to: a)",262144,64,304,1,1,294,0,565.552711487
2,"map(to: a)",262144,64,304,1,1,28,0,281.107425690
2,"map(to: a)",262144,64,304,1,1,114,0,373.899936676
2,"map(to: a)",262144,64,304,1,1,2,0,252.306461334
2,"map(to: a)",262144,64,304,1,1,7,0,258.398056030
2,"map(to: a)",262144,64,304,1,1,183,0,450.599193573
2,"map(to: a)",262144,64,304,1,1,8096,0,8938.395977020
2,"map(to: a)",262144,64,304,1,1,11,0,262.951850891
2,"map(to: a)",262144,64,304,1,1,1,0,252.139568329
2,"map(to: a)",262144,64,304,1,1,1218,0,1566.004753113
2,"map(to: a)",262144,64,304,1,1,472,0,759.899616241
2,"map(to: a)",262144,64,304,1,1,71,0,327.956676483
2,"map(to: a)",262144,64,304,1,1,5042,0,5666.947364807
2,"map(to: a)",262144,64,304,1,1,4,0,255.894660950
2,"map(to: a)",262144,64,304,1,2,2,0,251.948833466
2,"map(to: a)",262144,64,304,1,2,71,0,327.706336975
2,"map(to: a)",262144,64,304,1,2,17,0,270.497798920
2,"map(to: a)",262144,64,304,1,2,472,0,763.499736786
2,"map(to: a)",262144,64,304,1,2,5042,0,5665.647983551
2,"map(to: a)",262144,64,304,1,2,28,0,298.249721527
2,"map(to: a)",262144,64,304,1,2,44,0,305.604934692
2,"map(to: a)",262144,64,304,1,2,1218,0,1570.749282837
2,"map(to: a)",262144,64,304,1,2,4,0,255.596637726
2,"map(to: a)",262144,64,304,1,2,1955,0,2370.452880859
2,"map(to: a)",262144,64,304,1,2,183,0,447.642803192
2,"map(to: a)",262144,64,304,1,2,7,0,258.195400238
2,"map(to: a)",262144,64,304,1,2,758,0,1065.444946289
2,"map(to: a)",262144,64,304,1,2,1,0,252.151489258
2,"map(to: a)",262144,64,304,1,2,3140,0,3634.750843048
2,"map(to: a)",262144,64,304,1,2,8096,0,9010.803699493
2,"map(to: a)",262144,64,304,1,2,3,0,253.701210022
2,"map(to: a)",262144,64,304,1,2,114,0,373.792648315
2,"map(to: a)",262144,64,304,1,2,11,0,262.796878815
2,"map(to: a)",262144,64,304,1,2,294,0,569.748878479
2,"map(to: a)",262144,64,304,1,3,1,0,252.401828766
2,"map(to: a)",262144,64,304,1,3,17,0,270.509719849
2,"map(to: a)",262144,64,304,1,3,294,0,566.053390503
2,"map(to: a)",262144,64,304,1,3,5042,0,5738.008022308
2,"map(to: a)",262144,64,304,1,3,114,0,373.852252960
2,"map(to: a)",262144,64,304,1,3,28,0,281.095504761
2,"map(to: a)",262144,64,304,1,3,1218,0,1552.343368530
2,"map(to: a)",262144,64,304,1,3,2,0,252.747535706
2,"map(to: a)",262144,64,304,1,3,3,0,253.653526306
2,"map(to: a)",262144,64,304,1,3,4,0,255.799293518
2,"map(to: a)",262144,64,304,1,3,758,0,1062.893867493
2,"map(to: a)",262144,64,304,1,3,11,0,263.249874115
2,"map(to: a)",262144,64,304,1,3,44,0,299.298763275
2,"map(to: a)",262144,64,304,1,3,472,0,757.002830505
2,"map(to: a)",262144,64,304,1,3,7,0,258.290767670
2,"map(to: a)",262144,64,304,1,3,1955,0,2377.402782440
2,"map(to: a)",262144,64,304,1,3,71,0,328.195095062
2,"map(to: a)",262144,64,304,1,3,183,0,447.702407837
2,"map(to: a)",262144,64,304,1,3,8096,0,8933.353424072
2,"map(to: a)",262144,64,304,1,3,3140,0,3669.452667236
2,"map(to: a)",262144,64,304,1,4,472,0,757.455825806
2,"map(to: a)",262144,64,304,1,4,71,0,328.099727631
2,"map(to: a)",262144,64,304,1,4,1,0,252.044200897
2,"map(to: a)",262144,64,304,1,4,11,0,262.701511383
2,"map(to: a)",262144,64,304,1,4,4,0,255.656242371
2,"map(to: a)",262144,64,304,1,4,3140,0,3647.148609161
2,"map(to: a)",262144,64,304,1,4,28,0,280.499458313
2,"map(to: a)",262144,64,304,1,4,1218,0,1568.102836609
2,"map(to: a)",262144,64,304,1,4,2,0,252.354145050
2,"map(to: a)",262144,64,304,1,4,183,0,447.499752045
2,"map(to: a)",262144,64,304,1,4,5042,0,5664.396286011
2,"map(to: a)",262144,64,304,1,4,114,0,511.646270752
2,"map(to: a)",262144,64,304,1,4,3,0,253.653526306
2,"map(to: a)",262144,64,304,1,4,44,0,298.845767975
2,"map(to: a)",262144,64,304,1,4,758,0,1065.003871918
2,"map(to: a)",262144,64,304,1,4,8096,0,9028.244018555
2,"map(to: a)",262144,64,304,1,4,1955,0,2364.754676819
2,"map(to: a)",262144,64,304,1,4,294,0,567.460060120
2,"map(to: a)",262144,64,304,1,4,7,0,257.706642151
2,"map(to: a)",262144,64,304,1,4,17,0,270.903110504
2,"map(to: a)",1048576,64,304,0,0,7,0,379.955768585
2,"map(to: a)",1048576,64,304,0,0,114,0,462.257862091
2,"map(to: a)",1048576,64,304,0,0,3,0,336.539745331
2,"map(to: a)",1048576,64,304,0,0,17,0,353.360176086
2,"map(to: a)",1048576,64,304,0,0,1,0,336.349010468
2,"map(to: a)",1048576,64,304,0,0,44,0,382.304191589
2,"map(to: a)",1048576,64,304,0,0,294,0,651.907920837
2,"map(to: a)",1048576,64,304,0,0,3140,0,3765.749931335
2,"map(to: a)",1048576,64,304,0,0,4,0,340.151786804
2,"map(to: a)",1048576,64,304,0,0,1955,0,2454.698085785
2,"map(to: a)",1048576,64,304,0,0,183,0,532.507896423
2,"map(to: a)",1048576,64,304,0,0,8096,0,9145.796298981
2,"map(to: a)",1048576,64,304,0,0,758,0,1153.397560120
2,"map(to: a)",1048576,64,304,0,0,71,0,411.653518677
2,"map(to: a)",1048576,64,304,0,0,2,0,337.600708008
2,"map(to: a)",1048576,64,304,0,0,11,0,345.849990845
2,"map(to: a)",1048576,64,304,0,0,28,0,367.343425751
2,"map(to: a)",1048576,64,304,0,0,5042,0,5803.894996643
2,"map(to: a)",1048576,64,304,0,0,1218,0,1644.206047058
2,"map(to: a)",1048576,64,304,0,0,472,0,850.355625153
2,"map(to: a)",1048576,64,304,0,1,4,0,338.447093964
2,"map(to: a)",1048576,64,304,0,1,1,0,334.799289703
2,"map(to: a)",1048576,64,304,0,1,17,0,353.109836578
2,"map(to: a)",1048576,64,304,0,1,28,0,365.900993347
2,"map(to: a)",1048576,64,304,0,1,11,0,345.349311829
2,"map(to: a)",1048576,64,304,0,1,3140,0,3735.041618347
2,"map(to: a)",1048576,64,304,0,1,2,0,334.548950195
2,"map(to: a)",1048576,64,304,0,1,758,0,1158.344745636
2,"map(to: a)",1048576,64,304,0,1,1218,0,1683.449745178
2,"map(to: a)",1048576,64,304,0,1,44,0,385.689735413
2,"map(to: a)",1048576,64,304,0,1,71,0,411.093235016
2,"map(to: a)",1048576,64,304,0,1,114,0,461.196899414
2,"map(to: a)",1048576,64,304,0,1,294,0,651.502609253
2,"map(to: a)",1048576,64,304,0,1,7,0,340.998172760
2,"map(to: a)",1048576,64,304,0,1,183,0,531.446933746
2,"map(to: a)",1048576,64,304,0,1,8096,0,9172.952175140
2,"map(to: a)",1048576,64,304,0,1,472,0,843.548774719
2,"map(to: a)",1048576,64,304,0,1,1955,0,2461.898326874
2,"map(to: a)",1048576,64,304,0,1,3,0,336.301326752
2,"map(to: a)",1048576,64,304,0,1,5042,0,5844.199657440
2,"map(to: a)",1048576,64,304,0,2,3,0,336.396694183
2,"map(to: a)",1048576,64,304,0,2,44,0,383.901596069
2,"map(to: a)",1048576,64,304,0,2,1,0,334.346294403
2,"map(to: a)",1048576,64,304,0,2,183,0,534.200668335
2,"map(to: a)",1048576,64,304,0,2,294,0,654.554367065
2,"map(to: a)",1048576,64,304,0,2,5042,0,5780.696868896
2,"map(to: a)",1048576,64,304,0,2,7,0,340.855121613
2,"map(to: a)",1048576,64,304,0,2,8096,0,9151.852130890
2,"map(to: a)",1048576,64,304,0,2,2,0,338.053703308
2,"map(to: a)",1048576,64,304,0,2,114,0,458.049774170
2,"map(to: a)",1048576,64,304,0,2,71,0,411.152839661
2,"map(to: a)",1048576,64,304,0,2,1955,0,2482.342720032
2,"map(to: a)",1048576,64,304,0,2,17,0,353.300571442
2,"map(to: a)",1048576,64,304,0,2,472,0,845.658779144
2,"map(to: a)",1048576,64,304,0,2,11,0,345.206260681
2,"map(to: a)",1048576,64,304,0,2,1218,0,1661.944389343
2,"map(to: a)",1048576,64,304,0,2,4,0,342.047214508
2,"map(to: a)",1048576,64,304,0,2,3140,0,3740.203380585
2,"map(to: a)",1048576,64,304,0,2,758,0,1152.503490448
2,"map(to: a)",1048576,64,304,0,2,28,0,364.243984222
2,"map(to: a)",1048576,64,304,0,3,11,0,348.949432373
2,"map(to: a)",1048576,64,304,0,3,4,0,337.898731232
2,"map(to: a)",1048576,64,304,0,3,5042,0,5784.499645233
2,"map(to: a)",1048576,64,304,0,3,183,0,533.854961395
2,"map(to: a)",1048576,64,304,0,3,17,0,355.100631714
2,"map(to: a)",1048576,64,304,0,3,3,0,336.098670959
2,"map(to: a)",1048576,64,304,0,3,28,0,364.398956299
2,"map(to: a)",1048576,64,304,0,3,1218,0,1662.552356720
2,"map(to: a)",1048576,64,304,0,3,114,0,458.049774170
2,"map(to: a)",1048576,64,304,0,3,758,0,1194.500923157
2,"map(to: a)",1048576,64,304,0,3,1955,0,2445.554733276
2,"map(to: a)",1048576,64,304,0,3,472,0,849.997997284
2,"map(to: a)",1048576,64,304,0,3,7,0,341.105461121
2,"map(to: a)",1048576,64,304,0,3,44,0,382.697582245
2,"map(to: a)",1048576,64,304,0,3,3140,0,3726.494312286
2,"map(to: a)",1048576,64,304,0,3,8096,0,9176.003932953
2,"map(to: a)",1048576,64,304,0,3,71,0,413.548946381
2,"map(to: a)",1048576,64,304,0,3,1,0,334.739685059
2,"map(to: a)",1048576,64,304,0,3,2,0,334.692001343
2,"map(to: a)",1048576,64,304,0,3,294,0,656.950473785
2,"map(to: a)",1048576,64,304,0,4,3,0,336.241722107
2,"map(to: a)",1048576,64,304,0,4,8096,0,9069.299697876
2,"map(to: a)",1048576,64,304,0,4,1,0,334.846973419
2,"map(to: a)",1048576,64,304,0,4,28,0,366.199016571
2,"map(to: a)",1048576,64,304,0,4,17,0,353.455543518
2,"map(to: a)",1048576,64,304,0,4,5042,0,5802.750587463
2,"map(to: a)",1048576,64,304,0,4,7,0,340.592861176
2,"map(to: a)",1048576,64,304,0,4,114,0,459.599494934
2,"map(to: a)",1048576,64,304,0,4,44,0,382.649898529
2,"map(to: a)",1048576,64,304,0,4,2,0,334.858894348
2,"map(to: a)",1048576,64,304,0,4,294,0,651.049613953
2,"map(to: a)",1048576,64,304,0,4,758,0,1162.099838257
2,"map(to: a)",1048576,64,304,0,4,183,0,532.245635986
2,"map(to: a)",1048576,64,304,0,4,4,0,338.351726532
2,"map(to: a)",1048576,64,304,0,4,1218,0,1645.648479462
2,"map(to: a)",1048576,64,304,0,4,71,0,413.894653320
2,"map(to: a)",1048576,64,304,0,4,1955,0,2463.102340698
2,"map(to: a)",1048576,64,304,0,4,11,0,345.349311829
2,"map(to: a)",1048576,64,304,0,4,472,0,843.703746796
2,"map(to: a)",1048576,64,304,0,4,3140,0,3763.008117676
2,"map(to: a)",1048576,64,304,1,0,2,0,334.656238556
2,"map(to: a)",1048576,64,304,1,0,4,0,338.256359100
2,"map(to: a)",1048576,64,304,1,0,472,0,843.048095703
2,"map(to: a)",1048576,64,304,1,0,3140,0,3773.093223572
2,"map(to: a)",1048576,64,304,1,0,183,0,532.352924347
2,"map(to: a)",1048576,64,304,1,0,28,0,365.757942200
2,"map(to: a)",1048576,64,304,1,0,71,0,413.107872009
2,"map(to: a)",1048576,64,304,1,0,1218,0,1661.098003387
2,"map(to: a)",1048576,64,304,1,0,294,0,652.253627777
2,"map(to: a)",1048576,64,304,1,0,1,0,334.608554840
2,"map(to: a)",1048576,64,304,1,0,7,0,340.950489044
2,"map(to: a)",1048576,64,304,1,0,1955,0,2477.049827576
2,"map(to: a)",1048576,64,304,1,0,758,0,1154.351234436
2,"map(to: a)",1048576,64,304,1,0,114,0,457.751750946
2,"map(to: a)",1048576,64,304,1,0,11,0,345.504283905
2,"map(to: a)",1048576,64,304,1,0,3,0,336.349010468
2,"map(to: a)",1048576,64,304,1,0,8096,0,9098.100662231
2,"map(to: a)",1048576,64,304,1,0,44,0,382.506847382
2,"map(to: a)",1048576,64,304,1,0,17,0,353.503227234
2,"map(to: a)",1048576,64,304,1,0,5042,0,5851.352214813
2,"map(to: a)",1048576,64,304,1,1,758,0,1154.506206512
2,"map(to: a)",1048576,64,304,1,1,3,0,336.098670959
2,"map(to: a)",1048576,64,304,1,1,3140,0,3722.798824310
2,"map(to: a)",1048576,64,304,1,1,1955,0,2493.953704834
2,"map(to: a)",1048576,64,304,1,1,44,0,411.653518677
2,"map(to: a)",1048576,64,304,1,1,17,0,364.696979523
2,"map(to: a)",1048576,64,304,1,1,294,0,651.097297668
2,"map(to: a)",1048576,64,304,1,1,28,0,364.851951599
2,"map(to: a)",1048576,64,304,1,1,114,0,459.694862366
2,"map(to: a)",1048576,64,304,1,1,2,0,343.489646912
2,"map(to: a)",1048576,64,304,1,1,7,0,340.652465820
2,"map(to: a)",1048576,64,304,1,1,183,0,533.843040466
2,"map(to: a)",1048576,64,304,1,1,8096,0,9103.703498840
2,"map(to: a)",1048576,64,304,1,1,11,0,345.849990845
2,"map(to: a)",1048576,64,304,1,1,1,0,334.799289703
2,"map(to: a)",1048576,64,304,1,1,1218,0,1659.047603607
2,"map(to: a)",1048576,64,304,1,1,472,0,845.503807068
2,"map(to: a)",1048576,64,304,1,1,71,0,411.105155945
2,"map(to: a)",1048576,64,304,1,1,5042,0,5773.091316223
2,"map(to: a)",1048576,64,304,1,1,4,0,338.649749756
2,"map(to: a)",1048576,64,304,1,2,2,0,334.405899048
2,"map(to: a)",1048576,64,304,1,2,71,0,411.641597748
2,"map(to: a)",1048576,64,304,1,2,17,0,354.802608490
2,"map(to: a)",1048576,64,304,1,2,472,0,850.188732147
2,"map(to: a)",1048576,64,304,1,2,5042,0,5784.404277802
2,"map(to: a)",1048576,64,304,1,2,28,0,365.710258484
2,"map(to: a)",1048576,64,304,1,2,44,0,382.351875305
2,"map(to: a)",1048576,64,304,1,2,1218,0,1659.595966339
2,"map(to: a)",1048576,64,304,1,2,4,0,338.709354401
2,"map(to: a)",1048576,64,304,1,2,1955,0,2452.754974365
2,"map(to: a)",1048576,64,304,1,2,183,0,532.448291779
2,"map(to: a)",1048576,64,304,1,2,7,0,342.905521393
2,"map(to: a)",1048576,64,304,1,2,758,0,1154.947280884
2,"map(to: a)",1048576,64,304,1,2,1,0,335.001945496
2,"map(to: a)",1048576,64,304,1,2,3140,0,3737.699985504
2,"map(to: a)",1048576,64,304,1,2,8096,0,9157.645702362
2,"map(to: a)",1048576,64,304,1,2,3,0,336.503982544
2,"map(to: a)",1048576,64,304,1,2,114,0,458.848476410
2,"map(to: a)",1048576,64,304,1,2,11,0,345.349311829
2,"map(to: a)",1048576,64,304,1,2,294,0,655.746459961
2,"map(to: a)",1048576,64,304,1,3,1,0,334.751605988
2,"map(to: a)",1048576,64,304,1,3,17,0,353.407859802
2,"map(to: a)",1048576,64,304,1,3,294,0,650.846958160
2,"map(to: a)",1048576,64,304,1,3,5042,0,5854.892730713
2,"map(to: a)",1048576,64,304,1,3,114,0,459.504127502
2,"map(to: a)",1048576,64,304,1,3,28,0,365.698337555
2,"map(to: a)",1048576,64,304,1,3,1218,0,1645.445823669
2,"map(to: a)",1048576,64,304,1,3,2,0,334.751605988
2,"map(to: a)",1048576,64,304,1,3,3,0,336.456298828
2,"map(to: a)",1048576,64,304,1,3,4,0,338.101387024
2,"map(to: a)",1048576,64,304,1,3,758,0,1152.050495148
2,"map(to: a)",1048576,64,304,1,3,11,0,347.447395325
2,"map(to: a)",1048576,64,304,1,3,44,0,382.542610168
2,"map(to: a)",1048576,64,304,1,3,472,0,844.597816467
2,"map(to: a)",1048576,64,304,1,3,7,0,342.297554016
2,"map(to: a)",1048576,64,304,1,3,1955,0,2480.399608612
2,"map(to: a)",1048576,64,304,1,3,71,0,411.248207092
2,"map(to: a)",1048576,64,304,1,3,183,0,532.650947571
2,"map(to: a)",1048576,64,304,1,3,8096,0,9047.949314117
2,"map(to: a)",1048576,64,304,1,3,3140,0,3780.090808868
2,"map(to: a)",1048576,64,304,1,4,472,0,843.751430511
2,"map(to: a)",1048576,64,304,1,4,71,0,411.498546600
2,"map(to: a)",1048576,64,304,1,4,1,0,337.696075439
2,"map(to: a)",1048576,64,304,1,4,11,0,345.301628113
2,"map(to: a)",1048576,64,304,1,4,4,0,338.089466095
2,"map(to: a)",1048576,64,304,1,4,3140,0,3746.950626373
2,"map(to: a)",1048576,64,304,1,4,28,0,363.850593567
2,"map(to: a)",1048576,64,304,1,4,1218,0,1657.199859619
2,"map(to: a)",1048576,64,304,1,4,2,0,334.906578064
2,"map(to: a)",1048576,64,304,1,4,183,0,532.305240631
2,"map(to: a)",1048576,64,304,1,4,5042,0,5783.557891846
2,"map(to: a)",1048576,64,304,1,4,114,0,459.396839142
2,"map(to: a)",1048576,64,304,1,4,3,0,336.253643036
2,"map(to: a)",1048576,64,304,1,4,44,0,382.554531097
2,"map(to: a)",1048576,64,304,1,4,758,0,1148.998737335
2,"map(to: a)",1048576,64,304,1,4,8096,0,9182.500839233
2,"map(to: a)",1048576,64,304,1,4,1955,0,2453.505992889
2,"map(to: a)",1048576,64,304,1,4,294,0,653.052330017
2,"map(to: a)",1048576,64,304,1,4,7,0,340.902805328
2,"map(to: a)",1048576,64,304,1,4,17,0,353.753566742
2,"map(to: a)",4194304,64,304,0,0,7,0,963.401794434
2,"map(to: a)",4194304,64,304,0,0,114,0,913.596153259
2,"map(to: a)",4194304,64,304,0,0,3,0,793.099403381
2,"map(to: a)",4194304,64,304,0,0,17,0,808.608531952
2,"map(to: a)",4194304,64,304,0,0,1,0,790.643692017
2,"map(to: a)",4194304,64,304,0,0,44,0,837.290287018
2,"map(to: a)",4194304,64,304,0,0,294,0,1253.700256348
2,"map(to: a)",4194304,64,304,0,0,3140,0,4223.704338074
2,"map(to: a)",4194304,64,304,0,0,4,0,793.647766113
2,"map(to: a)",4194304,64,304,0,0,1955,0,2917.349338531
2,"map(to: a)",4194304,64,304,0,0,183,0,989.401340485
2,"map(to: a)",4194304,64,304,0,0,8096,0,9643.697738647
2,"map(to: a)",4194304,64,304,0,0,758,0,1608.800888062
2,"map(to: a)",4194304,64,304,0,0,71,0,867.545604706
2,"map(to: a)",4194304,64,304,0,0,2,0,790.691375732
2,"map(to: a)",4194304,64,304,0,0,11,0,801.658630371
2,"map(to: a)",4194304,64,304,0,0,28,0,820.243358612
2,"map(to: a)",4194304,64,304,0,0,5042,0,6253.302097321
2,"map(to: a)",4194304,64,304,0,0,1218,0,2106.750011444
2,"map(to: a)",4194304,64,304,0,0,472,0,1305.150985718
2,"map(to: a)",4194304,64,304,0,1,4,0,795.650482178
2,"map(to: a)",4194304,64,304,0,1,1,0,789.546966553
2,"map(to: a)",4194304,64,304,0,1,17,0,808.846950531
2,"map(to: a)",4194304,64,304,0,1,28,0,819.301605225
2,"map(to: a)",4194304,64,304,0,1,11,0,800.955295563
2,"map(to: a)",4194304,64,304,0,1,3140,0,4193.854331970
2,"map(to: a)",4194304,64,304,0,1,2,0,791.001319885
2,"map(to: a)",4194304,64,304,0,1,758,0,1618.099212646
2,"map(to: a)",4194304,64,304,0,1,1218,0,2103.352546692
2,"map(to: a)",4194304,64,304,0,1,44,0,838.851928711
2,"map(to: a)",4194304,64,304,0,1,71,0,867.652893066
2,"map(to: a)",4194304,64,304,0,1,114,0,914.645195007
2,"map(to: a)",4194304,64,304,0,1,294,0,1108.753681183
2,"map(to: a)",4194304,64,304,0,1,7,0,796.306133270
2,"map(to: a)",4194304,64,304,0,1,183,0,987.398624420
2,"map(to: a)",4194304,64,304,0,1,8096,0,9644.341468811
2,"map(to: a)",4194304,64,304,0,1,472,0,1301.944255829
2,"map(to: a)",4194304,64,304,0,1,1955,0,2912.056446075
2,"map(to: a)",4194304,64,304,0,1,3,0,791.251659393
2,"map(to: a)",4194304,64,304,0,1,5042,0,6294.202804565
2,"map(to: a)",4194304,64,304,0,2,3,0,793.302059174
2,"map(to: a)",4194304,64,304,0,2,44,0,837.898254395
2,"map(to: a)",4194304,64,304,0,2,1,0,790.202617645
2,"map(to: a)",4194304,64,304,0,2,183,0,990.748405457
2,"map(to: a)",4194304,64,304,0,2,294,0,1108.145713806
2,"map(to: a)",4194304,64,304,0,2,5042,0,6261.348724365
2,"map(to: a)",4194304,64,304,0,2,7,0,796.854496002
2,"map(to: a)",4194304,64,304,0,2,8096,0,9643.650054932
2,"map(to: a)",4194304,64,304,0,2,2,0,790.405273438
2,"map(to: a)",4194304,64,304,0,2,114,0,914.251804352
2,"map(to: a)",4194304,64,304,0,2,71,0,866.901874542
2,"map(to: a)",4194304,64,304,0,2,1955,0,2937.448024750
2,"map(to: a)",4194304,64,304,0,2,17,0,809.502601624
2,"map(to: a)",4194304,64,304,0,2,472,0,1301.455497742
2,"map(to: a)",4194304,64,304,0,2,11,0,801.241397858
2,"map(to: a)",4194304,64,304,0,2,1218,0,2114.009857178
2,"map(to: a)",4194304,64,304,0,2,4,0,793.194770813
2,"map(to: a)",4194304,64,304,0,2,3140,0,4192.101955414
2,"map(to: a)",4194304,64,304,0,2,758,0,1609.694957733
2,"map(to: a)",4194304,64,304,0,2,28,0,819.849967957
2,"map(to: a)",4194304,64,304,0,3,11,0,800.752639771
2,"map(to: a)",4194304,64,304,0,3,4,0,793.504714966
2,"map(to: a)",4194304,64,304,0,3,5042,0,6253.993511200
2,"map(to: a)",4194304,64,304,0,3,183,0,991.046428680
2,"map(to: a)",4194304,64,304,0,3,17,0,807.952880859
2,"map(to: a)",4194304,64,304,0,3,3,0,791.144371033
2,"map(to: a)",4194304,64,304,0,3,28,0,820.600986481
2,"map(to: a)",4194304,64,304,0,3,1218,0,2118.289470673
2,"map(to: a)",4194304,64,304,0,3,114,0,913.846492767
2,"map(to: a)",4194304,64,304,0,3,758,0,1611.340045929
2,"map(to: a)",4194304,64,304,0,3,1955,0,2913.808822632
2,"map(to: a)",4194304,64,304,0,3,472,0,1362.895965576
2,"map(to: a)",4194304,64,304,0,3,7,0,808.656215668
2,"map(to: a)",4194304,64,304,0,3,44,0,838.601589203
2,"map(to: a)",4194304,64,304,0,3,3140,0,4203.951358795
2,"map(to: a)",4194304,64,304,0,3,8096,0,9612.548351288
2,"map(to: a)",4194304,64,304,0,3,71,0,867.795944214
2,"map(to: a)",4194304,64,304,0,3,1,0,789.654254913
2,"map(to: a)",4194304,64,304,0,3,2,0,791.609287262
2,"map(to: a)",4194304,64,304,0,3,294,0,1110.541820526
2,"map(to: a)",4194304,64,304,0,4,3,0,791.442394257
2,"map(to: a)",4194304,64,304,0,4,8096,0,9558.343887329
2,"map(to: a)",4194304,64,304,0,4,1,0,791.645050049
2,"map(to: a)",4194304,64,304,0,4,28,0,819.993019104
2,"map(to: a)",4194304,64,304,0,4,17,0,810.158252716
2,"map(to: a)",4194304,64,304,0,4,5042,0,6262.958049774
2,"map(to: a)",4194304,64,304,0,4,7,0,796.556472778
2,"map(to: a)",4194304,64,304,0,4,114,0,915.658473969
2,"map(to: a)",4194304,64,304,0,4,44,0,837.600231171
2,"map(to: a)",4194304,64,304,0,4,2,0,790.750980377
2,"map(to: a)",4194304,64,304,0,4,294,0,1108.407974243
2,"map(to: a)",4194304,64,304,0,4,758,0,1614.391803741
2,"map(to: a)",4194304,64,304,0,4,183,0,988.793373108
2,"map(to: a)",4194304,64,304,0,4,4,0,793.600082397
2,"map(to: a)",4194304,64,304,0,4,1218,0,2107.155323029
2,"map(to: a)",4194304,64,304,0,4,71,0,868.344306946
2,"map(to: a)",4194304,64,304,0,4,1955,0,2922.606468201
2,"map(to: a)",4194304,64,304,0,4,11,0,800.848007202
2,"map(to: a)",4194304,64,304,0,4,472,0,1302.051544189
2,"map(to: a)",4194304,64,304,0,4,3140,0,4233.694076538
2,"map(to: a)",4194304,64,304,1,0,2,0,790.441036224
2,"map(to: a)",4194304,64,304,1,0,4,0,795.650482178
2,"map(to: a)",4194304,64,304,1,0,472,0,1299.798488617
2,"map(to: a)",4194304,64,304,1,0,3140,0,4234.290122986
2,"map(to: a)",4194304,64,304,1,0,183,0,987.398624420
2,"map(to: a)",4194304,64,304,1,0,28,0,819.349288940
2,"map(to: a)",4194304,64,304,1,0,71,0,866.842269897
2,"map(to: a)",4194304,64,304,1,0,1218,0,2116.644382477
2,"map(to: a)",4194304,64,304,1,0,294,0,1109.206676483
2,"map(to: a)",4194304,64,304,1,0,1,0,792.551040649
2,"map(to: a)",4194304,64,304,1,0,7,0,876.903533936
2,"map(to: a)",4194304,64,304,1,0,1955,0,2933.692932129
2,"map(to: a)",4194304,64,304,1,0,758,0,1611.745357513
2,"map(to: a)",4194304,64,304,1,0,114,0,914.156436920
2,"map(to: a)",4194304,64,304,1,0,11,0,800.395011902
2,"map(to: a)",4194304,64,304,1,0,3,0,793.302059174
2,"map(to: a)",4194304,64,304,1,0,8096,0,9568.893909454
2,"map(to: a)",4194304,64,304,1,0,44,0,837.349891663
2,"map(to: a)",4194304,64,304,1,0,17,0,809.943675995
2,"map(to: a)",4194304,64,304,1,0,5042,0,6314.098834991
2,"map(to: a)",4194304,64,304,1,1,758,0,1609.408855438
2,"map(to: a)",4194304,64,304,1,1,3,0,791.549682617
2,"map(to: a)",4194304,64,304,1,1,3140,0,4195.106029510
2,"map(to: a)",4194304,64,304,1,1,1955,0,2939.450740814
2,"map(to: a)",4194304,64,304,1,1,44,0,837.850570679
2,"map(to: a)",4194304,64,304,1,1,17,0,809.407234192
2,"map(to: a)",4194304,64,304,1,1,294,0,1109.349727631
2,"map(to: a)",4194304,64,304,1,1,28,0,819.599628448
2,"map(to: a)",4194304,64,304,1,1,114,0,914.597511292
2,"map(to: a)",4194304,64,304,1,1,2,0,789.844989777
2,"map(to: a)",4194304,64,304,1,1,7,0,796.997547150
2,"map(to: a)",4194304,64,304,1,1,183,0,990.903377533
2,"map(to: a)",4194304,64,304,1,1,8096,0,9585.797786713
2,"map(to: a)",4194304,64,304,1,1,11,0,800.454616547
2,"map(to: a)",4194304,64,304,1,1,1,0,791.299343109
2,"map(to: a)",4194304,64,304,1,1,1218,0,2119.243144989
2,"map(to: a)",4194304,64,304,1,1,472,0,1299.405097961
2,"map(to: a)",4194304,64,304,1,1,71,0,867.605209351
2,"map(to: a)",4194304,64,304,1,1,5042,0,6243.503093719
2,"map(to: a)",4194304,64,304,1,1,4,0,794.661045074
2,"map(to: a)",4194304,64,304,1,2,2,0,790.846347809
2,"map(to: a)",4194304,64,304,1,2,71,0,867.354869843
2,"map(to: a)",4194304,64,304,1,2,17,0,808.942317963
2,"map(to: a)",4194304,64,304,1,2,472,0,1305.246353149
2,"map(to: a)",4194304,64,304,1,2,5042,0,6268.405914307
2,"map(to: a)",4194304,64,304,1,2,28,0,819.849967957
2,"map(to: a)",4194304,64,304,1,2,44,0,838.959217072
2,"map(to: a)",4194304,64,304,1,2,1218,0,2113.389968872
2,"map(to: a)",4194304,64,304,1,2,4,0,874.543190002
2,"map(to: a)",4194304,64,304,1,2,1955,0,2914.357185364
2,"map(to: a)",4194304,64,304,1,2,183,0,988.292694092
2,"map(to: a)",4194304,64,304,1,2,7,0,796.806812286
2,"map(to: a)",4194304,64,304,1,2,758,0,1610.946655273
2,"map(to: a)",4194304,64,304,1,2,1,0,791.049003601
2,"map(to: a)",4194304,64,304,1,2,3140,0,4224.097728729
2,"map(to: a)",4194304,64,304,1,2,8096,0,9638.905525208
2,"map(to: a)",4194304,64,304,1,2,3,0,791.358947754
2,"map(to: a)",4194304,64,304,1,2,114,0,914.204120636
2,"map(to: a)",4194304,64,304,1,2,11,0,800.955295563
2,"map(to: a)",4194304,64,304,1,2,294,0,1111.292839050
2,"map(to: a)",4194304,64,304,1,3,1,0,791.990756989
2,"map(to: a)",4194304,64,304,1,3,17,0,808.048248291
2,"map(to: a)",4194304,64,304,1,3,294,0,1108.944416046
2,"map(to: a)",4194304,64,304,1,3,5042,0,6284.260749817
2,"map(to: a)",4194304,64,304,1,3,114,0,914.752483368
2,"map(to: a)",4194304,64,304,1,3,28,0,820.398330688
2,"map(to: a)",4194304,64,304,1,3,1218,0,2107.906341553
2,"map(to: a)",4194304,64,304,1,3,2,0,789.749622345
2,"map(to: a)",4194304,64,304,1,3,3,0,791.251659393
2,"map(to: a)",4194304,64,304,1,3,4,0,794.243812561
2,"map(to: a)",4194304,64,304,1,3,758,0,1609.992980957
2,"map(to: a)",4194304,64,304,1,3,11,0,800.395011902
2,"map(to: a)",4194304,64,304,1,3,44,0,837.790966034
2,"map(to: a)",4194304,64,304,1,3,472,0,1302.993297577
2,"map(to: a)",4194304,64,304,1,3,7,0,795.805454254
2,"map(to: a)",4194304,64,304,1,3,1955,0,2936.100959778
2,"map(to: a)",4194304,64,304,1,3,71,0,867.557525635
2,"map(to: a)",4194304,64,304,1,3,183,0,989.794731140
2,"map(to: a)",4194304,64,304,1,3,8096,0,9540.057182312
2,"map(to: a)",4194304,64,304,1,3,3140,0,4227.399826050
2,"map(to: a)",4194304,64,304,1,4,472,0,1301.205158234
2,"map(to: a)",4194304,64,304,1,4,71,0,866.806507111
2,"map(to: a)",4194304,64,304,1,4,1,0,789.999961853
2,"map(to: a)",4194304,64,304,1,4,11,0,802.695751190
2,"map(to: a)",4194304,64,304,1,4,4,0,793.349742889
2,"map(to: a)",4194304,64,304,1,4,3140,0,4193.949699402
2,"map(to: a)",4194304,64,304,1,4,28,0,819.599628448
2,"map(to: a)",4194304,64,304,1,4,1218,0,2116.990089417
2,"map(to: a)",4194304,64,304,1,4,2,0,789.952278137
2,"map(to: a)",4194304,64,304,1,4,183,0,989.043712616
2,"map(to: a)",4194304,64,304,1,4,5042,0,6241.643428802
2,"map(to: a)",4194304,64,304,1,4,114,0,914.955139160
2,"map(to: a)",4194304,64,304,1,4,3,0,792.348384857
2,"map(to: a)",4194304,64,304,1,4,44,0,839.054584503
2,"map(to: a)",4194304,64,304,1,4,758,0,1608.145236969
2,"map(to: a)",4194304,64,304,1,4,8096,0,9643.447399139
2,"map(to: a)",4194304,64,304,1,4,1955,0,2914.953231812
2,"map(to: a)",4194304,64,304,1,4,294,0,1107.347011566
2,"map(to: a)",4194304,64,304,1,4,7,0,797.450542450
2,"map(to: a)",4194304,64,304,1,4,17,0,808.155536652
2,"map(to: a)",16777216,64,304,0,0,7,0,3401.851654053
2,"map(to: a)",16777216,64,304,0,0,114,0,2731.907367706
2,"map(to: a)",16777216,64,304,0,0,3,0,2611.458301544
2,"map(to: a)",16777216,64,304,0,0,17,0,2627.849578857
2,"map(to: a)",16777216,64,304,0,0,1,0,2608.799934387
2,"map(to: a)",16777216,64,304,0,0,44,0,2656.400203705
2,"map(to: a)",16777216,64,304,0,0,294,0,2923.202514648
2,"map(to: a)",16777216,64,304,0,0,3140,0,6029.939651489
2,"map(to: a)",16777216,64,304,0,0,4,0,2612.757682800
2,"map(to: a)",16777216,64,304,0,0,1955,0,4726.898670197
2,"map(to: a)",16777216,64,304,0,0,183,0,2804.601192474
2,"map(to: a)",16777216,64,304,0,0,8096,0,11390.995979309
2,"map(to: a)",16777216,64,304,0,0,758,0,3422.546386719
2,"map(to: a)",16777216,64,304,0,0,71,0,2686.750888824
2,"map(to: a)",16777216,64,304,0,0,2,0,2609.598636627
2,"map(to: a)",16777216,64,304,0,0,11,0,2618.694305420
2,"map(to: a)",16777216,64,304,0,0,28,0,2639.102935791
2,"map(to: a)",16777216,64,304,0,0,5042,0,8021.593093872
2,"map(to: a)",16777216,64,304,0,0,1218,0,3915.643692017
2,"map(to: a)",16777216,64,304,0,0,472,0,3119.599819183
2,"map(to: a)",16777216,64,304,0,1,4,0,2611.851692200
2,"map(to: a)",16777216,64,304,0,1,1,0,2610.445022583
2,"map(to: a)",16777216,64,304,0,1,17,0,2626.502513885
2,"map(to: a)",16777216,64,304,0,1,28,0,2638.649940491
2,"map(to: a)",16777216,64,304,0,1,11,0,2620.446681976
2,"map(to: a)",16777216,64,304,0,1,3140,0,6002.449989319
2,"map(to: a)",16777216,64,304,0,1,2,0,2608.251571655
2,"map(to: a)",16777216,64,304,0,1,758,0,3432.703018188
2,"map(to: a)",16777216,64,304,0,1,1218,0,3911.840915680
2,"map(to: a)",16777216,64,304,0,1,44,0,2657.401561737
2,"map(to: a)",16777216,64,304,0,1,71,0,2684.652805328
2,"map(to: a)",16777216,64,304,0,1,114,0,2732.157707214
2,"map(to: a)",16777216,64,304,0,1,294,0,2926.540374756
2,"map(to: a)",16777216,64,304,0,1,7,0,2615.797519684
2,"map(to: a)",16777216,64,304,0,1,183,0,2805.495262146
2,"map(to: a)",16777216,64,304,0,1,8096,0,11358.749866486
2,"map(to: a)",16777216,64,304,0,1,472,0,3116.142749786
2,"map(to: a)",16777216,64,304,0,1,1955,0,4710.555076599
2,"map(to: a)",16777216,64,304,0,1,3,0,2610.206604004
2,"map(to: a)",16777216,64,304,0,1,5042,0,8078.300952911
2,"map(to: a)",16777216,64,304,0,2,3,0,2685.749530792
2,"map(to: a)",16777216,64,304,0,2,44,0,2657.306194305
2,"map(to: a)",16777216,64,304,0,2,1,0,2609.395980835
2,"map(to: a)",16777216,64,304,0,2,183,0,2889.001369476
2,"map(to: a)",16777216,64,304,0,2,294,0,2924.311161041
2,"map(to: a)",16777216,64,304,0,2,5042,0,8051.550388336
2,"map(to: a)",16777216,64,304,0,2,7,0,2615.702152252
2,"map(to: a)",16777216,64,304,0,2,8096,0,11395.943164825
2,"map(to: a)",16777216,64,304,0,2,2,0,2609.503269196
2,"map(to: a)",16777216,64,304,0,2,114,0,2731.192111969
2,"map(to: a)",16777216,64,304,0,2,71,0,2686.190605164
2,"map(to: a)",16777216,64,304,0,2,1955,0,4729.998111725
2,"map(to: a)",16777216,64,304,0,2,17,0,2628.290653229
2,"map(to: a)",16777216,64,304,0,2,472,0,3113.651275635
2,"map(to: a)",16777216,64,304,0,2,11,0,2618.944644928
2,"map(to: a)",16777216,64,304,0,2,1218,0,3924.655914307
2,"map(to: a)",16777216,64,304,0,2,4,0,2612.698078156
2,"map(to: a)",16777216,64,304,0,2,3140,0,5994.153022766
2,"map(to: a)",16777216,64,304,0,2,758,0,3421.700000763
2,"map(to: a)",16777216,64,304,0,2,28,0,2638.494968414
2,"map(to: a)",16777216,64,304,0,3,11,0,2621.603012085
2,"map(to: a)",16777216,64,304,0,3,4,0,2691.102027893
2,"map(to: a)",16777216,64,304,0,3,5042,0,8003.199100494
2,"map(to: a)",16777216,64,304,0,3,183,0,2808.105945587
2,"map(to: a)",16777216,64,304,0,3,17,0,2627.599239349
2,"map(to: a)",16777216,64,304,0,3,3,0,2610.993385315
2,"map(to: a)",16777216,64,304,0,3,28,0,2637.195587158
2,"map(to: a)",16777216,64,304,0,3,1218,0,3925.955295563
2,"map(to: a)",16777216,64,304,0,3,114,0,2731.704711914
2,"map(to: a)",16777216,64,304,0,3,758,0,3420.257568359
2,"map(to: a)",16777216,64,304,0,3,1955,0,4721.748828888
2,"map(to: a)",16777216,64,304,0,3,472,0,3119.051456451
2,"map(to: a)",16777216,64,304,0,3,7,0,2615.356445312
2,"map(to: a)",16777216,64,304,0,3,44,0,2654.850482941
2,"map(to: a)",16777216,64,304,0,3,3140,0,5995.190143585
2,"map(to: a)",16777216,64,304,0,3,8096,0,11388.695240021
2,"map(to: a)",16777216,64,304,0,3,71,0,2685.904502869
2,"map(to: a)",16777216,64,304,0,3,1,0,2610.397338867
2,"map(to: a)",16777216,64,304,0,3,2,0,2689.647674561
2,"map(to: a)",16777216,64,304,0,3,294,0,2931.404113770
2,"map(to: a)",16777216,64,304,0,4,3,0,2692.997455597
2,"map(to: a)",16777216,64,304,0,4,8096,0,11336.004734039
2,"map(to: a)",16777216,64,304,0,4,1,0,2608.847618103
2,"map(to: a)",16777216,64,304,0,4,28,0,2638.292312622
2,"map(to: a)",16777216,64,304,0,4,17,0,2627.801895142
2,"map(to: a)",16777216,64,304,0,4,5042,0,8024.895191193
2,"map(to: a)",16777216,64,304,0,4,7,0,2615.499496460
2,"map(to: a)",16777216,64,304,0,4,114,0,2732.801437378
2,"map(to: a)",16777216,64,304,0,4,44,0,2657.794952393
2,"map(to: a)",16777216,64,304,0,4,2,0,2610.540390015
2,"map(to: a)",16777216,64,304,0,4,294,0,2925.658226013
2,"map(to: a)",16777216,64,304,0,4,758,0,3426.742553711
2,"map(to: a)",16777216,64,304,0,4,183,0,2805.650234222
2,"map(to: a)",16777216,64,304,0,4,4,0,2611.303329468
2,"map(to: a)",16777216,64,304,0,4,1218,0,3908.443450928
2,"map(to: a)",16777216,64,304,0,4,71,0,2684.497833252
2,"map(to: a)",16777216,64,304,0,4,1955,0,4709.649085999
2,"map(to: a)",16777216,64,304,0,4,11,0,2699.100971222
2,"map(to: a)",16777216,64,304,0,4,472,0,3114.497661591
2,"map(to: a)",16777216,64,304,0,4,3140,0,6033.504009247
2,"map(to: a)",16777216,64,304,1,0,2,0,2689.695358276
2,"map(to: a)",16777216,64,304,1,0,4,0,2611.196041107
2,"map(to: a)",16777216,64,304,1,0,472,0,3115.797042847
2,"map(to: a)",16777216,64,304,1,0,3140,0,6020.057201385
2,"map(to: a)",16777216,64,304,1,0,183,0,2807.247638702
2,"map(to: a)",16777216,64,304,1,0,28,0,2638.399600983
2,"map(to: a)",16777216,64,304,1,0,71,0,2684.950828552
2,"map(to: a)",16777216,64,304,1,0,1218,0,3919.398784637
2,"map(to: a)",16777216,64,304,1,0,294,0,2925.348281860
2,"map(to: a)",16777216,64,304,1,0,1,0,2607.595920563
2,"map(to: a)",16777216,64,304,1,0,7,0,2616.202831268
2,"map(to: a)",16777216,64,304,1,0,1955,0,4738.140106201
2,"map(to: a)",16777216,64,304,1,0,758,0,3421.151638031
2,"map(to: a)",16777216,64,304,1,0,114,0,2732.443809509
2,"map(to: a)",16777216,64,304,1,0,11,0,2619.647979736
2,"map(to: a)",16777216,64,304,1,0,3,0,2610.945701599
2,"map(to: a)",16777216,64,304,1,0,8096,0,11281.299591064
2,"map(to: a)",16777216,64,304,1,0,44,0,2657.854557037
2,"map(to: a)",16777216,64,304,1,0,17,0,2629.399299622
2,"map(to: a)",16777216,64,304,1,0,5042,0,8085.799217224
2,"map(to: a)",16777216,64,304,1,1,758,0,3423.058986664
2,"map(to: a)",16777216,64,304,1,1,3,0,2609.694004059
2,"map(to: a)",16777216,64,304,1,1,3140,0,6066.656112671
2,"map(to: a)",16777216,64,304,1,1,1955,0,4729.557037354
2,"map(to: a)",16777216,64,304,1,1,44,0,2656.495571136
2,"map(to: a)",16777216,64,304,1,1,17,0,2627.706527710
2,"map(to: a)",16777216,64,304,1,1,294,0,2924.656867981
2,"map(to: a)",16777216,64,304,1,1,28,0,2638.101577759
2,"map(to: a)",16777216,64,304,1,1,114,0,2732.896804810
2,"map(to: a)",16777216,64,304,1,1,2,0,2609.896659851
2,"map(to: a)",16777216,64,304,1,1,7,0,2613.306045532
2,"map(to: a)",16777216,64,304,1,1,183,0,2807.855606079
2,"map(to: a)",16777216,64,304,1,1,8096,0,11278.808116913
2,"map(to: a)",16777216,64,304,1,1,11,0,2620.851993561
2,"map(to: a)",16777216,64,304,1,1,1,0,2609.050273895
2,"map(to: a)",16777216,64,304,1,1,1218,0,3927.302360535
2,"map(to: a)",16777216,64,304,1,1,472,0,3114.402294159
2,"map(to: a)",16777216,64,304,1,1,71,0,2686.250209808
2,"map(to: a)",16777216,64,304,1,1,5042,0,8028.948307037
2,"map(to: a)",16777216,64,304,1,1,4,0,2612.650394440
2,"map(to: a)",16777216,64,304,1,2,2,0,2609.300613403
2,"map(to: a)",16777216,64,304,1,2,71,0,2687.656879425
2,"map(to: a)",16777216,64,304,1,2,17,0,2709.603309631
2,"map(to: a)",16777216,64,304,1,2,472,0,3118.300437927
2,"map(to: a)",16777216,64,304,1,2,5042,0,8051.705360413
2,"map(to: a)",16777216,64,304,1,2,28,0,2676.510810852
2,"map(to: a)",16777216,64,304,1,2,44,0,2674.245834351
2,"map(to: a)",16777216,64,304,1,2,1218,0,3928.196430206
2,"map(to: a)",16777216,64,304,1,2,4,0,2612.102031708
2,"map(to: a)",16777216,64,304,1,2,1955,0,4725.253582001
2,"map(to: a)",16777216,64,304,1,2,183,0,2804.398536682
2,"map(to: a)",16777216,64,304,1,2,7,0,2615.702152252
2,"map(to: a)",16777216,64,304,1,2,758,0,3420.639038086
2,"map(to: a)",16777216,64,304,1,2,1,0,2608.704566956
2,"map(to: a)",16777216,64,304,1,2,3140,0,5979.442596436
2,"map(to: a)",16777216,64,304,1,2,8096,0,11393.892765045
2,"map(to: a)",16777216,64,304,1,2,3,0,2610.802650452
2,"map(to: a)",16777216,64,304,1,2,114,0,2732.694149017
2,"map(to: a)",16777216,64,304,1,2,11,0,2620.756626129
2,"map(to: a)",16777216,64,304,1,2,294,0,2926.039695740
2,"map(to: a)",16777216,64,304,1,3,1,0,2608.644962311
2,"map(to: a)",16777216,64,304,1,3,17,0,2628.648281097
2,"map(to: a)",16777216,64,304,1,3,294,0,2925.539016724
2,"map(to: a)",16777216,64,304,1,3,5042,0,8102.893829346
2,"map(to: a)",16777216,64,304,1,3,114,0,2731.645107269
2,"map(to: a)",16777216,64,304,1,3,28,0,2638.006210327
2,"map(to: a)",16777216,64,304,1,3,1218,0,3910.493850708
2,"map(to: a)",16777216,64,304,1,3,2,0,2608.549594879
2,"map(to: a)",16777216,64,304,1,3,3,0,2610.802650452
2,"map(to: a)",16777216,64,304,1,3,4,0,2613.151073456
2,"map(to: a)",16777216,64,304,1,3,758,0,3418.791294098
2,"map(to: a)",16777216,64,304,1,3,11,0,2619.349956512
2,"map(to: a)",16777216,64,304,1,3,44,0,2656.555175781
2,"map(to: a)",16777216,64,304,1,3,472,0,3116.297721863
2,"map(to: a)",16777216,64,304,1,3,7,0,2615.952491760
2,"map(to: a)",16777216,64,304,1,3,1955,0,4733.657836914
2,"map(to: a)",16777216,64,304,1,3,71,0,2684.950828552
2,"map(to: a)",16777216,64,304,1,3,183,0,2803.945541382
2,"map(to: a)",16777216,64,304,1,3,8096,0,11319.601535797
2,"map(to: a)",16777216,64,304,1,3,3140,0,6012.094020844
2,"map(to: a)",16777216,64,304,1,4,472,0,3118.550777435
2,"map(to: a)",16777216,64,304,1,4,71,0,2685.093879700
2,"map(to: a)",16777216,64,304,1,4,1,0,2609.205245972
2,"map(to: a)",16777216,64,304,1,4,11,0,2620.995044708
2,"map(to: a)",16777216,64,304,1,4,4,0,2694.094181061
2,"map(to: a)",16777216,64,304,1,4,3140,0,6006.646156311
2,"map(to: a)",16777216,64,304,1,4,28,0,2638.399600983
2,"map(to: a)",16777216,64,304,1,4,1218,0,3987.145423889
2,"map(to: a)",16777216,64,304,1,4,2,0,2609.252929688
2,"map(to: a)",16777216,64,304,1,4,183,0,2805.149555206
2,"map(to: a)",16777216,64,304,1,4,5042,0,8006.751537323
2,"map(to: a)",16777216,64,304,1,4,114,0,2732.658386230
2,"map(to: a)",16777216,64,304,1,4,3,0,2611.649036407
2,"map(to: a)",16777216,64,304,1,4,44,0,2656.805515289
2,"map(to: a)",16777216,64,304,1,4,758,0,3423.094749451
2,"map(to: a)",16777216,64,304,1,4,8096,0,11354.792118073
2,"map(to: a)",16777216,64,304,1,4,1955,0,4726.099967957
2,"map(to: a)",16777216,64,304,1,4,294,0,2925.157546997
2,"map(to: a)",16777216,64,304,1,4,7,0,2614.343166351
2,"map(to: a)",16777216,64,304,1,4,17,0,2627.456188202
3,"map(from: a)",1,64,304,0,0,7,0,218.999385834
3,"map(from: a)",1,64,304,0,0,114,0,333.297252655
3,"map(from: a)",1,64,304,0,0,3,0,212.407112122
3,"map(from: a)",1,64,304,0,0,17,0,229.692459106
3,"map(from: a)",1,64,304,0,0,1,0,210.905075073
3,"map(from: a)",1,64,304,0,0,44,0,258.553028107
3,"map(from: a)",1,64,304,0,0,294,0,524.497032166
3,"map(from: a)",1,64,304,0,0,3140,0,3628.349304199
3,"map(from: a)",1,64,304,0,0,4,0,214.648246765
3,"map(from: a)",1,64,304,0,0,1955,0,2323.949337006
3,"map(from: a)",1,64,304,0,0,183,0,407.648086548
3,"map(from: a)",1,64,304,0,0,8096,0,8962.106704712
3,"map(from: a)",1,64,304,0,0,758,0,1027.655601501
3,"map(from: a)",1,64,304,0,0,71,0,286.602973938
3,"map(from: a)",1,64,304,0,0,2,0,210.952758789
3,"map(from: a)",1,64,304,0,0,11,0,221.705436707
3,"map(from: a)",1,64,304,0,0,28,0,240.099430084
3,"map(from: a)",1,64,304,0,0,5042,0,5636.191368103
3,"map(from: a)",1,64,304,0,0,1218,0,1516.902446747
3,"map(from: a)",1,64,304,0,0,472,0,723.743438721
3,"map(from: a)",1,64,304,0,1,4,0,214.397907257
3,"map(from: a)",1,64,304,0,1,1,0,210.845470428
3,"map(from: a)",1,64,304,0,1,17,0,229.048728943
3,"map(from: a)",1,64,304,0,1,28,0,240.349769592
3,"map(from: a)",1,64,304,0,1,11,0,221.550464630
3,"map(from: a)",1,64,304,0,1,3140,0,3603.899478912
3,"map(from: a)",1,64,304,0,1,2,0,211.405754089
3,"map(from: a)",1,64,304,0,1,758,0,1032.590866089
3,"map(from: a)",1,64,304,0,1,1218,0,1522.803306580
3,"map(from: a)",1,64,304,0,1,44,0,258.505344391
3,"map(from: a)",1,64,304,0,1,71,0,286.948680878
3,"map(from: a)",1,64,304,0,1,114,0,334.048271179
3,"map(from: a)",1,64,304,0,1,294,0,527.143478394
3,"map(from: a)",1,64,304,0,1,7,0,216.841697693
3,"map(from: a)",1,64,304,0,1,183,0,407.195091248
3,"map(from: a)",1,64,304,0,1,8096,0,8998.894691467
3,"map(from: a)",1,64,304,0,1,472,0,718.104839325
3,"map(from: a)",1,64,304,0,1,1955,0,2331.149578094
3,"map(from: a)",1,64,304,0,1,3,0,212.299823761
3,"map(from: a)",1,64,304,0,1,5042,0,5698.251724243
3,"map(from: a)",1,64,304,0,2,3,0,212.442874908
3,"map(from: a)",1,64,304,0,2,44,0,258.803367615
3,"map(from: a)",1,64,304,0,2,1,0,210.750102997
3,"map(from: a)",1,64,304,0,2,183,0,409.209728241
3,"map(from: a)",1,64,304,0,2,294,0,526.702404022
3,"map(from: a)",1,64,304,0,2,5042,0,5630.993843079
3,"map(from: a)",1,64,304,0,2,7,0,216.948986053
3,"map(from: a)",1,64,304,0,2,8096,0,8960.556983948
3,"map(from: a)",1,64,304,0,2,2,0,212.395191193
3,"map(from: a)",1,64,304,0,2,114,0,333.452224731
3,"map(from: a)",1,64,304,0,2,71,0,287.699699402
3,"map(from: a)",1,64,304,0,2,1955,0,2334.594726562
3,"map(from: a)",1,64,304,0,2,17,0,229.299068451
3,"map(from: a)",1,64,304,0,2,472,0,718.796253204
3,"map(from: a)",1,64,304,0,2,11,0,222.003459930
3,"map(from: a)",1,64,304,0,2,1218,0,1535.940170288
3,"map(from: a)",1,64,304,0,2,4,0,214.445590973
3,"map(from: a)",1,64,304,0,2,3140,0,3608.202934265
3,"map(from: a)",1,64,304,0,2,758,0,1022.207736969
3,"map(from: a)",1,64,304,0,2,28,0,240.302085876
3,"map(from: a)",1,64,304,0,3,11,0,221.455097198
3,"map(from: a)",1,64,304,0,3,4,0,214.147567749
3,"map(from: a)",1,64,304,0,3,5042,0,5626.857280731
3,"map(from: a)",1,64,304,0,3,183,0,409.257411957
3,"map(from: a)",1,64,304,0,3,17,0,229.406356812
3,"map(from: a)",1,64,304,0,3,3,0,212.252140045
3,"map(from: a)",1,64,304,0,3,28,0,239.956378937
3,"map(from: a)",1,64,304,0,3,1218,0,1528.048515320
3,"map(from: a)",1,64,304,0,3,114,0,334.048271179
3,"map(from: a)",1,64,304,0,3,758,0,1024.448871613
3,"map(from: a)",1,64,304,0,3,1955,0,2323.555946350
3,"map(from: a)",1,64,304,0,3,472,0,722.658634186
3,"map(from: a)",1,64,304,0,3,7,0,216.948986053
3,"map(from: a)",1,64,304,0,3,44,0,258.648395538
3,"map(from: a)",1,64,304,0,3,3140,0,3581.500053406
3,"map(from: a)",1,64,304,0,3,8096,0,9013.152122498
3,"map(from: a)",1,64,304,0,3,71,0,287.151336670
3,"map(from: a)",1,64,304,0,3,1,0,211.155414581
3,"map(from: a)",1,64,304,0,3,2,0,210.797786713
3,"map(from: a)",1,64,304,0,3,294,0,529.456138611
3,"map(from: a)",1,64,304,0,4,3,0,212.252140045
3,"map(from: a)",1,64,304,0,4,8096,0,8904.159069061
3,"map(from: a)",1,64,304,0,4,1,0,210.952758789
3,"map(from: a)",1,64,304,0,4,28,0,240.004062653
3,"map(from: a)",1,64,304,0,4,17,0,229.644775391
3,"map(from: a)",1,64,304,0,4,5042,0,5620.050430298
3,"map(from: a)",1,64,304,0,4,7,0,217.306613922
3,"map(from: a)",1,64,304,0,4,114,0,333.702564240
3,"map(from: a)",1,64,304,0,4,44,0,258.398056030
3,"map(from: a)",1,64,304,0,4,2,0,211.048126221
3,"map(from: a)",1,64,304,0,4,294,0,525.593757629
3,"map(from: a)",1,64,304,0,4,758,0,1033.949851990
3,"map(from: a)",1,64,304,0,4,183,0,407.052040100
3,"map(from: a)",1,64,304,0,4,4,0,214.493274689
3,"map(from: a)",1,64,304,0,4,1218,0,1514.351367950
3,"map(from: a)",1,64,304,0,4,71,0,288.200378418
3,"map(from: a)",1,64,304,0,4,1955,0,2316.999435425
3,"map(from: a)",1,64,304,0,4,11,0,222.051143646
3,"map(from: a)",1,64,304,0,4,472,0,717.556476593
3,"map(from: a)",1,64,304,0,4,3140,0,3621.244430542
3,"map(from: a)",1,64,304,1,0,2,0,210.905075073
3,"map(from: a)",1,64,304,1,0,4,0,215.744972229
3,"map(from: a)",1,64,304,1,0,472,0,718.152523041
3,"map(from: a)",1,64,304,1,0,3140,0,3615.510463715
3,"map(from: a)",1,64,304,1,0,183,0,408.506393433
3,"map(from: a)",1,64,304,1,0,28,0,239.992141724
3,"map(from: a)",1,64,304,1,0,71,0,286.996364594
3,"map(from: a)",1,64,304,1,0,1218,0,1531.255245209
3,"map(from: a)",1,64,304,1,0,294,0,527.250766754
3,"map(from: a)",1,64,304,1,0,1,0,211.107730865
3,"map(from: a)",1,64,304,1,0,7,0,217.199325562
3,"map(from: a)",1,64,304,1,0,1955,0,2346.897125244
3,"map(from: a)",1,64,304,1,0,758,0,1024.341583252
3,"map(from: a)",1,64,304,1,0,114,0,334.703922272
3,"map(from: a)",1,64,304,1,0,11,0,221.550464630
3,"map(from: a)",1,64,304,1,0,3,0,212.001800537
3,"map(from: a)",1,64,304,1,0,8096,0,8914.101123810
3,"map(from: a)",1,64,304,1,0,44,0,258.147716522
3,"map(from: a)",1,64,304,1,0,17,0,229.454040527
3,"map(from: a)",1,64,304,1,0,5042,0,5672.001838684
3,"map(from: a)",1,64,304,1,1,758,0,1029.348373413
3,"map(from: a)",1,64,304,1,1,3,0,212.454795837
3,"map(from: a)",1,64,304,1,1,3140,0,3603.005409241
3,"map(from: a)",1,64,304,1,1,1955,0,2334.403991699
3,"map(from: a)",1,64,304,1,1,44,0,258.505344391
3,"map(from: a)",1,64,304,1,1,17,0,229.454040527
3,"map(from: a)",1,64,304,1,1,294,0,525.605678558
3,"map(from: a)",1,64,304,1,1,28,0,240.552425385
3,"map(from: a)",1,64,304,1,1,114,0,332.653522491
3,"map(from: a)",1,64,304,1,1,2,0,211.250782013
3,"map(from: a)",1,64,304,1,1,7,0,216.698646545
3,"map(from: a)",1,64,304,1,1,183,0,409.793853760
3,"map(from: a)",1,64,304,1,1,8096,0,8888.804912567
3,"map(from: a)",1,64,304,1,1,11,0,221.598148346
3,"map(from: a)",1,64,304,1,1,1,0,210.702419281
3,"map(from: a)",1,64,304,1,1,1218,0,1531.291007996
3,"map(from: a)",1,64,304,1,1,472,0,719.857215881
3,"map(from: a)",1,64,304,1,1,71,0,286.746025085
3,"map(from: a)",1,64,304,1,1,5042,0,5646.097660065
3,"map(from: a)",1,64,304,1,1,4,0,214.409828186
3,"map(from: a)",1,64,304,1,2,2,0,210.905075073
3,"map(from: a)",1,64,304,1,2,71,0,286.698341370
3,"map(from: a)",1,64,304,1,2,17,0,229.358673096
3,"map(from: a)",1,64,304,1,2,472,0,722.551345825
3,"map(from: a)",1,64,304,1,2,5042,0,5633.294582367
3,"map(from: a)",1,64,304,1,2,28,0,240.242481232
3,"map(from: a)",1,64,304,1,2,44,0,257.956981659
3,"map(from: a)",1,64,304,1,2,1218,0,1535.999774933
3,"map(from: a)",1,64,304,1,2,4,0,214.254856110
3,"map(from: a)",1,64,304,1,2,1955,0,2333.450317383
3,"map(from: a)",1,64,304,1,2,183,0,407.242774963
3,"map(from: a)",1,64,304,1,2,7,0,216.746330261
3,"map(from: a)",1,64,304,1,2,758,0,1026.749610901
3,"map(from: a)",1,64,304,1,2,1,0,210.893154144
3,"map(from: a)",1,64,304,1,2,3140,0,3598.749637604
3,"map(from: a)",1,64,304,1,2,8096,0,8971.047401428
3,"map(from: a)",1,64,304,1,2,3,0,212.609767914
3,"map(from: a)",1,64,304,1,2,114,0,333.344936371
3,"map(from: a)",1,64,304,1,2,11,0,221.598148346
3,"map(from: a)",1,64,304,1,2,294,0,529.348850250
3,"map(from: a)",1,64,304,1,3,1,0,210.797786713
3,"map(from: a)",1,64,304,1,3,17,0,229.203701019
3,"map(from: a)",1,64,304,1,3,294,0,525.450706482
3,"map(from: a)",1,64,304,1,3,5042,0,5702.900886536
3,"map(from: a)",1,64,304,1,3,114,0,332.891941071
3,"map(from: a)",1,64,304,1,3,28,0,240.051746368
3,"map(from: a)",1,64,304,1,3,1218,0,1513.397693634
3,"map(from: a)",1,64,304,1,3,2,0,211.095809937
3,"map(from: a)",1,64,304,1,3,3,0,211.906433105
3,"map(from: a)",1,64,304,1,3,4,0,214.242935181
3,"map(from: a)",1,64,304,1,3,758,0,1024.496555328
3,"map(from: a)",1,64,304,1,3,11,0,221.598148346
3,"map(from: a)",1,64,304,1,3,44,0,258.350372314
3,"map(from: a)",1,64,304,1,3,472,0,716.304779053
3,"map(from: a)",1,64,304,1,3,7,0,216.698646545
3,"map(from: a)",1,64,304,1,3,1955,0,2336.251735687
3,"map(from: a)",1,64,304,1,3,71,0,287.747383118
3,"map(from: a)",1,64,304,1,3,183,0,406.801700592
3,"map(from: a)",1,64,304,1,3,8096,0,8912.003040314
3,"map(from: a)",1,64,304,1,3,3140,0,3628.146648407
3,"map(from: a)",1,64,304,1,4,472,0,717.890262604
3,"map(from: a)",1,64,304,1,4,71,0,286.793708801
3,"map(from: a)",1,64,304,1,4,1,0,210.750102997
3,"map(from: a)",1,64,304,1,4,11,0,222.003459930
3,"map(from: a)",1,64,304,1,4,4,0,214.540958405
3,"map(from: a)",1,64,304,1,4,3140,0,3610.551357269
3,"map(from: a)",1,64,304,1,4,28,0,239.956378937
3,"map(from: a)",1,64,304,1,4,1218,0,1533.794403076
3,"map(from: a)",1,64,304,1,4,2,0,210.905075073
3,"map(from: a)",1,64,304,1,4,183,0,408.005714417
3,"map(from: a)",1,64,304,1,4,5042,0,5645.799636841
3,"map(from: a)",1,64,304,1,4,114,0,334.060192108
3,"map(from: a)",1,64,304,1,4,3,0,212.156772614
3,"map(from: a)",1,64,304,1,4,44,0,258.147716522
3,"map(from: a)",1,64,304,1,4,758,0,1026.546955109
3,"map(from: a)",1,64,304,1,4,8096,0,8975.541591644
3,"map(from: a)",1,64,304,1,4,1955,0,2327.859401703
3,"map(from: a)",1,64,304,1,4,294,0,527.799129486
3,"map(from: a)",1,64,304,1,4,7,0,216.650962830
3,"map(from: a)",1,64,304,1,4,17,0,229.394435883
3,"map(from: a)",4,64,304,0,0,7,0,218.355655670
3,"map(from: a)",4,64,304,0,0,114,0,333.392620087
3,"map(from: a)",4,64,304,0,0,3,0,212.156772614
3,"map(from: a)",4,64,304,0,0,17,0,229.406356812
3,"map(from: a)",4,64,304,0,0,1,0,210.750102997
3,"map(from: a)",4,64,304,0,0,44,0,258.147716522
3,"map(from: a)",4,64,304,0,0,294,0,526.905059814
3,"map(from: a)",4,64,304,0,0,3140,0,3614.890575409
3,"map(from: a)",4,64,304,0,0,4,0,214.445590973
3,"map(from: a)",4,64,304,0,0,1955,0,2316.343784332
3,"map(from: a)",4,64,304,0,0,183,0,408.053398132
3,"map(from: a)",4,64,304,0,0,8096,0,8976.459503174
3,"map(from: a)",4,64,304,0,0,758,0,1026.189327240
3,"map(from: a)",4,64,304,0,0,71,0,287.044048309
3,"map(from: a)",4,64,304,0,0,2,0,210.893154144
3,"map(from: a)",4,64,304,0,0,11,0,221.598148346
3,"map(from: a)",4,64,304,0,0,28,0,239.610671997
3,"map(from: a)",4,64,304,0,0,5042,0,5652.546882629
3,"map(from: a)",4,64,304,0,0,1218,0,1512.849330902
3,"map(from: a)",4,64,304,0,0,472,0,723.898410797
3,"map(from: a)",4,64,304,0,1,4,0,214.242935181
3,"map(from: a)",4,64,304,0,1,1,0,210.642814636
3,"map(from: a)",4,64,304,0,1,17,0,229.096412659
3,"map(from: a)",4,64,304,0,1,28,0,240.004062653
3,"map(from: a)",4,64,304,0,1,11,0,221.455097198
3,"map(from: a)",4,64,304,0,1,3140,0,3585.052490234
3,"map(from: a)",4,64,304,0,1,2,0,210.905075073
3,"map(from: a)",4,64,304,0,1,758,0,1030.898094177
3,"map(from: a)",4,64,304,0,1,1218,0,1523.244380951
3,"map(from: a)",4,64,304,0,1,44,0,258.243083954
3,"map(from: a)",4,64,304,0,1,71,0,286.698341370
3,"map(from: a)",4,64,304,0,1,114,0,334.048271179
3,"map(from: a)",4,64,304,0,1,294,0,526.499748230
3,"map(from: a)",4,64,304,0,1,7,0,216.639041901
3,"map(from: a)",4,64,304,0,1,183,0,406.193733215
3,"map(from: a)",4,64,304,0,1,8096,0,9023.749828339
3,"map(from: a)",4,64,304,0,1,472,0,718.843936920
3,"map(from: a)",4,64,304,0,1,1955,0,2333.152294159
3,"map(from: a)",4,64,304,0,1,3,0,211.989879608
3,"map(from: a)",4,64,304,0,1,5042,0,5695.998668671
3,"map(from: a)",4,64,304,0,2,3,0,212.299823761
3,"map(from: a)",4,64,304,0,2,44,0,258.147716522
3,"map(from: a)",4,64,304,0,2,1,0,210.750102997
3,"map(from: a)",4,64,304,0,2,183,0,408.852100372
3,"map(from: a)",4,64,304,0,2,294,0,527.846813202
3,"map(from: a)",4,64,304,0,2,5042,0,5627.155303955
3,"map(from: a)",4,64,304,0,2,7,0,217.151641846
3,"map(from: a)",4,64,304,0,2,8096,0,8974.659442902
3,"map(from: a)",4,64,304,0,2,2,0,210.750102997
3,"map(from: a)",4,64,304,0,2,114,0,333.249568939
3,"map(from: a)",4,64,304,0,2,71,0,287.151336670
3,"map(from: a)",4,64,304,0,2,1955,0,2348.995208740
3,"map(from: a)",4,64,304,0,2,17,0,229.251384735
3,"map(from: a)",4,64,304,0,2,472,0,719.797611237
3,"map(from: a)",4,64,304,0,2,11,0,221.002101898
3,"map(from: a)",4,64,304,0,2,1218,0,1535.701751709
3,"map(from: a)",4,64,304,0,2,4,0,214.302539825
3,"map(from: a)",4,64,304,0,2,3140,0,3604.257106781
3,"map(from: a)",4,64,304,0,2,758,0,1025.640964508
3,"map(from: a)",4,64,304,0,2,28,0,240.099430084
3,"map(from: a)",4,64,304,0,3,11,0,221.550464630
3,"map(from: a)",4,64,304,0,3,4,0,214.052200317
3,"map(from: a)",4,64,304,0,3,5042,0,5642.950534821
3,"map(from: a)",4,64,304,0,3,183,0,408.852100372
3,"map(from: a)",4,64,304,0,3,17,0,229.692459106
3,"map(from: a)",4,64,304,0,3,3,0,212.097167969
3,"map(from: a)",4,64,304,0,3,28,0,239.944458008
3,"map(from: a)",4,64,304,0,3,1218,0,1531.898975372
3,"map(from: a)",4,64,304,0,3,114,0,338.959693909
3,"map(from: a)",4,64,304,0,3,758,0,1033.103466034
3,"map(from: a)",4,64,304,0,3,1955,0,2314.543724060
3,"map(from: a)",4,64,304,0,3,472,0,725.996494293
3,"map(from: a)",4,64,304,0,3,7,0,216.901302338
3,"map(from: a)",4,64,304,0,3,44,0,258.255004883
3,"map(from: a)",4,64,304,0,3,3140,0,3581.953048706
3,"map(from: a)",4,64,304,0,3,8096,0,8998.048305511
3,"map(from: a)",4,64,304,0,3,71,0,287.103652954
3,"map(from: a)",4,64,304,0,3,1,0,210.750102997
3,"map(from: a)",4,64,304,0,3,2,0,210.595130920
3,"map(from: a)",4,64,304,0,3,294,0,528.490543365
3,"map(from: a)",4,64,304,0,4,3,0,212.049484253
3,"map(from: a)",4,64,304,0,4,8096,0,8890.545368195
3,"map(from: a)",4,64,304,0,4,1,0,211.203098297
3,"map(from: a)",4,64,304,0,4,28,0,240.397453308
3,"map(from: a)",4,64,304,0,4,17,0,229.144096375
3,"map(from: a)",4,64,304,0,4,5042,0,5642.104148865
3,"map(from: a)",4,64,304,0,4,7,0,216.650962830
3,"map(from: a)",4,64,304,0,4,114,0,334.596633911
3,"map(from: a)",4,64,304,0,4,44,0,257.956981659
3,"map(from: a)",4,64,304,0,4,2,0,210.857391357
3,"map(from: a)",4,64,304,0,4,294,0,525.653362274
3,"map(from: a)",4,64,304,0,4,758,0,1034.450531006
3,"map(from: a)",4,64,304,0,4,183,0,407.099723816
3,"map(from: a)",4,64,304,0,4,4,0,214.099884033
3,"map(from: a)",4,64,304,0,4,1218,0,1519.143581390
3,"map(from: a)",4,64,304,0,4,71,0,288.200378418
3,"map(from: a)",4,64,304,0,4,1955,0,2328.193187714
3,"map(from: a)",4,64,304,0,4,11,0,221.395492554
3,"map(from: a)",4,64,304,0,4,472,0,720.202922821
3,"map(from: a)",4,64,304,0,4,3140,0,3619.849681854
3,"map(from: a)",4,64,304,1,0,2,0,210.690498352
3,"map(from: a)",4,64,304,1,0,4,0,214.254856110
3,"map(from: a)",4,64,304,1,0,472,0,717.341899872
3,"map(from: a)",4,64,304,1,0,3140,0,3628.695011139
3,"map(from: a)",4,64,304,1,0,183,0,407.898426056
3,"map(from: a)",4,64,304,1,0,28,0,239.753723145
3,"map(from: a)",4,64,304,1,0,71,0,286.650657654
3,"map(from: a)",4,64,304,1,0,1218,0,1533.997058868
3,"map(from: a)",4,64,304,1,0,294,0,526.344776154
3,"map(from: a)",4,64,304,1,0,1,0,210.940837860
3,"map(from: a)",4,64,304,1,0,7,0,216.698646545
3,"map(from: a)",4,64,304,1,0,1955,0,2346.551418304
3,"map(from: a)",4,64,304,1,0,758,0,1025.950908661
3,"map(from: a)",4,64,304,1,0,114,0,333.249568939
3,"map(from: a)",4,64,304,1,0,11,0,221.550464630
3,"map(from: a)",4,64,304,1,0,3,0,212.144851685
3,"map(from: a)",4,64,304,1,0,8096,0,8944.249153137
3,"map(from: a)",4,64,304,1,0,44,0,258.004665375
3,"map(from: a)",4,64,304,1,0,17,0,229.096412659
3,"map(from: a)",4,64,304,1,0,5042,0,5675.101280212
3,"map(from: a)",4,64,304,1,1,758,0,1027.250289917
3,"map(from: a)",4,64,304,1,1,3,0,212.299823761
3,"map(from: a)",4,64,304,1,1,3140,0,3587.150573730
3,"map(from: a)",4,64,304,1,1,1955,0,2348.804473877
3,"map(from: a)",4,64,304,1,1,44,0,258.052349091
3,"map(from: a)",4,64,304,1,1,17,0,228.893756866
3,"map(from: a)",4,64,304,1,1,294,0,525.200366974
3,"map(from: a)",4,64,304,1,1,28,0,240.194797516
3,"map(from: a)",4,64,304,1,1,114,0,332.903862000
3,"map(from: a)",4,64,304,1,1,2,0,210.595130920
3,"map(from: a)",4,64,304,1,1,7,0,216.794013977
3,"map(from: a)",4,64,304,1,1,183,0,408.244132996
3,"map(from: a)",4,64,304,1,1,8096,0,8937.251567841
3,"map(from: a)",4,64,304,1,1,11,0,221.502780914
3,"map(from: a)",4,64,304,1,1,1,0,210.797786713
3,"map(from: a)",4,64,304,1,1,1218,0,1526.904106140
3,"map(from: a)",4,64,304,1,1,472,0,720.596313477
3,"map(from: a)",4,64,304,1,1,71,0,286.757946014
3,"map(from: a)",4,64,304,1,1,5042,0,5633.449554443
3,"map(from: a)",4,64,304,1,1,4,0,214.445590973
3,"map(from: a)",4,64,304,1,2,2,0,210.797786713
3,"map(from: a)",4,64,304,1,2,71,0,287.008285522
3,"map(from: a)",4,64,304,1,2,17,0,229.144096375
3,"map(from: a)",4,64,304,1,2,472,0,724.160671234
3,"map(from: a)",4,64,304,1,2,5042,0,5623.006820679
3,"map(from: a)",4,64,304,1,2,28,0,240.039825439
3,"map(from: a)",4,64,304,1,2,44,0,258.052349091
3,"map(from: a)",4,64,304,1,2,1218,0,1532.399654388
3,"map(from: a)",4,64,304,1,2,4,0,214.457511902
3,"map(from: a)",4,64,304,1,2,1955,0,2325.403690338
3,"map(from: a)",4,64,304,1,2,183,0,408.399105072
3,"map(from: a)",4,64,304,1,2,7,0,216.996669769
3,"map(from: a)",4,64,304,1,2,758,0,1028.239727020
3,"map(from: a)",4,64,304,1,2,1,0,210.797786713
3,"map(from: a)",4,64,304,1,2,3140,0,3603.744506836
3,"map(from: a)",4,64,304,1,2,8096,0,8964.645862579
3,"map(from: a)",4,64,304,1,2,3,0,212.240219116
3,"map(from: a)",4,64,304,1,2,114,0,333.249568939
3,"map(from: a)",4,64,304,1,2,11,0,221.407413483
3,"map(from: a)",4,64,304,1,2,294,0,530.946254730
3,"map(from: a)",4,64,304,1,3,1,0,210.595130920
3,"map(from: a)",4,64,304,1,3,17,0,229.144096375
3,"map(from: a)",4,64,304,1,3,294,0,525.701045990
3,"map(from: a)",4,64,304,1,3,5042,0,5706.954002380
3,"map(from: a)",4,64,304,1,3,114,0,333.499908447
3,"map(from: a)",4,64,304,1,3,28,0,239.741802216
3,"map(from: a)",4,64,304,1,3,1218,0,1517.093181610
3,"map(from: a)",4,64,304,1,3,2,0,210.845470428
3,"map(from: a)",4,64,304,1,3,3,0,212.490558624
3,"map(from: a)",4,64,304,1,3,4,0,214.052200317
3,"map(from: a)",4,64,304,1,3,758,0,1026.749610901
3,"map(from: a)",4,64,304,1,3,11,0,221.550464630
3,"map(from: a)",4,64,304,1,3,44,0,258.505344391
3,"map(from: a)",4,64,304,1,3,472,0,716.650485992
3,"map(from: a)",4,64,304,1,3,7,0,216.555595398
3,"map(from: a)",4,64,304,1,3,1955,0,2339.994907379
3,"map(from: a)",4,64,304,1,3,71,0,286.841392517
3,"map(from: a)",4,64,304,1,3,183,0,407.803058624
3,"map(from: a)",4,64,304,1,3,8096,0,8871.948719025
3,"map(from: a)",4,64,304,1,3,3140,0,3635.859489441
3,"map(from: a)",4,64,304,1,4,472,0,717.604160309
3,"map(from: a)",4,64,304,1,4,71,0,287.294387817
3,"map(from: a)",4,64,304,1,4,1,0,210.607051849
3,"map(from: a)",4,64,304,1,4,11,0,221.705436707
3,"map(from: a)",4,64,304,1,4,4,0,214.445590973
3,"map(from: a)",4,64,304,1,4,3140,0,3596.556186676
3,"map(from: a)",4,64,304,1,4,28,0,240.159034729
3,"map(from: a)",4,64,304,1,4,1218,0,1527.452468872
3,"map(from: a)",4,64,304,1,4,2,0,210.905075073
3,"map(from: a)",4,64,304,1,4,183,0,406.455993652
3,"map(from: a)",4,64,304,1,4,5042,0,5649.650096893
3,"map(from: a)",4,64,304,1,4,114,0,334.298610687
3,"map(from: a)",4,64,304,1,4,3,0,212.156772614
3,"map(from: a)",4,64,304,1,4,44,0,258.302688599
3,"map(from: a)",4,64,304,1,4,758,0,1022.446155548
3,"map(from: a)",4,64,304,1,4,8096,0,9021.747112274
3,"map(from: a)",4,64,304,1,4,1955,0,2317.249774933
3,"map(from: a)",4,64,304,1,4,294,0,527.846813202
3,"map(from: a)",4,64,304,1,4,7,0,216.794013977
3,"map(from: a)",4,64,304,1,4,17,0,229.346752167
3,"map(from: a)",16,64,304,0,0,7,0,218.951702118
3,"map(from: a)",16,64,304,0,0,114,0,333.702564240
3,"map(from: a)",16,64,304,0,0,3,0,212.359428406
3,"map(from: a)",16,64,304,0,0,17,0,229.454040527
3,"map(from: a)",16,64,304,0,0,1,0,211.310386658
3,"map(from: a)",16,64,304,0,0,44,0,258.159637451
3,"map(from: a)",16,64,304,0,0,294,0,527.143478394
3,"map(from: a)",16,64,304,0,0,3140,0,3616.797924042
3,"map(from: a)",16,64,304,0,0,4,0,214.552879333
3,"map(from: a)",16,64,304,0,0,1955,0,2322.196960449
3,"map(from: a)",16,64,304,0,0,183,0,406.754016876
3,"map(from: a)",16,64,304,0,0,8096,0,9010.350704193
3,"map(from: a)",16,64,304,0,0,758,0,1021.707057953
3,"map(from: a)",16,64,304,0,0,71,0,286.841392517
3,"map(from: a)",16,64,304,0,0,2,0,211.095809937
3,"map(from: a)",16,64,304,0,0,11,0,221.848487854
3,"map(from: a)",16,64,304,0,0,28,0,240.051746368
3,"map(from: a)",16,64,304,0,0,5042,0,5648.291110992
3,"map(from: a)",16,64,304,0,0,1218,0,1517.152786255
3,"map(from: a)",16,64,304,0,0,472,0,722.599029541
3,"map(from: a)",16,64,304,0,1,4,0,214.648246765
3,"map(from: a)",16,64,304,0,1,1,0,210.595130920
3,"map(from: a)",16,64,304,0,1,17,0,229.597091675
3,"map(from: a)",16,64,304,0,1,28,0,240.147113800
3,"map(from: a)",16,64,304,0,1,11,0,221.550464630
3,"map(from: a)",16,64,304,0,1,3140,0,3586.757183075
3,"map(from: a)",16,64,304,0,1,2,0,210.797786713
3,"map(from: a)",16,64,304,0,1,758,0,1034.498214722
3,"map(from: a)",16,64,304,0,1,1218,0,1517.999172211
3,"map(from: a)",16,64,304,0,1,44,0,258.505344391
3,"map(from: a)",16,64,304,0,1,71,0,286.507606506
3,"map(from: a)",16,64,304,0,1,114,0,335.097312927
3,"map(from: a)",16,64,304,0,1,294,0,525.498390198
3,"map(from: a)",16,64,304,0,1,7,0,216.650962830
3,"map(from: a)",16,64,304,0,1,183,0,406.897068024
3,"map(from: a)",16,64,304,0,1,8096,0,9008.002281189
3,"map(from: a)",16,64,304,0,1,472,0,718.247890472
3,"map(from: a)",16,64,304,0,1,1955,0,2323.651313782
3,"map(from: a)",16,64,304,0,1,3,0,211.954116821
3,"map(from: a)",16,64,304,0,1,5042,0,5672.442913055
3,"map(from: a)",16,64,304,0,2,3,0,212.395191193
3,"map(from: a)",16,64,304,0,2,44,0,258.052349091
3,"map(from: a)",16,64,304,0,2,1,0,210.797786713
3,"map(from: a)",16,64,304,0,2,183,0,408.947467804
3,"map(from: a)",16,64,304,0,2,294,0,527.048110962
3,"map(from: a)",16,64,304,0,2,5042,0,5646.002292633
3,"map(from: a)",16,64,304,0,2,7,0,216.853618622
3,"map(from: a)",16,64,304,0,2,8096,0,9013.354778290
3,"map(from: a)",16,64,304,0,2,2,0,211.000442505
3,"map(from: a)",16,64,304,0,2,114,0,334.393978119
3,"map(from: a)",16,64,304,0,2,71,0,286.698341370
3,"map(from: a)",16,64,304,0,2,1955,0,2351.999282837
3,"map(from: a)",16,64,304,0,2,17,0,232.291221619
3,"map(from: a)",16,64,304,0,2,472,0,720.000267029
3,"map(from: a)",16,64,304,0,2,11,0,221.550464630
3,"map(from: a)",16,64,304,0,2,1218,0,1529.693603516
3,"map(from: a)",16,64,304,0,2,4,0,214.493274689
3,"map(from: a)",16,64,304,0,2,3140,0,3585.100173950
3,"map(from: a)",16,64,304,0,2,758,0,1026.999950409
3,"map(from: a)",16,64,304,0,2,28,0,240.254402161
3,"map(from: a)",16,64,304,0,3,11,0,221.657752991
3,"map(from: a)",16,64,304,0,3,4,0,214.350223541
3,"map(from: a)",16,64,304,0,3,5042,0,5633.306503296
3,"map(from: a)",16,64,304,0,3,183,0,409.650802612
3,"map(from: a)",16,64,304,0,3,17,0,228.989124298
3,"map(from: a)",16,64,304,0,3,3,0,211.906433105
3,"map(from: a)",16,64,304,0,3,28,0,239.801406860
3,"map(from: a)",16,64,304,0,3,1218,0,1534.497737885
3,"map(from: a)",16,64,304,0,3,114,0,333.452224731
3,"map(from: a)",16,64,304,0,3,758,0,1030.647754669
3,"map(from: a)",16,64,304,0,3,1955,0,2313.005924225
3,"map(from: a)",16,64,304,0,3,472,0,723.648071289
3,"map(from: a)",16,64,304,0,3,7,0,216.650962830
3,"map(from: a)",16,64,304,0,3,44,0,258.350372314
3,"map(from: a)",16,64,304,0,3,3140,0,3599.655628204
3,"map(from: a)",16,64,304,0,3,8096,0,8961.546421051
3,"map(from: a)",16,64,304,0,3,71,0,287.401676178
3,"map(from: a)",16,64,304,0,3,1,0,210.499763489
3,"map(from: a)",16,64,304,0,3,2,0,210.857391357
3,"map(from: a)",16,64,304,0,3,294,0,528.442859650
3,"map(from: a)",16,64,304,0,4,3,0,212.395191193
3,"map(from: a)",16,64,304,0,4,8096,0,8912.849426270
3,"map(from: a)",16,64,304,0,4,1,0,210.940837860
3,"map(from: a)",16,64,304,0,4,28,0,240.457057953
3,"map(from: a)",16,64,304,0,4,17,0,228.953361511
3,"map(from: a)",16,64,304,0,4,5042,0,5658.507347107
3,"map(from: a)",16,64,304,0,4,7,0,216.698646545
3,"map(from: a)",16,64,304,0,4,114,0,335.597991943
3,"map(from: a)",16,64,304,0,4,44,0,258.207321167
3,"map(from: a)",16,64,304,0,4,2,0,211.250782013
3,"map(from: a)",16,64,304,0,4,294,0,526.142120361
3,"map(from: a)",16,64,304,0,4,758,0,1033.043861389
3,"map(from: a)",16,64,304,0,4,183,0,407.946109772
3,"map(from: a)",16,64,304,0,4,4,0,214.302539825
3,"map(from: a)",16,64,304,0,4,1218,0,1521.098613739
3,"map(from: a)",16,64,304,0,4,71,0,287.747383118
3,"map(from: a)",16,64,304,0,4,1955,0,2329.897880554
3,"map(from: a)",16,64,304,0,4,11,0,221.502780914
3,"map(from: a)",16,64,304,0,4,472,0,717.902183533
3,"map(from: a)",16,64,304,0,4,3140,0,3630.495071411
3,"map(from: a)",16,64,304,1,0,2,0,215.601921082
3,"map(from: a)",16,64,304,1,0,4,0,217.199325562
3,"map(from: a)",16,64,304,1,0,472,0,716.447830200
3,"map(from: a)",16,64,304,1,0,3140,0,3639.352321625
3,"map(from: a)",16,64,304,1,0,183,0,407.552719116
3,"map(from: a)",16,64,304,1,0,28,0,240.254402161
3,"map(from: a)",16,64,304,1,0,71,0,287.199020386
3,"map(from: a)",16,64,304,1,0,1218,0,1531.445980072
3,"map(from: a)",16,64,304,1,0,294,0,527.107715607
3,"map(from: a)",16,64,304,1,0,1,0,210.952758789
3,"map(from: a)",16,64,304,1,0,7,0,216.794013977
3,"map(from: a)",16,64,304,1,0,1955,0,2341.151237488
3,"map(from: a)",16,64,304,1,0,758,0,1028.347015381
3,"map(from: a)",16,64,304,1,0,114,0,333.046913147
3,"map(from: a)",16,64,304,1,0,11,0,221.800804138
3,"map(from: a)",16,64,304,1,0,3,0,212.144851685
3,"map(from: a)",16,64,304,1,0,8096,0,8925.545215607
3,"map(from: a)",16,64,304,1,0,44,0,258.255004883
3,"map(from: a)",16,64,304,1,0,17,0,229.299068451
3,"map(from: a)",16,64,304,1,0,5042,0,5701.756477356
3,"map(from: a)",16,64,304,1,1,758,0,1024.353504181
3,"map(from: a)",16,64,304,1,1,3,0,212.049484253
3,"map(from: a)",16,64,304,1,1,3140,0,3581.643104553
3,"map(from: a)",16,64,304,1,1,1955,0,2349.150180817
3,"map(from: a)",16,64,304,1,1,44,0,257.956981659
3,"map(from: a)",16,64,304,1,1,17,0,229.489803314
3,"map(from: a)",16,64,304,1,1,294,0,526.058673859
3,"map(from: a)",16,64,304,1,1,28,0,239.992141724
3,"map(from: a)",16,64,304,1,1,114,0,333.595275879
3,"map(from: a)",16,64,304,1,1,2,0,210.952758789
3,"map(from: a)",16,64,304,1,1,7,0,217.056274414
3,"map(from: a)",16,64,304,1,1,183,0,408.554077148
3,"map(from: a)",16,64,304,1,1,8096,0,8940.148353577
3,"map(from: a)",16,64,304,1,1,11,0,221.490859985
3,"map(from: a)",16,64,304,1,1,1,0,210.952758789
3,"map(from: a)",16,64,304,1,1,1218,0,1530.504226685
3,"map(from: a)",16,64,304,1,1,472,0,719.201564789
3,"map(from: a)",16,64,304,1,1,71,0,287.401676178
3,"map(from: a)",16,64,304,1,1,5042,0,5612.552165985
3,"map(from: a)",16,64,304,1,1,4,0,214.755535126
3,"map(from: a)",16,64,304,1,2,2,0,211.000442505
3,"map(from: a)",16,64,304,1,2,71,0,286.853313446
3,"map(from: a)",16,64,304,1,2,17,0,229.394435883
3,"map(from: a)",16,64,304,1,2,472,0,723.493099213
3,"map(from: a)",16,64,304,1,2,5042,0,5636.250972748
3,"map(from: a)",16,64,304,1,2,28,0,240.194797516
3,"map(from: a)",16,64,304,1,2,44,0,258.553028107
3,"map(from: a)",16,64,304,1,2,1218,0,1528.251171112
3,"map(from: a)",16,64,304,1,2,4,0,214.457511902
3,"map(from: a)",16,64,304,1,2,1955,0,2319.157123566
3,"map(from: a)",16,64,304,1,2,183,0,407.850742340
3,"map(from: a)",16,64,304,1,2,7,0,216.758251190
3,"map(from: a)",16,64,304,1,2,758,0,1027.739048004
3,"map(from: a)",16,64,304,1,2,1,0,210.797786713
3,"map(from: a)",16,64,304,1,2,3140,0,3585.994243622
3,"map(from: a)",16,64,304,1,2,8096,0,9022.200107574
3,"map(from: a)",16,64,304,1,2,3,0,212.144851685
3,"map(from: a)",16,64,304,1,2,114,0,333.201885223
3,"map(from: a)",16,64,304,1,2,11,0,221.550464630
3,"map(from: a)",16,64,304,1,2,294,0,530.350208282
3,"map(from: a)",16,64,304,1,3,1,0,210.952758789
3,"map(from: a)",16,64,304,1,3,17,0,228.953361511
3,"map(from: a)",16,64,304,1,3,294,0,527.691841125
3,"map(from: a)",16,64,304,1,3,5042,0,5677.890777588
3,"map(from: a)",16,64,304,1,3,114,0,334.203243256
3,"map(from: a)",16,64,304,1,3,28,0,240.099430084
3,"map(from: a)",16,64,304,1,3,1218,0,1522.099971771
3,"map(from: a)",16,64,304,1,3,2,0,211.250782013
3,"map(from: a)",16,64,304,1,3,3,0,212.240219116
3,"map(from: a)",16,64,304,1,3,4,0,214.254856110
3,"map(from: a)",16,64,304,1,3,758,0,1025.044918060
3,"map(from: a)",16,64,304,1,3,11,0,221.908092499
3,"map(from: a)",16,64,304,1,3,44,0,258.207321167
3,"map(from: a)",16,64,304,1,3,472,0,719.296932220
3,"map(from: a)",16,64,304,1,3,7,0,216.794013977
3,"map(from: a)",16,64,304,1,3,1955,0,2349.507808685
3,"map(from: a)",16,64,304,1,3,71,0,287.294387817
3,"map(from: a)",16,64,304,1,3,183,0,408.458709717
3,"map(from: a)",16,64,304,1,3,8096,0,8876.550197601
3,"map(from: a)",16,64,304,1,3,3140,0,3628.301620483
3,"map(from: a)",16,64,304,1,4,472,0,718.307495117
3,"map(from: a)",16,64,304,1,4,71,0,286.948680878
3,"map(from: a)",16,64,304,1,4,1,0,211.000442505
3,"map(from: a)",16,64,304,1,4,11,0,221.490859985
3,"map(from: a)",16,64,304,1,4,4,0,214.397907257
3,"map(from: a)",16,64,304,1,4,3140,0,3590.893745422
3,"map(from: a)",16,64,304,1,4,28,0,240.349769592
3,"map(from: a)",16,64,304,1,4,1218,0,1528.251171112
3,"map(from: a)",16,64,304,1,4,2,0,210.797786713
3,"map(from: a)",16,64,304,1,4,183,0,407.648086548
3,"map(from: a)",16,64,304,1,4,5042,0,5626.106262207
3,"map(from: a)",16,64,304,1,4,114,0,334.596633911
3,"map(from: a)",16,64,304,1,4,3,0,212.442874908
3,"map(from: a)",16,64,304,1,4,44,0,258.147716522
3,"map(from: a)",16,64,304,1,4,758,0,1021.206378937
3,"map(from: a)",16,64,304,1,4,8096,0,9066.402912140
3,"map(from: a)",16,64,304,1,4,1955,0,2316.546440125
3,"map(from: a)",16,64,304,1,4,294,0,526.654720306
3,"map(from: a)",16,64,304,1,4,7,0,217.103958130
3,"map(from: a)",16,64,304,1,4,17,0,229.609012604
3,"map(from: a)",64,64,304,0,0,7,0,218.796730042
3,"map(from: a)",64,64,304,0,0,114,0,333.154201508
3,"map(from: a)",64,64,304,0,0,3,0,212.895870209
3,"map(from: a)",64,64,304,0,0,17,0,229.394435883
3,"map(from: a)",64,64,304,0,0,1,0,211.250782013
3,"map(from: a)",64,64,304,0,0,44,0,258.350372314
3,"map(from: a)",64,64,304,0,0,294,0,525.641441345
3,"map(from: a)",64,64,304,0,0,3140,0,3634.297847748
3,"map(from: a)",64,64,304,0,0,4,0,214.898586273
3,"map(from: a)",64,64,304,0,0,1955,0,2328.240871429
3,"map(from: a)",64,64,304,0,0,183,0,406.503677368
3,"map(from: a)",64,64,304,0,0,8096,0,9015.643596649
3,"map(from: a)",64,64,304,0,0,758,0,1023.447513580
3,"map(from: a)",64,64,304,0,0,71,0,287.342071533
3,"map(from: a)",64,64,304,0,0,2,0,211.048126221
3,"map(from: a)",64,64,304,0,0,11,0,221.896171570
3,"map(from: a)",64,64,304,0,0,28,0,240.254402161
3,"map(from: a)",64,64,304,0,0,5042,0,5618.250370026
3,"map(from: a)",64,64,304,0,0,1218,0,1521.646976471
3,"map(from: a)",64,64,304,0,0,472,0,721.549987793
3,"map(from: a)",64,64,304,0,1,4,0,214.648246765
3,"map(from: a)",64,64,304,0,1,1,0,211.095809937
3,"map(from: a)",64,64,304,0,1,17,0,229.454040527
3,"map(from: a)",64,64,304,0,1,28,0,240.802764893
3,"map(from: a)",64,64,304,0,1,11,0,221.896171570
3,"map(from: a)",64,64,304,0,1,3140,0,3604.197502136
3,"map(from: a)",64,64,304,0,1,2,0,211.095809937
3,"map(from: a)",64,64,304,0,1,758,0,1035.952568054
3,"map(from: a)",64,64,304,0,1,1218,0,1516.699790955
3,"map(from: a)",64,64,304,0,1,44,0,258.791446686
3,"map(from: a)",64,64,304,0,1,71,0,286.757946014
3,"map(from: a)",64,64,304,0,1,114,0,335.049629211
3,"map(from: a)",64,64,304,0,1,294,0,528.299808502
3,"map(from: a)",64,64,304,0,1,7,0,217.151641846
3,"map(from: a)",64,64,304,0,1,183,0,407.350063324
3,"map(from: a)",64,64,304,0,1,8096,0,8968.544006348
3,"map(from: a)",64,64,304,0,1,472,0,720.202922821
3,"map(from: a)",64,64,304,0,1,1955,0,2315.998077393
3,"map(from: a)",64,64,304,0,1,3,0,212.347507477
3,"map(from: a)",64,64,304,0,1,5042,0,5677.092075348
3,"map(from: a)",64,64,304,0,2,3,0,212.693214417
3,"map(from: a)",64,64,304,0,2,44,0,258.600711823
3,"map(from: a)",64,64,304,0,2,1,0,211.048126221
3,"map(from: a)",64,64,304,0,2,183,0,410.103797913
3,"map(from: a)",64,64,304,0,2,294,0,525.701045990
3,"map(from: a)",64,64,304,0,2,5042,0,5649.197101593
3,"map(from: a)",64,64,304,0,2,7,0,217.199325562
3,"map(from: a)",64,64,304,0,2,8096,0,9016.346931458
3,"map(from: a)",64,64,304,0,2,2,0,211.358070374
3,"map(from: a)",64,64,304,0,2,114,0,333.595275879
3,"map(from: a)",64,64,304,0,2,71,0,287.246704102
3,"map(from: a)",64,64,304,0,2,1955,0,2342.045307159
3,"map(from: a)",64,64,304,0,2,17,0,229.597091675
3,"map(from: a)",64,64,304,0,2,472,0,716.745853424
3,"map(from: a)",64,64,304,0,2,11,0,232.803821564
3,"map(from: a)",64,64,304,0,2,1218,0,1530.098915100
3,"map(from: a)",64,64,304,0,2,4,0,214.946269989
3,"map(from: a)",64,64,304,0,2,3140,0,3590.095043182
3,"map(from: a)",64,64,304,0,2,758,0,1025.247573853
3,"map(from: a)",64,64,304,0,2,28,0,240.409374237
3,"map(from: a)",64,64,304,0,3,11,0,221.693515778
3,"map(from: a)",64,64,304,0,3,4,0,214.540958405
3,"map(from: a)",64,64,304,0,3,5042,0,5612.659454346
3,"map(from: a)",64,64,304,0,3,183,0,409.948825836
3,"map(from: a)",64,64,304,0,3,17,0,229.394435883
3,"map(from: a)",64,64,304,0,3,3,0,212.156772614
3,"map(from: a)",64,64,304,0,3,28,0,240.099430084
3,"map(from: a)",64,64,304,0,3,1218,0,1531.505584717
3,"map(from: a)",64,64,304,0,3,114,0,333.952903748
3,"map(from: a)",64,64,304,0,3,758,0,1024.854183197
3,"map(from: a)",64,64,304,0,3,1955,0,2325.701713562
3,"map(from: a)",64,64,304,0,3,472,0,721.204280853
3,"map(from: a)",64,64,304,0,3,7,0,217.151641846
3,"map(from: a)",64,64,304,0,3,44,0,258.255004883
3,"map(from: a)",64,64,304,0,3,3140,0,3603.196144104
3,"map(from: a)",64,64,304,0,3,8096,0,8963.203430176
3,"map(from: a)",64,64,304,0,3,71,0,287.556648254
3,"map(from: a)",64,64,304,0,3,1,0,211.250782013
3,"map(from: a)",64,64,304,0,3,2,0,211.095809937
3,"map(from: a)",64,64,304,0,3,294,0,529.754161835
3,"map(from: a)",64,64,304,0,4,3,0,212.454795837
3,"map(from: a)",64,64,304,0,4,8096,0,8935.654163361
3,"map(from: a)",64,64,304,0,4,1,0,211.298465729
3,"map(from: a)",64,64,304,0,4,28,0,241.053104401
3,"map(from: a)",64,64,304,0,4,17,0,229.644775391
3,"map(from: a)",64,64,304,0,4,5042,0,5641.400814056
3,"map(from: a)",64,64,304,0,4,7,0,217.151641846
3,"map(from: a)",64,64,304,0,4,114,0,334.405899048
3,"map(from: a)",64,64,304,0,4,44,0,258.600711823
3,"map(from: a)",64,64,304,0,4,2,0,211.095809937
3,"map(from: a)",64,64,304,0,4,294,0,526.905059814
3,"map(from: a)",64,64,304,0,4,758,0,1030.397415161
3,"map(from: a)",64,64,304,0,4,183,0,408.291816711
3,"map(from: a)",64,64,304,0,4,4,0,214.445590973
3,"map(from: a)",64,64,304,0,4,1218,0,1519.393920898
3,"map(from: a)",64,64,304,0,4,71,0,288.200378418
3,"map(from: a)",64,64,304,0,4,1955,0,2319.955825806
3,"map(from: a)",64,64,304,0,4,11,0,221.860408783
3,"map(from: a)",64,64,304,0,4,472,0,715.601444244
3,"map(from: a)",64,64,304,0,4,3140,0,3635.251522064
3,"map(from: a)",64,64,304,1,0,2,0,211.298465729
3,"map(from: a)",64,64,304,1,0,4,0,214.600563049
3,"map(from: a)",64,64,304,1,0,472,0,715.899467468
3,"map(from: a)",64,64,304,1,0,3140,0,3631.341457367
3,"map(from: a)",64,64,304,1,0,183,0,407.743453979
3,"map(from: a)",64,64,304,1,0,28,0,240.504741669
3,"map(from: a)",64,64,304,1,0,71,0,287.353992462
3,"map(from: a)",64,64,304,1,0,1218,0,1527.905464172
3,"map(from: a)",64,64,304,1,0,294,0,527.644157410
3,"map(from: a)",64,64,304,1,0,1,0,211.143493652
3,"map(from: a)",64,64,304,1,0,7,0,217.103958130
3,"map(from: a)",64,64,304,1,0,1955,0,2334.654331207
3,"map(from: a)",64,64,304,1,0,758,0,1032.495498657
3,"map(from: a)",64,64,304,1,0,114,0,335.252285004
3,"map(from: a)",64,64,304,1,0,11,0,222.051143646
3,"map(from: a)",64,64,304,1,0,3,0,212.550163269
3,"map(from: a)",64,64,304,1,0,8096,0,8889.198303223
3,"map(from: a)",64,64,304,1,0,44,0,258.600711823
3,"map(from: a)",64,64,304,1,0,17,0,229.406356812
3,"map(from: a)",64,64,304,1,0,5042,0,5706.441402435
3,"map(from: a)",64,64,304,1,1,758,0,1024.448871613
3,"map(from: a)",64,64,304,1,1,3,0,213.098526001
3,"map(from: a)",64,64,304,1,1,3140,0,3590.548038483
3,"map(from: a)",64,64,304,1,1,1955,0,2339.792251587
3,"map(from: a)",64,64,304,1,1,44,0,258.696079254
3,"map(from: a)",64,64,304,1,1,17,0,229.299068451
3,"map(from: a)",64,64,304,1,1,294,0,526.750087738
3,"map(from: a)",64,64,304,1,1,28,0,240.397453308
3,"map(from: a)",64,64,304,1,1,114,0,333.452224731
3,"map(from: a)",64,64,304,1,1,2,0,211.107730865
3,"map(from: a)",64,64,304,1,1,7,0,217.056274414
3,"map(from: a)",64,64,304,1,1,183,0,408.899784088
3,"map(from: a)",64,64,304,1,1,8096,0,8907.496929169
3,"map(from: a)",64,64,304,1,1,11,0,222.098827362
3,"map(from: a)",64,64,304,1,1,1,0,211.000442505
3,"map(from: a)",64,64,304,1,1,1218,0,1533.555984497
3,"map(from: a)",64,64,304,1,1,472,0,716.495513916
3,"map(from: a)",64,64,304,1,1,71,0,287.806987762
3,"map(from: a)",64,64,304,1,1,5042,0,5614.602565765
3,"map(from: a)",64,64,304,1,1,4,0,215.005874634
3,"map(from: a)",64,64,304,1,2,2,0,211.095809937
3,"map(from: a)",64,64,304,1,2,71,0,287.699699402
3,"map(from: a)",64,64,304,1,2,17,0,229.561328888
3,"map(from: a)",64,64,304,1,2,472,0,720.250606537
3,"map(from: a)",64,64,304,1,2,5042,0,5654.752254486
3,"map(from: a)",64,64,304,1,2,28,0,240.302085876
3,"map(from: a)",64,64,304,1,2,44,0,258.696079254
3,"map(from: a)",64,64,304,1,2,1218,0,1527.202129364
3,"map(from: a)",64,64,304,1,2,4,0,214.600563049
3,"map(from: a)",64,64,304,1,2,1955,0,2324.950695038
3,"map(from: a)",64,64,304,1,2,183,0,407.505035400
3,"map(from: a)",64,64,304,1,2,7,0,217.092037201
3,"map(from: a)",64,64,304,1,2,758,0,1024.591922760
3,"map(from: a)",64,64,304,1,2,1,0,211.095809937
3,"map(from: a)",64,64,304,1,2,3140,0,3580.653667450
3,"map(from: a)",64,64,304,1,2,8096,0,9013.891220093
3,"map(from: a)",64,64,304,1,2,3,0,212.347507477
3,"map(from: a)",64,64,304,1,2,114,0,333.857536316
3,"map(from: a)",64,64,304,1,2,11,0,221.848487854
3,"map(from: a)",64,64,304,1,2,294,0,530.302524567
3,"map(from: a)",64,64,304,1,3,1,0,356.996059418
3,"map(from: a)",64,64,304,1,3,17,0,229.251384735
3,"map(from: a)",64,64,304,1,3,294,0,529.193878174
3,"map(from: a)",64,64,304,1,3,5042,0,5672.895908356
3,"map(from: a)",64,64,304,1,3,114,0,334.405899048
3,"map(from: a)",64,64,304,1,3,28,0,240.004062653
3,"map(from: a)",64,64,304,1,3,1218,0,1518.094539642
3,"map(from: a)",64,64,304,1,3,2,0,211.393833160
3,"map(from: a)",64,64,304,1,3,3,0,212.454795837
3,"map(from: a)",64,64,304,1,3,4,0,214.397907257
3,"map(from: a)",64,64,304,1,3,758,0,1020.205020905
3,"map(from: a)",64,64,304,1,3,11,0,222.098827362
3,"map(from: a)",64,64,304,1,3,44,0,258.350372314
3,"map(from: a)",64,64,304,1,3,472,0,718.498229980
3,"map(from: a)",64,64,304,1,3,7,0,3509.640693665
3,"map(from: a)",64,64,304,1,3,1955,0,2344.894409180
3,"map(from: a)",64,64,304,1,3,71,0,287.353992462
3,"map(from: a)",64,64,304,1,3,183,0,407.040119171
3,"map(from: a)",64,64,304,1,3,8096,0,8921.253681183
3,"map(from: a)",64,64,304,1,3,3140,0,3618.657588959
3,"map(from: a)",64,64,304,1,4,472,0,720.047950745
3,"map(from: a)",64,64,304,1,4,71,0,287.246704102
3,"map(from: a)",64,64,304,1,4,1,0,211.107730865
3,"map(from: a)",64,64,304,1,4,11,0,221.693515778
3,"map(from: a)",64,64,304,1,4,4,0,214.648246765
3,"map(from: a)",64,64,304,1,4,3140,0,3599.143028259
3,"map(from: a)",64,64,304,1,4,28,0,240.099430084
3,"map(from: a)",64,64,304,1,4,1218,0,1533.150672913
3,"map(from: a)",64,64,304,1,4,2,0,211.298465729
3,"map(from: a)",64,64,304,1,4,183,0,407.803058624
3,"map(from: a)",64,64,304,1,4,5042,0,5610.907077789
3,"map(from: a)",64,64,304,1,4,114,0,335.144996643
3,"map(from: a)",64,64,304,1,4,3,0,212.395191193
3,"map(from: a)",64,64,304,1,4,44,0,258.445739746
3,"map(from: a)",64,64,304,1,4,758,0,1024.055480957
3,"map(from: a)",64,64,304,1,4,8096,0,8987.104892731
3,"map(from: a)",64,64,304,1,4,1955,0,2328.097820282
3,"map(from: a)",64,64,304,1,4,294,0,526.249408722
3,"map(from: a)",64,64,304,1,4,7,0,217.401981354
3,"map(from: a)",64,64,304,1,4,17,0,229.692459106
3,"map(from: a)",256,64,304,0,0,7,0,221.252441406
3,"map(from: a)",256,64,304,0,0,114,0,335.097312927
3,"map(from: a)",256,64,304,0,0,3,0,214.755535126
3,"map(from: a)",256,64,304,0,0,17,0,231.850147247
3,"map(from: a)",256,64,304,0,0,1,0,213.146209717
3,"map(from: a)",256,64,304,0,0,44,0,260.853767395
3,"map(from: a)",256,64,304,0,0,294,0,527.250766754
3,"map(from: a)",256,64,304,0,0,3140,0,3629.899024963
3,"map(from: a)",256,64,304,0,0,4,0,216.603279114
3,"map(from: a)",256,64,304,0,0,1955,0,2322.852611542
3,"map(from: a)",256,64,304,0,0,183,0,409.793853760
3,"map(from: a)",256,64,304,0,0,8096,0,8971.750736237
3,"map(from: a)",256,64,304,0,0,758,0,1029.956340790
3,"map(from: a)",256,64,304,0,0,71,0,288.450717926
3,"map(from: a)",256,64,304,0,0,2,0,212.895870209
3,"map(from: a)",256,64,304,0,0,11,0,223.946571350
3,"map(from: a)",256,64,304,0,0,28,0,242.555141449
3,"map(from: a)",256,64,304,0,0,5042,0,5621.755123138
3,"map(from: a)",256,64,304,0,0,1218,0,1522.052288055
3,"map(from: a)",256,64,304,0,0,472,0,724.852085114
3,"map(from: a)",256,64,304,0,1,4,0,216.650962830
3,"map(from: a)",256,64,304,0,1,1,0,213.098526001
3,"map(from: a)",256,64,304,0,1,17,0,231.456756592
3,"map(from: a)",256,64,304,0,1,28,0,242.459774017
3,"map(from: a)",256,64,304,0,1,11,0,223.553180695
3,"map(from: a)",256,64,304,0,1,3140,0,3605.139255524
3,"map(from: a)",256,64,304,0,1,2,0,213.050842285
3,"map(from: a)",256,64,304,0,1,758,0,1033.997535706
3,"map(from: a)",256,64,304,0,1,1218,0,1523.697376251
3,"map(from: a)",256,64,304,0,1,44,0,261.151790619
3,"map(from: a)",256,64,304,0,1,71,0,289.511680603
3,"map(from: a)",256,64,304,0,1,114,0,335.848331451
3,"map(from: a)",256,64,304,0,1,294,0,529.599189758
3,"map(from: a)",256,64,304,0,1,7,0,218.904018402
3,"map(from: a)",256,64,304,0,1,183,0,409.603118896
3,"map(from: a)",256,64,304,0,1,8096,0,8959.949016571
3,"map(from: a)",256,64,304,0,1,472,0,721.001625061
3,"map(from: a)",256,64,304,0,1,1955,0,2320.802211761
3,"map(from: a)",256,64,304,0,1,3,0,214.397907257
3,"map(from: a)",256,64,304,0,1,5042,0,5692.005157471
3,"map(from: a)",256,64,304,0,2,3,0,214.302539825
3,"map(from: a)",256,64,304,0,2,44,0,260.853767395
3,"map(from: a)",256,64,304,0,2,1,0,213.253498077
3,"map(from: a)",256,64,304,0,2,183,0,411.450862885
3,"map(from: a)",256,64,304,0,2,294,0,527.703762054
3,"map(from: a)",256,64,304,0,2,5042,0,5642.449855804
3,"map(from: a)",256,64,304,0,2,7,0,219.655036926
3,"map(from: a)",256,64,304,0,2,8096,0,8983.790874481
3,"map(from: a)",256,64,304,0,2,2,0,214.695930481
3,"map(from: a)",256,64,304,0,2,114,0,334.858894348
3,"map(from: a)",256,64,304,0,2,71,0,289.249420166
3,"map(from: a)",256,64,304,0,2,1955,0,2338.457107544
3,"map(from: a)",256,64,304,0,2,17,0,238.895416260
3,"map(from: a)",256,64,304,0,2,472,0,720.298290253
3,"map(from: a)",256,64,304,0,2,11,0,224.053859711
3,"map(from: a)",256,64,304,0,2,1218,0,1534.748077393
3,"map(from: a)",256,64,304,0,2,4,0,217.199325562
3,"map(from: a)",256,64,304,0,2,3140,0,3604.555130005
3,"map(from: a)",256,64,304,0,2,758,0,1023.793220520
3,"map(from: a)",256,64,304,0,2,28,0,242.650508881
3,"map(from: a)",256,64,304,0,3,11,0,223.696231842
3,"map(from: a)",256,64,304,0,3,4,0,216.650962830
3,"map(from: a)",256,64,304,0,3,5042,0,5612.158775330
3,"map(from: a)",256,64,304,0,3,183,0,411.498546600
3,"map(from: a)",256,64,304,0,3,17,0,231.301784515
3,"map(from: a)",256,64,304,0,3,3,0,214.254856110
3,"map(from: a)",256,64,304,0,3,28,0,242.209434509
3,"map(from: a)",256,64,304,0,3,1218,0,1527.404785156
3,"map(from: a)",256,64,304,0,3,114,0,335.597991943
3,"map(from: a)",256,64,304,0,3,758,0,1025.402545929
3,"map(from: a)",256,64,304,0,3,1955,0,2324.998378754
3,"map(from: a)",256,64,304,0,3,472,0,723.648071289
3,"map(from: a)",256,64,304,0,3,7,0,219.154357910
3,"map(from: a)",256,64,304,0,3,44,0,260.388851166
3,"map(from: a)",256,64,304,0,3,3140,0,3584.802150726
3,"map(from: a)",256,64,304,0,3,8096,0,9015.452861786
3,"map(from: a)",256,64,304,0,3,71,0,288.999080658
3,"map(from: a)",256,64,304,0,3,1,0,213.301181793
3,"map(from: a)",256,64,304,0,3,2,0,212.895870209
3,"map(from: a)",256,64,304,0,3,294,0,532.495975494
3,"map(from: a)",256,64,304,0,4,3,0,214.397907257
3,"map(from: a)",256,64,304,0,4,8096,0,8925.604820251
3,"map(from: a)",256,64,304,0,4,1,0,213.098526001
3,"map(from: a)",256,64,304,0,4,28,0,242.900848389
3,"map(from: a)",256,64,304,0,4,17,0,231.695175171
3,"map(from: a)",256,64,304,0,4,5042,0,5612.707138062
3,"map(from: a)",256,64,304,0,4,7,0,219.607353210
3,"map(from: a)",256,64,304,0,4,114,0,335.955619812
3,"map(from: a)",256,64,304,0,4,44,0,260.746479034
3,"map(from: a)",256,64,304,0,4,2,0,213.110446930
3,"map(from: a)",256,64,304,0,4,294,0,528.645515442
3,"map(from: a)",256,64,304,0,4,758,0,1033.401489258
3,"map(from: a)",256,64,304,0,4,183,0,408.947467804
3,"map(from: a)",256,64,304,0,4,4,0,216.698646545
3,"map(from: a)",256,64,304,0,4,1218,0,1516.306400299
3,"map(from: a)",256,64,304,0,4,71,0,290.751457214
3,"map(from: a)",256,64,304,0,4,1955,0,2316.045761108
3,"map(from: a)",256,64,304,0,4,11,0,224.494934082
3,"map(from: a)",256,64,304,0,4,472,0,719.058513641
3,"map(from: a)",256,64,304,0,4,3140,0,3623.449802399
3,"map(from: a)",256,64,304,1,0,2,0,213.098526001
3,"map(from: a)",256,64,304,1,0,4,0,216.805934906
3,"map(from: a)",256,64,304,1,0,472,0,720.393657684
3,"map(from: a)",256,64,304,1,0,3140,0,3609.859943390
3,"map(from: a)",256,64,304,1,0,183,0,410.449504852
3,"map(from: a)",256,64,304,1,0,28,0,242.447853088
3,"map(from: a)",256,64,304,1,0,71,0,289.499759674
3,"map(from: a)",256,64,304,1,0,1218,0,1530.551910400
3,"map(from: a)",256,64,304,1,0,294,0,529.599189758
3,"map(from: a)",256,64,304,1,0,1,0,212.955474854
3,"map(from: a)",256,64,304,1,0,7,0,218.844413757
3,"map(from: a)",256,64,304,1,0,1955,0,2347.540855408
3,"map(from: a)",256,64,304,1,0,758,0,1026.296615601
3,"map(from: a)",256,64,304,1,0,114,0,335.848331451
3,"map(from: a)",256,64,304,1,0,11,0,223.994255066
3,"map(from: a)",256,64,304,1,0,3,0,214.552879333
3,"map(from: a)",256,64,304,1,0,8096,0,8884.859085083
3,"map(from: a)",256,64,304,1,0,44,0,260.758399963
3,"map(from: a)",256,64,304,1,0,17,0,231.647491455
3,"map(from: a)",256,64,304,1,0,5042,0,5671.906471252
3,"map(from: a)",256,64,304,1,1,758,0,1028.847694397
3,"map(from: a)",256,64,304,1,1,3,0,214.147567749
3,"map(from: a)",256,64,304,1,1,3140,0,3600.955009460
3,"map(from: a)",256,64,304,1,1,1955,0,2411.103248596
3,"map(from: a)",256,64,304,1,1,44,0,260.949134827
3,"map(from: a)",256,64,304,1,1,17,0,231.349468231
3,"map(from: a)",256,64,304,1,1,294,0,528.407096863
3,"map(from: a)",256,64,304,1,1,28,0,242.948532104
3,"map(from: a)",256,64,304,1,1,114,0,334.644317627
3,"map(from: a)",256,64,304,1,1,2,0,213.205814362
3,"map(from: a)",256,64,304,1,1,7,0,218.951702118
3,"map(from: a)",256,64,304,1,1,183,0,411.450862885
3,"map(from: a)",256,64,304,1,1,8096,0,8884.406089783
3,"map(from: a)",256,64,304,1,1,11,0,224.602222443
3,"map(from: a)",256,64,304,1,1,1,0,212.991237640
3,"map(from: a)",256,64,304,1,1,1218,0,1533.091068268
3,"map(from: a)",256,64,304,1,1,472,0,719.451904297
3,"map(from: a)",256,64,304,1,1,71,0,288.748741150
3,"map(from: a)",256,64,304,1,1,5042,0,5636.692047119
3,"map(from: a)",256,64,304,1,1,4,0,216.293334961
3,"map(from: a)",256,64,304,1,2,2,0,213.396549225
3,"map(from: a)",256,64,304,1,2,71,0,288.498401642
3,"map(from: a)",256,64,304,1,2,17,0,231.695175171
3,"map(from: a)",256,64,304,1,2,472,0,723.350048065
3,"map(from: a)",256,64,304,1,2,5042,0,5636.501312256
3,"map(from: a)",256,64,304,1,2,28,0,242.400169373
3,"map(from: a)",256,64,304,1,2,44,0,260.496139526
3,"map(from: a)",256,64,304,1,2,1218,0,1538.348197937
3,"map(from: a)",256,64,304,1,2,4,0,217.306613922
3,"map(from: a)",256,64,304,1,2,1955,0,2330.052852631
3,"map(from: a)",256,64,304,1,2,183,0,409.448146820
3,"map(from: a)",256,64,304,1,2,7,0,219.500064850
3,"map(from: a)",256,64,304,1,2,758,0,1026.105880737
3,"map(from: a)",256,64,304,1,2,1,0,213.551521301
3,"map(from: a)",256,64,304,1,2,3140,0,3587.698936462
3,"map(from: a)",256,64,304,1,2,8096,0,8983.755111694
3,"map(from: a)",256,64,304,1,2,3,0,214.695930481
3,"map(from: a)",256,64,304,1,2,114,0,334.548950195
3,"map(from: a)",256,64,304,1,2,11,0,223.803520203
3,"map(from: a)",256,64,304,1,2,294,0,530.505180359
3,"map(from: a)",256,64,304,1,3,1,0,213.098526001
3,"map(from: a)",256,64,304,1,3,17,0,231.397151947
3,"map(from: a)",256,64,304,1,3,294,0,528.395175934
3,"map(from: a)",256,64,304,1,3,5042,0,5682.706832886
3,"map(from: a)",256,64,304,1,3,114,0,335.645675659
3,"map(from: a)",256,64,304,1,3,28,0,242.495536804
3,"map(from: a)",256,64,304,1,3,1218,0,1514.852046967
3,"map(from: a)",256,64,304,1,3,2,0,213.646888733
3,"map(from: a)",256,64,304,1,3,3,0,214.397907257
3,"map(from: a)",256,64,304,1,3,4,0,216.650962830
3,"map(from: a)",256,64,304,1,3,758,0,1023.495197296
3,"map(from: a)",256,64,304,1,3,11,0,223.946571350
3,"map(from: a)",256,64,304,1,3,44,0,260.758399963
3,"map(from: a)",256,64,304,1,3,472,0,719.296932220
3,"map(from: a)",256,64,304,1,3,7,0,219.202041626
3,"map(from: a)",256,64,304,1,3,1955,0,2333.199977875
3,"map(from: a)",256,64,304,1,3,71,0,289.654731750
3,"map(from: a)",256,64,304,1,3,183,0,409.150123596
3,"map(from: a)",256,64,304,1,3,8096,0,8921.647071838
3,"map(from: a)",256,64,304,1,3,3140,0,3611.099720001
3,"map(from: a)",256,64,304,1,4,472,0,721.800327301
3,"map(from: a)",256,64,304,1,4,71,0,289.356708527
3,"map(from: a)",256,64,304,1,4,1,0,213.193893433
3,"map(from: a)",256,64,304,1,4,11,0,243.449211121
3,"map(from: a)",256,64,304,1,4,4,0,226.247310638
3,"map(from: a)",256,64,304,1,4,3140,0,3602.302074432
3,"map(from: a)",256,64,304,1,4,28,0,242.745876312
3,"map(from: a)",256,64,304,1,4,1218,0,1539.659500122
3,"map(from: a)",256,64,304,1,4,2,0,213.646888733
3,"map(from: a)",256,64,304,1,4,183,0,410.509109497
3,"map(from: a)",256,64,304,1,4,5042,0,5623.304843903
3,"map(from: a)",256,64,304,1,4,114,0,336.599349976
3,"map(from: a)",256,64,304,1,4,3,0,214.600563049
3,"map(from: a)",256,64,304,1,4,44,0,260.305404663
3,"map(from: a)",256,64,304,1,4,758,0,1028.048992157
3,"map(from: a)",256,64,304,1,4,8096,0,8967.947959900
3,"map(from: a)",256,64,304,1,4,1955,0,2327.799797058
3,"map(from: a)",256,64,304,1,4,294,0,528.204441071
3,"map(from: a)",256,64,304,1,4,7,0,219.559669495
3,"map(from: a)",256,64,304,1,4,17,0,231.909751892
3,"map(from: a)",1024,64,304,0,0,7,0,227.904319763
3,"map(from: a)",1024,64,304,0,0,114,0,336.396694183
3,"map(from: a)",1024,64,304,0,0,3,0,214.648246765
3,"map(from: a)",1024,64,304,0,0,17,0,232.303142548
3,"map(from: a)",1024,64,304,0,0,1,0,213.706493378
3,"map(from: a)",1024,64,304,0,0,44,0,260.901451111
3,"map(from: a)",1024,64,304,0,0,294,0,528.705120087
3,"map(from: a)",1024,64,304,0,0,3140,0,3622.496128082
3,"map(from: a)",1024,64,304,0,0,4,0,217.700004578
3,"map(from: a)",1024,64,304,0,0,1955,0,2322.244644165
3,"map(from: a)",1024,64,304,0,0,183,0,416.398048401
3,"map(from: a)",1024,64,304,0,0,8096,0,8971.190452576
3,"map(from: a)",1024,64,304,0,0,758,0,1031.100749969
3,"map(from: a)",1024,64,304,0,0,71,0,289.702415466
3,"map(from: a)",1024,64,304,0,0,2,0,213.646888733
3,"map(from: a)",1024,64,304,0,0,11,0,224.149227142
3,"map(from: a)",1024,64,304,0,0,28,0,242.698192596
3,"map(from: a)",1024,64,304,0,0,5042,0,5653.250217438
3,"map(from: a)",1024,64,304,0,0,1218,0,1517.701148987
3,"map(from: a)",1024,64,304,0,0,472,0,726.902484894
3,"map(from: a)",1024,64,304,0,1,4,0,216.901302338
3,"map(from: a)",1024,64,304,0,1,1,0,213.456153870
3,"map(from: a)",1024,64,304,0,1,17,0,231.707096100
3,"map(from: a)",1024,64,304,0,1,28,0,242.745876312
3,"map(from: a)",1024,64,304,0,1,11,0,224.494934082
3,"map(from: a)",1024,64,304,0,1,3140,0,3589.153289795
3,"map(from: a)",1024,64,304,0,1,2,0,213.694572449
3,"map(from: a)",1024,64,304,0,1,758,0,1034.748554230
3,"map(from: a)",1024,64,304,0,1,1218,0,1528.000831604
3,"map(from: a)",1024,64,304,0,1,44,0,260.996818542
3,"map(from: a)",1024,64,304,0,1,71,0,290.095806122
3,"map(from: a)",1024,64,304,0,1,114,0,336.897373199
3,"map(from: a)",1024,64,304,0,1,294,0,529.646873474
3,"map(from: a)",1024,64,304,0,1,7,0,219.404697418
3,"map(from: a)",1024,64,304,0,1,183,0,409.245491028
3,"map(from: a)",1024,64,304,0,1,8096,0,9018.790721893
3,"map(from: a)",1024,64,304,0,1,472,0,719.892978668
3,"map(from: a)",1024,64,304,0,1,1955,0,2327.847480774
3,"map(from: a)",1024,64,304,0,1,3,0,215.303897858
3,"map(from: a)",1024,64,304,0,1,5042,0,5701.744556427
3,"map(from: a)",1024,64,304,0,2,3,0,215.148925781
3,"map(from: a)",1024,64,304,0,2,44,0,260.996818542
3,"map(from: a)",1024,64,304,0,2,1,0,213.646888733
3,"map(from: a)",1024,64,304,0,2,183,0,411.641597748
3,"map(from: a)",1024,64,304,0,2,294,0,530.147552490
3,"map(from: a)",1024,64,304,0,2,5042,0,5620.241165161
3,"map(from: a)",1024,64,304,0,2,7,0,219.607353210
3,"map(from: a)",1024,64,304,0,2,8096,0,8969.950675964
3,"map(from: a)",1024,64,304,0,2,2,0,218.248367310
3,"map(from: a)",1024,64,304,0,2,114,0,337.350368500
3,"map(from: a)",1024,64,304,0,2,71,0,289.499759674
3,"map(from: a)",1024,64,304,0,2,1955,0,2339.506149292
3,"map(from: a)",1024,64,304,0,2,17,0,232.100486755
3,"map(from: a)",1024,64,304,0,2,472,0,721.395015717
3,"map(from: a)",1024,64,304,0,2,11,0,224.041938782
3,"map(from: a)",1024,64,304,0,2,1218,0,1540.946960449
3,"map(from: a)",1024,64,304,0,2,4,0,217.497348785
3,"map(from: a)",1024,64,304,0,2,3140,0,3610.301017761
3,"map(from: a)",1024,64,304,0,2,758,0,1026.999950409
3,"map(from: a)",1024,64,304,0,2,28,0,243.210792542
3,"map(from: a)",1024,64,304,0,3,11,0,224.494934082
3,"map(from: a)",1024,64,304,0,3,4,0,217.056274414
3,"map(from: a)",1024,64,304,0,3,5042,0,5640.542507172
3,"map(from: a)",1024,64,304,0,3,183,0,411.498546600
3,"map(from: a)",1024,64,304,0,3,17,0,232.148170471
3,"map(from: a)",1024,64,304,0,3,3,0,214.552879333
3,"map(from: a)",1024,64,304,0,3,28,0,242.650508881
3,"map(from: a)",1024,64,304,0,3,1218,0,1529.049873352
3,"map(from: a)",1024,64,304,0,3,114,0,336.050987244
3,"map(from: a)",1024,64,304,0,3,758,0,1026.952266693
3,"map(from: a)",1024,64,304,0,3,1955,0,2315.700054169
3,"map(from: a)",1024,64,304,0,3,472,0,727.105140686
3,"map(from: a)",1024,64,304,0,3,7,0,219.345092773
3,"map(from: a)",1024,64,304,0,3,44,0,261.056423187
3,"map(from: a)",1024,64,304,0,3,3140,0,3578.650951385
3,"map(from: a)",1024,64,304,0,3,8096,0,9021.949768066
3,"map(from: a)",1024,64,304,0,3,71,0,290.107727051
3,"map(from: a)",1024,64,304,0,3,1,0,213.849544525
3,"map(from: a)",1024,64,304,0,3,2,0,213.801860809
3,"map(from: a)",1024,64,304,0,3,294,0,531.399250031
3,"map(from: a)",1024,64,304,0,4,3,0,215.053558350
3,"map(from: a)",1024,64,304,0,4,8096,0,8889.758586884
3,"map(from: a)",1024,64,304,0,4,1,0,213.801860809
3,"map(from: a)",1024,64,304,0,4,28,0,242.745876312
3,"map(from: a)",1024,64,304,0,4,17,0,232.005119324
3,"map(from: a)",1024,64,304,0,4,5042,0,5616.497993469
3,"map(from: a)",1024,64,304,0,4,7,0,219.857692719
3,"map(from: a)",1024,64,304,0,4,114,0,336.551666260
3,"map(from: a)",1024,64,304,0,4,44,0,260.806083679
3,"map(from: a)",1024,64,304,0,4,2,0,213.551521301
3,"map(from: a)",1024,64,304,0,4,294,0,655.651092529
3,"map(from: a)",1024,64,304,0,4,758,0,1037.657260895
3,"map(from: a)",1024,64,304,0,4,183,0,409.889221191
3,"map(from: a)",1024,64,304,0,4,4,0,217.056274414
3,"map(from: a)",1024,64,304,0,4,1218,0,1514.148712158
3,"map(from: a)",1024,64,304,0,4,71,0,290.393829346
3,"map(from: a)",1024,64,304,0,4,1955,0,2321.100234985
3,"map(from: a)",1024,64,304,0,4,11,0,224.947929382
3,"map(from: a)",1024,64,304,0,4,472,0,721.204280853
3,"map(from: a)",1024,64,304,0,4,3140,0,3610.253334045
3,"map(from: a)",1024,64,304,1,0,2,0,213.694572449
3,"map(from: a)",1024,64,304,1,0,4,0,217.258930206
3,"map(from: a)",1024,64,304,1,0,472,0,721.001625061
3,"map(from: a)",1024,64,304,1,0,3140,0,3612.148761749
3,"map(from: a)",1024,64,304,1,0,183,0,410.294532776
3,"map(from: a)",1024,64,304,1,0,28,0,242.543220520
3,"map(from: a)",1024,64,304,1,0,71,0,289.344787598
3,"map(from: a)",1024,64,304,1,0,1218,0,1537.692546844
3,"map(from: a)",1024,64,304,1,0,294,0,528.848171234
3,"map(from: a)",1024,64,304,1,0,1,0,213.801860809
3,"map(from: a)",1024,64,304,1,0,7,0,219.655036926
3,"map(from: a)",1024,64,304,1,0,1955,0,2349.400520325
3,"map(from: a)",1024,64,304,1,0,758,0,1026.749610901
3,"map(from: a)",1024,64,304,1,0,114,0,336.396694183
3,"map(from: a)",1024,64,304,1,0,11,0,224.649906158
3,"map(from: a)",1024,64,304,1,0,3,0,215.458869934
3,"map(from: a)",1024,64,304,1,0,8096,0,8933.448791504
3,"map(from: a)",1024,64,304,1,0,44,0,261.795520782
3,"map(from: a)",1024,64,304,1,0,17,0,232.052803040
3,"map(from: a)",1024,64,304,1,0,5042,0,5663.800239563
3,"map(from: a)",1024,64,304,1,1,758,0,1030.957698822
3,"map(from: a)",1024,64,304,1,1,3,0,214.743614197
3,"map(from: a)",1024,64,304,1,1,3140,0,3591.191768646
3,"map(from: a)",1024,64,304,1,1,1955,0,2342.057228088
3,"map(from: a)",1024,64,304,1,1,44,0,261.104106903
3,"map(from: a)",1024,64,304,1,1,17,0,232.100486755
3,"map(from: a)",1024,64,304,1,1,294,0,527.548789978
3,"map(from: a)",1024,64,304,1,1,28,0,243.151187897
3,"map(from: a)",1024,64,304,1,1,114,0,336.098670959
3,"map(from: a)",1024,64,304,1,1,2,0,213.694572449
3,"map(from: a)",1024,64,304,1,1,7,0,219.798088074
3,"map(from: a)",1024,64,304,1,1,183,0,412.404537201
3,"map(from: a)",1024,64,304,1,1,8096,0,8908.450603485
3,"map(from: a)",1024,64,304,1,1,11,0,224.697589874
3,"map(from: a)",1024,64,304,1,1,1,0,214.004516602
3,"map(from: a)",1024,64,304,1,1,1218,0,1527.094841003
3,"map(from: a)",1024,64,304,1,1,472,0,721.800327301
3,"map(from: a)",1024,64,304,1,1,71,0,289.249420166
3,"map(from: a)",1024,64,304,1,1,5042,0,5640.196800232
3,"map(from: a)",1024,64,304,1,1,4,0,217.545032501
3,"map(from: a)",1024,64,304,1,2,2,0,213.599205017
3,"map(from: a)",1024,64,304,1,2,71,0,289.404392242
3,"map(from: a)",1024,64,304,1,2,17,0,231.850147247
3,"map(from: a)",1024,64,304,1,2,472,0,725.543498993
3,"map(from: a)",1024,64,304,1,2,5042,0,5617.654323578
3,"map(from: a)",1024,64,304,1,2,28,0,242.602825165
3,"map(from: a)",1024,64,304,1,2,44,0,260.949134827
3,"map(from: a)",1024,64,304,1,2,1218,0,1540.148258209
3,"map(from: a)",1024,64,304,1,2,4,0,217.103958130
3,"map(from: a)",1024,64,304,1,2,1955,0,2326.393127441
3,"map(from: a)",1024,64,304,1,2,183,0,409.853458405
3,"map(from: a)",1024,64,304,1,2,7,0,219.953060150
3,"map(from: a)",1024,64,304,1,2,758,0,1029.300689697
3,"map(from: a)",1024,64,304,1,2,1,0,213.456153870
3,"map(from: a)",1024,64,304,1,2,3140,0,3596.150875092
3,"map(from: a)",1024,64,304,1,2,8096,0,8970.344066620
3,"map(from: a)",1024,64,304,1,2,3,0,215.101242065
3,"map(from: a)",1024,64,304,1,2,114,0,335.597991943
3,"map(from: a)",1024,64,304,1,2,11,0,224.494934082
3,"map(from: a)",1024,64,304,1,2,294,0,531.697273254
3,"map(from: a)",1024,64,304,1,3,1,0,213.503837585
3,"map(from: a)",1024,64,304,1,3,17,0,232.207775116
3,"map(from: a)",1024,64,304,1,3,294,0,527.501106262
3,"map(from: a)",1024,64,304,1,3,5042,0,5703.949928284
3,"map(from: a)",1024,64,304,1,3,114,0,336.694717407
3,"map(from: a)",1024,64,304,1,3,28,0,242.602825165
3,"map(from: a)",1024,64,304,1,3,1218,0,1518.499851227
3,"map(from: a)",1024,64,304,1,3,2,0,213.754177094
3,"map(from: a)",1024,64,304,1,3,3,0,214.850902557
3,"map(from: a)",1024,64,304,1,3,4,0,216.698646545
3,"map(from: a)",1024,64,304,1,3,758,0,1027.798652649
3,"map(from: a)",1024,64,304,1,3,11,0,224.196910858
3,"map(from: a)",1024,64,304,1,3,44,0,261.104106903
3,"map(from: a)",1024,64,304,1,3,472,0,718.450546265
3,"map(from: a)",1024,64,304,1,3,7,0,219.404697418
3,"map(from: a)",1024,64,304,1,3,1955,0,2336.645126343
3,"map(from: a)",1024,64,304,1,3,71,0,290.203094482
3,"map(from: a)",1024,64,304,1,3,183,0,410.890579224
3,"map(from: a)",1024,64,304,1,3,8096,0,8889.651298523
3,"map(from: a)",1024,64,304,1,3,3140,0,3629.302978516
3,"map(from: a)",1024,64,304,1,4,472,0,718.951225281
3,"map(from: a)",1024,64,304,1,4,71,0,290.155410767
3,"map(from: a)",1024,64,304,1,4,1,0,213.444232941
3,"map(from: a)",1024,64,304,1,4,11,0,224.304199219
3,"map(from: a)",1024,64,304,1,4,4,0,216.996669769
3,"map(from: a)",1024,64,304,1,4,3140,0,3595.399856567
3,"map(from: a)",1024,64,304,1,4,28,0,243.461132050
3,"map(from: a)",1024,64,304,1,4,1218,0,1534.545421600
3,"map(from: a)",1024,64,304,1,4,2,0,213.944911957
3,"map(from: a)",1024,64,304,1,4,183,0,409.901142120
3,"map(from: a)",1024,64,304,1,4,5042,0,5637.943744659
3,"map(from: a)",1024,64,304,1,4,114,0,336.897373199
3,"map(from: a)",1024,64,304,1,4,3,0,214.898586273
3,"map(from: a)",1024,64,304,1,4,44,0,260.758399963
3,"map(from: a)",1024,64,304,1,4,758,0,1026.749610901
3,"map(from: a)",1024,64,304,1,4,8096,0,8982.706069946
3,"map(from: a)",1024,64,304,1,4,1955,0,2319.848537445
3,"map(from: a)",1024,64,304,1,4,294,0,530.743598938
3,"map(from: a)",1024,64,304,1,4,7,0,219.690799713
3,"map(from: a)",1024,64,304,1,4,17,0,232.100486755
3,"map(from: a)",4096,64,304,0,0,7,0,229.549407959
3,"map(from: a)",4096,64,304,0,0,114,0,337.994098663
3,"map(from: a)",4096,64,304,0,0,3,0,216.948986053
3,"map(from: a)",4096,64,304,0,0,17,0,234.508514404
3,"map(from: a)",4096,64,304,0,0,1,0,215.756893158
3,"map(from: a)",4096,64,304,0,0,44,0,262.606143951
3,"map(from: a)",4096,64,304,0,0,294,0,531.446933746
3,"map(from: a)",4096,64,304,0,0,3140,0,3613.793849945
3,"map(from: a)",4096,64,304,0,0,4,0,219.202041626
3,"map(from: a)",4096,64,304,0,0,1955,0,2318.751811981
3,"map(from: a)",4096,64,304,0,0,183,0,412.404537201
3,"map(from: a)",4096,64,304,0,0,8096,0,8990.097045898
3,"map(from: a)",4096,64,304,0,0,758,0,1028.406620026
3,"map(from: a)",4096,64,304,0,0,71,0,291.705131531
3,"map(from: a)",4096,64,304,0,0,2,0,215.399265289
3,"map(from: a)",4096,64,304,0,0,11,0,226.545333862
3,"map(from: a)",4096,64,304,0,0,28,0,244.498252869
3,"map(from: a)",4096,64,304,0,0,5042,0,5655.300617218
3,"map(from: a)",4096,64,304,0,0,1218,0,1518.249511719
3,"map(from: a)",4096,64,304,0,0,472,0,727.403163910
3,"map(from: a)",4096,64,304,0,1,4,0,219.452381134
3,"map(from: a)",4096,64,304,0,1,1,0,215.697288513
3,"map(from: a)",4096,64,304,0,1,17,0,234.043598175
3,"map(from: a)",4096,64,304,0,1,28,0,244.700908661
3,"map(from: a)",4096,64,304,0,1,11,0,226.259231567
3,"map(from: a)",4096,64,304,0,1,3140,0,3586.757183075
3,"map(from: a)",4096,64,304,0,1,2,0,215.804576874
3,"map(from: a)",4096,64,304,0,1,758,0,1036.202907562
3,"map(from: a)",4096,64,304,0,1,1218,0,1525.747776031
3,"map(from: a)",4096,64,304,0,1,44,0,262.856483459
3,"map(from: a)",4096,64,304,0,1,71,0,291.395187378
3,"map(from: a)",4096,64,304,0,1,114,0,339.043140411
3,"map(from: a)",4096,64,304,0,1,294,0,529.754161835
3,"map(from: a)",4096,64,304,0,1,7,0,221.395492554
3,"map(from: a)",4096,64,304,0,1,183,0,410.604476929
3,"map(from: a)",4096,64,304,0,1,8096,0,9005.904197693
3,"map(from: a)",4096,64,304,0,1,472,0,720.453262329
3,"map(from: a)",4096,64,304,0,1,1955,0,2323.448657990
3,"map(from: a)",4096,64,304,0,1,3,0,217.556953430
3,"map(from: a)",4096,64,304,0,1,5042,0,5669.999122620
3,"map(from: a)",4096,64,304,0,2,3,0,217.497348785
3,"map(from: a)",4096,64,304,0,2,44,0,262.606143951
3,"map(from: a)",4096,64,304,0,2,1,0,215.399265289
3,"map(from: a)",4096,64,304,0,2,183,0,412.750244141
3,"map(from: a)",4096,64,304,0,2,294,0,532.007217407
3,"map(from: a)",4096,64,304,0,2,5042,0,5613.708496094
3,"map(from: a)",4096,64,304,0,2,7,0,221.300125122
3,"map(from: a)",4096,64,304,0,2,8096,0,8977.854251862
3,"map(from: a)",4096,64,304,0,2,2,0,238.990783691
3,"map(from: a)",4096,64,304,0,2,114,0,347.745418549
3,"map(from: a)",4096,64,304,0,2,71,0,296.401977539
3,"map(from: a)",4096,64,304,0,2,1955,0,2348.709106445
3,"map(from: a)",4096,64,304,0,2,17,0,234.293937683
3,"map(from: a)",4096,64,304,0,2,472,0,723.648071289
3,"map(from: a)",4096,64,304,0,2,11,0,226.294994354
3,"map(from: a)",4096,64,304,0,2,1218,0,1539.158821106
3,"map(from: a)",4096,64,304,0,2,4,0,219.953060150
3,"map(from: a)",4096,64,304,0,2,3140,0,3626.000881195
3,"map(from: a)",4096,64,304,0,2,758,0,1031.553745270
3,"map(from: a)",4096,64,304,0,2,28,0,244.951248169
3,"map(from: a)",4096,64,304,0,3,11,0,226.449966431
3,"map(from: a)",4096,64,304,0,3,4,0,218.749046326
3,"map(from: a)",4096,64,304,0,3,5042,0,5643.749237061
3,"map(from: a)",4096,64,304,0,3,183,0,412.797927856
3,"map(from: a)",4096,64,304,0,3,17,0,233.852863312
3,"map(from: a)",4096,64,304,0,3,3,0,216.901302338
3,"map(from: a)",4096,64,304,0,3,28,0,244.498252869
3,"map(from: a)",4096,64,304,0,3,1218,0,1537.060737610
3,"map(from: a)",4096,64,304,0,3,114,0,337.040424347
3,"map(from: a)",4096,64,304,0,3,758,0,1031.899452209
3,"map(from: a)",4096,64,304,0,3,1955,0,2312.242984772
3,"map(from: a)",4096,64,304,0,3,472,0,728.142261505
3,"map(from: a)",4096,64,304,0,3,7,0,221.097469330
3,"map(from: a)",4096,64,304,0,3,44,0,263.094902039
3,"map(from: a)",4096,64,304,0,3,3140,0,3588.891029358
3,"map(from: a)",4096,64,304,0,3,8096,0,8981.955051422
3,"map(from: a)",4096,64,304,0,3,71,0,292.694568634
3,"map(from: a)",4096,64,304,0,3,1,0,215.947628021
3,"map(from: a)",4096,64,304,0,3,2,0,216.150283813
3,"map(from: a)",4096,64,304,0,3,294,0,532.650947571
3,"map(from: a)",4096,64,304,0,4,3,0,217.008590698
3,"map(from: a)",4096,64,304,0,4,8096,0,8893.144130707
3,"map(from: a)",4096,64,304,0,4,1,0,215.947628021
3,"map(from: a)",4096,64,304,0,4,28,0,245.094299316
3,"map(from: a)",4096,64,304,0,4,17,0,234.401226044
3,"map(from: a)",4096,64,304,0,4,5042,0,5651.545524597
3,"map(from: a)",4096,64,304,0,4,7,0,221.753120422
3,"map(from: a)",4096,64,304,0,4,114,0,338.900089264
3,"map(from: a)",4096,64,304,0,4,44,0,263.202190399
3,"map(from: a)",4096,64,304,0,4,2,0,215.494632721
3,"map(from: a)",4096,64,304,0,4,294,0,529.348850250
3,"map(from: a)",4096,64,304,0,4,758,0,1037.502288818
3,"map(from: a)",4096,64,304,0,4,183,0,411.951541901
3,"map(from: a)",4096,64,304,0,4,4,0,219.345092773
3,"map(from: a)",4096,64,304,0,4,1218,0,1526.296138763
3,"map(from: a)",4096,64,304,0,4,71,0,291.991233826
3,"map(from: a)",4096,64,304,0,4,1955,0,2326.798439026
3,"map(from: a)",4096,64,304,0,4,11,0,226.306915283
3,"map(from: a)",4096,64,304,0,4,472,0,722.301006317
3,"map(from: a)",4096,64,304,0,4,3140,0,3615.951538086
3,"map(from: a)",4096,64,304,1,0,2,0,215.804576874
3,"map(from: a)",4096,64,304,1,0,4,0,219.154357910
3,"map(from: a)",4096,64,304,1,0,472,0,720.608234406
3,"map(from: a)",4096,64,304,1,0,3140,0,3629.004955292
3,"map(from: a)",4096,64,304,1,0,183,0,411.295890808
3,"map(from: a)",4096,64,304,1,0,28,0,244.843959808
3,"map(from: a)",4096,64,304,1,0,71,0,290.799140930
3,"map(from: a)",4096,64,304,1,0,1218,0,1538.646221161
3,"map(from: a)",4096,64,304,1,0,294,0,529.944896698
3,"map(from: a)",4096,64,304,1,0,1,0,215.697288513
3,"map(from: a)",4096,64,304,1,0,7,0,221.443176270
3,"map(from: a)",4096,64,304,1,0,1955,0,2337.408065796
3,"map(from: a)",4096,64,304,1,0,758,0,1033.151149750
3,"map(from: a)",4096,64,304,1,0,114,0,337.946414948
3,"map(from: a)",4096,64,304,1,0,11,0,226.902961731
3,"map(from: a)",4096,64,304,1,0,3,0,216.996669769
3,"map(from: a)",4096,64,304,1,0,8096,0,8942.747116089
3,"map(from: a)",4096,64,304,1,0,44,0,267.350673676
3,"map(from: a)",4096,64,304,1,0,17,0,236.594676971
3,"map(from: a)",4096,64,304,1,0,5042,0,5684.447288513
3,"map(from: a)",4096,64,304,1,1,758,0,1027.858257294
3,"map(from: a)",4096,64,304,1,1,3,0,216.853618622
3,"map(from: a)",4096,64,304,1,1,3140,0,3579.151630402
3,"map(from: a)",4096,64,304,1,1,1955,0,2345.943450928
3,"map(from: a)",4096,64,304,1,1,44,0,262.856483459
3,"map(from: a)",4096,64,304,1,1,17,0,234.401226044
3,"map(from: a)",4096,64,304,1,1,294,0,546.097755432
3,"map(from: a)",4096,64,304,1,1,28,0,250.399112701
3,"map(from: a)",4096,64,304,1,1,114,0,340.402126312
3,"map(from: a)",4096,64,304,1,1,2,0,216.805934906
3,"map(from: a)",4096,64,304,1,1,7,0,221.550464630
3,"map(from: a)",4096,64,304,1,1,183,0,412.499904633
3,"map(from: a)",4096,64,304,1,1,8096,0,8938.694000244
3,"map(from: a)",4096,64,304,1,1,11,0,226.497650146
3,"map(from: a)",4096,64,304,1,1,1,0,215.649604797
3,"map(from: a)",4096,64,304,1,1,1218,0,1533.257961273
3,"map(from: a)",4096,64,304,1,1,472,0,724.148750305
3,"map(from: a)",4096,64,304,1,1,71,0,291.597843170
3,"map(from: a)",4096,64,304,1,1,5042,0,5615.496635437
3,"map(from: a)",4096,64,304,1,1,4,0,219.094753265
3,"map(from: a)",4096,64,304,1,2,2,0,215.399265289
3,"map(from: a)",4096,64,304,1,2,71,0,291.645526886
3,"map(from: a)",4096,64,304,1,2,17,0,234.103202820
3,"map(from: a)",4096,64,304,1,2,472,0,727.593898773
3,"map(from: a)",4096,64,304,1,2,5042,0,5621.600151062
3,"map(from: a)",4096,64,304,1,2,28,0,244.891643524
3,"map(from: a)",4096,64,304,1,2,44,0,263.297557831
3,"map(from: a)",4096,64,304,1,2,1218,0,1533.150672913
3,"map(from: a)",4096,64,304,1,2,4,0,219.154357910
3,"map(from: a)",4096,64,304,1,2,1955,0,2314.853668213
3,"map(from: a)",4096,64,304,1,2,183,0,412.690639496
3,"map(from: a)",4096,64,304,1,2,7,0,221.693515778
3,"map(from: a)",4096,64,304,1,2,758,0,1031.899452209
3,"map(from: a)",4096,64,304,1,2,1,0,215.458869934
3,"map(from: a)",4096,64,304,1,2,3140,0,3593.146800995
3,"map(from: a)",4096,64,304,1,2,8096,0,8979.892730713
3,"map(from: a)",4096,64,304,1,2,3,0,216.901302338
3,"map(from: a)",4096,64,304,1,2,114,0,338.101387024
3,"map(from: a)",4096,64,304,1,2,11,0,226.199626923
3,"map(from: a)",4096,64,304,1,2,294,0,534.152984619
3,"map(from: a)",4096,64,304,1,3,1,0,215.554237366
3,"map(from: a)",4096,64,304,1,3,17,0,234.198570251
3,"map(from: a)",4096,64,304,1,3,294,0,530.004501343
3,"map(from: a)",4096,64,304,1,3,5042,0,5691.254138947
3,"map(from: a)",4096,64,304,1,3,114,0,337.994098663
3,"map(from: a)",4096,64,304,1,3,28,0,244.998931885
3,"map(from: a)",4096,64,304,1,3,1218,0,1522.302627563
3,"map(from: a)",4096,64,304,1,3,2,0,215.649604797
3,"map(from: a)",4096,64,304,1,3,3,0,217.008590698
3,"map(from: a)",4096,64,304,1,3,4,0,219.297409058
3,"map(from: a)",4096,64,304,1,3,758,0,1029.598712921
3,"map(from: a)",4096,64,304,1,3,11,0,226.354598999
3,"map(from: a)",4096,64,304,1,3,44,0,263.094902039
3,"map(from: a)",4096,64,304,1,3,472,0,722.146034241
3,"map(from: a)",4096,64,304,1,3,7,0,221.395492554
3,"map(from: a)",4096,64,304,1,3,1955,0,2346.205711365
3,"map(from: a)",4096,64,304,1,3,71,0,292.003154755
3,"map(from: a)",4096,64,304,1,3,183,0,413.191318512
3,"map(from: a)",4096,64,304,1,3,8096,0,8864.545822144
3,"map(from: a)",4096,64,304,1,3,3140,0,3640.556335449
3,"map(from: a)",4096,64,304,1,4,472,0,721.144676208
3,"map(from: a)",4096,64,304,1,4,71,0,292.146205902
3,"map(from: a)",4096,64,304,1,4,1,0,215.852260590
3,"map(from: a)",4096,64,304,1,4,11,0,226.259231567
3,"map(from: a)",4096,64,304,1,4,4,0,219.297409058
3,"map(from: a)",4096,64,304,1,4,3140,0,3585.553169250
3,"map(from: a)",4096,64,304,1,4,28,0,245.404243469
3,"map(from: a)",4096,64,304,1,4,1218,0,1532.602310181
3,"map(from: a)",4096,64,304,1,4,2,0,216.150283813
3,"map(from: a)",4096,64,304,1,4,183,0,427.639484406
3,"map(from: a)",4096,64,304,1,4,5042,0,5633.497238159
3,"map(from: a)",4096,64,304,1,4,114,0,339.353084564
3,"map(from: a)",4096,64,304,1,4,3,0,217.247009277
3,"map(from: a)",4096,64,304,1,4,44,0,263.047218323
3,"map(from: a)",4096,64,304,1,4,758,0,1024.556159973
3,"map(from: a)",4096,64,304,1,4,8096,0,9002.900123596
3,"map(from: a)",4096,64,304,1,4,1955,0,2315.151691437
3,"map(from: a)",4096,64,304,1,4,294,0,533.139705658
3,"map(from: a)",4096,64,304,1,4,7,0,221.204757690
3,"map(from: a)",4096,64,304,1,4,17,0,233.948230743
3,"map(from: a)",16384,64,304,0,0,7,0,229.299068451
3,"map(from: a)",16384,64,304,0,0,114,0,336.301326752
3,"map(from: a)",16384,64,304,0,0,3,0,215.506553650
3,"map(from: a)",16384,64,304,0,0,17,0,232.493877411
3,"map(from: a)",16384,64,304,0,0,1,0,213.944911957
3,"map(from: a)",16384,64,304,0,0,44,0,261.390209198
3,"map(from: a)",16384,64,304,0,0,294,0,529.801845551
3,"map(from: a)",16384,64,304,0,0,3140,0,3638.994693756
3,"map(from: a)",16384,64,304,0,0,4,0,217.902660370
3,"map(from: a)",16384,64,304,0,0,1955,0,2338.600158691
3,"map(from: a)",16384,64,304,0,0,183,0,410.389900208
3,"map(from: a)",16384,64,304,0,0,8096,0,9034.299850464
3,"map(from: a)",16384,64,304,0,0,758,0,1027.190685272
3,"map(from: a)",16384,64,304,0,0,71,0,290.596485138
3,"map(from: a)",16384,64,304,0,0,2,0,214.004516602
3,"map(from: a)",16384,64,304,0,0,11,0,224.697589874
3,"map(from: a)",16384,64,304,0,0,28,0,243.294239044
3,"map(from: a)",16384,64,304,0,0,5042,0,5647.599697113
3,"map(from: a)",16384,64,304,0,0,1218,0,1527.404785156
3,"map(from: a)",16384,64,304,0,0,472,0,725.197792053
3,"map(from: a)",16384,64,304,0,1,4,0,217.401981354
3,"map(from: a)",16384,64,304,0,1,1,0,214.004516602
3,"map(from: a)",16384,64,304,0,1,17,0,232.350826263
3,"map(from: a)",16384,64,304,0,1,28,0,243.699550629
3,"map(from: a)",16384,64,304,0,1,11,0,224.757194519
3,"map(from: a)",16384,64,304,0,1,3140,0,3609.848022461
3,"map(from: a)",16384,64,304,0,1,2,0,213.789939880
3,"map(from: a)",16384,64,304,0,1,758,0,1041.400432587
3,"map(from: a)",16384,64,304,0,1,1218,0,1629.042625427
3,"map(from: a)",16384,64,304,0,1,44,0,261.652469635
3,"map(from: a)",16384,64,304,0,1,71,0,290.191173553
3,"map(from: a)",16384,64,304,0,1,114,0,337.946414948
3,"map(from: a)",16384,64,304,0,1,294,0,528.848171234
3,"map(from: a)",16384,64,304,0,1,7,0,219.905376434
3,"map(from: a)",16384,64,304,0,1,183,0,410.199165344
3,"map(from: a)",16384,64,304,0,1,8096,0,9011.602401733
3,"map(from: a)",16384,64,304,0,1,472,0,723.195075989
3,"map(from: a)",16384,64,304,0,1,1955,0,2323.246002197
3,"map(from: a)",16384,64,304,0,1,3,0,215.494632721
3,"map(from: a)",16384,64,304,0,1,5042,0,5689.048767090
3,"map(from: a)",16384,64,304,0,2,3,0,215.649604797
3,"map(from: a)",16384,64,304,0,2,44,0,261.592864990
3,"map(from: a)",16384,64,304,0,2,1,0,213.849544525
3,"map(from: a)",16384,64,304,0,2,183,0,413.000583649
3,"map(from: a)",16384,64,304,0,2,294,0,529.909133911
3,"map(from: a)",16384,64,304,0,2,5042,0,5672.252178192
3,"map(from: a)",16384,64,304,0,2,7,0,220.060348511
3,"map(from: a)",16384,64,304,0,2,8096,0,9034.895896912
3,"map(from: a)",16384,64,304,0,2,2,0,213.897228241
3,"map(from: a)",16384,64,304,0,2,114,0,337.493419647
3,"map(from: a)",16384,64,304,0,2,71,0,290.048122406
3,"map(from: a)",16384,64,304,0,2,1955,0,2352.249622345
3,"map(from: a)",16384,64,304,0,2,17,0,232.446193695
3,"map(from: a)",16384,64,304,0,2,472,0,721.502304077
3,"map(from: a)",16384,64,304,0,2,11,0,224.995613098
3,"map(from: a)",16384,64,304,0,2,1218,0,1533.389091492
3,"map(from: a)",16384,64,304,0,2,4,0,217.497348785
3,"map(from: a)",16384,64,304,0,2,3140,0,3600.609302521
3,"map(from: a)",16384,64,304,0,2,758,0,1031.148433685
3,"map(from: a)",16384,64,304,0,2,28,0,243.306159973
3,"map(from: a)",16384,64,304,0,3,11,0,224.840641022
3,"map(from: a)",16384,64,304,0,3,4,0,217.354297638
3,"map(from: a)",16384,64,304,0,3,5042,0,5641.198158264
3,"map(from: a)",16384,64,304,0,3,183,0,413.703918457
3,"map(from: a)",16384,64,304,0,3,17,0,232.493877411
3,"map(from: a)",16384,64,304,0,3,3,0,215.506553650
3,"map(from: a)",16384,64,304,0,3,28,0,242.996215820
3,"map(from: a)",16384,64,304,0,3,1218,0,1541.304588318
3,"map(from: a)",16384,64,304,0,3,114,0,337.100028992
3,"map(from: a)",16384,64,304,0,3,758,0,1031.696796417
3,"map(from: a)",16384,64,304,0,3,1955,0,2328.646183014
3,"map(from: a)",16384,64,304,0,3,472,0,726.795196533
3,"map(from: a)",16384,64,304,0,3,7,0,220.310688019
3,"map(from: a)",16384,64,304,0,3,44,0,261.402130127
3,"map(from: a)",16384,64,304,0,3,3140,0,3613.448143005
3,"map(from: a)",16384,64,304,0,3,8096,0,8997.750282288
3,"map(from: a)",16384,64,304,0,3,71,0,290.846824646
3,"map(from: a)",16384,64,304,0,3,1,0,213.909149170
3,"map(from: a)",16384,64,304,0,3,2,0,213.849544525
3,"map(from: a)",16384,64,304,0,3,294,0,532.853603363
3,"map(from: a)",16384,64,304,0,4,3,0,215.601921082
3,"map(from: a)",16384,64,304,0,4,8096,0,8959.591388702
3,"map(from: a)",16384,64,304,0,4,1,0,214.147567749
3,"map(from: a)",16384,64,304,0,4,28,0,243.604183197
3,"map(from: a)",16384,64,304,0,4,17,0,232.398509979
3,"map(from: a)",16384,64,304,0,4,5042,0,5668.592453003
3,"map(from: a)",16384,64,304,0,4,7,0,219.905376434
3,"map(from: a)",16384,64,304,0,4,114,0,337.803363800
3,"map(from: a)",16384,64,304,0,4,44,0,261.807441711
3,"map(from: a)",16384,64,304,0,4,2,0,213.909149170
3,"map(from: a)",16384,64,304,0,4,294,0,530.195236206
3,"map(from: a)",16384,64,304,0,4,758,0,1034.355163574
3,"map(from: a)",16384,64,304,0,4,183,0,411.295890808
3,"map(from: a)",16384,64,304,0,4,4,0,217.306613922
3,"map(from: a)",16384,64,304,0,4,1218,0,1528.096199036
3,"map(from: a)",16384,64,304,0,4,71,0,290.846824646
3,"map(from: a)",16384,64,304,0,4,1955,0,2333.545684814
3,"map(from: a)",16384,64,304,0,4,11,0,224.959850311
3,"map(from: a)",16384,64,304,0,4,472,0,721.251964569
3,"map(from: a)",16384,64,304,0,4,3140,0,3644.955158234
3,"map(from: a)",16384,64,304,1,0,2,0,214.040279388
3,"map(from: a)",16384,64,304,1,0,4,0,217.592716217
3,"map(from: a)",16384,64,304,1,0,472,0,719.606876373
3,"map(from: a)",16384,64,304,1,0,3140,0,3651.750087738
3,"map(from: a)",16384,64,304,1,0,183,0,410.950183868
3,"map(from: a)",16384,64,304,1,0,28,0,243.055820465
3,"map(from: a)",16384,64,304,1,0,71,0,290.501117706
3,"map(from: a)",16384,64,304,1,0,1218,0,1536.250114441
3,"map(from: a)",16384,64,304,1,0,294,0,532.293319702
3,"map(from: a)",16384,64,304,1,0,1,0,213.801860809
3,"map(from: a)",16384,64,304,1,0,7,0,220.096111298
3,"map(from: a)",16384,64,304,1,0,1955,0,2345.347404480
3,"map(from: a)",16384,64,304,1,0,758,0,1033.651828766
3,"map(from: a)",16384,64,304,1,0,114,0,337.052345276
3,"map(from: a)",16384,64,304,1,0,11,0,224.745273590
3,"map(from: a)",16384,64,304,1,0,3,0,215.351581573
3,"map(from: a)",16384,64,304,1,0,8096,0,8934.795856476
3,"map(from: a)",16384,64,304,1,0,44,0,261.795520782
3,"map(from: a)",16384,64,304,1,0,17,0,232.410430908
3,"map(from: a)",16384,64,304,1,0,5042,0,5713.999271393
3,"map(from: a)",16384,64,304,1,1,758,0,1028.358936310
3,"map(from: a)",16384,64,304,1,1,3,0,215.601921082
3,"map(from: a)",16384,64,304,1,1,3140,0,3595.101833344
3,"map(from: a)",16384,64,304,1,1,1955,0,2354.753017426
3,"map(from: a)",16384,64,304,1,1,44,0,261.700153351
3,"map(from: a)",16384,64,304,1,1,17,0,232.458114624
3,"map(from: a)",16384,64,304,1,1,294,0,530.493259430
3,"map(from: a)",16384,64,304,1,1,28,0,243.496894836
3,"map(from: a)",16384,64,304,1,1,114,0,336.599349976
3,"map(from: a)",16384,64,304,1,1,2,0,214.099884033
3,"map(from: a)",16384,64,304,1,1,7,0,220.251083374
3,"map(from: a)",16384,64,304,1,1,183,0,411.748886108
3,"map(from: a)",16384,64,304,1,1,8096,0,8948.993682861
3,"map(from: a)",16384,64,304,1,1,11,0,224.745273590
3,"map(from: a)",16384,64,304,1,1,1,0,213.956832886
3,"map(from: a)",16384,64,304,1,1,1218,0,1540.303230286
3,"map(from: a)",16384,64,304,1,1,472,0,720.894336700
3,"map(from: a)",16384,64,304,1,1,71,0,290.489196777
3,"map(from: a)",16384,64,304,1,1,5042,0,5633.544921875
3,"map(from: a)",16384,64,304,1,1,4,0,218.200683594
3,"map(from: a)",16384,64,304,1,2,2,0,213.849544525
3,"map(from: a)",16384,64,304,1,2,71,0,290.048122406
3,"map(from: a)",16384,64,304,1,2,17,0,232.446193695
3,"map(from: a)",16384,64,304,1,2,472,0,724.995136261
3,"map(from: a)",16384,64,304,1,2,5042,0,5669.653415680
3,"map(from: a)",16384,64,304,1,2,28,0,243.091583252
3,"map(from: a)",16384,64,304,1,2,44,0,261.747837067
3,"map(from: a)",16384,64,304,1,2,1218,0,1533.806324005
3,"map(from: a)",16384,64,304,1,2,4,0,217.545032501
3,"map(from: a)",16384,64,304,1,2,1955,0,2327.501773834
3,"map(from: a)",16384,64,304,1,2,183,0,410.699844360
3,"map(from: a)",16384,64,304,1,2,7,0,219.953060150
3,"map(from: a)",16384,64,304,1,2,758,0,1030.004024506
3,"map(from: a)",16384,64,304,1,2,1,0,214.040279388
3,"map(from: a)",16384,64,304,1,2,3140,0,3591.656684875
3,"map(from: a)",16384,64,304,1,2,8096,0,9035.348892212
3,"map(from: a)",16384,64,304,1,2,3,0,215.351581573
3,"map(from: a)",16384,64,304,1,2,114,0,336.754322052
3,"map(from: a)",16384,64,304,1,2,11,0,224.947929382
3,"map(from: a)",16384,64,304,1,2,294,0,533.199310303
3,"map(from: a)",16384,64,304,1,3,1,0,213.801860809
3,"map(from: a)",16384,64,304,1,3,17,0,232.350826263
3,"map(from: a)",16384,64,304,1,3,294,0,531.589984894
3,"map(from: a)",16384,64,304,1,3,5042,0,5681.955814362
3,"map(from: a)",16384,64,304,1,3,114,0,336.897373199
3,"map(from: a)",16384,64,304,1,3,28,0,243.151187897
3,"map(from: a)",16384,64,304,1,3,1218,0,1527.845859528
3,"map(from: a)",16384,64,304,1,3,2,0,213.992595673
3,"map(from: a)",16384,64,304,1,3,3,0,215.399265289
3,"map(from: a)",16384,64,304,1,3,4,0,217.294692993
3,"map(from: a)",16384,64,304,1,3,758,0,1027.643680573
3,"map(from: a)",16384,64,304,1,3,11,0,224.995613098
3,"map(from: a)",16384,64,304,1,3,44,0,261.497497559
3,"map(from: a)",16384,64,304,1,3,472,0,723.099708557
3,"map(from: a)",16384,64,304,1,3,7,0,219.941139221
3,"map(from: a)",16384,64,304,1,3,1955,0,2359.342575073
3,"map(from: a)",16384,64,304,1,3,71,0,290.310382843
3,"map(from: a)",16384,64,304,1,3,183,0,411.045551300
3,"map(from: a)",16384,64,304,1,3,8096,0,8927.547931671
3,"map(from: a)",16384,64,304,1,3,3140,0,3632.998466492
3,"map(from: a)",16384,64,304,1,4,472,0,724.291801453
3,"map(from: a)",16384,64,304,1,4,71,0,290.060043335
3,"map(from: a)",16384,64,304,1,4,1,0,213.801860809
3,"map(from: a)",16384,64,304,1,4,11,0,224.852561951
3,"map(from: a)",16384,64,304,1,4,4,0,217.604637146
3,"map(from: a)",16384,64,304,1,4,3140,0,3602.302074432
3,"map(from: a)",16384,64,304,1,4,28,0,243.294239044
3,"map(from: a)",16384,64,304,1,4,1218,0,1536.500453949
3,"map(from: a)",16384,64,304,1,4,2,0,214.552879333
3,"map(from: a)",16384,64,304,1,4,183,0,415.706634521
3,"map(from: a)",16384,64,304,1,4,5042,0,5630.350112915
3,"map(from: a)",16384,64,304,1,4,114,0,340.056419373
3,"map(from: a)",16384,64,304,1,4,3,0,215.792655945
3,"map(from: a)",16384,64,304,1,4,44,0,261.998176575
3,"map(from: a)",16384,64,304,1,4,758,0,1026.690006256
3,"map(from: a)",16384,64,304,1,4,8096,0,9031.057357788
3,"map(from: a)",16384,64,304,1,4,1955,0,2329.254150391
3,"map(from: a)",16384,64,304,1,4,294,0,529.742240906
3,"map(from: a)",16384,64,304,1,4,7,0,220.203399658
3,"map(from: a)",16384,64,304,1,4,17,0,232.553482056
3,"map(from: a)",65536,64,304,0,0,7,0,233.852863312
3,"map(from: a)",65536,64,304,0,0,114,0,343.954563141
3,"map(from: a)",65536,64,304,0,0,3,0,223.100185394
3,"map(from: a)",65536,64,304,0,0,17,0,240.504741669
3,"map(from: a)",65536,64,304,0,0,1,0,221.645832062
3,"map(from: a)",65536,64,304,0,0,44,0,269.699096680
3,"map(from: a)",65536,64,304,0,0,294,0,536.191463470
3,"map(from: a)",65536,64,304,0,0,3140,0,3654.849529266
3,"map(from: a)",65536,64,304,0,0,4,0,225.305557251
3,"map(from: a)",65536,64,304,0,0,1955,0,2346.003055573
3,"map(from: a)",65536,64,304,0,0,183,0,417.447090149
3,"map(from: a)",65536,64,304,0,0,8096,0,9030.652046204
3,"map(from: a)",65536,64,304,0,0,758,0,1037.049293518
3,"map(from: a)",65536,64,304,0,0,71,0,297.701358795
3,"map(from: a)",65536,64,304,0,0,2,0,221.741199493
3,"map(from: a)",65536,64,304,0,0,11,0,232.350826263
3,"map(from: a)",65536,64,304,0,0,28,0,251.197814941
3,"map(from: a)",65536,64,304,0,0,5042,0,5645.048618317
3,"map(from: a)",65536,64,304,0,0,1218,0,1532.948017120
3,"map(from: a)",65536,64,304,0,0,472,0,732.553005219
3,"map(from: a)",65536,64,304,0,1,4,0,225.198268890
3,"map(from: a)",65536,64,304,0,1,1,0,221.955776215
3,"map(from: a)",65536,64,304,0,1,17,0,240.302085876
3,"map(from: a)",65536,64,304,0,1,28,0,251.543521881
3,"map(from: a)",65536,64,304,0,1,11,0,232.601165771
3,"map(from: a)",65536,64,304,0,1,3140,0,3630.042076111
3,"map(from: a)",65536,64,304,0,1,2,0,221.359729767
3,"map(from: a)",65536,64,304,0,1,758,0,1048.552989960
3,"map(from: a)",65536,64,304,0,1,1218,0,1528.406143188
3,"map(from: a)",65536,64,304,0,1,44,0,269.150733948
3,"map(from: a)",65536,64,304,0,1,71,0,297.808647156
3,"map(from: a)",65536,64,304,0,1,114,0,345.253944397
3,"map(from: a)",65536,64,304,0,1,294,0,539.052486420
3,"map(from: a)",65536,64,304,0,1,7,0,227.403640747
3,"map(from: a)",65536,64,304,0,1,183,0,418.949127197
3,"map(from: a)",65536,64,304,0,1,8096,0,9010.505676270
3,"map(from: a)",65536,64,304,0,1,472,0,731.599330902
3,"map(from: a)",65536,64,304,0,1,1955,0,2333.307266235
3,"map(from: a)",65536,64,304,0,1,3,0,223.052501678
3,"map(from: a)",65536,64,304,0,1,5042,0,5708.146095276
3,"map(from: a)",65536,64,304,0,2,3,0,229.156017303
3,"map(from: a)",65536,64,304,0,2,44,0,272.345542908
3,"map(from: a)",65536,64,304,0,2,1,0,222.849845886
3,"map(from: a)",65536,64,304,0,2,183,0,421.094894409
3,"map(from: a)",65536,64,304,0,2,294,0,537.204742432
3,"map(from: a)",65536,64,304,0,2,5042,0,5687.546730042
3,"map(from: a)",65536,64,304,0,2,7,0,227.701663971
3,"map(from: a)",65536,64,304,0,2,8096,0,9032.249450684
3,"map(from: a)",65536,64,304,0,2,2,0,221.502780914
3,"map(from: a)",65536,64,304,0,2,114,0,344.252586365
3,"map(from: a)",65536,64,304,0,2,71,0,298.202037811
3,"map(from: a)",65536,64,304,0,2,1955,0,2349.305152893
3,"map(from: a)",65536,64,304,0,2,17,0,240.349769592
3,"map(from: a)",65536,64,304,0,2,472,0,727.510452271
3,"map(from: a)",65536,64,304,0,2,11,0,232.493877411
3,"map(from: a)",65536,64,304,0,2,1218,0,1538.145542145
3,"map(from: a)",65536,64,304,0,2,4,0,225.400924683
3,"map(from: a)",65536,64,304,0,2,3140,0,3622.102737427
3,"map(from: a)",65536,64,304,0,2,758,0,1034.748554230
3,"map(from: a)",65536,64,304,0,2,28,0,251.293182373
3,"map(from: a)",65536,64,304,0,3,11,0,232.505798340
3,"map(from: a)",65536,64,304,0,3,4,0,225.198268890
3,"map(from: a)",65536,64,304,0,3,5042,0,5642.354488373
3,"map(from: a)",65536,64,304,0,3,183,0,421.154499054
3,"map(from: a)",65536,64,304,0,3,17,0,240.051746368
3,"map(from: a)",65536,64,304,0,3,3,0,223.255157471
3,"map(from: a)",65536,64,304,0,3,28,0,250.947475433
3,"map(from: a)",65536,64,304,0,3,1218,0,1540.195941925
3,"map(from: a)",65536,64,304,0,3,114,0,344.645977020
3,"map(from: a)",65536,64,304,0,3,758,0,1035.451889038
3,"map(from: a)",65536,64,304,0,3,1955,0,2343.308925629
3,"map(from: a)",65536,64,304,0,3,472,0,732.302665710
3,"map(from: a)",65536,64,304,0,3,7,0,228.142738342
3,"map(from: a)",65536,64,304,0,3,44,0,269.103050232
3,"map(from: a)",65536,64,304,0,3,3140,0,3614.091873169
3,"map(from: a)",65536,64,304,0,3,8096,0,9034.001827240
3,"map(from: a)",65536,64,304,0,3,71,0,298.345088959
3,"map(from: a)",65536,64,304,0,3,1,0,221.896171570
3,"map(from: a)",65536,64,304,0,3,2,0,221.693515778
3,"map(from: a)",65536,64,304,0,3,294,0,542.104244232
3,"map(from: a)",65536,64,304,0,4,3,0,223.195552826
3,"map(from: a)",65536,64,304,0,4,8096,0,8989.596366882
3,"map(from: a)",65536,64,304,0,4,1,0,222.957134247
3,"map(from: a)",65536,64,304,0,4,28,0,252.449512482
3,"map(from: a)",65536,64,304,0,4,17,0,240.206718445
3,"map(from: a)",65536,64,304,0,4,5042,0,5654.895305634
3,"map(from: a)",65536,64,304,0,4,7,0,227.999687195
3,"map(from: a)",65536,64,304,0,4,114,0,344.848632812
3,"map(from: a)",65536,64,304,0,4,44,0,269.591808319
3,"map(from: a)",65536,64,304,0,4,2,0,221.407413483
3,"map(from: a)",65536,64,304,0,4,294,0,538.396835327
3,"map(from: a)",65536,64,304,0,4,758,0,1042.997837067
3,"map(from: a)",65536,64,304,0,4,183,0,418.651103973
3,"map(from: a)",65536,64,304,0,4,4,0,225.102901459
3,"map(from: a)",65536,64,304,0,4,1218,0,1527.047157288
3,"map(from: a)",65536,64,304,0,4,71,0,298.655033112
3,"map(from: a)",65536,64,304,0,4,1955,0,2331.447601318
3,"map(from: a)",65536,64,304,0,4,11,0,232.958793640
3,"map(from: a)",65536,64,304,0,4,472,0,727.045536041
3,"map(from: a)",65536,64,304,0,4,3140,0,3662.145137787
3,"map(from: a)",65536,64,304,1,0,2,0,221.705436707
3,"map(from: a)",65536,64,304,1,0,4,0,225.102901459
3,"map(from: a)",65536,64,304,1,0,472,0,728.046894073
3,"map(from: a)",65536,64,304,1,0,3140,0,3642.308712006
3,"map(from: a)",65536,64,304,1,0,183,0,419.044494629
3,"map(from: a)",65536,64,304,1,0,28,0,251.150131226
3,"map(from: a)",65536,64,304,1,0,71,0,298.202037811
3,"map(from: a)",65536,64,304,1,0,1218,0,1538.002490997
3,"map(from: a)",65536,64,304,1,0,294,0,538.849830627
3,"map(from: a)",65536,64,304,1,0,1,0,221.490859985
3,"map(from: a)",65536,64,304,1,0,7,0,227.749347687
3,"map(from: a)",65536,64,304,1,0,1955,0,2357.053756714
3,"map(from: a)",65536,64,304,1,0,758,0,1036.047935486
3,"map(from: a)",65536,64,304,1,0,114,0,344.407558441
3,"map(from: a)",65536,64,304,1,0,11,0,232.601165771
3,"map(from: a)",65536,64,304,1,0,3,0,223.243236542
3,"map(from: a)",65536,64,304,1,0,8096,0,8922.839164734
3,"map(from: a)",65536,64,304,1,0,44,0,269.591808319
3,"map(from: a)",65536,64,304,1,0,17,0,240.540504456
3,"map(from: a)",65536,64,304,1,0,5042,0,5722.403526306
3,"map(from: a)",65536,64,304,1,1,758,0,1037.704944611
3,"map(from: a)",65536,64,304,1,1,3,0,223.195552826
3,"map(from: a)",65536,64,304,1,1,3140,0,3622.543811798
3,"map(from: a)",65536,64,304,1,1,1955,0,2349.400520325
3,"map(from: a)",65536,64,304,1,1,44,0,269.651412964
3,"map(from: a)",65536,64,304,1,1,17,0,240.147113800
3,"map(from: a)",65536,64,304,1,1,294,0,538.349151611
3,"map(from: a)",65536,64,304,1,1,28,0,251.150131226
3,"map(from: a)",65536,64,304,1,1,114,0,344.204902649
3,"map(from: a)",65536,64,304,1,1,2,0,221.490859985
3,"map(from: a)",65536,64,304,1,1,7,0,227.391719818
3,"map(from: a)",65536,64,304,1,1,183,0,420.892238617
3,"map(from: a)",65536,64,304,1,1,8096,0,8920.407295227
3,"map(from: a)",65536,64,304,1,1,11,0,232.601165771
3,"map(from: a)",65536,64,304,1,1,1,0,221.455097198
3,"map(from: a)",65536,64,304,1,1,1218,0,1548.242568970
3,"map(from: a)",65536,64,304,1,1,472,0,727.999210358
3,"map(from: a)",65536,64,304,1,1,71,0,297.856330872
3,"map(from: a)",65536,64,304,1,1,5042,0,5660.200119019
3,"map(from: a)",65536,64,304,1,1,4,0,225.543975830
3,"map(from: a)",65536,64,304,1,2,2,0,221.550464630
3,"map(from: a)",65536,64,304,1,2,71,0,297.594070435
3,"map(from: a)",65536,64,304,1,2,17,0,240.409374237
3,"map(from: a)",65536,64,304,1,2,472,0,731.801986694
3,"map(from: a)",65536,64,304,1,2,5042,0,5684.995651245
3,"map(from: a)",65536,64,304,1,2,28,0,255.751609802
3,"map(from: a)",65536,64,304,1,2,44,0,271.594524384
3,"map(from: a)",65536,64,304,1,2,1218,0,1543.760299683
3,"map(from: a)",65536,64,304,1,2,4,0,225.341320038
3,"map(from: a)",65536,64,304,1,2,1955,0,2345.752716064
3,"map(from: a)",65536,64,304,1,2,183,0,417.602062225
3,"map(from: a)",65536,64,304,1,2,7,0,227.701663971
3,"map(from: a)",65536,64,304,1,2,758,0,1034.808158875
3,"map(from: a)",65536,64,304,1,2,1,0,221.550464630
3,"map(from: a)",65536,64,304,1,2,3140,0,3606.951236725
3,"map(from: a)",65536,64,304,1,2,8096,0,9042.394161224
3,"map(from: a)",65536,64,304,1,2,3,0,223.302841187
3,"map(from: a)",65536,64,304,1,2,114,0,344.097614288
3,"map(from: a)",65536,64,304,1,2,11,0,232.756137848
3,"map(from: a)",65536,64,304,1,2,294,0,539.553165436
3,"map(from: a)",65536,64,304,1,3,1,0,221.908092499
3,"map(from: a)",65536,64,304,1,3,17,0,240.051746368
3,"map(from: a)",65536,64,304,1,3,294,0,538.444519043
3,"map(from: a)",65536,64,304,1,3,5042,0,5693.161487579
3,"map(from: a)",65536,64,304,1,3,114,0,344.347953796
3,"map(from: a)",65536,64,304,1,3,28,0,250.899791718
3,"map(from: a)",65536,64,304,1,3,1218,0,1526.904106140
3,"map(from: a)",65536,64,304,1,3,2,0,222.241878510
3,"map(from: a)",65536,64,304,1,3,3,0,223.350524902
3,"map(from: a)",65536,64,304,1,3,4,0,225.198268890
3,"map(from: a)",65536,64,304,1,3,758,0,1033.103466034
3,"map(from: a)",65536,64,304,1,3,11,0,232.601165771
3,"map(from: a)",65536,64,304,1,3,44,0,269.150733948
3,"map(from: a)",65536,64,304,1,3,472,0,729.608535767
3,"map(from: a)",65536,64,304,1,3,7,0,227.749347687
3,"map(from: a)",65536,64,304,1,3,1955,0,2357.494831085
3,"map(from: a)",65536,64,304,1,3,71,0,297.951698303
3,"map(from: a)",65536,64,304,1,3,183,0,417.804718018
3,"map(from: a)",65536,64,304,1,3,8096,0,8955.800533295
3,"map(from: a)",65536,64,304,1,3,3140,0,3635.001182556
3,"map(from: a)",65536,64,304,1,4,472,0,731.647014618
3,"map(from: a)",65536,64,304,1,4,71,0,297.701358795
3,"map(from: a)",65536,64,304,1,4,1,0,221.705436707
3,"map(from: a)",65536,64,304,1,4,11,0,232.553482056
3,"map(from: a)",65536,64,304,1,4,4,0,225.293636322
3,"map(from: a)",65536,64,304,1,4,3140,0,3629.493713379
3,"map(from: a)",65536,64,304,1,4,28,0,250.899791718
3,"map(from: a)",65536,64,304,1,4,1218,0,1545.202732086
3,"map(from: a)",65536,64,304,1,4,2,0,221.550464630
3,"map(from: a)",65536,64,304,1,4,183,0,419.259071350
3,"map(from: a)",65536,64,304,1,4,5042,0,5644.094944000
3,"map(from: a)",65536,64,304,1,4,114,0,345.408916473
3,"map(from: a)",65536,64,304,1,4,3,0,232.553482056
3,"map(from: a)",65536,64,304,1,4,44,0,278.854370117
3,"map(from: a)",65536,64,304,1,4,758,0,1040.697097778
3,"map(from: a)",65536,64,304,1,4,8096,0,8992.743492126
3,"map(from: a)",65536,64,304,1,4,1955,0,2346.038818359
3,"map(from: a)",65536,64,304,1,4,294,0,536.739826202
3,"map(from: a)",65536,64,304,1,4,7,0,227.701663971
3,"map(from: a)",65536,64,304,1,4,17,0,240.349769592
3,"map(from: a)",262144,64,304,0,0,7,0,269.258022308
3,"map(from: a)",262144,64,304,0,0,114,0,374.102592468
3,"map(from: a)",262144,64,304,0,0,3,0,253.045558929
3,"map(from: a)",262144,64,304,0,0,17,0,270.402431488
3,"map(from: a)",262144,64,304,0,0,1,0,251.698493958
3,"map(from: a)",262144,64,304,0,0,44,0,298.702716827
3,"map(from: a)",262144,64,304,0,0,294,0,565.493106842
3,"map(from: a)",262144,64,304,0,0,3140,0,3672.194480896
3,"map(from: a)",262144,64,304,0,0,4,0,255.393981934
3,"map(from: a)",262144,64,304,0,0,1955,0,2362.942695618
3,"map(from: a)",262144,64,304,0,0,183,0,447.845458984
3,"map(from: a)",262144,64,304,0,0,8096,0,8993.744850159
3,"map(from: a)",262144,64,304,0,0,758,0,1066.601276398
3,"map(from: a)",262144,64,304,0,0,71,0,328.254699707
3,"map(from: a)",262144,64,304,0,0,2,0,251.901149750
3,"map(from: a)",262144,64,304,0,0,11,0,262.904167175
3,"map(from: a)",262144,64,304,0,0,28,0,280.642509460
3,"map(from: a)",262144,64,304,0,0,5042,0,5680.656433105
3,"map(from: a)",262144,64,304,0,0,1218,0,1553.952693939
3,"map(from: a)",262144,64,304,0,0,472,0,763.201713562
3,"map(from: a)",262144,64,304,0,1,4,0,255.346298218
3,"map(from: a)",262144,64,304,0,1,1,0,251.758098602
3,"map(from: a)",262144,64,304,0,1,17,0,269.854068756
3,"map(from: a)",262144,64,304,0,1,28,0,281.047821045
3,"map(from: a)",262144,64,304,0,1,11,0,262.451171875
3,"map(from: a)",262144,64,304,0,1,3140,0,3643.751144409
3,"map(from: a)",262144,64,304,0,1,2,0,251.901149750
3,"map(from: a)",262144,64,304,0,1,758,0,1070.201396942
3,"map(from: a)",262144,64,304,0,1,1218,0,1559.293270111
3,"map(from: a)",262144,64,304,0,1,44,0,298.452377319
3,"map(from: a)",262144,64,304,0,1,71,0,327.897071838
3,"map(from: a)",262144,64,304,0,1,114,0,374.400615692
3,"map(from: a)",262144,64,304,0,1,294,0,567.650794983
3,"map(from: a)",262144,64,304,0,1,7,0,257.694721222
3,"map(from: a)",262144,64,304,0,1,183,0,447.499752045
3,"map(from: a)",262144,64,304,0,1,8096,0,9021.997451782
3,"map(from: a)",262144,64,304,0,1,472,0,757.992267609
3,"map(from: a)",262144,64,304,0,1,1955,0,2367.103099823
3,"map(from: a)",262144,64,304,0,1,3,0,253.260135651
3,"map(from: a)",262144,64,304,0,1,5042,0,5735.647678375
3,"map(from: a)",262144,64,304,0,2,3,0,263.202190399
3,"map(from: a)",262144,64,304,0,2,44,0,303.959846497
3,"map(from: a)",262144,64,304,0,2,1,0,254.249572754
3,"map(from: a)",262144,64,304,0,2,183,0,450.301170349
3,"map(from: a)",262144,64,304,0,2,294,0,567.007064819
3,"map(from: a)",262144,64,304,0,2,5042,0,5674.850940704
3,"map(from: a)",262144,64,304,0,2,7,0,257.849693298
3,"map(from: a)",262144,64,304,0,2,8096,0,8996.343612671
3,"map(from: a)",262144,64,304,0,2,2,0,252.151489258
3,"map(from: a)",262144,64,304,0,2,114,0,373.542308807
3,"map(from: a)",262144,64,304,0,2,71,0,328.004360199
3,"map(from: a)",262144,64,304,0,2,1955,0,2373.397350311
3,"map(from: a)",262144,64,304,0,2,17,0,270.199775696
3,"map(from: a)",262144,64,304,0,2,472,0,757.443904877
3,"map(from: a)",262144,64,304,0,2,11,0,262.451171875
3,"map(from: a)",262144,64,304,0,2,1218,0,1573.097705841
3,"map(from: a)",262144,64,304,0,2,4,0,255.596637726
3,"map(from: a)",262144,64,304,0,2,3140,0,3649.997711182
3,"map(from: a)",262144,64,304,0,2,758,0,1061.201095581
3,"map(from: a)",262144,64,304,0,2,28,0,280.809402466
3,"map(from: a)",262144,64,304,0,3,11,0,262.594223022
3,"map(from: a)",262144,64,304,0,3,4,0,255.346298218
3,"map(from: a)",262144,64,304,0,3,5042,0,5669.200420380
3,"map(from: a)",262144,64,304,0,3,183,0,449.645519257
3,"map(from: a)",262144,64,304,0,3,17,0,270.056724548
3,"map(from: a)",262144,64,304,0,3,3,0,253.653526306
3,"map(from: a)",262144,64,304,0,3,28,0,280.642509460
3,"map(from: a)",262144,64,304,0,3,1218,0,1563.704013824
3,"map(from: a)",262144,64,304,0,3,114,0,374.400615692
3,"map(from: a)",262144,64,304,0,3,758,0,1061.904430389
3,"map(from: a)",262144,64,304,0,3,1955,0,2361.547946930
3,"map(from: a)",262144,64,304,0,3,472,0,761.902332306
3,"map(from: a)",262144,64,304,0,3,7,0,258.004665375
3,"map(from: a)",262144,64,304,0,3,44,0,298.750400543
3,"map(from: a)",262144,64,304,0,3,3140,0,3619.301319122
3,"map(from: a)",262144,64,304,0,3,8096,0,9046.399593353
3,"map(from: a)",262144,64,304,0,3,71,0,327.551364899
3,"map(from: a)",262144,64,304,0,3,1,0,251.948833466
3,"map(from: a)",262144,64,304,0,3,2,0,251.853466034
3,"map(from: a)",262144,64,304,0,3,294,0,570.201873779
3,"map(from: a)",262144,64,304,0,4,3,0,253.093242645
3,"map(from: a)",262144,64,304,0,4,8096,0,8950.948715210
3,"map(from: a)",262144,64,304,0,4,1,0,251.793861389
3,"map(from: a)",262144,64,304,0,4,28,0,280.559062958
3,"map(from: a)",262144,64,304,0,4,17,0,270.259380341
3,"map(from: a)",262144,64,304,0,4,5042,0,5664.849281311
3,"map(from: a)",262144,64,304,0,4,7,0,257.897377014
3,"map(from: a)",262144,64,304,0,4,114,0,374.543666840
3,"map(from: a)",262144,64,304,0,4,44,0,298.702716827
3,"map(from: a)",262144,64,304,0,4,2,0,251.758098602
3,"map(from: a)",262144,64,304,0,4,294,0,565.898418427
3,"map(from: a)",262144,64,304,0,4,758,0,1074.898242950
3,"map(from: a)",262144,64,304,0,4,183,0,447.309017181
3,"map(from: a)",262144,64,304,0,4,4,0,255.203247070
3,"map(from: a)",262144,64,304,0,4,1218,0,1550.197601318
3,"map(from: a)",262144,64,304,0,4,71,0,346.851348877
3,"map(from: a)",262144,64,304,0,4,1955,0,2355.444431305
3,"map(from: a)",262144,64,304,0,4,11,0,262.641906738
3,"map(from: a)",262144,64,304,0,4,472,0,756.800174713
3,"map(from: a)",262144,64,304,0,4,3140,0,3665.649890900
3,"map(from: a)",262144,64,304,1,0,2,0,251.948833466
3,"map(from: a)",262144,64,304,1,0,4,0,255.298614502
3,"map(from: a)",262144,64,304,1,0,472,0,758.647918701
3,"map(from: a)",262144,64,304,1,0,3140,0,3653.800487518
3,"map(from: a)",262144,64,304,1,0,183,0,448.501110077
3,"map(from: a)",262144,64,304,1,0,28,0,280.201435089
3,"map(from: a)",262144,64,304,1,0,71,0,327.599048615
3,"map(from: a)",262144,64,304,1,0,1218,0,1569.199562073
3,"map(from: a)",262144,64,304,1,0,294,0,566.852092743
3,"map(from: a)",262144,64,304,1,0,1,0,252.008438110
3,"map(from: a)",262144,64,304,1,0,7,0,257.754325867
3,"map(from: a)",262144,64,304,1,0,1955,0,2385.103702545
3,"map(from: a)",262144,64,304,1,0,758,0,1066.994667053
3,"map(from: a)",262144,64,304,1,0,114,0,379.204750061
3,"map(from: a)",262144,64,304,1,0,11,0,264.596939087
3,"map(from: a)",262144,64,304,1,0,3,0,253.653526306
3,"map(from: a)",262144,64,304,1,0,8096,0,8946.800231934
3,"map(from: a)",262144,64,304,1,0,44,0,299.048423767
3,"map(from: a)",262144,64,304,1,0,17,0,269.949436188
3,"map(from: a)",262144,64,304,1,0,5042,0,5702.090263367
3,"map(from: a)",262144,64,304,1,1,758,0,1066.648960114
3,"map(from: a)",262144,64,304,1,1,3,0,253.200531006
3,"map(from: a)",262144,64,304,1,1,3140,0,3642.749786377
3,"map(from: a)",262144,64,304,1,1,1955,0,2372.694015503
3,"map(from: a)",262144,64,304,1,1,44,0,298.750400543
3,"map(from: a)",262144,64,304,1,1,17,0,270.056724548
3,"map(from: a)",262144,64,304,1,1,294,0,566.351413727
3,"map(from: a)",262144,64,304,1,1,28,0,280.845165253
3,"map(from: a)",262144,64,304,1,1,114,0,373.339653015
3,"map(from: a)",262144,64,304,1,1,2,0,252.139568329
3,"map(from: a)",262144,64,304,1,1,7,0,257.849693298
3,"map(from: a)",262144,64,304,1,1,183,0,450.098514557
3,"map(from: a)",262144,64,304,1,1,8096,0,8922.743797302
3,"map(from: a)",262144,64,304,1,1,11,0,262.749195099
3,"map(from: a)",262144,64,304,1,1,1,0,252.103805542
3,"map(from: a)",262144,64,304,1,1,1218,0,1565.647125244
3,"map(from: a)",262144,64,304,1,1,472,0,759.255886078
3,"map(from: a)",262144,64,304,1,1,71,0,327.408313751
3,"map(from: a)",262144,64,304,1,1,5042,0,5678.451061249
3,"map(from: a)",262144,64,304,1,1,4,0,255.596637726
3,"map(from: a)",262144,64,304,1,2,2,0,251.901149750
3,"map(from: a)",262144,64,304,1,2,71,0,327.444076538
3,"map(from: a)",262144,64,304,1,2,17,0,269.854068756
3,"map(from: a)",262144,64,304,1,2,472,0,761.604309082
3,"map(from: a)",262144,64,304,1,2,5042,0,5665.802955627
3,"map(from: a)",262144,64,304,1,2,28,0,280.594825745
3,"map(from: a)",262144,64,304,1,2,44,0,298.702716827
3,"map(from: a)",262144,64,304,1,2,1218,0,1572.990417480
3,"map(from: a)",262144,64,304,1,2,4,0,255.501270294
3,"map(from: a)",262144,64,304,1,2,1955,0,2369.511127472
3,"map(from: a)",262144,64,304,1,2,183,0,446.951389313
3,"map(from: a)",262144,64,304,1,2,7,0,257.897377014
3,"map(from: a)",262144,64,304,1,2,758,0,1064.896583557
3,"map(from: a)",262144,64,304,1,2,1,0,252.044200897
3,"map(from: a)",262144,64,304,1,2,3140,0,3637.599945068
3,"map(from: a)",262144,64,304,1,2,8096,0,9007.298946381
3,"map(from: a)",262144,64,304,1,2,3,0,253.295898438
3,"map(from: a)",262144,64,304,1,2,114,0,373.542308807
3,"map(from: a)",262144,64,304,1,2,11,0,262.594223022
3,"map(from: a)",262144,64,304,1,2,294,0,569.057464600
3,"map(from: a)",262144,64,304,1,3,1,0,252.056121826
3,"map(from: a)",262144,64,304,1,3,17,0,270.056724548
3,"map(from: a)",262144,64,304,1,3,294,0,566.101074219
3,"map(from: a)",262144,64,304,1,3,5042,0,5744.147300720
3,"map(from: a)",262144,64,304,1,3,114,0,373.208522797
3,"map(from: a)",262144,64,304,1,3,28,0,280.547142029
3,"map(from: a)",262144,64,304,1,3,1218,0,1550.197601318
3,"map(from: a)",262144,64,304,1,3,2,0,252.258777618
3,"map(from: a)",262144,64,304,1,3,3,0,253.403186798
3,"map(from: a)",262144,64,304,1,3,4,0,255.346298218
3,"map(from: a)",262144,64,304,1,3,758,0,1062.846183777
3,"map(from: a)",262144,64,304,1,3,11,0,262.844562531
3,"map(from: a)",262144,64,304,1,3,44,0,299.000740051
3,"map(from: a)",262144,64,304,1,3,472,0,756.692886353
3,"map(from: a)",262144,64,304,1,3,7,0,257.992744446
3,"map(from: a)",262144,64,304,1,3,1955,0,2373.147010803
3,"map(from: a)",262144,64,304,1,3,71,0,327.944755554
3,"map(from: a)",262144,64,304,1,3,183,0,446.903705597
3,"map(from: a)",262144,64,304,1,3,8096,0,8954.048156738
3,"map(from: a)",262144,64,304,1,3,3140,0,3663.551807404
3,"map(from: a)",262144,64,304,1,4,472,0,756.907463074
3,"map(from: a)",262144,64,304,1,4,71,0,327.789783478
3,"map(from: a)",262144,64,304,1,4,1,0,251.650810242
3,"map(from: a)",262144,64,304,1,4,11,0,262.701511383
3,"map(from: a)",262144,64,304,1,4,4,0,255.346298218
3,"map(from: a)",262144,64,304,1,4,3140,0,3644.406795502
3,"map(from: a)",262144,64,304,1,4,28,0,280.451774597
3,"map(from: a)",262144,64,304,1,4,1218,0,1568.901538849
3,"map(from: a)",262144,64,304,1,4,2,0,251.901149750
3,"map(from: a)",262144,64,304,1,4,183,0,447.547435760
3,"map(from: a)",262144,64,304,1,4,5042,0,5678.141117096
3,"map(from: a)",262144,64,304,1,4,114,0,374.293327332
3,"map(from: a)",262144,64,304,1,4,3,0,253.307819366
3,"map(from: a)",262144,64,304,1,4,44,0,298.452377319
3,"map(from: a)",262144,64,304,1,4,758,0,1065.206527710
3,"map(from: a)",262144,64,304,1,4,8096,0,9012.103080750
3,"map(from: a)",262144,64,304,1,4,1955,0,2366.602420807
3,"map(from: a)",262144,64,304,1,4,294,0,566.649436951
3,"map(from: a)",262144,64,304,1,4,7,0,257.802009583
3,"map(from: a)",262144,64,304,1,4,17,0,270.199775696
3,"map(from: a)",1048576,64,304,0,0,7,0,378.549098969
3,"map(from: a)",1048576,64,304,0,0,114,0,465.857982635
3,"map(from: a)",1048576,64,304,0,0,3,0,343.501567841
3,"map(from: a)",1048576,64,304,0,0,17,0,362.443923950
3,"map(from: a)",1048576,64,304,0,0,1,0,342.047214508
3,"map(from: a)",1048576,64,304,0,0,44,0,389.444828033
3,"map(from: a)",1048576,64,304,0,0,294,0,661.301612854
3,"map(from: a)",1048576,64,304,0,0,3140,0,3765.141963959
3,"map(from: a)",1048576,64,304,0,0,4,0,345.504283905
3,"map(from: a)",1048576,64,304,0,0,1955,0,2456.402778625
3,"map(from: a)",1048576,64,304,0,0,183,0,540.256500244
3,"map(from: a)",1048576,64,304,0,0,8096,0,9137.642383575
3,"map(from: a)",1048576,64,304,0,0,758,0,1160.454750061
3,"map(from: a)",1048576,64,304,0,0,71,0,418.496131897
3,"map(from: a)",1048576,64,304,0,0,2,0,341.999530792
3,"map(from: a)",1048576,64,304,0,0,11,0,356.006622314
3,"map(from: a)",1048576,64,304,0,0,28,0,371.050834656
3,"map(from: a)",1048576,64,304,0,0,5042,0,5814.743041992
3,"map(from: a)",1048576,64,304,0,0,1218,0,1648.795604706
3,"map(from: a)",1048576,64,304,0,0,472,0,858.998298645
3,"map(from: a)",1048576,64,304,0,1,4,0,346.004962921
3,"map(from: a)",1048576,64,304,0,1,1,0,342.094898224
3,"map(from: a)",1048576,64,304,0,1,17,0,360.500812531
3,"map(from: a)",1048576,64,304,0,1,28,0,371.301174164
3,"map(from: a)",1048576,64,304,0,1,11,0,354.647636414
3,"map(from: a)",1048576,64,304,0,1,3140,0,3732.597827911
3,"map(from: a)",1048576,64,304,0,1,2,0,341.904163361
3,"map(from: a)",1048576,64,304,0,1,758,0,1163.995265961
3,"map(from: a)",1048576,64,304,0,1,1218,0,1660.060882568
3,"map(from: a)",1048576,64,304,0,1,44,0,389.254093170
3,"map(from: a)",1048576,64,304,0,1,71,0,419.998168945
3,"map(from: a)",1048576,64,304,0,1,114,0,466.346740723
3,"map(from: a)",1048576,64,304,0,1,294,0,658.845901489
3,"map(from: a)",1048576,64,304,0,1,7,0,348.103046417
3,"map(from: a)",1048576,64,304,0,1,183,0,538.802146912
3,"map(from: a)",1048576,64,304,0,1,8096,0,9196.496009827
3,"map(from: a)",1048576,64,304,0,1,472,0,849.843025208
3,"map(from: a)",1048576,64,304,0,1,1955,0,2473.092079163
3,"map(from: a)",1048576,64,304,0,1,3,0,343.346595764
3,"map(from: a)",1048576,64,304,0,1,5042,0,5852.007865906
3,"map(from: a)",1048576,64,304,0,2,3,0,345.098972321
3,"map(from: a)",1048576,64,304,0,2,44,0,389.504432678
3,"map(from: a)",1048576,64,304,0,2,1,0,342.142581940
3,"map(from: a)",1048576,64,304,0,2,183,0,540.840625763
3,"map(from: a)",1048576,64,304,0,2,294,0,660.455226898
3,"map(from: a)",1048576,64,304,0,2,5042,0,5785.059928894
3,"map(from: a)",1048576,64,304,0,2,7,0,347.697734833
3,"map(from: a)",1048576,64,304,0,2,8096,0,9139.800071716
3,"map(from: a)",1048576,64,304,0,2,2,0,341.749191284
3,"map(from: a)",1048576,64,304,0,2,114,0,465.154647827
3,"map(from: a)",1048576,64,304,0,2,71,0,418.353080750
3,"map(from: a)",1048576,64,304,0,2,1955,0,2491.199970245
3,"map(from: a)",1048576,64,304,0,2,17,0,362.157821655
3,"map(from: a)",1048576,64,304,0,2,472,0,852.346420288
3,"map(from: a)",1048576,64,304,0,2,11,0,354.206562042
3,"map(from: a)",1048576,64,304,0,2,1218,0,1669.394969940
3,"map(from: a)",1048576,64,304,0,2,4,0,345.456600189
3,"map(from: a)",1048576,64,304,0,2,3140,0,3754.854202271
3,"map(from: a)",1048576,64,304,0,2,758,0,1158.452033997
3,"map(from: a)",1048576,64,304,0,2,28,0,372.946262360
3,"map(from: a)",1048576,64,304,0,3,11,0,352.847576141
3,"map(from: a)",1048576,64,304,0,3,4,0,347.352027893
3,"map(from: a)",1048576,64,304,0,3,5042,0,5805.039405823
3,"map(from: a)",1048576,64,304,0,3,183,0,542.294979095
3,"map(from: a)",1048576,64,304,0,3,17,0,360.751152039
3,"map(from: a)",1048576,64,304,0,3,3,0,343.203544617
3,"map(from: a)",1048576,64,304,0,3,28,0,371.193885803
3,"map(from: a)",1048576,64,304,0,3,1218,0,1667.106151581
3,"map(from: a)",1048576,64,304,0,3,114,0,465.047359467
3,"map(from: a)",1048576,64,304,0,3,758,0,1161.599159241
3,"map(from: a)",1048576,64,304,0,3,1955,0,2451.646327972
3,"map(from: a)",1048576,64,304,0,3,472,0,857.591629028
3,"map(from: a)",1048576,64,304,0,3,7,0,349.402427673
3,"map(from: a)",1048576,64,304,0,3,44,0,391.304492950
3,"map(from: a)",1048576,64,304,0,3,3140,0,3731.358051300
3,"map(from: a)",1048576,64,304,0,3,8096,0,9178.960323334
3,"map(from: a)",1048576,64,304,0,3,71,0,418.949127197
3,"map(from: a)",1048576,64,304,0,3,1,0,343.394279480
3,"map(from: a)",1048576,64,304,0,3,2,0,341.951847076
3,"map(from: a)",1048576,64,304,0,3,294,0,661.361217499
3,"map(from: a)",1048576,64,304,0,4,3,0,343.346595764
3,"map(from: a)",1048576,64,304,0,4,8096,0,9061.849117279
3,"map(from: a)",1048576,64,304,0,4,1,0,341.892242432
3,"map(from: a)",1048576,64,304,0,4,28,0,371.158123016
3,"map(from: a)",1048576,64,304,0,4,17,0,360.453128815
3,"map(from: a)",1048576,64,304,0,4,5042,0,5800.902843475
3,"map(from: a)",1048576,64,304,0,4,7,0,347.995758057
3,"map(from: a)",1048576,64,304,0,4,114,0,466.847419739
3,"map(from: a)",1048576,64,304,0,4,44,0,389.647483826
3,"map(from: a)",1048576,64,304,0,4,2,0,341.844558716
3,"map(from: a)",1048576,64,304,0,4,294,0,657.641887665
3,"map(from: a)",1048576,64,304,0,4,758,0,1169.145107269
3,"map(from: a)",1048576,64,304,0,4,183,0,539.255142212
3,"map(from: a)",1048576,64,304,0,4,4,0,345.444679260
3,"map(from: a)",1048576,64,304,0,4,1218,0,1652.300357819
3,"map(from: a)",1048576,64,304,0,4,71,0,418.996810913
3,"map(from: a)",1048576,64,304,0,4,1955,0,2468.550205231
3,"map(from: a)",1048576,64,304,0,4,11,0,352.549552917
3,"map(from: a)",1048576,64,304,0,4,472,0,852.096080780
3,"map(from: a)",1048576,64,304,0,4,3140,0,3762.793540955
3,"map(from: a)",1048576,64,304,1,0,2,0,342.154502869
3,"map(from: a)",1048576,64,304,1,0,4,0,345.551967621
3,"map(from: a)",1048576,64,304,1,0,472,0,852.656364441
3,"map(from: a)",1048576,64,304,1,0,3140,0,3777.253627777
3,"map(from: a)",1048576,64,304,1,0,183,0,539.493560791
3,"map(from: a)",1048576,64,304,1,0,28,0,373.053550720
3,"map(from: a)",1048576,64,304,1,0,71,0,418.210029602
3,"map(from: a)",1048576,64,304,1,0,1218,0,1668.846607208
3,"map(from: a)",1048576,64,304,1,0,294,0,661.349296570
3,"map(from: a)",1048576,64,304,1,0,1,0,368.094444275
3,"map(from: a)",1048576,64,304,1,0,7,0,356.996059418
3,"map(from: a)",1048576,64,304,1,0,1955,0,2487.242221832
3,"map(from: a)",1048576,64,304,1,0,758,0,1159.250736237
3,"map(from: a)",1048576,64,304,1,0,114,0,465.047359467
3,"map(from: a)",1048576,64,304,1,0,11,0,354.540348053
3,"map(from: a)",1048576,64,304,1,0,3,0,343.155860901
3,"map(from: a)",1048576,64,304,1,0,8096,0,9119.892120361
3,"map(from: a)",1048576,64,304,1,0,44,0,389.254093170
3,"map(from: a)",1048576,64,304,1,0,17,0,360.608100891
3,"map(from: a)",1048576,64,304,1,0,5042,0,5832.505226135
3,"map(from: a)",1048576,64,304,1,1,758,0,1161.050796509
3,"map(from: a)",1048576,64,304,1,1,3,0,343.406200409
3,"map(from: a)",1048576,64,304,1,1,3140,0,3737.354278564
3,"map(from: a)",1048576,64,304,1,1,1955,0,2487.897872925
3,"map(from: a)",1048576,64,304,1,1,44,0,389.397144318
3,"map(from: a)",1048576,64,304,1,1,17,0,360.453128815
3,"map(from: a)",1048576,64,304,1,1,294,0,657.999515533
3,"map(from: a)",1048576,64,304,1,1,28,0,373.208522797
3,"map(from: a)",1048576,64,304,1,1,114,0,464.951992035
3,"map(from: a)",1048576,64,304,1,1,2,0,341.999530792
3,"map(from: a)",1048576,64,304,1,1,7,0,347.745418549
3,"map(from: a)",1048576,64,304,1,1,183,0,541.388988495
3,"map(from: a)",1048576,64,304,1,1,8096,0,9110.248088837
3,"map(from: a)",1048576,64,304,1,1,11,0,354.206562042
3,"map(from: a)",1048576,64,304,1,1,1,0,341.999530792
3,"map(from: a)",1048576,64,304,1,1,1218,0,1663.243770599
3,"map(from: a)",1048576,64,304,1,1,472,0,852.799415588
3,"map(from: a)",1048576,64,304,1,1,71,0,418.305397034
3,"map(from: a)",1048576,64,304,1,1,5042,0,5791.747570038
3,"map(from: a)",1048576,64,304,1,1,4,0,345.456600189
3,"map(from: a)",1048576,64,304,1,2,2,0,342.106819153
3,"map(from: a)",1048576,64,304,1,2,71,0,418.853759766
3,"map(from: a)",1048576,64,304,1,2,17,0,360.643863678
3,"map(from: a)",1048576,64,304,1,2,472,0,858.449935913
3,"map(from: a)",1048576,64,304,1,2,5042,0,5779.552459717
3,"map(from: a)",1048576,64,304,1,2,28,0,371.551513672
3,"map(from: a)",1048576,64,304,1,2,44,0,389.289855957
3,"map(from: a)",1048576,64,304,1,2,1218,0,1666.998863220
3,"map(from: a)",1048576,64,304,1,2,4,0,345.444679260
3,"map(from: a)",1048576,64,304,1,2,1955,0,2461.695671082
3,"map(from: a)",1048576,64,304,1,2,183,0,541.949272156
3,"map(from: a)",1048576,64,304,1,2,7,0,347.995758057
3,"map(from: a)",1048576,64,304,1,2,758,0,1162.254810333
3,"map(from: a)",1048576,64,304,1,2,1,0,342.249870300
3,"map(from: a)",1048576,64,304,1,2,3140,0,3752.052783966
3,"map(from: a)",1048576,64,304,1,2,8096,0,9144.246578217
3,"map(from: a)",1048576,64,304,1,2,3,0,345.551967621
3,"map(from: a)",1048576,64,304,1,2,114,0,465.142726898
3,"map(from: a)",1048576,64,304,1,2,11,0,352.847576141
3,"map(from: a)",1048576,64,304,1,2,294,0,667.095184326
3,"map(from: a)",1048576,64,304,1,3,1,0,343.704223633
3,"map(from: a)",1048576,64,304,1,3,17,0,360.310077667
3,"map(from: a)",1048576,64,304,1,3,294,0,674.700737000
3,"map(from: a)",1048576,64,304,1,3,5042,0,5867.505073547
3,"map(from: a)",1048576,64,304,1,3,114,0,464.689731598
3,"map(from: a)",1048576,64,304,1,3,28,0,372.803211212
3,"map(from: a)",1048576,64,304,1,3,1218,0,1652.991771698
3,"map(from: a)",1048576,64,304,1,3,2,0,342.094898224
3,"map(from: a)",1048576,64,304,1,3,3,0,343.358516693
3,"map(from: a)",1048576,64,304,1,3,4,0,347.101688385
3,"map(from: a)",1048576,64,304,1,3,758,0,1161.348819733
3,"map(from: a)",1048576,64,304,1,3,11,0,354.194641113
3,"map(from: a)",1048576,64,304,1,3,44,0,391.256809235
3,"map(from: a)",1048576,64,304,1,3,472,0,850.248336792
3,"map(from: a)",1048576,64,304,1,3,7,0,349.557399750
3,"map(from: a)",1048576,64,304,1,3,1955,0,2480.494976044
3,"map(from: a)",1048576,64,304,1,3,71,0,420.105457306
3,"map(from: a)",1048576,64,304,1,3,183,0,540.006160736
3,"map(from: a)",1048576,64,304,1,3,8096,0,9046.399593353
3,"map(from: a)",1048576,64,304,1,3,3140,0,3783.154487610
3,"map(from: a)",1048576,64,304,1,4,472,0,849.699974060
3,"map(from: a)",1048576,64,304,1,4,71,0,418.901443481
3,"map(from: a)",1048576,64,304,1,4,1,0,342.059135437
3,"map(from: a)",1048576,64,304,1,4,11,0,354.504585266
3,"map(from: a)",1048576,64,304,1,4,4,0,345.599651337
3,"map(from: a)",1048576,64,304,1,4,3140,0,3743.493556976
3,"map(from: a)",1048576,64,304,1,4,28,0,374.555587769
3,"map(from: a)",1048576,64,304,1,4,1218,0,1661.658287048
3,"map(from: a)",1048576,64,304,1,4,2,0,341.844558716
3,"map(from: a)",1048576,64,304,1,4,183,0,539.410114288
3,"map(from: a)",1048576,64,304,1,4,5042,0,5807.101726532
3,"map(from: a)",1048576,64,304,1,4,114,0,466.489791870
3,"map(from: a)",1048576,64,304,1,4,3,0,343.358516693
3,"map(from: a)",1048576,64,304,1,4,44,0,390.005111694
3,"map(from: a)",1048576,64,304,1,4,758,0,1157.748699188
3,"map(from: a)",1048576,64,304,1,4,8096,0,9196.257591248
3,"map(from: a)",1048576,64,304,1,4,1955,0,2455.544471741
3,"map(from: a)",1048576,64,304,1,4,294,0,660.502910614
3,"map(from: a)",1048576,64,304,1,4,7,0,347.840785980
3,"map(from: a)",1048576,64,304,1,4,17,0,360.548496246
3,"map(from: a)",4194304,64,304,0,0,7,0,969.302654266
3,"map(from: a)",4194304,64,304,0,0,114,0,948.107242584
3,"map(from: a)",4194304,64,304,0,0,3,0,826.501846313
3,"map(from: a)",4194304,64,304,0,0,17,0,843.155384064
3,"map(from: a)",4194304,64,304,0,0,1,0,824.451446533
3,"map(from: a)",4194304,64,304,0,0,44,0,872.457027435
3,"map(from: a)",4194304,64,304,0,0,294,0,1143.193244934
3,"map(from: a)",4194304,64,304,0,0,3140,0,4271.399974823
3,"map(from: a)",4194304,64,304,0,0,4,0,829.851627350
3,"map(from: a)",4194304,64,304,0,0,1955,0,2952.146530151
3,"map(from: a)",4194304,64,304,0,0,183,0,1022.291183472
3,"map(from: a)",4194304,64,304,0,0,8096,0,9708.440303802
3,"map(from: a)",4194304,64,304,0,0,758,0,1640.951633453
3,"map(from: a)",4194304,64,304,0,0,71,0,902.342796326
3,"map(from: a)",4194304,64,304,0,0,2,0,824.308395386
3,"map(from: a)",4194304,64,304,0,0,11,0,835.752487183
3,"map(from: a)",4194304,64,304,0,0,28,0,853.645801544
3,"map(from: a)",4194304,64,304,0,0,5042,0,6296.503543854
3,"map(from: a)",4194304,64,304,0,0,1218,0,2137.708663940
3,"map(from: a)",4194304,64,304,0,0,472,0,1338.696479797
3,"map(from: a)",4194304,64,304,0,1,4,0,828.194618225
3,"map(from: a)",4194304,64,304,0,1,1,0,824.701786041
3,"map(from: a)",4194304,64,304,0,1,17,0,842.392444611
3,"map(from: a)",4194304,64,304,0,1,28,0,853.705406189
3,"map(from: a)",4194304,64,304,0,1,11,0,835.096836090
3,"map(from: a)",4194304,64,304,0,1,3140,0,4228.401184082
3,"map(from: a)",4194304,64,304,0,1,2,0,824.391841888
3,"map(from: a)",4194304,64,304,0,1,758,0,1651.346683502
3,"map(from: a)",4194304,64,304,0,1,1218,0,2140.200138092
3,"map(from: a)",4194304,64,304,0,1,44,0,872.254371643
3,"map(from: a)",4194304,64,304,0,1,71,0,900.650024414
3,"map(from: a)",4194304,64,304,0,1,114,0,949.800014496
3,"map(from: a)",4194304,64,304,0,1,294,0,1140.797138214
3,"map(from: a)",4194304,64,304,0,1,7,0,830.948352814
3,"map(from: a)",4194304,64,304,0,1,183,0,1021.111011505
3,"map(from: a)",4194304,64,304,0,1,8096,0,9680.593013763
3,"map(from: a)",4194304,64,304,0,1,472,0,1335.406303406
3,"map(from: a)",4194304,64,304,0,1,1955,0,2950.310707092
3,"map(from: a)",4194304,64,304,0,1,3,0,826.156139374
3,"map(from: a)",4194304,64,304,0,1,5042,0,6322.050094604
3,"map(from: a)",4194304,64,304,0,2,3,0,826.346874237
3,"map(from: a)",4194304,64,304,0,2,44,0,872.755050659
3,"map(from: a)",4194304,64,304,0,2,1,0,824.356079102
3,"map(from: a)",4194304,64,304,0,2,183,0,1023.304462433
3,"map(from: a)",4194304,64,304,0,2,294,0,1142.346858978
3,"map(from: a)",4194304,64,304,0,2,5042,0,6288.647651672
3,"map(from: a)",4194304,64,304,0,2,7,0,830.805301666
3,"map(from: a)",4194304,64,304,0,2,8096,0,9694.552421570
3,"map(from: a)",4194304,64,304,0,2,2,0,824.797153473
3,"map(from: a)",4194304,64,304,0,2,114,0,993.752479553
3,"map(from: a)",4194304,64,304,0,2,71,0,904.405117035
3,"map(from: a)",4194304,64,304,0,2,1955,0,2976.953983307
3,"map(from: a)",4194304,64,304,0,2,17,0,842.690467834
3,"map(from: a)",4194304,64,304,0,2,472,0,1335.000991821
3,"map(from: a)",4194304,64,304,0,2,11,0,835.251808167
3,"map(from: a)",4194304,64,304,0,2,1218,0,2150.750160217
3,"map(from: a)",4194304,64,304,0,2,4,0,828.707218170
3,"map(from: a)",4194304,64,304,0,2,3140,0,4226.744174957
3,"map(from: a)",4194304,64,304,0,2,758,0,1645.159721375
3,"map(from: a)",4194304,64,304,0,2,28,0,854.110717773
3,"map(from: a)",4194304,64,304,0,3,11,0,835.096836090
3,"map(from: a)",4194304,64,304,0,3,4,0,827.491283417
3,"map(from: a)",4194304,64,304,0,3,5042,0,6289.899349213
3,"map(from: a)",4194304,64,304,0,3,183,0,1025.044918060
3,"map(from: a)",4194304,64,304,0,3,17,0,842.845439911
3,"map(from: a)",4194304,64,304,0,3,3,0,825.798511505
3,"map(from: a)",4194304,64,304,0,3,28,0,854.206085205
3,"map(from: a)",4194304,64,304,0,3,1218,0,2155.399322510
3,"map(from: a)",4194304,64,304,0,3,114,0,947.296619415
3,"map(from: a)",4194304,64,304,0,3,758,0,1647.245883942
3,"map(from: a)",4194304,64,304,0,3,1955,0,2942.597866058
3,"map(from: a)",4194304,64,304,0,3,472,0,1339.602470398
3,"map(from: a)",4194304,64,304,0,3,7,0,830.602645874
3,"map(from: a)",4194304,64,304,0,3,44,0,872.647762299
3,"map(from: a)",4194304,64,304,0,3,3140,0,4239.094257355
3,"map(from: a)",4194304,64,304,0,3,8096,0,9767.103195190
3,"map(from: a)",4194304,64,304,0,3,71,0,901.901721954
3,"map(from: a)",4194304,64,304,0,3,1,0,824.701786041
3,"map(from: a)",4194304,64,304,0,3,2,0,824.296474457
3,"map(from: a)",4194304,64,304,0,3,294,0,1143.908500671
3,"map(from: a)",4194304,64,304,0,4,3,0,825.798511505
3,"map(from: a)",4194304,64,304,0,4,8096,0,9588.158130646
3,"map(from: a)",4194304,64,304,0,4,1,0,861.799716949
3,"map(from: a)",4194304,64,304,0,4,28,0,864.803791046
3,"map(from: a)",4194304,64,304,0,4,17,0,843.644142151
3,"map(from: a)",4194304,64,304,0,4,5042,0,6305.503845215
3,"map(from: a)",4194304,64,304,0,4,7,0,830.054283142
3,"map(from: a)",4194304,64,304,0,4,114,0,991.404056549
3,"map(from: a)",4194304,64,304,0,4,44,0,876.343250275
3,"map(from: a)",4194304,64,304,0,4,2,0,824.141502380
3,"map(from: a)",4194304,64,304,0,4,294,0,1141.846179962
3,"map(from: a)",4194304,64,304,0,4,758,0,1650.154590607
3,"map(from: a)",4194304,64,304,0,4,183,0,1023.650169373
3,"map(from: a)",4194304,64,304,0,4,4,0,827.705860138
3,"map(from: a)",4194304,64,304,0,4,1218,0,2141.749858856
3,"map(from: a)",4194304,64,304,0,4,71,0,902.903079987
3,"map(from: a)",4194304,64,304,0,4,1955,0,2957.403659821
3,"map(from: a)",4194304,64,304,0,4,11,0,836.002826691
3,"map(from: a)",4194304,64,304,0,4,472,0,1335.358619690
3,"map(from: a)",4194304,64,304,0,4,3140,0,4265.999794006
3,"map(from: a)",4194304,64,304,1,0,2,0,824.546813965
3,"map(from: a)",4194304,64,304,1,0,4,0,828.289985657
3,"map(from: a)",4194304,64,304,1,0,472,0,1332.449913025
3,"map(from: a)",4194304,64,304,1,0,3140,0,4276.847839355
3,"map(from: a)",4194304,64,304,1,0,183,0,1023.101806641
3,"map(from: a)",4194304,64,304,1,0,28,0,853.705406189
3,"map(from: a)",4194304,64,304,1,0,71,0,900.852680206
3,"map(from: a)",4194304,64,304,1,0,1218,0,2153.503894806
3,"map(from: a)",4194304,64,304,1,0,294,0,1141.905784607
3,"map(from: a)",4194304,64,304,1,0,1,0,824.308395386
3,"map(from: a)",4194304,64,304,1,0,7,0,830.292701721
3,"map(from: a)",4194304,64,304,1,0,1955,0,2963.352203369
3,"map(from: a)",4194304,64,304,1,0,758,0,1645.743846893
3,"map(from: a)",4194304,64,304,1,0,114,0,947.201251984
3,"map(from: a)",4194304,64,304,1,0,11,0,835.800170898
3,"map(from: a)",4194304,64,304,1,0,3,0,825.798511505
3,"map(from: a)",4194304,64,304,1,0,8096,0,9607.052803040
3,"map(from: a)",4194304,64,304,1,0,44,0,872.838497162
3,"map(from: a)",4194304,64,304,1,0,17,0,842.559337616
3,"map(from: a)",4194304,64,304,1,0,5042,0,6353.843212128
3,"map(from: a)",4194304,64,304,1,1,758,0,1641.249656677
3,"map(from: a)",4194304,64,304,1,1,3,0,826.060771942
3,"map(from: a)",4194304,64,304,1,1,3140,0,4219.889640808
3,"map(from: a)",4194304,64,304,1,1,1955,0,2986.454963684
3,"map(from: a)",4194304,64,304,1,1,44,0,873.506069183
3,"map(from: a)",4194304,64,304,1,1,17,0,843.501091003
3,"map(from: a)",4194304,64,304,1,1,294,0,1141.607761383
3,"map(from: a)",4194304,64,304,1,1,28,0,854.003429413
3,"map(from: a)",4194304,64,304,1,1,114,0,990.152359009
3,"map(from: a)",4194304,64,304,1,1,2,0,826.346874237
3,"map(from: a)",4194304,64,304,1,1,7,0,830.352306366
3,"map(from: a)",4194304,64,304,1,1,183,0,1024.007797241
3,"map(from: a)",4194304,64,304,1,1,8096,0,9623.551368713
3,"map(from: a)",4194304,64,304,1,1,11,0,835.299491882
3,"map(from: a)",4194304,64,304,1,1,1,0,824.642181396
3,"map(from: a)",4194304,64,304,1,1,1218,0,2151.107788086
3,"map(from: a)",4194304,64,304,1,1,472,0,1334.798336029
3,"map(from: a)",4194304,64,304,1,1,71,0,901.150703430
3,"map(from: a)",4194304,64,304,1,1,5042,0,6266.295909882
3,"map(from: a)",4194304,64,304,1,1,4,0,827.896595001
3,"map(from: a)",4194304,64,304,1,2,2,0,824.499130249
3,"map(from: a)",4194304,64,304,1,2,71,0,901.091098785
3,"map(from: a)",4194304,64,304,1,2,17,0,843.346118927
3,"map(from: a)",4194304,64,304,1,2,472,0,1340.210437775
3,"map(from: a)",4194304,64,304,1,2,5042,0,6290.006637573
3,"map(from: a)",4194304,64,304,1,2,28,0,854.039192200
3,"map(from: a)",4194304,64,304,1,2,44,0,871.944427490
3,"map(from: a)",4194304,64,304,1,2,1218,0,2148.759365082
3,"map(from: a)",4194304,64,304,1,2,4,0,827.753543854
3,"map(from: a)",4194304,64,304,1,2,1955,0,2944.457530975
3,"map(from: a)",4194304,64,304,1,2,183,0,1023.554801941
3,"map(from: a)",4194304,64,304,1,2,7,0,830.054283142
3,"map(from: a)",4194304,64,304,1,2,758,0,1645.255088806
3,"map(from: a)",4194304,64,304,1,2,1,0,824.594497681
3,"map(from: a)",4194304,64,304,1,2,3140,0,4227.149486542
3,"map(from: a)",4194304,64,304,1,2,8096,0,9694.147109985
3,"map(from: a)",4194304,64,304,1,2,3,0,826.048851013
3,"map(from: a)",4194304,64,304,1,2,114,0,948.846340179
3,"map(from: a)",4194304,64,304,1,2,11,0,835.251808167
3,"map(from: a)",4194304,64,304,1,2,294,0,1146.495342255
3,"map(from: a)",4194304,64,304,1,3,1,0,824.356079102
3,"map(from: a)",4194304,64,304,1,3,17,0,843.656063080
3,"map(from: a)",4194304,64,304,1,3,294,0,1180.791854858
3,"map(from: a)",4194304,64,304,1,3,5042,0,6334.149837494
3,"map(from: a)",4194304,64,304,1,3,114,0,948.452949524
3,"map(from: a)",4194304,64,304,1,3,28,0,853.455066681
3,"map(from: a)",4194304,64,304,1,3,1218,0,2141.249179840
3,"map(from: a)",4194304,64,304,1,3,2,0,824.546813965
3,"map(from: a)",4194304,64,304,1,3,3,0,825.798511505
3,"map(from: a)",4194304,64,304,1,3,4,0,827.801227570
3,"map(from: a)",4194304,64,304,1,3,758,0,1643.753051758
3,"map(from: a)",4194304,64,304,1,3,11,0,834.894180298
3,"map(from: a)",4194304,64,304,1,3,44,0,871.801376343
3,"map(from: a)",4194304,64,304,1,3,472,0,1336.455345154
3,"map(from: a)",4194304,64,304,1,3,7,0,830.352306366
3,"map(from: a)",4194304,64,304,1,3,1955,0,2976.047992706
3,"map(from: a)",4194304,64,304,1,3,71,0,901.055335999
3,"map(from: a)",4194304,64,304,1,3,183,0,1022.958755493
3,"map(from: a)",4194304,64,304,1,3,8096,0,9556.102752686
3,"map(from: a)",4194304,64,304,1,3,3140,0,4271.101951599
3,"map(from: a)",4194304,64,304,1,4,472,0,1335.096359253
3,"map(from: a)",4194304,64,304,1,4,71,0,901.198387146
3,"map(from: a)",4194304,64,304,1,4,1,0,824.701786041
3,"map(from: a)",4194304,64,304,1,4,11,0,835.239887238
3,"map(from: a)",4194304,64,304,1,4,4,0,827.550888062
3,"map(from: a)",4194304,64,304,1,4,3140,0,4226.946830750
3,"map(from: a)",4194304,64,304,1,4,28,0,853.550434113
3,"map(from: a)",4194304,64,304,1,4,1218,0,2147.054672241
3,"map(from: a)",4194304,64,304,1,4,2,0,824.141502380
3,"map(from: a)",4194304,64,304,1,4,183,0,1021.802425385
3,"map(from: a)",4194304,64,304,1,4,5042,0,6277.048587799
3,"map(from: a)",4194304,64,304,1,4,114,0,949.239730835
3,"map(from: a)",4194304,64,304,1,4,3,0,825.953483582
3,"map(from: a)",4194304,64,304,1,4,44,0,872.504711151
3,"map(from: a)",4194304,64,304,1,4,758,0,1639.795303345
3,"map(from: a)",4194304,64,304,1,4,8096,0,9694.302082062
3,"map(from: a)",4194304,64,304,1,4,1955,0,2955.102920532
3,"map(from: a)",4194304,64,304,1,4,294,0,1142.752170563
3,"map(from: a)",4194304,64,304,1,4,7,0,830.352306366
3,"map(from: a)",4194304,64,304,1,4,17,0,843.751430511
3,"map(from: a)",16777216,64,304,0,0,7,0,3523.504734039
3,"map(from: a)",16777216,64,304,0,0,114,0,2879.643440247
3,"map(from: a)",16777216,64,304,0,0,3,0,2759.110927582
3,"map(from: a)",16777216,64,304,0,0,17,0,2776.098251343
3,"map(from: a)",16777216,64,304,0,0,1,0,2757.143974304
3,"map(from: a)",16777216,64,304,0,0,44,0,2805.197238922
3,"map(from: a)",16777216,64,304,0,0,294,0,3071.808815002
3,"map(from: a)",16777216,64,304,0,0,3140,0,6179.749965668
3,"map(from: a)",16777216,64,304,0,0,4,0,2760.648727417
3,"map(from: a)",16777216,64,304,0,0,1955,0,4873.299598694
3,"map(from: a)",16777216,64,304,0,0,183,0,2952.706813812
3,"map(from: a)",16777216,64,304,0,0,8096,0,11566.150188446
3,"map(from: a)",16777216,64,304,0,0,758,0,3567.302227020
3,"map(from: a)",16777216,64,304,0,0,71,0,2834.200859070
3,"map(from: a)",16777216,64,304,0,0,2,0,2758.598327637
3,"map(from: a)",16777216,64,304,0,0,11,0,2824.151515961
3,"map(from: a)",16777216,64,304,0,0,28,0,2786.850929260
3,"map(from: a)",16777216,64,304,0,0,5042,0,8162.701129913
3,"map(from: a)",16777216,64,304,0,0,1218,0,4063.796997070
3,"map(from: a)",16777216,64,304,0,0,472,0,3267.097473145
3,"map(from: a)",16777216,64,304,0,1,4,0,2761.757373810
3,"map(from: a)",16777216,64,304,0,1,1,0,2757.549285889
3,"map(from: a)",16777216,64,304,0,1,17,0,2775.549888611
3,"map(from: a)",16777216,64,304,0,1,28,0,2787.601947784
3,"map(from: a)",16777216,64,304,0,1,11,0,2768.158912659
3,"map(from: a)",16777216,64,304,0,1,3140,0,6150.758266449
3,"map(from: a)",16777216,64,304,0,1,2,0,2757.298946381
3,"map(from: a)",16777216,64,304,0,1,758,0,3579.604625702
3,"map(from: a)",16777216,64,304,0,1,1218,0,4058.051109314
3,"map(from: a)",16777216,64,304,0,1,44,0,2804.505825043
3,"map(from: a)",16777216,64,304,0,1,71,0,2832.806110382
3,"map(from: a)",16777216,64,304,0,1,114,0,2880.299091339
3,"map(from: a)",16777216,64,304,0,1,294,0,3072.655200958
3,"map(from: a)",16777216,64,304,0,1,7,0,2763.044834137
3,"map(from: a)",16777216,64,304,0,1,183,0,2953.803539276
3,"map(from: a)",16777216,64,304,0,1,8096,0,11508.703231812
3,"map(from: a)",16777216,64,304,0,1,472,0,3265.452384949
3,"map(from: a)",16777216,64,304,0,1,1955,0,4859.042167664
3,"map(from: a)",16777216,64,304,0,1,3,0,2758.848667145
3,"map(from: a)",16777216,64,304,0,1,5042,0,8247.041702271
3,"map(from: a)",16777216,64,304,0,2,3,0,2758.741378784
3,"map(from: a)",16777216,64,304,0,2,44,0,2804.303169250
3,"map(from: a)",16777216,64,304,0,2,1,0,2757.596969604
3,"map(from: a)",16777216,64,304,0,2,183,0,2955.949306488
3,"map(from: a)",16777216,64,304,0,2,294,0,3071.856498718
3,"map(from: a)",16777216,64,304,0,2,5042,0,8192.455768585
3,"map(from: a)",16777216,64,304,0,2,7,0,2762.603759766
3,"map(from: a)",16777216,64,304,0,2,8096,0,11556.208133698
3,"map(from: a)",16777216,64,304,0,2,2,0,2757.000923157
3,"map(from: a)",16777216,64,304,0,2,114,0,2879.905700684
3,"map(from: a)",16777216,64,304,0,2,71,0,2833.449840546
3,"map(from: a)",16777216,64,304,0,2,1955,0,4881.298542023
3,"map(from: a)",16777216,64,304,0,2,17,0,2776.002883911
3,"map(from: a)",16777216,64,304,0,2,472,0,3262.507915497
3,"map(from: a)",16777216,64,304,0,2,11,0,2767.693996429
3,"map(from: a)",16777216,64,304,0,2,1218,0,4069.948196411
3,"map(from: a)",16777216,64,304,0,2,4,0,2760.851383209
3,"map(from: a)",16777216,64,304,0,2,3140,0,6131.649017334
3,"map(from: a)",16777216,64,304,0,2,758,0,3595.554828644
3,"map(from: a)",16777216,64,304,0,2,28,0,2800.154685974
3,"map(from: a)",16777216,64,304,0,3,11,0,2767.205238342
3,"map(from: a)",16777216,64,304,0,3,4,0,2760.803699493
3,"map(from: a)",16777216,64,304,0,3,5042,0,8153.593540192
3,"map(from: a)",16777216,64,304,0,3,183,0,2956.891059875
3,"map(from: a)",16777216,64,304,0,3,17,0,2776.050567627
3,"map(from: a)",16777216,64,304,0,3,3,0,2758.848667145
3,"map(from: a)",16777216,64,304,0,3,28,0,2785.551548004
3,"map(from: a)",16777216,64,304,0,3,1218,0,4076.051712036
3,"map(from: a)",16777216,64,304,0,3,114,0,2879.703044891
3,"map(from: a)",16777216,64,304,0,3,758,0,3569.507598877
3,"map(from: a)",16777216,64,304,0,3,1955,0,4868.543148041
3,"map(from: a)",16777216,64,304,0,3,472,0,3266.453742981
3,"map(from: a)",16777216,64,304,0,3,7,0,2763.199806213
3,"map(from: a)",16777216,64,304,0,3,44,0,2805.244922638
3,"map(from: a)",16777216,64,304,0,3,3140,0,6146.597862244
3,"map(from: a)",16777216,64,304,0,3,8096,0,11514.902114868
3,"map(from: a)",16777216,64,304,0,3,71,0,2834.498882294
3,"map(from: a)",16777216,64,304,0,3,1,0,2757.453918457
3,"map(from: a)",16777216,64,304,0,3,2,0,2757.239341736
3,"map(from: a)",16777216,64,304,0,3,294,0,3077.602386475
3,"map(from: a)",16777216,64,304,0,4,3,0,2810.955047607
3,"map(from: a)",16777216,64,304,0,4,8096,0,11477.255821228
3,"map(from: a)",16777216,64,304,0,4,1,0,2757.298946381
3,"map(from: a)",16777216,64,304,0,4,28,0,2787.053585052
3,"map(from: a)",16777216,64,304,0,4,17,0,2775.299549103
3,"map(from: a)",16777216,64,304,0,4,5042,0,8185.100555420
3,"map(from: a)",16777216,64,304,0,4,7,0,2764.010429382
3,"map(from: a)",16777216,64,304,0,4,114,0,2880.501747131
3,"map(from: a)",16777216,64,304,0,4,44,0,2805.149555206
3,"map(from: a)",16777216,64,304,0,4,2,0,2757.704257965
3,"map(from: a)",16777216,64,304,0,4,294,0,3072.845935822
3,"map(from: a)",16777216,64,304,0,4,758,0,3575.551509857
3,"map(from: a)",16777216,64,304,0,4,183,0,2954.947948456
3,"map(from: a)",16777216,64,304,0,4,4,0,2760.541439056
3,"map(from: a)",16777216,64,304,0,4,1218,0,4061.496257782
3,"map(from: a)",16777216,64,304,0,4,71,0,2834.844589233
3,"map(from: a)",16777216,64,304,0,4,1955,0,4863.500595093
3,"map(from: a)",16777216,64,304,0,4,11,0,2818.596363068
3,"map(from: a)",16777216,64,304,0,4,472,0,3261.196613312
3,"map(from: a)",16777216,64,304,0,4,3140,0,6211.996078491
3,"map(from: a)",16777216,64,304,1,0,2,0,2757.239341736
3,"map(from: a)",16777216,64,304,1,0,4,0,2761.006355286
3,"map(from: a)",16777216,64,304,1,0,472,0,3261.148929596
3,"map(from: a)",16777216,64,304,1,0,3140,0,6176.602840424
3,"map(from: a)",16777216,64,304,1,0,183,0,2953.708171844
3,"map(from: a)",16777216,64,304,1,0,28,0,2785.491943359
3,"map(from: a)",16777216,64,304,1,0,71,0,2833.604812622
3,"map(from: a)",16777216,64,304,1,0,1218,0,4069.745540619
3,"map(from: a)",16777216,64,304,1,0,294,0,3073.799610138
3,"map(from: a)",16777216,64,304,1,0,1,0,2757.549285889
3,"map(from: a)",16777216,64,304,1,0,7,0,2763.700485229
3,"map(from: a)",16777216,64,304,1,0,1955,0,4878.246784210
3,"map(from: a)",16777216,64,304,1,0,758,0,3570.246696472
3,"map(from: a)",16777216,64,304,1,0,114,0,2879.405021667
3,"map(from: a)",16777216,64,304,1,0,11,0,2767.646312714
3,"map(from: a)",16777216,64,304,1,0,3,0,2757.894992828
3,"map(from: a)",16777216,64,304,1,0,8096,0,11426.258087158
3,"map(from: a)",16777216,64,304,1,0,44,0,2805.089950562
3,"map(from: a)",16777216,64,304,1,0,17,0,2777.004241943
3,"map(from: a)",16777216,64,304,1,0,5042,0,8247.745037079
3,"map(from: a)",16777216,64,304,1,1,758,0,3567.600250244
3,"map(from: a)",16777216,64,304,1,1,3,0,2758.848667145
3,"map(from: a)",16777216,64,304,1,1,3140,0,6134.402751923
3,"map(from: a)",16777216,64,304,1,1,1955,0,4909.455776215
3,"map(from: a)",16777216,64,304,1,1,44,0,2804.899215698
3,"map(from: a)",16777216,64,304,1,1,17,0,2834.141254425
3,"map(from: a)",16777216,64,304,1,1,294,0,3073.751926422
3,"map(from: a)",16777216,64,304,1,1,28,0,2784.848213196
3,"map(from: a)",16777216,64,304,1,1,114,0,2879.452705383
3,"map(from: a)",16777216,64,304,1,1,2,0,2756.953239441
3,"map(from: a)",16777216,64,304,1,1,7,0,2762.901782990
3,"map(from: a)",16777216,64,304,1,1,183,0,2956.402301788
3,"map(from: a)",16777216,64,304,1,1,8096,0,11440.598964691
3,"map(from: a)",16777216,64,304,1,1,11,0,2768.003940582
3,"map(from: a)",16777216,64,304,1,1,1,0,2757.704257965
3,"map(from: a)",16777216,64,304,1,1,1218,0,4077.601432800
3,"map(from: a)",16777216,64,304,1,1,472,0,3262.042999268
3,"map(from: a)",16777216,64,304,1,1,71,0,2833.402156830
3,"map(from: a)",16777216,64,304,1,1,5042,0,8158.493041992
3,"map(from: a)",16777216,64,304,1,1,4,0,2761.542797089
3,"map(from: a)",16777216,64,304,1,2,2,0,2757.740020752
3,"map(from: a)",16777216,64,304,1,2,71,0,2833.604812622
3,"map(from: a)",16777216,64,304,1,2,17,0,2776.646614075
3,"map(from: a)",16777216,64,304,1,2,472,0,3265.702724457
3,"map(from: a)",16777216,64,304,1,2,5042,0,8195.650577545
3,"map(from: a)",16777216,64,304,1,2,28,0,2786.040306091
3,"map(from: a)",16777216,64,304,1,2,44,0,2803.802490234
3,"map(from: a)",16777216,64,304,1,2,1218,0,4108.750820160
3,"map(from: a)",16777216,64,304,1,2,4,0,2761.495113373
3,"map(from: a)",16777216,64,304,1,2,1955,0,4865.145683289
3,"map(from: a)",16777216,64,304,1,2,183,0,2953.445911407
3,"map(from: a)",16777216,64,304,1,2,7,0,2763.342857361
3,"map(from: a)",16777216,64,304,1,2,758,0,3567.600250244
3,"map(from: a)",16777216,64,304,1,2,1,0,2756.500244141
3,"map(from: a)",16777216,64,304,1,2,3140,0,6125.450134277
3,"map(from: a)",16777216,64,304,1,2,8096,0,11560.845375061
3,"map(from: a)",16777216,64,304,1,2,3,0,2759.361267090
3,"map(from: a)",16777216,64,304,1,2,114,0,2880.346775055
3,"map(from: a)",16777216,64,304,1,2,11,0,2767.801284790
3,"map(from: a)",16777216,64,304,1,2,294,0,3074.645996094
3,"map(from: a)",16777216,64,304,1,3,1,0,2756.750583649
3,"map(from: a)",16777216,64,304,1,3,17,0,2775.752544403
3,"map(from: a)",16777216,64,304,1,3,294,0,3073.346614838
3,"map(from: a)",16777216,64,304,1,3,5042,0,8211.600780487
3,"map(from: a)",16777216,64,304,1,3,114,0,2930.605411530
3,"map(from: a)",16777216,64,304,1,3,28,0,2787.446975708
3,"map(from: a)",16777216,64,304,1,3,1218,0,4063.105583191
3,"map(from: a)",16777216,64,304,1,3,2,0,2805.292606354
3,"map(from: a)",16777216,64,304,1,3,3,0,2759.647369385
3,"map(from: a)",16777216,64,304,1,3,4,0,2760.851383209
3,"map(from: a)",16777216,64,304,1,3,758,0,3566.741943359
3,"map(from: a)",16777216,64,304,1,3,11,0,2767.848968506
3,"map(from: a)",16777216,64,304,1,3,44,0,2804.851531982
3,"map(from: a)",16777216,64,304,1,3,472,0,3265.452384949
3,"map(from: a)",16777216,64,304,1,3,7,0,2763.044834137
3,"map(from: a)",16777216,64,304,1,3,1955,0,4885.947704315
3,"map(from: a)",16777216,64,304,1,3,71,0,2834.153175354
3,"map(from: a)",16777216,64,304,1,3,183,0,2953.553199768
3,"map(from: a)",16777216,64,304,1,3,8096,0,11466.801166534
3,"map(from: a)",16777216,64,304,1,3,3140,0,6157.696247101
3,"map(from: a)",16777216,64,304,1,4,472,0,3265.249729156
3,"map(from: a)",16777216,64,304,1,4,71,0,2833.104133606
3,"map(from: a)",16777216,64,304,1,4,1,0,2757.155895233
3,"map(from: a)",16777216,64,304,1,4,11,0,2767.753601074
3,"map(from: a)",16777216,64,304,1,4,4,0,2760.541439056
3,"map(from: a)",16777216,64,304,1,4,3140,0,6159.138679504
3,"map(from: a)",16777216,64,304,1,4,28,0,2787.351608276
3,"map(from: a)",16777216,64,304,1,4,1218,0,4112.255573273
3,"map(from: a)",16777216,64,304,1,4,2,0,2757.501602173
3,"map(from: a)",16777216,64,304,1,4,183,0,2954.602241516
3,"map(from: a)",16777216,64,304,1,4,5042,0,8159.601688385
3,"map(from: a)",16777216,64,304,1,4,114,0,2881.503105164
3,"map(from: a)",16777216,64,304,1,4,3,0,2758.657932281
3,"map(from: a)",16777216,64,304,1,4,44,0,2804.398536682
3,"map(from: a)",16777216,64,304,1,4,758,0,3570.306301117
3,"map(from: a)",16777216,64,304,1,4,8096,0,11521.100997925
3,"map(from: a)",16777216,64,304,1,4,1955,0,4872.298240662
3,"map(from: a)",16777216,64,304,1,4,294,0,3072.047233582
3,"map(from: a)",16777216,64,304,1,4,7,0,2763.354778290
3,"map(from: a)",16777216,64,304,1,4,17,0,2775.001525879
4,"map(alloc: a)",1,64,304,0,0,7,0,211.107730865
4,"map(alloc: a)",1,64,304,0,0,114,0,329.148769379
4,"map(alloc: a)",1,64,304,0,0,3,0,204.300880432
4,"map(alloc: a)",1,64,304,0,0,17,0,221.598148346
4,"map(alloc: a)",1,64,304,0,0,1,0,203.049182892
4,"map(alloc: a)",1,64,304,0,0,44,0,250.494480133
4,"map(alloc: a)",1,64,304,0,0,294,0,521.290302277
4,"map(alloc: a)",1,64,304,0,0,3140,0,3636.050224304
4,"map(alloc: a)",1,64,304,0,0,4,0,206.303596497
4,"map(alloc: a)",1,64,304,0,0,1955,0,2320.098876953
4,"map(alloc: a)",1,64,304,0,0,183,0,402.545928955
4,"map(alloc: a)",1,64,304,0,0,8096,0,8970.952033997
4,"map(alloc: a)",1,64,304,0,0,758,0,1022.899150848
4,"map(alloc: a)",1,64,304,0,0,71,0,282.454490662
4,"map(alloc: a)",1,64,304,0,0,2,0,202.798843384
4,"map(alloc: a)",1,64,304,0,0,11,0,213.551521301
4,"map(alloc: a)",1,64,304,0,0,28,0,232.052803040
4,"map(alloc: a)",1,64,304,0,0,5042,0,5621.099472046
4,"map(alloc: a)",1,64,304,0,0,1218,0,1512.098312378
4,"map(alloc: a)",1,64,304,0,0,472,0,718.510150909
4,"map(alloc: a)",1,64,304,0,1,4,0,206.351280212
4,"map(alloc: a)",1,64,304,0,1,1,0,202.798843384
4,"map(alloc: a)",1,64,304,0,1,17,0,221.145153046
4,"map(alloc: a)",1,64,304,0,1,28,0,232.446193695
4,"map(alloc: a)",1,64,304,0,1,11,0,213.408470154
4,"map(alloc: a)",1,64,304,0,1,3140,0,3603.899478912
4,"map(alloc: a)",1,64,304,0,1,2,0,202.906131744
4,"map(alloc: a)",1,64,304,0,1,758,0,1029.050350189
4,"map(alloc: a)",1,64,304,0,1,1218,0,1513.051986694
4,"map(alloc: a)",1,64,304,0,1,44,0,250.351428986
4,"map(alloc: a)",1,64,304,0,1,71,0,282.895565033
4,"map(alloc: a)",1,64,304,0,1,114,0,329.649448395
4,"map(alloc: a)",1,64,304,0,1,294,0,523.650646210
4,"map(alloc: a)",1,64,304,0,1,7,0,208.652019501
4,"map(alloc: a)",1,64,304,0,1,183,0,403.201580048
4,"map(alloc: a)",1,64,304,0,1,8096,0,8970.093727112
4,"map(alloc: a)",1,64,304,0,1,472,0,713.944435120
4,"map(alloc: a)",1,64,304,0,1,1955,0,2317.047119141
4,"map(alloc: a)",1,64,304,0,1,3,0,204.348564148
4,"map(alloc: a)",1,64,304,0,1,5042,0,5696.403980255
4,"map(alloc: a)",1,64,304,0,2,3,0,204.551219940
4,"map(alloc: a)",1,64,304,0,2,44,0,250.446796417
4,"map(alloc: a)",1,64,304,0,2,1,0,202.739238739
4,"map(alloc: a)",1,64,304,0,2,183,0,405.204296112
4,"map(alloc: a)",1,64,304,0,2,294,0,521.302223206
4,"map(alloc: a)",1,64,304,0,2,5042,0,5637.502670288
4,"map(alloc: a)",1,64,304,0,2,7,0,208.950042725
4,"map(alloc: a)",1,64,304,0,2,8096,0,8982.539176941
4,"map(alloc: a)",1,64,304,0,2,2,0,203.704833984
4,"map(alloc: a)",1,64,304,0,2,114,0,328.350067139
4,"map(alloc: a)",1,64,304,0,2,71,0,282.752513885
4,"map(alloc: a)",1,64,304,0,2,1955,0,2328.443527222
4,"map(alloc: a)",1,64,304,0,2,17,0,221.300125122
4,"map(alloc: a)",1,64,304,0,2,472,0,711.905956268
4,"map(alloc: a)",1,64,304,0,2,11,0,213.754177094
4,"map(alloc: a)",1,64,304,0,2,1218,0,1523.995399475
4,"map(alloc: a)",1,64,304,0,2,4,0,206.458568573
4,"map(alloc: a)",1,64,304,0,2,3140,0,3601.002693176
4,"map(alloc: a)",1,64,304,0,2,758,0,1016.294956207
4,"map(alloc: a)",1,64,304,0,2,28,0,232.350826263
4,"map(alloc: a)",1,64,304,0,3,11,0,213.456153870
4,"map(alloc: a)",1,64,304,0,3,4,0,206.351280212
4,"map(alloc: a)",1,64,304,0,3,5042,0,5608.749389648
4,"map(alloc: a)",1,64,304,0,3,183,0,405.204296112
4,"map(alloc: a)",1,64,304,0,3,17,0,221.252441406
4,"map(alloc: a)",1,64,304,0,3,3,0,204.098224640
4,"map(alloc: a)",1,64,304,0,3,28,0,232.100486755
4,"map(alloc: a)",1,64,304,0,3,1218,0,1519.346237183
4,"map(alloc: a)",1,64,304,0,3,114,0,329.411029816
4,"map(alloc: a)",1,64,304,0,3,758,0,1018.607616425
4,"map(alloc: a)",1,64,304,0,3,1955,0,2320.456504822
4,"map(alloc: a)",1,64,304,0,3,472,0,716.948509216
4,"map(alloc: a)",1,64,304,0,3,7,0,208.902359009
4,"map(alloc: a)",1,64,304,0,3,44,0,250.339508057
4,"map(alloc: a)",1,64,304,0,3,3140,0,3582.155704498
4,"map(alloc: a)",1,64,304,0,3,8096,0,9004.700183868
4,"map(alloc: a)",1,64,304,0,3,71,0,282.347202301
4,"map(alloc: a)",1,64,304,0,3,1,0,202.846527100
4,"map(alloc: a)",1,64,304,0,3,2,0,202.751159668
4,"map(alloc: a)",1,64,304,0,3,294,0,526.046752930
4,"map(alloc: a)",1,64,304,0,4,3,0,204.145908356
4,"map(alloc: a)",1,64,304,0,4,8096,0,8925.044536591
4,"map(alloc: a)",1,64,304,0,4,1,0,203.049182892
4,"map(alloc: a)",1,64,304,0,4,28,0,232.291221619
4,"map(alloc: a)",1,64,304,0,4,17,0,221.252441406
4,"map(alloc: a)",1,64,304,0,4,5042,0,5610.954761505
4,"map(alloc: a)",1,64,304,0,4,7,0,208.699703217
4,"map(alloc: a)",1,64,304,0,4,114,0,329.494476318
4,"map(alloc: a)",1,64,304,0,4,44,0,250.399112701
4,"map(alloc: a)",1,64,304,0,4,2,0,202.798843384
4,"map(alloc: a)",1,64,304,0,4,294,0,522.148609161
4,"map(alloc: a)",1,64,304,0,4,758,0,1028.251647949
4,"map(alloc: a)",1,64,304,0,4,183,0,402.641296387
4,"map(alloc: a)",1,64,304,0,4,4,0,206.148624420
4,"map(alloc: a)",1,64,304,0,4,1218,0,1506.352424622
4,"map(alloc: a)",1,64,304,0,4,71,0,283.348560333
4,"map(alloc: a)",1,64,304,0,4,1955,0,2309.405803680
4,"map(alloc: a)",1,64,304,0,4,11,0,213.599205017
4,"map(alloc: a)",1,64,304,0,4,472,0,711.500644684
4,"map(alloc: a)",1,64,304,0,4,3140,0,3625.452518463
4,"map(alloc: a)",1,64,304,1,0,2,0,203.096866608
4,"map(alloc: a)",1,64,304,1,0,4,0,206.398963928
4,"map(alloc: a)",1,64,304,1,0,472,0,720.155239105
4,"map(alloc: a)",1,64,304,1,0,3140,0,3608.953952789
4,"map(alloc: a)",1,64,304,1,0,183,0,403.797626495
4,"map(alloc: a)",1,64,304,1,0,28,0,232.100486755
4,"map(alloc: a)",1,64,304,1,0,71,0,282.692909241
4,"map(alloc: a)",1,64,304,1,0,1218,0,1520.895957947
4,"map(alloc: a)",1,64,304,1,0,294,0,522.851943970
4,"map(alloc: a)",1,64,304,1,0,1,0,203.049182892
4,"map(alloc: a)",1,64,304,1,0,7,0,208.747386932
4,"map(alloc: a)",1,64,304,1,0,1955,0,2341.747283936
4,"map(alloc: a)",1,64,304,1,0,758,0,1017.749309540
4,"map(alloc: a)",1,64,304,1,0,114,0,329.291820526
4,"map(alloc: a)",1,64,304,1,0,11,0,213.599205017
4,"map(alloc: a)",1,64,304,1,0,3,0,204.193592072
4,"map(alloc: a)",1,64,304,1,0,8096,0,8889.400959015
4,"map(alloc: a)",1,64,304,1,0,44,0,250.852108002
4,"map(alloc: a)",1,64,304,1,0,17,0,221.347808838
4,"map(alloc: a)",1,64,304,1,0,5042,0,5669.844150543
4,"map(alloc: a)",1,64,304,1,1,758,0,1022.946834564
4,"map(alloc: a)",1,64,304,1,1,3,0,204.145908356
4,"map(alloc: a)",1,64,304,1,1,3140,0,3594.005107880
4,"map(alloc: a)",1,64,304,1,1,1955,0,2329.003810883
4,"map(alloc: a)",1,64,304,1,1,44,0,250.351428986
4,"map(alloc: a)",1,64,304,1,1,17,0,221.502780914
4,"map(alloc: a)",1,64,304,1,1,294,0,522.303581238
4,"map(alloc: a)",1,64,304,1,1,28,0,232.446193695
4,"map(alloc: a)",1,64,304,1,1,114,0,328.850746155
4,"map(alloc: a)",1,64,304,1,1,2,0,202.894210815
4,"map(alloc: a)",1,64,304,1,1,7,0,208.604335785
4,"map(alloc: a)",1,64,304,1,1,183,0,405.001640320
4,"map(alloc: a)",1,64,304,1,1,8096,0,8882.498741150
4,"map(alloc: a)",1,64,304,1,1,11,0,213.658809662
4,"map(alloc: a)",1,64,304,1,1,1,0,203.096866608
4,"map(alloc: a)",1,64,304,1,1,1218,0,1525.747776031
4,"map(alloc: a)",1,64,304,1,1,472,0,713.551044464
4,"map(alloc: a)",1,64,304,1,1,71,0,282.752513885
4,"map(alloc: a)",1,64,304,1,1,5042,0,5635.452270508
4,"map(alloc: a)",1,64,304,1,1,4,0,206.553936005
4,"map(alloc: a)",1,64,304,1,2,2,0,202.858448029
4,"map(alloc: a)",1,64,304,1,2,71,0,282.394886017
4,"map(alloc: a)",1,64,304,1,2,17,0,221.407413483
4,"map(alloc: a)",1,64,304,1,2,472,0,716.447830200
4,"map(alloc: a)",1,64,304,1,2,5042,0,5639.052391052
4,"map(alloc: a)",1,64,304,1,2,28,0,231.945514679
4,"map(alloc: a)",1,64,304,1,2,44,0,250.554084778
4,"map(alloc: a)",1,64,304,1,2,1218,0,1529.455184937
4,"map(alloc: a)",1,64,304,1,2,4,0,206.601619720
4,"map(alloc: a)",1,64,304,1,2,1955,0,2324.640750885
4,"map(alloc: a)",1,64,304,1,2,183,0,402.104854584
4,"map(alloc: a)",1,64,304,1,2,7,0,209.057331085
4,"map(alloc: a)",1,64,304,1,2,758,0,1018.702983856
4,"map(alloc: a)",1,64,304,1,2,1,0,203.108787537
4,"map(alloc: a)",1,64,304,1,2,3140,0,3585.410118103
4,"map(alloc: a)",1,64,304,1,2,8096,0,8983.099460602
4,"map(alloc: a)",1,64,304,1,2,3,0,204.300880432
4,"map(alloc: a)",1,64,304,1,2,114,0,328.552722931
4,"map(alloc: a)",1,64,304,1,2,11,0,213.599205017
4,"map(alloc: a)",1,64,304,1,2,294,0,524.604320526
4,"map(alloc: a)",1,64,304,1,3,1,0,202.906131744
4,"map(alloc: a)",1,64,304,1,3,17,0,221.049785614
4,"map(alloc: a)",1,64,304,1,3,294,0,522.243976593
4,"map(alloc: a)",1,64,304,1,3,5042,0,5675.852298737
4,"map(alloc: a)",1,64,304,1,3,114,0,329.148769379
4,"map(alloc: a)",1,64,304,1,3,28,0,232.303142548
4,"map(alloc: a)",1,64,304,1,3,1218,0,1506.054401398
4,"map(alloc: a)",1,64,304,1,3,2,0,203.144550323
4,"map(alloc: a)",1,64,304,1,3,3,0,204.300880432
4,"map(alloc: a)",1,64,304,1,3,4,0,206.196308136
4,"map(alloc: a)",1,64,304,1,3,758,0,1016.950607300
4,"map(alloc: a)",1,64,304,1,3,11,0,213.599205017
4,"map(alloc: a)",1,64,304,1,3,44,0,250.303745270
4,"map(alloc: a)",1,64,304,1,3,472,0,713.491439819
4,"map(alloc: a)",1,64,304,1,3,7,0,208.854675293
4,"map(alloc: a)",1,64,304,1,3,1955,0,2326.202392578
4,"map(alloc: a)",1,64,304,1,3,71,0,282.943248749
4,"map(alloc: a)",1,64,304,1,3,183,0,402.355194092
4,"map(alloc: a)",1,64,304,1,3,8096,0,8921.504020691
4,"map(alloc: a)",1,64,304,1,3,3140,0,3609.848022461
4,"map(alloc: a)",1,64,304,1,4,472,0,713.944435120
4,"map(alloc: a)",1,64,304,1,4,71,0,282.752513885
4,"map(alloc: a)",1,64,304,1,4,1,0,202.691555023
4,"map(alloc: a)",1,64,304,1,4,11,0,213.599205017
4,"map(alloc: a)",1,64,304,1,4,4,0,206.506252289
4,"map(alloc: a)",1,64,304,1,4,3140,0,3602.647781372
4,"map(alloc: a)",1,64,304,1,4,28,0,232.303142548
4,"map(alloc: a)",1,64,304,1,4,1218,0,1529.657840729
4,"map(alloc: a)",1,64,304,1,4,2,0,202.798843384
4,"map(alloc: a)",1,64,304,1,4,183,0,403.153896332
4,"map(alloc: a)",1,64,304,1,4,5042,0,5623.602867126
4,"map(alloc: a)",1,64,304,1,4,114,0,329.756736755
4,"map(alloc: a)",1,64,304,1,4,3,0,204.300880432
4,"map(alloc: a)",1,64,304,1,4,44,0,249.993801117
4,"map(alloc: a)",1,64,304,1,4,758,0,1021.850109100
4,"map(alloc: a)",1,64,304,1,4,8096,0,8956.754207611
4,"map(alloc: a)",1,64,304,1,4,1955,0,2321.851253510
4,"map(alloc: a)",1,64,304,1,4,294,0,521.290302277
4,"map(alloc: a)",1,64,304,1,4,7,0,208.806991577
4,"map(alloc: a)",1,64,304,1,4,17,0,221.252441406
4,"map(alloc: a)",4,64,304,0,0,7,0,210.893154144
4,"map(alloc: a)",4,64,304,0,0,114,0,328.803062439
4,"map(alloc: a)",4,64,304,0,0,3,0,204.348564148
4,"map(alloc: a)",4,64,304,0,0,17,0,221.550464630
4,"map(alloc: a)",4,64,304,0,0,1,0,203.204154968
4,"map(alloc: a)",4,64,304,0,0,44,0,250.303745270
4,"map(alloc: a)",4,64,304,0,0,294,0,521.504878998
4,"map(alloc: a)",4,64,304,0,0,3140,0,3614.246845245
4,"map(alloc: a)",4,64,304,0,0,4,0,206.339359283
4,"map(alloc: a)",4,64,304,0,0,1955,0,2314.591407776
4,"map(alloc: a)",4,64,304,0,0,183,0,403.249263763
4,"map(alloc: a)",4,64,304,0,0,8096,0,8966.946601868
4,"map(alloc: a)",4,64,304,0,0,758,0,1022.553443909
4,"map(alloc: a)",4,64,304,0,0,71,0,282.204151154
4,"map(alloc: a)",4,64,304,0,0,2,0,202.858448029
4,"map(alloc: a)",4,64,304,0,0,11,0,213.944911957
4,"map(alloc: a)",4,64,304,0,0,28,0,231.909751892
4,"map(alloc: a)",4,64,304,0,0,5042,0,5643.200874329
4,"map(alloc: a)",4,64,304,0,0,1218,0,1507.401466370
4,"map(alloc: a)",4,64,304,0,0,472,0,719.642639160
4,"map(alloc: a)",4,64,304,0,1,4,0,206.303596497
4,"map(alloc: a)",4,64,304,0,1,1,0,202.703475952
4,"map(alloc: a)",4,64,304,0,1,17,0,221.407413483
4,"map(alloc: a)",4,64,304,0,1,28,0,232.303142548
4,"map(alloc: a)",4,64,304,0,1,11,0,213.599205017
4,"map(alloc: a)",4,64,304,0,1,3140,0,3588.700294495
4,"map(alloc: a)",4,64,304,0,1,2,0,202.846527100
4,"map(alloc: a)",4,64,304,0,1,758,0,1025.402545929
4,"map(alloc: a)",4,64,304,0,1,1218,0,1517.295837402
4,"map(alloc: a)",4,64,304,0,1,44,0,250.291824341
4,"map(alloc: a)",4,64,304,0,1,71,0,282.907485962
4,"map(alloc: a)",4,64,304,0,1,114,0,329.649448395
4,"map(alloc: a)",4,64,304,0,1,294,0,522.351264954
4,"map(alloc: a)",4,64,304,0,1,7,0,208.544731140
4,"map(alloc: a)",4,64,304,0,1,183,0,402.200222015
4,"map(alloc: a)",4,64,304,0,1,8096,0,9003.102779388
4,"map(alloc: a)",4,64,304,0,1,472,0,712.001323700
4,"map(alloc: a)",4,64,304,0,1,1955,0,2319.395542145
4,"map(alloc: a)",4,64,304,0,1,3,0,203.847885132
4,"map(alloc: a)",4,64,304,0,1,5042,0,5691.957473755
4,"map(alloc: a)",4,64,304,0,2,3,0,204.110145569
4,"map(alloc: a)",4,64,304,0,2,44,0,250.351428986
4,"map(alloc: a)",4,64,304,0,2,1,0,203.001499176
4,"map(alloc: a)",4,64,304,0,2,183,0,404.345989227
4,"map(alloc: a)",4,64,304,0,2,294,0,523.352622986
4,"map(alloc: a)",4,64,304,0,2,5042,0,5617.249011993
4,"map(alloc: a)",4,64,304,0,2,7,0,208.592414856
4,"map(alloc: a)",4,64,304,0,2,8096,0,8956.098556519
4,"map(alloc: a)",4,64,304,0,2,2,0,203.049182892
4,"map(alloc: a)",4,64,304,0,2,114,0,328.695774078
4,"map(alloc: a)",4,64,304,0,2,71,0,282.752513885
4,"map(alloc: a)",4,64,304,0,2,1955,0,2333.199977875
4,"map(alloc: a)",4,64,304,0,2,17,0,221.240520477
4,"map(alloc: a)",4,64,304,0,2,472,0,714.945793152
4,"map(alloc: a)",4,64,304,0,2,11,0,213.444232941
4,"map(alloc: a)",4,64,304,0,2,1218,0,1527.404785156
4,"map(alloc: a)",4,64,304,0,2,4,0,206.398963928
4,"map(alloc: a)",4,64,304,0,2,3140,0,3602.850437164
4,"map(alloc: a)",4,64,304,0,2,758,0,1017.308235168
4,"map(alloc: a)",4,64,304,0,2,28,0,232.398509979
4,"map(alloc: a)",4,64,304,0,3,11,0,213.599205017
4,"map(alloc: a)",4,64,304,0,3,4,0,206.100940704
4,"map(alloc: a)",4,64,304,0,3,5042,0,5638.003349304
4,"map(alloc: a)",4,64,304,0,3,183,0,404.191017151
4,"map(alloc: a)",4,64,304,0,3,17,0,221.395492554
4,"map(alloc: a)",4,64,304,0,3,3,0,204.145908356
4,"map(alloc: a)",4,64,304,0,3,28,0,232.243537903
4,"map(alloc: a)",4,64,304,0,3,1218,0,1520.752906799
4,"map(alloc: a)",4,64,304,0,3,114,0,329.208374023
4,"map(alloc: a)",4,64,304,0,3,758,0,1021.146774292
4,"map(alloc: a)",4,64,304,0,3,1955,0,2310.800552368
4,"map(alloc: a)",4,64,304,0,3,472,0,719.296932220
4,"map(alloc: a)",4,64,304,0,3,7,0,208.950042725
4,"map(alloc: a)",4,64,304,0,3,44,0,250.399112701
4,"map(alloc: a)",4,64,304,0,3,3140,0,3573.906421661
4,"map(alloc: a)",4,64,304,0,3,8096,0,9019.804000854
4,"map(alloc: a)",4,64,304,0,3,71,0,282.704830170
4,"map(alloc: a)",4,64,304,0,3,1,0,202.751159668
4,"map(alloc: a)",4,64,304,0,3,2,0,202.941894531
4,"map(alloc: a)",4,64,304,0,3,294,0,524.997711182
4,"map(alloc: a)",4,64,304,0,4,3,0,204.193592072
4,"map(alloc: a)",4,64,304,0,4,8096,0,8880.853652954
4,"map(alloc: a)",4,64,304,0,4,1,0,202.810764313
4,"map(alloc: a)",4,64,304,0,4,28,0,232.195854187
4,"map(alloc: a)",4,64,304,0,4,17,0,221.347808838
4,"map(alloc: a)",4,64,304,0,4,5042,0,5620.598793030
4,"map(alloc: a)",4,64,304,0,4,7,0,208.950042725
4,"map(alloc: a)",4,64,304,0,4,114,0,329.852104187
4,"map(alloc: a)",4,64,304,0,4,44,0,250.148773193
4,"map(alloc: a)",4,64,304,0,4,2,0,202.751159668
4,"map(alloc: a)",4,64,304,0,4,294,0,520.861148834
4,"map(alloc: a)",4,64,304,0,4,758,0,1029.646396637
4,"map(alloc: a)",4,64,304,0,4,183,0,402.498245239
4,"map(alloc: a)",4,64,304,0,4,4,0,206.208229065
4,"map(alloc: a)",4,64,304,0,4,1218,0,1507.651805878
4,"map(alloc: a)",4,64,304,0,4,71,0,282.859802246
4,"map(alloc: a)",4,64,304,0,4,1955,0,2314.352989197
4,"map(alloc: a)",4,64,304,0,4,11,0,213.551521301
4,"map(alloc: a)",4,64,304,0,4,472,0,714.254379272
4,"map(alloc: a)",4,64,304,0,4,3140,0,3611.600399017
4,"map(alloc: a)",4,64,304,1,0,2,0,203.049182892
4,"map(alloc: a)",4,64,304,1,0,4,0,206.196308136
4,"map(alloc: a)",4,64,304,1,0,472,0,714.242458344
4,"map(alloc: a)",4,64,304,1,0,3140,0,3609.001636505
4,"map(alloc: a)",4,64,304,1,0,183,0,403.249263763
4,"map(alloc: a)",4,64,304,1,0,28,0,232.207775116
4,"map(alloc: a)",4,64,304,1,0,71,0,282.502174377
4,"map(alloc: a)",4,64,304,1,0,1218,0,1528.906822205
4,"map(alloc: a)",4,64,304,1,0,294,0,521.397590637
4,"map(alloc: a)",4,64,304,1,0,1,0,202.894210815
4,"map(alloc: a)",4,64,304,1,0,7,0,208.544731140
4,"map(alloc: a)",4,64,304,1,0,1955,0,2341.604232788
4,"map(alloc: a)",4,64,304,1,0,758,0,1017.653942108
4,"map(alloc: a)",4,64,304,1,0,114,0,328.910350800
4,"map(alloc: a)",4,64,304,1,0,11,0,213.348865509
4,"map(alloc: a)",4,64,304,1,0,3,0,204.050540924
4,"map(alloc: a)",4,64,304,1,0,8096,0,8933.353424072
4,"map(alloc: a)",4,64,304,1,0,44,0,250.101089478
4,"map(alloc: a)",4,64,304,1,0,17,0,221.157073975
4,"map(alloc: a)",4,64,304,1,0,5042,0,5660.641193390
4,"map(alloc: a)",4,64,304,1,1,758,0,1022.803783417
4,"map(alloc: a)",4,64,304,1,1,3,0,204.002857208
4,"map(alloc: a)",4,64,304,1,1,3140,0,3586.149215698
4,"map(alloc: a)",4,64,304,1,1,1955,0,2338.004112244
4,"map(alloc: a)",4,64,304,1,1,44,0,253.999233246
4,"map(alloc: a)",4,64,304,1,1,17,0,222.945213318
4,"map(alloc: a)",4,64,304,1,1,294,0,520.849227905
4,"map(alloc: a)",4,64,304,1,1,28,0,232.303142548
4,"map(alloc: a)",4,64,304,1,1,114,0,328.493118286
4,"map(alloc: a)",4,64,304,1,1,2,0,202.798843384
4,"map(alloc: a)",4,64,304,1,1,7,0,208.699703217
4,"map(alloc: a)",4,64,304,1,1,183,0,404.798984528
4,"map(alloc: a)",4,64,304,1,1,8096,0,8906.602859497
4,"map(alloc: a)",4,64,304,1,1,11,0,213.849544525
4,"map(alloc: a)",4,64,304,1,1,1,0,202.798843384
4,"map(alloc: a)",4,64,304,1,1,1218,0,1521.253585815
4,"map(alloc: a)",4,64,304,1,1,472,0,715.351104736
4,"map(alloc: a)",4,64,304,1,1,71,0,282.394886017
4,"map(alloc: a)",4,64,304,1,1,5042,0,5637.097358704
4,"map(alloc: a)",4,64,304,1,1,4,0,206.446647644
4,"map(alloc: a)",4,64,304,1,2,2,0,202.798843384
4,"map(alloc: a)",4,64,304,1,2,71,0,282.549858093
4,"map(alloc: a)",4,64,304,1,2,17,0,221.145153046
4,"map(alloc: a)",4,64,304,1,2,472,0,719.702243805
4,"map(alloc: a)",4,64,304,1,2,5042,0,5610.752105713
4,"map(alloc: a)",4,64,304,1,2,28,0,231.993198395
4,"map(alloc: a)",4,64,304,1,2,44,0,249.898433685
4,"map(alloc: a)",4,64,304,1,2,1218,0,1527.953147888
4,"map(alloc: a)",4,64,304,1,2,4,0,206.255912781
4,"map(alloc: a)",4,64,304,1,2,1955,0,2316.904067993
4,"map(alloc: a)",4,64,304,1,2,183,0,402.653217316
4,"map(alloc: a)",4,64,304,1,2,7,0,208.747386932
4,"map(alloc: a)",4,64,304,1,2,758,0,1022.803783417
4,"map(alloc: a)",4,64,304,1,2,1,0,202.453136444
4,"map(alloc: a)",4,64,304,1,2,3140,0,3592.145442963
4,"map(alloc: a)",4,64,304,1,2,8096,0,8956.444263458
4,"map(alloc: a)",4,64,304,1,2,3,0,204.253196716
4,"map(alloc: a)",4,64,304,1,2,114,0,328.600406647
4,"map(alloc: a)",4,64,304,1,2,11,0,213.599205017
4,"map(alloc: a)",4,64,304,1,2,294,0,524.902343750
4,"map(alloc: a)",4,64,304,1,3,1,0,202.953815460
4,"map(alloc: a)",4,64,304,1,3,17,0,221.395492554
4,"map(alloc: a)",4,64,304,1,3,294,0,520.694255829
4,"map(alloc: a)",4,64,304,1,3,5042,0,5697.500705719
4,"map(alloc: a)",4,64,304,1,3,114,0,328.493118286
4,"map(alloc: a)",4,64,304,1,3,28,0,232.052803040
4,"map(alloc: a)",4,64,304,1,3,1218,0,1507.556438446
4,"map(alloc: a)",4,64,304,1,3,2,0,203.096866608
4,"map(alloc: a)",4,64,304,1,3,3,0,204.157829285
4,"map(alloc: a)",4,64,304,1,3,4,0,206.243991852
4,"map(alloc: a)",4,64,304,1,3,758,0,1021.599769592
4,"map(alloc: a)",4,64,304,1,3,11,0,213.444232941
4,"map(alloc: a)",4,64,304,1,3,44,0,250.351428986
4,"map(alloc: a)",4,64,304,1,3,472,0,711.941719055
4,"map(alloc: a)",4,64,304,1,3,7,0,208.699703217
4,"map(alloc: a)",4,64,304,1,3,1955,0,2327.895164490
4,"map(alloc: a)",4,64,304,1,3,71,0,282.955169678
4,"map(alloc: a)",4,64,304,1,3,183,0,402.700901031
4,"map(alloc: a)",4,64,304,1,3,8096,0,8884.942531586
4,"map(alloc: a)",4,64,304,1,3,3140,0,3627.288341522
4,"map(alloc: a)",4,64,304,1,4,472,0,711.500644684
4,"map(alloc: a)",4,64,304,1,4,71,0,283.050537109
4,"map(alloc: a)",4,64,304,1,4,1,0,203.144550323
4,"map(alloc: a)",4,64,304,1,4,11,0,213.694572449
4,"map(alloc: a)",4,64,304,1,4,4,0,206.351280212
4,"map(alloc: a)",4,64,304,1,4,3140,0,3595.745563507
4,"map(alloc: a)",4,64,304,1,4,28,0,232.160091400
4,"map(alloc: a)",4,64,304,1,4,1218,0,1523.947715759
4,"map(alloc: a)",4,64,304,1,4,2,0,202.655792236
4,"map(alloc: a)",4,64,304,1,4,183,0,402.152538300
4,"map(alloc: a)",4,64,304,1,4,5042,0,5639.648437500
4,"map(alloc: a)",4,64,304,1,4,114,0,329.601764679
4,"map(alloc: a)",4,64,304,1,4,3,0,204.288959503
4,"map(alloc: a)",4,64,304,1,4,44,0,250.148773193
4,"map(alloc: a)",4,64,304,1,4,758,0,1019.799709320
4,"map(alloc: a)",4,64,304,1,4,8096,0,8991.050720215
4,"map(alloc: a)",4,64,304,1,4,1955,0,2312.147617340
4,"map(alloc: a)",4,64,304,1,4,294,0,522.947311401
4,"map(alloc: a)",4,64,304,1,4,7,0,208.497047424
4,"map(alloc: a)",4,64,304,1,4,17,0,221.347808838
4,"map(alloc: a)",16,64,304,0,0,7,0,210.750102997
4,"map(alloc: a)",16,64,304,0,0,114,0,329.542160034
4,"map(alloc: a)",16,64,304,0,0,3,0,204.408168793
4,"map(alloc: a)",16,64,304,0,0,17,0,221.502780914
4,"map(alloc: a)",16,64,304,0,0,1,0,202.858448029
4,"map(alloc: a)",16,64,304,0,0,44,0,250.041484833
4,"map(alloc: a)",16,64,304,0,0,294,0,523.245334625
4,"map(alloc: a)",16,64,304,0,0,3140,0,3611.505031586
4,"map(alloc: a)",16,64,304,0,0,4,0,206.601619720
4,"map(alloc: a)",16,64,304,0,0,1955,0,2308.309078217
4,"map(alloc: a)",16,64,304,0,0,183,0,402.796268463
4,"map(alloc: a)",16,64,304,0,0,8096,0,8990.204334259
4,"map(alloc: a)",16,64,304,0,0,758,0,1019.799709320
4,"map(alloc: a)",16,64,304,0,0,71,0,282.907485962
4,"map(alloc: a)",16,64,304,0,0,2,0,202.596187592
4,"map(alloc: a)",16,64,304,0,0,11,0,213.801860809
4,"map(alloc: a)",16,64,304,0,0,28,0,231.754779816
4,"map(alloc: a)",16,64,304,0,0,5042,0,5645.847320557
4,"map(alloc: a)",16,64,304,0,0,1218,0,1506.853103638
4,"map(alloc: a)",16,64,304,0,0,472,0,718.700885773
4,"map(alloc: a)",16,64,304,0,1,4,0,206.696987152
4,"map(alloc: a)",16,64,304,0,1,1,0,202.894210815
4,"map(alloc: a)",16,64,304,0,1,17,0,221.300125122
4,"map(alloc: a)",16,64,304,0,1,28,0,232.148170471
4,"map(alloc: a)",16,64,304,0,1,11,0,213.658809662
4,"map(alloc: a)",16,64,304,0,1,3140,0,3586.399555206
4,"map(alloc: a)",16,64,304,0,1,2,0,203.049182892
4,"map(alloc: a)",16,64,304,0,1,758,0,1024.949550629
4,"map(alloc: a)",16,64,304,0,1,1218,0,1513.946056366
4,"map(alloc: a)",16,64,304,0,1,44,0,250.542163849
4,"map(alloc: a)",16,64,304,0,1,71,0,282.645225525
4,"map(alloc: a)",16,64,304,0,1,114,0,330.400466919
4,"map(alloc: a)",16,64,304,0,1,294,0,521.147251129
4,"map(alloc: a)",16,64,304,0,1,7,0,208.747386932
4,"map(alloc: a)",16,64,304,0,1,183,0,402.200222015
4,"map(alloc: a)",16,64,304,0,1,8096,0,9018.099308014
4,"map(alloc: a)",16,64,304,0,1,472,0,711.798667908
4,"map(alloc: a)",16,64,304,0,1,1955,0,2319.705486298
4,"map(alloc: a)",16,64,304,0,1,3,0,204.396247864
4,"map(alloc: a)",16,64,304,0,1,5042,0,5675.649642944
4,"map(alloc: a)",16,64,304,0,2,3,0,204.396247864
4,"map(alloc: a)",16,64,304,0,2,44,0,250.101089478
4,"map(alloc: a)",16,64,304,0,2,1,0,202.751159668
4,"map(alloc: a)",16,64,304,0,2,183,0,403.845310211
4,"map(alloc: a)",16,64,304,0,2,294,0,523.149967194
4,"map(alloc: a)",16,64,304,0,2,5042,0,5619.943141937
4,"map(alloc: a)",16,64,304,0,2,7,0,208.806991577
4,"map(alloc: a)",16,64,304,0,2,8096,0,8988.904953003
4,"map(alloc: a)",16,64,304,0,2,2,0,202.953815460
4,"map(alloc: a)",16,64,304,0,2,114,0,329.148769379
4,"map(alloc: a)",16,64,304,0,2,71,0,282.156467438
4,"map(alloc: a)",16,64,304,0,2,1955,0,2341.449260712
4,"map(alloc: a)",16,64,304,0,2,17,0,221.097469330
4,"map(alloc: a)",16,64,304,0,2,472,0,715.398788452
4,"map(alloc: a)",16,64,304,0,2,11,0,213.253498077
4,"map(alloc: a)",16,64,304,0,2,1218,0,1524.949073792
4,"map(alloc: a)",16,64,304,0,2,4,0,206.351280212
4,"map(alloc: a)",16,64,304,0,2,3140,0,3584.098815918
4,"map(alloc: a)",16,64,304,0,2,758,0,1021.254062653
4,"map(alloc: a)",16,64,304,0,2,28,0,232.005119324
4,"map(alloc: a)",16,64,304,0,3,11,0,213.658809662
4,"map(alloc: a)",16,64,304,0,3,4,0,205.945968628
4,"map(alloc: a)",16,64,304,0,3,5042,0,5637.443065643
4,"map(alloc: a)",16,64,304,0,3,183,0,404.357910156
4,"map(alloc: a)",16,64,304,0,3,17,0,221.395492554
4,"map(alloc: a)",16,64,304,0,3,3,0,204.002857208
4,"map(alloc: a)",16,64,304,0,3,28,0,231.897830963
4,"map(alloc: a)",16,64,304,0,3,1218,0,1527.404785156
4,"map(alloc: a)",16,64,304,0,3,114,0,328.397750854
4,"map(alloc: a)",16,64,304,0,3,758,0,1023.304462433
4,"map(alloc: a)",16,64,304,0,3,1955,0,2306.556701660
4,"map(alloc: a)",16,64,304,0,3,472,0,719.046592712
4,"map(alloc: a)",16,64,304,0,3,7,0,208.747386932
4,"map(alloc: a)",16,64,304,0,3,44,0,250.554084778
4,"map(alloc: a)",16,64,304,0,3,3140,0,3586.304187775
4,"map(alloc: a)",16,64,304,0,3,8096,0,8971.905708313
4,"map(alloc: a)",16,64,304,0,3,71,0,284.647941589
4,"map(alloc: a)",16,64,304,0,3,1,0,203.442573547
4,"map(alloc: a)",16,64,304,0,3,2,0,202.798843384
4,"map(alloc: a)",16,64,304,0,3,294,0,523.996353149
4,"map(alloc: a)",16,64,304,0,4,3,0,204.253196716
4,"map(alloc: a)",16,64,304,0,4,8096,0,8882.045745850
4,"map(alloc: a)",16,64,304,0,4,1,0,202.894210815
4,"map(alloc: a)",16,64,304,0,4,28,0,232.350826263
4,"map(alloc: a)",16,64,304,0,4,17,0,221.240520477
4,"map(alloc: a)",16,64,304,0,4,5042,0,5648.946762085
4,"map(alloc: a)",16,64,304,0,4,7,0,208.747386932
4,"map(alloc: a)",16,64,304,0,4,114,0,330.495834351
4,"map(alloc: a)",16,64,304,0,4,44,0,250.160694122
4,"map(alloc: a)",16,64,304,0,4,2,0,202.989578247
4,"map(alloc: a)",16,64,304,0,4,294,0,520.849227905
4,"map(alloc: a)",16,64,304,0,4,758,0,1027.858257294
4,"map(alloc: a)",16,64,304,0,4,183,0,402.796268463
4,"map(alloc: a)",16,64,304,0,4,4,0,206.243991852
4,"map(alloc: a)",16,64,304,0,4,1218,0,1514.256000519
4,"map(alloc: a)",16,64,304,0,4,71,0,282.847881317
4,"map(alloc: a)",16,64,304,0,4,1955,0,2323.341369629
4,"map(alloc: a)",16,64,304,0,4,11,0,213.348865509
4,"map(alloc: a)",16,64,304,0,4,472,0,714.540481567
4,"map(alloc: a)",16,64,304,0,4,3140,0,3612.399101257
4,"map(alloc: a)",16,64,304,1,0,2,0,202.810764313
4,"map(alloc: a)",16,64,304,1,0,4,0,206.351280212
4,"map(alloc: a)",16,64,304,1,0,472,0,712.299346924
4,"map(alloc: a)",16,64,304,1,0,3140,0,3630.208969116
4,"map(alloc: a)",16,64,304,1,0,183,0,402.498245239
4,"map(alloc: a)",16,64,304,1,0,28,0,231.945514679
4,"map(alloc: a)",16,64,304,1,0,71,0,282.502174377
4,"map(alloc: a)",16,64,304,1,0,1218,0,1527.798175812
4,"map(alloc: a)",16,64,304,1,0,294,0,521.600246429
4,"map(alloc: a)",16,64,304,1,0,1,0,202.703475952
4,"map(alloc: a)",16,64,304,1,0,7,0,208.747386932
4,"map(alloc: a)",16,64,304,1,0,1955,0,2333.700656891
4,"map(alloc: a)",16,64,304,1,0,758,0,1022.648811340
4,"map(alloc: a)",16,64,304,1,0,114,0,328.707695007
4,"map(alloc: a)",16,64,304,1,0,11,0,214.052200317
4,"map(alloc: a)",16,64,304,1,0,3,0,204.157829285
4,"map(alloc: a)",16,64,304,1,0,8096,0,8939.301967621
4,"map(alloc: a)",16,64,304,1,0,44,0,250.053405762
4,"map(alloc: a)",16,64,304,1,0,17,0,221.145153046
4,"map(alloc: a)",16,64,304,1,0,5042,0,5681.848526001
4,"map(alloc: a)",16,64,304,1,1,758,0,1019.954681396
4,"map(alloc: a)",16,64,304,1,1,3,0,204.110145569
4,"map(alloc: a)",16,64,304,1,1,3140,0,3574.550151825
4,"map(alloc: a)",16,64,304,1,1,1955,0,2345.895767212
4,"map(alloc: a)",16,64,304,1,1,44,0,250.446796417
4,"map(alloc: a)",16,64,304,1,1,17,0,221.705436707
4,"map(alloc: a)",16,64,304,1,1,294,0,520.849227905
4,"map(alloc: a)",16,64,304,1,1,28,0,232.195854187
4,"map(alloc: a)",16,64,304,1,1,114,0,328.946113586
4,"map(alloc: a)",16,64,304,1,1,2,0,202.846527100
4,"map(alloc: a)",16,64,304,1,1,7,0,208.747386932
4,"map(alloc: a)",16,64,304,1,1,183,0,403.904914856
4,"map(alloc: a)",16,64,304,1,1,8096,0,8935.546875000
4,"map(alloc: a)",16,64,304,1,1,11,0,213.599205017
4,"map(alloc: a)",16,64,304,1,1,1,0,203.061103821
4,"map(alloc: a)",16,64,304,1,1,1218,0,1521.706581116
4,"map(alloc: a)",16,64,304,1,1,472,0,713.944435120
4,"map(alloc: a)",16,64,304,1,1,71,0,282.752513885
4,"map(alloc: a)",16,64,304,1,1,5042,0,5616.605281830
4,"map(alloc: a)",16,64,304,1,1,4,0,206.696987152
4,"map(alloc: a)",16,64,304,1,2,2,0,202.846527100
4,"map(alloc: a)",16,64,304,1,2,71,0,283.098220825
4,"map(alloc: a)",16,64,304,1,2,17,0,221.097469330
4,"map(alloc: a)",16,64,304,1,2,472,0,719.642639160
4,"map(alloc: a)",16,64,304,1,2,5042,0,5612.957477570
4,"map(alloc: a)",16,64,304,1,2,28,0,232.243537903
4,"map(alloc: a)",16,64,304,1,2,44,0,250.303745270
4,"map(alloc: a)",16,64,304,1,2,1218,0,1524.198055267
4,"map(alloc: a)",16,64,304,1,2,4,0,206.446647644
4,"map(alloc: a)",16,64,304,1,2,1955,0,2307.403087616
4,"map(alloc: a)",16,64,304,1,2,183,0,403.153896332
4,"map(alloc: a)",16,64,304,1,2,7,0,208.902359009
4,"map(alloc: a)",16,64,304,1,2,758,0,1022.696495056
4,"map(alloc: a)",16,64,304,1,2,1,0,202.941894531
4,"map(alloc: a)",16,64,304,1,2,3140,0,3585.803508759
4,"map(alloc: a)",16,64,304,1,2,8096,0,8980.607986450
4,"map(alloc: a)",16,64,304,1,2,3,0,204.145908356
4,"map(alloc: a)",16,64,304,1,2,114,0,329.005718231
4,"map(alloc: a)",16,64,304,1,2,11,0,213.396549225
4,"map(alloc: a)",16,64,304,1,2,294,0,525.796413422
4,"map(alloc: a)",16,64,304,1,3,1,0,202.846527100
4,"map(alloc: a)",16,64,304,1,3,17,0,221.359729767
4,"map(alloc: a)",16,64,304,1,3,294,0,520.849227905
4,"map(alloc: a)",16,64,304,1,3,5042,0,5686.652660370
4,"map(alloc: a)",16,64,304,1,3,114,0,328.898429871
4,"map(alloc: a)",16,64,304,1,3,28,0,231.790542603
4,"map(alloc: a)",16,64,304,1,3,1218,0,1516.747474670
4,"map(alloc: a)",16,64,304,1,3,2,0,202.953815460
4,"map(alloc: a)",16,64,304,1,3,3,0,204.098224640
4,"map(alloc: a)",16,64,304,1,3,4,0,206.291675568
4,"map(alloc: a)",16,64,304,1,3,758,0,1021.754741669
4,"map(alloc: a)",16,64,304,1,3,11,0,214.195251465
4,"map(alloc: a)",16,64,304,1,3,44,0,250.446796417
4,"map(alloc: a)",16,64,304,1,3,472,0,713.801383972
4,"map(alloc: a)",16,64,304,1,3,7,0,208.699703217
4,"map(alloc: a)",16,64,304,1,3,1955,0,2338.039875031
4,"map(alloc: a)",16,64,304,1,3,71,0,282.347202301
4,"map(alloc: a)",16,64,304,1,3,183,0,403.404235840
4,"map(alloc: a)",16,64,304,1,3,8096,0,8865.749835968
4,"map(alloc: a)",16,64,304,1,3,3140,0,3627.896308899
4,"map(alloc: a)",16,64,304,1,4,472,0,711.858272552
4,"map(alloc: a)",16,64,304,1,4,71,0,283.145904541
4,"map(alloc: a)",16,64,304,1,4,1,0,202.643871307
4,"map(alloc: a)",16,64,304,1,4,11,0,213.599205017
4,"map(alloc: a)",16,64,304,1,4,4,0,206.494331360
4,"map(alloc: a)",16,64,304,1,4,3140,0,3576.099872589
4,"map(alloc: a)",16,64,304,1,4,28,0,232.100486755
4,"map(alloc: a)",16,64,304,1,4,1218,0,1523.900032043
4,"map(alloc: a)",16,64,304,1,4,2,0,205.302238464
4,"map(alloc: a)",16,64,304,1,4,183,0,402.700901031
4,"map(alloc: a)",16,64,304,1,4,5042,0,5628.252029419
4,"map(alloc: a)",16,64,304,1,4,114,0,329.804420471
4,"map(alloc: a)",16,64,304,1,4,3,0,204.157829285
4,"map(alloc: a)",16,64,304,1,4,44,0,250.554084778
4,"map(alloc: a)",16,64,304,1,4,758,0,1016.807556152
4,"map(alloc: a)",16,64,304,1,4,8096,0,9005.200862885
4,"map(alloc: a)",16,64,304,1,4,1955,0,2307.748794556
4,"map(alloc: a)",16,64,304,1,4,294,0,523.555278778
4,"map(alloc: a)",16,64,304,1,4,7,0,209.152698517
4,"map(alloc: a)",16,64,304,1,4,17,0,221.347808838
4,"map(alloc: a)",64,64,304,0,0,7,0,211.250782013
4,"map(alloc: a)",64,64,304,0,0,114,0,328.397750854
4,"map(alloc: a)",64,64,304,0,0,3,0,204.443931580
4,"map(alloc: a)",64,64,304,0,0,17,0,221.347808838
4,"map(alloc: a)",64,64,304,0,0,1,0,202.894210815
4,"map(alloc: a)",64,64,304,0,0,44,0,250.196456909
4,"map(alloc: a)",64,64,304,0,0,294,0,522.196292877
4,"map(alloc: a)",64,64,304,0,0,3140,0,3620.839118958
4,"map(alloc: a)",64,64,304,0,0,4,0,206.649303436
4,"map(alloc: a)",64,64,304,0,0,1955,0,2322.852611542
4,"map(alloc: a)",64,64,304,0,0,183,0,402.045249939
4,"map(alloc: a)",64,64,304,0,0,8096,0,9015.357494354
4,"map(alloc: a)",64,64,304,0,0,758,0,1018.249988556
4,"map(alloc: a)",64,64,304,0,0,71,0,283.002853394
4,"map(alloc: a)",64,64,304,0,0,2,0,202.703475952
4,"map(alloc: a)",64,64,304,0,0,11,0,213.849544525
4,"map(alloc: a)",64,64,304,0,0,28,0,232.052803040
4,"map(alloc: a)",64,64,304,0,0,5042,0,5629.253387451
4,"map(alloc: a)",64,64,304,0,0,1218,0,1513.504981995
4,"map(alloc: a)",64,64,304,0,0,472,0,715.899467468
4,"map(alloc: a)",64,64,304,0,1,4,0,206.744670868
4,"map(alloc: a)",64,64,304,0,1,1,0,203.096866608
4,"map(alloc: a)",64,64,304,0,1,17,0,221.455097198
4,"map(alloc: a)",64,64,304,0,1,28,0,232.100486755
4,"map(alloc: a)",64,64,304,0,1,11,0,213.849544525
4,"map(alloc: a)",64,64,304,0,1,3140,0,3591.299057007
4,"map(alloc: a)",64,64,304,0,1,2,0,202.953815460
4,"map(alloc: a)",64,64,304,0,1,758,0,1030.349731445
4,"map(alloc: a)",64,64,304,0,1,1218,0,1513.350009918
4,"map(alloc: a)",64,64,304,0,1,44,0,252.056121826
4,"map(alloc: a)",64,64,304,0,1,71,0,282.657146454
4,"map(alloc: a)",64,64,304,0,1,114,0,330.448150635
4,"map(alloc: a)",64,64,304,0,1,294,0,521.552562714
4,"map(alloc: a)",64,64,304,0,1,7,0,208.604335785
4,"map(alloc: a)",64,64,304,0,1,183,0,402.891635895
4,"map(alloc: a)",64,64,304,0,1,8096,0,8985.555171967
4,"map(alloc: a)",64,64,304,0,1,472,0,714.850425720
4,"map(alloc: a)",64,64,304,0,1,1955,0,2307.748794556
4,"map(alloc: a)",64,64,304,0,1,3,0,204.610824585
4,"map(alloc: a)",64,64,304,0,1,5042,0,5660.140514374
4,"map(alloc: a)",64,64,304,0,2,3,0,204.348564148
4,"map(alloc: a)",64,64,304,0,2,44,0,250.494480133
4,"map(alloc: a)",64,64,304,0,2,1,0,202.846527100
4,"map(alloc: a)",64,64,304,0,2,183,0,404.942035675
4,"map(alloc: a)",64,64,304,0,2,294,0,522.446632385
4,"map(alloc: a)",64,64,304,0,2,5042,0,5649.745464325
4,"map(alloc: a)",64,64,304,0,2,7,0,208.699703217
4,"map(alloc: a)",64,64,304,0,2,8096,0,9005.653858185
4,"map(alloc: a)",64,64,304,0,2,2,0,202.846527100
4,"map(alloc: a)",64,64,304,0,2,114,0,329.339504242
4,"map(alloc: a)",64,64,304,0,2,71,0,282.001495361
4,"map(alloc: a)",64,64,304,0,2,1955,0,2338.397502899
4,"map(alloc: a)",64,64,304,0,2,17,0,221.300125122
4,"map(alloc: a)",64,64,304,0,2,472,0,712.800025940
4,"map(alloc: a)",64,64,304,0,2,11,0,213.742256165
4,"map(alloc: a)",64,64,304,0,2,1218,0,1519.799232483
4,"map(alloc: a)",64,64,304,0,2,4,0,206.494331360
4,"map(alloc: a)",64,64,304,0,2,3140,0,3579.747676849
4,"map(alloc: a)",64,64,304,0,2,758,0,1021.742820740
4,"map(alloc: a)",64,64,304,0,2,28,0,232.243537903
4,"map(alloc: a)",64,64,304,0,3,11,0,213.754177094
4,"map(alloc: a)",64,64,304,0,3,4,0,206.351280212
4,"map(alloc: a)",64,64,304,0,3,5042,0,5617.845058441
4,"map(alloc: a)",64,64,304,0,3,183,0,405.061244965
4,"map(alloc: a)",64,64,304,0,3,17,0,221.145153046
4,"map(alloc: a)",64,64,304,0,3,3,0,204.205513000
4,"map(alloc: a)",64,64,304,0,3,28,0,232.052803040
4,"map(alloc: a)",64,64,304,0,3,1218,0,1529.896259308
4,"map(alloc: a)",64,64,304,0,3,114,0,328.850746155
4,"map(alloc: a)",64,64,304,0,3,758,0,1021.897792816
4,"map(alloc: a)",64,64,304,0,3,1955,0,2312.552928925
4,"map(alloc: a)",64,64,304,0,3,472,0,717.306137085
4,"map(alloc: a)",64,64,304,0,3,7,0,209.045410156
4,"map(alloc: a)",64,64,304,0,3,44,0,250.399112701
4,"map(alloc: a)",64,64,304,0,3,3140,0,3596.150875092
4,"map(alloc: a)",64,64,304,0,3,8096,0,8957.743644714
4,"map(alloc: a)",64,64,304,0,3,71,0,283.050537109
4,"map(alloc: a)",64,64,304,0,3,1,0,202.941894531
4,"map(alloc: a)",64,64,304,0,3,2,0,202.846527100
4,"map(alloc: a)",64,64,304,0,3,294,0,525.403022766
4,"map(alloc: a)",64,64,304,0,4,3,0,204.455852509
4,"map(alloc: a)",64,64,304,0,4,8096,0,8941.650390625
4,"map(alloc: a)",64,64,304,0,4,1,0,202.941894531
4,"map(alloc: a)",64,64,304,0,4,28,0,232.398509979
4,"map(alloc: a)",64,64,304,0,4,17,0,221.490859985
4,"map(alloc: a)",64,64,304,0,4,5042,0,5654.001235962
4,"map(alloc: a)",64,64,304,0,4,7,0,208.806991577
4,"map(alloc: a)",64,64,304,0,4,114,0,330.007076263
4,"map(alloc: a)",64,64,304,0,4,44,0,250.339508057
4,"map(alloc: a)",64,64,304,0,4,2,0,202.894210815
4,"map(alloc: a)",64,64,304,0,4,294,0,522.649288177
4,"map(alloc: a)",64,64,304,0,4,758,0,1025.855541229
4,"map(alloc: a)",64,64,304,0,4,183,0,403.797626495
4,"map(alloc: a)",64,64,304,0,4,4,0,206.148624420
4,"map(alloc: a)",64,64,304,0,4,1218,0,1515.555381775
4,"map(alloc: a)",64,64,304,0,4,71,0,282.955169678
4,"map(alloc: a)",64,64,304,0,4,1955,0,2318.143844604
4,"map(alloc: a)",64,64,304,0,4,11,0,213.706493378
4,"map(alloc: a)",64,64,304,0,4,472,0,712.704658508
4,"map(alloc: a)",64,64,304,0,4,3140,0,3631.889820099
4,"map(alloc: a)",64,64,304,1,0,2,0,202.846527100
4,"map(alloc: a)",64,64,304,1,0,4,0,206.458568573
4,"map(alloc: a)",64,64,304,1,0,472,0,711.047649384
4,"map(alloc: a)",64,64,304,1,0,3140,0,3633.296489716
4,"map(alloc: a)",64,64,304,1,0,183,0,402.653217316
4,"map(alloc: a)",64,64,304,1,0,28,0,232.350826263
4,"map(alloc: a)",64,64,304,1,0,71,0,282.847881317
4,"map(alloc: a)",64,64,304,1,0,1218,0,1524.603366852
4,"map(alloc: a)",64,64,304,1,0,294,0,523.507595062
4,"map(alloc: a)",64,64,304,1,0,1,0,202.810764313
4,"map(alloc: a)",64,64,304,1,0,7,0,209.057331085
4,"map(alloc: a)",64,64,304,1,0,1955,0,2329.301834106
4,"map(alloc: a)",64,64,304,1,0,758,0,1022.899150848
4,"map(alloc: a)",64,64,304,1,0,114,0,328.445434570
4,"map(alloc: a)",64,64,304,1,0,11,0,213.897228241
4,"map(alloc: a)",64,64,304,1,0,3,0,204.098224640
4,"map(alloc: a)",64,64,304,1,0,8096,0,8904.039859772
4,"map(alloc: a)",64,64,304,1,0,44,0,250.196456909
4,"map(alloc: a)",64,64,304,1,0,17,0,221.455097198
4,"map(alloc: a)",64,64,304,1,0,5042,0,5691.659450531
4,"map(alloc: a)",64,64,304,1,1,758,0,1018.154621124
4,"map(alloc: a)",64,64,304,1,1,3,0,204.157829285
4,"map(alloc: a)",64,64,304,1,1,3140,0,3575.956821442
4,"map(alloc: a)",64,64,304,1,1,1955,0,2335.453033447
4,"map(alloc: a)",64,64,304,1,1,44,0,250.244140625
4,"map(alloc: a)",64,64,304,1,1,17,0,221.490859985
4,"map(alloc: a)",64,64,304,1,1,294,0,522.947311401
4,"map(alloc: a)",64,64,304,1,1,28,0,232.207775116
4,"map(alloc: a)",64,64,304,1,1,114,0,329.291820526
4,"map(alloc: a)",64,64,304,1,1,2,0,203.001499176
4,"map(alloc: a)",64,64,304,1,1,7,0,209.105014801
4,"map(alloc: a)",64,64,304,1,1,183,0,404.548645020
4,"map(alloc: a)",64,64,304,1,1,8096,0,8920.049667358
4,"map(alloc: a)",64,64,304,1,1,11,0,214.195251465
4,"map(alloc: a)",64,64,304,1,1,1,0,202.751159668
4,"map(alloc: a)",64,64,304,1,1,1218,0,1533.198356628
4,"map(alloc: a)",64,64,304,1,1,472,0,714.647769928
4,"map(alloc: a)",64,64,304,1,1,71,0,283.253192902
4,"map(alloc: a)",64,64,304,1,1,5042,0,5605.149269104
4,"map(alloc: a)",64,64,304,1,1,4,0,206.351280212
4,"map(alloc: a)",64,64,304,1,2,2,0,202.846527100
4,"map(alloc: a)",64,64,304,1,2,71,0,282.704830170
4,"map(alloc: a)",64,64,304,1,2,17,0,221.204757690
4,"map(alloc: a)",64,64,304,1,2,472,0,717.151165009
4,"map(alloc: a)",64,64,304,1,2,5042,0,5642.199516296
4,"map(alloc: a)",64,64,304,1,2,28,0,244.653224945
4,"map(alloc: a)",64,64,304,1,2,44,0,256.943702698
4,"map(alloc: a)",64,64,304,1,2,1218,0,1522.696018219
4,"map(alloc: a)",64,64,304,1,2,4,0,206.398963928
4,"map(alloc: a)",64,64,304,1,2,1955,0,2311.003208160
4,"map(alloc: a)",64,64,304,1,2,183,0,403.153896332
4,"map(alloc: a)",64,64,304,1,2,7,0,208.806991577
4,"map(alloc: a)",64,64,304,1,2,758,0,1019.954681396
4,"map(alloc: a)",64,64,304,1,2,1,0,202.798843384
4,"map(alloc: a)",64,64,304,1,2,3140,0,3572.309017181
4,"map(alloc: a)",64,64,304,1,2,8096,0,9004.294872284
4,"map(alloc: a)",64,64,304,1,2,3,0,204.300880432
4,"map(alloc: a)",64,64,304,1,2,114,0,329.554080963
4,"map(alloc: a)",64,64,304,1,2,11,0,213.849544525
4,"map(alloc: a)",64,64,304,1,2,294,0,525.748729706
4,"map(alloc: a)",64,64,304,1,3,1,0,203.192234039
4,"map(alloc: a)",64,64,304,1,3,17,0,221.204757690
4,"map(alloc: a)",64,64,304,1,3,294,0,522.601604462
4,"map(alloc: a)",64,64,304,1,3,5042,0,5664.002895355
4,"map(alloc: a)",64,64,304,1,3,114,0,329.446792603
4,"map(alloc: a)",64,64,304,1,3,28,0,232.100486755
4,"map(alloc: a)",64,64,304,1,3,1218,0,1514.661312103
4,"map(alloc: a)",64,64,304,1,3,2,0,202.941894531
4,"map(alloc: a)",64,64,304,1,3,3,0,204.145908356
4,"map(alloc: a)",64,64,304,1,3,4,0,206.506252289
4,"map(alloc: a)",64,64,304,1,3,758,0,1018.643379211
4,"map(alloc: a)",64,64,304,1,3,11,0,213.551521301
4,"map(alloc: a)",64,64,304,1,3,44,0,249.993801117
4,"map(alloc: a)",64,64,304,1,3,472,0,715.208053589
4,"map(alloc: a)",64,64,304,1,3,7,0,208.759307861
4,"map(alloc: a)",64,64,304,1,3,1955,0,2341.496944427
4,"map(alloc: a)",64,64,304,1,3,71,0,282.847881317
4,"map(alloc: a)",64,64,304,1,3,183,0,403.249263763
4,"map(alloc: a)",64,64,304,1,3,8096,0,8896.601200104
4,"map(alloc: a)",64,64,304,1,3,3140,0,3613.460063934
4,"map(alloc: a)",64,64,304,1,4,472,0,714.850425720
4,"map(alloc: a)",64,64,304,1,4,71,0,282.144546509
4,"map(alloc: a)",64,64,304,1,4,1,0,202.953815460
4,"map(alloc: a)",64,64,304,1,4,11,0,213.599205017
4,"map(alloc: a)",64,64,304,1,4,4,0,206.506252289
4,"map(alloc: a)",64,64,304,1,4,3140,0,3583.204746246
4,"map(alloc: a)",64,64,304,1,4,28,0,232.207775116
4,"map(alloc: a)",64,64,304,1,4,1218,0,1524.150371552
4,"map(alloc: a)",64,64,304,1,4,2,0,203.001499176
4,"map(alloc: a)",64,64,304,1,4,183,0,403.904914856
4,"map(alloc: a)",64,64,304,1,4,5042,0,5605.053901672
4,"map(alloc: a)",64,64,304,1,4,114,0,330.102443695
4,"map(alloc: a)",64,64,304,1,4,3,0,204.002857208
4,"map(alloc: a)",64,64,304,1,4,44,0,250.792503357
4,"map(alloc: a)",64,64,304,1,4,758,0,1016.747951508
4,"map(alloc: a)",64,64,304,1,4,8096,0,8989.644050598
4,"map(alloc: a)",64,64,304,1,4,1955,0,2317.547798157
4,"map(alloc: a)",64,64,304,1,4,294,0,522.148609161
4,"map(alloc: a)",64,64,304,1,4,7,0,208.806991577
4,"map(alloc: a)",64,64,304,1,4,17,0,221.204757690
4,"map(alloc: a)",256,64,304,0,0,7,0,210.499763489
4,"map(alloc: a)",256,64,304,0,0,114,0,328.743457794
4,"map(alloc: a)",256,64,304,0,0,3,0,204.205513000
4,"map(alloc: a)",256,64,304,0,0,17,0,221.502780914
4,"map(alloc: a)",256,64,304,0,0,1,0,202.751159668
4,"map(alloc: a)",256,64,304,0,0,44,0,250.351428986
4,"map(alloc: a)",256,64,304,0,0,294,0,521.147251129
4,"map(alloc: a)",256,64,304,0,0,3140,0,3630.650043488
4,"map(alloc: a)",256,64,304,0,0,4,0,206.506252289
4,"map(alloc: a)",256,64,304,0,0,1955,0,2322.590351105
4,"map(alloc: a)",256,64,304,0,0,183,0,402.104854584
4,"map(alloc: a)",256,64,304,0,0,8096,0,8989.655971527
4,"map(alloc: a)",256,64,304,0,0,758,0,1020.538806915
4,"map(alloc: a)",256,64,304,0,0,71,0,282.549858093
4,"map(alloc: a)",256,64,304,0,0,2,0,202.894210815
4,"map(alloc: a)",256,64,304,0,0,11,0,213.396549225
4,"map(alloc: a)",256,64,304,0,0,28,0,232.160091400
4,"map(alloc: a)",256,64,304,0,0,5042,0,5612.206459045
4,"map(alloc: a)",256,64,304,0,0,1218,0,1514.494419098
4,"map(alloc: a)",256,64,304,0,0,472,0,716.805458069
4,"map(alloc: a)",256,64,304,0,1,4,0,206.446647644
4,"map(alloc: a)",256,64,304,0,1,1,0,202.798843384
4,"map(alloc: a)",256,64,304,0,1,17,0,221.300125122
4,"map(alloc: a)",256,64,304,0,1,28,0,232.398509979
4,"map(alloc: a)",256,64,304,0,1,11,0,213.742256165
4,"map(alloc: a)",256,64,304,0,1,3140,0,3597.307205200
4,"map(alloc: a)",256,64,304,0,1,2,0,203.001499176
4,"map(alloc: a)",256,64,304,0,1,758,0,1029.956340790
4,"map(alloc: a)",256,64,304,0,1,1218,0,1508.951187134
4,"map(alloc: a)",256,64,304,0,1,44,0,250.554084778
4,"map(alloc: a)",256,64,304,0,1,71,0,282.752513885
4,"map(alloc: a)",256,64,304,0,1,114,0,330.209732056
4,"map(alloc: a)",256,64,304,0,1,294,0,523.459911346
4,"map(alloc: a)",256,64,304,0,1,7,0,208.699703217
4,"map(alloc: a)",256,64,304,0,1,183,0,403.392314911
4,"map(alloc: a)",256,64,304,0,1,8096,0,8964.109420776
4,"map(alloc: a)",256,64,304,0,1,472,0,715.196132660
4,"map(alloc: a)",256,64,304,0,1,1955,0,2314.257621765
4,"map(alloc: a)",256,64,304,0,1,3,0,205.600261688
4,"map(alloc: a)",256,64,304,0,1,5042,0,5674.552917480
4,"map(alloc: a)",256,64,304,0,2,3,0,204.455852509
4,"map(alloc: a)",256,64,304,0,2,44,0,250.411033630
4,"map(alloc: a)",256,64,304,0,2,1,0,202.798843384
4,"map(alloc: a)",256,64,304,0,2,183,0,405.597686768
4,"map(alloc: a)",256,64,304,0,2,294,0,521.457195282
4,"map(alloc: a)",256,64,304,0,2,5042,0,5646.049976349
4,"map(alloc: a)",256,64,304,0,2,7,0,208.842754364
4,"map(alloc: a)",256,64,304,0,2,8096,0,8991.456031799
4,"map(alloc: a)",256,64,304,0,2,2,0,203.001499176
4,"map(alloc: a)",256,64,304,0,2,114,0,328.755378723
4,"map(alloc: a)",256,64,304,0,2,71,0,282.597541809
4,"map(alloc: a)",256,64,304,0,2,1955,0,2328.801155090
4,"map(alloc: a)",256,64,304,0,2,17,0,221.252441406
4,"map(alloc: a)",256,64,304,0,2,472,0,712.299346924
4,"map(alloc: a)",256,64,304,0,2,11,0,213.444232941
4,"map(alloc: a)",256,64,304,0,2,1218,0,1522.147655487
4,"map(alloc: a)",256,64,304,0,2,4,0,206.398963928
4,"map(alloc: a)",256,64,304,0,2,3140,0,3592.050075531
4,"map(alloc: a)",256,64,304,0,2,758,0,1018.047332764
4,"map(alloc: a)",256,64,304,0,2,28,0,232.195854187
4,"map(alloc: a)",256,64,304,0,3,11,0,213.456153870
4,"map(alloc: a)",256,64,304,0,3,4,0,206.351280212
4,"map(alloc: a)",256,64,304,0,3,5042,0,5603.754520416
4,"map(alloc: a)",256,64,304,0,3,183,0,405.299663544
4,"map(alloc: a)",256,64,304,0,3,17,0,221.300125122
4,"map(alloc: a)",256,64,304,0,3,3,0,204.443931580
4,"map(alloc: a)",256,64,304,0,3,28,0,231.957435608
4,"map(alloc: a)",256,64,304,0,3,1218,0,1523.804664612
4,"map(alloc: a)",256,64,304,0,3,114,0,329.256057739
4,"map(alloc: a)",256,64,304,0,3,758,0,1017.594337463
4,"map(alloc: a)",256,64,304,0,3,1955,0,2319.753170013
4,"map(alloc: a)",256,64,304,0,3,472,0,716.853141785
4,"map(alloc: a)",256,64,304,0,3,7,0,208.806991577
4,"map(alloc: a)",256,64,304,0,3,44,0,249.958038330
4,"map(alloc: a)",256,64,304,0,3,3140,0,3588.759899139
4,"map(alloc: a)",256,64,304,0,3,8096,0,8981.752395630
4,"map(alloc: a)",256,64,304,0,3,71,0,282.692909241
4,"map(alloc: a)",256,64,304,0,3,1,0,202.751159668
4,"map(alloc: a)",256,64,304,0,3,2,0,202.655792236
4,"map(alloc: a)",256,64,304,0,3,294,0,526.201725006
4,"map(alloc: a)",256,64,304,0,4,3,0,204.193592072
4,"map(alloc: a)",256,64,304,0,4,8096,0,8941.555023193
4,"map(alloc: a)",256,64,304,0,4,1,0,202.643871307
4,"map(alloc: a)",256,64,304,0,4,28,0,232.243537903
4,"map(alloc: a)",256,64,304,0,4,17,0,221.395492554
4,"map(alloc: a)",256,64,304,0,4,5042,0,5628.454685211
4,"map(alloc: a)",256,64,304,0,4,7,0,208.604335785
4,"map(alloc: a)",256,64,304,0,4,114,0,329.554080963
4,"map(alloc: a)",256,64,304,0,4,44,0,250.494480133
4,"map(alloc: a)",256,64,304,0,4,2,0,203.049182892
4,"map(alloc: a)",256,64,304,0,4,294,0,523.006916046
4,"map(alloc: a)",256,64,304,0,4,758,0,1025.700569153
4,"map(alloc: a)",256,64,304,0,4,183,0,403.308868408
4,"map(alloc: a)",256,64,304,0,4,4,0,206.160545349
4,"map(alloc: a)",256,64,304,0,4,1218,0,1509.654521942
4,"map(alloc: a)",256,64,304,0,4,71,0,283.551216125
4,"map(alloc: a)",256,64,304,0,4,1955,0,2495.741844177
4,"map(alloc: a)",256,64,304,0,4,11,0,214.600563049
4,"map(alloc: a)",256,64,304,0,4,472,0,710.654258728
4,"map(alloc: a)",256,64,304,0,4,3140,0,3634.905815125
4,"map(alloc: a)",256,64,304,1,0,2,0,202.703475952
4,"map(alloc: a)",256,64,304,1,0,4,0,206.148624420
4,"map(alloc: a)",256,64,304,1,0,472,0,712.203979492
4,"map(alloc: a)",256,64,304,1,0,3140,0,3614.199161530
4,"map(alloc: a)",256,64,304,1,0,183,0,403.201580048
4,"map(alloc: a)",256,64,304,1,0,28,0,231.504440308
4,"map(alloc: a)",256,64,304,1,0,71,0,282.347202301
4,"map(alloc: a)",256,64,304,1,0,1218,0,1520.848274231
4,"map(alloc: a)",256,64,304,1,0,294,0,522.947311401
4,"map(alloc: a)",256,64,304,1,0,1,0,202.798843384
4,"map(alloc: a)",256,64,304,1,0,7,0,208.449363708
4,"map(alloc: a)",256,64,304,1,0,1955,0,2332.293987274
4,"map(alloc: a)",256,64,304,1,0,758,0,1019.203662872
4,"map(alloc: a)",256,64,304,1,0,114,0,328.850746155
4,"map(alloc: a)",256,64,304,1,0,11,0,213.205814362
4,"map(alloc: a)",256,64,304,1,0,3,0,204.193592072
4,"map(alloc: a)",256,64,304,1,0,8096,0,8884.441852570
4,"map(alloc: a)",256,64,304,1,0,44,0,250.244140625
4,"map(alloc: a)",256,64,304,1,0,17,0,220.906734467
4,"map(alloc: a)",256,64,304,1,0,5042,0,5680.155754089
4,"map(alloc: a)",256,64,304,1,1,758,0,1019.597053528
4,"map(alloc: a)",256,64,304,1,1,3,0,203.943252563
4,"map(alloc: a)",256,64,304,1,1,3140,0,3591.203689575
4,"map(alloc: a)",256,64,304,1,1,1955,0,2327.609062195
4,"map(alloc: a)",256,64,304,1,1,44,0,250.101089478
4,"map(alloc: a)",256,64,304,1,1,17,0,220.704078674
4,"map(alloc: a)",256,64,304,1,1,294,0,522.899627686
4,"map(alloc: a)",256,64,304,1,1,28,0,231.897830963
4,"map(alloc: a)",256,64,304,1,1,114,0,328.660011292
4,"map(alloc: a)",256,64,304,1,1,2,0,202.596187592
4,"map(alloc: a)",256,64,304,1,1,7,0,208.401679993
4,"map(alloc: a)",256,64,304,1,1,183,0,404.942035675
4,"map(alloc: a)",256,64,304,1,1,8096,0,8882.248401642
4,"map(alloc: a)",256,64,304,1,1,11,0,213.348865509
4,"map(alloc: a)",256,64,304,1,1,1,0,202.441215515
4,"map(alloc: a)",256,64,304,1,1,1218,0,1527.297496796
4,"map(alloc: a)",256,64,304,1,1,472,0,711.953639984
4,"map(alloc: a)",256,64,304,1,1,71,0,282.347202301
4,"map(alloc: a)",256,64,304,1,1,5042,0,5622.053146362
4,"map(alloc: a)",256,64,304,1,1,4,0,206.100940704
4,"map(alloc: a)",256,64,304,1,2,2,0,202.798843384
4,"map(alloc: a)",256,64,304,1,2,71,0,282.001495361
4,"map(alloc: a)",256,64,304,1,2,17,0,221.252441406
4,"map(alloc: a)",256,64,304,1,2,472,0,716.400146484
4,"map(alloc: a)",256,64,304,1,2,5042,0,5648.398399353
4,"map(alloc: a)",256,64,304,1,2,28,0,231.504440308
4,"map(alloc: a)",256,64,304,1,2,44,0,250.053405762
4,"map(alloc: a)",256,64,304,1,2,1218,0,1523.399353027
4,"map(alloc: a)",256,64,304,1,2,4,0,206.255912781
4,"map(alloc: a)",256,64,304,1,2,1955,0,2320.456504822
4,"map(alloc: a)",256,64,304,1,2,183,0,401.592254639
4,"map(alloc: a)",256,64,304,1,2,7,0,208.902359009
4,"map(alloc: a)",256,64,304,1,2,758,0,1017.403602600
4,"map(alloc: a)",256,64,304,1,2,1,0,202.751159668
4,"map(alloc: a)",256,64,304,1,2,3140,0,3573.751449585
4,"map(alloc: a)",256,64,304,1,2,8096,0,8990.097045898
4,"map(alloc: a)",256,64,304,1,2,3,0,214.052200317
4,"map(alloc: a)",256,64,304,1,2,114,0,333.201885223
4,"map(alloc: a)",256,64,304,1,2,11,0,216.352939606
4,"map(alloc: a)",256,64,304,1,2,294,0,524.401664734
4,"map(alloc: a)",256,64,304,1,3,1,0,203.049182892
4,"map(alloc: a)",256,64,304,1,3,17,0,221.145153046
4,"map(alloc: a)",256,64,304,1,3,294,0,522.243976593
4,"map(alloc: a)",256,64,304,1,3,5042,0,5666.804313660
4,"map(alloc: a)",256,64,304,1,3,114,0,328.850746155
4,"map(alloc: a)",256,64,304,1,3,28,0,231.957435608
4,"map(alloc: a)",256,64,304,1,3,1218,0,1509.654521942
4,"map(alloc: a)",256,64,304,1,3,2,0,202.596187592
4,"map(alloc: a)",256,64,304,1,3,3,0,204.253196716
4,"map(alloc: a)",256,64,304,1,3,4,0,206.160545349
4,"map(alloc: a)",256,64,304,1,3,758,0,1016.354560852
4,"map(alloc: a)",256,64,304,1,3,11,0,213.551521301
4,"map(alloc: a)",256,64,304,1,3,44,0,249.803066254
4,"map(alloc: a)",256,64,304,1,3,472,0,713.300704956
4,"map(alloc: a)",256,64,304,1,3,7,0,208.508968353
4,"map(alloc: a)",256,64,304,1,3,1955,0,2333.855628967
4,"map(alloc: a)",256,64,304,1,3,71,0,282.502174377
4,"map(alloc: a)",256,64,304,1,3,183,0,401.949882507
4,"map(alloc: a)",256,64,304,1,3,8096,0,8916.211128235
4,"map(alloc: a)",256,64,304,1,3,3140,0,3610.801696777
4,"map(alloc: a)",256,64,304,1,4,472,0,714.802742004
4,"map(alloc: a)",256,64,304,1,4,71,0,282.204151154
4,"map(alloc: a)",256,64,304,1,4,1,0,202.453136444
4,"map(alloc: a)",256,64,304,1,4,11,0,213.706493378
4,"map(alloc: a)",256,64,304,1,4,4,0,206.196308136
4,"map(alloc: a)",256,64,304,1,4,3140,0,3596.997261047
4,"map(alloc: a)",256,64,304,1,4,28,0,231.599807739
4,"map(alloc: a)",256,64,304,1,4,1218,0,1526.999473572
4,"map(alloc: a)",256,64,304,1,4,2,0,202.441215515
4,"map(alloc: a)",256,64,304,1,4,183,0,403.308868408
4,"map(alloc: a)",256,64,304,1,4,5042,0,5608.201026917
4,"map(alloc: a)",256,64,304,1,4,114,0,329.792499542
4,"map(alloc: a)",256,64,304,1,4,3,0,204.157829285
4,"map(alloc: a)",256,64,304,1,4,44,0,250.148773193
4,"map(alloc: a)",256,64,304,1,4,758,0,1020.801067352
4,"map(alloc: a)",256,64,304,1,4,8096,0,8953.046798706
4,"map(alloc: a)",256,64,304,1,4,1955,0,2376.842498779
4,"map(alloc: a)",256,64,304,1,4,294,0,521.254539490
4,"map(alloc: a)",256,64,304,1,4,7,0,208.604335785
4,"map(alloc: a)",256,64,304,1,4,17,0,221.097469330
4,"map(alloc: a)",1024,64,304,0,0,7,0,210.642814636
4,"map(alloc: a)",1024,64,304,0,0,114,0,329.256057739
4,"map(alloc: a)",1024,64,304,0,0,3,0,203.895568848
4,"map(alloc: a)",1024,64,304,0,0,17,0,221.300125122
4,"map(alloc: a)",1024,64,304,0,0,1,0,202.643871307
4,"map(alloc: a)",1024,64,304,0,0,44,0,250.399112701
4,"map(alloc: a)",1024,64,304,0,0,294,0,520.598888397
4,"map(alloc: a)",1024,64,304,0,0,3140,0,3621.101379395
4,"map(alloc: a)",1024,64,304,0,0,4,0,206.148624420
4,"map(alloc: a)",1024,64,304,0,0,1955,0,2312.946319580
4,"map(alloc: a)",1024,64,304,0,0,183,0,404.298305511
4,"map(alloc: a)",1024,64,304,0,0,8096,0,8953.392505646
4,"map(alloc: a)",1024,64,304,0,0,758,0,1022.458076477
4,"map(alloc: a)",1024,64,304,0,0,71,0,281.655788422
4,"map(alloc: a)",1024,64,304,0,0,2,0,202.548503876
4,"map(alloc: a)",1024,64,304,0,0,11,0,213.456153870
4,"map(alloc: a)",1024,64,304,0,0,28,0,231.754779816
4,"map(alloc: a)",1024,64,304,0,0,5042,0,5635.154247284
4,"map(alloc: a)",1024,64,304,0,0,1218,0,1508.390903473
4,"map(alloc: a)",1024,64,304,0,0,472,0,718.355178833
4,"map(alloc: a)",1024,64,304,0,1,4,0,205.850601196
4,"map(alloc: a)",1024,64,304,0,1,1,0,202.298164368
4,"map(alloc: a)",1024,64,304,0,1,17,0,220.954418182
4,"map(alloc: a)",1024,64,304,0,1,28,0,231.897830963
4,"map(alloc: a)",1024,64,304,0,1,11,0,213.050842285
4,"map(alloc: a)",1024,64,304,0,1,3140,0,3592.145442963
4,"map(alloc: a)",1024,64,304,0,1,2,0,202.655792236
4,"map(alloc: a)",1024,64,304,0,1,758,0,1026.093959808
4,"map(alloc: a)",1024,64,304,0,1,1218,0,1516.449451447
4,"map(alloc: a)",1024,64,304,0,1,44,0,249.791145325
4,"map(alloc: a)",1024,64,304,0,1,71,0,282.454490662
4,"map(alloc: a)",1024,64,304,0,1,114,0,329.101085663
4,"map(alloc: a)",1024,64,304,0,1,294,0,522.744655609
4,"map(alloc: a)",1024,64,304,0,1,7,0,208.294391632
4,"map(alloc: a)",1024,64,304,0,1,183,0,402.402877808
4,"map(alloc: a)",1024,64,304,0,1,8096,0,8991.742134094
4,"map(alloc: a)",1024,64,304,0,1,472,0,712.597370148
4,"map(alloc: a)",1024,64,304,0,1,1955,0,2322.244644165
4,"map(alloc: a)",1024,64,304,0,1,3,0,203.943252563
4,"map(alloc: a)",1024,64,304,0,1,5042,0,5690.801143646
4,"map(alloc: a)",1024,64,304,0,2,3,0,204.145908356
4,"map(alloc: a)",1024,64,304,0,2,44,0,250.196456909
4,"map(alloc: a)",1024,64,304,0,2,1,0,202.655792236
4,"map(alloc: a)",1024,64,304,0,2,183,0,404.655933380
4,"map(alloc: a)",1024,64,304,0,2,294,0,521.802902222
4,"map(alloc: a)",1024,64,304,0,2,5042,0,5628.108978271
4,"map(alloc: a)",1024,64,304,0,2,7,0,208.544731140
4,"map(alloc: a)",1024,64,304,0,2,8096,0,8963.155746460
4,"map(alloc: a)",1024,64,304,0,2,2,0,202.739238739
4,"map(alloc: a)",1024,64,304,0,2,114,0,328.409671783
4,"map(alloc: a)",1024,64,304,0,2,71,0,282.454490662
4,"map(alloc: a)",1024,64,304,0,2,1955,0,2329.599857330
4,"map(alloc: a)",1024,64,304,0,2,17,0,220.847129822
4,"map(alloc: a)",1024,64,304,0,2,472,0,713.300704956
4,"map(alloc: a)",1024,64,304,0,2,11,0,213.301181793
4,"map(alloc: a)",1024,64,304,0,2,1218,0,1526.808738708
4,"map(alloc: a)",1024,64,304,0,2,4,0,205.898284912
4,"map(alloc: a)",1024,64,304,0,2,3140,0,3597.843647003
4,"map(alloc: a)",1024,64,304,0,2,758,0,1021.099090576
4,"map(alloc: a)",1024,64,304,0,2,28,0,236.201286316
4,"map(alloc: a)",1024,64,304,0,3,11,0,215.399265289
4,"map(alloc: a)",1024,64,304,0,3,4,0,207.054615021
4,"map(alloc: a)",1024,64,304,0,3,5042,0,5620.956420898
4,"map(alloc: a)",1024,64,304,0,3,183,0,404.298305511
4,"map(alloc: a)",1024,64,304,0,3,17,0,221.300125122
4,"map(alloc: a)",1024,64,304,0,3,3,0,203.895568848
4,"map(alloc: a)",1024,64,304,0,3,28,0,231.897830963
4,"map(alloc: a)",1024,64,304,0,3,1218,0,1519.703865051
4,"map(alloc: a)",1024,64,304,0,3,114,0,328.850746155
4,"map(alloc: a)",1024,64,304,0,3,758,0,1017.653942108
4,"map(alloc: a)",1024,64,304,0,3,1955,0,2314.102649689
4,"map(alloc: a)",1024,64,304,0,3,472,0,717.294216156
4,"map(alloc: a)",1024,64,304,0,3,7,0,208.389759064
4,"map(alloc: a)",1024,64,304,0,3,44,0,249.993801117
4,"map(alloc: a)",1024,64,304,0,3,3140,0,3574.657440186
4,"map(alloc: a)",1024,64,304,0,3,8096,0,9016.895294189
4,"map(alloc: a)",1024,64,304,0,3,71,0,282.049179077
4,"map(alloc: a)",1024,64,304,0,3,1,0,202.643871307
4,"map(alloc: a)",1024,64,304,0,3,2,0,202.655792236
4,"map(alloc: a)",1024,64,304,0,3,294,0,525.045394897
4,"map(alloc: a)",1024,64,304,0,4,3,0,203.645229340
4,"map(alloc: a)",1024,64,304,0,4,8096,0,8896.148204803
4,"map(alloc: a)",1024,64,304,0,4,1,0,202.500820160
4,"map(alloc: a)",1024,64,304,0,4,28,0,231.754779816
4,"map(alloc: a)",1024,64,304,0,4,17,0,221.204757690
4,"map(alloc: a)",1024,64,304,0,4,5042,0,5618.250370026
4,"map(alloc: a)",1024,64,304,0,4,7,0,208.699703217
4,"map(alloc: a)",1024,64,304,0,4,114,0,328.946113586
4,"map(alloc: a)",1024,64,304,0,4,44,0,249.946117401
4,"map(alloc: a)",1024,64,304,0,4,2,0,202.548503876
4,"map(alloc: a)",1024,64,304,0,4,294,0,520.956516266
4,"map(alloc: a)",1024,64,304,0,4,758,0,1029.896736145
4,"map(alloc: a)",1024,64,304,0,4,183,0,401.747226715
4,"map(alloc: a)",1024,64,304,0,4,4,0,205.957889557
4,"map(alloc: a)",1024,64,304,0,4,1218,0,1506.245136261
4,"map(alloc: a)",1024,64,304,0,4,71,0,283.098220825
4,"map(alloc: a)",1024,64,304,0,4,1955,0,2307.450771332
4,"map(alloc: a)",1024,64,304,0,4,11,0,213.301181793
4,"map(alloc: a)",1024,64,304,0,4,472,0,712.251663208
4,"map(alloc: a)",1024,64,304,0,4,3140,0,3617.000579834
4,"map(alloc: a)",1024,64,304,1,0,2,0,202.703475952
4,"map(alloc: a)",1024,64,304,1,0,4,0,206.041336060
4,"map(alloc: a)",1024,64,304,1,0,472,0,713.992118835
4,"map(alloc: a)",1024,64,304,1,0,3140,0,3611.552715302
4,"map(alloc: a)",1024,64,304,1,0,183,0,403.249263763
4,"map(alloc: a)",1024,64,304,1,0,28,0,231.802463531
4,"map(alloc: a)",1024,64,304,1,0,71,0,282.251834869
4,"map(alloc: a)",1024,64,304,1,0,1218,0,1522.994041443
4,"map(alloc: a)",1024,64,304,1,0,294,0,521.290302277
4,"map(alloc: a)",1024,64,304,1,0,1,0,202.500820160
4,"map(alloc: a)",1024,64,304,1,0,7,0,208.699703217
4,"map(alloc: a)",1024,64,304,1,0,1955,0,2337.944507599
4,"map(alloc: a)",1024,64,304,1,0,758,0,1017.546653748
4,"map(alloc: a)",1024,64,304,1,0,114,0,328.838825226
4,"map(alloc: a)",1024,64,304,1,0,11,0,212.991237640
4,"map(alloc: a)",1024,64,304,1,0,3,0,203.597545624
4,"map(alloc: a)",1024,64,304,1,0,8096,0,8904.600143433
4,"map(alloc: a)",1024,64,304,1,0,44,0,249.898433685
4,"map(alloc: a)",1024,64,304,1,0,17,0,221.002101898
4,"map(alloc: a)",1024,64,304,1,0,5042,0,5657.303333282
4,"map(alloc: a)",1024,64,304,1,1,758,0,1024.198532104
4,"map(alloc: a)",1024,64,304,1,1,3,0,203.955173492
4,"map(alloc: a)",1024,64,304,1,1,3140,0,3595.101833344
4,"map(alloc: a)",1024,64,304,1,1,1955,0,2328.944206238
4,"map(alloc: a)",1024,64,304,1,1,44,0,250.005722046
4,"map(alloc: a)",1024,64,304,1,1,17,0,221.049785614
4,"map(alloc: a)",1024,64,304,1,1,294,0,521.206855774
4,"map(alloc: a)",1024,64,304,1,1,28,0,232.100486755
4,"map(alloc: a)",1024,64,304,1,1,114,0,328.195095062
4,"map(alloc: a)",1024,64,304,1,1,2,0,202.655792236
4,"map(alloc: a)",1024,64,304,1,1,7,0,208.556652069
4,"map(alloc: a)",1024,64,304,1,1,183,0,404.798984528
4,"map(alloc: a)",1024,64,304,1,1,8096,0,8882.343769073
4,"map(alloc: a)",1024,64,304,1,1,11,0,213.348865509
4,"map(alloc: a)",1024,64,304,1,1,1,0,202.393531799
4,"map(alloc: a)",1024,64,304,1,1,1218,0,1522.493362427
4,"map(alloc: a)",1024,64,304,1,1,472,0,714.600086212
4,"map(alloc: a)",1024,64,304,1,1,71,0,282.347202301
4,"map(alloc: a)",1024,64,304,1,1,5042,0,5634.748935699
4,"map(alloc: a)",1024,64,304,1,1,4,0,205.993652344
4,"map(alloc: a)",1024,64,304,1,2,2,0,202.548503876
4,"map(alloc: a)",1024,64,304,1,2,71,0,282.108783722
4,"map(alloc: a)",1024,64,304,1,2,17,0,221.109390259
4,"map(alloc: a)",1024,64,304,1,2,472,0,718.009471893
4,"map(alloc: a)",1024,64,304,1,2,5042,0,5625.545978546
4,"map(alloc: a)",1024,64,304,1,2,28,0,231.647491455
4,"map(alloc: a)",1024,64,304,1,2,44,0,249.838829041
4,"map(alloc: a)",1024,64,304,1,2,1218,0,1526.951789856
4,"map(alloc: a)",1024,64,304,1,2,4,0,205.945968628
4,"map(alloc: a)",1024,64,304,1,2,1955,0,2324.950695038
4,"map(alloc: a)",1024,64,304,1,2,183,0,401.699542999
4,"map(alloc: a)",1024,64,304,1,2,7,0,208.401679993
4,"map(alloc: a)",1024,64,304,1,2,758,0,1019.549369812
4,"map(alloc: a)",1024,64,304,1,2,1,0,202.357769012
4,"map(alloc: a)",1024,64,304,1,2,3140,0,3592.801094055
4,"map(alloc: a)",1024,64,304,1,2,8096,0,8963.346481323
4,"map(alloc: a)",1024,64,304,1,2,3,0,203.907489777
4,"map(alloc: a)",1024,64,304,1,2,114,0,328.052043915
4,"map(alloc: a)",1024,64,304,1,2,11,0,213.551521301
4,"map(alloc: a)",1024,64,304,1,2,294,0,523.900985718
4,"map(alloc: a)",1024,64,304,1,3,1,0,202.298164368
4,"map(alloc: a)",1024,64,304,1,3,17,0,221.049785614
4,"map(alloc: a)",1024,64,304,1,3,294,0,520.992279053
4,"map(alloc: a)",1024,64,304,1,3,5042,0,5689.704418182
4,"map(alloc: a)",1024,64,304,1,3,114,0,327.849388123
4,"map(alloc: a)",1024,64,304,1,3,28,0,231.707096100
4,"map(alloc: a)",1024,64,304,1,3,1218,0,1506.102085114
4,"map(alloc: a)",1024,64,304,1,3,2,0,202.691555023
4,"map(alloc: a)",1024,64,304,1,3,3,0,203.752517700
4,"map(alloc: a)",1024,64,304,1,3,4,0,206.100940704
4,"map(alloc: a)",1024,64,304,1,3,758,0,1164.305210114
4,"map(alloc: a)",1024,64,304,1,3,11,0,213.503837585
4,"map(alloc: a)",1024,64,304,1,3,44,0,250.196456909
4,"map(alloc: a)",1024,64,304,1,3,472,0,710.940361023
4,"map(alloc: a)",1024,64,304,1,3,7,0,208.652019501
4,"map(alloc: a)",1024,64,304,1,3,1955,0,2330.303192139
4,"map(alloc: a)",1024,64,304,1,3,71,0,282.752513885
4,"map(alloc: a)",1024,64,304,1,3,183,0,402.152538300
4,"map(alloc: a)",1024,64,304,1,3,8096,0,8902.645111084
4,"map(alloc: a)",1024,64,304,1,3,3140,0,3620.958328247
4,"map(alloc: a)",1024,64,304,1,4,472,0,712.454319000
4,"map(alloc: a)",1024,64,304,1,4,71,0,282.406806946
4,"map(alloc: a)",1024,64,304,1,4,1,0,202.548503876
4,"map(alloc: a)",1024,64,304,1,4,11,0,213.503837585
4,"map(alloc: a)",1024,64,304,1,4,4,0,206.208229065
4,"map(alloc: a)",1024,64,304,1,4,3140,0,3598.856925964
4,"map(alloc: a)",1024,64,304,1,4,28,0,231.552124023
4,"map(alloc: a)",1024,64,304,1,4,1218,0,1525.199413300
4,"map(alloc: a)",1024,64,304,1,4,2,0,202.643871307
4,"map(alloc: a)",1024,64,304,1,4,183,0,402.092933655
4,"map(alloc: a)",1024,64,304,1,4,5042,0,5633.401870728
4,"map(alloc: a)",1024,64,304,1,4,114,0,329.053401947
4,"map(alloc: a)",1024,64,304,1,4,3,0,203.895568848
4,"map(alloc: a)",1024,64,304,1,4,44,0,249.743461609
4,"map(alloc: a)",1024,64,304,1,4,758,0,1021.194458008
4,"map(alloc: a)",1024,64,304,1,4,8096,0,8958.649635315
4,"map(alloc: a)",1024,64,304,1,4,1955,0,2317.297458649
4,"map(alloc: a)",1024,64,304,1,4,294,0,522.148609161
4,"map(alloc: a)",1024,64,304,1,4,7,0,208.389759064
4,"map(alloc: a)",1024,64,304,1,4,17,0,221.395492554
4,"map(alloc: a)",4096,64,304,0,0,7,0,211.000442505
4,"map(alloc: a)",4096,64,304,0,0,114,0,329.041481018
4,"map(alloc: a)",4096,64,304,0,0,3,0,203.847885132
4,"map(alloc: a)",4096,64,304,0,0,17,0,221.204757690
4,"map(alloc: a)",4096,64,304,0,0,1,0,202.703475952
4,"map(alloc: a)",4096,64,304,0,0,44,0,250.101089478
4,"map(alloc: a)",4096,64,304,0,0,294,0,522.601604462
4,"map(alloc: a)",4096,64,304,0,0,3140,0,3609.049320221
4,"map(alloc: a)",4096,64,304,0,0,4,0,206.243991852
4,"map(alloc: a)",4096,64,304,0,0,1955,0,2306.699752808
4,"map(alloc: a)",4096,64,304,0,0,183,0,403.153896332
4,"map(alloc: a)",4096,64,304,0,0,8096,0,8964.395523071
4,"map(alloc: a)",4096,64,304,0,0,758,0,1020.050048828
4,"map(alloc: a)",4096,64,304,0,0,71,0,282.490253448
4,"map(alloc: a)",4096,64,304,0,0,2,0,202.643871307
4,"map(alloc: a)",4096,64,304,0,0,11,0,213.444232941
4,"map(alloc: a)",4096,64,304,0,0,28,0,231.599807739
4,"map(alloc: a)",4096,64,304,0,0,5042,0,5652.749538422
4,"map(alloc: a)",4096,64,304,0,0,1218,0,1505.494117737
4,"map(alloc: a)",4096,64,304,0,0,472,0,718.748569489
4,"map(alloc: a)",4096,64,304,0,1,4,0,206.398963928
4,"map(alloc: a)",4096,64,304,0,1,1,0,202.751159668
4,"map(alloc: a)",4096,64,304,0,1,17,0,220.847129822
4,"map(alloc: a)",4096,64,304,0,1,28,0,232.100486755
4,"map(alloc: a)",4096,64,304,0,1,11,0,213.503837585
4,"map(alloc: a)",4096,64,304,0,1,3140,0,3575.205802917
4,"map(alloc: a)",4096,64,304,0,1,2,0,202.798843384
4,"map(alloc: a)",4096,64,304,0,1,758,0,1030.600070953
4,"map(alloc: a)",4096,64,304,0,1,1218,0,1517.140865326
4,"map(alloc: a)",4096,64,304,0,1,44,0,250.053405762
4,"map(alloc: a)",4096,64,304,0,1,71,0,282.549858093
4,"map(alloc: a)",4096,64,304,0,1,114,0,329.601764679
4,"map(alloc: a)",4096,64,304,0,1,294,0,521.695613861
4,"map(alloc: a)",4096,64,304,0,1,7,0,208.747386932
4,"map(alloc: a)",4096,64,304,0,1,183,0,401.401519775
4,"map(alloc: a)",4096,64,304,0,1,8096,0,8998.847007751
4,"map(alloc: a)",4096,64,304,0,1,472,0,711.047649384
4,"map(alloc: a)",4096,64,304,0,1,1955,0,2325.296401978
4,"map(alloc: a)",4096,64,304,0,1,3,0,204.002857208
4,"map(alloc: a)",4096,64,304,0,1,5042,0,5686.306953430
4,"map(alloc: a)",4096,64,304,0,2,3,0,204.050540924
4,"map(alloc: a)",4096,64,304,0,2,44,0,249.850749969
4,"map(alloc: a)",4096,64,304,0,2,1,0,202.751159668
4,"map(alloc: a)",4096,64,304,0,2,183,0,404.095649719
4,"map(alloc: a)",4096,64,304,0,2,294,0,522.804260254
4,"map(alloc: a)",4096,64,304,0,2,5042,0,5618.298053741
4,"map(alloc: a)",4096,64,304,0,2,7,0,208.699703217
4,"map(alloc: a)",4096,64,304,0,2,8096,0,8951.902389526
4,"map(alloc: a)",4096,64,304,0,2,2,0,202.596187592
4,"map(alloc: a)",4096,64,304,0,2,114,0,328.850746155
4,"map(alloc: a)",4096,64,304,0,2,71,0,282.251834869
4,"map(alloc: a)",4096,64,304,0,2,1955,0,2340.650558472
4,"map(alloc: a)",4096,64,304,0,2,17,0,221.157073975
4,"map(alloc: a)",4096,64,304,0,2,472,0,715.196132660
4,"map(alloc: a)",4096,64,304,0,2,11,0,213.348865509
4,"map(alloc: a)",4096,64,304,0,2,1218,0,1526.951789856
4,"map(alloc: a)",4096,64,304,0,2,4,0,206.458568573
4,"map(alloc: a)",4096,64,304,0,2,3140,0,3596.043586731
4,"map(alloc: a)",4096,64,304,0,2,758,0,1018.750667572
4,"map(alloc: a)",4096,64,304,0,2,28,0,231.945514679
4,"map(alloc: a)",4096,64,304,0,3,11,0,213.301181793
4,"map(alloc: a)",4096,64,304,0,3,4,0,205.945968628
4,"map(alloc: a)",4096,64,304,0,3,5042,0,5631.148815155
4,"map(alloc: a)",4096,64,304,0,3,183,0,403.797626495
4,"map(alloc: a)",4096,64,304,0,3,17,0,221.204757690
4,"map(alloc: a)",4096,64,304,0,3,3,0,203.955173492
4,"map(alloc: a)",4096,64,304,0,3,28,0,232.052803040
4,"map(alloc: a)",4096,64,304,0,3,1218,0,1524.400711060
4,"map(alloc: a)",4096,64,304,0,3,114,0,328.302383423
4,"map(alloc: a)",4096,64,304,0,3,758,0,1022.601127625
4,"map(alloc: a)",4096,64,304,0,3,1955,0,2303.755283356
4,"map(alloc: a)",4096,64,304,0,3,472,0,718.605518341
4,"map(alloc: a)",4096,64,304,0,3,7,0,208.652019501
4,"map(alloc: a)",4096,64,304,0,3,44,0,263.202190399
4,"map(alloc: a)",4096,64,304,0,3,3140,0,3577.303886414
4,"map(alloc: a)",4096,64,304,0,3,8096,0,8998.250961304
4,"map(alloc: a)",4096,64,304,0,3,71,0,282.549858093
4,"map(alloc: a)",4096,64,304,0,3,1,0,202.751159668
4,"map(alloc: a)",4096,64,304,0,3,2,0,203.049182892
4,"map(alloc: a)",4096,64,304,0,3,294,0,524.199008942
4,"map(alloc: a)",4096,64,304,0,4,3,0,204.002857208
4,"map(alloc: a)",4096,64,304,0,4,8096,0,8888.256549835
4,"map(alloc: a)",4096,64,304,0,4,1,0,202.751159668
4,"map(alloc: a)",4096,64,304,0,4,28,0,231.957435608
4,"map(alloc: a)",4096,64,304,0,4,17,0,222.003459930
4,"map(alloc: a)",4096,64,304,0,4,5042,0,5634.152889252
4,"map(alloc: a)",4096,64,304,0,4,7,0,208.544731140
4,"map(alloc: a)",4096,64,304,0,4,114,0,331.151485443
4,"map(alloc: a)",4096,64,304,0,4,44,0,249.993801117
4,"map(alloc: a)",4096,64,304,0,4,2,0,202.894210815
4,"map(alloc: a)",4096,64,304,0,4,294,0,520.896911621
4,"map(alloc: a)",4096,64,304,0,4,758,0,1028.954982758
4,"map(alloc: a)",4096,64,304,0,4,183,0,402.295589447
4,"map(alloc: a)",4096,64,304,0,4,4,0,206.148624420
4,"map(alloc: a)",4096,64,304,0,4,1218,0,1510.643959045
4,"map(alloc: a)",4096,64,304,0,4,71,0,282.704830170
4,"map(alloc: a)",4096,64,304,0,4,1955,0,2322.745323181
4,"map(alloc: a)",4096,64,304,0,4,11,0,213.456153870
4,"map(alloc: a)",4096,64,304,0,4,472,0,713.896751404
4,"map(alloc: a)",4096,64,304,0,4,3140,0,3607.702255249
4,"map(alloc: a)",4096,64,304,1,0,2,0,202.703475952
4,"map(alloc: a)",4096,64,304,1,0,4,0,206.339359283
4,"map(alloc: a)",4096,64,304,1,0,472,0,713.038444519
4,"map(alloc: a)",4096,64,304,1,0,3140,0,3620.648384094
4,"map(alloc: a)",4096,64,304,1,0,183,0,402.510166168
4,"map(alloc: a)",4096,64,304,1,0,28,0,231.742858887
4,"map(alloc: a)",4096,64,304,1,0,71,0,281.846523285
4,"map(alloc: a)",4096,64,304,1,0,1218,0,1528.549194336
4,"map(alloc: a)",4096,64,304,1,0,294,0,521.397590637
4,"map(alloc: a)",4096,64,304,1,0,1,0,202.703475952
4,"map(alloc: a)",4096,64,304,1,0,7,0,208.544731140
4,"map(alloc: a)",4096,64,304,1,0,1955,0,2334.797382355
4,"map(alloc: a)",4096,64,304,1,0,758,0,1020.443439484
4,"map(alloc: a)",4096,64,304,1,0,114,0,328.397750854
4,"map(alloc: a)",4096,64,304,1,0,11,0,213.658809662
4,"map(alloc: a)",4096,64,304,1,0,3,0,204.050540924
4,"map(alloc: a)",4096,64,304,1,0,8096,0,8935.451507568
4,"map(alloc: a)",4096,64,304,1,0,44,0,249.850749969
4,"map(alloc: a)",4096,64,304,1,0,17,0,220.942497253
4,"map(alloc: a)",4096,64,304,1,0,5042,0,5667.746067047
4,"map(alloc: a)",4096,64,304,1,1,758,0,1021.194458008
4,"map(alloc: a)",4096,64,304,1,1,3,0,204.050540924
4,"map(alloc: a)",4096,64,304,1,1,3140,0,3580.749034882
4,"map(alloc: a)",4096,64,304,1,1,1955,0,2341.246604919
4,"map(alloc: a)",4096,64,304,1,1,44,0,250.196456909
4,"map(alloc: a)",4096,64,304,1,1,17,0,221.443176270
4,"map(alloc: a)",4096,64,304,1,1,294,0,520.753860474
4,"map(alloc: a)",4096,64,304,1,1,28,0,232.243537903
4,"map(alloc: a)",4096,64,304,1,1,114,0,336.992740631
4,"map(alloc: a)",4096,64,304,1,1,2,0,211.358070374
4,"map(alloc: a)",4096,64,304,1,1,7,0,214.648246765
4,"map(alloc: a)",4096,64,304,1,1,183,0,407.302379608
4,"map(alloc: a)",4096,64,304,1,1,8096,0,8931.100368500
4,"map(alloc: a)",4096,64,304,1,1,11,0,213.599205017
4,"map(alloc: a)",4096,64,304,1,1,1,0,202.894210815
4,"map(alloc: a)",4096,64,304,1,1,1218,0,1518.952846527
4,"map(alloc: a)",4096,64,304,1,1,472,0,714.504718781
4,"map(alloc: a)",4096,64,304,1,1,71,0,282.096862793
4,"map(alloc: a)",4096,64,304,1,1,5042,0,5760.192871094
4,"map(alloc: a)",4096,64,304,1,1,4,0,206.446647644
4,"map(alloc: a)",4096,64,304,1,2,2,0,202.643871307
4,"map(alloc: a)",4096,64,304,1,2,71,0,285.041332245
4,"map(alloc: a)",4096,64,304,1,2,17,0,231.695175171
4,"map(alloc: a)",4096,64,304,1,2,472,0,722.503662109
4,"map(alloc: a)",4096,64,304,1,2,5042,0,5608.344078064
4,"map(alloc: a)",4096,64,304,1,2,28,0,231.945514679
4,"map(alloc: a)",4096,64,304,1,2,44,0,250.101089478
4,"map(alloc: a)",4096,64,304,1,2,1218,0,1525.902748108
4,"map(alloc: a)",4096,64,304,1,2,4,0,206.255912781
4,"map(alloc: a)",4096,64,304,1,2,1955,0,2315.402030945
4,"map(alloc: a)",4096,64,304,1,2,183,0,402.855873108
4,"map(alloc: a)",4096,64,304,1,2,7,0,208.806991577
4,"map(alloc: a)",4096,64,304,1,2,758,0,1022.350788116
4,"map(alloc: a)",4096,64,304,1,2,1,0,202.846527100
4,"map(alloc: a)",4096,64,304,1,2,3140,0,3595.399856567
4,"map(alloc: a)",4096,64,304,1,2,8096,0,8966.100215912
4,"map(alloc: a)",4096,64,304,1,2,3,0,203.955173492
4,"map(alloc: a)",4096,64,304,1,2,114,0,328.397750854
4,"map(alloc: a)",4096,64,304,1,2,11,0,213.396549225
4,"map(alloc: a)",4096,64,304,1,2,294,0,526.154041290
4,"map(alloc: a)",4096,64,304,1,3,1,0,202.798843384
4,"map(alloc: a)",4096,64,304,1,3,17,0,221.097469330
4,"map(alloc: a)",4096,64,304,1,3,294,0,520.503520966
4,"map(alloc: a)",4096,64,304,1,3,5042,0,5697.751045227
4,"map(alloc: a)",4096,64,304,1,3,114,0,328.099727631
4,"map(alloc: a)",4096,64,304,1,3,28,0,231.850147247
4,"map(alloc: a)",4096,64,304,1,3,1218,0,1510.500907898
4,"map(alloc: a)",4096,64,304,1,3,2,0,202.894210815
4,"map(alloc: a)",4096,64,304,1,3,3,0,204.253196716
4,"map(alloc: a)",4096,64,304,1,3,4,0,206.243991852
4,"map(alloc: a)",4096,64,304,1,3,758,0,1020.991802216
4,"map(alloc: a)",4096,64,304,1,3,11,0,213.646888733
4,"map(alloc: a)",4096,64,304,1,3,44,0,250.303745270
4,"map(alloc: a)",4096,64,304,1,3,472,0,711.703300476
4,"map(alloc: a)",4096,64,304,1,3,7,0,208.556652069
4,"map(alloc: a)",4096,64,304,1,3,1955,0,2331.006526947
4,"map(alloc: a)",4096,64,304,1,3,71,0,282.204151154
4,"map(alloc: a)",4096,64,304,1,3,183,0,403.392314911
4,"map(alloc: a)",4096,64,304,1,3,8096,0,8856.809139252
4,"map(alloc: a)",4096,64,304,1,3,3140,0,3624.653816223
4,"map(alloc: a)",4096,64,304,1,4,472,0,711.047649384
4,"map(alloc: a)",4096,64,304,1,4,71,0,282.955169678
4,"map(alloc: a)",4096,64,304,1,4,1,0,202.441215515
4,"map(alloc: a)",4096,64,304,1,4,11,0,213.491916656
4,"map(alloc: a)",4096,64,304,1,4,4,0,206.148624420
4,"map(alloc: a)",4096,64,304,1,4,3140,0,3588.998317719
4,"map(alloc: a)",4096,64,304,1,4,28,0,232.100486755
4,"map(alloc: a)",4096,64,304,1,4,1218,0,1518.154144287
4,"map(alloc: a)",4096,64,304,1,4,2,0,202.941894531
4,"map(alloc: a)",4096,64,304,1,4,183,0,401.794910431
4,"map(alloc: a)",4096,64,304,1,4,5042,0,5639.100074768
4,"map(alloc: a)",4096,64,304,1,4,114,0,330.042839050
4,"map(alloc: a)",4096,64,304,1,4,3,0,204.050540924
4,"map(alloc: a)",4096,64,304,1,4,44,0,250.303745270
4,"map(alloc: a)",4096,64,304,1,4,758,0,1016.950607300
4,"map(alloc: a)",4096,64,304,1,4,8096,0,9011.197090149
4,"map(alloc: a)",4096,64,304,1,4,1955,0,2306.294441223
4,"map(alloc: a)",4096,64,304,1,4,294,0,523.304939270
4,"map(alloc: a)",4096,64,304,1,4,7,0,208.854675293
4,"map(alloc: a)",4096,64,304,1,4,17,0,221.252441406
4,"map(alloc: a)",16384,64,304,0,0,7,0,210.547447205
4,"map(alloc: a)",16384,64,304,0,0,114,0,329.148769379
4,"map(alloc: a)",16384,64,304,0,0,3,0,204.050540924
4,"map(alloc: a)",16384,64,304,0,0,17,0,221.252441406
4,"map(alloc: a)",16384,64,304,0,0,1,0,202.846527100
4,"map(alloc: a)",16384,64,304,0,0,44,0,250.399112701
4,"map(alloc: a)",16384,64,304,0,0,294,0,523.245334625
4,"map(alloc: a)",16384,64,304,0,0,3140,0,3620.541095734
4,"map(alloc: a)",16384,64,304,0,0,4,0,206.410884857
4,"map(alloc: a)",16384,64,304,0,0,1955,0,2321.946620941
4,"map(alloc: a)",16384,64,304,0,0,183,0,402.700901031
4,"map(alloc: a)",16384,64,304,0,0,8096,0,9035.992622375
4,"map(alloc: a)",16384,64,304,0,0,758,0,1019.203662872
4,"map(alloc: a)",16384,64,304,0,0,71,0,282.907485962
4,"map(alloc: a)",16384,64,304,0,0,2,0,202.643871307
4,"map(alloc: a)",16384,64,304,0,0,11,0,213.551521301
4,"map(alloc: a)",16384,64,304,0,0,28,0,231.850147247
4,"map(alloc: a)",16384,64,304,0,0,5042,0,5646.955966949
4,"map(alloc: a)",16384,64,304,0,0,1218,0,1513.957977295
4,"map(alloc: a)",16384,64,304,0,0,472,0,717.842578888
4,"map(alloc: a)",16384,64,304,0,1,4,0,206.303596497
4,"map(alloc: a)",16384,64,304,0,1,1,0,202.596187592
4,"map(alloc: a)",16384,64,304,0,1,17,0,221.347808838
4,"map(alloc: a)",16384,64,304,0,1,28,0,232.005119324
4,"map(alloc: a)",16384,64,304,0,1,11,0,213.503837585
4,"map(alloc: a)",16384,64,304,0,1,3140,0,3591.549396515
4,"map(alloc: a)",16384,64,304,0,1,2,0,202.703475952
4,"map(alloc: a)",16384,64,304,0,1,758,0,1029.551029205
4,"map(alloc: a)",16384,64,304,0,1,1218,0,1514.697074890
4,"map(alloc: a)",16384,64,304,0,1,44,0,250.339508057
4,"map(alloc: a)",16384,64,304,0,1,71,0,282.001495361
4,"map(alloc: a)",16384,64,304,0,1,114,0,330.257415771
4,"map(alloc: a)",16384,64,304,0,1,294,0,521.802902222
4,"map(alloc: a)",16384,64,304,0,1,7,0,208.401679993
4,"map(alloc: a)",16384,64,304,0,1,183,0,402.653217316
4,"map(alloc: a)",16384,64,304,0,1,8096,0,9009.051322937
4,"map(alloc: a)",16384,64,304,0,1,472,0,713.992118835
4,"map(alloc: a)",16384,64,304,0,1,1955,0,2317.750453949
4,"map(alloc: a)",16384,64,304,0,1,3,0,203.847885132
4,"map(alloc: a)",16384,64,304,0,1,5042,0,5672.955513000
4,"map(alloc: a)",16384,64,304,0,2,3,0,204.205513000
4,"map(alloc: a)",16384,64,304,0,2,44,0,249.993801117
4,"map(alloc: a)",16384,64,304,0,2,1,0,202.906131744
4,"map(alloc: a)",16384,64,304,0,2,183,0,404.047966003
4,"map(alloc: a)",16384,64,304,0,2,294,0,523.304939270
4,"map(alloc: a)",16384,64,304,0,2,5042,0,5647.003650665
4,"map(alloc: a)",16384,64,304,0,2,7,0,208.652019501
4,"map(alloc: a)",16384,64,304,0,2,8096,0,9033.143520355
4,"map(alloc: a)",16384,64,304,0,2,2,0,202.548503876
4,"map(alloc: a)",16384,64,304,0,2,114,0,329.601764679
4,"map(alloc: a)",16384,64,304,0,2,71,0,282.454490662
4,"map(alloc: a)",16384,64,304,0,2,1955,0,2348.554134369
4,"map(alloc: a)",16384,64,304,0,2,17,0,221.145153046
4,"map(alloc: a)",16384,64,304,0,2,472,0,714.457035065
4,"map(alloc: a)",16384,64,304,0,2,11,0,215.303897858
4,"map(alloc: a)",16384,64,304,0,2,1218,0,1526.355743408
4,"map(alloc: a)",16384,64,304,0,2,4,0,206.303596497
4,"map(alloc: a)",16384,64,304,0,2,3140,0,3591.656684875
4,"map(alloc: a)",16384,64,304,0,2,758,0,1023.149490356
4,"map(alloc: a)",16384,64,304,0,2,28,0,232.255458832
4,"map(alloc: a)",16384,64,304,0,3,11,0,213.992595673
4,"map(alloc: a)",16384,64,304,0,3,4,0,206.100940704
4,"map(alloc: a)",16384,64,304,0,3,5042,0,5641.496181488
4,"map(alloc: a)",16384,64,304,0,3,183,0,405.001640320
4,"map(alloc: a)",16384,64,304,0,3,17,0,221.097469330
4,"map(alloc: a)",16384,64,304,0,3,3,0,203.955173492
4,"map(alloc: a)",16384,64,304,0,3,28,0,231.790542603
4,"map(alloc: a)",16384,64,304,0,3,1218,0,1531.600952148
4,"map(alloc: a)",16384,64,304,0,3,114,0,328.600406647
4,"map(alloc: a)",16384,64,304,0,3,758,0,1024.997234344
4,"map(alloc: a)",16384,64,304,0,3,1955,0,2311.754226685
4,"map(alloc: a)",16384,64,304,0,3,472,0,719.499588013
4,"map(alloc: a)",16384,64,304,0,3,7,0,208.497047424
4,"map(alloc: a)",16384,64,304,0,3,44,0,250.339508057
4,"map(alloc: a)",16384,64,304,0,3,3140,0,3601.551055908
4,"map(alloc: a)",16384,64,304,0,3,8096,0,8974.456787109
4,"map(alloc: a)",16384,64,304,0,3,71,0,282.704830170
4,"map(alloc: a)",16384,64,304,0,3,1,0,202.643871307
4,"map(alloc: a)",16384,64,304,0,3,2,0,202.751159668
4,"map(alloc: a)",16384,64,304,0,3,294,0,524.640083313
4,"map(alloc: a)",16384,64,304,0,4,3,0,204.253196716
4,"map(alloc: a)",16384,64,304,0,4,8096,0,8925.044536591
4,"map(alloc: a)",16384,64,304,0,4,1,0,202.846527100
4,"map(alloc: a)",16384,64,304,0,4,28,0,232.148170471
4,"map(alloc: a)",16384,64,304,0,4,17,0,221.049785614
4,"map(alloc: a)",16384,64,304,0,4,5042,0,5662.953853607
4,"map(alloc: a)",16384,64,304,0,4,7,0,209.045410156
4,"map(alloc: a)",16384,64,304,0,4,114,0,330.460071564
4,"map(alloc: a)",16384,64,304,0,4,44,0,250.101089478
4,"map(alloc: a)",16384,64,304,0,4,2,0,202.691555023
4,"map(alloc: a)",16384,64,304,0,4,294,0,522.303581238
4,"map(alloc: a)",16384,64,304,0,4,758,0,1029.098033905
4,"map(alloc: a)",16384,64,304,0,4,183,0,403.642654419
4,"map(alloc: a)",16384,64,304,0,4,4,0,206.148624420
4,"map(alloc: a)",16384,64,304,0,4,1218,0,1516.759395599
4,"map(alloc: a)",16384,64,304,0,4,71,0,282.740592957
4,"map(alloc: a)",16384,64,304,0,4,1955,0,2330.160140991
4,"map(alloc: a)",16384,64,304,0,4,11,0,213.408470154
4,"map(alloc: a)",16384,64,304,0,4,472,0,713.944435120
4,"map(alloc: a)",16384,64,304,0,4,3140,0,3625.440597534
4,"map(alloc: a)",16384,64,304,1,0,2,0,202.751159668
4,"map(alloc: a)",16384,64,304,1,0,4,0,206.339359283
4,"map(alloc: a)",16384,64,304,1,0,472,0,712.049007416
4,"map(alloc: a)",16384,64,304,1,0,3140,0,3634.858131409
4,"map(alloc: a)",16384,64,304,1,0,183,0,402.402877808
4,"map(alloc: a)",16384,64,304,1,0,28,0,232.195854187
4,"map(alloc: a)",16384,64,304,1,0,71,0,282.454490662
4,"map(alloc: a)",16384,64,304,1,0,1218,0,1529.347896576
4,"map(alloc: a)",16384,64,304,1,0,294,0,522.589683533
4,"map(alloc: a)",16384,64,304,1,0,1,0,202.751159668
4,"map(alloc: a)",16384,64,304,1,0,7,0,208.747386932
4,"map(alloc: a)",16384,64,304,1,0,1955,0,2331.304550171
4,"map(alloc: a)",16384,64,304,1,0,758,0,1023.852825165
4,"map(alloc: a)",16384,64,304,1,0,114,0,328.350067139
4,"map(alloc: a)",16384,64,304,1,0,11,0,213.611125946
4,"map(alloc: a)",16384,64,304,1,0,3,0,203.800201416
4,"map(alloc: a)",16384,64,304,1,0,8096,0,8942.949771881
4,"map(alloc: a)",16384,64,304,1,0,44,0,250.244140625
4,"map(alloc: a)",16384,64,304,1,0,17,0,221.502780914
4,"map(alloc: a)",16384,64,304,1,0,5042,0,5701.243877411
4,"map(alloc: a)",16384,64,304,1,1,758,0,1019.656658173
4,"map(alloc: a)",16384,64,304,1,1,3,0,203.990936279
4,"map(alloc: a)",16384,64,304,1,1,3140,0,3582.453727722
4,"map(alloc: a)",16384,64,304,1,1,1955,0,2348.399162292
4,"map(alloc: a)",16384,64,304,1,1,44,0,250.709056854
4,"map(alloc: a)",16384,64,304,1,1,17,0,221.252441406
4,"map(alloc: a)",16384,64,304,1,1,294,0,522.351264954
4,"map(alloc: a)",16384,64,304,1,1,28,0,232.052803040
4,"map(alloc: a)",16384,64,304,1,1,114,0,329.148769379
4,"map(alloc: a)",16384,64,304,1,1,2,0,202.548503876
4,"map(alloc: a)",16384,64,304,1,1,7,0,208.747386932
4,"map(alloc: a)",16384,64,304,1,1,183,0,404.250621796
4,"map(alloc: a)",16384,64,304,1,1,8096,0,8957.552909851
4,"map(alloc: a)",16384,64,304,1,1,11,0,213.658809662
4,"map(alloc: a)",16384,64,304,1,1,1,0,202.608108521
4,"map(alloc: a)",16384,64,304,1,1,1218,0,1525.652408600
4,"map(alloc: a)",16384,64,304,1,1,472,0,713.598728180
4,"map(alloc: a)",16384,64,304,1,1,71,0,283.050537109
4,"map(alloc: a)",16384,64,304,1,1,5042,0,5613.350868225
4,"map(alloc: a)",16384,64,304,1,1,4,0,206.148624420
4,"map(alloc: a)",16384,64,304,1,2,2,0,202.858448029
4,"map(alloc: a)",16384,64,304,1,2,71,0,282.752513885
4,"map(alloc: a)",16384,64,304,1,2,17,0,221.252441406
4,"map(alloc: a)",16384,64,304,1,2,472,0,719.547271729
4,"map(alloc: a)",16384,64,304,1,2,5042,0,5642.902851105
4,"map(alloc: a)",16384,64,304,1,2,28,0,231.802463531
4,"map(alloc: a)",16384,64,304,1,2,44,0,250.005722046
4,"map(alloc: a)",16384,64,304,1,2,1218,0,1523.244380951
4,"map(alloc: a)",16384,64,304,1,2,4,0,206.243991852
4,"map(alloc: a)",16384,64,304,1,2,1955,0,2313.399314880
4,"map(alloc: a)",16384,64,304,1,2,183,0,403.559207916
4,"map(alloc: a)",16384,64,304,1,2,7,0,208.401679993
4,"map(alloc: a)",16384,64,304,1,2,758,0,1022.899150848
4,"map(alloc: a)",16384,64,304,1,2,1,0,202.703475952
4,"map(alloc: a)",16384,64,304,1,2,3140,0,3589.606285095
4,"map(alloc: a)",16384,64,304,1,2,8096,0,9021.902084351
4,"map(alloc: a)",16384,64,304,1,2,3,0,203.740596771
4,"map(alloc: a)",16384,64,304,1,2,114,0,329.244136810
4,"map(alloc: a)",16384,64,304,1,2,11,0,213.491916656
4,"map(alloc: a)",16384,64,304,1,2,294,0,526.392459869
4,"map(alloc: a)",16384,64,304,1,3,1,0,202.453136444
4,"map(alloc: a)",16384,64,304,1,3,17,0,221.145153046
4,"map(alloc: a)",16384,64,304,1,3,294,0,522.148609161
4,"map(alloc: a)",16384,64,304,1,3,5042,0,5686.497688293
4,"map(alloc: a)",16384,64,304,1,3,114,0,329.148769379
4,"map(alloc: a)",16384,64,304,1,3,28,0,231.647491455
4,"map(alloc: a)",16384,64,304,1,3,1218,0,1517.057418823
4,"map(alloc: a)",16384,64,304,1,3,2,0,202.751159668
4,"map(alloc: a)",16384,64,304,1,3,3,0,204.241275787
4,"map(alloc: a)",16384,64,304,1,3,4,0,206.100940704
4,"map(alloc: a)",16384,64,304,1,3,758,0,1021.599769592
4,"map(alloc: a)",16384,64,304,1,3,11,0,213.539600372
4,"map(alloc: a)",16384,64,304,1,3,44,0,250.148773193
4,"map(alloc: a)",16384,64,304,1,3,472,0,715.792179108
4,"map(alloc: a)",16384,64,304,1,3,7,0,208.556652069
4,"map(alloc: a)",16384,64,304,1,3,1955,0,2344.298362732
4,"map(alloc: a)",16384,64,304,1,3,71,0,282.549858093
4,"map(alloc: a)",16384,64,304,1,3,183,0,403.749942780
4,"map(alloc: a)",16384,64,304,1,3,8096,0,8892.345428467
4,"map(alloc: a)",16384,64,304,1,3,3140,0,3631.746768951
4,"map(alloc: a)",16384,64,304,1,4,472,0,713.849067688
4,"map(alloc: a)",16384,64,304,1,4,71,0,282.192230225
4,"map(alloc: a)",16384,64,304,1,4,1,0,202.846527100
4,"map(alloc: a)",16384,64,304,1,4,11,0,213.408470154
4,"map(alloc: a)",16384,64,304,1,4,4,0,206.255912781
4,"map(alloc: a)",16384,64,304,1,4,3140,0,3589.248657227
4,"map(alloc: a)",16384,64,304,1,4,28,0,232.005119324
4,"map(alloc: a)",16384,64,304,1,4,1218,0,1527.893543243
4,"map(alloc: a)",16384,64,304,1,4,2,0,206.053256989
4,"map(alloc: a)",16384,64,304,1,4,183,0,403.940677643
4,"map(alloc: a)",16384,64,304,1,4,5042,0,5627.751350403
4,"map(alloc: a)",16384,64,304,1,4,114,0,330.150127411
4,"map(alloc: a)",16384,64,304,1,4,3,0,204.348564148
4,"map(alloc: a)",16384,64,304,1,4,44,0,250.196456909
4,"map(alloc: a)",16384,64,304,1,4,758,0,1018.345355988
4,"map(alloc: a)",16384,64,304,1,4,8096,0,9024.643898010
4,"map(alloc: a)",16384,64,304,1,4,1955,0,2312.493324280
4,"map(alloc: a)",16384,64,304,1,4,294,0,524.640083313
4,"map(alloc: a)",16384,64,304,1,4,7,0,208.652019501
4,"map(alloc: a)",16384,64,304,1,4,17,0,221.157073975
4,"map(alloc: a)",65536,64,304,0,0,7,0,210.702419281
4,"map(alloc: a)",65536,64,304,0,0,114,0,328.946113586
4,"map(alloc: a)",65536,64,304,0,0,3,0,204.050540924
4,"map(alloc: a)",65536,64,304,0,0,17,0,221.157073975
4,"map(alloc: a)",65536,64,304,0,0,1,0,202.703475952
4,"map(alloc: a)",65536,64,304,0,0,44,0,250.351428986
4,"map(alloc: a)",65536,64,304,0,0,294,0,522.255897522
4,"map(alloc: a)",65536,64,304,0,0,3140,0,3640.353679657
4,"map(alloc: a)",65536,64,304,0,0,4,0,206.100940704
4,"map(alloc: a)",65536,64,304,0,0,1955,0,2327.144145966
4,"map(alloc: a)",65536,64,304,0,0,183,0,402.247905731
4,"map(alloc: a)",65536,64,304,0,0,8096,0,9031.701087952
4,"map(alloc: a)",65536,64,304,0,0,758,0,1020.848751068
4,"map(alloc: a)",65536,64,304,0,0,71,0,282.597541809
4,"map(alloc: a)",65536,64,304,0,0,2,0,202.608108521
4,"map(alloc: a)",65536,64,304,0,0,11,0,213.599205017
4,"map(alloc: a)",65536,64,304,0,0,28,0,232.005119324
4,"map(alloc: a)",65536,64,304,0,0,5042,0,5635.643005371
4,"map(alloc: a)",65536,64,304,0,0,1218,0,1519.048213959
4,"map(alloc: a)",65536,64,304,0,0,472,0,718.200206757
4,"map(alloc: a)",65536,64,304,0,1,4,0,206.196308136
4,"map(alloc: a)",65536,64,304,0,1,1,0,202.691555023
4,"map(alloc: a)",65536,64,304,0,1,17,0,220.942497253
4,"map(alloc: a)",65536,64,304,0,1,28,0,232.100486755
4,"map(alloc: a)",65536,64,304,0,1,11,0,213.348865509
4,"map(alloc: a)",65536,64,304,0,1,3140,0,3607.094287872
4,"map(alloc: a)",65536,64,304,0,1,2,0,202.453136444
4,"map(alloc: a)",65536,64,304,0,1,758,0,1031.041145325
4,"map(alloc: a)",65536,64,304,0,1,1218,0,1511.847972870
4,"map(alloc: a)",65536,64,304,0,1,44,0,250.506401062
4,"map(alloc: a)",65536,64,304,0,1,71,0,282.490253448
4,"map(alloc: a)",65536,64,304,0,1,114,0,330.257415771
4,"map(alloc: a)",65536,64,304,0,1,294,0,523.447990417
4,"map(alloc: a)",65536,64,304,0,1,7,0,208.449363708
4,"map(alloc: a)",65536,64,304,0,1,183,0,403.594970703
4,"map(alloc: a)",65536,64,304,0,1,8096,0,8978.199958801
4,"map(alloc: a)",65536,64,304,0,1,472,0,716.245174408
4,"map(alloc: a)",65536,64,304,0,1,1955,0,2317.547798157
4,"map(alloc: a)",65536,64,304,0,1,3,0,203.955173492
4,"map(alloc: a)",65536,64,304,0,1,5042,0,5684.101581573
4,"map(alloc: a)",65536,64,304,0,2,3,0,204.098224640
4,"map(alloc: a)",65536,64,304,0,2,44,0,249.946117401
4,"map(alloc: a)",65536,64,304,0,2,1,0,202.798843384
4,"map(alloc: a)",65536,64,304,0,2,183,0,405.502319336
4,"map(alloc: a)",65536,64,304,0,2,294,0,522.351264954
4,"map(alloc: a)",65536,64,304,0,2,5042,0,5666.542053223
4,"map(alloc: a)",65536,64,304,0,2,7,0,208.604335785
4,"map(alloc: a)",65536,64,304,0,2,8096,0,9033.048152924
4,"map(alloc: a)",65536,64,304,0,2,2,0,202.655792236
4,"map(alloc: a)",65536,64,304,0,2,114,0,329.244136810
4,"map(alloc: a)",65536,64,304,0,2,71,0,282.347202301
4,"map(alloc: a)",65536,64,304,0,2,1955,0,2336.156368256
4,"map(alloc: a)",65536,64,304,0,2,17,0,221.204757690
4,"map(alloc: a)",65536,64,304,0,2,472,0,713.300704956
4,"map(alloc: a)",65536,64,304,0,2,11,0,213.348865509
4,"map(alloc: a)",65536,64,304,0,2,1218,0,1523.101329803
4,"map(alloc: a)",65536,64,304,0,2,4,0,206.196308136
4,"map(alloc: a)",65536,64,304,0,2,3140,0,3589.403629303
4,"map(alloc: a)",65536,64,304,0,2,758,0,1021.444797516
4,"map(alloc: a)",65536,64,304,0,2,28,0,232.052803040
4,"map(alloc: a)",65536,64,304,0,3,11,0,213.396549225
4,"map(alloc: a)",65536,64,304,0,3,4,0,205.945968628
4,"map(alloc: a)",65536,64,304,0,3,5042,0,5617.702007294
4,"map(alloc: a)",65536,64,304,0,3,183,0,405.645370483
4,"map(alloc: a)",65536,64,304,0,3,17,0,221.145153046
4,"map(alloc: a)",65536,64,304,0,3,3,0,204.348564148
4,"map(alloc: a)",65536,64,304,0,3,28,0,231.850147247
4,"map(alloc: a)",65536,64,304,0,3,1218,0,1528.441905975
4,"map(alloc: a)",65536,64,304,0,3,114,0,329.148769379
4,"map(alloc: a)",65536,64,304,0,3,758,0,1022.243499756
4,"map(alloc: a)",65536,64,304,0,3,1955,0,2327.144145966
4,"map(alloc: a)",65536,64,304,0,3,472,0,716.948509216
4,"map(alloc: a)",65536,64,304,0,3,7,0,208.747386932
4,"map(alloc: a)",65536,64,304,0,3,44,0,250.244140625
4,"map(alloc: a)",65536,64,304,0,3,3140,0,3666.758537292
4,"map(alloc: a)",65536,64,304,0,3,8096,0,8995.294570923
4,"map(alloc: a)",65536,64,304,0,3,71,0,282.692909241
4,"map(alloc: a)",65536,64,304,0,3,1,0,202.596187592
4,"map(alloc: a)",65536,64,304,0,3,2,0,202.548503876
4,"map(alloc: a)",65536,64,304,0,3,294,0,526.499748230
4,"map(alloc: a)",65536,64,304,0,4,3,0,203.800201416
4,"map(alloc: a)",65536,64,304,0,4,8096,0,8968.949317932
4,"map(alloc: a)",65536,64,304,0,4,1,0,203.001499176
4,"map(alloc: a)",65536,64,304,0,4,28,0,232.243537903
4,"map(alloc: a)",65536,64,304,0,4,17,0,221.049785614
4,"map(alloc: a)",65536,64,304,0,4,5042,0,5648.303031921
4,"map(alloc: a)",65536,64,304,0,4,7,0,211.000442505
4,"map(alloc: a)",65536,64,304,0,4,114,0,338.447093964
4,"map(alloc: a)",65536,64,304,0,4,44,0,254.797935486
4,"map(alloc: a)",65536,64,304,0,4,2,0,205.504894257
4,"map(alloc: a)",65536,64,304,0,4,294,0,524.055957794
4,"map(alloc: a)",65536,64,304,0,4,758,0,1027.703285217
4,"map(alloc: a)",65536,64,304,0,4,183,0,404.405593872
4,"map(alloc: a)",65536,64,304,0,4,4,0,206.100940704
4,"map(alloc: a)",65536,64,304,0,4,1218,0,1516.509056091
4,"map(alloc: a)",65536,64,304,0,4,71,0,283.551216125
4,"map(alloc: a)",65536,64,304,0,4,1955,0,2320.599555969
4,"map(alloc: a)",65536,64,304,0,4,11,0,213.408470154
4,"map(alloc: a)",65536,64,304,0,4,472,0,711.798667908
4,"map(alloc: a)",65536,64,304,0,4,3140,0,3635.549545288
4,"map(alloc: a)",65536,64,304,1,0,2,0,202.441215515
4,"map(alloc: a)",65536,64,304,1,0,4,0,206.100940704
4,"map(alloc: a)",65536,64,304,1,0,472,0,712.454319000
4,"map(alloc: a)",65536,64,304,1,0,3140,0,3630.399703979
4,"map(alloc: a)",65536,64,304,1,0,183,0,402.998924255
4,"map(alloc: a)",65536,64,304,1,0,28,0,231.707096100
4,"map(alloc: a)",65536,64,304,1,0,71,0,282.645225525
4,"map(alloc: a)",65536,64,304,1,0,1218,0,1522.302627563
4,"map(alloc: a)",65536,64,304,1,0,294,0,523.698329926
4,"map(alloc: a)",65536,64,304,1,0,1,0,202.608108521
4,"map(alloc: a)",65536,64,304,1,0,7,0,208.497047424
4,"map(alloc: a)",65536,64,304,1,0,1955,0,2333.950996399
4,"map(alloc: a)",65536,64,304,1,0,758,0,1023.447513580
4,"map(alloc: a)",65536,64,304,1,0,114,0,328.993797302
4,"map(alloc: a)",65536,64,304,1,0,11,0,213.503837585
4,"map(alloc: a)",65536,64,304,1,0,3,0,204.050540924
4,"map(alloc: a)",65536,64,304,1,0,8096,0,8902.347087860
4,"map(alloc: a)",65536,64,304,1,0,44,0,250.399112701
4,"map(alloc: a)",65536,64,304,1,0,17,0,220.942497253
4,"map(alloc: a)",65536,64,304,1,0,5042,0,5715.847015381
4,"map(alloc: a)",65536,64,304,1,1,758,0,1021.051406860
4,"map(alloc: a)",65536,64,304,1,1,3,0,204.145908356
4,"map(alloc: a)",65536,64,304,1,1,3140,0,3592.705726624
4,"map(alloc: a)",65536,64,304,1,1,1955,0,2335.953712463
4,"map(alloc: a)",65536,64,304,1,1,44,0,250.446796417
4,"map(alloc: a)",65536,64,304,1,1,17,0,220.894813538
4,"map(alloc: a)",65536,64,304,1,1,294,0,523.352622986
4,"map(alloc: a)",65536,64,304,1,1,28,0,232.100486755
4,"map(alloc: a)",65536,64,304,1,1,114,0,329.446792603
4,"map(alloc: a)",65536,64,304,1,1,2,0,202.798843384
4,"map(alloc: a)",65536,64,304,1,1,7,0,208.556652069
4,"map(alloc: a)",65536,64,304,1,1,183,0,405.049324036
4,"map(alloc: a)",65536,64,304,1,1,8096,0,8930.099010468
4,"map(alloc: a)",65536,64,304,1,1,11,0,213.599205017
4,"map(alloc: a)",65536,64,304,1,1,1,0,202.751159668
4,"map(alloc: a)",65536,64,304,1,1,1218,0,1532.948017120
4,"map(alloc: a)",65536,64,304,1,1,472,0,713.443756104
4,"map(alloc: a)",65536,64,304,1,1,71,0,282.800197601
4,"map(alloc: a)",65536,64,304,1,1,5042,0,5629.205703735
4,"map(alloc: a)",65536,64,304,1,1,4,0,206.589698792
4,"map(alloc: a)",65536,64,304,1,2,2,0,202.548503876
4,"map(alloc: a)",65536,64,304,1,2,71,0,282.657146454
4,"map(alloc: a)",65536,64,304,1,2,17,0,221.145153046
4,"map(alloc: a)",65536,64,304,1,2,472,0,717.902183533
4,"map(alloc: a)",65536,64,304,1,2,5042,0,5665.004253387
4,"map(alloc: a)",65536,64,304,1,2,28,0,231.897830963
4,"map(alloc: a)",65536,64,304,1,2,44,0,250.399112701
4,"map(alloc: a)",65536,64,304,1,2,1218,0,1525.759696960
4,"map(alloc: a)",65536,64,304,1,2,4,0,206.351280212
4,"map(alloc: a)",65536,64,304,1,2,1955,0,2330.148220062
4,"map(alloc: a)",65536,64,304,1,2,183,0,403.344631195
4,"map(alloc: a)",65536,64,304,1,2,7,0,208.699703217
4,"map(alloc: a)",65536,64,304,1,2,758,0,1020.097732544
4,"map(alloc: a)",65536,64,304,1,2,1,0,203.001499176
4,"map(alloc: a)",65536,64,304,1,2,3140,0,3583.049774170
4,"map(alloc: a)",65536,64,304,1,2,8096,0,9045.052528381
4,"map(alloc: a)",65536,64,304,1,2,3,0,204.145908356
4,"map(alloc: a)",65536,64,304,1,2,114,0,329.101085663
4,"map(alloc: a)",65536,64,304,1,2,11,0,213.694572449
4,"map(alloc: a)",65536,64,304,1,2,294,0,525.140762329
4,"map(alloc: a)",65536,64,304,1,3,1,0,202.953815460
4,"map(alloc: a)",65536,64,304,1,3,17,0,221.288204193
4,"map(alloc: a)",65536,64,304,1,3,294,0,523.102283478
4,"map(alloc: a)",65536,64,304,1,3,5042,0,5682.051181793
4,"map(alloc: a)",65536,64,304,1,3,114,0,329.649448395
4,"map(alloc: a)",65536,64,304,1,3,28,0,231.850147247
4,"map(alloc: a)",65536,64,304,1,3,1218,0,1514.995098114
4,"map(alloc: a)",65536,64,304,1,3,2,0,202.691555023
4,"map(alloc: a)",65536,64,304,1,3,3,0,204.050540924
4,"map(alloc: a)",65536,64,304,1,3,4,0,205.898284912
4,"map(alloc: a)",65536,64,304,1,3,758,0,1018.738746643
4,"map(alloc: a)",65536,64,304,1,3,11,0,213.801860809
4,"map(alloc: a)",65536,64,304,1,3,44,0,250.053405762
4,"map(alloc: a)",65536,64,304,1,3,472,0,715.947151184
4,"map(alloc: a)",65536,64,304,1,3,7,0,208.449363708
4,"map(alloc: a)",65536,64,304,1,3,1955,0,2341.258525848
4,"map(alloc: a)",65536,64,304,1,3,71,0,282.597541809
4,"map(alloc: a)",65536,64,304,1,3,183,0,402.748584747
4,"map(alloc: a)",65536,64,304,1,3,8096,0,8948.445320129
4,"map(alloc: a)",65536,64,304,1,3,3140,0,3620.946407318
4,"map(alloc: a)",65536,64,304,1,4,472,0,716.304779053
4,"map(alloc: a)",65536,64,304,1,4,71,0,282.657146454
4,"map(alloc: a)",65536,64,304,1,4,1,0,202.393531799
4,"map(alloc: a)",65536,64,304,1,4,11,0,213.456153870
4,"map(alloc: a)",65536,64,304,1,4,4,0,206.303596497
4,"map(alloc: a)",65536,64,304,1,4,3140,0,3596.103191376
4,"map(alloc: a)",65536,64,304,1,4,28,0,231.850147247
4,"map(alloc: a)",65536,64,304,1,4,1218,0,1532.101631165
4,"map(alloc: a)",65536,64,304,1,4,2,0,202.500820160
4,"map(alloc: a)",65536,64,304,1,4,183,0,403.547286987
4,"map(alloc: a)",65536,64,304,1,4,5042,0,5624.103546143
4,"map(alloc: a)",65536,64,304,1,4,114,0,330.400466919
4,"map(alloc: a)",65536,64,304,1,4,3,0,203.907489777
4,"map(alloc: a)",65536,64,304,1,4,44,0,250.160694122
4,"map(alloc: a)",65536,64,304,1,4,758,0,1021.349430084
4,"map(alloc: a)",65536,64,304,1,4,8096,0,9009.444713593
4,"map(alloc: a)",65536,64,304,1,4,1955,0,2327.799797058
4,"map(alloc: a)",65536,64,304,1,4,294,0,522.148609161
4,"map(alloc: a)",65536,64,304,1,4,7,0,208.497047424
4,"map(alloc: a)",65536,64,304,1,4,17,0,221.049785614
4,"map(alloc: a)",262144,64,304,0,0,7,0,210.392475128
4,"map(alloc: a)",262144,64,304,0,0,114,0,328.147411346
4,"map(alloc: a)",262144,64,304,0,0,3,0,203.955173492
4,"map(alloc: a)",262144,64,304,0,0,17,0,221.002101898
4,"map(alloc: a)",262144,64,304,0,0,1,0,202.798843384
4,"map(alloc: a)",262144,64,304,0,0,44,0,250.101089478
4,"map(alloc: a)",262144,64,304,0,0,294,0,520.503520966
4,"map(alloc: a)",262144,64,304,0,0,3140,0,3619.849681854
4,"map(alloc: a)",262144,64,304,0,0,4,0,206.243991852
4,"map(alloc: a)",262144,64,304,0,0,1955,0,2313.148975372
4,"map(alloc: a)",262144,64,304,0,0,183,0,402.593612671
4,"map(alloc: a)",262144,64,304,0,0,8096,0,8953.905105591
4,"map(alloc: a)",262144,64,304,0,0,758,0,1021.242141724
4,"map(alloc: a)",262144,64,304,0,0,71,0,281.846523285
4,"map(alloc: a)",262144,64,304,0,0,2,0,202.453136444
4,"map(alloc: a)",262144,64,304,0,0,11,0,213.396549225
4,"map(alloc: a)",262144,64,304,0,0,28,0,231.850147247
4,"map(alloc: a)",262144,64,304,0,0,5042,0,5610.108375549
4,"map(alloc: a)",262144,64,304,0,0,1218,0,1514.697074890
4,"map(alloc: a)",262144,64,304,0,0,472,0,716.555118561
4,"map(alloc: a)",262144,64,304,0,1,4,0,206.148624420
4,"map(alloc: a)",262144,64,304,0,1,1,0,202.608108521
4,"map(alloc: a)",262144,64,304,0,1,17,0,221.002101898
4,"map(alloc: a)",262144,64,304,0,1,28,0,231.802463531
4,"map(alloc: a)",262144,64,304,0,1,11,0,213.098526001
4,"map(alloc: a)",262144,64,304,0,1,3140,0,3597.509860992
4,"map(alloc: a)",262144,64,304,0,1,2,0,202.453136444
4,"map(alloc: a)",262144,64,304,0,1,758,0,1026.952266693
4,"map(alloc: a)",262144,64,304,0,1,1218,0,1512.706279755
4,"map(alloc: a)",262144,64,304,0,1,44,0,249.850749969
4,"map(alloc: a)",262144,64,304,0,1,71,0,282.454490662
4,"map(alloc: a)",262144,64,304,0,1,114,0,328.648090363
4,"map(alloc: a)",262144,64,304,0,1,294,0,523.042678833
4,"map(alloc: a)",262144,64,304,0,1,7,0,208.592414856
4,"map(alloc: a)",262144,64,304,0,1,183,0,403.451919556
4,"map(alloc: a)",262144,64,304,0,1,8096,0,8939.599990845
4,"map(alloc: a)",262144,64,304,0,1,472,0,713.300704956
4,"map(alloc: a)",262144,64,304,0,1,1955,0,2316.093444824
4,"map(alloc: a)",262144,64,304,0,1,3,0,203.847885132
4,"map(alloc: a)",262144,64,304,0,1,5042,0,5676.090717316
4,"map(alloc: a)",262144,64,304,0,2,3,0,204.050540924
4,"map(alloc: a)",262144,64,304,0,2,44,0,250.148773193
4,"map(alloc: a)",262144,64,304,0,2,1,0,202.655792236
4,"map(alloc: a)",262144,64,304,0,2,183,0,404.345989227
4,"map(alloc: a)",262144,64,304,0,2,294,0,525.653362274
4,"map(alloc: a)",262144,64,304,0,2,5042,0,5623.054504395
4,"map(alloc: a)",262144,64,304,0,2,7,0,209.045410156
4,"map(alloc: a)",262144,64,304,0,2,8096,0,8961.951732635
4,"map(alloc: a)",262144,64,304,0,2,2,0,202.608108521
4,"map(alloc: a)",262144,64,304,0,2,114,0,327.646732330
4,"map(alloc: a)",262144,64,304,0,2,71,0,282.251834869
4,"map(alloc: a)",262144,64,304,0,2,1955,0,2321.398258209
4,"map(alloc: a)",262144,64,304,0,2,17,0,220.799446106
4,"map(alloc: a)",262144,64,304,0,2,472,0,709.950923920
4,"map(alloc: a)",262144,64,304,0,2,11,0,213.599205017
4,"map(alloc: a)",262144,64,304,0,2,1218,0,1521.694660187
4,"map(alloc: a)",262144,64,304,0,2,4,0,205.910205841
4,"map(alloc: a)",262144,64,304,0,2,3140,0,3589.141368866
4,"map(alloc: a)",262144,64,304,0,2,758,0,1016.592979431
4,"map(alloc: a)",262144,64,304,0,2,28,0,232.052803040
4,"map(alloc: a)",262144,64,304,0,3,11,0,213.193893433
4,"map(alloc: a)",262144,64,304,0,3,4,0,206.053256989
4,"map(alloc: a)",262144,64,304,0,3,5042,0,5612.444877625
4,"map(alloc: a)",262144,64,304,0,3,183,0,404.155254364
4,"map(alloc: a)",262144,64,304,0,3,17,0,221.049785614
4,"map(alloc: a)",262144,64,304,0,3,3,0,203.597545624
4,"map(alloc: a)",262144,64,304,0,3,28,0,232.040882111
4,"map(alloc: a)",262144,64,304,0,3,1218,0,1518.046855927
4,"map(alloc: a)",262144,64,304,0,3,114,0,328.898429871
4,"map(alloc: a)",262144,64,304,0,3,758,0,1015.448570251
4,"map(alloc: a)",262144,64,304,0,3,1955,0,2324.903011322
4,"map(alloc: a)",262144,64,304,0,3,472,0,714.600086212
4,"map(alloc: a)",262144,64,304,0,3,7,0,208.497047424
4,"map(alloc: a)",262144,64,304,0,3,44,0,250.041484833
4,"map(alloc: a)",262144,64,304,0,3,3140,0,3588.807582855
4,"map(alloc: a)",262144,64,304,0,3,8096,0,8985.543251038
4,"map(alloc: a)",262144,64,304,0,3,71,0,282.049179077
4,"map(alloc: a)",262144,64,304,0,3,1,0,202.655792236
4,"map(alloc: a)",262144,64,304,0,3,2,0,202.548503876
4,"map(alloc: a)",262144,64,304,0,3,294,0,525.653362274
4,"map(alloc: a)",262144,64,304,0,4,3,0,203.800201416
4,"map(alloc: a)",262144,64,304,0,4,8096,0,8893.847465515
4,"map(alloc: a)",262144,64,304,0,4,1,0,202.345848083
4,"map(alloc: a)",262144,64,304,0,4,28,0,231.647491455
4,"map(alloc: a)",262144,64,304,0,4,17,0,221.049785614
4,"map(alloc: a)",262144,64,304,0,4,5042,0,5607.998371124
4,"map(alloc: a)",262144,64,304,0,4,7,0,208.854675293
4,"map(alloc: a)",262144,64,304,0,4,114,0,328.695774078
4,"map(alloc: a)",262144,64,304,0,4,44,0,250.208377838
4,"map(alloc: a)",262144,64,304,0,4,2,0,202.250480652
4,"map(alloc: a)",262144,64,304,0,4,294,0,522.649288177
4,"map(alloc: a)",262144,64,304,0,4,758,0,1025.950908661
4,"map(alloc: a)",262144,64,304,0,4,183,0,402.307510376
4,"map(alloc: a)",262144,64,304,0,4,4,0,206.100940704
4,"map(alloc: a)",262144,64,304,0,4,1218,0,1512.908935547
4,"map(alloc: a)",262144,64,304,0,4,71,0,285.398960114
4,"map(alloc: a)",262144,64,304,0,4,1955,0,2310.299873352
4,"map(alloc: a)",262144,64,304,0,4,11,0,213.146209717
4,"map(alloc: a)",262144,64,304,0,4,472,0,711.393356323
4,"map(alloc: a)",262144,64,304,0,4,3140,0,3618.049621582
4,"map(alloc: a)",262144,64,304,1,0,2,0,202.500820160
4,"map(alloc: a)",262144,64,304,1,0,4,0,205.993652344
4,"map(alloc: a)",262144,64,304,1,0,472,0,714.600086212
4,"map(alloc: a)",262144,64,304,1,0,3140,0,3598.451614380
4,"map(alloc: a)",262144,64,304,1,0,183,0,403.094291687
4,"map(alloc: a)",262144,64,304,1,0,28,0,231.492519379
4,"map(alloc: a)",262144,64,304,1,0,71,0,282.597541809
4,"map(alloc: a)",262144,64,304,1,0,1218,0,1518.750190735
4,"map(alloc: a)",262144,64,304,1,0,294,0,521.850585938
4,"map(alloc: a)",262144,64,304,1,0,1,0,202.500820160
4,"map(alloc: a)",262144,64,304,1,0,7,0,208.604335785
4,"map(alloc: a)",262144,64,304,1,0,1955,0,2333.700656891
4,"map(alloc: a)",262144,64,304,1,0,758,0,1016.592979431
4,"map(alloc: a)",262144,64,304,1,0,114,0,328.540802002
4,"map(alloc: a)",262144,64,304,1,0,11,0,213.050842285
4,"map(alloc: a)",262144,64,304,1,0,3,0,204.050540924
4,"map(alloc: a)",262144,64,304,1,0,8096,0,8889.257907867
4,"map(alloc: a)",262144,64,304,1,0,44,0,249.898433685
4,"map(alloc: a)",262144,64,304,1,0,17,0,221.157073975
4,"map(alloc: a)",262144,64,304,1,0,5042,0,5663.454532623
4,"map(alloc: a)",262144,64,304,1,1,758,0,1022.243499756
4,"map(alloc: a)",262144,64,304,1,1,3,0,203.800201416
4,"map(alloc: a)",262144,64,304,1,1,3140,0,3601.157665253
4,"map(alloc: a)",262144,64,304,1,1,1955,0,2320.957183838
4,"map(alloc: a)",262144,64,304,1,1,44,0,249.993801117
4,"map(alloc: a)",262144,64,304,1,1,17,0,220.549106598
4,"map(alloc: a)",262144,64,304,1,1,294,0,522.541999817
4,"map(alloc: a)",262144,64,304,1,1,28,0,231.695175171
4,"map(alloc: a)",262144,64,304,1,1,114,0,328.099727631
4,"map(alloc: a)",262144,64,304,1,1,2,0,202.608108521
4,"map(alloc: a)",262144,64,304,1,1,7,0,208.497047424
4,"map(alloc: a)",262144,64,304,1,1,183,0,404.548645020
4,"map(alloc: a)",262144,64,304,1,1,8096,0,8884.751796722
4,"map(alloc: a)",262144,64,304,1,1,11,0,213.360786438
4,"map(alloc: a)",262144,64,304,1,1,1,0,202.298164368
4,"map(alloc: a)",262144,64,304,1,1,1218,0,1523.494720459
4,"map(alloc: a)",262144,64,304,1,1,472,0,712.549686432
4,"map(alloc: a)",262144,64,304,1,1,71,0,282.144546509
4,"map(alloc: a)",262144,64,304,1,1,5042,0,5646.395683289
4,"map(alloc: a)",262144,64,304,1,1,4,0,206.100940704
4,"map(alloc: a)",262144,64,304,1,2,2,0,202.751159668
4,"map(alloc: a)",262144,64,304,1,2,71,0,281.751155853
4,"map(alloc: a)",262144,64,304,1,2,17,0,221.097469330
4,"map(alloc: a)",262144,64,304,1,2,472,0,714.743137360
4,"map(alloc: a)",262144,64,304,1,2,5042,0,5631.852149963
4,"map(alloc: a)",262144,64,304,1,2,28,0,231.492519379
4,"map(alloc: a)",262144,64,304,1,2,44,0,249.838829041
4,"map(alloc: a)",262144,64,304,1,2,1218,0,1523.697376251
4,"map(alloc: a)",262144,64,304,1,2,4,0,205.993652344
4,"map(alloc: a)",262144,64,304,1,2,1955,0,2314.746379852
4,"map(alloc: a)",262144,64,304,1,2,183,0,402.343273163
4,"map(alloc: a)",262144,64,304,1,2,7,0,208.652019501
4,"map(alloc: a)",262144,64,304,1,2,758,0,1018.047332764
4,"map(alloc: a)",262144,64,304,1,2,1,0,202.202796936
4,"map(alloc: a)",262144,64,304,1,2,3140,0,3586.745262146
4,"map(alloc: a)",262144,64,304,1,2,8096,0,8966.052532196
4,"map(alloc: a)",262144,64,304,1,2,3,0,204.002857208
4,"map(alloc: a)",262144,64,304,1,2,114,0,328.195095062
4,"map(alloc: a)",262144,64,304,1,2,11,0,213.146209717
4,"map(alloc: a)",262144,64,304,1,2,294,0,523.209571838
4,"map(alloc: a)",262144,64,304,1,3,1,0,202.393531799
4,"map(alloc: a)",262144,64,304,1,3,17,0,220.751762390
4,"map(alloc: a)",262144,64,304,1,3,294,0,522.303581238
4,"map(alloc: a)",262144,64,304,1,3,5042,0,5663.800239563
4,"map(alloc: a)",262144,64,304,1,3,114,0,328.493118286
4,"map(alloc: a)",262144,64,304,1,3,28,0,231.754779816
4,"map(alloc: a)",262144,64,304,1,3,1218,0,1509.153842926
4,"map(alloc: a)",262144,64,304,1,3,2,0,202.596187592
4,"map(alloc: a)",262144,64,304,1,3,3,0,203.800201416
4,"map(alloc: a)",262144,64,304,1,3,4,0,206.351280212
4,"map(alloc: a)",262144,64,304,1,3,758,0,1017.260551453
4,"map(alloc: a)",262144,64,304,1,3,11,0,213.289260864
4,"map(alloc: a)",262144,64,304,1,3,44,0,250.005722046
4,"map(alloc: a)",262144,64,304,1,3,472,0,712.001323700
4,"map(alloc: a)",262144,64,304,1,3,7,0,208.604335785
4,"map(alloc: a)",262144,64,304,1,3,1955,0,2320.802211761
4,"map(alloc: a)",262144,64,304,1,3,71,0,282.156467438
4,"map(alloc: a)",262144,64,304,1,3,183,0,401.604175568
4,"map(alloc: a)",262144,64,304,1,3,8096,0,8940.804004669
4,"map(alloc: a)",262144,64,304,1,3,3140,0,3601.598739624
4,"map(alloc: a)",262144,64,304,1,4,472,0,713.098049164
4,"map(alloc: a)",262144,64,304,1,4,71,0,281.608104706
4,"map(alloc: a)",262144,64,304,1,4,1,0,202.798843384
4,"map(alloc: a)",262144,64,304,1,4,11,0,213.491916656
4,"map(alloc: a)",262144,64,304,1,4,4,0,206.148624420
4,"map(alloc: a)",262144,64,304,1,4,3140,0,3595.101833344
4,"map(alloc: a)",262144,64,304,1,4,28,0,231.647491455
4,"map(alloc: a)",262144,64,304,1,4,1218,0,1524.651050568
4,"map(alloc: a)",262144,64,304,1,4,2,0,202.655792236
4,"map(alloc: a)",262144,64,304,1,4,183,0,402.152538300
4,"map(alloc: a)",262144,64,304,1,4,5042,0,5633.091926575
4,"map(alloc: a)",262144,64,304,1,4,114,0,328.803062439
4,"map(alloc: a)",262144,64,304,1,4,3,0,203.800201416
4,"map(alloc: a)",262144,64,304,1,4,44,0,249.850749969
4,"map(alloc: a)",262144,64,304,1,4,758,0,1022.446155548
4,"map(alloc: a)",262144,64,304,1,4,8096,0,8937.704563141
4,"map(alloc: a)",262144,64,304,1,4,1955,0,2320.253849030
4,"map(alloc: a)",262144,64,304,1,4,294,0,520.741939545
4,"map(alloc: a)",262144,64,304,1,4,7,0,208.103656769
4,"map(alloc: a)",262144,64,304,1,4,17,0,221.049785614
4,"map(alloc: a)",1048576,64,304,0,0,7,0,210.392475128
4,"map(alloc: a)",1048576,64,304,0,0,114,0,329.697132111
4,"map(alloc: a)",1048576,64,304,0,0,3,0,204.145908356
4,"map(alloc: a)",1048576,64,304,0,0,17,0,221.288204193
4,"map(alloc: a)",1048576,64,304,0,0,1,0,202.596187592
4,"map(alloc: a)",1048576,64,304,0,0,44,0,250.303745270
4,"map(alloc: a)",1048576,64,304,0,0,294,0,523.948669434
4,"map(alloc: a)",1048576,64,304,0,0,3140,0,3627.753257751
4,"map(alloc: a)",1048576,64,304,0,0,4,0,206.351280212
4,"map(alloc: a)",1048576,64,304,0,0,1955,0,2315.557003021
4,"map(alloc: a)",1048576,64,304,0,0,183,0,404.298305511
4,"map(alloc: a)",1048576,64,304,0,0,8096,0,8995.151519775
4,"map(alloc: a)",1048576,64,304,0,0,758,0,1027.250289917
4,"map(alloc: a)",1048576,64,304,0,0,71,0,282.502174377
4,"map(alloc: a)",1048576,64,304,0,0,2,0,202.691555023
4,"map(alloc: a)",1048576,64,304,0,0,11,0,213.491916656
4,"map(alloc: a)",1048576,64,304,0,0,28,0,232.303142548
4,"map(alloc: a)",1048576,64,304,0,0,5042,0,5661.952495575
4,"map(alloc: a)",1048576,64,304,0,0,1218,0,1516.401767731
4,"map(alloc: a)",1048576,64,304,0,0,472,0,721.251964569
4,"map(alloc: a)",1048576,64,304,0,1,4,0,206.398963928
4,"map(alloc: a)",1048576,64,304,0,1,1,0,202.703475952
4,"map(alloc: a)",1048576,64,304,0,1,17,0,221.049785614
4,"map(alloc: a)",1048576,64,304,0,1,28,0,232.303142548
4,"map(alloc: a)",1048576,64,304,0,1,11,0,213.646888733
4,"map(alloc: a)",1048576,64,304,0,1,3140,0,3599.452972412
4,"map(alloc: a)",1048576,64,304,0,1,2,0,202.846527100
4,"map(alloc: a)",1048576,64,304,0,1,758,0,1027.452945709
4,"map(alloc: a)",1048576,64,304,0,1,1218,0,1524.102687836
4,"map(alloc: a)",1048576,64,304,0,1,44,0,249.946117401
4,"map(alloc: a)",1048576,64,304,0,1,71,0,283.050537109
4,"map(alloc: a)",1048576,64,304,0,1,114,0,329.744815826
4,"map(alloc: a)",1048576,64,304,0,1,294,0,524.604320526
4,"map(alloc: a)",1048576,64,304,0,1,7,0,209.093093872
4,"map(alloc: a)",1048576,64,304,0,1,183,0,404.000282288
4,"map(alloc: a)",1048576,64,304,0,1,8096,0,9037.148952484
4,"map(alloc: a)",1048576,64,304,0,1,472,0,714.302062988
4,"map(alloc: a)",1048576,64,304,0,1,1955,0,2329.099178314
4,"map(alloc: a)",1048576,64,304,0,1,3,0,203.990936279
4,"map(alloc: a)",1048576,64,304,0,1,5042,0,5714.654922485
4,"map(alloc: a)",1048576,64,304,0,2,3,0,204.253196716
4,"map(alloc: a)",1048576,64,304,0,2,44,0,250.101089478
4,"map(alloc: a)",1048576,64,304,0,2,1,0,202.500820160
4,"map(alloc: a)",1048576,64,304,0,2,183,0,404.953956604
4,"map(alloc: a)",1048576,64,304,0,2,294,0,524.699687958
4,"map(alloc: a)",1048576,64,304,0,2,5042,0,5634.343624115
4,"map(alloc: a)",1048576,64,304,0,2,7,0,208.604335785
4,"map(alloc: a)",1048576,64,304,0,2,8096,0,8987.653255463
4,"map(alloc: a)",1048576,64,304,0,2,2,0,202.953815460
4,"map(alloc: a)",1048576,64,304,0,2,114,0,328.505039215
4,"map(alloc: a)",1048576,64,304,0,2,71,0,283.145904541
4,"map(alloc: a)",1048576,64,304,0,2,1955,0,2344.405651093
4,"map(alloc: a)",1048576,64,304,0,2,17,0,221.192836761
4,"map(alloc: a)",1048576,64,304,0,2,472,0,716.245174408
4,"map(alloc: a)",1048576,64,304,0,2,11,0,213.396549225
4,"map(alloc: a)",1048576,64,304,0,2,1218,0,1531.648635864
4,"map(alloc: a)",1048576,64,304,0,2,4,0,206.148624420
4,"map(alloc: a)",1048576,64,304,0,2,3140,0,3611.445426941
4,"map(alloc: a)",1048576,64,304,0,2,758,0,1022.350788116
4,"map(alloc: a)",1048576,64,304,0,2,28,0,232.243537903
4,"map(alloc: a)",1048576,64,304,0,3,11,0,213.205814362
4,"map(alloc: a)",1048576,64,304,0,3,4,0,205.945968628
4,"map(alloc: a)",1048576,64,304,0,3,5042,0,5844.748020172
4,"map(alloc: a)",1048576,64,304,0,3,183,0,405.895709991
4,"map(alloc: a)",1048576,64,304,0,3,17,0,221.943855286
4,"map(alloc: a)",1048576,64,304,0,3,3,0,204.145908356
4,"map(alloc: a)",1048576,64,304,0,3,28,0,231.945514679
4,"map(alloc: a)",1048576,64,304,0,3,1218,0,1528.799533844
4,"map(alloc: a)",1048576,64,304,0,3,114,0,329.351425171
4,"map(alloc: a)",1048576,64,304,0,3,758,0,1024.949550629
4,"map(alloc: a)",1048576,64,304,0,3,1955,0,2319.955825806
4,"map(alloc: a)",1048576,64,304,0,3,472,0,720.751285553
4,"map(alloc: a)",1048576,64,304,0,3,7,0,208.806991577
4,"map(alloc: a)",1048576,64,304,0,3,44,0,250.196456909
4,"map(alloc: a)",1048576,64,304,0,3,3140,0,3598.356246948
4,"map(alloc: a)",1048576,64,304,0,3,8096,0,9045.207500458
4,"map(alloc: a)",1048576,64,304,0,3,71,0,283.002853394
4,"map(alloc: a)",1048576,64,304,0,3,1,0,202.643871307
4,"map(alloc: a)",1048576,64,304,0,3,2,0,202.798843384
4,"map(alloc: a)",1048576,64,304,0,3,294,0,525.152683258
4,"map(alloc: a)",1048576,64,304,0,4,3,0,204.145908356
4,"map(alloc: a)",1048576,64,304,0,4,8096,0,8935.403823853
4,"map(alloc: a)",1048576,64,304,0,4,1,0,202.858448029
4,"map(alloc: a)",1048576,64,304,0,4,28,0,232.350826263
4,"map(alloc: a)",1048576,64,304,0,4,17,0,221.252441406
4,"map(alloc: a)",1048576,64,304,0,4,5042,0,5646.550655365
4,"map(alloc: a)",1048576,64,304,0,4,7,0,208.806991577
4,"map(alloc: a)",1048576,64,304,0,4,114,0,330.400466919
4,"map(alloc: a)",1048576,64,304,0,4,44,0,250.458717346
4,"map(alloc: a)",1048576,64,304,0,4,2,0,202.655792236
4,"map(alloc: a)",1048576,64,304,0,4,294,0,523.006916046
4,"map(alloc: a)",1048576,64,304,0,4,758,0,1032.602787018
4,"map(alloc: a)",1048576,64,304,0,4,183,0,403.308868408
4,"map(alloc: a)",1048576,64,304,0,4,4,0,206.160545349
4,"map(alloc: a)",1048576,64,304,0,4,1218,0,1517.152786255
4,"map(alloc: a)",1048576,64,304,0,4,71,0,283.145904541
4,"map(alloc: a)",1048576,64,304,0,4,1955,0,2331.054210663
4,"map(alloc: a)",1048576,64,304,0,4,11,0,213.551521301
4,"map(alloc: a)",1048576,64,304,0,4,472,0,716.495513916
4,"map(alloc: a)",1048576,64,304,0,4,3140,0,3628.802299500
4,"map(alloc: a)",1048576,64,304,1,0,2,0,202.655792236
4,"map(alloc: a)",1048576,64,304,1,0,4,0,206.148624420
4,"map(alloc: a)",1048576,64,304,1,0,472,0,716.650485992
4,"map(alloc: a)",1048576,64,304,1,0,3140,0,3627.955913544
4,"map(alloc: a)",1048576,64,304,1,0,183,0,403.690338135
4,"map(alloc: a)",1048576,64,304,1,0,28,0,232.005119324
4,"map(alloc: a)",1048576,64,304,1,0,71,0,282.657146454
4,"map(alloc: a)",1048576,64,304,1,0,1218,0,1532.697677612
4,"map(alloc: a)",1048576,64,304,1,0,294,0,523.197650909
4,"map(alloc: a)",1048576,64,304,1,0,1,0,202.751159668
4,"map(alloc: a)",1048576,64,304,1,0,7,0,208.556652069
4,"map(alloc: a)",1048576,64,304,1,0,1955,0,2347.946166992
4,"map(alloc: a)",1048576,64,304,1,0,758,0,1022.696495056
4,"map(alloc: a)",1048576,64,304,1,0,114,0,329.256057739
4,"map(alloc: a)",1048576,64,304,1,0,11,0,213.491916656
4,"map(alloc: a)",1048576,64,304,1,0,3,0,204.157829285
4,"map(alloc: a)",1048576,64,304,1,0,8096,0,8966.195583344
4,"map(alloc: a)",1048576,64,304,1,0,44,0,250.649452209
4,"map(alloc: a)",1048576,64,304,1,0,17,0,221.347808838
4,"map(alloc: a)",1048576,64,304,1,0,5042,0,5693.089962006
4,"map(alloc: a)",1048576,64,304,1,1,758,0,1025.152206421
4,"map(alloc: a)",1048576,64,304,1,1,3,0,203.990936279
4,"map(alloc: a)",1048576,64,304,1,1,3140,0,3606.903553009
4,"map(alloc: a)",1048576,64,304,1,1,1955,0,2348.053455353
4,"map(alloc: a)",1048576,64,304,1,1,44,0,250.303745270
4,"map(alloc: a)",1048576,64,304,1,1,17,0,221.300125122
4,"map(alloc: a)",1048576,64,304,1,1,294,0,523.102283478
4,"map(alloc: a)",1048576,64,304,1,1,28,0,232.291221619
4,"map(alloc: a)",1048576,64,304,1,1,114,0,328.993797302
4,"map(alloc: a)",1048576,64,304,1,1,2,0,202.608108521
4,"map(alloc: a)",1048576,64,304,1,1,7,0,208.699703217
4,"map(alloc: a)",1048576,64,304,1,1,183,0,405.108928680
4,"map(alloc: a)",1048576,64,304,1,1,8096,0,8951.807022095
4,"map(alloc: a)",1048576,64,304,1,1,11,0,213.193893433
4,"map(alloc: a)",1048576,64,304,1,1,1,0,202.846527100
4,"map(alloc: a)",1048576,64,304,1,1,1218,0,1527.500152588
4,"map(alloc: a)",1048576,64,304,1,1,472,0,716.853141785
4,"map(alloc: a)",1048576,64,304,1,1,71,0,282.740592957
4,"map(alloc: a)",1048576,64,304,1,1,5042,0,5665.552616119
4,"map(alloc: a)",1048576,64,304,1,1,4,0,206.506252289
4,"map(alloc: a)",1048576,64,304,1,2,2,0,202.596187592
4,"map(alloc: a)",1048576,64,304,1,2,71,0,282.800197601
4,"map(alloc: a)",1048576,64,304,1,2,17,0,223.195552826
4,"map(alloc: a)",1048576,64,304,1,2,472,0,720.596313477
4,"map(alloc: a)",1048576,64,304,1,2,5042,0,5643.439292908
4,"map(alloc: a)",1048576,64,304,1,2,28,0,231.945514679
4,"map(alloc: a)",1048576,64,304,1,2,44,0,250.554084778
4,"map(alloc: a)",1048576,64,304,1,2,1218,0,1533.401012421
4,"map(alloc: a)",1048576,64,304,1,2,4,0,206.208229065
4,"map(alloc: a)",1048576,64,304,1,2,1955,0,2326.357364655
4,"map(alloc: a)",1048576,64,304,1,2,183,0,403.702259064
4,"map(alloc: a)",1048576,64,304,1,2,7,0,208.854675293
4,"map(alloc: a)",1048576,64,304,1,2,758,0,1024.651527405
4,"map(alloc: a)",1048576,64,304,1,2,1,0,202.846527100
4,"map(alloc: a)",1048576,64,304,1,2,3140,0,3612.601757050
4,"map(alloc: a)",1048576,64,304,1,2,8096,0,9012.746810913
4,"map(alloc: a)",1048576,64,304,1,2,3,0,204.205513000
4,"map(alloc: a)",1048576,64,304,1,2,114,0,328.791141510
4,"map(alloc: a)",1048576,64,304,1,2,11,0,213.694572449
4,"map(alloc: a)",1048576,64,304,1,2,294,0,526.297092438
4,"map(alloc: a)",1048576,64,304,1,3,1,0,202.846527100
4,"map(alloc: a)",1048576,64,304,1,3,17,0,221.145153046
4,"map(alloc: a)",1048576,64,304,1,3,294,0,522.649288177
4,"map(alloc: a)",1048576,64,304,1,3,5042,0,5714.249610901
4,"map(alloc: a)",1048576,64,304,1,3,114,0,329.053401947
4,"map(alloc: a)",1048576,64,304,1,3,28,0,231.897830963
4,"map(alloc: a)",1048576,64,304,1,3,1218,0,1517.307758331
4,"map(alloc: a)",1048576,64,304,1,3,2,0,202.858448029
4,"map(alloc: a)",1048576,64,304,1,3,3,0,204.300880432
4,"map(alloc: a)",1048576,64,304,1,3,4,0,206.053256989
4,"map(alloc: a)",1048576,64,304,1,3,758,0,1024.699211121
4,"map(alloc: a)",1048576,64,304,1,3,11,0,213.992595673
4,"map(alloc: a)",1048576,64,304,1,3,44,0,250.554084778
4,"map(alloc: a)",1048576,64,304,1,3,472,0,714.802742004
4,"map(alloc: a)",1048576,64,304,1,3,7,0,208.699703217
4,"map(alloc: a)",1048576,64,304,1,3,1955,0,2344.846725464
4,"map(alloc: a)",1048576,64,304,1,3,71,0,288.450717926
4,"map(alloc: a)",1048576,64,304,1,3,183,0,406.408309937
4,"map(alloc: a)",1048576,64,304,1,3,8096,0,8933.794498444
4,"map(alloc: a)",1048576,64,304,1,3,3140,0,3641.593456268
4,"map(alloc: a)",1048576,64,304,1,4,472,0,715.005397797
4,"map(alloc: a)",1048576,64,304,1,4,71,0,282.907485962
4,"map(alloc: a)",1048576,64,304,1,4,1,0,202.798843384
4,"map(alloc: a)",1048576,64,304,1,4,11,0,213.491916656
4,"map(alloc: a)",1048576,64,304,1,4,4,0,206.196308136
4,"map(alloc: a)",1048576,64,304,1,4,3140,0,3605.496883392
4,"map(alloc: a)",1048576,64,304,1,4,28,0,231.957435608
4,"map(alloc: a)",1048576,64,304,1,4,1218,0,1527.404785156
4,"map(alloc: a)",1048576,64,304,1,4,2,0,203.001499176
4,"map(alloc: a)",1048576,64,304,1,4,183,0,403.141975403
4,"map(alloc: a)",1048576,64,304,1,4,5042,0,5663.502216339
4,"map(alloc: a)",1048576,64,304,1,4,114,0,330.054759979
4,"map(alloc: a)",1048576,64,304,1,4,3,0,204.396247864
4,"map(alloc: a)",1048576,64,304,1,4,44,0,250.005722046
4,"map(alloc: a)",1048576,64,304,1,4,758,0,1023.900508881
4,"map(alloc: a)",1048576,64,304,1,4,8096,0,9031.450748444
4,"map(alloc: a)",1048576,64,304,1,4,1955,0,2319.598197937
4,"map(alloc: a)",1048576,64,304,1,4,294,0,523.948669434
4,"map(alloc: a)",1048576,64,304,1,4,7,0,208.950042725
4,"map(alloc: a)",1048576,64,304,1,4,17,0,221.502780914
4,"map(alloc: a)",4194304,64,304,0,0,7,0,210.797786713
4,"map(alloc: a)",4194304,64,304,0,0,114,0,328.946113586
4,"map(alloc: a)",4194304,64,304,0,0,3,0,204.193592072
4,"map(alloc: a)",4194304,64,304,0,0,17,0,221.455097198
4,"map(alloc: a)",4194304,64,304,0,0,1,0,202.798843384
4,"map(alloc: a)",4194304,64,304,0,0,44,0,250.554084778
4,"map(alloc: a)",4194304,64,304,0,0,294,0,524.890422821
4,"map(alloc: a)",4194304,64,304,0,0,3140,0,3635.847568512
4,"map(alloc: a)",4194304,64,304,0,0,4,0,206.291675568
4,"map(alloc: a)",4194304,64,304,0,0,1955,0,2331.650257111
4,"map(alloc: a)",4194304,64,304,0,0,183,0,408.554077148
4,"map(alloc: a)",4194304,64,304,0,0,8096,0,9057.295322418
4,"map(alloc: a)",4194304,64,304,0,0,758,0,1024.198532104
4,"map(alloc: a)",4194304,64,304,0,0,71,0,283.050537109
4,"map(alloc: a)",4194304,64,304,0,0,2,0,202.703475952
4,"map(alloc: a)",4194304,64,304,0,0,11,0,213.551521301
4,"map(alloc: a)",4194304,64,304,0,0,28,0,231.897830963
4,"map(alloc: a)",4194304,64,304,0,0,5042,0,5679.249763489
4,"map(alloc: a)",4194304,64,304,0,0,1218,0,1519.453525543
4,"map(alloc: a)",4194304,64,304,0,0,472,0,721.192359924
4,"map(alloc: a)",4194304,64,304,0,1,4,0,206.446647644
4,"map(alloc: a)",4194304,64,304,0,1,1,0,202.500820160
4,"map(alloc: a)",4194304,64,304,0,1,17,0,221.657752991
4,"map(alloc: a)",4194304,64,304,0,1,28,0,232.303142548
4,"map(alloc: a)",4194304,64,304,0,1,11,0,213.301181793
4,"map(alloc: a)",4194304,64,304,0,1,3140,0,3608.846664429
4,"map(alloc: a)",4194304,64,304,0,1,2,0,202.608108521
4,"map(alloc: a)",4194304,64,304,0,1,758,0,1031.947135925
4,"map(alloc: a)",4194304,64,304,0,1,1218,0,1521.551609039
4,"map(alloc: a)",4194304,64,304,0,1,44,0,250.446796417
4,"map(alloc: a)",4194304,64,304,0,1,71,0,283.205509186
4,"map(alloc: a)",4194304,64,304,0,1,114,0,330.758094788
4,"map(alloc: a)",4194304,64,304,0,1,294,0,523.698329926
4,"map(alloc: a)",4194304,64,304,0,1,7,0,208.747386932
4,"map(alloc: a)",4194304,64,304,0,1,183,0,403.654575348
4,"map(alloc: a)",4194304,64,304,0,1,8096,0,9062.695503235
4,"map(alloc: a)",4194304,64,304,0,1,472,0,715.601444244
4,"map(alloc: a)",4194304,64,304,0,1,1955,0,2331.650257111
4,"map(alloc: a)",4194304,64,304,0,1,3,0,204.002857208
4,"map(alloc: a)",4194304,64,304,0,1,5042,0,5700.349807739
4,"map(alloc: a)",4194304,64,304,0,2,3,0,204.050540924
4,"map(alloc: a)",4194304,64,304,0,2,44,0,250.351428986
4,"map(alloc: a)",4194304,64,304,0,2,1,0,202.703475952
4,"map(alloc: a)",4194304,64,304,0,2,183,0,405.502319336
4,"map(alloc: a)",4194304,64,304,0,2,294,0,525.307655334
4,"map(alloc: a)",4194304,64,304,0,2,5042,0,5660.402774811
4,"map(alloc: a)",4194304,64,304,0,2,7,0,208.747386932
4,"map(alloc: a)",4194304,64,304,0,2,8096,0,9052.801132202
4,"map(alloc: a)",4194304,64,304,0,2,2,0,202.703475952
4,"map(alloc: a)",4194304,64,304,0,2,114,0,331.103801727
4,"map(alloc: a)",4194304,64,304,0,2,71,0,283.050537109
4,"map(alloc: a)",4194304,64,304,0,2,1955,0,2354.252338409
4,"map(alloc: a)",4194304,64,304,0,2,17,0,221.252441406
4,"map(alloc: a)",4194304,64,304,0,2,472,0,719.296932220
4,"map(alloc: a)",4194304,64,304,0,2,11,0,222.599506378
4,"map(alloc: a)",4194304,64,304,0,2,1218,0,1534.950733185
4,"map(alloc: a)",4194304,64,304,0,2,4,0,206.553936005
4,"map(alloc: a)",4194304,64,304,0,2,3140,0,3609.955310822
4,"map(alloc: a)",4194304,64,304,0,2,758,0,1027.095317841
4,"map(alloc: a)",4194304,64,304,0,2,28,0,232.398509979
4,"map(alloc: a)",4194304,64,304,0,3,11,0,213.611125946
4,"map(alloc: a)",4194304,64,304,0,3,4,0,206.351280212
4,"map(alloc: a)",4194304,64,304,0,3,5042,0,5679.750442505
4,"map(alloc: a)",4194304,64,304,0,3,183,0,405.347347260
4,"map(alloc: a)",4194304,64,304,0,3,17,0,221.097469330
4,"map(alloc: a)",4194304,64,304,0,3,3,0,203.907489777
4,"map(alloc: a)",4194304,64,304,0,3,28,0,231.897830963
4,"map(alloc: a)",4194304,64,304,0,3,1218,0,1535.654067993
4,"map(alloc: a)",4194304,64,304,0,3,114,0,329.053401947
4,"map(alloc: a)",4194304,64,304,0,3,758,0,1026.797294617
4,"map(alloc: a)",4194304,64,304,0,3,1955,0,2326.905727386
4,"map(alloc: a)",4194304,64,304,0,3,472,0,722.002983093
4,"map(alloc: a)",4194304,64,304,0,3,7,0,208.652019501
4,"map(alloc: a)",4194304,64,304,0,3,44,0,250.399112701
4,"map(alloc: a)",4194304,64,304,0,3,3140,0,3615.498542786
4,"map(alloc: a)",4194304,64,304,0,3,8096,0,9024.548530579
4,"map(alloc: a)",4194304,64,304,0,3,71,0,283.300876617
4,"map(alloc: a)",4194304,64,304,0,3,1,0,202.798843384
4,"map(alloc: a)",4194304,64,304,0,3,2,0,202.703475952
4,"map(alloc: a)",4194304,64,304,0,3,294,0,526.845455170
4,"map(alloc: a)",4194304,64,304,0,4,3,0,204.193592072
4,"map(alloc: a)",4194304,64,304,0,4,8096,0,8958.292007446
4,"map(alloc: a)",4194304,64,304,0,4,1,0,202.953815460
4,"map(alloc: a)",4194304,64,304,0,4,28,0,232.255458832
4,"map(alloc: a)",4194304,64,304,0,4,17,0,221.002101898
4,"map(alloc: a)",4194304,64,304,0,4,5042,0,5675.852298737
4,"map(alloc: a)",4194304,64,304,0,4,7,0,208.747386932
4,"map(alloc: a)",4194304,64,304,0,4,114,0,331.950187683
4,"map(alloc: a)",4194304,64,304,0,4,44,0,250.351428986
4,"map(alloc: a)",4194304,64,304,0,4,2,0,202.798843384
4,"map(alloc: a)",4194304,64,304,0,4,294,0,523.996353149
4,"map(alloc: a)",4194304,64,304,0,4,758,0,1033.544540405
4,"map(alloc: a)",4194304,64,304,0,4,183,0,404.798984528
4,"map(alloc: a)",4194304,64,304,0,4,4,0,206.041336060
4,"map(alloc: a)",4194304,64,304,0,4,1218,0,1523.506641388
4,"map(alloc: a)",4194304,64,304,0,4,71,0,283.455848694
4,"map(alloc: a)",4194304,64,304,0,4,1955,0,2335.107326508
4,"map(alloc: a)",4194304,64,304,0,4,11,0,213.348865509
4,"map(alloc: a)",4194304,64,304,0,4,472,0,717.806816101
4,"map(alloc: a)",4194304,64,304,0,4,3140,0,3638.505935669
4,"map(alloc: a)",4194304,64,304,1,0,2,0,202.643871307
4,"map(alloc: a)",4194304,64,304,1,0,4,0,206.351280212
4,"map(alloc: a)",4194304,64,304,1,0,472,0,715.494155884
4,"map(alloc: a)",4194304,64,304,1,0,3140,0,3647.303581238
4,"map(alloc: a)",4194304,64,304,1,0,183,0,403.845310211
4,"map(alloc: a)",4194304,64,304,1,0,28,0,232.005119324
4,"map(alloc: a)",4194304,64,304,1,0,71,0,282.800197601
4,"map(alloc: a)",4194304,64,304,1,0,1218,0,1536.202430725
4,"map(alloc: a)",4194304,64,304,1,0,294,0,523.650646210
4,"map(alloc: a)",4194304,64,304,1,0,1,0,202.548503876
4,"map(alloc: a)",4194304,64,304,1,0,7,0,208.806991577
4,"map(alloc: a)",4194304,64,304,1,0,1955,0,2347.302436829
4,"map(alloc: a)",4194304,64,304,1,0,758,0,1029.002666473
4,"map(alloc: a)",4194304,64,304,1,0,114,0,329.506397247
4,"map(alloc: a)",4194304,64,304,1,0,11,0,213.599205017
4,"map(alloc: a)",4194304,64,304,1,0,3,0,204.050540924
4,"map(alloc: a)",4194304,64,304,1,0,8096,0,8987.355232239
4,"map(alloc: a)",4194304,64,304,1,0,44,0,250.101089478
4,"map(alloc: a)",4194304,64,304,1,0,17,0,221.204757690
4,"map(alloc: a)",4194304,64,304,1,0,5042,0,5718.803405762
4,"map(alloc: a)",4194304,64,304,1,1,758,0,1023.602485657
4,"map(alloc: a)",4194304,64,304,1,1,3,0,203.847885132
4,"map(alloc: a)",4194304,64,304,1,1,3140,0,3606.200218201
4,"map(alloc: a)",4194304,64,304,1,1,1955,0,2353.739738464
4,"map(alloc: a)",4194304,64,304,1,1,44,0,250.399112701
4,"map(alloc: a)",4194304,64,304,1,1,17,0,221.252441406
4,"map(alloc: a)",4194304,64,304,1,1,294,0,523.853302002
4,"map(alloc: a)",4194304,64,304,1,1,28,0,232.446193695
4,"map(alloc: a)",4194304,64,304,1,1,114,0,329.554080963
4,"map(alloc: a)",4194304,64,304,1,1,2,0,202.405452728
4,"map(alloc: a)",4194304,64,304,1,1,7,0,208.699703217
4,"map(alloc: a)",4194304,64,304,1,1,183,0,405.299663544
4,"map(alloc: a)",4194304,64,304,1,1,8096,0,8982.658386230
4,"map(alloc: a)",4194304,64,304,1,1,11,0,213.646888733
4,"map(alloc: a)",4194304,64,304,1,1,1,0,202.548503876
4,"map(alloc: a)",4194304,64,304,1,1,1218,0,1531.147956848
4,"map(alloc: a)",4194304,64,304,1,1,472,0,716.853141785
4,"map(alloc: a)",4194304,64,304,1,1,71,0,282.955169678
4,"map(alloc: a)",4194304,64,304,1,1,5042,0,5655.753612518
4,"map(alloc: a)",4194304,64,304,1,1,4,0,206.208229065
4,"map(alloc: a)",4194304,64,304,1,2,2,0,202.548503876
4,"map(alloc: a)",4194304,64,304,1,2,71,0,282.895565033
4,"map(alloc: a)",4194304,64,304,1,2,17,0,221.157073975
4,"map(alloc: a)",4194304,64,304,1,2,472,0,721.991062164
4,"map(alloc: a)",4194304,64,304,1,2,5042,0,5660.593509674
4,"map(alloc: a)",4194304,64,304,1,2,28,0,232.052803040
4,"map(alloc: a)",4194304,64,304,1,2,44,0,250.494480133
4,"map(alloc: a)",4194304,64,304,1,2,1218,0,1530.396938324
4,"map(alloc: a)",4194304,64,304,1,2,4,0,206.243991852
4,"map(alloc: a)",4194304,64,304,1,2,1955,0,2327.442169189
4,"map(alloc: a)",4194304,64,304,1,2,183,0,404.441356659
4,"map(alloc: a)",4194304,64,304,1,2,7,0,209.140777588
4,"map(alloc: a)",4194304,64,304,1,2,758,0,1027.345657349
4,"map(alloc: a)",4194304,64,304,1,2,1,0,202.453136444
4,"map(alloc: a)",4194304,64,304,1,2,3140,0,3613.698482513
4,"map(alloc: a)",4194304,64,304,1,2,8096,0,9054.791927338
4,"map(alloc: a)",4194304,64,304,1,2,3,0,204.098224640
4,"map(alloc: a)",4194304,64,304,1,2,114,0,329.554080963
4,"map(alloc: a)",4194304,64,304,1,2,11,0,213.444232941
4,"map(alloc: a)",4194304,64,304,1,2,294,0,682.449340820
4,"map(alloc: a)",4194304,64,304,1,3,1,0,213.348865509
4,"map(alloc: a)",4194304,64,304,1,3,17,0,230.097770691
4,"map(alloc: a)",4194304,64,304,1,3,294,0,528.550148010
4,"map(alloc: a)",4194304,64,304,1,3,5042,0,5708.360671997
4,"map(alloc: a)",4194304,64,304,1,3,114,0,329.899787903
4,"map(alloc: a)",4194304,64,304,1,3,28,0,232.195854187
4,"map(alloc: a)",4194304,64,304,1,3,1218,0,1526.045799255
4,"map(alloc: a)",4194304,64,304,1,3,2,0,202.703475952
4,"map(alloc: a)",4194304,64,304,1,3,3,0,204.157829285
4,"map(alloc: a)",4194304,64,304,1,3,4,0,206.303596497
4,"map(alloc: a)",4194304,64,304,1,3,758,0,1034.259796143
4,"map(alloc: a)",4194304,64,304,1,3,11,0,216.805934906
4,"map(alloc: a)",4194304,64,304,1,3,44,0,251.996517181
4,"map(alloc: a)",4194304,64,304,1,3,472,0,716.650485992
4,"map(alloc: a)",4194304,64,304,1,3,7,0,208.699703217
4,"map(alloc: a)",4194304,64,304,1,3,1955,0,2349.960803986
4,"map(alloc: a)",4194304,64,304,1,3,71,0,282.847881317
4,"map(alloc: a)",4194304,64,304,1,3,183,0,404.143333435
4,"map(alloc: a)",4194304,64,304,1,3,8096,0,8975.601196289
4,"map(alloc: a)",4194304,64,304,1,3,3140,0,3644.597530365
4,"map(alloc: a)",4194304,64,304,1,4,472,0,716.149806976
4,"map(alloc: a)",4194304,64,304,1,4,71,0,282.800197601
4,"map(alloc: a)",4194304,64,304,1,4,1,0,203.096866608
4,"map(alloc: a)",4194304,64,304,1,4,11,0,213.599205017
4,"map(alloc: a)",4194304,64,304,1,4,4,0,206.553936005
4,"map(alloc: a)",4194304,64,304,1,4,3140,0,3601.300716400
4,"map(alloc: a)",4194304,64,304,1,4,28,0,231.945514679
4,"map(alloc: a)",4194304,64,304,1,4,1218,0,1529.192924500
4,"map(alloc: a)",4194304,64,304,1,4,2,0,202.798843384
4,"map(alloc: a)",4194304,64,304,1,4,183,0,403.642654419
4,"map(alloc: a)",4194304,64,304,1,4,5042,0,5679.690837860
4,"map(alloc: a)",4194304,64,304,1,4,114,0,330.507755280
4,"map(alloc: a)",4194304,64,304,1,4,3,0,204.193592072
4,"map(alloc: a)",4194304,64,304,1,4,44,0,250.303745270
4,"map(alloc: a)",4194304,64,304,1,4,758,0,1025.903224945
4,"map(alloc: a)",4194304,64,304,1,4,8096,0,9047.150611877
4,"map(alloc: a)",4194304,64,304,1,4,1955,0,2329.194545746
4,"map(alloc: a)",4194304,64,304,1,4,294,0,524.497032166
4,"map(alloc: a)",4194304,64,304,1,4,7,0,208.592414856
4,"map(alloc: a)",4194304,64,304,1,4,17,0,221.490859985
4,"map(alloc: a)",16777216,64,304,0,0,7,0,210.201740265
4,"map(alloc: a)",16777216,64,304,0,0,114,0,328.147411346
4,"map(alloc: a)",16777216,64,304,0,0,3,0,204.098224640
4,"map(alloc: a)",16777216,64,304,0,0,17,0,220.751762390
4,"map(alloc: a)",16777216,64,304,0,0,1,0,202.858448029
4,"map(alloc: a)",16777216,64,304,0,0,44,0,249.755382538
4,"map(alloc: a)",16777216,64,304,0,0,294,0,522.494316101
4,"map(alloc: a)",16777216,64,304,0,0,3140,0,3615.498542786
4,"map(alloc: a)",16777216,64,304,0,0,4,0,206.148624420
4,"map(alloc: a)",16777216,64,304,0,0,1955,0,2314.651012421
4,"map(alloc: a)",16777216,64,304,0,0,183,0,402.355194092
4,"map(alloc: a)",16777216,64,304,0,0,8096,0,8976.340293884
4,"map(alloc: a)",16777216,64,304,0,0,758,0,1017.796993256
4,"map(alloc: a)",16777216,64,304,0,0,71,0,282.394886017
4,"map(alloc: a)",16777216,64,304,0,0,2,0,202.596187592
4,"map(alloc: a)",16777216,64,304,0,0,11,0,213.408470154
4,"map(alloc: a)",16777216,64,304,0,0,28,0,231.695175171
4,"map(alloc: a)",16777216,64,304,0,0,5042,0,5607.497692108
4,"map(alloc: a)",16777216,64,304,0,0,1218,0,1516.103744507
4,"map(alloc: a)",16777216,64,304,0,0,472,0,715.100765228
4,"map(alloc: a)",16777216,64,304,0,1,4,0,205.993652344
4,"map(alloc: a)",16777216,64,304,0,1,1,0,202.643871307
4,"map(alloc: a)",16777216,64,304,0,1,17,0,220.906734467
4,"map(alloc: a)",16777216,64,304,0,1,28,0,232.005119324
4,"map(alloc: a)",16777216,64,304,0,1,11,0,213.444232941
4,"map(alloc: a)",16777216,64,304,0,1,3140,0,3584.909439087
4,"map(alloc: a)",16777216,64,304,0,1,2,0,202.441215515
4,"map(alloc: a)",16777216,64,304,0,1,758,0,1026.499271393
4,"map(alloc: a)",16777216,64,304,0,1,1218,0,1508.641242981
4,"map(alloc: a)",16777216,64,304,0,1,44,0,249.743461609
4,"map(alloc: a)",16777216,64,304,0,1,71,0,282.144546509
4,"map(alloc: a)",16777216,64,304,0,1,114,0,329.506397247
4,"map(alloc: a)",16777216,64,304,0,1,294,0,521.349906921
4,"map(alloc: a)",16777216,64,304,0,1,7,0,208.497047424
4,"map(alloc: a)",16777216,64,304,0,1,183,0,402.951240540
4,"map(alloc: a)",16777216,64,304,0,1,8096,0,8941.352367401
4,"map(alloc: a)",16777216,64,304,0,1,472,0,713.503360748
4,"map(alloc: a)",16777216,64,304,0,1,1955,0,2305.746078491
4,"map(alloc: a)",16777216,64,304,0,1,3,0,203.955173492
4,"map(alloc: a)",16777216,64,304,0,1,5042,0,5653.655529022
4,"map(alloc: a)",16777216,64,304,0,2,3,0,204.050540924
4,"map(alloc: a)",16777216,64,304,0,2,44,0,249.600410461
4,"map(alloc: a)",16777216,64,304,0,2,1,0,202.500820160
4,"map(alloc: a)",16777216,64,304,0,2,183,0,404.202938080
4,"map(alloc: a)",16777216,64,304,0,2,294,0,521.194934845
4,"map(alloc: a)",16777216,64,304,0,2,5042,0,5624.997615814
4,"map(alloc: a)",16777216,64,304,0,2,7,0,208.508968353
4,"map(alloc: a)",16777216,64,304,0,2,8096,0,8973.801136017
4,"map(alloc: a)",16777216,64,304,0,2,2,0,202.500820160
4,"map(alloc: a)",16777216,64,304,0,2,114,0,328.195095062
4,"map(alloc: a)",16777216,64,304,0,2,71,0,282.347202301
4,"map(alloc: a)",16777216,64,304,0,2,1955,0,2328.455448151
4,"map(alloc: a)",16777216,64,304,0,2,17,0,220.894813538
4,"map(alloc: a)",16777216,64,304,0,2,472,0,710.701942444
4,"map(alloc: a)",16777216,64,304,0,2,11,0,213.551521301
4,"map(alloc: a)",16777216,64,304,0,2,1218,0,1517.593860626
4,"map(alloc: a)",16777216,64,304,0,2,4,0,206.148624420
4,"map(alloc: a)",16777216,64,304,0,2,3140,0,3575.444221497
4,"map(alloc: a)",16777216,64,304,0,2,758,0,1022.648811340
4,"map(alloc: a)",16777216,64,304,0,2,28,0,231.742858887
4,"map(alloc: a)",16777216,64,304,0,3,11,0,213.491916656
4,"map(alloc: a)",16777216,64,304,0,3,4,0,205.945968628
4,"map(alloc: a)",16777216,64,304,0,3,5042,0,5621.898174286
4,"map(alloc: a)",16777216,64,304,0,3,183,0,404.405593872
4,"map(alloc: a)",16777216,64,304,0,3,17,0,221.049785614
4,"map(alloc: a)",16777216,64,304,0,3,3,0,203.657150269
4,"map(alloc: a)",16777216,64,304,0,3,28,0,231.599807739
4,"map(alloc: a)",16777216,64,304,0,3,1218,0,1522.850990295
4,"map(alloc: a)",16777216,64,304,0,3,114,0,328.207015991
4,"map(alloc: a)",16777216,64,304,0,3,758,0,1017.701625824
4,"map(alloc: a)",16777216,64,304,0,3,1955,0,2326.345443726
4,"map(alloc: a)",16777216,64,304,0,3,472,0,714.898109436
4,"map(alloc: a)",16777216,64,304,0,3,7,0,208.604335785
4,"map(alloc: a)",16777216,64,304,0,3,44,0,249.552726746
4,"map(alloc: a)",16777216,64,304,0,3,3140,0,3597.640991211
4,"map(alloc: a)",16777216,64,304,0,3,8096,0,8947.598934174
4,"map(alloc: a)",16777216,64,304,0,3,71,0,282.597541809
4,"map(alloc: a)",16777216,64,304,0,3,1,0,202.751159668
4,"map(alloc: a)",16777216,64,304,0,3,2,0,202.703475952
4,"map(alloc: a)",16777216,64,304,0,3,294,0,524.306297302
4,"map(alloc: a)",16777216,64,304,0,4,3,0,204.002857208
4,"map(alloc: a)",16777216,64,304,0,4,8096,0,8899.104595184
4,"map(alloc: a)",16777216,64,304,0,4,1,0,202.548503876
4,"map(alloc: a)",16777216,64,304,0,4,28,0,232.100486755
4,"map(alloc: a)",16777216,64,304,0,4,17,0,221.097469330
4,"map(alloc: a)",16777216,64,304,0,4,5042,0,5630.147457123
4,"map(alloc: a)",16777216,64,304,0,4,7,0,208.652019501
4,"map(alloc: a)",16777216,64,304,0,4,114,0,329.053401947
4,"map(alloc: a)",16777216,64,304,0,4,44,0,250.005722046
4,"map(alloc: a)",16777216,64,304,0,4,2,0,202.500820160
4,"map(alloc: a)",16777216,64,304,0,4,294,0,523.257255554
4,"map(alloc: a)",16777216,64,304,0,4,758,0,1023.149490356
4,"map(alloc: a)",16777216,64,304,0,4,183,0,402.808189392
4,"map(alloc: a)",16777216,64,304,0,4,4,0,206.148624420
4,"map(alloc: a)",16777216,64,304,0,4,1218,0,1516.795158386
4,"map(alloc: a)",16777216,64,304,0,4,71,0,282.549858093
4,"map(alloc: a)",16777216,64,304,0,4,1955,0,2313.852310181
4,"map(alloc: a)",16777216,64,304,0,4,11,0,213.301181793
4,"map(alloc: a)",16777216,64,304,0,4,472,0,712.645053864
4,"map(alloc: a)",16777216,64,304,0,4,3140,0,3616.201877594
4,"map(alloc: a)",16777216,64,304,1,0,2,0,202.500820160
4,"map(alloc: a)",16777216,64,304,1,0,4,0,206.100940704
4,"map(alloc: a)",16777216,64,304,1,0,472,0,712.347030640
4,"map(alloc: a)",16777216,64,304,1,0,3140,0,3617.155551910
4,"map(alloc: a)",16777216,64,304,1,0,183,0,402.247905731
4,"map(alloc: a)",16777216,64,304,1,0,28,0,231.599807739
4,"map(alloc: a)",16777216,64,304,1,0,71,0,282.657146454
4,"map(alloc: a)",16777216,64,304,1,0,1218,0,1517.093181610
4,"map(alloc: a)",16777216,64,304,1,0,294,0,522.398948669
4,"map(alloc: a)",16777216,64,304,1,0,1,0,202.548503876
4,"map(alloc: a)",16777216,64,304,1,0,7,0,208.759307861
4,"map(alloc: a)",16777216,64,304,1,0,1955,0,2324.044704437
4,"map(alloc: a)",16777216,64,304,1,0,758,0,1020.395755768
4,"map(alloc: a)",16777216,64,304,1,0,114,0,327.849388123
4,"map(alloc: a)",16777216,64,304,1,0,11,0,213.348865509
4,"map(alloc: a)",16777216,64,304,1,0,3,0,203.990936279
4,"map(alloc: a)",16777216,64,304,1,0,8096,0,8878.159523010
4,"map(alloc: a)",16777216,64,304,1,0,44,0,249.803066254
4,"map(alloc: a)",16777216,64,304,1,0,17,0,221.049785614
4,"map(alloc: a)",16777216,64,304,1,0,5042,0,5675.840377808
4,"map(alloc: a)",16777216,64,304,1,1,758,0,1017.606258392
4,"map(alloc: a)",16777216,64,304,1,1,3,0,203.752517700
4,"map(alloc: a)",16777216,64,304,1,1,3140,0,3589.355945587
4,"map(alloc: a)",16777216,64,304,1,1,1955,0,2329.051494598
4,"map(alloc: a)",16777216,64,304,1,1,44,0,249.946117401
4,"map(alloc: a)",16777216,64,304,1,1,17,0,220.799446106
4,"map(alloc: a)",16777216,64,304,1,1,294,0,522.851943970
4,"map(alloc: a)",16777216,64,304,1,1,28,0,231.599807739
4,"map(alloc: a)",16777216,64,304,1,1,114,0,328.755378723
4,"map(alloc: a)",16777216,64,304,1,1,2,0,202.596187592
4,"map(alloc: a)",16777216,64,304,1,1,7,0,208.401679993
4,"map(alloc: a)",16777216,64,304,1,1,183,0,403.404235840
4,"map(alloc: a)",16777216,64,304,1,1,8096,0,8904.993534088
4,"map(alloc: a)",16777216,64,304,1,1,11,0,213.348865509
4,"map(alloc: a)",16777216,64,304,1,1,1,0,202.548503876
4,"map(alloc: a)",16777216,64,304,1,1,1218,0,1524.400711060
4,"map(alloc: a)",16777216,64,304,1,1,472,0,716.602802277
4,"map(alloc: a)",16777216,64,304,1,1,71,0,283.706188202
4,"map(alloc: a)",16777216,64,304,1,1,5042,0,5624.604225159
4,"map(alloc: a)",16777216,64,304,1,1,4,0,206.053256989
4,"map(alloc: a)",16777216,64,304,1,2,2,0,202.739238739
4,"map(alloc: a)",16777216,64,304,1,2,71,0,282.251834869
4,"map(alloc: a)",16777216,64,304,1,2,17,0,221.252441406
4,"map(alloc: a)",16777216,64,304,1,2,472,0,715.041160583
4,"map(alloc: a)",16777216,64,304,1,2,5042,0,5632.197856903
4,"map(alloc: a)",16777216,64,304,1,2,28,0,231.552124023
4,"map(alloc: a)",16777216,64,304,1,2,44,0,250.148773193
4,"map(alloc: a)",16777216,64,304,1,2,1218,0,1517.856121063
4,"map(alloc: a)",16777216,64,304,1,2,4,0,206.351280212
4,"map(alloc: a)",16777216,64,304,1,2,1955,0,2308.046817780
4,"map(alloc: a)",16777216,64,304,1,2,183,0,402.557849884
4,"map(alloc: a)",16777216,64,304,1,2,7,0,208.604335785
4,"map(alloc: a)",16777216,64,304,1,2,758,0,1017.653942108
4,"map(alloc: a)",16777216,64,304,1,2,1,0,202.643871307
4,"map(alloc: a)",16777216,64,304,1,2,3140,0,3585.994243622
4,"map(alloc: a)",16777216,64,304,1,2,8096,0,8974.695205688
4,"map(alloc: a)",16777216,64,304,1,2,3,0,203.955173492
4,"map(alloc: a)",16777216,64,304,1,2,114,0,328.350067139
4,"map(alloc: a)",16777216,64,304,1,2,11,0,213.360786438
4,"map(alloc: a)",16777216,64,304,1,2,294,0,523.698329926
4,"map(alloc: a)",16777216,64,304,1,3,1,0,202.596187592
4,"map(alloc: a)",16777216,64,304,1,3,17,0,221.049785614
4,"map(alloc: a)",16777216,64,304,1,3,294,0,522.804260254
4,"map(alloc: a)",16777216,64,304,1,3,5042,0,5653.297901154
4,"map(alloc: a)",16777216,64,304,1,3,114,0,328.397750854
4,"map(alloc: a)",16777216,64,304,1,3,28,0,231.349468231
4,"map(alloc: a)",16777216,64,304,1,3,1218,0,1516.807079315
4,"map(alloc: a)",16777216,64,304,1,3,2,0,202.405452728
4,"map(alloc: a)",16777216,64,304,1,3,3,0,203.955173492
4,"map(alloc: a)",16777216,64,304,1,3,4,0,205.910205841
4,"map(alloc: a)",16777216,64,304,1,3,758,0,1018.297672272
4,"map(alloc: a)",16777216,64,304,1,3,11,0,213.444232941
4,"map(alloc: a)",16777216,64,304,1,3,44,0,250.101089478
4,"map(alloc: a)",16777216,64,304,1,3,472,0,712.299346924
4,"map(alloc: a)",16777216,64,304,1,3,7,0,208.401679993
4,"map(alloc: a)",16777216,64,304,1,3,1955,0,2332.854270935
4,"map(alloc: a)",16777216,64,304,1,3,71,0,281.751155853
4,"map(alloc: a)",16777216,64,304,1,3,183,0,402.152538300
4,"map(alloc: a)",16777216,64,304,1,3,8096,0,8921.504020691
4,"map(alloc: a)",16777216,64,304,1,3,3140,0,3602.850437164
4,"map(alloc: a)",16777216,64,304,1,4,472,0,712.943077087
4,"map(alloc: a)",16777216,64,304,1,4,71,0,281.548500061
4,"map(alloc: a)",16777216,64,304,1,4,1,0,202.357769012
4,"map(alloc: a)",16777216,64,304,1,4,11,0,213.301181793
4,"map(alloc: a)",16777216,64,304,1,4,4,0,206.148624420
4,"map(alloc: a)",16777216,64,304,1,4,3140,0,3577.101230621
4,"map(alloc: a)",16777216,64,304,1,4,28,0,231.599807739
4,"map(alloc: a)",16777216,64,304,1,4,1218,0,1521.503925323
4,"map(alloc: a)",16777216,64,304,1,4,2,0,202.357769012
4,"map(alloc: a)",16777216,64,304,1,4,183,0,402.259826660
4,"map(alloc: a)",16777216,64,304,1,4,5042,0,5628.108978271
4,"map(alloc: a)",16777216,64,304,1,4,114,0,329.601764679
4,"map(alloc: a)",16777216,64,304,1,4,3,0,204.098224640
4,"map(alloc: a)",16777216,64,304,1,4,44,0,249.803066254
4,"map(alloc: a)",16777216,64,304,1,4,758,0,1019.561290741
4,"map(alloc: a)",16777216,64,304,1,4,8096,0,8958.351612091
4,"map(alloc: a)",16777216,64,304,1,4,1955,0,2314.996719360
4,"map(alloc: a)",16777216,64,304,1,4,294,0,520.396232605
4,"map(alloc: a)",16777216,64,304,1,4,7,0,208.806991577
4,"map(alloc: a)",16777216,64,304,1,4,17,0,220.954418182
