method_id,method_name,N,thread_count,team_count,set,run,delaylength,outerreps,exec_time_us
1,"map(tofrom: a)",1,64,304,0,0,7,0,222.849845886
1,"map(tofrom: a)",1,64,304,0,0,114,0,337.648391724
1,"map(tofrom: a)",1,64,304,0,0,3,0,216.090679169
1,"map(tofrom: a)",1,64,304,0,0,17,0,234.258174896
1,"map(tofrom: a)",1,64,304,0,0,1,0,215.554237366
1,"map(tofrom: a)",1,64,304,0,0,44,0,263.094902039
1,"map(tofrom: a)",1,64,304,0,0,294,0,531.756877899
1,"map(tofrom: a)",1,64,304,0,0,3140,0,3647.041320801
1,"map(tofrom: a)",1,64,304,0,0,4,0,218.749046326
1,"map(tofrom: a)",1,64,304,0,0,1955,0,2347.743511200
1,"map(tofrom: a)",1,64,304,0,0,183,0,411.450862885
1,"map(tofrom: a)",1,64,304,0,0,8096,0,9047.400951385
1,"map(tofrom: a)",1,64,304,0,0,758,0,1031.541824341
1,"map(tofrom: a)",1,64,304,0,0,71,0,290.703773499
1,"map(tofrom: a)",1,64,304,0,0,2,0,215.053558350
1,"map(tofrom: a)",1,64,304,0,0,11,0,226.199626923
1,"map(tofrom: a)",1,64,304,0,0,28,0,244.343280792
1,"map(tofrom: a)",1,64,304,0,0,5042,0,5970.597267151
1,"map(tofrom: a)",1,64,304,0,0,1218,0,1533.043384552
1,"map(tofrom: a)",1,64,304,0,0,472,0,726.890563965
1,"map(tofrom: a)",1,64,304,0,1,4,0,219.047069550
1,"map(tofrom: a)",1,64,304,0,1,1,0,215.041637421
1,"map(tofrom: a)",1,64,304,0,1,17,0,233.757495880
1,"map(tofrom: a)",1,64,304,0,1,28,0,244.903564453
1,"map(tofrom: a)",1,64,304,0,1,11,0,225.794315338
1,"map(tofrom: a)",1,64,304,0,1,3140,0,3630.900382996
1,"map(tofrom: a)",1,64,304,0,1,2,0,215.399265289
1,"map(tofrom: a)",1,64,304,0,1,758,0,1038.253307343
1,"map(tofrom: a)",1,64,304,0,1,1218,0,1531.600952148
1,"map(tofrom: a)",1,64,304,0,1,44,0,263.297557831
1,"map(tofrom: a)",1,64,304,0,1,71,0,291.347503662
1,"map(tofrom: a)",1,64,304,0,1,114,0,338.447093964
1,"map(tofrom: a)",1,64,304,0,1,294,0,531.947612762
1,"map(tofrom: a)",1,64,304,0,1,7,0,221.300125122
1,"map(tofrom: a)",1,64,304,0,1,183,0,411.403179169
1,"map(tofrom: a)",1,64,304,0,1,8096,0,9015.357494354
1,"map(tofrom: a)",1,64,304,0,1,472,0,723.946094513
1,"map(tofrom: a)",1,64,304,0,1,1955,0,2344.202995300
1,"map(tofrom: a)",1,64,304,0,1,3,0,216.293334961
1,"map(tofrom: a)",1,64,304,0,1,5042,0,5703.246593475
1,"map(tofrom: a)",1,64,304,0,2,3,0,218.152999878
1,"map(tofrom: a)",1,64,304,0,2,44,0,263.059139252
1,"map(tofrom: a)",1,64,304,0,2,1,0,214.898586273
1,"map(tofrom: a)",1,64,304,0,2,183,0,412.857532501
1,"map(tofrom: a)",1,64,304,0,2,294,0,531.351566315
1,"map(tofrom: a)",1,64,304,0,2,5042,0,5700.910091400
1,"map(tofrom: a)",1,64,304,0,2,7,0,221.598148346
1,"map(tofrom: a)",1,64,304,0,2,8096,0,9024.298191071
1,"map(tofrom: a)",1,64,304,0,2,2,0,215.005874634
1,"map(tofrom: a)",1,64,304,0,2,114,0,338.399410248
1,"map(tofrom: a)",1,64,304,0,2,71,0,291.347503662
1,"map(tofrom: a)",1,64,304,0,2,1955,0,2351.999282837
1,"map(tofrom: a)",1,64,304,0,2,17,0,233.602523804
1,"map(tofrom: a)",1,64,304,0,2,472,0,726.890563965
1,"map(tofrom: a)",1,64,304,0,2,11,0,225.901603699
1,"map(tofrom: a)",1,64,304,0,2,1218,0,1539.695262909
1,"map(tofrom: a)",1,64,304,0,2,4,0,218.355655670
1,"map(tofrom: a)",1,64,304,0,2,3140,0,3631.007671356
1,"map(tofrom: a)",1,64,304,0,2,758,0,1035.845279694
1,"map(tofrom: a)",1,64,304,0,2,28,0,244.808197021
1,"map(tofrom: a)",1,64,304,0,3,11,0,225.949287415
1,"map(tofrom: a)",1,64,304,0,3,4,0,218.558311462
1,"map(tofrom: a)",1,64,304,0,3,5042,0,5672.442913055
1,"map(tofrom: a)",1,64,304,0,3,183,0,413.358211517
1,"map(tofrom: a)",1,64,304,0,3,17,0,233.697891235
1,"map(tofrom: a)",1,64,304,0,3,3,0,216.448307037
1,"map(tofrom: a)",1,64,304,0,3,28,0,244.200229645
1,"map(tofrom: a)",1,64,304,0,3,1218,0,1539.957523346
1,"map(tofrom: a)",1,64,304,0,3,114,0,337.052345276
1,"map(tofrom: a)",1,64,304,0,3,758,0,1037.740707397
1,"map(tofrom: a)",1,64,304,0,3,1955,0,2341.353893280
1,"map(tofrom: a)",1,64,304,0,3,472,0,727.891921997
1,"map(tofrom: a)",1,64,304,0,3,7,0,220.942497253
1,"map(tofrom: a)",1,64,304,0,3,44,0,262.939929962
1,"map(tofrom: a)",1,64,304,0,3,3140,0,3626.406192780
1,"map(tofrom: a)",1,64,304,0,3,8096,0,9017.550945282
1,"map(tofrom: a)",1,64,304,0,3,71,0,290.942192078
1,"map(tofrom: a)",1,64,304,0,3,1,0,215.053558350
1,"map(tofrom: a)",1,64,304,0,3,2,0,214.898586273
1,"map(tofrom: a)",1,64,304,0,3,294,0,534.403324127
1,"map(tofrom: a)",1,64,304,0,4,3,0,216.650962830
1,"map(tofrom: a)",1,64,304,0,4,8096,0,8999.097347260
1,"map(tofrom: a)",1,64,304,0,4,1,0,215.256214142
1,"map(tofrom: a)",1,64,304,0,4,28,0,244.998931885
1,"map(tofrom: a)",1,64,304,0,4,17,0,233.745574951
1,"map(tofrom: a)",1,64,304,0,4,5042,0,5697.500705719
1,"map(tofrom: a)",1,64,304,0,4,7,0,221.252441406
1,"map(tofrom: a)",1,64,304,0,4,114,0,338.602066040
1,"map(tofrom: a)",1,64,304,0,4,44,0,277.006626129
1,"map(tofrom: a)",1,64,304,0,4,2,0,223.243236542
1,"map(tofrom: a)",1,64,304,0,4,294,0,534.546375275
1,"map(tofrom: a)",1,64,304,0,4,758,0,1037.096977234
1,"map(tofrom: a)",1,64,304,0,4,183,0,411.796569824
1,"map(tofrom: a)",1,64,304,0,4,4,0,218.510627747
1,"map(tofrom: a)",1,64,304,0,4,1218,0,1534.342765808
1,"map(tofrom: a)",1,64,304,0,4,71,0,290.858745575
1,"map(tofrom: a)",1,64,304,0,4,1955,0,2339.148521423
1,"map(tofrom: a)",1,64,304,0,4,11,0,225.758552551
1,"map(tofrom: a)",1,64,304,0,4,472,0,724.852085114
1,"map(tofrom: a)",1,64,304,0,4,3140,0,3659.403324127
1,"map(tofrom: a)",1,64,304,1,0,2,0,215.399265289
1,"map(tofrom: a)",1,64,304,1,0,4,0,218.498706818
1,"map(tofrom: a)",1,64,304,1,0,472,0,725.448131561
1,"map(tofrom: a)",1,64,304,1,0,3140,0,3642.594814301
1,"map(tofrom: a)",1,64,304,1,0,183,0,411.295890808
1,"map(tofrom: a)",1,64,304,1,0,28,0,244.700908661
1,"map(tofrom: a)",1,64,304,1,0,71,0,290.155410767
1,"map(tofrom: a)",1,64,304,1,0,1218,0,1537.847518921
1,"map(tofrom: a)",1,64,304,1,0,294,0,540.804862976
1,"map(tofrom: a)",1,64,304,1,0,1,0,222.301483154
1,"map(tofrom: a)",1,64,304,1,0,7,0,225.853919983
1,"map(tofrom: a)",1,64,304,1,0,1955,0,2352.440357208
1,"map(tofrom: a)",1,64,304,1,0,758,0,1034.152507782
1,"map(tofrom: a)",1,64,304,1,0,114,0,337.195396423
1,"map(tofrom: a)",1,64,304,1,0,11,0,225.555896759
1,"map(tofrom: a)",1,64,304,1,0,3,0,216.805934906
1,"map(tofrom: a)",1,64,304,1,0,8096,0,8959.054946899
1,"map(tofrom: a)",1,64,304,1,0,44,0,262.939929962
1,"map(tofrom: a)",1,64,304,1,0,17,0,233.554840088
1,"map(tofrom: a)",1,64,304,1,0,5042,0,5709.898471832
1,"map(tofrom: a)",1,64,304,1,1,758,0,1031.541824341
1,"map(tofrom: a)",1,64,304,1,1,3,0,216.650962830
1,"map(tofrom: a)",1,64,304,1,1,3140,0,3623.247146606
1,"map(tofrom: a)",1,64,304,1,1,1955,0,2353.799343109
1,"map(tofrom: a)",1,64,304,1,1,44,0,263.094902039
1,"map(tofrom: a)",1,64,304,1,1,17,0,233.602523804
1,"map(tofrom: a)",1,64,304,1,1,294,0,533.056259155
1,"map(tofrom: a)",1,64,304,1,1,28,0,244.855880737
1,"map(tofrom: a)",1,64,304,1,1,114,0,336.802005768
1,"map(tofrom: a)",1,64,304,1,1,2,0,215.291976929
1,"map(tofrom: a)",1,64,304,1,1,7,0,220.990180969
1,"map(tofrom: a)",1,64,304,1,1,183,0,412.595272064
1,"map(tofrom: a)",1,64,304,1,1,8096,0,8977.198600769
1,"map(tofrom: a)",1,64,304,1,1,11,0,225.996971130
1,"map(tofrom: a)",1,64,304,1,1,1,0,216.007232666
1,"map(tofrom: a)",1,64,304,1,1,1218,0,1541.054248810
1,"map(tofrom: a)",1,64,304,1,1,472,0,724.148750305
1,"map(tofrom: a)",1,64,304,1,1,71,0,291.705131531
1,"map(tofrom: a)",1,64,304,1,1,5042,0,5678.200721741
1,"map(tofrom: a)",1,64,304,1,1,4,0,219.547748566
1,"map(tofrom: a)",1,64,304,1,2,2,0,215.506553650
1,"map(tofrom: a)",1,64,304,1,2,71,0,292.146205902
1,"map(tofrom: a)",1,64,304,1,2,17,0,234.198570251
1,"map(tofrom: a)",1,64,304,1,2,472,0,729.453563690
1,"map(tofrom: a)",1,64,304,1,2,5042,0,5670.249462128
1,"map(tofrom: a)",1,64,304,1,2,28,0,245.392322540
1,"map(tofrom: a)",1,64,304,1,2,44,0,263.655185699
1,"map(tofrom: a)",1,64,304,1,2,1218,0,1540.744304657
1,"map(tofrom: a)",1,64,304,1,2,4,0,219.309329987
1,"map(tofrom: a)",1,64,304,1,2,1955,0,2346.503734589
1,"map(tofrom: a)",1,64,304,1,2,183,0,412.845611572
1,"map(tofrom: a)",1,64,304,1,2,7,0,221.157073975
1,"map(tofrom: a)",1,64,304,1,2,758,0,1031.947135925
1,"map(tofrom: a)",1,64,304,1,2,1,0,215.148925781
1,"map(tofrom: a)",1,64,304,1,2,3140,0,3767.156600952
1,"map(tofrom: a)",1,64,304,1,2,8096,0,9030.199050903
1,"map(tofrom: a)",1,64,304,1,2,3,0,217.103958130
1,"map(tofrom: a)",1,64,304,1,2,114,0,337.898731232
1,"map(tofrom: a)",1,64,304,1,2,11,0,227.344036102
1,"map(tofrom: a)",1,64,304,1,2,294,0,532.996654510
1,"map(tofrom: a)",1,64,304,1,3,1,0,215.590000153
1,"map(tofrom: a)",1,64,304,1,3,17,0,233.900547028
1,"map(tofrom: a)",1,64,304,1,3,294,0,532.495975494
1,"map(tofrom: a)",1,64,304,1,3,5042,0,5694.305896759
1,"map(tofrom: a)",1,64,304,1,3,114,0,338.602066040
1,"map(tofrom: a)",1,64,304,1,3,28,0,245.249271393
1,"map(tofrom: a)",1,64,304,1,3,1218,0,1538.050174713
1,"map(tofrom: a)",1,64,304,1,3,2,0,215.697288513
1,"map(tofrom: a)",1,64,304,1,3,3,0,217.509269714
1,"map(tofrom: a)",1,64,304,1,3,4,0,219.702720642
1,"map(tofrom: a)",1,64,304,1,3,758,0,1035.201549530
1,"map(tofrom: a)",1,64,304,1,3,11,0,226.950645447
1,"map(tofrom: a)",1,64,304,1,3,44,0,263.547897339
1,"map(tofrom: a)",1,64,304,1,3,472,0,726.699829102
1,"map(tofrom: a)",1,64,304,1,3,7,0,222.241878510
1,"map(tofrom: a)",1,64,304,1,3,1955,0,2357.101440430
1,"map(tofrom: a)",1,64,304,1,3,71,0,291.454792023
1,"map(tofrom: a)",1,64,304,1,3,183,0,413.000583649
1,"map(tofrom: a)",1,64,304,1,3,8096,0,9003.448486328
1,"map(tofrom: a)",1,64,304,1,3,3140,0,3631.496429443
1,"map(tofrom: a)",1,64,304,1,4,472,0,725.638866425
1,"map(tofrom: a)",1,64,304,1,4,71,0,290.548801422
1,"map(tofrom: a)",1,64,304,1,4,1,0,216.448307037
1,"map(tofrom: a)",1,64,304,1,4,11,0,226.247310638
1,"map(tofrom: a)",1,64,304,1,4,4,0,218.701362610
1,"map(tofrom: a)",1,64,304,1,4,3140,0,3625.547885895
1,"map(tofrom: a)",1,64,304,1,4,28,0,244.545936584
1,"map(tofrom: a)",1,64,304,1,4,1218,0,1540.255546570
1,"map(tofrom: a)",1,64,304,1,4,2,0,215.351581573
1,"map(tofrom: a)",1,64,304,1,4,183,0,412.440299988
1,"map(tofrom: a)",1,64,304,1,4,5042,0,5674.600601196
1,"map(tofrom: a)",1,64,304,1,4,114,0,337.994098663
1,"map(tofrom: a)",1,64,304,1,4,3,0,216.245651245
1,"map(tofrom: a)",1,64,304,1,4,44,0,263.440608978
1,"map(tofrom: a)",1,64,304,1,4,758,0,1032.757759094
1,"map(tofrom: a)",1,64,304,1,4,8096,0,9014.904499054
1,"map(tofrom: a)",1,64,304,1,4,1955,0,2614.855766296
1,"map(tofrom: a)",1,64,304,1,4,294,0,532.650947571
1,"map(tofrom: a)",1,64,304,1,4,7,0,221.645832062
1,"map(tofrom: a)",1,64,304,1,4,17,0,233.900547028
1,"map(tofrom: a)",4,64,304,0,0,7,0,223.445892334
1,"map(tofrom: a)",4,64,304,0,0,114,0,337.195396423
1,"map(tofrom: a)",4,64,304,0,0,3,0,216.448307037
1,"map(tofrom: a)",4,64,304,0,0,17,0,234.246253967
1,"map(tofrom: a)",4,64,304,0,0,1,0,216.150283813
1,"map(tofrom: a)",4,64,304,0,0,44,0,263.154506683
1,"map(tofrom: a)",4,64,304,0,0,294,0,531.446933746
1,"map(tofrom: a)",4,64,304,0,0,3140,0,3645.050525665
1,"map(tofrom: a)",4,64,304,0,0,4,0,218.653678894
1,"map(tofrom: a)",4,64,304,0,0,1955,0,2350.556850433
1,"map(tofrom: a)",4,64,304,0,0,183,0,412.356853485
1,"map(tofrom: a)",4,64,304,0,0,8096,0,9016.752243042
1,"map(tofrom: a)",4,64,304,0,0,758,0,1035.344600677
1,"map(tofrom: a)",4,64,304,0,0,71,0,291.407108307
1,"map(tofrom: a)",4,64,304,0,0,2,0,215.303897858
1,"map(tofrom: a)",4,64,304,0,0,11,0,226.044654846
1,"map(tofrom: a)",4,64,304,0,0,28,0,244.450569153
1,"map(tofrom: a)",4,64,304,0,0,5042,0,5677.402019501
1,"map(tofrom: a)",4,64,304,0,0,1218,0,1537.346839905
1,"map(tofrom: a)",4,64,304,0,0,472,0,725.698471069
1,"map(tofrom: a)",4,64,304,0,1,4,0,219.106674194
1,"map(tofrom: a)",4,64,304,0,1,1,0,215.399265289
1,"map(tofrom: a)",4,64,304,0,1,17,0,234.007835388
1,"map(tofrom: a)",4,64,304,0,1,28,0,244.998931885
1,"map(tofrom: a)",4,64,304,0,1,11,0,226.199626923
1,"map(tofrom: a)",4,64,304,0,1,3140,0,3637.051582336
1,"map(tofrom: a)",4,64,304,0,1,2,0,215.148925781
1,"map(tofrom: a)",4,64,304,0,1,758,0,1040.601730347
1,"map(tofrom: a)",4,64,304,0,1,1218,0,1530.945301056
1,"map(tofrom: a)",4,64,304,0,1,44,0,263.702869415
1,"map(tofrom: a)",4,64,304,0,1,71,0,291.204452515
1,"map(tofrom: a)",4,64,304,0,1,114,0,337.600708008
1,"map(tofrom: a)",4,64,304,0,1,294,0,531.899929047
1,"map(tofrom: a)",4,64,304,0,1,7,0,221.252441406
1,"map(tofrom: a)",4,64,304,0,1,183,0,412.297248840
1,"map(tofrom: a)",4,64,304,0,1,8096,0,8996.200561523
1,"map(tofrom: a)",4,64,304,0,1,472,0,725.340843201
1,"map(tofrom: a)",4,64,304,0,1,1955,0,2342.104911804
1,"map(tofrom: a)",4,64,304,0,1,3,0,216.698646545
1,"map(tofrom: a)",4,64,304,0,1,5042,0,5708.944797516
1,"map(tofrom: a)",4,64,304,0,2,3,0,216.698646545
1,"map(tofrom: a)",4,64,304,0,2,44,0,263.154506683
1,"map(tofrom: a)",4,64,304,0,2,1,0,215.148925781
1,"map(tofrom: a)",4,64,304,0,2,183,0,413.048267365
1,"map(tofrom: a)",4,64,304,0,2,294,0,530.958175659
1,"map(tofrom: a)",4,64,304,0,2,5042,0,5701.339244843
1,"map(tofrom: a)",4,64,304,0,2,7,0,221.705436707
1,"map(tofrom: a)",4,64,304,0,2,8096,0,9016.799926758
1,"map(tofrom: a)",4,64,304,0,2,2,0,215.601921082
1,"map(tofrom: a)",4,64,304,0,2,114,0,336.945056915
1,"map(tofrom: a)",4,64,304,0,2,71,0,290.548801422
1,"map(tofrom: a)",4,64,304,0,2,1955,0,2344.501018524
1,"map(tofrom: a)",4,64,304,0,2,17,0,234.198570251
1,"map(tofrom: a)",4,64,304,0,2,472,0,724.256038666
1,"map(tofrom: a)",4,64,304,0,2,11,0,226.008892059
1,"map(tofrom: a)",4,64,304,0,2,1218,0,1535.844802856
1,"map(tofrom: a)",4,64,304,0,2,4,0,218.749046326
1,"map(tofrom: a)",4,64,304,0,2,3140,0,3637.194633484
1,"map(tofrom: a)",4,64,304,0,2,758,0,1036.357879639
1,"map(tofrom: a)",4,64,304,0,2,28,0,245.106220245
1,"map(tofrom: a)",4,64,304,0,3,11,0,226.104259491
1,"map(tofrom: a)",4,64,304,0,3,4,0,218.701362610
1,"map(tofrom: a)",4,64,304,0,3,5042,0,5676.496028900
1,"map(tofrom: a)",4,64,304,0,3,183,0,424.849987030
1,"map(tofrom: a)",4,64,304,0,3,17,0,238.907337189
1,"map(tofrom: a)",4,64,304,0,3,3,0,218.892097473
1,"map(tofrom: a)",4,64,304,0,3,28,0,245.547294617
1,"map(tofrom: a)",4,64,304,0,3,1218,0,1536.452770233
1,"map(tofrom: a)",4,64,304,0,3,114,0,337.648391724
1,"map(tofrom: a)",4,64,304,0,3,758,0,1034.545898438
1,"map(tofrom: a)",4,64,304,0,3,1955,0,2348.446846008
1,"map(tofrom: a)",4,64,304,0,3,472,0,726.950168610
1,"map(tofrom: a)",4,64,304,0,3,7,0,221.300125122
1,"map(tofrom: a)",4,64,304,0,3,44,0,263.094902039
1,"map(tofrom: a)",4,64,304,0,3,3140,0,3627.955913544
1,"map(tofrom: a)",4,64,304,0,3,8096,0,9021.842479706
1,"map(tofrom: a)",4,64,304,0,3,71,0,290.989875793
1,"map(tofrom: a)",4,64,304,0,3,1,0,215.590000153
1,"map(tofrom: a)",4,64,304,0,3,2,0,215.351581573
1,"map(tofrom: a)",4,64,304,0,3,294,0,533.592700958
1,"map(tofrom: a)",4,64,304,0,4,3,0,216.352939606
1,"map(tofrom: a)",4,64,304,0,4,8096,0,9015.405178070
1,"map(tofrom: a)",4,64,304,0,4,1,0,215.744972229
1,"map(tofrom: a)",4,64,304,0,4,28,0,244.796276093
1,"map(tofrom: a)",4,64,304,0,4,17,0,233.757495880
1,"map(tofrom: a)",4,64,304,0,4,5042,0,5678.451061249
1,"map(tofrom: a)",4,64,304,0,4,7,0,221.848487854
1,"map(tofrom: a)",4,64,304,0,4,114,0,337.350368500
1,"map(tofrom: a)",4,64,304,0,4,44,0,262.892246246
1,"map(tofrom: a)",4,64,304,0,4,2,0,215.554237366
1,"map(tofrom: a)",4,64,304,0,4,294,0,532.698631287
1,"map(tofrom: a)",4,64,304,0,4,758,0,1036.655902863
1,"map(tofrom: a)",4,64,304,0,4,183,0,412.249565125
1,"map(tofrom: a)",4,64,304,0,4,4,0,218.641757965
1,"map(tofrom: a)",4,64,304,0,4,1218,0,1531.052589417
1,"map(tofrom: a)",4,64,304,0,4,71,0,291.550159454
1,"map(tofrom: a)",4,64,304,0,4,1955,0,2335.894107819
1,"map(tofrom: a)",4,64,304,0,4,11,0,226.557254791
1,"map(tofrom: a)",4,64,304,0,4,472,0,726.401805878
1,"map(tofrom: a)",4,64,304,0,4,3140,0,3645.205497742
1,"map(tofrom: a)",4,64,304,1,0,2,0,214.958190918
1,"map(tofrom: a)",4,64,304,1,0,4,0,218.999385834
1,"map(tofrom: a)",4,64,304,1,0,472,0,727.152824402
1,"map(tofrom: a)",4,64,304,1,0,3140,0,3631.746768951
1,"map(tofrom: a)",4,64,304,1,0,183,0,412.249565125
1,"map(tofrom: a)",4,64,304,1,0,28,0,244.498252869
1,"map(tofrom: a)",4,64,304,1,0,71,0,291.049480438
1,"map(tofrom: a)",4,64,304,1,0,1218,0,1534.700393677
1,"map(tofrom: a)",4,64,304,1,0,294,0,534.105300903
1,"map(tofrom: a)",4,64,304,1,0,1,0,215.303897858
1,"map(tofrom: a)",4,64,304,1,0,7,0,221.252441406
1,"map(tofrom: a)",4,64,304,1,0,1955,0,2354.097366333
1,"map(tofrom: a)",4,64,304,1,0,758,0,1032.304763794
1,"map(tofrom: a)",4,64,304,1,0,114,0,337.648391724
1,"map(tofrom: a)",4,64,304,1,0,11,0,226.199626923
1,"map(tofrom: a)",4,64,304,1,0,3,0,216.698646545
1,"map(tofrom: a)",4,64,304,1,0,8096,0,8962.094783783
1,"map(tofrom: a)",4,64,304,1,0,44,0,263.547897339
1,"map(tofrom: a)",4,64,304,1,0,17,0,234.103202820
1,"map(tofrom: a)",4,64,304,1,0,5042,0,5703.604221344
1,"map(tofrom: a)",4,64,304,1,1,758,0,1034.545898438
1,"map(tofrom: a)",4,64,304,1,1,3,0,216.448307037
1,"map(tofrom: a)",4,64,304,1,1,3140,0,3634.595870972
1,"map(tofrom: a)",4,64,304,1,1,1955,0,2344.346046448
1,"map(tofrom: a)",4,64,304,1,1,44,0,263.440608978
1,"map(tofrom: a)",4,64,304,1,1,17,0,233.709812164
1,"map(tofrom: a)",4,64,304,1,1,294,0,532.650947571
1,"map(tofrom: a)",4,64,304,1,1,28,0,244.700908661
1,"map(tofrom: a)",4,64,304,1,1,114,0,336.849689484
1,"map(tofrom: a)",4,64,304,1,1,2,0,215.256214142
1,"map(tofrom: a)",4,64,304,1,1,7,0,221.240520477
1,"map(tofrom: a)",4,64,304,1,1,183,0,412.857532501
1,"map(tofrom: a)",4,64,304,1,1,8096,0,8960.497379303
1,"map(tofrom: a)",4,64,304,1,1,11,0,226.044654846
1,"map(tofrom: a)",4,64,304,1,1,1,0,215.554237366
1,"map(tofrom: a)",4,64,304,1,1,1218,0,1541.757583618
1,"map(tofrom: a)",4,64,304,1,1,472,0,725.388526917
1,"map(tofrom: a)",4,64,304,1,1,71,0,291.550159454
1,"map(tofrom: a)",4,64,304,1,1,5042,0,5693.352222443
1,"map(tofrom: a)",4,64,304,1,1,4,0,218.808650970
1,"map(tofrom: a)",4,64,304,1,2,2,0,215.053558350
1,"map(tofrom: a)",4,64,304,1,2,71,0,290.846824646
1,"map(tofrom: a)",4,64,304,1,2,17,0,234.091281891
1,"map(tofrom: a)",4,64,304,1,2,472,0,725.400447845
1,"map(tofrom: a)",4,64,304,1,2,5042,0,5683.696269989
1,"map(tofrom: a)",4,64,304,1,2,28,0,244.653224945
1,"map(tofrom: a)",4,64,304,1,2,44,0,263.154506683
1,"map(tofrom: a)",4,64,304,1,2,1218,0,1538.002490997
1,"map(tofrom: a)",4,64,304,1,2,4,0,218.451023102
1,"map(tofrom: a)",4,64,304,1,2,1955,0,2350.950241089
1,"map(tofrom: a)",4,64,304,1,2,183,0,411.999225616
1,"map(tofrom: a)",4,64,304,1,2,7,0,221.550464630
1,"map(tofrom: a)",4,64,304,1,2,758,0,1032.805442810
1,"map(tofrom: a)",4,64,304,1,2,1,0,215.494632721
1,"map(tofrom: a)",4,64,304,1,2,3140,0,3623.855113983
1,"map(tofrom: a)",4,64,304,1,2,8096,0,9014.046192169
1,"map(tofrom: a)",4,64,304,1,2,3,0,216.698646545
1,"map(tofrom: a)",4,64,304,1,2,114,0,338.101387024
1,"map(tofrom: a)",4,64,304,1,2,11,0,226.151943207
1,"map(tofrom: a)",4,64,304,1,2,294,0,533.199310303
1,"map(tofrom: a)",4,64,304,1,3,1,0,215.101242065
1,"map(tofrom: a)",4,64,304,1,3,17,0,234.198570251
1,"map(tofrom: a)",4,64,304,1,3,294,0,534.558296204
1,"map(tofrom: a)",4,64,304,1,3,5042,0,5690.801143646
1,"map(tofrom: a)",4,64,304,1,3,114,0,337.994098663
1,"map(tofrom: a)",4,64,304,1,3,28,0,245.046615601
1,"map(tofrom: a)",4,64,304,1,3,1218,0,1529.502868652
1,"map(tofrom: a)",4,64,304,1,3,2,0,215.399265289
1,"map(tofrom: a)",4,64,304,1,3,3,0,216.650962830
1,"map(tofrom: a)",4,64,304,1,3,4,0,218.796730042
1,"map(tofrom: a)",4,64,304,1,3,758,0,1034.903526306
1,"map(tofrom: a)",4,64,304,1,3,11,0,226.390361786
1,"map(tofrom: a)",4,64,304,1,3,44,0,263.452529907
1,"map(tofrom: a)",4,64,304,1,3,472,0,724.995136261
1,"map(tofrom: a)",4,64,304,1,3,7,0,221.455097198
1,"map(tofrom: a)",4,64,304,1,3,1955,0,2349.650859833
1,"map(tofrom: a)",4,64,304,1,3,71,0,291.049480438
1,"map(tofrom: a)",4,64,304,1,3,183,0,411.891937256
1,"map(tofrom: a)",4,64,304,1,3,8096,0,9010.505676270
1,"map(tofrom: a)",4,64,304,1,3,3140,0,3632.652759552
1,"map(tofrom: a)",4,64,304,1,4,472,0,725.746154785
1,"map(tofrom: a)",4,64,304,1,4,71,0,290.703773499
1,"map(tofrom: a)",4,64,304,1,4,1,0,215.196609497
1,"map(tofrom: a)",4,64,304,1,4,11,0,226.557254791
1,"map(tofrom: a)",4,64,304,1,4,4,0,218.844413757
1,"map(tofrom: a)",4,64,304,1,4,3140,0,3635.704517365
1,"map(tofrom: a)",4,64,304,1,4,28,0,244.545936584
1,"map(tofrom: a)",4,64,304,1,4,1218,0,1540.148258209
1,"map(tofrom: a)",4,64,304,1,4,2,0,215.649604797
1,"map(tofrom: a)",4,64,304,1,4,183,0,412.845611572
1,"map(tofrom: a)",4,64,304,1,4,5042,0,5677.545070648
1,"map(tofrom: a)",4,64,304,1,4,114,0,338.757038116
1,"map(tofrom: a)",4,64,304,1,4,3,0,216.853618622
1,"map(tofrom: a)",4,64,304,1,4,44,0,1073.849201202
1,"map(tofrom: a)",4,64,304,1,4,758,0,1037.907600403
1,"map(tofrom: a)",4,64,304,1,4,8096,0,8999.300003052
1,"map(tofrom: a)",4,64,304,1,4,1955,0,2345.597743988
1,"map(tofrom: a)",4,64,304,1,4,294,0,533.497333527
1,"map(tofrom: a)",4,64,304,1,4,7,0,221.395492554
1,"map(tofrom: a)",4,64,304,1,4,17,0,233.960151672
1,"map(tofrom: a)",16,64,304,0,0,7,0,222.790241241
1,"map(tofrom: a)",16,64,304,0,0,114,0,337.946414948
1,"map(tofrom: a)",16,64,304,0,0,3,0,216.746330261
1,"map(tofrom: a)",16,64,304,0,0,17,0,234.198570251
1,"map(tofrom: a)",16,64,304,0,0,1,0,215.291976929
1,"map(tofrom: a)",16,64,304,0,0,44,0,595.855712891
1,"map(tofrom: a)",16,64,304,0,0,294,0,533.902645111
1,"map(tofrom: a)",16,64,304,0,0,3140,0,3640.496730804
1,"map(tofrom: a)",16,64,304,0,0,4,0,218.939781189
1,"map(tofrom: a)",16,64,304,0,0,1955,0,2346.801757812
1,"map(tofrom: a)",16,64,304,0,0,183,0,415.146350861
1,"map(tofrom: a)",16,64,304,0,0,8096,0,9007.048606873
1,"map(tofrom: a)",16,64,304,0,0,758,0,1034.951210022
1,"map(tofrom: a)",16,64,304,0,0,71,0,290.703773499
1,"map(tofrom: a)",16,64,304,0,0,2,0,215.291976929
1,"map(tofrom: a)",16,64,304,0,0,11,0,226.354598999
1,"map(tofrom: a)",16,64,304,0,0,28,0,245.058536530
1,"map(tofrom: a)",16,64,304,0,0,5042,0,5704.796314240
1,"map(tofrom: a)",16,64,304,0,0,1218,0,1531.243324280
1,"map(tofrom: a)",16,64,304,0,0,472,0,730.001926422
1,"map(tofrom: a)",16,64,304,0,1,4,0,218.701362610
1,"map(tofrom: a)",16,64,304,0,1,1,0,215.351581573
1,"map(tofrom: a)",16,64,304,0,1,17,0,234.103202820
1,"map(tofrom: a)",16,64,304,0,1,28,0,245.296955109
1,"map(tofrom: a)",16,64,304,0,1,11,0,226.402282715
1,"map(tofrom: a)",16,64,304,0,1,3140,0,3633.999824524
1,"map(tofrom: a)",16,64,304,0,1,2,0,215.542316437
1,"map(tofrom: a)",16,64,304,0,1,758,0,1036.846637726
1,"map(tofrom: a)",16,64,304,0,1,1218,0,1532.006263733
1,"map(tofrom: a)",16,64,304,0,1,44,0,263.440608978
1,"map(tofrom: a)",16,64,304,0,1,71,0,291.502475739
1,"map(tofrom: a)",16,64,304,0,1,114,0,337.946414948
1,"map(tofrom: a)",16,64,304,0,1,294,0,532.698631287
1,"map(tofrom: a)",16,64,304,0,1,7,0,221.753120422
1,"map(tofrom: a)",16,64,304,0,1,183,0,411.891937256
1,"map(tofrom: a)",16,64,304,0,1,8096,0,9037.399291992
1,"map(tofrom: a)",16,64,304,0,1,472,0,722.241401672
1,"map(tofrom: a)",16,64,304,0,1,1955,0,2352.344989777
1,"map(tofrom: a)",16,64,304,0,1,3,0,216.448307037
1,"map(tofrom: a)",16,64,304,0,1,5042,0,5716.049671173
1,"map(tofrom: a)",16,64,304,0,2,3,0,216.305255890
1,"map(tofrom: a)",16,64,304,0,2,44,0,263.345241547
1,"map(tofrom: a)",16,64,304,0,2,1,0,215.649604797
1,"map(tofrom: a)",16,64,304,0,2,183,0,412.797927856
1,"map(tofrom: a)",16,64,304,0,2,294,0,531.303882599
1,"map(tofrom: a)",16,64,304,0,2,5042,0,5685.651302338
1,"map(tofrom: a)",16,64,304,0,2,7,0,221.943855286
1,"map(tofrom: a)",16,64,304,0,2,8096,0,9004.557132721
1,"map(tofrom: a)",16,64,304,0,2,2,0,215.804576874
1,"map(tofrom: a)",16,64,304,0,2,114,0,338.256359100
1,"map(tofrom: a)",16,64,304,0,2,71,0,290.894508362
1,"map(tofrom: a)",16,64,304,0,2,1955,0,2348.101139069
1,"map(tofrom: a)",16,64,304,0,2,17,0,234.150886536
1,"map(tofrom: a)",16,64,304,0,2,472,0,728.702545166
1,"map(tofrom: a)",16,64,304,0,2,11,0,226.056575775
1,"map(tofrom: a)",16,64,304,0,2,1218,0,1542.603969574
1,"map(tofrom: a)",16,64,304,0,2,4,0,218.439102173
1,"map(tofrom: a)",16,64,304,0,2,3140,0,3639.495372772
1,"map(tofrom: a)",16,64,304,0,2,758,0,1036.107540131
1,"map(tofrom: a)",16,64,304,0,2,28,0,245.749950409
1,"map(tofrom: a)",16,64,304,0,3,11,0,225.889682770
1,"map(tofrom: a)",16,64,304,0,3,4,0,219.202041626
1,"map(tofrom: a)",16,64,304,0,3,5042,0,5689.501762390
1,"map(tofrom: a)",16,64,304,0,3,183,0,413.048267365
1,"map(tofrom: a)",16,64,304,0,3,17,0,233.900547028
1,"map(tofrom: a)",16,64,304,0,3,3,0,217.056274414
1,"map(tofrom: a)",16,64,304,0,3,28,0,244.855880737
1,"map(tofrom: a)",16,64,304,0,3,1218,0,1538.550853729
1,"map(tofrom: a)",16,64,304,0,3,114,0,337.648391724
1,"map(tofrom: a)",16,64,304,0,3,758,0,1037.406921387
1,"map(tofrom: a)",16,64,304,0,3,1955,0,2346.801757812
1,"map(tofrom: a)",16,64,304,0,3,472,0,728.297233582
1,"map(tofrom: a)",16,64,304,0,3,7,0,221.049785614
1,"map(tofrom: a)",16,64,304,0,3,44,0,263.500213623
1,"map(tofrom: a)",16,64,304,0,3,3140,0,3620.100021362
1,"map(tofrom: a)",16,64,304,0,3,8096,0,9038.197994232
1,"map(tofrom: a)",16,64,304,0,3,71,0,290.346145630
1,"map(tofrom: a)",16,64,304,0,3,1,0,215.399265289
1,"map(tofrom: a)",16,64,304,0,3,2,0,215.196609497
1,"map(tofrom: a)",16,64,304,0,3,294,0,533.604621887
1,"map(tofrom: a)",16,64,304,0,4,3,0,216.603279114
1,"map(tofrom: a)",16,64,304,0,4,8096,0,8983.254432678
1,"map(tofrom: a)",16,64,304,0,4,1,0,215.590000153
1,"map(tofrom: a)",16,64,304,0,4,28,0,245.046615601
1,"map(tofrom: a)",16,64,304,0,4,17,0,284.743309021
1,"map(tofrom: a)",16,64,304,0,4,5042,0,5687.248706818
1,"map(tofrom: a)",16,64,304,0,4,7,0,221.502780914
1,"map(tofrom: a)",16,64,304,0,4,114,0,338.351726532
1,"map(tofrom: a)",16,64,304,0,4,44,0,262.999534607
1,"map(tofrom: a)",16,64,304,0,4,2,0,215.649604797
1,"map(tofrom: a)",16,64,304,0,4,294,0,532.507896423
1,"map(tofrom: a)",16,64,304,0,4,758,0,1041.507720947
1,"map(tofrom: a)",16,64,304,0,4,183,0,413.358211517
1,"map(tofrom: a)",16,64,304,0,4,4,0,219.058990479
1,"map(tofrom: a)",16,64,304,0,4,1218,0,1533.341407776
1,"map(tofrom: a)",16,64,304,0,4,71,0,292.599201202
1,"map(tofrom: a)",16,64,304,0,4,1955,0,2332.305908203
1,"map(tofrom: a)",16,64,304,0,4,11,0,226.199626923
1,"map(tofrom: a)",16,64,304,0,4,472,0,728.642940521
1,"map(tofrom: a)",16,64,304,0,4,3140,0,3634.047508240
1,"map(tofrom: a)",16,64,304,1,0,2,0,215.351581573
1,"map(tofrom: a)",16,64,304,1,0,4,0,219.249725342
1,"map(tofrom: a)",16,64,304,1,0,472,0,727.057456970
1,"map(tofrom: a)",16,64,304,1,0,3140,0,3637.993335724
1,"map(tofrom: a)",16,64,304,1,0,183,0,413.942337036
1,"map(tofrom: a)",16,64,304,1,0,28,0,244.939327240
1,"map(tofrom: a)",16,64,304,1,0,71,0,292.050838470
1,"map(tofrom: a)",16,64,304,1,0,1218,0,1541.602611542
1,"map(tofrom: a)",16,64,304,1,0,294,0,532.495975494
1,"map(tofrom: a)",16,64,304,1,0,1,0,215.494632721
1,"map(tofrom: a)",16,64,304,1,0,7,0,221.347808838
1,"map(tofrom: a)",16,64,304,1,0,1955,0,2356.851100922
1,"map(tofrom: a)",16,64,304,1,0,758,0,1032.900810242
1,"map(tofrom: a)",16,64,304,1,0,114,0,339.257717133
1,"map(tofrom: a)",16,64,304,1,0,11,0,225.901603699
1,"map(tofrom: a)",16,64,304,1,0,3,0,216.853618622
1,"map(tofrom: a)",16,64,304,1,0,8096,0,8970.808982849
1,"map(tofrom: a)",16,64,304,1,0,44,0,263.452529907
1,"map(tofrom: a)",16,64,304,1,0,17,0,234.043598175
1,"map(tofrom: a)",16,64,304,1,0,5042,0,5698.955059052
1,"map(tofrom: a)",16,64,304,1,1,758,0,1035.201549530
1,"map(tofrom: a)",16,64,304,1,1,3,0,216.794013977
1,"map(tofrom: a)",16,64,304,1,1,3140,0,3633.999824524
1,"map(tofrom: a)",16,64,304,1,1,1955,0,2350.854873657
1,"map(tofrom: a)",16,64,304,1,1,44,0,262.904167175
1,"map(tofrom: a)",16,64,304,1,1,17,0,234.305858612
1,"map(tofrom: a)",16,64,304,1,1,294,0,533.449649811
1,"map(tofrom: a)",16,64,304,1,1,28,0,245.153903961
1,"map(tofrom: a)",16,64,304,1,1,114,0,337.803363800
1,"map(tofrom: a)",16,64,304,1,1,2,0,215.399265289
1,"map(tofrom: a)",16,64,304,1,1,7,0,221.455097198
1,"map(tofrom: a)",16,64,304,1,1,183,0,415.503978729
1,"map(tofrom: a)",16,64,304,1,1,8096,0,8942.103385925
1,"map(tofrom: a)",16,64,304,1,1,11,0,226.545333862
1,"map(tofrom: a)",16,64,304,1,1,1,0,215.697288513
1,"map(tofrom: a)",16,64,304,1,1,1218,0,1538.145542145
1,"map(tofrom: a)",16,64,304,1,1,472,0,726.497173309
1,"map(tofrom: a)",16,64,304,1,1,71,0,291.895866394
1,"map(tofrom: a)",16,64,304,1,1,5042,0,5696.451663971
1,"map(tofrom: a)",16,64,304,1,1,4,0,218.939781189
1,"map(tofrom: a)",16,64,304,1,2,2,0,215.053558350
1,"map(tofrom: a)",16,64,304,1,2,71,0,291.609764099
1,"map(tofrom: a)",16,64,304,1,2,17,0,233.948230743
1,"map(tofrom: a)",16,64,304,1,2,472,0,729.203224182
1,"map(tofrom: a)",16,64,304,1,2,5042,0,5650.639533997
1,"map(tofrom: a)",16,64,304,1,2,28,0,244.951248169
1,"map(tofrom: a)",16,64,304,1,2,44,0,263.142585754
1,"map(tofrom: a)",16,64,304,1,2,1218,0,1542.949676514
1,"map(tofrom: a)",16,64,304,1,2,4,0,218.796730042
1,"map(tofrom: a)",16,64,304,1,2,1955,0,2353.394031525
1,"map(tofrom: a)",16,64,304,1,2,183,0,413.346290588
1,"map(tofrom: a)",16,64,304,1,2,7,0,221.395492554
1,"map(tofrom: a)",16,64,304,1,2,758,0,1034.843921661
1,"map(tofrom: a)",16,64,304,1,2,1,0,215.506553650
1,"map(tofrom: a)",16,64,304,1,2,3140,0,3631.651401520
1,"map(tofrom: a)",16,64,304,1,2,8096,0,9005.355834961
1,"map(tofrom: a)",16,64,304,1,2,3,0,216.805934906
1,"map(tofrom: a)",16,64,304,1,2,114,0,337.553024292
1,"map(tofrom: a)",16,64,304,1,2,11,0,226.151943207
1,"map(tofrom: a)",16,64,304,1,2,294,0,533.950328827
1,"map(tofrom: a)",16,64,304,1,3,1,0,215.649604797
1,"map(tofrom: a)",16,64,304,1,3,17,0,386.404991150
1,"map(tofrom: a)",16,64,304,1,3,294,0,534.904003143
1,"map(tofrom: a)",16,64,304,1,3,5042,0,5716.705322266
1,"map(tofrom: a)",16,64,304,1,3,114,0,337.898731232
1,"map(tofrom: a)",16,64,304,1,3,28,0,245.249271393
1,"map(tofrom: a)",16,64,304,1,3,1218,0,1532.649993896
1,"map(tofrom: a)",16,64,304,1,3,2,0,215.494632721
1,"map(tofrom: a)",16,64,304,1,3,3,0,216.853618622
1,"map(tofrom: a)",16,64,304,1,3,4,0,219.047069550
1,"map(tofrom: a)",16,64,304,1,3,758,0,1039.004325867
1,"map(tofrom: a)",16,64,304,1,3,11,0,226.652622223
1,"map(tofrom: a)",16,64,304,1,3,44,0,263.249874115
1,"map(tofrom: a)",16,64,304,1,3,472,0,725.650787354
1,"map(tofrom: a)",16,64,304,1,3,7,0,221.455097198
1,"map(tofrom: a)",16,64,304,1,3,1955,0,2349.698543549
1,"map(tofrom: a)",16,64,304,1,3,71,0,291.848182678
1,"map(tofrom: a)",16,64,304,1,3,183,0,414.204597473
1,"map(tofrom: a)",16,64,304,1,3,8096,0,8984.398841858
1,"map(tofrom: a)",16,64,304,1,3,3140,0,3648.555278778
1,"map(tofrom: a)",16,64,304,1,4,472,0,727.307796478
1,"map(tofrom: a)",16,64,304,1,4,71,0,291.645526886
1,"map(tofrom: a)",16,64,304,1,4,1,0,215.446949005
1,"map(tofrom: a)",16,64,304,1,4,11,0,226.044654846
1,"map(tofrom: a)",16,64,304,1,4,4,0,218.844413757
1,"map(tofrom: a)",16,64,304,1,4,3140,0,3640.449047089
1,"map(tofrom: a)",16,64,304,1,4,28,0,244.951248169
1,"map(tofrom: a)",16,64,304,1,4,1218,0,1540.005207062
1,"map(tofrom: a)",16,64,304,1,4,2,0,215.351581573
1,"map(tofrom: a)",16,64,304,1,4,183,0,413.250923157
1,"map(tofrom: a)",16,64,304,1,4,5042,0,5691.552162170
1,"map(tofrom: a)",16,64,304,1,4,114,0,339.055061340
1,"map(tofrom: a)",16,64,304,1,4,3,0,216.794013977
1,"map(tofrom: a)",16,64,304,1,4,44,0,263.094902039
1,"map(tofrom: a)",16,64,304,1,4,758,0,1037.251949310
1,"map(tofrom: a)",16,64,304,1,4,8096,0,9014.654159546
1,"map(tofrom: a)",16,64,304,1,4,1955,0,2336.645126343
1,"map(tofrom: a)",16,64,304,1,4,294,0,535.607337952
1,"map(tofrom: a)",16,64,304,1,4,7,0,221.645832062
1,"map(tofrom: a)",16,64,304,1,4,17,0,234.007835388
1,"map(tofrom: a)",64,64,304,0,0,7,0,223.255157471
1,"map(tofrom: a)",64,64,304,0,0,114,0,338.852405548
1,"map(tofrom: a)",64,64,304,0,0,3,0,216.948986053
1,"map(tofrom: a)",64,64,304,0,0,17,0,234.150886536
1,"map(tofrom: a)",64,64,304,0,0,1,0,215.196609497
1,"map(tofrom: a)",64,64,304,0,0,44,0,263.094902039
1,"map(tofrom: a)",64,64,304,0,0,294,0,533.103942871
1,"map(tofrom: a)",64,64,304,0,0,3140,0,3637.051582336
1,"map(tofrom: a)",64,64,304,0,0,4,0,218.892097473
1,"map(tofrom: a)",64,64,304,0,0,1955,0,2344.608306885
1,"map(tofrom: a)",64,64,304,0,0,183,0,415.599346161
1,"map(tofrom: a)",64,64,304,0,0,8096,0,9019.243717194
1,"map(tofrom: a)",64,64,304,0,0,758,0,1038.348674774
1,"map(tofrom: a)",64,64,304,0,0,71,0,298.404693604
1,"map(tofrom: a)",64,64,304,0,0,2,0,219.857692719
1,"map(tofrom: a)",64,64,304,0,0,11,0,228.393077850
1,"map(tofrom: a)",64,64,304,0,0,28,0,245.356559753
1,"map(tofrom: a)",64,64,304,0,0,5042,0,5697.000026703
1,"map(tofrom: a)",64,64,304,0,0,1218,0,1534.557342529
1,"map(tofrom: a)",64,64,304,0,0,472,0,730.454921722
1,"map(tofrom: a)",64,64,304,0,1,4,0,220.000743866
1,"map(tofrom: a)",64,64,304,0,1,1,0,231.850147247
1,"map(tofrom: a)",64,64,304,0,1,17,0,243.055820465
1,"map(tofrom: a)",64,64,304,0,1,28,0,250.053405762
1,"map(tofrom: a)",64,64,304,0,1,11,0,229.299068451
1,"map(tofrom: a)",64,64,304,0,1,3140,0,3631.603717804
1,"map(tofrom: a)",64,64,304,0,1,2,0,215.244293213
1,"map(tofrom: a)",64,64,304,0,1,758,0,1040.697097778
1,"map(tofrom: a)",64,64,304,0,1,1218,0,1533.353328705
1,"map(tofrom: a)",64,64,304,0,1,44,0,263.047218323
1,"map(tofrom: a)",64,64,304,0,1,71,0,292.110443115
1,"map(tofrom: a)",64,64,304,0,1,114,0,339.806079865
1,"map(tofrom: a)",64,64,304,0,1,294,0,533.103942871
1,"map(tofrom: a)",64,64,304,0,1,7,0,221.645832062
1,"map(tofrom: a)",64,64,304,0,1,183,0,413.644313812
1,"map(tofrom: a)",64,64,304,0,1,8096,0,9021.949768066
1,"map(tofrom: a)",64,64,304,0,1,472,0,725.853443146
1,"map(tofrom: a)",64,64,304,0,1,1955,0,2348.446846008
1,"map(tofrom: a)",64,64,304,0,1,3,0,216.805934906
1,"map(tofrom: a)",64,64,304,0,1,5042,0,5694.949626923
1,"map(tofrom: a)",64,64,304,0,2,3,0,216.495990753
1,"map(tofrom: a)",64,64,304,0,2,44,0,263.345241547
1,"map(tofrom: a)",64,64,304,0,2,1,0,215.089321136
1,"map(tofrom: a)",64,64,304,0,2,183,0,413.751602173
1,"map(tofrom: a)",64,64,304,0,2,294,0,532.853603363
1,"map(tofrom: a)",64,64,304,0,2,5042,0,5692.648887634
1,"map(tofrom: a)",64,64,304,0,2,7,0,221.705436707
1,"map(tofrom: a)",64,64,304,0,2,8096,0,9016.597270966
1,"map(tofrom: a)",64,64,304,0,2,2,0,215.101242065
1,"map(tofrom: a)",64,64,304,0,2,114,0,338.649749756
1,"map(tofrom: a)",64,64,304,0,2,71,0,291.848182678
1,"map(tofrom: a)",64,64,304,0,2,1955,0,2352.094650269
1,"map(tofrom: a)",64,64,304,0,2,17,0,234.043598175
1,"map(tofrom: a)",64,64,304,0,2,472,0,728.750228882
1,"map(tofrom: a)",64,64,304,0,2,11,0,226.104259491
1,"map(tofrom: a)",64,64,304,0,2,1218,0,1540.803909302
1,"map(tofrom: a)",64,64,304,0,2,4,0,218.844413757
1,"map(tofrom: a)",64,64,304,0,2,3140,0,3628.146648407
1,"map(tofrom: a)",64,64,304,0,2,758,0,1037.907600403
1,"map(tofrom: a)",64,64,304,0,2,28,0,244.653224945
1,"map(tofrom: a)",64,64,304,0,3,11,0,226.342678070
1,"map(tofrom: a)",64,64,304,0,3,4,0,218.701362610
1,"map(tofrom: a)",64,64,304,0,3,5042,0,5690.801143646
1,"map(tofrom: a)",64,64,304,0,3,183,0,413.703918457
1,"map(tofrom: a)",64,64,304,0,3,17,0,233.948230743
1,"map(tofrom: a)",64,64,304,0,3,3,0,216.698646545
1,"map(tofrom: a)",64,64,304,0,3,28,0,244.653224945
1,"map(tofrom: a)",64,64,304,0,3,1218,0,1538.896560669
1,"map(tofrom: a)",64,64,304,0,3,114,0,338.196754456
1,"map(tofrom: a)",64,64,304,0,3,758,0,1039.099693298
1,"map(tofrom: a)",64,64,304,0,3,1955,0,2344.346046448
1,"map(tofrom: a)",64,64,304,0,3,472,0,730.860233307
1,"map(tofrom: a)",64,64,304,0,3,7,0,221.347808838
1,"map(tofrom: a)",64,64,304,0,3,44,0,263.059139252
1,"map(tofrom: a)",64,64,304,0,3,3140,0,3632.509708405
1,"map(tofrom: a)",64,64,304,0,3,8096,0,9009.492397308
1,"map(tofrom: a)",64,64,304,0,3,71,0,292.253494263
1,"map(tofrom: a)",64,64,304,0,3,1,0,215.697288513
1,"map(tofrom: a)",64,64,304,0,3,2,0,215.303897858
1,"map(tofrom: a)",64,64,304,0,3,294,0,535.249710083
1,"map(tofrom: a)",64,64,304,0,4,3,0,216.507911682
1,"map(tofrom: a)",64,64,304,0,4,8096,0,8992.850780487
1,"map(tofrom: a)",64,64,304,0,4,1,0,225.555896759
1,"map(tofrom: a)",64,64,304,0,4,28,0,250.446796417
1,"map(tofrom: a)",64,64,304,0,4,17,0,236.749649048
1,"map(tofrom: a)",64,64,304,0,4,5042,0,5696.558952332
1,"map(tofrom: a)",64,64,304,0,4,7,0,221.943855286
1,"map(tofrom: a)",64,64,304,0,4,114,0,338.459014893
1,"map(tofrom: a)",64,64,304,0,4,44,0,262.749195099
1,"map(tofrom: a)",64,64,304,0,4,2,0,215.399265289
1,"map(tofrom: a)",64,64,304,0,4,294,0,533.854961395
1,"map(tofrom: a)",64,64,304,0,4,758,0,1040.053367615
1,"map(tofrom: a)",64,64,304,0,4,183,0,414.299964905
1,"map(tofrom: a)",64,64,304,0,4,4,0,218.498706818
1,"map(tofrom: a)",64,64,304,0,4,1218,0,1537.454128265
1,"map(tofrom: a)",64,64,304,0,4,71,0,293.803215027
1,"map(tofrom: a)",64,64,304,0,4,1955,0,2337.348461151
1,"map(tofrom: a)",64,64,304,0,4,11,0,226.104259491
1,"map(tofrom: a)",64,64,304,0,4,472,0,728.154182434
1,"map(tofrom: a)",64,64,304,0,4,3140,0,3637.695312500
1,"map(tofrom: a)",64,64,304,1,0,2,0,215.256214142
1,"map(tofrom: a)",64,64,304,1,0,4,0,219.106674194
1,"map(tofrom: a)",64,64,304,1,0,472,0,727.152824402
1,"map(tofrom: a)",64,64,304,1,0,3140,0,3639.197349548
1,"map(tofrom: a)",64,64,304,1,0,183,0,413.346290588
1,"map(tofrom: a)",64,64,304,1,0,28,0,244.700908661
1,"map(tofrom: a)",64,64,304,1,0,71,0,291.800498962
1,"map(tofrom: a)",64,64,304,1,0,1218,0,1539.647579193
1,"map(tofrom: a)",64,64,304,1,0,294,0,533.151626587
1,"map(tofrom: a)",64,64,304,1,0,1,0,215.399265289
1,"map(tofrom: a)",64,64,304,1,0,7,0,221.192836761
1,"map(tofrom: a)",64,64,304,1,0,1955,0,2347.147464752
1,"map(tofrom: a)",64,64,304,1,0,758,0,1035.845279694
1,"map(tofrom: a)",64,64,304,1,0,114,0,338.447093964
1,"map(tofrom: a)",64,64,304,1,0,11,0,226.247310638
1,"map(tofrom: a)",64,64,304,1,0,3,0,216.794013977
1,"map(tofrom: a)",64,64,304,1,0,8096,0,8967.602252960
1,"map(tofrom: a)",64,64,304,1,0,44,0,263.094902039
1,"map(tofrom: a)",64,64,304,1,0,17,0,234.103202820
1,"map(tofrom: a)",64,64,304,1,0,5042,0,5702.042579651
1,"map(tofrom: a)",64,64,304,1,1,758,0,1034.605503082
1,"map(tofrom: a)",64,64,304,1,1,3,0,216.507911682
1,"map(tofrom: a)",64,64,304,1,1,3140,0,3627.705574036
1,"map(tofrom: a)",64,64,304,1,1,1955,0,2352.297306061
1,"map(tofrom: a)",64,64,304,1,1,44,0,262.856483459
1,"map(tofrom: a)",64,64,304,1,1,17,0,234.103202820
1,"map(tofrom: a)",64,64,304,1,1,294,0,533.199310303
1,"map(tofrom: a)",64,64,304,1,1,28,0,244.903564453
1,"map(tofrom: a)",64,64,304,1,1,114,0,337.600708008
1,"map(tofrom: a)",64,64,304,1,1,2,0,215.148925781
1,"map(tofrom: a)",64,64,304,1,1,7,0,221.347808838
1,"map(tofrom: a)",64,64,304,1,1,183,0,414.395332336
1,"map(tofrom: a)",64,64,304,1,1,8096,0,8966.553211212
1,"map(tofrom: a)",64,64,304,1,1,11,0,226.342678070
1,"map(tofrom: a)",64,64,304,1,1,1,0,215.148925781
1,"map(tofrom: a)",64,64,304,1,1,1218,0,1538.598537445
1,"map(tofrom: a)",64,64,304,1,1,472,0,731.599330902
1,"map(tofrom: a)",64,64,304,1,1,71,0,299.096107483
1,"map(tofrom: a)",64,64,304,1,1,5042,0,5683.600902557
1,"map(tofrom: a)",64,64,304,1,1,4,0,219.202041626
1,"map(tofrom: a)",64,64,304,1,2,2,0,214.993953705
1,"map(tofrom: a)",64,64,304,1,2,71,0,292.003154755
1,"map(tofrom: a)",64,64,304,1,2,17,0,234.150886536
1,"map(tofrom: a)",64,64,304,1,2,472,0,727.903842926
1,"map(tofrom: a)",64,64,304,1,2,5042,0,5665.600299835
1,"map(tofrom: a)",64,64,304,1,2,28,0,245.499610901
1,"map(tofrom: a)",64,64,304,1,2,44,0,263.655185699
1,"map(tofrom: a)",64,64,304,1,2,1218,0,1537.394523621
1,"map(tofrom: a)",64,64,304,1,2,4,0,218.856334686
1,"map(tofrom: a)",64,64,304,1,2,1955,0,2345.645427704
1,"map(tofrom: a)",64,64,304,1,2,183,0,413.954257965
1,"map(tofrom: a)",64,64,304,1,2,7,0,221.204757690
1,"map(tofrom: a)",64,64,304,1,2,758,0,1033.651828766
1,"map(tofrom: a)",64,64,304,1,2,1,0,215.208530426
1,"map(tofrom: a)",64,64,304,1,2,3140,0,3634.798526764
1,"map(tofrom: a)",64,64,304,1,2,8096,0,9017.395973206
1,"map(tofrom: a)",64,64,304,1,2,3,0,216.507911682
1,"map(tofrom: a)",64,64,304,1,2,114,0,338.542461395
1,"map(tofrom: a)",64,64,304,1,2,11,0,226.306915283
1,"map(tofrom: a)",64,64,304,1,2,294,0,535.058975220
1,"map(tofrom: a)",64,64,304,1,3,1,0,215.256214142
1,"map(tofrom: a)",64,64,304,1,3,17,0,234.198570251
1,"map(tofrom: a)",64,64,304,1,3,294,0,534.093379974
1,"map(tofrom: a)",64,64,304,1,3,5042,0,5705.595016479
1,"map(tofrom: a)",64,64,304,1,3,114,0,338.041782379
1,"map(tofrom: a)",64,64,304,1,3,28,0,245.201587677
1,"map(tofrom: a)",64,64,304,1,3,1218,0,1536.357402802
1,"map(tofrom: a)",64,64,304,1,3,2,0,215.756893158
1,"map(tofrom: a)",64,64,304,1,3,3,0,216.591358185
1,"map(tofrom: a)",64,64,304,1,3,4,0,218.701362610
1,"map(tofrom: a)",64,64,304,1,3,758,0,1038.146018982
1,"map(tofrom: a)",64,64,304,1,3,11,0,226.402282715
1,"map(tofrom: a)",64,64,304,1,3,44,0,263.106822968
1,"map(tofrom: a)",64,64,304,1,3,472,0,727.605819702
1,"map(tofrom: a)",64,64,304,1,3,7,0,221.598148346
1,"map(tofrom: a)",64,64,304,1,3,1955,0,2351.891994476
1,"map(tofrom: a)",64,64,304,1,3,71,0,292.599201202
1,"map(tofrom: a)",64,64,304,1,3,183,0,413.906574249
1,"map(tofrom: a)",64,64,304,1,3,8096,0,8991.801738739
1,"map(tofrom: a)",64,64,304,1,3,3140,0,3640.103340149
1,"map(tofrom: a)",64,64,304,1,4,472,0,725.352764130
1,"map(tofrom: a)",64,64,304,1,4,71,0,292.050838470
1,"map(tofrom: a)",64,64,304,1,4,1,0,215.446949005
1,"map(tofrom: a)",64,64,304,1,4,11,0,226.247310638
1,"map(tofrom: a)",64,64,304,1,4,4,0,218.653678894
1,"map(tofrom: a)",64,64,304,1,4,3140,0,3628.599643707
1,"map(tofrom: a)",64,64,304,1,4,28,0,244.998931885
1,"map(tofrom: a)",64,64,304,1,4,1218,0,3254.151344299
1,"map(tofrom: a)",64,64,304,1,4,2,0,215.756893158
1,"map(tofrom: a)",64,64,304,1,4,183,0,413.107872009
1,"map(tofrom: a)",64,64,304,1,4,5042,0,5694.842338562
1,"map(tofrom: a)",64,64,304,1,4,114,0,338.852405548
1,"map(tofrom: a)",64,64,304,1,4,3,0,216.603279114
1,"map(tofrom: a)",64,64,304,1,4,44,0,263.249874115
1,"map(tofrom: a)",64,64,304,1,4,758,0,1038.050651550
1,"map(tofrom: a)",64,64,304,1,4,8096,0,9022.700786591
1,"map(tofrom: a)",64,64,304,1,4,1955,0,2336.847782135
1,"map(tofrom: a)",64,64,304,1,4,294,0,536.000728607
1,"map(tofrom: a)",64,64,304,1,4,7,0,221.443176270
1,"map(tofrom: a)",64,64,304,1,4,17,0,233.995914459
1,"map(tofrom: a)",256,64,304,0,0,7,0,226.652622223
1,"map(tofrom: a)",256,64,304,0,0,114,0,341.403484344
1,"map(tofrom: a)",256,64,304,0,0,3,0,220.346450806
1,"map(tofrom: a)",256,64,304,0,0,17,0,237.405300140
1,"map(tofrom: a)",256,64,304,0,0,1,0,218.343734741
1,"map(tofrom: a)",256,64,304,0,0,44,0,266.206264496
1,"map(tofrom: a)",256,64,304,0,0,294,0,535.750389099
1,"map(tofrom: a)",256,64,304,0,0,3140,0,3640.246391296
1,"map(tofrom: a)",256,64,304,0,0,4,0,222.408771515
1,"map(tofrom: a)",256,64,304,0,0,1955,0,2349.305152893
1,"map(tofrom: a)",256,64,304,0,0,183,0,415.599346161
1,"map(tofrom: a)",256,64,304,0,0,8096,0,9026.002883911
1,"map(tofrom: a)",256,64,304,0,0,758,0,1036.107540131
1,"map(tofrom: a)",256,64,304,0,0,71,0,294.506549835
1,"map(tofrom: a)",256,64,304,0,0,2,0,218.200683594
1,"map(tofrom: a)",256,64,304,0,0,11,0,229.001045227
1,"map(tofrom: a)",256,64,304,0,0,28,0,247.895717621
1,"map(tofrom: a)",256,64,304,0,0,5042,0,5686.748027802
1,"map(tofrom: a)",256,64,304,0,0,1218,0,1539.945602417
1,"map(tofrom: a)",256,64,304,0,0,472,0,730.407238007
1,"map(tofrom: a)",256,64,304,0,1,4,0,222.051143646
1,"map(tofrom: a)",256,64,304,0,1,1,0,218.892097473
1,"map(tofrom: a)",256,64,304,0,1,17,0,236.904621124
1,"map(tofrom: a)",256,64,304,0,1,28,0,248.146057129
1,"map(tofrom: a)",256,64,304,0,1,11,0,229.442119598
1,"map(tofrom: a)",256,64,304,0,1,3140,0,3633.260726929
1,"map(tofrom: a)",256,64,304,0,1,2,0,219.047069550
1,"map(tofrom: a)",256,64,304,0,1,758,0,1041.507720947
1,"map(tofrom: a)",256,64,304,0,1,1218,0,1532.804965973
1,"map(tofrom: a)",256,64,304,0,1,44,0,267.148017883
1,"map(tofrom: a)",256,64,304,0,1,71,0,294.458866119
1,"map(tofrom: a)",256,64,304,0,1,114,0,341.343879700
1,"map(tofrom: a)",256,64,304,0,1,294,0,535.047054291
1,"map(tofrom: a)",256,64,304,0,1,7,0,244.545936584
1,"map(tofrom: a)",256,64,304,0,1,183,0,422.906875610
1,"map(tofrom: a)",256,64,304,0,1,8096,0,9011.101722717
1,"map(tofrom: a)",256,64,304,0,1,472,0,727.045536041
1,"map(tofrom: a)",256,64,304,0,1,1955,0,2348.744869232
1,"map(tofrom: a)",256,64,304,0,1,3,0,220.096111298
1,"map(tofrom: a)",256,64,304,0,1,5042,0,5701.708793640
1,"map(tofrom: a)",256,64,304,0,2,3,0,220.096111298
1,"map(tofrom: a)",256,64,304,0,2,44,0,266.349315643
1,"map(tofrom: a)",256,64,304,0,2,1,0,219.345092773
1,"map(tofrom: a)",256,64,304,0,2,183,0,415.849685669
1,"map(tofrom: a)",256,64,304,0,2,294,0,533.843040466
1,"map(tofrom: a)",256,64,304,0,2,5042,0,5699.801445007
1,"map(tofrom: a)",256,64,304,0,2,7,0,224.506855011
1,"map(tofrom: a)",256,64,304,0,2,8096,0,9024.238586426
1,"map(tofrom: a)",256,64,304,0,2,2,0,219.047069550
1,"map(tofrom: a)",256,64,304,0,2,114,0,340.640544891
1,"map(tofrom: a)",256,64,304,0,2,71,0,294.005870819
1,"map(tofrom: a)",256,64,304,0,2,1955,0,2355.599403381
1,"map(tofrom: a)",256,64,304,0,2,17,0,237.250328064
1,"map(tofrom: a)",256,64,304,0,2,472,0,728.046894073
1,"map(tofrom: a)",256,64,304,0,2,11,0,229.501724243
1,"map(tofrom: a)",256,64,304,0,2,1218,0,1540.458202362
1,"map(tofrom: a)",256,64,304,0,2,4,0,221.848487854
1,"map(tofrom: a)",256,64,304,0,2,3140,0,3633.642196655
1,"map(tofrom: a)",256,64,304,0,2,758,0,1040.542125702
1,"map(tofrom: a)",256,64,304,0,2,28,0,248.789787292
1,"map(tofrom: a)",256,64,304,0,3,11,0,229.203701019
1,"map(tofrom: a)",256,64,304,0,3,4,0,222.098827362
1,"map(tofrom: a)",256,64,304,0,3,5042,0,5682.897567749
1,"map(tofrom: a)",256,64,304,0,3,183,0,416.040420532
1,"map(tofrom: a)",256,64,304,0,3,17,0,237.047672272
1,"map(tofrom: a)",256,64,304,0,3,3,0,219.845771790
1,"map(tofrom: a)",256,64,304,0,3,28,0,247.704982758
1,"map(tofrom: a)",256,64,304,0,3,1218,0,1542.508602142
1,"map(tofrom: a)",256,64,304,0,3,114,0,340.497493744
1,"map(tofrom: a)",256,64,304,0,3,758,0,1040.697097778
1,"map(tofrom: a)",256,64,304,0,3,1955,0,2349.340915680
1,"map(tofrom: a)",256,64,304,0,3,472,0,730.395317078
1,"map(tofrom: a)",256,64,304,0,3,7,0,224.351882935
1,"map(tofrom: a)",256,64,304,0,3,44,0,266.349315643
1,"map(tofrom: a)",256,64,304,0,3,3140,0,3634.893894196
1,"map(tofrom: a)",256,64,304,0,3,8096,0,9011.459350586
1,"map(tofrom: a)",256,64,304,0,3,71,0,293.755531311
1,"map(tofrom: a)",256,64,304,0,3,1,0,218.451023102
1,"map(tofrom: a)",256,64,304,0,3,2,0,218.200683594
1,"map(tofrom: a)",256,64,304,0,3,294,0,536.000728607
1,"map(tofrom: a)",256,64,304,0,4,3,0,220.251083374
1,"map(tofrom: a)",256,64,304,0,4,8096,0,9003.603458405
1,"map(tofrom: a)",256,64,304,0,4,1,0,219.047069550
1,"map(tofrom: a)",256,64,304,0,4,28,0,248.801708221
1,"map(tofrom: a)",256,64,304,0,4,17,0,236.797332764
1,"map(tofrom: a)",256,64,304,0,4,5042,0,5704.951286316
1,"map(tofrom: a)",256,64,304,0,4,7,0,224.852561951
1,"map(tofrom: a)",256,64,304,0,4,114,0,340.747833252
1,"map(tofrom: a)",256,64,304,0,4,44,0,266.504287720
1,"map(tofrom: a)",256,64,304,0,4,2,0,218.403339386
1,"map(tofrom: a)",256,64,304,0,4,294,0,535.953044891
1,"map(tofrom: a)",256,64,304,0,4,758,0,1040.601730347
1,"map(tofrom: a)",256,64,304,0,4,183,0,414.693355560
1,"map(tofrom: a)",256,64,304,0,4,4,0,222.206115723
1,"map(tofrom: a)",256,64,304,0,4,1218,0,1539.945602417
1,"map(tofrom: a)",256,64,304,0,4,71,0,294.554233551
1,"map(tofrom: a)",256,64,304,0,4,1955,0,2342.200279236
1,"map(tofrom: a)",256,64,304,0,4,11,0,230.157375336
1,"map(tofrom: a)",256,64,304,0,4,472,0,728.857517242
1,"map(tofrom: a)",256,64,304,0,4,3140,0,3640.651702881
1,"map(tofrom: a)",256,64,304,1,0,2,0,218.856334686
1,"map(tofrom: a)",256,64,304,1,0,4,0,222.098827362
1,"map(tofrom: a)",256,64,304,1,0,472,0,728.058815002
1,"map(tofrom: a)",256,64,304,1,0,3140,0,3643.548488617
1,"map(tofrom: a)",256,64,304,1,0,183,0,414.741039276
1,"map(tofrom: a)",256,64,304,1,0,28,0,247.752666473
1,"map(tofrom: a)",256,64,304,1,0,71,0,293.803215027
1,"map(tofrom: a)",256,64,304,1,0,1218,0,1541.399955750
1,"map(tofrom: a)",256,64,304,1,0,294,0,536.048412323
1,"map(tofrom: a)",256,64,304,1,0,1,0,218.796730042
1,"map(tofrom: a)",256,64,304,1,0,7,0,224.304199219
1,"map(tofrom: a)",256,64,304,1,0,1955,0,2352.190017700
1,"map(tofrom: a)",256,64,304,1,0,758,0,1037.549972534
1,"map(tofrom: a)",256,64,304,1,0,114,0,341.200828552
1,"map(tofrom: a)",256,64,304,1,0,11,0,229.454040527
1,"map(tofrom: a)",256,64,304,1,0,3,0,219.595432281
1,"map(tofrom: a)",256,64,304,1,0,8096,0,8958.446979523
1,"map(tofrom: a)",256,64,304,1,0,44,0,266.993045807
1,"map(tofrom: a)",256,64,304,1,0,17,0,237.500667572
1,"map(tofrom: a)",256,64,304,1,0,5042,0,5706.000328064
1,"map(tofrom: a)",256,64,304,1,1,758,0,1035.749912262
1,"map(tofrom: a)",256,64,304,1,1,3,0,220.096111298
1,"map(tofrom: a)",256,64,304,1,1,3140,0,3633.046150208
1,"map(tofrom: a)",256,64,304,1,1,1955,0,2354.800701141
1,"map(tofrom: a)",256,64,304,1,1,44,0,266.802310944
1,"map(tofrom: a)",256,64,304,1,1,17,0,237.154960632
1,"map(tofrom: a)",256,64,304,1,1,294,0,536.251068115
1,"map(tofrom: a)",256,64,304,1,1,28,0,248.503684998
1,"map(tofrom: a)",256,64,304,1,1,114,0,339.901447296
1,"map(tofrom: a)",256,64,304,1,1,2,0,218.605995178
1,"map(tofrom: a)",256,64,304,1,1,7,0,224.506855011
1,"map(tofrom: a)",256,64,304,1,1,183,0,415.599346161
1,"map(tofrom: a)",256,64,304,1,1,8096,0,8978.295326233
1,"map(tofrom: a)",256,64,304,1,1,11,0,229.752063751
1,"map(tofrom: a)",256,64,304,1,1,1,0,218.546390533
1,"map(tofrom: a)",256,64,304,1,1,1218,0,1548.397541046
1,"map(tofrom: a)",256,64,304,1,1,472,0,727.796554565
1,"map(tofrom: a)",256,64,304,1,1,71,0,294.208526611
1,"map(tofrom: a)",256,64,304,1,1,5042,0,5687.248706818
1,"map(tofrom: a)",256,64,304,1,1,4,0,223.052501678
1,"map(tofrom: a)",256,64,304,1,2,2,0,217.998027802
1,"map(tofrom: a)",256,64,304,1,2,71,0,294.399261475
1,"map(tofrom: a)",256,64,304,1,2,17,0,237.250328064
1,"map(tofrom: a)",256,64,304,1,2,472,0,729.501247406
1,"map(tofrom: a)",256,64,304,1,2,5042,0,5670.797824860
1,"map(tofrom: a)",256,64,304,1,2,28,0,247.752666473
1,"map(tofrom: a)",256,64,304,1,2,44,0,266.551971436
1,"map(tofrom: a)",256,64,304,1,2,1218,0,1541.602611542
1,"map(tofrom: a)",256,64,304,1,2,4,0,222.349166870
1,"map(tofrom: a)",256,64,304,1,2,1955,0,2495.849132538
1,"map(tofrom: a)",256,64,304,1,2,183,0,415.706634521
1,"map(tofrom: a)",256,64,304,1,2,7,0,224.542617798
1,"map(tofrom: a)",256,64,304,1,2,758,0,1036.548614502
1,"map(tofrom: a)",256,64,304,1,2,1,0,218.808650970
1,"map(tofrom: a)",256,64,304,1,2,3140,0,3630.995750427
1,"map(tofrom: a)",256,64,304,1,2,8096,0,9021.139144897
1,"map(tofrom: a)",256,64,304,1,2,3,0,219.905376434
1,"map(tofrom: a)",256,64,304,1,2,114,0,340.652465820
1,"map(tofrom: a)",256,64,304,1,2,11,0,229.644775391
1,"map(tofrom: a)",256,64,304,1,2,294,0,536.394119263
1,"map(tofrom: a)",256,64,304,1,3,1,0,218.200683594
1,"map(tofrom: a)",256,64,304,1,3,17,0,237.250328064
1,"map(tofrom: a)",256,64,304,1,3,294,0,535.452365875
1,"map(tofrom: a)",256,64,304,1,3,5042,0,5699.443817139
1,"map(tofrom: a)",256,64,304,1,3,114,0,340.342521667
1,"map(tofrom: a)",256,64,304,1,3,28,0,247.704982758
1,"map(tofrom: a)",256,64,304,1,3,1218,0,1538.002490997
1,"map(tofrom: a)",256,64,304,1,3,2,0,218.844413757
1,"map(tofrom: a)",256,64,304,1,3,3,0,220.108032227
1,"map(tofrom: a)",256,64,304,1,3,4,0,222.003459930
1,"map(tofrom: a)",256,64,304,1,3,758,0,1040.005683899
1,"map(tofrom: a)",256,64,304,1,3,11,0,229.942798615
1,"map(tofrom: a)",256,64,304,1,3,44,0,266.802310944
1,"map(tofrom: a)",256,64,304,1,3,472,0,729.143619537
1,"map(tofrom: a)",256,64,304,1,3,7,0,224.649906158
1,"map(tofrom: a)",256,64,304,1,3,1955,0,2355.849742889
1,"map(tofrom: a)",256,64,304,1,3,71,0,293.791294098
1,"map(tofrom: a)",256,64,304,1,3,183,0,415.706634521
1,"map(tofrom: a)",256,64,304,1,3,8096,0,9000.492095947
1,"map(tofrom: a)",256,64,304,1,3,3140,0,3638.350963593
1,"map(tofrom: a)",256,64,304,1,4,472,0,727.343559265
1,"map(tofrom: a)",256,64,304,1,4,71,0,294.256210327
1,"map(tofrom: a)",256,64,304,1,4,1,0,218.653678894
1,"map(tofrom: a)",256,64,304,1,4,11,0,229.847431183
1,"map(tofrom: a)",256,64,304,1,4,4,0,221.753120422
1,"map(tofrom: a)",256,64,304,1,4,3140,0,3633.749485016
1,"map(tofrom: a)",256,64,304,1,4,28,0,249.004364014
1,"map(tofrom: a)",256,64,304,1,4,1218,0,1542.806625366
1,"map(tofrom: a)",256,64,304,1,4,2,0,219.154357910
1,"map(tofrom: a)",256,64,304,1,4,183,0,416.100025177
1,"map(tofrom: a)",256,64,304,1,4,5042,0,5687.451362610
1,"map(tofrom: a)",256,64,304,1,4,114,0,341.892242432
1,"map(tofrom: a)",256,64,304,1,4,3,0,220.298767090
1,"map(tofrom: a)",256,64,304,1,4,44,0,266.647338867
1,"map(tofrom: a)",256,64,304,1,4,758,0,1040.840148926
1,"map(tofrom: a)",256,64,304,1,4,8096,0,9030.747413635
1,"map(tofrom: a)",256,64,304,1,4,1955,0,2340.841293335
1,"map(tofrom: a)",256,64,304,1,4,294,0,536.692142487
1,"map(tofrom: a)",256,64,304,1,4,7,0,225.603580475
1,"map(tofrom: a)",256,64,304,1,4,17,0,237.596035004
1,"map(tofrom: a)",1024,64,304,0,0,7,0,228.953361511
1,"map(tofrom: a)",1024,64,304,0,0,114,0,342.440605164
1,"map(tofrom: a)",1024,64,304,0,0,3,0,221.800804138
1,"map(tofrom: a)",1024,64,304,0,0,17,0,238.943099976
1,"map(tofrom: a)",1024,64,304,0,0,1,0,220.108032227
1,"map(tofrom: a)",1024,64,304,0,0,44,0,268.208980560
1,"map(tofrom: a)",1024,64,304,0,0,294,0,536.954402924
1,"map(tofrom: a)",1024,64,304,0,0,3140,0,3644.740581512
1,"map(tofrom: a)",1024,64,304,0,0,4,0,224.494934082
1,"map(tofrom: a)",1024,64,304,0,0,1955,0,2353.549003601
1,"map(tofrom: a)",1024,64,304,0,0,183,0,417.506694794
1,"map(tofrom: a)",1024,64,304,0,0,8096,0,9031.200408936
1,"map(tofrom: a)",1024,64,304,0,0,758,0,1038.599014282
1,"map(tofrom: a)",1024,64,304,0,0,71,0,296.497344971
1,"map(tofrom: a)",1024,64,304,0,0,2,0,220.954418182
1,"map(tofrom: a)",1024,64,304,0,0,11,0,231.349468231
1,"map(tofrom: a)",1024,64,304,0,0,28,0,249.540805817
1,"map(tofrom: a)",1024,64,304,0,0,5042,0,5692.207813263
1,"map(tofrom: a)",1024,64,304,0,0,1218,0,1542.246341705
1,"map(tofrom: a)",1024,64,304,0,0,472,0,732.553005219
1,"map(tofrom: a)",1024,64,304,0,1,4,0,224.494934082
1,"map(tofrom: a)",1024,64,304,0,1,1,0,220.644474030
1,"map(tofrom: a)",1024,64,304,0,1,17,0,239.098072052
1,"map(tofrom: a)",1024,64,304,0,1,28,0,250.256061554
1,"map(tofrom: a)",1024,64,304,0,1,11,0,231.552124023
1,"map(tofrom: a)",1024,64,304,0,1,3140,0,3639.602661133
1,"map(tofrom: a)",1024,64,304,0,1,2,0,221.145153046
1,"map(tofrom: a)",1024,64,304,0,1,758,0,1045.501232147
1,"map(tofrom: a)",1024,64,304,0,1,1218,0,1536.595821381
1,"map(tofrom: a)",1024,64,304,0,1,44,0,268.650054932
1,"map(tofrom: a)",1024,64,304,0,1,71,0,296.449661255
1,"map(tofrom: a)",1024,64,304,0,1,114,0,343.203544617
1,"map(tofrom: a)",1024,64,304,0,1,294,0,537.407398224
1,"map(tofrom: a)",1024,64,304,0,1,7,0,226.950645447
1,"map(tofrom: a)",1024,64,304,0,1,183,0,419.151782990
1,"map(tofrom: a)",1024,64,304,0,1,8096,0,9021.306037903
1,"map(tofrom: a)",1024,64,304,0,1,472,0,732.290744781
1,"map(tofrom: a)",1024,64,304,0,1,1955,0,2350.854873657
1,"map(tofrom: a)",1024,64,304,0,1,3,0,221.645832062
1,"map(tofrom: a)",1024,64,304,0,1,5042,0,5707.192420959
1,"map(tofrom: a)",1024,64,304,0,2,3,0,234.651565552
1,"map(tofrom: a)",1024,64,304,0,2,44,0,283.849239349
1,"map(tofrom: a)",1024,64,304,0,2,1,0,230.157375336
1,"map(tofrom: a)",1024,64,304,0,2,183,0,423.848628998
1,"map(tofrom: a)",1024,64,304,0,2,294,0,537.300109863
1,"map(tofrom: a)",1024,64,304,0,2,5042,0,5703.055858612
1,"map(tofrom: a)",1024,64,304,0,2,7,0,228.452682495
1,"map(tofrom: a)",1024,64,304,0,2,8096,0,9028.398990631
1,"map(tofrom: a)",1024,64,304,0,2,2,0,221.109390259
1,"map(tofrom: a)",1024,64,304,0,2,114,0,342.154502869
1,"map(tofrom: a)",1024,64,304,0,2,71,0,295.746326447
1,"map(tofrom: a)",1024,64,304,0,2,1955,0,2352.392673492
1,"map(tofrom: a)",1024,64,304,0,2,17,0,239.610671997
1,"map(tofrom: a)",1024,64,304,0,2,472,0,731.945037842
1,"map(tofrom: a)",1024,64,304,0,2,11,0,231.742858887
1,"map(tofrom: a)",1024,64,304,0,2,1218,0,1543.450355530
1,"map(tofrom: a)",1024,64,304,0,2,4,0,224.697589874
1,"map(tofrom: a)",1024,64,304,0,2,3140,0,3636.348247528
1,"map(tofrom: a)",1024,64,304,0,2,758,0,1040.852069855
1,"map(tofrom: a)",1024,64,304,0,2,28,0,250.351428986
1,"map(tofrom: a)",1024,64,304,0,3,11,0,231.349468231
1,"map(tofrom: a)",1024,64,304,0,3,4,0,224.709510803
1,"map(tofrom: a)",1024,64,304,0,3,5042,0,5688.953399658
1,"map(tofrom: a)",1024,64,304,0,3,183,0,418.400764465
1,"map(tofrom: a)",1024,64,304,0,3,17,0,238.800048828
1,"map(tofrom: a)",1024,64,304,0,3,3,0,221.598148346
1,"map(tofrom: a)",1024,64,304,0,3,28,0,250.053405762
1,"map(tofrom: a)",1024,64,304,0,3,1218,0,1542.901992798
1,"map(tofrom: a)",1024,64,304,0,3,114,0,342.404842377
1,"map(tofrom: a)",1024,64,304,0,3,758,0,1040.446758270
1,"map(tofrom: a)",1024,64,304,0,3,1955,0,2351.748943329
1,"map(tofrom: a)",1024,64,304,0,3,472,0,732.290744781
1,"map(tofrom: a)",1024,64,304,0,3,7,0,226.306915283
1,"map(tofrom: a)",1024,64,304,0,3,44,0,268.507003784
1,"map(tofrom: a)",1024,64,304,0,3,3140,0,3638.255596161
1,"map(tofrom: a)",1024,64,304,0,3,8096,0,9020.960330963
1,"map(tofrom: a)",1024,64,304,0,3,71,0,295.591354370
1,"map(tofrom: a)",1024,64,304,0,3,1,0,220.251083374
1,"map(tofrom: a)",1024,64,304,0,3,2,0,220.453739166
1,"map(tofrom: a)",1024,64,304,0,3,294,0,538.647174835
1,"map(tofrom: a)",1024,64,304,0,4,3,0,222.051143646
1,"map(tofrom: a)",1024,64,304,0,4,8096,0,9012.401103973
1,"map(tofrom: a)",1024,64,304,0,4,1,0,221.002101898
1,"map(tofrom: a)",1024,64,304,0,4,28,0,250.351428986
1,"map(tofrom: a)",1024,64,304,0,4,17,0,238.752365112
1,"map(tofrom: a)",1024,64,304,0,4,5042,0,5698.800086975
1,"map(tofrom: a)",1024,64,304,0,4,7,0,226.545333862
1,"map(tofrom: a)",1024,64,304,0,4,114,0,343.251228333
1,"map(tofrom: a)",1024,64,304,0,4,44,0,268.292427063
1,"map(tofrom: a)",1024,64,304,0,4,2,0,220.799446106
1,"map(tofrom: a)",1024,64,304,0,4,294,0,537.943840027
1,"map(tofrom: a)",1024,64,304,0,4,758,0,1042.699813843
1,"map(tofrom: a)",1024,64,304,0,4,183,0,417.506694794
1,"map(tofrom: a)",1024,64,304,0,4,4,0,224.304199219
1,"map(tofrom: a)",1024,64,304,0,4,1218,0,1538.956165314
1,"map(tofrom: a)",1024,64,304,0,4,71,0,296.306610107
1,"map(tofrom: a)",1024,64,304,0,4,1955,0,2347.600460052
1,"map(tofrom: a)",1024,64,304,0,4,11,0,232.994556427
1,"map(tofrom: a)",1024,64,304,0,4,472,0,730.705261230
1,"map(tofrom: a)",1024,64,304,0,4,3140,0,3646.302223206
1,"map(tofrom: a)",1024,64,304,1,0,2,0,220.489501953
1,"map(tofrom: a)",1024,64,304,1,0,4,0,223.696231842
1,"map(tofrom: a)",1024,64,304,1,0,472,0,729.846954346
1,"map(tofrom: a)",1024,64,304,1,0,3140,0,3640.198707581
1,"map(tofrom: a)",1024,64,304,1,0,183,0,417.101383209
1,"map(tofrom: a)",1024,64,304,1,0,28,0,249.743461609
1,"map(tofrom: a)",1024,64,304,1,0,71,0,295.698642731
1,"map(tofrom: a)",1024,64,304,1,0,1218,0,1543.700695038
1,"map(tofrom: a)",1024,64,304,1,0,294,0,537.550449371
1,"map(tofrom: a)",1024,64,304,1,0,1,0,221.097469330
1,"map(tofrom: a)",1024,64,304,1,0,7,0,226.747989655
1,"map(tofrom: a)",1024,64,304,1,0,1955,0,2355.051040649
1,"map(tofrom: a)",1024,64,304,1,0,758,0,1038.396358490
1,"map(tofrom: a)",1024,64,304,1,0,114,0,342.798233032
1,"map(tofrom: a)",1024,64,304,1,0,11,0,230.693817139
1,"map(tofrom: a)",1024,64,304,1,0,3,0,221.800804138
1,"map(tofrom: a)",1024,64,304,1,0,8096,0,8962.047100067
1,"map(tofrom: a)",1024,64,304,1,0,44,0,268.793106079
1,"map(tofrom: a)",1024,64,304,1,0,17,0,239.300727844
1,"map(tofrom: a)",1024,64,304,1,0,5042,0,5710.744857788
1,"map(tofrom: a)",1024,64,304,1,1,758,0,1037.204265594
1,"map(tofrom: a)",1024,64,304,1,1,3,0,221.300125122
1,"map(tofrom: a)",1024,64,304,1,1,3140,0,3636.205196381
1,"map(tofrom: a)",1024,64,304,1,1,1955,0,2352.797985077
1,"map(tofrom: a)",1024,64,304,1,1,44,0,268.852710724
1,"map(tofrom: a)",1024,64,304,1,1,17,0,239.253044128
1,"map(tofrom: a)",1024,64,304,1,1,294,0,538.206100464
1,"map(tofrom: a)",1024,64,304,1,1,28,0,250.303745270
1,"map(tofrom: a)",1024,64,304,1,1,114,0,342.297554016
1,"map(tofrom: a)",1024,64,304,1,1,2,0,220.561027527
1,"map(tofrom: a)",1024,64,304,1,1,7,0,226.700305939
1,"map(tofrom: a)",1024,64,304,1,1,183,0,417.649745941
1,"map(tofrom: a)",1024,64,304,1,1,8096,0,8963.596820831
1,"map(tofrom: a)",1024,64,304,1,1,11,0,231.897830963
1,"map(tofrom: a)",1024,64,304,1,1,1,0,221.407413483
1,"map(tofrom: a)",1024,64,304,1,1,1218,0,1544.904708862
1,"map(tofrom: a)",1024,64,304,1,1,472,0,729.608535767
1,"map(tofrom: a)",1024,64,304,1,1,71,0,296.807289124
1,"map(tofrom: a)",1024,64,304,1,1,5042,0,5696.403980255
1,"map(tofrom: a)",1024,64,304,1,1,4,0,225.102901459
1,"map(tofrom: a)",1024,64,304,1,2,2,0,220.346450806
1,"map(tofrom: a)",1024,64,304,1,2,71,0,296.401977539
1,"map(tofrom: a)",1024,64,304,1,2,17,0,240.051746368
1,"map(tofrom: a)",1024,64,304,1,2,472,0,732.254981995
1,"map(tofrom: a)",1024,64,304,1,2,5042,0,5677.342414856
1,"map(tofrom: a)",1024,64,304,1,2,28,0,250.649452209
1,"map(tofrom: a)",1024,64,304,1,2,44,0,268.757343292
1,"map(tofrom: a)",1024,64,304,1,2,1218,0,1541.304588318
1,"map(tofrom: a)",1024,64,304,1,2,4,0,224.304199219
1,"map(tofrom: a)",1024,64,304,1,2,1955,0,2358.448505402
1,"map(tofrom: a)",1024,64,304,1,2,183,0,423.908233643
1,"map(tofrom: a)",1024,64,304,1,2,7,0,228.643417358
1,"map(tofrom: a)",1024,64,304,1,2,758,0,1036.298274994
1,"map(tofrom: a)",1024,64,304,1,2,1,0,220.298767090
1,"map(tofrom: a)",1024,64,304,1,2,3140,0,3634.500503540
1,"map(tofrom: a)",1024,64,304,1,2,8096,0,9033.000469208
1,"map(tofrom: a)",1024,64,304,1,2,3,0,232.040882111
1,"map(tofrom: a)",1024,64,304,1,2,114,0,347.602367401
1,"map(tofrom: a)",1024,64,304,1,2,11,0,232.100486755
1,"map(tofrom: a)",1024,64,304,1,2,294,0,538.098812103
1,"map(tofrom: a)",1024,64,304,1,3,1,0,220.549106598
1,"map(tofrom: a)",1024,64,304,1,3,17,0,239.157676697
1,"map(tofrom: a)",1024,64,304,1,3,294,0,538.349151611
1,"map(tofrom: a)",1024,64,304,1,3,5042,0,5706.501007080
1,"map(tofrom: a)",1024,64,304,1,3,114,0,343.048572540
1,"map(tofrom: a)",1024,64,304,1,3,28,0,249.743461609
1,"map(tofrom: a)",1024,64,304,1,3,1218,0,1539.349555969
1,"map(tofrom: a)",1024,64,304,1,3,2,0,220.799446106
1,"map(tofrom: a)",1024,64,304,1,3,3,0,221.896171570
1,"map(tofrom: a)",1024,64,304,1,3,4,0,224.101543427
1,"map(tofrom: a)",1024,64,304,1,3,758,0,1040.005683899
1,"map(tofrom: a)",1024,64,304,1,3,11,0,231.444835663
1,"map(tofrom: a)",1024,64,304,1,3,44,0,268.197059631
1,"map(tofrom: a)",1024,64,304,1,3,472,0,731.599330902
1,"map(tofrom: a)",1024,64,304,1,3,7,0,226.700305939
1,"map(tofrom: a)",1024,64,304,1,3,1955,0,2352.046966553
1,"map(tofrom: a)",1024,64,304,1,3,71,0,295.698642731
1,"map(tofrom: a)",1024,64,304,1,3,183,0,417.196750641
1,"map(tofrom: a)",1024,64,304,1,3,8096,0,9007.906913757
1,"map(tofrom: a)",1024,64,304,1,3,3140,0,3642.797470093
1,"map(tofrom: a)",1024,64,304,1,4,472,0,730.860233307
1,"map(tofrom: a)",1024,64,304,1,4,71,0,296.258926392
1,"map(tofrom: a)",1024,64,304,1,4,1,0,220.191478729
1,"map(tofrom: a)",1024,64,304,1,4,11,0,230.944156647
1,"map(tofrom: a)",1024,64,304,1,4,4,0,223.946571350
1,"map(tofrom: a)",1024,64,304,1,4,3140,0,3637.707233429
1,"map(tofrom: a)",1024,64,304,1,4,28,0,250.494480133
1,"map(tofrom: a)",1024,64,304,1,4,1218,0,1543.796062469
1,"map(tofrom: a)",1024,64,304,1,4,2,0,220.358371735
1,"map(tofrom: a)",1024,64,304,1,4,183,0,417.840480804
1,"map(tofrom: a)",1024,64,304,1,4,5042,0,5689.752101898
1,"map(tofrom: a)",1024,64,304,1,4,114,0,343.358516693
1,"map(tofrom: a)",1024,64,304,1,4,3,0,221.896171570
1,"map(tofrom: a)",1024,64,304,1,4,44,0,267.851352692
1,"map(tofrom: a)",1024,64,304,1,4,758,0,1040.697097778
1,"map(tofrom: a)",1024,64,304,1,4,8096,0,9016.001224518
1,"map(tofrom: a)",1024,64,304,1,4,1955,0,2343.344688416
1,"map(tofrom: a)",1024,64,304,1,4,294,0,539.100170135
1,"map(tofrom: a)",1024,64,304,1,4,7,0,226.604938507
1,"map(tofrom: a)",1024,64,304,1,4,17,0,239.002704620
1,"map(tofrom: a)",4096,64,304,0,0,7,0,241.088867188
1,"map(tofrom: a)",4096,64,304,0,0,114,0,353.109836578
1,"map(tofrom: a)",4096,64,304,0,0,3,0,232.291221619
1,"map(tofrom: a)",4096,64,304,0,0,17,0,250.339508057
1,"map(tofrom: a)",4096,64,304,0,0,1,0,231.897830963
1,"map(tofrom: a)",4096,64,304,0,0,44,0,277.495384216
1,"map(tofrom: a)",4096,64,304,0,0,294,0,549.197196960
1,"map(tofrom: a)",4096,64,304,0,0,3140,0,3664.398193359
1,"map(tofrom: a)",4096,64,304,0,0,4,0,234.591960907
1,"map(tofrom: a)",4096,64,304,0,0,1955,0,2361.202239990
1,"map(tofrom: a)",4096,64,304,0,0,183,0,429.403781891
1,"map(tofrom: a)",4096,64,304,0,0,8096,0,9039.795398712
1,"map(tofrom: a)",4096,64,304,0,0,758,0,1050.257682800
1,"map(tofrom: a)",4096,64,304,0,0,71,0,306.749343872
1,"map(tofrom: a)",4096,64,304,0,0,2,0,230.896472931
1,"map(tofrom: a)",4096,64,304,0,0,11,0,242.197513580
1,"map(tofrom: a)",4096,64,304,0,0,28,0,261.151790619
1,"map(tofrom: a)",4096,64,304,0,0,5042,0,5713.248252869
1,"map(tofrom: a)",4096,64,304,0,0,1218,0,1550.900936127
1,"map(tofrom: a)",4096,64,304,0,0,472,0,743.854045868
1,"map(tofrom: a)",4096,64,304,0,1,4,0,235.247612000
1,"map(tofrom: a)",4096,64,304,0,1,1,0,231.444835663
1,"map(tofrom: a)",4096,64,304,0,1,17,0,250.041484833
1,"map(tofrom: a)",4096,64,304,0,1,28,0,260.901451111
1,"map(tofrom: a)",4096,64,304,0,1,11,0,242.102146149
1,"map(tofrom: a)",4096,64,304,0,1,3140,0,3655.505180359
1,"map(tofrom: a)",4096,64,304,0,1,2,0,231.504440308
1,"map(tofrom: a)",4096,64,304,0,1,758,0,1054.048538208
1,"map(tofrom: a)",4096,64,304,0,1,1218,0,1548.910140991
1,"map(tofrom: a)",4096,64,304,0,1,44,0,277.960300446
1,"map(tofrom: a)",4096,64,304,0,1,71,0,307.857990265
1,"map(tofrom: a)",4096,64,304,0,1,114,0,354.802608490
1,"map(tofrom: a)",4096,64,304,0,1,294,0,548.493862152
1,"map(tofrom: a)",4096,64,304,0,1,7,0,238.144397736
1,"map(tofrom: a)",4096,64,304,0,1,183,0,428.640842438
1,"map(tofrom: a)",4096,64,304,0,1,8096,0,9053.945541382
1,"map(tofrom: a)",4096,64,304,0,1,472,0,740.301609039
1,"map(tofrom: a)",4096,64,304,0,1,1955,0,2365.255355835
1,"map(tofrom: a)",4096,64,304,0,1,3,0,232.994556427
1,"map(tofrom: a)",4096,64,304,0,1,5042,0,5728.507041931
1,"map(tofrom: a)",4096,64,304,0,2,3,0,233.292579651
1,"map(tofrom: a)",4096,64,304,0,2,44,0,278.353691101
1,"map(tofrom: a)",4096,64,304,0,2,1,0,232.350826263
1,"map(tofrom: a)",4096,64,304,0,2,183,0,428.950786591
1,"map(tofrom: a)",4096,64,304,0,2,294,0,548.195838928
1,"map(tofrom: a)",4096,64,304,0,2,5042,0,5712.091922760
1,"map(tofrom: a)",4096,64,304,0,2,7,0,237.846374512
1,"map(tofrom: a)",4096,64,304,0,2,8096,0,9040.749073029
1,"map(tofrom: a)",4096,64,304,0,2,2,0,231.897830963
1,"map(tofrom: a)",4096,64,304,0,2,114,0,382.053852081
1,"map(tofrom: a)",4096,64,304,0,2,71,0,318.503379822
1,"map(tofrom: a)",4096,64,304,0,2,1955,0,2368.903160095
1,"map(tofrom: a)",4096,64,304,0,2,17,0,250.899791718
1,"map(tofrom: a)",4096,64,304,0,2,472,0,743.401050568
1,"map(tofrom: a)",4096,64,304,0,2,11,0,242.006778717
1,"map(tofrom: a)",4096,64,304,0,2,1218,0,1557.850837708
1,"map(tofrom: a)",4096,64,304,0,2,4,0,234.806537628
1,"map(tofrom: a)",4096,64,304,0,2,3140,0,3688.848018646
1,"map(tofrom: a)",4096,64,304,0,2,758,0,1053.392887115
1,"map(tofrom: a)",4096,64,304,0,2,28,0,261.950492859
1,"map(tofrom: a)",4096,64,304,0,3,11,0,242.602825165
1,"map(tofrom: a)",4096,64,304,0,3,4,0,235.795974731
1,"map(tofrom: a)",4096,64,304,0,3,5042,0,5711.650848389
1,"map(tofrom: a)",4096,64,304,0,3,183,0,429.642200470
1,"map(tofrom: a)",4096,64,304,0,3,17,0,249.993801117
1,"map(tofrom: a)",4096,64,304,0,3,3,0,233.006477356
1,"map(tofrom: a)",4096,64,304,0,3,28,0,260.841846466
1,"map(tofrom: a)",4096,64,304,0,3,1218,0,1567.792892456
1,"map(tofrom: a)",4096,64,304,0,3,114,0,357.198715210
1,"map(tofrom: a)",4096,64,304,0,3,758,0,1054.298877716
1,"map(tofrom: a)",4096,64,304,0,3,1955,0,2367.651462555
1,"map(tofrom: a)",4096,64,304,0,3,472,0,744.009017944
1,"map(tofrom: a)",4096,64,304,0,3,7,0,238.144397736
1,"map(tofrom: a)",4096,64,304,0,3,44,0,277.805328369
1,"map(tofrom: a)",4096,64,304,0,3,3140,0,3646.755218506
1,"map(tofrom: a)",4096,64,304,0,3,8096,0,9060.144424438
1,"map(tofrom: a)",4096,64,304,0,3,71,0,307.250022888
1,"map(tofrom: a)",4096,64,304,0,3,1,0,231.158733368
1,"map(tofrom: a)",4096,64,304,0,3,2,0,232.803821564
1,"map(tofrom: a)",4096,64,304,0,3,294,0,549.793243408
1,"map(tofrom: a)",4096,64,304,0,4,3,0,231.850147247
1,"map(tofrom: a)",4096,64,304,0,4,8096,0,9022.057056427
1,"map(tofrom: a)",4096,64,304,0,4,1,0,231.659412384
1,"map(tofrom: a)",4096,64,304,0,4,28,0,261.604785919
1,"map(tofrom: a)",4096,64,304,0,4,17,0,249.803066254
1,"map(tofrom: a)",4096,64,304,0,4,5042,0,5715.048313141
1,"map(tofrom: a)",4096,64,304,0,4,7,0,237.154960632
1,"map(tofrom: a)",4096,64,304,0,4,114,0,354.099273682
1,"map(tofrom: a)",4096,64,304,0,4,44,0,277.650356293
1,"map(tofrom: a)",4096,64,304,0,4,2,0,231.099128723
1,"map(tofrom: a)",4096,64,304,0,4,294,0,548.338890076
1,"map(tofrom: a)",4096,64,304,0,4,758,0,1055.097579956
1,"map(tofrom: a)",4096,64,304,0,4,183,0,427.949428558
1,"map(tofrom: a)",4096,64,304,0,4,4,0,234.293937683
1,"map(tofrom: a)",4096,64,304,0,4,1218,0,1551.055908203
1,"map(tofrom: a)",4096,64,304,0,4,71,0,307.202339172
1,"map(tofrom: a)",4096,64,304,0,4,1955,0,2354.454994202
1,"map(tofrom: a)",4096,64,304,0,4,11,0,243.008136749
1,"map(tofrom: a)",4096,64,304,0,4,472,0,742.542743683
1,"map(tofrom: a)",4096,64,304,0,4,3140,0,3657.245635986
1,"map(tofrom: a)",4096,64,304,1,0,2,0,232.148170471
1,"map(tofrom: a)",4096,64,304,1,0,4,0,235.509872437
1,"map(tofrom: a)",4096,64,304,1,0,472,0,742.852687836
1,"map(tofrom: a)",4096,64,304,1,0,3140,0,3656.291961670
1,"map(tofrom: a)",4096,64,304,1,0,183,0,428.557395935
1,"map(tofrom: a)",4096,64,304,1,0,28,0,260.448455811
1,"map(tofrom: a)",4096,64,304,1,0,71,0,306.701660156
1,"map(tofrom: a)",4096,64,304,1,0,1218,0,1557.350158691
1,"map(tofrom: a)",4096,64,304,1,0,294,0,547.850131989
1,"map(tofrom: a)",4096,64,304,1,0,1,0,231.492519379
1,"map(tofrom: a)",4096,64,304,1,0,7,0,237.798690796
1,"map(tofrom: a)",4096,64,304,1,0,1955,0,2369.761466980
1,"map(tofrom: a)",4096,64,304,1,0,758,0,1049.840450287
1,"map(tofrom: a)",4096,64,304,1,0,114,0,354.099273682
1,"map(tofrom: a)",4096,64,304,1,0,11,0,241.446495056
1,"map(tofrom: a)",4096,64,304,1,0,3,0,233.244895935
1,"map(tofrom: a)",4096,64,304,1,0,8096,0,9006.905555725
1,"map(tofrom: a)",4096,64,304,1,0,44,0,278.151035309
1,"map(tofrom: a)",4096,64,304,1,0,17,0,250.351428986
1,"map(tofrom: a)",4096,64,304,1,0,5042,0,5719.900131226
1,"map(tofrom: a)",4096,64,304,1,1,758,0,1049.697399139
1,"map(tofrom: a)",4096,64,304,1,1,3,0,232.493877411
1,"map(tofrom: a)",4096,64,304,1,1,3140,0,3660.595417023
1,"map(tofrom: a)",4096,64,304,1,1,1955,0,2369.856834412
1,"map(tofrom: a)",4096,64,304,1,1,44,0,277.292728424
1,"map(tofrom: a)",4096,64,304,1,1,17,0,250.196456909
1,"map(tofrom: a)",4096,64,304,1,1,294,0,548.696517944
1,"map(tofrom: a)",4096,64,304,1,1,28,0,260.794162750
1,"map(tofrom: a)",4096,64,304,1,1,114,0,353.848934174
1,"map(tofrom: a)",4096,64,304,1,1,2,0,230.908393860
1,"map(tofrom: a)",4096,64,304,1,1,7,0,238.001346588
1,"map(tofrom: a)",4096,64,304,1,1,183,0,429.439544678
1,"map(tofrom: a)",4096,64,304,1,1,8096,0,8992.743492126
1,"map(tofrom: a)",4096,64,304,1,1,11,0,243.091583252
1,"map(tofrom: a)",4096,64,304,1,1,1,0,232.052803040
1,"map(tofrom: a)",4096,64,304,1,1,1218,0,1553.893089294
1,"map(tofrom: a)",4096,64,304,1,1,472,0,740.349292755
1,"map(tofrom: a)",4096,64,304,1,1,71,0,307.857990265
1,"map(tofrom: a)",4096,64,304,1,1,5042,0,5716.192722321
1,"map(tofrom: a)",4096,64,304,1,1,4,0,235.450267792
1,"map(tofrom: a)",4096,64,304,1,2,2,0,231.707096100
1,"map(tofrom: a)",4096,64,304,1,2,71,0,306.594371796
1,"map(tofrom: a)",4096,64,304,1,2,17,0,249.946117401
1,"map(tofrom: a)",4096,64,304,1,2,472,0,744.044780731
1,"map(tofrom: a)",4096,64,304,1,2,5042,0,5687.296390533
1,"map(tofrom: a)",4096,64,304,1,2,28,0,261.104106903
1,"map(tofrom: a)",4096,64,304,1,2,44,0,277.352333069
1,"map(tofrom: a)",4096,64,304,1,2,1218,0,1557.803153992
1,"map(tofrom: a)",4096,64,304,1,2,4,0,235.354900360
1,"map(tofrom: a)",4096,64,304,1,2,1955,0,2369.296550751
1,"map(tofrom: a)",4096,64,304,1,2,183,0,428.557395935
1,"map(tofrom: a)",4096,64,304,1,2,7,0,237.095355988
1,"map(tofrom: a)",4096,64,304,1,2,758,0,1047.599315643
1,"map(tofrom: a)",4096,64,304,1,2,1,0,231.552124023
1,"map(tofrom: a)",4096,64,304,1,2,3140,0,3650.152683258
1,"map(tofrom: a)",4096,64,304,1,2,8096,0,9048.998355865
1,"map(tofrom: a)",4096,64,304,1,2,3,0,233.554840088
1,"map(tofrom: a)",4096,64,304,1,2,114,0,354.206562042
1,"map(tofrom: a)",4096,64,304,1,2,11,0,242.304801941
1,"map(tofrom: a)",4096,64,304,1,2,294,0,549.554824829
1,"map(tofrom: a)",4096,64,304,1,3,1,0,231.754779816
1,"map(tofrom: a)",4096,64,304,1,3,17,0,250.446796417
1,"map(tofrom: a)",4096,64,304,1,3,294,0,548.553466797
1,"map(tofrom: a)",4096,64,304,1,3,5042,0,5732.095241547
1,"map(tofrom: a)",4096,64,304,1,3,114,0,352.501869202
1,"map(tofrom: a)",4096,64,304,1,3,28,0,260.806083679
1,"map(tofrom: a)",4096,64,304,1,3,1218,0,1563.894748688
1,"map(tofrom: a)",4096,64,304,1,3,2,0,239.205360413
1,"map(tofrom: a)",4096,64,304,1,3,3,0,235.605239868
1,"map(tofrom: a)",4096,64,304,1,3,4,0,236.153602600
1,"map(tofrom: a)",4096,64,304,1,3,758,0,1054.501533508
1,"map(tofrom: a)",4096,64,304,1,3,11,0,242.149829865
1,"map(tofrom: a)",4096,64,304,1,3,44,0,277.495384216
1,"map(tofrom: a)",4096,64,304,1,3,472,0,742.697715759
1,"map(tofrom: a)",4096,64,304,1,3,7,0,238.144397736
1,"map(tofrom: a)",4096,64,304,1,3,1955,0,2367.854118347
1,"map(tofrom: a)",4096,64,304,1,3,71,0,307.595729828
1,"map(tofrom: a)",4096,64,304,1,3,183,0,428.593158722
1,"map(tofrom: a)",4096,64,304,1,3,8096,0,9042.394161224
1,"map(tofrom: a)",4096,64,304,1,3,3140,0,3661.799430847
1,"map(tofrom: a)",4096,64,304,1,4,472,0,740.754604340
1,"map(tofrom: a)",4096,64,304,1,4,71,0,307.297706604
1,"map(tofrom: a)",4096,64,304,1,4,1,0,231.897830963
1,"map(tofrom: a)",4096,64,304,1,4,11,0,242.602825165
1,"map(tofrom: a)",4096,64,304,1,4,4,0,235.641002655
1,"map(tofrom: a)",4096,64,304,1,4,3140,0,3653.788566589
1,"map(tofrom: a)",4096,64,304,1,4,28,0,261.199474335
1,"map(tofrom: a)",4096,64,304,1,4,1218,0,1558.053493500
1,"map(tofrom: a)",4096,64,304,1,4,2,0,231.647491455
1,"map(tofrom: a)",4096,64,304,1,4,183,0,428.795814514
1,"map(tofrom: a)",4096,64,304,1,4,5042,0,5713.856220245
1,"map(tofrom: a)",4096,64,304,1,4,114,0,354.194641113
1,"map(tofrom: a)",4096,64,304,1,4,3,0,232.601165771
1,"map(tofrom: a)",4096,64,304,1,4,44,0,278.151035309
1,"map(tofrom: a)",4096,64,304,1,4,758,0,1053.452491760
1,"map(tofrom: a)",4096,64,304,1,4,8096,0,9046.351909637
1,"map(tofrom: a)",4096,64,304,1,4,1955,0,2358.400821686
1,"map(tofrom: a)",4096,64,304,1,4,294,0,549.447536469
1,"map(tofrom: a)",4096,64,304,1,4,7,0,236.856937408
1,"map(tofrom: a)",4096,64,304,1,4,17,0,250.005722046
1,"map(tofrom: a)",16384,64,304,0,0,7,0,244.307518005
1,"map(tofrom: a)",16384,64,304,0,0,114,0,348.949432373
1,"map(tofrom: a)",16384,64,304,0,0,3,0,226.545333862
1,"map(tofrom: a)",16384,64,304,0,0,17,0,244.355201721
1,"map(tofrom: a)",16384,64,304,0,0,1,0,225.448608398
1,"map(tofrom: a)",16384,64,304,0,0,44,0,292.050838470
1,"map(tofrom: a)",16384,64,304,0,0,294,0,551.259517670
1,"map(tofrom: a)",16384,64,304,0,0,3140,0,3654.491901398
1,"map(tofrom: a)",16384,64,304,0,0,4,0,229.454040527
1,"map(tofrom: a)",16384,64,304,0,0,1955,0,2355.504035950
1,"map(tofrom: a)",16384,64,304,0,0,183,0,423.848628998
1,"map(tofrom: a)",16384,64,304,0,0,8096,0,9044.110774994
1,"map(tofrom: a)",16384,64,304,0,0,758,0,1044.452190399
1,"map(tofrom: a)",16384,64,304,0,0,71,0,301.754474640
1,"map(tofrom: a)",16384,64,304,0,0,2,0,224.947929382
1,"map(tofrom: a)",16384,64,304,0,0,11,0,237.143039703
1,"map(tofrom: a)",16384,64,304,0,0,28,0,254.952907562
1,"map(tofrom: a)",16384,64,304,0,0,5042,0,5713.248252869
1,"map(tofrom: a)",16384,64,304,0,0,1218,0,1545.000076294
1,"map(tofrom: a)",16384,64,304,0,0,472,0,738.596916199
1,"map(tofrom: a)",16384,64,304,0,1,4,0,228.953361511
1,"map(tofrom: a)",16384,64,304,0,1,1,0,225.448608398
1,"map(tofrom: a)",16384,64,304,0,1,17,0,244.450569153
1,"map(tofrom: a)",16384,64,304,0,1,28,0,254.857540131
1,"map(tofrom: a)",16384,64,304,0,1,11,0,236.356258392
1,"map(tofrom: a)",16384,64,304,0,1,3140,0,3644.752502441
1,"map(tofrom: a)",16384,64,304,0,1,2,0,224.947929382
1,"map(tofrom: a)",16384,64,304,0,1,758,0,1048.755645752
1,"map(tofrom: a)",16384,64,304,0,1,1218,0,1540.100574493
1,"map(tofrom: a)",16384,64,304,0,1,44,0,272.500514984
1,"map(tofrom: a)",16384,64,304,0,1,71,0,301.945209503
1,"map(tofrom: a)",16384,64,304,0,1,114,0,348.401069641
1,"map(tofrom: a)",16384,64,304,0,1,294,0,541.949272156
1,"map(tofrom: a)",16384,64,304,0,1,7,0,231.397151947
1,"map(tofrom: a)",16384,64,304,0,1,183,0,422.942638397
1,"map(tofrom: a)",16384,64,304,0,1,8096,0,9138.607978821
1,"map(tofrom: a)",16384,64,304,0,1,472,0,734.949111938
1,"map(tofrom: a)",16384,64,304,0,1,1955,0,2362.596988678
1,"map(tofrom: a)",16384,64,304,0,1,3,0,226.604938507
1,"map(tofrom: a)",16384,64,304,0,1,5042,0,5727.553367615
1,"map(tofrom: a)",16384,64,304,0,2,3,0,226.449966431
1,"map(tofrom: a)",16384,64,304,0,2,44,0,272.202491760
1,"map(tofrom: a)",16384,64,304,0,2,1,0,225.102901459
1,"map(tofrom: a)",16384,64,304,0,2,183,0,423.347949982
1,"map(tofrom: a)",16384,64,304,0,2,294,0,542.449951172
1,"map(tofrom: a)",16384,64,304,0,2,5042,0,5711.209774017
1,"map(tofrom: a)",16384,64,304,0,2,7,0,231.099128723
1,"map(tofrom: a)",16384,64,304,0,2,8096,0,9036.648273468
1,"map(tofrom: a)",16384,64,304,0,2,2,0,225.293636322
1,"map(tofrom: a)",16384,64,304,0,2,114,0,348.556041718
1,"map(tofrom: a)",16384,64,304,0,2,71,0,301.659107208
1,"map(tofrom: a)",16384,64,304,0,2,1955,0,2370.357513428
1,"map(tofrom: a)",16384,64,304,0,2,17,0,243.747234344
1,"map(tofrom: a)",16384,64,304,0,2,472,0,737.500190735
1,"map(tofrom: a)",16384,64,304,0,2,11,0,236.201286316
1,"map(tofrom: a)",16384,64,304,0,2,1218,0,1548.099517822
1,"map(tofrom: a)",16384,64,304,0,2,4,0,228.953361511
1,"map(tofrom: a)",16384,64,304,0,2,3140,0,3651.809692383
1,"map(tofrom: a)",16384,64,304,0,2,758,0,1046.550273895
1,"map(tofrom: a)",16384,64,304,0,2,28,0,254.845619202
1,"map(tofrom: a)",16384,64,304,0,3,11,0,236.403942108
1,"map(tofrom: a)",16384,64,304,0,3,4,0,228.810310364
1,"map(tofrom: a)",16384,64,304,0,3,5042,0,5709.707736969
1,"map(tofrom: a)",16384,64,304,0,3,183,0,423.657894135
1,"map(tofrom: a)",16384,64,304,0,3,17,0,243.544578552
1,"map(tofrom: a)",16384,64,304,0,3,3,0,226.306915283
1,"map(tofrom: a)",16384,64,304,0,3,28,0,255.060195923
1,"map(tofrom: a)",16384,64,304,0,3,1218,0,1547.443866730
1,"map(tofrom: a)",16384,64,304,0,3,114,0,347.852706909
1,"map(tofrom: a)",16384,64,304,0,3,758,0,1048.505306244
1,"map(tofrom: a)",16384,64,304,0,3,1955,0,2355.349063873
1,"map(tofrom: a)",16384,64,304,0,3,472,0,738.298892975
1,"map(tofrom: a)",16384,64,304,0,3,7,0,231.146812439
1,"map(tofrom: a)",16384,64,304,0,3,44,0,272.452831268
1,"map(tofrom: a)",16384,64,304,0,3,3140,0,3644.847869873
1,"map(tofrom: a)",16384,64,304,0,3,8096,0,9056.055545807
1,"map(tofrom: a)",16384,64,304,0,3,71,0,301.456451416
1,"map(tofrom: a)",16384,64,304,0,3,1,0,225.353240967
1,"map(tofrom: a)",16384,64,304,0,3,2,0,224.947929382
1,"map(tofrom: a)",16384,64,304,0,3,294,0,543.892383575
1,"map(tofrom: a)",16384,64,304,0,4,3,0,226.390361786
1,"map(tofrom: a)",16384,64,304,0,4,8096,0,9023.559093475
1,"map(tofrom: a)",16384,64,304,0,4,1,0,225.198268890
1,"map(tofrom: a)",16384,64,304,0,4,28,0,254.642963409
1,"map(tofrom: a)",16384,64,304,0,4,17,0,244.247913361
1,"map(tofrom: a)",16384,64,304,0,4,5042,0,5711.948871613
1,"map(tofrom: a)",16384,64,304,0,4,7,0,231.301784515
1,"map(tofrom: a)",16384,64,304,0,4,114,0,348.556041718
1,"map(tofrom: a)",16384,64,304,0,4,44,0,272.250175476
1,"map(tofrom: a)",16384,64,304,0,4,2,0,225.150585175
1,"map(tofrom: a)",16384,64,304,0,4,294,0,543.701648712
1,"map(tofrom: a)",16384,64,304,0,4,758,0,1048.851013184
1,"map(tofrom: a)",16384,64,304,0,4,183,0,422.704219818
1,"map(tofrom: a)",16384,64,304,0,4,4,0,228.750705719
1,"map(tofrom: a)",16384,64,304,0,4,1218,0,1543.843746185
1,"map(tofrom: a)",16384,64,304,0,4,71,0,301.659107208
1,"map(tofrom: a)",16384,64,304,0,4,1955,0,2351.355552673
1,"map(tofrom: a)",16384,64,304,0,4,11,0,236.153602600
1,"map(tofrom: a)",16384,64,304,0,4,472,0,736.951828003
1,"map(tofrom: a)",16384,64,304,0,4,3140,0,3661.203384399
1,"map(tofrom: a)",16384,64,304,1,0,2,0,225.806236267
1,"map(tofrom: a)",16384,64,304,1,0,4,0,228.846073151
1,"map(tofrom: a)",16384,64,304,1,0,472,0,737.559795380
1,"map(tofrom: a)",16384,64,304,1,0,3140,0,3655.254840851
1,"map(tofrom: a)",16384,64,304,1,0,183,0,422.155857086
1,"map(tofrom: a)",16384,64,304,1,0,28,0,254.797935486
1,"map(tofrom: a)",16384,64,304,1,0,71,0,301.694869995
1,"map(tofrom: a)",16384,64,304,1,0,1218,0,1555.550098419
1,"map(tofrom: a)",16384,64,304,1,0,294,0,542.795658112
1,"map(tofrom: a)",16384,64,304,1,0,1,0,225.150585175
1,"map(tofrom: a)",16384,64,304,1,0,7,0,231.289863586
1,"map(tofrom: a)",16384,64,304,1,0,1955,0,2367.508411407
1,"map(tofrom: a)",16384,64,304,1,0,758,0,1043.450832367
1,"map(tofrom: a)",16384,64,304,1,0,114,0,348.401069641
1,"map(tofrom: a)",16384,64,304,1,0,11,0,236.654281616
1,"map(tofrom: a)",16384,64,304,1,0,3,0,226.449966431
1,"map(tofrom: a)",16384,64,304,1,0,8096,0,9000.146389008
1,"map(tofrom: a)",16384,64,304,1,0,44,0,272.548198700
1,"map(tofrom: a)",16384,64,304,1,0,17,0,244.200229645
1,"map(tofrom: a)",16384,64,304,1,0,5042,0,5723.190307617
1,"map(tofrom: a)",16384,64,304,1,1,758,0,1044.845581055
1,"map(tofrom: a)",16384,64,304,1,1,3,0,226.497650146
1,"map(tofrom: a)",16384,64,304,1,1,3140,0,3645.956516266
1,"map(tofrom: a)",16384,64,304,1,1,1955,0,2364.408969879
1,"map(tofrom: a)",16384,64,304,1,1,44,0,272.500514984
1,"map(tofrom: a)",16384,64,304,1,1,17,0,244.092941284
1,"map(tofrom: a)",16384,64,304,1,1,294,0,543.749332428
1,"map(tofrom: a)",16384,64,304,1,1,28,0,254.654884338
1,"map(tofrom: a)",16384,64,304,1,1,114,0,347.900390625
1,"map(tofrom: a)",16384,64,304,1,1,2,0,225.150585175
1,"map(tofrom: a)",16384,64,304,1,1,7,0,231.397151947
1,"map(tofrom: a)",16384,64,304,1,1,183,0,423.693656921
1,"map(tofrom: a)",16384,64,304,1,1,8096,0,8988.392353058
1,"map(tofrom: a)",16384,64,304,1,1,11,0,236.344337463
1,"map(tofrom: a)",16384,64,304,1,1,1,0,225.448608398
1,"map(tofrom: a)",16384,64,304,1,1,1218,0,1547.408103943
1,"map(tofrom: a)",16384,64,304,1,1,472,0,734.949111938
1,"map(tofrom: a)",16384,64,304,1,1,71,0,301.504135132
1,"map(tofrom: a)",16384,64,304,1,1,5042,0,5712.902545929
1,"map(tofrom: a)",16384,64,304,1,1,4,0,228.607654572
1,"map(tofrom: a)",16384,64,304,1,2,2,0,225.150585175
1,"map(tofrom: a)",16384,64,304,1,2,71,0,301.611423492
1,"map(tofrom: a)",16384,64,304,1,2,17,0,243.949890137
1,"map(tofrom: a)",16384,64,304,1,2,472,0,738.751888275
1,"map(tofrom: a)",16384,64,304,1,2,5042,0,5681.896209717
1,"map(tofrom: a)",16384,64,304,1,2,28,0,254.702568054
1,"map(tofrom: a)",16384,64,304,1,2,44,0,272.798538208
1,"map(tofrom: a)",16384,64,304,1,2,1218,0,1549.708843231
1,"map(tofrom: a)",16384,64,304,1,2,4,0,228.607654572
1,"map(tofrom: a)",16384,64,304,1,2,1955,0,2356.541156769
1,"map(tofrom: a)",16384,64,304,1,2,183,0,423.550605774
1,"map(tofrom: a)",16384,64,304,1,2,7,0,231.146812439
1,"map(tofrom: a)",16384,64,304,1,2,758,0,1048.552989960
1,"map(tofrom: a)",16384,64,304,1,2,1,0,235.950946808
1,"map(tofrom: a)",16384,64,304,1,2,3140,0,3653.347492218
1,"map(tofrom: a)",16384,64,304,1,2,8096,0,9037.399291992
1,"map(tofrom: a)",16384,64,304,1,2,3,0,226.843357086
1,"map(tofrom: a)",16384,64,304,1,2,114,0,348.246097565
1,"map(tofrom: a)",16384,64,304,1,2,11,0,235.950946808
1,"map(tofrom: a)",16384,64,304,1,2,294,0,544.452667236
1,"map(tofrom: a)",16384,64,304,1,3,1,0,225.543975830
1,"map(tofrom: a)",16384,64,304,1,3,17,0,243.651866913
1,"map(tofrom: a)",16384,64,304,1,3,294,0,543.653964996
1,"map(tofrom: a)",16384,64,304,1,3,5042,0,5728.793144226
1,"map(tofrom: a)",16384,64,304,1,3,114,0,347.852706909
1,"map(tofrom: a)",16384,64,304,1,3,28,0,254.690647125
1,"map(tofrom: a)",16384,64,304,1,3,1218,0,1543.951034546
1,"map(tofrom: a)",16384,64,304,1,3,2,0,225.448608398
1,"map(tofrom: a)",16384,64,304,1,3,3,0,226.294994354
1,"map(tofrom: a)",16384,64,304,1,3,4,0,228.750705719
1,"map(tofrom: a)",16384,64,304,1,3,758,0,1047.360897064
1,"map(tofrom: a)",16384,64,304,1,3,11,0,235.891342163
1,"map(tofrom: a)",16384,64,304,1,3,44,0,272.202491760
1,"map(tofrom: a)",16384,64,304,1,3,472,0,736.844539642
1,"map(tofrom: a)",16384,64,304,1,3,7,0,231.158733368
1,"map(tofrom: a)",16384,64,304,1,3,1955,0,2363.693714142
1,"map(tofrom: a)",16384,64,304,1,3,71,0,301.551818848
1,"map(tofrom: a)",16384,64,304,1,3,183,0,423.204898834
1,"map(tofrom: a)",16384,64,304,1,3,8096,0,9011.399745941
1,"map(tofrom: a)",16384,64,304,1,3,3140,0,3659.605979919
1,"map(tofrom: a)",16384,64,304,1,4,472,0,734.293460846
1,"map(tofrom: a)",16384,64,304,1,4,71,0,301.957130432
1,"map(tofrom: a)",16384,64,304,1,4,1,0,225.102901459
1,"map(tofrom: a)",16384,64,304,1,4,11,0,236.344337463
1,"map(tofrom: a)",16384,64,304,1,4,4,0,228.595733643
1,"map(tofrom: a)",16384,64,304,1,4,3140,0,3829.705715179
1,"map(tofrom: a)",16384,64,304,1,4,28,0,255.692005157
1,"map(tofrom: a)",16384,64,304,1,4,1218,0,1545.405387878
1,"map(tofrom: a)",16384,64,304,1,4,2,0,225.090980530
1,"map(tofrom: a)",16384,64,304,1,4,183,0,423.049926758
1,"map(tofrom: a)",16384,64,304,1,4,5042,0,5729.305744171
1,"map(tofrom: a)",16384,64,304,1,4,114,0,348.806381226
1,"map(tofrom: a)",16384,64,304,1,4,3,0,226.402282715
1,"map(tofrom: a)",16384,64,304,1,4,44,0,272.548198700
1,"map(tofrom: a)",16384,64,304,1,4,758,0,1047.599315643
1,"map(tofrom: a)",16384,64,304,1,4,8096,0,9031.248092651
1,"map(tofrom: a)",16384,64,304,1,4,1955,0,2347.254753113
1,"map(tofrom: a)",16384,64,304,1,4,294,0,543.296337128
1,"map(tofrom: a)",16384,64,304,1,4,7,0,231.099128723
1,"map(tofrom: a)",16384,64,304,1,4,17,0,243.794918060
1,"map(tofrom: a)",65536,64,304,0,0,7,0,256.407260895
1,"map(tofrom: a)",65536,64,304,0,0,114,0,364.100933075
1,"map(tofrom: a)",65536,64,304,0,0,3,0,242.352485657
1,"map(tofrom: a)",65536,64,304,0,0,17,0,259.447097778
1,"map(tofrom: a)",65536,64,304,0,0,1,0,241.053104401
1,"map(tofrom: a)",65536,64,304,0,0,44,0,288.105010986
1,"map(tofrom: a)",65536,64,304,0,0,294,0,560.390949249
1,"map(tofrom: a)",65536,64,304,0,0,3140,0,3664.803504944
1,"map(tofrom: a)",65536,64,304,0,0,4,0,244.855880737
1,"map(tofrom: a)",65536,64,304,0,0,1955,0,2373.552322388
1,"map(tofrom: a)",65536,64,304,0,0,183,0,439.310073853
1,"map(tofrom: a)",65536,64,304,0,0,8096,0,9054.052829742
1,"map(tofrom: a)",65536,64,304,0,0,758,0,1059.842109680
1,"map(tofrom: a)",65536,64,304,0,0,71,0,317.406654358
1,"map(tofrom: a)",65536,64,304,0,0,2,0,240.910053253
1,"map(tofrom: a)",65536,64,304,0,0,11,0,251.507759094
1,"map(tofrom: a)",65536,64,304,0,0,28,0,270.450115204
1,"map(tofrom: a)",65536,64,304,0,0,5042,0,5730.557441711
1,"map(tofrom: a)",65536,64,304,0,0,1218,0,1564.705371857
1,"map(tofrom: a)",65536,64,304,0,0,472,0,753.200054169
1,"map(tofrom: a)",65536,64,304,0,1,4,0,244.247913361
1,"map(tofrom: a)",65536,64,304,0,1,1,0,240.850448608
1,"map(tofrom: a)",65536,64,304,0,1,17,0,259.542465210
1,"map(tofrom: a)",65536,64,304,0,1,28,0,270.152091980
1,"map(tofrom: a)",65536,64,304,0,1,11,0,251.603126526
1,"map(tofrom: a)",65536,64,304,0,1,3140,0,3662.991523743
1,"map(tofrom: a)",65536,64,304,0,1,2,0,242.197513580
1,"map(tofrom: a)",65536,64,304,0,1,758,0,1064.002513885
1,"map(tofrom: a)",65536,64,304,0,1,1218,0,1555.848121643
1,"map(tofrom: a)",65536,64,304,0,1,44,0,288.152694702
1,"map(tofrom: a)",65536,64,304,0,1,71,0,317.847728729
1,"map(tofrom: a)",65536,64,304,0,1,114,0,364.744663239
1,"map(tofrom: a)",65536,64,304,0,1,294,0,558.245182037
1,"map(tofrom: a)",65536,64,304,0,1,7,0,246.942043304
1,"map(tofrom: a)",65536,64,304,0,1,183,0,439.548492432
1,"map(tofrom: a)",65536,64,304,0,1,8096,0,9061.694145203
1,"map(tofrom: a)",65536,64,304,0,1,472,0,751.352310181
1,"map(tofrom: a)",65536,64,304,0,1,1955,0,2373.945713043
1,"map(tofrom: a)",65536,64,304,0,1,3,0,242.543220520
1,"map(tofrom: a)",65536,64,304,0,1,5042,0,5732.905864716
1,"map(tofrom: a)",65536,64,304,0,2,3,0,242.352485657
1,"map(tofrom: a)",65536,64,304,0,2,44,0,288.140773773
1,"map(tofrom: a)",65536,64,304,0,2,1,0,241.148471832
1,"map(tofrom: a)",65536,64,304,0,2,183,0,439.500808716
1,"map(tofrom: a)",65536,64,304,0,2,294,0,558.948516846
1,"map(tofrom: a)",65536,64,304,0,2,5042,0,5731.105804443
1,"map(tofrom: a)",65536,64,304,0,2,7,0,248.408317566
1,"map(tofrom: a)",65536,64,304,0,2,8096,0,9057.497978210
1,"map(tofrom: a)",65536,64,304,0,2,2,0,240.802764893
1,"map(tofrom: a)",65536,64,304,0,2,114,0,363.898277283
1,"map(tofrom: a)",65536,64,304,0,2,71,0,317.740440369
1,"map(tofrom: a)",65536,64,304,0,2,1955,0,2381.789684296
1,"map(tofrom: a)",65536,64,304,0,2,17,0,259.399414062
1,"map(tofrom: a)",65536,64,304,0,2,472,0,752.902030945
1,"map(tofrom: a)",65536,64,304,0,2,11,0,251.543521881
1,"map(tofrom: a)",65536,64,304,0,2,1218,0,1560.556888580
1,"map(tofrom: a)",65536,64,304,0,2,4,0,244.450569153
1,"map(tofrom: a)",65536,64,304,0,2,3140,0,3660.202026367
1,"map(tofrom: a)",65536,64,304,0,2,758,0,1065.444946289
1,"map(tofrom: a)",65536,64,304,0,2,28,0,270.307064056
1,"map(tofrom: a)",65536,64,304,0,3,11,0,251.650810242
1,"map(tofrom: a)",65536,64,304,0,3,4,0,244.355201721
1,"map(tofrom: a)",65536,64,304,0,3,5042,0,5746.507644653
1,"map(tofrom: a)",65536,64,304,0,3,183,0,439.500808716
1,"map(tofrom: a)",65536,64,304,0,3,17,0,259.244441986
1,"map(tofrom: a)",65536,64,304,0,3,3,0,241.947174072
1,"map(tofrom: a)",65536,64,304,0,3,28,0,270.700454712
1,"map(tofrom: a)",65536,64,304,0,3,1218,0,1562.750339508
1,"map(tofrom: a)",65536,64,304,0,3,114,0,363.552570343
1,"map(tofrom: a)",65536,64,304,0,3,758,0,1063.358783722
1,"map(tofrom: a)",65536,64,304,0,3,1955,0,2381.539344788
1,"map(tofrom: a)",65536,64,304,0,3,472,0,753.605365753
1,"map(tofrom: a)",65536,64,304,0,3,7,0,246.703624725
1,"map(tofrom: a)",65536,64,304,0,3,44,0,287.854671478
1,"map(tofrom: a)",65536,64,304,0,3,3140,0,3673.601150513
1,"map(tofrom: a)",65536,64,304,0,3,8096,0,9041.750431061
1,"map(tofrom: a)",65536,64,304,0,3,71,0,317.502021790
1,"map(tofrom: a)",65536,64,304,0,3,1,0,240.957736969
1,"map(tofrom: a)",65536,64,304,0,3,2,0,240.743160248
1,"map(tofrom: a)",65536,64,304,0,3,294,0,559.651851654
1,"map(tofrom: a)",65536,64,304,0,4,3,0,242.245197296
1,"map(tofrom: a)",65536,64,304,0,4,8096,0,9035.599231720
1,"map(tofrom: a)",65536,64,304,0,4,1,0,241.243839264
1,"map(tofrom: a)",65536,64,304,0,4,28,0,270.605087280
1,"map(tofrom: a)",65536,64,304,0,4,17,0,259.494781494
1,"map(tofrom: a)",65536,64,304,0,4,5042,0,5727.303028107
1,"map(tofrom: a)",65536,64,304,0,4,7,0,247.395038605
1,"map(tofrom: a)",65536,64,304,0,4,114,0,363.993644714
1,"map(tofrom: a)",65536,64,304,0,4,44,0,288.152694702
1,"map(tofrom: a)",65536,64,304,0,4,2,0,240.910053253
1,"map(tofrom: a)",65536,64,304,0,4,294,0,560.450553894
1,"map(tofrom: a)",65536,64,304,0,4,758,0,1062.846183777
1,"map(tofrom: a)",65536,64,304,0,4,183,0,438.451766968
1,"map(tofrom: a)",65536,64,304,0,4,4,0,244.450569153
1,"map(tofrom: a)",65536,64,304,0,4,1218,0,1564.848423004
1,"map(tofrom: a)",65536,64,304,0,4,71,0,317.800045013
1,"map(tofrom: a)",65536,64,304,0,4,1955,0,2370.047569275
1,"map(tofrom: a)",65536,64,304,0,4,11,0,251.650810242
1,"map(tofrom: a)",65536,64,304,0,4,472,0,754.642486572
1,"map(tofrom: a)",65536,64,304,0,4,3140,0,3668.248653412
1,"map(tofrom: a)",65536,64,304,1,0,2,0,240.945816040
1,"map(tofrom: a)",65536,64,304,1,0,4,0,244.259834290
1,"map(tofrom: a)",65536,64,304,1,0,472,0,753.545761108
1,"map(tofrom: a)",65536,64,304,1,0,3140,0,3668.749332428
1,"map(tofrom: a)",65536,64,304,1,0,183,0,438.296794891
1,"map(tofrom: a)",65536,64,304,1,0,28,0,270.247459412
1,"map(tofrom: a)",65536,64,304,1,0,71,0,317.549705505
1,"map(tofrom: a)",65536,64,304,1,0,1218,0,1564.896106720
1,"map(tofrom: a)",65536,64,304,1,0,294,0,559.151172638
1,"map(tofrom: a)",65536,64,304,1,0,1,0,240.945816040
1,"map(tofrom: a)",65536,64,304,1,0,7,0,261.294841766
1,"map(tofrom: a)",65536,64,304,1,0,1955,0,2380.394935608
1,"map(tofrom: a)",65536,64,304,1,0,758,0,1060.795783997
1,"map(tofrom: a)",65536,64,304,1,0,114,0,363.850593567
1,"map(tofrom: a)",65536,64,304,1,0,11,0,251.698493958
1,"map(tofrom: a)",65536,64,304,1,0,3,0,242.400169373
1,"map(tofrom: a)",65536,64,304,1,0,8096,0,9027.206897736
1,"map(tofrom: a)",65536,64,304,1,0,44,0,288.152694702
1,"map(tofrom: a)",65536,64,304,1,0,17,0,259.792804718
1,"map(tofrom: a)",65536,64,304,1,0,5042,0,5737.555027008
1,"map(tofrom: a)",65536,64,304,1,1,758,0,1059.746742249
1,"map(tofrom: a)",65536,64,304,1,1,3,0,242.149829865
1,"map(tofrom: a)",65536,64,304,1,1,3140,0,3673.505783081
1,"map(tofrom: a)",65536,64,304,1,1,1955,0,2381.491661072
1,"map(tofrom: a)",65536,64,304,1,1,44,0,288.200378418
1,"map(tofrom: a)",65536,64,304,1,1,17,0,259.649753571
1,"map(tofrom: a)",65536,64,304,1,1,294,0,560.045242310
1,"map(tofrom: a)",65536,64,304,1,1,28,0,270.104408264
1,"map(tofrom: a)",65536,64,304,1,1,114,0,363.552570343
1,"map(tofrom: a)",65536,64,304,1,1,2,0,240.695476532
1,"map(tofrom: a)",65536,64,304,1,1,7,0,247.204303741
1,"map(tofrom: a)",65536,64,304,1,1,183,0,438.749790192
1,"map(tofrom: a)",65536,64,304,1,1,8096,0,9020.555019379
1,"map(tofrom: a)",65536,64,304,1,1,11,0,251.650810242
1,"map(tofrom: a)",65536,64,304,1,1,1,0,241.005420685
1,"map(tofrom: a)",65536,64,304,1,1,1218,0,1561.594009399
1,"map(tofrom: a)",65536,64,304,1,1,472,0,750.303268433
1,"map(tofrom: a)",65536,64,304,1,1,71,0,317.251682281
1,"map(tofrom: a)",65536,64,304,1,1,5042,0,5737.042427063
1,"map(tofrom: a)",65536,64,304,1,1,4,0,244.498252869
1,"map(tofrom: a)",65536,64,304,1,2,2,0,240.743160248
1,"map(tofrom: a)",65536,64,304,1,2,71,0,317.192077637
1,"map(tofrom: a)",65536,64,304,1,2,17,0,259.745121002
1,"map(tofrom: a)",65536,64,304,1,2,472,0,753.796100616
1,"map(tofrom: a)",65536,64,304,1,2,5042,0,5708.146095276
1,"map(tofrom: a)",65536,64,304,1,2,28,0,270.247459412
1,"map(tofrom: a)",65536,64,304,1,2,44,0,288.498401642
1,"map(tofrom: a)",65536,64,304,1,2,1218,0,1561.951637268
1,"map(tofrom: a)",65536,64,304,1,2,4,0,244.557857513
1,"map(tofrom: a)",65536,64,304,1,2,1955,0,2373.695373535
1,"map(tofrom: a)",65536,64,304,1,2,183,0,439.941883087
1,"map(tofrom: a)",65536,64,304,1,2,7,0,247.049331665
1,"map(tofrom: a)",65536,64,304,1,2,758,0,1061.451435089
1,"map(tofrom: a)",65536,64,304,1,2,1,0,240.695476532
1,"map(tofrom: a)",65536,64,304,1,2,3140,0,3668.856620789
1,"map(tofrom: a)",65536,64,304,1,2,8096,0,9053.850173950
1,"map(tofrom: a)",65536,64,304,1,2,3,0,242.149829865
1,"map(tofrom: a)",65536,64,304,1,2,114,0,364.100933075
1,"map(tofrom: a)",65536,64,304,1,2,11,0,251.245498657
1,"map(tofrom: a)",65536,64,304,1,2,294,0,559.699535370
1,"map(tofrom: a)",65536,64,304,1,3,1,0,240.743160248
1,"map(tofrom: a)",65536,64,304,1,3,17,0,259.351730347
1,"map(tofrom: a)",65536,64,304,1,3,294,0,560.450553894
1,"map(tofrom: a)",65536,64,304,1,3,5042,0,5730.557441711
1,"map(tofrom: a)",65536,64,304,1,3,114,0,363.695621490
1,"map(tofrom: a)",65536,64,304,1,3,28,0,270.402431488
1,"map(tofrom: a)",65536,64,304,1,3,1218,0,1564.252376556
1,"map(tofrom: a)",65536,64,304,1,3,2,0,241.100788116
1,"map(tofrom: a)",65536,64,304,1,3,3,0,242.054462433
1,"map(tofrom: a)",65536,64,304,1,3,4,0,244.545936584
1,"map(tofrom: a)",65536,64,304,1,3,758,0,1065.349578857
1,"map(tofrom: a)",65536,64,304,1,3,11,0,251.793861389
1,"map(tofrom: a)",65536,64,304,1,3,44,0,287.950038910
1,"map(tofrom: a)",65536,64,304,1,3,472,0,752.604007721
1,"map(tofrom: a)",65536,64,304,1,3,7,0,246.846675873
1,"map(tofrom: a)",65536,64,304,1,3,1955,0,2376.747131348
1,"map(tofrom: a)",65536,64,304,1,3,71,0,317.192077637
1,"map(tofrom: a)",65536,64,304,1,3,183,0,445.294380188
1,"map(tofrom: a)",65536,64,304,1,3,8096,0,9061.300754547
1,"map(tofrom: a)",65536,64,304,1,3,3140,0,3673.303127289
1,"map(tofrom: a)",65536,64,304,1,4,472,0,750.946998596
1,"map(tofrom: a)",65536,64,304,1,4,71,0,317.406654358
1,"map(tofrom: a)",65536,64,304,1,4,1,0,240.850448608
1,"map(tofrom: a)",65536,64,304,1,4,11,0,251.698493958
1,"map(tofrom: a)",65536,64,304,1,4,4,0,244.796276093
1,"map(tofrom: a)",65536,64,304,1,4,3140,0,3660.547733307
1,"map(tofrom: a)",65536,64,304,1,4,28,0,270.354747772
1,"map(tofrom: a)",65536,64,304,1,4,1218,0,1561.307907104
1,"map(tofrom: a)",65536,64,304,1,4,2,0,240.850448608
1,"map(tofrom: a)",65536,64,304,1,4,183,0,438.892841339
1,"map(tofrom: a)",65536,64,304,1,4,5042,0,5733.454227448
1,"map(tofrom: a)",65536,64,304,1,4,114,0,366.258621216
1,"map(tofrom: a)",65536,64,304,1,4,3,0,242.197513580
1,"map(tofrom: a)",65536,64,304,1,4,44,0,287.699699402
1,"map(tofrom: a)",65536,64,304,1,4,758,0,1064.252853394
1,"map(tofrom: a)",65536,64,304,1,4,8096,0,9055.447578430
1,"map(tofrom: a)",65536,64,304,1,4,1955,0,2367.651462555
1,"map(tofrom: a)",65536,64,304,1,4,294,0,559.556484222
1,"map(tofrom: a)",65536,64,304,1,4,7,0,247.299671173
1,"map(tofrom: a)",65536,64,304,1,4,17,0,259.900093079
1,"map(tofrom: a)",262144,64,304,0,0,7,0,312.948226929
1,"map(tofrom: a)",262144,64,304,0,0,114,0,417.852401733
1,"map(tofrom: a)",262144,64,304,0,0,3,0,302.147865295
1,"map(tofrom: a)",262144,64,304,0,0,17,0,314.748287201
1,"map(tofrom: a)",262144,64,304,0,0,1,0,299.143791199
1,"map(tofrom: a)",262144,64,304,0,0,44,0,346.791744232
1,"map(tofrom: a)",262144,64,304,0,0,294,0,614.094734192
1,"map(tofrom: a)",262144,64,304,0,0,3140,0,3682.899475098
1,"map(tofrom: a)",262144,64,304,0,0,4,0,298.154354095
1,"map(tofrom: a)",262144,64,304,0,0,1955,0,2401.149272919
1,"map(tofrom: a)",262144,64,304,0,0,183,0,496.041774750
1,"map(tofrom: a)",262144,64,304,0,0,8096,0,9050.750732422
1,"map(tofrom: a)",262144,64,304,0,0,758,0,1111.793518066
1,"map(tofrom: a)",262144,64,304,0,0,71,0,377.655029297
1,"map(tofrom: a)",262144,64,304,0,0,2,0,297.701358795
1,"map(tofrom: a)",262144,64,304,0,0,11,0,306.749343872
1,"map(tofrom: a)",262144,64,304,0,0,28,0,325.453281403
1,"map(tofrom: a)",262144,64,304,0,0,5042,0,5722.856521606
1,"map(tofrom: a)",262144,64,304,0,0,1218,0,1614.308357239
1,"map(tofrom: a)",262144,64,304,0,0,472,0,806.701183319
1,"map(tofrom: a)",262144,64,304,0,1,4,0,298.249721527
1,"map(tofrom: a)",262144,64,304,0,1,1,0,296.401977539
1,"map(tofrom: a)",262144,64,304,0,1,17,0,315.105915070
1,"map(tofrom: a)",262144,64,304,0,1,28,0,325.596332550
1,"map(tofrom: a)",262144,64,304,0,1,11,0,305.449962616
1,"map(tofrom: a)",262144,64,304,0,1,3140,0,3677.749633789
1,"map(tofrom: a)",262144,64,304,0,1,2,0,297.892093658
1,"map(tofrom: a)",262144,64,304,0,1,758,0,1117.897033691
1,"map(tofrom: a)",262144,64,304,0,1,1218,0,1606.655120850
1,"map(tofrom: a)",262144,64,304,0,1,44,0,343.942642212
1,"map(tofrom: a)",262144,64,304,0,1,71,0,371.742248535
1,"map(tofrom: a)",262144,64,304,0,1,114,0,418.400764465
1,"map(tofrom: a)",262144,64,304,0,1,294,0,609.755516052
1,"map(tofrom: a)",262144,64,304,0,1,7,0,303.804874420
1,"map(tofrom: a)",262144,64,304,0,1,183,0,493.001937866
1,"map(tofrom: a)",262144,64,304,0,1,8096,0,9035.801887512
1,"map(tofrom: a)",262144,64,304,0,1,472,0,804.746150970
1,"map(tofrom: a)",262144,64,304,0,1,1955,0,2397.096157074
1,"map(tofrom: a)",262144,64,304,0,1,3,0,294.554233551
1,"map(tofrom: a)",262144,64,304,0,1,5042,0,5738.055706024
1,"map(tofrom: a)",262144,64,304,0,2,3,0,289.750099182
1,"map(tofrom: a)",262144,64,304,0,2,44,0,345.349311829
1,"map(tofrom: a)",262144,64,304,0,2,1,0,297.749042511
1,"map(tofrom: a)",262144,64,304,0,2,183,0,492.739677429
1,"map(tofrom: a)",262144,64,304,0,2,294,0,608.706474304
1,"map(tofrom: a)",262144,64,304,0,2,5042,0,5734.002590179
1,"map(tofrom: a)",262144,64,304,0,2,7,0,294.649600983
1,"map(tofrom: a)",262144,64,304,0,2,8096,0,9046.351909637
1,"map(tofrom: a)",262144,64,304,0,2,2,0,294.399261475
1,"map(tofrom: a)",262144,64,304,0,2,114,0,419.092178345
1,"map(tofrom: a)",262144,64,304,0,2,71,0,376.248359680
1,"map(tofrom: a)",262144,64,304,0,2,1955,0,2405.357360840
1,"map(tofrom: a)",262144,64,304,0,2,17,0,314.605236053
1,"map(tofrom: a)",262144,64,304,0,2,472,0,800.645351410
1,"map(tofrom: a)",262144,64,304,0,2,11,0,308.299064636
1,"map(tofrom: a)",262144,64,304,0,2,1218,0,1608.848571777
1,"map(tofrom: a)",262144,64,304,0,2,4,0,301.301479340
1,"map(tofrom: a)",262144,64,304,0,2,3140,0,3675.353527069
1,"map(tofrom: a)",262144,64,304,0,2,758,0,1116.144657135
1,"map(tofrom: a)",262144,64,304,0,2,28,0,322.449207306
1,"map(tofrom: a)",262144,64,304,0,3,11,0,309.860706329
1,"map(tofrom: a)",262144,64,304,0,3,4,0,299.644470215
1,"map(tofrom: a)",262144,64,304,0,3,5042,0,5742.156505585
1,"map(tofrom: a)",262144,64,304,0,3,183,0,494.253635406
1,"map(tofrom: a)",262144,64,304,0,3,17,0,316.202640533
1,"map(tofrom: a)",262144,64,304,0,3,3,0,301.957130432
1,"map(tofrom: a)",262144,64,304,0,3,28,0,327.396392822
1,"map(tofrom: a)",262144,64,304,0,3,1218,0,1613.640785217
1,"map(tofrom: a)",262144,64,304,0,3,114,0,419.199466705
1,"map(tofrom: a)",262144,64,304,0,3,758,0,1107.501983643
1,"map(tofrom: a)",262144,64,304,0,3,1955,0,2407.193183899
1,"map(tofrom: a)",262144,64,304,0,3,472,0,803.005695343
1,"map(tofrom: a)",262144,64,304,0,3,7,0,303.840637207
1,"map(tofrom: a)",262144,64,304,0,3,44,0,348.401069641
1,"map(tofrom: a)",262144,64,304,0,3,3140,0,3690.099716187
1,"map(tofrom: a)",262144,64,304,0,3,8096,0,9036.648273468
1,"map(tofrom: a)",262144,64,304,0,3,71,0,362.098217010
1,"map(tofrom: a)",262144,64,304,0,3,1,0,294.649600983
1,"map(tofrom: a)",262144,64,304,0,3,2,0,297.641754150
1,"map(tofrom: a)",262144,64,304,0,3,294,0,616.097450256
1,"map(tofrom: a)",262144,64,304,0,4,3,0,297.451019287
1,"map(tofrom: a)",262144,64,304,0,4,8096,0,9025.001525879
1,"map(tofrom: a)",262144,64,304,0,4,1,0,294.446945190
1,"map(tofrom: a)",262144,64,304,0,4,28,0,325.548648834
1,"map(tofrom: a)",262144,64,304,0,4,17,0,314.593315125
1,"map(tofrom: a)",262144,64,304,0,4,5042,0,5737.197399139
1,"map(tofrom: a)",262144,64,304,0,4,7,0,303.900241852
1,"map(tofrom: a)",262144,64,304,0,4,114,0,415.146350861
1,"map(tofrom: a)",262144,64,304,0,4,44,0,348.305702209
1,"map(tofrom: a)",262144,64,304,0,4,2,0,297.999382019
1,"map(tofrom: a)",262144,64,304,0,4,294,0,616.455078125
1,"map(tofrom: a)",262144,64,304,0,4,758,0,1115.453243256
1,"map(tofrom: a)",262144,64,304,0,4,183,0,495.207309723
1,"map(tofrom: a)",262144,64,304,0,4,4,0,302.410125732
1,"map(tofrom: a)",262144,64,304,0,4,1218,0,1609.003543854
1,"map(tofrom: a)",262144,64,304,0,4,71,0,352.358818054
1,"map(tofrom: a)",262144,64,304,0,4,1955,0,2389.240264893
1,"map(tofrom: a)",262144,64,304,0,4,11,0,309.646129608
1,"map(tofrom: a)",262144,64,304,0,4,472,0,806.999206543
1,"map(tofrom: a)",262144,64,304,0,4,3140,0,3685.748577118
1,"map(tofrom: a)",262144,64,304,1,0,2,0,297.653675079
1,"map(tofrom: a)",262144,64,304,1,0,4,0,302.755832672
1,"map(tofrom: a)",262144,64,304,1,0,472,0,807.297229767
1,"map(tofrom: a)",262144,64,304,1,0,3140,0,3686.201572418
1,"map(tofrom: a)",262144,64,304,1,0,183,0,494.647026062
1,"map(tofrom: a)",262144,64,304,1,0,28,0,326.859951019
1,"map(tofrom: a)",262144,64,304,1,0,71,0,373.053550720
1,"map(tofrom: a)",262144,64,304,1,0,1218,0,1604.998111725
1,"map(tofrom: a)",262144,64,304,1,0,294,0,608.742237091
1,"map(tofrom: a)",262144,64,304,1,0,1,0,294.709205627
1,"map(tofrom: a)",262144,64,304,1,0,7,0,301.051139832
1,"map(tofrom: a)",262144,64,304,1,0,1955,0,2404.344081879
1,"map(tofrom: a)",262144,64,304,1,0,758,0,1111.197471619
1,"map(tofrom: a)",262144,64,304,1,0,114,0,419.294834137
1,"map(tofrom: a)",262144,64,304,1,0,11,0,309.848785400
1,"map(tofrom: a)",262144,64,304,1,0,3,0,299.000740051
1,"map(tofrom: a)",262144,64,304,1,0,8096,0,8992.493152618
1,"map(tofrom: a)",262144,64,304,1,0,44,0,345.349311829
1,"map(tofrom: a)",262144,64,304,1,0,17,0,316.703319550
1,"map(tofrom: a)",262144,64,304,1,0,5042,0,5741.453170776
1,"map(tofrom: a)",262144,64,304,1,1,758,0,1108.205318451
1,"map(tofrom: a)",262144,64,304,1,1,3,0,297.498703003
1,"map(tofrom: a)",262144,64,304,1,1,3140,0,3685.796260834
1,"map(tofrom: a)",262144,64,304,1,1,1955,0,2401.852607727
1,"map(tofrom: a)",262144,64,304,1,1,44,0,345.253944397
1,"map(tofrom: a)",262144,64,304,1,1,17,0,312.948226929
1,"map(tofrom: a)",262144,64,304,1,1,294,0,614.953041077
1,"map(tofrom: a)",262144,64,304,1,1,28,0,325.644016266
1,"map(tofrom: a)",262144,64,304,1,1,114,0,419.247150421
1,"map(tofrom: a)",262144,64,304,1,1,2,0,299.048423767
1,"map(tofrom: a)",262144,64,304,1,1,7,0,305.449962616
1,"map(tofrom: a)",262144,64,304,1,1,183,0,495.803356171
1,"map(tofrom: a)",262144,64,304,1,1,8096,0,8991.706371307
1,"map(tofrom: a)",262144,64,304,1,1,11,0,305.294990540
1,"map(tofrom: a)",262144,64,304,1,1,1,0,299.155712128
1,"map(tofrom: a)",262144,64,304,1,1,1218,0,1612.389087677
1,"map(tofrom: a)",262144,64,304,1,1,472,0,805.592536926
1,"map(tofrom: a)",262144,64,304,1,1,71,0,370.001792908
1,"map(tofrom: a)",262144,64,304,1,1,5042,0,5744.957923889
1,"map(tofrom: a)",262144,64,304,1,1,4,0,297.999382019
1,"map(tofrom: a)",262144,64,304,1,2,2,0,296.151638031
1,"map(tofrom: a)",262144,64,304,1,2,71,0,371.146202087
1,"map(tofrom: a)",262144,64,304,1,2,17,0,316.143035889
1,"map(tofrom: a)",262144,64,304,1,2,472,0,804.460048676
1,"map(tofrom: a)",262144,64,304,1,2,5042,0,5719.351768494
1,"map(tofrom: a)",262144,64,304,1,2,28,0,320.851802826
1,"map(tofrom: a)",262144,64,304,1,2,44,0,342.702865601
1,"map(tofrom: a)",262144,64,304,1,2,1218,0,1606.500148773
1,"map(tofrom: a)",262144,64,304,1,2,4,0,296.700000763
1,"map(tofrom: a)",262144,64,304,1,2,1955,0,2399.098873138
1,"map(tofrom: a)",262144,64,304,1,2,183,0,491.404533386
1,"map(tofrom: a)",262144,64,304,1,2,7,0,300.657749176
1,"map(tofrom: a)",262144,64,304,1,2,758,0,1111.400127411
1,"map(tofrom: a)",262144,64,304,1,2,1,0,295.996665955
1,"map(tofrom: a)",262144,64,304,1,2,3140,0,3687.644004822
1,"map(tofrom: a)",262144,64,304,1,2,8096,0,9048.449993134
1,"map(tofrom: a)",262144,64,304,1,2,3,0,299.143791199
1,"map(tofrom: a)",262144,64,304,1,2,114,0,419.306755066
1,"map(tofrom: a)",262144,64,304,1,2,11,0,305.151939392
1,"map(tofrom: a)",262144,64,304,1,2,294,0,615.394115448
1,"map(tofrom: a)",262144,64,304,1,3,1,0,297.796726227
1,"map(tofrom: a)",262144,64,304,1,3,17,0,314.700603485
1,"map(tofrom: a)",262144,64,304,1,3,294,0,614.905357361
1,"map(tofrom: a)",262144,64,304,1,3,5042,0,5735.802650452
1,"map(tofrom: a)",262144,64,304,1,3,114,0,409.901142120
1,"map(tofrom: a)",262144,64,304,1,3,28,0,323.903560638
1,"map(tofrom: a)",262144,64,304,1,3,1218,0,1614.201068878
1,"map(tofrom: a)",262144,64,304,1,3,2,0,296.103954315
1,"map(tofrom: a)",262144,64,304,1,3,3,0,298.905372620
1,"map(tofrom: a)",262144,64,304,1,3,4,0,299.739837646
1,"map(tofrom: a)",262144,64,304,1,3,758,0,1109.349727631
1,"map(tofrom: a)",262144,64,304,1,3,11,0,311.255455017
1,"map(tofrom: a)",262144,64,304,1,3,44,0,343.799591064
1,"map(tofrom: a)",262144,64,304,1,3,472,0,800.049304962
1,"map(tofrom: a)",262144,64,304,1,3,7,0,305.354595184
1,"map(tofrom: a)",262144,64,304,1,3,1955,0,2404.248714447
1,"map(tofrom: a)",262144,64,304,1,3,71,0,373.005867004
1,"map(tofrom: a)",262144,64,304,1,3,183,0,494.801998138
1,"map(tofrom: a)",262144,64,304,1,3,8096,0,9047.996997833
1,"map(tofrom: a)",262144,64,304,1,3,3140,0,3680.205345154
1,"map(tofrom: a)",262144,64,304,1,4,472,0,803.494453430
1,"map(tofrom: a)",262144,64,304,1,4,71,0,375.890731812
1,"map(tofrom: a)",262144,64,304,1,4,1,0,296.294689178
1,"map(tofrom: a)",262144,64,304,1,4,11,0,311.350822449
1,"map(tofrom: a)",262144,64,304,1,4,4,0,302.803516388
1,"map(tofrom: a)",262144,64,304,1,4,3140,0,3676.950931549
1,"map(tofrom: a)",262144,64,304,1,4,28,0,325.500965118
1,"map(tofrom: a)",262144,64,304,1,4,1218,0,1612.401008606
1,"map(tofrom: a)",262144,64,304,1,4,2,0,297.701358795
1,"map(tofrom: a)",262144,64,304,1,4,183,0,494.098663330
1,"map(tofrom: a)",262144,64,304,1,4,5042,0,5745.851993561
1,"map(tofrom: a)",262144,64,304,1,4,114,0,420.057773590
1,"map(tofrom: a)",262144,64,304,1,4,3,0,293.147563934
1,"map(tofrom: a)",262144,64,304,1,4,44,0,348.401069641
1,"map(tofrom: a)",262144,64,304,1,4,758,0,1115.298271179
1,"map(tofrom: a)",262144,64,304,1,4,8096,0,9032.952785492
1,"map(tofrom: a)",262144,64,304,1,4,1955,0,2396.142482758
1,"map(tofrom: a)",262144,64,304,1,4,294,0,610.303878784
1,"map(tofrom: a)",262144,64,304,1,4,7,0,302.350521088
1,"map(tofrom: a)",262144,64,304,1,4,17,0,314.748287201
1,"map(tofrom: a)",1048576,64,304,0,0,7,0,550.103187561
1,"map(tofrom: a)",1048576,64,304,0,0,114,0,638.949871063
1,"map(tofrom: a)",1048576,64,304,0,0,3,0,517.046451569
1,"map(tofrom: a)",1048576,64,304,0,0,17,0,533.998012543
1,"map(tofrom: a)",1048576,64,304,0,0,1,0,515.544414520
1,"map(tofrom: a)",1048576,64,304,0,0,44,0,563.097000122
1,"map(tofrom: a)",1048576,64,304,0,0,294,0,834.202766418
1,"map(tofrom: a)",1048576,64,304,0,0,3140,0,3929.293155670
1,"map(tofrom: a)",1048576,64,304,0,0,4,0,519.001483917
1,"map(tofrom: a)",1048576,64,304,0,0,1955,0,2636.849880219
1,"map(tofrom: a)",1048576,64,304,0,0,183,0,714.147090912
1,"map(tofrom: a)",1048576,64,304,0,0,8096,0,9274.053573608
1,"map(tofrom: a)",1048576,64,304,0,0,758,0,1332.104206085
1,"map(tofrom: a)",1048576,64,304,0,0,71,0,592.458248138
1,"map(tofrom: a)",1048576,64,304,0,0,2,0,515.949726105
1,"map(tofrom: a)",1048576,64,304,0,0,11,0,526.249408722
1,"map(tofrom: a)",1048576,64,304,0,0,28,0,545.299053192
1,"map(tofrom: a)",1048576,64,304,0,0,5042,0,5970.644950867
1,"map(tofrom: a)",1048576,64,304,0,0,1218,0,1834.499835968
1,"map(tofrom: a)",1048576,64,304,0,0,472,0,1026.141643524
1,"map(tofrom: a)",1048576,64,304,0,1,4,0,519.049167633
1,"map(tofrom: a)",1048576,64,304,0,1,1,0,515.902042389
1,"map(tofrom: a)",1048576,64,304,0,1,17,0,534.200668335
1,"map(tofrom: a)",1048576,64,304,0,1,28,0,544.953346252
1,"map(tofrom: a)",1048576,64,304,0,1,11,0,526.010990143
1,"map(tofrom: a)",1048576,64,304,0,1,3140,0,3922.891616821
1,"map(tofrom: a)",1048576,64,304,0,1,2,0,515.794754028
1,"map(tofrom: a)",1048576,64,304,0,1,758,0,1336.455345154
1,"map(tofrom: a)",1048576,64,304,0,1,1218,0,1825.559139252
1,"map(tofrom: a)",1048576,64,304,0,1,44,0,563.049316406
1,"map(tofrom: a)",1048576,64,304,0,1,71,0,592.601299286
1,"map(tofrom: a)",1048576,64,304,0,1,114,0,639.200210571
1,"map(tofrom: a)",1048576,64,304,0,1,294,0,833.153724670
1,"map(tofrom: a)",1048576,64,304,0,1,7,0,521.743297577
1,"map(tofrom: a)",1048576,64,304,0,1,183,0,713.992118835
1,"map(tofrom: a)",1048576,64,304,0,1,8096,0,9285.843372345
1,"map(tofrom: a)",1048576,64,304,0,1,472,0,1026.499271393
1,"map(tofrom: a)",1048576,64,304,0,1,1955,0,2654.099464417
1,"map(tofrom: a)",1048576,64,304,0,1,3,0,517.547130585
1,"map(tofrom: a)",1048576,64,304,0,1,5042,0,5983.948707581
1,"map(tofrom: a)",1048576,64,304,0,2,3,0,517.356395721
1,"map(tofrom: a)",1048576,64,304,0,2,44,0,612.497329712
1,"map(tofrom: a)",1048576,64,304,0,2,1,0,520.741939545
1,"map(tofrom: a)",1048576,64,304,0,2,183,0,714.457035065
1,"map(tofrom: a)",1048576,64,304,0,2,294,0,832.402706146
1,"map(tofrom: a)",1048576,64,304,0,2,5042,0,5983.102321625
1,"map(tofrom: a)",1048576,64,304,0,2,7,0,521.850585938
1,"map(tofrom: a)",1048576,64,304,0,2,8096,0,9275.150299072
1,"map(tofrom: a)",1048576,64,304,0,2,2,0,516.152381897
1,"map(tofrom: a)",1048576,64,304,0,2,114,0,638.449192047
1,"map(tofrom: a)",1048576,64,304,0,2,71,0,593.006610870
1,"map(tofrom: a)",1048576,64,304,0,2,1955,0,2641.403675079
1,"map(tofrom: a)",1048576,64,304,0,2,17,0,533.950328827
1,"map(tofrom: a)",1048576,64,304,0,2,472,0,1024.997234344
1,"map(tofrom: a)",1048576,64,304,0,2,11,0,526.356697083
1,"map(tofrom: a)",1048576,64,304,0,2,1218,0,1831.543445587
1,"map(tofrom: a)",1048576,64,304,0,2,4,0,519.049167633
1,"map(tofrom: a)",1048576,64,304,0,2,3140,0,3920.054435730
1,"map(tofrom: a)",1048576,64,304,0,2,758,0,1335.549354553
1,"map(tofrom: a)",1048576,64,304,0,2,28,0,544.500350952
1,"map(tofrom: a)",1048576,64,304,0,3,11,0,526.249408722
1,"map(tofrom: a)",1048576,64,304,0,3,4,0,519.049167633
1,"map(tofrom: a)",1048576,64,304,0,3,5042,0,5988.144874573
1,"map(tofrom: a)",1048576,64,304,0,3,183,0,713.849067688
1,"map(tofrom: a)",1048576,64,304,0,3,17,0,534.355640411
1,"map(tofrom: a)",1048576,64,304,0,3,3,0,516.808032990
1,"map(tofrom: a)",1048576,64,304,0,3,28,0,545.251369476
1,"map(tofrom: a)",1048576,64,304,0,3,1218,0,1831.150054932
1,"map(tofrom: a)",1048576,64,304,0,3,114,0,639.045238495
1,"map(tofrom: a)",1048576,64,304,0,3,758,0,1333.701610565
1,"map(tofrom: a)",1048576,64,304,0,3,1955,0,2645.504474640
1,"map(tofrom: a)",1048576,64,304,0,3,472,0,1025.950908661
1,"map(tofrom: a)",1048576,64,304,0,3,7,0,521.600246429
1,"map(tofrom: a)",1048576,64,304,0,3,44,0,563.192367554
1,"map(tofrom: a)",1048576,64,304,0,3,3140,0,3929.042816162
1,"map(tofrom: a)",1048576,64,304,0,3,8096,0,9288.048744202
1,"map(tofrom: a)",1048576,64,304,0,3,71,0,592.052936554
1,"map(tofrom: a)",1048576,64,304,0,3,1,0,520.849227905
1,"map(tofrom: a)",1048576,64,304,0,3,2,0,515.747070312
1,"map(tofrom: a)",1048576,64,304,0,3,294,0,834.155082703
1,"map(tofrom: a)",1048576,64,304,0,4,3,0,517.058372498
1,"map(tofrom: a)",1048576,64,304,0,4,8096,0,9288.907051086
1,"map(tofrom: a)",1048576,64,304,0,4,1,0,516.259670258
1,"map(tofrom: a)",1048576,64,304,0,4,28,0,544.893741608
1,"map(tofrom: a)",1048576,64,304,0,4,17,0,533.950328827
1,"map(tofrom: a)",1048576,64,304,0,4,5042,0,5975.699424744
1,"map(tofrom: a)",1048576,64,304,0,4,7,0,521.945953369
1,"map(tofrom: a)",1048576,64,304,0,4,114,0,639.140605927
1,"map(tofrom: a)",1048576,64,304,0,4,44,0,563.549995422
1,"map(tofrom: a)",1048576,64,304,0,4,2,0,516.045093536
1,"map(tofrom: a)",1048576,64,304,0,4,294,0,834.500789642
1,"map(tofrom: a)",1048576,64,304,0,4,758,0,1335.358619690
1,"map(tofrom: a)",1048576,64,304,0,4,183,0,713.407993317
1,"map(tofrom: a)",1048576,64,304,0,4,4,0,519.359111786
1,"map(tofrom: a)",1048576,64,304,0,4,1218,0,1831.698417664
1,"map(tofrom: a)",1048576,64,304,0,4,71,0,592.601299286
1,"map(tofrom: a)",1048576,64,304,0,4,1955,0,2630.496025085
1,"map(tofrom: a)",1048576,64,304,0,4,11,0,526.106357574
1,"map(tofrom: a)",1048576,64,304,0,4,472,0,1026.546955109
1,"map(tofrom: a)",1048576,64,304,0,4,3140,0,3931.808471680
1,"map(tofrom: a)",1048576,64,304,1,0,2,0,515.806674957
1,"map(tofrom: a)",1048576,64,304,1,0,4,0,519.406795502
1,"map(tofrom: a)",1048576,64,304,1,0,472,0,1027.393341064
1,"map(tofrom: a)",1048576,64,304,1,0,3140,0,3924.548625946
1,"map(tofrom: a)",1048576,64,304,1,0,183,0,713.002681732
1,"map(tofrom: a)",1048576,64,304,1,0,28,0,547.540187836
1,"map(tofrom: a)",1048576,64,304,1,0,71,0,592.803955078
1,"map(tofrom: a)",1048576,64,304,1,0,1218,0,1831.305027008
1,"map(tofrom: a)",1048576,64,304,1,0,294,0,832.653045654
1,"map(tofrom: a)",1048576,64,304,1,0,1,0,515.902042389
1,"map(tofrom: a)",1048576,64,304,1,0,7,0,521.898269653
1,"map(tofrom: a)",1048576,64,304,1,0,1955,0,2640.950679779
1,"map(tofrom: a)",1048576,64,304,1,0,758,0,1331.245899200
1,"map(tofrom: a)",1048576,64,304,1,0,114,0,638.949871063
1,"map(tofrom: a)",1048576,64,304,1,0,11,0,526.845455170
1,"map(tofrom: a)",1048576,64,304,1,0,3,0,517.106056213
1,"map(tofrom: a)",1048576,64,304,1,0,8096,0,9250.354766846
1,"map(tofrom: a)",1048576,64,304,1,0,44,0,563.406944275
1,"map(tofrom: a)",1048576,64,304,1,0,17,0,534.093379974
1,"map(tofrom: a)",1048576,64,304,1,0,5042,0,5976.700782776
1,"map(tofrom: a)",1048576,64,304,1,1,758,0,1331.996917725
1,"map(tofrom: a)",1048576,64,304,1,1,3,0,516.951084137
1,"map(tofrom: a)",1048576,64,304,1,1,3140,0,3934.741020203
1,"map(tofrom: a)",1048576,64,304,1,1,1955,0,2641.248703003
1,"map(tofrom: a)",1048576,64,304,1,1,44,0,563.442707062
1,"map(tofrom: a)",1048576,64,304,1,1,17,0,534.343719482
1,"map(tofrom: a)",1048576,64,304,1,1,294,0,834.858417511
1,"map(tofrom: a)",1048576,64,304,1,1,28,0,545.251369476
1,"map(tofrom: a)",1048576,64,304,1,1,114,0,638.544559479
1,"map(tofrom: a)",1048576,64,304,1,1,2,0,515.961647034
1,"map(tofrom: a)",1048576,64,304,1,1,7,0,522.053241730
1,"map(tofrom: a)",1048576,64,304,1,1,183,0,714.147090912
1,"map(tofrom: a)",1048576,64,304,1,1,8096,0,9245.300292969
1,"map(tofrom: a)",1048576,64,304,1,1,11,0,529.253482819
1,"map(tofrom: a)",1048576,64,304,1,1,1,0,515.854358673
1,"map(tofrom: a)",1048576,64,304,1,1,1218,0,1832.449436188
1,"map(tofrom: a)",1048576,64,304,1,1,472,0,1024.246215820
1,"map(tofrom: a)",1048576,64,304,1,1,71,0,591.909885406
1,"map(tofrom: a)",1048576,64,304,1,1,5042,0,5993.950366974
1,"map(tofrom: a)",1048576,64,304,1,1,4,0,519.347190857
1,"map(tofrom: a)",1048576,64,304,1,2,2,0,516.045093536
1,"map(tofrom: a)",1048576,64,304,1,2,71,0,592.648983002
1,"map(tofrom: a)",1048576,64,304,1,2,17,0,534.451007843
1,"map(tofrom: a)",1048576,64,304,1,2,472,0,1038.849353790
1,"map(tofrom: a)",1048576,64,304,1,2,5042,0,5971.002578735
1,"map(tofrom: a)",1048576,64,304,1,2,28,0,545.203685760
1,"map(tofrom: a)",1048576,64,304,1,2,44,0,563.597679138
1,"map(tofrom: a)",1048576,64,304,1,2,1218,0,1832.497119904
1,"map(tofrom: a)",1048576,64,304,1,2,4,0,519.049167633
1,"map(tofrom: a)",1048576,64,304,1,2,1955,0,2639.746665955
1,"map(tofrom: a)",1048576,64,304,1,2,183,0,713.741779327
1,"map(tofrom: a)",1048576,64,304,1,2,7,0,521.850585938
1,"map(tofrom: a)",1048576,64,304,1,2,758,0,1331.448554993
1,"map(tofrom: a)",1048576,64,304,1,2,1,0,516.057014465
1,"map(tofrom: a)",1048576,64,304,1,2,3140,0,3931.796550751
1,"map(tofrom: a)",1048576,64,304,1,2,8096,0,9281.003475189
1,"map(tofrom: a)",1048576,64,304,1,2,3,0,517.141819000
1,"map(tofrom: a)",1048576,64,304,1,2,114,0,639.247894287
1,"map(tofrom: a)",1048576,64,304,1,2,11,0,526.452064514
1,"map(tofrom: a)",1048576,64,304,1,2,294,0,833.690166473
1,"map(tofrom: a)",1048576,64,304,1,3,1,0,515.902042389
1,"map(tofrom: a)",1048576,64,304,1,3,17,0,534.605979919
1,"map(tofrom: a)",1048576,64,304,1,3,294,0,834.751129150
1,"map(tofrom: a)",1048576,64,304,1,3,5042,0,5984.890460968
1,"map(tofrom: a)",1048576,64,304,1,3,114,0,638.544559479
1,"map(tofrom: a)",1048576,64,304,1,3,28,0,545.144081116
1,"map(tofrom: a)",1048576,64,304,1,3,1218,0,1832.103729248
1,"map(tofrom: a)",1048576,64,304,1,3,2,0,515.997409821
1,"map(tofrom: a)",1048576,64,304,1,3,3,0,517.201423645
1,"map(tofrom: a)",1048576,64,304,1,3,4,0,519.454479218
1,"map(tofrom: a)",1048576,64,304,1,3,758,0,1336.348056793
1,"map(tofrom: a)",1048576,64,304,1,3,11,0,526.809692383
1,"map(tofrom: a)",1048576,64,304,1,3,44,0,563.657283783
1,"map(tofrom: a)",1048576,64,304,1,3,472,0,1025.605201721
1,"map(tofrom: a)",1048576,64,304,1,3,7,0,521.898269653
1,"map(tofrom: a)",1048576,64,304,1,3,1955,0,2637.553215027
1,"map(tofrom: a)",1048576,64,304,1,3,71,0,592.255592346
1,"map(tofrom: a)",1048576,64,304,1,3,183,0,713.002681732
1,"map(tofrom: a)",1048576,64,304,1,3,8096,0,9310.901165009
1,"map(tofrom: a)",1048576,64,304,1,3,3140,0,3925.895690918
1,"map(tofrom: a)",1048576,64,304,1,4,472,0,1024.651527405
1,"map(tofrom: a)",1048576,64,304,1,4,71,0,592.446327209
1,"map(tofrom: a)",1048576,64,304,1,4,1,0,516.057014465
1,"map(tofrom: a)",1048576,64,304,1,4,11,0,526.595115662
1,"map(tofrom: a)",1048576,64,304,1,4,4,0,519.108772278
1,"map(tofrom: a)",1048576,64,304,1,4,3140,0,3921.711444855
1,"map(tofrom: a)",1048576,64,304,1,4,28,0,545.549392700
1,"map(tofrom: a)",1048576,64,304,1,4,1218,0,1852.905750275
1,"map(tofrom: a)",1048576,64,304,1,4,2,0,516.498088837
1,"map(tofrom: a)",1048576,64,304,1,4,183,0,713.598728180
1,"map(tofrom: a)",1048576,64,304,1,4,5042,0,5990.648269653
1,"map(tofrom: a)",1048576,64,304,1,4,114,0,639.045238495
1,"map(tofrom: a)",1048576,64,304,1,4,3,0,516.998767853
1,"map(tofrom: a)",1048576,64,304,1,4,44,0,563.406944275
1,"map(tofrom: a)",1048576,64,304,1,4,758,0,1336.693763733
1,"map(tofrom: a)",1048576,64,304,1,4,8096,0,9279.000759125
1,"map(tofrom: a)",1048576,64,304,1,4,1955,0,2633.404731750
1,"map(tofrom: a)",1048576,64,304,1,4,294,0,832.998752594
1,"map(tofrom: a)",1048576,64,304,1,4,7,0,521.993637085
1,"map(tofrom: a)",1048576,64,304,1,4,17,0,534.451007843
1,"map(tofrom: a)",4194304,64,304,0,0,7,0,1664.400100708
1,"map(tofrom: a)",4194304,64,304,0,0,114,0,1614.451408386
1,"map(tofrom: a)",4194304,64,304,0,0,3,0,1491.904258728
1,"map(tofrom: a)",4194304,64,304,0,0,17,0,1508.700847626
1,"map(tofrom: a)",4194304,64,304,0,0,1,0,1489.543914795
1,"map(tofrom: a)",4194304,64,304,0,0,44,0,1537.549495697
1,"map(tofrom: a)",4194304,64,304,0,0,294,0,1809.990406036
1,"map(tofrom: a)",4194304,64,304,0,0,3140,0,4909.849166870
1,"map(tofrom: a)",4194304,64,304,0,0,4,0,1493.453979492
1,"map(tofrom: a)",4194304,64,304,0,0,1955,0,3614.497184753
1,"map(tofrom: a)",4194304,64,304,0,0,183,0,1688.790321350
1,"map(tofrom: a)",4194304,64,304,0,0,8096,0,10286.247730255
1,"map(tofrom: a)",4194304,64,304,0,0,758,0,2310.502529144
1,"map(tofrom: a)",4194304,64,304,0,0,71,0,1567.900180817
1,"map(tofrom: a)",4194304,64,304,0,0,2,0,1490.700244904
1,"map(tofrom: a)",4194304,64,304,0,0,11,0,1501.500606537
1,"map(tofrom: a)",4194304,64,304,0,0,28,0,1520.156860352
1,"map(tofrom: a)",4194304,64,304,0,0,5042,0,6963.801383972
1,"map(tofrom: a)",4194304,64,304,0,0,1218,0,2809.906005859
1,"map(tofrom: a)",4194304,64,304,0,0,472,0,2002.596855164
1,"map(tofrom: a)",4194304,64,304,0,1,4,0,1493.847370148
1,"map(tofrom: a)",4194304,64,304,0,1,1,0,1490.044593811
1,"map(tofrom: a)",4194304,64,304,0,1,17,0,1509.547233582
1,"map(tofrom: a)",4194304,64,304,0,1,28,0,1519.393920898
1,"map(tofrom: a)",4194304,64,304,0,1,11,0,1500.892639160
1,"map(tofrom: a)",4194304,64,304,0,1,3140,0,4915.153980255
1,"map(tofrom: a)",4194304,64,304,0,1,2,0,1494.097709656
1,"map(tofrom: a)",4194304,64,304,0,1,758,0,2313.005924225
1,"map(tofrom: a)",4194304,64,304,0,1,1218,0,2804.756164551
1,"map(tofrom: a)",4194304,64,304,0,1,44,0,1538.300514221
1,"map(tofrom: a)",4194304,64,304,0,1,71,0,1568.746566772
1,"map(tofrom: a)",4194304,64,304,0,1,114,0,1613.104343414
1,"map(tofrom: a)",4194304,64,304,0,1,294,0,1807.796955109
1,"map(tofrom: a)",4194304,64,304,0,1,7,0,1551.795005798
1,"map(tofrom: a)",4194304,64,304,0,1,183,0,1691.997051239
1,"map(tofrom: a)",4194304,64,304,0,1,8096,0,10289.454460144
1,"map(tofrom: a)",4194304,64,304,0,1,472,0,1999.151706696
1,"map(tofrom: a)",4194304,64,304,0,1,1955,0,3620.350360870
1,"map(tofrom: a)",4194304,64,304,0,1,3,0,1493.000984192
1,"map(tofrom: a)",4194304,64,304,0,1,5042,0,6976.449489594
1,"map(tofrom: a)",4194304,64,304,0,2,3,0,1492.047309875
1,"map(tofrom: a)",4194304,64,304,0,2,44,0,1537.990570068
1,"map(tofrom: a)",4194304,64,304,0,2,1,0,1491.296291351
1,"map(tofrom: a)",4194304,64,304,0,2,183,0,1688.754558563
1,"map(tofrom: a)",4194304,64,304,0,2,294,0,1808.202266693
1,"map(tofrom: a)",4194304,64,304,0,2,5042,0,6958.639621735
1,"map(tofrom: a)",4194304,64,304,0,2,7,0,1497.399806976
1,"map(tofrom: a)",4194304,64,304,0,2,8096,0,10279.500484467
1,"map(tofrom: a)",4194304,64,304,0,2,2,0,1490.151882172
1,"map(tofrom: a)",4194304,64,304,0,2,114,0,1613.903045654
1,"map(tofrom: a)",4194304,64,304,0,2,71,0,1567.900180817
1,"map(tofrom: a)",4194304,64,304,0,2,1955,0,3623.199462891
1,"map(tofrom: a)",4194304,64,304,0,2,17,0,1508.796215057
1,"map(tofrom: a)",4194304,64,304,0,2,472,0,2001.309394836
1,"map(tofrom: a)",4194304,64,304,0,2,11,0,1501.595973969
1,"map(tofrom: a)",4194304,64,304,0,2,1218,0,2810.800075531
1,"map(tofrom: a)",4194304,64,304,0,2,4,0,1494.252681732
1,"map(tofrom: a)",4194304,64,304,0,2,3140,0,4912.745952606
1,"map(tofrom: a)",4194304,64,304,0,2,758,0,2313.399314880
1,"map(tofrom: a)",4194304,64,304,0,2,28,0,1519.501209259
1,"map(tofrom: a)",4194304,64,304,0,3,11,0,1499.903202057
1,"map(tofrom: a)",4194304,64,304,0,3,4,0,1494.050025940
1,"map(tofrom: a)",4194304,64,304,0,3,5042,0,6982.851028442
1,"map(tofrom: a)",4194304,64,304,0,3,183,0,1688.659191132
1,"map(tofrom: a)",4194304,64,304,0,3,17,0,1507.699489594
1,"map(tofrom: a)",4194304,64,304,0,3,3,0,1552.796363831
1,"map(tofrom: a)",4194304,64,304,0,3,28,0,1521.646976471
1,"map(tofrom: a)",4194304,64,304,0,3,1218,0,2810.108661652
1,"map(tofrom: a)",4194304,64,304,0,3,114,0,1614.344120026
1,"map(tofrom: a)",4194304,64,304,0,3,758,0,2310.097217560
1,"map(tofrom: a)",4194304,64,304,0,3,1955,0,3624.343872070
1,"map(tofrom: a)",4194304,64,304,0,3,472,0,2005.553245544
1,"map(tofrom: a)",4194304,64,304,0,3,7,0,1496.601104736
1,"map(tofrom: a)",4194304,64,304,0,3,44,0,1537.740230560
1,"map(tofrom: a)",4194304,64,304,0,3,3140,0,4914.951324463
1,"map(tofrom: a)",4194304,64,304,0,3,8096,0,10293.149948120
1,"map(tofrom: a)",4194304,64,304,0,3,71,0,1567.339897156
1,"map(tofrom: a)",4194304,64,304,0,3,1,0,1490.807533264
1,"map(tofrom: a)",4194304,64,304,0,3,2,0,1490.700244904
1,"map(tofrom: a)",4194304,64,304,0,3,294,0,1809.048652649
1,"map(tofrom: a)",4194304,64,304,0,4,3,0,1492.500305176
1,"map(tofrom: a)",4194304,64,304,0,4,8096,0,10258.901119232
1,"map(tofrom: a)",4194304,64,304,0,4,1,0,1492.142677307
1,"map(tofrom: a)",4194304,64,304,0,4,28,0,1520.252227783
1,"map(tofrom: a)",4194304,64,304,0,4,17,0,1692.998409271
1,"map(tofrom: a)",4194304,64,304,0,4,5042,0,6964.850425720
1,"map(tofrom: a)",4194304,64,304,0,4,7,0,1556.539535522
1,"map(tofrom: a)",4194304,64,304,0,4,114,0,1614.797115326
1,"map(tofrom: a)",4194304,64,304,0,4,44,0,1538.550853729
1,"map(tofrom: a)",4194304,64,304,0,4,2,0,1491.200923920
1,"map(tofrom: a)",4194304,64,304,0,4,294,0,1811.099052429
1,"map(tofrom: a)",4194304,64,304,0,4,758,0,2330.005168915
1,"map(tofrom: a)",4194304,64,304,0,4,183,0,1708.900928497
1,"map(tofrom: a)",4194304,64,304,0,4,4,0,1492.547988892
1,"map(tofrom: a)",4194304,64,304,0,4,1218,0,2811.002731323
1,"map(tofrom: a)",4194304,64,304,0,4,71,0,1567.947864532
1,"map(tofrom: a)",4194304,64,304,0,4,1955,0,3610.897064209
1,"map(tofrom: a)",4194304,64,304,0,4,11,0,1499.402523041
1,"map(tofrom: a)",4194304,64,304,0,4,472,0,2003.610134125
1,"map(tofrom: a)",4194304,64,304,0,4,3140,0,4909.801483154
1,"map(tofrom: a)",4194304,64,304,1,0,2,0,1491.093635559
1,"map(tofrom: a)",4194304,64,304,1,0,4,0,1492.750644684
1,"map(tofrom: a)",4194304,64,304,1,0,472,0,2006.554603577
1,"map(tofrom: a)",4194304,64,304,1,0,3140,0,4911.839962006
1,"map(tofrom: a)",4194304,64,304,1,0,183,0,1688.802242279
1,"map(tofrom: a)",4194304,64,304,1,0,28,0,1520.156860352
1,"map(tofrom: a)",4194304,64,304,1,0,71,0,1567.399501801
1,"map(tofrom: a)",4194304,64,304,1,0,1218,0,2810.907363892
1,"map(tofrom: a)",4194304,64,304,1,0,294,0,1808.106899261
1,"map(tofrom: a)",4194304,64,304,1,0,1,0,1491.141319275
1,"map(tofrom: a)",4194304,64,304,1,0,7,0,1496.553421021
1,"map(tofrom: a)",4194304,64,304,1,0,1955,0,3624.749183655
1,"map(tofrom: a)",4194304,64,304,1,0,758,0,2309.095859528
1,"map(tofrom: a)",4194304,64,304,1,0,114,0,1615.059375763
1,"map(tofrom: a)",4194304,64,304,1,0,11,0,1501.345634460
1,"map(tofrom: a)",4194304,64,304,1,0,3,0,1492.202281952
1,"map(tofrom: a)",4194304,64,304,1,0,8096,0,10251.951217651
1,"map(tofrom: a)",4194304,64,304,1,0,44,0,1594.448089600
1,"map(tofrom: a)",4194304,64,304,1,0,17,0,1511.406898499
1,"map(tofrom: a)",4194304,64,304,1,0,5042,0,6971.192359924
1,"map(tofrom: a)",4194304,64,304,1,1,758,0,2346.849441528
1,"map(tofrom: a)",4194304,64,304,1,1,3,0,1491.594314575
1,"map(tofrom: a)",4194304,64,304,1,1,3140,0,4920.697212219
1,"map(tofrom: a)",4194304,64,304,1,1,1955,0,3622.448444366
1,"map(tofrom: a)",4194304,64,304,1,1,44,0,1539.099216461
1,"map(tofrom: a)",4194304,64,304,1,1,17,0,1509.296894073
1,"map(tofrom: a)",4194304,64,304,1,1,294,0,1809.549331665
1,"map(tofrom: a)",4194304,64,304,1,1,28,0,1520.204544067
1,"map(tofrom: a)",4194304,64,304,1,1,114,0,1614.248752594
1,"map(tofrom: a)",4194304,64,304,1,1,2,0,1490.092277527
1,"map(tofrom: a)",4194304,64,304,1,1,7,0,1498.103141785
1,"map(tofrom: a)",4194304,64,304,1,1,183,0,1689.100265503
1,"map(tofrom: a)",4194304,64,304,1,1,8096,0,10253.107547760
1,"map(tofrom: a)",4194304,64,304,1,1,11,0,1500.904560089
1,"map(tofrom: a)",4194304,64,304,1,1,1,0,1490.604877472
1,"map(tofrom: a)",4194304,64,304,1,1,1218,0,2809.548377991
1,"map(tofrom: a)",4194304,64,304,1,1,472,0,2000.558376312
1,"map(tofrom: a)",4194304,64,304,1,1,71,0,1567.304134369
1,"map(tofrom: a)",4194304,64,304,1,1,5042,0,6988.406181335
1,"map(tofrom: a)",4194304,64,304,1,1,4,0,1494.300365448
1,"map(tofrom: a)",4194304,64,304,1,2,2,0,1490.950584412
1,"map(tofrom: a)",4194304,64,304,1,2,71,0,1567.757129669
1,"map(tofrom: a)",4194304,64,304,1,2,17,0,1509.451866150
1,"map(tofrom: a)",4194304,64,304,1,2,472,0,2002.441883087
1,"map(tofrom: a)",4194304,64,304,1,2,5042,0,6947.851181030
1,"map(tofrom: a)",4194304,64,304,1,2,28,0,1520.192623138
1,"map(tofrom: a)",4194304,64,304,1,2,44,0,1599.502563477
1,"map(tofrom: a)",4194304,64,304,1,2,1218,0,2812.850475311
1,"map(tofrom: a)",4194304,64,304,1,2,4,0,1495.003700256
1,"map(tofrom: a)",4194304,64,304,1,2,1955,0,3623.497486115
1,"map(tofrom: a)",4194304,64,304,1,2,183,0,1745.295524597
1,"map(tofrom: a)",4194304,64,304,1,2,7,0,1496.756076813
1,"map(tofrom: a)",4194304,64,304,1,2,758,0,2308.750152588
1,"map(tofrom: a)",4194304,64,304,1,2,1,0,1489.853858948
1,"map(tofrom: a)",4194304,64,304,1,2,3140,0,4919.540882111
1,"map(tofrom: a)",4194304,64,304,1,2,8096,0,10286.808013916
1,"map(tofrom: a)",4194304,64,304,1,2,3,0,1493.000984192
1,"map(tofrom: a)",4194304,64,304,1,2,114,0,1614.201068878
1,"map(tofrom: a)",4194304,64,304,1,2,11,0,1499.807834625
1,"map(tofrom: a)",4194304,64,304,1,2,294,0,1809.549331665
1,"map(tofrom: a)",4194304,64,304,1,3,1,0,1490.652561188
1,"map(tofrom: a)",4194304,64,304,1,3,17,0,1508.903503418
1,"map(tofrom: a)",4194304,64,304,1,3,294,0,1810.002326965
1,"map(tofrom: a)",4194304,64,304,1,3,5042,0,6979.393959045
1,"map(tofrom: a)",4194304,64,304,1,3,114,0,1716.697216034
1,"map(tofrom: a)",4194304,64,304,1,3,28,0,1521.050930023
1,"map(tofrom: a)",4194304,64,304,1,3,1218,0,2812.349796295
1,"map(tofrom: a)",4194304,64,304,1,3,2,0,1490.700244904
1,"map(tofrom: a)",4194304,64,304,1,3,3,0,1491.856575012
1,"map(tofrom: a)",4194304,64,304,1,3,4,0,1495.552062988
1,"map(tofrom: a)",4194304,64,304,1,3,758,0,2315.843105316
1,"map(tofrom: a)",4194304,64,304,1,3,11,0,1501.297950745
1,"map(tofrom: a)",4194304,64,304,1,3,44,0,1539.254188538
1,"map(tofrom: a)",4194304,64,304,1,3,472,0,2000.045776367
1,"map(tofrom: a)",4194304,64,304,1,3,7,0,1496.708393097
1,"map(tofrom: a)",4194304,64,304,1,3,1955,0,3621.208667755
1,"map(tofrom: a)",4194304,64,304,1,3,71,0,1568.245887756
1,"map(tofrom: a)",4194304,64,304,1,3,183,0,1688.802242279
1,"map(tofrom: a)",4194304,64,304,1,3,8096,0,10290.658473969
1,"map(tofrom: a)",4194304,64,304,1,3,3140,0,4913.890361786
1,"map(tofrom: a)",4194304,64,304,1,4,472,0,2002.561092377
1,"map(tofrom: a)",4194304,64,304,1,4,71,0,1567.792892456
1,"map(tofrom: a)",4194304,64,304,1,4,1,0,1490.390300751
1,"map(tofrom: a)",4194304,64,304,1,4,11,0,1500.046253204
1,"map(tofrom: a)",4194304,64,304,1,4,4,0,1495.552062988
1,"map(tofrom: a)",4194304,64,304,1,4,3140,0,4938.650131226
1,"map(tofrom: a)",4194304,64,304,1,4,28,0,1522.445678711
1,"map(tofrom: a)",4194304,64,304,1,4,1218,0,2811.455726624
1,"map(tofrom: a)",4194304,64,304,1,4,2,0,1491.606235504
1,"map(tofrom: a)",4194304,64,304,1,4,183,0,1688.802242279
1,"map(tofrom: a)",4194304,64,304,1,4,5042,0,6984.543800354
1,"map(tofrom: a)",4194304,64,304,1,4,114,0,1613.903045654
1,"map(tofrom: a)",4194304,64,304,1,4,3,0,1492.047309875
1,"map(tofrom: a)",4194304,64,304,1,4,44,0,1538.753509521
1,"map(tofrom: a)",4194304,64,304,1,4,758,0,2314.901351929
1,"map(tofrom: a)",4194304,64,304,1,4,8096,0,10289.096832275
1,"map(tofrom: a)",4194304,64,304,1,4,1955,0,3611.743450165
1,"map(tofrom: a)",4194304,64,304,1,4,294,0,1808.547973633
1,"map(tofrom: a)",4194304,64,304,1,4,7,0,1496.708393097
1,"map(tofrom: a)",4194304,64,304,1,4,17,0,1509.046554565
1,"map(tofrom: a)",16777216,64,304,0,0,7,0,6242.799758911
1,"map(tofrom: a)",16777216,64,304,0,0,114,0,5517.101287842
1,"map(tofrom: a)",16777216,64,304,0,0,3,0,5392.849445343
1,"map(tofrom: a)",16777216,64,304,0,0,17,0,5410.301685333
1,"map(tofrom: a)",16777216,64,304,0,0,1,0,5391.049385071
1,"map(tofrom: a)",16777216,64,304,0,0,44,0,5438.899993896
1,"map(tofrom: a)",16777216,64,304,0,0,294,0,5711.543560028
1,"map(tofrom: a)",16777216,64,304,0,0,3140,0,8821.547031403
1,"map(tofrom: a)",16777216,64,304,0,0,4,0,5394.649505615
1,"map(tofrom: a)",16777216,64,304,0,0,1955,0,7525.706291199
1,"map(tofrom: a)",16777216,64,304,0,0,183,0,5592.095851898
1,"map(tofrom: a)",16777216,64,304,0,0,8096,0,14244.353771210
1,"map(tofrom: a)",16777216,64,304,0,0,758,0,6210.649013519
1,"map(tofrom: a)",16777216,64,304,0,0,71,0,5468.249320984
1,"map(tofrom: a)",16777216,64,304,0,0,2,0,5389.642715454
1,"map(tofrom: a)",16777216,64,304,0,0,11,0,5400.598049164
1,"map(tofrom: a)",16777216,64,304,0,0,28,0,5420.196056366
1,"map(tofrom: a)",16777216,64,304,0,0,5042,0,10880.148410797
1,"map(tofrom: a)",16777216,64,304,0,0,1218,0,6719.255447388
1,"map(tofrom: a)",16777216,64,304,0,0,472,0,5905.508995056
1,"map(tofrom: a)",16777216,64,304,0,1,4,0,5394.649505615
1,"map(tofrom: a)",16777216,64,304,0,1,1,0,5391.550064087
1,"map(tofrom: a)",16777216,64,304,0,1,17,0,5452.346801758
1,"map(tofrom: a)",16777216,64,304,0,1,28,0,5421.197414398
1,"map(tofrom: a)",16777216,64,304,0,1,11,0,5447.995662689
1,"map(tofrom: a)",16777216,64,304,0,1,3140,0,8812.797069550
1,"map(tofrom: a)",16777216,64,304,0,1,2,0,5392.205715179
1,"map(tofrom: a)",16777216,64,304,0,1,758,0,6214.749813080
1,"map(tofrom: a)",16777216,64,304,0,1,1218,0,6709.957122803
1,"map(tofrom: a)",16777216,64,304,0,1,44,0,5438.053607941
1,"map(tofrom: a)",16777216,64,304,0,1,71,0,5468.499660492
1,"map(tofrom: a)",16777216,64,304,0,1,114,0,5514.752864838
1,"map(tofrom: a)",16777216,64,304,0,1,294,0,5710.399150848
1,"map(tofrom: a)",16777216,64,304,0,1,7,0,5397.391319275
1,"map(tofrom: a)",16777216,64,304,0,1,183,0,5589.950084686
1,"map(tofrom: a)",16777216,64,304,0,1,8096,0,14222.502708435
1,"map(tofrom: a)",16777216,64,304,0,1,472,0,5965.352058411
1,"map(tofrom: a)",16777216,64,304,0,1,1955,0,7527.303695679
1,"map(tofrom: a)",16777216,64,304,0,1,3,0,5391.502380371
1,"map(tofrom: a)",16777216,64,304,0,1,5042,0,10885.989665985
1,"map(tofrom: a)",16777216,64,304,0,2,3,0,5392.205715179
1,"map(tofrom: a)",16777216,64,304,0,2,44,0,5439.245700836
1,"map(tofrom: a)",16777216,64,304,0,2,1,0,5391.597747803
1,"map(tofrom: a)",16777216,64,304,0,2,183,0,5588.006973267
1,"map(tofrom: a)",16777216,64,304,0,2,294,0,5710.053443909
1,"map(tofrom: a)",16777216,64,304,0,2,5042,0,10879.600048065
1,"map(tofrom: a)",16777216,64,304,0,2,7,0,5442.297458649
1,"map(tofrom: a)",16777216,64,304,0,2,8096,0,14209.651947021
1,"map(tofrom: a)",16777216,64,304,0,2,2,0,5462.050437927
1,"map(tofrom: a)",16777216,64,304,0,2,114,0,5514.955520630
1,"map(tofrom: a)",16777216,64,304,0,2,71,0,5467.700958252
1,"map(tofrom: a)",16777216,64,304,0,2,1955,0,7530.701160431
1,"map(tofrom: a)",16777216,64,304,0,2,17,0,5409.348011017
1,"map(tofrom: a)",16777216,64,304,0,2,472,0,5903.649330139
1,"map(tofrom: a)",16777216,64,304,0,2,11,0,5401.599407196
1,"map(tofrom: a)",16777216,64,304,0,2,1218,0,6713.652610779
1,"map(tofrom: a)",16777216,64,304,0,2,4,0,5394.244194031
1,"map(tofrom: a)",16777216,64,304,0,2,3140,0,8812.308311462
1,"map(tofrom: a)",16777216,64,304,0,2,758,0,6216.454505920
1,"map(tofrom: a)",16777216,64,304,0,2,28,0,5420.005321503
1,"map(tofrom: a)",16777216,64,304,0,3,11,0,5400.753021240
1,"map(tofrom: a)",16777216,64,304,0,3,4,0,5420.303344727
1,"map(tofrom: a)",16777216,64,304,0,3,5042,0,10929.811000824
1,"map(tofrom: a)",16777216,64,304,0,3,183,0,5650.007724762
1,"map(tofrom: a)",16777216,64,304,0,3,17,0,5409.705638885
1,"map(tofrom: a)",16777216,64,304,0,3,3,0,5391.895771027
1,"map(tofrom: a)",16777216,64,304,0,3,28,0,5420.601367950
1,"map(tofrom: a)",16777216,64,304,0,3,1218,0,6718.492507935
1,"map(tofrom: a)",16777216,64,304,0,3,114,0,5513.298511505
1,"map(tofrom: a)",16777216,64,304,0,3,758,0,6214.499473572
1,"map(tofrom: a)",16777216,64,304,0,3,1955,0,7533.609867096
1,"map(tofrom: a)",16777216,64,304,0,3,472,0,5905.199050903
1,"map(tofrom: a)",16777216,64,304,0,3,7,0,5397.355556488
1,"map(tofrom: a)",16777216,64,304,0,3,44,0,5438.947677612
1,"map(tofrom: a)",16777216,64,304,0,3,3140,0,8860.397338867
1,"map(tofrom: a)",16777216,64,304,0,3,8096,0,14204.752445221
1,"map(tofrom: a)",16777216,64,304,0,3,71,0,5469.048023224
1,"map(tofrom: a)",16777216,64,304,0,3,1,0,5391.347408295
1,"map(tofrom: a)",16777216,64,304,0,3,2,0,5389.750003815
1,"map(tofrom: a)",16777216,64,304,0,3,294,0,5710.899829865
1,"map(tofrom: a)",16777216,64,304,0,4,3,0,5391.299724579
1,"map(tofrom: a)",16777216,64,304,0,4,8096,0,14186.394214630
1,"map(tofrom: a)",16777216,64,304,0,4,1,0,5391.144752502
1,"map(tofrom: a)",16777216,64,304,0,4,28,0,5420.958995819
1,"map(tofrom: a)",16777216,64,304,0,4,17,0,5408.847332001
1,"map(tofrom: a)",16777216,64,304,0,4,5042,0,10882.747173309
1,"map(tofrom: a)",16777216,64,304,0,4,7,0,5476.343631744
1,"map(tofrom: a)",16777216,64,304,0,4,114,0,5515.146255493
1,"map(tofrom: a)",16777216,64,304,0,4,44,0,5439.448356628
1,"map(tofrom: a)",16777216,64,304,0,4,2,0,5391.395092010
1,"map(tofrom: a)",16777216,64,304,0,4,294,0,5711.448192596
1,"map(tofrom: a)",16777216,64,304,0,4,758,0,6217.396259308
1,"map(tofrom: a)",16777216,64,304,0,4,183,0,5588.340759277
1,"map(tofrom: a)",16777216,64,304,0,4,4,0,5394.101142883
1,"map(tofrom: a)",16777216,64,304,0,4,1218,0,6716.001033783
1,"map(tofrom: a)",16777216,64,304,0,4,71,0,5467.951297760
1,"map(tofrom: a)",16777216,64,304,0,4,1955,0,7522.749900818
1,"map(tofrom: a)",16777216,64,304,0,4,11,0,5451.750755310
1,"map(tofrom: a)",16777216,64,304,0,4,472,0,5939.602851868
1,"map(tofrom: a)",16777216,64,304,0,4,3140,0,8829.545974731
1,"map(tofrom: a)",16777216,64,304,1,0,2,0,5389.654636383
1,"map(tofrom: a)",16777216,64,304,1,0,4,0,5395.150184631
1,"map(tofrom: a)",16777216,64,304,1,0,472,0,5905.199050903
1,"map(tofrom: a)",16777216,64,304,1,0,3140,0,8823.299407959
1,"map(tofrom: a)",16777216,64,304,1,0,183,0,5589.103698730
1,"map(tofrom: a)",16777216,64,304,1,0,28,0,5420.494079590
1,"map(tofrom: a)",16777216,64,304,1,0,71,0,5468.249320984
1,"map(tofrom: a)",16777216,64,304,1,0,1218,0,6714.749336243
1,"map(tofrom: a)",16777216,64,304,1,0,294,0,5709.600448608
1,"map(tofrom: a)",16777216,64,304,1,0,1,0,5390.644073486
1,"map(tofrom: a)",16777216,64,304,1,0,7,0,5473.005771637
1,"map(tofrom: a)",16777216,64,304,1,0,1955,0,7526.242733002
1,"map(tofrom: a)",16777216,64,304,1,0,758,0,6211.543083191
1,"map(tofrom: a)",16777216,64,304,1,0,114,0,5562.245845795
1,"map(tofrom: a)",16777216,64,304,1,0,11,0,5401.253700256
1,"map(tofrom: a)",16777216,64,304,1,0,3,0,5392.849445343
1,"map(tofrom: a)",16777216,64,304,1,0,8096,0,14185.452461243
1,"map(tofrom: a)",16777216,64,304,1,0,44,0,5438.649654388
1,"map(tofrom: a)",16777216,64,304,1,0,17,0,5409.157276154
1,"map(tofrom: a)",16777216,64,304,1,0,5042,0,10888.099670410
1,"map(tofrom: a)",16777216,64,304,1,1,758,0,6210.255622864
1,"map(tofrom: a)",16777216,64,304,1,1,3,0,5391.144752502
1,"map(tofrom: a)",16777216,64,304,1,1,3140,0,8825.492858887
1,"map(tofrom: a)",16777216,64,304,1,1,1955,0,7576.251029968
1,"map(tofrom: a)",16777216,64,304,1,1,44,0,5438.351631165
1,"map(tofrom: a)",16777216,64,304,1,1,17,0,5410.552024841
1,"map(tofrom: a)",16777216,64,304,1,1,294,0,5787.599086761
1,"map(tofrom: a)",16777216,64,304,1,1,28,0,5420.696735382
1,"map(tofrom: a)",16777216,64,304,1,1,114,0,5513.596534729
1,"map(tofrom: a)",16777216,64,304,1,1,2,0,5391.299724579
1,"map(tofrom: a)",16777216,64,304,1,1,7,0,5396.854877472
1,"map(tofrom: a)",16777216,64,304,1,1,183,0,5588.948726654
1,"map(tofrom: a)",16777216,64,304,1,1,8096,0,14178.895950317
1,"map(tofrom: a)",16777216,64,304,1,1,11,0,5401.849746704
1,"map(tofrom: a)",16777216,64,304,1,1,1,0,5390.703678131
1,"map(tofrom: a)",16777216,64,304,1,1,1218,0,6711.494922638
1,"map(tofrom: a)",16777216,64,304,1,1,472,0,5902.099609375
1,"map(tofrom: a)",16777216,64,304,1,1,71,0,5470.001697540
1,"map(tofrom: a)",16777216,64,304,1,1,5042,0,10960.400104523
1,"map(tofrom: a)",16777216,64,304,1,1,4,0,5394.947528839
1,"map(tofrom: a)",16777216,64,304,1,2,2,0,5390.059947968
1,"map(tofrom: a)",16777216,64,304,1,2,71,0,5469.346046448
1,"map(tofrom: a)",16777216,64,304,1,2,17,0,5408.954620361
1,"map(tofrom: a)",16777216,64,304,1,2,472,0,5905.306339264
1,"map(tofrom: a)",16777216,64,304,1,2,5042,0,10862.195491791
1,"map(tofrom: a)",16777216,64,304,1,2,28,0,5419.445037842
1,"map(tofrom: a)",16777216,64,304,1,2,44,0,5438.649654388
1,"map(tofrom: a)",16777216,64,304,1,2,1218,0,6712.996959686
1,"map(tofrom: a)",16777216,64,304,1,2,4,0,5393.457412720
1,"map(tofrom: a)",16777216,64,304,1,2,1955,0,7592.344284058
1,"map(tofrom: a)",16777216,64,304,1,2,183,0,5591.154098511
1,"map(tofrom: a)",16777216,64,304,1,2,7,0,5464.649200439
1,"map(tofrom: a)",16777216,64,304,1,2,758,0,6211.447715759
1,"map(tofrom: a)",16777216,64,304,1,2,1,0,5390.846729279
1,"map(tofrom: a)",16777216,64,304,1,2,3140,0,8829.939365387
1,"map(tofrom: a)",16777216,64,304,1,2,8096,0,14214.491844177
1,"map(tofrom: a)",16777216,64,304,1,2,3,0,5392.098426819
1,"map(tofrom: a)",16777216,64,304,1,2,114,0,5515.742301941
1,"map(tofrom: a)",16777216,64,304,1,2,11,0,5400.848388672
1,"map(tofrom: a)",16777216,64,304,1,2,294,0,5710.494518280
1,"map(tofrom: a)",16777216,64,304,1,3,1,0,5441.749095917
1,"map(tofrom: a)",16777216,64,304,1,3,17,0,5408.895015717
1,"map(tofrom: a)",16777216,64,304,1,3,294,0,5748.748779297
1,"map(tofrom: a)",16777216,64,304,1,3,5042,0,10900.449752808
1,"map(tofrom: a)",16777216,64,304,1,3,114,0,5515.050888062
1,"map(tofrom: a)",16777216,64,304,1,3,28,0,5420.899391174
1,"map(tofrom: a)",16777216,64,304,1,3,1218,0,6715.404987335
1,"map(tofrom: a)",16777216,64,304,1,3,2,0,5390.644073486
1,"map(tofrom: a)",16777216,64,304,1,3,3,0,5391.144752502
1,"map(tofrom: a)",16777216,64,304,1,3,4,0,5394.196510315
1,"map(tofrom: a)",16777216,64,304,1,3,758,0,6216.657161713
1,"map(tofrom: a)",16777216,64,304,1,3,11,0,5402.541160583
1,"map(tofrom: a)",16777216,64,304,1,3,44,0,5438.446998596
1,"map(tofrom: a)",16777216,64,304,1,3,472,0,5903.196334839
1,"map(tofrom: a)",16777216,64,304,1,3,7,0,5473.256111145
1,"map(tofrom: a)",16777216,64,304,1,3,1955,0,7528.793811798
1,"map(tofrom: a)",16777216,64,304,1,3,71,0,5467.796325684
1,"map(tofrom: a)",16777216,64,304,1,3,183,0,5590.593814850
1,"map(tofrom: a)",16777216,64,304,1,3,8096,0,14218.449592590
1,"map(tofrom: a)",16777216,64,304,1,3,3140,0,8825.159072876
1,"map(tofrom: a)",16777216,64,304,1,4,472,0,5901.348590851
1,"map(tofrom: a)",16777216,64,304,1,4,71,0,5467.951297760
1,"map(tofrom: a)",16777216,64,304,1,4,1,0,5391.204357147
1,"map(tofrom: a)",16777216,64,304,1,4,11,0,5400.943756104
1,"map(tofrom: a)",16777216,64,304,1,4,4,0,5394.697189331
1,"map(tofrom: a)",16777216,64,304,1,4,3140,0,8813.297748566
1,"map(tofrom: a)",16777216,64,304,1,4,28,0,5422.091484070
1,"map(tofrom: a)",16777216,64,304,1,4,1218,0,6713.247299194
1,"map(tofrom: a)",16777216,64,304,1,4,2,0,5391.752719879
1,"map(tofrom: a)",16777216,64,304,1,4,183,0,5632.102489471
1,"map(tofrom: a)",16777216,64,304,1,4,5042,0,10901.451110840
1,"map(tofrom: a)",16777216,64,304,1,4,114,0,5516.755580902
1,"map(tofrom: a)",16777216,64,304,1,4,3,0,5446.255207062
1,"map(tofrom: a)",16777216,64,304,1,4,44,0,5438.351631165
1,"map(tofrom: a)",16777216,64,304,1,4,758,0,6214.940547943
1,"map(tofrom: a)",16777216,64,304,1,4,8096,0,14216.601848602
1,"map(tofrom: a)",16777216,64,304,1,4,1955,0,7520.639896393
1,"map(tofrom: a)",16777216,64,304,1,4,294,0,5709.850788116
1,"map(tofrom: a)",16777216,64,304,1,4,7,0,5397.343635559
1,"map(tofrom: a)",16777216,64,304,1,4,17,0,5408.895015717
2,"map(to: a)",1,64,304,0,0,7,0,215.590000153
2,"map(to: a)",1,64,304,0,0,114,0,335.359573364
2,"map(to: a)",1,64,304,0,0,3,0,209.701061249
2,"map(to: a)",1,64,304,0,0,17,0,226.545333862
2,"map(to: a)",1,64,304,0,0,1,0,208.103656769
2,"map(to: a)",1,64,304,0,0,44,0,255.894660950
2,"map(to: a)",1,64,304,0,0,294,0,531.852245331
2,"map(to: a)",1,64,304,0,0,3140,0,3632.402420044
2,"map(to: a)",1,64,304,0,0,4,0,211.644172668
2,"map(to: a)",1,64,304,0,0,1955,0,2336.645126343
2,"map(to: a)",1,64,304,0,0,183,0,410.640239716
2,"map(to: a)",1,64,304,0,0,8096,0,9007.191658020
2,"map(to: a)",1,64,304,0,0,758,0,1029.753684998
2,"map(to: a)",1,64,304,0,0,71,0,288.999080658
2,"map(to: a)",1,64,304,0,0,2,0,208.103656769
2,"map(to: a)",1,64,304,0,0,11,0,218.701362610
2,"map(to: a)",1,64,304,0,0,28,0,237.452983856
2,"map(to: a)",1,64,304,0,0,5042,0,5672.502517700
2,"map(to: a)",1,64,304,0,0,1218,0,1534.044742584
2,"map(to: a)",1,64,304,0,0,472,0,723.946094513
2,"map(to: a)",1,64,304,0,1,4,0,212.001800537
2,"map(to: a)",1,64,304,0,1,1,0,208.401679993
2,"map(to: a)",1,64,304,0,1,17,0,226.902961731
2,"map(to: a)",1,64,304,0,1,28,0,237.703323364
2,"map(to: a)",1,64,304,0,1,11,0,218.808650970
2,"map(to: a)",1,64,304,0,1,3140,0,3621.006011963
2,"map(to: a)",1,64,304,0,1,2,0,208.353996277
2,"map(to: a)",1,64,304,0,1,758,0,1034.748554230
2,"map(to: a)",1,64,304,0,1,1218,0,1524.746417999
2,"map(to: a)",1,64,304,0,1,44,0,256.252288818
2,"map(to: a)",1,64,304,0,1,71,0,289.142131805
2,"map(to: a)",1,64,304,0,1,114,0,335.645675659
2,"map(to: a)",1,64,304,0,1,294,0,529.551506042
2,"map(to: a)",1,64,304,0,1,7,0,214.147567749
2,"map(to: a)",1,64,304,0,1,183,0,410.950183868
2,"map(to: a)",1,64,304,0,1,8096,0,8994.650840759
2,"map(to: a)",1,64,304,0,1,472,0,722.146034241
2,"map(to: a)",1,64,304,0,1,1955,0,2335.500717163
2,"map(to: a)",1,64,304,0,1,3,0,209.653377533
2,"map(to: a)",1,64,304,0,1,5042,0,5686.199665070
2,"map(to: a)",1,64,304,0,2,3,0,209.546089172
2,"map(to: a)",1,64,304,0,2,44,0,255.894660950
2,"map(to: a)",1,64,304,0,2,1,0,208.139419556
2,"map(to: a)",1,64,304,0,2,183,0,410.652160645
2,"map(to: a)",1,64,304,0,2,294,0,529.301166534
2,"map(to: a)",1,64,304,0,2,5042,0,5683.851242065
2,"map(to: a)",1,64,304,0,2,7,0,214.195251465
2,"map(to: a)",1,64,304,0,2,8096,0,9003.949165344
2,"map(to: a)",1,64,304,0,2,2,0,207.960605621
2,"map(to: a)",1,64,304,0,2,114,0,335.454940796
2,"map(to: a)",1,64,304,0,2,71,0,289.356708527
2,"map(to: a)",1,64,304,0,2,1955,0,2343.344688416
2,"map(to: a)",1,64,304,0,2,17,0,226.652622223
2,"map(to: a)",1,64,304,0,2,472,0,722.551345825
2,"map(to: a)",1,64,304,0,2,11,0,227.499008179
2,"map(to: a)",1,64,304,0,2,1218,0,1533.102989197
2,"map(to: a)",1,64,304,0,2,4,0,211.346149445
2,"map(to: a)",1,64,304,0,2,3140,0,3619.253635406
2,"map(to: a)",1,64,304,0,2,758,0,1035.702228546
2,"map(to: a)",1,64,304,0,2,28,0,237.548351288
2,"map(to: a)",1,64,304,0,3,11,0,218.904018402
2,"map(to: a)",1,64,304,0,3,4,0,211.906433105
2,"map(to: a)",1,64,304,0,3,5042,0,5691.397190094
2,"map(to: a)",1,64,304,0,3,183,0,410.544872284
2,"map(to: a)",1,64,304,0,3,17,0,226.795673370
2,"map(to: a)",1,64,304,0,3,3,0,209.701061249
2,"map(to: a)",1,64,304,0,3,28,0,237.691402435
2,"map(to: a)",1,64,304,0,3,1218,0,1532.602310181
2,"map(to: a)",1,64,304,0,3,114,0,335.705280304
2,"map(to: a)",1,64,304,0,3,758,0,1033.854484558
2,"map(to: a)",1,64,304,0,3,1955,0,2344.048023224
2,"map(to: a)",1,64,304,0,3,472,0,730.204582214
2,"map(to: a)",1,64,304,0,3,7,0,216.853618622
2,"map(to: a)",1,64,304,0,3,44,0,257.050991058
2,"map(to: a)",1,64,304,0,3,3140,0,3637.051582336
2,"map(to: a)",1,64,304,0,3,8096,0,8997.797966003
2,"map(to: a)",1,64,304,0,3,71,0,288.593769073
2,"map(to: a)",1,64,304,0,3,1,0,208.139419556
2,"map(to: a)",1,64,304,0,3,2,0,208.258628845
2,"map(to: a)",1,64,304,0,3,294,0,530.958175659
2,"map(to: a)",1,64,304,0,4,3,0,209.450721741
2,"map(to: a)",1,64,304,0,4,8096,0,8985.257148743
2,"map(to: a)",1,64,304,0,4,1,0,208.139419556
2,"map(to: a)",1,64,304,0,4,28,0,237.655639648
2,"map(to: a)",1,64,304,0,4,17,0,226.640701294
2,"map(to: a)",1,64,304,0,4,5042,0,5685.496330261
2,"map(to: a)",1,64,304,0,4,7,0,214.195251465
2,"map(to: a)",1,64,304,0,4,114,0,336.003303528
2,"map(to: a)",1,64,304,0,4,44,0,255.954265594
2,"map(to: a)",1,64,304,0,4,2,0,207.948684692
2,"map(to: a)",1,64,304,0,4,294,0,531.959533691
2,"map(to: a)",1,64,304,0,4,758,0,1033.854484558
2,"map(to: a)",1,64,304,0,4,183,0,409.746170044
2,"map(to: a)",1,64,304,0,4,4,0,211.644172668
2,"map(to: a)",1,64,304,0,4,1218,0,1533.794403076
2,"map(to: a)",1,64,304,0,4,71,0,288.546085358
2,"map(to: a)",1,64,304,0,4,1955,0,2331.745624542
2,"map(to: a)",1,64,304,0,4,11,0,218.999385834
2,"map(to: a)",1,64,304,0,4,472,0,724.196434021
2,"map(to: a)",1,64,304,0,4,3140,0,3633.201122284
2,"map(to: a)",1,64,304,1,0,2,0,208.449363708
2,"map(to: a)",1,64,304,1,0,4,0,211.739540100
2,"map(to: a)",1,64,304,1,0,472,0,724.697113037
2,"map(to: a)",1,64,304,1,0,3140,0,3634.846210480
2,"map(to: a)",1,64,304,1,0,183,0,409.555435181
2,"map(to: a)",1,64,304,1,0,28,0,237.798690796
2,"map(to: a)",1,64,304,1,0,71,0,289.106369019
2,"map(to: a)",1,64,304,1,0,1218,0,1530.504226685
2,"map(to: a)",1,64,304,1,0,294,0,529.491901398
2,"map(to: a)",1,64,304,1,0,1,0,208.151340485
2,"map(to: a)",1,64,304,1,0,7,0,214.147567749
2,"map(to: a)",1,64,304,1,0,1955,0,2339.804172516
2,"map(to: a)",1,64,304,1,0,758,0,1031.196117401
2,"map(to: a)",1,64,304,1,0,114,0,335.299968719
2,"map(to: a)",1,64,304,1,0,11,0,218.951702118
2,"map(to: a)",1,64,304,1,0,3,0,209.450721741
2,"map(to: a)",1,64,304,1,0,8096,0,8949.840068817
2,"map(to: a)",1,64,304,1,0,44,0,256.395339966
2,"map(to: a)",1,64,304,1,0,17,0,226.902961731
2,"map(to: a)",1,64,304,1,0,5042,0,5693.495273590
2,"map(to: a)",1,64,304,1,1,758,0,1029.503345490
2,"map(to: a)",1,64,304,1,1,3,0,209.605693817
2,"map(to: a)",1,64,304,1,1,3140,0,3632.247447968
2,"map(to: a)",1,64,304,1,1,1955,0,2344.048023224
2,"map(to: a)",1,64,304,1,1,44,0,270.807743073
2,"map(to: a)",1,64,304,1,1,17,0,234.353542328
2,"map(to: a)",1,64,304,1,1,294,0,534.498691559
2,"map(to: a)",1,64,304,1,1,28,0,237.941741943
2,"map(to: a)",1,64,304,1,1,114,0,334.942340851
2,"map(to: a)",1,64,304,1,1,2,0,207.996368408
2,"map(to: a)",1,64,304,1,1,7,0,214.099884033
2,"map(to: a)",1,64,304,1,1,183,0,410.199165344
2,"map(to: a)",1,64,304,1,1,8096,0,8968.853950500
2,"map(to: a)",1,64,304,1,1,11,0,219.249725342
2,"map(to: a)",1,64,304,1,1,1,0,208.353996277
2,"map(to: a)",1,64,304,1,1,1218,0,1532.042026520
2,"map(to: a)",1,64,304,1,1,472,0,721.251964569
2,"map(to: a)",1,64,304,1,1,71,0,289.106369019
2,"map(to: a)",1,64,304,1,1,5042,0,5690.801143646
2,"map(to: a)",1,64,304,1,1,4,0,211.703777313
2,"map(to: a)",1,64,304,1,2,2,0,207.948684692
2,"map(to: a)",1,64,304,1,2,71,0,289.142131805
2,"map(to: a)",1,64,304,1,2,17,0,226.700305939
2,"map(to: a)",1,64,304,1,2,472,0,723.493099213
2,"map(to: a)",1,64,304,1,2,5042,0,5663.049221039
2,"map(to: a)",1,64,304,1,2,28,0,237.345695496
2,"map(to: a)",1,64,304,1,2,44,0,256.204605103
2,"map(to: a)",1,64,304,1,2,1218,0,1530.504226685
2,"map(to: a)",1,64,304,1,2,4,0,211.596488953
2,"map(to: a)",1,64,304,1,2,1955,0,2336.192131042
2,"map(to: a)",1,64,304,1,2,183,0,410.699844360
2,"map(to: a)",1,64,304,1,2,7,0,214.409828186
2,"map(to: a)",1,64,304,1,2,758,0,1028.597354889
2,"map(to: a)",1,64,304,1,2,1,0,207.853317261
2,"map(to: a)",1,64,304,1,2,3140,0,3626.298904419
2,"map(to: a)",1,64,304,1,2,8096,0,9005.951881409
2,"map(to: a)",1,64,304,1,2,3,0,209.856033325
2,"map(to: a)",1,64,304,1,2,114,0,335.597991943
2,"map(to: a)",1,64,304,1,2,11,0,218.808650970
2,"map(to: a)",1,64,304,1,2,294,0,531.244277954
2,"map(to: a)",1,64,304,1,3,1,0,208.246707916
2,"map(to: a)",1,64,304,1,3,17,0,226.902961731
2,"map(to: a)",1,64,304,1,3,294,0,531.291961670
2,"map(to: a)",1,64,304,1,3,5042,0,5684.590339661
2,"map(to: a)",1,64,304,1,3,114,0,335.299968719
2,"map(to: a)",1,64,304,1,3,28,0,237.607955933
2,"map(to: a)",1,64,304,1,3,1218,0,1534.354686737
2,"map(to: a)",1,64,304,1,3,2,0,208.199024200
2,"map(to: a)",1,64,304,1,3,3,0,209.498405457
2,"map(to: a)",1,64,304,1,3,4,0,212.001800537
2,"map(to: a)",1,64,304,1,3,758,0,1034.140586853
2,"map(to: a)",1,64,304,1,3,11,0,219.297409058
2,"map(to: a)",1,64,304,1,3,44,0,255.954265594
2,"map(to: a)",1,64,304,1,3,472,0,723.898410797
2,"map(to: a)",1,64,304,1,3,7,0,214.850902557
2,"map(to: a)",1,64,304,1,3,1955,0,2342.295646667
2,"map(to: a)",1,64,304,1,3,71,0,288.093090057
2,"map(to: a)",1,64,304,1,3,183,0,418.698787689
2,"map(to: a)",1,64,304,1,3,8096,0,9008.502960205
2,"map(to: a)",1,64,304,1,3,3140,0,3628.444671631
2,"map(to: a)",1,64,304,1,4,472,0,722.098350525
2,"map(to: a)",1,64,304,1,4,71,0,288.999080658
2,"map(to: a)",1,64,304,1,4,1,0,208.652019501
2,"map(to: a)",1,64,304,1,4,11,0,219.345092773
2,"map(to: a)",1,64,304,1,4,4,0,211.644172668
2,"map(to: a)",1,64,304,1,4,3140,0,3619.551658630
2,"map(to: a)",1,64,304,1,4,28,0,237.798690796
2,"map(to: a)",1,64,304,1,4,1218,0,1531.994342804
2,"map(to: a)",1,64,304,1,4,2,0,208.246707916
2,"map(to: a)",1,64,304,1,4,183,0,410.199165344
2,"map(to: a)",1,64,304,1,4,5042,0,5693.602561951
2,"map(to: a)",1,64,304,1,4,114,0,335.752964020
2,"map(to: a)",1,64,304,1,4,3,0,209.510326385
2,"map(to: a)",1,64,304,1,4,44,0,255.942344666
2,"map(to: a)",1,64,304,1,4,758,0,1034.390926361
2,"map(to: a)",1,64,304,1,4,8096,0,9011.709690094
2,"map(to: a)",1,64,304,1,4,1955,0,2330.398559570
2,"map(to: a)",1,64,304,1,4,294,0,530.350208282
2,"map(to: a)",1,64,304,1,4,7,0,214.552879333
2,"map(to: a)",1,64,304,1,4,17,0,227.153301239
2,"map(to: a)",4,64,304,0,0,7,0,216.305255890
2,"map(to: a)",4,64,304,0,0,114,0,335.645675659
2,"map(to: a)",4,64,304,0,0,3,0,209.999084473
2,"map(to: a)",4,64,304,0,0,17,0,226.795673370
2,"map(to: a)",4,64,304,0,0,1,0,208.151340485
2,"map(to: a)",4,64,304,0,0,44,0,256.156921387
2,"map(to: a)",4,64,304,0,0,294,0,531.458854675
2,"map(to: a)",4,64,304,0,0,3140,0,3630.805015564
2,"map(to: a)",4,64,304,0,0,4,0,211.739540100
2,"map(to: a)",4,64,304,0,0,1955,0,2338.349819183
2,"map(to: a)",4,64,304,0,0,183,0,410.997867584
2,"map(to: a)",4,64,304,0,0,8096,0,9021.496772766
2,"map(to: a)",4,64,304,0,0,758,0,1030.957698822
2,"map(to: a)",4,64,304,0,0,71,0,289.404392242
2,"map(to: a)",4,64,304,0,0,2,0,208.199024200
2,"map(to: a)",4,64,304,0,0,11,0,219.595432281
2,"map(to: a)",4,64,304,0,0,28,0,237.607955933
2,"map(to: a)",4,64,304,0,0,5042,0,5676.996707916
2,"map(to: a)",4,64,304,0,0,1218,0,1534.843444824
2,"map(to: a)",4,64,304,0,0,472,0,724.041461945
2,"map(to: a)",4,64,304,0,1,4,0,211.691856384
2,"map(to: a)",4,64,304,0,1,1,0,208.497047424
2,"map(to: a)",4,64,304,0,1,17,0,227.046012878
2,"map(to: a)",4,64,304,0,1,28,0,238.192081451
2,"map(to: a)",4,64,304,0,1,11,0,219.142436981
2,"map(to: a)",4,64,304,0,1,3140,0,3625.595569611
2,"map(to: a)",4,64,304,0,1,2,0,212.156772614
2,"map(to: a)",4,64,304,0,1,758,0,1035.749912262
2,"map(to: a)",4,64,304,0,1,1218,0,1525.294780731
2,"map(to: a)",4,64,304,0,1,44,0,256.454944611
2,"map(to: a)",4,64,304,0,1,71,0,289.249420166
2,"map(to: a)",4,64,304,0,1,114,0,336.492061615
2,"map(to: a)",4,64,304,0,1,294,0,529.801845551
2,"map(to: a)",4,64,304,0,1,7,0,214.147567749
2,"map(to: a)",4,64,304,0,1,183,0,411.355495453
2,"map(to: a)",4,64,304,0,1,8096,0,8996.045589447
2,"map(to: a)",4,64,304,0,1,472,0,722.205638885
2,"map(to: a)",4,64,304,0,1,1955,0,2337.396144867
2,"map(to: a)",4,64,304,0,1,3,0,209.701061249
2,"map(to: a)",4,64,304,0,1,5042,0,5686.593055725
2,"map(to: a)",4,64,304,0,2,3,0,209.558010101
2,"map(to: a)",4,64,304,0,2,44,0,255.751609802
2,"map(to: a)",4,64,304,0,2,1,0,208.246707916
2,"map(to: a)",4,64,304,0,2,183,0,410.759449005
2,"map(to: a)",4,64,304,0,2,294,0,529.706478119
2,"map(to: a)",4,64,304,0,2,5042,0,5687.201023102
2,"map(to: a)",4,64,304,0,2,7,0,214.755535126
2,"map(to: a)",4,64,304,0,2,8096,0,9008.097648621
2,"map(to: a)",4,64,304,0,2,2,0,208.342075348
2,"map(to: a)",4,64,304,0,2,114,0,335.550308228
2,"map(to: a)",4,64,304,0,2,71,0,289.046764374
2,"map(to: a)",4,64,304,0,2,1955,0,2338.743209839
2,"map(to: a)",4,64,304,0,2,17,0,226.604938507
2,"map(to: a)",4,64,304,0,2,472,0,723.648071289
2,"map(to: a)",4,64,304,0,2,11,0,219.058990479
2,"map(to: a)",4,64,304,0,2,1218,0,1531.493663788
2,"map(to: a)",4,64,304,0,2,4,0,211.894512177
2,"map(to: a)",4,64,304,0,2,3140,0,3620.398044586
2,"map(to: a)",4,64,304,0,2,758,0,1034.557819366
2,"map(to: a)",4,64,304,0,2,28,0,237.643718719
2,"map(to: a)",4,64,304,0,3,11,0,219.047069550
2,"map(to: a)",4,64,304,0,3,4,0,211.906433105
2,"map(to: a)",4,64,304,0,3,5042,0,5689.692497253
2,"map(to: a)",4,64,304,0,3,183,0,410.950183868
2,"map(to: a)",4,64,304,0,3,17,0,226.843357086
2,"map(to: a)",4,64,304,0,3,3,0,209.450721741
2,"map(to: a)",4,64,304,0,3,28,0,237.858295441
2,"map(to: a)",4,64,304,0,3,1218,0,1530.396938324
2,"map(to: a)",4,64,304,0,3,114,0,335.347652435
2,"map(to: a)",4,64,304,0,3,758,0,1032.543182373
2,"map(to: a)",4,64,304,0,3,1955,0,2349.150180817
2,"map(to: a)",4,64,304,0,3,472,0,725.996494293
2,"map(to: a)",4,64,304,0,3,7,0,214.648246765
2,"map(to: a)",4,64,304,0,3,44,0,255.846977234
2,"map(to: a)",4,64,304,0,3,3140,0,3634.047508240
2,"map(to: a)",4,64,304,0,3,8096,0,9005.248546600
2,"map(to: a)",4,64,304,0,3,71,0,289.046764374
2,"map(to: a)",4,64,304,0,3,1,0,208.449363708
2,"map(to: a)",4,64,304,0,3,2,0,208.401679993
2,"map(to: a)",4,64,304,0,3,294,0,531.446933746
2,"map(to: a)",4,64,304,0,4,3,0,209.748744965
2,"map(to: a)",4,64,304,0,4,8096,0,8989.202976227
2,"map(to: a)",4,64,304,0,4,1,0,208.401679993
2,"map(to: a)",4,64,304,0,4,28,0,237.953662872
2,"map(to: a)",4,64,304,0,4,17,0,226.950645447
2,"map(to: a)",4,64,304,0,4,5042,0,5674.850940704
2,"map(to: a)",4,64,304,0,4,7,0,214.338302612
2,"map(to: a)",4,64,304,0,4,114,0,335.943698883
2,"map(to: a)",4,64,304,0,4,44,0,255.954265594
2,"map(to: a)",4,64,304,0,4,2,0,208.103656769
2,"map(to: a)",4,64,304,0,4,294,0,532.245635986
2,"map(to: a)",4,64,304,0,4,758,0,1033.890247345
2,"map(to: a)",4,64,304,0,4,183,0,410.199165344
2,"map(to: a)",4,64,304,0,4,4,0,211.703777313
2,"map(to: a)",4,64,304,0,4,1218,0,1531.493663788
2,"map(to: a)",4,64,304,0,4,71,0,289.154052734
2,"map(to: a)",4,64,304,0,4,1955,0,2329.254150391
2,"map(to: a)",4,64,304,0,4,11,0,219.357013702
2,"map(to: a)",4,64,304,0,4,472,0,724.446773529
2,"map(to: a)",4,64,304,0,4,3140,0,3631.651401520
2,"map(to: a)",4,64,304,1,0,2,0,208.246707916
2,"map(to: a)",4,64,304,1,0,4,0,212.001800537
2,"map(to: a)",4,64,304,1,0,472,0,725.150108337
2,"map(to: a)",4,64,304,1,0,3140,0,3624.045848846
2,"map(to: a)",4,64,304,1,0,183,0,409.746170044
2,"map(to: a)",4,64,304,1,0,28,0,237.655639648
2,"map(to: a)",4,64,304,1,0,71,0,289.356708527
2,"map(to: a)",4,64,304,1,0,1218,0,1531.445980072
2,"map(to: a)",4,64,304,1,0,294,0,530.147552490
2,"map(to: a)",4,64,304,1,0,1,0,208.246707916
2,"map(to: a)",4,64,304,1,0,7,0,214.147567749
2,"map(to: a)",4,64,304,1,0,1955,0,2341.043949127
2,"map(to: a)",4,64,304,1,0,758,0,1029.646396637
2,"map(to: a)",4,64,304,1,0,114,0,335.359573364
2,"map(to: a)",4,64,304,1,0,11,0,219.309329987
2,"map(to: a)",4,64,304,1,0,3,0,209.796428680
2,"map(to: a)",4,64,304,1,0,8096,0,8960.449695587
2,"map(to: a)",4,64,304,1,0,44,0,256.204605103
2,"map(to: a)",4,64,304,1,0,17,0,227.153301239
2,"map(to: a)",4,64,304,1,0,5042,0,5694.258213043
2,"map(to: a)",4,64,304,1,1,758,0,1033.747196198
2,"map(to: a)",4,64,304,1,1,3,0,215.709209442
2,"map(to: a)",4,64,304,1,1,3140,0,3631.651401520
2,"map(to: a)",4,64,304,1,1,1955,0,2339.053153992
2,"map(to: a)",4,64,304,1,1,44,0,256.252288818
2,"map(to: a)",4,64,304,1,1,17,0,227.057933807
2,"map(to: a)",4,64,304,1,1,294,0,531.852245331
2,"map(to: a)",4,64,304,1,1,28,0,237.500667572
2,"map(to: a)",4,64,304,1,1,114,0,335.407257080
2,"map(to: a)",4,64,304,1,1,2,0,208.294391632
2,"map(to: a)",4,64,304,1,1,7,0,214.195251465
2,"map(to: a)",4,64,304,1,1,183,0,410.759449005
2,"map(to: a)",4,64,304,1,1,8096,0,8959.758281708
2,"map(to: a)",4,64,304,1,1,11,0,219.106674194
2,"map(to: a)",4,64,304,1,1,1,0,208.842754364
2,"map(to: a)",4,64,304,1,1,1218,0,1532.649993896
2,"map(to: a)",4,64,304,1,1,472,0,721.943378448
2,"map(to: a)",4,64,304,1,1,71,0,289.046764374
2,"map(to: a)",4,64,304,1,1,5042,0,5696.403980255
2,"map(to: a)",4,64,304,1,1,4,0,211.954116821
2,"map(to: a)",4,64,304,1,2,2,0,207.948684692
2,"map(to: a)",4,64,304,1,2,71,0,288.903713226
2,"map(to: a)",4,64,304,1,2,17,0,226.747989655
2,"map(to: a)",4,64,304,1,2,472,0,724.053382874
2,"map(to: a)",4,64,304,1,2,5042,0,5669.248104095
2,"map(to: a)",4,64,304,1,2,28,0,237.298011780
2,"map(to: a)",4,64,304,1,2,44,0,256.454944611
2,"map(to: a)",4,64,304,1,2,1218,0,1531.791687012
2,"map(to: a)",4,64,304,1,2,4,0,211.906433105
2,"map(to: a)",4,64,304,1,2,1955,0,2338.147163391
2,"map(to: a)",4,64,304,1,2,183,0,410.795211792
2,"map(to: a)",4,64,304,1,2,7,0,214.445590973
2,"map(to: a)",4,64,304,1,2,758,0,1029.598712921
2,"map(to: a)",4,64,304,1,2,1,0,207.996368408
2,"map(to: a)",4,64,304,1,2,3140,0,3629.553318024
2,"map(to: a)",4,64,304,1,2,8096,0,9009.897708893
2,"map(to: a)",4,64,304,1,2,3,0,209.343433380
2,"map(to: a)",4,64,304,1,2,114,0,335.252285004
2,"map(to: a)",4,64,304,1,2,11,0,218.856334686
2,"map(to: a)",4,64,304,1,2,294,0,530.791282654
2,"map(to: a)",4,64,304,1,3,1,0,208.091735840
2,"map(to: a)",4,64,304,1,3,17,0,226.950645447
2,"map(to: a)",4,64,304,1,3,294,0,531.756877899
2,"map(to: a)",4,64,304,1,3,5042,0,5687.391757965
2,"map(to: a)",4,64,304,1,3,114,0,335.597991943
2,"map(to: a)",4,64,304,1,3,28,0,237.858295441
2,"map(to: a)",4,64,304,1,3,1218,0,1531.255245209
2,"map(to: a)",4,64,304,1,3,2,0,208.401679993
2,"map(to: a)",4,64,304,1,3,3,0,209.140777588
2,"map(to: a)",4,64,304,1,3,4,0,211.656093597
2,"map(to: a)",4,64,304,1,3,758,0,1034.259796143
2,"map(to: a)",4,64,304,1,3,11,0,219.154357910
2,"map(to: a)",4,64,304,1,3,44,0,255.656242371
2,"map(to: a)",4,64,304,1,3,472,0,724.089145660
2,"map(to: a)",4,64,304,1,3,7,0,214.254856110
2,"map(to: a)",4,64,304,1,3,1955,0,2338.194847107
2,"map(to: a)",4,64,304,1,3,71,0,288.558006287
2,"map(to: a)",4,64,304,1,3,183,0,410.151481628
2,"map(to: a)",4,64,304,1,3,8096,0,9019.839763641
2,"map(to: a)",4,64,304,1,3,3140,0,3627.252578735
2,"map(to: a)",4,64,304,1,4,472,0,722.301006317
2,"map(to: a)",4,64,304,1,4,71,0,288.951396942
2,"map(to: a)",4,64,304,1,4,1,0,208.449363708
2,"map(to: a)",4,64,304,1,4,11,0,219.190120697
2,"map(to: a)",4,64,304,1,4,4,0,211.751461029
2,"map(to: a)",4,64,304,1,4,3140,0,3621.697425842
2,"map(to: a)",4,64,304,1,4,28,0,237.691402435
2,"map(to: a)",4,64,304,1,4,1218,0,1532.495021820
2,"map(to: a)",4,64,304,1,4,2,0,208.342075348
2,"map(to: a)",4,64,304,1,4,183,0,410.354137421
2,"map(to: a)",4,64,304,1,4,5042,0,5694.842338562
2,"map(to: a)",4,64,304,1,4,114,0,336.098670959
2,"map(to: a)",4,64,304,1,4,3,0,209.450721741
2,"map(to: a)",4,64,304,1,4,44,0,260.949134827
2,"map(to: a)",4,64,304,1,4,758,0,1038.610935211
2,"map(to: a)",4,64,304,1,4,8096,0,8991.205692291
2,"map(to: a)",4,64,304,1,4,1955,0,2333.700656891
2,"map(to: a)",4,64,304,1,4,294,0,530.791282654
2,"map(to: a)",4,64,304,1,4,7,0,213.944911957
2,"map(to: a)",4,64,304,1,4,17,0,226.604938507
2,"map(to: a)",16,64,304,0,0,7,0,216.460227966
2,"map(to: a)",16,64,304,0,0,114,0,335.502624512
2,"map(to: a)",16,64,304,0,0,3,0,209.593772888
2,"map(to: a)",16,64,304,0,0,17,0,226.891040802
2,"map(to: a)",16,64,304,0,0,1,0,208.246707916
2,"map(to: a)",16,64,304,0,0,44,0,256.049633026
2,"map(to: a)",16,64,304,0,0,294,0,531.303882599
2,"map(to: a)",16,64,304,0,0,3140,0,3630.900382996
2,"map(to: a)",16,64,304,0,0,4,0,211.596488953
2,"map(to: a)",16,64,304,0,0,1955,0,2333.593368530
2,"map(to: a)",16,64,304,0,0,183,0,410.950183868
2,"map(to: a)",16,64,304,0,0,8096,0,8994.603157043
2,"map(to: a)",16,64,304,0,0,758,0,1031.446456909
2,"map(to: a)",16,64,304,0,0,71,0,288.891792297
2,"map(to: a)",16,64,304,0,0,2,0,208.055973053
2,"map(to: a)",16,64,304,0,0,11,0,219.106674194
2,"map(to: a)",16,64,304,0,0,28,0,237.548351288
2,"map(to: a)",16,64,304,0,0,5042,0,5678.451061249
2,"map(to: a)",16,64,304,0,0,1218,0,1534.903049469
2,"map(to: a)",16,64,304,0,0,472,0,724.351406097
2,"map(to: a)",16,64,304,0,1,4,0,211.799144745
2,"map(to: a)",16,64,304,0,1,1,0,208.151340485
2,"map(to: a)",16,64,304,0,1,17,0,226.700305939
2,"map(to: a)",16,64,304,0,1,28,0,237.643718719
2,"map(to: a)",16,64,304,0,1,11,0,219.106674194
2,"map(to: a)",16,64,304,0,1,3140,0,3623.843193054
2,"map(to: a)",16,64,304,0,1,2,0,208.199024200
2,"map(to: a)",16,64,304,0,1,758,0,1033.699512482
2,"map(to: a)",16,64,304,0,1,1218,0,1529.502868652
2,"map(to: a)",16,64,304,0,1,44,0,260.448455811
2,"map(to: a)",16,64,304,0,1,71,0,290.894508362
2,"map(to: a)",16,64,304,0,1,114,0,336.146354675
2,"map(to: a)",16,64,304,0,1,294,0,529.897212982
2,"map(to: a)",16,64,304,0,1,7,0,214.505195618
2,"map(to: a)",16,64,304,0,1,183,0,411.295890808
2,"map(to: a)",16,64,304,0,1,8096,0,9003.150463104
2,"map(to: a)",16,64,304,0,1,472,0,721.406936646
2,"map(to: a)",16,64,304,0,1,1955,0,2338.445186615
2,"map(to: a)",16,64,304,0,1,3,0,209.450721741
2,"map(to: a)",16,64,304,0,1,5042,0,5690.205097198
2,"map(to: a)",16,64,304,0,2,3,0,209.450721741
2,"map(to: a)",16,64,304,0,2,44,0,255.846977234
2,"map(to: a)",16,64,304,0,2,1,0,208.294391632
2,"map(to: a)",16,64,304,0,2,183,0,410.699844360
2,"map(to: a)",16,64,304,0,2,294,0,529.849529266
2,"map(to: a)",16,64,304,0,2,5042,0,5674.147605896
2,"map(to: a)",16,64,304,0,2,7,0,214.445590973
2,"map(to: a)",16,64,304,0,2,8096,0,8991.098403931
2,"map(to: a)",16,64,304,0,2,2,0,208.604335785
2,"map(to: a)",16,64,304,0,2,114,0,335.359573364
2,"map(to: a)",16,64,304,0,2,71,0,288.999080658
2,"map(to: a)",16,64,304,0,2,1955,0,2340.352535248
2,"map(to: a)",16,64,304,0,2,17,0,227.153301239
2,"map(to: a)",16,64,304,0,2,472,0,723.147392273
2,"map(to: a)",16,64,304,0,2,11,0,218.951702118
2,"map(to: a)",16,64,304,0,2,1218,0,1531.744003296
2,"map(to: a)",16,64,304,0,2,4,0,211.393833160
2,"map(to: a)",16,64,304,0,2,3140,0,3622.388839722
2,"map(to: a)",16,64,304,0,2,758,0,1034.748554230
2,"map(to: a)",16,64,304,0,2,28,0,237.810611725
2,"map(to: a)",16,64,304,0,3,11,0,219.202041626
2,"map(to: a)",16,64,304,0,3,4,0,211.691856384
2,"map(to: a)",16,64,304,0,3,5042,0,5696.249008179
2,"map(to: a)",16,64,304,0,3,183,0,410.246849060
2,"map(to: a)",16,64,304,0,3,17,0,226.855278015
2,"map(to: a)",16,64,304,0,3,3,0,209.653377533
2,"map(to: a)",16,64,304,0,3,28,0,237.703323364
2,"map(to: a)",16,64,304,0,3,1218,0,1531.302928925
2,"map(to: a)",16,64,304,0,3,114,0,335.049629211
2,"map(to: a)",16,64,304,0,3,758,0,1032.650470734
2,"map(to: a)",16,64,304,0,3,1955,0,2345.311641693
2,"map(to: a)",16,64,304,0,3,472,0,724.804401398
2,"map(to: a)",16,64,304,0,3,7,0,214.052200317
2,"map(to: a)",16,64,304,0,3,44,0,255.894660950
2,"map(to: a)",16,64,304,0,3,3140,0,3631.639480591
2,"map(to: a)",16,64,304,0,3,8096,0,9005.761146545
2,"map(to: a)",16,64,304,0,3,71,0,288.808345795
2,"map(to: a)",16,64,304,0,3,1,0,208.294391632
2,"map(to: a)",16,64,304,0,3,2,0,208.210945129
2,"map(to: a)",16,64,304,0,3,294,0,531.351566315
2,"map(to: a)",16,64,304,0,4,3,0,209.355354309
2,"map(to: a)",16,64,304,0,4,8096,0,8971.154689789
2,"map(to: a)",16,64,304,0,4,1,0,208.556652069
2,"map(to: a)",16,64,304,0,4,28,0,237.548351288
2,"map(to: a)",16,64,304,0,4,17,0,226.843357086
2,"map(to: a)",16,64,304,0,4,5042,0,5677.700042725
2,"map(to: a)",16,64,304,0,4,7,0,214.397907257
2,"map(to: a)",16,64,304,0,4,114,0,335.550308228
2,"map(to: a)",16,64,304,0,4,44,0,255.894660950
2,"map(to: a)",16,64,304,0,4,2,0,207.996368408
2,"map(to: a)",16,64,304,0,4,294,0,531.446933746
2,"map(to: a)",16,64,304,0,4,758,0,1034.557819366
2,"map(to: a)",16,64,304,0,4,183,0,409.400463104
2,"map(to: a)",16,64,304,0,4,4,0,211.691856384
2,"map(to: a)",16,64,304,0,4,1218,0,1532.542705536
2,"map(to: a)",16,64,304,0,4,71,0,288.796424866
2,"map(to: a)",16,64,304,0,4,1955,0,2329.254150391
2,"map(to: a)",16,64,304,0,4,11,0,219.154357910
2,"map(to: a)",16,64,304,0,4,472,0,724.554061890
2,"map(to: a)",16,64,304,0,4,3140,0,3625.047206879
2,"map(to: a)",16,64,304,1,0,2,0,208.210945129
2,"map(to: a)",16,64,304,1,0,4,0,211.644172668
2,"map(to: a)",16,64,304,1,0,472,0,724.899768829
2,"map(to: a)",16,64,304,1,0,3140,0,3625.190258026
2,"map(to: a)",16,64,304,1,0,183,0,409.853458405
2,"map(to: a)",16,64,304,1,0,28,0,237.548351288
2,"map(to: a)",16,64,304,1,0,71,0,289.356708527
2,"map(to: a)",16,64,304,1,0,1218,0,1531.302928925
2,"map(to: a)",16,64,304,1,0,294,0,528.848171234
2,"map(to: a)",16,64,304,1,0,1,0,208.353996277
2,"map(to: a)",16,64,304,1,0,7,0,214.242935181
2,"map(to: a)",16,64,304,1,0,1955,0,2341.449260712
2,"map(to: a)",16,64,304,1,0,758,0,1029.396057129
2,"map(to: a)",16,64,304,1,0,114,0,335.502624512
2,"map(to: a)",16,64,304,1,0,11,0,218.999385834
2,"map(to: a)",16,64,304,1,0,3,0,209.355354309
2,"map(to: a)",16,64,304,1,0,8096,0,8964.753150940
2,"map(to: a)",16,64,304,1,0,44,0,255.799293518
2,"map(to: a)",16,64,304,1,0,17,0,226.795673370
2,"map(to: a)",16,64,304,1,0,5042,0,5682.802200317
2,"map(to: a)",16,64,304,1,1,758,0,1030.397415161
2,"map(to: a)",16,64,304,1,1,3,0,209.593772888
2,"map(to: a)",16,64,304,1,1,3140,0,3631.448745728
2,"map(to: a)",16,64,304,1,1,1955,0,2340.805530548
2,"map(to: a)",16,64,304,1,1,44,0,255.906581879
2,"map(to: a)",16,64,304,1,1,17,0,227.046012878
2,"map(to: a)",16,64,304,1,1,294,0,531.303882599
2,"map(to: a)",16,64,304,1,1,28,0,237.560272217
2,"map(to: a)",16,64,304,1,1,114,0,335.001945496
2,"map(to: a)",16,64,304,1,1,2,0,208.044052124
2,"map(to: a)",16,64,304,1,1,7,0,214.350223541
2,"map(to: a)",16,64,304,1,1,183,0,410.592556000
2,"map(to: a)",16,64,304,1,1,8096,0,8958.840370178
2,"map(to: a)",16,64,304,1,1,11,0,218.844413757
2,"map(to: a)",16,64,304,1,1,1,0,207.996368408
2,"map(to: a)",16,64,304,1,1,1218,0,1529.753208160
2,"map(to: a)",16,64,304,1,1,472,0,722.098350525
2,"map(to: a)",16,64,304,1,1,71,0,288.999080658
2,"map(to: a)",16,64,304,1,1,5042,0,5698.847770691
2,"map(to: a)",16,64,304,1,1,4,0,212.061405182
2,"map(to: a)",16,64,304,1,2,2,0,208.199024200
2,"map(to: a)",16,64,304,1,2,71,0,288.939476013
2,"map(to: a)",16,64,304,1,2,17,0,226.998329163
2,"map(to: a)",16,64,304,1,2,472,0,723.946094513
2,"map(to: a)",16,64,304,1,2,5042,0,5655.801296234
2,"map(to: a)",16,64,304,1,2,28,0,237.858295441
2,"map(to: a)",16,64,304,1,2,44,0,256.407260895
2,"map(to: a)",16,64,304,1,2,1218,0,1532.292366028
2,"map(to: a)",16,64,304,1,2,4,0,211.846828461
2,"map(to: a)",16,64,304,1,2,1955,0,2338.600158691
2,"map(to: a)",16,64,304,1,2,183,0,410.950183868
2,"map(to: a)",16,64,304,1,2,7,0,214.695930481
2,"map(to: a)",16,64,304,1,2,758,0,1029.789447784
2,"map(to: a)",16,64,304,1,2,1,0,208.151340485
2,"map(to: a)",16,64,304,1,2,3140,0,3635.597229004
2,"map(to: a)",16,64,304,1,2,8096,0,8992.993831635
2,"map(to: a)",16,64,304,1,2,3,0,209.307670593
2,"map(to: a)",16,64,304,1,2,114,0,335.407257080
2,"map(to: a)",16,64,304,1,2,11,0,218.999385834
2,"map(to: a)",16,64,304,1,2,294,0,530.910491943
2,"map(to: a)",16,64,304,1,3,1,0,207.996368408
2,"map(to: a)",16,64,304,1,3,17,0,226.700305939
2,"map(to: a)",16,64,304,1,3,294,0,531.351566315
2,"map(to: a)",16,64,304,1,3,5042,0,5689.704418182
2,"map(to: a)",16,64,304,1,3,114,0,334.954261780
2,"map(to: a)",16,64,304,1,3,28,0,237.345695496
2,"map(to: a)",16,64,304,1,3,1218,0,1531.851291656
2,"map(to: a)",16,64,304,1,3,2,0,208.306312561
2,"map(to: a)",16,64,304,1,3,3,0,209.903717041
2,"map(to: a)",16,64,304,1,3,4,0,211.548805237
2,"map(to: a)",16,64,304,1,3,758,0,1035.141944885
2,"map(to: a)",16,64,304,1,3,11,0,219.058990479
2,"map(to: a)",16,64,304,1,3,44,0,255.846977234
2,"map(to: a)",16,64,304,1,3,472,0,723.099708557
2,"map(to: a)",16,64,304,1,3,7,0,214.195251465
2,"map(to: a)",16,64,304,1,3,1955,0,2338.647842407
2,"map(to: a)",16,64,304,1,3,71,0,288.593769073
2,"map(to: a)",16,64,304,1,3,183,0,410.258769989
2,"map(to: a)",16,64,304,1,3,8096,0,9019.458293915
2,"map(to: a)",16,64,304,1,3,3140,0,3626.358509064
2,"map(to: a)",16,64,304,1,4,472,0,721.347332001
2,"map(to: a)",16,64,304,1,4,71,0,288.653373718
2,"map(to: a)",16,64,304,1,4,1,0,208.055973053
2,"map(to: a)",16,64,304,1,4,11,0,218.999385834
2,"map(to: a)",16,64,304,1,4,4,0,211.405754089
2,"map(to: a)",16,64,304,1,4,3140,0,3622.651100159
2,"map(to: a)",16,64,304,1,4,28,0,238.001346588
2,"map(to: a)",16,64,304,1,4,1218,0,1532.399654388
2,"map(to: a)",16,64,304,1,4,2,0,208.008289337
2,"map(to: a)",16,64,304,1,4,183,0,410.103797913
2,"map(to: a)",16,64,304,1,4,5042,0,5692.791938782
2,"map(to: a)",16,64,304,1,4,114,0,335.502624512
2,"map(to: a)",16,64,304,1,4,3,0,209.450721741
2,"map(to: a)",16,64,304,1,4,44,0,256.097316742
2,"map(to: a)",16,64,304,1,4,758,0,1035.952568054
2,"map(to: a)",16,64,304,1,4,8096,0,8996.403217316
2,"map(to: a)",16,64,304,1,4,1955,0,2333.152294159
2,"map(to: a)",16,64,304,1,4,294,0,531.196594238
2,"map(to: a)",16,64,304,1,4,7,0,214.350223541
2,"map(to: a)",16,64,304,1,4,17,0,226.604938507
2,"map(to: a)",64,64,304,0,0,7,0,216.305255890
2,"map(to: a)",64,64,304,0,0,114,0,336.050987244
2,"map(to: a)",64,64,304,0,0,3,0,209.605693817
2,"map(to: a)",64,64,304,0,0,17,0,226.604938507
2,"map(to: a)",64,64,304,0,0,1,0,208.199024200
2,"map(to: a)",64,64,304,0,0,44,0,256.001949310
2,"map(to: a)",64,64,304,0,0,294,0,531.756877899
2,"map(to: a)",64,64,304,0,0,3140,0,3624.796867371
2,"map(to: a)",64,64,304,0,0,4,0,211.644172668
2,"map(to: a)",64,64,304,0,0,1955,0,2334.249019623
2,"map(to: a)",64,64,304,0,0,183,0,411.105155945
2,"map(to: a)",64,64,304,0,0,8096,0,8998.703956604
2,"map(to: a)",64,64,304,0,0,758,0,1031.911373138
2,"map(to: a)",64,64,304,0,0,71,0,288.856029510
2,"map(to: a)",64,64,304,0,0,2,0,208.091735840
2,"map(to: a)",64,64,304,0,0,11,0,219.094753265
2,"map(to: a)",64,64,304,0,0,28,0,246.596336365
2,"map(to: a)",64,64,304,0,0,5042,0,5681.049823761
2,"map(to: a)",64,64,304,0,0,1218,0,1532.053947449
2,"map(to: a)",64,64,304,0,0,472,0,724.947452545
2,"map(to: a)",64,64,304,0,1,4,0,212.502479553
2,"map(to: a)",64,64,304,0,1,1,0,208.294391632
2,"map(to: a)",64,64,304,0,1,17,0,226.747989655
2,"map(to: a)",64,64,304,0,1,28,0,237.941741943
2,"map(to: a)",64,64,304,0,1,11,0,218.951702118
2,"map(to: a)",64,64,304,0,1,3140,0,3616.595268250
2,"map(to: a)",64,64,304,0,1,2,0,208.342075348
2,"map(to: a)",64,64,304,0,1,758,0,1033.890247345
2,"map(to: a)",64,64,304,0,1,1218,0,1526.749134064
2,"map(to: a)",64,64,304,0,1,44,0,256.049633026
2,"map(to: a)",64,64,304,0,1,71,0,289.249420166
2,"map(to: a)",64,64,304,0,1,114,0,335.550308228
2,"map(to: a)",64,64,304,0,1,294,0,529.599189758
2,"map(to: a)",64,64,304,0,1,7,0,214.445590973
2,"map(to: a)",64,64,304,0,1,183,0,410.544872284
2,"map(to: a)",64,64,304,0,1,8096,0,9005.153179169
2,"map(to: a)",64,64,304,0,1,472,0,721.502304077
2,"map(to: a)",64,64,304,0,1,1955,0,2338.743209839
2,"map(to: a)",64,64,304,0,1,3,0,210.011005402
2,"map(to: a)",64,64,304,0,1,5042,0,5692.648887634
2,"map(to: a)",64,64,304,0,2,3,0,209.653377533
2,"map(to: a)",64,64,304,0,2,44,0,255.906581879
2,"map(to: a)",64,64,304,0,2,1,0,208.544731140
2,"map(to: a)",64,64,304,0,2,183,0,410.556793213
2,"map(to: a)",64,64,304,0,2,294,0,530.147552490
2,"map(to: a)",64,64,304,0,2,5042,0,5677.056312561
2,"map(to: a)",64,64,304,0,2,7,0,214.159488678
2,"map(to: a)",64,64,304,0,2,8096,0,8993.494510651
2,"map(to: a)",64,64,304,0,2,2,0,207.996368408
2,"map(to: a)",64,64,304,0,2,114,0,335.705280304
2,"map(to: a)",64,64,304,0,2,71,0,288.546085358
2,"map(to: a)",64,64,304,0,2,1955,0,2341.651916504
2,"map(to: a)",64,64,304,0,2,17,0,226.855278015
2,"map(to: a)",64,64,304,0,2,472,0,723.743438721
2,"map(to: a)",64,64,304,0,2,11,0,219.106674194
2,"map(to: a)",64,64,304,0,2,1218,0,1532.506942749
2,"map(to: a)",64,64,304,0,2,4,0,212.049484253
2,"map(to: a)",64,64,304,0,2,3140,0,3623.354434967
2,"map(to: a)",64,64,304,0,2,758,0,1034.855842590
2,"map(to: a)",64,64,304,0,2,28,0,237.441062927
2,"map(to: a)",64,64,304,0,3,11,0,218.951702118
2,"map(to: a)",64,64,304,0,3,4,0,212.204456329
2,"map(to: a)",64,64,304,0,3,5042,0,5695.796012878
2,"map(to: a)",64,64,304,0,3,183,0,410.246849060
2,"map(to: a)",64,64,304,0,3,17,0,226.545333862
2,"map(to: a)",64,64,304,0,3,3,0,209.844112396
2,"map(to: a)",64,64,304,0,3,28,0,237.751007080
2,"map(to: a)",64,64,304,0,3,1218,0,1531.648635864
2,"map(to: a)",64,64,304,0,3,114,0,334.894657135
2,"map(to: a)",64,64,304,0,3,758,0,1033.008098602
2,"map(to: a)",64,64,304,0,3,1955,0,2388.048171997
2,"map(to: a)",64,64,304,0,3,472,0,724.244117737
2,"map(to: a)",64,64,304,0,3,7,0,214.147567749
2,"map(to: a)",64,64,304,0,3,44,0,255.846977234
2,"map(to: a)",64,64,304,0,3,3140,0,3629.553318024
2,"map(to: a)",64,64,304,0,3,8096,0,9010.195732117
2,"map(to: a)",64,64,304,0,3,71,0,288.856029510
2,"map(to: a)",64,64,304,0,3,1,0,208.258628845
2,"map(to: a)",64,64,304,0,3,2,0,208.151340485
2,"map(to: a)",64,64,304,0,3,294,0,530.743598938
2,"map(to: a)",64,64,304,0,4,3,0,209.295749664
2,"map(to: a)",64,64,304,0,4,8096,0,8975.899219513
2,"map(to: a)",64,64,304,0,4,1,0,208.604335785
2,"map(to: a)",64,64,304,0,4,28,0,237.798690796
2,"map(to: a)",64,64,304,0,4,17,0,226.747989655
2,"map(to: a)",64,64,304,0,4,5042,0,5679.500102997
2,"map(to: a)",64,64,304,0,4,7,0,214.505195618
2,"map(to: a)",64,64,304,0,4,114,0,335.955619812
2,"map(to: a)",64,64,304,0,4,44,0,256.049633026
2,"map(to: a)",64,64,304,0,4,2,0,208.199024200
2,"map(to: a)",64,64,304,0,4,294,0,531.446933746
2,"map(to: a)",64,64,304,0,4,758,0,1034.903526306
2,"map(to: a)",64,64,304,0,4,183,0,409.901142120
2,"map(to: a)",64,64,304,0,4,4,0,211.644172668
2,"map(to: a)",64,64,304,0,4,1218,0,1532.292366028
2,"map(to: a)",64,64,304,0,4,71,0,289.344787598
2,"map(to: a)",64,64,304,0,4,1955,0,2332.401275635
2,"map(to: a)",64,64,304,0,4,11,0,219.500064850
2,"map(to: a)",64,64,304,0,4,472,0,725.400447845
2,"map(to: a)",64,64,304,0,4,3140,0,3625.750541687
2,"map(to: a)",64,64,304,1,0,2,0,208.353996277
2,"map(to: a)",64,64,304,1,0,4,0,211.501121521
2,"map(to: a)",64,64,304,1,0,472,0,725.352764130
2,"map(to: a)",64,64,304,1,0,3140,0,3626.453876495
2,"map(to: a)",64,64,304,1,0,183,0,409.495830536
2,"map(to: a)",64,64,304,1,0,28,0,237.309932709
2,"map(to: a)",64,64,304,1,0,71,0,288.951396942
2,"map(to: a)",64,64,304,1,0,1218,0,1532.649993896
2,"map(to: a)",64,64,304,1,0,294,0,529.599189758
2,"map(to: a)",64,64,304,1,0,1,0,208.401679993
2,"map(to: a)",64,64,304,1,0,7,0,214.445590973
2,"map(to: a)",64,64,304,1,0,1955,0,2342.844009399
2,"map(to: a)",64,64,304,1,0,758,0,1029.849052429
2,"map(to: a)",64,64,304,1,0,114,0,335.955619812
2,"map(to: a)",64,64,304,1,0,11,0,219.106674194
2,"map(to: a)",64,64,304,1,0,3,0,209.653377533
2,"map(to: a)",64,64,304,1,0,8096,0,8963.751792908
2,"map(to: a)",64,64,304,1,0,44,0,255.990028381
2,"map(to: a)",64,64,304,1,0,17,0,226.891040802
2,"map(to: a)",64,64,304,1,0,5042,0,5686.497688293
2,"map(to: a)",64,64,304,1,1,758,0,1031.351089478
2,"map(to: a)",64,64,304,1,1,3,0,209.558010101
2,"map(to: a)",64,64,304,1,1,3140,0,3626.453876495
2,"map(to: a)",64,64,304,1,1,1955,0,2342.045307159
2,"map(to: a)",64,64,304,1,1,44,0,255.799293518
2,"map(to: a)",64,64,304,1,1,17,0,226.843357086
2,"map(to: a)",64,64,304,1,1,294,0,531.601905823
2,"map(to: a)",64,64,304,1,1,28,0,237.703323364
2,"map(to: a)",64,64,304,1,1,114,0,335.097312927
2,"map(to: a)",64,64,304,1,1,2,0,208.449363708
2,"map(to: a)",64,64,304,1,1,7,0,214.397907257
2,"map(to: a)",64,64,304,1,1,183,0,410.151481628
2,"map(to: a)",64,64,304,1,1,8096,0,8961.904048920
2,"map(to: a)",64,64,304,1,1,11,0,219.047069550
2,"map(to: a)",64,64,304,1,1,1,0,207.948684692
2,"map(to: a)",64,64,304,1,1,1218,0,1530.945301056
2,"map(to: a)",64,64,304,1,1,472,0,722.551345825
2,"map(to: a)",64,64,304,1,1,71,0,288.796424866
2,"map(to: a)",64,64,304,1,1,5042,0,5706.143379211
2,"map(to: a)",64,64,304,1,1,4,0,212.097167969
2,"map(to: a)",64,64,304,1,2,2,0,208.103656769
2,"map(to: a)",64,64,304,1,2,71,0,289.046764374
2,"map(to: a)",64,64,304,1,2,17,0,227.344036102
2,"map(to: a)",64,64,304,1,2,472,0,724.256038666
2,"map(to: a)",64,64,304,1,2,5042,0,5657.994747162
2,"map(to: a)",64,64,304,1,2,28,0,237.894058228
2,"map(to: a)",64,64,304,1,2,44,0,256.049633026
2,"map(to: a)",64,64,304,1,2,1218,0,1533.246040344
2,"map(to: a)",64,64,304,1,2,4,0,211.906433105
2,"map(to: a)",64,64,304,1,2,1955,0,2335.250377655
2,"map(to: a)",64,64,304,1,2,183,0,410.997867584
2,"map(to: a)",64,64,304,1,2,7,0,214.302539825
2,"map(to: a)",64,64,304,1,2,758,0,1031.100749969
2,"map(to: a)",64,64,304,1,2,1,0,208.652019501
2,"map(to: a)",64,64,304,1,2,3140,0,3633.058071136
2,"map(to: a)",64,64,304,1,2,8096,0,9000.957012177
2,"map(to: a)",64,64,304,1,2,3,0,209.438800812
2,"map(to: a)",64,64,304,1,2,114,0,335.502624512
2,"map(to: a)",64,64,304,1,2,11,0,218.951702118
2,"map(to: a)",64,64,304,1,2,294,0,531.399250031
2,"map(to: a)",64,64,304,1,3,1,0,208.199024200
2,"map(to: a)",64,64,304,1,3,17,0,227.153301239
2,"map(to: a)",64,64,304,1,3,294,0,531.256198883
2,"map(to: a)",64,64,304,1,3,5042,0,5694.055557251
2,"map(to: a)",64,64,304,1,3,114,0,335.192680359
2,"map(to: a)",64,64,304,1,3,28,0,237.393379211
2,"map(to: a)",64,64,304,1,3,1218,0,1533.055305481
2,"map(to: a)",64,64,304,1,3,2,0,208.306312561
2,"map(to: a)",64,64,304,1,3,3,0,209.307670593
2,"map(to: a)",64,64,304,1,3,4,0,211.501121521
2,"map(to: a)",64,64,304,1,3,758,0,1035.249233246
2,"map(to: a)",64,64,304,1,3,11,0,219.058990479
2,"map(to: a)",64,64,304,1,3,44,0,256.097316742
2,"map(to: a)",64,64,304,1,3,472,0,723.457336426
2,"map(to: a)",64,64,304,1,3,7,0,214.207172394
2,"map(to: a)",64,64,304,1,3,1955,0,2341.794967651
2,"map(to: a)",64,64,304,1,3,71,0,288.856029510
2,"map(to: a)",64,64,304,1,3,183,0,409.996509552
2,"map(to: a)",64,64,304,1,3,8096,0,8999.502658844
2,"map(to: a)",64,64,304,1,3,3140,0,3629.601001740
2,"map(to: a)",64,64,304,1,4,472,0,721.800327301
2,"map(to: a)",64,64,304,1,4,71,0,289.106369019
2,"map(to: a)",64,64,304,1,4,1,0,208.139419556
2,"map(to: a)",64,64,304,1,4,11,0,219.452381134
2,"map(to: a)",64,64,304,1,4,4,0,211.393833160
2,"map(to: a)",64,64,304,1,4,3140,0,3620.159626007
2,"map(to: a)",64,64,304,1,4,28,0,238.502025604
2,"map(to: a)",64,64,304,1,4,1218,0,1531.004905701
2,"map(to: a)",64,64,304,1,4,2,0,208.199024200
2,"map(to: a)",64,64,304,1,4,183,0,410.103797913
2,"map(to: a)",64,64,304,1,4,5042,0,5703.544616699
2,"map(to: a)",64,64,304,1,4,114,0,336.146354675
2,"map(to: a)",64,64,304,1,4,3,0,209.450721741
2,"map(to: a)",64,64,304,1,4,44,0,256.204605103
2,"map(to: a)",64,64,304,1,4,758,0,1033.902168274
2,"map(to: a)",64,64,304,1,4,8096,0,9003.889560699
2,"map(to: a)",64,64,304,1,4,1955,0,2330.195903778
2,"map(to: a)",64,64,304,1,4,294,0,531.041622162
2,"map(to: a)",64,64,304,1,4,7,0,214.099884033
2,"map(to: a)",64,64,304,1,4,17,0,227.105617523
2,"map(to: a)",256,64,304,0,0,7,0,216.150283813
2,"map(to: a)",256,64,304,0,0,114,0,335.693359375
2,"map(to: a)",256,64,304,0,0,3,0,209.903717041
2,"map(to: a)",256,64,304,0,0,17,0,227.344036102
2,"map(to: a)",256,64,304,0,0,1,0,208.199024200
2,"map(to: a)",256,64,304,0,0,44,0,256.049633026
2,"map(to: a)",256,64,304,0,0,294,0,532.257556915
2,"map(to: a)",256,64,304,0,0,3140,0,3625.595569611
2,"map(to: a)",256,64,304,0,0,4,0,211.846828461
2,"map(to: a)",256,64,304,0,0,1955,0,2336.859703064
2,"map(to: a)",256,64,304,0,0,183,0,410.807132721
2,"map(to: a)",256,64,304,0,0,8096,0,9005.045890808
2,"map(to: a)",256,64,304,0,0,758,0,1029.956340790
2,"map(to: a)",256,64,304,0,0,71,0,289.905071259
2,"map(to: a)",256,64,304,0,0,2,0,208.497047424
2,"map(to: a)",256,64,304,0,0,11,0,219.500064850
2,"map(to: a)",256,64,304,0,0,28,0,237.703323364
2,"map(to: a)",256,64,304,0,0,5042,0,5682.599544525
2,"map(to: a)",256,64,304,0,0,1218,0,1533.603668213
2,"map(to: a)",256,64,304,0,0,472,0,724.101066589
2,"map(to: a)",256,64,304,0,1,4,0,211.846828461
2,"map(to: a)",256,64,304,0,1,1,0,208.342075348
2,"map(to: a)",256,64,304,0,1,17,0,227.451324463
2,"map(to: a)",256,64,304,0,1,28,0,237.953662872
2,"map(to: a)",256,64,304,0,1,11,0,219.249725342
2,"map(to: a)",256,64,304,0,1,3140,0,3620.898723602
2,"map(to: a)",256,64,304,0,1,2,0,223.755836487
2,"map(to: a)",256,64,304,0,1,758,0,1037.693023682
2,"map(to: a)",256,64,304,0,1,1218,0,1524.698734283
2,"map(to: a)",256,64,304,0,1,44,0,256.490707397
2,"map(to: a)",256,64,304,0,1,71,0,289.595127106
2,"map(to: a)",256,64,304,0,1,114,0,336.098670959
2,"map(to: a)",256,64,304,0,1,294,0,529.456138611
2,"map(to: a)",256,64,304,0,1,7,0,214.457511902
2,"map(to: a)",256,64,304,0,1,183,0,410.795211792
2,"map(to: a)",256,64,304,0,1,8096,0,9013.152122498
2,"map(to: a)",256,64,304,0,1,472,0,722.253322601
2,"map(to: a)",256,64,304,0,1,1955,0,2335.047721863
2,"map(to: a)",256,64,304,0,1,3,0,209.844112396
2,"map(to: a)",256,64,304,0,1,5042,0,5684.256553650
2,"map(to: a)",256,64,304,0,2,3,0,209.999084473
2,"map(to: a)",256,64,304,0,2,44,0,256.252288818
2,"map(to: a)",256,64,304,0,2,1,0,208.258628845
2,"map(to: a)",256,64,304,0,2,183,0,410.747528076
2,"map(to: a)",256,64,304,0,2,294,0,530.397891998
2,"map(to: a)",256,64,304,0,2,5042,0,5680.346488953
2,"map(to: a)",256,64,304,0,2,7,0,214.648246765
2,"map(to: a)",256,64,304,0,2,8096,0,8999.097347260
2,"map(to: a)",256,64,304,0,2,2,0,208.055973053
2,"map(to: a)",256,64,304,0,2,114,0,335.299968719
2,"map(to: a)",256,64,304,0,2,71,0,289.094448090
2,"map(to: a)",256,64,304,0,2,1955,0,2341.997623444
2,"map(to: a)",256,64,304,0,2,17,0,226.950645447
2,"map(to: a)",256,64,304,0,2,472,0,724.148750305
2,"map(to: a)",256,64,304,0,2,11,0,219.404697418
2,"map(to: a)",256,64,304,0,2,1218,0,1530.408859253
2,"map(to: a)",256,64,304,0,2,4,0,211.846828461
2,"map(to: a)",256,64,304,0,2,3140,0,3617.250919342
2,"map(to: a)",256,64,304,0,2,758,0,1035.249233246
2,"map(to: a)",256,64,304,0,2,28,0,238.096714020
2,"map(to: a)",256,64,304,0,3,11,0,219.249725342
2,"map(to: a)",256,64,304,0,3,4,0,212.097167969
2,"map(to: a)",256,64,304,0,3,5042,0,5701.410770416
2,"map(to: a)",256,64,304,0,3,183,0,411.093235016
2,"map(to: a)",256,64,304,0,3,17,0,227.046012878
2,"map(to: a)",256,64,304,0,3,3,0,209.558010101
2,"map(to: a)",256,64,304,0,3,28,0,237.846374512
2,"map(to: a)",256,64,304,0,3,1218,0,1531.994342804
2,"map(to: a)",256,64,304,0,3,114,0,335.299968719
2,"map(to: a)",256,64,304,0,3,758,0,1033.699512482
2,"map(to: a)",256,64,304,0,3,1955,0,2340.698242188
2,"map(to: a)",256,64,304,0,3,472,0,724.601745605
2,"map(to: a)",256,64,304,0,3,7,0,214.600563049
2,"map(to: a)",256,64,304,0,3,44,0,256.156921387
2,"map(to: a)",256,64,304,0,3,3140,0,3633.105754852
2,"map(to: a)",256,64,304,0,3,8096,0,8991.098403931
2,"map(to: a)",256,64,304,0,3,71,0,289.189815521
2,"map(to: a)",256,64,304,0,3,1,0,208.246707916
2,"map(to: a)",256,64,304,0,3,2,0,215.601921082
2,"map(to: a)",256,64,304,0,3,294,0,536.203384399
2,"map(to: a)",256,64,304,0,4,3,0,213.205814362
2,"map(to: a)",256,64,304,0,4,8096,0,8977.997303009
2,"map(to: a)",256,64,304,0,4,1,0,219.702720642
2,"map(to: a)",256,64,304,0,4,28,0,249.910354614
2,"map(to: a)",256,64,304,0,4,17,0,232.291221619
2,"map(to: a)",256,64,304,0,4,5042,0,5683.457851410
2,"map(to: a)",256,64,304,0,4,7,0,214.743614197
2,"map(to: a)",256,64,304,0,4,114,0,335.693359375
2,"map(to: a)",256,64,304,0,4,44,0,256.001949310
2,"map(to: a)",256,64,304,0,4,2,0,208.044052124
2,"map(to: a)",256,64,304,0,4,294,0,532.150268555
2,"map(to: a)",256,64,304,0,4,758,0,1033.449172974
2,"map(to: a)",256,64,304,0,4,183,0,409.841537476
2,"map(to: a)",256,64,304,0,4,4,0,211.501121521
2,"map(to: a)",256,64,304,0,4,1218,0,1533.257961273
2,"map(to: a)",256,64,304,0,4,71,0,289.297103882
2,"map(to: a)",256,64,304,0,4,1955,0,2333.748340607
2,"map(to: a)",256,64,304,0,4,11,0,219.595432281
2,"map(to: a)",256,64,304,0,4,472,0,724.947452545
2,"map(to: a)",256,64,304,0,4,3140,0,3628.849983215
2,"map(to: a)",256,64,304,1,0,2,0,208.199024200
2,"map(to: a)",256,64,304,1,0,4,0,211.846828461
2,"map(to: a)",256,64,304,1,0,472,0,724.339485168
2,"map(to: a)",256,64,304,1,0,3140,0,3628.301620483
2,"map(to: a)",256,64,304,1,0,183,0,409.543514252
2,"map(to: a)",256,64,304,1,0,28,0,237.810611725
2,"map(to: a)",256,64,304,1,0,71,0,289.046764374
2,"map(to: a)",256,64,304,1,0,1218,0,1533.794403076
2,"map(to: a)",256,64,304,1,0,294,0,530.052185059
2,"map(to: a)",256,64,304,1,0,1,0,208.246707916
2,"map(to: a)",256,64,304,1,0,7,0,214.290618896
2,"map(to: a)",256,64,304,1,0,1955,0,2337.551116943
2,"map(to: a)",256,64,304,1,0,758,0,1030.695438385
2,"map(to: a)",256,64,304,1,0,114,0,335.550308228
2,"map(to: a)",256,64,304,1,0,11,0,219.249725342
2,"map(to: a)",256,64,304,1,0,3,0,209.951400757
2,"map(to: a)",256,64,304,1,0,8096,0,8971.750736237
2,"map(to: a)",256,64,304,1,0,44,0,256.204605103
2,"map(to: a)",256,64,304,1,0,17,0,226.843357086
2,"map(to: a)",256,64,304,1,0,5042,0,5687.093734741
2,"map(to: a)",256,64,304,1,1,758,0,1029.193401337
2,"map(to: a)",256,64,304,1,1,3,0,209.450721741
2,"map(to: a)",256,64,304,1,1,3140,0,3629.601001740
2,"map(to: a)",256,64,304,1,1,1955,0,2342.200279236
2,"map(to: a)",256,64,304,1,1,44,0,256.145000458
2,"map(to: a)",256,64,304,1,1,17,0,226.855278015
2,"map(to: a)",256,64,304,1,1,294,0,531.649589539
2,"map(to: a)",256,64,304,1,1,28,0,237.751007080
2,"map(to: a)",256,64,304,1,1,114,0,335.395336151
2,"map(to: a)",256,64,304,1,1,2,0,208.199024200
2,"map(to: a)",256,64,304,1,1,7,0,214.648246765
2,"map(to: a)",256,64,304,1,1,183,0,410.640239716
2,"map(to: a)",256,64,304,1,1,8096,0,8970.046043396
2,"map(to: a)",256,64,304,1,1,11,0,219.595432281
2,"map(to: a)",256,64,304,1,1,1,0,208.353996277
2,"map(to: a)",256,64,304,1,1,1218,0,1531.255245209
2,"map(to: a)",256,64,304,1,1,472,0,720.906257629
2,"map(to: a)",256,64,304,1,1,71,0,288.903713226
2,"map(to: a)",256,64,304,1,1,5042,0,5687.892436981
2,"map(to: a)",256,64,304,1,1,4,0,216.591358185
2,"map(to: a)",256,64,304,1,2,2,0,210.905075073
2,"map(to: a)",256,64,304,1,2,71,0,290.203094482
2,"map(to: a)",256,64,304,1,2,17,0,227.200984955
2,"map(to: a)",256,64,304,1,2,472,0,724.852085114
2,"map(to: a)",256,64,304,1,2,5042,0,5664.050579071
2,"map(to: a)",256,64,304,1,2,28,0,237.751007080
2,"map(to: a)",256,64,304,1,2,44,0,256.097316742
2,"map(to: a)",256,64,304,1,2,1218,0,1530.945301056
2,"map(to: a)",256,64,304,1,2,4,0,212.001800537
2,"map(to: a)",256,64,304,1,2,1955,0,2336.299419403
2,"map(to: a)",256,64,304,1,2,183,0,410.699844360
2,"map(to: a)",256,64,304,1,2,7,0,214.302539825
2,"map(to: a)",256,64,304,1,2,758,0,1030.254364014
2,"map(to: a)",256,64,304,1,2,1,0,208.508968353
2,"map(to: a)",256,64,304,1,2,3140,0,3625.261783600
2,"map(to: a)",256,64,304,1,2,8096,0,9001.791477203
2,"map(to: a)",256,64,304,1,2,3,0,209.653377533
2,"map(to: a)",256,64,304,1,2,114,0,335.848331451
2,"map(to: a)",256,64,304,1,2,11,0,219.154357910
2,"map(to: a)",256,64,304,1,2,294,0,531.554222107
2,"map(to: a)",256,64,304,1,3,1,0,208.044052124
2,"map(to: a)",256,64,304,1,3,17,0,227.093696594
2,"map(to: a)",256,64,304,1,3,294,0,531.542301178
2,"map(to: a)",256,64,304,1,3,5042,0,5682.551860809
2,"map(to: a)",256,64,304,1,3,114,0,335.550308228
2,"map(to: a)",256,64,304,1,3,28,0,237.798690796
2,"map(to: a)",256,64,304,1,3,1218,0,1533.448696136
2,"map(to: a)",256,64,304,1,3,2,0,208.389759064
2,"map(to: a)",256,64,304,1,3,3,0,209.498405457
2,"map(to: a)",256,64,304,1,3,4,0,211.846828461
2,"map(to: a)",256,64,304,1,3,758,0,1035.952568054
2,"map(to: a)",256,64,304,1,3,11,0,219.357013702
2,"map(to: a)",256,64,304,1,3,44,0,255.846977234
2,"map(to: a)",256,64,304,1,3,472,0,723.803043365
2,"map(to: a)",256,64,304,1,3,7,0,214.409828186
2,"map(to: a)",256,64,304,1,3,1955,0,2341.902256012
2,"map(to: a)",256,64,304,1,3,71,0,288.593769073
2,"map(to: a)",256,64,304,1,3,183,0,410.556793213
2,"map(to: a)",256,64,304,1,3,8096,0,9004.247188568
2,"map(to: a)",256,64,304,1,3,3140,0,3633.141517639
2,"map(to: a)",256,64,304,1,4,472,0,722.002983093
2,"map(to: a)",256,64,304,1,4,71,0,289.058685303
2,"map(to: a)",256,64,304,1,4,1,0,208.294391632
2,"map(to: a)",256,64,304,1,4,11,0,219.249725342
2,"map(to: a)",256,64,304,1,4,4,0,212.001800537
2,"map(to: a)",256,64,304,1,4,3140,0,3618.454933167
2,"map(to: a)",256,64,304,1,4,28,0,238.096714020
2,"map(to: a)",256,64,304,1,4,1218,0,1532.053947449
2,"map(to: a)",256,64,304,1,4,2,0,208.497047424
2,"map(to: a)",256,64,304,1,4,183,0,410.306453705
2,"map(to: a)",256,64,304,1,4,5042,0,5690.050125122
2,"map(to: a)",256,64,304,1,4,114,0,335.907936096
2,"map(to: a)",256,64,304,1,4,3,0,210.094451904
2,"map(to: a)",256,64,304,1,4,44,0,256.502628326
2,"map(to: a)",256,64,304,1,4,758,0,1034.498214722
2,"map(to: a)",256,64,304,1,4,8096,0,9008.705615997
2,"map(to: a)",256,64,304,1,4,1955,0,2332.293987274
2,"map(to: a)",256,64,304,1,4,294,0,531.411170959
2,"map(to: a)",256,64,304,1,4,7,0,214.648246765
2,"map(to: a)",256,64,304,1,4,17,0,226.795673370
2,"map(to: a)",1024,64,304,0,0,7,0,216.543674469
2,"map(to: a)",1024,64,304,0,0,114,0,336.039066315
2,"map(to: a)",1024,64,304,0,0,3,0,209.999084473
2,"map(to: a)",1024,64,304,0,0,17,0,227.105617523
2,"map(to: a)",1024,64,304,0,0,1,0,208.950042725
2,"map(to: a)",1024,64,304,0,0,44,0,256.550312042
2,"map(to: a)",1024,64,304,0,0,294,0,531.649589539
2,"map(to: a)",1024,64,304,0,0,3140,0,3628.945350647
2,"map(to: a)",1024,64,304,0,0,4,0,212.502479553
2,"map(to: a)",1024,64,304,0,0,1955,0,2338.004112244
2,"map(to: a)",1024,64,304,0,0,183,0,411.355495453
2,"map(to: a)",1024,64,304,0,0,8096,0,9007.441997528
2,"map(to: a)",1024,64,304,0,0,758,0,1031.398773193
2,"map(to: a)",1024,64,304,0,0,71,0,289.547443390
2,"map(to: a)",1024,64,304,0,0,2,0,208.902359009
2,"map(to: a)",1024,64,304,0,0,11,0,219.547748566
2,"map(to: a)",1024,64,304,0,0,28,0,238.144397736
2,"map(to: a)",1024,64,304,0,0,5042,0,5671.942234039
2,"map(to: a)",1024,64,304,0,0,1218,0,1534.593105316
2,"map(to: a)",1024,64,304,0,0,472,0,724.601745605
2,"map(to: a)",1024,64,304,0,1,4,0,212.240219116
2,"map(to: a)",1024,64,304,0,1,1,0,208.497047424
2,"map(to: a)",1024,64,304,0,1,17,0,227.403640747
2,"map(to: a)",1024,64,304,0,1,28,0,238.251686096
2,"map(to: a)",1024,64,304,0,1,11,0,219.106674194
2,"map(to: a)",1024,64,304,0,1,3140,0,3621.149063110
2,"map(to: a)",1024,64,304,0,1,2,0,208.699703217
2,"map(to: a)",1024,64,304,0,1,758,0,1034.998893738
2,"map(to: a)",1024,64,304,0,1,1218,0,1525.056362152
2,"map(to: a)",1024,64,304,0,1,44,0,256.609916687
2,"map(to: a)",1024,64,304,0,1,71,0,289.142131805
2,"map(to: a)",1024,64,304,0,1,114,0,336.503982544
2,"map(to: a)",1024,64,304,0,1,294,0,530.350208282
2,"map(to: a)",1024,64,304,0,1,7,0,214.850902557
2,"map(to: a)",1024,64,304,0,1,183,0,411.188602448
2,"map(to: a)",1024,64,304,0,1,8096,0,8992.350101471
2,"map(to: a)",1024,64,304,0,1,472,0,726.449489594
2,"map(to: a)",1024,64,304,0,1,1955,0,2339.148521423
2,"map(to: a)",1024,64,304,0,1,3,0,209.999084473
2,"map(to: a)",1024,64,304,0,1,5042,0,5687.904357910
2,"map(to: a)",1024,64,304,0,2,3,0,210.142135620
2,"map(to: a)",1024,64,304,0,2,44,0,256.848335266
2,"map(to: a)",1024,64,304,0,2,1,0,209.057331085
2,"map(to: a)",1024,64,304,0,2,183,0,412.845611572
2,"map(to: a)",1024,64,304,0,2,294,0,534.355640411
2,"map(to: a)",1024,64,304,0,2,5042,0,5685.055255890
2,"map(to: a)",1024,64,304,0,2,7,0,215.351581573
2,"map(to: a)",1024,64,304,0,2,8096,0,9006.798267365
2,"map(to: a)",1024,64,304,0,2,2,0,208.401679993
2,"map(to: a)",1024,64,304,0,2,114,0,335.943698883
2,"map(to: a)",1024,64,304,0,2,71,0,289.344787598
2,"map(to: a)",1024,64,304,0,2,1955,0,2338.206768036
2,"map(to: a)",1024,64,304,0,2,17,0,227.093696594
2,"map(to: a)",1024,64,304,0,2,472,0,723.695755005
2,"map(to: a)",1024,64,304,0,2,11,0,219.655036926
2,"map(to: a)",1024,64,304,0,2,1218,0,1531.505584717
2,"map(to: a)",1024,64,304,0,2,4,0,212.109088898
2,"map(to: a)",1024,64,304,0,2,3140,0,3619.790077209
2,"map(to: a)",1024,64,304,0,2,758,0,1036.500930786
2,"map(to: a)",1024,64,304,0,2,28,0,237.953662872
2,"map(to: a)",1024,64,304,0,3,11,0,219.249725342
2,"map(to: a)",1024,64,304,0,3,4,0,212.359428406
2,"map(to: a)",1024,64,304,0,3,5042,0,5693.149566650
2,"map(to: a)",1024,64,304,0,3,183,0,411.200523376
2,"map(to: a)",1024,64,304,0,3,17,0,226.855278015
2,"map(to: a)",1024,64,304,0,3,3,0,210.499763489
2,"map(to: a)",1024,64,304,0,3,28,0,238.096714020
2,"map(to: a)",1024,64,304,0,3,1218,0,1533.949375153
2,"map(to: a)",1024,64,304,0,3,114,0,335.848331451
2,"map(to: a)",1024,64,304,0,3,758,0,1032.805442810
2,"map(to: a)",1024,64,304,0,3,1955,0,2344.751358032
2,"map(to: a)",1024,64,304,0,3,472,0,724.399089813
2,"map(to: a)",1024,64,304,0,3,7,0,214.958190918
2,"map(to: a)",1024,64,304,0,3,44,0,256.443023682
2,"map(to: a)",1024,64,304,0,3,3140,0,3633.904457092
2,"map(to: a)",1024,64,304,0,3,8096,0,9001.398086548
2,"map(to: a)",1024,64,304,0,3,71,0,289.499759674
2,"map(to: a)",1024,64,304,0,3,1,0,208.544731140
2,"map(to: a)",1024,64,304,0,3,2,0,208.604335785
2,"map(to: a)",1024,64,304,0,3,294,0,531.899929047
2,"map(to: a)",1024,64,304,0,4,3,0,211.644172668
2,"map(to: a)",1024,64,304,0,4,8096,0,8986.556529999
2,"map(to: a)",1024,64,304,0,4,1,0,208.795070648
2,"map(to: a)",1024,64,304,0,4,28,0,238.144397736
2,"map(to: a)",1024,64,304,0,4,17,0,226.998329163
2,"map(to: a)",1024,64,304,0,4,5042,0,5689.847469330
2,"map(to: a)",1024,64,304,0,4,7,0,215.947628021
2,"map(to: a)",1024,64,304,0,4,114,0,336.456298828
2,"map(to: a)",1024,64,304,0,4,44,0,256.395339966
2,"map(to: a)",1024,64,304,0,4,2,0,208.997726440
2,"map(to: a)",1024,64,304,0,4,294,0,532.698631287
2,"map(to: a)",1024,64,304,0,4,758,0,1034.450531006
2,"map(to: a)",1024,64,304,0,4,183,0,410.294532776
2,"map(to: a)",1024,64,304,0,4,4,0,212.240219116
2,"map(to: a)",1024,64,304,0,4,1218,0,1535.701751709
2,"map(to: a)",1024,64,304,0,4,71,0,289.797782898
2,"map(to: a)",1024,64,304,0,4,1955,0,2328.491210938
2,"map(to: a)",1024,64,304,0,4,11,0,219.249725342
2,"map(to: a)",1024,64,304,0,4,472,0,724.995136261
2,"map(to: a)",1024,64,304,0,4,3140,0,3631.246089935
2,"map(to: a)",1024,64,304,1,0,2,0,208.950042725
2,"map(to: a)",1024,64,304,1,0,4,0,212.347507477
2,"map(to: a)",1024,64,304,1,0,472,0,726.652145386
2,"map(to: a)",1024,64,304,1,0,3140,0,3633.797168732
2,"map(to: a)",1024,64,304,1,0,183,0,414.752960205
2,"map(to: a)",1024,64,304,1,0,28,0,242.900848389
2,"map(to: a)",1024,64,304,1,0,71,0,291.657447815
2,"map(to: a)",1024,64,304,1,0,1218,0,1531.755924225
2,"map(to: a)",1024,64,304,1,0,294,0,530.898571014
2,"map(to: a)",1024,64,304,1,0,1,0,208.604335785
2,"map(to: a)",1024,64,304,1,0,7,0,214.803218842
2,"map(to: a)",1024,64,304,1,0,1955,0,2340.495586395
2,"map(to: a)",1024,64,304,1,0,758,0,1031.398773193
2,"map(to: a)",1024,64,304,1,0,114,0,335.752964020
2,"map(to: a)",1024,64,304,1,0,11,0,219.500064850
2,"map(to: a)",1024,64,304,1,0,3,0,210.249423981
2,"map(to: a)",1024,64,304,1,0,8096,0,8958.792686462
2,"map(to: a)",1024,64,304,1,0,44,0,256.800651550
2,"map(to: a)",1024,64,304,1,0,17,0,227.451324463
2,"map(to: a)",1024,64,304,1,0,5042,0,5694.651603699
2,"map(to: a)",1024,64,304,1,1,758,0,1030.600070953
2,"map(to: a)",1024,64,304,1,1,3,0,209.891796112
2,"map(to: a)",1024,64,304,1,1,3140,0,3634.202480316
2,"map(to: a)",1024,64,304,1,1,1955,0,2339.446544647
2,"map(to: a)",1024,64,304,1,1,44,0,256.490707397
2,"map(to: a)",1024,64,304,1,1,17,0,227.606296539
2,"map(to: a)",1024,64,304,1,1,294,0,532.352924347
2,"map(to: a)",1024,64,304,1,1,28,0,238.251686096
2,"map(to: a)",1024,64,304,1,1,114,0,336.003303528
2,"map(to: a)",1024,64,304,1,1,2,0,209.105014801
2,"map(to: a)",1024,64,304,1,1,7,0,214.958190918
2,"map(to: a)",1024,64,304,1,1,183,0,410.842895508
2,"map(to: a)",1024,64,304,1,1,8096,0,8951.544761658
2,"map(to: a)",1024,64,304,1,1,11,0,219.607353210
2,"map(to: a)",1024,64,304,1,1,1,0,209.057331085
2,"map(to: a)",1024,64,304,1,1,1218,0,1532.649993896
2,"map(to: a)",1024,64,304,1,1,472,0,722.146034241
2,"map(to: a)",1024,64,304,1,1,71,0,289.404392242
2,"map(to: a)",1024,64,304,1,1,5042,0,5692.005157471
2,"map(to: a)",1024,64,304,1,1,4,0,212.395191193
2,"map(to: a)",1024,64,304,1,2,2,0,208.544731140
2,"map(to: a)",1024,64,304,1,2,71,0,289.261341095
2,"map(to: a)",1024,64,304,1,2,17,0,227.451324463
2,"map(to: a)",1024,64,304,1,2,472,0,724.148750305
2,"map(to: a)",1024,64,304,1,2,5042,0,5667.591094971
2,"map(to: a)",1024,64,304,1,2,28,0,238.490104675
2,"map(to: a)",1024,64,304,1,2,44,0,256.550312042
2,"map(to: a)",1024,64,304,1,2,1218,0,1532.196998596
2,"map(to: a)",1024,64,304,1,2,4,0,212.001800537
2,"map(to: a)",1024,64,304,1,2,1955,0,2339.494228363
2,"map(to: a)",1024,64,304,1,2,183,0,411.295890808
2,"map(to: a)",1024,64,304,1,2,7,0,214.946269989
2,"map(to: a)",1024,64,304,1,2,758,0,1030.302047729
2,"map(to: a)",1024,64,304,1,2,1,0,208.449363708
2,"map(to: a)",1024,64,304,1,2,3140,0,3629.004955292
2,"map(to: a)",1024,64,304,1,2,8096,0,9011.554718018
2,"map(to: a)",1024,64,304,1,2,3,0,210.499763489
2,"map(to: a)",1024,64,304,1,2,114,0,335.848331451
2,"map(to: a)",1024,64,304,1,2,11,0,219.547748566
2,"map(to: a)",1024,64,304,1,2,294,0,531.399250031
2,"map(to: a)",1024,64,304,1,3,1,0,208.604335785
2,"map(to: a)",1024,64,304,1,3,17,0,227.308273315
2,"map(to: a)",1024,64,304,1,3,294,0,532.209873199
2,"map(to: a)",1024,64,304,1,3,5042,0,5687.355995178
2,"map(to: a)",1024,64,304,1,3,114,0,336.003303528
2,"map(to: a)",1024,64,304,1,3,28,0,238.108634949
2,"map(to: a)",1024,64,304,1,3,1218,0,1535.296440125
2,"map(to: a)",1024,64,304,1,3,2,0,208.902359009
2,"map(to: a)",1024,64,304,1,3,3,0,210.046768188
2,"map(to: a)",1024,64,304,1,3,4,0,211.942195892
2,"map(to: a)",1024,64,304,1,3,758,0,1034.653186798
2,"map(to: a)",1024,64,304,1,3,11,0,219.297409058
2,"map(to: a)",1024,64,304,1,3,44,0,256.252288818
2,"map(to: a)",1024,64,304,1,3,472,0,724.351406097
2,"map(to: a)",1024,64,304,1,3,7,0,214.898586273
2,"map(to: a)",1024,64,304,1,3,1955,0,2347.254753113
2,"map(to: a)",1024,64,304,1,3,71,0,291.550159454
2,"map(to: a)",1024,64,304,1,3,183,0,411.105155945
2,"map(to: a)",1024,64,304,1,3,8096,0,9009.349346161
2,"map(to: a)",1024,64,304,1,3,3140,0,3624.594211578
2,"map(to: a)",1024,64,304,1,4,472,0,722.992420197
2,"map(to: a)",1024,64,304,1,4,71,0,289.201736450
2,"map(to: a)",1024,64,304,1,4,1,0,208.842754364
2,"map(to: a)",1024,64,304,1,4,11,0,219.345092773
2,"map(to: a)",1024,64,304,1,4,4,0,212.395191193
2,"map(to: a)",1024,64,304,1,4,3140,0,3620.994091034
2,"map(to: a)",1024,64,304,1,4,28,0,238.394737244
2,"map(to: a)",1024,64,304,1,4,1218,0,1532.852649689
2,"map(to: a)",1024,64,304,1,4,2,0,208.556652069
2,"map(to: a)",1024,64,304,1,4,183,0,411.057472229
2,"map(to: a)",1024,64,304,1,4,5042,0,5691.158771515
2,"map(to: a)",1024,64,304,1,4,114,0,336.146354675
2,"map(to: a)",1024,64,304,1,4,3,0,210.154056549
2,"map(to: a)",1024,64,304,1,4,44,0,256.848335266
2,"map(to: a)",1024,64,304,1,4,758,0,1035.356521606
2,"map(to: a)",1024,64,304,1,4,8096,0,8992.755413055
2,"map(to: a)",1024,64,304,1,4,1955,0,2334.642410278
2,"map(to: a)",1024,64,304,1,4,294,0,531.005859375
2,"map(to: a)",1024,64,304,1,4,7,0,214.648246765
2,"map(to: a)",1024,64,304,1,4,17,0,227.200984955
2,"map(to: a)",4096,64,304,0,0,7,0,218.260288239
2,"map(to: a)",4096,64,304,0,0,114,0,338.399410248
2,"map(to: a)",4096,64,304,0,0,3,0,211.298465729
2,"map(to: a)",4096,64,304,0,0,17,0,228.595733643
2,"map(to: a)",4096,64,304,0,0,1,0,209.546089172
2,"map(to: a)",4096,64,304,0,0,44,0,257.897377014
2,"map(to: a)",4096,64,304,0,0,294,0,534.701347351
2,"map(to: a)",4096,64,304,0,0,3140,0,3640.198707581
2,"map(to: a)",4096,64,304,0,0,4,0,213.551521301
2,"map(to: a)",4096,64,304,0,0,1955,0,2346.253395081
2,"map(to: a)",4096,64,304,0,0,183,0,414.001941681
2,"map(to: a)",4096,64,304,0,0,8096,0,9015.047550201
2,"map(to: a)",4096,64,304,0,0,758,0,1034.796237946
2,"map(to: a)",4096,64,304,0,0,71,0,291.693210602
2,"map(to: a)",4096,64,304,0,0,2,0,210.249423981
2,"map(to: a)",4096,64,304,0,0,11,0,220.799446106
2,"map(to: a)",4096,64,304,0,0,28,0,239.348411560
2,"map(to: a)",4096,64,304,0,0,5042,0,5689.740180969
2,"map(to: a)",4096,64,304,0,0,1218,0,1540.899276733
2,"map(to: a)",4096,64,304,0,0,472,0,727.593898773
2,"map(to: a)",4096,64,304,0,1,4,0,213.396549225
2,"map(to: a)",4096,64,304,0,1,1,0,209.891796112
2,"map(to: a)",4096,64,304,0,1,17,0,228.643417358
2,"map(to: a)",4096,64,304,0,1,28,0,239.503383636
2,"map(to: a)",4096,64,304,0,1,11,0,220.751762390
2,"map(to: a)",4096,64,304,0,1,3140,0,3634.095191956
2,"map(to: a)",4096,64,304,0,1,2,0,209.999084473
2,"map(to: a)",4096,64,304,0,1,758,0,1039.409637451
2,"map(to: a)",4096,64,304,0,1,1218,0,1531.255245209
2,"map(to: a)",4096,64,304,0,1,44,0,257.647037506
2,"map(to: a)",4096,64,304,0,1,71,0,292.003154755
2,"map(to: a)",4096,64,304,0,1,114,0,338.494777679
2,"map(to: a)",4096,64,304,0,1,294,0,532.853603363
2,"map(to: a)",4096,64,304,0,1,7,0,216.054916382
2,"map(to: a)",4096,64,304,0,1,183,0,413.751602173
2,"map(to: a)",4096,64,304,0,1,8096,0,9021.151065826
2,"map(to: a)",4096,64,304,0,1,472,0,726.091861725
2,"map(to: a)",4096,64,304,0,1,1955,0,2346.491813660
2,"map(to: a)",4096,64,304,0,1,3,0,211.250782013
2,"map(to: a)",4096,64,304,0,1,5042,0,5708.301067352
2,"map(to: a)",4096,64,304,0,2,3,0,210.905075073
2,"map(to: a)",4096,64,304,0,2,44,0,257.849693298
2,"map(to: a)",4096,64,304,0,2,1,0,209.701061249
2,"map(to: a)",4096,64,304,0,2,183,0,413.608551025
2,"map(to: a)",4096,64,304,0,2,294,0,532.698631287
2,"map(to: a)",4096,64,304,0,2,5042,0,5703.055858612
2,"map(to: a)",4096,64,304,0,2,7,0,216.090679169
2,"map(to: a)",4096,64,304,0,2,8096,0,9017.300605774
2,"map(to: a)",4096,64,304,0,2,2,0,209.748744965
2,"map(to: a)",4096,64,304,0,2,114,0,337.803363800
2,"map(to: a)",4096,64,304,0,2,71,0,291.490554810
2,"map(to: a)",4096,64,304,0,2,1955,0,2353.453636169
2,"map(to: a)",4096,64,304,0,2,17,0,229.096412659
2,"map(to: a)",4096,64,304,0,2,472,0,726.842880249
2,"map(to: a)",4096,64,304,0,2,11,0,220.799446106
2,"map(to: a)",4096,64,304,0,2,1218,0,1536.595821381
2,"map(to: a)",4096,64,304,0,2,4,0,213.348865509
2,"map(to: a)",4096,64,304,0,2,3140,0,3634.750843048
2,"map(to: a)",4096,64,304,0,2,758,0,1039.350032806
2,"map(to: a)",4096,64,304,0,2,28,0,239.455699921
2,"map(to: a)",4096,64,304,0,3,11,0,220.751762390
2,"map(to: a)",4096,64,304,0,3,4,0,213.551521301
2,"map(to: a)",4096,64,304,0,3,5042,0,5709.111690521
2,"map(to: a)",4096,64,304,0,3,183,0,413.894653320
2,"map(to: a)",4096,64,304,0,3,17,0,228.548049927
2,"map(to: a)",4096,64,304,0,3,3,0,211.393833160
2,"map(to: a)",4096,64,304,0,3,28,0,239.741802216
2,"map(to: a)",4096,64,304,0,3,1218,0,1536.500453949
2,"map(to: a)",4096,64,304,0,3,114,0,338.196754456
2,"map(to: a)",4096,64,304,0,3,758,0,1037.096977234
2,"map(to: a)",4096,64,304,0,3,1955,0,2352.750301361
2,"map(to: a)",4096,64,304,0,3,472,0,727.808475494
2,"map(to: a)",4096,64,304,0,3,7,0,216.209888458
2,"map(to: a)",4096,64,304,0,3,44,0,257.897377014
2,"map(to: a)",4096,64,304,0,3,3140,0,3637.099266052
2,"map(to: a)",4096,64,304,0,3,8096,0,9026.849269867
2,"map(to: a)",4096,64,304,0,3,71,0,291.192531586
2,"map(to: a)",4096,64,304,0,3,1,0,209.903717041
2,"map(to: a)",4096,64,304,0,3,2,0,210.046768188
2,"map(to: a)",4096,64,304,0,3,294,0,534.200668335
2,"map(to: a)",4096,64,304,0,4,3,0,211.048126221
2,"map(to: a)",4096,64,304,0,4,8096,0,9018.993377686
2,"map(to: a)",4096,64,304,0,4,1,0,209.796428680
2,"map(to: a)",4096,64,304,0,4,28,0,239.396095276
2,"map(to: a)",4096,64,304,0,4,17,0,229.001045227
2,"map(to: a)",4096,64,304,0,4,5042,0,5694.997310638
2,"map(to: a)",4096,64,304,0,4,7,0,216.305255890
2,"map(to: a)",4096,64,304,0,4,114,0,338.447093964
2,"map(to: a)",4096,64,304,0,4,44,0,257.647037506
2,"map(to: a)",4096,64,304,0,4,2,0,209.856033325
2,"map(to: a)",4096,64,304,0,4,294,0,534.594058990
2,"map(to: a)",4096,64,304,0,4,758,0,1038.849353790
2,"map(to: a)",4096,64,304,0,4,183,0,412.499904633
2,"map(to: a)",4096,64,304,0,4,4,0,213.551521301
2,"map(to: a)",4096,64,304,0,4,1218,0,1538.300514221
2,"map(to: a)",4096,64,304,0,4,71,0,291.752815247
2,"map(to: a)",4096,64,304,0,4,1955,0,2337.193489075
2,"map(to: a)",4096,64,304,0,4,11,0,220.894813538
2,"map(to: a)",4096,64,304,0,4,472,0,727.808475494
2,"map(to: a)",4096,64,304,0,4,3140,0,3641.545772552
2,"map(to: a)",4096,64,304,1,0,2,0,209.808349609
2,"map(to: a)",4096,64,304,1,0,4,0,213.491916656
2,"map(to: a)",4096,64,304,1,0,472,0,728.344917297
2,"map(to: a)",4096,64,304,1,0,3140,0,3632.950782776
2,"map(to: a)",4096,64,304,1,0,183,0,413.000583649
2,"map(to: a)",4096,64,304,1,0,28,0,239.610671997
2,"map(to: a)",4096,64,304,1,0,71,0,291.752815247
2,"map(to: a)",4096,64,304,1,0,1218,0,1537.406444550
2,"map(to: a)",4096,64,304,1,0,294,0,532.996654510
2,"map(to: a)",4096,64,304,1,0,1,0,209.701061249
2,"map(to: a)",4096,64,304,1,0,7,0,216.042995453
2,"map(to: a)",4096,64,304,1,0,1955,0,2347.958087921
2,"map(to: a)",4096,64,304,1,0,758,0,1034.104824066
2,"map(to: a)",4096,64,304,1,0,114,0,345.456600189
2,"map(to: a)",4096,64,304,1,0,11,0,227.689743042
2,"map(to: a)",4096,64,304,1,0,3,0,215.494632721
2,"map(to: a)",4096,64,304,1,0,8096,0,8979.558944702
2,"map(to: a)",4096,64,304,1,0,44,0,270.652770996
2,"map(to: a)",4096,64,304,1,0,17,0,236.356258392
2,"map(to: a)",4096,64,304,1,0,5042,0,5697.154998779
2,"map(to: a)",4096,64,304,1,1,758,0,1034.653186798
2,"map(to: a)",4096,64,304,1,1,3,0,211.048126221
2,"map(to: a)",4096,64,304,1,1,3140,0,3645.753860474
2,"map(to: a)",4096,64,304,1,1,1955,0,2346.849441528
2,"map(to: a)",4096,64,304,1,1,44,0,257.897377014
2,"map(to: a)",4096,64,304,1,1,17,0,228.643417358
2,"map(to: a)",4096,64,304,1,1,294,0,534.999370575
2,"map(to: a)",4096,64,304,1,1,28,0,239.503383636
2,"map(to: a)",4096,64,304,1,1,114,0,337.648391724
2,"map(to: a)",4096,64,304,1,1,2,0,210.249423981
2,"map(to: a)",4096,64,304,1,1,7,0,215.899944305
2,"map(to: a)",4096,64,304,1,1,183,0,413.644313812
2,"map(to: a)",4096,64,304,1,1,8096,0,8986.842632294
2,"map(to: a)",4096,64,304,1,1,11,0,221.145153046
2,"map(to: a)",4096,64,304,1,1,1,0,210.011005402
2,"map(to: a)",4096,64,304,1,1,1218,0,1538.598537445
2,"map(to: a)",4096,64,304,1,1,472,0,724.947452545
2,"map(to: a)",4096,64,304,1,1,71,0,291.347503662
2,"map(to: a)",4096,64,304,1,1,5042,0,5711.448192596
2,"map(to: a)",4096,64,304,1,1,4,0,213.503837585
2,"map(to: a)",4096,64,304,1,2,2,0,209.844112396
2,"map(to: a)",4096,64,304,1,2,71,0,291.407108307
2,"map(to: a)",4096,64,304,1,2,17,0,228.857994080
2,"map(to: a)",4096,64,304,1,2,472,0,727.748870850
2,"map(to: a)",4096,64,304,1,2,5042,0,5688.297748566
2,"map(to: a)",4096,64,304,1,2,28,0,239.646434784
2,"map(to: a)",4096,64,304,1,2,44,0,258.302688599
2,"map(to: a)",4096,64,304,1,2,1218,0,1537.156105042
2,"map(to: a)",4096,64,304,1,2,4,0,213.205814362
2,"map(to: a)",4096,64,304,1,2,1955,0,2347.552776337
2,"map(to: a)",4096,64,304,1,2,183,0,413.906574249
2,"map(to: a)",4096,64,304,1,2,7,0,216.305255890
2,"map(to: a)",4096,64,304,1,2,758,0,1033.759117126
2,"map(to: a)",4096,64,304,1,2,1,0,209.748744965
2,"map(to: a)",4096,64,304,1,2,3140,0,3640.556335449
2,"map(to: a)",4096,64,304,1,2,8096,0,9014.248847961
2,"map(to: a)",4096,64,304,1,2,3,0,211.107730865
2,"map(to: a)",4096,64,304,1,2,114,0,338.041782379
2,"map(to: a)",4096,64,304,1,2,11,0,220.906734467
2,"map(to: a)",4096,64,304,1,2,294,0,533.950328827
2,"map(to: a)",4096,64,304,1,3,1,0,209.903717041
2,"map(to: a)",4096,64,304,1,3,17,0,228.655338287
2,"map(to: a)",4096,64,304,1,3,294,0,535.154342651
2,"map(to: a)",4096,64,304,1,3,5042,0,5712.699890137
2,"map(to: a)",4096,64,304,1,3,114,0,338.399410248
2,"map(to: a)",4096,64,304,1,3,28,0,239.741802216
2,"map(to: a)",4096,64,304,1,3,1218,0,1537.549495697
2,"map(to: a)",4096,64,304,1,3,2,0,210.392475128
2,"map(to: a)",4096,64,304,1,3,3,0,211.107730865
2,"map(to: a)",4096,64,304,1,3,4,0,214.147567749
2,"map(to: a)",4096,64,304,1,3,758,0,1039.004325867
2,"map(to: a)",4096,64,304,1,3,11,0,237.095355988
2,"map(to: a)",4096,64,304,1,3,44,0,269.198417664
2,"map(to: a)",4096,64,304,1,3,472,0,727.701187134
2,"map(to: a)",4096,64,304,1,3,7,0,216.257572174
2,"map(to: a)",4096,64,304,1,3,1955,0,2346.193790436
2,"map(to: a)",4096,64,304,1,3,71,0,291.502475739
2,"map(to: a)",4096,64,304,1,3,183,0,413.203239441
2,"map(to: a)",4096,64,304,1,3,8096,0,9048.199653625
2,"map(to: a)",4096,64,304,1,3,3140,0,3639.543056488
2,"map(to: a)",4096,64,304,1,4,472,0,726.497173309
2,"map(to: a)",4096,64,304,1,4,71,0,291.192531586
2,"map(to: a)",4096,64,304,1,4,1,0,209.701061249
2,"map(to: a)",4096,64,304,1,4,11,0,220.799446106
2,"map(to: a)",4096,64,304,1,4,4,0,213.694572449
2,"map(to: a)",4096,64,304,1,4,3140,0,3633.308410645
2,"map(to: a)",4096,64,304,1,4,28,0,239.801406860
2,"map(to: a)",4096,64,304,1,4,1218,0,1539.504528046
2,"map(to: a)",4096,64,304,1,4,2,0,209.796428680
2,"map(to: a)",4096,64,304,1,4,183,0,413.358211517
2,"map(to: a)",4096,64,304,1,4,5042,0,5714.046955109
2,"map(to: a)",4096,64,304,1,4,114,0,338.351726532
2,"map(to: a)",4096,64,304,1,4,3,0,211.453437805
2,"map(to: a)",4096,64,304,1,4,44,0,258.004665375
2,"map(to: a)",4096,64,304,1,4,758,0,1040.303707123
2,"map(to: a)",4096,64,304,1,4,8096,0,9029.495716095
2,"map(to: a)",4096,64,304,1,4,1955,0,2342.140674591
2,"map(to: a)",4096,64,304,1,4,294,0,533.652305603
2,"map(to: a)",4096,64,304,1,4,7,0,216.150283813
2,"map(to: a)",4096,64,304,1,4,17,0,228.893756866
2,"map(to: a)",16384,64,304,0,0,7,0,233.554840088
2,"map(to: a)",16384,64,304,0,0,114,0,339.603424072
2,"map(to: a)",16384,64,304,0,0,3,0,217.545032501
2,"map(to: a)",16384,64,304,0,0,17,0,234.901905060
2,"map(to: a)",16384,64,304,0,0,1,0,216.400623322
2,"map(to: a)",16384,64,304,0,0,44,0,264.251232147
2,"map(to: a)",16384,64,304,0,0,294,0,535.345077515
2,"map(to: a)",16384,64,304,0,0,3140,0,3637.301921844
2,"map(to: a)",16384,64,304,0,0,4,0,220.251083374
2,"map(to: a)",16384,64,304,0,0,1955,0,2352.499961853
2,"map(to: a)",16384,64,304,0,0,183,0,415.301322937
2,"map(to: a)",16384,64,304,0,0,8096,0,9023.451805115
2,"map(to: a)",16384,64,304,0,0,758,0,1036.393642426
2,"map(to: a)",16384,64,304,0,0,71,0,293.242931366
2,"map(to: a)",16384,64,304,0,0,2,0,216.400623322
2,"map(to: a)",16384,64,304,0,0,11,0,227.260589600
2,"map(to: a)",16384,64,304,0,0,28,0,245.642662048
2,"map(to: a)",16384,64,304,0,0,5042,0,5694.103240967
2,"map(to: a)",16384,64,304,0,0,1218,0,1540.255546570
2,"map(to: a)",16384,64,304,0,0,472,0,729.191303253
2,"map(to: a)",16384,64,304,0,1,4,0,220.155715942
2,"map(to: a)",16384,64,304,0,1,1,0,216.448307037
2,"map(to: a)",16384,64,304,0,1,17,0,234.854221344
2,"map(to: a)",16384,64,304,0,1,28,0,245.642662048
2,"map(to: a)",16384,64,304,0,1,11,0,227.248668671
2,"map(to: a)",16384,64,304,0,1,3140,0,3633.904457092
2,"map(to: a)",16384,64,304,0,1,2,0,216.448307037
2,"map(to: a)",16384,64,304,0,1,758,0,1037.895679474
2,"map(to: a)",16384,64,304,0,1,1218,0,1533.555984497
2,"map(to: a)",16384,64,304,0,1,44,0,264.000892639
2,"map(to: a)",16384,64,304,0,1,71,0,293.552875519
2,"map(to: a)",16384,64,304,0,1,114,0,339.746475220
2,"map(to: a)",16384,64,304,0,1,294,0,534.248352051
2,"map(to: a)",16384,64,304,0,1,7,0,222.301483154
2,"map(to: a)",16384,64,304,0,1,183,0,414.800643921
2,"map(to: a)",16384,64,304,0,1,8096,0,9029.841423035
2,"map(to: a)",16384,64,304,0,1,472,0,726.246833801
2,"map(to: a)",16384,64,304,0,1,1955,0,2350.592613220
2,"map(to: a)",16384,64,304,0,1,3,0,217.902660370
2,"map(to: a)",16384,64,304,0,1,5042,0,5709.457397461
2,"map(to: a)",16384,64,304,0,2,3,0,217.700004578
2,"map(to: a)",16384,64,304,0,2,44,0,264.203548431
2,"map(to: a)",16384,64,304,0,2,1,0,216.805934906
2,"map(to: a)",16384,64,304,0,2,183,0,414.407253265
2,"map(to: a)",16384,64,304,0,2,294,0,533.938407898
2,"map(to: a)",16384,64,304,0,2,5042,0,5692.744255066
2,"map(to: a)",16384,64,304,0,2,7,0,222.551822662
2,"map(to: a)",16384,64,304,0,2,8096,0,9014.451503754
2,"map(to: a)",16384,64,304,0,2,2,0,216.007232666
2,"map(to: a)",16384,64,304,0,2,114,0,339.901447296
2,"map(to: a)",16384,64,304,0,2,71,0,293.505191803
2,"map(to: a)",16384,64,304,0,2,1955,0,2353.298664093
2,"map(to: a)",16384,64,304,0,2,17,0,234.758853912
2,"map(to: a)",16384,64,304,0,2,472,0,728.404521942
2,"map(to: a)",16384,64,304,0,2,11,0,226.998329163
2,"map(to: a)",16384,64,304,0,2,1218,0,1539.742946625
2,"map(to: a)",16384,64,304,0,2,4,0,219.953060150
2,"map(to: a)",16384,64,304,0,2,3140,0,3636.896610260
2,"map(to: a)",16384,64,304,0,2,758,0,1041.495800018
2,"map(to: a)",16384,64,304,0,2,28,0,245.654582977
2,"map(to: a)",16384,64,304,0,3,11,0,227.105617523
2,"map(to: a)",16384,64,304,0,3,4,0,223.851203918
2,"map(to: a)",16384,64,304,0,3,5042,0,5715.548992157
2,"map(to: a)",16384,64,304,0,3,183,0,414.907932281
2,"map(to: a)",16384,64,304,0,3,17,0,234.901905060
2,"map(to: a)",16384,64,304,0,3,3,0,217.401981354
2,"map(to: a)",16384,64,304,0,3,28,0,245.845317841
2,"map(to: a)",16384,64,304,0,3,1218,0,1538.348197937
2,"map(to: a)",16384,64,304,0,3,114,0,339.496135712
2,"map(to: a)",16384,64,304,0,3,758,0,1042.544841766
2,"map(to: a)",16384,64,304,0,3,1955,0,2356.600761414
2,"map(to: a)",16384,64,304,0,3,472,0,728.607177734
2,"map(to: a)",16384,64,304,0,3,7,0,222.194194794
2,"map(to: a)",16384,64,304,0,3,44,0,264.048576355
2,"map(to: a)",16384,64,304,0,3,3140,0,3645.205497742
2,"map(to: a)",16384,64,304,0,3,8096,0,9028.744697571
2,"map(to: a)",16384,64,304,0,3,71,0,293.147563934
2,"map(to: a)",16384,64,304,0,3,1,0,216.448307037
2,"map(to: a)",16384,64,304,0,3,2,0,216.400623322
2,"map(to: a)",16384,64,304,0,3,294,0,534.904003143
2,"map(to: a)",16384,64,304,0,4,3,0,217.545032501
2,"map(to: a)",16384,64,304,0,4,8096,0,9000.408649445
2,"map(to: a)",16384,64,304,0,4,1,0,216.841697693
2,"map(to: a)",16384,64,304,0,4,28,0,245.749950409
2,"map(to: a)",16384,64,304,0,4,17,0,234.949588776
2,"map(to: a)",16384,64,304,0,4,5042,0,5695.700645447
2,"map(to: a)",16384,64,304,0,4,7,0,222.694873810
2,"map(to: a)",16384,64,304,0,4,114,0,339.651107788
2,"map(to: a)",16384,64,304,0,4,44,0,264.143943787
2,"map(to: a)",16384,64,304,0,4,2,0,216.102600098
2,"map(to: a)",16384,64,304,0,4,294,0,535.392761230
2,"map(to: a)",16384,64,304,0,4,758,0,1040.601730347
2,"map(to: a)",16384,64,304,0,4,183,0,413.942337036
2,"map(to: a)",16384,64,304,0,4,4,0,219.750404358
2,"map(to: a)",16384,64,304,0,4,1218,0,1541.006565094
2,"map(to: a)",16384,64,304,0,4,71,0,292.944908142
2,"map(to: a)",16384,64,304,0,4,1955,0,2342.545986176
2,"map(to: a)",16384,64,304,0,4,11,0,226.950645447
2,"map(to: a)",16384,64,304,0,4,472,0,729.250907898
2,"map(to: a)",16384,64,304,0,4,3140,0,3639.447689056
2,"map(to: a)",16384,64,304,1,0,2,0,216.555595398
2,"map(to: a)",16384,64,304,1,0,4,0,219.905376434
2,"map(to: a)",16384,64,304,1,0,472,0,729.990005493
2,"map(to: a)",16384,64,304,1,0,3140,0,3641.903400421
2,"map(to: a)",16384,64,304,1,0,183,0,414.252281189
2,"map(to: a)",16384,64,304,1,0,28,0,245.702266693
2,"map(to: a)",16384,64,304,1,0,71,0,292.897224426
2,"map(to: a)",16384,64,304,1,0,1218,0,1539.051532745
2,"map(to: a)",16384,64,304,1,0,294,0,533.545017242
2,"map(to: a)",16384,64,304,1,0,1,0,216.352939606
2,"map(to: a)",16384,64,304,1,0,7,0,222.349166870
2,"map(to: a)",16384,64,304,1,0,1955,0,2353.501319885
2,"map(to: a)",16384,64,304,1,0,758,0,1035.749912262
2,"map(to: a)",16384,64,304,1,0,114,0,339.555740356
2,"map(to: a)",16384,64,304,1,0,11,0,227.153301239
2,"map(to: a)",16384,64,304,1,0,3,0,217.401981354
2,"map(to: a)",16384,64,304,1,0,8096,0,8985.650539398
2,"map(to: a)",16384,64,304,1,0,44,0,274.801254272
2,"map(to: a)",16384,64,304,1,0,17,0,252.699851990
2,"map(to: a)",16384,64,304,1,0,5042,0,5708.301067352
2,"map(to: a)",16384,64,304,1,1,758,0,1035.940647125
2,"map(to: a)",16384,64,304,1,1,3,0,217.342376709
2,"map(to: a)",16384,64,304,1,1,3140,0,3649.151325226
2,"map(to: a)",16384,64,304,1,1,1955,0,2352.499961853
2,"map(to: a)",16384,64,304,1,1,44,0,264.847278595
2,"map(to: a)",16384,64,304,1,1,17,0,234.794616699
2,"map(to: a)",16384,64,304,1,1,294,0,535.154342651
2,"map(to: a)",16384,64,304,1,1,28,0,245.893001556
2,"map(to: a)",16384,64,304,1,1,114,0,339.055061340
2,"map(to: a)",16384,64,304,1,1,2,0,216.352939606
2,"map(to: a)",16384,64,304,1,1,7,0,222.599506378
2,"map(to: a)",16384,64,304,1,1,183,0,414.907932281
2,"map(to: a)",16384,64,304,1,1,8096,0,8983.004093170
2,"map(to: a)",16384,64,304,1,1,11,0,227.046012878
2,"map(to: a)",16384,64,304,1,1,1,0,216.400623322
2,"map(to: a)",16384,64,304,1,1,1218,0,1535.606384277
2,"map(to: a)",16384,64,304,1,1,472,0,727.438926697
2,"map(to: a)",16384,64,304,1,1,71,0,292.754173279
2,"map(to: a)",16384,64,304,1,1,5042,0,5720.603466034
2,"map(to: a)",16384,64,304,1,1,4,0,220.048427582
2,"map(to: a)",16384,64,304,1,2,2,0,216.448307037
2,"map(to: a)",16384,64,304,1,2,71,0,293.099880219
2,"map(to: a)",16384,64,304,1,2,17,0,235.450267792
2,"map(to: a)",16384,64,304,1,2,472,0,731.503963470
2,"map(to: a)",16384,64,304,1,2,5042,0,5674.040317535
2,"map(to: a)",16384,64,304,1,2,28,0,245.797634125
2,"map(to: a)",16384,64,304,1,2,44,0,264.596939087
2,"map(to: a)",16384,64,304,1,2,1218,0,1541.256904602
2,"map(to: a)",16384,64,304,1,2,4,0,220.143795013
2,"map(to: a)",16384,64,304,1,2,1955,0,2352.905273438
2,"map(to: a)",16384,64,304,1,2,183,0,415.396690369
2,"map(to: a)",16384,64,304,1,2,7,0,222.551822662
2,"map(to: a)",16384,64,304,1,2,758,0,1036.298274994
2,"map(to: a)",16384,64,304,1,2,1,0,215.899944305
2,"map(to: a)",16384,64,304,1,2,3140,0,3651.201725006
2,"map(to: a)",16384,64,304,1,2,8096,0,9018.695354462
2,"map(to: a)",16384,64,304,1,2,3,0,217.854976654
2,"map(to: a)",16384,64,304,1,2,114,0,339.651107788
2,"map(to: a)",16384,64,304,1,2,11,0,227.248668671
2,"map(to: a)",16384,64,304,1,2,294,0,535.202026367
2,"map(to: a)",16384,64,304,1,3,1,0,216.245651245
2,"map(to: a)",16384,64,304,1,3,17,0,234.901905060
2,"map(to: a)",16384,64,304,1,3,294,0,535.142421722
2,"map(to: a)",16384,64,304,1,3,5042,0,5712.854862213
2,"map(to: a)",16384,64,304,1,3,114,0,339.198112488
2,"map(to: a)",16384,64,304,1,3,28,0,245.857238770
2,"map(to: a)",16384,64,304,1,3,1218,0,1538.407802582
2,"map(to: a)",16384,64,304,1,3,2,0,216.245651245
2,"map(to: a)",16384,64,304,1,3,3,0,217.795372009
2,"map(to: a)",16384,64,304,1,3,4,0,219.595432281
2,"map(to: a)",16384,64,304,1,3,758,0,1040.804386139
2,"map(to: a)",16384,64,304,1,3,11,0,227.248668671
2,"map(to: a)",16384,64,304,1,3,44,0,264.453887939
2,"map(to: a)",16384,64,304,1,3,472,0,727.856159210
2,"map(to: a)",16384,64,304,1,3,7,0,222.444534302
2,"map(to: a)",16384,64,304,1,3,1955,0,2353.453636169
2,"map(to: a)",16384,64,304,1,3,71,0,293.052196503
2,"map(to: a)",16384,64,304,1,3,183,0,414.705276489
2,"map(to: a)",16384,64,304,1,3,8096,0,9032.249450684
2,"map(to: a)",16384,64,304,1,3,3140,0,3649.401664734
2,"map(to: a)",16384,64,304,1,4,472,0,726.342201233
2,"map(to: a)",16384,64,304,1,4,71,0,292.956829071
2,"map(to: a)",16384,64,304,1,4,1,0,216.448307037
2,"map(to: a)",16384,64,304,1,4,11,0,227.057933807
2,"map(to: a)",16384,64,304,1,4,4,0,220.000743866
2,"map(to: a)",16384,64,304,1,4,3140,0,3640.043735504
2,"map(to: a)",16384,64,304,1,4,28,0,245.904922485
2,"map(to: a)",16384,64,304,1,4,1218,0,1536.297798157
2,"map(to: a)",16384,64,304,1,4,2,0,216.257572174
2,"map(to: a)",16384,64,304,1,4,183,0,413.954257965
2,"map(to: a)",16384,64,304,1,4,5042,0,5719.697475433
2,"map(to: a)",16384,64,304,1,4,114,0,339.746475220
2,"map(to: a)",16384,64,304,1,4,3,0,217.604637146
2,"map(to: a)",16384,64,304,1,4,44,0,264.453887939
2,"map(to: a)",16384,64,304,1,4,758,0,1042.294502258
2,"map(to: a)",16384,64,304,1,4,8096,0,9029.304981232
2,"map(to: a)",16384,64,304,1,4,1955,0,2342.343330383
2,"map(to: a)",16384,64,304,1,4,294,0,535.047054291
2,"map(to: a)",16384,64,304,1,4,7,0,222.349166870
2,"map(to: a)",16384,64,304,1,4,17,0,234.842300415
2,"map(to: a)",65536,64,304,0,0,7,0,237.393379211
2,"map(to: a)",65536,64,304,0,0,114,0,347.304344177
2,"map(to: a)",65536,64,304,0,0,3,0,225.245952606
2,"map(to: a)",65536,64,304,0,0,17,0,242.400169373
2,"map(to: a)",65536,64,304,0,0,1,0,223.803520203
2,"map(to: a)",65536,64,304,0,0,44,0,271.105766296
2,"map(to: a)",65536,64,304,0,0,294,0,543.558597565
2,"map(to: a)",65536,64,304,0,0,3140,0,3648.900985718
2,"map(to: a)",65536,64,304,0,0,4,0,227.451324463
2,"map(to: a)",65536,64,304,0,0,1955,0,2354.156970978
2,"map(to: a)",65536,64,304,0,0,183,0,422.453880310
2,"map(to: a)",65536,64,304,0,0,8096,0,9040.403366089
2,"map(to: a)",65536,64,304,0,0,758,0,1042.449474335
2,"map(to: a)",65536,64,304,0,0,71,0,300.145149231
2,"map(to: a)",65536,64,304,0,0,2,0,223.994255066
2,"map(to: a)",65536,64,304,0,0,11,0,234.544277191
2,"map(to: a)",65536,64,304,0,0,28,0,252.747535706
2,"map(to: a)",65536,64,304,0,0,5042,0,5707.406997681
2,"map(to: a)",65536,64,304,0,0,1218,0,1546.192169189
2,"map(to: a)",65536,64,304,0,0,472,0,737.047195435
2,"map(to: a)",65536,64,304,0,1,4,0,226.998329163
2,"map(to: a)",65536,64,304,0,1,1,0,224.101543427
2,"map(to: a)",65536,64,304,0,1,17,0,242.507457733
2,"map(to: a)",65536,64,304,0,1,28,0,253.105163574
2,"map(to: a)",65536,64,304,0,1,11,0,234.448909760
2,"map(to: a)",65536,64,304,0,1,3140,0,3648.746013641
2,"map(to: a)",65536,64,304,0,1,2,0,223.553180695
2,"map(to: a)",65536,64,304,0,1,758,0,1046.097278595
2,"map(to: a)",65536,64,304,0,1,1218,0,1540.601253510
2,"map(to: a)",65536,64,304,0,1,44,0,270.950794220
2,"map(to: a)",65536,64,304,0,1,71,0,300.502777100
2,"map(to: a)",65536,64,304,0,1,114,0,346.791744232
2,"map(to: a)",65536,64,304,0,1,294,0,540.852546692
2,"map(to: a)",65536,64,304,0,1,7,0,229.752063751
2,"map(to: a)",65536,64,304,0,1,183,0,422.358512878
2,"map(to: a)",65536,64,304,0,1,8096,0,9048.199653625
2,"map(to: a)",65536,64,304,0,1,472,0,733.804702759
2,"map(to: a)",65536,64,304,0,1,1955,0,2360.451221466
2,"map(to: a)",65536,64,304,0,1,3,0,225.341320038
2,"map(to: a)",65536,64,304,0,1,5042,0,5712.747573853
2,"map(to: a)",65536,64,304,0,2,3,0,225.150585175
2,"map(to: a)",65536,64,304,0,2,44,0,271.105766296
2,"map(to: a)",65536,64,304,0,2,1,0,223.743915558
2,"map(to: a)",65536,64,304,0,2,183,0,421.941280365
2,"map(to: a)",65536,64,304,0,2,294,0,541.710853577
2,"map(to: a)",65536,64,304,0,2,5042,0,5705.499649048
2,"map(to: a)",65536,64,304,0,2,7,0,229.847431183
2,"map(to: a)",65536,64,304,0,2,8096,0,9036.350250244
2,"map(to: a)",65536,64,304,0,2,2,0,223.553180695
2,"map(to: a)",65536,64,304,0,2,114,0,346.851348877
2,"map(to: a)",65536,64,304,0,2,71,0,300.550460815
2,"map(to: a)",65536,64,304,0,2,1955,0,2360.701560974
2,"map(to: a)",65536,64,304,0,2,17,0,242.257118225
2,"map(to: a)",65536,64,304,0,2,472,0,735.855102539
2,"map(to: a)",65536,64,304,0,2,11,0,234.293937683
2,"map(to: a)",65536,64,304,0,2,1218,0,1546.502113342
2,"map(to: a)",65536,64,304,0,2,4,0,227.153301239
2,"map(to: a)",65536,64,304,0,2,3140,0,3642.642498016
2,"map(to: a)",65536,64,304,0,2,758,0,1048.302650452
2,"map(to: a)",65536,64,304,0,2,28,0,253.140926361
2,"map(to: a)",65536,64,304,0,3,11,0,234.246253967
2,"map(to: a)",65536,64,304,0,3,4,0,227.093696594
2,"map(to: a)",65536,64,304,0,3,5042,0,5728.745460510
2,"map(to: a)",65536,64,304,0,3,183,0,421.905517578
2,"map(to: a)",65536,64,304,0,3,17,0,241.947174072
2,"map(to: a)",65536,64,304,0,3,3,0,224.757194519
2,"map(to: a)",65536,64,304,0,3,28,0,253.450870514
2,"map(to: a)",65536,64,304,0,3,1218,0,1544.547080994
2,"map(to: a)",65536,64,304,0,3,114,0,346.398353577
2,"map(to: a)",65536,64,304,0,3,758,0,1045.608520508
2,"map(to: a)",65536,64,304,0,3,1955,0,2363.598346710
2,"map(to: a)",65536,64,304,0,3,472,0,736.093521118
2,"map(to: a)",65536,64,304,0,3,7,0,229.799747467
2,"map(to: a)",65536,64,304,0,3,44,0,271.105766296
2,"map(to: a)",65536,64,304,0,3,3140,0,3656.840324402
2,"map(to: a)",65536,64,304,0,3,8096,0,9034.252166748
2,"map(to: a)",65536,64,304,0,3,71,0,300.109386444
2,"map(to: a)",65536,64,304,0,3,1,0,223.648548126
2,"map(to: a)",65536,64,304,0,3,2,0,223.851203918
2,"map(to: a)",65536,64,304,0,3,294,0,542.557239532
2,"map(to: a)",65536,64,304,0,4,3,0,224.900245667
2,"map(to: a)",65536,64,304,0,4,8096,0,9010.803699493
2,"map(to: a)",65536,64,304,0,4,1,0,223.755836487
2,"map(to: a)",65536,64,304,0,4,28,0,253.105163574
2,"map(to: a)",65536,64,304,0,4,17,0,262.200832367
2,"map(to: a)",65536,64,304,0,4,5042,0,5712.497234344
2,"map(to: a)",65536,64,304,0,4,7,0,229.954719543
2,"map(to: a)",65536,64,304,0,4,114,0,346.994400024
2,"map(to: a)",65536,64,304,0,4,44,0,271.046161652
2,"map(to: a)",65536,64,304,0,4,2,0,223.743915558
2,"map(to: a)",65536,64,304,0,4,294,0,542.891025543
2,"map(to: a)",65536,64,304,0,4,758,0,1047.241687775
2,"map(to: a)",65536,64,304,0,4,183,0,421.452522278
2,"map(to: a)",65536,64,304,0,4,4,0,227.093696594
2,"map(to: a)",65536,64,304,0,4,1218,0,1547.205448151
2,"map(to: a)",65536,64,304,0,4,71,0,300.455093384
2,"map(to: a)",65536,64,304,0,4,1955,0,2353.107929230
2,"map(to: a)",65536,64,304,0,4,11,0,234.651565552
2,"map(to: a)",65536,64,304,0,4,472,0,737.249851227
2,"map(to: a)",65536,64,304,0,4,3140,0,3652.548789978
2,"map(to: a)",65536,64,304,1,0,2,0,223.803520203
2,"map(to: a)",65536,64,304,1,0,4,0,227.093696594
2,"map(to: a)",65536,64,304,1,0,472,0,736.403465271
2,"map(to: a)",65536,64,304,1,0,3140,0,3651.940822601
2,"map(to: a)",65536,64,304,1,0,183,0,421.106815338
2,"map(to: a)",65536,64,304,1,0,28,0,253.105163574
2,"map(to: a)",65536,64,304,1,0,71,0,300.455093384
2,"map(to: a)",65536,64,304,1,0,1218,0,1546.895503998
2,"map(to: a)",65536,64,304,1,0,294,0,541.245937347
2,"map(to: a)",65536,64,304,1,0,1,0,223.243236542
2,"map(to: a)",65536,64,304,1,0,7,0,229.752063751
2,"map(to: a)",65536,64,304,1,0,1955,0,2358.949184418
2,"map(to: a)",65536,64,304,1,0,758,0,1042.950153351
2,"map(to: a)",65536,64,304,1,0,114,0,346.505641937
2,"map(to: a)",65536,64,304,1,0,11,0,234.544277191
2,"map(to: a)",65536,64,304,1,0,3,0,224.995613098
2,"map(to: a)",65536,64,304,1,0,8096,0,9007.549285889
2,"map(to: a)",65536,64,304,1,0,44,0,271.046161652
2,"map(to: a)",65536,64,304,1,0,17,0,242.245197296
2,"map(to: a)",65536,64,304,1,0,5042,0,5720.257759094
2,"map(to: a)",65536,64,304,1,1,758,0,1042.556762695
2,"map(to: a)",65536,64,304,1,1,3,0,224.947929382
2,"map(to: a)",65536,64,304,1,1,3140,0,3654.396533966
2,"map(to: a)",65536,64,304,1,1,1955,0,2361.440658569
2,"map(to: a)",65536,64,304,1,1,44,0,271.356105804
2,"map(to: a)",65536,64,304,1,1,17,0,242.400169373
2,"map(to: a)",65536,64,304,1,1,294,0,543.498992920
2,"map(to: a)",65536,64,304,1,1,28,0,253.200531006
2,"map(to: a)",65536,64,304,1,1,114,0,346.553325653
2,"map(to: a)",65536,64,304,1,1,2,0,223.648548126
2,"map(to: a)",65536,64,304,1,1,7,0,230.097770691
2,"map(to: a)",65536,64,304,1,1,183,0,421.941280365
2,"map(to: a)",65536,64,304,1,1,8096,0,9004.604816437
2,"map(to: a)",65536,64,304,1,1,11,0,234.651565552
2,"map(to: a)",65536,64,304,1,1,1,0,223.898887634
2,"map(to: a)",65536,64,304,1,1,1218,0,1543.593406677
2,"map(to: a)",65536,64,304,1,1,472,0,734.102725983
2,"map(to: a)",65536,64,304,1,1,71,0,300.145149231
2,"map(to: a)",65536,64,304,1,1,5042,0,5721.092224121
2,"map(to: a)",65536,64,304,1,1,4,0,234.603881836
2,"map(to: a)",65536,64,304,1,2,2,0,226.509571075
2,"map(to: a)",65536,64,304,1,2,71,0,300.347805023
2,"map(to: a)",65536,64,304,1,2,17,0,242.447853088
2,"map(to: a)",65536,64,304,1,2,472,0,736.641883850
2,"map(to: a)",65536,64,304,1,2,5042,0,5691.349506378
2,"map(to: a)",65536,64,304,1,2,28,0,253.152847290
2,"map(to: a)",65536,64,304,1,2,44,0,271.391868591
2,"map(to: a)",65536,64,304,1,2,1218,0,1543.951034546
2,"map(to: a)",65536,64,304,1,2,4,0,227.391719818
2,"map(to: a)",65536,64,304,1,2,1955,0,2355.849742889
2,"map(to: a)",65536,64,304,1,2,183,0,422.596931458
2,"map(to: a)",65536,64,304,1,2,7,0,229.859352112
2,"map(to: a)",65536,64,304,1,2,758,0,1043.903827667
2,"map(to: a)",65536,64,304,1,2,1,0,223.696231842
2,"map(to: a)",65536,64,304,1,2,3140,0,3661.310672760
2,"map(to: a)",65536,64,304,1,2,8096,0,9044.396877289
2,"map(to: a)",65536,64,304,1,2,3,0,225.353240967
2,"map(to: a)",65536,64,304,1,2,114,0,347.006320953
2,"map(to: a)",65536,64,304,1,2,11,0,234.949588776
2,"map(to: a)",65536,64,304,1,2,294,0,542.247295380
2,"map(to: a)",65536,64,304,1,3,1,0,223.541259766
2,"map(to: a)",65536,64,304,1,3,17,0,242.197513580
2,"map(to: a)",65536,64,304,1,3,294,0,543.200969696
2,"map(to: a)",65536,64,304,1,3,5042,0,5727.696418762
2,"map(to: a)",65536,64,304,1,3,114,0,346.803665161
2,"map(to: a)",65536,64,304,1,3,28,0,253.045558929
2,"map(to: a)",65536,64,304,1,3,1218,0,1547.753810883
2,"map(to: a)",65536,64,304,1,3,2,0,223.958492279
2,"map(to: a)",65536,64,304,1,3,3,0,225.305557251
2,"map(to: a)",65536,64,304,1,3,4,0,227.248668671
2,"map(to: a)",65536,64,304,1,3,758,0,1048.552989960
2,"map(to: a)",65536,64,304,1,3,11,0,234.389305115
2,"map(to: a)",65536,64,304,1,3,44,0,270.998477936
2,"map(to: a)",65536,64,304,1,3,472,0,734.806060791
2,"map(to: a)",65536,64,304,1,3,7,0,229.799747467
2,"map(to: a)",65536,64,304,1,3,1955,0,2361.750602722
2,"map(to: a)",65536,64,304,1,3,71,0,299.799442291
2,"map(to: a)",65536,64,304,1,3,183,0,422.000885010
2,"map(to: a)",65536,64,304,1,3,8096,0,9044.599533081
2,"map(to: a)",65536,64,304,1,3,3140,0,3654.646873474
2,"map(to: a)",65536,64,304,1,4,472,0,733.852386475
2,"map(to: a)",65536,64,304,1,4,71,0,300.443172455
2,"map(to: a)",65536,64,304,1,4,1,0,224.196910858
2,"map(to: a)",65536,64,304,1,4,11,0,234.651565552
2,"map(to: a)",65536,64,304,1,4,4,0,227.200984955
2,"map(to: a)",65536,64,304,1,4,3140,0,3642.559051514
2,"map(to: a)",65536,64,304,1,4,28,0,253.105163574
2,"map(to: a)",65536,64,304,1,4,1218,0,1545.250415802
2,"map(to: a)",65536,64,304,1,4,2,0,223.803520203
2,"map(to: a)",65536,64,304,1,4,183,0,421.702861786
2,"map(to: a)",65536,64,304,1,4,5042,0,5732.250213623
2,"map(to: a)",65536,64,304,1,4,114,0,347.042083740
2,"map(to: a)",65536,64,304,1,4,3,0,225.007534027
2,"map(to: a)",65536,64,304,1,4,44,0,271.201133728
2,"map(to: a)",65536,64,304,1,4,758,0,1047.194004059
2,"map(to: a)",65536,64,304,1,4,8096,0,9037.899971008
2,"map(to: a)",65536,64,304,1,4,1955,0,2352.154254913
2,"map(to: a)",65536,64,304,1,4,294,0,542.402267456
2,"map(to: a)",65536,64,304,1,4,7,0,229.704380035
2,"map(to: a)",65536,64,304,1,4,17,0,242.197513580
2,"map(to: a)",262144,64,304,0,0,7,0,271.654129028
2,"map(to: a)",262144,64,304,0,0,114,0,374.996662140
2,"map(to: a)",262144,64,304,0,0,3,0,253.653526306
2,"map(to: a)",262144,64,304,0,0,17,0,270.402431488
2,"map(to: a)",262144,64,304,0,0,1,0,252.103805542
2,"map(to: a)",262144,64,304,0,0,44,0,299.394130707
2,"map(to: a)",262144,64,304,0,0,294,0,570.154190063
2,"map(to: a)",262144,64,304,0,0,3140,0,3662.753105164
2,"map(to: a)",262144,64,304,0,0,4,0,255.846977234
2,"map(to: a)",262144,64,304,0,0,1955,0,2373.409271240
2,"map(to: a)",262144,64,304,0,0,183,0,449.657440186
2,"map(to: a)",262144,64,304,0,0,8096,0,9026.205539703
2,"map(to: a)",262144,64,304,0,0,758,0,1067.602634430
2,"map(to: a)",262144,64,304,0,0,71,0,328.445434570
2,"map(to: a)",262144,64,304,0,0,2,0,252.652168274
2,"map(to: a)",262144,64,304,0,0,11,0,263.047218323
2,"map(to: a)",262144,64,304,0,0,28,0,280.749797821
2,"map(to: a)",262144,64,304,0,0,5042,0,5703.258514404
2,"map(to: a)",262144,64,304,0,0,1218,0,1569.294929504
2,"map(to: a)",262144,64,304,0,0,472,0,761.795043945
2,"map(to: a)",262144,64,304,0,1,4,0,255.751609802
2,"map(to: a)",262144,64,304,0,1,1,0,252.258777618
2,"map(to: a)",262144,64,304,0,1,17,0,271.046161652
2,"map(to: a)",262144,64,304,0,1,28,0,281.190872192
2,"map(to: a)",262144,64,304,0,1,11,0,263.249874115
2,"map(to: a)",262144,64,304,0,1,3140,0,3657.042980194
2,"map(to: a)",262144,64,304,0,1,2,0,252.449512482
2,"map(to: a)",262144,64,304,0,1,758,0,1071.393489838
2,"map(to: a)",262144,64,304,0,1,1218,0,1562.154293060
2,"map(to: a)",262144,64,304,0,1,44,0,299.000740051
2,"map(to: a)",262144,64,304,0,1,71,0,328.648090363
2,"map(to: a)",262144,64,304,0,1,114,0,374.901294708
2,"map(to: a)",262144,64,304,0,1,294,0,578.951835632
2,"map(to: a)",262144,64,304,0,1,7,0,297.498703003
2,"map(to: a)",262144,64,304,0,1,183,0,467.455387115
2,"map(to: a)",262144,64,304,0,1,8096,0,9016.203880310
2,"map(to: a)",262144,64,304,0,1,472,0,760.293006897
2,"map(to: a)",262144,64,304,0,1,1955,0,2375.245094299
2,"map(to: a)",262144,64,304,0,1,3,0,253.856182098
2,"map(to: a)",262144,64,304,0,1,5042,0,5719.697475433
2,"map(to: a)",262144,64,304,0,2,3,0,253.546237946
2,"map(to: a)",262144,64,304,0,2,44,0,299.048423767
2,"map(to: a)",262144,64,304,0,2,1,0,252.258777618
2,"map(to: a)",262144,64,304,0,2,183,0,449.657440186
2,"map(to: a)",262144,64,304,0,2,294,0,568.044185638
2,"map(to: a)",262144,64,304,0,2,5042,0,5713.498592377
2,"map(to: a)",262144,64,304,0,2,7,0,258.350372314
2,"map(to: a)",262144,64,304,0,2,8096,0,9024.941921234
2,"map(to: a)",262144,64,304,0,2,2,0,251.948833466
2,"map(to: a)",262144,64,304,0,2,114,0,374.603271484
2,"map(to: a)",262144,64,304,0,2,71,0,328.552722931
2,"map(to: a)",262144,64,304,0,2,1955,0,2382.349967957
2,"map(to: a)",262144,64,304,0,2,17,0,270.903110504
2,"map(to: a)",262144,64,304,0,2,472,0,760.352611542
2,"map(to: a)",262144,64,304,0,2,11,0,263.154506683
2,"map(to: a)",262144,64,304,0,2,1218,0,1565.802097321
2,"map(to: a)",262144,64,304,0,2,4,0,255.906581879
2,"map(to: a)",262144,64,304,0,2,3140,0,3654.849529266
2,"map(to: a)",262144,64,304,0,2,758,0,1072.347164154
2,"map(to: a)",262144,64,304,0,2,28,0,280.749797821
2,"map(to: a)",262144,64,304,0,3,11,0,262.749195099
2,"map(to: a)",262144,64,304,0,3,4,0,256.848335266
2,"map(to: a)",262144,64,304,0,3,5042,0,5720.996856689
2,"map(to: a)",262144,64,304,0,3,183,0,449.907779694
2,"map(to: a)",262144,64,304,0,3,17,0,270.700454712
2,"map(to: a)",262144,64,304,0,3,3,0,253.951549530
2,"map(to: a)",262144,64,304,0,3,28,0,281.047821045
2,"map(to: a)",262144,64,304,0,3,1218,0,1568.555831909
2,"map(to: a)",262144,64,304,0,3,114,0,374.448299408
2,"map(to: a)",262144,64,304,0,3,758,0,1071.298122406
2,"map(to: a)",262144,64,304,0,3,1955,0,2381.396293640
2,"map(to: a)",262144,64,304,0,3,472,0,761.246681213
2,"map(to: a)",262144,64,304,0,3,7,0,258.052349091
2,"map(to: a)",262144,64,304,0,3,44,0,298.893451691
2,"map(to: a)",262144,64,304,0,3,3140,0,3670.752048492
2,"map(to: a)",262144,64,304,0,3,8096,0,9019.207954407
2,"map(to: a)",262144,64,304,0,3,71,0,328.695774078
2,"map(to: a)",262144,64,304,0,3,1,0,252.151489258
2,"map(to: a)",262144,64,304,0,3,2,0,252.306461334
2,"map(to: a)",262144,64,304,0,3,294,0,569.498538971
2,"map(to: a)",262144,64,304,0,4,3,0,253.355503082
2,"map(to: a)",262144,64,304,0,4,8096,0,9007.596969604
2,"map(to: a)",262144,64,304,0,4,1,0,252.449512482
2,"map(to: a)",262144,64,304,0,4,28,0,281.047821045
2,"map(to: a)",262144,64,304,0,4,17,0,270.938873291
2,"map(to: a)",262144,64,304,0,4,5042,0,5720.448493958
2,"map(to: a)",262144,64,304,0,4,7,0,258.207321167
2,"map(to: a)",262144,64,304,0,4,114,0,375.092029572
2,"map(to: a)",262144,64,304,0,4,44,0,299.298763275
2,"map(to: a)",262144,64,304,0,4,2,0,252.604484558
2,"map(to: a)",262144,64,304,0,4,294,0,570.356845856
2,"map(to: a)",262144,64,304,0,4,758,0,1071.202754974
2,"map(to: a)",262144,64,304,0,4,183,0,449.442863464
2,"map(to: a)",262144,64,304,0,4,4,0,255.501270294
2,"map(to: a)",262144,64,304,0,4,1218,0,1569.700241089
2,"map(to: a)",262144,64,304,0,4,71,0,328.350067139
2,"map(to: a)",262144,64,304,0,4,1955,0,2371.191978455
2,"map(to: a)",262144,64,304,0,4,11,0,263.154506683
2,"map(to: a)",262144,64,304,0,4,472,0,761.902332306
2,"map(to: a)",262144,64,304,0,4,3140,0,3666.341304779
2,"map(to: a)",262144,64,304,1,0,2,0,252.008438110
2,"map(to: a)",262144,64,304,1,0,4,0,255.846977234
2,"map(to: a)",262144,64,304,1,0,472,0,762.355327606
2,"map(to: a)",262144,64,304,1,0,3140,0,3666.949272156
2,"map(to: a)",262144,64,304,1,0,183,0,448.846817017
2,"map(to: a)",262144,64,304,1,0,28,0,280.952453613
2,"map(to: a)",262144,64,304,1,0,71,0,328.695774078
2,"map(to: a)",262144,64,304,1,0,1218,0,1566.350460052
2,"map(to: a)",262144,64,304,1,0,294,0,568.151473999
2,"map(to: a)",262144,64,304,1,0,1,0,252.091884613
2,"map(to: a)",262144,64,304,1,0,7,0,258.302688599
2,"map(to: a)",262144,64,304,1,0,1955,0,2376.651763916
2,"map(to: a)",262144,64,304,1,0,758,0,1067.698001862
2,"map(to: a)",262144,64,304,1,0,114,0,374.507904053
2,"map(to: a)",262144,64,304,1,0,11,0,263.094902039
2,"map(to: a)",262144,64,304,1,0,3,0,253.856182098
2,"map(to: a)",262144,64,304,1,0,8096,0,8976.948261261
2,"map(to: a)",262144,64,304,1,0,44,0,299.096107483
2,"map(to: a)",262144,64,304,1,0,17,0,270.807743073
2,"map(to: a)",262144,64,304,1,0,5042,0,5722.355842590
2,"map(to: a)",262144,64,304,1,1,758,0,1067.042350769
2,"map(to: a)",262144,64,304,1,1,3,0,253.593921661
2,"map(to: a)",262144,64,304,1,1,3140,0,3666.043281555
2,"map(to: a)",262144,64,304,1,1,1955,0,2381.598949432
2,"map(to: a)",262144,64,304,1,1,44,0,299.358367920
2,"map(to: a)",262144,64,304,1,1,17,0,270.295143127
2,"map(to: a)",262144,64,304,1,1,294,0,570.404529572
2,"map(to: a)",262144,64,304,1,1,28,0,280.892848969
2,"map(to: a)",262144,64,304,1,1,114,0,374.352931976
2,"map(to: a)",262144,64,304,1,1,2,0,252.199172974
2,"map(to: a)",262144,64,304,1,1,7,0,258.195400238
2,"map(to: a)",262144,64,304,1,1,183,0,449.597835541
2,"map(to: a)",262144,64,304,1,1,8096,0,8991.539478302
2,"map(to: a)",262144,64,304,1,1,11,0,262.892246246
2,"map(to: a)",262144,64,304,1,1,1,0,252.401828766
2,"map(to: a)",262144,64,304,1,1,1218,0,1567.006111145
2,"map(to: a)",262144,64,304,1,1,472,0,758.802890778
2,"map(to: a)",262144,64,304,1,1,71,0,328.052043915
2,"map(to: a)",262144,64,304,1,1,5042,0,5726.552009583
2,"map(to: a)",262144,64,304,1,1,4,0,255.656242371
2,"map(to: a)",262144,64,304,1,2,2,0,252.258777618
2,"map(to: a)",262144,64,304,1,2,71,0,328.302383423
2,"map(to: a)",262144,64,304,1,2,17,0,270.795822144
2,"map(to: a)",262144,64,304,1,2,472,0,761.198997498
2,"map(to: a)",262144,64,304,1,2,5042,0,5691.802501678
2,"map(to: a)",262144,64,304,1,2,28,0,280.642509460
2,"map(to: a)",262144,64,304,1,2,44,0,299.143791199
2,"map(to: a)",262144,64,304,1,2,1218,0,1566.350460052
2,"map(to: a)",262144,64,304,1,2,4,0,255.608558655
2,"map(to: a)",262144,64,304,1,2,1955,0,2374.398708344
2,"map(to: a)",262144,64,304,1,2,183,0,449.943542480
2,"map(to: a)",262144,64,304,1,2,7,0,258.255004883
2,"map(to: a)",262144,64,304,1,2,758,0,1066.195964813
2,"map(to: a)",262144,64,304,1,2,1,0,252.640247345
2,"map(to: a)",262144,64,304,1,2,3140,0,3664.803504944
2,"map(to: a)",262144,64,304,1,2,8096,0,9025.251865387
2,"map(to: a)",262144,64,304,1,2,3,0,253.856182098
2,"map(to: a)",262144,64,304,1,2,114,0,374.603271484
2,"map(to: a)",262144,64,304,1,2,11,0,263.047218323
2,"map(to: a)",262144,64,304,1,2,294,0,569.701194763
2,"map(to: a)",262144,64,304,1,3,1,0,252.354145050
2,"map(to: a)",262144,64,304,1,3,17,0,270.593166351
2,"map(to: a)",262144,64,304,1,3,294,0,569.951534271
2,"map(to: a)",262144,64,304,1,3,5042,0,5715.501308441
2,"map(to: a)",262144,64,304,1,3,114,0,374.603271484
2,"map(to: a)",262144,64,304,1,3,28,0,280.702114105
2,"map(to: a)",262144,64,304,1,3,1218,0,1569.008827209
2,"map(to: a)",262144,64,304,1,3,2,0,252.199172974
2,"map(to: a)",262144,64,304,1,3,3,0,253.605842590
2,"map(to: a)",262144,64,304,1,3,4,0,255.751609802
2,"map(to: a)",262144,64,304,1,3,758,0,1070.749759674
2,"map(to: a)",262144,64,304,1,3,11,0,262.999534607
2,"map(to: a)",262144,64,304,1,3,44,0,299.000740051
2,"map(to: a)",262144,64,304,1,3,472,0,761.151313782
2,"map(to: a)",262144,64,304,1,3,7,0,258.302688599
2,"map(to: a)",262144,64,304,1,3,1955,0,2379.000186920
2,"map(to: a)",262144,64,304,1,3,71,0,328.195095062
2,"map(to: a)",262144,64,304,1,3,183,0,449.347496033
2,"map(to: a)",262144,64,304,1,3,8096,0,9031.701087952
2,"map(to: a)",262144,64,304,1,3,3140,0,3660.500049591
2,"map(to: a)",262144,64,304,1,4,472,0,760.102272034
2,"map(to: a)",262144,64,304,1,4,71,0,328.302383423
2,"map(to: a)",262144,64,304,1,4,1,0,252.199172974
2,"map(to: a)",262144,64,304,1,4,11,0,262.939929962
2,"map(to: a)",262144,64,304,1,4,4,0,255.692005157
2,"map(to: a)",262144,64,304,1,4,3140,0,3661.847114563
2,"map(to: a)",262144,64,304,1,4,28,0,280.845165253
2,"map(to: a)",262144,64,304,1,4,1218,0,1567.149162292
2,"map(to: a)",262144,64,304,1,4,2,0,251.948833466
2,"map(to: a)",262144,64,304,1,4,183,0,449.156761169
2,"map(to: a)",262144,64,304,1,4,5042,0,5727.660655975
2,"map(to: a)",262144,64,304,1,4,114,0,374.805927277
2,"map(to: a)",262144,64,304,1,4,3,0,253.641605377
2,"map(to: a)",262144,64,304,1,4,44,0,299.060344696
2,"map(to: a)",262144,64,304,1,4,758,0,1071.298122406
2,"map(to: a)",262144,64,304,1,4,8096,0,9029.352664948
2,"map(to: a)",262144,64,304,1,4,1955,0,2369.153499603
2,"map(to: a)",262144,64,304,1,4,294,0,568.652153015
2,"map(to: a)",262144,64,304,1,4,7,0,258.100032806
2,"map(to: a)",262144,64,304,1,4,17,0,270.593166351
2,"map(to: a)",1048576,64,304,0,0,7,0,381.505489349
2,"map(to: a)",1048576,64,304,0,0,114,0,458.097457886
2,"map(to: a)",1048576,64,304,0,0,3,0,337.147712708
2,"map(to: a)",1048576,64,304,0,0,17,0,353.157520294
2,"map(to: a)",1048576,64,304,0,0,1,0,334.548950195
2,"map(to: a)",1048576,64,304,0,0,44,0,383.603572845
2,"map(to: a)",1048576,64,304,0,0,294,0,653.254985809
2,"map(to: a)",1048576,64,304,0,0,3140,0,3765.952587128
2,"map(to: a)",1048576,64,304,0,0,4,0,338.101387024
2,"map(to: a)",1048576,64,304,0,0,1955,0,2455.842494965
2,"map(to: a)",1048576,64,304,0,0,183,0,533.056259155
2,"map(to: a)",1048576,64,304,0,0,8096,0,9115.254878998
2,"map(to: a)",1048576,64,304,0,0,758,0,1150.453090668
2,"map(to: a)",1048576,64,304,0,0,71,0,412.905216217
2,"map(to: a)",1048576,64,304,0,0,2,0,334.703922272
2,"map(to: a)",1048576,64,304,0,0,11,0,345.599651337
2,"map(to: a)",1048576,64,304,0,0,28,0,363.993644714
2,"map(to: a)",1048576,64,304,0,0,5042,0,5916.357040405
2,"map(to: a)",1048576,64,304,0,0,1218,0,1653.707027435
2,"map(to: a)",1048576,64,304,0,0,472,0,845.301151276
2,"map(to: a)",1048576,64,304,0,1,4,0,341.296195984
2,"map(to: a)",1048576,64,304,0,1,1,0,334.894657135
2,"map(to: a)",1048576,64,304,0,1,17,0,353.348255157
2,"map(to: a)",1048576,64,304,0,1,28,0,364.208221436
2,"map(to: a)",1048576,64,304,0,1,11,0,346.946716309
2,"map(to: a)",1048576,64,304,0,1,3140,0,3741.705417633
2,"map(to: a)",1048576,64,304,0,1,2,0,334.596633911
2,"map(to: a)",1048576,64,304,0,1,758,0,1155.400276184
2,"map(to: a)",1048576,64,304,0,1,1218,0,1644.253730774
2,"map(to: a)",1048576,64,304,0,1,44,0,382.304191589
2,"map(to: a)",1048576,64,304,0,1,71,0,411.701202393
2,"map(to: a)",1048576,64,304,0,1,114,0,457.704067230
2,"map(to: a)",1048576,64,304,0,1,294,0,651.443004608
2,"map(to: a)",1048576,64,304,0,1,7,0,342.047214508
2,"map(to: a)",1048576,64,304,0,1,183,0,533.604621887
2,"map(to: a)",1048576,64,304,0,1,8096,0,9103.000164032
2,"map(to: a)",1048576,64,304,0,1,472,0,843.441486359
2,"map(to: a)",1048576,64,304,0,1,1955,0,2456.641197205
2,"map(to: a)",1048576,64,304,0,1,3,0,336.349010468
2,"map(to: a)",1048576,64,304,0,1,5042,0,5802.905559540
2,"map(to: a)",1048576,64,304,0,2,3,0,336.050987244
2,"map(to: a)",1048576,64,304,0,2,44,0,382.494926453
2,"map(to: a)",1048576,64,304,0,2,1,0,334.346294403
2,"map(to: a)",1048576,64,304,0,2,183,0,532.853603363
2,"map(to: a)",1048576,64,304,0,2,294,0,651.299953461
2,"map(to: a)",1048576,64,304,0,2,5042,0,5800.056457520
2,"map(to: a)",1048576,64,304,0,2,7,0,341.296195984
2,"map(to: a)",1048576,64,304,0,2,8096,0,9121.644496918
2,"map(to: a)",1048576,64,304,0,2,2,0,353.252887726
2,"map(to: a)",1048576,64,304,0,2,114,0,464.844703674
2,"map(to: a)",1048576,64,304,0,2,71,0,411.796569824
2,"map(to: a)",1048576,64,304,0,2,1955,0,2458.846569061
2,"map(to: a)",1048576,64,304,0,2,17,0,353.193283081
2,"map(to: a)",1048576,64,304,0,2,472,0,844.001770020
2,"map(to: a)",1048576,64,304,0,2,11,0,345.444679260
2,"map(to: a)",1048576,64,304,0,2,1218,0,1649.546623230
2,"map(to: a)",1048576,64,304,0,2,4,0,337.994098663
2,"map(to: a)",1048576,64,304,0,2,3140,0,3740.310668945
2,"map(to: a)",1048576,64,304,0,2,758,0,1154.899597168
2,"map(to: a)",1048576,64,304,0,2,28,0,364.398956299
2,"map(to: a)",1048576,64,304,0,3,11,0,345.349311829
2,"map(to: a)",1048576,64,304,0,3,4,0,338.053703308
2,"map(to: a)",1048576,64,304,0,3,5042,0,5809.998512268
2,"map(to: a)",1048576,64,304,0,3,183,0,533.199310303
2,"map(to: a)",1048576,64,304,0,3,17,0,355.398654938
2,"map(to: a)",1048576,64,304,0,3,3,0,335.848331451
2,"map(to: a)",1048576,64,304,0,3,28,0,365.793704987
2,"map(to: a)",1048576,64,304,0,3,1218,0,1650.750637054
2,"map(to: a)",1048576,64,304,0,3,114,0,457.549095154
2,"map(to: a)",1048576,64,304,0,3,758,0,1153.993606567
2,"map(to: a)",1048576,64,304,0,3,1955,0,2462.947368622
2,"map(to: a)",1048576,64,304,0,3,472,0,844.645500183
2,"map(to: a)",1048576,64,304,0,3,7,0,343.954563141
2,"map(to: a)",1048576,64,304,0,3,44,0,382.304191589
2,"map(to: a)",1048576,64,304,0,3,3140,0,3754.150867462
2,"map(to: a)",1048576,64,304,0,3,8096,0,9107.351303101
2,"map(to: a)",1048576,64,304,0,3,71,0,411.140918732
2,"map(to: a)",1048576,64,304,0,3,1,0,334.501266479
2,"map(to: a)",1048576,64,304,0,3,2,0,334.393978119
2,"map(to: a)",1048576,64,304,0,3,294,0,652.897357941
2,"map(to: a)",1048576,64,304,0,4,3,0,335.788726807
2,"map(to: a)",1048576,64,304,0,4,8096,0,9092.843532562
2,"map(to: a)",1048576,64,304,0,4,1,0,334.656238556
2,"map(to: a)",1048576,64,304,0,4,28,0,363.993644714
2,"map(to: a)",1048576,64,304,0,4,17,0,353.193283081
2,"map(to: a)",1048576,64,304,0,4,5042,0,5788.195133209
2,"map(to: a)",1048576,64,304,0,4,7,0,340.747833252
2,"map(to: a)",1048576,64,304,0,4,114,0,458.550453186
2,"map(to: a)",1048576,64,304,0,4,44,0,382.292270660
2,"map(to: a)",1048576,64,304,0,4,2,0,334.393978119
2,"map(to: a)",1048576,64,304,0,4,294,0,653.409957886
2,"map(to: a)",1048576,64,304,0,4,758,0,1154.196262360
2,"map(to: a)",1048576,64,304,0,4,183,0,564.146041870
2,"map(to: a)",1048576,64,304,0,4,4,0,381.052494049
2,"map(to: a)",1048576,64,304,0,4,1218,0,1656.806468964
2,"map(to: a)",1048576,64,304,0,4,71,0,411.403179169
2,"map(to: a)",1048576,64,304,0,4,1955,0,2448.749542236
2,"map(to: a)",1048576,64,304,0,4,11,0,345.695018768
2,"map(to: a)",1048576,64,304,0,4,472,0,845.742225647
2,"map(to: a)",1048576,64,304,0,4,3140,0,3749.895095825
2,"map(to: a)",1048576,64,304,1,0,2,0,334.298610687
2,"map(to: a)",1048576,64,304,1,0,4,0,338.089466095
2,"map(to: a)",1048576,64,304,1,0,472,0,847.446918488
2,"map(to: a)",1048576,64,304,1,0,3140,0,3741.955757141
2,"map(to: a)",1048576,64,304,1,0,183,0,531.995296478
2,"map(to: a)",1048576,64,304,1,0,28,0,367.057323456
2,"map(to: a)",1048576,64,304,1,0,71,0,412.249565125
2,"map(to: a)",1048576,64,304,1,0,1218,0,1649.653911591
2,"map(to: a)",1048576,64,304,1,0,294,0,651.895999908
2,"map(to: a)",1048576,64,304,1,0,1,0,334.548950195
2,"map(to: a)",1048576,64,304,1,0,7,0,425.148010254
2,"map(to: a)",1048576,64,304,1,0,1955,0,2467.846870422
2,"map(to: a)",1048576,64,304,1,0,758,0,1149.857044220
2,"map(to: a)",1048576,64,304,1,0,114,0,457.954406738
2,"map(to: a)",1048576,64,304,1,0,11,0,345.444679260
2,"map(to: a)",1048576,64,304,1,0,3,0,335.896015167
2,"map(to: a)",1048576,64,304,1,0,8096,0,9060.454368591
2,"map(to: a)",1048576,64,304,1,0,44,0,382.900238037
2,"map(to: a)",1048576,64,304,1,0,17,0,352.990627289
2,"map(to: a)",1048576,64,304,1,0,5042,0,5806.756019592
2,"map(to: a)",1048576,64,304,1,1,758,0,1150.798797607
2,"map(to: a)",1048576,64,304,1,1,3,0,335.848331451
2,"map(to: a)",1048576,64,304,1,1,3140,0,3752.803802490
2,"map(to: a)",1048576,64,304,1,1,1955,0,2455.997467041
2,"map(to: a)",1048576,64,304,1,1,44,0,383.889675140
2,"map(to: a)",1048576,64,304,1,1,17,0,352.954864502
2,"map(to: a)",1048576,64,304,1,1,294,0,653.445720673
2,"map(to: a)",1048576,64,304,1,1,28,0,367.248058319
2,"map(to: a)",1048576,64,304,1,1,114,0,457.596778870
2,"map(to: a)",1048576,64,304,1,1,2,0,334.393978119
2,"map(to: a)",1048576,64,304,1,1,7,0,340.902805328
2,"map(to: a)",1048576,64,304,1,1,183,0,534.403324127
2,"map(to: a)",1048576,64,304,1,1,8096,0,9061.896800995
2,"map(to: a)",1048576,64,304,1,1,11,0,345.551967621
2,"map(to: a)",1048576,64,304,1,1,1,0,334.596633911
2,"map(to: a)",1048576,64,304,1,1,1218,0,1652.646064758
2,"map(to: a)",1048576,64,304,1,1,472,0,842.952728271
2,"map(to: a)",1048576,64,304,1,1,71,0,411.546230316
2,"map(to: a)",1048576,64,304,1,1,5042,0,5812.454223633
2,"map(to: a)",1048576,64,304,1,1,4,0,338.304042816
2,"map(to: a)",1048576,64,304,1,2,2,0,334.405899048
2,"map(to: a)",1048576,64,304,1,2,71,0,412.654876709
2,"map(to: a)",1048576,64,304,1,2,17,0,353.252887726
2,"map(to: a)",1048576,64,304,1,2,472,0,844.848155975
2,"map(to: a)",1048576,64,304,1,2,5042,0,5783.247947693
2,"map(to: a)",1048576,64,304,1,2,28,0,363.945960999
2,"map(to: a)",1048576,64,304,1,2,44,0,382.649898529
2,"map(to: a)",1048576,64,304,1,2,1218,0,1651.155948639
2,"map(to: a)",1048576,64,304,1,2,4,0,338.149070740
2,"map(to: a)",1048576,64,304,1,2,1955,0,2458.059787750
2,"map(to: a)",1048576,64,304,1,2,183,0,534.892082214
2,"map(to: a)",1048576,64,304,1,2,7,0,340.747833252
2,"map(to: a)",1048576,64,304,1,2,758,0,1151.752471924
2,"map(to: a)",1048576,64,304,1,2,1,0,334.489345551
2,"map(to: a)",1048576,64,304,1,2,3140,0,3753.805160522
2,"map(to: a)",1048576,64,304,1,2,8096,0,9119.558334351
2,"map(to: a)",1048576,64,304,1,2,3,0,336.503982544
2,"map(to: a)",1048576,64,304,1,2,114,0,459.539890289
2,"map(to: a)",1048576,64,304,1,2,11,0,345.849990845
2,"map(to: a)",1048576,64,304,1,2,294,0,652.503967285
2,"map(to: a)",1048576,64,304,1,3,1,0,339.210033417
2,"map(to: a)",1048576,64,304,1,3,17,0,352.990627289
2,"map(to: a)",1048576,64,304,1,3,294,0,653.755664825
2,"map(to: a)",1048576,64,304,1,3,5042,0,5800.902843475
2,"map(to: a)",1048576,64,304,1,3,114,0,489.401817322
2,"map(to: a)",1048576,64,304,1,3,28,0,375.199317932
2,"map(to: a)",1048576,64,304,1,3,1218,0,1651.251316071
2,"map(to: a)",1048576,64,304,1,3,2,0,334.751605988
2,"map(to: a)",1048576,64,304,1,3,3,0,336.456298828
2,"map(to: a)",1048576,64,304,1,3,4,0,338.244438171
2,"map(to: a)",1048576,64,304,1,3,758,0,1156.556606293
2,"map(to: a)",1048576,64,304,1,3,11,0,347.006320953
2,"map(to: a)",1048576,64,304,1,3,44,0,382.101535797
2,"map(to: a)",1048576,64,304,1,3,472,0,846.397876740
2,"map(to: a)",1048576,64,304,1,3,7,0,340.795516968
2,"map(to: a)",1048576,64,304,1,3,1955,0,2457.702159882
2,"map(to: a)",1048576,64,304,1,3,71,0,411.057472229
2,"map(to: a)",1048576,64,304,1,3,183,0,533.902645111
2,"map(to: a)",1048576,64,304,1,3,8096,0,9121.549129486
2,"map(to: a)",1048576,64,304,1,3,3140,0,3745.651245117
2,"map(to: a)",1048576,64,304,1,4,472,0,843.656063080
2,"map(to: a)",1048576,64,304,1,4,71,0,413.250923157
2,"map(to: a)",1048576,64,304,1,4,1,0,334.501266479
2,"map(to: a)",1048576,64,304,1,4,11,0,345.253944397
2,"map(to: a)",1048576,64,304,1,4,4,0,338.053703308
2,"map(to: a)",1048576,64,304,1,4,3140,0,3740.859031677
2,"map(to: a)",1048576,64,304,1,4,28,0,364.148616791
2,"map(to: a)",1048576,64,304,1,4,1218,0,1651.740074158
2,"map(to: a)",1048576,64,304,1,4,2,0,334.751605988
2,"map(to: a)",1048576,64,304,1,4,183,0,532.746315002
2,"map(to: a)",1048576,64,304,1,4,5042,0,5808.854103088
2,"map(to: a)",1048576,64,304,1,4,114,0,458.300113678
2,"map(to: a)",1048576,64,304,1,4,3,0,339.245796204
2,"map(to: a)",1048576,64,304,1,4,44,0,383.996963501
2,"map(to: a)",1048576,64,304,1,4,758,0,1155.853271484
2,"map(to: a)",1048576,64,304,1,4,8096,0,9098.088741302
2,"map(to: a)",1048576,64,304,1,4,1955,0,2451.598644257
2,"map(to: a)",1048576,64,304,1,4,294,0,652.241706848
2,"map(to: a)",1048576,64,304,1,4,7,0,340.843200684
2,"map(to: a)",1048576,64,304,1,4,17,0,354.743003845
2,"map(to: a)",4194304,64,304,0,0,7,0,964.248180389
2,"map(to: a)",4194304,64,304,0,0,114,0,913.453102112
2,"map(to: a)",4194304,64,304,0,0,3,0,791.144371033
2,"map(to: a)",4194304,64,304,0,0,17,0,808.095932007
2,"map(to: a)",4194304,64,304,0,0,1,0,788.950920105
2,"map(to: a)",4194304,64,304,0,0,44,0,838.744640350
2,"map(to: a)",4194304,64,304,0,0,294,0,1108.944416046
2,"map(to: a)",4194304,64,304,0,0,3140,0,4215.204715729
2,"map(to: a)",4194304,64,304,0,0,4,0,794.494152069
2,"map(to: a)",4194304,64,304,0,0,1955,0,2915.501594543
2,"map(to: a)",4194304,64,304,0,0,183,0,988.149642944
2,"map(to: a)",4194304,64,304,0,0,8096,0,9577.059745789
2,"map(to: a)",4194304,64,304,0,0,758,0,1609.456539154
2,"map(to: a)",4194304,64,304,0,0,71,0,866.997241974
2,"map(to: a)",4194304,64,304,0,0,2,0,789.201259613
2,"map(to: a)",4194304,64,304,0,0,11,0,799.846649170
2,"map(to: a)",4194304,64,304,0,0,28,0,818.502902985
2,"map(to: a)",4194304,64,304,0,0,5042,0,6258.606910706
2,"map(to: a)",4194304,64,304,0,0,1218,0,2109.098434448
2,"map(to: a)",4194304,64,304,0,0,472,0,1301.741600037
2,"map(to: a)",4194304,64,304,0,1,4,0,792.598724365
2,"map(to: a)",4194304,64,304,0,1,1,0,789.153575897
2,"map(to: a)",4194304,64,304,0,1,17,0,808.095932007
2,"map(to: a)",4194304,64,304,0,1,28,0,820.350646973
2,"map(to: a)",4194304,64,304,0,1,11,0,799.846649170
2,"map(to: a)",4194304,64,304,0,1,3140,0,4206.848144531
2,"map(to: a)",4194304,64,304,0,1,2,0,790.250301361
2,"map(to: a)",4194304,64,304,0,1,758,0,1610.898971558
2,"map(to: a)",4194304,64,304,0,1,1218,0,2143.049240112
2,"map(to: a)",4194304,64,304,0,1,44,0,837.039947510
2,"map(to: a)",4194304,64,304,0,1,71,0,867.557525635
2,"map(to: a)",4194304,64,304,0,1,114,0,913.643836975
2,"map(to: a)",4194304,64,304,0,1,294,0,1107.299327850
2,"map(to: a)",4194304,64,304,0,1,7,0,795.006752014
2,"map(to: a)",4194304,64,304,0,1,183,0,988.543033600
2,"map(to: a)",4194304,64,304,0,1,8096,0,9615.695476532
2,"map(to: a)",4194304,64,304,0,1,472,0,1300.144195557
2,"map(to: a)",4194304,64,304,0,1,1955,0,2919.149398804
2,"map(to: a)",4194304,64,304,0,1,3,0,791.704654694
2,"map(to: a)",4194304,64,304,0,1,5042,0,6273.353099823
2,"map(to: a)",4194304,64,304,0,2,3,0,790.607929230
2,"map(to: a)",4194304,64,304,0,2,44,0,838.553905487
2,"map(to: a)",4194304,64,304,0,2,1,0,789.093971252
2,"map(to: a)",4194304,64,304,0,2,183,0,988.006591797
2,"map(to: a)",4194304,64,304,0,2,294,0,1107.347011566
2,"map(to: a)",4194304,64,304,0,2,5042,0,6256.639957428
2,"map(to: a)",4194304,64,304,0,2,7,0,795.805454254
2,"map(to: a)",4194304,64,304,0,2,8096,0,9578.692913055
2,"map(to: a)",4194304,64,304,0,2,2,0,790.250301361
2,"map(to: a)",4194304,64,304,0,2,114,0,913.202762604
2,"map(to: a)",4194304,64,304,0,2,71,0,868.594646454
2,"map(to: a)",4194304,64,304,0,2,1955,0,2921.652793884
2,"map(to: a)",4194304,64,304,0,2,17,0,807.547569275
2,"map(to: a)",4194304,64,304,0,2,472,0,1301.705837250
2,"map(to: a)",4194304,64,304,0,2,11,0,801.801681519
2,"map(to: a)",4194304,64,304,0,2,1218,0,2108.848094940
2,"map(to: a)",4194304,64,304,0,2,4,0,793.898105621
2,"map(to: a)",4194304,64,304,0,2,3140,0,4204.845428467
2,"map(to: a)",4194304,64,304,0,2,758,0,1611.447334290
2,"map(to: a)",4194304,64,304,0,2,28,0,819.551944733
2,"map(to: a)",4194304,64,304,0,3,11,0,800.204277039
2,"map(to: a)",4194304,64,304,0,3,4,0,794.947147369
2,"map(to: a)",4194304,64,304,0,3,5042,0,6310.105323792
2,"map(to: a)",4194304,64,304,0,3,183,0,987.899303436
2,"map(to: a)",4194304,64,304,0,3,17,0,809.550285339
2,"map(to: a)",4194304,64,304,0,3,3,0,790.393352509
2,"map(to: a)",4194304,64,304,0,3,28,0,819.551944733
2,"map(to: a)",4194304,64,304,0,3,1218,0,2107.894420624
2,"map(to: a)",4194304,64,304,0,3,114,0,914.204120636
2,"map(to: a)",4194304,64,304,0,3,758,0,1610.898971558
2,"map(to: a)",4194304,64,304,0,3,1955,0,2960.097789764
2,"map(to: a)",4194304,64,304,0,3,472,0,1301.193237305
2,"map(to: a)",4194304,64,304,0,3,7,0,795.149803162
2,"map(to: a)",4194304,64,304,0,3,44,0,838.148593903
2,"map(to: a)",4194304,64,304,0,3,3140,0,4212.749004364
2,"map(to: a)",4194304,64,304,0,3,8096,0,9587.502479553
2,"map(to: a)",4194304,64,304,0,3,71,0,866.544246674
2,"map(to: a)",4194304,64,304,0,3,1,0,789.248943329
2,"map(to: a)",4194304,64,304,0,3,2,0,789.296627045
2,"map(to: a)",4194304,64,304,0,3,294,0,1109.802722931
2,"map(to: a)",4194304,64,304,0,4,3,0,790.297985077
2,"map(to: a)",4194304,64,304,0,4,8096,0,9555.351734161
2,"map(to: a)",4194304,64,304,0,4,1,0,789.248943329
2,"map(to: a)",4194304,64,304,0,4,28,0,819.396972656
2,"map(to: a)",4194304,64,304,0,4,17,0,808.548927307
2,"map(to: a)",4194304,64,304,0,4,5042,0,6261.694431305
2,"map(to: a)",4194304,64,304,0,4,7,0,795.805454254
2,"map(to: a)",4194304,64,304,0,4,114,0,913.453102112
2,"map(to: a)",4194304,64,304,0,4,44,0,838.208198547
2,"map(to: a)",4194304,64,304,0,4,2,0,788.748264313
2,"map(to: a)",4194304,64,304,0,4,294,0,1108.455657959
2,"map(to: a)",4194304,64,304,0,4,758,0,1612.591743469
2,"map(to: a)",4194304,64,304,0,4,183,0,987.851619720
2,"map(to: a)",4194304,64,304,0,4,4,0,793.600082397
2,"map(to: a)",4194304,64,304,0,4,1218,0,2110.552787781
2,"map(to: a)",4194304,64,304,0,4,71,0,867.199897766
2,"map(to: a)",4194304,64,304,0,4,1955,0,2909.994125366
2,"map(to: a)",4194304,64,304,0,4,11,0,799.703598022
2,"map(to: a)",4194304,64,304,0,4,472,0,1303.100585938
2,"map(to: a)",4194304,64,304,0,4,3140,0,4210.400581360
2,"map(to: a)",4194304,64,304,1,0,2,0,789.892673492
2,"map(to: a)",4194304,64,304,1,0,4,0,859.498977661
2,"map(to: a)",4194304,64,304,1,0,472,0,1319.503784180
2,"map(to: a)",4194304,64,304,1,0,3140,0,4210.495948792
2,"map(to: a)",4194304,64,304,1,0,183,0,988.447666168
2,"map(to: a)",4194304,64,304,1,0,28,0,821.292400360
2,"map(to: a)",4194304,64,304,1,0,71,0,866.401195526
2,"map(to: a)",4194304,64,304,1,0,1218,0,2154.350280762
2,"map(to: a)",4194304,64,304,1,0,294,0,1108.002662659
2,"map(to: a)",4194304,64,304,1,0,1,0,788.903236389
2,"map(to: a)",4194304,64,304,1,0,7,0,794.899463654
2,"map(to: a)",4194304,64,304,1,0,1955,0,2922.153472900
2,"map(to: a)",4194304,64,304,1,0,758,0,1608.049869537
2,"map(to: a)",4194304,64,304,1,0,114,0,913.298130035
2,"map(to: a)",4194304,64,304,1,0,11,0,800.549983978
2,"map(to: a)",4194304,64,304,1,0,3,0,790.607929230
2,"map(to: a)",4194304,64,304,1,0,8096,0,9547.746181488
2,"map(to: a)",4194304,64,304,1,0,44,0,838.196277618
2,"map(to: a)",4194304,64,304,1,0,17,0,808.393955231
2,"map(to: a)",4194304,64,304,1,0,5042,0,6271.100044250
2,"map(to: a)",4194304,64,304,1,1,758,0,1608.645915985
2,"map(to: a)",4194304,64,304,1,1,3,0,790.190696716
2,"map(to: a)",4194304,64,304,1,1,3140,0,4220.104217529
2,"map(to: a)",4194304,64,304,1,1,1955,0,2920.794487000
2,"map(to: a)",4194304,64,304,1,1,44,0,838.458538055
2,"map(to: a)",4194304,64,304,1,1,17,0,807.344913483
2,"map(to: a)",4194304,64,304,1,1,294,0,1109.099388123
2,"map(to: a)",4194304,64,304,1,1,28,0,818.955898285
2,"map(to: a)",4194304,64,304,1,1,114,0,913.095474243
2,"map(to: a)",4194304,64,304,1,1,2,0,790.798664093
2,"map(to: a)",4194304,64,304,1,1,7,0,795.900821686
2,"map(to: a)",4194304,64,304,1,1,183,0,988.447666168
2,"map(to: a)",4194304,64,304,1,1,8096,0,9544.599056244
2,"map(to: a)",4194304,64,304,1,1,11,0,799.906253815
2,"map(to: a)",4194304,64,304,1,1,1,0,790.846347809
2,"map(to: a)",4194304,64,304,1,1,1218,0,2106.809616089
2,"map(to: a)",4194304,64,304,1,1,472,0,1298.642158508
2,"map(to: a)",4194304,64,304,1,1,71,0,866.758823395
2,"map(to: a)",4194304,64,304,1,1,5042,0,6283.450126648
2,"map(to: a)",4194304,64,304,1,1,4,0,793.397426605
2,"map(to: a)",4194304,64,304,1,2,2,0,791.609287262
2,"map(to: a)",4194304,64,304,1,2,71,0,954.043865204
2,"map(to: a)",4194304,64,304,1,2,17,0,813.496112823
2,"map(to: a)",4194304,64,304,1,2,472,0,1301.050186157
2,"map(to: a)",4194304,64,304,1,2,5042,0,6240.153312683
2,"map(to: a)",4194304,64,304,1,2,28,0,818.991661072
2,"map(to: a)",4194304,64,304,1,2,44,0,838.899612427
2,"map(to: a)",4194304,64,304,1,2,1218,0,2109.539508820
2,"map(to: a)",4194304,64,304,1,2,4,0,793.492794037
2,"map(to: a)",4194304,64,304,1,2,1955,0,2920.496463776
2,"map(to: a)",4194304,64,304,1,2,183,0,989.651679993
2,"map(to: a)",4194304,64,304,1,2,7,0,795.495510101
2,"map(to: a)",4194304,64,304,1,2,758,0,1662.349700928
2,"map(to: a)",4194304,64,304,1,2,1,0,799.953937531
2,"map(to: a)",4194304,64,304,1,2,3140,0,4217.743873596
2,"map(to: a)",4194304,64,304,1,2,8096,0,9580.743312836
2,"map(to: a)",4194304,64,304,1,2,3,0,790.452957153
2,"map(to: a)",4194304,64,304,1,2,114,0,913.345813751
2,"map(to: a)",4194304,64,304,1,2,11,0,801.157951355
2,"map(to: a)",4194304,64,304,1,2,294,0,1108.860969543
2,"map(to: a)",4194304,64,304,1,3,1,0,791.442394257
2,"map(to: a)",4194304,64,304,1,3,17,0,807.559490204
2,"map(to: a)",4194304,64,304,1,3,294,0,1108.801364899
2,"map(to: a)",4194304,64,304,1,3,5042,0,6276.202201843
2,"map(to: a)",4194304,64,304,1,3,114,0,912.797451019
2,"map(to: a)",4194304,64,304,1,3,28,0,818.502902985
2,"map(to: a)",4194304,64,304,1,3,1218,0,2110.290527344
2,"map(to: a)",4194304,64,304,1,3,2,0,788.700580597
2,"map(to: a)",4194304,64,304,1,3,3,0,792.849063873
2,"map(to: a)",4194304,64,304,1,3,4,0,792.896747589
2,"map(to: a)",4194304,64,304,1,3,758,0,1611.697673798
2,"map(to: a)",4194304,64,304,1,3,11,0,800.442695618
2,"map(to: a)",4194304,64,304,1,3,44,0,838.351249695
2,"map(to: a)",4194304,64,304,1,3,472,0,1300.799846649
2,"map(to: a)",4194304,64,304,1,3,7,0,795.650482178
2,"map(to: a)",4194304,64,304,1,3,1955,0,2921.307086945
2,"map(to: a)",4194304,64,304,1,3,71,0,867.390632629
2,"map(to: a)",4194304,64,304,1,3,183,0,986.850261688
2,"map(to: a)",4194304,64,304,1,3,8096,0,9604.644775391
2,"map(to: a)",4194304,64,304,1,3,3140,0,4212.009906769
2,"map(to: a)",4194304,64,304,1,4,472,0,1297.843456268
2,"map(to: a)",4194304,64,304,1,4,71,0,866.651535034
2,"map(to: a)",4194304,64,304,1,4,1,0,788.748264313
2,"map(to: a)",4194304,64,304,1,4,11,0,799.608230591
2,"map(to: a)",4194304,64,304,1,4,4,0,792.551040649
2,"map(to: a)",4194304,64,304,1,4,3140,0,4206.097126007
2,"map(to: a)",4194304,64,304,1,4,28,0,818.955898285
2,"map(to: a)",4194304,64,304,1,4,1218,0,2109.992504120
2,"map(to: a)",4194304,64,304,1,4,2,0,789.892673492
2,"map(to: a)",4194304,64,304,1,4,183,0,987.148284912
2,"map(to: a)",4194304,64,304,1,4,5042,0,6306.505203247
2,"map(to: a)",4194304,64,304,1,4,114,0,912.404060364
2,"map(to: a)",4194304,64,304,1,4,3,0,792.944431305
2,"map(to: a)",4194304,64,304,1,4,44,0,837.409496307
2,"map(to: a)",4194304,64,304,1,4,758,0,1612.794399261
2,"map(to: a)",4194304,64,304,1,4,8096,0,9579.098224640
2,"map(to: a)",4194304,64,304,1,4,1955,0,2950.143814087
2,"map(to: a)",4194304,64,304,1,4,294,0,1109.051704407
2,"map(to: a)",4194304,64,304,1,4,7,0,796.401500702
2,"map(to: a)",4194304,64,304,1,4,17,0,808.143615723
2,"map(to: a)",16777216,64,304,0,0,7,0,3431.606292725
2,"map(to: a)",16777216,64,304,0,0,114,0,2732.741832733
2,"map(to: a)",16777216,64,304,0,0,3,0,2611.398696899
2,"map(to: a)",16777216,64,304,0,0,17,0,2627.849578857
2,"map(to: a)",16777216,64,304,0,0,1,0,2608.501911163
2,"map(to: a)",16777216,64,304,0,0,44,0,2657.806873322
2,"map(to: a)",16777216,64,304,0,0,294,0,3218.352794647
2,"map(to: a)",16777216,64,304,0,0,3140,0,6035.149097443
2,"map(to: a)",16777216,64,304,0,0,4,0,2612.650394440
2,"map(to: a)",16777216,64,304,0,0,1955,0,4743.349552155
2,"map(to: a)",16777216,64,304,0,0,183,0,2808.105945587
2,"map(to: a)",16777216,64,304,0,0,8096,0,11420.643329620
2,"map(to: a)",16777216,64,304,0,0,758,0,3433.692455292
2,"map(to: a)",16777216,64,304,0,0,71,0,2763.605117798
2,"map(to: a)",16777216,64,304,0,0,2,0,2609.848976135
2,"map(to: a)",16777216,64,304,0,0,11,0,2620.303630829
2,"map(to: a)",16777216,64,304,0,0,28,0,2637.100219727
2,"map(to: a)",16777216,64,304,0,0,5042,0,8099.758625031
2,"map(to: a)",16777216,64,304,0,0,1218,0,3932.797908783
2,"map(to: a)",16777216,64,304,0,0,472,0,3197.050094604
2,"map(to: a)",16777216,64,304,0,1,4,0,2613.556385040
2,"map(to: a)",16777216,64,304,0,1,1,0,2608.609199524
2,"map(to: a)",16777216,64,304,0,1,17,0,2628.338336945
2,"map(to: a)",16777216,64,304,0,1,28,0,2638.792991638
2,"map(to: a)",16777216,64,304,0,1,11,0,2619.302272797
2,"map(to: a)",16777216,64,304,0,1,3140,0,6028.103828430
2,"map(to: a)",16777216,64,304,0,1,2,0,2609.896659851
2,"map(to: a)",16777216,64,304,0,1,758,0,3432.750701904
2,"map(to: a)",16777216,64,304,0,1,1218,0,3924.095630646
2,"map(to: a)",16777216,64,304,0,1,44,0,2656.650543213
2,"map(to: a)",16777216,64,304,0,1,71,0,2686.393260956
2,"map(to: a)",16777216,64,304,0,1,114,0,2733.039855957
2,"map(to: a)",16777216,64,304,0,1,294,0,2925.658226013
2,"map(to: a)",16777216,64,304,0,1,7,0,2615.106105804
2,"map(to: a)",16777216,64,304,0,1,183,0,2809.357643127
2,"map(to: a)",16777216,64,304,0,1,8096,0,11436.247825623
2,"map(to: a)",16777216,64,304,0,1,472,0,3121.161460876
2,"map(to: a)",16777216,64,304,0,1,1955,0,4745.292663574
2,"map(to: a)",16777216,64,304,0,1,3,0,2612.245082855
2,"map(to: a)",16777216,64,304,0,1,5042,0,8185.493946075
2,"map(to: a)",16777216,64,304,0,2,3,0,2610.349655151
2,"map(to: a)",16777216,64,304,0,2,44,0,2657.091617584
2,"map(to: a)",16777216,64,304,0,2,1,0,2609.944343567
2,"map(to: a)",16777216,64,304,0,2,183,0,2809.202671051
2,"map(to: a)",16777216,64,304,0,2,294,0,2928.400039673
2,"map(to: a)",16777216,64,304,0,2,5042,0,8099.198341370
2,"map(to: a)",16777216,64,304,0,2,7,0,2614.700794220
2,"map(to: a)",16777216,64,304,0,2,8096,0,11420.905590057
2,"map(to: a)",16777216,64,304,0,2,2,0,2609.694004059
2,"map(to: a)",16777216,64,304,0,2,114,0,2734.196186066
2,"map(to: a)",16777216,64,304,0,2,71,0,2686.250209808
2,"map(to: a)",16777216,64,304,0,2,1955,0,4747.343063354
2,"map(to: a)",16777216,64,304,0,2,17,0,2627.408504486
2,"map(to: a)",16777216,64,304,0,2,472,0,3122.150897980
2,"map(to: a)",16777216,64,304,0,2,11,0,2624.106407166
2,"map(to: a)",16777216,64,304,0,2,1218,0,3929.293155670
2,"map(to: a)",16777216,64,304,0,2,4,0,2614.402770996
2,"map(to: a)",16777216,64,304,0,2,3140,0,6052.851676941
2,"map(to: a)",16777216,64,304,0,2,758,0,3511.750698090
2,"map(to: a)",16777216,64,304,0,2,28,0,2639.544010162
2,"map(to: a)",16777216,64,304,0,3,11,0,2619.206905365
2,"map(to: a)",16777216,64,304,0,3,4,0,2613.651752472
2,"map(to: a)",16777216,64,304,0,3,5042,0,8111.202716827
2,"map(to: a)",16777216,64,304,0,3,183,0,2809.560298920
2,"map(to: a)",16777216,64,304,0,3,17,0,2628.552913666
2,"map(to: a)",16777216,64,304,0,3,3,0,2609.395980835
2,"map(to: a)",16777216,64,304,0,3,28,0,2640.199661255
2,"map(to: a)",16777216,64,304,0,3,1218,0,3929.007053375
2,"map(to: a)",16777216,64,304,0,3,114,0,2732.944488525
2,"map(to: a)",16777216,64,304,0,3,758,0,3433.048725128
2,"map(to: a)",16777216,64,304,0,3,1955,0,4748.451709747
2,"map(to: a)",16777216,64,304,0,3,472,0,3121.650218964
2,"map(to: a)",16777216,64,304,0,3,7,0,2615.702152252
2,"map(to: a)",16777216,64,304,0,3,44,0,2657.246589661
2,"map(to: a)",16777216,64,304,0,3,3140,0,6043.505668640
2,"map(to: a)",16777216,64,304,0,3,8096,0,11440.658569336
2,"map(to: a)",16777216,64,304,0,3,71,0,2686.440944672
2,"map(to: a)",16777216,64,304,0,3,1,0,2658.700942993
2,"map(to: a)",16777216,64,304,0,3,2,0,2624.344825745
2,"map(to: a)",16777216,64,304,0,3,294,0,2929.198741913
2,"map(to: a)",16777216,64,304,0,4,3,0,2609.646320343
2,"map(to: a)",16777216,64,304,0,4,8096,0,11407.399177551
2,"map(to: a)",16777216,64,304,0,4,1,0,2608.644962311
2,"map(to: a)",16777216,64,304,0,4,28,0,2639.698982239
2,"map(to: a)",16777216,64,304,0,4,17,0,2627.944946289
2,"map(to: a)",16777216,64,304,0,4,5042,0,8096.396923065
2,"map(to: a)",16777216,64,304,0,4,7,0,2614.450454712
2,"map(to: a)",16777216,64,304,0,4,114,0,2733.349800110
2,"map(to: a)",16777216,64,304,0,4,44,0,2657.699584961
2,"map(to: a)",16777216,64,304,0,4,2,0,2608.096599579
2,"map(to: a)",16777216,64,304,0,4,294,0,2928.400039673
2,"map(to: a)",16777216,64,304,0,4,758,0,3433.609008789
2,"map(to: a)",16777216,64,304,0,4,183,0,2807.295322418
2,"map(to: a)",16777216,64,304,0,4,4,0,2613.806724548
2,"map(to: a)",16777216,64,304,0,4,1218,0,3935.754299164
2,"map(to: a)",16777216,64,304,0,4,71,0,2686.846256256
2,"map(to: a)",16777216,64,304,0,4,1955,0,4737.150669098
2,"map(to: a)",16777216,64,304,0,4,11,0,2621.555328369
2,"map(to: a)",16777216,64,304,0,4,472,0,3123.998641968
2,"map(to: a)",16777216,64,304,0,4,3140,0,6040.501594543
2,"map(to: a)",16777216,64,304,1,0,2,0,2609.348297119
2,"map(to: a)",16777216,64,304,1,0,4,0,2679.944038391
2,"map(to: a)",16777216,64,304,1,0,472,0,3123.748302460
2,"map(to: a)",16777216,64,304,1,0,3140,0,6039.404869080
2,"map(to: a)",16777216,64,304,1,0,183,0,2806.949615479
2,"map(to: a)",16777216,64,304,1,0,28,0,2637.505531311
2,"map(to: a)",16777216,64,304,1,0,71,0,2687.895298004
2,"map(to: a)",16777216,64,304,1,0,1218,0,3931.796550751
2,"map(to: a)",16777216,64,304,1,0,294,0,2928.304672241
2,"map(to: a)",16777216,64,304,1,0,1,0,2610.003948212
2,"map(to: a)",16777216,64,304,1,0,7,0,2615.606784821
2,"map(to: a)",16777216,64,304,1,0,1955,0,4747.855663300
2,"map(to: a)",16777216,64,304,1,0,758,0,3431.546688080
2,"map(to: a)",16777216,64,304,1,0,114,0,2732.145786285
2,"map(to: a)",16777216,64,304,1,0,11,0,2620.303630829
2,"map(to: a)",16777216,64,304,1,0,3,0,2611.744403839
2,"map(to: a)",16777216,64,304,1,0,8096,0,11397.945880890
2,"map(to: a)",16777216,64,304,1,0,44,0,2657.806873322
2,"map(to: a)",16777216,64,304,1,0,17,0,2627.551555634
2,"map(to: a)",16777216,64,304,1,0,5042,0,8101.642131805
2,"map(to: a)",16777216,64,304,1,1,758,0,3431.355953217
2,"map(to: a)",16777216,64,304,1,1,3,0,2688.896656036
2,"map(to: a)",16777216,64,304,1,1,3140,0,6041.347980499
2,"map(to: a)",16777216,64,304,1,1,1955,0,4748.058319092
2,"map(to: a)",16777216,64,304,1,1,44,0,2658.689022064
2,"map(to: a)",16777216,64,304,1,1,17,0,2627.551555634
2,"map(to: a)",16777216,64,304,1,1,294,0,2929.341793060
2,"map(to: a)",16777216,64,304,1,1,28,0,2719.008922577
2,"map(to: a)",16777216,64,304,1,1,114,0,2733.242511749
2,"map(to: a)",16777216,64,304,1,1,2,0,2608.549594879
2,"map(to: a)",16777216,64,304,1,1,7,0,2615.499496460
2,"map(to: a)",16777216,64,304,1,1,183,0,2809.107303619
2,"map(to: a)",16777216,64,304,1,1,8096,0,11391.246318817
2,"map(to: a)",16777216,64,304,1,1,11,0,2620.494365692
2,"map(to: a)",16777216,64,304,1,1,1,0,2609.097957611
2,"map(to: a)",16777216,64,304,1,1,1218,0,3931.057453156
2,"map(to: a)",16777216,64,304,1,1,472,0,3121.197223663
2,"map(to: a)",16777216,64,304,1,1,71,0,2686.703205109
2,"map(to: a)",16777216,64,304,1,1,5042,0,8122.253417969
2,"map(to: a)",16777216,64,304,1,1,4,0,2612.197399139
2,"map(to: a)",16777216,64,304,1,2,2,0,2609.145641327
2,"map(to: a)",16777216,64,304,1,2,71,0,2687.847614288
2,"map(to: a)",16777216,64,304,1,2,17,0,2627.658843994
2,"map(to: a)",16777216,64,304,1,2,472,0,3123.259544373
2,"map(to: a)",16777216,64,304,1,2,5042,0,8148.241043091
2,"map(to: a)",16777216,64,304,1,2,28,0,2639.400959015
2,"map(to: a)",16777216,64,304,1,2,44,0,2658.450603485
2,"map(to: a)",16777216,64,304,1,2,1218,0,3937.339782715
2,"map(to: a)",16777216,64,304,1,2,4,0,2696.049213409
2,"map(to: a)",16777216,64,304,1,2,1955,0,5042.958259583
2,"map(to: a)",16777216,64,304,1,2,183,0,2810.049057007
2,"map(to: a)",16777216,64,304,1,2,7,0,2616.143226624
2,"map(to: a)",16777216,64,304,1,2,758,0,3430.247306824
2,"map(to: a)",16777216,64,304,1,2,1,0,2611.052989960
2,"map(to: a)",16777216,64,304,1,2,3140,0,6047.999858856
2,"map(to: a)",16777216,64,304,1,2,8096,0,11424.851417542
2,"map(to: a)",16777216,64,304,1,2,3,0,2609.705924988
2,"map(to: a)",16777216,64,304,1,2,114,0,2733.802795410
2,"map(to: a)",16777216,64,304,1,2,11,0,2621.400356293
2,"map(to: a)",16777216,64,304,1,2,294,0,2929.306030273
2,"map(to: a)",16777216,64,304,1,3,1,0,2608.597278595
2,"map(to: a)",16777216,64,304,1,3,17,0,2627.801895142
2,"map(to: a)",16777216,64,304,1,3,294,0,2929.151058197
2,"map(to: a)",16777216,64,304,1,3,5042,0,8122.253417969
2,"map(to: a)",16777216,64,304,1,3,114,0,2810.001373291
2,"map(to: a)",16777216,64,304,1,3,28,0,2638.649940491
2,"map(to: a)",16777216,64,304,1,3,1218,0,3932.845592499
2,"map(to: a)",16777216,64,304,1,3,2,0,2694.296836853
2,"map(to: a)",16777216,64,304,1,3,3,0,2609.646320343
2,"map(to: a)",16777216,64,304,1,3,4,0,2613.341808319
2,"map(to: a)",16777216,64,304,1,3,758,0,3435.349464417
2,"map(to: a)",16777216,64,304,1,3,11,0,2621.495723724
2,"map(to: a)",16777216,64,304,1,3,44,0,2656.102180481
2,"map(to: a)",16777216,64,304,1,3,472,0,3122.150897980
2,"map(to: a)",16777216,64,304,1,3,7,0,2615.249156952
2,"map(to: a)",16777216,64,304,1,3,1955,0,4750.955104828
2,"map(to: a)",16777216,64,304,1,3,71,0,2687.108516693
2,"map(to: a)",16777216,64,304,1,3,183,0,2807.593345642
2,"map(to: a)",16777216,64,304,1,3,8096,0,11408.603191376
2,"map(to: a)",16777216,64,304,1,3,3140,0,6049.895286560
2,"map(to: a)",16777216,64,304,1,4,472,0,3119.945526123
2,"map(to: a)",16777216,64,304,1,4,71,0,2686.440944672
2,"map(to: a)",16777216,64,304,1,4,1,0,2609.145641327
2,"map(to: a)",16777216,64,304,1,4,11,0,2620.851993561
2,"map(to: a)",16777216,64,304,1,4,4,0,2611.851692200
2,"map(to: a)",16777216,64,304,1,4,3140,0,6098.997592926
2,"map(to: a)",16777216,64,304,1,4,28,0,2640.199661255
2,"map(to: a)",16777216,64,304,1,4,1218,0,3989.303112030
2,"map(to: a)",16777216,64,304,1,4,2,0,2608.942985535
2,"map(to: a)",16777216,64,304,1,4,183,0,2808.701992035
2,"map(to: a)",16777216,64,304,1,4,5042,0,8118.307590485
2,"map(to: a)",16777216,64,304,1,4,114,0,2734.303474426
2,"map(to: a)",16777216,64,304,1,4,3,0,2610.146999359
2,"map(to: a)",16777216,64,304,1,4,44,0,2657.151222229
2,"map(to: a)",16777216,64,304,1,4,758,0,3433.096408844
2,"map(to: a)",16777216,64,304,1,4,8096,0,11451.792716980
2,"map(to: a)",16777216,64,304,1,4,1955,0,4730.451107025
2,"map(to: a)",16777216,64,304,1,4,294,0,2929.842472076
2,"map(to: a)",16777216,64,304,1,4,7,0,2615.392208099
2,"map(to: a)",16777216,64,304,1,4,17,0,2629.244327545
3,"map(from: a)",1,64,304,0,0,7,0,217.700004578
3,"map(from: a)",1,64,304,0,0,114,0,333.499908447
3,"map(from: a)",1,64,304,0,0,3,0,211.358070374
3,"map(from: a)",1,64,304,0,0,17,0,228.750705719
3,"map(from: a)",1,64,304,0,0,1,0,210.046768188
3,"map(from: a)",1,64,304,0,0,44,0,258.350372314
3,"map(from: a)",1,64,304,0,0,294,0,529.050827026
3,"map(from: a)",1,64,304,0,0,3140,0,3631.854057312
3,"map(from: a)",1,64,304,0,0,4,0,213.801860809
3,"map(from: a)",1,64,304,0,0,1955,0,2352.452278137
3,"map(from: a)",1,64,304,0,0,183,0,407.648086548
3,"map(from: a)",1,64,304,0,0,8096,0,9038.448333740
3,"map(from: a)",1,64,304,0,0,758,0,1026.844978333
3,"map(from: a)",1,64,304,0,0,71,0,287.091732025
3,"map(from: a)",1,64,304,0,0,2,0,210.201740265
3,"map(from: a)",1,64,304,0,0,11,0,221.145153046
3,"map(from: a)",1,64,304,0,0,28,0,239.551067352
3,"map(from: a)",1,64,304,0,0,5042,0,5692.040920258
3,"map(from: a)",1,64,304,0,0,1218,0,1532.053947449
3,"map(from: a)",1,64,304,0,0,472,0,723.195075989
3,"map(from: a)",1,64,304,0,1,4,0,213.789939880
3,"map(from: a)",1,64,304,0,1,1,0,210.094451904
3,"map(from: a)",1,64,304,0,1,17,0,228.750705719
3,"map(from: a)",1,64,304,0,1,28,0,239.455699921
3,"map(from: a)",1,64,304,0,1,11,0,221.097469330
3,"map(from: a)",1,64,304,0,1,3140,0,3627.598285675
3,"map(from: a)",1,64,304,0,1,2,0,210.189819336
3,"map(from: a)",1,64,304,0,1,758,0,1036.560535431
3,"map(from: a)",1,64,304,0,1,1218,0,1522.648334503
3,"map(from: a)",1,64,304,0,1,44,0,258.147716522
3,"map(from: a)",1,64,304,0,1,71,0,286.495685577
3,"map(from: a)",1,64,304,0,1,114,0,334.155559540
3,"map(from: a)",1,64,304,0,1,294,0,526.702404022
3,"map(from: a)",1,64,304,0,1,7,0,216.293334961
3,"map(from: a)",1,64,304,0,1,183,0,407.695770264
3,"map(from: a)",1,64,304,0,1,8096,0,9020.698070526
3,"map(from: a)",1,64,304,0,1,472,0,719.952583313
3,"map(from: a)",1,64,304,0,1,1955,0,2338.957786560
3,"map(from: a)",1,64,304,0,1,3,0,211.405754089
3,"map(from: a)",1,64,304,0,1,5042,0,5690.205097198
3,"map(from: a)",1,64,304,0,2,3,0,211.548805237
3,"map(from: a)",1,64,304,0,2,44,0,257.992744446
3,"map(from: a)",1,64,304,0,2,1,0,210.261344910
3,"map(from: a)",1,64,304,0,2,183,0,408.196449280
3,"map(from: a)",1,64,304,0,2,294,0,527.703762054
3,"map(from: a)",1,64,304,0,2,5042,0,5703.091621399
3,"map(from: a)",1,64,304,0,2,7,0,216.197967529
3,"map(from: a)",1,64,304,0,2,8096,0,9033.238887787
3,"map(from: a)",1,64,304,0,2,2,0,209.951400757
3,"map(from: a)",1,64,304,0,2,114,0,334.191322327
3,"map(from: a)",1,64,304,0,2,71,0,286.805629730
3,"map(from: a)",1,64,304,0,2,1955,0,2352.952957153
3,"map(from: a)",1,64,304,0,2,17,0,228.500366211
3,"map(from: a)",1,64,304,0,2,472,0,722.455978394
3,"map(from: a)",1,64,304,0,2,11,0,221.192836761
3,"map(from: a)",1,64,304,0,2,1218,0,1532.244682312
3,"map(from: a)",1,64,304,0,2,4,0,213.599205017
3,"map(from: a)",1,64,304,0,2,3140,0,3630.602359772
3,"map(from: a)",1,64,304,0,2,758,0,1032.352447510
3,"map(from: a)",1,64,304,0,2,28,0,239.551067352
3,"map(from: a)",1,64,304,0,3,11,0,221.002101898
3,"map(from: a)",1,64,304,0,3,4,0,213.599205017
3,"map(from: a)",1,64,304,0,3,5042,0,5682.504177094
3,"map(from: a)",1,64,304,0,3,183,0,413.501262665
3,"map(from: a)",1,64,304,0,3,17,0,230.109691620
3,"map(from: a)",1,64,304,0,3,3,0,211.906433105
3,"map(from: a)",1,64,304,0,3,28,0,239.646434784
3,"map(from: a)",1,64,304,0,3,1218,0,1537.656784058
3,"map(from: a)",1,64,304,0,3,114,0,333.058834076
3,"map(from: a)",1,64,304,0,3,758,0,1036.047935486
3,"map(from: a)",1,64,304,0,3,1955,0,2336.597442627
3,"map(from: a)",1,64,304,0,3,472,0,723.695755005
3,"map(from: a)",1,64,304,0,3,7,0,216.341018677
3,"map(from: a)",1,64,304,0,3,44,0,258.052349091
3,"map(from: a)",1,64,304,0,3,3140,0,3628.301620483
3,"map(from: a)",1,64,304,0,3,8096,0,9006.154537201
3,"map(from: a)",1,64,304,0,3,71,0,286.900997162
3,"map(from: a)",1,64,304,0,3,1,0,210.142135620
3,"map(from: a)",1,64,304,0,3,2,0,210.094451904
3,"map(from: a)",1,64,304,0,3,294,0,529.789924622
3,"map(from: a)",1,64,304,0,4,3,0,211.691856384
3,"map(from: a)",1,64,304,0,4,8096,0,9018.647670746
3,"map(from: a)",1,64,304,0,4,1,0,210.249423981
3,"map(from: a)",1,64,304,0,4,28,0,239.753723145
3,"map(from: a)",1,64,304,0,4,17,0,228.548049927
3,"map(from: a)",1,64,304,0,4,5042,0,5702.447891235
3,"map(from: a)",1,64,304,0,4,7,0,216.197967529
3,"map(from: a)",1,64,304,0,4,114,0,334.739685059
3,"map(from: a)",1,64,304,0,4,44,0,257.802009583
3,"map(from: a)",1,64,304,0,4,2,0,210.046768188
3,"map(from: a)",1,64,304,0,4,294,0,529.658794403
3,"map(from: a)",1,64,304,0,4,758,0,1034.092903137
3,"map(from: a)",1,64,304,0,4,183,0,408.160686493
3,"map(from: a)",1,64,304,0,4,4,0,213.551521301
3,"map(from: a)",1,64,304,0,4,1218,0,1533.102989197
3,"map(from: a)",1,64,304,0,4,71,0,287.294387817
3,"map(from: a)",1,64,304,0,4,1955,0,2334.344387054
3,"map(from: a)",1,64,304,0,4,11,0,220.894813538
3,"map(from: a)",1,64,304,0,4,472,0,721.991062164
3,"map(from: a)",1,64,304,0,4,3140,0,3642.606735229
3,"map(from: a)",1,64,304,1,0,2,0,211.691856384
3,"map(from: a)",1,64,304,1,0,4,0,213.706493378
3,"map(from: a)",1,64,304,1,0,472,0,721.395015717
3,"map(from: a)",1,64,304,1,0,3140,0,3641.951084137
3,"map(from: a)",1,64,304,1,0,183,0,407.397747040
3,"map(from: a)",1,64,304,1,0,28,0,239.646434784
3,"map(from: a)",1,64,304,1,0,71,0,286.805629730
3,"map(from: a)",1,64,304,1,0,1218,0,1535.856723785
3,"map(from: a)",1,64,304,1,0,294,0,528.144836426
3,"map(from: a)",1,64,304,1,0,1,0,210.142135620
3,"map(from: a)",1,64,304,1,0,7,0,216.150283813
3,"map(from: a)",1,64,304,1,0,1955,0,2343.297004700
3,"map(from: a)",1,64,304,1,0,758,0,1031.243801117
3,"map(from: a)",1,64,304,1,0,114,0,334.310531616
3,"map(from: a)",1,64,304,1,0,11,0,221.347808838
3,"map(from: a)",1,64,304,1,0,3,0,211.644172668
3,"map(from: a)",1,64,304,1,0,8096,0,8952.939510345
3,"map(from: a)",1,64,304,1,0,44,0,258.302688599
3,"map(from: a)",1,64,304,1,0,17,0,228.643417358
3,"map(from: a)",1,64,304,1,0,5042,0,5707.907676697
3,"map(from: a)",1,64,304,1,1,758,0,1032.793521881
3,"map(from: a)",1,64,304,1,1,3,0,213.742256165
3,"map(from: a)",1,64,304,1,1,3140,0,3616.690635681
3,"map(from: a)",1,64,304,1,1,1955,0,2352.952957153
3,"map(from: a)",1,64,304,1,1,44,0,258.100032806
3,"map(from: a)",1,64,304,1,1,17,0,228.595733643
3,"map(from: a)",1,64,304,1,1,294,0,527.954101562
3,"map(from: a)",1,64,304,1,1,28,0,239.658355713
3,"map(from: a)",1,64,304,1,1,114,0,332.939624786
3,"map(from: a)",1,64,304,1,1,2,0,210.046768188
3,"map(from: a)",1,64,304,1,1,7,0,216.352939606
3,"map(from: a)",1,64,304,1,1,183,0,408.053398132
3,"map(from: a)",1,64,304,1,1,8096,0,8971.953392029
3,"map(from: a)",1,64,304,1,1,11,0,221.252441406
3,"map(from: a)",1,64,304,1,1,1,0,210.046768188
3,"map(from: a)",1,64,304,1,1,1218,0,1535.248756409
3,"map(from: a)",1,64,304,1,1,472,0,718.557834625
3,"map(from: a)",1,64,304,1,1,71,0,286.650657654
3,"map(from: a)",1,64,304,1,1,5042,0,5668.890476227
3,"map(from: a)",1,64,304,1,1,4,0,213.694572449
3,"map(from: a)",1,64,304,1,2,2,0,209.999084473
3,"map(from: a)",1,64,304,1,2,71,0,287.091732025
3,"map(from: a)",1,64,304,1,2,17,0,228.798389435
3,"map(from: a)",1,64,304,1,2,472,0,722.408294678
3,"map(from: a)",1,64,304,1,2,5042,0,5663.251876831
3,"map(from: a)",1,64,304,1,2,28,0,239.801406860
3,"map(from: a)",1,64,304,1,2,44,0,258.243083954
3,"map(from: a)",1,64,304,1,2,1218,0,1533.699035645
3,"map(from: a)",1,64,304,1,2,4,0,213.789939880
3,"map(from: a)",1,64,304,1,2,1955,0,2340.590953827
3,"map(from: a)",1,64,304,1,2,183,0,408.947467804
3,"map(from: a)",1,64,304,1,2,7,0,216.448307037
3,"map(from: a)",1,64,304,1,2,758,0,1027.858257294
3,"map(from: a)",1,64,304,1,2,1,0,210.356712341
3,"map(from: a)",1,64,304,1,2,3140,0,3616.094589233
3,"map(from: a)",1,64,304,1,2,8096,0,9036.898612976
3,"map(from: a)",1,64,304,1,2,3,0,211.298465729
3,"map(from: a)",1,64,304,1,2,114,0,334.048271179
3,"map(from: a)",1,64,304,1,2,11,0,221.097469330
3,"map(from: a)",1,64,304,1,2,294,0,530.302524567
3,"map(from: a)",1,64,304,1,3,1,0,210.249423981
3,"map(from: a)",1,64,304,1,3,17,0,228.893756866
3,"map(from: a)",1,64,304,1,3,294,0,528.442859650
3,"map(from: a)",1,64,304,1,3,5042,0,5693.745613098
3,"map(from: a)",1,64,304,1,3,114,0,333.094596863
3,"map(from: a)",1,64,304,1,3,28,0,239.896774292
3,"map(from: a)",1,64,304,1,3,1218,0,1531.457901001
3,"map(from: a)",1,64,304,1,3,2,0,210.094451904
3,"map(from: a)",1,64,304,1,3,3,0,211.560726166
3,"map(from: a)",1,64,304,1,3,4,0,213.742256165
3,"map(from: a)",1,64,304,1,3,758,0,1030.957698822
3,"map(from: a)",1,64,304,1,3,11,0,221.097469330
3,"map(from: a)",1,64,304,1,3,44,0,257.706642151
3,"map(from: a)",1,64,304,1,3,472,0,722.754001617
3,"map(from: a)",1,64,304,1,3,7,0,216.257572174
3,"map(from: a)",1,64,304,1,3,1955,0,2351.856231689
3,"map(from: a)",1,64,304,1,3,71,0,286.698341370
3,"map(from: a)",1,64,304,1,3,183,0,409.054756165
3,"map(from: a)",1,64,304,1,3,8096,0,8967.554569244
3,"map(from: a)",1,64,304,1,3,3140,0,3637.456893921
3,"map(from: a)",1,64,304,1,4,472,0,719.654560089
3,"map(from: a)",1,64,304,1,4,71,0,286.805629730
3,"map(from: a)",1,64,304,1,4,1,0,210.249423981
3,"map(from: a)",1,64,304,1,4,11,0,220.906734467
3,"map(from: a)",1,64,304,1,4,4,0,213.599205017
3,"map(from: a)",1,64,304,1,4,3140,0,3627.240657806
3,"map(from: a)",1,64,304,1,4,28,0,239.503383636
3,"map(from: a)",1,64,304,1,4,1218,0,1534.140110016
3,"map(from: a)",1,64,304,1,4,2,0,210.046768188
3,"map(from: a)",1,64,304,1,4,183,0,408.697128296
3,"map(from: a)",1,64,304,1,4,5042,0,5668.103694916
3,"map(from: a)",1,64,304,1,4,114,0,334.692001343
3,"map(from: a)",1,64,304,1,4,3,0,211.250782013
3,"map(from: a)",1,64,304,1,4,44,0,258.195400238
3,"map(from: a)",1,64,304,1,4,758,0,1031.041145325
3,"map(from: a)",1,64,304,1,4,8096,0,9041.547775269
3,"map(from: a)",1,64,304,1,4,1955,0,2327.644824982
3,"map(from: a)",1,64,304,1,4,294,0,529.146194458
3,"map(from: a)",1,64,304,1,4,7,0,216.293334961
3,"map(from: a)",1,64,304,1,4,17,0,228.750705719
3,"map(from: a)",4,64,304,0,0,7,0,218.248367310
3,"map(from: a)",4,64,304,0,0,114,0,333.547592163
3,"map(from: a)",4,64,304,0,0,3,0,211.846828461
3,"map(from: a)",4,64,304,0,0,17,0,228.941440582
3,"map(from: a)",4,64,304,0,0,1,0,210.189819336
3,"map(from: a)",4,64,304,0,0,44,0,258.290767670
3,"map(from: a)",4,64,304,0,0,294,0,527.346134186
3,"map(from: a)",4,64,304,0,0,3140,0,3640.747070312
3,"map(from: a)",4,64,304,0,0,4,0,213.909149170
3,"map(from: a)",4,64,304,0,0,1955,0,2348.291873932
3,"map(from: a)",4,64,304,0,0,183,0,408.494472504
3,"map(from: a)",4,64,304,0,0,8096,0,9037.256240845
3,"map(from: a)",4,64,304,0,0,758,0,1028.096675873
3,"map(from: a)",4,64,304,0,0,71,0,287.449359894
3,"map(from: a)",4,64,304,0,0,2,0,210.452079773
3,"map(from: a)",4,64,304,0,0,11,0,221.550464630
3,"map(from: a)",4,64,304,0,0,28,0,253.808498383
3,"map(from: a)",4,64,304,0,0,5042,0,5698.800086975
3,"map(from: a)",4,64,304,0,0,1218,0,1529.240608215
3,"map(from: a)",4,64,304,0,0,472,0,723.552703857
3,"map(from: a)",4,64,304,0,1,4,0,213.897228241
3,"map(from: a)",4,64,304,0,1,1,0,210.654735565
3,"map(from: a)",4,64,304,0,1,17,0,229.048728943
3,"map(from: a)",4,64,304,0,1,28,0,240.206718445
3,"map(from: a)",4,64,304,0,1,11,0,221.049785614
3,"map(from: a)",4,64,304,0,1,3140,0,3639.352321625
3,"map(from: a)",4,64,304,0,1,2,0,210.952758789
3,"map(from: a)",4,64,304,0,1,758,0,1035.845279694
3,"map(from: a)",4,64,304,0,1,1218,0,1524.949073792
3,"map(from: a)",4,64,304,0,1,44,0,258.648395538
3,"map(from: a)",4,64,304,0,1,71,0,287.294387817
3,"map(from: a)",4,64,304,0,1,114,0,334.799289703
3,"map(from: a)",4,64,304,0,1,294,0,541.543960571
3,"map(from: a)",4,64,304,0,1,7,0,216.400623322
3,"map(from: a)",4,64,304,0,1,183,0,408.303737640
3,"map(from: a)",4,64,304,0,1,8096,0,9024.453163147
3,"map(from: a)",4,64,304,0,1,472,0,720.655918121
3,"map(from: a)",4,64,304,0,1,1955,0,2345.144748688
3,"map(from: a)",4,64,304,0,1,3,0,211.656093597
3,"map(from: a)",4,64,304,0,1,5042,0,5706.894397736
3,"map(from: a)",4,64,304,0,2,3,0,211.751461029
3,"map(from: a)",4,64,304,0,2,44,0,258.600711823
3,"map(from: a)",4,64,304,0,2,1,0,210.297107697
3,"map(from: a)",4,64,304,0,2,183,0,409.245491028
3,"map(from: a)",4,64,304,0,2,294,0,527.596473694
3,"map(from: a)",4,64,304,0,2,5042,0,5705.451965332
3,"map(from: a)",4,64,304,0,2,7,0,216.603279114
3,"map(from: a)",4,64,304,0,2,8096,0,9037.196636200
3,"map(from: a)",4,64,304,0,2,2,0,210.607051849
3,"map(from: a)",4,64,304,0,2,114,0,334.608554840
3,"map(from: a)",4,64,304,0,2,71,0,286.841392517
3,"map(from: a)",4,64,304,0,2,1955,0,2347.397804260
3,"map(from: a)",4,64,304,0,2,17,0,229.251384735
3,"map(from: a)",4,64,304,0,2,472,0,723.850727081
3,"map(from: a)",4,64,304,0,2,11,0,221.300125122
3,"map(from: a)",4,64,304,0,2,1218,0,1537.251472473
3,"map(from: a)",4,64,304,0,2,4,0,213.801860809
3,"map(from: a)",4,64,304,0,2,3140,0,3635.001182556
3,"map(from: a)",4,64,304,0,2,758,0,1031.696796417
3,"map(from: a)",4,64,304,0,2,28,0,240.051746368
3,"map(from: a)",4,64,304,0,3,11,0,221.097469330
3,"map(from: a)",4,64,304,0,3,4,0,213.956832886
3,"map(from: a)",4,64,304,0,3,5042,0,5673.301219940
3,"map(from: a)",4,64,304,0,3,183,0,409.448146820
3,"map(from: a)",4,64,304,0,3,17,0,229.048728943
3,"map(from: a)",4,64,304,0,3,3,0,211.560726166
3,"map(from: a)",4,64,304,0,3,28,0,239.992141724
3,"map(from: a)",4,64,304,0,3,1218,0,1535.451412201
3,"map(from: a)",4,64,304,0,3,114,0,333.249568939
3,"map(from: a)",4,64,304,0,3,758,0,1032.805442810
3,"map(from: a)",4,64,304,0,3,1955,0,2338.945865631
3,"map(from: a)",4,64,304,0,3,472,0,724.947452545
3,"map(from: a)",4,64,304,0,3,7,0,216.650962830
3,"map(from: a)",4,64,304,0,3,44,0,258.302688599
3,"map(from: a)",4,64,304,0,3,3140,0,3623.151779175
3,"map(from: a)",4,64,304,0,3,8096,0,9028.148651123
3,"map(from: a)",4,64,304,0,3,71,0,286.841392517
3,"map(from: a)",4,64,304,0,3,1,0,210.344791412
3,"map(from: a)",4,64,304,0,3,2,0,210.547447205
3,"map(from: a)",4,64,304,0,3,294,0,529.801845551
3,"map(from: a)",4,64,304,0,4,3,0,211.548805237
3,"map(from: a)",4,64,304,0,4,8096,0,9022.045135498
3,"map(from: a)",4,64,304,0,4,1,0,210.595130920
3,"map(from: a)",4,64,304,0,4,28,0,240.004062653
3,"map(from: a)",4,64,304,0,4,17,0,228.750705719
3,"map(from: a)",4,64,304,0,4,5042,0,5696.439743042
3,"map(from: a)",4,64,304,0,4,7,0,216.293334961
3,"map(from: a)",4,64,304,0,4,114,0,334.000587463
3,"map(from: a)",4,64,304,0,4,44,0,258.147716522
3,"map(from: a)",4,64,304,0,4,2,0,210.297107697
3,"map(from: a)",4,64,304,0,4,294,0,527.799129486
3,"map(from: a)",4,64,304,0,4,758,0,1033.997535706
3,"map(from: a)",4,64,304,0,4,183,0,407.290458679
3,"map(from: a)",4,64,304,0,4,4,0,213.956832886
3,"map(from: a)",4,64,304,0,4,1218,0,1527.106761932
3,"map(from: a)",4,64,304,0,4,71,0,287.842750549
3,"map(from: a)",4,64,304,0,4,1955,0,2326.703071594
3,"map(from: a)",4,64,304,0,4,11,0,221.240520477
3,"map(from: a)",4,64,304,0,4,472,0,837.659835815
3,"map(from: a)",4,64,304,0,4,3140,0,3643.250465393
3,"map(from: a)",4,64,304,1,0,2,0,210.189819336
3,"map(from: a)",4,64,304,1,0,4,0,214.004516602
3,"map(from: a)",4,64,304,1,0,472,0,721.907615662
3,"map(from: a)",4,64,304,1,0,3140,0,3636.002540588
3,"map(from: a)",4,64,304,1,0,183,0,407.302379608
3,"map(from: a)",4,64,304,1,0,28,0,239.646434784
3,"map(from: a)",4,64,304,1,0,71,0,286.853313446
3,"map(from: a)",4,64,304,1,0,1218,0,1536.452770233
3,"map(from: a)",4,64,304,1,0,294,0,528.049468994
3,"map(from: a)",4,64,304,1,0,1,0,210.452079773
3,"map(from: a)",4,64,304,1,0,7,0,216.495990753
3,"map(from: a)",4,64,304,1,0,1955,0,2350.342273712
3,"map(from: a)",4,64,304,1,0,758,0,1026.558876038
3,"map(from: a)",4,64,304,1,0,114,0,333.595275879
3,"map(from: a)",4,64,304,1,0,11,0,221.550464630
3,"map(from: a)",4,64,304,1,0,3,0,211.703777313
3,"map(from: a)",4,64,304,1,0,8096,0,8939.743041992
3,"map(from: a)",4,64,304,1,0,44,0,258.755683899
3,"map(from: a)",4,64,304,1,0,17,0,228.857994080
3,"map(from: a)",4,64,304,1,0,5042,0,5710.101127625
3,"map(from: a)",4,64,304,1,1,758,0,1028.299331665
3,"map(from: a)",4,64,304,1,1,3,0,212.049484253
3,"map(from: a)",4,64,304,1,1,3140,0,3621.757030487
3,"map(from: a)",4,64,304,1,1,1955,0,2348.101139069
3,"map(from: a)",4,64,304,1,1,44,0,258.302688599
3,"map(from: a)",4,64,304,1,1,17,0,229.299068451
3,"map(from: a)",4,64,304,1,1,294,0,529.396533966
3,"map(from: a)",4,64,304,1,1,28,0,239.741802216
3,"map(from: a)",4,64,304,1,1,114,0,333.309173584
3,"map(from: a)",4,64,304,1,1,2,0,210.344791412
3,"map(from: a)",4,64,304,1,1,7,0,216.603279114
3,"map(from: a)",4,64,304,1,1,183,0,409.698486328
3,"map(from: a)",4,64,304,1,1,8096,0,8938.050270081
3,"map(from: a)",4,64,304,1,1,11,0,221.645832062
3,"map(from: a)",4,64,304,1,1,1,0,210.452079773
3,"map(from: a)",4,64,304,1,1,1218,0,1538.443565369
3,"map(from: a)",4,64,304,1,1,472,0,719.702243805
3,"map(from: a)",4,64,304,1,1,71,0,287.806987762
3,"map(from: a)",4,64,304,1,1,5042,0,5673.098564148
3,"map(from: a)",4,64,304,1,1,4,0,214.052200317
3,"map(from: a)",4,64,304,1,2,2,0,210.452079773
3,"map(from: a)",4,64,304,1,2,71,0,287.604331970
3,"map(from: a)",4,64,304,1,2,17,0,229.251384735
3,"map(from: a)",4,64,304,1,2,472,0,725.150108337
3,"map(from: a)",4,64,304,1,2,5042,0,5658.400058746
3,"map(from: a)",4,64,304,1,2,28,0,240.147113800
3,"map(from: a)",4,64,304,1,2,44,0,258.803367615
3,"map(from: a)",4,64,304,1,2,1218,0,1537.644863129
3,"map(from: a)",4,64,304,1,2,4,0,213.956832886
3,"map(from: a)",4,64,304,1,2,1955,0,2349.293231964
3,"map(from: a)",4,64,304,1,2,183,0,408.947467804
3,"map(from: a)",4,64,304,1,2,7,0,216.698646545
3,"map(from: a)",4,64,304,1,2,758,0,1026.701927185
3,"map(from: a)",4,64,304,1,2,1,0,210.499763489
3,"map(from: a)",4,64,304,1,2,3140,0,3619.349002838
3,"map(from: a)",4,64,304,1,2,8096,0,9038.496017456
3,"map(from: a)",4,64,304,1,2,3,0,212.204456329
3,"map(from: a)",4,64,304,1,2,114,0,334.060192108
3,"map(from: a)",4,64,304,1,2,11,0,221.693515778
3,"map(from: a)",4,64,304,1,2,294,0,531.256198883
3,"map(from: a)",4,64,304,1,3,1,0,210.702419281
3,"map(from: a)",4,64,304,1,3,17,0,229.096412659
3,"map(from: a)",4,64,304,1,3,294,0,528.001785278
3,"map(from: a)",4,64,304,1,3,5042,0,5707.895755768
3,"map(from: a)",4,64,304,1,3,114,0,332.903862000
3,"map(from: a)",4,64,304,1,3,28,0,239.741802216
3,"map(from: a)",4,64,304,1,3,1218,0,1526.594161987
3,"map(from: a)",4,64,304,1,3,2,0,210.404396057
3,"map(from: a)",4,64,304,1,3,3,0,211.644172668
3,"map(from: a)",4,64,304,1,3,4,0,213.909149170
3,"map(from: a)",4,64,304,1,3,758,0,1030.194759369
3,"map(from: a)",4,64,304,1,3,11,0,221.598148346
3,"map(from: a)",4,64,304,1,3,44,0,257.897377014
3,"map(from: a)",4,64,304,1,3,472,0,722.897052765
3,"map(from: a)",4,64,304,1,3,7,0,216.603279114
3,"map(from: a)",4,64,304,1,3,1955,0,2346.348762512
3,"map(from: a)",4,64,304,1,3,71,0,286.841392517
3,"map(from: a)",4,64,304,1,3,183,0,408.244132996
3,"map(from: a)",4,64,304,1,3,8096,0,8980.906009674
3,"map(from: a)",4,64,304,1,3,3140,0,3638.410568237
3,"map(from: a)",4,64,304,1,4,472,0,719.642639160
3,"map(from: a)",4,64,304,1,4,71,0,287.091732025
3,"map(from: a)",4,64,304,1,4,1,0,210.440158844
3,"map(from: a)",4,64,304,1,4,11,0,221.049785614
3,"map(from: a)",4,64,304,1,4,4,0,213.801860809
3,"map(from: a)",4,64,304,1,4,3140,0,3635.704517365
3,"map(from: a)",4,64,304,1,4,28,0,239.694118500
3,"map(from: a)",4,64,304,1,4,1218,0,1537.251472473
3,"map(from: a)",4,64,304,1,4,2,0,210.595130920
3,"map(from: a)",4,64,304,1,4,183,0,410.091876984
3,"map(from: a)",4,64,304,1,4,5042,0,5671.143531799
3,"map(from: a)",4,64,304,1,4,114,0,335.109233856
3,"map(from: a)",4,64,304,1,4,3,0,215.053558350
3,"map(from: a)",4,64,304,1,4,44,0,258.445739746
3,"map(from: a)",4,64,304,1,4,758,0,1029.598712921
3,"map(from: a)",4,64,304,1,4,8096,0,9020.400047302
3,"map(from: a)",4,64,304,1,4,1955,0,2331.507205963
3,"map(from: a)",4,64,304,1,4,294,0,530.004501343
3,"map(from: a)",4,64,304,1,4,7,0,216.400623322
3,"map(from: a)",4,64,304,1,4,17,0,228.953361511
3,"map(from: a)",16,64,304,0,0,7,0,218.152999878
3,"map(from: a)",16,64,304,0,0,114,0,334.095954895
3,"map(from: a)",16,64,304,0,0,3,0,211.799144745
3,"map(from: a)",16,64,304,0,0,17,0,229.191780090
3,"map(from: a)",16,64,304,0,0,1,0,210.845470428
3,"map(from: a)",16,64,304,0,0,44,0,258.791446686
3,"map(from: a)",16,64,304,0,0,294,0,527.596473694
3,"map(from: a)",16,64,304,0,0,3140,0,3644.847869873
3,"map(from: a)",16,64,304,0,0,4,0,214.052200317
3,"map(from: a)",16,64,304,0,0,1955,0,2344.703674316
3,"map(from: a)",16,64,304,0,0,183,0,408.148765564
3,"map(from: a)",16,64,304,0,0,8096,0,9024.500846863
3,"map(from: a)",16,64,304,0,0,758,0,1028.501987457
3,"map(from: a)",16,64,304,0,0,71,0,287.449359894
3,"map(from: a)",16,64,304,0,0,2,0,210.690498352
3,"map(from: a)",16,64,304,0,0,11,0,221.490859985
3,"map(from: a)",16,64,304,0,0,28,0,239.956378937
3,"map(from: a)",16,64,304,0,0,5042,0,5700.004100800
3,"map(from: a)",16,64,304,0,0,1218,0,1527.392864227
3,"map(from: a)",16,64,304,0,0,472,0,724.852085114
3,"map(from: a)",16,64,304,0,1,4,0,213.956832886
3,"map(from: a)",16,64,304,0,1,1,0,210.297107697
3,"map(from: a)",16,64,304,0,1,17,0,229.203701019
3,"map(from: a)",16,64,304,0,1,28,0,239.801406860
3,"map(from: a)",16,64,304,0,1,11,0,221.204757690
3,"map(from: a)",16,64,304,0,1,3140,0,3639.447689056
3,"map(from: a)",16,64,304,0,1,2,0,210.344791412
3,"map(from: a)",16,64,304,0,1,758,0,1034.152507782
3,"map(from: a)",16,64,304,0,1,1218,0,1525.247097015
3,"map(from: a)",16,64,304,0,1,44,0,258.457660675
3,"map(from: a)",16,64,304,0,1,71,0,286.746025085
3,"map(from: a)",16,64,304,0,1,114,0,334.107875824
3,"map(from: a)",16,64,304,0,1,294,0,526.845455170
3,"map(from: a)",16,64,304,0,1,7,0,216.460227966
3,"map(from: a)",16,64,304,0,1,183,0,408.053398132
3,"map(from: a)",16,64,304,0,1,8096,0,9028.649330139
3,"map(from: a)",16,64,304,0,1,472,0,718.402862549
3,"map(from: a)",16,64,304,0,1,1955,0,2348.208427429
3,"map(from: a)",16,64,304,0,1,3,0,211.691856384
3,"map(from: a)",16,64,304,0,1,5042,0,5708.301067352
3,"map(from: a)",16,64,304,0,2,3,0,211.858749390
3,"map(from: a)",16,64,304,0,2,44,0,258.290767670
3,"map(from: a)",16,64,304,0,2,1,0,210.452079773
3,"map(from: a)",16,64,304,0,2,183,0,409.305095673
3,"map(from: a)",16,64,304,0,2,294,0,526.654720306
3,"map(from: a)",16,64,304,0,2,5042,0,5696.547031403
3,"map(from: a)",16,64,304,0,2,7,0,216.543674469
3,"map(from: a)",16,64,304,0,2,8096,0,9023.654460907
3,"map(from: a)",16,64,304,0,2,2,0,210.607051849
3,"map(from: a)",16,64,304,0,2,114,0,333.404541016
3,"map(from: a)",16,64,304,0,2,71,0,287.008285522
3,"map(from: a)",16,64,304,0,2,1955,0,2351.045608521
3,"map(from: a)",16,64,304,0,2,17,0,229.251384735
3,"map(from: a)",16,64,304,0,2,472,0,722.646713257
3,"map(from: a)",16,64,304,0,2,11,0,221.157073975
3,"map(from: a)",16,64,304,0,2,1218,0,1536.595821381
3,"map(from: a)",16,64,304,0,2,4,0,213.956832886
3,"map(from: a)",16,64,304,0,2,3140,0,3637.301921844
3,"map(from: a)",16,64,304,0,2,758,0,1030.647754669
3,"map(from: a)",16,64,304,0,2,28,0,239.896774292
3,"map(from: a)",16,64,304,0,3,11,0,221.407413483
3,"map(from: a)",16,64,304,0,3,4,0,213.897228241
3,"map(from: a)",16,64,304,0,3,5042,0,5752.849578857
3,"map(from: a)",16,64,304,0,3,183,0,410.008430481
3,"map(from: a)",16,64,304,0,3,17,0,228.750705719
3,"map(from: a)",16,64,304,0,3,3,0,211.751461029
3,"map(from: a)",16,64,304,0,3,28,0,239.908695221
3,"map(from: a)",16,64,304,0,3,1218,0,1535.999774933
3,"map(from: a)",16,64,304,0,3,114,0,333.702564240
3,"map(from: a)",16,64,304,0,3,758,0,1034.498214722
3,"map(from: a)",16,64,304,0,3,1955,0,2339.398860931
3,"map(from: a)",16,64,304,0,3,472,0,724.148750305
3,"map(from: a)",16,64,304,0,3,7,0,216.448307037
3,"map(from: a)",16,64,304,0,3,44,0,258.398056030
3,"map(from: a)",16,64,304,0,3,3140,0,3617.608547211
3,"map(from: a)",16,64,304,0,3,8096,0,9033.191204071
3,"map(from: a)",16,64,304,0,3,71,0,286.602973938
3,"map(from: a)",16,64,304,0,3,1,0,210.201740265
3,"map(from: a)",16,64,304,0,3,2,0,210.297107697
3,"map(from: a)",16,64,304,0,3,294,0,530.993938446
3,"map(from: a)",16,64,304,0,4,3,0,211.703777313
3,"map(from: a)",16,64,304,0,4,8096,0,9005.606174469
3,"map(from: a)",16,64,304,0,4,1,0,210.905075073
3,"map(from: a)",16,64,304,0,4,28,0,240.099430084
3,"map(from: a)",16,64,304,0,4,17,0,228.953361511
3,"map(from: a)",16,64,304,0,4,5042,0,5697.453022003
3,"map(from: a)",16,64,304,0,4,7,0,216.448307037
3,"map(from: a)",16,64,304,0,4,114,0,334.346294403
3,"map(from: a)",16,64,304,0,4,44,0,258.302688599
3,"map(from: a)",16,64,304,0,4,2,0,210.499763489
3,"map(from: a)",16,64,304,0,4,294,0,527.250766754
3,"map(from: a)",16,64,304,0,4,758,0,1035.201549530
3,"map(from: a)",16,64,304,0,4,183,0,406.897068024
3,"map(from: a)",16,64,304,0,4,4,0,213.849544525
3,"map(from: a)",16,64,304,0,4,1218,0,1528.441905975
3,"map(from: a)",16,64,304,0,4,71,0,287.795066833
3,"map(from: a)",16,64,304,0,4,1955,0,2328.705787659
3,"map(from: a)",16,64,304,0,4,11,0,221.693515778
3,"map(from: a)",16,64,304,0,4,472,0,720.953941345
3,"map(from: a)",16,64,304,0,4,3140,0,3639.352321625
3,"map(from: a)",16,64,304,1,0,2,0,210.249423981
3,"map(from: a)",16,64,304,1,0,4,0,213.944911957
3,"map(from: a)",16,64,304,1,0,472,0,722.551345825
3,"map(from: a)",16,64,304,1,0,3140,0,3638.648986816
3,"map(from: a)",16,64,304,1,0,183,0,407.600402832
3,"map(from: a)",16,64,304,1,0,28,0,239.944458008
3,"map(from: a)",16,64,304,1,0,71,0,286.698341370
3,"map(from: a)",16,64,304,1,0,1218,0,1536.953449249
3,"map(from: a)",16,64,304,1,0,294,0,527.739524841
3,"map(from: a)",16,64,304,1,0,1,0,210.404396057
3,"map(from: a)",16,64,304,1,0,7,0,216.341018677
3,"map(from: a)",16,64,304,1,0,1955,0,2351.701259613
3,"map(from: a)",16,64,304,1,0,758,0,1029.300689697
3,"map(from: a)",16,64,304,1,0,114,0,333.750247955
3,"map(from: a)",16,64,304,1,0,11,0,221.395492554
3,"map(from: a)",16,64,304,1,0,3,0,211.703777313
3,"map(from: a)",16,64,304,1,0,8096,0,8947.157859802
3,"map(from: a)",16,64,304,1,0,44,0,259.006023407
3,"map(from: a)",16,64,304,1,0,17,0,228.846073151
3,"map(from: a)",16,64,304,1,0,5042,0,5702.745914459
3,"map(from: a)",16,64,304,1,1,758,0,1028.001308441
3,"map(from: a)",16,64,304,1,1,3,0,211.894512177
3,"map(from: a)",16,64,304,1,1,3140,0,3623.342514038
3,"map(from: a)",16,64,304,1,1,1955,0,2350.890636444
3,"map(from: a)",16,64,304,1,1,44,0,258.100032806
3,"map(from: a)",16,64,304,1,1,17,0,228.857994080
3,"map(from: a)",16,64,304,1,1,294,0,528.645515442
3,"map(from: a)",16,64,304,1,1,28,0,239.849090576
3,"map(from: a)",16,64,304,1,1,114,0,332.450866699
3,"map(from: a)",16,64,304,1,1,2,0,210.404396057
3,"map(from: a)",16,64,304,1,1,7,0,216.448307037
3,"map(from: a)",16,64,304,1,1,183,0,408.899784088
3,"map(from: a)",16,64,304,1,1,8096,0,8945.393562317
3,"map(from: a)",16,64,304,1,1,11,0,221.347808838
3,"map(from: a)",16,64,304,1,1,1,0,210.297107697
3,"map(from: a)",16,64,304,1,1,1218,0,1535.654067993
3,"map(from: a)",16,64,304,1,1,472,0,719.654560089
3,"map(from: a)",16,64,304,1,1,71,0,286.793708801
3,"map(from: a)",16,64,304,1,1,5042,0,5677.700042725
3,"map(from: a)",16,64,304,1,1,4,0,214.004516602
3,"map(from: a)",16,64,304,1,2,2,0,210.297107697
3,"map(from: a)",16,64,304,1,2,71,0,287.795066833
3,"map(from: a)",16,64,304,1,2,17,0,229.156017303
3,"map(from: a)",16,64,304,1,2,472,0,723.254680634
3,"map(from: a)",16,64,304,1,2,5042,0,5784.606933594
3,"map(from: a)",16,64,304,1,2,28,0,240.850448608
3,"map(from: a)",16,64,304,1,2,44,0,258.553028107
3,"map(from: a)",16,64,304,1,2,1218,0,1535.391807556
3,"map(from: a)",16,64,304,1,2,4,0,214.099884033
3,"map(from: a)",16,64,304,1,2,1955,0,2346.909046173
3,"map(from: a)",16,64,304,1,2,183,0,408.351421356
3,"map(from: a)",16,64,304,1,2,7,0,216.448307037
3,"map(from: a)",16,64,304,1,2,758,0,1028.347015381
3,"map(from: a)",16,64,304,1,2,1,0,210.499763489
3,"map(from: a)",16,64,304,1,2,3140,0,3622.007369995
3,"map(from: a)",16,64,304,1,2,8096,0,9012.901782990
3,"map(from: a)",16,64,304,1,2,3,0,211.799144745
3,"map(from: a)",16,64,304,1,2,114,0,334.298610687
3,"map(from: a)",16,64,304,1,2,11,0,221.192836761
3,"map(from: a)",16,64,304,1,2,294,0,531.101226807
3,"map(from: a)",16,64,304,1,3,1,0,210.249423981
3,"map(from: a)",16,64,304,1,3,17,0,229.048728943
3,"map(from: a)",16,64,304,1,3,294,0,528.740882874
3,"map(from: a)",16,64,304,1,3,5042,0,5702.793598175
3,"map(from: a)",16,64,304,1,3,114,0,334.048271179
3,"map(from: a)",16,64,304,1,3,28,0,239.956378937
3,"map(from: a)",16,64,304,1,3,1218,0,1528.298854828
3,"map(from: a)",16,64,304,1,3,2,0,210.154056549
3,"map(from: a)",16,64,304,1,3,3,0,211.608409882
3,"map(from: a)",16,64,304,1,3,4,0,213.801860809
3,"map(from: a)",16,64,304,1,3,758,0,1031.196117401
3,"map(from: a)",16,64,304,1,3,11,0,221.502780914
3,"map(from: a)",16,64,304,1,3,44,0,258.100032806
3,"map(from: a)",16,64,304,1,3,472,0,722.289085388
3,"map(from: a)",16,64,304,1,3,7,0,216.603279114
3,"map(from: a)",16,64,304,1,3,1955,0,2345.407009125
3,"map(from: a)",16,64,304,1,3,71,0,286.900997162
3,"map(from: a)",16,64,304,1,3,183,0,408.804416656
3,"map(from: a)",16,64,304,1,3,8096,0,8988.201618195
3,"map(from: a)",16,64,304,1,3,3140,0,3636.050224304
3,"map(from: a)",16,64,304,1,4,472,0,720.047950745
3,"map(from: a)",16,64,304,1,4,71,0,287.306308746
3,"map(from: a)",16,64,304,1,4,1,0,210.499763489
3,"map(from: a)",16,64,304,1,4,11,0,221.300125122
3,"map(from: a)",16,64,304,1,4,4,0,214.147567749
3,"map(from: a)",16,64,304,1,4,3140,0,3633.058071136
3,"map(from: a)",16,64,304,1,4,28,0,239.658355713
3,"map(from: a)",16,64,304,1,4,1218,0,1536.095142365
3,"map(from: a)",16,64,304,1,4,2,0,210.249423981
3,"map(from: a)",16,64,304,1,4,183,0,408.291816711
3,"map(from: a)",16,64,304,1,4,5042,0,5678.951740265
3,"map(from: a)",16,64,304,1,4,114,0,333.845615387
3,"map(from: a)",16,64,304,1,4,3,0,211.703777313
3,"map(from: a)",16,64,304,1,4,44,0,258.147716522
3,"map(from: a)",16,64,304,1,4,758,0,1031.100749969
3,"map(from: a)",16,64,304,1,4,8096,0,9017.348289490
3,"map(from: a)",16,64,304,1,4,1955,0,2336.895465851
3,"map(from: a)",16,64,304,1,4,294,0,529.944896698
3,"map(from: a)",16,64,304,1,4,7,0,216.555595398
3,"map(from: a)",16,64,304,1,4,17,0,229.096412659
3,"map(from: a)",64,64,304,0,0,7,0,217.998027802
3,"map(from: a)",64,64,304,0,0,114,0,333.857536316
3,"map(from: a)",64,64,304,0,0,3,0,211.751461029
3,"map(from: a)",64,64,304,0,0,17,0,228.750705719
3,"map(from: a)",64,64,304,0,0,1,0,210.094451904
3,"map(from: a)",64,64,304,0,0,44,0,258.100032806
3,"map(from: a)",64,64,304,0,0,294,0,527.799129486
3,"map(from: a)",64,64,304,0,0,3140,0,3632.700443268
3,"map(from: a)",64,64,304,0,0,4,0,213.992595673
3,"map(from: a)",64,64,304,0,0,1955,0,2342.641353607
3,"map(from: a)",64,64,304,0,0,183,0,408.303737640
3,"map(from: a)",64,64,304,0,0,8096,0,9017.705917358
3,"map(from: a)",64,64,304,0,0,758,0,1029.896736145
3,"map(from: a)",64,64,304,0,0,71,0,287.199020386
3,"map(from: a)",64,64,304,0,0,2,0,210.094451904
3,"map(from: a)",64,64,304,0,0,11,0,234.496593475
3,"map(from: a)",64,64,304,0,0,28,0,248.706340790
3,"map(from: a)",64,64,304,0,0,5042,0,5693.304538727
3,"map(from: a)",64,64,304,0,0,1218,0,1526.451110840
3,"map(from: a)",64,64,304,0,0,472,0,723.242759705
3,"map(from: a)",64,64,304,0,1,4,0,213.646888733
3,"map(from: a)",64,64,304,0,1,1,0,210.595130920
3,"map(from: a)",64,64,304,0,1,17,0,228.893756866
3,"map(from: a)",64,64,304,0,1,28,0,239.896774292
3,"map(from: a)",64,64,304,0,1,11,0,225.853919983
3,"map(from: a)",64,64,304,0,1,3140,0,3629.052639008
3,"map(from: a)",64,64,304,0,1,2,0,210.154056549
3,"map(from: a)",64,64,304,0,1,758,0,1034.402847290
3,"map(from: a)",64,64,304,0,1,1218,0,1528.799533844
3,"map(from: a)",64,64,304,0,1,44,0,257.956981659
3,"map(from: a)",64,64,304,0,1,71,0,428.795814514
3,"map(from: a)",64,64,304,0,1,114,0,333.750247955
3,"map(from: a)",64,64,304,0,1,294,0,526.797771454
3,"map(from: a)",64,64,304,0,1,7,0,216.197967529
3,"map(from: a)",64,64,304,0,1,183,0,407.397747040
3,"map(from: a)",64,64,304,0,1,8096,0,9024.798870087
3,"map(from: a)",64,64,304,0,1,472,0,720.548629761
3,"map(from: a)",64,64,304,0,1,1955,0,2344.357967377
3,"map(from: a)",64,64,304,0,1,3,0,211.596488953
3,"map(from: a)",64,64,304,0,1,5042,0,5706.298351288
3,"map(from: a)",64,64,304,0,2,3,0,211.656093597
3,"map(from: a)",64,64,304,0,2,44,0,258.004665375
3,"map(from: a)",64,64,304,0,2,1,0,210.261344910
3,"map(from: a)",64,64,304,0,2,183,0,408.041477203
3,"map(from: a)",64,64,304,0,2,294,0,527.393817902
3,"map(from: a)",64,64,304,0,2,5042,0,5691.039562225
3,"map(from: a)",64,64,304,0,2,7,0,216.448307037
3,"map(from: a)",64,64,304,0,2,8096,0,9008.097648621
3,"map(from: a)",64,64,304,0,2,2,0,210.201740265
3,"map(from: a)",64,64,304,0,2,114,0,334.048271179
3,"map(from: a)",64,64,304,0,2,71,0,286.543369293
3,"map(from: a)",64,64,304,0,2,1955,0,2348.148822784
3,"map(from: a)",64,64,304,0,2,17,0,228.798389435
3,"map(from: a)",64,64,304,0,2,472,0,722.253322601
3,"map(from: a)",64,64,304,0,2,11,0,220.954418182
3,"map(from: a)",64,64,304,0,2,1218,0,1536.345481873
3,"map(from: a)",64,64,304,0,2,4,0,213.944911957
3,"map(from: a)",64,64,304,0,2,3140,0,3636.300563812
3,"map(from: a)",64,64,304,0,2,758,0,1031.899452209
3,"map(from: a)",64,64,304,0,2,28,0,239.849090576
3,"map(from: a)",64,64,304,0,3,11,0,221.145153046
3,"map(from: a)",64,64,304,0,3,4,0,213.754177094
3,"map(from: a)",64,64,304,0,3,5042,0,5681.204795837
3,"map(from: a)",64,64,304,0,3,183,0,408.959388733
3,"map(from: a)",64,64,304,0,3,17,0,228.905677795
3,"map(from: a)",64,64,304,0,3,3,0,211.548805237
3,"map(from: a)",64,64,304,0,3,28,0,239.741802216
3,"map(from: a)",64,64,304,0,3,1218,0,1534.950733185
3,"map(from: a)",64,64,304,0,3,114,0,344.610214233
3,"map(from: a)",64,64,304,0,3,758,0,1036.894321442
3,"map(from: a)",64,64,304,0,3,1955,0,2335.250377655
3,"map(from: a)",64,64,304,0,3,472,0,723.147392273
3,"map(from: a)",64,64,304,0,3,7,0,216.245651245
3,"map(from: a)",64,64,304,0,3,44,0,258.052349091
3,"map(from: a)",64,64,304,0,3,3140,0,3619.647026062
3,"map(from: a)",64,64,304,0,3,8096,0,9026.205539703
3,"map(from: a)",64,64,304,0,3,71,0,287.103652954
3,"map(from: a)",64,64,304,0,3,1,0,210.297107697
3,"map(from: a)",64,64,304,0,3,2,0,210.452079773
3,"map(from: a)",64,64,304,0,3,294,0,528.895854950
3,"map(from: a)",64,64,304,0,4,3,0,211.346149445
3,"map(from: a)",64,64,304,0,4,8096,0,8997.356891632
3,"map(from: a)",64,64,304,0,4,1,0,210.392475128
3,"map(from: a)",64,64,304,0,4,28,0,240.051746368
3,"map(from: a)",64,64,304,0,4,17,0,228.643417358
3,"map(from: a)",64,64,304,0,4,5042,0,5694.448947906
3,"map(from: a)",64,64,304,0,4,7,0,216.305255890
3,"map(from: a)",64,64,304,0,4,114,0,333.499908447
3,"map(from: a)",64,64,304,0,4,44,0,257.897377014
3,"map(from: a)",64,64,304,0,4,2,0,210.189819336
3,"map(from: a)",64,64,304,0,4,294,0,527.250766754
3,"map(from: a)",64,64,304,0,4,758,0,1036.107540131
3,"map(from: a)",64,64,304,0,4,183,0,408.208370209
3,"map(from: a)",64,64,304,0,4,4,0,213.456153870
3,"map(from: a)",64,64,304,0,4,1218,0,1529.407501221
3,"map(from: a)",64,64,304,0,4,71,0,286.948680878
3,"map(from: a)",64,64,304,0,4,1955,0,2334.356307983
3,"map(from: a)",64,64,304,0,4,11,0,220.942497253
3,"map(from: a)",64,64,304,0,4,472,0,721.001625061
3,"map(from: a)",64,64,304,0,4,3140,0,3634.953498840
3,"map(from: a)",64,64,304,1,0,2,0,209.951400757
3,"map(from: a)",64,64,304,1,0,4,0,213.754177094
3,"map(from: a)",64,64,304,1,0,472,0,721.395015717
3,"map(from: a)",64,64,304,1,0,3140,0,3634.703159332
3,"map(from: a)",64,64,304,1,0,183,0,408.291816711
3,"map(from: a)",64,64,304,1,0,28,0,239.694118500
3,"map(from: a)",64,64,304,1,0,71,0,286.400318146
3,"map(from: a)",64,64,304,1,0,1218,0,1536.357402802
3,"map(from: a)",64,64,304,1,0,294,0,528.252124786
3,"map(from: a)",64,64,304,1,0,1,0,210.154056549
3,"map(from: a)",64,64,304,1,0,7,0,216.495990753
3,"map(from: a)",64,64,304,1,0,1955,0,2349.543571472
3,"map(from: a)",64,64,304,1,0,758,0,1029.944419861
3,"map(from: a)",64,64,304,1,0,114,0,333.201885223
3,"map(from: a)",64,64,304,1,0,11,0,220.847129822
3,"map(from: a)",64,64,304,1,0,3,0,211.405754089
3,"map(from: a)",64,64,304,1,0,8096,0,8971.202373505
3,"map(from: a)",64,64,304,1,0,44,0,258.147716522
3,"map(from: a)",64,64,304,1,0,17,0,228.559970856
3,"map(from: a)",64,64,304,1,0,5042,0,5700.099468231
3,"map(from: a)",64,64,304,1,1,758,0,1029.741764069
3,"map(from: a)",64,64,304,1,1,3,0,211.691856384
3,"map(from: a)",64,64,304,1,1,3140,0,3616.142272949
3,"map(from: a)",64,64,304,1,1,1955,0,2348.148822784
3,"map(from: a)",64,64,304,1,1,44,0,257.849693298
3,"map(from: a)",64,64,304,1,1,17,0,228.953361511
3,"map(from: a)",64,64,304,1,1,294,0,527.656078339
3,"map(from: a)",64,64,304,1,1,28,0,240.099430084
3,"map(from: a)",64,64,304,1,1,114,0,332.701206207
3,"map(from: a)",64,64,304,1,1,2,0,210.201740265
3,"map(from: a)",64,64,304,1,1,7,0,216.352939606
3,"map(from: a)",64,64,304,1,1,183,0,408.756732941
3,"map(from: a)",64,64,304,1,1,8096,0,8970.057964325
3,"map(from: a)",64,64,304,1,1,11,0,221.145153046
3,"map(from: a)",64,64,304,1,1,1,0,210.297107697
3,"map(from: a)",64,64,304,1,1,1218,0,1534.640789032
3,"map(from: a)",64,64,304,1,1,472,0,721.096992493
3,"map(from: a)",64,64,304,1,1,71,0,286.900997162
3,"map(from: a)",64,64,304,1,1,5042,0,5681.407451630
3,"map(from: a)",64,64,304,1,1,4,0,214.052200317
3,"map(from: a)",64,64,304,1,2,2,0,210.142135620
3,"map(from: a)",64,64,304,1,2,71,0,286.602973938
3,"map(from: a)",64,64,304,1,2,17,0,228.798389435
3,"map(from: a)",64,64,304,1,2,472,0,722.551345825
3,"map(from: a)",64,64,304,1,2,5042,0,5663.299560547
3,"map(from: a)",64,64,304,1,2,28,0,240.004062653
3,"map(from: a)",64,64,304,1,2,44,0,257.802009583
3,"map(from: a)",64,64,304,1,2,1218,0,1536.250114441
3,"map(from: a)",64,64,304,1,2,4,0,213.801860809
3,"map(from: a)",64,64,304,1,2,1955,0,2341.806888580
3,"map(from: a)",64,64,304,1,2,183,0,408.601760864
3,"map(from: a)",64,64,304,1,2,7,0,216.245651245
3,"map(from: a)",64,64,304,1,2,758,0,1030.898094177
3,"map(from: a)",64,64,304,1,2,1,0,210.142135620
3,"map(from: a)",64,64,304,1,2,3140,0,3623.855113983
3,"map(from: a)",64,64,304,1,2,8096,0,9012.448787689
3,"map(from: a)",64,64,304,1,2,3,0,211.751461029
3,"map(from: a)",64,64,304,1,2,114,0,333.297252655
3,"map(from: a)",64,64,304,1,2,11,0,220.954418182
3,"map(from: a)",64,64,304,1,2,294,0,529.146194458
3,"map(from: a)",64,64,304,1,3,1,0,209.951400757
3,"map(from: a)",64,64,304,1,3,17,0,228.643417358
3,"map(from: a)",64,64,304,1,3,294,0,527.453422546
3,"map(from: a)",64,64,304,1,3,5042,0,5703.544616699
3,"map(from: a)",64,64,304,1,3,114,0,333.499908447
3,"map(from: a)",64,64,304,1,3,28,0,240.051746368
3,"map(from: a)",64,64,304,1,3,1218,0,1528.751850128
3,"map(from: a)",64,64,304,1,3,2,0,210.344791412
3,"map(from: a)",64,64,304,1,3,3,0,211.644172668
3,"map(from: a)",64,64,304,1,3,4,0,213.754177094
3,"map(from: a)",64,64,304,1,3,758,0,1030.147075653
3,"map(from: a)",64,64,304,1,3,11,0,221.204757690
3,"map(from: a)",64,64,304,1,3,44,0,257.790088654
3,"map(from: a)",64,64,304,1,3,472,0,722.157955170
3,"map(from: a)",64,64,304,1,3,7,0,3516.948223114
3,"map(from: a)",64,64,304,1,3,1955,0,2347.743511200
3,"map(from: a)",64,64,304,1,3,71,0,286.853313446
3,"map(from: a)",64,64,304,1,3,183,0,409.150123596
3,"map(from: a)",64,64,304,1,3,8096,0,8972.752094269
3,"map(from: a)",64,64,304,1,3,3140,0,3636.550903320
3,"map(from: a)",64,64,304,1,4,472,0,720.643997192
3,"map(from: a)",64,64,304,1,4,71,0,287.806987762
3,"map(from: a)",64,64,304,1,4,1,0,210.201740265
3,"map(from: a)",64,64,304,1,4,11,0,220.954418182
3,"map(from: a)",64,64,304,1,4,4,0,213.599205017
3,"map(from: a)",64,64,304,1,4,3140,0,3626.692295074
3,"map(from: a)",64,64,304,1,4,28,0,239.849090576
3,"map(from: a)",64,64,304,1,4,1218,0,1533.949375153
3,"map(from: a)",64,64,304,1,4,2,0,210.297107697
3,"map(from: a)",64,64,304,1,4,183,0,408.709049225
3,"map(from: a)",64,64,304,1,4,5042,0,5682.849884033
3,"map(from: a)",64,64,304,1,4,114,0,334.596633911
3,"map(from: a)",64,64,304,1,4,3,0,225.293636322
3,"map(from: a)",64,64,304,1,4,44,0,265.991687775
3,"map(from: a)",64,64,304,1,4,758,0,1031.196117401
3,"map(from: a)",64,64,304,1,4,8096,0,9017.002582550
3,"map(from: a)",64,64,304,1,4,1955,0,2331.995964050
3,"map(from: a)",64,64,304,1,4,294,0,529.754161835
3,"map(from: a)",64,64,304,1,4,7,0,216.197967529
3,"map(from: a)",64,64,304,1,4,17,0,228.691101074
3,"map(from: a)",256,64,304,0,0,7,0,221.109390259
3,"map(from: a)",256,64,304,0,0,114,0,335.896015167
3,"map(from: a)",256,64,304,0,0,3,0,213.646888733
3,"map(from: a)",256,64,304,0,0,17,0,231.301784515
3,"map(from: a)",256,64,304,0,0,1,0,213.348865509
3,"map(from: a)",256,64,304,0,0,44,0,260.400772095
3,"map(from: a)",256,64,304,0,0,294,0,530.791282654
3,"map(from: a)",256,64,304,0,0,3140,0,3631.258010864
3,"map(from: a)",256,64,304,0,0,4,0,216.698646545
3,"map(from: a)",256,64,304,0,0,1955,0,2339.947223663
3,"map(from: a)",256,64,304,0,0,183,0,409.948825836
3,"map(from: a)",256,64,304,0,0,8096,0,9012.556076050
3,"map(from: a)",256,64,304,0,0,758,0,1031.696796417
3,"map(from: a)",256,64,304,0,0,71,0,289.952754974
3,"map(from: a)",256,64,304,0,0,2,0,213.396549225
3,"map(from: a)",256,64,304,0,0,11,0,223.851203918
3,"map(from: a)",256,64,304,0,0,28,0,242.853164673
3,"map(from: a)",256,64,304,0,0,5042,0,5697.298049927
3,"map(from: a)",256,64,304,0,0,1218,0,1531.898975372
3,"map(from: a)",256,64,304,0,0,472,0,725.758075714
3,"map(from: a)",256,64,304,0,1,4,0,216.698646545
3,"map(from: a)",256,64,304,0,1,1,0,213.146209717
3,"map(from: a)",256,64,304,0,1,17,0,231.802463531
3,"map(from: a)",256,64,304,0,1,28,0,242.447853088
3,"map(from: a)",256,64,304,0,1,11,0,224.304199219
3,"map(from: a)",256,64,304,0,1,3140,0,3624.451160431
3,"map(from: a)",256,64,304,0,1,2,0,212.788581848
3,"map(from: a)",256,64,304,0,1,758,0,1036.894321442
3,"map(from: a)",256,64,304,0,1,1218,0,1529.145240784
3,"map(from: a)",256,64,304,0,1,44,0,261.092185974
3,"map(from: a)",256,64,304,0,1,71,0,289.797782898
3,"map(from: a)",256,64,304,0,1,114,0,337.553024292
3,"map(from: a)",256,64,304,0,1,294,0,530.743598938
3,"map(from: a)",256,64,304,0,1,7,0,219.404697418
3,"map(from: a)",256,64,304,0,1,183,0,410.890579224
3,"map(from: a)",256,64,304,0,1,8096,0,9019.303321838
3,"map(from: a)",256,64,304,0,1,472,0,723.147392273
3,"map(from: a)",256,64,304,0,1,1955,0,2338.302135468
3,"map(from: a)",256,64,304,0,1,3,0,214.147567749
3,"map(from: a)",256,64,304,0,1,5042,0,5691.301822662
3,"map(from: a)",256,64,304,0,2,3,0,214.159488678
3,"map(from: a)",256,64,304,0,2,44,0,260.651111603
3,"map(from: a)",256,64,304,0,2,1,0,212.943553925
3,"map(from: a)",256,64,304,0,2,183,0,411.152839661
3,"map(from: a)",256,64,304,0,2,294,0,530.302524567
3,"map(from: a)",256,64,304,0,2,5042,0,5686.151981354
3,"map(from: a)",256,64,304,0,2,7,0,218.796730042
3,"map(from: a)",256,64,304,0,2,8096,0,9009.444713593
3,"map(from: a)",256,64,304,0,2,2,0,213.098526001
3,"map(from: a)",256,64,304,0,2,114,0,335.955619812
3,"map(from: a)",256,64,304,0,2,71,0,289.094448090
3,"map(from: a)",256,64,304,0,2,1955,0,2345.395088196
3,"map(from: a)",256,64,304,0,2,17,0,232.148170471
3,"map(from: a)",256,64,304,0,2,472,0,725.293159485
3,"map(from: a)",256,64,304,0,2,11,0,223.696231842
3,"map(from: a)",256,64,304,0,2,1218,0,1533.555984497
3,"map(from: a)",256,64,304,0,2,4,0,216.352939606
3,"map(from: a)",256,64,304,0,2,3140,0,3625.190258026
3,"map(from: a)",256,64,304,0,2,758,0,1035.153865814
3,"map(from: a)",256,64,304,0,2,28,0,242.853164673
3,"map(from: a)",256,64,304,0,3,11,0,223.851203918
3,"map(from: a)",256,64,304,0,3,4,0,216.042995453
3,"map(from: a)",256,64,304,0,3,5042,0,5680.358409882
3,"map(from: a)",256,64,304,0,3,183,0,411.450862885
3,"map(from: a)",256,64,304,0,3,17,0,231.397151947
3,"map(from: a)",256,64,304,0,3,3,0,214.195251465
3,"map(from: a)",256,64,304,0,3,28,0,242.292881012
3,"map(from: a)",256,64,304,0,3,1218,0,1538.646221161
3,"map(from: a)",256,64,304,0,3,114,0,335.347652435
3,"map(from: a)",256,64,304,0,3,758,0,1035.654544830
3,"map(from: a)",256,64,304,0,3,1955,0,2334.344387054
3,"map(from: a)",256,64,304,0,3,472,0,725.448131561
3,"map(from: a)",256,64,304,0,3,7,0,218.689441681
3,"map(from: a)",256,64,304,0,3,44,0,260.508060455
3,"map(from: a)",256,64,304,0,3,3140,0,3618.204593658
3,"map(from: a)",256,64,304,0,3,8096,0,9001.743793488
3,"map(from: a)",256,64,304,0,3,71,0,289.797782898
3,"map(from: a)",256,64,304,0,3,1,0,213.098526001
3,"map(from: a)",256,64,304,0,3,2,0,212.895870209
3,"map(from: a)",256,64,304,0,3,294,0,532.245635986
3,"map(from: a)",256,64,304,0,4,3,0,214.004516602
3,"map(from: a)",256,64,304,0,4,8096,0,8999.049663544
3,"map(from: a)",256,64,304,0,4,1,0,212.955474854
3,"map(from: a)",256,64,304,0,4,28,0,242.257118225
3,"map(from: a)",256,64,304,0,4,17,0,231.349468231
3,"map(from: a)",256,64,304,0,4,5042,0,5694.091320038
3,"map(from: a)",256,64,304,0,4,7,0,218.892097473
3,"map(from: a)",256,64,304,0,4,114,0,336.647033691
3,"map(from: a)",256,64,304,0,4,44,0,260.651111603
3,"map(from: a)",256,64,304,0,4,2,0,212.895870209
3,"map(from: a)",256,64,304,0,4,294,0,530.552864075
3,"map(from: a)",256,64,304,0,4,758,0,1034.295558929
3,"map(from: a)",256,64,304,0,4,183,0,409.948825836
3,"map(from: a)",256,64,304,0,4,4,0,216.245651245
3,"map(from: a)",256,64,304,0,4,1218,0,1530.146598816
3,"map(from: a)",256,64,304,0,4,71,0,289.309024811
3,"map(from: a)",256,64,304,0,4,1955,0,2331.244945526
3,"map(from: a)",256,64,304,0,4,11,0,223.696231842
3,"map(from: a)",256,64,304,0,4,472,0,723.302364349
3,"map(from: a)",256,64,304,0,4,3140,0,3629.851341248
3,"map(from: a)",256,64,304,1,0,2,0,212.943553925
3,"map(from: a)",256,64,304,1,0,4,0,216.543674469
3,"map(from: a)",256,64,304,1,0,472,0,722.098350525
3,"map(from: a)",256,64,304,1,0,3140,0,3631.198406219
3,"map(from: a)",256,64,304,1,0,183,0,410.091876984
3,"map(from: a)",256,64,304,1,0,28,0,242.340564728
3,"map(from: a)",256,64,304,1,0,71,0,288.951396942
3,"map(from: a)",256,64,304,1,0,1218,0,1535.689830780
3,"map(from: a)",256,64,304,1,0,294,0,529.849529266
3,"map(from: a)",256,64,304,1,0,1,0,212.955474854
3,"map(from: a)",256,64,304,1,0,7,0,219.202041626
3,"map(from: a)",256,64,304,1,0,1955,0,2340.650558472
3,"map(from: a)",256,64,304,1,0,758,0,1032.793521881
3,"map(from: a)",256,64,304,1,0,114,0,336.456298828
3,"map(from: a)",256,64,304,1,0,11,0,224.447250366
3,"map(from: a)",256,64,304,1,0,3,0,213.944911957
3,"map(from: a)",256,64,304,1,0,8096,0,8967.304229736
3,"map(from: a)",256,64,304,1,0,44,0,260.901451111
3,"map(from: a)",256,64,304,1,0,17,0,231.552124023
3,"map(from: a)",256,64,304,1,0,5042,0,5696.606636047
3,"map(from: a)",256,64,304,1,1,758,0,1031.446456909
3,"map(from: a)",256,64,304,1,1,3,0,214.147567749
3,"map(from: a)",256,64,304,1,1,3140,0,3612.947463989
3,"map(from: a)",256,64,304,1,1,1955,0,2345.001697540
3,"map(from: a)",256,64,304,1,1,44,0,260.698795319
3,"map(from: a)",256,64,304,1,1,17,0,231.206417084
3,"map(from: a)",256,64,304,1,1,294,0,530.052185059
3,"map(from: a)",256,64,304,1,1,28,0,242.197513580
3,"map(from: a)",256,64,304,1,1,114,0,335.252285004
3,"map(from: a)",256,64,304,1,1,2,0,212.860107422
3,"map(from: a)",256,64,304,1,1,7,0,218.653678894
3,"map(from: a)",256,64,304,1,1,183,0,410.950183868
3,"map(from: a)",256,64,304,1,1,8096,0,8969.402313232
3,"map(from: a)",256,64,304,1,1,11,0,224.041938782
3,"map(from: a)",256,64,304,1,1,1,0,212.848186493
3,"map(from: a)",256,64,304,1,1,1218,0,1535.654067993
3,"map(from: a)",256,64,304,1,1,472,0,721.502304077
3,"map(from: a)",256,64,304,1,1,71,0,289.356708527
3,"map(from: a)",256,64,304,1,1,5042,0,5665.397644043
3,"map(from: a)",256,64,304,1,1,4,0,216.245651245
3,"map(from: a)",256,64,304,1,2,2,0,212.454795837
3,"map(from: a)",256,64,304,1,2,71,0,289.690494537
3,"map(from: a)",256,64,304,1,2,17,0,231.254100800
3,"map(from: a)",256,64,304,1,2,472,0,725.150108337
3,"map(from: a)",256,64,304,1,2,5042,0,5662.143230438
3,"map(from: a)",256,64,304,1,2,28,0,242.590904236
3,"map(from: a)",256,64,304,1,2,44,0,260.496139526
3,"map(from: a)",256,64,304,1,2,1218,0,1533.389091492
3,"map(from: a)",256,64,304,1,2,4,0,216.495990753
3,"map(from: a)",256,64,304,1,2,1955,0,2338.349819183
3,"map(from: a)",256,64,304,1,2,183,0,411.057472229
3,"map(from: a)",256,64,304,1,2,7,0,219.249725342
3,"map(from: a)",256,64,304,1,2,758,0,1031.255722046
3,"map(from: a)",256,64,304,1,2,1,0,212.645530701
3,"map(from: a)",256,64,304,1,2,3140,0,3612.256050110
3,"map(from: a)",256,64,304,1,2,8096,0,9017.646312714
3,"map(from: a)",256,64,304,1,2,3,0,214.493274689
3,"map(from: a)",256,64,304,1,2,114,0,336.253643036
3,"map(from: a)",256,64,304,1,2,11,0,223.946571350
3,"map(from: a)",256,64,304,1,2,294,0,531.756877899
3,"map(from: a)",256,64,304,1,3,1,0,212.705135345
3,"map(from: a)",256,64,304,1,3,17,0,231.444835663
3,"map(from: a)",256,64,304,1,3,294,0,530.755519867
3,"map(from: a)",256,64,304,1,3,5042,0,5692.696571350
3,"map(from: a)",256,64,304,1,3,114,0,335.848331451
3,"map(from: a)",256,64,304,1,3,28,0,242.352485657
3,"map(from: a)",256,64,304,1,3,1218,0,1529.896259308
3,"map(from: a)",256,64,304,1,3,2,0,212.597846985
3,"map(from: a)",256,64,304,1,3,3,0,214.099884033
3,"map(from: a)",256,64,304,1,3,4,0,216.150283813
3,"map(from: a)",256,64,304,1,3,758,0,1032.900810242
3,"map(from: a)",256,64,304,1,3,11,0,223.541259766
3,"map(from: a)",256,64,304,1,3,44,0,260.543823242
3,"map(from: a)",256,64,304,1,3,472,0,724.446773529
3,"map(from: a)",256,64,304,1,3,7,0,219.154357910
3,"map(from: a)",256,64,304,1,3,1955,0,2345.299720764
3,"map(from: a)",256,64,304,1,3,71,0,289.702415466
3,"map(from: a)",256,64,304,1,3,183,0,411.796569824
3,"map(from: a)",256,64,304,1,3,8096,0,8971.250057220
3,"map(from: a)",256,64,304,1,3,3140,0,3636.002540588
3,"map(from: a)",256,64,304,1,4,472,0,722.706317902
3,"map(from: a)",256,64,304,1,4,71,0,289.046764374
3,"map(from: a)",256,64,304,1,4,1,0,212.693214417
3,"map(from: a)",256,64,304,1,4,11,0,223.600864410
3,"map(from: a)",256,64,304,1,4,4,0,216.341018677
3,"map(from: a)",256,64,304,1,4,3140,0,3623.604774475
3,"map(from: a)",256,64,304,1,4,28,0,242.853164673
3,"map(from: a)",256,64,304,1,4,1218,0,1534.843444824
3,"map(from: a)",256,64,304,1,4,2,0,212.502479553
3,"map(from: a)",256,64,304,1,4,183,0,410.556793213
3,"map(from: a)",256,64,304,1,4,5042,0,5667.400360107
3,"map(from: a)",256,64,304,1,4,114,0,336.551666260
3,"map(from: a)",256,64,304,1,4,3,0,214.004516602
3,"map(from: a)",256,64,304,1,4,44,0,260.496139526
3,"map(from: a)",256,64,304,1,4,758,0,1031.243801117
3,"map(from: a)",256,64,304,1,4,8096,0,9021.043777466
3,"map(from: a)",256,64,304,1,4,1955,0,2328.491210938
3,"map(from: a)",256,64,304,1,4,294,0,532.305240631
3,"map(from: a)",256,64,304,1,4,7,0,218.951702118
3,"map(from: a)",256,64,304,1,4,17,0,231.349468231
3,"map(from: a)",1024,64,304,0,0,7,0,231.850147247
3,"map(from: a)",1024,64,304,0,0,114,0,336.456298828
3,"map(from: a)",1024,64,304,0,0,3,0,214.600563049
3,"map(from: a)",1024,64,304,0,0,17,0,231.599807739
3,"map(from: a)",1024,64,304,0,0,1,0,213.396549225
3,"map(from: a)",1024,64,304,0,0,44,0,261.092185974
3,"map(from: a)",1024,64,304,0,0,294,0,530.838966370
3,"map(from: a)",1024,64,304,0,0,3140,0,3629.648685455
3,"map(from: a)",1024,64,304,0,0,4,0,216.794013977
3,"map(from: a)",1024,64,304,0,0,1955,0,2340.900897980
3,"map(from: a)",1024,64,304,0,0,183,0,411.057472229
3,"map(from: a)",1024,64,304,0,0,8096,0,9014.654159546
3,"map(from: a)",1024,64,304,0,0,758,0,1032.555103302
3,"map(from: a)",1024,64,304,0,0,71,0,289.607048035
3,"map(from: a)",1024,64,304,0,0,2,0,213.694572449
3,"map(from: a)",1024,64,304,0,0,11,0,224.053859711
3,"map(from: a)",1024,64,304,0,0,28,0,242.447853088
3,"map(from: a)",1024,64,304,0,0,5042,0,5684.304237366
3,"map(from: a)",1024,64,304,0,0,1218,0,1532.006263733
3,"map(from: a)",1024,64,304,0,0,472,0,725.495815277
3,"map(from: a)",1024,64,304,0,1,4,0,216.543674469
3,"map(from: a)",1024,64,304,0,1,1,0,213.503837585
3,"map(from: a)",1024,64,304,0,1,17,0,231.802463531
3,"map(from: a)",1024,64,304,0,1,28,0,242.543220520
3,"map(from: a)",1024,64,304,0,1,11,0,224.196910858
3,"map(from: a)",1024,64,304,0,1,3140,0,3626.394271851
3,"map(from: a)",1024,64,304,0,1,2,0,213.551521301
3,"map(from: a)",1024,64,304,0,1,758,0,1039.540767670
3,"map(from: a)",1024,64,304,0,1,1218,0,1531.195640564
3,"map(from: a)",1024,64,304,0,1,44,0,261.354446411
3,"map(from: a)",1024,64,304,0,1,71,0,290.048122406
3,"map(from: a)",1024,64,304,0,1,114,0,336.802005768
3,"map(from: a)",1024,64,304,0,1,294,0,529.909133911
3,"map(from: a)",1024,64,304,0,1,7,0,218.999385834
3,"map(from: a)",1024,64,304,0,1,183,0,410.652160645
3,"map(from: a)",1024,64,304,0,1,8096,0,9001.350402832
3,"map(from: a)",1024,64,304,0,1,472,0,724.399089813
3,"map(from: a)",1024,64,304,0,1,1955,0,2339.005470276
3,"map(from: a)",1024,64,304,0,1,3,0,214.350223541
3,"map(from: a)",1024,64,304,0,1,5042,0,5692.851543427
3,"map(from: a)",1024,64,304,0,2,3,0,220.096111298
3,"map(from: a)",1024,64,304,0,2,44,0,263.154506683
3,"map(from: a)",1024,64,304,0,2,1,0,213.646888733
3,"map(from: a)",1024,64,304,0,2,183,0,411.748886108
3,"map(from: a)",1024,64,304,0,2,294,0,530.052185059
3,"map(from: a)",1024,64,304,0,2,5042,0,5692.291259766
3,"map(from: a)",1024,64,304,0,2,7,0,219.249725342
3,"map(from: a)",1024,64,304,0,2,8096,0,9019.696712494
3,"map(from: a)",1024,64,304,0,2,2,0,213.897228241
3,"map(from: a)",1024,64,304,0,2,114,0,336.992740631
3,"map(from: a)",1024,64,304,0,2,71,0,289.642810822
3,"map(from: a)",1024,64,304,0,2,1955,0,2344.655990601
3,"map(from: a)",1024,64,304,0,2,17,0,232.851505280
3,"map(from: a)",1024,64,304,0,2,472,0,725.197792053
3,"map(from: a)",1024,64,304,0,2,11,0,223.791599274
3,"map(from: a)",1024,64,304,0,2,1218,0,1537.394523621
3,"map(from: a)",1024,64,304,0,2,4,0,217.652320862
3,"map(from: a)",1024,64,304,0,2,3140,0,3627.049922943
3,"map(from: a)",1024,64,304,0,2,758,0,1034.653186798
3,"map(from: a)",1024,64,304,0,2,28,0,242.650508881
3,"map(from: a)",1024,64,304,0,3,11,0,224.006175995
3,"map(from: a)",1024,64,304,0,3,4,0,216.603279114
3,"map(from: a)",1024,64,304,0,3,5042,0,5669.152736664
3,"map(from: a)",1024,64,304,0,3,183,0,411.403179169
3,"map(from: a)",1024,64,304,0,3,17,0,231.599807739
3,"map(from: a)",1024,64,304,0,3,3,0,214.350223541
3,"map(from: a)",1024,64,304,0,3,28,0,242.602825165
3,"map(from: a)",1024,64,304,0,3,1218,0,1538.050174713
3,"map(from: a)",1024,64,304,0,3,114,0,336.396694183
3,"map(from: a)",1024,64,304,0,3,758,0,1034.891605377
3,"map(from: a)",1024,64,304,0,3,1955,0,2336.001396179
3,"map(from: a)",1024,64,304,0,3,472,0,725.543498993
3,"map(from: a)",1024,64,304,0,3,7,0,219.249725342
3,"map(from: a)",1024,64,304,0,3,44,0,261.306762695
3,"map(from: a)",1024,64,304,0,3,3140,0,3619.599342346
3,"map(from: a)",1024,64,304,0,3,8096,0,9008.049964905
3,"map(from: a)",1024,64,304,0,3,71,0,289.750099182
3,"map(from: a)",1024,64,304,0,3,1,0,213.551521301
3,"map(from: a)",1024,64,304,0,3,2,0,213.301181793
3,"map(from: a)",1024,64,304,0,3,294,0,532.495975494
3,"map(from: a)",1024,64,304,0,4,3,0,214.350223541
3,"map(from: a)",1024,64,304,0,4,8096,0,9000.456333160
3,"map(from: a)",1024,64,304,0,4,1,0,213.253498077
3,"map(from: a)",1024,64,304,0,4,28,0,242.745876312
3,"map(from: a)",1024,64,304,0,4,17,0,231.993198395
3,"map(from: a)",1024,64,304,0,4,5042,0,5692.589282990
3,"map(from: a)",1024,64,304,0,4,7,0,219.547748566
3,"map(from: a)",1024,64,304,0,4,114,0,336.647033691
3,"map(from: a)",1024,64,304,0,4,44,0,260.949134827
3,"map(from: a)",1024,64,304,0,4,2,0,213.205814362
3,"map(from: a)",1024,64,304,0,4,294,0,530.946254730
3,"map(from: a)",1024,64,304,0,4,758,0,1035.249233246
3,"map(from: a)",1024,64,304,0,4,183,0,410.401821136
3,"map(from: a)",1024,64,304,0,4,4,0,216.388702393
3,"map(from: a)",1024,64,304,0,4,1218,0,1534.605026245
3,"map(from: a)",1024,64,304,0,4,71,0,290.441513062
3,"map(from: a)",1024,64,304,0,4,1955,0,2327.549457550
3,"map(from: a)",1024,64,304,0,4,11,0,224.506855011
3,"map(from: a)",1024,64,304,0,4,472,0,722.801685333
3,"map(from: a)",1024,64,304,0,4,3140,0,3632.998466492
3,"map(from: a)",1024,64,304,1,0,2,0,213.706493378
3,"map(from: a)",1024,64,304,1,0,4,0,217.151641846
3,"map(from: a)",1024,64,304,1,0,472,0,724.351406097
3,"map(from: a)",1024,64,304,1,0,3140,0,3635.704517365
3,"map(from: a)",1024,64,304,1,0,183,0,411.450862885
3,"map(from: a)",1024,64,304,1,0,28,0,242.841243744
3,"map(from: a)",1024,64,304,1,0,71,0,289.750099182
3,"map(from: a)",1024,64,304,1,0,1218,0,1534.998416901
3,"map(from: a)",1024,64,304,1,0,294,0,530.457496643
3,"map(from: a)",1024,64,304,1,0,1,0,213.003158569
3,"map(from: a)",1024,64,304,1,0,7,0,219.345092773
3,"map(from: a)",1024,64,304,1,0,1955,0,2343.344688416
3,"map(from: a)",1024,64,304,1,0,758,0,1034.903526306
3,"map(from: a)",1024,64,304,1,0,114,0,337.004661560
3,"map(from: a)",1024,64,304,1,0,11,0,224.399566650
3,"map(from: a)",1024,64,304,1,0,3,0,214.648246765
3,"map(from: a)",1024,64,304,1,0,8096,0,8957.254886627
3,"map(from: a)",1024,64,304,1,0,44,0,261.807441711
3,"map(from: a)",1024,64,304,1,0,17,0,231.802463531
3,"map(from: a)",1024,64,304,1,0,5042,0,5697.655677795
3,"map(from: a)",1024,64,304,1,1,758,0,1031.947135925
3,"map(from: a)",1024,64,304,1,1,3,0,214.493274689
3,"map(from: a)",1024,64,304,1,1,3140,0,3617.346286774
3,"map(from: a)",1024,64,304,1,1,1955,0,2342.355251312
3,"map(from: a)",1024,64,304,1,1,44,0,261.044502258
3,"map(from: a)",1024,64,304,1,1,17,0,231.599807739
3,"map(from: a)",1024,64,304,1,1,294,0,531.053543091
3,"map(from: a)",1024,64,304,1,1,28,0,242.650508881
3,"map(from: a)",1024,64,304,1,1,114,0,335.693359375
3,"map(from: a)",1024,64,304,1,1,2,0,213.396549225
3,"map(from: a)",1024,64,304,1,1,7,0,219.094753265
3,"map(from: a)",1024,64,304,1,1,183,0,411.403179169
3,"map(from: a)",1024,64,304,1,1,8096,0,8954.143524170
3,"map(from: a)",1024,64,304,1,1,11,0,224.399566650
3,"map(from: a)",1024,64,304,1,1,1,0,213.491916656
3,"map(from: a)",1024,64,304,1,1,1218,0,1538.097858429
3,"map(from: a)",1024,64,304,1,1,472,0,722.503662109
3,"map(from: a)",1024,64,304,1,1,71,0,289.857387543
3,"map(from: a)",1024,64,304,1,1,5042,0,5670.452117920
3,"map(from: a)",1024,64,304,1,1,4,0,216.698646545
3,"map(from: a)",1024,64,304,1,2,2,0,213.146209717
3,"map(from: a)",1024,64,304,1,2,71,0,289.392471313
3,"map(from: a)",1024,64,304,1,2,17,0,231.599807739
3,"map(from: a)",1024,64,304,1,2,472,0,725.054740906
3,"map(from: a)",1024,64,304,1,2,5042,0,5663.251876831
3,"map(from: a)",1024,64,304,1,2,28,0,243.055820465
3,"map(from: a)",1024,64,304,1,2,44,0,261.056423187
3,"map(from: a)",1024,64,304,1,2,1218,0,1538.491249084
3,"map(from: a)",1024,64,304,1,2,4,0,217.103958130
3,"map(from: a)",1024,64,304,1,2,1955,0,2342.605590820
3,"map(from: a)",1024,64,304,1,2,183,0,411.450862885
3,"map(from: a)",1024,64,304,1,2,7,0,219.547748566
3,"map(from: a)",1024,64,304,1,2,758,0,1032.054424286
3,"map(from: a)",1024,64,304,1,2,1,0,213.551521301
3,"map(from: a)",1024,64,304,1,2,3140,0,3614.652156830
3,"map(from: a)",1024,64,304,1,2,8096,0,9024.250507355
3,"map(from: a)",1024,64,304,1,2,3,0,215.053558350
3,"map(from: a)",1024,64,304,1,2,114,0,336.754322052
3,"map(from: a)",1024,64,304,1,2,11,0,224.101543427
3,"map(from: a)",1024,64,304,1,2,294,0,531.709194183
3,"map(from: a)",1024,64,304,1,3,1,0,212.991237640
3,"map(from: a)",1024,64,304,1,3,17,0,231.647491455
3,"map(from: a)",1024,64,304,1,3,294,0,532.150268555
3,"map(from: a)",1024,64,304,1,3,5042,0,5698.597431183
3,"map(from: a)",1024,64,304,1,3,114,0,337.255001068
3,"map(from: a)",1024,64,304,1,3,28,0,242.757797241
3,"map(from: a)",1024,64,304,1,3,1218,0,1534.855365753
3,"map(from: a)",1024,64,304,1,3,2,0,213.944911957
3,"map(from: a)",1024,64,304,1,3,3,0,214.850902557
3,"map(from: a)",1024,64,304,1,3,4,0,217.044353485
3,"map(from: a)",1024,64,304,1,3,758,0,1031.756401062
3,"map(from: a)",1024,64,304,1,3,11,0,224.053859711
3,"map(from: a)",1024,64,304,1,3,44,0,261.056423187
3,"map(from: a)",1024,64,304,1,3,472,0,725.400447845
3,"map(from: a)",1024,64,304,1,3,7,0,219.357013702
3,"map(from: a)",1024,64,304,1,3,1955,0,2344.703674316
3,"map(from: a)",1024,64,304,1,3,71,0,289.702415466
3,"map(from: a)",1024,64,304,1,3,183,0,412.201881409
3,"map(from: a)",1024,64,304,1,3,8096,0,8975.994586945
3,"map(from: a)",1024,64,304,1,3,3140,0,3627.955913544
3,"map(from: a)",1024,64,304,1,4,472,0,723.350048065
3,"map(from: a)",1024,64,304,1,4,71,0,289.750099182
3,"map(from: a)",1024,64,304,1,4,1,0,213.694572449
3,"map(from: a)",1024,64,304,1,4,11,0,224.053859711
3,"map(from: a)",1024,64,304,1,4,4,0,216.746330261
3,"map(from: a)",1024,64,304,1,4,3140,0,3628.098964691
3,"map(from: a)",1024,64,304,1,4,28,0,242.507457733
3,"map(from: a)",1024,64,304,1,4,1218,0,1536.846160889
3,"map(from: a)",1024,64,304,1,4,2,0,213.646888733
3,"map(from: a)",1024,64,304,1,4,183,0,411.200523376
3,"map(from: a)",1024,64,304,1,4,5042,0,5671.799182892
3,"map(from: a)",1024,64,304,1,4,114,0,338.053703308
3,"map(from: a)",1024,64,304,1,4,3,0,214.195251465
3,"map(from: a)",1024,64,304,1,4,44,0,261.247158051
3,"map(from: a)",1024,64,304,1,4,758,0,1032.602787018
3,"map(from: a)",1024,64,304,1,4,8096,0,9000.396728516
3,"map(from: a)",1024,64,304,1,4,1955,0,2331.447601318
3,"map(from: a)",1024,64,304,1,4,294,0,531.947612762
3,"map(from: a)",1024,64,304,1,4,7,0,219.404697418
3,"map(from: a)",1024,64,304,1,4,17,0,231.850147247
3,"map(from: a)",4096,64,304,0,0,7,0,235.605239868
3,"map(from: a)",4096,64,304,0,0,114,0,338.554382324
3,"map(from: a)",4096,64,304,0,0,3,0,215.899944305
3,"map(from: a)",4096,64,304,0,0,17,0,233.149528503
3,"map(from: a)",4096,64,304,0,0,1,0,214.505195618
3,"map(from: a)",4096,64,304,0,0,44,0,262.701511383
3,"map(from: a)",4096,64,304,0,0,294,0,533.246994019
3,"map(from: a)",4096,64,304,0,0,3140,0,3643.250465393
3,"map(from: a)",4096,64,304,0,0,4,0,218.200683594
3,"map(from: a)",4096,64,304,0,0,1955,0,2349.400520325
3,"map(from: a)",4096,64,304,0,0,183,0,413.155555725
3,"map(from: a)",4096,64,304,0,0,8096,0,9026.956558228
3,"map(from: a)",4096,64,304,0,0,758,0,1037.645339966
3,"map(from: a)",4096,64,304,0,0,71,0,291.550159454
3,"map(from: a)",4096,64,304,0,0,2,0,215.101242065
3,"map(from: a)",4096,64,304,0,0,11,0,226.008892059
3,"map(from: a)",4096,64,304,0,0,28,0,244.343280792
3,"map(from: a)",4096,64,304,0,0,5042,0,5705.952644348
3,"map(from: a)",4096,64,304,0,0,1218,0,1537.251472473
3,"map(from: a)",4096,64,304,0,0,472,0,729.143619537
3,"map(from: a)",4096,64,304,0,1,4,0,218.152999878
3,"map(from: a)",4096,64,304,0,1,1,0,214.910507202
3,"map(from: a)",4096,64,304,0,1,17,0,233.447551727
3,"map(from: a)",4096,64,304,0,1,28,0,244.748592377
3,"map(from: a)",4096,64,304,0,1,11,0,225.543975830
3,"map(from: a)",4096,64,304,0,1,3140,0,3639.292716980
3,"map(from: a)",4096,64,304,0,1,2,0,214.457511902
3,"map(from: a)",4096,64,304,0,1,758,0,1041.245460510
3,"map(from: a)",4096,64,304,0,1,1218,0,1536.202430725
3,"map(from: a)",4096,64,304,0,1,44,0,263.047218323
3,"map(from: a)",4096,64,304,0,1,71,0,291.597843170
3,"map(from: a)",4096,64,304,0,1,114,0,338.089466095
3,"map(from: a)",4096,64,304,0,1,294,0,532.341003418
3,"map(from: a)",4096,64,304,0,1,7,0,220.906734467
3,"map(from: a)",4096,64,304,0,1,183,0,412.940979004
3,"map(from: a)",4096,64,304,0,1,8096,0,9031.701087952
3,"map(from: a)",4096,64,304,0,1,472,0,726.091861725
3,"map(from: a)",4096,64,304,0,1,1955,0,2349.543571472
3,"map(from: a)",4096,64,304,0,1,3,0,215.947628021
3,"map(from: a)",4096,64,304,0,1,5042,0,5715.346336365
3,"map(from: a)",4096,64,304,0,2,3,0,216.507911682
3,"map(from: a)",4096,64,304,0,2,44,0,262.641906738
3,"map(from: a)",4096,64,304,0,2,1,0,214.600563049
3,"map(from: a)",4096,64,304,0,2,183,0,413.453578949
3,"map(from: a)",4096,64,304,0,2,294,0,532.555580139
3,"map(from: a)",4096,64,304,0,2,5042,0,5707.800388336
3,"map(from: a)",4096,64,304,0,2,7,0,220.704078674
3,"map(from: a)",4096,64,304,0,2,8096,0,9031.748771667
3,"map(from: a)",4096,64,304,0,2,2,0,215.005874634
3,"map(from: a)",4096,64,304,0,2,114,0,337.958335876
3,"map(from: a)",4096,64,304,0,2,71,0,291.395187378
3,"map(from: a)",4096,64,304,0,2,1955,0,2351.152896881
3,"map(from: a)",4096,64,304,0,2,17,0,233.447551727
3,"map(from: a)",4096,64,304,0,2,472,0,727.307796478
3,"map(from: a)",4096,64,304,0,2,11,0,225.150585175
3,"map(from: a)",4096,64,304,0,2,1218,0,1542.603969574
3,"map(from: a)",4096,64,304,0,2,4,0,218.701362610
3,"map(from: a)",4096,64,304,0,2,3140,0,3641.450405121
3,"map(from: a)",4096,64,304,0,2,758,0,1039.004325867
3,"map(from: a)",4096,64,304,0,2,28,0,245.201587677
3,"map(from: a)",4096,64,304,0,3,11,0,225.198268890
3,"map(from: a)",4096,64,304,0,3,4,0,218.260288239
3,"map(from: a)",4096,64,304,0,3,5042,0,5691.146850586
3,"map(from: a)",4096,64,304,0,3,183,0,414.001941681
3,"map(from: a)",4096,64,304,0,3,17,0,232.994556427
3,"map(from: a)",4096,64,304,0,3,3,0,216.639041901
3,"map(from: a)",4096,64,304,0,3,28,0,244.247913361
3,"map(from: a)",4096,64,304,0,3,1218,0,1541.054248810
3,"map(from: a)",4096,64,304,0,3,114,0,338.459014893
3,"map(from: a)",4096,64,304,0,3,758,0,1037.943363190
3,"map(from: a)",4096,64,304,0,3,1955,0,2343.451976776
3,"map(from: a)",4096,64,304,0,3,472,0,729.000568390
3,"map(from: a)",4096,64,304,0,3,7,0,220.501422882
3,"map(from: a)",4096,64,304,0,3,44,0,262.701511383
3,"map(from: a)",4096,64,304,0,3,3140,0,3622.555732727
3,"map(from: a)",4096,64,304,0,3,8096,0,9045.195579529
3,"map(from: a)",4096,64,304,0,3,71,0,291.395187378
3,"map(from: a)",4096,64,304,0,3,1,0,214.302539825
3,"map(from: a)",4096,64,304,0,3,2,0,214.850902557
3,"map(from: a)",4096,64,304,0,3,294,0,534.904003143
3,"map(from: a)",4096,64,304,0,4,3,0,216.197967529
3,"map(from: a)",4096,64,304,0,4,8096,0,9038.400650024
3,"map(from: a)",4096,64,304,0,4,1,0,214.850902557
3,"map(from: a)",4096,64,304,0,4,28,0,243.949890137
3,"map(from: a)",4096,64,304,0,4,17,0,233.995914459
3,"map(from: a)",4096,64,304,0,4,5042,0,5697.607994080
3,"map(from: a)",4096,64,304,0,4,7,0,221.049785614
3,"map(from: a)",4096,64,304,0,4,114,0,337.898731232
3,"map(from: a)",4096,64,304,0,4,44,0,262.546539307
3,"map(from: a)",4096,64,304,0,4,2,0,214.397907257
3,"map(from: a)",4096,64,304,0,4,294,0,533.545017242
3,"map(from: a)",4096,64,304,0,4,758,0,1040.101051331
3,"map(from: a)",4096,64,304,0,4,183,0,412.452220917
3,"map(from: a)",4096,64,304,0,4,4,0,218.248367310
3,"map(from: a)",4096,64,304,0,4,1218,0,1535.952091217
3,"map(from: a)",4096,64,304,0,4,71,0,291.752815247
3,"map(from: a)",4096,64,304,0,4,1955,0,2336.001396179
3,"map(from: a)",4096,64,304,0,4,11,0,225.651264191
3,"map(from: a)",4096,64,304,0,4,472,0,726.449489594
3,"map(from: a)",4096,64,304,0,4,3140,0,3648.042678833
3,"map(from: a)",4096,64,304,1,0,2,0,215.351581573
3,"map(from: a)",4096,64,304,1,0,4,0,218.200683594
3,"map(from: a)",4096,64,304,1,0,472,0,729.203224182
3,"map(from: a)",4096,64,304,1,0,3140,0,3639.996051788
3,"map(from: a)",4096,64,304,1,0,183,0,414.156913757
3,"map(from: a)",4096,64,304,1,0,28,0,243.949890137
3,"map(from: a)",4096,64,304,1,0,71,0,291.252136230
3,"map(from: a)",4096,64,304,1,0,1218,0,1542.448997498
3,"map(from: a)",4096,64,304,1,0,294,0,534.152984619
3,"map(from: a)",4096,64,304,1,0,1,0,214.993953705
3,"map(from: a)",4096,64,304,1,0,7,0,220.596790314
3,"map(from: a)",4096,64,304,1,0,1955,0,2351.951599121
3,"map(from: a)",4096,64,304,1,0,758,0,1033.699512482
3,"map(from: a)",4096,64,304,1,0,114,0,337.803363800
3,"map(from: a)",4096,64,304,1,0,11,0,225.746631622
3,"map(from: a)",4096,64,304,1,0,3,0,216.042995453
3,"map(from: a)",4096,64,304,1,0,8096,0,8989.751338959
3,"map(from: a)",4096,64,304,1,0,44,0,262.999534607
3,"map(from: a)",4096,64,304,1,0,17,0,233.697891235
3,"map(from: a)",4096,64,304,1,0,5042,0,5701.255798340
3,"map(from: a)",4096,64,304,1,1,758,0,1037.049293518
3,"map(from: a)",4096,64,304,1,1,3,0,216.150283813
3,"map(from: a)",4096,64,304,1,1,3140,0,3628.146648407
3,"map(from: a)",4096,64,304,1,1,1955,0,2351.403236389
3,"map(from: a)",4096,64,304,1,1,44,0,262.749195099
3,"map(from: a)",4096,64,304,1,1,17,0,233.352184296
3,"map(from: a)",4096,64,304,1,1,294,0,533.545017242
3,"map(from: a)",4096,64,304,1,1,28,0,244.200229645
3,"map(from: a)",4096,64,304,1,1,114,0,337.207317352
3,"map(from: a)",4096,64,304,1,1,2,0,214.695930481
3,"map(from: a)",4096,64,304,1,1,7,0,221.657752991
3,"map(from: a)",4096,64,304,1,1,183,0,413.751602173
3,"map(from: a)",4096,64,304,1,1,8096,0,8980.202674866
3,"map(from: a)",4096,64,304,1,1,11,0,226.247310638
3,"map(from: a)",4096,64,304,1,1,1,0,214.445590973
3,"map(from: a)",4096,64,304,1,1,1218,0,1542.103290558
3,"map(from: a)",4096,64,304,1,1,472,0,726.103782654
3,"map(from: a)",4096,64,304,1,1,71,0,291.752815247
3,"map(from: a)",4096,64,304,1,1,5042,0,5686.807632446
3,"map(from: a)",4096,64,304,1,1,4,0,218.451023102
3,"map(from: a)",4096,64,304,1,2,2,0,214.707851410
3,"map(from: a)",4096,64,304,1,2,71,0,291.693210602
3,"map(from: a)",4096,64,304,1,2,17,0,233.399868011
3,"map(from: a)",4096,64,304,1,2,472,0,728.547573090
3,"map(from: a)",4096,64,304,1,2,5042,0,5681.157112122
3,"map(from: a)",4096,64,304,1,2,28,0,244.748592377
3,"map(from: a)",4096,64,304,1,2,44,0,262.904167175
3,"map(from: a)",4096,64,304,1,2,1218,0,1544.749736786
3,"map(from: a)",4096,64,304,1,2,4,0,218.701362610
3,"map(from: a)",4096,64,304,1,2,1955,0,2349.209785461
3,"map(from: a)",4096,64,304,1,2,183,0,413.250923157
3,"map(from: a)",4096,64,304,1,2,7,0,220.799446106
3,"map(from: a)",4096,64,304,1,2,758,0,1034.808158875
3,"map(from: a)",4096,64,304,1,2,1,0,214.850902557
3,"map(from: a)",4096,64,304,1,2,3140,0,3626.596927643
3,"map(from: a)",4096,64,304,1,2,8096,0,9026.551246643
3,"map(from: a)",4096,64,304,1,2,3,0,219.249725342
3,"map(from: a)",4096,64,304,1,2,114,0,339.353084564
3,"map(from: a)",4096,64,304,1,2,11,0,225.448608398
3,"map(from: a)",4096,64,304,1,2,294,0,534.200668335
3,"map(from: a)",4096,64,304,1,3,1,0,214.505195618
3,"map(from: a)",4096,64,304,1,3,17,0,233.101844788
3,"map(from: a)",4096,64,304,1,3,294,0,533.354282379
3,"map(from: a)",4096,64,304,1,3,5042,0,5713.748931885
3,"map(from: a)",4096,64,304,1,3,114,0,337.946414948
3,"map(from: a)",4096,64,304,1,3,28,0,244.390964508
3,"map(from: a)",4096,64,304,1,3,1218,0,1543.402671814
3,"map(from: a)",4096,64,304,1,3,2,0,214.850902557
3,"map(from: a)",4096,64,304,1,3,3,0,215.899944305
3,"map(from: a)",4096,64,304,1,3,4,0,218.403339386
3,"map(from: a)",4096,64,304,1,3,758,0,1036.000251770
3,"map(from: a)",4096,64,304,1,3,11,0,225.543975830
3,"map(from: a)",4096,64,304,1,3,44,0,262.498855591
3,"map(from: a)",4096,64,304,1,3,472,0,726.854801178
3,"map(from: a)",4096,64,304,1,3,7,0,220.990180969
3,"map(from: a)",4096,64,304,1,3,1955,0,2349.400520325
3,"map(from: a)",4096,64,304,1,3,71,0,292.658805847
3,"map(from: a)",4096,64,304,1,3,183,0,413.298606873
3,"map(from: a)",4096,64,304,1,3,8096,0,9008.753299713
3,"map(from: a)",4096,64,304,1,3,3140,0,3643.345832825
3,"map(from: a)",4096,64,304,1,4,472,0,727.093219757
3,"map(from: a)",4096,64,304,1,4,71,0,291.752815247
3,"map(from: a)",4096,64,304,1,4,1,0,214.600563049
3,"map(from: a)",4096,64,304,1,4,11,0,225.448608398
3,"map(from: a)",4096,64,304,1,4,4,0,218.296051025
3,"map(from: a)",4096,64,304,1,4,3140,0,3641.402721405
3,"map(from: a)",4096,64,304,1,4,28,0,245.094299316
3,"map(from: a)",4096,64,304,1,4,1218,0,1541.507244110
3,"map(from: a)",4096,64,304,1,4,2,0,214.493274689
3,"map(from: a)",4096,64,304,1,4,183,0,413.095951080
3,"map(from: a)",4096,64,304,1,4,5042,0,5688.858032227
3,"map(from: a)",4096,64,304,1,4,114,0,338.399410248
3,"map(from: a)",4096,64,304,1,4,3,0,215.947628021
3,"map(from: a)",4096,64,304,1,4,44,0,262.498855591
3,"map(from: a)",4096,64,304,1,4,758,0,1036.906242371
3,"map(from: a)",4096,64,304,1,4,8096,0,9030.652046204
3,"map(from: a)",4096,64,304,1,4,1955,0,2341.651916504
3,"map(from: a)",4096,64,304,1,4,294,0,534.200668335
3,"map(from: a)",4096,64,304,1,4,7,0,220.549106598
3,"map(from: a)",4096,64,304,1,4,17,0,233.507156372
3,"map(from: a)",16384,64,304,0,0,7,0,230.300426483
3,"map(from: a)",16384,64,304,0,0,114,0,337.493419647
3,"map(from: a)",16384,64,304,0,0,3,0,215.399265289
3,"map(from: a)",16384,64,304,0,0,17,0,232.458114624
3,"map(from: a)",16384,64,304,0,0,1,0,213.491916656
3,"map(from: a)",16384,64,304,0,0,44,0,261.497497559
3,"map(from: a)",16384,64,304,0,0,294,0,531.303882599
3,"map(from: a)",16384,64,304,0,0,3140,0,3640.055656433
3,"map(from: a)",16384,64,304,0,0,4,0,217.390060425
3,"map(from: a)",16384,64,304,0,0,1955,0,2349.352836609
3,"map(from: a)",16384,64,304,0,0,183,0,421.905517578
3,"map(from: a)",16384,64,304,0,0,8096,0,9028.160572052
3,"map(from: a)",16384,64,304,0,0,758,0,1033.604145050
3,"map(from: a)",16384,64,304,0,0,71,0,290.095806122
3,"map(from: a)",16384,64,304,0,0,2,0,213.456153870
3,"map(from: a)",16384,64,304,0,0,11,0,224.351882935
3,"map(from: a)",16384,64,304,0,0,28,0,242.793560028
3,"map(from: a)",16384,64,304,0,0,5042,0,5708.599090576
3,"map(from: a)",16384,64,304,0,0,1218,0,1531.302928925
3,"map(from: a)",16384,64,304,0,0,472,0,726.544857025
3,"map(from: a)",16384,64,304,0,1,4,0,217.008590698
3,"map(from: a)",16384,64,304,0,1,1,0,213.503837585
3,"map(from: a)",16384,64,304,0,1,17,0,232.207775116
3,"map(from: a)",16384,64,304,0,1,28,0,242.996215820
3,"map(from: a)",16384,64,304,0,1,11,0,224.339962006
3,"map(from: a)",16384,64,304,0,1,3140,0,3636.002540588
3,"map(from: a)",16384,64,304,0,1,2,0,213.503837585
3,"map(from: a)",16384,64,304,0,1,758,0,1037.609577179
3,"map(from: a)",16384,64,304,0,1,1218,0,1532.757282257
3,"map(from: a)",16384,64,304,0,1,44,0,261.354446411
3,"map(from: a)",16384,64,304,0,1,71,0,290.060043335
3,"map(from: a)",16384,64,304,0,1,114,0,336.897373199
3,"map(from: a)",16384,64,304,0,1,294,0,530.755519867
3,"map(from: a)",16384,64,304,0,1,7,0,219.452381134
3,"map(from: a)",16384,64,304,0,1,183,0,410.699844360
3,"map(from: a)",16384,64,304,0,1,8096,0,9032.201766968
3,"map(from: a)",16384,64,304,0,1,472,0,724.244117737
3,"map(from: a)",16384,64,304,0,1,1955,0,2353.096008301
3,"map(from: a)",16384,64,304,0,1,3,0,214.707851410
3,"map(from: a)",16384,64,304,0,1,5042,0,5712.354183197
3,"map(from: a)",16384,64,304,0,2,3,0,214.803218842
3,"map(from: a)",16384,64,304,0,2,44,0,261.306762695
3,"map(from: a)",16384,64,304,0,2,1,0,213.301181793
3,"map(from: a)",16384,64,304,0,2,183,0,411.939620972
3,"map(from: a)",16384,64,304,0,2,294,0,530.695915222
3,"map(from: a)",16384,64,304,0,2,5042,0,5703.151226044
3,"map(from: a)",16384,64,304,0,2,7,0,219.309329987
3,"map(from: a)",16384,64,304,0,2,8096,0,9022.355079651
3,"map(from: a)",16384,64,304,0,2,2,0,215.697288513
3,"map(from: a)",16384,64,304,0,2,114,0,337.302684784
3,"map(from: a)",16384,64,304,0,2,71,0,290.000438690
3,"map(from: a)",16384,64,304,0,2,1955,0,2354.609966278
3,"map(from: a)",16384,64,304,0,2,17,0,232.255458832
3,"map(from: a)",16384,64,304,0,2,472,0,726.544857025
3,"map(from: a)",16384,64,304,0,2,11,0,224.053859711
3,"map(from: a)",16384,64,304,0,2,1218,0,1541.507244110
3,"map(from: a)",16384,64,304,0,2,4,0,216.805934906
3,"map(from: a)",16384,64,304,0,2,3140,0,3644.692897797
3,"map(from: a)",16384,64,304,0,2,758,0,1035.046577454
3,"map(from: a)",16384,64,304,0,2,28,0,242.948532104
3,"map(from: a)",16384,64,304,0,3,11,0,224.256515503
3,"map(from: a)",16384,64,304,0,3,4,0,216.901302338
3,"map(from: a)",16384,64,304,0,3,5042,0,5688.107013702
3,"map(from: a)",16384,64,304,0,3,183,0,412.344932556
3,"map(from: a)",16384,64,304,0,3,17,0,232.291221619
3,"map(from: a)",16384,64,304,0,3,3,0,214.707851410
3,"map(from: a)",16384,64,304,0,3,28,0,242.888927460
3,"map(from: a)",16384,64,304,0,3,1218,0,1540.958881378
3,"map(from: a)",16384,64,304,0,3,114,0,337.159633636
3,"map(from: a)",16384,64,304,0,3,758,0,1036.703586578
3,"map(from: a)",16384,64,304,0,3,1955,0,2340.459823608
3,"map(from: a)",16384,64,304,0,3,472,0,727.903842926
3,"map(from: a)",16384,64,304,0,3,7,0,219.595432281
3,"map(from: a)",16384,64,304,0,3,44,0,261.640548706
3,"map(from: a)",16384,64,304,0,3,3140,0,3626.644611359
3,"map(from: a)",16384,64,304,0,3,8096,0,9042.954444885
3,"map(from: a)",16384,64,304,0,3,71,0,289.940834045
3,"map(from: a)",16384,64,304,0,3,1,0,213.444232941
3,"map(from: a)",16384,64,304,0,3,2,0,213.348865509
3,"map(from: a)",16384,64,304,0,3,294,0,532.603263855
3,"map(from: a)",16384,64,304,0,4,3,0,214.755535126
3,"map(from: a)",16384,64,304,0,4,8096,0,9016.346931458
3,"map(from: a)",16384,64,304,0,4,1,0,213.491916656
3,"map(from: a)",16384,64,304,0,4,28,0,242.948532104
3,"map(from: a)",16384,64,304,0,4,17,0,232.398509979
3,"map(from: a)",16384,64,304,0,4,5042,0,5697.548389435
3,"map(from: a)",16384,64,304,0,4,7,0,219.500064850
3,"map(from: a)",16384,64,304,0,4,114,0,337.350368500
3,"map(from: a)",16384,64,304,0,4,44,0,261.342525482
3,"map(from: a)",16384,64,304,0,4,2,0,213.348865509
3,"map(from: a)",16384,64,304,0,4,294,0,530.493259430
3,"map(from: a)",16384,64,304,0,4,758,0,1037.347316742
3,"map(from: a)",16384,64,304,0,4,183,0,410.747528076
3,"map(from: a)",16384,64,304,0,4,4,0,217.103958130
3,"map(from: a)",16384,64,304,0,4,1218,0,1531.255245209
3,"map(from: a)",16384,64,304,0,4,71,0,291.097164154
3,"map(from: a)",16384,64,304,0,4,1955,0,2338.552474976
3,"map(from: a)",16384,64,304,0,4,11,0,224.304199219
3,"map(from: a)",16384,64,304,0,4,472,0,723.898410797
3,"map(from: a)",16384,64,304,0,4,3140,0,3643.596172333
3,"map(from: a)",16384,64,304,1,0,2,0,213.348865509
3,"map(from: a)",16384,64,304,1,0,4,0,216.901302338
3,"map(from: a)",16384,64,304,1,0,472,0,725.698471069
3,"map(from: a)",16384,64,304,1,0,3140,0,3640.949726105
3,"map(from: a)",16384,64,304,1,0,183,0,412.201881409
3,"map(from: a)",16384,64,304,1,0,28,0,242.745876312
3,"map(from: a)",16384,64,304,1,0,71,0,289.702415466
3,"map(from: a)",16384,64,304,1,0,1218,0,1541.054248810
3,"map(from: a)",16384,64,304,1,0,294,0,531.101226807
3,"map(from: a)",16384,64,304,1,0,1,0,213.456153870
3,"map(from: a)",16384,64,304,1,0,7,0,219.595432281
3,"map(from: a)",16384,64,304,1,0,1955,0,2356.553077698
3,"map(from: a)",16384,64,304,1,0,758,0,1035.153865814
3,"map(from: a)",16384,64,304,1,0,114,0,337.696075439
3,"map(from: a)",16384,64,304,1,0,11,0,224.399566650
3,"map(from: a)",16384,64,304,1,0,3,0,214.791297913
3,"map(from: a)",16384,64,304,1,0,8096,0,8981.394767761
3,"map(from: a)",16384,64,304,1,0,44,0,261.652469635
3,"map(from: a)",16384,64,304,1,0,17,0,232.100486755
3,"map(from: a)",16384,64,304,1,0,5042,0,5705.547332764
3,"map(from: a)",16384,64,304,1,1,758,0,1034.152507782
3,"map(from: a)",16384,64,304,1,1,3,0,214.660167694
3,"map(from: a)",16384,64,304,1,1,3140,0,3631.603717804
3,"map(from: a)",16384,64,304,1,1,1955,0,2360.057830811
3,"map(from: a)",16384,64,304,1,1,44,0,262.260437012
3,"map(from: a)",16384,64,304,1,1,17,0,232.148170471
3,"map(from: a)",16384,64,304,1,1,294,0,531.208515167
3,"map(from: a)",16384,64,304,1,1,28,0,243.151187897
3,"map(from: a)",16384,64,304,1,1,114,0,336.146354675
3,"map(from: a)",16384,64,304,1,1,2,0,213.396549225
3,"map(from: a)",16384,64,304,1,1,7,0,219.643115997
3,"map(from: a)",16384,64,304,1,1,183,0,412.154197693
3,"map(from: a)",16384,64,304,1,1,8096,0,8985.197544098
3,"map(from: a)",16384,64,304,1,1,11,0,224.399566650
3,"map(from: a)",16384,64,304,1,1,1,0,214.099884033
3,"map(from: a)",16384,64,304,1,1,1218,0,1537.299156189
3,"map(from: a)",16384,64,304,1,1,472,0,723.552703857
3,"map(from: a)",16384,64,304,1,1,71,0,289.952754974
3,"map(from: a)",16384,64,304,1,1,5042,0,5692.946910858
3,"map(from: a)",16384,64,304,1,1,4,0,217.056274414
3,"map(from: a)",16384,64,304,1,2,2,0,213.646888733
3,"map(from: a)",16384,64,304,1,2,71,0,289.952754974
3,"map(from: a)",16384,64,304,1,2,17,0,232.100486755
3,"map(from: a)",16384,64,304,1,2,472,0,726.950168610
3,"map(from: a)",16384,64,304,1,2,5042,0,5669.403076172
3,"map(from: a)",16384,64,304,1,2,28,0,243.043899536
3,"map(from: a)",16384,64,304,1,2,44,0,261.449813843
3,"map(from: a)",16384,64,304,1,2,1218,0,1541.543006897
3,"map(from: a)",16384,64,304,1,2,4,0,217.008590698
3,"map(from: a)",16384,64,304,1,2,1955,0,2352.643013000
3,"map(from: a)",16384,64,304,1,2,183,0,411.999225616
3,"map(from: a)",16384,64,304,1,2,7,0,219.500064850
3,"map(from: a)",16384,64,304,1,2,758,0,1033.604145050
3,"map(from: a)",16384,64,304,1,2,1,0,213.396549225
3,"map(from: a)",16384,64,304,1,2,3140,0,3632.104396820
3,"map(from: a)",16384,64,304,1,2,8096,0,9026.956558228
3,"map(from: a)",16384,64,304,1,2,3,0,215.101242065
3,"map(from: a)",16384,64,304,1,2,114,0,336.945056915
3,"map(from: a)",16384,64,304,1,2,11,0,224.244594574
3,"map(from: a)",16384,64,304,1,2,294,0,532.650947571
3,"map(from: a)",16384,64,304,1,3,1,0,213.348865509
3,"map(from: a)",16384,64,304,1,3,17,0,232.052803040
3,"map(from: a)",16384,64,304,1,3,294,0,530.695915222
3,"map(from: a)",16384,64,304,1,3,5042,0,5719.447135925
3,"map(from: a)",16384,64,304,1,3,114,0,336.551666260
3,"map(from: a)",16384,64,304,1,3,28,0,243.043899536
3,"map(from: a)",16384,64,304,1,3,1218,0,1532.399654388
3,"map(from: a)",16384,64,304,1,3,2,0,213.396549225
3,"map(from: a)",16384,64,304,1,3,3,0,214.993953705
3,"map(from: a)",16384,64,304,1,3,4,0,216.948986053
3,"map(from: a)",16384,64,304,1,3,758,0,1034.092903137
3,"map(from: a)",16384,64,304,1,3,11,0,224.351882935
3,"map(from: a)",16384,64,304,1,3,44,0,261.449813843
3,"map(from: a)",16384,64,304,1,3,472,0,725.150108337
3,"map(from: a)",16384,64,304,1,3,7,0,219.905376434
3,"map(from: a)",16384,64,304,1,3,1955,0,2351.546287537
3,"map(from: a)",16384,64,304,1,3,71,0,290.298461914
3,"map(from: a)",16384,64,304,1,3,183,0,411.748886108
3,"map(from: a)",16384,64,304,1,3,8096,0,8987.152576447
3,"map(from: a)",16384,64,304,1,3,3140,0,3645.098209381
3,"map(from: a)",16384,64,304,1,4,472,0,722.944736481
3,"map(from: a)",16384,64,304,1,4,71,0,290.203094482
3,"map(from: a)",16384,64,304,1,4,1,0,213.599205017
3,"map(from: a)",16384,64,304,1,4,11,0,224.351882935
3,"map(from: a)",16384,64,304,1,4,4,0,217.092037201
3,"map(from: a)",16384,64,304,1,4,3140,0,3646.302223206
3,"map(from: a)",16384,64,304,1,4,28,0,242.900848389
3,"map(from: a)",16384,64,304,1,4,1218,0,1537.501811981
3,"map(from: a)",16384,64,304,1,4,2,0,213.599205017
3,"map(from: a)",16384,64,304,1,4,183,0,411.689281464
3,"map(from: a)",16384,64,304,1,4,5042,0,5689.549446106
3,"map(from: a)",16384,64,304,1,4,114,0,337.052345276
3,"map(from: a)",16384,64,304,1,4,3,0,229.549407959
3,"map(from: a)",16384,64,304,1,4,44,0,270.307064056
3,"map(from: a)",16384,64,304,1,4,758,0,1037.096977234
3,"map(from: a)",16384,64,304,1,4,8096,0,9030.759334564
3,"map(from: a)",16384,64,304,1,4,1955,0,2337.598800659
3,"map(from: a)",16384,64,304,1,4,294,0,532.698631287
3,"map(from: a)",16384,64,304,1,4,7,0,219.905376434
3,"map(from: a)",16384,64,304,1,4,17,0,232.052803040
3,"map(from: a)",65536,64,304,0,0,7,0,233.697891235
3,"map(from: a)",65536,64,304,0,0,114,0,345.242023468
3,"map(from: a)",65536,64,304,0,0,3,0,222.802162170
3,"map(from: a)",65536,64,304,0,0,17,0,240.349769592
3,"map(from: a)",65536,64,304,0,0,1,0,221.455097198
3,"map(from: a)",65536,64,304,0,0,44,0,268.900394440
3,"map(from: a)",65536,64,304,0,0,294,0,539.803504944
3,"map(from: a)",65536,64,304,0,0,3140,0,3654.396533966
3,"map(from: a)",65536,64,304,0,0,4,0,225.102901459
3,"map(from: a)",65536,64,304,0,0,1955,0,2359.545230865
3,"map(from: a)",65536,64,304,0,0,183,0,419.449806213
3,"map(from: a)",65536,64,304,0,0,8096,0,9051.752090454
3,"map(from: a)",65536,64,304,0,0,758,0,1039.445400238
3,"map(from: a)",65536,64,304,0,0,71,0,298.190116882
3,"map(from: a)",65536,64,304,0,0,2,0,221.395492554
3,"map(from: a)",65536,64,304,0,0,11,0,232.195854187
3,"map(from: a)",65536,64,304,0,0,28,0,250.697135925
3,"map(from: a)",65536,64,304,0,0,5042,0,5721.354484558
3,"map(from: a)",65536,64,304,0,0,1218,0,1539.051532745
3,"map(from: a)",65536,64,304,0,0,472,0,735.056400299
3,"map(from: a)",65536,64,304,0,1,4,0,225.007534027
3,"map(from: a)",65536,64,304,0,1,1,0,221.204757690
3,"map(from: a)",65536,64,304,0,1,17,0,239.944458008
3,"map(from: a)",65536,64,304,0,1,28,0,250.744819641
3,"map(from: a)",65536,64,304,0,1,11,0,232.243537903
3,"map(from: a)",65536,64,304,0,1,3140,0,3653.442859650
3,"map(from: a)",65536,64,304,0,1,2,0,221.300125122
3,"map(from: a)",65536,64,304,0,1,758,0,1045.393943787
3,"map(from: a)",65536,64,304,0,1,1218,0,1538.503170013
3,"map(from: a)",65536,64,304,0,1,44,0,269.043445587
3,"map(from: a)",65536,64,304,0,1,71,0,297.701358795
3,"map(from: a)",65536,64,304,0,1,114,0,345.051288605
3,"map(from: a)",65536,64,304,0,1,294,0,538.456439972
3,"map(from: a)",65536,64,304,0,1,7,0,227.499008179
3,"map(from: a)",65536,64,304,0,1,183,0,419.008731842
3,"map(from: a)",65536,64,304,0,1,8096,0,9056.198596954
3,"map(from: a)",65536,64,304,0,1,472,0,731.551647186
3,"map(from: a)",65536,64,304,0,1,1955,0,2362.453937531
3,"map(from: a)",65536,64,304,0,1,3,0,222.945213318
3,"map(from: a)",65536,64,304,0,1,5042,0,5719.244480133
3,"map(from: a)",65536,64,304,0,2,3,0,222.802162170
3,"map(from: a)",65536,64,304,0,2,44,0,269.508361816
3,"map(from: a)",65536,64,304,0,2,1,0,221.347808838
3,"map(from: a)",65536,64,304,0,2,183,0,419.902801514
3,"map(from: a)",65536,64,304,0,2,294,0,539.147853851
3,"map(from: a)",65536,64,304,0,2,5042,0,5713.951587677
3,"map(from: a)",65536,64,304,0,2,7,0,227.844715118
3,"map(from: a)",65536,64,304,0,2,8096,0,9048.295021057
3,"map(from: a)",65536,64,304,0,2,2,0,221.347808838
3,"map(from: a)",65536,64,304,0,2,114,0,344.753265381
3,"map(from: a)",65536,64,304,0,2,71,0,298.500061035
3,"map(from: a)",65536,64,304,0,2,1955,0,2364.349365234
3,"map(from: a)",65536,64,304,0,2,17,0,240.051746368
3,"map(from: a)",65536,64,304,0,2,472,0,734.293460846
3,"map(from: a)",65536,64,304,0,2,11,0,232.160091400
3,"map(from: a)",65536,64,304,0,2,1218,0,1546.299457550
3,"map(from: a)",65536,64,304,0,2,4,0,225.150585175
3,"map(from: a)",65536,64,304,0,2,3140,0,3645.896911621
3,"map(from: a)",65536,64,304,0,2,758,0,1042.199134827
3,"map(from: a)",65536,64,304,0,2,28,0,250.744819641
3,"map(from: a)",65536,64,304,0,3,11,0,232.052803040
3,"map(from: a)",65536,64,304,0,3,4,0,224.840641022
3,"map(from: a)",65536,64,304,0,3,5042,0,5702.304840088
3,"map(from: a)",65536,64,304,0,3,183,0,419.950485229
3,"map(from: a)",65536,64,304,0,3,17,0,239.956378937
3,"map(from: a)",65536,64,304,0,3,3,0,222.957134247
3,"map(from: a)",65536,64,304,0,3,28,0,251.102447510
3,"map(from: a)",65536,64,304,0,3,1218,0,1545.298099518
3,"map(from: a)",65536,64,304,0,3,114,0,344.109535217
3,"map(from: a)",65536,64,304,0,3,758,0,1045.048236847
3,"map(from: a)",65536,64,304,0,3,1955,0,2352.452278137
3,"map(from: a)",65536,64,304,0,3,472,0,734.496116638
3,"map(from: a)",65536,64,304,0,3,7,0,227.594375610
3,"map(from: a)",65536,64,304,0,3,44,0,269.150733948
3,"map(from: a)",65536,64,304,0,3,3140,0,3640.151023865
3,"map(from: a)",65536,64,304,0,3,8096,0,9036.850929260
3,"map(from: a)",65536,64,304,0,3,71,0,297.999382019
3,"map(from: a)",65536,64,304,0,3,1,0,221.347808838
3,"map(from: a)",65536,64,304,0,3,2,0,221.204757690
3,"map(from: a)",65536,64,304,0,3,294,0,540.339946747
3,"map(from: a)",65536,64,304,0,4,3,0,222.647190094
3,"map(from: a)",65536,64,304,0,4,8096,0,9033.155441284
3,"map(from: a)",65536,64,304,0,4,1,0,221.955776215
3,"map(from: a)",65536,64,304,0,4,28,0,250.792503357
3,"map(from: a)",65536,64,304,0,4,17,0,240.004062653
3,"map(from: a)",65536,64,304,0,4,5042,0,5715.453624725
3,"map(from: a)",65536,64,304,0,4,7,0,227.308273315
3,"map(from: a)",65536,64,304,0,4,114,0,344.741344452
3,"map(from: a)",65536,64,304,0,4,44,0,269.258022308
3,"map(from: a)",65536,64,304,0,4,2,0,221.300125122
3,"map(from: a)",65536,64,304,0,4,294,0,539.243221283
3,"map(from: a)",65536,64,304,0,4,758,0,1046.752929688
3,"map(from: a)",65536,64,304,0,4,183,0,420.403480530
3,"map(from: a)",65536,64,304,0,4,4,0,225.055217743
3,"map(from: a)",65536,64,304,0,4,1218,0,1539.945602417
3,"map(from: a)",65536,64,304,0,4,71,0,297.844409943
3,"map(from: a)",65536,64,304,0,4,1955,0,2350.151538849
3,"map(from: a)",65536,64,304,0,4,11,0,232.255458832
3,"map(from: a)",65536,64,304,0,4,472,0,732.398033142
3,"map(from: a)",65536,64,304,0,4,3140,0,3653.407096863
3,"map(from: a)",65536,64,304,1,0,2,0,221.502780914
3,"map(from: a)",65536,64,304,1,0,4,0,224.900245667
3,"map(from: a)",65536,64,304,1,0,472,0,731.790065765
3,"map(from: a)",65536,64,304,1,0,3140,0,3654.146194458
3,"map(from: a)",65536,64,304,1,0,183,0,418.448448181
3,"map(from: a)",65536,64,304,1,0,28,0,250.697135925
3,"map(from: a)",65536,64,304,1,0,71,0,297.999382019
3,"map(from: a)",65536,64,304,1,0,1218,0,1546.156406403
3,"map(from: a)",65536,64,304,1,0,294,0,538.706779480
3,"map(from: a)",65536,64,304,1,0,1,0,221.300125122
3,"map(from: a)",65536,64,304,1,0,7,0,227.797031403
3,"map(from: a)",65536,64,304,1,0,1955,0,2360.546588898
3,"map(from: a)",65536,64,304,1,0,758,0,1040.303707123
3,"map(from: a)",65536,64,304,1,0,114,0,344.502925873
3,"map(from: a)",65536,64,304,1,0,11,0,232.255458832
3,"map(from: a)",65536,64,304,1,0,3,0,222.456455231
3,"map(from: a)",65536,64,304,1,0,8096,0,9005.093574524
3,"map(from: a)",65536,64,304,1,0,44,0,269.150733948
3,"map(from: a)",65536,64,304,1,0,17,0,239.801406860
3,"map(from: a)",65536,64,304,1,0,5042,0,5723.249912262
3,"map(from: a)",65536,64,304,1,1,758,0,1039.803028107
3,"map(from: a)",65536,64,304,1,1,3,0,222.694873810
3,"map(from: a)",65536,64,304,1,1,3140,0,3636.503219604
3,"map(from: a)",65536,64,304,1,1,1955,0,2363.049983978
3,"map(from: a)",65536,64,304,1,1,44,0,269.055366516
3,"map(from: a)",65536,64,304,1,1,17,0,240.004062653
3,"map(from: a)",65536,64,304,1,1,294,0,539.398193359
3,"map(from: a)",65536,64,304,1,1,28,0,250.899791718
3,"map(from: a)",65536,64,304,1,1,114,0,343.847274780
3,"map(from: a)",65536,64,304,1,1,2,0,221.443176270
3,"map(from: a)",65536,64,304,1,1,7,0,227.344036102
3,"map(from: a)",65536,64,304,1,1,183,0,419.604778290
3,"map(from: a)",65536,64,304,1,1,8096,0,9002.101421356
3,"map(from: a)",65536,64,304,1,1,11,0,232.148170471
3,"map(from: a)",65536,64,304,1,1,1,0,221.347808838
3,"map(from: a)",65536,64,304,1,1,1218,0,1543.748378754
3,"map(from: a)",65536,64,304,1,1,472,0,732.004642487
3,"map(from: a)",65536,64,304,1,1,71,0,297.594070435
3,"map(from: a)",65536,64,304,1,1,5042,0,5690.503120422
3,"map(from: a)",65536,64,304,1,1,4,0,224.840641022
3,"map(from: a)",65536,64,304,1,2,2,0,221.455097198
3,"map(from: a)",65536,64,304,1,2,71,0,297.951698303
3,"map(from: a)",65536,64,304,1,2,17,0,239.908695221
3,"map(from: a)",65536,64,304,1,2,472,0,734.090805054
3,"map(from: a)",65536,64,304,1,2,5042,0,5688.047409058
3,"map(from: a)",65536,64,304,1,2,28,0,251.102447510
3,"map(from: a)",65536,64,304,1,2,44,0,269.007682800
3,"map(from: a)",65536,64,304,1,2,1218,0,1543.545722961
3,"map(from: a)",65536,64,304,1,2,4,0,224.757194519
3,"map(from: a)",65536,64,304,1,2,1955,0,2358.603477478
3,"map(from: a)",65536,64,304,1,2,183,0,419.104099274
3,"map(from: a)",65536,64,304,1,2,7,0,227.248668671
3,"map(from: a)",65536,64,304,1,2,758,0,1040.804386139
3,"map(from: a)",65536,64,304,1,2,1,0,221.252441406
3,"map(from: a)",65536,64,304,1,2,3140,0,3640.151023865
3,"map(from: a)",65536,64,304,1,2,8096,0,9049.940109253
3,"map(from: a)",65536,64,304,1,2,3,0,223.052501678
3,"map(from: a)",65536,64,304,1,2,114,0,344.443321228
3,"map(from: a)",65536,64,304,1,2,11,0,232.195854187
3,"map(from: a)",65536,64,304,1,2,294,0,540.792942047
3,"map(from: a)",65536,64,304,1,3,1,0,221.252441406
3,"map(from: a)",65536,64,304,1,3,17,0,240.099430084
3,"map(from: a)",65536,64,304,1,3,294,0,539.302825928
3,"map(from: a)",65536,64,304,1,3,5042,0,5729.258060455
3,"map(from: a)",65536,64,304,1,3,114,0,344.204902649
3,"map(from: a)",65536,64,304,1,3,28,0,250.840187073
3,"map(from: a)",65536,64,304,1,3,1218,0,1538.848876953
3,"map(from: a)",65536,64,304,1,3,2,0,221.347808838
3,"map(from: a)",65536,64,304,1,3,3,0,222.802162170
3,"map(from: a)",65536,64,304,1,3,4,0,224.947929382
3,"map(from: a)",65536,64,304,1,3,758,0,1042.652130127
3,"map(from: a)",65536,64,304,1,3,11,0,232.207775116
3,"map(from: a)",65536,64,304,1,3,44,0,269.150733948
3,"map(from: a)",65536,64,304,1,3,472,0,733.649730682
3,"map(from: a)",65536,64,304,1,3,7,0,227.546691895
3,"map(from: a)",65536,64,304,1,3,1955,0,2363.348007202
3,"map(from: a)",65536,64,304,1,3,71,0,297.451019287
3,"map(from: a)",65536,64,304,1,3,183,0,419.700145721
3,"map(from: a)",65536,64,304,1,3,8096,0,8999.907970428
3,"map(from: a)",65536,64,304,1,3,3140,0,3657.996654510
3,"map(from: a)",65536,64,304,1,4,472,0,731.444358826
3,"map(from: a)",65536,64,304,1,4,71,0,297.999382019
3,"map(from: a)",65536,64,304,1,4,1,0,221.347808838
3,"map(from: a)",65536,64,304,1,4,11,0,232.005119324
3,"map(from: a)",65536,64,304,1,4,4,0,224.852561951
3,"map(from: a)",65536,64,304,1,4,3140,0,3646.755218506
3,"map(from: a)",65536,64,304,1,4,28,0,251.054763794
3,"map(from: a)",65536,64,304,1,4,1218,0,1545.047760010
3,"map(from: a)",65536,64,304,1,4,2,0,221.204757690
3,"map(from: a)",65536,64,304,1,4,183,0,419.449806213
3,"map(from: a)",65536,64,304,1,4,5042,0,5708.050727844
3,"map(from: a)",65536,64,304,1,4,114,0,344.896316528
3,"map(from: a)",65536,64,304,1,4,3,0,222.599506378
3,"map(from: a)",65536,64,304,1,4,44,0,269.246101379
3,"map(from: a)",65536,64,304,1,4,758,0,1040.899753571
3,"map(from: a)",65536,64,304,1,4,8096,0,9082.949161530
3,"map(from: a)",65536,64,304,1,4,1955,0,2347.695827484
3,"map(from: a)",65536,64,304,1,4,294,0,540.447235107
3,"map(from: a)",65536,64,304,1,4,7,0,227.499008179
3,"map(from: a)",65536,64,304,1,4,17,0,239.896774292
3,"map(from: a)",262144,64,304,0,0,7,0,269.496440887
3,"map(from: a)",262144,64,304,0,0,114,0,374.293327332
3,"map(from: a)",262144,64,304,0,0,3,0,255.489349365
3,"map(from: a)",262144,64,304,0,0,17,0,269.591808319
3,"map(from: a)",262144,64,304,0,0,1,0,251.543521881
3,"map(from: a)",262144,64,304,0,0,44,0,298.750400543
3,"map(from: a)",262144,64,304,0,0,294,0,568.258762360
3,"map(from: a)",262144,64,304,0,0,3140,0,3667.294979095
3,"map(from: a)",262144,64,304,0,0,4,0,255.203247070
3,"map(from: a)",262144,64,304,0,0,1955,0,2378.857135773
3,"map(from: a)",262144,64,304,0,0,183,0,448.095798492
3,"map(from: a)",262144,64,304,0,0,8096,0,9038.901329041
3,"map(from: a)",262144,64,304,0,0,758,0,1066.708564758
3,"map(from: a)",262144,64,304,0,0,71,0,328.099727631
3,"map(from: a)",262144,64,304,0,0,2,0,251.853466034
3,"map(from: a)",262144,64,304,0,0,11,0,262.248516083
3,"map(from: a)",262144,64,304,0,0,28,0,280.296802521
3,"map(from: a)",262144,64,304,0,0,5042,0,5713.057518005
3,"map(from: a)",262144,64,304,0,0,1218,0,1563.298702240
3,"map(from: a)",262144,64,304,0,0,472,0,761.806964874
3,"map(from: a)",262144,64,304,0,1,4,0,254.797935486
3,"map(from: a)",262144,64,304,0,1,1,0,266.051292419
3,"map(from: a)",262144,64,304,0,1,17,0,278.794765472
3,"map(from: a)",262144,64,304,0,1,28,0,285.255908966
3,"map(from: a)",262144,64,304,0,1,11,0,264.596939087
3,"map(from: a)",262144,64,304,0,1,3140,0,3664.302825928
3,"map(from: a)",262144,64,304,0,1,2,0,251.495838165
3,"map(from: a)",262144,64,304,0,1,758,0,1072.049140930
3,"map(from: a)",262144,64,304,0,1,1218,0,1560.544967651
3,"map(from: a)",262144,64,304,0,1,44,0,298.690795898
3,"map(from: a)",262144,64,304,0,1,71,0,327.503681183
3,"map(from: a)",262144,64,304,0,1,114,0,374.507904053
3,"map(from: a)",262144,64,304,0,1,294,0,567.448139191
3,"map(from: a)",262144,64,304,0,1,7,0,257.706642151
3,"map(from: a)",262144,64,304,0,1,183,0,464.653968811
3,"map(from: a)",262144,64,304,0,1,8096,0,9026.300907135
3,"map(from: a)",262144,64,304,0,1,472,0,759.255886078
3,"map(from: a)",262144,64,304,0,1,1955,0,2376.949787140
3,"map(from: a)",262144,64,304,0,1,3,0,252.795219421
3,"map(from: a)",262144,64,304,0,1,5042,0,5724.596977234
3,"map(from: a)",262144,64,304,0,2,3,0,252.902507782
3,"map(from: a)",262144,64,304,0,2,44,0,298.595428467
3,"map(from: a)",262144,64,304,0,2,1,0,251.543521881
3,"map(from: a)",262144,64,304,0,2,183,0,449.144840240
3,"map(from: a)",262144,64,304,0,2,294,0,567.007064819
3,"map(from: a)",262144,64,304,0,2,5042,0,5719.447135925
3,"map(from: a)",262144,64,304,0,2,7,0,257.551670074
3,"map(from: a)",262144,64,304,0,2,8096,0,9039.497375488
3,"map(from: a)",262144,64,304,0,2,2,0,251.245498657
3,"map(from: a)",262144,64,304,0,2,114,0,374.042987823
3,"map(from: a)",262144,64,304,0,2,71,0,327.455997467
3,"map(from: a)",262144,64,304,0,2,1955,0,2382.099628448
3,"map(from: a)",262144,64,304,0,2,17,0,269.401073456
3,"map(from: a)",262144,64,304,0,2,472,0,760.602951050
3,"map(from: a)",262144,64,304,0,2,11,0,262.200832367
3,"map(from: a)",262144,64,304,0,2,1218,0,1567.590236664
3,"map(from: a)",262144,64,304,0,2,4,0,255.203247070
3,"map(from: a)",262144,64,304,0,2,3140,0,3662.991523743
3,"map(from: a)",262144,64,304,0,2,758,0,1069.056987762
3,"map(from: a)",262144,64,304,0,2,28,0,280.249118805
3,"map(from: a)",262144,64,304,0,3,11,0,262.391567230
3,"map(from: a)",262144,64,304,0,3,4,0,255.060195923
3,"map(from: a)",262144,64,304,0,3,5042,0,5699.348449707
3,"map(from: a)",262144,64,304,0,3,183,0,449.347496033
3,"map(from: a)",262144,64,304,0,3,17,0,269.508361816
3,"map(from: a)",262144,64,304,0,3,3,0,252.747535706
3,"map(from: a)",262144,64,304,0,3,28,0,280.249118805
3,"map(from: a)",262144,64,304,0,3,1218,0,1570.451259613
3,"map(from: a)",262144,64,304,0,3,114,0,373.744964600
3,"map(from: a)",262144,64,304,0,3,758,0,1071.739196777
3,"map(from: a)",262144,64,304,0,3,1955,0,2372.050285339
3,"map(from: a)",262144,64,304,0,3,472,0,761.353969574
3,"map(from: a)",262144,64,304,0,3,7,0,257.396697998
3,"map(from: a)",262144,64,304,0,3,44,0,298.297405243
3,"map(from: a)",262144,64,304,0,3,3140,0,3655.147552490
3,"map(from: a)",262144,64,304,0,3,8096,0,9030.759334564
3,"map(from: a)",262144,64,304,0,3,71,0,327.694416046
3,"map(from: a)",262144,64,304,0,3,1,0,251.495838165
3,"map(from: a)",262144,64,304,0,3,2,0,251.495838165
3,"map(from: a)",262144,64,304,0,3,294,0,569.295883179
3,"map(from: a)",262144,64,304,0,4,3,0,252.854824066
3,"map(from: a)",262144,64,304,0,4,8096,0,9024.655818939
3,"map(from: a)",262144,64,304,0,4,1,0,251.507759094
3,"map(from: a)",262144,64,304,0,4,28,0,280.106067657
3,"map(from: a)",262144,64,304,0,4,17,0,269.758701324
3,"map(from: a)",262144,64,304,0,4,5042,0,5723.154544830
3,"map(from: a)",262144,64,304,0,4,7,0,257.754325867
3,"map(from: a)",262144,64,304,0,4,114,0,374.400615692
3,"map(from: a)",262144,64,304,0,4,44,0,298.452377319
3,"map(from: a)",262144,64,304,0,4,2,0,251.555442810
3,"map(from: a)",262144,64,304,0,4,294,0,568.151473999
3,"map(from: a)",262144,64,304,0,4,758,0,1070.952415466
3,"map(from: a)",262144,64,304,0,4,183,0,448.310375214
3,"map(from: a)",262144,64,304,0,4,4,0,254.845619202
3,"map(from: a)",262144,64,304,0,4,1218,0,1563.954353333
3,"map(from: a)",262144,64,304,0,4,71,0,327.754020691
3,"map(from: a)",262144,64,304,0,4,1955,0,2370.643615723
3,"map(from: a)",262144,64,304,0,4,11,0,262.200832367
3,"map(from: a)",262144,64,304,0,4,472,0,759.303569794
3,"map(from: a)",262144,64,304,0,4,3140,0,3668.498992920
3,"map(from: a)",262144,64,304,1,0,2,0,251.305103302
3,"map(from: a)",262144,64,304,1,0,4,0,254.940986633
3,"map(from: a)",262144,64,304,1,0,472,0,759.553909302
3,"map(from: a)",262144,64,304,1,0,3140,0,3669.297695160
3,"map(from: a)",262144,64,304,1,0,183,0,448.000431061
3,"map(from: a)",262144,64,304,1,0,28,0,280.499458313
3,"map(from: a)",262144,64,304,1,0,71,0,327.706336975
3,"map(from: a)",262144,64,304,1,0,1218,0,1567.459106445
3,"map(from: a)",262144,64,304,1,0,294,0,567.853450775
3,"map(from: a)",262144,64,304,1,0,1,0,251.555442810
3,"map(from: a)",262144,64,304,1,0,7,0,257.599353790
3,"map(from: a)",262144,64,304,1,0,1955,0,2379.703521729
3,"map(from: a)",262144,64,304,1,0,758,0,1066.994667053
3,"map(from: a)",262144,64,304,1,0,114,0,374.197959900
3,"map(from: a)",262144,64,304,1,0,11,0,261.902809143
3,"map(from: a)",262144,64,304,1,0,3,0,252.699851990
3,"map(from: a)",262144,64,304,1,0,8096,0,8975.589275360
3,"map(from: a)",262144,64,304,1,0,44,0,298.500061035
3,"map(from: a)",262144,64,304,1,0,17,0,269.305706024
3,"map(from: a)",262144,64,304,1,0,5042,0,5727.946758270
3,"map(from: a)",262144,64,304,1,1,758,0,1066.052913666
3,"map(from: a)",262144,64,304,1,1,3,0,252.902507782
3,"map(from: a)",262144,64,304,1,1,3140,0,3652.000427246
3,"map(from: a)",262144,64,304,1,1,1955,0,2382.600307465
3,"map(from: a)",262144,64,304,1,1,44,0,298.404693604
3,"map(from: a)",262144,64,304,1,1,17,0,269.651412964
3,"map(from: a)",262144,64,304,1,1,294,0,571.346282959
3,"map(from: a)",262144,64,304,1,1,28,0,294.804573059
3,"map(from: a)",262144,64,304,1,1,114,0,379.049777985
3,"map(from: a)",262144,64,304,1,1,2,0,254.046916962
3,"map(from: a)",262144,64,304,1,1,7,0,258.553028107
3,"map(from: a)",262144,64,304,1,1,183,0,448.799133301
3,"map(from: a)",262144,64,304,1,1,8096,0,8996.140956879
3,"map(from: a)",262144,64,304,1,1,11,0,263.595581055
3,"map(from: a)",262144,64,304,1,1,1,0,251.853466034
3,"map(from: a)",262144,64,304,1,1,1218,0,1569.306850433
3,"map(from: a)",262144,64,304,1,1,472,0,758.504867554
3,"map(from: a)",262144,64,304,1,1,71,0,327.706336975
3,"map(from: a)",262144,64,304,1,1,5042,0,5699.098110199
3,"map(from: a)",262144,64,304,1,1,4,0,254.845619202
3,"map(from: a)",262144,64,304,1,2,2,0,251.460075378
3,"map(from: a)",262144,64,304,1,2,71,0,327.551364899
3,"map(from: a)",262144,64,304,1,2,17,0,269.305706024
3,"map(from: a)",262144,64,304,1,2,472,0,761.544704437
3,"map(from: a)",262144,64,304,1,2,5042,0,5693.900585175
3,"map(from: a)",262144,64,304,1,2,28,0,280.249118805
3,"map(from: a)",262144,64,304,1,2,44,0,298.440456390
3,"map(from: a)",262144,64,304,1,2,1218,0,1567.947864532
3,"map(from: a)",262144,64,304,1,2,4,0,255.346298218
3,"map(from: a)",262144,64,304,1,2,1955,0,2377.390861511
3,"map(from: a)",262144,64,304,1,2,183,0,448.644161224
3,"map(from: a)",262144,64,304,1,2,7,0,257.349014282
3,"map(from: a)",262144,64,304,1,2,758,0,1065.504550934
3,"map(from: a)",262144,64,304,1,2,1,0,251.555442810
3,"map(from: a)",262144,64,304,1,2,3140,0,3649.950027466
3,"map(from: a)",262144,64,304,1,2,8096,0,9041.953086853
3,"map(from: a)",262144,64,304,1,2,3,0,252.950191498
3,"map(from: a)",262144,64,304,1,2,114,0,374.150276184
3,"map(from: a)",262144,64,304,1,2,11,0,262.093544006
3,"map(from: a)",262144,64,304,1,2,294,0,569.653511047
3,"map(from: a)",262144,64,304,1,3,1,0,251.495838165
3,"map(from: a)",262144,64,304,1,3,17,0,269.448757172
3,"map(from: a)",262144,64,304,1,3,294,0,568.044185638
3,"map(from: a)",262144,64,304,1,3,5042,0,5725.395679474
3,"map(from: a)",262144,64,304,1,3,114,0,373.947620392
3,"map(from: a)",262144,64,304,1,3,28,0,280.189514160
3,"map(from: a)",262144,64,304,1,3,1218,0,1564.550399780
3,"map(from: a)",262144,64,304,1,3,2,0,251.448154449
3,"map(from: a)",262144,64,304,1,3,3,0,253.045558929
3,"map(from: a)",262144,64,304,1,3,4,0,254.845619202
3,"map(from: a)",262144,64,304,1,3,758,0,1067.650318146
3,"map(from: a)",262144,64,304,1,3,11,0,262.296199799
3,"map(from: a)",262144,64,304,1,3,44,0,298.297405243
3,"map(from: a)",262144,64,304,1,3,472,0,761.699676514
3,"map(from: a)",262144,64,304,1,3,7,0,257.456302643
3,"map(from: a)",262144,64,304,1,3,1955,0,2383.601665497
3,"map(from: a)",262144,64,304,1,3,71,0,326.991081238
3,"map(from: a)",262144,64,304,1,3,183,0,448.894500732
3,"map(from: a)",262144,64,304,1,3,8096,0,8994.448184967
3,"map(from: a)",262144,64,304,1,3,3140,0,3665.399551392
3,"map(from: a)",262144,64,304,1,4,472,0,759.398937225
3,"map(from: a)",262144,64,304,1,4,71,0,327.646732330
3,"map(from: a)",262144,64,304,1,4,1,0,251.555442810
3,"map(from: a)",262144,64,304,1,4,11,0,262.200832367
3,"map(from: a)",262144,64,304,1,4,4,0,255.000591278
3,"map(from: a)",262144,64,304,1,4,3140,0,3665.399551392
3,"map(from: a)",262144,64,304,1,4,28,0,285.398960114
3,"map(from: a)",262144,64,304,1,4,1218,0,1569.199562073
3,"map(from: a)",262144,64,304,1,4,2,0,251.448154449
3,"map(from: a)",262144,64,304,1,4,183,0,448.799133301
3,"map(from: a)",262144,64,304,1,4,5042,0,5699.944496155
3,"map(from: a)",262144,64,304,1,4,114,0,374.901294708
3,"map(from: a)",262144,64,304,1,4,3,0,252.699851990
3,"map(from: a)",262144,64,304,1,4,44,0,298.607349396
3,"map(from: a)",262144,64,304,1,4,758,0,1068.246364594
3,"map(from: a)",262144,64,304,1,4,8096,0,9044.504165649
3,"map(from: a)",262144,64,304,1,4,1955,0,2368.593215942
3,"map(from: a)",262144,64,304,1,4,294,0,568.592548370
3,"map(from: a)",262144,64,304,1,4,7,0,257.444381714
3,"map(from: a)",262144,64,304,1,4,17,0,269.305706024
3,"map(from: a)",1048576,64,304,0,0,7,0,376.307964325
3,"map(from: a)",1048576,64,304,0,0,114,0,466.752052307
3,"map(from: a)",1048576,64,304,0,0,3,0,344.347953796
3,"map(from: a)",1048576,64,304,0,0,17,0,359.797477722
3,"map(from: a)",1048576,64,304,0,0,1,0,341.343879700
3,"map(from: a)",1048576,64,304,0,0,44,0,392.699241638
3,"map(from: a)",1048576,64,304,0,0,294,0,659.000873566
3,"map(from: a)",1048576,64,304,0,0,3140,0,3761.899471283
3,"map(from: a)",1048576,64,304,0,0,4,0,344.848632812
3,"map(from: a)",1048576,64,304,0,0,1955,0,2472.198009491
3,"map(from: a)",1048576,64,304,0,0,183,0,538.945198059
3,"map(from: a)",1048576,64,304,0,0,8096,0,9133.791923523
3,"map(from: a)",1048576,64,304,0,0,758,0,1159.453392029
3,"map(from: a)",1048576,64,304,0,0,71,0,418.150424957
3,"map(from: a)",1048576,64,304,0,0,2,0,341.904163361
3,"map(from: a)",1048576,64,304,0,0,11,0,353.646278381
3,"map(from: a)",1048576,64,304,0,0,28,0,370.848178864
3,"map(from: a)",1048576,64,304,0,0,5042,0,5814.099311829
3,"map(from: a)",1048576,64,304,0,0,1218,0,1654.493808746
3,"map(from: a)",1048576,64,304,0,0,472,0,852.501392365
3,"map(from: a)",1048576,64,304,0,1,4,0,346.505641937
3,"map(from: a)",1048576,64,304,0,1,1,0,341.296195984
3,"map(from: a)",1048576,64,304,0,1,17,0,360.000133514
3,"map(from: a)",1048576,64,304,0,1,28,0,370.800495148
3,"map(from: a)",1048576,64,304,0,1,11,0,353.598594666
3,"map(from: a)",1048576,64,304,0,1,3140,0,3763.341903687
3,"map(from: a)",1048576,64,304,0,1,2,0,341.248512268
3,"map(from: a)",1048576,64,304,0,1,758,0,1163.601875305
3,"map(from: a)",1048576,64,304,0,1,1218,0,1651.394367218
3,"map(from: a)",1048576,64,304,0,1,44,0,389.099121094
3,"map(from: a)",1048576,64,304,0,1,71,0,418.293476105
3,"map(from: a)",1048576,64,304,0,1,114,0,467.991828918
3,"map(from: a)",1048576,64,304,0,1,294,0,658.249855042
3,"map(from: a)",1048576,64,304,0,1,7,0,349.450111389
3,"map(from: a)",1048576,64,304,0,1,183,0,539.207458496
3,"map(from: a)",1048576,64,304,0,1,8096,0,9124.946594238
3,"map(from: a)",1048576,64,304,0,1,472,0,850.546360016
3,"map(from: a)",1048576,64,304,0,1,1955,0,2468.800544739
3,"map(from: a)",1048576,64,304,0,1,3,0,342.905521393
3,"map(from: a)",1048576,64,304,0,1,5042,0,5816.340446472
3,"map(from: a)",1048576,64,304,0,2,3,0,342.798233032
3,"map(from: a)",1048576,64,304,0,2,44,0,389.254093170
3,"map(from: a)",1048576,64,304,0,2,1,0,341.308116913
3,"map(from: a)",1048576,64,304,0,2,183,0,540.149211884
3,"map(from: a)",1048576,64,304,0,2,294,0,658.190250397
3,"map(from: a)",1048576,64,304,0,2,5042,0,5816.400051117
3,"map(from: a)",1048576,64,304,0,2,7,0,347.447395325
3,"map(from: a)",1048576,64,304,0,2,8096,0,9132.504463196
3,"map(from: a)",1048576,64,304,0,2,2,0,341.248512268
3,"map(from: a)",1048576,64,304,0,2,114,0,464.844703674
3,"map(from: a)",1048576,64,304,0,2,71,0,418.150424957
3,"map(from: a)",1048576,64,304,0,2,1955,0,2468.252182007
3,"map(from: a)",1048576,64,304,0,2,17,0,359.952449799
3,"map(from: a)",1048576,64,304,0,2,472,0,852.203369141
3,"map(from: a)",1048576,64,304,0,2,11,0,352.454185486
3,"map(from: a)",1048576,64,304,0,2,1218,0,1659.095287323
3,"map(from: a)",1048576,64,304,0,2,4,0,346.553325653
3,"map(from: a)",1048576,64,304,0,2,3140,0,3754.997253418
3,"map(from: a)",1048576,64,304,0,2,758,0,1158.094406128
3,"map(from: a)",1048576,64,304,0,2,28,0,370.848178864
3,"map(from: a)",1048576,64,304,0,3,11,0,353.550910950
3,"map(from: a)",1048576,64,304,0,3,4,0,346.302986145
3,"map(from: a)",1048576,64,304,0,3,5042,0,5793.547630310
3,"map(from: a)",1048576,64,304,0,3,183,0,541.996955872
3,"map(from: a)",1048576,64,304,0,3,17,0,363.349914551
3,"map(from: a)",1048576,64,304,0,3,3,0,343.096256256
3,"map(from: a)",1048576,64,304,0,3,28,0,370.550155640
3,"map(from: a)",1048576,64,304,0,3,1218,0,1659.440994263
3,"map(from: a)",1048576,64,304,0,3,114,0,464.510917664
3,"map(from: a)",1048576,64,304,0,3,758,0,1160.895824432
3,"map(from: a)",1048576,64,304,0,3,1955,0,2462.601661682
3,"map(from: a)",1048576,64,304,0,3,472,0,854.051113129
3,"map(from: a)",1048576,64,304,0,3,7,0,347.495079041
3,"map(from: a)",1048576,64,304,0,3,44,0,389.146804810
3,"map(from: a)",1048576,64,304,0,3,3140,0,3748.154640198
3,"map(from: a)",1048576,64,304,0,3,8096,0,9130.001068115
3,"map(from: a)",1048576,64,304,0,3,71,0,419.604778290
3,"map(from: a)",1048576,64,304,0,3,1,0,341.451168060
3,"map(from: a)",1048576,64,304,0,3,2,0,344.395637512
3,"map(from: a)",1048576,64,304,0,3,294,0,660.157203674
3,"map(from: a)",1048576,64,304,0,4,3,0,342.690944672
3,"map(from: a)",1048576,64,304,0,4,8096,0,9123.802185059
3,"map(from: a)",1048576,64,304,0,4,1,0,344.693660736
3,"map(from: a)",1048576,64,304,0,4,28,0,370.895862579
3,"map(from: a)",1048576,64,304,0,4,17,0,361.442565918
3,"map(from: a)",1048576,64,304,0,4,5042,0,5889.201164246
3,"map(from: a)",1048576,64,304,0,4,7,0,347.495079041
3,"map(from: a)",1048576,64,304,0,4,114,0,465.250015259
3,"map(from: a)",1048576,64,304,0,4,44,0,388.991832733
3,"map(from: a)",1048576,64,304,0,4,2,0,341.296195984
3,"map(from: a)",1048576,64,304,0,4,294,0,658.953189850
3,"map(from: a)",1048576,64,304,0,4,758,0,1162.707805634
3,"map(from: a)",1048576,64,304,0,4,183,0,539.052486420
3,"map(from: a)",1048576,64,304,0,4,4,0,344.550609589
3,"map(from: a)",1048576,64,304,0,4,1218,0,1652.801036835
3,"map(from: a)",1048576,64,304,0,4,71,0,418.841838837
3,"map(from: a)",1048576,64,304,0,4,1955,0,2457.642555237
3,"map(from: a)",1048576,64,304,0,4,11,0,352.251529694
3,"map(from: a)",1048576,64,304,0,4,472,0,850.605964661
3,"map(from: a)",1048576,64,304,0,4,3140,0,3764.593601227
3,"map(from: a)",1048576,64,304,1,0,2,0,342.798233032
3,"map(from: a)",1048576,64,304,1,0,4,0,344.645977020
3,"map(from: a)",1048576,64,304,1,0,472,0,850.510597229
3,"map(from: a)",1048576,64,304,1,0,3140,0,3754.150867462
3,"map(from: a)",1048576,64,304,1,0,183,0,538.647174835
3,"map(from: a)",1048576,64,304,1,0,28,0,372.397899628
3,"map(from: a)",1048576,64,304,1,0,71,0,417.888164520
3,"map(from: a)",1048576,64,304,1,0,1218,0,1659.452915192
3,"map(from: a)",1048576,64,304,1,0,294,0,658.655166626
3,"map(from: a)",1048576,64,304,1,0,1,0,341.403484344
3,"map(from: a)",1048576,64,304,1,0,7,0,347.399711609
3,"map(from: a)",1048576,64,304,1,0,1955,0,2469.897270203
3,"map(from: a)",1048576,64,304,1,0,758,0,1156.401634216
3,"map(from: a)",1048576,64,304,1,0,114,0,464.856624603
3,"map(from: a)",1048576,64,304,1,0,11,0,352.108478546
3,"map(from: a)",1048576,64,304,1,0,3,0,342.702865601
3,"map(from: a)",1048576,64,304,1,0,8096,0,9070.491790771
3,"map(from: a)",1048576,64,304,1,0,44,0,389.540195465
3,"map(from: a)",1048576,64,304,1,0,17,0,361.454486847
3,"map(from: a)",1048576,64,304,1,0,5042,0,5824.208259583
3,"map(from: a)",1048576,64,304,1,1,758,0,1157.557964325
3,"map(from: a)",1048576,64,304,1,1,3,0,342.595577240
3,"map(from: a)",1048576,64,304,1,1,3140,0,3753.554821014
3,"map(from: a)",1048576,64,304,1,1,1955,0,2468.001842499
3,"map(from: a)",1048576,64,304,1,1,44,0,388.956069946
3,"map(from: a)",1048576,64,304,1,1,17,0,361.251831055
3,"map(from: a)",1048576,64,304,1,1,294,0,659.048557281
3,"map(from: a)",1048576,64,304,1,1,28,0,372.850894928
3,"map(from: a)",1048576,64,304,1,1,114,0,464.749336243
3,"map(from: a)",1048576,64,304,1,1,2,0,341.296195984
3,"map(from: a)",1048576,64,304,1,1,7,0,347.292423248
3,"map(from: a)",1048576,64,304,1,1,183,0,539.898872375
3,"map(from: a)",1048576,64,304,1,1,8096,0,9068.655967712
3,"map(from: a)",1048576,64,304,1,1,11,0,352.251529694
3,"map(from: a)",1048576,64,304,1,1,1,0,344.395637512
3,"map(from: a)",1048576,64,304,1,1,1218,0,1660.060882568
3,"map(from: a)",1048576,64,304,1,1,472,0,849.497318268
3,"map(from: a)",1048576,64,304,1,1,71,0,418.245792389
3,"map(from: a)",1048576,64,304,1,1,5042,0,5797.505378723
3,"map(from: a)",1048576,64,304,1,1,4,0,345.051288605
3,"map(from: a)",1048576,64,304,1,2,2,0,341.343879700
3,"map(from: a)",1048576,64,304,1,2,71,0,418.388843536
3,"map(from: a)",1048576,64,304,1,2,17,0,360.155105591
3,"map(from: a)",1048576,64,304,1,2,472,0,854.241847992
3,"map(from: a)",1048576,64,304,1,2,5042,0,5788.755416870
3,"map(from: a)",1048576,64,304,1,2,28,0,370.693206787
3,"map(from: a)",1048576,64,304,1,2,44,0,389.242172241
3,"map(from: a)",1048576,64,304,1,2,1218,0,1661.849021912
3,"map(from: a)",1048576,64,304,1,2,4,0,344.955921173
3,"map(from: a)",1048576,64,304,1,2,1955,0,2467.799186707
3,"map(from: a)",1048576,64,304,1,2,183,0,539.004802704
3,"map(from: a)",1048576,64,304,1,2,7,0,347.459316254
3,"map(from: a)",1048576,64,304,1,2,758,0,1157.009601593
3,"map(from: a)",1048576,64,304,1,2,1,0,341.200828552
3,"map(from: a)",1048576,64,304,1,2,3140,0,3742.301464081
3,"map(from: a)",1048576,64,304,1,2,8096,0,9139.001369476
3,"map(from: a)",1048576,64,304,1,2,3,0,342.798233032
3,"map(from: a)",1048576,64,304,1,2,114,0,464.844703674
3,"map(from: a)",1048576,64,304,1,2,11,0,352.299213409
3,"map(from: a)",1048576,64,304,1,2,294,0,662.946701050
3,"map(from: a)",1048576,64,304,1,3,1,0,344.347953796
3,"map(from: a)",1048576,64,304,1,3,17,0,359.797477722
3,"map(from: a)",1048576,64,304,1,3,294,0,658.798217773
3,"map(from: a)",1048576,64,304,1,3,5042,0,5815.804004669
3,"map(from: a)",1048576,64,304,1,3,114,0,464.856624603
3,"map(from: a)",1048576,64,304,1,3,28,0,371.003150940
3,"map(from: a)",1048576,64,304,1,3,1218,0,1652.348041534
3,"map(from: a)",1048576,64,304,1,3,2,0,342.893600464
3,"map(from: a)",1048576,64,304,1,3,3,0,342.905521393
3,"map(from: a)",1048576,64,304,1,3,4,0,345.051288605
3,"map(from: a)",1048576,64,304,1,3,758,0,1158.201694489
3,"map(from: a)",1048576,64,304,1,3,11,0,352.656841278
3,"map(from: a)",1048576,64,304,1,3,44,0,390.696525574
3,"map(from: a)",1048576,64,304,1,3,472,0,852.596759796
3,"map(from: a)",1048576,64,304,1,3,7,0,349.056720734
3,"map(from: a)",1048576,64,304,1,3,1955,0,2467.548847198
3,"map(from: a)",1048576,64,304,1,3,71,0,419.747829437
3,"map(from: a)",1048576,64,304,1,3,183,0,539.600849152
3,"map(from: a)",1048576,64,304,1,3,8096,0,9091.353416443
3,"map(from: a)",1048576,64,304,1,3,3140,0,3757.047653198
3,"map(from: a)",1048576,64,304,1,4,472,0,850.951671600
3,"map(from: a)",1048576,64,304,1,4,71,0,418.245792389
3,"map(from: a)",1048576,64,304,1,4,1,0,341.498851776
3,"map(from: a)",1048576,64,304,1,4,11,0,352.001190186
3,"map(from: a)",1048576,64,304,1,4,4,0,344.800949097
3,"map(from: a)",1048576,64,304,1,4,3140,0,3764.498233795
3,"map(from: a)",1048576,64,304,1,4,28,0,370.752811432
3,"map(from: a)",1048576,64,304,1,4,1218,0,1660.299301147
3,"map(from: a)",1048576,64,304,1,4,2,0,341.451168060
3,"map(from: a)",1048576,64,304,1,4,183,0,541.210174561
3,"map(from: a)",1048576,64,304,1,4,5042,0,5794.751644135
3,"map(from: a)",1048576,64,304,1,4,114,0,465.452671051
3,"map(from: a)",1048576,64,304,1,4,3,0,344.252586365
3,"map(from: a)",1048576,64,304,1,4,44,0,390.648841858
3,"map(from: a)",1048576,64,304,1,4,758,0,1158.845424652
3,"map(from: a)",1048576,64,304,1,4,8096,0,9114.849567413
3,"map(from: a)",1048576,64,304,1,4,1955,0,2458.298206329
3,"map(from: a)",1048576,64,304,1,4,294,0,659.549236298
3,"map(from: a)",1048576,64,304,1,4,7,0,347.304344177
3,"map(from: a)",1048576,64,304,1,4,17,0,359.845161438
3,"map(from: a)",4194304,64,304,0,0,7,0,982.749462128
3,"map(from: a)",4194304,64,304,0,0,114,0,949.299335480
3,"map(from: a)",4194304,64,304,0,0,3,0,826.394557953
3,"map(from: a)",4194304,64,304,0,0,17,0,844.144821167
3,"map(from: a)",4194304,64,304,0,0,1,0,824.952125549
3,"map(from: a)",4194304,64,304,0,0,44,0,873.196125031
3,"map(from: a)",4194304,64,304,0,0,294,0,1142.406463623
3,"map(from: a)",4194304,64,304,0,0,3140,0,4254.305362701
3,"map(from: a)",4194304,64,304,0,0,4,0,829.195976257
3,"map(from: a)",4194304,64,304,0,0,1955,0,2956.545352936
3,"map(from: a)",4194304,64,304,0,0,183,0,1024.055480957
3,"map(from: a)",4194304,64,304,0,0,8096,0,9629.249572754
3,"map(from: a)",4194304,64,304,0,0,758,0,1644.849777222
3,"map(from: a)",4194304,64,304,0,0,71,0,902.056694031
3,"map(from: a)",4194304,64,304,0,0,2,0,825.595855713
3,"map(from: a)",4194304,64,304,0,0,11,0,836.455821991
3,"map(from: a)",4194304,64,304,0,0,28,0,854.599475861
3,"map(from: a)",4194304,64,304,0,0,5042,0,6309.449672699
3,"map(from: a)",4194304,64,304,0,0,1218,0,2140.450477600
3,"map(from: a)",4194304,64,304,0,0,472,0,1338.148117065
3,"map(from: a)",4194304,64,304,0,1,4,0,828.790664673
3,"map(from: a)",4194304,64,304,0,1,1,0,825.154781342
3,"map(from: a)",4194304,64,304,0,1,17,0,843.155384064
3,"map(from: a)",4194304,64,304,0,1,28,0,854.504108429
3,"map(from: a)",4194304,64,304,0,1,11,0,836.551189423
3,"map(from: a)",4194304,64,304,0,1,3140,0,4250.049591064
3,"map(from: a)",4194304,64,304,0,1,2,0,825.309753418
3,"map(from: a)",4194304,64,304,0,1,758,0,1648.294925690
3,"map(from: a)",4194304,64,304,0,1,1218,0,2140.200138092
3,"map(from: a)",4194304,64,304,0,1,44,0,873.100757599
3,"map(from: a)",4194304,64,304,0,1,71,0,901.854038239
3,"map(from: a)",4194304,64,304,0,1,114,0,949.954986572
3,"map(from: a)",4194304,64,304,0,1,294,0,1142.156124115
3,"map(from: a)",4194304,64,304,0,1,7,0,831.806659698
3,"map(from: a)",4194304,64,304,0,1,183,0,1024.401187897
3,"map(from: a)",4194304,64,304,0,1,8096,0,9637.153148651
3,"map(from: a)",4194304,64,304,0,1,472,0,1334.702968597
3,"map(from: a)",4194304,64,304,0,1,1955,0,2973.699569702
3,"map(from: a)",4194304,64,304,0,1,3,0,826.644897461
3,"map(from: a)",4194304,64,304,0,1,5042,0,6317.293643951
3,"map(from: a)",4194304,64,304,0,2,3,0,826.549530029
3,"map(from: a)",4194304,64,304,0,2,44,0,873.494148254
3,"map(from: a)",4194304,64,304,0,2,1,0,825.142860413
3,"map(from: a)",4194304,64,304,0,2,183,0,1024.103164673
3,"map(from: a)",4194304,64,304,0,2,294,0,1142.799854279
3,"map(from: a)",4194304,64,304,0,2,5042,0,6305.348873138
3,"map(from: a)",4194304,64,304,0,2,7,0,831.949710846
3,"map(from: a)",4194304,64,304,0,2,8096,0,9626.793861389
3,"map(from: a)",4194304,64,304,0,2,2,0,825.297832489
3,"map(from: a)",4194304,64,304,0,2,114,0,949.144363403
3,"map(from: a)",4194304,64,304,0,2,71,0,902.402400970
3,"map(from: a)",4194304,64,304,0,2,1955,0,2959.096431732
3,"map(from: a)",4194304,64,304,0,2,17,0,843.346118927
3,"map(from: a)",4194304,64,304,0,2,472,0,1337.409019470
3,"map(from: a)",4194304,64,304,0,2,11,0,835.704803467
3,"map(from: a)",4194304,64,304,0,2,1218,0,2147.102355957
3,"map(from: a)",4194304,64,304,0,2,4,0,828.599929810
3,"map(from: a)",4194304,64,304,0,2,3140,0,4250.192642212
3,"map(from: a)",4194304,64,304,0,2,758,0,1644.206047058
3,"map(from: a)",4194304,64,304,0,2,28,0,855.302810669
3,"map(from: a)",4194304,64,304,0,3,11,0,836.300849915
3,"map(from: a)",4194304,64,304,0,3,4,0,829.052925110
3,"map(from: a)",4194304,64,304,0,3,5042,0,6296.753883362
3,"map(from: a)",4194304,64,304,0,3,183,0,1023.602485657
3,"map(from: a)",4194304,64,304,0,3,17,0,844.144821167
3,"map(from: a)",4194304,64,304,0,3,3,0,827.002525330
3,"map(from: a)",4194304,64,304,0,3,28,0,854.897499084
3,"map(from: a)",4194304,64,304,0,3,1218,0,2146.148681641
3,"map(from: a)",4194304,64,304,0,3,114,0,948.393344879
3,"map(from: a)",4194304,64,304,0,3,758,0,1648.104190826
3,"map(from: a)",4194304,64,304,0,3,1955,0,2955.150604248
3,"map(from: a)",4194304,64,304,0,3,472,0,1367.902755737
3,"map(from: a)",4194304,64,304,0,3,7,0,831.496715546
3,"map(from: a)",4194304,64,304,0,3,44,0,873.446464539
3,"map(from: a)",4194304,64,304,0,3,3140,0,4236.304759979
3,"map(from: a)",4194304,64,304,0,3,8096,0,9640.800952911
3,"map(from: a)",4194304,64,304,0,3,71,0,902.497768402
3,"map(from: a)",4194304,64,304,0,3,1,0,825.405120850
3,"map(from: a)",4194304,64,304,0,3,2,0,825.703144073
3,"map(from: a)",4194304,64,304,0,3,294,0,1144.945621490
3,"map(from: a)",4194304,64,304,0,4,3,0,826.394557953
3,"map(from: a)",4194304,64,304,0,4,8096,0,9617.149829865
3,"map(from: a)",4194304,64,304,0,4,1,0,825.798511505
3,"map(from: a)",4194304,64,304,0,4,28,0,855.100154877
3,"map(from: a)",4194304,64,304,0,4,17,0,843.250751495
3,"map(from: a)",4194304,64,304,0,4,5042,0,6307.399272919
3,"map(from: a)",4194304,64,304,0,4,7,0,831.496715546
3,"map(from: a)",4194304,64,304,0,4,114,0,949.597358704
3,"map(from: a)",4194304,64,304,0,4,44,0,873.291492462
3,"map(from: a)",4194304,64,304,0,4,2,0,825.750827789
3,"map(from: a)",4194304,64,304,0,4,294,0,1142.108440399
3,"map(from: a)",4194304,64,304,0,4,758,0,1648.855209351
3,"map(from: a)",4194304,64,304,0,4,183,0,1023.650169373
3,"map(from: a)",4194304,64,304,0,4,4,0,829.303264618
3,"map(from: a)",4194304,64,304,0,4,1218,0,2141.296863556
3,"map(from: a)",4194304,64,304,0,4,71,0,902.307033539
3,"map(from: a)",4194304,64,304,0,4,1955,0,2944.755554199
3,"map(from: a)",4194304,64,304,0,4,11,0,836.396217346
3,"map(from: a)",4194304,64,304,0,4,472,0,1337.194442749
3,"map(from: a)",4194304,64,304,0,4,3140,0,4250.299930573
3,"map(from: a)",4194304,64,304,1,0,2,0,825.202465057
3,"map(from: a)",4194304,64,304,1,0,4,0,829.052925110
3,"map(from: a)",4194304,64,304,1,0,472,0,1335.906982422
3,"map(from: a)",4194304,64,304,1,0,3140,0,4252.254962921
3,"map(from: a)",4194304,64,304,1,0,183,0,1024.448871613
3,"map(from: a)",4194304,64,304,1,0,28,0,854.849815369
3,"map(from: a)",4194304,64,304,1,0,71,0,902.295112610
3,"map(from: a)",4194304,64,304,1,0,1218,0,2146.196365356
3,"map(from: a)",4194304,64,304,1,0,294,0,1142.597198486
3,"map(from: a)",4194304,64,304,1,0,1,0,825.655460358
3,"map(from: a)",4194304,64,304,1,0,7,0,831.651687622
3,"map(from: a)",4194304,64,304,1,0,1955,0,2970.743179321
3,"map(from: a)",4194304,64,304,1,0,758,0,1644.504070282
3,"map(from: a)",4194304,64,304,1,0,114,0,949.549674988
3,"map(from: a)",4194304,64,304,1,0,11,0,836.050510406
3,"map(from: a)",4194304,64,304,1,0,3,0,826.847553253
3,"map(from: a)",4194304,64,304,1,0,8096,0,9584.403038025
3,"map(from: a)",4194304,64,304,1,0,44,0,874.054431915
3,"map(from: a)",4194304,64,304,1,0,17,0,843.656063080
3,"map(from: a)",4194304,64,304,1,0,5042,0,6313.693523407
3,"map(from: a)",4194304,64,304,1,1,758,0,1643.943786621
3,"map(from: a)",4194304,64,304,1,1,3,0,873.398780823
3,"map(from: a)",4194304,64,304,1,1,3140,0,4242.706298828
3,"map(from: a)",4194304,64,304,1,1,1955,0,2959.895133972
3,"map(from: a)",4194304,64,304,1,1,44,0,872.993469238
3,"map(from: a)",4194304,64,304,1,1,17,0,844.550132751
3,"map(from: a)",4194304,64,304,1,1,294,0,1143.348217010
3,"map(from: a)",4194304,64,304,1,1,28,0,854.849815369
3,"map(from: a)",4194304,64,304,1,1,114,0,948.452949524
3,"map(from: a)",4194304,64,304,1,1,2,0,825.297832489
3,"map(from: a)",4194304,64,304,1,1,7,0,831.651687622
3,"map(from: a)",4194304,64,304,1,1,183,0,1024.544239044
3,"map(from: a)",4194304,64,304,1,1,8096,0,9584.450721741
3,"map(from: a)",4194304,64,304,1,1,11,0,836.646556854
3,"map(from: a)",4194304,64,304,1,1,1,0,825.548171997
3,"map(from: a)",4194304,64,304,1,1,1218,0,2145.910263062
3,"map(from: a)",4194304,64,304,1,1,472,0,1335.144042969
3,"map(from: a)",4194304,64,304,1,1,71,0,902.700424194
3,"map(from: a)",4194304,64,304,1,1,5042,0,6296.551227570
3,"map(from: a)",4194304,64,304,1,1,4,0,828.647613525
3,"map(from: a)",4194304,64,304,1,2,2,0,824.952125549
3,"map(from: a)",4194304,64,304,1,2,71,0,903.046131134
3,"map(from: a)",4194304,64,304,1,2,17,0,843.799114227
3,"map(from: a)",4194304,64,304,1,2,472,0,1338.088512421
3,"map(from: a)",4194304,64,304,1,2,5042,0,6277.549266815
3,"map(from: a)",4194304,64,304,1,2,28,0,855.004787445
3,"map(from: a)",4194304,64,304,1,2,44,0,873.351097107
3,"map(from: a)",4194304,64,304,1,2,1218,0,2149.152755737
3,"map(from: a)",4194304,64,304,1,2,4,0,829.303264618
3,"map(from: a)",4194304,64,304,1,2,1955,0,2963.447570801
3,"map(from: a)",4194304,64,304,1,2,183,0,1023.602485657
3,"map(from: a)",4194304,64,304,1,2,7,0,831.699371338
3,"map(from: a)",4194304,64,304,1,2,758,0,1643.598079681
3,"map(from: a)",4194304,64,304,1,2,1,0,825.095176697
3,"map(from: a)",4194304,64,304,1,2,3140,0,4237.699508667
3,"map(from: a)",4194304,64,304,1,2,8096,0,9649.050235748
3,"map(from: a)",4194304,64,304,1,2,3,0,829.994678497
3,"map(from: a)",4194304,64,304,1,2,114,0,949.108600616
3,"map(from: a)",4194304,64,304,1,2,11,0,836.753845215
3,"map(from: a)",4194304,64,304,1,2,294,0,1145.803928375
3,"map(from: a)",4194304,64,304,1,3,1,0,825.202465057
3,"map(from: a)",4194304,64,304,1,3,17,0,843.644142151
3,"map(from: a)",4194304,64,304,1,3,294,0,1142.156124115
3,"map(from: a)",4194304,64,304,1,3,5042,0,6322.300434113
3,"map(from: a)",4194304,64,304,1,3,114,0,949.347019196
3,"map(from: a)",4194304,64,304,1,3,28,0,855.553150177
3,"map(from: a)",4194304,64,304,1,3,1218,0,2141.344547272
3,"map(from: a)",4194304,64,304,1,3,2,0,825.560092926
3,"map(from: a)",4194304,64,304,1,3,3,0,826.704502106
3,"map(from: a)",4194304,64,304,1,3,4,0,879.204273224
3,"map(from: a)",4194304,64,304,1,3,758,0,1645.600795746
3,"map(from: a)",4194304,64,304,1,3,11,0,836.205482483
3,"map(from: a)",4194304,64,304,1,3,44,0,873.494148254
3,"map(from: a)",4194304,64,304,1,3,472,0,1336.896419525
3,"map(from: a)",4194304,64,304,1,3,7,0,831.544399261
3,"map(from: a)",4194304,64,304,1,3,1955,0,2958.655357361
3,"map(from: a)",4194304,64,304,1,3,71,0,902.855396271
3,"map(from: a)",4194304,64,304,1,3,183,0,1023.793220520
3,"map(from: a)",4194304,64,304,1,3,8096,0,9602.248668671
3,"map(from: a)",4194304,64,304,1,3,3140,0,4252.099990845
3,"map(from: a)",4194304,64,304,1,4,472,0,1334.941387177
3,"map(from: a)",4194304,64,304,1,4,71,0,901.889801025
3,"map(from: a)",4194304,64,304,1,4,1,0,825.643539429
3,"map(from: a)",4194304,64,304,1,4,11,0,835.597515106
3,"map(from: a)",4194304,64,304,1,4,4,0,829.446315765
3,"map(from: a)",4194304,64,304,1,4,3140,0,4251.098632812
3,"map(from: a)",4194304,64,304,1,4,28,0,854.051113129
3,"map(from: a)",4194304,64,304,1,4,1218,0,2148.306369781
3,"map(from: a)",4194304,64,304,1,4,2,0,825.345516205
3,"map(from: a)",4194304,64,304,1,4,183,0,1023.602485657
3,"map(from: a)",4194304,64,304,1,4,5042,0,6297.945976257
3,"map(from: a)",4194304,64,304,1,4,114,0,948.953628540
3,"map(from: a)",4194304,64,304,1,4,3,0,827.097892761
3,"map(from: a)",4194304,64,304,1,4,44,0,873.458385468
3,"map(from: a)",4194304,64,304,1,4,758,0,1645.898818970
3,"map(from: a)",4194304,64,304,1,4,8096,0,9638.655185699
3,"map(from: a)",4194304,64,304,1,4,1955,0,2951.395511627
3,"map(from: a)",4194304,64,304,1,4,294,0,1143.598556519
3,"map(from: a)",4194304,64,304,1,4,7,0,831.508636475
3,"map(from: a)",4194304,64,304,1,4,17,0,843.703746796
3,"map(from: a)",16777216,64,304,0,0,7,0,3606.450557709
3,"map(from: a)",16777216,64,304,0,0,114,0,2887.260913849
3,"map(from: a)",16777216,64,304,0,0,3,0,2759.253978729
3,"map(from: a)",16777216,64,304,0,0,17,0,2776.241302490
3,"map(from: a)",16777216,64,304,0,0,1,0,2758.646011353
3,"map(from: a)",16777216,64,304,0,0,44,0,2807.092666626
3,"map(from: a)",16777216,64,304,0,0,294,0,3076.648712158
3,"map(from: a)",16777216,64,304,0,0,3140,0,6191.897392273
3,"map(from: a)",16777216,64,304,0,0,4,0,2761.507034302
3,"map(from: a)",16777216,64,304,0,0,1955,0,4896.557331085
3,"map(from: a)",16777216,64,304,0,0,183,0,2956.891059875
3,"map(from: a)",16777216,64,304,0,0,8096,0,11591.351032257
3,"map(from: a)",16777216,64,304,0,0,758,0,3580.594062805
3,"map(from: a)",16777216,64,304,0,0,71,0,2838.349342346
3,"map(from: a)",16777216,64,304,0,0,2,0,2758.455276489
3,"map(from: a)",16777216,64,304,0,0,11,0,2769.041061401
3,"map(from: a)",16777216,64,304,0,0,28,0,2788.197994232
3,"map(from: a)",16777216,64,304,0,0,5042,0,8265.602588654
3,"map(from: a)",16777216,64,304,0,0,1218,0,4077.053070068
3,"map(from: a)",16777216,64,304,0,0,472,0,3272.509574890
3,"map(from: a)",16777216,64,304,0,1,4,0,2761.101722717
3,"map(from: a)",16777216,64,304,0,1,1,0,2757.894992828
3,"map(from: a)",16777216,64,304,0,1,17,0,2775.740623474
3,"map(from: a)",16777216,64,304,0,1,28,0,2786.803245544
3,"map(from: a)",16777216,64,304,0,1,11,0,2770.149707794
3,"map(from: a)",16777216,64,304,0,1,3140,0,6185.603141785
3,"map(from: a)",16777216,64,304,0,1,2,0,2758.002281189
3,"map(from: a)",16777216,64,304,0,1,758,0,3586.399555206
3,"map(from: a)",16777216,64,304,0,1,1218,0,4077.649116516
3,"map(from: a)",16777216,64,304,0,1,44,0,2806.746959686
3,"map(from: a)",16777216,64,304,0,1,71,0,2835.500240326
3,"map(from: a)",16777216,64,304,0,1,114,0,2882.003784180
3,"map(from: a)",16777216,64,304,0,1,294,0,3076.398372650
3,"map(from: a)",16777216,64,304,0,1,7,0,2764.344215393
3,"map(from: a)",16777216,64,304,0,1,183,0,2956.104278564
3,"map(from: a)",16777216,64,304,0,1,8096,0,11601.209640503
3,"map(from: a)",16777216,64,304,0,1,472,0,3268.992900848
3,"map(from: a)",16777216,64,304,0,1,1955,0,4898.953437805
3,"map(from: a)",16777216,64,304,0,1,3,0,2759.850025177
3,"map(from: a)",16777216,64,304,0,1,5042,0,8269.250392914
3,"map(from: a)",16777216,64,304,0,2,3,0,2758.800983429
3,"map(from: a)",16777216,64,304,0,2,44,0,2806.997299194
3,"map(from: a)",16777216,64,304,0,2,1,0,2757.942676544
3,"map(from: a)",16777216,64,304,0,2,183,0,2957.010269165
3,"map(from: a)",16777216,64,304,0,2,294,0,3077.352046967
3,"map(from: a)",16777216,64,304,0,2,5042,0,8254.349231720
3,"map(from: a)",16777216,64,304,0,2,7,0,2763.497829437
3,"map(from: a)",16777216,64,304,0,2,8096,0,11587.595939636
3,"map(from: a)",16777216,64,304,0,2,2,0,2758.705615997
3,"map(from: a)",16777216,64,304,0,2,114,0,2883.148193359
3,"map(from: a)",16777216,64,304,0,2,71,0,2835.404872894
3,"map(from: a)",16777216,64,304,0,2,1955,0,4934.251308441
3,"map(from: a)",16777216,64,304,0,2,17,0,2782.499790192
3,"map(from: a)",16777216,64,304,0,2,472,0,3272.449970245
3,"map(from: a)",16777216,64,304,0,2,11,0,2769.351005554
3,"map(from: a)",16777216,64,304,0,2,1218,0,4140.698909760
3,"map(from: a)",16777216,64,304,0,2,4,0,2761.852741241
3,"map(from: a)",16777216,64,304,0,2,3140,0,6191.253662109
3,"map(from: a)",16777216,64,304,0,2,758,0,3579.604625702
3,"map(from: a)",16777216,64,304,0,2,28,0,2787.649631500
3,"map(from: a)",16777216,64,304,0,3,11,0,2768.409252167
3,"map(from: a)",16777216,64,304,0,3,4,0,2761.602401733
3,"map(from: a)",16777216,64,304,0,3,5042,0,8246.302604675
3,"map(from: a)",16777216,64,304,0,3,183,0,2958.548069000
3,"map(from: a)",16777216,64,304,0,3,17,0,2776.956558228
3,"map(from: a)",16777216,64,304,0,3,3,0,2759.647369385
3,"map(from: a)",16777216,64,304,0,3,28,0,2786.540985107
3,"map(from: a)",16777216,64,304,0,3,1218,0,4081.749916077
3,"map(from: a)",16777216,64,304,0,3,114,0,2881.300449371
3,"map(from: a)",16777216,64,304,0,3,758,0,3582.704067230
3,"map(from: a)",16777216,64,304,0,3,1955,0,4892.051219940
3,"map(from: a)",16777216,64,304,0,3,472,0,3273.153305054
3,"map(from: a)",16777216,64,304,0,3,7,0,2828.705310822
3,"map(from: a)",16777216,64,304,0,3,44,0,2806.496620178
3,"map(from: a)",16777216,64,304,0,3,3140,0,6179.189682007
3,"map(from: a)",16777216,64,304,0,3,8096,0,11601.603031158
3,"map(from: a)",16777216,64,304,0,3,71,0,2836.048603058
3,"map(from: a)",16777216,64,304,0,3,1,0,2800.953388214
3,"map(from: a)",16777216,64,304,0,3,2,0,2757.847309113
3,"map(from: a)",16777216,64,304,0,3,294,0,3077.650070190
3,"map(from: a)",16777216,64,304,0,4,3,0,2758.955955505
3,"map(from: a)",16777216,64,304,0,4,8096,0,11571.741104126
3,"map(from: a)",16777216,64,304,0,4,1,0,2757.704257965
3,"map(from: a)",16777216,64,304,0,4,28,0,2788.448333740
3,"map(from: a)",16777216,64,304,0,4,17,0,2776.646614075
3,"map(from: a)",16777216,64,304,0,4,5042,0,8257.353305817
3,"map(from: a)",16777216,64,304,0,4,7,0,2763.998508453
3,"map(from: a)",16777216,64,304,0,4,114,0,2882.897853851
3,"map(from: a)",16777216,64,304,0,4,44,0,2805.197238922
3,"map(from: a)",16777216,64,304,0,4,2,0,2758.896350861
3,"map(from: a)",16777216,64,304,0,4,294,0,3076.303005219
3,"map(from: a)",16777216,64,304,0,4,758,0,3585.493564606
3,"map(from: a)",16777216,64,304,0,4,183,0,2956.759929657
3,"map(from: a)",16777216,64,304,0,4,4,0,2761.697769165
3,"map(from: a)",16777216,64,304,0,4,1218,0,4078.054428101
3,"map(from: a)",16777216,64,304,0,4,71,0,2835.404872894
3,"map(from: a)",16777216,64,304,0,4,1955,0,4886.698722839
3,"map(from: a)",16777216,64,304,0,4,11,0,2770.256996155
3,"map(from: a)",16777216,64,304,0,4,472,0,3315.746784210
3,"map(from: a)",16777216,64,304,0,4,3140,0,6193.697452545
3,"map(from: a)",16777216,64,304,1,0,2,0,2757.954597473
3,"map(from: a)",16777216,64,304,1,0,4,0,2762.043476105
3,"map(from: a)",16777216,64,304,1,0,472,0,3271.353244781
3,"map(from: a)",16777216,64,304,1,0,3140,0,6192.004680634
3,"map(from: a)",16777216,64,304,1,0,183,0,3001.201152802
3,"map(from: a)",16777216,64,304,1,0,28,0,2787.899971008
3,"map(from: a)",16777216,64,304,1,0,71,0,2835.643291473
3,"map(from: a)",16777216,64,304,1,0,1218,0,4084.491729736
3,"map(from: a)",16777216,64,304,1,0,294,0,3076.803684235
3,"map(from: a)",16777216,64,304,1,0,1,0,2758.359909058
3,"map(from: a)",16777216,64,304,1,0,7,0,2764.391899109
3,"map(from: a)",16777216,64,304,1,0,1955,0,4902.493953705
3,"map(from: a)",16777216,64,304,1,0,758,0,3578.746318817
3,"map(from: a)",16777216,64,304,1,0,114,0,2881.646156311
3,"map(from: a)",16777216,64,304,1,0,11,0,2769.649028778
3,"map(from: a)",16777216,64,304,1,0,3,0,2759.742736816
3,"map(from: a)",16777216,64,304,1,0,8096,0,11548.399925232
3,"map(from: a)",16777216,64,304,1,0,44,0,2807.950973511
3,"map(from: a)",16777216,64,304,1,0,17,0,2777.755260468
3,"map(from: a)",16777216,64,304,1,0,5042,0,8263.897895813
3,"map(from: a)",16777216,64,304,1,1,758,0,3578.698635101
3,"map(from: a)",16777216,64,304,1,1,3,0,2759.897708893
3,"map(from: a)",16777216,64,304,1,1,3140,0,6193.399429321
3,"map(from: a)",16777216,64,304,1,1,1955,0,4900.896549225
3,"map(from: a)",16777216,64,304,1,1,44,0,2806.293964386
3,"map(from: a)",16777216,64,304,1,1,17,0,2824.401855469
3,"map(from: a)",16777216,64,304,1,1,294,0,3077.054023743
3,"map(from: a)",16777216,64,304,1,1,28,0,2786.898612976
3,"map(from: a)",16777216,64,304,1,1,114,0,2882.289886475
3,"map(from: a)",16777216,64,304,1,1,2,0,2757.644653320
3,"map(from: a)",16777216,64,304,1,1,7,0,2766.191959381
3,"map(from: a)",16777216,64,304,1,1,183,0,2956.855297089
3,"map(from: a)",16777216,64,304,1,1,8096,0,11539.208889008
3,"map(from: a)",16777216,64,304,1,1,11,0,2768.707275391
3,"map(from: a)",16777216,64,304,1,1,1,0,2758.252620697
3,"map(from: a)",16777216,64,304,1,1,1218,0,4080.903530121
3,"map(from: a)",16777216,64,304,1,1,472,0,3269.445896149
3,"map(from: a)",16777216,64,304,1,1,71,0,2836.394309998
3,"map(from: a)",16777216,64,304,1,1,5042,0,8244.740962982
3,"map(from: a)",16777216,64,304,1,1,4,0,2761.256694794
3,"map(from: a)",16777216,64,304,1,2,2,0,2758.550643921
3,"map(from: a)",16777216,64,304,1,2,71,0,2835.953235626
3,"map(from: a)",16777216,64,304,1,2,17,0,2822.494506836
3,"map(from: a)",16777216,64,304,1,2,472,0,3272.593021393
3,"map(from: a)",16777216,64,304,1,2,5042,0,8227.753639221
3,"map(from: a)",16777216,64,304,1,2,28,0,2787.744998932
3,"map(from: a)",16777216,64,304,1,2,44,0,2804.899215698
3,"map(from: a)",16777216,64,304,1,2,1218,0,4085.791110992
3,"map(from: a)",16777216,64,304,1,2,4,0,2761.244773865
3,"map(from: a)",16777216,64,304,1,2,1955,0,4892.551898956
3,"map(from: a)",16777216,64,304,1,2,183,0,2956.902980804
3,"map(from: a)",16777216,64,304,1,2,7,0,2764.952182770
3,"map(from: a)",16777216,64,304,1,2,758,0,3578.400611877
3,"map(from: a)",16777216,64,304,1,2,1,0,2757.799625397
3,"map(from: a)",16777216,64,304,1,2,3140,0,6181.740760803
3,"map(from: a)",16777216,64,304,1,2,8096,0,11589.753627777
3,"map(from: a)",16777216,64,304,1,2,3,0,2759.361267090
3,"map(from: a)",16777216,64,304,1,2,114,0,2883.005142212
3,"map(from: a)",16777216,64,304,1,2,11,0,2769.351005554
3,"map(from: a)",16777216,64,304,1,2,294,0,3079.104423523
3,"map(from: a)",16777216,64,304,1,3,1,0,2758.049964905
3,"map(from: a)",16777216,64,304,1,3,17,0,2778.601646423
3,"map(from: a)",16777216,64,304,1,3,294,0,3119.647502899
3,"map(from: a)",16777216,64,304,1,3,5042,0,8307.754993439
3,"map(from: a)",16777216,64,304,1,3,114,0,2885.246276855
3,"map(from: a)",16777216,64,304,1,3,28,0,2787.649631500
3,"map(from: a)",16777216,64,304,1,3,1218,0,4078.149795532
3,"map(from: a)",16777216,64,304,1,3,2,0,2757.406234741
3,"map(from: a)",16777216,64,304,1,3,3,0,2759.695053101
3,"map(from: a)",16777216,64,304,1,3,4,0,2761.209011078
3,"map(from: a)",16777216,64,304,1,3,758,0,3579.950332642
3,"map(from: a)",16777216,64,304,1,3,11,0,2769.851684570
3,"map(from: a)",16777216,64,304,1,3,44,0,2805.447578430
3,"map(from: a)",16777216,64,304,1,3,472,0,3271.353244781
3,"map(from: a)",16777216,64,304,1,3,7,0,2764.904499054
3,"map(from: a)",16777216,64,304,1,3,1955,0,4899.060726166
3,"map(from: a)",16777216,64,304,1,3,71,0,2835.154533386
3,"map(from: a)",16777216,64,304,1,3,183,0,2957.391738892
3,"map(from: a)",16777216,64,304,1,3,8096,0,11542.749404907
3,"map(from: a)",16777216,64,304,1,3,3140,0,6197.500228882
3,"map(from: a)",16777216,64,304,1,4,472,0,3269.791603088
3,"map(from: a)",16777216,64,304,1,4,71,0,2835.547924042
3,"map(from: a)",16777216,64,304,1,4,1,0,2758.705615997
3,"map(from: a)",16777216,64,304,1,4,11,0,2770.555019379
3,"map(from: a)",16777216,64,304,1,4,4,0,2818.346023560
3,"map(from: a)",16777216,64,304,1,4,3140,0,6186.246871948
3,"map(from: a)",16777216,64,304,1,4,28,0,2787.697315216
3,"map(from: a)",16777216,64,304,1,4,1218,0,4082.596302032
3,"map(from: a)",16777216,64,304,1,4,2,0,2758.657932281
3,"map(from: a)",16777216,64,304,1,4,183,0,2957.296371460
3,"map(from: a)",16777216,64,304,1,4,5042,0,8283.805847168
3,"map(from: a)",16777216,64,304,1,4,114,0,2885.544300079
3,"map(from: a)",16777216,64,304,1,4,3,0,2759.146690369
3,"map(from: a)",16777216,64,304,1,4,44,0,2807.199954987
3,"map(from: a)",16777216,64,304,1,4,758,0,3579.342365265
3,"map(from: a)",16777216,64,304,1,4,8096,0,11593.699455261
3,"map(from: a)",16777216,64,304,1,4,1955,0,4885.601997375
3,"map(from: a)",16777216,64,304,1,4,294,0,3150.808811188
3,"map(from: a)",16777216,64,304,1,4,7,0,2764.201164246
3,"map(from: a)",16777216,64,304,1,4,17,0,2777.647972107
4,"map(alloc: a)",1,64,304,0,0,7,0,210.452079773
4,"map(alloc: a)",1,64,304,0,0,114,0,329.804420471
4,"map(alloc: a)",1,64,304,0,0,3,0,204.050540924
4,"map(alloc: a)",1,64,304,0,0,17,0,221.002101898
4,"map(alloc: a)",1,64,304,0,0,1,0,202.751159668
4,"map(alloc: a)",1,64,304,0,0,44,0,250.399112701
4,"map(alloc: a)",1,64,304,0,0,294,0,524.902343750
4,"map(alloc: a)",1,64,304,0,0,3140,0,3628.194332123
4,"map(alloc: a)",1,64,304,0,0,4,0,206.196308136
4,"map(alloc: a)",1,64,304,0,0,1955,0,2337.598800659
4,"map(alloc: a)",1,64,304,0,0,183,0,403.845310211
4,"map(alloc: a)",1,64,304,0,0,8096,0,9010.350704193
4,"map(alloc: a)",1,64,304,0,0,758,0,1024.448871613
4,"map(alloc: a)",1,64,304,0,0,71,0,282.955169678
4,"map(alloc: a)",1,64,304,0,0,2,0,202.548503876
4,"map(alloc: a)",1,64,304,0,0,11,0,213.551521301
4,"map(alloc: a)",1,64,304,0,0,28,0,231.802463531
4,"map(alloc: a)",1,64,304,0,0,5042,0,5692.493915558
4,"map(alloc: a)",1,64,304,0,0,1218,0,1521.956920624
4,"map(alloc: a)",1,64,304,0,0,472,0,718.653202057
4,"map(alloc: a)",1,64,304,0,1,4,0,206.148624420
4,"map(alloc: a)",1,64,304,0,1,1,0,202.846527100
4,"map(alloc: a)",1,64,304,0,1,17,0,221.145153046
4,"map(alloc: a)",1,64,304,0,1,28,0,231.850147247
4,"map(alloc: a)",1,64,304,0,1,11,0,213.551521301
4,"map(alloc: a)",1,64,304,0,1,3140,0,3624.653816223
4,"map(alloc: a)",1,64,304,0,1,2,0,202.453136444
4,"map(alloc: a)",1,64,304,0,1,758,0,1029.455661774
4,"map(alloc: a)",1,64,304,0,1,1218,0,1518.690586090
4,"map(alloc: a)",1,64,304,0,1,44,0,250.399112701
4,"map(alloc: a)",1,64,304,0,1,71,0,283.050537109
4,"map(alloc: a)",1,64,304,0,1,114,0,329.804420471
4,"map(alloc: a)",1,64,304,0,1,294,0,523.304939270
4,"map(alloc: a)",1,64,304,0,1,7,0,208.592414856
4,"map(alloc: a)",1,64,304,0,1,183,0,404.047966003
4,"map(alloc: a)",1,64,304,0,1,8096,0,9021.151065826
4,"map(alloc: a)",1,64,304,0,1,472,0,715.994834900
4,"map(alloc: a)",1,64,304,0,1,1955,0,2333.247661591
4,"map(alloc: a)",1,64,304,0,1,3,0,203.895568848
4,"map(alloc: a)",1,64,304,0,1,5042,0,5685.448646545
4,"map(alloc: a)",1,64,304,0,2,3,0,203.895568848
4,"map(alloc: a)",1,64,304,0,2,44,0,250.244140625
4,"map(alloc: a)",1,64,304,0,2,1,0,202.453136444
4,"map(alloc: a)",1,64,304,0,2,183,0,404.644012451
4,"map(alloc: a)",1,64,304,0,2,294,0,524.246692657
4,"map(alloc: a)",1,64,304,0,2,5042,0,5685.591697693
4,"map(alloc: a)",1,64,304,0,2,7,0,208.652019501
4,"map(alloc: a)",1,64,304,0,2,8096,0,9007.096290588
4,"map(alloc: a)",1,64,304,0,2,2,0,202.488899231
4,"map(alloc: a)",1,64,304,0,2,114,0,330.007076263
4,"map(alloc: a)",1,64,304,0,2,71,0,282.645225525
4,"map(alloc: a)",1,64,304,0,2,1955,0,2341.699600220
4,"map(alloc: a)",1,64,304,0,2,17,0,220.894813538
4,"map(alloc: a)",1,64,304,0,2,472,0,719.153881073
4,"map(alloc: a)",1,64,304,0,2,11,0,213.253498077
4,"map(alloc: a)",1,64,304,0,2,1218,0,1526.105403900
4,"map(alloc: a)",1,64,304,0,2,4,0,206.053256989
4,"map(alloc: a)",1,64,304,0,2,3140,0,3622.400760651
4,"map(alloc: a)",1,64,304,0,2,758,0,1025.795936584
4,"map(alloc: a)",1,64,304,0,2,28,0,231.957435608
4,"map(alloc: a)",1,64,304,0,3,11,0,213.396549225
4,"map(alloc: a)",1,64,304,0,3,4,0,206.053256989
4,"map(alloc: a)",1,64,304,0,3,5042,0,5675.399303436
4,"map(alloc: a)",1,64,304,0,3,183,0,404.953956604
4,"map(alloc: a)",1,64,304,0,3,17,0,220.751762390
4,"map(alloc: a)",1,64,304,0,3,3,0,203.692913055
4,"map(alloc: a)",1,64,304,0,3,28,0,231.742858887
4,"map(alloc: a)",1,64,304,0,3,1218,0,1528.501510620
4,"map(alloc: a)",1,64,304,0,3,114,0,329.196453094
4,"map(alloc: a)",1,64,304,0,3,758,0,1028.501987457
4,"map(alloc: a)",1,64,304,0,3,1955,0,2330.553531647
4,"map(alloc: a)",1,64,304,0,3,472,0,718.998908997
4,"map(alloc: a)",1,64,304,0,3,7,0,208.556652069
4,"map(alloc: a)",1,64,304,0,3,44,0,250.160694122
4,"map(alloc: a)",1,64,304,0,3,3140,0,3613.805770874
4,"map(alloc: a)",1,64,304,0,3,8096,0,8999.359607697
4,"map(alloc: a)",1,64,304,0,3,71,0,282.907485962
4,"map(alloc: a)",1,64,304,0,3,1,0,202.405452728
4,"map(alloc: a)",1,64,304,0,3,2,0,202.345848083
4,"map(alloc: a)",1,64,304,0,3,294,0,525.593757629
4,"map(alloc: a)",1,64,304,0,4,3,0,203.955173492
4,"map(alloc: a)",1,64,304,0,4,8096,0,8992.743492126
4,"map(alloc: a)",1,64,304,0,4,1,0,202.441215515
4,"map(alloc: a)",1,64,304,0,4,28,0,232.005119324
4,"map(alloc: a)",1,64,304,0,4,17,0,221.049785614
4,"map(alloc: a)",1,64,304,0,4,5042,0,5687.093734741
4,"map(alloc: a)",1,64,304,0,4,7,0,208.497047424
4,"map(alloc: a)",1,64,304,0,4,114,0,330.090522766
4,"map(alloc: a)",1,64,304,0,4,44,0,250.256061554
4,"map(alloc: a)",1,64,304,0,4,2,0,202.858448029
4,"map(alloc: a)",1,64,304,0,4,294,0,524.151325226
4,"map(alloc: a)",1,64,304,0,4,758,0,1028.347015381
4,"map(alloc: a)",1,64,304,0,4,183,0,403.892993927
4,"map(alloc: a)",1,64,304,0,4,4,0,206.005573273
4,"map(alloc: a)",1,64,304,0,4,1218,0,1523.089408875
4,"map(alloc: a)",1,64,304,0,4,71,0,283.145904541
4,"map(alloc: a)",1,64,304,0,4,1955,0,2327.144145966
4,"map(alloc: a)",1,64,304,0,4,11,0,213.193893433
4,"map(alloc: a)",1,64,304,0,4,472,0,717.103481293
4,"map(alloc: a)",1,64,304,0,4,3140,0,3627.705574036
4,"map(alloc: a)",1,64,304,1,0,2,0,202.393531799
4,"map(alloc: a)",1,64,304,1,0,4,0,206.053256989
4,"map(alloc: a)",1,64,304,1,0,472,0,716.447830200
4,"map(alloc: a)",1,64,304,1,0,3140,0,3630.757331848
4,"map(alloc: a)",1,64,304,1,0,183,0,403.702259064
4,"map(alloc: a)",1,64,304,1,0,28,0,231.993198395
4,"map(alloc: a)",1,64,304,1,0,71,0,283.145904541
4,"map(alloc: a)",1,64,304,1,0,1218,0,1529.395580292
4,"map(alloc: a)",1,64,304,1,0,294,0,523.948669434
4,"map(alloc: a)",1,64,304,1,0,1,0,202.357769012
4,"map(alloc: a)",1,64,304,1,0,7,0,208.556652069
4,"map(alloc: a)",1,64,304,1,0,1955,0,2335.190773010
4,"map(alloc: a)",1,64,304,1,0,758,0,1024.603843689
4,"map(alloc: a)",1,64,304,1,0,114,0,329.697132111
4,"map(alloc: a)",1,64,304,1,0,11,0,213.205814362
4,"map(alloc: a)",1,64,304,1,0,3,0,203.549861908
4,"map(alloc: a)",1,64,304,1,0,8096,0,8967.089653015
4,"map(alloc: a)",1,64,304,1,0,44,0,250.399112701
4,"map(alloc: a)",1,64,304,1,0,17,0,220.942497253
4,"map(alloc: a)",1,64,304,1,0,5042,0,5690.097808838
4,"map(alloc: a)",1,64,304,1,1,758,0,1023.650169373
4,"map(alloc: a)",1,64,304,1,1,3,0,203.657150269
4,"map(alloc: a)",1,64,304,1,1,3140,0,3611.147403717
4,"map(alloc: a)",1,64,304,1,1,1955,0,2341.854572296
4,"map(alloc: a)",1,64,304,1,1,44,0,250.101089478
4,"map(alloc: a)",1,64,304,1,1,17,0,220.942497253
4,"map(alloc: a)",1,64,304,1,1,294,0,524.151325226
4,"map(alloc: a)",1,64,304,1,1,28,0,231.945514679
4,"map(alloc: a)",1,64,304,1,1,114,0,331.401824951
4,"map(alloc: a)",1,64,304,1,1,2,0,202.453136444
4,"map(alloc: a)",1,64,304,1,1,7,0,208.449363708
4,"map(alloc: a)",1,64,304,1,1,183,0,404.751300812
4,"map(alloc: a)",1,64,304,1,1,8096,0,8966.493606567
4,"map(alloc: a)",1,64,304,1,1,11,0,213.348865509
4,"map(alloc: a)",1,64,304,1,1,1,0,202.393531799
4,"map(alloc: a)",1,64,304,1,1,1218,0,1527.357101440
4,"map(alloc: a)",1,64,304,1,1,472,0,715.053081512
4,"map(alloc: a)",1,64,304,1,1,71,0,283.193588257
4,"map(alloc: a)",1,64,304,1,1,5042,0,5663.955211639
4,"map(alloc: a)",1,64,304,1,1,4,0,206.148624420
4,"map(alloc: a)",1,64,304,1,2,2,0,202.500820160
4,"map(alloc: a)",1,64,304,1,2,71,0,283.205509186
4,"map(alloc: a)",1,64,304,1,2,17,0,221.097469330
4,"map(alloc: a)",1,64,304,1,2,472,0,728.201866150
4,"map(alloc: a)",1,64,304,1,2,5042,0,5656.707286835
4,"map(alloc: a)",1,64,304,1,2,28,0,232.303142548
4,"map(alloc: a)",1,64,304,1,2,44,0,250.244140625
4,"map(alloc: a)",1,64,304,1,2,1218,0,1526.904106140
4,"map(alloc: a)",1,64,304,1,2,4,0,206.005573273
4,"map(alloc: a)",1,64,304,1,2,1955,0,2336.454391479
4,"map(alloc: a)",1,64,304,1,2,183,0,404.298305511
4,"map(alloc: a)",1,64,304,1,2,7,0,208.544731140
4,"map(alloc: a)",1,64,304,1,2,758,0,1024.854183197
4,"map(alloc: a)",1,64,304,1,2,1,0,202.393531799
4,"map(alloc: a)",1,64,304,1,2,3140,0,3608.703613281
4,"map(alloc: a)",1,64,304,1,2,8096,0,9014.701843262
4,"map(alloc: a)",1,64,304,1,2,3,0,203.943252563
4,"map(alloc: a)",1,64,304,1,2,114,0,329.899787903
4,"map(alloc: a)",1,64,304,1,2,11,0,213.193893433
4,"map(alloc: a)",1,64,304,1,2,294,0,526.154041290
4,"map(alloc: a)",1,64,304,1,3,1,0,344.860553741
4,"map(alloc: a)",1,64,304,1,3,17,0,220.942497253
4,"map(alloc: a)",1,64,304,1,3,294,0,524.461269379
4,"map(alloc: a)",1,64,304,1,3,5042,0,5689.454078674
4,"map(alloc: a)",1,64,304,1,3,114,0,329.303741455
4,"map(alloc: a)",1,64,304,1,3,28,0,231.945514679
4,"map(alloc: a)",1,64,304,1,3,1218,0,1522.600650787
4,"map(alloc: a)",1,64,304,1,3,2,0,202.250480652
4,"map(alloc: a)",1,64,304,1,3,3,0,203.990936279
4,"map(alloc: a)",1,64,304,1,3,4,0,206.005573273
4,"map(alloc: a)",1,64,304,1,3,758,0,1026.546955109
4,"map(alloc: a)",1,64,304,1,3,11,0,213.301181793
4,"map(alloc: a)",1,64,304,1,3,44,0,250.005722046
4,"map(alloc: a)",1,64,304,1,3,472,0,718.045234680
4,"map(alloc: a)",1,64,304,1,3,7,0,208.497047424
4,"map(alloc: a)",1,64,304,1,3,1955,0,2341.496944427
4,"map(alloc: a)",1,64,304,1,3,71,0,282.347202301
4,"map(alloc: a)",1,64,304,1,3,183,0,404.596328735
4,"map(alloc: a)",1,64,304,1,3,8096,0,8965.599536896
4,"map(alloc: a)",1,64,304,1,3,3140,0,3630.852699280
4,"map(alloc: a)",1,64,304,1,4,472,0,716.245174408
4,"map(alloc: a)",1,64,304,1,4,71,0,283.157825470
4,"map(alloc: a)",1,64,304,1,4,1,0,202.453136444
4,"map(alloc: a)",1,64,304,1,4,11,0,213.050842285
4,"map(alloc: a)",1,64,304,1,4,4,0,205.945968628
4,"map(alloc: a)",1,64,304,1,4,3140,0,3622.996807098
4,"map(alloc: a)",1,64,304,1,4,28,0,232.148170471
4,"map(alloc: a)",1,64,304,1,4,1218,0,1526.892185211
4,"map(alloc: a)",1,64,304,1,4,2,0,202.500820160
4,"map(alloc: a)",1,64,304,1,4,183,0,404.596328735
4,"map(alloc: a)",1,64,304,1,4,5042,0,5664.145946503
4,"map(alloc: a)",1,64,304,1,4,114,0,336.647033691
4,"map(alloc: a)",1,64,304,1,4,3,0,211.751461029
4,"map(alloc: a)",1,64,304,1,4,44,0,254.845619202
4,"map(alloc: a)",1,64,304,1,4,758,0,1026.248931885
4,"map(alloc: a)",1,64,304,1,4,8096,0,9013.807773590
4,"map(alloc: a)",1,64,304,1,4,1955,0,2326.154708862
4,"map(alloc: a)",1,64,304,1,4,294,0,525.748729706
4,"map(alloc: a)",1,64,304,1,4,7,0,208.604335785
4,"map(alloc: a)",1,64,304,1,4,17,0,220.894813538
4,"map(alloc: a)",4,64,304,0,0,7,0,210.356712341
4,"map(alloc: a)",4,64,304,0,0,114,0,329.852104187
4,"map(alloc: a)",4,64,304,0,0,3,0,203.847885132
4,"map(alloc: a)",4,64,304,0,0,17,0,221.145153046
4,"map(alloc: a)",4,64,304,0,0,1,0,202.488899231
4,"map(alloc: a)",4,64,304,0,0,44,0,250.554084778
4,"map(alloc: a)",4,64,304,0,0,294,0,524.246692657
4,"map(alloc: a)",4,64,304,0,0,3140,0,3630.101680756
4,"map(alloc: a)",4,64,304,0,0,4,0,206.100940704
4,"map(alloc: a)",4,64,304,0,0,1955,0,2338.397502899
4,"map(alloc: a)",4,64,304,0,0,183,0,403.952598572
4,"map(alloc: a)",4,64,304,0,0,8096,0,9017.956256866
4,"map(alloc: a)",4,64,304,0,0,758,0,1024.401187897
4,"map(alloc: a)",4,64,304,0,0,71,0,283.300876617
4,"map(alloc: a)",4,64,304,0,0,2,0,202.441215515
4,"map(alloc: a)",4,64,304,0,0,11,0,213.301181793
4,"map(alloc: a)",4,64,304,0,0,28,0,231.754779816
4,"map(alloc: a)",4,64,304,0,0,5042,0,5682.158470154
4,"map(alloc: a)",4,64,304,0,0,1218,0,1522.302627563
4,"map(alloc: a)",4,64,304,0,0,472,0,718.557834625
4,"map(alloc: a)",4,64,304,0,1,4,0,206.291675568
4,"map(alloc: a)",4,64,304,0,1,1,0,202.596187592
4,"map(alloc: a)",4,64,304,0,1,17,0,220.847129822
4,"map(alloc: a)",4,64,304,0,1,28,0,231.850147247
4,"map(alloc: a)",4,64,304,0,1,11,0,213.551521301
4,"map(alloc: a)",4,64,304,0,1,3140,0,3624.999523163
4,"map(alloc: a)",4,64,304,0,1,2,0,202.453136444
4,"map(alloc: a)",4,64,304,0,1,758,0,1029.801368713
4,"map(alloc: a)",4,64,304,0,1,1218,0,1519.358158112
4,"map(alloc: a)",4,64,304,0,1,44,0,250.506401062
4,"map(alloc: a)",4,64,304,0,1,71,0,282.907485962
4,"map(alloc: a)",4,64,304,0,1,114,0,330.197811127
4,"map(alloc: a)",4,64,304,0,1,294,0,523.555278778
4,"map(alloc: a)",4,64,304,0,1,7,0,208.699703217
4,"map(alloc: a)",4,64,304,0,1,183,0,404.500961304
4,"map(alloc: a)",4,64,304,0,1,8096,0,8998.298645020
4,"map(alloc: a)",4,64,304,0,1,472,0,716.495513916
4,"map(alloc: a)",4,64,304,0,1,1955,0,2337.157726288
4,"map(alloc: a)",4,64,304,0,1,3,0,209.403038025
4,"map(alloc: a)",4,64,304,0,1,5042,0,5687.654018402
4,"map(alloc: a)",4,64,304,0,2,3,0,204.145908356
4,"map(alloc: a)",4,64,304,0,2,44,0,250.339508057
4,"map(alloc: a)",4,64,304,0,2,1,0,202.405452728
4,"map(alloc: a)",4,64,304,0,2,183,0,405.204296112
4,"map(alloc: a)",4,64,304,0,2,294,0,523.805618286
4,"map(alloc: a)",4,64,304,0,2,5042,0,5688.905715942
4,"map(alloc: a)",4,64,304,0,2,7,0,208.449363708
4,"map(alloc: a)",4,64,304,0,2,8096,0,9017.002582550
4,"map(alloc: a)",4,64,304,0,2,2,0,202.798843384
4,"map(alloc: a)",4,64,304,0,2,114,0,330.054759979
4,"map(alloc: a)",4,64,304,0,2,71,0,282.502174377
4,"map(alloc: a)",4,64,304,0,2,1955,0,2337.253093719
4,"map(alloc: a)",4,64,304,0,2,17,0,221.455097198
4,"map(alloc: a)",4,64,304,0,2,472,0,718.200206757
4,"map(alloc: a)",4,64,304,0,2,11,0,213.396549225
4,"map(alloc: a)",4,64,304,0,2,1218,0,1526.904106140
4,"map(alloc: a)",4,64,304,0,2,4,0,206.255912781
4,"map(alloc: a)",4,64,304,0,2,3140,0,3622.496128082
4,"map(alloc: a)",4,64,304,0,2,758,0,1026.546955109
4,"map(alloc: a)",4,64,304,0,2,28,0,232.100486755
4,"map(alloc: a)",4,64,304,0,3,11,0,213.348865509
4,"map(alloc: a)",4,64,304,0,3,4,0,205.910205841
4,"map(alloc: a)",4,64,304,0,3,5042,0,5665.349960327
4,"map(alloc: a)",4,64,304,0,3,183,0,405.049324036
4,"map(alloc: a)",4,64,304,0,3,17,0,220.954418182
4,"map(alloc: a)",4,64,304,0,3,3,0,203.847885132
4,"map(alloc: a)",4,64,304,0,3,28,0,231.754779816
4,"map(alloc: a)",4,64,304,0,3,1218,0,1528.608798981
4,"map(alloc: a)",4,64,304,0,3,114,0,329.649448395
4,"map(alloc: a)",4,64,304,0,3,758,0,1026.952266693
4,"map(alloc: a)",4,64,304,0,3,1955,0,2331.101894379
4,"map(alloc: a)",4,64,304,0,3,472,0,718.045234680
4,"map(alloc: a)",4,64,304,0,3,7,0,208.556652069
4,"map(alloc: a)",4,64,304,0,3,44,0,250.494480133
4,"map(alloc: a)",4,64,304,0,3,3140,0,3615.546226501
4,"map(alloc: a)",4,64,304,0,3,8096,0,9004.592895508
4,"map(alloc: a)",4,64,304,0,3,71,0,283.253192902
4,"map(alloc: a)",4,64,304,0,3,1,0,202.596187592
4,"map(alloc: a)",4,64,304,0,3,2,0,202.548503876
4,"map(alloc: a)",4,64,304,0,3,294,0,525.999069214
4,"map(alloc: a)",4,64,304,0,4,3,0,203.752517700
4,"map(alloc: a)",4,64,304,0,4,8096,0,8999.252319336
4,"map(alloc: a)",4,64,304,0,4,1,0,202.643871307
4,"map(alloc: a)",4,64,304,0,4,28,0,232.255458832
4,"map(alloc: a)",4,64,304,0,4,17,0,221.145153046
4,"map(alloc: a)",4,64,304,0,4,5042,0,5693.793296814
4,"map(alloc: a)",4,64,304,0,4,7,0,208.747386932
4,"map(alloc: a)",4,64,304,0,4,114,0,329.959392548
4,"map(alloc: a)",4,64,304,0,4,44,0,250.291824341
4,"map(alloc: a)",4,64,304,0,4,2,0,202.548503876
4,"map(alloc: a)",4,64,304,0,4,294,0,524.652004242
4,"map(alloc: a)",4,64,304,0,4,758,0,1028.990745544
4,"map(alloc: a)",4,64,304,0,4,183,0,403.845310211
4,"map(alloc: a)",4,64,304,0,4,4,0,205.898284912
4,"map(alloc: a)",4,64,304,0,4,1218,0,1524.245738983
4,"map(alloc: a)",4,64,304,0,4,71,0,283.300876617
4,"map(alloc: a)",4,64,304,0,4,1955,0,2322.840690613
4,"map(alloc: a)",4,64,304,0,4,11,0,213.599205017
4,"map(alloc: a)",4,64,304,0,4,472,0,716.352462769
4,"map(alloc: a)",4,64,304,0,4,3140,0,3636.944293976
4,"map(alloc: a)",4,64,304,1,0,2,0,203.001499176
4,"map(alloc: a)",4,64,304,1,0,4,0,206.196308136
4,"map(alloc: a)",4,64,304,1,0,472,0,716.650485992
4,"map(alloc: a)",4,64,304,1,0,3140,0,3632.950782776
4,"map(alloc: a)",4,64,304,1,0,183,0,404.095649719
4,"map(alloc: a)",4,64,304,1,0,28,0,232.052803040
4,"map(alloc: a)",4,64,304,1,0,71,0,283.145904541
4,"map(alloc: a)",4,64,304,1,0,1218,0,1527.500152588
4,"map(alloc: a)",4,64,304,1,0,294,0,525.295734406
4,"map(alloc: a)",4,64,304,1,0,1,0,212.860107422
4,"map(alloc: a)",4,64,304,1,0,7,0,214.552879333
4,"map(alloc: a)",4,64,304,1,0,1955,0,2340.745925903
4,"map(alloc: a)",4,64,304,1,0,758,0,1025.795936584
4,"map(alloc: a)",4,64,304,1,0,114,0,330.495834351
4,"map(alloc: a)",4,64,304,1,0,11,0,213.348865509
4,"map(alloc: a)",4,64,304,1,0,3,0,203.800201416
4,"map(alloc: a)",4,64,304,1,0,8096,0,8954.000473022
4,"map(alloc: a)",4,64,304,1,0,44,0,250.601768494
4,"map(alloc: a)",4,64,304,1,0,17,0,221.097469330
4,"map(alloc: a)",4,64,304,1,0,5042,0,5699.348449707
4,"map(alloc: a)",4,64,304,1,1,758,0,1024.305820465
4,"map(alloc: a)",4,64,304,1,1,3,0,203.907489777
4,"map(alloc: a)",4,64,304,1,1,3140,0,3613.710403442
4,"map(alloc: a)",4,64,304,1,1,1955,0,2336.549758911
4,"map(alloc: a)",4,64,304,1,1,44,0,250.351428986
4,"map(alloc: a)",4,64,304,1,1,17,0,221.049785614
4,"map(alloc: a)",4,64,304,1,1,294,0,524.652004242
4,"map(alloc: a)",4,64,304,1,1,28,0,232.100486755
4,"map(alloc: a)",4,64,304,1,1,114,0,333.249568939
4,"map(alloc: a)",4,64,304,1,1,2,0,202.596187592
4,"map(alloc: a)",4,64,304,1,1,7,0,208.604335785
4,"map(alloc: a)",4,64,304,1,1,183,0,405.049324036
4,"map(alloc: a)",4,64,304,1,1,8096,0,8950.400352478
4,"map(alloc: a)",4,64,304,1,1,11,0,213.396549225
4,"map(alloc: a)",4,64,304,1,1,1,0,202.500820160
4,"map(alloc: a)",4,64,304,1,1,1218,0,1528.251171112
4,"map(alloc: a)",4,64,304,1,1,472,0,715.208053589
4,"map(alloc: a)",4,64,304,1,1,71,0,282.990932465
4,"map(alloc: a)",4,64,304,1,1,5042,0,5667.603015900
4,"map(alloc: a)",4,64,304,1,1,4,0,206.148624420
4,"map(alloc: a)",4,64,304,1,2,2,0,202.655792236
4,"map(alloc: a)",4,64,304,1,2,71,0,283.050537109
4,"map(alloc: a)",4,64,304,1,2,17,0,221.407413483
4,"map(alloc: a)",4,64,304,1,2,472,0,718.200206757
4,"map(alloc: a)",4,64,304,1,2,5042,0,5661.201477051
4,"map(alloc: a)",4,64,304,1,2,28,0,232.052803040
4,"map(alloc: a)",4,64,304,1,2,44,0,250.601768494
4,"map(alloc: a)",4,64,304,1,2,1218,0,1527.690887451
4,"map(alloc: a)",4,64,304,1,2,4,0,206.255912781
4,"map(alloc: a)",4,64,304,1,2,1955,0,2337.539196014
4,"map(alloc: a)",4,64,304,1,2,183,0,404.155254364
4,"map(alloc: a)",4,64,304,1,2,7,0,208.795070648
4,"map(alloc: a)",4,64,304,1,2,758,0,1023.495197296
4,"map(alloc: a)",4,64,304,1,2,1,0,202.894210815
4,"map(alloc: a)",4,64,304,1,2,3140,0,3610.897064209
4,"map(alloc: a)",4,64,304,1,2,8096,0,9021.246433258
4,"map(alloc: a)",4,64,304,1,2,3,0,204.002857208
4,"map(alloc: a)",4,64,304,1,2,114,0,329.899787903
4,"map(alloc: a)",4,64,304,1,2,11,0,213.146209717
4,"map(alloc: a)",4,64,304,1,2,294,0,525.200366974
4,"map(alloc: a)",4,64,304,1,3,1,0,202.596187592
4,"map(alloc: a)",4,64,304,1,3,17,0,221.097469330
4,"map(alloc: a)",4,64,304,1,3,294,0,533.902645111
4,"map(alloc: a)",4,64,304,1,3,5042,0,5692.708492279
4,"map(alloc: a)",4,64,304,1,3,114,0,329.709053040
4,"map(alloc: a)",4,64,304,1,3,28,0,232.195854187
4,"map(alloc: a)",4,64,304,1,3,1218,0,1523.590087891
4,"map(alloc: a)",4,64,304,1,3,2,0,202.596187592
4,"map(alloc: a)",4,64,304,1,3,3,0,203.847885132
4,"map(alloc: a)",4,64,304,1,3,4,0,205.945968628
4,"map(alloc: a)",4,64,304,1,3,758,0,1024.842262268
4,"map(alloc: a)",4,64,304,1,3,11,0,213.444232941
4,"map(alloc: a)",4,64,304,1,3,44,0,250.148773193
4,"map(alloc: a)",4,64,304,1,3,472,0,718.295574188
4,"map(alloc: a)",4,64,304,1,3,7,0,208.806991577
4,"map(alloc: a)",4,64,304,1,3,1955,0,2342.593669891
4,"map(alloc: a)",4,64,304,1,3,71,0,283.050537109
4,"map(alloc: a)",4,64,304,1,3,183,0,404.810905457
4,"map(alloc: a)",4,64,304,1,3,8096,0,8972.203731537
4,"map(alloc: a)",4,64,304,1,3,3140,0,3625.154495239
4,"map(alloc: a)",4,64,304,1,4,472,0,716.257095337
4,"map(alloc: a)",4,64,304,1,4,71,0,282.955169678
4,"map(alloc: a)",4,64,304,1,4,1,0,202.548503876
4,"map(alloc: a)",4,64,304,1,4,11,0,213.301181793
4,"map(alloc: a)",4,64,304,1,4,4,0,206.100940704
4,"map(alloc: a)",4,64,304,1,4,3140,0,3622.651100159
4,"map(alloc: a)",4,64,304,1,4,28,0,231.695175171
4,"map(alloc: a)",4,64,304,1,4,1218,0,1527.547836304
4,"map(alloc: a)",4,64,304,1,4,2,0,202.548503876
4,"map(alloc: a)",4,64,304,1,4,183,0,404.846668243
4,"map(alloc: a)",4,64,304,1,4,5042,0,5667.352676392
4,"map(alloc: a)",4,64,304,1,4,114,0,330.400466919
4,"map(alloc: a)",4,64,304,1,4,3,0,204.050540924
4,"map(alloc: a)",4,64,304,1,4,44,0,250.554084778
4,"map(alloc: a)",4,64,304,1,4,758,0,1025.807857513
4,"map(alloc: a)",4,64,304,1,4,8096,0,8998.298645020
4,"map(alloc: a)",4,64,304,1,4,1955,0,2327.704429626
4,"map(alloc: a)",4,64,304,1,4,294,0,524.997711182
4,"map(alloc: a)",4,64,304,1,4,7,0,208.544731140
4,"map(alloc: a)",4,64,304,1,4,17,0,221.097469330
4,"map(alloc: a)",16,64,304,0,0,7,0,212.299823761
4,"map(alloc: a)",16,64,304,0,0,114,0,330.245494843
4,"map(alloc: a)",16,64,304,0,0,3,0,204.098224640
4,"map(alloc: a)",16,64,304,0,0,17,0,220.894813538
4,"map(alloc: a)",16,64,304,0,0,1,0,202.298164368
4,"map(alloc: a)",16,64,304,0,0,44,0,250.196456909
4,"map(alloc: a)",16,64,304,0,0,294,0,524.044036865
4,"map(alloc: a)",16,64,304,0,0,3140,0,3630.745410919
4,"map(alloc: a)",16,64,304,0,0,4,0,205.945968628
4,"map(alloc: a)",16,64,304,0,0,1955,0,2337.944507599
4,"map(alloc: a)",16,64,304,0,0,183,0,404.500961304
4,"map(alloc: a)",16,64,304,0,0,8096,0,9005.951881409
4,"map(alloc: a)",16,64,304,0,0,758,0,1025.307178497
4,"map(alloc: a)",16,64,304,0,0,71,0,283.205509186
4,"map(alloc: a)",16,64,304,0,0,2,0,202.846527100
4,"map(alloc: a)",16,64,304,0,0,11,0,213.456153870
4,"map(alloc: a)",16,64,304,0,0,28,0,231.945514679
4,"map(alloc: a)",16,64,304,0,0,5042,0,5686.450004578
4,"map(alloc: a)",16,64,304,0,0,1218,0,1523.756980896
4,"map(alloc: a)",16,64,304,0,0,472,0,719.499588013
4,"map(alloc: a)",16,64,304,0,1,4,0,206.005573273
4,"map(alloc: a)",16,64,304,0,1,1,0,202.751159668
4,"map(alloc: a)",16,64,304,0,1,17,0,221.145153046
4,"map(alloc: a)",16,64,304,0,1,28,0,231.945514679
4,"map(alloc: a)",16,64,304,0,1,11,0,213.444232941
4,"map(alloc: a)",16,64,304,0,1,3140,0,3627.800941467
4,"map(alloc: a)",16,64,304,0,1,2,0,202.798843384
4,"map(alloc: a)",16,64,304,0,1,758,0,1030.647754669
4,"map(alloc: a)",16,64,304,0,1,1218,0,1520.407199860
4,"map(alloc: a)",16,64,304,0,1,44,0,250.148773193
4,"map(alloc: a)",16,64,304,0,1,71,0,282.847881317
4,"map(alloc: a)",16,64,304,0,1,114,0,329.947471619
4,"map(alloc: a)",16,64,304,0,1,294,0,524.044036865
4,"map(alloc: a)",16,64,304,0,1,7,0,208.449363708
4,"map(alloc: a)",16,64,304,0,1,183,0,404.191017151
4,"map(alloc: a)",16,64,304,0,1,8096,0,9006.297588348
4,"map(alloc: a)",16,64,304,0,1,472,0,716.900825500
4,"map(alloc: a)",16,64,304,0,1,1955,0,2335.846424103
4,"map(alloc: a)",16,64,304,0,1,3,0,203.704833984
4,"map(alloc: a)",16,64,304,0,1,5042,0,5695.748329163
4,"map(alloc: a)",16,64,304,0,2,3,0,203.800201416
4,"map(alloc: a)",16,64,304,0,2,44,0,250.244140625
4,"map(alloc: a)",16,64,304,0,2,1,0,202.453136444
4,"map(alloc: a)",16,64,304,0,2,183,0,405.001640320
4,"map(alloc: a)",16,64,304,0,2,294,0,523.793697357
4,"map(alloc: a)",16,64,304,0,2,5042,0,5689.799785614
4,"map(alloc: a)",16,64,304,0,2,7,0,208.556652069
4,"map(alloc: a)",16,64,304,0,2,8096,0,8997.046947479
4,"map(alloc: a)",16,64,304,0,2,2,0,202.345848083
4,"map(alloc: a)",16,64,304,0,2,114,0,329.840183258
4,"map(alloc: a)",16,64,304,0,2,71,0,283.050537109
4,"map(alloc: a)",16,64,304,0,2,1955,0,2338.552474976
4,"map(alloc: a)",16,64,304,0,2,17,0,221.347808838
4,"map(alloc: a)",16,64,304,0,2,472,0,725.638866425
4,"map(alloc: a)",16,64,304,0,2,11,0,216.853618622
4,"map(alloc: a)",16,64,304,0,2,1218,0,1527.297496796
4,"map(alloc: a)",16,64,304,0,2,4,0,206.005573273
4,"map(alloc: a)",16,64,304,0,2,3140,0,3625.297546387
4,"map(alloc: a)",16,64,304,0,2,758,0,1025.497913361
4,"map(alloc: a)",16,64,304,0,2,28,0,231.945514679
4,"map(alloc: a)",16,64,304,0,3,11,0,213.098526001
4,"map(alloc: a)",16,64,304,0,3,4,0,205.790996552
4,"map(alloc: a)",16,64,304,0,3,5042,0,5670.440196991
4,"map(alloc: a)",16,64,304,0,3,183,0,405.251979828
4,"map(alloc: a)",16,64,304,0,3,17,0,220.751762390
4,"map(alloc: a)",16,64,304,0,3,3,0,203.752517700
4,"map(alloc: a)",16,64,304,0,3,28,0,231.945514679
4,"map(alloc: a)",16,64,304,0,3,1218,0,1527.249813080
4,"map(alloc: a)",16,64,304,0,3,114,0,329.196453094
4,"map(alloc: a)",16,64,304,0,3,758,0,1027.345657349
4,"map(alloc: a)",16,64,304,0,3,1955,0,2332.258224487
4,"map(alloc: a)",16,64,304,0,3,472,0,718.593597412
4,"map(alloc: a)",16,64,304,0,3,7,0,208.497047424
4,"map(alloc: a)",16,64,304,0,3,44,0,250.446796417
4,"map(alloc: a)",16,64,304,0,3,3140,0,3609.657287598
4,"map(alloc: a)",16,64,304,0,3,8096,0,9015.142917633
4,"map(alloc: a)",16,64,304,0,3,71,0,282.657146454
4,"map(alloc: a)",16,64,304,0,3,1,0,202.298164368
4,"map(alloc: a)",16,64,304,0,3,2,0,202.560424805
4,"map(alloc: a)",16,64,304,0,3,294,0,526.058673859
4,"map(alloc: a)",16,64,304,0,4,3,0,203.847885132
4,"map(alloc: a)",16,64,304,0,4,8096,0,9008.407592773
4,"map(alloc: a)",16,64,304,0,4,1,0,202.357769012
4,"map(alloc: a)",16,64,304,0,4,28,0,231.695175171
4,"map(alloc: a)",16,64,304,0,4,17,0,221.049785614
4,"map(alloc: a)",16,64,304,0,4,5042,0,5682.539939880
4,"map(alloc: a)",16,64,304,0,4,7,0,208.699703217
4,"map(alloc: a)",16,64,304,0,4,114,0,329.947471619
4,"map(alloc: a)",16,64,304,0,4,44,0,250.101089478
4,"map(alloc: a)",16,64,304,0,4,2,0,202.500820160
4,"map(alloc: a)",16,64,304,0,4,294,0,524.508953094
4,"map(alloc: a)",16,64,304,0,4,758,0,1029.098033905
4,"map(alloc: a)",16,64,304,0,4,183,0,403.499603271
4,"map(alloc: a)",16,64,304,0,4,4,0,205.898284912
4,"map(alloc: a)",16,64,304,0,4,1218,0,1521.110534668
4,"map(alloc: a)",16,64,304,0,4,71,0,283.002853394
4,"map(alloc: a)",16,64,304,0,4,1955,0,2322.804927826
4,"map(alloc: a)",16,64,304,0,4,11,0,213.301181793
4,"map(alloc: a)",16,64,304,0,4,472,0,716.447830200
4,"map(alloc: a)",16,64,304,0,4,3140,0,3630.602359772
4,"map(alloc: a)",16,64,304,1,0,2,0,202.345848083
4,"map(alloc: a)",16,64,304,1,0,4,0,206.100940704
4,"map(alloc: a)",16,64,304,1,0,472,0,716.996192932
4,"map(alloc: a)",16,64,304,1,0,3140,0,3622.591495514
4,"map(alloc: a)",16,64,304,1,0,183,0,403.845310211
4,"map(alloc: a)",16,64,304,1,0,28,0,231.802463531
4,"map(alloc: a)",16,64,304,1,0,71,0,282.657146454
4,"map(alloc: a)",16,64,304,1,0,1218,0,1526.749134064
4,"map(alloc: a)",16,64,304,1,0,294,0,524.044036865
4,"map(alloc: a)",16,64,304,1,0,1,0,202.691555023
4,"map(alloc: a)",16,64,304,1,0,7,0,208.497047424
4,"map(alloc: a)",16,64,304,1,0,1955,0,2343.201637268
4,"map(alloc: a)",16,64,304,1,0,758,0,1024.556159973
4,"map(alloc: a)",16,64,304,1,0,114,0,330.448150635
4,"map(alloc: a)",16,64,304,1,0,11,0,213.396549225
4,"map(alloc: a)",16,64,304,1,0,3,0,203.692913055
4,"map(alloc: a)",16,64,304,1,0,8096,0,8953.797817230
4,"map(alloc: a)",16,64,304,1,0,44,0,250.697135925
4,"map(alloc: a)",16,64,304,1,0,17,0,221.455097198
4,"map(alloc: a)",16,64,304,1,0,5042,0,5683.052539825
4,"map(alloc: a)",16,64,304,1,1,758,0,1024.103164673
4,"map(alloc: a)",16,64,304,1,1,3,0,203.657150269
4,"map(alloc: a)",16,64,304,1,1,3140,0,3614.151477814
4,"map(alloc: a)",16,64,304,1,1,1955,0,2338.349819183
4,"map(alloc: a)",16,64,304,1,1,44,0,250.399112701
4,"map(alloc: a)",16,64,304,1,1,17,0,221.252441406
4,"map(alloc: a)",16,64,304,1,1,294,0,524.902343750
4,"map(alloc: a)",16,64,304,1,1,28,0,231.850147247
4,"map(alloc: a)",16,64,304,1,1,114,0,329.148769379
4,"map(alloc: a)",16,64,304,1,1,2,0,202.500820160
4,"map(alloc: a)",16,64,304,1,1,7,0,208.950042725
4,"map(alloc: a)",16,64,304,1,1,183,0,405.204296112
4,"map(alloc: a)",16,64,304,1,1,8096,0,8952.200412750
4,"map(alloc: a)",16,64,304,1,1,11,0,213.241577148
4,"map(alloc: a)",16,64,304,1,1,1,0,202.500820160
4,"map(alloc: a)",16,64,304,1,1,1218,0,1529.407501221
4,"map(alloc: a)",16,64,304,1,1,472,0,715.851783752
4,"map(alloc: a)",16,64,304,1,1,71,0,282.800197601
4,"map(alloc: a)",16,64,304,1,1,5042,0,5669.248104095
4,"map(alloc: a)",16,64,304,1,1,4,0,205.945968628
4,"map(alloc: a)",16,64,304,1,2,2,0,202.393531799
4,"map(alloc: a)",16,64,304,1,2,71,0,283.205509186
4,"map(alloc: a)",16,64,304,1,2,17,0,221.157073975
4,"map(alloc: a)",16,64,304,1,2,472,0,718.605518341
4,"map(alloc: a)",16,64,304,1,2,5042,0,5663.239955902
4,"map(alloc: a)",16,64,304,1,2,28,0,231.897830963
4,"map(alloc: a)",16,64,304,1,2,44,0,250.244140625
4,"map(alloc: a)",16,64,304,1,2,1218,0,1527.452468872
4,"map(alloc: a)",16,64,304,1,2,4,0,206.053256989
4,"map(alloc: a)",16,64,304,1,2,1955,0,2336.502075195
4,"map(alloc: a)",16,64,304,1,2,183,0,404.000282288
4,"map(alloc: a)",16,64,304,1,2,7,0,208.401679993
4,"map(alloc: a)",16,64,304,1,2,758,0,1024.091243744
4,"map(alloc: a)",16,64,304,1,2,1,0,202.345848083
4,"map(alloc: a)",16,64,304,1,2,3140,0,3612.458705902
4,"map(alloc: a)",16,64,304,1,2,8096,0,9003.293514252
4,"map(alloc: a)",16,64,304,1,2,3,0,204.002857208
4,"map(alloc: a)",16,64,304,1,2,114,0,329.804420471
4,"map(alloc: a)",16,64,304,1,2,11,0,213.050842285
4,"map(alloc: a)",16,64,304,1,2,294,0,525.450706482
4,"map(alloc: a)",16,64,304,1,3,1,0,202.548503876
4,"map(alloc: a)",16,64,304,1,3,17,0,220.954418182
4,"map(alloc: a)",16,64,304,1,3,294,0,524.449348450
4,"map(alloc: a)",16,64,304,1,3,5042,0,5693.602561951
4,"map(alloc: a)",16,64,304,1,3,114,0,329.208374023
4,"map(alloc: a)",16,64,304,1,3,28,0,231.742858887
4,"map(alloc: a)",16,64,304,1,3,1218,0,1520.752906799
4,"map(alloc: a)",16,64,304,1,3,2,0,202.441215515
4,"map(alloc: a)",16,64,304,1,3,3,0,203.895568848
4,"map(alloc: a)",16,64,304,1,3,4,0,206.053256989
4,"map(alloc: a)",16,64,304,1,3,758,0,1025.104522705
4,"map(alloc: a)",16,64,304,1,3,11,0,213.146209717
4,"map(alloc: a)",16,64,304,1,3,44,0,250.303745270
4,"map(alloc: a)",16,64,304,1,3,472,0,717.604160309
4,"map(alloc: a)",16,64,304,1,3,7,0,208.592414856
4,"map(alloc: a)",16,64,304,1,3,1955,0,2336.144447327
4,"map(alloc: a)",16,64,304,1,3,71,0,282.597541809
4,"map(alloc: a)",16,64,304,1,3,183,0,404.703617096
4,"map(alloc: a)",16,64,304,1,3,8096,0,8976.256847382
4,"map(alloc: a)",16,64,304,1,3,3140,0,3633.093833923
4,"map(alloc: a)",16,64,304,1,4,472,0,716.602802277
4,"map(alloc: a)",16,64,304,1,4,71,0,283.038616180
4,"map(alloc: a)",16,64,304,1,4,1,0,202.250480652
4,"map(alloc: a)",16,64,304,1,4,11,0,213.158130646
4,"map(alloc: a)",16,64,304,1,4,4,0,206.100940704
4,"map(alloc: a)",16,64,304,1,4,3140,0,3626.501560211
4,"map(alloc: a)",16,64,304,1,4,28,0,231.802463531
4,"map(alloc: a)",16,64,304,1,4,1218,0,1529.157161713
4,"map(alloc: a)",16,64,304,1,4,2,0,202.250480652
4,"map(alloc: a)",16,64,304,1,4,183,0,404.655933380
4,"map(alloc: a)",16,64,304,1,4,5042,0,5670.940876007
4,"map(alloc: a)",16,64,304,1,4,114,0,329.744815826
4,"map(alloc: a)",16,64,304,1,4,3,0,203.788280487
4,"map(alloc: a)",16,64,304,1,4,44,0,250.148773193
4,"map(alloc: a)",16,64,304,1,4,758,0,1026.046276093
4,"map(alloc: a)",16,64,304,1,4,8096,0,9009.301662445
4,"map(alloc: a)",16,64,304,1,4,1955,0,2327.954769135
4,"map(alloc: a)",16,64,304,1,4,294,0,525.093078613
4,"map(alloc: a)",16,64,304,1,4,7,0,208.604335785
4,"map(alloc: a)",16,64,304,1,4,17,0,221.097469330
4,"map(alloc: a)",64,64,304,0,0,7,0,210.201740265
4,"map(alloc: a)",64,64,304,0,0,114,0,329.744815826
4,"map(alloc: a)",64,64,304,0,0,3,0,203.740596771
4,"map(alloc: a)",64,64,304,0,0,17,0,220.894813538
4,"map(alloc: a)",64,64,304,0,0,1,0,202.298164368
4,"map(alloc: a)",64,64,304,0,0,44,0,250.494480133
4,"map(alloc: a)",64,64,304,0,0,294,0,524.306297302
4,"map(alloc: a)",64,64,304,0,0,3140,0,3623.008728027
4,"map(alloc: a)",64,64,304,0,0,4,0,206.148624420
4,"map(alloc: a)",64,64,304,0,0,1955,0,2333.700656891
4,"map(alloc: a)",64,64,304,0,0,183,0,404.095649719
4,"map(alloc: a)",64,64,304,0,0,8096,0,9002.447128296
4,"map(alloc: a)",64,64,304,0,0,758,0,1030.945777893
4,"map(alloc: a)",64,64,304,0,0,71,0,286.102294922
4,"map(alloc: a)",64,64,304,0,0,2,0,203.955173492
4,"map(alloc: a)",64,64,304,0,0,11,0,213.801860809
4,"map(alloc: a)",64,64,304,0,0,28,0,231.599807739
4,"map(alloc: a)",64,64,304,0,0,5042,0,5685.007572174
4,"map(alloc: a)",64,64,304,0,0,1218,0,1520.454883575
4,"map(alloc: a)",64,64,304,0,0,472,0,718.700885773
4,"map(alloc: a)",64,64,304,0,1,4,0,207.555294037
4,"map(alloc: a)",64,64,304,0,1,1,0,214.302539825
4,"map(alloc: a)",64,64,304,0,1,17,0,227.546691895
4,"map(alloc: a)",64,64,304,0,1,28,0,235.652923584
4,"map(alloc: a)",64,64,304,0,1,11,0,215.148925781
4,"map(alloc: a)",64,64,304,0,1,3140,0,3620.898723602
4,"map(alloc: a)",64,64,304,0,1,2,0,202.453136444
4,"map(alloc: a)",64,64,304,0,1,758,0,1029.098033905
4,"map(alloc: a)",64,64,304,0,1,1218,0,1520.693302155
4,"map(alloc: a)",64,64,304,0,1,44,0,250.351428986
4,"map(alloc: a)",64,64,304,0,1,71,0,283.145904541
4,"map(alloc: a)",64,64,304,0,1,114,0,329.947471619
4,"map(alloc: a)",64,64,304,0,1,294,0,523.948669434
4,"map(alloc: a)",64,64,304,0,1,7,0,208.747386932
4,"map(alloc: a)",64,64,304,0,1,183,0,403.857231140
4,"map(alloc: a)",64,64,304,0,1,8096,0,9015.703201294
4,"map(alloc: a)",64,64,304,0,1,472,0,715.494155884
4,"map(alloc: a)",64,64,304,0,1,1955,0,2337.348461151
4,"map(alloc: a)",64,64,304,0,1,3,0,203.692913055
4,"map(alloc: a)",64,64,304,0,1,5042,0,5694.901943207
4,"map(alloc: a)",64,64,304,0,2,3,0,203.752517700
4,"map(alloc: a)",64,64,304,0,2,44,0,250.256061554
4,"map(alloc: a)",64,64,304,0,2,1,0,202.488899231
4,"map(alloc: a)",64,64,304,0,2,183,0,404.703617096
4,"map(alloc: a)",64,64,304,0,2,294,0,524.044036865
4,"map(alloc: a)",64,64,304,0,2,5042,0,5679.297447205
4,"map(alloc: a)",64,64,304,0,2,7,0,208.699703217
4,"map(alloc: a)",64,64,304,0,2,8096,0,9000.051021576
4,"map(alloc: a)",64,64,304,0,2,2,0,202.250480652
4,"map(alloc: a)",64,64,304,0,2,114,0,329.744815826
4,"map(alloc: a)",64,64,304,0,2,71,0,282.990932465
4,"map(alloc: a)",64,64,304,0,2,1955,0,2339.100837708
4,"map(alloc: a)",64,64,304,0,2,17,0,220.799446106
4,"map(alloc: a)",64,64,304,0,2,472,0,718.247890472
4,"map(alloc: a)",64,64,304,0,2,11,0,213.146209717
4,"map(alloc: a)",64,64,304,0,2,1218,0,1527.559757233
4,"map(alloc: a)",64,64,304,0,2,4,0,205.850601196
4,"map(alloc: a)",64,64,304,0,2,3140,0,3644.549846649
4,"map(alloc: a)",64,64,304,0,2,758,0,1025.390625000
4,"map(alloc: a)",64,64,304,0,2,28,0,231.850147247
4,"map(alloc: a)",64,64,304,0,3,11,0,212.943553925
4,"map(alloc: a)",64,64,304,0,3,4,0,205.802917480
4,"map(alloc: a)",64,64,304,0,3,5042,0,5672.693252563
4,"map(alloc: a)",64,64,304,0,3,183,0,404.596328735
4,"map(alloc: a)",64,64,304,0,3,17,0,220.942497253
4,"map(alloc: a)",64,64,304,0,3,3,0,203.800201416
4,"map(alloc: a)",64,64,304,0,3,28,0,232.005119324
4,"map(alloc: a)",64,64,304,0,3,1218,0,1532.959938049
4,"map(alloc: a)",64,64,304,0,3,114,0,330.507755280
4,"map(alloc: a)",64,64,304,0,3,758,0,1028.692722321
4,"map(alloc: a)",64,64,304,0,3,1955,0,2327.847480774
4,"map(alloc: a)",64,64,304,0,3,472,0,719.249248505
4,"map(alloc: a)",64,64,304,0,3,7,0,208.604335785
4,"map(alloc: a)",64,64,304,0,3,44,0,250.089168549
4,"map(alloc: a)",64,64,304,0,3,3140,0,3611.004352570
4,"map(alloc: a)",64,64,304,0,3,8096,0,9014.451503754
4,"map(alloc: a)",64,64,304,0,3,71,0,282.895565033
4,"map(alloc: a)",64,64,304,0,3,1,0,202.751159668
4,"map(alloc: a)",64,64,304,0,3,2,0,202.250480652
4,"map(alloc: a)",64,64,304,0,3,294,0,525.295734406
4,"map(alloc: a)",64,64,304,0,4,3,0,203.692913055
4,"map(alloc: a)",64,64,304,0,4,8096,0,8992.254734039
4,"map(alloc: a)",64,64,304,0,4,1,0,202.500820160
4,"map(alloc: a)",64,64,304,0,4,28,0,232.207775116
4,"map(alloc: a)",64,64,304,0,4,17,0,220.847129822
4,"map(alloc: a)",64,64,304,0,4,5042,0,5685.091018677
4,"map(alloc: a)",64,64,304,0,4,7,0,208.497047424
4,"map(alloc: a)",64,64,304,0,4,114,0,329.804420471
4,"map(alloc: a)",64,64,304,0,4,44,0,250.148773193
4,"map(alloc: a)",64,64,304,0,4,2,0,202.345848083
4,"map(alloc: a)",64,64,304,0,4,294,0,523.900985718
4,"map(alloc: a)",64,64,304,0,4,758,0,1029.753684998
4,"map(alloc: a)",64,64,304,0,4,183,0,403.606891632
4,"map(alloc: a)",64,64,304,0,4,4,0,205.945968628
4,"map(alloc: a)",64,64,304,0,4,1218,0,1521.897315979
4,"map(alloc: a)",64,64,304,0,4,71,0,282.847881317
4,"map(alloc: a)",64,64,304,0,4,1955,0,2326.250076294
4,"map(alloc: a)",64,64,304,0,4,11,0,213.050842285
4,"map(alloc: a)",64,64,304,0,4,472,0,716.948509216
4,"map(alloc: a)",64,64,304,0,4,3140,0,3627.705574036
4,"map(alloc: a)",64,64,304,1,0,2,0,202.250480652
4,"map(alloc: a)",64,64,304,1,0,4,0,205.910205841
4,"map(alloc: a)",64,64,304,1,0,472,0,717.353820801
4,"map(alloc: a)",64,64,304,1,0,3140,0,3624.951839447
4,"map(alloc: a)",64,64,304,1,0,183,0,403.892993927
4,"map(alloc: a)",64,64,304,1,0,28,0,231.707096100
4,"map(alloc: a)",64,64,304,1,0,71,0,282.597541809
4,"map(alloc: a)",64,64,304,1,0,1218,0,1528.596878052
4,"map(alloc: a)",64,64,304,1,0,294,0,523.757934570
4,"map(alloc: a)",64,64,304,1,0,1,0,202.345848083
4,"map(alloc: a)",64,64,304,1,0,7,0,208.449363708
4,"map(alloc: a)",64,64,304,1,0,1955,0,2340.102195740
4,"map(alloc: a)",64,64,304,1,0,758,0,1023.697853088
4,"map(alloc: a)",64,64,304,1,0,114,0,329.804420471
4,"map(alloc: a)",64,64,304,1,0,11,0,213.348865509
4,"map(alloc: a)",64,64,304,1,0,3,0,203.657150269
4,"map(alloc: a)",64,64,304,1,0,8096,0,8961.856365204
4,"map(alloc: a)",64,64,304,1,0,44,0,250.148773193
4,"map(alloc: a)",64,64,304,1,0,17,0,220.894813538
4,"map(alloc: a)",64,64,304,1,0,5042,0,5690.395832062
4,"map(alloc: a)",64,64,304,1,1,758,0,1024.806499481
4,"map(alloc: a)",64,64,304,1,1,3,0,203.645229340
4,"map(alloc: a)",64,64,304,1,1,3140,0,3617.453575134
4,"map(alloc: a)",64,64,304,1,1,1955,0,2338.743209839
4,"map(alloc: a)",64,64,304,1,1,44,0,250.041484833
4,"map(alloc: a)",64,64,304,1,1,17,0,220.739841461
4,"map(alloc: a)",64,64,304,1,1,294,0,524.008274078
4,"map(alloc: a)",64,64,304,1,1,28,0,231.754779816
4,"map(alloc: a)",64,64,304,1,1,114,0,328.946113586
4,"map(alloc: a)",64,64,304,1,1,2,0,202.500820160
4,"map(alloc: a)",64,64,304,1,1,7,0,208.258628845
4,"map(alloc: a)",64,64,304,1,1,183,0,405.097007751
4,"map(alloc: a)",64,64,304,1,1,8096,0,8957.302570343
4,"map(alloc: a)",64,64,304,1,1,11,0,213.599205017
4,"map(alloc: a)",64,64,304,1,1,1,0,202.250480652
4,"map(alloc: a)",64,64,304,1,1,1218,0,1525.509357452
4,"map(alloc: a)",64,64,304,1,1,472,0,715.899467468
4,"map(alloc: a)",64,64,304,1,1,71,0,283.253192902
4,"map(alloc: a)",64,64,304,1,1,5042,0,5673.456192017
4,"map(alloc: a)",64,64,304,1,1,4,0,205.993652344
4,"map(alloc: a)",64,64,304,1,2,2,0,202.751159668
4,"map(alloc: a)",64,64,304,1,2,71,0,283.157825470
4,"map(alloc: a)",64,64,304,1,2,17,0,221.049785614
4,"map(alloc: a)",64,64,304,1,2,472,0,718.343257904
4,"map(alloc: a)",64,64,304,1,2,5042,0,5653.703212738
4,"map(alloc: a)",64,64,304,1,2,28,0,231.897830963
4,"map(alloc: a)",64,64,304,1,2,44,0,250.089168549
4,"map(alloc: a)",64,64,304,1,2,1218,0,1528.251171112
4,"map(alloc: a)",64,64,304,1,2,4,0,206.148624420
4,"map(alloc: a)",64,64,304,1,2,1955,0,2338.945865631
4,"map(alloc: a)",64,64,304,1,2,183,0,404.143333435
4,"map(alloc: a)",64,64,304,1,2,7,0,208.592414856
4,"map(alloc: a)",64,64,304,1,2,758,0,1024.401187897
4,"map(alloc: a)",64,64,304,1,2,1,0,202.357769012
4,"map(alloc: a)",64,64,304,1,2,3140,0,3613.543510437
4,"map(alloc: a)",64,64,304,1,2,8096,0,9001.851081848
4,"map(alloc: a)",64,64,304,1,2,3,0,203.800201416
4,"map(alloc: a)",64,64,304,1,2,114,0,329.399108887
4,"map(alloc: a)",64,64,304,1,2,11,0,213.050842285
4,"map(alloc: a)",64,64,304,1,2,294,0,525.450706482
4,"map(alloc: a)",64,64,304,1,3,1,0,202.357769012
4,"map(alloc: a)",64,64,304,1,3,17,0,221.252441406
4,"map(alloc: a)",64,64,304,1,3,294,0,523.793697357
4,"map(alloc: a)",64,64,304,1,3,5042,0,5697.751045227
4,"map(alloc: a)",64,64,304,1,3,114,0,329.303741455
4,"map(alloc: a)",64,64,304,1,3,28,0,231.850147247
4,"map(alloc: a)",64,64,304,1,3,1218,0,1521.694660187
4,"map(alloc: a)",64,64,304,1,3,2,0,202.345848083
4,"map(alloc: a)",64,64,304,1,3,3,0,203.692913055
4,"map(alloc: a)",64,64,304,1,3,4,0,205.802917480
4,"map(alloc: a)",64,64,304,1,3,758,0,1025.903224945
4,"map(alloc: a)",64,64,304,1,3,11,0,213.193893433
4,"map(alloc: a)",64,64,304,1,3,44,0,250.101089478
4,"map(alloc: a)",64,64,304,1,3,472,0,717.854499817
4,"map(alloc: a)",64,64,304,1,3,7,0,208.652019501
4,"map(alloc: a)",64,64,304,1,3,1955,0,2338.242530823
4,"map(alloc: a)",64,64,304,1,3,71,0,282.597541809
4,"map(alloc: a)",64,64,304,1,3,183,0,404.596328735
4,"map(alloc: a)",64,64,304,1,3,8096,0,8960.008621216
4,"map(alloc: a)",64,64,304,1,3,3140,0,3628.504276276
4,"map(alloc: a)",64,64,304,1,4,472,0,715.446472168
4,"map(alloc: a)",64,64,304,1,4,71,0,283.050537109
4,"map(alloc: a)",64,64,304,1,4,1,0,202.405452728
4,"map(alloc: a)",64,64,304,1,4,11,0,213.348865509
4,"map(alloc: a)",64,64,304,1,4,4,0,206.005573273
4,"map(alloc: a)",64,64,304,1,4,3140,0,3630.506992340
4,"map(alloc: a)",64,64,304,1,4,28,0,231.945514679
4,"map(alloc: a)",64,64,304,1,4,1218,0,1526.749134064
4,"map(alloc: a)",64,64,304,1,4,2,0,202.453136444
4,"map(alloc: a)",64,64,304,1,4,183,0,404.250621796
4,"map(alloc: a)",64,64,304,1,4,5042,0,5675.244331360
4,"map(alloc: a)",64,64,304,1,4,114,0,329.852104187
4,"map(alloc: a)",64,64,304,1,4,3,0,203.847885132
4,"map(alloc: a)",64,64,304,1,4,44,0,250.196456909
4,"map(alloc: a)",64,64,304,1,4,758,0,1026.904582977
4,"map(alloc: a)",64,64,304,1,4,8096,0,9007.942676544
4,"map(alloc: a)",64,64,304,1,4,1955,0,2323.246002197
4,"map(alloc: a)",64,64,304,1,4,294,0,525.248050690
4,"map(alloc: a)",64,64,304,1,4,7,0,208.401679993
4,"map(alloc: a)",64,64,304,1,4,17,0,220.799446106
4,"map(alloc: a)",256,64,304,0,0,7,0,210.154056549
4,"map(alloc: a)",256,64,304,0,0,114,0,330.197811127
4,"map(alloc: a)",256,64,304,0,0,3,0,203.692913055
4,"map(alloc: a)",256,64,304,0,0,17,0,220.894813538
4,"map(alloc: a)",256,64,304,0,0,1,0,202.405452728
4,"map(alloc: a)",256,64,304,0,0,44,0,250.291824341
4,"map(alloc: a)",256,64,304,0,0,294,0,524.449348450
4,"map(alloc: a)",256,64,304,0,0,3140,0,3627.347946167
4,"map(alloc: a)",256,64,304,0,0,4,0,206.255912781
4,"map(alloc: a)",256,64,304,0,0,1955,0,2334.201335907
4,"map(alloc: a)",256,64,304,0,0,183,0,404.202938080
4,"map(alloc: a)",256,64,304,0,0,8096,0,9008.741378784
4,"map(alloc: a)",256,64,304,0,0,758,0,1024.246215820
4,"map(alloc: a)",256,64,304,0,0,71,0,283.455848694
4,"map(alloc: a)",256,64,304,0,0,2,0,202.548503876
4,"map(alloc: a)",256,64,304,0,0,11,0,213.503837585
4,"map(alloc: a)",256,64,304,0,0,28,0,231.754779816
4,"map(alloc: a)",256,64,304,0,0,5042,0,5690.598487854
4,"map(alloc: a)",256,64,304,0,0,1218,0,1521.599292755
4,"map(alloc: a)",256,64,304,0,0,472,0,719.940662384
4,"map(alloc: a)",256,64,304,0,1,4,0,206.100940704
4,"map(alloc: a)",256,64,304,0,1,1,0,202.596187592
4,"map(alloc: a)",256,64,304,0,1,17,0,221.252441406
4,"map(alloc: a)",256,64,304,0,1,28,0,231.850147247
4,"map(alloc: a)",256,64,304,0,1,11,0,213.241577148
4,"map(alloc: a)",256,64,304,0,1,3140,0,3622.508049011
4,"map(alloc: a)",256,64,304,0,1,2,0,202.345848083
4,"map(alloc: a)",256,64,304,0,1,758,0,1141.047477722
4,"map(alloc: a)",256,64,304,0,1,1218,0,1521.801948547
4,"map(alloc: a)",256,64,304,0,1,44,0,250.399112701
4,"map(alloc: a)",256,64,304,0,1,71,0,283.157825470
4,"map(alloc: a)",256,64,304,0,1,114,0,330.293178558
4,"map(alloc: a)",256,64,304,0,1,294,0,523.602962494
4,"map(alloc: a)",256,64,304,0,1,7,0,208.699703217
4,"map(alloc: a)",256,64,304,0,1,183,0,403.797626495
4,"map(alloc: a)",256,64,304,0,1,8096,0,9019.696712494
4,"map(alloc: a)",256,64,304,0,1,472,0,716.555118561
4,"map(alloc: a)",256,64,304,0,1,1955,0,2337.205410004
4,"map(alloc: a)",256,64,304,0,1,3,0,203.859806061
4,"map(alloc: a)",256,64,304,0,1,5042,0,5687.403678894
4,"map(alloc: a)",256,64,304,0,2,3,0,203.800201416
4,"map(alloc: a)",256,64,304,0,2,44,0,250.256061554
4,"map(alloc: a)",256,64,304,0,2,1,0,202.548503876
4,"map(alloc: a)",256,64,304,0,2,183,0,404.703617096
4,"map(alloc: a)",256,64,304,0,2,294,0,524.246692657
4,"map(alloc: a)",256,64,304,0,2,5042,0,5681.395530701
4,"map(alloc: a)",256,64,304,0,2,7,0,208.544731140
4,"map(alloc: a)",256,64,304,0,2,8096,0,9004.449844360
4,"map(alloc: a)",256,64,304,0,2,2,0,202.298164368
4,"map(alloc: a)",256,64,304,0,2,114,0,330.305099487
4,"map(alloc: a)",256,64,304,0,2,71,0,282.752513885
4,"map(alloc: a)",256,64,304,0,2,1955,0,2342.092990875
4,"map(alloc: a)",256,64,304,0,2,17,0,220.894813538
4,"map(alloc: a)",256,64,304,0,2,472,0,718.748569489
4,"map(alloc: a)",256,64,304,0,2,11,0,213.205814362
4,"map(alloc: a)",256,64,304,0,2,1218,0,1529.145240784
4,"map(alloc: a)",256,64,304,0,2,4,0,206.005573273
4,"map(alloc: a)",256,64,304,0,2,3140,0,3620.505332947
4,"map(alloc: a)",256,64,304,0,2,758,0,1026.046276093
4,"map(alloc: a)",256,64,304,0,2,28,0,231.993198395
4,"map(alloc: a)",256,64,304,0,3,11,0,213.348865509
4,"map(alloc: a)",256,64,304,0,3,4,0,205.910205841
4,"map(alloc: a)",256,64,304,0,3,5042,0,5673.801898956
4,"map(alloc: a)",256,64,304,0,3,183,0,404.906272888
4,"map(alloc: a)",256,64,304,0,3,17,0,220.859050751
4,"map(alloc: a)",256,64,304,0,3,3,0,203.800201416
4,"map(alloc: a)",256,64,304,0,3,28,0,231.897830963
4,"map(alloc: a)",256,64,304,0,3,1218,0,1533.401012421
4,"map(alloc: a)",256,64,304,0,3,114,0,329.244136810
4,"map(alloc: a)",256,64,304,0,3,758,0,1028.454303741
4,"map(alloc: a)",256,64,304,0,3,1955,0,2328.705787659
4,"map(alloc: a)",256,64,304,0,3,472,0,719.046592712
4,"map(alloc: a)",256,64,304,0,3,7,0,208.449363708
4,"map(alloc: a)",256,64,304,0,3,44,0,250.208377838
4,"map(alloc: a)",256,64,304,0,3,3140,0,3614.091873169
4,"map(alloc: a)",256,64,304,0,3,8096,0,8998.441696167
4,"map(alloc: a)",256,64,304,0,3,71,0,282.549858093
4,"map(alloc: a)",256,64,304,0,3,1,0,202.453136444
4,"map(alloc: a)",256,64,304,0,3,2,0,202.500820160
4,"map(alloc: a)",256,64,304,0,3,294,0,525.546073914
4,"map(alloc: a)",256,64,304,0,4,3,0,203.752517700
4,"map(alloc: a)",256,64,304,0,4,8096,0,8996.796607971
4,"map(alloc: a)",256,64,304,0,4,1,0,202.608108521
4,"map(alloc: a)",256,64,304,0,4,28,0,232.100486755
4,"map(alloc: a)",256,64,304,0,4,17,0,220.954418182
4,"map(alloc: a)",256,64,304,0,4,5042,0,5684.101581573
4,"map(alloc: a)",256,64,304,0,4,7,0,208.353996277
4,"map(alloc: a)",256,64,304,0,4,114,0,329.744815826
4,"map(alloc: a)",256,64,304,0,4,44,0,250.196456909
4,"map(alloc: a)",256,64,304,0,4,2,0,202.393531799
4,"map(alloc: a)",256,64,304,0,4,294,0,524.294376373
4,"map(alloc: a)",256,64,304,0,4,758,0,1030.552387238
4,"map(alloc: a)",256,64,304,0,4,183,0,403.749942780
4,"map(alloc: a)",256,64,304,0,4,4,0,205.850601196
4,"map(alloc: a)",256,64,304,0,4,1218,0,1522.850990295
4,"map(alloc: a)",256,64,304,0,4,71,0,282.800197601
4,"map(alloc: a)",256,64,304,0,4,1955,0,2326.595783234
4,"map(alloc: a)",256,64,304,0,4,11,0,213.253498077
4,"map(alloc: a)",256,64,304,0,4,472,0,716.948509216
4,"map(alloc: a)",256,64,304,0,4,3140,0,3626.751899719
4,"map(alloc: a)",256,64,304,1,0,2,0,202.298164368
4,"map(alloc: a)",256,64,304,1,0,4,0,206.005573273
4,"map(alloc: a)",256,64,304,1,0,472,0,716.602802277
4,"map(alloc: a)",256,64,304,1,0,3140,0,3627.097606659
4,"map(alloc: a)",256,64,304,1,0,183,0,403.499603271
4,"map(alloc: a)",256,64,304,1,0,28,0,232.040882111
4,"map(alloc: a)",256,64,304,1,0,71,0,282.895565033
4,"map(alloc: a)",256,64,304,1,0,1218,0,1529.693603516
4,"map(alloc: a)",256,64,304,1,0,294,0,523.948669434
4,"map(alloc: a)",256,64,304,1,0,1,0,202.548503876
4,"map(alloc: a)",256,64,304,1,0,7,0,208.699703217
4,"map(alloc: a)",256,64,304,1,0,1955,0,2335.500717163
4,"map(alloc: a)",256,64,304,1,0,758,0,1024.544239044
4,"map(alloc: a)",256,64,304,1,0,114,0,329.661369324
4,"map(alloc: a)",256,64,304,1,0,11,0,213.050842285
4,"map(alloc: a)",256,64,304,1,0,3,0,203.597545624
4,"map(alloc: a)",256,64,304,1,0,8096,0,8965.504169464
4,"map(alloc: a)",256,64,304,1,0,44,0,250.744819641
4,"map(alloc: a)",256,64,304,1,0,17,0,221.204757690
4,"map(alloc: a)",256,64,304,1,0,5042,0,5695.450305939
4,"map(alloc: a)",256,64,304,1,1,758,0,1023.900508881
4,"map(alloc: a)",256,64,304,1,1,3,0,204.098224640
4,"map(alloc: a)",256,64,304,1,1,3140,0,3610.348701477
4,"map(alloc: a)",256,64,304,1,1,1955,0,2342.844009399
4,"map(alloc: a)",256,64,304,1,1,44,0,257.194042206
4,"map(alloc: a)",256,64,304,1,1,17,0,225.007534027
4,"map(alloc: a)",256,64,304,1,1,294,0,525.999069214
4,"map(alloc: a)",256,64,304,1,1,28,0,232.195854187
4,"map(alloc: a)",256,64,304,1,1,114,0,329.101085663
4,"map(alloc: a)",256,64,304,1,1,2,0,202.441215515
4,"map(alloc: a)",256,64,304,1,1,7,0,208.544731140
4,"map(alloc: a)",256,64,304,1,1,183,0,404.703617096
4,"map(alloc: a)",256,64,304,1,1,8096,0,8962.190151215
4,"map(alloc: a)",256,64,304,1,1,11,0,213.193893433
4,"map(alloc: a)",256,64,304,1,1,1,0,202.608108521
4,"map(alloc: a)",256,64,304,1,1,1218,0,1527.643203735
4,"map(alloc: a)",256,64,304,1,1,472,0,716.352462769
4,"map(alloc: a)",256,64,304,1,1,71,0,283.348560333
4,"map(alloc: a)",256,64,304,1,1,5042,0,5662.810802460
4,"map(alloc: a)",256,64,304,1,1,4,0,206.005573273
4,"map(alloc: a)",256,64,304,1,2,2,0,202.250480652
4,"map(alloc: a)",256,64,304,1,2,71,0,283.157825470
4,"map(alloc: a)",256,64,304,1,2,17,0,220.954418182
4,"map(alloc: a)",256,64,304,1,2,472,0,719.404220581
4,"map(alloc: a)",256,64,304,1,2,5042,0,5654.489994049
4,"map(alloc: a)",256,64,304,1,2,28,0,231.850147247
4,"map(alloc: a)",256,64,304,1,2,44,0,250.148773193
4,"map(alloc: a)",256,64,304,1,2,1218,0,1526.105403900
4,"map(alloc: a)",256,64,304,1,2,4,0,205.850601196
4,"map(alloc: a)",256,64,304,1,2,1955,0,2334.606647491
4,"map(alloc: a)",256,64,304,1,2,183,0,404.047966003
4,"map(alloc: a)",256,64,304,1,2,7,0,208.449363708
4,"map(alloc: a)",256,64,304,1,2,758,0,1024.901866913
4,"map(alloc: a)",256,64,304,1,2,1,0,202.298164368
4,"map(alloc: a)",256,64,304,1,2,3140,0,3616.046905518
4,"map(alloc: a)",256,64,304,1,2,8096,0,9010.803699493
4,"map(alloc: a)",256,64,304,1,2,3,0,205.504894257
4,"map(alloc: a)",256,64,304,1,2,114,0,330.197811127
4,"map(alloc: a)",256,64,304,1,2,11,0,213.289260864
4,"map(alloc: a)",256,64,304,1,2,294,0,525.450706482
4,"map(alloc: a)",256,64,304,1,3,1,0,202.393531799
4,"map(alloc: a)",256,64,304,1,3,17,0,220.894813538
4,"map(alloc: a)",256,64,304,1,3,294,0,524.449348450
4,"map(alloc: a)",256,64,304,1,3,5042,0,5700.051784515
4,"map(alloc: a)",256,64,304,1,3,114,0,329.244136810
4,"map(alloc: a)",256,64,304,1,3,28,0,231.695175171
4,"map(alloc: a)",256,64,304,1,3,1218,0,1522.207260132
4,"map(alloc: a)",256,64,304,1,3,2,0,202.500820160
4,"map(alloc: a)",256,64,304,1,3,3,0,203.847885132
4,"map(alloc: a)",256,64,304,1,3,4,0,206.005573273
4,"map(alloc: a)",256,64,304,1,3,758,0,1026.296615601
4,"map(alloc: a)",256,64,304,1,3,11,0,213.193893433
4,"map(alloc: a)",256,64,304,1,3,44,0,250.446796417
4,"map(alloc: a)",256,64,304,1,3,472,0,717.997550964
4,"map(alloc: a)",256,64,304,1,3,7,0,208.401679993
4,"map(alloc: a)",256,64,304,1,3,1955,0,2338.945865631
4,"map(alloc: a)",256,64,304,1,3,71,0,282.204151154
4,"map(alloc: a)",256,64,304,1,3,183,0,404.500961304
4,"map(alloc: a)",256,64,304,1,3,8096,0,8964.896202087
4,"map(alloc: a)",256,64,304,1,3,3140,0,3631.699085236
4,"map(alloc: a)",256,64,304,1,4,472,0,715.947151184
4,"map(alloc: a)",256,64,304,1,4,71,0,283.253192902
4,"map(alloc: a)",256,64,304,1,4,1,0,202.298164368
4,"map(alloc: a)",256,64,304,1,4,11,0,212.955474854
4,"map(alloc: a)",256,64,304,1,4,4,0,206.053256989
4,"map(alloc: a)",256,64,304,1,4,3140,0,3620.398044586
4,"map(alloc: a)",256,64,304,1,4,28,0,232.005119324
4,"map(alloc: a)",256,64,304,1,4,1218,0,1527.202129364
4,"map(alloc: a)",256,64,304,1,4,2,0,267.899036407
4,"map(alloc: a)",256,64,304,1,4,183,0,404.357910156
4,"map(alloc: a)",256,64,304,1,4,5042,0,5676.293373108
4,"map(alloc: a)",256,64,304,1,4,114,0,329.959392548
4,"map(alloc: a)",256,64,304,1,4,3,0,203.692913055
4,"map(alloc: a)",256,64,304,1,4,44,0,250.291824341
4,"map(alloc: a)",256,64,304,1,4,758,0,1025.307178497
4,"map(alloc: a)",256,64,304,1,4,8096,0,9011.399745941
4,"map(alloc: a)",256,64,304,1,4,1955,0,2324.700355530
4,"map(alloc: a)",256,64,304,1,4,294,0,525.498390198
4,"map(alloc: a)",256,64,304,1,4,7,0,208.461284637
4,"map(alloc: a)",256,64,304,1,4,17,0,221.097469330
4,"map(alloc: a)",1024,64,304,0,0,7,0,210.046768188
4,"map(alloc: a)",1024,64,304,0,0,114,0,329.744815826
4,"map(alloc: a)",1024,64,304,0,0,3,0,203.847885132
4,"map(alloc: a)",1024,64,304,0,0,17,0,221.049785614
4,"map(alloc: a)",1024,64,304,0,0,1,0,202.453136444
4,"map(alloc: a)",1024,64,304,0,0,44,0,250.697135925
4,"map(alloc: a)",1024,64,304,0,0,294,0,524.556636810
4,"map(alloc: a)",1024,64,304,0,0,3140,0,3625.094890594
4,"map(alloc: a)",1024,64,304,0,0,4,0,205.993652344
4,"map(alloc: a)",1024,64,304,0,0,1955,0,2337.491512299
4,"map(alloc: a)",1024,64,304,0,0,183,0,403.702259064
4,"map(alloc: a)",1024,64,304,0,0,8096,0,9015.154838562
4,"map(alloc: a)",1024,64,304,0,0,758,0,1024.103164673
4,"map(alloc: a)",1024,64,304,0,0,71,0,283.193588257
4,"map(alloc: a)",1024,64,304,0,0,2,0,202.405452728
4,"map(alloc: a)",1024,64,304,0,0,11,0,213.253498077
4,"map(alloc: a)",1024,64,304,0,0,28,0,231.707096100
4,"map(alloc: a)",1024,64,304,0,0,5042,0,5675.649642944
4,"map(alloc: a)",1024,64,304,0,0,1218,0,1522.099971771
4,"map(alloc: a)",1024,64,304,0,0,472,0,718.295574188
4,"map(alloc: a)",1024,64,304,0,1,4,0,206.041336060
4,"map(alloc: a)",1024,64,304,0,1,1,0,202.453136444
4,"map(alloc: a)",1024,64,304,0,1,17,0,221.145153046
4,"map(alloc: a)",1024,64,304,0,1,28,0,231.802463531
4,"map(alloc: a)",1024,64,304,0,1,11,0,213.098526001
4,"map(alloc: a)",1024,64,304,0,1,3140,0,3623.795509338
4,"map(alloc: a)",1024,64,304,0,1,2,0,202.357769012
4,"map(alloc: a)",1024,64,304,0,1,758,0,1029.896736145
4,"map(alloc: a)",1024,64,304,0,1,1218,0,1518.595218658
4,"map(alloc: a)",1024,64,304,0,1,44,0,250.446796417
4,"map(alloc: a)",1024,64,304,0,1,71,0,282.502174377
4,"map(alloc: a)",1024,64,304,0,1,114,0,330.102443695
4,"map(alloc: a)",1024,64,304,0,1,294,0,523.650646210
4,"map(alloc: a)",1024,64,304,0,1,7,0,208.544731140
4,"map(alloc: a)",1024,64,304,0,1,183,0,403.952598572
4,"map(alloc: a)",1024,64,304,0,1,8096,0,8997.142314911
4,"map(alloc: a)",1024,64,304,0,1,472,0,716.197490692
4,"map(alloc: a)",1024,64,304,0,1,1955,0,2334.439754486
4,"map(alloc: a)",1024,64,304,0,1,3,0,203.943252563
4,"map(alloc: a)",1024,64,304,0,1,5042,0,5691.146850586
4,"map(alloc: a)",1024,64,304,0,2,3,0,204.145908356
4,"map(alloc: a)",1024,64,304,0,2,44,0,250.148773193
4,"map(alloc: a)",1024,64,304,0,2,1,0,202.345848083
4,"map(alloc: a)",1024,64,304,0,2,183,0,405.192375183
4,"map(alloc: a)",1024,64,304,0,2,294,0,523.293018341
4,"map(alloc: a)",1024,64,304,0,2,5042,0,5683.302879333
4,"map(alloc: a)",1024,64,304,0,2,7,0,208.795070648
4,"map(alloc: a)",1024,64,304,0,2,8096,0,9006.953239441
4,"map(alloc: a)",1024,64,304,0,2,2,0,202.250480652
4,"map(alloc: a)",1024,64,304,0,2,114,0,329.852104187
4,"map(alloc: a)",1024,64,304,0,2,71,0,282.502174377
4,"map(alloc: a)",1024,64,304,0,2,1955,0,2340.698242188
4,"map(alloc: a)",1024,64,304,0,2,17,0,221.145153046
4,"map(alloc: a)",1024,64,304,0,2,472,0,717.294216156
4,"map(alloc: a)",1024,64,304,0,2,11,0,214.755535126
4,"map(alloc: a)",1024,64,304,0,2,1218,0,1526.343822479
4,"map(alloc: a)",1024,64,304,0,2,4,0,206.100940704
4,"map(alloc: a)",1024,64,304,0,2,3140,0,3622.400760651
4,"map(alloc: a)",1024,64,304,0,2,758,0,1026.499271393
4,"map(alloc: a)",1024,64,304,0,2,28,0,232.207775116
4,"map(alloc: a)",1024,64,304,0,3,11,0,213.396549225
4,"map(alloc: a)",1024,64,304,0,3,4,0,206.053256989
4,"map(alloc: a)",1024,64,304,0,3,5042,0,5662.906169891
4,"map(alloc: a)",1024,64,304,0,3,183,0,404.906272888
4,"map(alloc: a)",1024,64,304,0,3,17,0,220.751762390
4,"map(alloc: a)",1024,64,304,0,3,3,0,203.549861908
4,"map(alloc: a)",1024,64,304,0,3,28,0,231.754779816
4,"map(alloc: a)",1024,64,304,0,3,1218,0,1528.048515320
4,"map(alloc: a)",1024,64,304,0,3,114,0,329.303741455
4,"map(alloc: a)",1024,64,304,0,3,758,0,1029.443740845
4,"map(alloc: a)",1024,64,304,0,3,1955,0,2330.648899078
4,"map(alloc: a)",1024,64,304,0,3,472,0,718.200206757
4,"map(alloc: a)",1024,64,304,0,3,7,0,208.497047424
4,"map(alloc: a)",1024,64,304,0,3,44,0,250.196456909
4,"map(alloc: a)",1024,64,304,0,3,3140,0,3615.498542786
4,"map(alloc: a)",1024,64,304,0,3,8096,0,9007.656574249
4,"map(alloc: a)",1024,64,304,0,3,71,0,283.098220825
4,"map(alloc: a)",1024,64,304,0,3,1,0,202.655792236
4,"map(alloc: a)",1024,64,304,0,3,2,0,202.691555023
4,"map(alloc: a)",1024,64,304,0,3,294,0,525.808334351
4,"map(alloc: a)",1024,64,304,0,4,3,0,203.895568848
4,"map(alloc: a)",1024,64,304,0,4,8096,0,8999.752998352
4,"map(alloc: a)",1024,64,304,0,4,1,0,202.691555023
4,"map(alloc: a)",1024,64,304,0,4,28,0,231.993198395
4,"map(alloc: a)",1024,64,304,0,4,17,0,221.347808838
4,"map(alloc: a)",1024,64,304,0,4,5042,0,5688.595771790
4,"map(alloc: a)",1024,64,304,0,4,7,0,210.046768188
4,"map(alloc: a)",1024,64,304,0,4,114,0,330.400466919
4,"map(alloc: a)",1024,64,304,0,4,44,0,250.148773193
4,"map(alloc: a)",1024,64,304,0,4,2,0,202.596187592
4,"map(alloc: a)",1024,64,304,0,4,294,0,524.401664734
4,"map(alloc: a)",1024,64,304,0,4,758,0,1028.907299042
4,"map(alloc: a)",1024,64,304,0,4,183,0,403.749942780
4,"map(alloc: a)",1024,64,304,0,4,4,0,205.993652344
4,"map(alloc: a)",1024,64,304,0,4,1218,0,1522.791385651
4,"map(alloc: a)",1024,64,304,0,4,71,0,282.800197601
4,"map(alloc: a)",1024,64,304,0,4,1955,0,2327.108383179
4,"map(alloc: a)",1024,64,304,0,4,11,0,213.301181793
4,"map(alloc: a)",1024,64,304,0,4,472,0,716.006755829
4,"map(alloc: a)",1024,64,304,0,4,3140,0,3708.505630493
4,"map(alloc: a)",1024,64,304,1,0,2,0,202.500820160
4,"map(alloc: a)",1024,64,304,1,0,4,0,205.850601196
4,"map(alloc: a)",1024,64,304,1,0,472,0,716.495513916
4,"map(alloc: a)",1024,64,304,1,0,3140,0,3628.146648407
4,"map(alloc: a)",1024,64,304,1,0,183,0,403.702259064
4,"map(alloc: a)",1024,64,304,1,0,28,0,231.897830963
4,"map(alloc: a)",1024,64,304,1,0,71,0,283.002853394
4,"map(alloc: a)",1024,64,304,1,0,1218,0,1526.546478271
4,"map(alloc: a)",1024,64,304,1,0,294,0,524.199008942
4,"map(alloc: a)",1024,64,304,1,0,1,0,202.345848083
4,"map(alloc: a)",1024,64,304,1,0,7,0,208.556652069
4,"map(alloc: a)",1024,64,304,1,0,1955,0,2336.704730988
4,"map(alloc: a)",1024,64,304,1,0,758,0,1024.854183197
4,"map(alloc: a)",1024,64,304,1,0,114,0,329.351425171
4,"map(alloc: a)",1024,64,304,1,0,11,0,213.193893433
4,"map(alloc: a)",1024,64,304,1,0,3,0,203.692913055
4,"map(alloc: a)",1024,64,304,1,0,8096,0,8946.347236633
4,"map(alloc: a)",1024,64,304,1,0,44,0,250.554084778
4,"map(alloc: a)",1024,64,304,1,0,17,0,221.049785614
4,"map(alloc: a)",1024,64,304,1,0,5042,0,5691.146850586
4,"map(alloc: a)",1024,64,304,1,1,758,0,1026.844978333
4,"map(alloc: a)",1024,64,304,1,1,3,0,204.098224640
4,"map(alloc: a)",1024,64,304,1,1,3140,0,3611.147403717
4,"map(alloc: a)",1024,64,304,1,1,1955,0,2340.900897980
4,"map(alloc: a)",1024,64,304,1,1,44,0,250.053405762
4,"map(alloc: a)",1024,64,304,1,1,17,0,220.859050751
4,"map(alloc: a)",1024,64,304,1,1,294,0,524.497032166
4,"map(alloc: a)",1024,64,304,1,1,28,0,232.243537903
4,"map(alloc: a)",1024,64,304,1,1,114,0,329.148769379
4,"map(alloc: a)",1024,64,304,1,1,2,0,202.393531799
4,"map(alloc: a)",1024,64,304,1,1,7,0,208.652019501
4,"map(alloc: a)",1024,64,304,1,1,183,0,404.953956604
4,"map(alloc: a)",1024,64,304,1,1,8096,0,8968.591690063
4,"map(alloc: a)",1024,64,304,1,1,11,0,213.694572449
4,"map(alloc: a)",1024,64,304,1,1,1,0,202.298164368
4,"map(alloc: a)",1024,64,304,1,1,1218,0,1528.394222260
4,"map(alloc: a)",1024,64,304,1,1,472,0,715.351104736
4,"map(alloc: a)",1024,64,304,1,1,71,0,283.050537109
4,"map(alloc: a)",1024,64,304,1,1,5042,0,5666.291713715
4,"map(alloc: a)",1024,64,304,1,1,4,0,216.448307037
4,"map(alloc: a)",1024,64,304,1,2,2,0,207.400321960
4,"map(alloc: a)",1024,64,304,1,2,71,0,286.197662354
4,"map(alloc: a)",1024,64,304,1,2,17,0,222.754478455
4,"map(alloc: a)",1024,64,304,1,2,472,0,718.092918396
4,"map(alloc: a)",1024,64,304,1,2,5042,0,5658.400058746
4,"map(alloc: a)",1024,64,304,1,2,28,0,231.802463531
4,"map(alloc: a)",1024,64,304,1,2,44,0,250.506401062
4,"map(alloc: a)",1024,64,304,1,2,1218,0,1527.392864227
4,"map(alloc: a)",1024,64,304,1,2,4,0,205.993652344
4,"map(alloc: a)",1024,64,304,1,2,1955,0,2334.499359131
4,"map(alloc: a)",1024,64,304,1,2,183,0,404.143333435
4,"map(alloc: a)",1024,64,304,1,2,7,0,208.497047424
4,"map(alloc: a)",1024,64,304,1,2,758,0,1023.054122925
4,"map(alloc: a)",1024,64,304,1,2,1,0,202.345848083
4,"map(alloc: a)",1024,64,304,1,2,3140,0,3609.955310822
4,"map(alloc: a)",1024,64,304,1,2,8096,0,9011.197090149
4,"map(alloc: a)",1024,64,304,1,2,3,0,204.002857208
4,"map(alloc: a)",1024,64,304,1,2,114,0,329.804420471
4,"map(alloc: a)",1024,64,304,1,2,11,0,213.754177094
4,"map(alloc: a)",1024,64,304,1,2,294,0,526.106357574
4,"map(alloc: a)",1024,64,304,1,3,1,0,202.596187592
4,"map(alloc: a)",1024,64,304,1,3,17,0,221.252441406
4,"map(alloc: a)",1024,64,304,1,3,294,0,524.401664734
4,"map(alloc: a)",1024,64,304,1,3,5042,0,5686.497688293
4,"map(alloc: a)",1024,64,304,1,3,114,0,329.554080963
4,"map(alloc: a)",1024,64,304,1,3,28,0,232.100486755
4,"map(alloc: a)",1024,64,304,1,3,1218,0,1523.149013519
4,"map(alloc: a)",1024,64,304,1,3,2,0,202.357769012
4,"map(alloc: a)",1024,64,304,1,3,3,0,203.990936279
4,"map(alloc: a)",1024,64,304,1,3,4,0,205.993652344
4,"map(alloc: a)",1024,64,304,1,3,758,0,1024.949550629
4,"map(alloc: a)",1024,64,304,1,3,11,0,213.444232941
4,"map(alloc: a)",1024,64,304,1,3,44,0,250.244140625
4,"map(alloc: a)",1024,64,304,1,3,472,0,718.593597412
4,"map(alloc: a)",1024,64,304,1,3,7,0,208.604335785
4,"map(alloc: a)",1024,64,304,1,3,1955,0,2341.055870056
4,"map(alloc: a)",1024,64,304,1,3,71,0,282.943248749
4,"map(alloc: a)",1024,64,304,1,3,183,0,405.240058899
4,"map(alloc: a)",1024,64,304,1,3,8096,0,8968.198299408
4,"map(alloc: a)",1024,64,304,1,3,3140,0,3623.890876770
4,"map(alloc: a)",1024,64,304,1,4,472,0,716.304779053
4,"map(alloc: a)",1024,64,304,1,4,71,0,283.157825470
4,"map(alloc: a)",1024,64,304,1,4,1,0,202.560424805
4,"map(alloc: a)",1024,64,304,1,4,11,0,213.301181793
4,"map(alloc: a)",1024,64,304,1,4,4,0,206.196308136
4,"map(alloc: a)",1024,64,304,1,4,3140,0,3620.910644531
4,"map(alloc: a)",1024,64,304,1,4,28,0,232.052803040
4,"map(alloc: a)",1024,64,304,1,4,1218,0,1528.346538544
4,"map(alloc: a)",1024,64,304,1,4,2,0,202.655792236
4,"map(alloc: a)",1024,64,304,1,4,183,0,404.345989227
4,"map(alloc: a)",1024,64,304,1,4,5042,0,5666.792392731
4,"map(alloc: a)",1024,64,304,1,4,114,0,330.150127411
4,"map(alloc: a)",1024,64,304,1,4,3,0,203.955173492
4,"map(alloc: a)",1024,64,304,1,4,44,0,250.458717346
4,"map(alloc: a)",1024,64,304,1,4,758,0,1025.795936584
4,"map(alloc: a)",1024,64,304,1,4,8096,0,9022.653102875
4,"map(alloc: a)",1024,64,304,1,4,1955,0,2328.002452850
4,"map(alloc: a)",1024,64,304,1,4,294,0,524.902343750
4,"map(alloc: a)",1024,64,304,1,4,7,0,208.699703217
4,"map(alloc: a)",1024,64,304,1,4,17,0,221.049785614
4,"map(alloc: a)",4096,64,304,0,0,7,0,210.106372833
4,"map(alloc: a)",4096,64,304,0,0,114,0,330.352783203
4,"map(alloc: a)",4096,64,304,0,0,3,0,203.752517700
4,"map(alloc: a)",4096,64,304,0,0,17,0,220.906734467
4,"map(alloc: a)",4096,64,304,0,0,1,0,202.405452728
4,"map(alloc: a)",4096,64,304,0,0,44,0,250.697135925
4,"map(alloc: a)",4096,64,304,0,0,294,0,524.997711182
4,"map(alloc: a)",4096,64,304,0,0,3140,0,3640.544414520
4,"map(alloc: a)",4096,64,304,0,0,4,0,206.148624420
4,"map(alloc: a)",4096,64,304,0,0,1955,0,2344.107627869
4,"map(alloc: a)",4096,64,304,0,0,183,0,404.548645020
4,"map(alloc: a)",4096,64,304,0,0,8096,0,9048.044681549
4,"map(alloc: a)",4096,64,304,0,0,758,0,1027.452945709
4,"map(alloc: a)",4096,64,304,0,0,71,0,283.300876617
4,"map(alloc: a)",4096,64,304,0,0,2,0,202.798843384
4,"map(alloc: a)",4096,64,304,0,0,11,0,213.301181793
4,"map(alloc: a)",4096,64,304,0,0,28,0,231.659412384
4,"map(alloc: a)",4096,64,304,0,0,5042,0,5700.099468231
4,"map(alloc: a)",4096,64,304,0,0,1218,0,1527.249813080
4,"map(alloc: a)",4096,64,304,0,0,472,0,720.643997192
4,"map(alloc: a)",4096,64,304,0,1,4,0,205.945968628
4,"map(alloc: a)",4096,64,304,0,1,1,0,202.655792236
4,"map(alloc: a)",4096,64,304,0,1,17,0,220.906734467
4,"map(alloc: a)",4096,64,304,0,1,28,0,231.754779816
4,"map(alloc: a)",4096,64,304,0,1,11,0,213.348865509
4,"map(alloc: a)",4096,64,304,0,1,3140,0,3635.203838348
4,"map(alloc: a)",4096,64,304,0,1,2,0,202.751159668
4,"map(alloc: a)",4096,64,304,0,1,758,0,1032.555103302
4,"map(alloc: a)",4096,64,304,0,1,1218,0,1523.101329803
4,"map(alloc: a)",4096,64,304,0,1,44,0,250.506401062
4,"map(alloc: a)",4096,64,304,0,1,71,0,283.503532410
4,"map(alloc: a)",4096,64,304,0,1,114,0,330.245494843
4,"map(alloc: a)",4096,64,304,0,1,294,0,524.699687958
4,"map(alloc: a)",4096,64,304,0,1,7,0,208.640098572
4,"map(alloc: a)",4096,64,304,0,1,183,0,405.001640320
4,"map(alloc: a)",4096,64,304,0,1,8096,0,9035.050868988
4,"map(alloc: a)",4096,64,304,0,1,472,0,718.343257904
4,"map(alloc: a)",4096,64,304,0,1,1955,0,2342.998981476
4,"map(alloc: a)",4096,64,304,0,1,3,0,203.907489777
4,"map(alloc: a)",4096,64,304,0,1,5042,0,5707.252025604
4,"map(alloc: a)",4096,64,304,0,2,3,0,203.847885132
4,"map(alloc: a)",4096,64,304,0,2,44,0,250.744819641
4,"map(alloc: a)",4096,64,304,0,2,1,0,202.298164368
4,"map(alloc: a)",4096,64,304,0,2,183,0,405.693054199
4,"map(alloc: a)",4096,64,304,0,2,294,0,524.854660034
4,"map(alloc: a)",4096,64,304,0,2,5042,0,5702.698230743
4,"map(alloc: a)",4096,64,304,0,2,7,0,208.592414856
4,"map(alloc: a)",4096,64,304,0,2,8096,0,9038.698673248
4,"map(alloc: a)",4096,64,304,0,2,2,0,202.798843384
4,"map(alloc: a)",4096,64,304,0,2,114,0,329.804420471
4,"map(alloc: a)",4096,64,304,0,2,71,0,283.098220825
4,"map(alloc: a)",4096,64,304,0,2,1955,0,2345.049381256
4,"map(alloc: a)",4096,64,304,0,2,17,0,221.300125122
4,"map(alloc: a)",4096,64,304,0,2,472,0,719.702243805
4,"map(alloc: a)",4096,64,304,0,2,11,0,213.408470154
4,"map(alloc: a)",4096,64,304,0,2,1218,0,1529.943943024
4,"map(alloc: a)",4096,64,304,0,2,4,0,206.041336060
4,"map(alloc: a)",4096,64,304,0,2,3140,0,3633.701801300
4,"map(alloc: a)",4096,64,304,0,2,758,0,1027.607917786
4,"map(alloc: a)",4096,64,304,0,2,28,0,232.195854187
4,"map(alloc: a)",4096,64,304,0,3,11,0,213.205814362
4,"map(alloc: a)",4096,64,304,0,3,4,0,205.838680267
4,"map(alloc: a)",4096,64,304,0,3,5042,0,5684.447288513
4,"map(alloc: a)",4096,64,304,0,3,183,0,405.395030975
4,"map(alloc: a)",4096,64,304,0,3,17,0,220.847129822
4,"map(alloc: a)",4096,64,304,0,3,3,0,203.645229340
4,"map(alloc: a)",4096,64,304,0,3,28,0,231.850147247
4,"map(alloc: a)",4096,64,304,0,3,1218,0,1529.502868652
4,"map(alloc: a)",4096,64,304,0,3,114,0,329.601764679
4,"map(alloc: a)",4096,64,304,0,3,758,0,1029.491424561
4,"map(alloc: a)",4096,64,304,0,3,1955,0,2338.445186615
4,"map(alloc: a)",4096,64,304,0,3,472,0,719.940662384
4,"map(alloc: a)",4096,64,304,0,3,7,0,208.449363708
4,"map(alloc: a)",4096,64,304,0,3,44,0,250.303745270
4,"map(alloc: a)",4096,64,304,0,3,3140,0,3627.145290375
4,"map(alloc: a)",4096,64,304,0,3,8096,0,9037.554264069
4,"map(alloc: a)",4096,64,304,0,3,71,0,282.955169678
4,"map(alloc: a)",4096,64,304,0,3,1,0,202.608108521
4,"map(alloc: a)",4096,64,304,0,3,2,0,202.548503876
4,"map(alloc: a)",4096,64,304,0,3,294,0,527.000427246
4,"map(alloc: a)",4096,64,304,0,4,3,0,203.704833984
4,"map(alloc: a)",4096,64,304,0,4,8096,0,9033.894538879
4,"map(alloc: a)",4096,64,304,0,4,1,0,202.500820160
4,"map(alloc: a)",4096,64,304,0,4,28,0,231.957435608
4,"map(alloc: a)",4096,64,304,0,4,17,0,221.049785614
4,"map(alloc: a)",4096,64,304,0,4,5042,0,5692.291259766
4,"map(alloc: a)",4096,64,304,0,4,7,0,208.497047424
4,"map(alloc: a)",4096,64,304,0,4,114,0,330.448150635
4,"map(alloc: a)",4096,64,304,0,4,44,0,250.291824341
4,"map(alloc: a)",4096,64,304,0,4,2,0,202.548503876
4,"map(alloc: a)",4096,64,304,0,4,294,0,525.999069214
4,"map(alloc: a)",4096,64,304,0,4,758,0,1031.947135925
4,"map(alloc: a)",4096,64,304,0,4,183,0,404.858589172
4,"map(alloc: a)",4096,64,304,0,4,4,0,205.957889557
4,"map(alloc: a)",4096,64,304,0,4,1218,0,1524.198055267
4,"map(alloc: a)",4096,64,304,0,4,71,0,283.002853394
4,"map(alloc: a)",4096,64,304,0,4,1955,0,2330.446243286
4,"map(alloc: a)",4096,64,304,0,4,11,0,213.444232941
4,"map(alloc: a)",4096,64,304,0,4,472,0,717.949867249
4,"map(alloc: a)",4096,64,304,0,4,3140,0,3639.650344849
4,"map(alloc: a)",4096,64,304,1,0,2,0,202.548503876
4,"map(alloc: a)",4096,64,304,1,0,4,0,205.898284912
4,"map(alloc: a)",4096,64,304,1,0,472,0,718.450546265
4,"map(alloc: a)",4096,64,304,1,0,3140,0,3633.248806000
4,"map(alloc: a)",4096,64,304,1,0,183,0,404.500961304
4,"map(alloc: a)",4096,64,304,1,0,28,0,231.802463531
4,"map(alloc: a)",4096,64,304,1,0,71,0,283.241271973
4,"map(alloc: a)",4096,64,304,1,0,1218,0,1530.408859253
4,"map(alloc: a)",4096,64,304,1,0,294,0,525.152683258
4,"map(alloc: a)",4096,64,304,1,0,1,0,202.453136444
4,"map(alloc: a)",4096,64,304,1,0,7,0,208.854675293
4,"map(alloc: a)",4096,64,304,1,0,1955,0,2346.456050873
4,"map(alloc: a)",4096,64,304,1,0,758,0,1025.950908661
4,"map(alloc: a)",4096,64,304,1,0,114,0,334.203243256
4,"map(alloc: a)",4096,64,304,1,0,11,0,222.444534302
4,"map(alloc: a)",4096,64,304,1,0,3,0,208.795070648
4,"map(alloc: a)",4096,64,304,1,0,8096,0,8976.244926453
4,"map(alloc: a)",4096,64,304,1,0,44,0,250.911712646
4,"map(alloc: a)",4096,64,304,1,0,17,0,220.859050751
4,"map(alloc: a)",4096,64,304,1,0,5042,0,5715.155601501
4,"map(alloc: a)",4096,64,304,1,1,758,0,1026.999950409
4,"map(alloc: a)",4096,64,304,1,1,3,0,203.800201416
4,"map(alloc: a)",4096,64,304,1,1,3140,0,3628.242015839
4,"map(alloc: a)",4096,64,304,1,1,1955,0,2342.355251312
4,"map(alloc: a)",4096,64,304,1,1,44,0,250.351428986
4,"map(alloc: a)",4096,64,304,1,1,17,0,220.942497253
4,"map(alloc: a)",4096,64,304,1,1,294,0,525.546073914
4,"map(alloc: a)",4096,64,304,1,1,28,0,231.945514679
4,"map(alloc: a)",4096,64,304,1,1,114,0,329.661369324
4,"map(alloc: a)",4096,64,304,1,1,2,0,202.548503876
4,"map(alloc: a)",4096,64,304,1,1,7,0,208.508968353
4,"map(alloc: a)",4096,64,304,1,1,183,0,405.550003052
4,"map(alloc: a)",4096,64,304,1,1,8096,0,8980.000019073
4,"map(alloc: a)",4096,64,304,1,1,11,0,213.551521301
4,"map(alloc: a)",4096,64,304,1,1,1,0,202.608108521
4,"map(alloc: a)",4096,64,304,1,1,1218,0,1532.900333405
4,"map(alloc: a)",4096,64,304,1,1,472,0,717.043876648
4,"map(alloc: a)",4096,64,304,1,1,71,0,283.241271973
4,"map(alloc: a)",4096,64,304,1,1,5042,0,5682.802200317
4,"map(alloc: a)",4096,64,304,1,1,4,0,205.898284912
4,"map(alloc: a)",4096,64,304,1,2,2,0,202.405452728
4,"map(alloc: a)",4096,64,304,1,2,71,0,283.098220825
4,"map(alloc: a)",4096,64,304,1,2,17,0,220.954418182
4,"map(alloc: a)",4096,64,304,1,2,472,0,719.952583313
4,"map(alloc: a)",4096,64,304,1,2,5042,0,5679.607391357
4,"map(alloc: a)",4096,64,304,1,2,28,0,232.148170471
4,"map(alloc: a)",4096,64,304,1,2,44,0,250.399112701
4,"map(alloc: a)",4096,64,304,1,2,1218,0,1532.053947449
4,"map(alloc: a)",4096,64,304,1,2,4,0,205.850601196
4,"map(alloc: a)",4096,64,304,1,2,1955,0,2342.903614044
4,"map(alloc: a)",4096,64,304,1,2,183,0,404.345989227
4,"map(alloc: a)",4096,64,304,1,2,7,0,208.604335785
4,"map(alloc: a)",4096,64,304,1,2,758,0,1026.546955109
4,"map(alloc: a)",4096,64,304,1,2,1,0,202.703475952
4,"map(alloc: a)",4096,64,304,1,2,3140,0,3620.350360870
4,"map(alloc: a)",4096,64,304,1,2,8096,0,9047.591686249
4,"map(alloc: a)",4096,64,304,1,2,3,0,204.050540924
4,"map(alloc: a)",4096,64,304,1,2,114,0,329.649448395
4,"map(alloc: a)",4096,64,304,1,2,11,0,213.348865509
4,"map(alloc: a)",4096,64,304,1,2,294,0,526.344776154
4,"map(alloc: a)",4096,64,304,1,3,1,0,202.357769012
4,"map(alloc: a)",4096,64,304,1,3,17,0,221.300125122
4,"map(alloc: a)",4096,64,304,1,3,294,0,525.248050690
4,"map(alloc: a)",4096,64,304,1,3,5042,0,5704.402923584
4,"map(alloc: a)",4096,64,304,1,3,114,0,329.792499542
4,"map(alloc: a)",4096,64,304,1,3,28,0,231.850147247
4,"map(alloc: a)",4096,64,304,1,3,1218,0,1525.151729584
4,"map(alloc: a)",4096,64,304,1,3,2,0,202.643871307
4,"map(alloc: a)",4096,64,304,1,3,3,0,203.907489777
4,"map(alloc: a)",4096,64,304,1,3,4,0,205.993652344
4,"map(alloc: a)",4096,64,304,1,3,758,0,1027.548313141
4,"map(alloc: a)",4096,64,304,1,3,11,0,213.301181793
4,"map(alloc: a)",4096,64,304,1,3,44,0,250.303745270
4,"map(alloc: a)",4096,64,304,1,3,472,0,720.357894897
4,"map(alloc: a)",4096,64,304,1,3,7,0,208.449363708
4,"map(alloc: a)",4096,64,304,1,3,1955,0,2342.939376831
4,"map(alloc: a)",4096,64,304,1,3,71,0,283.110141754
4,"map(alloc: a)",4096,64,304,1,3,183,0,405.097007751
4,"map(alloc: a)",4096,64,304,1,3,8096,0,9001.755714417
4,"map(alloc: a)",4096,64,304,1,3,3140,0,3637.158870697
4,"map(alloc: a)",4096,64,304,1,4,472,0,718.104839325
4,"map(alloc: a)",4096,64,304,1,4,71,0,283.110141754
4,"map(alloc: a)",4096,64,304,1,4,1,0,202.500820160
4,"map(alloc: a)",4096,64,304,1,4,11,0,213.289260864
4,"map(alloc: a)",4096,64,304,1,4,4,0,206.148624420
4,"map(alloc: a)",4096,64,304,1,4,3140,0,3631.544113159
4,"map(alloc: a)",4096,64,304,1,4,28,0,231.790542603
4,"map(alloc: a)",4096,64,304,1,4,1218,0,1532.793045044
4,"map(alloc: a)",4096,64,304,1,4,2,0,202.548503876
4,"map(alloc: a)",4096,64,304,1,4,183,0,405.240058899
4,"map(alloc: a)",4096,64,304,1,4,5042,0,5685.198307037
4,"map(alloc: a)",4096,64,304,1,4,114,0,330.448150635
4,"map(alloc: a)",4096,64,304,1,4,3,0,203.800201416
4,"map(alloc: a)",4096,64,304,1,4,44,0,250.351428986
4,"map(alloc: a)",4096,64,304,1,4,758,0,1028.048992157
4,"map(alloc: a)",4096,64,304,1,4,8096,0,9022.593498230
4,"map(alloc: a)",4096,64,304,1,4,1955,0,2334.702014923
4,"map(alloc: a)",4096,64,304,1,4,294,0,525.796413422
4,"map(alloc: a)",4096,64,304,1,4,7,0,208.592414856
4,"map(alloc: a)",4096,64,304,1,4,17,0,221.049785614
4,"map(alloc: a)",16384,64,304,0,0,7,0,210.356712341
4,"map(alloc: a)",16384,64,304,0,0,114,0,330.102443695
4,"map(alloc: a)",16384,64,304,0,0,3,0,203.800201416
4,"map(alloc: a)",16384,64,304,0,0,17,0,221.049785614
4,"map(alloc: a)",16384,64,304,0,0,1,0,202.345848083
4,"map(alloc: a)",16384,64,304,0,0,44,0,250.506401062
4,"map(alloc: a)",16384,64,304,0,0,294,0,524.699687958
4,"map(alloc: a)",16384,64,304,0,0,3140,0,3635.144233704
4,"map(alloc: a)",16384,64,304,0,0,4,0,206.148624420
4,"map(alloc: a)",16384,64,304,0,0,1955,0,2336.406707764
4,"map(alloc: a)",16384,64,304,0,0,183,0,404.500961304
4,"map(alloc: a)",16384,64,304,0,0,8096,0,9012.496471405
4,"map(alloc: a)",16384,64,304,0,0,758,0,1025.998592377
4,"map(alloc: a)",16384,64,304,0,0,71,0,283.050537109
4,"map(alloc: a)",16384,64,304,0,0,2,0,204.706192017
4,"map(alloc: a)",16384,64,304,0,0,11,0,213.396549225
4,"map(alloc: a)",16384,64,304,0,0,28,0,231.754779816
4,"map(alloc: a)",16384,64,304,0,0,5042,0,5690.300464630
4,"map(alloc: a)",16384,64,304,0,0,1218,0,1521.801948547
4,"map(alloc: a)",16384,64,304,0,0,472,0,719.702243805
4,"map(alloc: a)",16384,64,304,0,1,4,0,206.053256989
4,"map(alloc: a)",16384,64,304,0,1,1,0,202.405452728
4,"map(alloc: a)",16384,64,304,0,1,17,0,220.906734467
4,"map(alloc: a)",16384,64,304,0,1,28,0,231.957435608
4,"map(alloc: a)",16384,64,304,0,1,11,0,213.289260864
4,"map(alloc: a)",16384,64,304,0,1,3140,0,3630.590438843
4,"map(alloc: a)",16384,64,304,0,1,2,0,202.357769012
4,"map(alloc: a)",16384,64,304,0,1,758,0,1030.206680298
4,"map(alloc: a)",16384,64,304,0,1,1218,0,1522.099971771
4,"map(alloc: a)",16384,64,304,0,1,44,0,250.399112701
4,"map(alloc: a)",16384,64,304,0,1,71,0,283.002853394
4,"map(alloc: a)",16384,64,304,0,1,114,0,330.150127411
4,"map(alloc: a)",16384,64,304,0,1,294,0,524.008274078
4,"map(alloc: a)",16384,64,304,0,1,7,0,208.556652069
4,"map(alloc: a)",16384,64,304,0,1,183,0,404.405593872
4,"map(alloc: a)",16384,64,304,0,1,8096,0,9028.244018555
4,"map(alloc: a)",16384,64,304,0,1,472,0,716.400146484
4,"map(alloc: a)",16384,64,304,0,1,1955,0,2342.653274536
4,"map(alloc: a)",16384,64,304,0,1,3,0,203.907489777
4,"map(alloc: a)",16384,64,304,0,1,5042,0,5704.748630524
4,"map(alloc: a)",16384,64,304,0,2,3,0,203.740596771
4,"map(alloc: a)",16384,64,304,0,2,44,0,250.303745270
4,"map(alloc: a)",16384,64,304,0,2,1,0,202.250480652
4,"map(alloc: a)",16384,64,304,0,2,183,0,405.156612396
4,"map(alloc: a)",16384,64,304,0,2,294,0,524.199008942
4,"map(alloc: a)",16384,64,304,0,2,5042,0,5690.956115723
4,"map(alloc: a)",16384,64,304,0,2,7,0,208.544731140
4,"map(alloc: a)",16384,64,304,0,2,8096,0,9006.595611572
4,"map(alloc: a)",16384,64,304,0,2,2,0,202.298164368
4,"map(alloc: a)",16384,64,304,0,2,114,0,330.102443695
4,"map(alloc: a)",16384,64,304,0,2,71,0,283.050537109
4,"map(alloc: a)",16384,64,304,0,2,1955,0,2343.153953552
4,"map(alloc: a)",16384,64,304,0,2,17,0,220.990180969
4,"map(alloc: a)",16384,64,304,0,2,472,0,718.653202057
4,"map(alloc: a)",16384,64,304,0,2,11,0,213.253498077
4,"map(alloc: a)",16384,64,304,0,2,1218,0,1530.361175537
4,"map(alloc: a)",16384,64,304,0,2,4,0,206.148624420
4,"map(alloc: a)",16384,64,304,0,2,3140,0,3629.052639008
4,"map(alloc: a)",16384,64,304,0,2,758,0,1026.856899261
4,"map(alloc: a)",16384,64,304,0,2,28,0,243.306159973
4,"map(alloc: a)",16384,64,304,0,3,11,0,219.547748566
4,"map(alloc: a)",16384,64,304,0,3,4,0,209.605693817
4,"map(alloc: a)",16384,64,304,0,3,5042,0,5680.859088898
4,"map(alloc: a)",16384,64,304,0,3,183,0,405.192375183
4,"map(alloc: a)",16384,64,304,0,3,17,0,221.145153046
4,"map(alloc: a)",16384,64,304,0,3,3,0,203.752517700
4,"map(alloc: a)",16384,64,304,0,3,28,0,231.897830963
4,"map(alloc: a)",16384,64,304,0,3,1218,0,1529.800891876
4,"map(alloc: a)",16384,64,304,0,3,114,0,329.697132111
4,"map(alloc: a)",16384,64,304,0,3,758,0,1034.593582153
4,"map(alloc: a)",16384,64,304,0,3,1955,0,2336.406707764
4,"map(alloc: a)",16384,64,304,0,3,472,0,719.392299652
4,"map(alloc: a)",16384,64,304,0,3,7,0,208.449363708
4,"map(alloc: a)",16384,64,304,0,3,44,0,250.303745270
4,"map(alloc: a)",16384,64,304,0,3,3140,0,3613.340854645
4,"map(alloc: a)",16384,64,304,0,3,8096,0,9025.502204895
4,"map(alloc: a)",16384,64,304,0,3,71,0,282.955169678
4,"map(alloc: a)",16384,64,304,0,3,1,0,202.488899231
4,"map(alloc: a)",16384,64,304,0,3,2,0,202.858448029
4,"map(alloc: a)",16384,64,304,0,3,294,0,526.547431946
4,"map(alloc: a)",16384,64,304,0,4,3,0,203.692913055
4,"map(alloc: a)",16384,64,304,0,4,8096,0,8997.201919556
4,"map(alloc: a)",16384,64,304,0,4,1,0,202.500820160
4,"map(alloc: a)",16384,64,304,0,4,28,0,231.838226318
4,"map(alloc: a)",16384,64,304,0,4,17,0,221.049785614
4,"map(alloc: a)",16384,64,304,0,4,5042,0,5688.202381134
4,"map(alloc: a)",16384,64,304,0,4,7,0,208.497047424
4,"map(alloc: a)",16384,64,304,0,4,114,0,330.042839050
4,"map(alloc: a)",16384,64,304,0,4,44,0,250.351428986
4,"map(alloc: a)",16384,64,304,0,4,2,0,202.393531799
4,"map(alloc: a)",16384,64,304,0,4,294,0,524.246692657
4,"map(alloc: a)",16384,64,304,0,4,758,0,1031.601428986
4,"map(alloc: a)",16384,64,304,0,4,183,0,403.857231140
4,"map(alloc: a)",16384,64,304,0,4,4,0,205.850601196
4,"map(alloc: a)",16384,64,304,0,4,1218,0,1523.959636688
4,"map(alloc: a)",16384,64,304,0,4,71,0,283.002853394
4,"map(alloc: a)",16384,64,304,0,4,1955,0,2327.561378479
4,"map(alloc: a)",16384,64,304,0,4,11,0,213.444232941
4,"map(alloc: a)",16384,64,304,0,4,472,0,717.508792877
4,"map(alloc: a)",16384,64,304,0,4,3140,0,3633.010387421
4,"map(alloc: a)",16384,64,304,1,0,2,0,202.548503876
4,"map(alloc: a)",16384,64,304,1,0,4,0,206.303596497
4,"map(alloc: a)",16384,64,304,1,0,472,0,718.057155609
4,"map(alloc: a)",16384,64,304,1,0,3140,0,3629.648685455
4,"map(alloc: a)",16384,64,304,1,0,183,0,404.155254364
4,"map(alloc: a)",16384,64,304,1,0,28,0,231.850147247
4,"map(alloc: a)",16384,64,304,1,0,71,0,282.943248749
4,"map(alloc: a)",16384,64,304,1,0,1218,0,1530.802249908
4,"map(alloc: a)",16384,64,304,1,0,294,0,524.055957794
4,"map(alloc: a)",16384,64,304,1,0,1,0,202.453136444
4,"map(alloc: a)",16384,64,304,1,0,7,0,208.604335785
4,"map(alloc: a)",16384,64,304,1,0,1955,0,2342.891693115
4,"map(alloc: a)",16384,64,304,1,0,758,0,1025.152206421
4,"map(alloc: a)",16384,64,304,1,0,114,0,330.054759979
4,"map(alloc: a)",16384,64,304,1,0,11,0,213.348865509
4,"map(alloc: a)",16384,64,304,1,0,3,0,203.597545624
4,"map(alloc: a)",16384,64,304,1,0,8096,0,8970.499038696
4,"map(alloc: a)",16384,64,304,1,0,44,0,250.399112701
4,"map(alloc: a)",16384,64,304,1,0,17,0,220.942497253
4,"map(alloc: a)",16384,64,304,1,0,5042,0,5692.696571350
4,"map(alloc: a)",16384,64,304,1,1,758,0,1026.701927185
4,"map(alloc: a)",16384,64,304,1,1,3,0,203.955173492
4,"map(alloc: a)",16384,64,304,1,1,3140,0,3621.602058411
4,"map(alloc: a)",16384,64,304,1,1,1955,0,2340.948581696
4,"map(alloc: a)",16384,64,304,1,1,44,0,250.196456909
4,"map(alloc: a)",16384,64,304,1,1,17,0,221.049785614
4,"map(alloc: a)",16384,64,304,1,1,294,0,524.747371674
4,"map(alloc: a)",16384,64,304,1,1,28,0,232.040882111
4,"map(alloc: a)",16384,64,304,1,1,114,0,329.303741455
4,"map(alloc: a)",16384,64,304,1,1,2,0,202.596187592
4,"map(alloc: a)",16384,64,304,1,1,7,0,208.497047424
4,"map(alloc: a)",16384,64,304,1,1,183,0,405.251979828
4,"map(alloc: a)",16384,64,304,1,1,8096,0,8971.846103668
4,"map(alloc: a)",16384,64,304,1,1,11,0,213.444232941
4,"map(alloc: a)",16384,64,304,1,1,1,0,202.405452728
4,"map(alloc: a)",16384,64,304,1,1,1218,0,1528.954505920
4,"map(alloc: a)",16384,64,304,1,1,472,0,716.543197632
4,"map(alloc: a)",16384,64,304,1,1,71,0,283.098220825
4,"map(alloc: a)",16384,64,304,1,1,5042,0,5677.652359009
4,"map(alloc: a)",16384,64,304,1,1,4,0,206.041336060
4,"map(alloc: a)",16384,64,304,1,2,2,0,202.405452728
4,"map(alloc: a)",16384,64,304,1,2,71,0,283.193588257
4,"map(alloc: a)",16384,64,304,1,2,17,0,221.049785614
4,"map(alloc: a)",16384,64,304,1,2,472,0,719.439983368
4,"map(alloc: a)",16384,64,304,1,2,5042,0,5662.000179291
4,"map(alloc: a)",16384,64,304,1,2,28,0,231.802463531
4,"map(alloc: a)",16384,64,304,1,2,44,0,250.351428986
4,"map(alloc: a)",16384,64,304,1,2,1218,0,1530.098915100
4,"map(alloc: a)",16384,64,304,1,2,4,0,206.053256989
4,"map(alloc: a)",16384,64,304,1,2,1955,0,2342.855930328
4,"map(alloc: a)",16384,64,304,1,2,183,0,404.441356659
4,"map(alloc: a)",16384,64,304,1,2,7,0,208.497047424
4,"map(alloc: a)",16384,64,304,1,2,758,0,1025.092601776
4,"map(alloc: a)",16384,64,304,1,2,1,0,202.345848083
4,"map(alloc: a)",16384,64,304,1,2,3140,0,3618.848323822
4,"map(alloc: a)",16384,64,304,1,2,8096,0,9015.548229218
4,"map(alloc: a)",16384,64,304,1,2,3,0,203.800201416
4,"map(alloc: a)",16384,64,304,1,2,114,0,329.995155334
4,"map(alloc: a)",16384,64,304,1,2,11,0,213.408470154
4,"map(alloc: a)",16384,64,304,1,2,294,0,525.856018066
4,"map(alloc: a)",16384,64,304,1,3,1,0,202.393531799
4,"map(alloc: a)",16384,64,304,1,3,17,0,221.347808838
4,"map(alloc: a)",16384,64,304,1,3,294,0,524.294376373
4,"map(alloc: a)",16384,64,304,1,3,5042,0,5705.857276917
4,"map(alloc: a)",16384,64,304,1,3,114,0,337.553024292
4,"map(alloc: a)",16384,64,304,1,3,28,0,238.096714020
4,"map(alloc: a)",16384,64,304,1,3,1218,0,1525.151729584
4,"map(alloc: a)",16384,64,304,1,3,2,0,202.453136444
4,"map(alloc: a)",16384,64,304,1,3,3,0,203.907489777
4,"map(alloc: a)",16384,64,304,1,3,4,0,206.041336060
4,"map(alloc: a)",16384,64,304,1,3,758,0,1026.701927185
4,"map(alloc: a)",16384,64,304,1,3,11,0,213.503837585
4,"map(alloc: a)",16384,64,304,1,3,44,0,250.208377838
4,"map(alloc: a)",16384,64,304,1,3,472,0,718.796253204
4,"map(alloc: a)",16384,64,304,1,3,7,0,208.747386932
4,"map(alloc: a)",16384,64,304,1,3,1955,0,2340.996265411
4,"map(alloc: a)",16384,64,304,1,3,71,0,283.098220825
4,"map(alloc: a)",16384,64,304,1,3,183,0,404.810905457
4,"map(alloc: a)",16384,64,304,1,3,8096,0,8995.842933655
4,"map(alloc: a)",16384,64,304,1,3,3140,0,3633.797168732
4,"map(alloc: a)",16384,64,304,1,4,472,0,716.543197632
4,"map(alloc: a)",16384,64,304,1,4,71,0,283.598899841
4,"map(alloc: a)",16384,64,304,1,4,1,0,202.655792236
4,"map(alloc: a)",16384,64,304,1,4,11,0,213.396549225
4,"map(alloc: a)",16384,64,304,1,4,4,0,206.196308136
4,"map(alloc: a)",16384,64,304,1,4,3140,0,3630.042076111
4,"map(alloc: a)",16384,64,304,1,4,28,0,231.945514679
4,"map(alloc: a)",16384,64,304,1,4,1218,0,1532.304286957
4,"map(alloc: a)",16384,64,304,1,4,2,0,202.393531799
4,"map(alloc: a)",16384,64,304,1,4,183,0,404.751300812
4,"map(alloc: a)",16384,64,304,1,4,5042,0,5681.848526001
4,"map(alloc: a)",16384,64,304,1,4,114,0,330.102443695
4,"map(alloc: a)",16384,64,304,1,4,3,0,203.943252563
4,"map(alloc: a)",16384,64,304,1,4,44,0,250.506401062
4,"map(alloc: a)",16384,64,304,1,4,758,0,1027.595996857
4,"map(alloc: a)",16384,64,304,1,4,8096,0,9026.801586151
4,"map(alloc: a)",16384,64,304,1,4,1955,0,2333.593368530
4,"map(alloc: a)",16384,64,304,1,4,294,0,525.701045990
4,"map(alloc: a)",16384,64,304,1,4,7,0,208.353996277
4,"map(alloc: a)",16384,64,304,1,4,17,0,221.097469330
4,"map(alloc: a)",65536,64,304,0,0,7,0,210.058689117
4,"map(alloc: a)",65536,64,304,0,0,114,0,330.352783203
4,"map(alloc: a)",65536,64,304,0,0,3,0,203.800201416
4,"map(alloc: a)",65536,64,304,0,0,17,0,220.894813538
4,"map(alloc: a)",65536,64,304,0,0,1,0,202.202796936
4,"map(alloc: a)",65536,64,304,0,0,44,0,250.196456909
4,"map(alloc: a)",65536,64,304,0,0,294,0,524.997711182
4,"map(alloc: a)",65536,64,304,0,0,3140,0,3633.999824524
4,"map(alloc: a)",65536,64,304,0,0,4,0,209.355354309
4,"map(alloc: a)",65536,64,304,0,0,1955,0,2340.710163116
4,"map(alloc: a)",65536,64,304,0,0,183,0,404.846668243
4,"map(alloc: a)",65536,64,304,0,0,8096,0,9028.446674347
4,"map(alloc: a)",65536,64,304,0,0,758,0,1027.595996857
4,"map(alloc: a)",65536,64,304,0,0,71,0,283.300876617
4,"map(alloc: a)",65536,64,304,0,0,2,0,202.453136444
4,"map(alloc: a)",65536,64,304,0,0,11,0,213.503837585
4,"map(alloc: a)",65536,64,304,0,0,28,0,231.647491455
4,"map(alloc: a)",65536,64,304,0,0,5042,0,5701.303482056
4,"map(alloc: a)",65536,64,304,0,0,1218,0,1523.351669312
4,"map(alloc: a)",65536,64,304,0,0,472,0,720.345973969
4,"map(alloc: a)",65536,64,304,0,1,4,0,205.945968628
4,"map(alloc: a)",65536,64,304,0,1,1,0,202.655792236
4,"map(alloc: a)",65536,64,304,0,1,17,0,221.097469330
4,"map(alloc: a)",65536,64,304,0,1,28,0,231.790542603
4,"map(alloc: a)",65536,64,304,0,1,11,0,213.301181793
4,"map(alloc: a)",65536,64,304,0,1,3140,0,3626.644611359
4,"map(alloc: a)",65536,64,304,0,1,2,0,202.453136444
4,"map(alloc: a)",65536,64,304,0,1,758,0,1031.053066254
4,"map(alloc: a)",65536,64,304,0,1,1218,0,1523.506641388
4,"map(alloc: a)",65536,64,304,0,1,44,0,250.303745270
4,"map(alloc: a)",65536,64,304,0,1,71,0,283.050537109
4,"map(alloc: a)",65536,64,304,0,1,114,0,330.150127411
4,"map(alloc: a)",65536,64,304,0,1,294,0,523.996353149
4,"map(alloc: a)",65536,64,304,0,1,7,0,208.389759064
4,"map(alloc: a)",65536,64,304,0,1,183,0,404.357910156
4,"map(alloc: a)",65536,64,304,0,1,8096,0,9034.752845764
4,"map(alloc: a)",65536,64,304,0,1,472,0,717.043876648
4,"map(alloc: a)",65536,64,304,0,1,1955,0,2342.200279236
4,"map(alloc: a)",65536,64,304,0,1,3,0,204.002857208
4,"map(alloc: a)",65536,64,304,0,1,5042,0,5708.301067352
4,"map(alloc: a)",65536,64,304,0,2,3,0,203.752517700
4,"map(alloc: a)",65536,64,304,0,2,44,0,250.148773193
4,"map(alloc: a)",65536,64,304,0,2,1,0,202.405452728
4,"map(alloc: a)",65536,64,304,0,2,183,0,404.942035675
4,"map(alloc: a)",65536,64,304,0,2,294,0,524.449348450
4,"map(alloc: a)",65536,64,304,0,2,5042,0,5692.946910858
4,"map(alloc: a)",65536,64,304,0,2,7,0,208.699703217
4,"map(alloc: a)",65536,64,304,0,2,8096,0,9044.897556305
4,"map(alloc: a)",65536,64,304,0,2,2,0,202.250480652
4,"map(alloc: a)",65536,64,304,0,2,114,0,330.042839050
4,"map(alloc: a)",65536,64,304,0,2,71,0,282.597541809
4,"map(alloc: a)",65536,64,304,0,2,1955,0,2345.192432404
4,"map(alloc: a)",65536,64,304,0,2,17,0,220.942497253
4,"map(alloc: a)",65536,64,304,0,2,472,0,719.499588013
4,"map(alloc: a)",65536,64,304,0,2,11,0,213.003158569
4,"map(alloc: a)",65536,64,304,0,2,1218,0,1530.945301056
4,"map(alloc: a)",65536,64,304,0,2,4,0,219.845771790
4,"map(alloc: a)",65536,64,304,0,2,3140,0,3635.799884796
4,"map(alloc: a)",65536,64,304,0,2,758,0,1027.703285217
4,"map(alloc: a)",65536,64,304,0,2,28,0,231.957435608
4,"map(alloc: a)",65536,64,304,0,3,11,0,213.348865509
4,"map(alloc: a)",65536,64,304,0,3,4,0,206.005573273
4,"map(alloc: a)",65536,64,304,0,3,5042,0,5688.154697418
4,"map(alloc: a)",65536,64,304,0,3,183,0,405.049324036
4,"map(alloc: a)",65536,64,304,0,3,17,0,220.906734467
4,"map(alloc: a)",65536,64,304,0,3,3,0,203.704833984
4,"map(alloc: a)",65536,64,304,0,3,28,0,232.005119324
4,"map(alloc: a)",65536,64,304,0,3,1218,0,1530.396938324
4,"map(alloc: a)",65536,64,304,0,3,114,0,329.351425171
4,"map(alloc: a)",65536,64,304,0,3,758,0,1030.206680298
4,"map(alloc: a)",65536,64,304,0,3,1955,0,2332.198619843
4,"map(alloc: a)",65536,64,304,0,3,472,0,720.000267029
4,"map(alloc: a)",65536,64,304,0,3,7,0,208.604335785
4,"map(alloc: a)",65536,64,304,0,3,44,0,250.506401062
4,"map(alloc: a)",65536,64,304,0,3,3140,0,3617.644309998
4,"map(alloc: a)",65536,64,304,0,3,8096,0,9039.354324341
4,"map(alloc: a)",65536,64,304,0,3,71,0,282.990932465
4,"map(alloc: a)",65536,64,304,0,3,1,0,202.453136444
4,"map(alloc: a)",65536,64,304,0,3,2,0,202.798843384
4,"map(alloc: a)",65536,64,304,0,3,294,0,525.999069214
4,"map(alloc: a)",65536,64,304,0,4,3,0,203.800201416
4,"map(alloc: a)",65536,64,304,0,4,8096,0,9011.852741241
4,"map(alloc: a)",65536,64,304,0,4,1,0,202.405452728
4,"map(alloc: a)",65536,64,304,0,4,28,0,231.945514679
4,"map(alloc: a)",65536,64,304,0,4,17,0,220.954418182
4,"map(alloc: a)",65536,64,304,0,4,5042,0,5698.394775391
4,"map(alloc: a)",65536,64,304,0,4,7,0,208.497047424
4,"map(alloc: a)",65536,64,304,0,4,114,0,330.305099487
4,"map(alloc: a)",65536,64,304,0,4,44,0,250.148773193
4,"map(alloc: a)",65536,64,304,0,4,2,0,202.548503876
4,"map(alloc: a)",65536,64,304,0,4,294,0,524.854660034
4,"map(alloc: a)",65536,64,304,0,4,758,0,1032.197475433
4,"map(alloc: a)",65536,64,304,0,4,183,0,403.952598572
4,"map(alloc: a)",65536,64,304,0,4,4,0,205.898284912
4,"map(alloc: a)",65536,64,304,0,4,1218,0,1525.497436523
4,"map(alloc: a)",65536,64,304,0,4,71,0,283.098220825
4,"map(alloc: a)",65536,64,304,0,4,1955,0,2329.003810883
4,"map(alloc: a)",65536,64,304,0,4,11,0,213.193893433
4,"map(alloc: a)",65536,64,304,0,4,472,0,717.949867249
4,"map(alloc: a)",65536,64,304,0,4,3140,0,3635.346889496
4,"map(alloc: a)",65536,64,304,1,0,2,0,202.393531799
4,"map(alloc: a)",65536,64,304,1,0,4,0,206.053256989
4,"map(alloc: a)",65536,64,304,1,0,472,0,718.259811401
4,"map(alloc: a)",65536,64,304,1,0,3140,0,3635.752201080
4,"map(alloc: a)",65536,64,304,1,0,183,0,403.904914856
4,"map(alloc: a)",65536,64,304,1,0,28,0,232.446193695
4,"map(alloc: a)",65536,64,304,1,0,71,0,283.360481262
4,"map(alloc: a)",65536,64,304,1,0,1218,0,1531.755924225
4,"map(alloc: a)",65536,64,304,1,0,294,0,524.055957794
4,"map(alloc: a)",65536,64,304,1,0,1,0,202.345848083
4,"map(alloc: a)",65536,64,304,1,0,7,0,208.497047424
4,"map(alloc: a)",65536,64,304,1,0,1955,0,2346.205711365
4,"map(alloc: a)",65536,64,304,1,0,758,0,1026.046276093
4,"map(alloc: a)",65536,64,304,1,0,114,0,329.852104187
4,"map(alloc: a)",65536,64,304,1,0,11,0,213.348865509
4,"map(alloc: a)",65536,64,304,1,0,3,0,203.800201416
4,"map(alloc: a)",65536,64,304,1,0,8096,0,8979.105949402
4,"map(alloc: a)",65536,64,304,1,0,44,0,250.554084778
4,"map(alloc: a)",65536,64,304,1,0,17,0,220.942497253
4,"map(alloc: a)",65536,64,304,1,0,5042,0,5703.103542328
4,"map(alloc: a)",65536,64,304,1,1,758,0,1027.858257294
4,"map(alloc: a)",65536,64,304,1,1,3,0,203.955173492
4,"map(alloc: a)",65536,64,304,1,1,3140,0,3617.703914642
4,"map(alloc: a)",65536,64,304,1,1,1955,0,2345.991134644
4,"map(alloc: a)",65536,64,304,1,1,44,0,250.256061554
4,"map(alloc: a)",65536,64,304,1,1,17,0,220.954418182
4,"map(alloc: a)",65536,64,304,1,1,294,0,524.950027466
4,"map(alloc: a)",65536,64,304,1,1,28,0,232.005119324
4,"map(alloc: a)",65536,64,304,1,1,114,0,329.244136810
4,"map(alloc: a)",65536,64,304,1,1,2,0,202.298164368
4,"map(alloc: a)",65536,64,304,1,1,7,0,208.795070648
4,"map(alloc: a)",65536,64,304,1,1,183,0,405.156612396
4,"map(alloc: a)",65536,64,304,1,1,8096,0,8974.850177765
4,"map(alloc: a)",65536,64,304,1,1,11,0,213.205814362
4,"map(alloc: a)",65536,64,304,1,1,1,0,202.310085297
4,"map(alloc: a)",65536,64,304,1,1,1218,0,1529.550552368
4,"map(alloc: a)",65536,64,304,1,1,472,0,716.948509216
4,"map(alloc: a)",65536,64,304,1,1,71,0,282.704830170
4,"map(alloc: a)",65536,64,304,1,1,5042,0,5687.546730042
4,"map(alloc: a)",65536,64,304,1,1,4,0,205.850601196
4,"map(alloc: a)",65536,64,304,1,2,2,0,202.500820160
4,"map(alloc: a)",65536,64,304,1,2,71,0,283.145904541
4,"map(alloc: a)",65536,64,304,1,2,17,0,221.145153046
4,"map(alloc: a)",65536,64,304,1,2,472,0,720.345973969
4,"map(alloc: a)",65536,64,304,1,2,5042,0,5668.699741364
4,"map(alloc: a)",65536,64,304,1,2,28,0,231.945514679
4,"map(alloc: a)",65536,64,304,1,2,44,0,250.351428986
4,"map(alloc: a)",65536,64,304,1,2,1218,0,1532.590389252
4,"map(alloc: a)",65536,64,304,1,2,4,0,205.945968628
4,"map(alloc: a)",65536,64,304,1,2,1955,0,2338.755130768
4,"map(alloc: a)",65536,64,304,1,2,183,0,404.453277588
4,"map(alloc: a)",65536,64,304,1,2,7,0,208.497047424
4,"map(alloc: a)",65536,64,304,1,2,758,0,1026.308536530
4,"map(alloc: a)",65536,64,304,1,2,1,0,202.858448029
4,"map(alloc: a)",65536,64,304,1,2,3140,0,3622.651100159
4,"map(alloc: a)",65536,64,304,1,2,8096,0,9025.907516479
4,"map(alloc: a)",65536,64,304,1,2,3,0,203.800201416
4,"map(alloc: a)",65536,64,304,1,2,114,0,329.947471619
4,"map(alloc: a)",65536,64,304,1,2,11,0,213.348865509
4,"map(alloc: a)",65536,64,304,1,2,294,0,526.452064514
4,"map(alloc: a)",65536,64,304,1,3,1,0,202.345848083
4,"map(alloc: a)",65536,64,304,1,3,17,0,221.097469330
4,"map(alloc: a)",65536,64,304,1,3,294,0,524.652004242
4,"map(alloc: a)",65536,64,304,1,3,5042,0,5710.601806641
4,"map(alloc: a)",65536,64,304,1,3,114,0,329.458713531
4,"map(alloc: a)",65536,64,304,1,3,28,0,232.005119324
4,"map(alloc: a)",65536,64,304,1,3,1218,0,1525.604724884
4,"map(alloc: a)",65536,64,304,1,3,2,0,202.453136444
4,"map(alloc: a)",65536,64,304,1,3,3,0,203.943252563
4,"map(alloc: a)",65536,64,304,1,3,4,0,205.695629120
4,"map(alloc: a)",65536,64,304,1,3,758,0,1027.548313141
4,"map(alloc: a)",65536,64,304,1,3,11,0,213.253498077
4,"map(alloc: a)",65536,64,304,1,3,44,0,250.208377838
4,"map(alloc: a)",65536,64,304,1,3,472,0,719.141960144
4,"map(alloc: a)",65536,64,304,1,3,7,0,218.844413757
4,"map(alloc: a)",65536,64,304,1,3,1955,0,2345.442771912
4,"map(alloc: a)",65536,64,304,1,3,71,0,282.442569733
4,"map(alloc: a)",65536,64,304,1,3,183,0,405.347347260
4,"map(alloc: a)",65536,64,304,1,3,8096,0,8982.300758362
4,"map(alloc: a)",65536,64,304,1,3,3140,0,3639.698028564
4,"map(alloc: a)",65536,64,304,1,4,472,0,717.401504517
4,"map(alloc: a)",65536,64,304,1,4,71,0,283.253192902
4,"map(alloc: a)",65536,64,304,1,4,1,0,202.345848083
4,"map(alloc: a)",65536,64,304,1,4,11,0,213.289260864
4,"map(alloc: a)",65536,64,304,1,4,4,0,206.053256989
4,"map(alloc: a)",65536,64,304,1,4,3140,0,3629.040718079
4,"map(alloc: a)",65536,64,304,1,4,28,0,231.897830963
4,"map(alloc: a)",65536,64,304,1,4,1218,0,1529.800891876
4,"map(alloc: a)",65536,64,304,1,4,2,0,202.691555023
4,"map(alloc: a)",65536,64,304,1,4,183,0,405.049324036
4,"map(alloc: a)",65536,64,304,1,4,5042,0,5689.704418182
4,"map(alloc: a)",65536,64,304,1,4,114,0,330.150127411
4,"map(alloc: a)",65536,64,304,1,4,3,0,203.859806061
4,"map(alloc: a)",65536,64,304,1,4,44,0,250.351428986
4,"map(alloc: a)",65536,64,304,1,4,758,0,1026.499271393
4,"map(alloc: a)",65536,64,304,1,4,8096,0,9030.354022980
4,"map(alloc: a)",65536,64,304,1,4,1955,0,2330.195903778
4,"map(alloc: a)",65536,64,304,1,4,294,0,526.249408722
4,"map(alloc: a)",65536,64,304,1,4,7,0,208.449363708
4,"map(alloc: a)",65536,64,304,1,4,17,0,221.049785614
4,"map(alloc: a)",262144,64,304,0,0,7,0,209.999084473
4,"map(alloc: a)",262144,64,304,0,0,114,0,329.601764679
4,"map(alloc: a)",262144,64,304,0,0,3,0,204.145908356
4,"map(alloc: a)",262144,64,304,0,0,17,0,221.049785614
4,"map(alloc: a)",262144,64,304,0,0,1,0,202.357769012
4,"map(alloc: a)",262144,64,304,0,0,44,0,251.650810242
4,"map(alloc: a)",262144,64,304,0,0,294,0,524.008274078
4,"map(alloc: a)",262144,64,304,0,0,3140,0,3618.097305298
4,"map(alloc: a)",262144,64,304,0,0,4,0,206.100940704
4,"map(alloc: a)",262144,64,304,0,0,1955,0,2330.648899078
4,"map(alloc: a)",262144,64,304,0,0,183,0,403.106212616
4,"map(alloc: a)",262144,64,304,0,0,8096,0,8989.596366882
4,"map(alloc: a)",262144,64,304,0,0,758,0,1022.243499756
4,"map(alloc: a)",262144,64,304,0,0,71,0,283.098220825
4,"map(alloc: a)",262144,64,304,0,0,2,0,202.345848083
4,"map(alloc: a)",262144,64,304,0,0,11,0,213.098526001
4,"map(alloc: a)",262144,64,304,0,0,28,0,231.707096100
4,"map(alloc: a)",262144,64,304,0,0,5042,0,5679.094791412
4,"map(alloc: a)",262144,64,304,0,0,1218,0,1518.893241882
4,"map(alloc: a)",262144,64,304,0,0,472,0,717.353820801
4,"map(alloc: a)",262144,64,304,0,1,4,0,206.351280212
4,"map(alloc: a)",262144,64,304,0,1,1,0,202.596187592
4,"map(alloc: a)",262144,64,304,0,1,17,0,221.204757690
4,"map(alloc: a)",262144,64,304,0,1,28,0,231.742858887
4,"map(alloc: a)",262144,64,304,0,1,11,0,213.444232941
4,"map(alloc: a)",262144,64,304,0,1,3140,0,3618.550300598
4,"map(alloc: a)",262144,64,304,0,1,2,0,203.192234039
4,"map(alloc: a)",262144,64,304,0,1,758,0,1028.156280518
4,"map(alloc: a)",262144,64,304,0,1,1218,0,1515.805721283
4,"map(alloc: a)",262144,64,304,0,1,44,0,250.196456909
4,"map(alloc: a)",262144,64,304,0,1,71,0,282.645225525
4,"map(alloc: a)",262144,64,304,0,1,114,0,329.852104187
4,"map(alloc: a)",262144,64,304,0,1,294,0,522.589683533
4,"map(alloc: a)",262144,64,304,0,1,7,0,208.556652069
4,"map(alloc: a)",262144,64,304,0,1,183,0,403.654575348
4,"map(alloc: a)",262144,64,304,0,1,8096,0,8996.105194092
4,"map(alloc: a)",262144,64,304,0,1,472,0,714.850425720
4,"map(alloc: a)",262144,64,304,0,1,1955,0,2327.954769135
4,"map(alloc: a)",262144,64,304,0,1,3,0,203.943252563
4,"map(alloc: a)",262144,64,304,0,1,5042,0,5671.751499176
4,"map(alloc: a)",262144,64,304,0,2,3,0,203.895568848
4,"map(alloc: a)",262144,64,304,0,2,44,0,250.089168549
4,"map(alloc: a)",262144,64,304,0,2,1,0,202.298164368
4,"map(alloc: a)",262144,64,304,0,2,183,0,404.298305511
4,"map(alloc: a)",262144,64,304,0,2,294,0,523.698329926
4,"map(alloc: a)",262144,64,304,0,2,5042,0,5672.347545624
4,"map(alloc: a)",262144,64,304,0,2,7,0,208.556652069
4,"map(alloc: a)",262144,64,304,0,2,8096,0,8989.405632019
4,"map(alloc: a)",262144,64,304,0,2,2,0,202.202796936
4,"map(alloc: a)",262144,64,304,0,2,114,0,329.601764679
4,"map(alloc: a)",262144,64,304,0,2,71,0,282.442569733
4,"map(alloc: a)",262144,64,304,0,2,1955,0,2335.441112518
4,"map(alloc: a)",262144,64,304,0,2,17,0,221.097469330
4,"map(alloc: a)",262144,64,304,0,2,472,0,717.294216156
4,"map(alloc: a)",262144,64,304,0,2,11,0,213.003158569
4,"map(alloc: a)",262144,64,304,0,2,1218,0,1522.243022919
4,"map(alloc: a)",262144,64,304,0,2,4,0,206.255912781
4,"map(alloc: a)",262144,64,304,0,2,3140,0,3611.552715302
4,"map(alloc: a)",262144,64,304,0,2,758,0,1024.150848389
4,"map(alloc: a)",262144,64,304,0,2,28,0,231.850147247
4,"map(alloc: a)",262144,64,304,0,3,11,0,213.146209717
4,"map(alloc: a)",262144,64,304,0,3,4,0,205.945968628
4,"map(alloc: a)",262144,64,304,0,3,5042,0,5661.797523499
4,"map(alloc: a)",262144,64,304,0,3,183,0,404.405593872
4,"map(alloc: a)",262144,64,304,0,3,17,0,220.954418182
4,"map(alloc: a)",262144,64,304,0,3,3,0,203.800201416
4,"map(alloc: a)",262144,64,304,0,3,28,0,231.647491455
4,"map(alloc: a)",262144,64,304,0,3,1218,0,1524.889469147
4,"map(alloc: a)",262144,64,304,0,3,114,0,329.089164734
4,"map(alloc: a)",262144,64,304,0,3,758,0,1026.809215546
4,"map(alloc: a)",262144,64,304,0,3,1955,0,2323.997020721
4,"map(alloc: a)",262144,64,304,0,3,472,0,717.902183533
4,"map(alloc: a)",262144,64,304,0,3,7,0,208.294391632
4,"map(alloc: a)",262144,64,304,0,3,44,0,250.244140625
4,"map(alloc: a)",262144,64,304,0,3,3140,0,3609.156608582
4,"map(alloc: a)",262144,64,304,0,3,8096,0,8979.046344757
4,"map(alloc: a)",262144,64,304,0,3,71,0,282.704830170
4,"map(alloc: a)",262144,64,304,0,3,1,0,202.500820160
4,"map(alloc: a)",262144,64,304,0,3,2,0,202.500820160
4,"map(alloc: a)",262144,64,304,0,3,294,0,524.652004242
4,"map(alloc: a)",262144,64,304,0,4,3,0,203.597545624
4,"map(alloc: a)",262144,64,304,0,4,8096,0,8974.301815033
4,"map(alloc: a)",262144,64,304,0,4,1,0,203.502178192
4,"map(alloc: a)",262144,64,304,0,4,28,0,232.052803040
4,"map(alloc: a)",262144,64,304,0,4,17,0,220.799446106
4,"map(alloc: a)",262144,64,304,0,4,5042,0,5673.301219940
4,"map(alloc: a)",262144,64,304,0,4,7,0,208.353996277
4,"map(alloc: a)",262144,64,304,0,4,114,0,329.756736755
4,"map(alloc: a)",262144,64,304,0,4,44,0,250.303745270
4,"map(alloc: a)",262144,64,304,0,4,2,0,202.453136444
4,"map(alloc: a)",262144,64,304,0,4,294,0,523.447990417
4,"map(alloc: a)",262144,64,304,0,4,758,0,1026.403903961
4,"map(alloc: a)",262144,64,304,0,4,183,0,403.499603271
4,"map(alloc: a)",262144,64,304,0,4,4,0,205.802917480
4,"map(alloc: a)",262144,64,304,0,4,1218,0,1519.596576691
4,"map(alloc: a)",262144,64,304,0,4,71,0,282.752513885
4,"map(alloc: a)",262144,64,304,0,4,1955,0,2321.350574493
4,"map(alloc: a)",262144,64,304,0,4,11,0,213.241577148
4,"map(alloc: a)",262144,64,304,0,4,472,0,715.899467468
4,"map(alloc: a)",262144,64,304,0,4,3140,0,3619.551658630
4,"map(alloc: a)",262144,64,304,1,0,2,0,202.453136444
4,"map(alloc: a)",262144,64,304,1,0,4,0,206.100940704
4,"map(alloc: a)",262144,64,304,1,0,472,0,715.351104736
4,"map(alloc: a)",262144,64,304,1,0,3140,0,3622.257709503
4,"map(alloc: a)",262144,64,304,1,0,183,0,403.249263763
4,"map(alloc: a)",262144,64,304,1,0,28,0,231.802463531
4,"map(alloc: a)",262144,64,304,1,0,71,0,283.002853394
4,"map(alloc: a)",262144,64,304,1,0,1218,0,1525.747776031
4,"map(alloc: a)",262144,64,304,1,0,294,0,523.006916046
4,"map(alloc: a)",262144,64,304,1,0,1,0,202.703475952
4,"map(alloc: a)",262144,64,304,1,0,7,0,208.652019501
4,"map(alloc: a)",262144,64,304,1,0,1955,0,2332.746982574
4,"map(alloc: a)",262144,64,304,1,0,758,0,1022.350788116
4,"map(alloc: a)",262144,64,304,1,0,114,0,329.351425171
4,"map(alloc: a)",262144,64,304,1,0,11,0,213.694572449
4,"map(alloc: a)",262144,64,304,1,0,3,0,203.955173492
4,"map(alloc: a)",262144,64,304,1,0,8096,0,8943.593502045
4,"map(alloc: a)",262144,64,304,1,0,44,0,250.148773193
4,"map(alloc: a)",262144,64,304,1,0,17,0,220.847129822
4,"map(alloc: a)",262144,64,304,1,0,5042,0,5680.310726166
4,"map(alloc: a)",262144,64,304,1,1,758,0,1021.051406860
4,"map(alloc: a)",262144,64,304,1,1,3,0,203.549861908
4,"map(alloc: a)",262144,64,304,1,1,3140,0,3600.800037384
4,"map(alloc: a)",262144,64,304,1,1,1955,0,2335.751056671
4,"map(alloc: a)",262144,64,304,1,1,44,0,249.946117401
4,"map(alloc: a)",262144,64,304,1,1,17,0,220.847129822
4,"map(alloc: a)",262144,64,304,1,1,294,0,523.447990417
4,"map(alloc: a)",262144,64,304,1,1,28,0,231.754779816
4,"map(alloc: a)",262144,64,304,1,1,114,0,328.803062439
4,"map(alloc: a)",262144,64,304,1,1,2,0,202.548503876
4,"map(alloc: a)",262144,64,304,1,1,7,0,208.294391632
4,"map(alloc: a)",262144,64,304,1,1,183,0,404.357910156
4,"map(alloc: a)",262144,64,304,1,1,8096,0,8940.947055817
4,"map(alloc: a)",262144,64,304,1,1,11,0,213.456153870
4,"map(alloc: a)",262144,64,304,1,1,1,0,202.560424805
4,"map(alloc: a)",262144,64,304,1,1,1218,0,1524.555683136
4,"map(alloc: a)",262144,64,304,1,1,472,0,713.658332825
4,"map(alloc: a)",262144,64,304,1,1,71,0,282.800197601
4,"map(alloc: a)",262144,64,304,1,1,5042,0,5650.842189789
4,"map(alloc: a)",262144,64,304,1,1,4,0,206.005573273
4,"map(alloc: a)",262144,64,304,1,2,2,0,202.548503876
4,"map(alloc: a)",262144,64,304,1,2,71,0,283.145904541
4,"map(alloc: a)",262144,64,304,1,2,17,0,221.002101898
4,"map(alloc: a)",262144,64,304,1,2,472,0,717.854499817
4,"map(alloc: a)",262144,64,304,1,2,5042,0,5640.602111816
4,"map(alloc: a)",262144,64,304,1,2,28,0,231.850147247
4,"map(alloc: a)",262144,64,304,1,2,44,0,250.041484833
4,"map(alloc: a)",262144,64,304,1,2,1218,0,1522.755622864
4,"map(alloc: a)",262144,64,304,1,2,4,0,206.053256989
4,"map(alloc: a)",262144,64,304,1,2,1955,0,2330.040931702
4,"map(alloc: a)",262144,64,304,1,2,183,0,403.642654419
4,"map(alloc: a)",262144,64,304,1,2,7,0,208.699703217
4,"map(alloc: a)",262144,64,304,1,2,758,0,1022.851467133
4,"map(alloc: a)",262144,64,304,1,2,1,0,202.655792236
4,"map(alloc: a)",262144,64,304,1,2,3140,0,3600.656986237
4,"map(alloc: a)",262144,64,304,1,2,8096,0,8991.050720215
4,"map(alloc: a)",262144,64,304,1,2,3,0,204.050540924
4,"map(alloc: a)",262144,64,304,1,2,114,0,329.446792603
4,"map(alloc: a)",262144,64,304,1,2,11,0,213.146209717
4,"map(alloc: a)",262144,64,304,1,2,294,0,524.950027466
4,"map(alloc: a)",262144,64,304,1,3,1,0,202.095508575
4,"map(alloc: a)",262144,64,304,1,3,17,0,220.847129822
4,"map(alloc: a)",262144,64,304,1,3,294,0,523.447990417
4,"map(alloc: a)",262144,64,304,1,3,5042,0,5671.095848083
4,"map(alloc: a)",262144,64,304,1,3,114,0,329.101085663
4,"map(alloc: a)",262144,64,304,1,3,28,0,231.647491455
4,"map(alloc: a)",262144,64,304,1,3,1218,0,1519.107818604
4,"map(alloc: a)",262144,64,304,1,3,2,0,202.202796936
4,"map(alloc: a)",262144,64,304,1,3,3,0,203.752517700
4,"map(alloc: a)",262144,64,304,1,3,4,0,205.898284912
4,"map(alloc: a)",262144,64,304,1,3,758,0,1024.496555328
4,"map(alloc: a)",262144,64,304,1,3,11,0,213.444232941
4,"map(alloc: a)",262144,64,304,1,3,44,0,250.101089478
4,"map(alloc: a)",262144,64,304,1,3,472,0,716.853141785
4,"map(alloc: a)",262144,64,304,1,3,7,0,208.497047424
4,"map(alloc: a)",262144,64,304,1,3,1955,0,2333.748340607
4,"map(alloc: a)",262144,64,304,1,3,71,0,282.347202301
4,"map(alloc: a)",262144,64,304,1,3,183,0,404.250621796
4,"map(alloc: a)",262144,64,304,1,3,8096,0,8944.249153137
4,"map(alloc: a)",262144,64,304,1,3,3140,0,3623.342514038
4,"map(alloc: a)",262144,64,304,1,4,472,0,714.397430420
4,"map(alloc: a)",262144,64,304,1,4,71,0,282.847881317
4,"map(alloc: a)",262144,64,304,1,4,1,0,202.345848083
4,"map(alloc: a)",262144,64,304,1,4,11,0,213.098526001
4,"map(alloc: a)",262144,64,304,1,4,4,0,206.160545349
4,"map(alloc: a)",262144,64,304,1,4,3140,0,3614.795207977
4,"map(alloc: a)",262144,64,304,1,4,28,0,231.742858887
4,"map(alloc: a)",262144,64,304,1,4,1218,0,1524.949073792
4,"map(alloc: a)",262144,64,304,1,4,2,0,202.548503876
4,"map(alloc: a)",262144,64,304,1,4,183,0,403.857231140
4,"map(alloc: a)",262144,64,304,1,4,5042,0,5648.946762085
4,"map(alloc: a)",262144,64,304,1,4,114,0,329.649448395
4,"map(alloc: a)",262144,64,304,1,4,3,0,203.657150269
4,"map(alloc: a)",262144,64,304,1,4,44,0,250.256061554
4,"map(alloc: a)",262144,64,304,1,4,758,0,1023.054122925
4,"map(alloc: a)",262144,64,304,1,4,8096,0,8994.400501251
4,"map(alloc: a)",262144,64,304,1,4,1955,0,2321.898937225
4,"map(alloc: a)",262144,64,304,1,4,294,0,524.747371674
4,"map(alloc: a)",262144,64,304,1,4,7,0,208.544731140
4,"map(alloc: a)",262144,64,304,1,4,17,0,220.799446106
4,"map(alloc: a)",1048576,64,304,0,0,7,0,209.939479828
4,"map(alloc: a)",1048576,64,304,0,0,114,0,329.697132111
4,"map(alloc: a)",1048576,64,304,0,0,3,0,203.895568848
4,"map(alloc: a)",1048576,64,304,0,0,17,0,221.049785614
4,"map(alloc: a)",1048576,64,304,0,0,1,0,202.596187592
4,"map(alloc: a)",1048576,64,304,0,0,44,0,250.101089478
4,"map(alloc: a)",1048576,64,304,0,0,294,0,523.304939270
4,"map(alloc: a)",1048576,64,304,0,0,3140,0,3621.101379395
4,"map(alloc: a)",1048576,64,304,0,0,4,0,206.160545349
4,"map(alloc: a)",1048576,64,304,0,0,1955,0,2332.448959351
4,"map(alloc: a)",1048576,64,304,0,0,183,0,403.451919556
4,"map(alloc: a)",1048576,64,304,0,0,8096,0,8997.499942780
4,"map(alloc: a)",1048576,64,304,0,0,758,0,1022.505760193
4,"map(alloc: a)",1048576,64,304,0,0,71,0,283.002853394
4,"map(alloc: a)",1048576,64,304,0,0,2,0,202.405452728
4,"map(alloc: a)",1048576,64,304,0,0,11,0,213.348865509
4,"map(alloc: a)",1048576,64,304,0,0,28,0,231.647491455
4,"map(alloc: a)",1048576,64,304,0,0,5042,0,5665.409564972
4,"map(alloc: a)",1048576,64,304,0,0,1218,0,1519.489288330
4,"map(alloc: a)",1048576,64,304,0,0,472,0,717.496871948
4,"map(alloc: a)",1048576,64,304,0,1,4,0,206.100940704
4,"map(alloc: a)",1048576,64,304,0,1,1,0,202.500820160
4,"map(alloc: a)",1048576,64,304,0,1,17,0,220.894813538
4,"map(alloc: a)",1048576,64,304,0,1,28,0,231.754779816
4,"map(alloc: a)",1048576,64,304,0,1,11,0,213.146209717
4,"map(alloc: a)",1048576,64,304,0,1,3140,0,3616.893291473
4,"map(alloc: a)",1048576,64,304,0,1,2,0,202.345848083
4,"map(alloc: a)",1048576,64,304,0,1,758,0,1027.894020081
4,"map(alloc: a)",1048576,64,304,0,1,1218,0,1515.901088715
4,"map(alloc: a)",1048576,64,304,0,1,44,0,250.053405762
4,"map(alloc: a)",1048576,64,304,0,1,71,0,282.299518585
4,"map(alloc: a)",1048576,64,304,0,1,114,0,329.494476318
4,"map(alloc: a)",1048576,64,304,0,1,294,0,522.804260254
4,"map(alloc: a)",1048576,64,304,0,1,7,0,208.246707916
4,"map(alloc: a)",1048576,64,304,0,1,183,0,403.547286987
4,"map(alloc: a)",1048576,64,304,0,1,8096,0,8977.997303009
4,"map(alloc: a)",1048576,64,304,0,1,472,0,715.100765228
4,"map(alloc: a)",1048576,64,304,0,1,1955,0,2330.803871155
4,"map(alloc: a)",1048576,64,304,0,1,3,0,203.800201416
4,"map(alloc: a)",1048576,64,304,0,1,5042,0,5676.102638245
4,"map(alloc: a)",1048576,64,304,0,2,3,0,203.990936279
4,"map(alloc: a)",1048576,64,304,0,2,44,0,250.244140625
4,"map(alloc: a)",1048576,64,304,0,2,1,0,202.596187592
4,"map(alloc: a)",1048576,64,304,0,2,183,0,404.500961304
4,"map(alloc: a)",1048576,64,304,0,2,294,0,522.994995117
4,"map(alloc: a)",1048576,64,304,0,2,5042,0,5674.052238464
4,"map(alloc: a)",1048576,64,304,0,2,7,0,208.652019501
4,"map(alloc: a)",1048576,64,304,0,2,8096,0,8996.796607971
4,"map(alloc: a)",1048576,64,304,0,2,2,0,202.751159668
4,"map(alloc: a)",1048576,64,304,0,2,114,0,329.649448395
4,"map(alloc: a)",1048576,64,304,0,2,71,0,282.657146454
4,"map(alloc: a)",1048576,64,304,0,2,1955,0,2331.101894379
4,"map(alloc: a)",1048576,64,304,0,2,17,0,220.799446106
4,"map(alloc: a)",1048576,64,304,0,2,472,0,716.555118561
4,"map(alloc: a)",1048576,64,304,0,2,11,0,213.003158569
4,"map(alloc: a)",1048576,64,304,0,2,1218,0,1523.053646088
4,"map(alloc: a)",1048576,64,304,0,2,4,0,206.005573273
4,"map(alloc: a)",1048576,64,304,0,2,3140,0,3612.411022186
4,"map(alloc: a)",1048576,64,304,0,2,758,0,1024.746894836
4,"map(alloc: a)",1048576,64,304,0,2,28,0,232.052803040
4,"map(alloc: a)",1048576,64,304,0,3,11,0,213.205814362
4,"map(alloc: a)",1048576,64,304,0,3,4,0,205.850601196
4,"map(alloc: a)",1048576,64,304,0,3,5042,0,5651.950836182
4,"map(alloc: a)",1048576,64,304,0,3,183,0,404.310226440
4,"map(alloc: a)",1048576,64,304,0,3,17,0,221.049785614
4,"map(alloc: a)",1048576,64,304,0,3,3,0,203.800201416
4,"map(alloc: a)",1048576,64,304,0,3,28,0,231.647491455
4,"map(alloc: a)",1048576,64,304,0,3,1218,0,1525.449752808
4,"map(alloc: a)",1048576,64,304,0,3,114,0,328.958034515
4,"map(alloc: a)",1048576,64,304,0,3,758,0,1025.402545929
4,"map(alloc: a)",1048576,64,304,0,3,1955,0,2325.248718262
4,"map(alloc: a)",1048576,64,304,0,3,472,0,716.948509216
4,"map(alloc: a)",1048576,64,304,0,3,7,0,208.747386932
4,"map(alloc: a)",1048576,64,304,0,3,44,0,250.148773193
4,"map(alloc: a)",1048576,64,304,0,3,3140,0,3606.843948364
4,"map(alloc: a)",1048576,64,304,0,3,8096,0,8982.443809509
4,"map(alloc: a)",1048576,64,304,0,3,71,0,283.145904541
4,"map(alloc: a)",1048576,64,304,0,3,1,0,202.608108521
4,"map(alloc: a)",1048576,64,304,0,3,2,0,202.560424805
4,"map(alloc: a)",1048576,64,304,0,3,294,0,525.057315826
4,"map(alloc: a)",1048576,64,304,0,4,3,0,203.895568848
4,"map(alloc: a)",1048576,64,304,0,4,8096,0,8980.047702789
4,"map(alloc: a)",1048576,64,304,0,4,1,0,202.405452728
4,"map(alloc: a)",1048576,64,304,0,4,28,0,231.790542603
4,"map(alloc: a)",1048576,64,304,0,4,17,0,220.954418182
4,"map(alloc: a)",1048576,64,304,0,4,5042,0,5676.007270813
4,"map(alloc: a)",1048576,64,304,0,4,7,0,208.508968353
4,"map(alloc: a)",1048576,64,304,0,4,114,0,329.351425171
4,"map(alloc: a)",1048576,64,304,0,4,44,0,249.946117401
4,"map(alloc: a)",1048576,64,304,0,4,2,0,202.500820160
4,"map(alloc: a)",1048576,64,304,0,4,294,0,523.698329926
4,"map(alloc: a)",1048576,64,304,0,4,758,0,1026.999950409
4,"map(alloc: a)",1048576,64,304,0,4,183,0,403.451919556
4,"map(alloc: a)",1048576,64,304,0,4,4,0,205.790996552
4,"map(alloc: a)",1048576,64,304,0,4,1218,0,1520.192623138
4,"map(alloc: a)",1048576,64,304,0,4,71,0,282.704830170
4,"map(alloc: a)",1048576,64,304,0,4,1955,0,2318.501472473
4,"map(alloc: a)",1048576,64,304,0,4,11,0,213.241577148
4,"map(alloc: a)",1048576,64,304,0,4,472,0,715.291500092
4,"map(alloc: a)",1048576,64,304,0,4,3140,0,3620.648384094
4,"map(alloc: a)",1048576,64,304,1,0,2,0,202.441215515
4,"map(alloc: a)",1048576,64,304,1,0,4,0,219.500064850
4,"map(alloc: a)",1048576,64,304,1,0,472,0,720.357894897
4,"map(alloc: a)",1048576,64,304,1,0,3140,0,3624.355792999
4,"map(alloc: a)",1048576,64,304,1,0,183,0,403.344631195
4,"map(alloc: a)",1048576,64,304,1,0,28,0,231.790542603
4,"map(alloc: a)",1048576,64,304,1,0,71,0,283.360481262
4,"map(alloc: a)",1048576,64,304,1,0,1218,0,1523.005962372
4,"map(alloc: a)",1048576,64,304,1,0,294,0,523.507595062
4,"map(alloc: a)",1048576,64,304,1,0,1,0,202.345848083
4,"map(alloc: a)",1048576,64,304,1,0,7,0,208.592414856
4,"map(alloc: a)",1048576,64,304,1,0,1955,0,2336.955070496
4,"map(alloc: a)",1048576,64,304,1,0,758,0,1024.758815765
4,"map(alloc: a)",1048576,64,304,1,0,114,0,329.506397247
4,"map(alloc: a)",1048576,64,304,1,0,11,0,213.193893433
4,"map(alloc: a)",1048576,64,304,1,0,3,0,203.955173492
4,"map(alloc: a)",1048576,64,304,1,0,8096,0,8926.355838776
4,"map(alloc: a)",1048576,64,304,1,0,44,0,250.303745270
4,"map(alloc: a)",1048576,64,304,1,0,17,0,221.002101898
4,"map(alloc: a)",1048576,64,304,1,0,5042,0,5680.751800537
4,"map(alloc: a)",1048576,64,304,1,1,758,0,1021.897792816
4,"map(alloc: a)",1048576,64,304,1,1,3,0,203.597545624
4,"map(alloc: a)",1048576,64,304,1,1,3140,0,3603.398799896
4,"map(alloc: a)",1048576,64,304,1,1,1955,0,2332.651615143
4,"map(alloc: a)",1048576,64,304,1,1,44,0,250.196456909
4,"map(alloc: a)",1048576,64,304,1,1,17,0,221.049785614
4,"map(alloc: a)",1048576,64,304,1,1,294,0,523.710250854
4,"map(alloc: a)",1048576,64,304,1,1,28,0,231.802463531
4,"map(alloc: a)",1048576,64,304,1,1,114,0,328.850746155
4,"map(alloc: a)",1048576,64,304,1,1,2,0,202.560424805
4,"map(alloc: a)",1048576,64,304,1,1,7,0,208.854675293
4,"map(alloc: a)",1048576,64,304,1,1,183,0,404.548645020
4,"map(alloc: a)",1048576,64,304,1,1,8096,0,8927.345275879
4,"map(alloc: a)",1048576,64,304,1,1,11,0,213.146209717
4,"map(alloc: a)",1048576,64,304,1,1,1,0,202.298164368
4,"map(alloc: a)",1048576,64,304,1,1,1218,0,1525.092124939
4,"map(alloc: a)",1048576,64,304,1,1,472,0,714.147090912
4,"map(alloc: a)",1048576,64,304,1,1,71,0,283.002853394
4,"map(alloc: a)",1048576,64,304,1,1,5042,0,5653.798580170
4,"map(alloc: a)",1048576,64,304,1,1,4,0,206.005573273
4,"map(alloc: a)",1048576,64,304,1,2,2,0,202.453136444
4,"map(alloc: a)",1048576,64,304,1,2,71,0,282.454490662
4,"map(alloc: a)",1048576,64,304,1,2,17,0,220.906734467
4,"map(alloc: a)",1048576,64,304,1,2,472,0,716.853141785
4,"map(alloc: a)",1048576,64,304,1,2,5042,0,5646.896362305
4,"map(alloc: a)",1048576,64,304,1,2,28,0,232.100486755
4,"map(alloc: a)",1048576,64,304,1,2,44,0,250.208377838
4,"map(alloc: a)",1048576,64,304,1,2,1218,0,1523.411273956
4,"map(alloc: a)",1048576,64,304,1,2,4,0,205.850601196
4,"map(alloc: a)",1048576,64,304,1,2,1955,0,2330.005168915
4,"map(alloc: a)",1048576,64,304,1,2,183,0,403.451919556
4,"map(alloc: a)",1048576,64,304,1,2,7,0,208.652019501
4,"map(alloc: a)",1048576,64,304,1,2,758,0,1021.492481232
4,"map(alloc: a)",1048576,64,304,1,2,1,0,202.548503876
4,"map(alloc: a)",1048576,64,304,1,2,3140,0,3603.100776672
4,"map(alloc: a)",1048576,64,304,1,2,8096,0,8993.911743164
4,"map(alloc: a)",1048576,64,304,1,2,3,0,204.193592072
4,"map(alloc: a)",1048576,64,304,1,2,114,0,329.697132111
4,"map(alloc: a)",1048576,64,304,1,2,11,0,213.253498077
4,"map(alloc: a)",1048576,64,304,1,2,294,0,524.699687958
4,"map(alloc: a)",1048576,64,304,1,3,1,0,202.405452728
4,"map(alloc: a)",1048576,64,304,1,3,17,0,220.942497253
4,"map(alloc: a)",1048576,64,304,1,3,294,0,523.948669434
4,"map(alloc: a)",1048576,64,304,1,3,5042,0,5676.853656769
4,"map(alloc: a)",1048576,64,304,1,3,114,0,329.148769379
4,"map(alloc: a)",1048576,64,304,1,3,28,0,232.052803040
4,"map(alloc: a)",1048576,64,304,1,3,1218,0,1520.192623138
4,"map(alloc: a)",1048576,64,304,1,3,2,0,202.441215515
4,"map(alloc: a)",1048576,64,304,1,3,3,0,203.740596771
4,"map(alloc: a)",1048576,64,304,1,3,4,0,205.898284912
4,"map(alloc: a)",1048576,64,304,1,3,758,0,1022.696495056
4,"map(alloc: a)",1048576,64,304,1,3,11,0,213.348865509
4,"map(alloc: a)",1048576,64,304,1,3,44,0,250.291824341
4,"map(alloc: a)",1048576,64,304,1,3,472,0,717.496871948
4,"map(alloc: a)",1048576,64,304,1,3,7,0,208.449363708
4,"map(alloc: a)",1048576,64,304,1,3,1955,0,2336.800098419
4,"map(alloc: a)",1048576,64,304,1,3,71,0,282.442569733
4,"map(alloc: a)",1048576,64,304,1,3,183,0,403.904914856
4,"map(alloc: a)",1048576,64,304,1,3,8096,0,8951.103687286
4,"map(alloc: a)",1048576,64,304,1,3,3140,0,3749.942779541
4,"map(alloc: a)",1048576,64,304,1,4,472,0,715.351104736
4,"map(alloc: a)",1048576,64,304,1,4,71,0,282.549858093
4,"map(alloc: a)",1048576,64,304,1,4,1,0,202.751159668
4,"map(alloc: a)",1048576,64,304,1,4,11,0,213.110446930
4,"map(alloc: a)",1048576,64,304,1,4,4,0,206.041336060
4,"map(alloc: a)",1048576,64,304,1,4,3140,0,3614.199161530
4,"map(alloc: a)",1048576,64,304,1,4,28,0,231.552124023
4,"map(alloc: a)",1048576,64,304,1,4,1218,0,1525.151729584
4,"map(alloc: a)",1048576,64,304,1,4,2,0,202.345848083
4,"map(alloc: a)",1048576,64,304,1,4,183,0,404.000282288
4,"map(alloc: a)",1048576,64,304,1,4,5042,0,5653.500556946
4,"map(alloc: a)",1048576,64,304,1,4,114,0,329.899787903
4,"map(alloc: a)",1048576,64,304,1,4,3,0,204.145908356
4,"map(alloc: a)",1048576,64,304,1,4,44,0,250.399112701
4,"map(alloc: a)",1048576,64,304,1,4,758,0,1024.150848389
4,"map(alloc: a)",1048576,64,304,1,4,8096,0,8978.796005249
4,"map(alloc: a)",1048576,64,304,1,4,1955,0,2321.052551270
4,"map(alloc: a)",1048576,64,304,1,4,294,0,524.246692657
4,"map(alloc: a)",1048576,64,304,1,4,7,0,208.556652069
4,"map(alloc: a)",1048576,64,304,1,4,17,0,221.109390259
4,"map(alloc: a)",4194304,64,304,0,0,7,0,212.144851685
4,"map(alloc: a)",4194304,64,304,0,0,114,0,330.305099487
4,"map(alloc: a)",4194304,64,304,0,0,3,0,204.300880432
4,"map(alloc: a)",4194304,64,304,0,0,17,0,221.049785614
4,"map(alloc: a)",4194304,64,304,0,0,1,0,202.250480652
4,"map(alloc: a)",4194304,64,304,0,0,44,0,250.399112701
4,"map(alloc: a)",4194304,64,304,0,0,294,0,524.306297302
4,"map(alloc: a)",4194304,64,304,0,0,3140,0,3630.852699280
4,"map(alloc: a)",4194304,64,304,0,0,4,0,206.243991852
4,"map(alloc: a)",4194304,64,304,0,0,1955,0,2339.208126068
4,"map(alloc: a)",4194304,64,304,0,0,183,0,404.000282288
4,"map(alloc: a)",4194304,64,304,0,0,8096,0,9004.342556000
4,"map(alloc: a)",4194304,64,304,0,0,758,0,1024.949550629
4,"map(alloc: a)",4194304,64,304,0,0,71,0,282.943248749
4,"map(alloc: a)",4194304,64,304,0,0,2,0,202.405452728
4,"map(alloc: a)",4194304,64,304,0,0,11,0,213.205814362
4,"map(alloc: a)",4194304,64,304,0,0,28,0,231.897830963
4,"map(alloc: a)",4194304,64,304,0,0,5042,0,5686.795711517
4,"map(alloc: a)",4194304,64,304,0,0,1218,0,1524.150371552
4,"map(alloc: a)",4194304,64,304,0,0,472,0,719.547271729
4,"map(alloc: a)",4194304,64,304,0,1,4,0,206.196308136
4,"map(alloc: a)",4194304,64,304,0,1,1,0,202.405452728
4,"map(alloc: a)",4194304,64,304,0,1,17,0,221.192836761
4,"map(alloc: a)",4194304,64,304,0,1,28,0,231.897830963
4,"map(alloc: a)",4194304,64,304,0,1,11,0,213.646888733
4,"map(alloc: a)",4194304,64,304,0,1,3140,0,3626.847267151
4,"map(alloc: a)",4194304,64,304,0,1,2,0,202.560424805
4,"map(alloc: a)",4194304,64,304,0,1,758,0,1030.457019806
4,"map(alloc: a)",4194304,64,304,0,1,1218,0,1520.502567291
4,"map(alloc: a)",4194304,64,304,0,1,44,0,250.148773193
4,"map(alloc: a)",4194304,64,304,0,1,71,0,282.955169678
4,"map(alloc: a)",4194304,64,304,0,1,114,0,329.899787903
4,"map(alloc: a)",4194304,64,304,0,1,294,0,524.055957794
4,"map(alloc: a)",4194304,64,304,0,1,7,0,208.497047424
4,"map(alloc: a)",4194304,64,304,0,1,183,0,404.345989227
4,"map(alloc: a)",4194304,64,304,0,1,8096,0,9012.901782990
4,"map(alloc: a)",4194304,64,304,0,1,472,0,716.805458069
4,"map(alloc: a)",4194304,64,304,0,1,1955,0,2337.801456451
4,"map(alloc: a)",4194304,64,304,0,1,3,0,203.847885132
4,"map(alloc: a)",4194304,64,304,0,1,5042,0,5696.141719818
4,"map(alloc: a)",4194304,64,304,0,2,3,0,203.752517700
4,"map(alloc: a)",4194304,64,304,0,2,44,0,250.303745270
4,"map(alloc: a)",4194304,64,304,0,2,1,0,202.500820160
4,"map(alloc: a)",4194304,64,304,0,2,183,0,405.144691467
4,"map(alloc: a)",4194304,64,304,0,2,294,0,524.091720581
4,"map(alloc: a)",4194304,64,304,0,2,5042,0,5695.450305939
4,"map(alloc: a)",4194304,64,304,0,2,7,0,212.454795837
4,"map(alloc: a)",4194304,64,304,0,2,8096,0,9002.947807312
4,"map(alloc: a)",4194304,64,304,0,2,2,0,216.257572174
4,"map(alloc: a)",4194304,64,304,0,2,114,0,335.001945496
4,"map(alloc: a)",4194304,64,304,0,2,71,0,286.102294922
4,"map(alloc: a)",4194304,64,304,0,2,1955,0,2340.650558472
4,"map(alloc: a)",4194304,64,304,0,2,17,0,221.300125122
4,"map(alloc: a)",4194304,64,304,0,2,472,0,718.343257904
4,"map(alloc: a)",4194304,64,304,0,2,11,0,213.193893433
4,"map(alloc: a)",4194304,64,304,0,2,1218,0,1528.191566467
4,"map(alloc: a)",4194304,64,304,0,2,4,0,206.303596497
4,"map(alloc: a)",4194304,64,304,0,2,3140,0,3625.893592834
4,"map(alloc: a)",4194304,64,304,0,2,758,0,1025.605201721
4,"map(alloc: a)",4194304,64,304,0,2,28,0,232.040882111
4,"map(alloc: a)",4194304,64,304,0,3,11,0,213.205814362
4,"map(alloc: a)",4194304,64,304,0,3,4,0,206.100940704
4,"map(alloc: a)",4194304,64,304,0,3,5042,0,5671.453475952
4,"map(alloc: a)",4194304,64,304,0,3,183,0,405.204296112
4,"map(alloc: a)",4194304,64,304,0,3,17,0,221.204757690
4,"map(alloc: a)",4194304,64,304,0,3,3,0,203.752517700
4,"map(alloc: a)",4194304,64,304,0,3,28,0,231.909751892
4,"map(alloc: a)",4194304,64,304,0,3,1218,0,1527.452468872
4,"map(alloc: a)",4194304,64,304,0,3,114,0,329.446792603
4,"map(alloc: a)",4194304,64,304,0,3,758,0,1028.597354889
4,"map(alloc: a)",4194304,64,304,0,3,1955,0,2333.199977875
4,"map(alloc: a)",4194304,64,304,0,3,472,0,719.153881073
4,"map(alloc: a)",4194304,64,304,0,3,7,0,208.902359009
4,"map(alloc: a)",4194304,64,304,0,3,44,0,250.446796417
4,"map(alloc: a)",4194304,64,304,0,3,3140,0,3612.101078033
4,"map(alloc: a)",4194304,64,304,0,3,8096,0,9017.097949982
4,"map(alloc: a)",4194304,64,304,0,3,71,0,282.645225525
4,"map(alloc: a)",4194304,64,304,0,3,1,0,202.405452728
4,"map(alloc: a)",4194304,64,304,0,3,2,0,202.798843384
4,"map(alloc: a)",4194304,64,304,0,3,294,0,526.201725006
4,"map(alloc: a)",4194304,64,304,0,4,3,0,204.050540924
4,"map(alloc: a)",4194304,64,304,0,4,8096,0,9010.791778564
4,"map(alloc: a)",4194304,64,304,0,4,1,0,202.596187592
4,"map(alloc: a)",4194304,64,304,0,4,28,0,232.148170471
4,"map(alloc: a)",4194304,64,304,0,4,17,0,221.204757690
4,"map(alloc: a)",4194304,64,304,0,4,5042,0,5682.158470154
4,"map(alloc: a)",4194304,64,304,0,4,7,0,208.699703217
4,"map(alloc: a)",4194304,64,304,0,4,114,0,329.947471619
4,"map(alloc: a)",4194304,64,304,0,4,44,0,250.303745270
4,"map(alloc: a)",4194304,64,304,0,4,2,0,202.751159668
4,"map(alloc: a)",4194304,64,304,0,4,294,0,524.699687958
4,"map(alloc: a)",4194304,64,304,0,4,758,0,1029.896736145
4,"map(alloc: a)",4194304,64,304,0,4,183,0,403.952598572
4,"map(alloc: a)",4194304,64,304,0,4,4,0,205.945968628
4,"map(alloc: a)",4194304,64,304,0,4,1218,0,1521.944999695
4,"map(alloc: a)",4194304,64,304,0,4,71,0,283.098220825
4,"map(alloc: a)",4194304,64,304,0,4,1955,0,2324.247360229
4,"map(alloc: a)",4194304,64,304,0,4,11,0,213.253498077
4,"map(alloc: a)",4194304,64,304,0,4,472,0,716.602802277
4,"map(alloc: a)",4194304,64,304,0,4,3140,0,3636.455535889
4,"map(alloc: a)",4194304,64,304,1,0,2,0,202.608108521
4,"map(alloc: a)",4194304,64,304,1,0,4,0,206.196308136
4,"map(alloc: a)",4194304,64,304,1,0,472,0,717.258453369
4,"map(alloc: a)",4194304,64,304,1,0,3140,0,3626.596927643
4,"map(alloc: a)",4194304,64,304,1,0,183,0,403.940677643
4,"map(alloc: a)",4194304,64,304,1,0,28,0,231.802463531
4,"map(alloc: a)",4194304,64,304,1,0,71,0,282.847881317
4,"map(alloc: a)",4194304,64,304,1,0,1218,0,1533.401012421
4,"map(alloc: a)",4194304,64,304,1,0,294,0,525.307655334
4,"map(alloc: a)",4194304,64,304,1,0,1,0,203.108787537
4,"map(alloc: a)",4194304,64,304,1,0,7,0,208.652019501
4,"map(alloc: a)",4194304,64,304,1,0,1955,0,2340.447902679
4,"map(alloc: a)",4194304,64,304,1,0,758,0,1023.697853088
4,"map(alloc: a)",4194304,64,304,1,0,114,0,329.601764679
4,"map(alloc: a)",4194304,64,304,1,0,11,0,213.551521301
4,"map(alloc: a)",4194304,64,304,1,0,3,0,203.847885132
4,"map(alloc: a)",4194304,64,304,1,0,8096,0,8960.008621216
4,"map(alloc: a)",4194304,64,304,1,0,44,0,250.446796417
4,"map(alloc: a)",4194304,64,304,1,0,17,0,221.252441406
4,"map(alloc: a)",4194304,64,304,1,0,5042,0,5687.808990479
4,"map(alloc: a)",4194304,64,304,1,1,758,0,1024.949550629
4,"map(alloc: a)",4194304,64,304,1,1,3,0,203.645229340
4,"map(alloc: a)",4194304,64,304,1,1,3140,0,3615.939617157
4,"map(alloc: a)",4194304,64,304,1,1,1955,0,2339.959144592
4,"map(alloc: a)",4194304,64,304,1,1,44,0,250.244140625
4,"map(alloc: a)",4194304,64,304,1,1,17,0,220.990180969
4,"map(alloc: a)",4194304,64,304,1,1,294,0,524.652004242
4,"map(alloc: a)",4194304,64,304,1,1,28,0,232.148170471
4,"map(alloc: a)",4194304,64,304,1,1,114,0,329.005718231
4,"map(alloc: a)",4194304,64,304,1,1,2,0,202.500820160
4,"map(alloc: a)",4194304,64,304,1,1,7,0,208.353996277
4,"map(alloc: a)",4194304,64,304,1,1,183,0,405.192375183
4,"map(alloc: a)",4194304,64,304,1,1,8096,0,8961.546421051
4,"map(alloc: a)",4194304,64,304,1,1,11,0,213.801860809
4,"map(alloc: a)",4194304,64,304,1,1,1,0,202.405452728
4,"map(alloc: a)",4194304,64,304,1,1,1218,0,1529.657840729
4,"map(alloc: a)",4194304,64,304,1,1,472,0,716.054439545
4,"map(alloc: a)",4194304,64,304,1,1,71,0,283.098220825
4,"map(alloc: a)",4194304,64,304,1,1,5042,0,5673.706531525
4,"map(alloc: a)",4194304,64,304,1,1,4,0,206.053256989
4,"map(alloc: a)",4194304,64,304,1,2,2,0,202.703475952
4,"map(alloc: a)",4194304,64,304,1,2,71,0,283.145904541
4,"map(alloc: a)",4194304,64,304,1,2,17,0,221.192836761
4,"map(alloc: a)",4194304,64,304,1,2,472,0,719.106197357
4,"map(alloc: a)",4194304,64,304,1,2,5042,0,5667.793750763
4,"map(alloc: a)",4194304,64,304,1,2,28,0,231.850147247
4,"map(alloc: a)",4194304,64,304,1,2,44,0,250.303745270
4,"map(alloc: a)",4194304,64,304,1,2,1218,0,1636.302471161
4,"map(alloc: a)",4194304,64,304,1,2,4,0,206.100940704
4,"map(alloc: a)",4194304,64,304,1,2,1955,0,2339.756488800
4,"map(alloc: a)",4194304,64,304,1,2,183,0,404.453277588
4,"map(alloc: a)",4194304,64,304,1,2,7,0,208.652019501
4,"map(alloc: a)",4194304,64,304,1,2,758,0,1024.699211121
4,"map(alloc: a)",4194304,64,304,1,2,1,0,202.655792236
4,"map(alloc: a)",4194304,64,304,1,2,3140,0,3615.450859070
4,"map(alloc: a)",4194304,64,304,1,2,8096,0,9006.989002228
4,"map(alloc: a)",4194304,64,304,1,2,3,0,203.943252563
4,"map(alloc: a)",4194304,64,304,1,2,114,0,329.899787903
4,"map(alloc: a)",4194304,64,304,1,2,11,0,213.193893433
4,"map(alloc: a)",4194304,64,304,1,2,294,0,525.593757629
4,"map(alloc: a)",4194304,64,304,1,3,1,0,202.548503876
4,"map(alloc: a)",4194304,64,304,1,3,17,0,221.049785614
4,"map(alloc: a)",4194304,64,304,1,3,294,0,524.604320526
4,"map(alloc: a)",4194304,64,304,1,3,5042,0,5695.939064026
4,"map(alloc: a)",4194304,64,304,1,3,114,0,329.649448395
4,"map(alloc: a)",4194304,64,304,1,3,28,0,232.195854187
4,"map(alloc: a)",4194304,64,304,1,3,1218,0,1521.646976471
4,"map(alloc: a)",4194304,64,304,1,3,2,0,202.751159668
4,"map(alloc: a)",4194304,64,304,1,3,3,0,203.955173492
4,"map(alloc: a)",4194304,64,304,1,3,4,0,205.945968628
4,"map(alloc: a)",4194304,64,304,1,3,758,0,1026.105880737
4,"map(alloc: a)",4194304,64,304,1,3,11,0,213.301181793
4,"map(alloc: a)",4194304,64,304,1,3,44,0,250.148773193
4,"map(alloc: a)",4194304,64,304,1,3,472,0,717.949867249
4,"map(alloc: a)",4194304,64,304,1,3,7,0,208.556652069
4,"map(alloc: a)",4194304,64,304,1,3,1955,0,2336.800098419
4,"map(alloc: a)",4194304,64,304,1,3,71,0,282.692909241
4,"map(alloc: a)",4194304,64,304,1,3,183,0,406.503677368
4,"map(alloc: a)",4194304,64,304,1,3,8096,0,8982.455730438
4,"map(alloc: a)",4194304,64,304,1,3,3140,0,3629.207611084
4,"map(alloc: a)",4194304,64,304,1,4,472,0,716.757774353
4,"map(alloc: a)",4194304,64,304,1,4,71,0,283.396244049
4,"map(alloc: a)",4194304,64,304,1,4,1,0,202.441215515
4,"map(alloc: a)",4194304,64,304,1,4,11,0,213.193893433
4,"map(alloc: a)",4194304,64,304,1,4,4,0,206.148624420
4,"map(alloc: a)",4194304,64,304,1,4,3140,0,3627.300262451
4,"map(alloc: a)",4194304,64,304,1,4,28,0,231.742858887
4,"map(alloc: a)",4194304,64,304,1,4,1218,0,1529.598236084
4,"map(alloc: a)",4194304,64,304,1,4,2,0,202.250480652
4,"map(alloc: a)",4194304,64,304,1,4,183,0,404.691696167
4,"map(alloc: a)",4194304,64,304,1,4,5042,0,5671.548843384
4,"map(alloc: a)",4194304,64,304,1,4,114,0,329.792499542
4,"map(alloc: a)",4194304,64,304,1,4,3,0,203.847885132
4,"map(alloc: a)",4194304,64,304,1,4,44,0,250.256061554
4,"map(alloc: a)",4194304,64,304,1,4,758,0,1026.248931885
4,"map(alloc: a)",4194304,64,304,1,4,8096,0,9010.148048401
4,"map(alloc: a)",4194304,64,304,1,4,1955,0,2330.207824707
4,"map(alloc: a)",4194304,64,304,1,4,294,0,525.403022766
4,"map(alloc: a)",4194304,64,304,1,4,7,0,208.544731140
4,"map(alloc: a)",4194304,64,304,1,4,17,0,220.954418182
4,"map(alloc: a)",16777216,64,304,0,0,7,0,211.298465729
4,"map(alloc: a)",16777216,64,304,0,0,114,0,330.388545990
4,"map(alloc: a)",16777216,64,304,0,0,3,0,204.253196716
4,"map(alloc: a)",16777216,64,304,0,0,17,0,221.347808838
4,"map(alloc: a)",16777216,64,304,0,0,1,0,202.691555023
4,"map(alloc: a)",16777216,64,304,0,0,44,0,250.649452209
4,"map(alloc: a)",16777216,64,304,0,0,294,0,525.248050690
4,"map(alloc: a)",16777216,64,304,0,0,3140,0,3636.705875397
4,"map(alloc: a)",16777216,64,304,0,0,4,0,206.208229065
4,"map(alloc: a)",16777216,64,304,0,0,1955,0,2342.295646667
4,"map(alloc: a)",16777216,64,304,0,0,183,0,413.203239441
4,"map(alloc: a)",16777216,64,304,0,0,8096,0,9029.400348663
4,"map(alloc: a)",16777216,64,304,0,0,758,0,1028.048992157
4,"map(alloc: a)",16777216,64,304,0,0,71,0,283.348560333
4,"map(alloc: a)",16777216,64,304,0,0,2,0,202.548503876
4,"map(alloc: a)",16777216,64,304,0,0,11,0,213.599205017
4,"map(alloc: a)",16777216,64,304,0,0,28,0,231.695175171
4,"map(alloc: a)",16777216,64,304,0,0,5042,0,5699.849128723
4,"map(alloc: a)",16777216,64,304,0,0,1218,0,1523.852348328
4,"map(alloc: a)",16777216,64,304,0,0,472,0,721.001625061
4,"map(alloc: a)",16777216,64,304,0,1,4,0,206.041336060
4,"map(alloc: a)",16777216,64,304,0,1,1,0,202.548503876
4,"map(alloc: a)",16777216,64,304,0,1,17,0,221.049785614
4,"map(alloc: a)",16777216,64,304,0,1,28,0,232.100486755
4,"map(alloc: a)",16777216,64,304,0,1,11,0,213.301181793
4,"map(alloc: a)",16777216,64,304,0,1,3140,0,3628.909587860
4,"map(alloc: a)",16777216,64,304,0,1,2,0,202.560424805
4,"map(alloc: a)",16777216,64,304,0,1,758,0,1031.100749969
4,"map(alloc: a)",16777216,64,304,0,1,1218,0,1524.603366852
4,"map(alloc: a)",16777216,64,304,0,1,44,0,250.351428986
4,"map(alloc: a)",16777216,64,304,0,1,71,0,283.348560333
4,"map(alloc: a)",16777216,64,304,0,1,114,0,330.245494843
4,"map(alloc: a)",16777216,64,304,0,1,294,0,525.104999542
4,"map(alloc: a)",16777216,64,304,0,1,7,0,208.747386932
4,"map(alloc: a)",16777216,64,304,0,1,183,0,404.500961304
4,"map(alloc: a)",16777216,64,304,0,1,8096,0,9043.347835541
4,"map(alloc: a)",16777216,64,304,0,1,472,0,717.198848724
4,"map(alloc: a)",16777216,64,304,0,1,1955,0,2344.095706940
4,"map(alloc: a)",16777216,64,304,0,1,3,0,204.002857208
4,"map(alloc: a)",16777216,64,304,0,1,5042,0,5708.956718445
4,"map(alloc: a)",16777216,64,304,0,2,3,0,204.157829285
4,"map(alloc: a)",16777216,64,304,0,2,44,0,250.649452209
4,"map(alloc: a)",16777216,64,304,0,2,1,0,202.643871307
4,"map(alloc: a)",16777216,64,304,0,2,183,0,405.693054199
4,"map(alloc: a)",16777216,64,304,0,2,294,0,524.950027466
4,"map(alloc: a)",16777216,64,304,0,2,5042,0,5700.695514679
4,"map(alloc: a)",16777216,64,304,0,2,7,0,208.795070648
4,"map(alloc: a)",16777216,64,304,0,2,8096,0,9026.646614075
4,"map(alloc: a)",16777216,64,304,0,2,2,0,202.596187592
4,"map(alloc: a)",16777216,64,304,0,2,114,0,330.150127411
4,"map(alloc: a)",16777216,64,304,0,2,71,0,283.157825470
4,"map(alloc: a)",16777216,64,304,0,2,1955,0,2346.944808960
4,"map(alloc: a)",16777216,64,304,0,2,17,0,221.252441406
4,"map(alloc: a)",16777216,64,304,0,2,472,0,725.650787354
4,"map(alloc: a)",16777216,64,304,0,2,11,0,218.403339386
4,"map(alloc: a)",16777216,64,304,0,2,1218,0,1533.448696136
4,"map(alloc: a)",16777216,64,304,0,2,4,0,206.398963928
4,"map(alloc: a)",16777216,64,304,0,2,3140,0,3635.299205780
4,"map(alloc: a)",16777216,64,304,0,2,758,0,1028.490066528
4,"map(alloc: a)",16777216,64,304,0,2,28,0,232.350826263
4,"map(alloc: a)",16777216,64,304,0,3,11,0,213.253498077
4,"map(alloc: a)",16777216,64,304,0,3,4,0,205.898284912
4,"map(alloc: a)",16777216,64,304,0,3,5042,0,5690.050125122
4,"map(alloc: a)",16777216,64,304,0,3,183,0,405.192375183
4,"map(alloc: a)",16777216,64,304,0,3,17,0,221.145153046
4,"map(alloc: a)",16777216,64,304,0,3,3,0,203.895568848
4,"map(alloc: a)",16777216,64,304,0,3,28,0,232.100486755
4,"map(alloc: a)",16777216,64,304,0,3,1218,0,1530.444622040
4,"map(alloc: a)",16777216,64,304,0,3,114,0,329.744815826
4,"map(alloc: a)",16777216,64,304,0,3,758,0,1031.005382538
4,"map(alloc: a)",16777216,64,304,0,3,1955,0,2337.098121643
4,"map(alloc: a)",16777216,64,304,0,3,472,0,723.850727081
4,"map(alloc: a)",16777216,64,304,0,3,7,0,208.795070648
4,"map(alloc: a)",16777216,64,304,0,3,44,0,250.506401062
4,"map(alloc: a)",16777216,64,304,0,3,3140,0,3622.496128082
4,"map(alloc: a)",16777216,64,304,0,3,8096,0,9041.500091553
4,"map(alloc: a)",16777216,64,304,0,3,71,0,283.300876617
4,"map(alloc: a)",16777216,64,304,0,3,1,0,202.643871307
4,"map(alloc: a)",16777216,64,304,0,3,2,0,202.691555023
4,"map(alloc: a)",16777216,64,304,0,3,294,0,526.654720306
4,"map(alloc: a)",16777216,64,304,0,4,3,0,203.955173492
4,"map(alloc: a)",16777216,64,304,0,4,8096,0,9013.700485229
4,"map(alloc: a)",16777216,64,304,0,4,1,0,202.798843384
4,"map(alloc: a)",16777216,64,304,0,4,28,0,232.207775116
4,"map(alloc: a)",16777216,64,304,0,4,17,0,221.157073975
4,"map(alloc: a)",16777216,64,304,0,4,5042,0,5698.049068451
4,"map(alloc: a)",16777216,64,304,0,4,7,0,208.604335785
4,"map(alloc: a)",16777216,64,304,0,4,114,0,330.507755280
4,"map(alloc: a)",16777216,64,304,0,4,44,0,250.458717346
4,"map(alloc: a)",16777216,64,304,0,4,2,0,202.608108521
4,"map(alloc: a)",16777216,64,304,0,4,294,0,524.902343750
4,"map(alloc: a)",16777216,64,304,0,4,758,0,1032.900810242
4,"map(alloc: a)",16777216,64,304,0,4,183,0,404.453277588
4,"map(alloc: a)",16777216,64,304,0,4,4,0,206.089019775
4,"map(alloc: a)",16777216,64,304,0,4,1218,0,1525.354385376
4,"map(alloc: a)",16777216,64,304,0,4,71,0,283.253192902
4,"map(alloc: a)",16777216,64,304,0,4,1955,0,2332.460880280
4,"map(alloc: a)",16777216,64,304,0,4,11,0,213.396549225
4,"map(alloc: a)",16777216,64,304,0,4,472,0,719.058513641
4,"map(alloc: a)",16777216,64,304,0,4,3140,0,3634.154796600
4,"map(alloc: a)",16777216,64,304,1,0,2,0,202.453136444
4,"map(alloc: a)",16777216,64,304,1,0,4,0,206.148624420
4,"map(alloc: a)",16777216,64,304,1,0,472,0,718.641281128
4,"map(alloc: a)",16777216,64,304,1,0,3140,0,3639.197349548
4,"map(alloc: a)",16777216,64,304,1,0,183,0,404.894351959
4,"map(alloc: a)",16777216,64,304,1,0,28,0,232.005119324
4,"map(alloc: a)",16777216,64,304,1,0,71,0,283.002853394
4,"map(alloc: a)",16777216,64,304,1,0,1218,0,1532.852649689
4,"map(alloc: a)",16777216,64,304,1,0,294,0,524.652004242
4,"map(alloc: a)",16777216,64,304,1,0,1,0,202.393531799
4,"map(alloc: a)",16777216,64,304,1,0,7,0,208.556652069
4,"map(alloc: a)",16777216,64,304,1,0,1955,0,2347.242832184
4,"map(alloc: a)",16777216,64,304,1,0,758,0,1026.844978333
4,"map(alloc: a)",16777216,64,304,1,0,114,0,330.400466919
4,"map(alloc: a)",16777216,64,304,1,0,11,0,213.050842285
4,"map(alloc: a)",16777216,64,304,1,0,3,0,203.895568848
4,"map(alloc: a)",16777216,64,304,1,0,8096,0,8984.601497650
4,"map(alloc: a)",16777216,64,304,1,0,44,0,250.601768494
4,"map(alloc: a)",16777216,64,304,1,0,17,0,221.204757690
4,"map(alloc: a)",16777216,64,304,1,0,5042,0,5702.149868011
4,"map(alloc: a)",16777216,64,304,1,1,758,0,1027.595996857
4,"map(alloc: a)",16777216,64,304,1,1,3,0,204.002857208
4,"map(alloc: a)",16777216,64,304,1,1,3140,0,3627.753257751
4,"map(alloc: a)",16777216,64,304,1,1,1955,0,2346.599102020
4,"map(alloc: a)",16777216,64,304,1,1,44,0,250.494480133
4,"map(alloc: a)",16777216,64,304,1,1,17,0,221.347808838
4,"map(alloc: a)",16777216,64,304,1,1,294,0,525.045394897
4,"map(alloc: a)",16777216,64,304,1,1,28,0,231.993198395
4,"map(alloc: a)",16777216,64,304,1,1,114,0,329.351425171
4,"map(alloc: a)",16777216,64,304,1,1,2,0,202.453136444
4,"map(alloc: a)",16777216,64,304,1,1,7,0,208.544731140
4,"map(alloc: a)",16777216,64,304,1,1,183,0,405.704975128
4,"map(alloc: a)",16777216,64,304,1,1,8096,0,8982.098102570
4,"map(alloc: a)",16777216,64,304,1,1,11,0,213.396549225
4,"map(alloc: a)",16777216,64,304,1,1,1,0,202.810764313
4,"map(alloc: a)",16777216,64,304,1,1,1218,0,1531.255245209
4,"map(alloc: a)",16777216,64,304,1,1,472,0,721.848011017
4,"map(alloc: a)",16777216,64,304,1,1,71,0,288.200378418
4,"map(alloc: a)",16777216,64,304,1,1,5042,0,5689.907073975
4,"map(alloc: a)",16777216,64,304,1,1,4,0,206.255912781
4,"map(alloc: a)",16777216,64,304,1,2,2,0,202.751159668
4,"map(alloc: a)",16777216,64,304,1,2,71,0,283.455848694
4,"map(alloc: a)",16777216,64,304,1,2,17,0,221.157073975
4,"map(alloc: a)",16777216,64,304,1,2,472,0,720.202922821
4,"map(alloc: a)",16777216,64,304,1,2,5042,0,5668.449401855
4,"map(alloc: a)",16777216,64,304,1,2,28,0,232.088565826
4,"map(alloc: a)",16777216,64,304,1,2,44,0,250.554084778
4,"map(alloc: a)",16777216,64,304,1,2,1218,0,1532.649993896
4,"map(alloc: a)",16777216,64,304,1,2,4,0,206.291675568
4,"map(alloc: a)",16777216,64,304,1,2,1955,0,2345.144748688
4,"map(alloc: a)",16777216,64,304,1,2,183,0,404.942035675
4,"map(alloc: a)",16777216,64,304,1,2,7,0,208.640098572
4,"map(alloc: a)",16777216,64,304,1,2,758,0,1026.606559753
4,"map(alloc: a)",16777216,64,304,1,2,1,0,202.500820160
4,"map(alloc: a)",16777216,64,304,1,2,3140,0,3623.604774475
4,"map(alloc: a)",16777216,64,304,1,2,8096,0,9035.050868988
4,"map(alloc: a)",16777216,64,304,1,2,3,0,204.002857208
4,"map(alloc: a)",16777216,64,304,1,2,114,0,330.543518066
4,"map(alloc: a)",16777216,64,304,1,2,11,0,213.444232941
4,"map(alloc: a)",16777216,64,304,1,2,294,0,526.797771454
4,"map(alloc: a)",16777216,64,304,1,3,1,0,202.703475952
4,"map(alloc: a)",16777216,64,304,1,3,17,0,221.395492554
4,"map(alloc: a)",16777216,64,304,1,3,294,0,525.009632111
4,"map(alloc: a)",16777216,64,304,1,3,5042,0,5715.000629425
4,"map(alloc: a)",16777216,64,304,1,3,114,0,329.697132111
4,"map(alloc: a)",16777216,64,304,1,3,28,0,231.945514679
4,"map(alloc: a)",16777216,64,304,1,3,1218,0,1525.259017944
4,"map(alloc: a)",16777216,64,304,1,3,2,0,202.500820160
4,"map(alloc: a)",16777216,64,304,1,3,3,0,204.098224640
4,"map(alloc: a)",16777216,64,304,1,3,4,0,205.957889557
4,"map(alloc: a)",16777216,64,304,1,3,758,0,1028.203964233
4,"map(alloc: a)",16777216,64,304,1,3,11,0,213.348865509
4,"map(alloc: a)",16777216,64,304,1,3,44,0,250.494480133
4,"map(alloc: a)",16777216,64,304,1,3,472,0,719.392299652
4,"map(alloc: a)",16777216,64,304,1,3,7,0,208.556652069
4,"map(alloc: a)",16777216,64,304,1,3,1955,0,2345.502376556
4,"map(alloc: a)",16777216,64,304,1,3,71,0,283.050537109
4,"map(alloc: a)",16777216,64,304,1,3,183,0,405.251979828
4,"map(alloc: a)",16777216,64,304,1,3,8096,0,8989.000320435
4,"map(alloc: a)",16777216,64,304,1,3,3140,0,3641.510009766
4,"map(alloc: a)",16777216,64,304,1,4,472,0,717.651844025
4,"map(alloc: a)",16777216,64,304,1,4,71,0,283.300876617
4,"map(alloc: a)",16777216,64,304,1,4,1,0,202.453136444
4,"map(alloc: a)",16777216,64,304,1,4,11,0,213.205814362
4,"map(alloc: a)",16777216,64,304,1,4,4,0,206.255912781
4,"map(alloc: a)",16777216,64,304,1,4,3140,0,3637.647628784
4,"map(alloc: a)",16777216,64,304,1,4,28,0,231.993198395
4,"map(alloc: a)",16777216,64,304,1,4,1218,0,1536.691188812
4,"map(alloc: a)",16777216,64,304,1,4,2,0,203.347206116
4,"map(alloc: a)",16777216,64,304,1,4,183,0,405.347347260
4,"map(alloc: a)",16777216,64,304,1,4,5042,0,5687.403678894
4,"map(alloc: a)",16777216,64,304,1,4,114,0,330.543518066
4,"map(alloc: a)",16777216,64,304,1,4,3,0,203.955173492
4,"map(alloc: a)",16777216,64,304,1,4,44,0,250.458717346
4,"map(alloc: a)",16777216,64,304,1,4,758,0,1029.002666473
4,"map(alloc: a)",16777216,64,304,1,4,8096,0,9033.799171448
4,"map(alloc: a)",16777216,64,304,1,4,1955,0,2331.197261810
4,"map(alloc: a)",16777216,64,304,1,4,294,0,526.094436646
4,"map(alloc: a)",16777216,64,304,1,4,7,0,208.699703217
4,"map(alloc: a)",16777216,64,304,1,4,17,0,221.192836761
