method_id,method_name,N,thread_count,team_count,set,run,delaylength,outerreps,exec_time_us
1,"map(tofrom: a)",1,32,132,0,0,7,0,23.007392883
1,"map(tofrom: a)",1,32,132,0,0,114,0,22.256374359
1,"map(tofrom: a)",1,32,132,0,0,3,0,21.851062775
1,"map(tofrom: a)",1,32,132,0,0,17,0,22.041797638
1,"map(tofrom: a)",1,32,132,0,0,1,0,21.958351135
1,"map(tofrom: a)",1,32,132,0,0,44,0,21.851062775
1,"map(tofrom: a)",1,32,132,0,0,294,0,21.696090698
1,"map(tofrom: a)",1,32,132,0,0,3140,0,38.695335388
1,"map(tofrom: a)",1,32,132,0,0,4,0,22.149085999
1,"map(tofrom: a)",1,32,132,0,0,1955,0,30.446052551
1,"map(tofrom: a)",1,32,132,0,0,183,0,21.946430206
1,"map(tofrom: a)",1,32,132,0,0,8096,0,71.048736572
1,"map(tofrom: a)",1,32,132,0,0,758,0,21.898746490
1,"map(tofrom: a)",1,32,132,0,0,71,0,22.053718567
1,"map(tofrom: a)",1,32,132,0,0,2,0,22.351741791
1,"map(tofrom: a)",1,32,132,0,0,11,0,22.101402283
1,"map(tofrom: a)",1,32,132,0,0,28,0,22.304058075
1,"map(tofrom: a)",1,32,132,0,0,5042,0,55.146217346
1,"map(tofrom: a)",1,32,132,0,0,1218,0,30.291080475
1,"map(tofrom: a)",1,32,132,0,0,472,0,22.256374359
1,"map(tofrom: a)",1,32,132,0,1,4,0,21.994113922
1,"map(tofrom: a)",1,32,132,0,1,1,0,22.256374359
1,"map(tofrom: a)",1,32,132,0,1,17,0,22.149085999
1,"map(tofrom: a)",1,32,132,0,1,28,0,22.149085999
1,"map(tofrom: a)",1,32,132,0,1,11,0,22.053718567
1,"map(tofrom: a)",1,32,132,0,1,3140,0,38.945674896
1,"map(tofrom: a)",1,32,132,0,1,2,0,22.196769714
1,"map(tofrom: a)",1,32,132,0,1,758,0,21.946430206
1,"map(tofrom: a)",1,32,132,0,1,1218,0,30.303001404
1,"map(tofrom: a)",1,32,132,0,1,44,0,22.101402283
1,"map(tofrom: a)",1,32,132,0,1,71,0,22.244453430
1,"map(tofrom: a)",1,32,132,0,1,114,0,22.101402283
1,"map(tofrom: a)",1,32,132,0,1,294,0,21.898746490
1,"map(tofrom: a)",1,32,132,0,1,7,0,22.053718567
1,"map(tofrom: a)",1,32,132,0,1,183,0,22.149085999
1,"map(tofrom: a)",1,32,132,0,1,8096,0,71.501731873
1,"map(tofrom: a)",1,32,132,0,1,472,0,22.196769714
1,"map(tofrom: a)",1,32,132,0,1,1955,0,30.148029327
1,"map(tofrom: a)",1,32,132,0,1,3,0,22.006034851
1,"map(tofrom: a)",1,32,132,0,1,5042,0,54.943561554
1,"map(tofrom: a)",1,32,132,0,2,3,0,21.791458130
1,"map(tofrom: a)",1,32,132,0,2,44,0,21.851062775
1,"map(tofrom: a)",1,32,132,0,2,1,0,22.006034851
1,"map(tofrom: a)",1,32,132,0,2,183,0,21.851062775
1,"map(tofrom: a)",1,32,132,0,2,294,0,21.898746490
1,"map(tofrom: a)",1,32,132,0,2,5042,0,55.301189423
1,"map(tofrom: a)",1,32,132,0,2,7,0,21.994113922
1,"map(tofrom: a)",1,32,132,0,2,8096,0,71.108341217
1,"map(tofrom: a)",1,32,132,0,2,2,0,22.101402283
1,"map(tofrom: a)",1,32,132,0,2,114,0,21.898746490
1,"map(tofrom: a)",1,32,132,0,2,71,0,22.256374359
1,"map(tofrom: a)",1,32,132,0,2,1955,0,30.148029327
1,"map(tofrom: a)",1,32,132,0,2,17,0,21.994113922
1,"map(tofrom: a)",1,32,132,0,2,472,0,22.149085999
1,"map(tofrom: a)",1,32,132,0,2,11,0,22.149085999
1,"map(tofrom: a)",1,32,132,0,2,1218,0,29.897689819
1,"map(tofrom: a)",1,32,132,0,2,4,0,21.851062775
1,"map(tofrom: a)",1,32,132,0,2,3140,0,38.242340088
1,"map(tofrom: a)",1,32,132,0,2,758,0,22.149085999
1,"map(tofrom: a)",1,32,132,0,2,28,0,21.851062775
1,"map(tofrom: a)",1,32,132,0,3,11,0,22.101402283
1,"map(tofrom: a)",1,32,132,0,3,4,0,22.101402283
1,"map(tofrom: a)",1,32,132,0,3,5042,0,55.193901062
1,"map(tofrom: a)",1,32,132,0,3,183,0,21.910667419
1,"map(tofrom: a)",1,32,132,0,3,17,0,22.351741791
1,"map(tofrom: a)",1,32,132,0,3,3,0,21.994113922
1,"map(tofrom: a)",1,32,132,0,3,28,0,21.994113922
1,"map(tofrom: a)",1,32,132,0,3,1218,0,30.493736267
1,"map(tofrom: a)",1,32,132,0,3,114,0,22.208690643
1,"map(tofrom: a)",1,32,132,0,3,758,0,22.459030151
1,"map(tofrom: a)",1,32,132,0,3,1955,0,30.398368835
1,"map(tofrom: a)",1,32,132,0,3,472,0,22.006034851
1,"map(tofrom: a)",1,32,132,0,3,7,0,21.851062775
1,"map(tofrom: a)",1,32,132,0,3,44,0,22.101402283
1,"map(tofrom: a)",1,32,132,0,3,3140,0,38.456916809
1,"map(tofrom: a)",1,32,132,0,3,8096,0,71.251392365
1,"map(tofrom: a)",1,32,132,0,3,71,0,22.006034851
1,"map(tofrom: a)",1,32,132,0,3,1,0,21.910667419
1,"map(tofrom: a)",1,32,132,0,3,2,0,21.946430206
1,"map(tofrom: a)",1,32,132,0,3,294,0,21.946430206
1,"map(tofrom: a)",1,32,132,0,4,3,0,21.898746490
1,"map(tofrom: a)",1,32,132,0,4,8096,0,71.251392365
1,"map(tofrom: a)",1,32,132,0,4,1,0,22.101402283
1,"map(tofrom: a)",1,32,132,0,4,28,0,22.494792938
1,"map(tofrom: a)",1,32,132,0,4,17,0,22.006034851
1,"map(tofrom: a)",1,32,132,0,4,5042,0,54.752826691
1,"map(tofrom: a)",1,32,132,0,4,7,0,21.851062775
1,"map(tofrom: a)",1,32,132,0,4,114,0,22.149085999
1,"map(tofrom: a)",1,32,132,0,4,44,0,22.304058075
1,"map(tofrom: a)",1,32,132,0,4,2,0,22.149085999
1,"map(tofrom: a)",1,32,132,0,4,294,0,21.946430206
1,"map(tofrom: a)",1,32,132,0,4,758,0,22.006034851
1,"map(tofrom: a)",1,32,132,0,4,183,0,22.292137146
1,"map(tofrom: a)",1,32,132,0,4,4,0,21.994113922
1,"map(tofrom: a)",1,32,132,0,4,1218,0,30.505657196
1,"map(tofrom: a)",1,32,132,0,4,71,0,22.447109222
1,"map(tofrom: a)",1,32,132,0,4,1955,0,30.303001404
1,"map(tofrom: a)",1,32,132,0,4,11,0,22.101402283
1,"map(tofrom: a)",1,32,132,0,4,472,0,22.292137146
1,"map(tofrom: a)",1,32,132,0,4,3140,0,38.599967957
1,"map(tofrom: a)",1,32,132,1,0,2,0,21.851062775
1,"map(tofrom: a)",1,32,132,1,0,4,0,21.946430206
1,"map(tofrom: a)",1,32,132,1,0,472,0,22.089481354
1,"map(tofrom: a)",1,32,132,1,0,3140,0,38.552284241
1,"map(tofrom: a)",1,32,132,1,0,183,0,22.649765015
1,"map(tofrom: a)",1,32,132,1,0,28,0,22.351741791
1,"map(tofrom: a)",1,32,132,1,0,71,0,22.208690643
1,"map(tofrom: a)",1,32,132,1,0,1218,0,30.338764191
1,"map(tofrom: a)",1,32,132,1,0,294,0,21.946430206
1,"map(tofrom: a)",1,32,132,1,0,1,0,21.600723267
1,"map(tofrom: a)",1,32,132,1,0,7,0,21.493434906
1,"map(tofrom: a)",1,32,132,1,0,1955,0,30.207633972
1,"map(tofrom: a)",1,32,132,1,0,758,0,22.149085999
1,"map(tofrom: a)",1,32,132,1,0,114,0,22.041797638
1,"map(tofrom: a)",1,32,132,1,0,11,0,21.743774414
1,"map(tofrom: a)",1,32,132,1,0,3,0,22.149085999
1,"map(tofrom: a)",1,32,132,1,0,8096,0,71.406364441
1,"map(tofrom: a)",1,32,132,1,0,44,0,21.994113922
1,"map(tofrom: a)",1,32,132,1,0,17,0,21.958351135
1,"map(tofrom: a)",1,32,132,1,0,5042,0,55.301189423
1,"map(tofrom: a)",1,32,132,1,1,758,0,22.006034851
1,"map(tofrom: a)",1,32,132,1,1,3,0,21.791458130
1,"map(tofrom: a)",1,32,132,1,1,3140,0,38.647651672
1,"map(tofrom: a)",1,32,132,1,1,1955,0,30.505657196
1,"map(tofrom: a)",1,32,132,1,1,44,0,22.149085999
1,"map(tofrom: a)",1,32,132,1,1,17,0,22.149085999
1,"map(tofrom: a)",1,32,132,1,1,294,0,22.244453430
1,"map(tofrom: a)",1,32,132,1,1,28,0,22.041797638
1,"map(tofrom: a)",1,32,132,1,1,114,0,22.053718567
1,"map(tofrom: a)",1,32,132,1,1,2,0,22.041797638
1,"map(tofrom: a)",1,32,132,1,1,7,0,21.946430206
1,"map(tofrom: a)",1,32,132,1,1,183,0,22.053718567
1,"map(tofrom: a)",1,32,132,1,1,8096,0,71.096420288
1,"map(tofrom: a)",1,32,132,1,1,11,0,22.053718567
1,"map(tofrom: a)",1,32,132,1,1,1,0,22.053718567
1,"map(tofrom: a)",1,32,132,1,1,1218,0,30.493736267
1,"map(tofrom: a)",1,32,132,1,1,472,0,21.910667419
1,"map(tofrom: a)",1,32,132,1,1,71,0,22.208690643
1,"map(tofrom: a)",1,32,132,1,1,5042,0,54.788589478
1,"map(tofrom: a)",1,32,132,1,1,4,0,21.946430206
1,"map(tofrom: a)",1,32,132,1,2,2,0,21.648406982
1,"map(tofrom: a)",1,32,132,1,2,71,0,21.803379059
1,"map(tofrom: a)",1,32,132,1,2,17,0,22.506713867
1,"map(tofrom: a)",1,32,132,1,2,472,0,22.053718567
1,"map(tofrom: a)",1,32,132,1,2,5042,0,55.050849915
1,"map(tofrom: a)",1,32,132,1,2,28,0,22.101402283
1,"map(tofrom: a)",1,32,132,1,2,44,0,22.149085999
1,"map(tofrom: a)",1,32,132,1,2,1218,0,30.350685120
1,"map(tofrom: a)",1,32,132,1,2,4,0,22.244453430
1,"map(tofrom: a)",1,32,132,1,2,1955,0,30.243396759
1,"map(tofrom: a)",1,32,132,1,2,183,0,22.304058075
1,"map(tofrom: a)",1,32,132,1,2,7,0,22.399425507
1,"map(tofrom: a)",1,32,132,1,2,758,0,22.149085999
1,"map(tofrom: a)",1,32,132,1,2,1,0,22.149085999
1,"map(tofrom: a)",1,32,132,1,2,3140,0,39.100646973
1,"map(tofrom: a)",1,32,132,1,2,8096,0,71.156024933
1,"map(tofrom: a)",1,32,132,1,2,3,0,22.351741791
1,"map(tofrom: a)",1,32,132,1,2,114,0,22.196769714
1,"map(tofrom: a)",1,32,132,1,2,11,0,22.196769714
1,"map(tofrom: a)",1,32,132,1,2,294,0,22.101402283
1,"map(tofrom: a)",1,32,132,1,3,1,0,21.898746490
1,"map(tofrom: a)",1,32,132,1,3,17,0,22.149085999
1,"map(tofrom: a)",1,32,132,1,3,294,0,22.244453430
1,"map(tofrom: a)",1,32,132,1,3,5042,0,54.895877838
1,"map(tofrom: a)",1,32,132,1,3,114,0,22.006034851
1,"map(tofrom: a)",1,32,132,1,3,28,0,21.946430206
1,"map(tofrom: a)",1,32,132,1,3,1218,0,30.350685120
1,"map(tofrom: a)",1,32,132,1,3,2,0,21.946430206
1,"map(tofrom: a)",1,32,132,1,3,3,0,22.339820862
1,"map(tofrom: a)",1,32,132,1,3,4,0,21.994113922
1,"map(tofrom: a)",1,32,132,1,3,758,0,22.351741791
1,"map(tofrom: a)",1,32,132,1,3,11,0,21.851062775
1,"map(tofrom: a)",1,32,132,1,3,44,0,21.994113922
1,"map(tofrom: a)",1,32,132,1,3,472,0,21.946430206
1,"map(tofrom: a)",1,32,132,1,3,7,0,22.149085999
1,"map(tofrom: a)",1,32,132,1,3,1955,0,30.255317688
1,"map(tofrom: a)",1,32,132,1,3,71,0,22.399425507
1,"map(tofrom: a)",1,32,132,1,3,183,0,22.196769714
1,"map(tofrom: a)",1,32,132,1,3,8096,0,71.489810944
1,"map(tofrom: a)",1,32,132,1,3,3140,0,38.599967957
1,"map(tofrom: a)",1,32,132,1,4,472,0,22.196769714
1,"map(tofrom: a)",1,32,132,1,4,71,0,21.958351135
1,"map(tofrom: a)",1,32,132,1,4,1,0,22.053718567
1,"map(tofrom: a)",1,32,132,1,4,11,0,22.101402283
1,"map(tofrom: a)",1,32,132,1,4,4,0,22.256374359
1,"map(tofrom: a)",1,32,132,1,4,3140,0,38.659572601
1,"map(tofrom: a)",1,32,132,1,4,28,0,22.101402283
1,"map(tofrom: a)",1,32,132,1,4,1218,0,30.493736267
1,"map(tofrom: a)",1,32,132,1,4,2,0,22.208690643
1,"map(tofrom: a)",1,32,132,1,4,183,0,22.101402283
1,"map(tofrom: a)",1,32,132,1,4,5042,0,54.943561554
1,"map(tofrom: a)",1,32,132,1,4,114,0,22.089481354
1,"map(tofrom: a)",1,32,132,1,4,3,0,22.292137146
1,"map(tofrom: a)",1,32,132,1,4,44,0,22.101402283
1,"map(tofrom: a)",1,32,132,1,4,758,0,22.244453430
1,"map(tofrom: a)",1,32,132,1,4,8096,0,71.346759796
1,"map(tofrom: a)",1,32,132,1,4,1955,0,30.398368835
1,"map(tofrom: a)",1,32,132,1,4,294,0,22.006034851
1,"map(tofrom: a)",1,32,132,1,4,7,0,21.946430206
1,"map(tofrom: a)",1,32,132,1,4,17,0,21.946430206
1,"map(tofrom: a)",4,32,132,0,0,7,0,22.757053375
1,"map(tofrom: a)",4,32,132,0,0,114,0,22.304058075
1,"map(tofrom: a)",4,32,132,0,0,3,0,21.851062775
1,"map(tofrom: a)",4,32,132,0,0,17,0,22.006034851
1,"map(tofrom: a)",4,32,132,0,0,1,0,21.946430206
1,"map(tofrom: a)",4,32,132,0,0,44,0,22.101402283
1,"map(tofrom: a)",4,32,132,0,0,294,0,22.006034851
1,"map(tofrom: a)",4,32,132,0,0,3140,0,38.540363312
1,"map(tofrom: a)",4,32,132,0,0,4,0,22.161006927
1,"map(tofrom: a)",4,32,132,0,0,1955,0,30.004978180
1,"map(tofrom: a)",4,32,132,0,0,183,0,21.898746490
1,"map(tofrom: a)",4,32,132,0,0,8096,0,71.501731873
1,"map(tofrom: a)",4,32,132,0,0,758,0,22.053718567
1,"map(tofrom: a)",4,32,132,0,0,71,0,21.600723267
1,"map(tofrom: a)",4,32,132,0,0,2,0,21.803379059
1,"map(tofrom: a)",4,32,132,0,0,11,0,22.053718567
1,"map(tofrom: a)",4,32,132,0,0,28,0,22.053718567
1,"map(tofrom: a)",4,32,132,0,0,5042,0,54.848194122
1,"map(tofrom: a)",4,32,132,0,0,1218,0,30.291080475
1,"map(tofrom: a)",4,32,132,0,0,472,0,21.803379059
1,"map(tofrom: a)",4,32,132,0,1,4,0,21.994113922
1,"map(tofrom: a)",4,32,132,0,1,1,0,22.041797638
1,"map(tofrom: a)",4,32,132,0,1,17,0,21.946430206
1,"map(tofrom: a)",4,32,132,0,1,28,0,21.755695343
1,"map(tofrom: a)",4,32,132,0,1,11,0,22.447109222
1,"map(tofrom: a)",4,32,132,0,1,3140,0,38.242340088
1,"map(tofrom: a)",4,32,132,0,1,2,0,22.149085999
1,"map(tofrom: a)",4,32,132,0,1,758,0,22.399425507
1,"map(tofrom: a)",4,32,132,0,1,1218,0,30.195713043
1,"map(tofrom: a)",4,32,132,0,1,44,0,21.898746490
1,"map(tofrom: a)",4,32,132,0,1,71,0,22.399425507
1,"map(tofrom: a)",4,32,132,0,1,114,0,21.946430206
1,"map(tofrom: a)",4,32,132,0,1,294,0,22.399425507
1,"map(tofrom: a)",4,32,132,0,1,7,0,22.053718567
1,"map(tofrom: a)",4,32,132,0,1,183,0,22.244453430
1,"map(tofrom: a)",4,32,132,0,1,8096,0,71.346759796
1,"map(tofrom: a)",4,32,132,0,1,472,0,22.149085999
1,"map(tofrom: a)",4,32,132,0,1,1955,0,30.255317688
1,"map(tofrom: a)",4,32,132,0,1,3,0,22.006034851
1,"map(tofrom: a)",4,32,132,0,1,5042,0,55.146217346
1,"map(tofrom: a)",4,32,132,0,2,3,0,22.101402283
1,"map(tofrom: a)",4,32,132,0,2,44,0,21.803379059
1,"map(tofrom: a)",4,32,132,0,2,1,0,22.053718567
1,"map(tofrom: a)",4,32,132,0,2,183,0,22.161006927
1,"map(tofrom: a)",4,32,132,0,2,294,0,21.946430206
1,"map(tofrom: a)",4,32,132,0,2,5042,0,54.943561554
1,"map(tofrom: a)",4,32,132,0,2,7,0,22.447109222
1,"map(tofrom: a)",4,32,132,0,2,8096,0,71.191787720
1,"map(tofrom: a)",4,32,132,0,2,2,0,22.006034851
1,"map(tofrom: a)",4,32,132,0,2,114,0,22.351741791
1,"map(tofrom: a)",4,32,132,0,2,71,0,22.006034851
1,"map(tofrom: a)",4,32,132,0,2,1955,0,30.159950256
1,"map(tofrom: a)",4,32,132,0,2,17,0,22.149085999
1,"map(tofrom: a)",4,32,132,0,2,472,0,22.244453430
1,"map(tofrom: a)",4,32,132,0,2,11,0,21.946430206
1,"map(tofrom: a)",4,32,132,0,2,1218,0,30.446052551
1,"map(tofrom: a)",4,32,132,0,2,4,0,22.292137146
1,"map(tofrom: a)",4,32,132,0,2,3140,0,38.349628448
1,"map(tofrom: a)",4,32,132,0,2,758,0,22.196769714
1,"map(tofrom: a)",4,32,132,0,2,28,0,22.244453430
1,"map(tofrom: a)",4,32,132,0,3,11,0,21.898746490
1,"map(tofrom: a)",4,32,132,0,3,4,0,22.041797638
1,"map(tofrom: a)",4,32,132,0,3,5042,0,55.098533630
1,"map(tofrom: a)",4,32,132,0,3,183,0,22.101402283
1,"map(tofrom: a)",4,32,132,0,3,17,0,21.708011627
1,"map(tofrom: a)",4,32,132,0,3,3,0,22.149085999
1,"map(tofrom: a)",4,32,132,0,3,28,0,22.006034851
1,"map(tofrom: a)",4,32,132,0,3,1218,0,29.993057251
1,"map(tofrom: a)",4,32,132,0,3,114,0,22.399425507
1,"map(tofrom: a)",4,32,132,0,3,758,0,22.006034851
1,"map(tofrom: a)",4,32,132,0,3,1955,0,29.754638672
1,"map(tofrom: a)",4,32,132,0,3,472,0,21.445751190
1,"map(tofrom: a)",4,32,132,0,3,7,0,22.304058075
1,"map(tofrom: a)",4,32,132,0,3,44,0,21.851062775
1,"map(tofrom: a)",4,32,132,0,3,3140,0,38.552284241
1,"map(tofrom: a)",4,32,132,0,3,8096,0,71.454048157
1,"map(tofrom: a)",4,32,132,0,3,71,0,22.006034851
1,"map(tofrom: a)",4,32,132,0,3,1,0,21.851062775
1,"map(tofrom: a)",4,32,132,0,3,2,0,22.101402283
1,"map(tofrom: a)",4,32,132,0,3,294,0,21.994113922
1,"map(tofrom: a)",4,32,132,0,4,3,0,22.101402283
1,"map(tofrom: a)",4,32,132,0,4,8096,0,71.799755096
1,"map(tofrom: a)",4,32,132,0,4,1,0,22.006034851
1,"map(tofrom: a)",4,32,132,0,4,28,0,21.898746490
1,"map(tofrom: a)",4,32,132,0,4,17,0,21.493434906
1,"map(tofrom: a)",4,32,132,0,4,5042,0,54.550170898
1,"map(tofrom: a)",4,32,132,0,4,7,0,22.053718567
1,"map(tofrom: a)",4,32,132,0,4,114,0,21.946430206
1,"map(tofrom: a)",4,32,132,0,4,44,0,22.304058075
1,"map(tofrom: a)",4,32,132,0,4,2,0,21.946430206
1,"map(tofrom: a)",4,32,132,0,4,294,0,22.053718567
1,"map(tofrom: a)",4,32,132,0,4,758,0,21.791458130
1,"map(tofrom: a)",4,32,132,0,4,183,0,22.006034851
1,"map(tofrom: a)",4,32,132,0,4,4,0,21.994113922
1,"map(tofrom: a)",4,32,132,0,4,1218,0,30.505657196
1,"map(tofrom: a)",4,32,132,0,4,71,0,21.898746490
1,"map(tofrom: a)",4,32,132,0,4,1955,0,30.148029327
1,"map(tofrom: a)",4,32,132,0,4,11,0,21.946430206
1,"map(tofrom: a)",4,32,132,0,4,472,0,21.696090698
1,"map(tofrom: a)",4,32,132,0,4,3140,0,38.349628448
1,"map(tofrom: a)",4,32,132,1,0,2,0,22.006034851
1,"map(tofrom: a)",4,32,132,1,0,4,0,22.542476654
1,"map(tofrom: a)",4,32,132,1,0,472,0,21.755695343
1,"map(tofrom: a)",4,32,132,1,0,3140,0,38.492679596
1,"map(tofrom: a)",4,32,132,1,0,183,0,22.149085999
1,"map(tofrom: a)",4,32,132,1,0,28,0,22.292137146
1,"map(tofrom: a)",4,32,132,1,0,71,0,21.946430206
1,"map(tofrom: a)",4,32,132,1,0,1218,0,30.457973480
1,"map(tofrom: a)",4,32,132,1,0,294,0,22.053718567
1,"map(tofrom: a)",4,32,132,1,0,1,0,22.006034851
1,"map(tofrom: a)",4,32,132,1,0,7,0,22.196769714
1,"map(tofrom: a)",4,32,132,1,0,1955,0,30.148029327
1,"map(tofrom: a)",4,32,132,1,0,758,0,21.898746490
1,"map(tofrom: a)",4,32,132,1,0,114,0,22.244453430
1,"map(tofrom: a)",4,32,132,1,0,11,0,22.006034851
1,"map(tofrom: a)",4,32,132,1,0,3,0,21.696090698
1,"map(tofrom: a)",4,32,132,1,0,8096,0,71.549415588
1,"map(tofrom: a)",4,32,132,1,0,44,0,22.053718567
1,"map(tofrom: a)",4,32,132,1,0,17,0,21.958351135
1,"map(tofrom: a)",4,32,132,1,0,5042,0,54.943561554
1,"map(tofrom: a)",4,32,132,1,1,758,0,21.743774414
1,"map(tofrom: a)",4,32,132,1,1,3,0,21.958351135
1,"map(tofrom: a)",4,32,132,1,1,3140,0,38.743019104
1,"map(tofrom: a)",4,32,132,1,1,1955,0,30.195713043
1,"map(tofrom: a)",4,32,132,1,1,44,0,21.696090698
1,"map(tofrom: a)",4,32,132,1,1,17,0,21.898746490
1,"map(tofrom: a)",4,32,132,1,1,294,0,21.803379059
1,"map(tofrom: a)",4,32,132,1,1,28,0,21.851062775
1,"map(tofrom: a)",4,32,132,1,1,114,0,21.946430206
1,"map(tofrom: a)",4,32,132,1,1,2,0,22.006034851
1,"map(tofrom: a)",4,32,132,1,1,7,0,21.851062775
1,"map(tofrom: a)",4,32,132,1,1,183,0,22.196769714
1,"map(tofrom: a)",4,32,132,1,1,8096,0,71.454048157
1,"map(tofrom: a)",4,32,132,1,1,11,0,22.101402283
1,"map(tofrom: a)",4,32,132,1,1,1,0,21.946430206
1,"map(tofrom: a)",4,32,132,1,1,1218,0,30.207633972
1,"map(tofrom: a)",4,32,132,1,1,472,0,21.851062775
1,"map(tofrom: a)",4,32,132,1,1,71,0,21.648406982
1,"map(tofrom: a)",4,32,132,1,1,5042,0,55.801868439
1,"map(tofrom: a)",4,32,132,1,1,4,0,21.898746490
1,"map(tofrom: a)",4,32,132,1,2,2,0,21.851062775
1,"map(tofrom: a)",4,32,132,1,2,71,0,22.101402283
1,"map(tofrom: a)",4,32,132,1,2,17,0,22.399425507
1,"map(tofrom: a)",4,32,132,1,2,472,0,21.851062775
1,"map(tofrom: a)",4,32,132,1,2,5042,0,55.003166199
1,"map(tofrom: a)",4,32,132,1,2,28,0,22.256374359
1,"map(tofrom: a)",4,32,132,1,2,44,0,22.006034851
1,"map(tofrom: a)",4,32,132,1,2,1218,0,30.446052551
1,"map(tofrom: a)",4,32,132,1,2,4,0,22.053718567
1,"map(tofrom: a)",4,32,132,1,2,1955,0,30.350685120
1,"map(tofrom: a)",4,32,132,1,2,183,0,22.101402283
1,"map(tofrom: a)",4,32,132,1,2,7,0,22.304058075
1,"map(tofrom: a)",4,32,132,1,2,758,0,21.648406982
1,"map(tofrom: a)",4,32,132,1,2,1,0,22.041797638
1,"map(tofrom: a)",4,32,132,1,2,3140,0,38.707256317
1,"map(tofrom: a)",4,32,132,1,2,8096,0,71.394443512
1,"map(tofrom: a)",4,32,132,1,2,3,0,22.006034851
1,"map(tofrom: a)",4,32,132,1,2,114,0,22.053718567
1,"map(tofrom: a)",4,32,132,1,2,11,0,21.898746490
1,"map(tofrom: a)",4,32,132,1,2,294,0,22.149085999
1,"map(tofrom: a)",4,32,132,1,3,1,0,21.946430206
1,"map(tofrom: a)",4,32,132,1,3,17,0,22.101402283
1,"map(tofrom: a)",4,32,132,1,3,294,0,22.006034851
1,"map(tofrom: a)",4,32,132,1,3,5042,0,55.253505707
1,"map(tofrom: a)",4,32,132,1,3,114,0,22.149085999
1,"map(tofrom: a)",4,32,132,1,3,28,0,21.898746490
1,"map(tofrom: a)",4,32,132,1,3,1218,0,30.243396759
1,"map(tofrom: a)",4,32,132,1,3,2,0,22.244453430
1,"map(tofrom: a)",4,32,132,1,3,3,0,22.101402283
1,"map(tofrom: a)",4,32,132,1,3,4,0,21.696090698
1,"map(tofrom: a)",4,32,132,1,3,758,0,22.840499878
1,"map(tofrom: a)",4,32,132,1,3,11,0,22.244453430
1,"map(tofrom: a)",4,32,132,1,3,44,0,21.958351135
1,"map(tofrom: a)",4,32,132,1,3,472,0,22.304058075
1,"map(tofrom: a)",4,32,132,1,3,7,0,21.946430206
1,"map(tofrom: a)",4,32,132,1,3,1955,0,30.553340912
1,"map(tofrom: a)",4,32,132,1,3,71,0,21.743774414
1,"map(tofrom: a)",4,32,132,1,3,183,0,22.244453430
1,"map(tofrom: a)",4,32,132,1,3,8096,0,71.346759796
1,"map(tofrom: a)",4,32,132,1,3,3140,0,39.005279541
1,"map(tofrom: a)",4,32,132,1,4,472,0,21.958351135
1,"map(tofrom: a)",4,32,132,1,4,71,0,22.053718567
1,"map(tofrom: a)",4,32,132,1,4,1,0,22.101402283
1,"map(tofrom: a)",4,32,132,1,4,11,0,22.292137146
1,"map(tofrom: a)",4,32,132,1,4,4,0,22.006034851
1,"map(tofrom: a)",4,32,132,1,4,3140,0,38.456916809
1,"map(tofrom: a)",4,32,132,1,4,28,0,22.351741791
1,"map(tofrom: a)",4,32,132,1,4,1218,0,30.446052551
1,"map(tofrom: a)",4,32,132,1,4,2,0,22.101402283
1,"map(tofrom: a)",4,32,132,1,4,183,0,22.602081299
1,"map(tofrom: a)",4,32,132,1,4,5042,0,54.907798767
1,"map(tofrom: a)",4,32,132,1,4,114,0,22.053718567
1,"map(tofrom: a)",4,32,132,1,4,3,0,21.946430206
1,"map(tofrom: a)",4,32,132,1,4,44,0,22.101402283
1,"map(tofrom: a)",4,32,132,1,4,758,0,22.041797638
1,"map(tofrom: a)",4,32,132,1,4,8096,0,71.108341217
1,"map(tofrom: a)",4,32,132,1,4,1955,0,30.648708344
1,"map(tofrom: a)",4,32,132,1,4,294,0,21.994113922
1,"map(tofrom: a)",4,32,132,1,4,7,0,22.006034851
1,"map(tofrom: a)",4,32,132,1,4,17,0,22.053718567
1,"map(tofrom: a)",16,32,132,0,0,7,0,23.138523102
1,"map(tofrom: a)",16,32,132,0,0,114,0,22.149085999
1,"map(tofrom: a)",16,32,132,0,0,3,0,22.041797638
1,"map(tofrom: a)",16,32,132,0,0,17,0,22.399425507
1,"map(tofrom: a)",16,32,132,0,0,1,0,22.089481354
1,"map(tofrom: a)",16,32,132,0,0,44,0,21.708011627
1,"map(tofrom: a)",16,32,132,0,0,294,0,22.006034851
1,"map(tofrom: a)",16,32,132,0,0,3140,0,38.146972656
1,"map(tofrom: a)",16,32,132,0,0,4,0,21.648406982
1,"map(tofrom: a)",16,32,132,0,0,1955,0,30.207633972
1,"map(tofrom: a)",16,32,132,0,0,183,0,21.958351135
1,"map(tofrom: a)",16,32,132,0,0,8096,0,71.501731873
1,"map(tofrom: a)",16,32,132,0,0,758,0,22.101402283
1,"map(tofrom: a)",16,32,132,0,0,71,0,22.196769714
1,"map(tofrom: a)",16,32,132,0,0,2,0,22.196769714
1,"map(tofrom: a)",16,32,132,0,0,11,0,21.946430206
1,"map(tofrom: a)",16,32,132,0,0,28,0,22.149085999
1,"map(tofrom: a)",16,32,132,0,0,5042,0,55.003166199
1,"map(tofrom: a)",16,32,132,0,0,1218,0,30.350685120
1,"map(tofrom: a)",16,32,132,0,0,472,0,22.304058075
1,"map(tofrom: a)",16,32,132,0,1,4,0,21.803379059
1,"map(tofrom: a)",16,32,132,0,1,1,0,22.101402283
1,"map(tofrom: a)",16,32,132,0,1,17,0,21.994113922
1,"map(tofrom: a)",16,32,132,0,1,28,0,21.743774414
1,"map(tofrom: a)",16,32,132,0,1,11,0,22.196769714
1,"map(tofrom: a)",16,32,132,0,1,3140,0,38.945674896
1,"map(tofrom: a)",16,32,132,0,1,2,0,22.101402283
1,"map(tofrom: a)",16,32,132,0,1,758,0,22.256374359
1,"map(tofrom: a)",16,32,132,0,1,1218,0,30.696392059
1,"map(tofrom: a)",16,32,132,0,1,44,0,22.351741791
1,"map(tofrom: a)",16,32,132,0,1,71,0,22.304058075
1,"map(tofrom: a)",16,32,132,0,1,114,0,21.696090698
1,"map(tofrom: a)",16,32,132,0,1,294,0,22.256374359
1,"map(tofrom: a)",16,32,132,0,1,7,0,22.304058075
1,"map(tofrom: a)",16,32,132,0,1,183,0,22.304058075
1,"map(tofrom: a)",16,32,132,0,1,8096,0,71.549415588
1,"map(tofrom: a)",16,32,132,0,1,472,0,21.851062775
1,"map(tofrom: a)",16,32,132,0,1,1955,0,30.398368835
1,"map(tofrom: a)",16,32,132,0,1,3,0,22.041797638
1,"map(tofrom: a)",16,32,132,0,1,5042,0,54.895877838
1,"map(tofrom: a)",16,32,132,0,2,3,0,21.898746490
1,"map(tofrom: a)",16,32,132,0,2,44,0,21.946430206
1,"map(tofrom: a)",16,32,132,0,2,1,0,22.149085999
1,"map(tofrom: a)",16,32,132,0,2,183,0,22.006034851
1,"map(tofrom: a)",16,32,132,0,2,294,0,21.994113922
1,"map(tofrom: a)",16,32,132,0,2,5042,0,55.205821991
1,"map(tofrom: a)",16,32,132,0,2,7,0,22.149085999
1,"map(tofrom: a)",16,32,132,0,2,8096,0,71.549415588
1,"map(tofrom: a)",16,32,132,0,2,2,0,22.208690643
1,"map(tofrom: a)",16,32,132,0,2,114,0,22.006034851
1,"map(tofrom: a)",16,32,132,0,2,71,0,22.244453430
1,"map(tofrom: a)",16,32,132,0,2,1955,0,30.195713043
1,"map(tofrom: a)",16,32,132,0,2,17,0,22.101402283
1,"map(tofrom: a)",16,32,132,0,2,472,0,22.196769714
1,"map(tofrom: a)",16,32,132,0,2,11,0,22.244453430
1,"map(tofrom: a)",16,32,132,0,2,1218,0,30.350685120
1,"map(tofrom: a)",16,32,132,0,2,4,0,22.351741791
1,"map(tofrom: a)",16,32,132,0,2,3140,0,38.754940033
1,"map(tofrom: a)",16,32,132,0,2,758,0,22.459030151
1,"map(tofrom: a)",16,32,132,0,2,28,0,21.994113922
1,"map(tofrom: a)",16,32,132,0,3,11,0,22.602081299
1,"map(tofrom: a)",16,32,132,0,3,4,0,22.244453430
1,"map(tofrom: a)",16,32,132,0,3,5042,0,55.050849915
1,"map(tofrom: a)",16,32,132,0,3,183,0,22.351741791
1,"map(tofrom: a)",16,32,132,0,3,17,0,22.101402283
1,"map(tofrom: a)",16,32,132,0,3,3,0,22.447109222
1,"map(tofrom: a)",16,32,132,0,3,28,0,22.101402283
1,"map(tofrom: a)",16,32,132,0,3,1218,0,30.303001404
1,"map(tofrom: a)",16,32,132,0,3,114,0,22.399425507
1,"map(tofrom: a)",16,32,132,0,3,758,0,22.053718567
1,"map(tofrom: a)",16,32,132,0,3,1955,0,30.601024628
1,"map(tofrom: a)",16,32,132,0,3,472,0,22.852420807
1,"map(tofrom: a)",16,32,132,0,3,7,0,22.149085999
1,"map(tofrom: a)",16,32,132,0,3,44,0,22.196769714
1,"map(tofrom: a)",16,32,132,0,3,3140,0,39.052963257
1,"map(tofrom: a)",16,32,132,0,3,8096,0,71.394443512
1,"map(tofrom: a)",16,32,132,0,3,71,0,22.256374359
1,"map(tofrom: a)",16,32,132,0,3,1,0,22.053718567
1,"map(tofrom: a)",16,32,132,0,3,2,0,22.304058075
1,"map(tofrom: a)",16,32,132,0,3,294,0,22.101402283
1,"map(tofrom: a)",16,32,132,0,4,3,0,22.256374359
1,"map(tofrom: a)",16,32,132,0,4,8096,0,71.644783020
1,"map(tofrom: a)",16,32,132,0,4,1,0,22.006034851
1,"map(tofrom: a)",16,32,132,0,4,28,0,22.053718567
1,"map(tofrom: a)",16,32,132,0,4,17,0,22.053718567
1,"map(tofrom: a)",16,32,132,0,4,5042,0,55.253505707
1,"map(tofrom: a)",16,32,132,0,4,7,0,22.256374359
1,"map(tofrom: a)",16,32,132,0,4,114,0,21.994113922
1,"map(tofrom: a)",16,32,132,0,4,44,0,22.304058075
1,"map(tofrom: a)",16,32,132,0,4,2,0,22.101402283
1,"map(tofrom: a)",16,32,132,0,4,294,0,22.149085999
1,"map(tofrom: a)",16,32,132,0,4,758,0,22.101402283
1,"map(tofrom: a)",16,32,132,0,4,183,0,22.244453430
1,"map(tofrom: a)",16,32,132,0,4,4,0,22.101402283
1,"map(tofrom: a)",16,32,132,0,4,1218,0,30.493736267
1,"map(tofrom: a)",16,32,132,0,4,71,0,22.149085999
1,"map(tofrom: a)",16,32,132,0,4,1955,0,30.291080475
1,"map(tofrom: a)",16,32,132,0,4,11,0,22.256374359
1,"map(tofrom: a)",16,32,132,0,4,472,0,21.946430206
1,"map(tofrom: a)",16,32,132,0,4,3140,0,38.552284241
1,"map(tofrom: a)",16,32,132,1,0,2,0,22.649765015
1,"map(tofrom: a)",16,32,132,1,0,4,0,22.101402283
1,"map(tofrom: a)",16,32,132,1,0,472,0,21.994113922
1,"map(tofrom: a)",16,32,132,1,0,3140,0,38.254261017
1,"map(tofrom: a)",16,32,132,1,0,183,0,22.053718567
1,"map(tofrom: a)",16,32,132,1,0,28,0,22.351741791
1,"map(tofrom: a)",16,32,132,1,0,71,0,22.244453430
1,"map(tofrom: a)",16,32,132,1,0,1218,0,30.255317688
1,"map(tofrom: a)",16,32,132,1,0,294,0,21.898746490
1,"map(tofrom: a)",16,32,132,1,0,1,0,22.304058075
1,"map(tofrom: a)",16,32,132,1,0,7,0,22.161006927
1,"map(tofrom: a)",16,32,132,1,0,1955,0,30.541419983
1,"map(tofrom: a)",16,32,132,1,0,758,0,22.351741791
1,"map(tofrom: a)",16,32,132,1,0,114,0,22.149085999
1,"map(tofrom: a)",16,32,132,1,0,11,0,21.946430206
1,"map(tofrom: a)",16,32,132,1,0,3,0,22.208690643
1,"map(tofrom: a)",16,32,132,1,0,8096,0,71.358680725
1,"map(tofrom: a)",16,32,132,1,0,44,0,21.994113922
1,"map(tofrom: a)",16,32,132,1,0,17,0,22.351741791
1,"map(tofrom: a)",16,32,132,1,0,5042,0,54.860115051
1,"map(tofrom: a)",16,32,132,1,1,758,0,22.196769714
1,"map(tofrom: a)",16,32,132,1,1,3,0,22.196769714
1,"map(tofrom: a)",16,32,132,1,1,3140,0,38.599967957
1,"map(tofrom: a)",16,32,132,1,1,1955,0,30.350685120
1,"map(tofrom: a)",16,32,132,1,1,44,0,22.053718567
1,"map(tofrom: a)",16,32,132,1,1,17,0,22.053718567
1,"map(tofrom: a)",16,32,132,1,1,294,0,22.006034851
1,"map(tofrom: a)",16,32,132,1,1,28,0,22.351741791
1,"map(tofrom: a)",16,32,132,1,1,114,0,22.053718567
1,"map(tofrom: a)",16,32,132,1,1,2,0,22.244453430
1,"map(tofrom: a)",16,32,132,1,1,7,0,22.399425507
1,"map(tofrom: a)",16,32,132,1,1,183,0,22.447109222
1,"map(tofrom: a)",16,32,132,1,1,8096,0,71.704387665
1,"map(tofrom: a)",16,32,132,1,1,11,0,22.149085999
1,"map(tofrom: a)",16,32,132,1,1,1,0,22.101402283
1,"map(tofrom: a)",16,32,132,1,1,1218,0,30.243396759
1,"map(tofrom: a)",16,32,132,1,1,472,0,21.898746490
1,"map(tofrom: a)",16,32,132,1,1,71,0,21.898746490
1,"map(tofrom: a)",16,32,132,1,1,5042,0,54.895877838
1,"map(tofrom: a)",16,32,132,1,1,4,0,21.255016327
1,"map(tofrom: a)",16,32,132,1,2,2,0,22.149085999
1,"map(tofrom: a)",16,32,132,1,2,71,0,21.696090698
1,"map(tofrom: a)",16,32,132,1,2,17,0,22.053718567
1,"map(tofrom: a)",16,32,132,1,2,472,0,22.339820862
1,"map(tofrom: a)",16,32,132,1,2,5042,0,54.848194122
1,"map(tofrom: a)",16,32,132,1,2,28,0,22.304058075
1,"map(tofrom: a)",16,32,132,1,2,44,0,22.149085999
1,"map(tofrom: a)",16,32,132,1,2,1218,0,30.446052551
1,"map(tofrom: a)",16,32,132,1,2,4,0,22.101402283
1,"map(tofrom: a)",16,32,132,1,2,1955,0,30.493736267
1,"map(tofrom: a)",16,32,132,1,2,183,0,22.304058075
1,"map(tofrom: a)",16,32,132,1,2,7,0,22.447109222
1,"map(tofrom: a)",16,32,132,1,2,758,0,22.006034851
1,"map(tofrom: a)",16,32,132,1,2,1,0,22.149085999
1,"map(tofrom: a)",16,32,132,1,2,3140,0,38.444995880
1,"map(tofrom: a)",16,32,132,1,2,8096,0,71.752071381
1,"map(tofrom: a)",16,32,132,1,2,3,0,22.196769714
1,"map(tofrom: a)",16,32,132,1,2,114,0,22.447109222
1,"map(tofrom: a)",16,32,132,1,2,11,0,22.149085999
1,"map(tofrom: a)",16,32,132,1,2,294,0,22.161006927
1,"map(tofrom: a)",16,32,132,1,3,1,0,22.304058075
1,"map(tofrom: a)",16,32,132,1,3,17,0,22.304058075
1,"map(tofrom: a)",16,32,132,1,3,294,0,22.244453430
1,"map(tofrom: a)",16,32,132,1,3,5042,0,55.253505707
1,"map(tofrom: a)",16,32,132,1,3,114,0,22.101402283
1,"map(tofrom: a)",16,32,132,1,3,28,0,22.745132446
1,"map(tofrom: a)",16,32,132,1,3,1218,0,30.696392059
1,"map(tofrom: a)",16,32,132,1,3,2,0,22.256374359
1,"map(tofrom: a)",16,32,132,1,3,3,0,22.149085999
1,"map(tofrom: a)",16,32,132,1,3,4,0,22.149085999
1,"map(tofrom: a)",16,32,132,1,3,758,0,22.041797638
1,"map(tofrom: a)",16,32,132,1,3,11,0,22.602081299
1,"map(tofrom: a)",16,32,132,1,3,44,0,22.256374359
1,"map(tofrom: a)",16,32,132,1,3,472,0,22.149085999
1,"map(tofrom: a)",16,32,132,1,3,7,0,22.208690643
1,"map(tofrom: a)",16,32,132,1,3,1955,0,30.446052551
1,"map(tofrom: a)",16,32,132,1,3,71,0,22.101402283
1,"map(tofrom: a)",16,32,132,1,3,183,0,22.149085999
1,"map(tofrom: a)",16,32,132,1,3,8096,0,71.549415588
1,"map(tofrom: a)",16,32,132,1,3,3140,0,38.552284241
1,"map(tofrom: a)",16,32,132,1,4,472,0,22.149085999
1,"map(tofrom: a)",16,32,132,1,4,71,0,21.898746490
1,"map(tofrom: a)",16,32,132,1,4,1,0,22.053718567
1,"map(tofrom: a)",16,32,132,1,4,11,0,22.149085999
1,"map(tofrom: a)",16,32,132,1,4,4,0,22.053718567
1,"map(tofrom: a)",16,32,132,1,4,3140,0,38.444995880
1,"map(tofrom: a)",16,32,132,1,4,28,0,22.149085999
1,"map(tofrom: a)",16,32,132,1,4,1218,0,30.601024628
1,"map(tofrom: a)",16,32,132,1,4,2,0,22.196769714
1,"map(tofrom: a)",16,32,132,1,4,183,0,22.351741791
1,"map(tofrom: a)",16,32,132,1,4,5042,0,55.241584778
1,"map(tofrom: a)",16,32,132,1,4,114,0,22.494792938
1,"map(tofrom: a)",16,32,132,1,4,3,0,22.494792938
1,"map(tofrom: a)",16,32,132,1,4,44,0,22.006034851
1,"map(tofrom: a)",16,32,132,1,4,758,0,22.244453430
1,"map(tofrom: a)",16,32,132,1,4,8096,0,71.704387665
1,"map(tofrom: a)",16,32,132,1,4,1955,0,30.148029327
1,"map(tofrom: a)",16,32,132,1,4,294,0,22.399425507
1,"map(tofrom: a)",16,32,132,1,4,7,0,22.256374359
1,"map(tofrom: a)",16,32,132,1,4,17,0,21.755695343
1,"map(tofrom: a)",64,32,132,0,0,7,0,22.840499878
1,"map(tofrom: a)",64,32,132,0,0,114,0,22.196769714
1,"map(tofrom: a)",64,32,132,0,0,3,0,22.161006927
1,"map(tofrom: a)",64,32,132,0,0,17,0,22.256374359
1,"map(tofrom: a)",64,32,132,0,0,1,0,21.994113922
1,"map(tofrom: a)",64,32,132,0,0,44,0,22.351741791
1,"map(tofrom: a)",64,32,132,0,0,294,0,22.208690643
1,"map(tofrom: a)",64,32,132,0,0,3140,0,38.552284241
1,"map(tofrom: a)",64,32,132,0,0,4,0,22.149085999
1,"map(tofrom: a)",64,32,132,0,0,1955,0,30.398368835
1,"map(tofrom: a)",64,32,132,0,0,183,0,21.946430206
1,"map(tofrom: a)",64,32,132,0,0,8096,0,71.549415588
1,"map(tofrom: a)",64,32,132,0,0,758,0,21.994113922
1,"map(tofrom: a)",64,32,132,0,0,71,0,22.602081299
1,"map(tofrom: a)",64,32,132,0,0,2,0,22.244453430
1,"map(tofrom: a)",64,32,132,0,0,11,0,22.459030151
1,"map(tofrom: a)",64,32,132,0,0,28,0,22.196769714
1,"map(tofrom: a)",64,32,132,0,0,5042,0,55.396556854
1,"map(tofrom: a)",64,32,132,0,0,1218,0,30.744075775
1,"map(tofrom: a)",64,32,132,0,0,472,0,22.053718567
1,"map(tofrom: a)",64,32,132,0,1,4,0,22.244453430
1,"map(tofrom: a)",64,32,132,0,1,1,0,22.006034851
1,"map(tofrom: a)",64,32,132,0,1,17,0,22.149085999
1,"map(tofrom: a)",64,32,132,0,1,28,0,21.994113922
1,"map(tofrom: a)",64,32,132,0,1,11,0,22.149085999
1,"map(tofrom: a)",64,32,132,0,1,3140,0,38.397312164
1,"map(tofrom: a)",64,32,132,0,1,2,0,22.244453430
1,"map(tofrom: a)",64,32,132,0,1,758,0,22.041797638
1,"map(tofrom: a)",64,32,132,0,1,1218,0,30.350685120
1,"map(tofrom: a)",64,32,132,0,1,44,0,22.244453430
1,"map(tofrom: a)",64,32,132,0,1,71,0,21.708011627
1,"map(tofrom: a)",64,32,132,0,1,114,0,22.041797638
1,"map(tofrom: a)",64,32,132,0,1,294,0,22.149085999
1,"map(tofrom: a)",64,32,132,0,1,7,0,22.006034851
1,"map(tofrom: a)",64,32,132,0,1,183,0,22.101402283
1,"map(tofrom: a)",64,32,132,0,1,8096,0,71.752071381
1,"map(tofrom: a)",64,32,132,0,1,472,0,22.304058075
1,"map(tofrom: a)",64,32,132,0,1,1955,0,30.243396759
1,"map(tofrom: a)",64,32,132,0,1,3,0,22.244453430
1,"map(tofrom: a)",64,32,132,0,1,5042,0,54.860115051
1,"map(tofrom: a)",64,32,132,0,2,3,0,21.946430206
1,"map(tofrom: a)",64,32,132,0,2,44,0,22.399425507
1,"map(tofrom: a)",64,32,132,0,2,1,0,21.994113922
1,"map(tofrom: a)",64,32,132,0,2,183,0,21.743774414
1,"map(tofrom: a)",64,32,132,0,2,294,0,22.304058075
1,"map(tofrom: a)",64,32,132,0,2,5042,0,54.943561554
1,"map(tofrom: a)",64,32,132,0,2,7,0,22.041797638
1,"map(tofrom: a)",64,32,132,0,2,8096,0,71.609020233
1,"map(tofrom: a)",64,32,132,0,2,2,0,22.256374359
1,"map(tofrom: a)",64,32,132,0,2,114,0,22.208690643
1,"map(tofrom: a)",64,32,132,0,2,71,0,22.053718567
1,"map(tofrom: a)",64,32,132,0,2,1955,0,30.350685120
1,"map(tofrom: a)",64,32,132,0,2,17,0,22.101402283
1,"map(tofrom: a)",64,32,132,0,2,472,0,22.256374359
1,"map(tofrom: a)",64,32,132,0,2,11,0,22.101402283
1,"map(tofrom: a)",64,32,132,0,2,1218,0,30.505657196
1,"map(tofrom: a)",64,32,132,0,2,4,0,22.351741791
1,"map(tofrom: a)",64,32,132,0,2,3140,0,38.599967957
1,"map(tofrom: a)",64,32,132,0,2,758,0,22.196769714
1,"map(tofrom: a)",64,32,132,0,2,28,0,22.101402283
1,"map(tofrom: a)",64,32,132,0,3,11,0,22.053718567
1,"map(tofrom: a)",64,32,132,0,3,4,0,21.946430206
1,"map(tofrom: a)",64,32,132,0,3,5042,0,54.991245270
1,"map(tofrom: a)",64,32,132,0,3,183,0,21.696090698
1,"map(tofrom: a)",64,32,132,0,3,17,0,22.196769714
1,"map(tofrom: a)",64,32,132,0,3,3,0,22.304058075
1,"map(tofrom: a)",64,32,132,0,3,28,0,22.292137146
1,"map(tofrom: a)",64,32,132,0,3,1218,0,30.696392059
1,"map(tofrom: a)",64,32,132,0,3,114,0,21.898746490
1,"map(tofrom: a)",64,32,132,0,3,758,0,21.851062775
1,"map(tofrom: a)",64,32,132,0,3,1955,0,30.541419983
1,"map(tofrom: a)",64,32,132,0,3,472,0,21.946430206
1,"map(tofrom: a)",64,32,132,0,3,7,0,21.648406982
1,"map(tofrom: a)",64,32,132,0,3,44,0,22.447109222
1,"map(tofrom: a)",64,32,132,0,3,3140,0,38.194656372
1,"map(tofrom: a)",64,32,132,0,3,8096,0,71.656703949
1,"map(tofrom: a)",64,32,132,0,3,71,0,22.053718567
1,"map(tofrom: a)",64,32,132,0,3,1,0,22.256374359
1,"map(tofrom: a)",64,32,132,0,3,2,0,21.946430206
1,"map(tofrom: a)",64,32,132,0,3,294,0,22.101402283
1,"map(tofrom: a)",64,32,132,0,4,3,0,21.791458130
1,"map(tofrom: a)",64,32,132,0,4,8096,0,71.346759796
1,"map(tofrom: a)",64,32,132,0,4,1,0,22.244453430
1,"map(tofrom: a)",64,32,132,0,4,28,0,21.958351135
1,"map(tofrom: a)",64,32,132,0,4,17,0,22.554397583
1,"map(tofrom: a)",64,32,132,0,4,5042,0,55.301189423
1,"map(tofrom: a)",64,32,132,0,4,7,0,22.256374359
1,"map(tofrom: a)",64,32,132,0,4,114,0,22.208690643
1,"map(tofrom: a)",64,32,132,0,4,44,0,22.304058075
1,"map(tofrom: a)",64,32,132,0,4,2,0,22.161006927
1,"map(tofrom: a)",64,32,132,0,4,294,0,22.196769714
1,"map(tofrom: a)",64,32,132,0,4,758,0,22.399425507
1,"map(tofrom: a)",64,32,132,0,4,183,0,21.994113922
1,"map(tofrom: a)",64,32,132,0,4,4,0,22.244453430
1,"map(tofrom: a)",64,32,132,0,4,1218,0,30.446052551
1,"map(tofrom: a)",64,32,132,0,4,71,0,22.149085999
1,"map(tofrom: a)",64,32,132,0,4,1955,0,30.148029327
1,"map(tofrom: a)",64,32,132,0,4,11,0,22.149085999
1,"map(tofrom: a)",64,32,132,0,4,472,0,21.994113922
1,"map(tofrom: a)",64,32,132,0,4,3140,0,38.707256317
1,"map(tofrom: a)",64,32,132,1,0,2,0,22.101402283
1,"map(tofrom: a)",64,32,132,1,0,4,0,22.053718567
1,"map(tofrom: a)",64,32,132,1,0,472,0,21.898746490
1,"map(tofrom: a)",64,32,132,1,0,3140,0,38.492679596
1,"map(tofrom: a)",64,32,132,1,0,183,0,22.149085999
1,"map(tofrom: a)",64,32,132,1,0,28,0,21.946430206
1,"map(tofrom: a)",64,32,132,1,0,71,0,22.053718567
1,"map(tofrom: a)",64,32,132,1,0,1218,0,30.398368835
1,"map(tofrom: a)",64,32,132,1,0,294,0,22.149085999
1,"map(tofrom: a)",64,32,132,1,0,1,0,22.244453430
1,"map(tofrom: a)",64,32,132,1,0,7,0,22.053718567
1,"map(tofrom: a)",64,32,132,1,0,1955,0,30.398368835
1,"map(tofrom: a)",64,32,132,1,0,758,0,22.053718567
1,"map(tofrom: a)",64,32,132,1,0,114,0,22.244453430
1,"map(tofrom: a)",64,32,132,1,0,11,0,21.958351135
1,"map(tofrom: a)",64,32,132,1,0,3,0,21.946430206
1,"map(tofrom: a)",64,32,132,1,0,8096,0,71.346759796
1,"map(tofrom: a)",64,32,132,1,0,44,0,21.851062775
1,"map(tofrom: a)",64,32,132,1,0,17,0,22.053718567
1,"map(tofrom: a)",64,32,132,1,0,5042,0,54.895877838
1,"map(tofrom: a)",64,32,132,1,1,758,0,22.041797638
1,"map(tofrom: a)",64,32,132,1,1,3,0,22.149085999
1,"map(tofrom: a)",64,32,132,1,1,3140,0,38.599967957
1,"map(tofrom: a)",64,32,132,1,1,1955,0,30.040740967
1,"map(tofrom: a)",64,32,132,1,1,44,0,22.101402283
1,"map(tofrom: a)",64,32,132,1,1,17,0,21.898746490
1,"map(tofrom: a)",64,32,132,1,1,294,0,22.506713867
1,"map(tofrom: a)",64,32,132,1,1,28,0,21.803379059
1,"map(tofrom: a)",64,32,132,1,1,114,0,22.351741791
1,"map(tofrom: a)",64,32,132,1,1,2,0,22.292137146
1,"map(tofrom: a)",64,32,132,1,1,7,0,22.304058075
1,"map(tofrom: a)",64,32,132,1,1,183,0,22.256374359
1,"map(tofrom: a)",64,32,132,1,1,8096,0,71.358680725
1,"map(tofrom: a)",64,32,132,1,1,11,0,21.946430206
1,"map(tofrom: a)",64,32,132,1,1,1,0,21.958351135
1,"map(tofrom: a)",64,32,132,1,1,1218,0,30.457973480
1,"map(tofrom: a)",64,32,132,1,1,472,0,22.041797638
1,"map(tofrom: a)",64,32,132,1,1,71,0,22.101402283
1,"map(tofrom: a)",64,32,132,1,1,5042,0,54.907798767
1,"map(tofrom: a)",64,32,132,1,1,4,0,22.149085999
1,"map(tofrom: a)",64,32,132,1,2,2,0,22.149085999
1,"map(tofrom: a)",64,32,132,1,2,71,0,22.196769714
1,"map(tofrom: a)",64,32,132,1,2,17,0,21.600723267
1,"map(tofrom: a)",64,32,132,1,2,472,0,22.304058075
1,"map(tofrom: a)",64,32,132,1,2,5042,0,55.301189423
1,"map(tofrom: a)",64,32,132,1,2,28,0,22.101402283
1,"map(tofrom: a)",64,32,132,1,2,44,0,22.196769714
1,"map(tofrom: a)",64,32,132,1,2,1218,0,30.446052551
1,"map(tofrom: a)",64,32,132,1,2,4,0,21.851062775
1,"map(tofrom: a)",64,32,132,1,2,1955,0,30.255317688
1,"map(tofrom: a)",64,32,132,1,2,183,0,21.994113922
1,"map(tofrom: a)",64,32,132,1,2,7,0,21.898746490
1,"map(tofrom: a)",64,32,132,1,2,758,0,21.898746490
1,"map(tofrom: a)",64,32,132,1,2,1,0,21.755695343
1,"map(tofrom: a)",64,32,132,1,2,3140,0,38.349628448
1,"map(tofrom: a)",64,32,132,1,2,8096,0,71.299076080
1,"map(tofrom: a)",64,32,132,1,2,3,0,21.803379059
1,"map(tofrom: a)",64,32,132,1,2,114,0,22.196769714
1,"map(tofrom: a)",64,32,132,1,2,11,0,22.196769714
1,"map(tofrom: a)",64,32,132,1,2,294,0,22.351741791
1,"map(tofrom: a)",64,32,132,1,3,1,0,22.244453430
1,"map(tofrom: a)",64,32,132,1,3,17,0,22.494792938
1,"map(tofrom: a)",64,32,132,1,3,294,0,21.958351135
1,"map(tofrom: a)",64,32,132,1,3,5042,0,55.158138275
1,"map(tofrom: a)",64,32,132,1,3,114,0,22.101402283
1,"map(tofrom: a)",64,32,132,1,3,28,0,22.101402283
1,"map(tofrom: a)",64,32,132,1,3,1218,0,30.541419983
1,"map(tofrom: a)",64,32,132,1,3,2,0,21.958351135
1,"map(tofrom: a)",64,32,132,1,3,3,0,22.196769714
1,"map(tofrom: a)",64,32,132,1,3,4,0,21.946430206
1,"map(tofrom: a)",64,32,132,1,3,758,0,22.149085999
1,"map(tofrom: a)",64,32,132,1,3,11,0,21.851062775
1,"map(tofrom: a)",64,32,132,1,3,44,0,21.803379059
1,"map(tofrom: a)",64,32,132,1,3,472,0,21.898746490
1,"map(tofrom: a)",64,32,132,1,3,7,0,21.791458130
1,"map(tofrom: a)",64,32,132,1,3,1955,0,30.457973480
1,"map(tofrom: a)",64,32,132,1,3,71,0,21.946430206
1,"map(tofrom: a)",64,32,132,1,3,183,0,22.447109222
1,"map(tofrom: a)",64,32,132,1,3,8096,0,71.299076080
1,"map(tofrom: a)",64,32,132,1,3,3140,0,38.743019104
1,"map(tofrom: a)",64,32,132,1,4,472,0,22.196769714
1,"map(tofrom: a)",64,32,132,1,4,71,0,22.149085999
1,"map(tofrom: a)",64,32,132,1,4,1,0,21.898746490
1,"map(tofrom: a)",64,32,132,1,4,11,0,21.994113922
1,"map(tofrom: a)",64,32,132,1,4,4,0,21.851062775
1,"map(tofrom: a)",64,32,132,1,4,3140,0,38.301944733
1,"map(tofrom: a)",64,32,132,1,4,28,0,22.304058075
1,"map(tofrom: a)",64,32,132,1,4,1218,0,30.446052551
1,"map(tofrom: a)",64,32,132,1,4,2,0,22.101402283
1,"map(tofrom: a)",64,32,132,1,4,183,0,22.339820862
1,"map(tofrom: a)",64,32,132,1,4,5042,0,54.848194122
1,"map(tofrom: a)",64,32,132,1,4,114,0,21.553039551
1,"map(tofrom: a)",64,32,132,1,4,3,0,21.898746490
1,"map(tofrom: a)",64,32,132,1,4,44,0,21.851062775
1,"map(tofrom: a)",64,32,132,1,4,758,0,22.149085999
1,"map(tofrom: a)",64,32,132,1,4,8096,0,71.203708649
1,"map(tofrom: a)",64,32,132,1,4,1955,0,30.446052551
1,"map(tofrom: a)",64,32,132,1,4,294,0,22.006034851
1,"map(tofrom: a)",64,32,132,1,4,7,0,21.994113922
1,"map(tofrom: a)",64,32,132,1,4,17,0,21.851062775
1,"map(tofrom: a)",256,32,132,0,0,7,0,23.198127747
1,"map(tofrom: a)",256,32,132,0,0,114,0,23.150444031
1,"map(tofrom: a)",256,32,132,0,0,3,0,22.995471954
1,"map(tofrom: a)",256,32,132,0,0,17,0,22.900104523
1,"map(tofrom: a)",256,32,132,0,0,1,0,22.590160370
1,"map(tofrom: a)",256,32,132,0,0,44,0,23.245811462
1,"map(tofrom: a)",256,32,132,0,0,294,0,22.995471954
1,"map(tofrom: a)",256,32,132,0,0,3140,0,39.148330688
1,"map(tofrom: a)",256,32,132,0,0,4,0,22.697448730
1,"map(tofrom: a)",256,32,132,0,0,1955,0,31.149387360
1,"map(tofrom: a)",256,32,132,0,0,183,0,22.804737091
1,"map(tofrom: a)",256,32,132,0,0,8096,0,72.503089905
1,"map(tofrom: a)",256,32,132,0,0,758,0,22.757053375
1,"map(tofrom: a)",256,32,132,0,0,71,0,22.900104523
1,"map(tofrom: a)",256,32,132,0,0,2,0,23.043155670
1,"map(tofrom: a)",256,32,132,0,0,11,0,23.055076599
1,"map(tofrom: a)",256,32,132,0,0,28,0,23.007392883
1,"map(tofrom: a)",256,32,132,0,0,5042,0,55.992603302
1,"map(tofrom: a)",256,32,132,0,0,1218,0,31.006336212
1,"map(tofrom: a)",256,32,132,0,0,472,0,22.602081299
1,"map(tofrom: a)",256,32,132,0,1,4,0,22.351741791
1,"map(tofrom: a)",256,32,132,0,1,1,0,23.043155670
1,"map(tofrom: a)",256,32,132,0,1,17,0,23.305416107
1,"map(tofrom: a)",256,32,132,0,1,28,0,22.697448730
1,"map(tofrom: a)",256,32,132,0,1,11,0,22.792816162
1,"map(tofrom: a)",256,32,132,0,1,3140,0,39.303302765
1,"map(tofrom: a)",256,32,132,0,1,2,0,22.852420807
1,"map(tofrom: a)",256,32,132,0,1,758,0,23.245811462
1,"map(tofrom: a)",256,32,132,0,1,1218,0,30.899047852
1,"map(tofrom: a)",256,32,132,0,1,44,0,22.494792938
1,"map(tofrom: a)",256,32,132,0,1,71,0,22.196769714
1,"map(tofrom: a)",256,32,132,0,1,114,0,22.804737091
1,"map(tofrom: a)",256,32,132,0,1,294,0,22.745132446
1,"map(tofrom: a)",256,32,132,0,1,7,0,23.102760315
1,"map(tofrom: a)",256,32,132,0,1,183,0,23.448467255
1,"map(tofrom: a)",256,32,132,0,1,8096,0,71.954727173
1,"map(tofrom: a)",256,32,132,0,1,472,0,22.649765015
1,"map(tofrom: a)",256,32,132,0,1,1955,0,30.696392059
1,"map(tofrom: a)",256,32,132,0,1,3,0,22.995471954
1,"map(tofrom: a)",256,32,132,0,1,5042,0,55.456161499
1,"map(tofrom: a)",256,32,132,0,2,3,0,22.757053375
1,"map(tofrom: a)",256,32,132,0,2,44,0,22.649765015
1,"map(tofrom: a)",256,32,132,0,2,1,0,22.900104523
1,"map(tofrom: a)",256,32,132,0,2,183,0,22.649765015
1,"map(tofrom: a)",256,32,132,0,2,294,0,23.150444031
1,"map(tofrom: a)",256,32,132,0,2,5042,0,56.207180023
1,"map(tofrom: a)",256,32,132,0,2,7,0,23.102760315
1,"map(tofrom: a)",256,32,132,0,2,8096,0,72.002410889
1,"map(tofrom: a)",256,32,132,0,2,2,0,22.995471954
1,"map(tofrom: a)",256,32,132,0,2,114,0,22.947788239
1,"map(tofrom: a)",256,32,132,0,2,71,0,22.947788239
1,"map(tofrom: a)",256,32,132,0,2,1955,0,30.994415283
1,"map(tofrom: a)",256,32,132,0,2,17,0,23.198127747
1,"map(tofrom: a)",256,32,132,0,2,472,0,22.804737091
1,"map(tofrom: a)",256,32,132,0,2,11,0,22.602081299
1,"map(tofrom: a)",256,32,132,0,2,1218,0,31.256675720
1,"map(tofrom: a)",256,32,132,0,2,4,0,23.245811462
1,"map(tofrom: a)",256,32,132,0,2,3140,0,39.196014404
1,"map(tofrom: a)",256,32,132,0,2,758,0,22.900104523
1,"map(tofrom: a)",256,32,132,0,2,28,0,23.102760315
1,"map(tofrom: a)",256,32,132,0,3,11,0,22.602081299
1,"map(tofrom: a)",256,32,132,0,3,4,0,22.757053375
1,"map(tofrom: a)",256,32,132,0,3,5042,0,55.789947510
1,"map(tofrom: a)",256,32,132,0,3,183,0,22.745132446
1,"map(tofrom: a)",256,32,132,0,3,17,0,23.102760315
1,"map(tofrom: a)",256,32,132,0,3,3,0,22.852420807
1,"map(tofrom: a)",256,32,132,0,3,28,0,23.102760315
1,"map(tofrom: a)",256,32,132,0,3,1218,0,31.208992004
1,"map(tofrom: a)",256,32,132,0,3,114,0,22.900104523
1,"map(tofrom: a)",256,32,132,0,3,758,0,22.399425507
1,"map(tofrom: a)",256,32,132,0,3,1955,0,31.495094299
1,"map(tofrom: a)",256,32,132,0,3,472,0,22.590160370
1,"map(tofrom: a)",256,32,132,0,3,7,0,23.353099823
1,"map(tofrom: a)",256,32,132,0,3,44,0,23.245811462
1,"map(tofrom: a)",256,32,132,0,3,3140,0,39.649009705
1,"map(tofrom: a)",256,32,132,0,3,8096,0,72.050094604
1,"map(tofrom: a)",256,32,132,0,3,71,0,23.400783539
1,"map(tofrom: a)",256,32,132,0,3,1,0,22.792816162
1,"map(tofrom: a)",256,32,132,0,3,2,0,23.305416107
1,"map(tofrom: a)",256,32,132,0,3,294,0,22.745132446
1,"map(tofrom: a)",256,32,132,0,4,3,0,22.351741791
1,"map(tofrom: a)",256,32,132,0,4,8096,0,72.348117828
1,"map(tofrom: a)",256,32,132,0,4,1,0,23.150444031
1,"map(tofrom: a)",256,32,132,0,4,28,0,22.494792938
1,"map(tofrom: a)",256,32,132,0,4,17,0,22.649765015
1,"map(tofrom: a)",256,32,132,0,4,5042,0,55.897235870
1,"map(tofrom: a)",256,32,132,0,4,7,0,22.900104523
1,"map(tofrom: a)",256,32,132,0,4,114,0,23.043155670
1,"map(tofrom: a)",256,32,132,0,4,44,0,22.709369659
1,"map(tofrom: a)",256,32,132,0,4,2,0,23.150444031
1,"map(tofrom: a)",256,32,132,0,4,294,0,22.709369659
1,"map(tofrom: a)",256,32,132,0,4,758,0,22.602081299
1,"map(tofrom: a)",256,32,132,0,4,183,0,22.792816162
1,"map(tofrom: a)",256,32,132,0,4,4,0,22.649765015
1,"map(tofrom: a)",256,32,132,0,4,1218,0,31.292438507
1,"map(tofrom: a)",256,32,132,0,4,71,0,22.840499878
1,"map(tofrom: a)",256,32,132,0,4,1955,0,31.101703644
1,"map(tofrom: a)",256,32,132,0,4,11,0,22.554397583
1,"map(tofrom: a)",256,32,132,0,4,472,0,22.852420807
1,"map(tofrom: a)",256,32,132,0,4,3140,0,38.993358612
1,"map(tofrom: a)",256,32,132,1,0,2,0,22.900104523
1,"map(tofrom: a)",256,32,132,1,0,4,0,23.150444031
1,"map(tofrom: a)",256,32,132,1,0,472,0,22.852420807
1,"map(tofrom: a)",256,32,132,1,0,3140,0,39.458274841
1,"map(tofrom: a)",256,32,132,1,0,183,0,22.697448730
1,"map(tofrom: a)",256,32,132,1,0,28,0,22.506713867
1,"map(tofrom: a)",256,32,132,1,0,71,0,22.840499878
1,"map(tofrom: a)",256,32,132,1,0,1218,0,31.006336212
1,"map(tofrom: a)",256,32,132,1,0,294,0,22.947788239
1,"map(tofrom: a)",256,32,132,1,0,1,0,22.602081299
1,"map(tofrom: a)",256,32,132,1,0,7,0,23.150444031
1,"map(tofrom: a)",256,32,132,1,0,1955,0,31.149387360
1,"map(tofrom: a)",256,32,132,1,0,758,0,23.102760315
1,"map(tofrom: a)",256,32,132,1,0,114,0,22.792816162
1,"map(tofrom: a)",256,32,132,1,0,11,0,22.852420807
1,"map(tofrom: a)",256,32,132,1,0,3,0,23.257732391
1,"map(tofrom: a)",256,32,132,1,0,8096,0,72.097778320
1,"map(tofrom: a)",256,32,132,1,0,44,0,22.757053375
1,"map(tofrom: a)",256,32,132,1,0,17,0,22.649765015
1,"map(tofrom: a)",256,32,132,1,0,5042,0,55.944919586
1,"map(tofrom: a)",256,32,132,1,1,758,0,22.947788239
1,"map(tofrom: a)",256,32,132,1,1,3,0,22.900104523
1,"map(tofrom: a)",256,32,132,1,1,3140,0,39.446353912
1,"map(tofrom: a)",256,32,132,1,1,1955,0,31.244754791
1,"map(tofrom: a)",256,32,132,1,1,44,0,22.697448730
1,"map(tofrom: a)",256,32,132,1,1,17,0,23.055076599
1,"map(tofrom: a)",256,32,132,1,1,294,0,22.995471954
1,"map(tofrom: a)",256,32,132,1,1,28,0,23.055076599
1,"map(tofrom: a)",256,32,132,1,1,114,0,22.947788239
1,"map(tofrom: a)",256,32,132,1,1,2,0,22.447109222
1,"map(tofrom: a)",256,32,132,1,1,7,0,22.900104523
1,"map(tofrom: a)",256,32,132,1,1,183,0,22.554397583
1,"map(tofrom: a)",256,32,132,1,1,8096,0,72.348117828
1,"map(tofrom: a)",256,32,132,1,1,11,0,23.043155670
1,"map(tofrom: a)",256,32,132,1,1,1,0,23.090839386
1,"map(tofrom: a)",256,32,132,1,1,1218,0,31.054019928
1,"map(tofrom: a)",256,32,132,1,1,472,0,22.745132446
1,"map(tofrom: a)",256,32,132,1,1,71,0,22.852420807
1,"map(tofrom: a)",256,32,132,1,1,5042,0,55.491924286
1,"map(tofrom: a)",256,32,132,1,1,4,0,22.697448730
1,"map(tofrom: a)",256,32,132,1,2,2,0,22.995471954
1,"map(tofrom: a)",256,32,132,1,2,71,0,22.900104523
1,"map(tofrom: a)",256,32,132,1,2,17,0,22.757053375
1,"map(tofrom: a)",256,32,132,1,2,472,0,22.649765015
1,"map(tofrom: a)",256,32,132,1,2,5042,0,55.658817291
1,"map(tofrom: a)",256,32,132,1,2,28,0,22.792816162
1,"map(tofrom: a)",256,32,132,1,2,44,0,22.792816162
1,"map(tofrom: a)",256,32,132,1,2,1218,0,30.899047852
1,"map(tofrom: a)",256,32,132,1,2,4,0,22.757053375
1,"map(tofrom: a)",256,32,132,1,2,1955,0,31.352043152
1,"map(tofrom: a)",256,32,132,1,2,183,0,22.602081299
1,"map(tofrom: a)",256,32,132,1,2,7,0,22.792816162
1,"map(tofrom: a)",256,32,132,1,2,758,0,22.900104523
1,"map(tofrom: a)",256,32,132,1,2,1,0,22.757053375
1,"map(tofrom: a)",256,32,132,1,2,3140,0,39.649009705
1,"map(tofrom: a)",256,32,132,1,2,8096,0,72.145462036
1,"map(tofrom: a)",256,32,132,1,2,3,0,23.102760315
1,"map(tofrom: a)",256,32,132,1,2,114,0,22.900104523
1,"map(tofrom: a)",256,32,132,1,2,11,0,23.305416107
1,"map(tofrom: a)",256,32,132,1,2,294,0,23.150444031
1,"map(tofrom: a)",256,32,132,1,3,1,0,22.745132446
1,"map(tofrom: a)",256,32,132,1,3,17,0,22.649765015
1,"map(tofrom: a)",256,32,132,1,3,294,0,22.804737091
1,"map(tofrom: a)",256,32,132,1,3,5042,0,55.909156799
1,"map(tofrom: a)",256,32,132,1,3,114,0,23.102760315
1,"map(tofrom: a)",256,32,132,1,3,28,0,22.852420807
1,"map(tofrom: a)",256,32,132,1,3,1218,0,31.006336212
1,"map(tofrom: a)",256,32,132,1,3,2,0,23.055076599
1,"map(tofrom: a)",256,32,132,1,3,3,0,22.506713867
1,"map(tofrom: a)",256,32,132,1,3,4,0,22.792816162
1,"map(tofrom: a)",256,32,132,1,3,758,0,22.697448730
1,"map(tofrom: a)",256,32,132,1,3,11,0,23.305416107
1,"map(tofrom: a)",256,32,132,1,3,44,0,23.150444031
1,"map(tofrom: a)",256,32,132,1,3,472,0,22.602081299
1,"map(tofrom: a)",256,32,132,1,3,7,0,22.900104523
1,"map(tofrom: a)",256,32,132,1,3,1955,0,31.149387360
1,"map(tofrom: a)",256,32,132,1,3,71,0,22.792816162
1,"map(tofrom: a)",256,32,132,1,3,183,0,22.947788239
1,"map(tofrom: a)",256,32,132,1,3,8096,0,72.050094604
1,"map(tofrom: a)",256,32,132,1,3,3140,0,39.303302765
1,"map(tofrom: a)",256,32,132,1,4,472,0,22.697448730
1,"map(tofrom: a)",256,32,132,1,4,71,0,22.900104523
1,"map(tofrom: a)",256,32,132,1,4,1,0,22.995471954
1,"map(tofrom: a)",256,32,132,1,4,11,0,22.995471954
1,"map(tofrom: a)",256,32,132,1,4,4,0,22.757053375
1,"map(tofrom: a)",256,32,132,1,4,3140,0,39.398670197
1,"map(tofrom: a)",256,32,132,1,4,28,0,22.947788239
1,"map(tofrom: a)",256,32,132,1,4,1218,0,31.399726868
1,"map(tofrom: a)",256,32,132,1,4,2,0,22.447109222
1,"map(tofrom: a)",256,32,132,1,4,183,0,23.043155670
1,"map(tofrom: a)",256,32,132,1,4,5042,0,55.801868439
1,"map(tofrom: a)",256,32,132,1,4,114,0,22.804737091
1,"map(tofrom: a)",256,32,132,1,4,3,0,22.900104523
1,"map(tofrom: a)",256,32,132,1,4,44,0,22.900104523
1,"map(tofrom: a)",256,32,132,1,4,758,0,23.055076599
1,"map(tofrom: a)",256,32,132,1,4,8096,0,72.646141052
1,"map(tofrom: a)",256,32,132,1,4,1955,0,30.946731567
1,"map(tofrom: a)",256,32,132,1,4,294,0,22.947788239
1,"map(tofrom: a)",256,32,132,1,4,7,0,23.400783539
1,"map(tofrom: a)",256,32,132,1,4,17,0,22.602081299
1,"map(tofrom: a)",1024,32,132,0,0,7,0,23.949146271
1,"map(tofrom: a)",1024,32,132,0,0,114,0,22.840499878
1,"map(tofrom: a)",1024,32,132,0,0,3,0,23.150444031
1,"map(tofrom: a)",1024,32,132,0,0,17,0,23.043155670
1,"map(tofrom: a)",1024,32,132,0,0,1,0,23.305416107
1,"map(tofrom: a)",1024,32,132,0,0,44,0,23.102760315
1,"map(tofrom: a)",1024,32,132,0,0,294,0,23.102760315
1,"map(tofrom: a)",1024,32,132,0,0,3140,0,39.458274841
1,"map(tofrom: a)",1024,32,132,0,0,4,0,22.995471954
1,"map(tofrom: a)",1024,32,132,0,0,1955,0,31.304359436
1,"map(tofrom: a)",1024,32,132,0,0,183,0,23.150444031
1,"map(tofrom: a)",1024,32,132,0,0,8096,0,72.097778320
1,"map(tofrom: a)",1024,32,132,0,0,758,0,23.305416107
1,"map(tofrom: a)",1024,32,132,0,0,71,0,22.852420807
1,"map(tofrom: a)",1024,32,132,0,0,2,0,23.150444031
1,"map(tofrom: a)",1024,32,132,0,0,11,0,23.007392883
1,"map(tofrom: a)",1024,32,132,0,0,28,0,23.043155670
1,"map(tofrom: a)",1024,32,132,0,0,5042,0,55.909156799
1,"map(tofrom: a)",1024,32,132,0,0,1218,0,31.244754791
1,"map(tofrom: a)",1024,32,132,0,0,472,0,23.055076599
1,"map(tofrom: a)",1024,32,132,0,1,4,0,22.900104523
1,"map(tofrom: a)",1024,32,132,0,1,1,0,23.102760315
1,"map(tofrom: a)",1024,32,132,0,1,17,0,22.745132446
1,"map(tofrom: a)",1024,32,132,0,1,28,0,22.947788239
1,"map(tofrom: a)",1024,32,132,0,1,11,0,22.852420807
1,"map(tofrom: a)",1024,32,132,0,1,3140,0,39.553642273
1,"map(tofrom: a)",1024,32,132,0,1,2,0,22.947788239
1,"map(tofrom: a)",1024,32,132,0,1,758,0,22.852420807
1,"map(tofrom: a)",1024,32,132,0,1,1218,0,31.042098999
1,"map(tofrom: a)",1024,32,132,0,1,44,0,23.257732391
1,"map(tofrom: a)",1024,32,132,0,1,71,0,22.959709167
1,"map(tofrom: a)",1024,32,132,0,1,114,0,22.900104523
1,"map(tofrom: a)",1024,32,132,0,1,294,0,22.959709167
1,"map(tofrom: a)",1024,32,132,0,1,7,0,23.257732391
1,"map(tofrom: a)",1024,32,132,0,1,183,0,23.043155670
1,"map(tofrom: a)",1024,32,132,0,1,8096,0,72.753429413
1,"map(tofrom: a)",1024,32,132,0,1,472,0,23.400783539
1,"map(tofrom: a)",1024,32,132,0,1,1955,0,31.495094299
1,"map(tofrom: a)",1024,32,132,0,1,3,0,23.090839386
1,"map(tofrom: a)",1024,32,132,0,1,5042,0,55.897235870
1,"map(tofrom: a)",1024,32,132,0,2,3,0,23.293495178
1,"map(tofrom: a)",1024,32,132,0,2,44,0,23.400783539
1,"map(tofrom: a)",1024,32,132,0,2,1,0,23.353099823
1,"map(tofrom: a)",1024,32,132,0,2,183,0,23.245811462
1,"map(tofrom: a)",1024,32,132,0,2,294,0,23.007392883
1,"map(tofrom: a)",1024,32,132,0,2,5042,0,55.754184723
1,"map(tofrom: a)",1024,32,132,0,2,7,0,23.305416107
1,"map(tofrom: a)",1024,32,132,0,2,8096,0,72.407722473
1,"map(tofrom: a)",1024,32,132,0,2,2,0,22.852420807
1,"map(tofrom: a)",1024,32,132,0,2,114,0,22.900104523
1,"map(tofrom: a)",1024,32,132,0,2,71,0,23.007392883
1,"map(tofrom: a)",1024,32,132,0,2,1955,0,31.292438507
1,"map(tofrom: a)",1024,32,132,0,2,17,0,22.900104523
1,"map(tofrom: a)",1024,32,132,0,2,472,0,22.840499878
1,"map(tofrom: a)",1024,32,132,0,2,11,0,23.043155670
1,"map(tofrom: a)",1024,32,132,0,2,1218,0,31.554698944
1,"map(tofrom: a)",1024,32,132,0,2,4,0,23.293495178
1,"map(tofrom: a)",1024,32,132,0,2,3140,0,39.649009705
1,"map(tofrom: a)",1024,32,132,0,2,758,0,23.150444031
1,"map(tofrom: a)",1024,32,132,0,2,28,0,22.947788239
1,"map(tofrom: a)",1024,32,132,0,3,11,0,23.150444031
1,"map(tofrom: a)",1024,32,132,0,3,4,0,23.341178894
1,"map(tofrom: a)",1024,32,132,0,3,5042,0,55.897235870
1,"map(tofrom: a)",1024,32,132,0,3,183,0,22.804737091
1,"map(tofrom: a)",1024,32,132,0,3,17,0,23.150444031
1,"map(tofrom: a)",1024,32,132,0,3,3,0,22.745132446
1,"map(tofrom: a)",1024,32,132,0,3,28,0,23.090839386
1,"map(tofrom: a)",1024,32,132,0,3,1218,0,31.554698944
1,"map(tofrom: a)",1024,32,132,0,3,114,0,22.947788239
1,"map(tofrom: a)",1024,32,132,0,3,758,0,23.150444031
1,"map(tofrom: a)",1024,32,132,0,3,1955,0,31.554698944
1,"map(tofrom: a)",1024,32,132,0,3,472,0,23.055076599
1,"map(tofrom: a)",1024,32,132,0,3,7,0,23.007392883
1,"map(tofrom: a)",1024,32,132,0,3,44,0,23.043155670
1,"map(tofrom: a)",1024,32,132,0,3,3140,0,39.744377136
1,"map(tofrom: a)",1024,32,132,0,3,8096,0,72.443485260
1,"map(tofrom: a)",1024,32,132,0,3,71,0,22.840499878
1,"map(tofrom: a)",1024,32,132,0,3,1,0,23.150444031
1,"map(tofrom: a)",1024,32,132,0,3,2,0,23.198127747
1,"map(tofrom: a)",1024,32,132,0,3,294,0,22.840499878
1,"map(tofrom: a)",1024,32,132,0,4,3,0,22.900104523
1,"map(tofrom: a)",1024,32,132,0,4,8096,0,72.300434113
1,"map(tofrom: a)",1024,32,132,0,4,1,0,22.995471954
1,"map(tofrom: a)",1024,32,132,0,4,28,0,23.198127747
1,"map(tofrom: a)",1024,32,132,0,4,17,0,22.852420807
1,"map(tofrom: a)",1024,32,132,0,4,5042,0,56.099891663
1,"map(tofrom: a)",1024,32,132,0,4,7,0,22.995471954
1,"map(tofrom: a)",1024,32,132,0,4,114,0,22.745132446
1,"map(tofrom: a)",1024,32,132,0,4,44,0,22.852420807
1,"map(tofrom: a)",1024,32,132,0,4,2,0,23.150444031
1,"map(tofrom: a)",1024,32,132,0,4,294,0,22.852420807
1,"map(tofrom: a)",1024,32,132,0,4,758,0,22.995471954
1,"map(tofrom: a)",1024,32,132,0,4,183,0,22.852420807
1,"map(tofrom: a)",1024,32,132,0,4,4,0,23.043155670
1,"map(tofrom: a)",1024,32,132,0,4,1218,0,32.401084900
1,"map(tofrom: a)",1024,32,132,0,4,71,0,23.198127747
1,"map(tofrom: a)",1024,32,132,0,4,1955,0,31.352043152
1,"map(tofrom: a)",1024,32,132,0,4,11,0,22.995471954
1,"map(tofrom: a)",1024,32,132,0,4,472,0,23.198127747
1,"map(tofrom: a)",1024,32,132,0,4,3140,0,39.291381836
1,"map(tofrom: a)",1024,32,132,1,0,2,0,22.852420807
1,"map(tofrom: a)",1024,32,132,1,0,4,0,22.947788239
1,"map(tofrom: a)",1024,32,132,1,0,472,0,22.959709167
1,"map(tofrom: a)",1024,32,132,1,0,3140,0,39.649009705
1,"map(tofrom: a)",1024,32,132,1,0,183,0,23.150444031
1,"map(tofrom: a)",1024,32,132,1,0,28,0,23.007392883
1,"map(tofrom: a)",1024,32,132,1,0,71,0,23.603439331
1,"map(tofrom: a)",1024,32,132,1,0,1218,0,31.507015228
1,"map(tofrom: a)",1024,32,132,1,0,294,0,23.245811462
1,"map(tofrom: a)",1024,32,132,1,0,1,0,22.804737091
1,"map(tofrom: a)",1024,32,132,1,0,7,0,22.697448730
1,"map(tofrom: a)",1024,32,132,1,0,1955,0,31.149387360
1,"map(tofrom: a)",1024,32,132,1,0,758,0,22.709369659
1,"map(tofrom: a)",1024,32,132,1,0,114,0,22.947788239
1,"map(tofrom: a)",1024,32,132,1,0,11,0,23.448467255
1,"map(tofrom: a)",1024,32,132,1,0,3,0,23.043155670
1,"map(tofrom: a)",1024,32,132,1,0,8096,0,72.300434113
1,"map(tofrom: a)",1024,32,132,1,0,44,0,23.055076599
1,"map(tofrom: a)",1024,32,132,1,0,17,0,23.460388184
1,"map(tofrom: a)",1024,32,132,1,0,5042,0,55.849552155
1,"map(tofrom: a)",1024,32,132,1,1,758,0,23.043155670
1,"map(tofrom: a)",1024,32,132,1,1,3,0,23.150444031
1,"map(tofrom: a)",1024,32,132,1,1,3140,0,39.505958557
1,"map(tofrom: a)",1024,32,132,1,1,1955,0,31.447410583
1,"map(tofrom: a)",1024,32,132,1,1,44,0,23.198127747
1,"map(tofrom: a)",1024,32,132,1,1,17,0,23.305416107
1,"map(tofrom: a)",1024,32,132,1,1,294,0,22.852420807
1,"map(tofrom: a)",1024,32,132,1,1,28,0,23.090839386
1,"map(tofrom: a)",1024,32,132,1,1,114,0,22.745132446
1,"map(tofrom: a)",1024,32,132,1,1,2,0,23.198127747
1,"map(tofrom: a)",1024,32,132,1,1,7,0,22.804737091
1,"map(tofrom: a)",1024,32,132,1,1,183,0,22.947788239
1,"map(tofrom: a)",1024,32,132,1,1,8096,0,72.598457336
1,"map(tofrom: a)",1024,32,132,1,1,11,0,22.995471954
1,"map(tofrom: a)",1024,32,132,1,1,1,0,22.900104523
1,"map(tofrom: a)",1024,32,132,1,1,1218,0,31.495094299
1,"map(tofrom: a)",1024,32,132,1,1,472,0,22.840499878
1,"map(tofrom: a)",1024,32,132,1,1,71,0,22.900104523
1,"map(tofrom: a)",1024,32,132,1,1,5042,0,55.909156799
1,"map(tofrom: a)",1024,32,132,1,1,4,0,22.900104523
1,"map(tofrom: a)",1024,32,132,1,2,2,0,23.245811462
1,"map(tofrom: a)",1024,32,132,1,2,71,0,23.245811462
1,"map(tofrom: a)",1024,32,132,1,2,17,0,23.603439331
1,"map(tofrom: a)",1024,32,132,1,2,472,0,22.947788239
1,"map(tofrom: a)",1024,32,132,1,2,5042,0,55.801868439
1,"map(tofrom: a)",1024,32,132,1,2,28,0,23.150444031
1,"map(tofrom: a)",1024,32,132,1,2,44,0,23.305416107
1,"map(tofrom: a)",1024,32,132,1,2,1218,0,31.399726868
1,"map(tofrom: a)",1024,32,132,1,2,4,0,23.150444031
1,"map(tofrom: a)",1024,32,132,1,2,1955,0,31.399726868
1,"map(tofrom: a)",1024,32,132,1,2,183,0,23.055076599
1,"map(tofrom: a)",1024,32,132,1,2,7,0,23.055076599
1,"map(tofrom: a)",1024,32,132,1,2,758,0,23.460388184
1,"map(tofrom: a)",1024,32,132,1,2,1,0,23.198127747
1,"map(tofrom: a)",1024,32,132,1,2,3140,0,39.505958557
1,"map(tofrom: a)",1024,32,132,1,2,8096,0,72.503089905
1,"map(tofrom: a)",1024,32,132,1,2,3,0,23.055076599
1,"map(tofrom: a)",1024,32,132,1,2,114,0,22.995471954
1,"map(tofrom: a)",1024,32,132,1,2,11,0,23.448467255
1,"map(tofrom: a)",1024,32,132,1,2,294,0,23.305416107
1,"map(tofrom: a)",1024,32,132,1,3,1,0,23.353099823
1,"map(tofrom: a)",1024,32,132,1,3,17,0,22.900104523
1,"map(tofrom: a)",1024,32,132,1,3,294,0,22.900104523
1,"map(tofrom: a)",1024,32,132,1,3,5042,0,55.956840515
1,"map(tofrom: a)",1024,32,132,1,3,114,0,23.448467255
1,"map(tofrom: a)",1024,32,132,1,3,28,0,23.496150970
1,"map(tofrom: a)",1024,32,132,1,3,1218,0,31.447410583
1,"map(tofrom: a)",1024,32,132,1,3,2,0,23.305416107
1,"map(tofrom: a)",1024,32,132,1,3,3,0,22.852420807
1,"map(tofrom: a)",1024,32,132,1,3,4,0,23.353099823
1,"map(tofrom: a)",1024,32,132,1,3,758,0,23.007392883
1,"map(tofrom: a)",1024,32,132,1,3,11,0,23.055076599
1,"map(tofrom: a)",1024,32,132,1,3,44,0,23.293495178
1,"map(tofrom: a)",1024,32,132,1,3,472,0,23.150444031
1,"map(tofrom: a)",1024,32,132,1,3,7,0,22.959709167
1,"map(tofrom: a)",1024,32,132,1,3,1955,0,31.447410583
1,"map(tofrom: a)",1024,32,132,1,3,71,0,23.210048676
1,"map(tofrom: a)",1024,32,132,1,3,183,0,23.138523102
1,"map(tofrom: a)",1024,32,132,1,3,8096,0,72.097778320
1,"map(tofrom: a)",1024,32,132,1,3,3140,0,39.196014404
1,"map(tofrom: a)",1024,32,132,1,4,472,0,22.745132446
1,"map(tofrom: a)",1024,32,132,1,4,71,0,23.198127747
1,"map(tofrom: a)",1024,32,132,1,4,1,0,22.900104523
1,"map(tofrom: a)",1024,32,132,1,4,11,0,23.150444031
1,"map(tofrom: a)",1024,32,132,1,4,4,0,23.055076599
1,"map(tofrom: a)",1024,32,132,1,4,3140,0,39.601325989
1,"map(tofrom: a)",1024,32,132,1,4,28,0,23.198127747
1,"map(tofrom: a)",1024,32,132,1,4,1218,0,31.149387360
1,"map(tofrom: a)",1024,32,132,1,4,2,0,22.995471954
1,"map(tofrom: a)",1024,32,132,1,4,183,0,22.900104523
1,"map(tofrom: a)",1024,32,132,1,4,5042,0,55.491924286
1,"map(tofrom: a)",1024,32,132,1,4,114,0,23.043155670
1,"map(tofrom: a)",1024,32,132,1,4,3,0,23.138523102
1,"map(tofrom: a)",1024,32,132,1,4,44,0,23.305416107
1,"map(tofrom: a)",1024,32,132,1,4,758,0,23.245811462
1,"map(tofrom: a)",1024,32,132,1,4,8096,0,72.455406189
1,"map(tofrom: a)",1024,32,132,1,4,1955,0,31.256675720
1,"map(tofrom: a)",1024,32,132,1,4,294,0,23.257732391
1,"map(tofrom: a)",1024,32,132,1,4,7,0,22.900104523
1,"map(tofrom: a)",1024,32,132,1,4,17,0,22.852420807
1,"map(tofrom: a)",4096,32,132,0,0,7,0,24.938583374
1,"map(tofrom: a)",4096,32,132,0,0,114,0,24.044513702
1,"map(tofrom: a)",4096,32,132,0,0,3,0,24.092197418
1,"map(tofrom: a)",4096,32,132,0,0,17,0,24.247169495
1,"map(tofrom: a)",4096,32,132,0,0,1,0,23.996829987
1,"map(tofrom: a)",4096,32,132,0,0,44,0,24.044513702
1,"map(tofrom: a)",4096,32,132,0,0,294,0,23.853778839
1,"map(tofrom: a)",4096,32,132,0,0,3140,0,40.543079376
1,"map(tofrom: a)",4096,32,132,0,0,4,0,24.044513702
1,"map(tofrom: a)",4096,32,132,0,0,1955,0,33.199787140
1,"map(tofrom: a)",4096,32,132,0,0,183,0,24.092197418
1,"map(tofrom: a)",4096,32,132,0,0,8096,0,73.146820068
1,"map(tofrom: a)",4096,32,132,0,0,758,0,26.094913483
1,"map(tofrom: a)",4096,32,132,0,0,71,0,23.901462555
1,"map(tofrom: a)",4096,32,132,0,0,2,0,23.949146271
1,"map(tofrom: a)",4096,32,132,0,0,11,0,24.294853210
1,"map(tofrom: a)",4096,32,132,0,0,28,0,24.139881134
1,"map(tofrom: a)",4096,32,132,0,0,5042,0,56.743621826
1,"map(tofrom: a)",4096,32,132,0,0,1218,0,32.198429108
1,"map(tofrom: a)",4096,32,132,0,0,472,0,23.949146271
1,"map(tofrom: a)",4096,32,132,0,1,4,0,23.949146271
1,"map(tofrom: a)",4096,32,132,0,1,1,0,23.996829987
1,"map(tofrom: a)",4096,32,132,0,1,17,0,23.949146271
1,"map(tofrom: a)",4096,32,132,0,1,28,0,24.056434631
1,"map(tofrom: a)",4096,32,132,0,1,11,0,24.008750916
1,"map(tofrom: a)",4096,32,132,0,1,3140,0,40.745735168
1,"map(tofrom: a)",4096,32,132,0,1,2,0,24.795532227
1,"map(tofrom: a)",4096,32,132,0,1,758,0,24.557113647
1,"map(tofrom: a)",4096,32,132,0,1,1218,0,32.603740692
1,"map(tofrom: a)",4096,32,132,0,1,44,0,23.996829987
1,"map(tofrom: a)",4096,32,132,0,1,71,0,24.497509003
1,"map(tofrom: a)",4096,32,132,0,1,114,0,24.354457855
1,"map(tofrom: a)",4096,32,132,0,1,294,0,24.497509003
1,"map(tofrom: a)",4096,32,132,0,1,7,0,23.853778839
1,"map(tofrom: a)",4096,32,132,0,1,183,0,23.996829987
1,"map(tofrom: a)",4096,32,132,0,1,8096,0,73.552131653
1,"map(tofrom: a)",4096,32,132,0,1,472,0,24.104118347
1,"map(tofrom: a)",4096,32,132,0,1,1955,0,33.402442932
1,"map(tofrom: a)",4096,32,132,0,1,3,0,24.199485779
1,"map(tofrom: a)",4096,32,132,0,1,5042,0,57.148933411
1,"map(tofrom: a)",4096,32,132,0,2,3,0,23.746490479
1,"map(tofrom: a)",4096,32,132,0,2,44,0,23.901462555
1,"map(tofrom: a)",4096,32,132,0,2,1,0,23.901462555
1,"map(tofrom: a)",4096,32,132,0,2,183,0,24.199485779
1,"map(tofrom: a)",4096,32,132,0,2,294,0,24.199485779
1,"map(tofrom: a)",4096,32,132,0,2,5042,0,57.101249695
1,"map(tofrom: a)",4096,32,132,0,2,7,0,24.199485779
1,"map(tofrom: a)",4096,32,132,0,2,8096,0,73.397159576
1,"map(tofrom: a)",4096,32,132,0,2,2,0,24.056434631
1,"map(tofrom: a)",4096,32,132,0,2,114,0,24.354457855
1,"map(tofrom: a)",4096,32,132,0,2,71,0,24.342536926
1,"map(tofrom: a)",4096,32,132,0,2,1955,0,33.402442932
1,"map(tofrom: a)",4096,32,132,0,2,17,0,24.092197418
1,"map(tofrom: a)",4096,32,132,0,2,472,0,24.151802063
1,"map(tofrom: a)",4096,32,132,0,2,11,0,23.949146271
1,"map(tofrom: a)",4096,32,132,0,2,1218,0,32.293796539
1,"map(tofrom: a)",4096,32,132,0,2,4,0,23.710727692
1,"map(tofrom: a)",4096,32,132,0,2,3140,0,40.256977081
1,"map(tofrom: a)",4096,32,132,0,2,758,0,26.202201843
1,"map(tofrom: a)",4096,32,132,0,2,28,0,23.853778839
1,"map(tofrom: a)",4096,32,132,0,3,11,0,24.247169495
1,"map(tofrom: a)",4096,32,132,0,3,4,0,23.841857910
1,"map(tofrom: a)",4096,32,132,0,3,5042,0,57.005882263
1,"map(tofrom: a)",4096,32,132,0,3,183,0,24.056434631
1,"map(tofrom: a)",4096,32,132,0,3,17,0,23.853778839
1,"map(tofrom: a)",4096,32,132,0,3,3,0,24.199485779
1,"map(tofrom: a)",4096,32,132,0,3,28,0,23.996829987
1,"map(tofrom: a)",4096,32,132,0,3,1218,0,32.448768616
1,"map(tofrom: a)",4096,32,132,0,3,114,0,24.044513702
1,"map(tofrom: a)",4096,32,132,0,3,758,0,28.049945831
1,"map(tofrom: a)",4096,32,132,0,3,1955,0,33.748149872
1,"map(tofrom: a)",4096,32,132,0,3,472,0,23.698806763
1,"map(tofrom: a)",4096,32,132,0,3,7,0,23.996829987
1,"map(tofrom: a)",4096,32,132,0,3,44,0,24.044513702
1,"map(tofrom: a)",4096,32,132,0,3,3140,0,40.853023529
1,"map(tofrom: a)",4096,32,132,0,3,8096,0,73.254108429
1,"map(tofrom: a)",4096,32,132,0,3,71,0,24.104118347
1,"map(tofrom: a)",4096,32,132,0,3,1,0,23.901462555
1,"map(tofrom: a)",4096,32,132,0,3,2,0,24.306774139
1,"map(tofrom: a)",4096,32,132,0,3,294,0,24.306774139
1,"map(tofrom: a)",4096,32,132,0,4,3,0,24.151802063
1,"map(tofrom: a)",4096,32,132,0,4,8096,0,73.504447937
1,"map(tofrom: a)",4096,32,132,0,4,1,0,24.259090424
1,"map(tofrom: a)",4096,32,132,0,4,28,0,23.901462555
1,"map(tofrom: a)",4096,32,132,0,4,17,0,24.151802063
1,"map(tofrom: a)",4096,32,132,0,4,5042,0,57.101249695
1,"map(tofrom: a)",4096,32,132,0,4,7,0,24.151802063
1,"map(tofrom: a)",4096,32,132,0,4,114,0,23.794174194
1,"map(tofrom: a)",4096,32,132,0,4,44,0,24.008750916
1,"map(tofrom: a)",4096,32,132,0,4,2,0,24.354457855
1,"map(tofrom: a)",4096,32,132,0,4,294,0,24.449825287
1,"map(tofrom: a)",4096,32,132,0,4,758,0,25.701522827
1,"map(tofrom: a)",4096,32,132,0,4,183,0,24.497509003
1,"map(tofrom: a)",4096,32,132,0,4,4,0,24.402141571
1,"map(tofrom: a)",4096,32,132,0,4,1218,0,32.746791840
1,"map(tofrom: a)",4096,32,132,0,4,71,0,24.247169495
1,"map(tofrom: a)",4096,32,132,0,4,1955,0,33.593177795
1,"map(tofrom: a)",4096,32,132,0,4,11,0,24.342536926
1,"map(tofrom: a)",4096,32,132,0,4,472,0,23.949146271
1,"map(tofrom: a)",4096,32,132,0,4,3140,0,40.507316589
1,"map(tofrom: a)",4096,32,132,1,0,2,0,23.996829987
1,"map(tofrom: a)",4096,32,132,1,0,4,0,24.354457855
1,"map(tofrom: a)",4096,32,132,1,0,472,0,24.294853210
1,"map(tofrom: a)",4096,32,132,1,0,3140,0,40.900707245
1,"map(tofrom: a)",4096,32,132,1,0,183,0,24.449825287
1,"map(tofrom: a)",4096,32,132,1,0,28,0,24.199485779
1,"map(tofrom: a)",4096,32,132,1,0,71,0,23.996829987
1,"map(tofrom: a)",4096,32,132,1,0,1218,0,32.556056976
1,"map(tofrom: a)",4096,32,132,1,0,294,0,24.545192719
1,"map(tofrom: a)",4096,32,132,1,0,1,0,24.247169495
1,"map(tofrom: a)",4096,32,132,1,0,7,0,24.354457855
1,"map(tofrom: a)",4096,32,132,1,0,1955,0,33.950805664
1,"map(tofrom: a)",4096,32,132,1,0,758,0,27.251243591
1,"map(tofrom: a)",4096,32,132,1,0,114,0,24.449825287
1,"map(tofrom: a)",4096,32,132,1,0,11,0,24.402141571
1,"map(tofrom: a)",4096,32,132,1,0,3,0,24.151802063
1,"map(tofrom: a)",4096,32,132,1,0,8096,0,73.146820068
1,"map(tofrom: a)",4096,32,132,1,0,44,0,24.044513702
1,"map(tofrom: a)",4096,32,132,1,0,17,0,24.247169495
1,"map(tofrom: a)",4096,32,132,1,0,5042,0,57.244300842
1,"map(tofrom: a)",4096,32,132,1,1,758,0,26.798248291
1,"map(tofrom: a)",4096,32,132,1,1,3,0,24.151802063
1,"map(tofrom: a)",4096,32,132,1,1,3140,0,40.900707245
1,"map(tofrom: a)",4096,32,132,1,1,1955,0,33.700466156
1,"map(tofrom: a)",4096,32,132,1,1,44,0,24.306774139
1,"map(tofrom: a)",4096,32,132,1,1,17,0,24.139881134
1,"map(tofrom: a)",4096,32,132,1,1,294,0,23.841857910
1,"map(tofrom: a)",4096,32,132,1,1,28,0,24.199485779
1,"map(tofrom: a)",4096,32,132,1,1,114,0,24.044513702
1,"map(tofrom: a)",4096,32,132,1,1,2,0,24.700164795
1,"map(tofrom: a)",4096,32,132,1,1,7,0,24.402141571
1,"map(tofrom: a)",4096,32,132,1,1,183,0,24.449825287
1,"map(tofrom: a)",4096,32,132,1,1,8096,0,73.254108429
1,"map(tofrom: a)",4096,32,132,1,1,11,0,24.497509003
1,"map(tofrom: a)",4096,32,132,1,1,1,0,24.139881134
1,"map(tofrom: a)",4096,32,132,1,1,1218,0,32.699108124
1,"map(tofrom: a)",4096,32,132,1,1,472,0,24.044513702
1,"map(tofrom: a)",4096,32,132,1,1,71,0,24.354457855
1,"map(tofrom: a)",4096,32,132,1,1,5042,0,57.101249695
1,"map(tofrom: a)",4096,32,132,1,1,4,0,24.199485779
1,"map(tofrom: a)",4096,32,132,1,2,2,0,24.104118347
1,"map(tofrom: a)",4096,32,132,1,2,71,0,24.151802063
1,"map(tofrom: a)",4096,32,132,1,2,17,0,24.104118347
1,"map(tofrom: a)",4096,32,132,1,2,472,0,24.056434631
1,"map(tofrom: a)",4096,32,132,1,2,5042,0,56.850910187
1,"map(tofrom: a)",4096,32,132,1,2,28,0,24.056434631
1,"map(tofrom: a)",4096,32,132,1,2,44,0,24.211406708
1,"map(tofrom: a)",4096,32,132,1,2,1218,0,32.556056976
1,"map(tofrom: a)",4096,32,132,1,2,4,0,23.996829987
1,"map(tofrom: a)",4096,32,132,1,2,1955,0,33.545494080
1,"map(tofrom: a)",4096,32,132,1,2,183,0,24.700164795
1,"map(tofrom: a)",4096,32,132,1,2,7,0,23.996829987
1,"map(tofrom: a)",4096,32,132,1,2,758,0,28.049945831
1,"map(tofrom: a)",4096,32,132,1,2,1,0,24.151802063
1,"map(tofrom: a)",4096,32,132,1,2,3140,0,40.853023529
1,"map(tofrom: a)",4096,32,132,1,2,8096,0,73.504447937
1,"map(tofrom: a)",4096,32,132,1,2,3,0,24.545192719
1,"map(tofrom: a)",4096,32,132,1,2,114,0,24.306774139
1,"map(tofrom: a)",4096,32,132,1,2,11,0,23.949146271
1,"map(tofrom: a)",4096,32,132,1,2,294,0,23.949146271
1,"map(tofrom: a)",4096,32,132,1,3,1,0,24.151802063
1,"map(tofrom: a)",4096,32,132,1,3,17,0,24.247169495
1,"map(tofrom: a)",4096,32,132,1,3,294,0,24.294853210
1,"map(tofrom: a)",4096,32,132,1,3,5042,0,57.053565979
1,"map(tofrom: a)",4096,32,132,1,3,114,0,24.306774139
1,"map(tofrom: a)",4096,32,132,1,3,28,0,23.853778839
1,"map(tofrom: a)",4096,32,132,1,3,1218,0,32.401084900
1,"map(tofrom: a)",4096,32,132,1,3,2,0,24.342536926
1,"map(tofrom: a)",4096,32,132,1,3,3,0,24.104118347
1,"map(tofrom: a)",4096,32,132,1,3,4,0,24.151802063
1,"map(tofrom: a)",4096,32,132,1,3,758,0,25.951862335
1,"map(tofrom: a)",4096,32,132,1,3,11,0,23.901462555
1,"map(tofrom: a)",4096,32,132,1,3,44,0,24.497509003
1,"map(tofrom: a)",4096,32,132,1,3,472,0,24.199485779
1,"map(tofrom: a)",4096,32,132,1,3,7,0,23.949146271
1,"map(tofrom: a)",4096,32,132,1,3,1955,0,32.889842987
1,"map(tofrom: a)",4096,32,132,1,3,71,0,24.044513702
1,"map(tofrom: a)",4096,32,132,1,3,183,0,24.449825287
1,"map(tofrom: a)",4096,32,132,1,3,8096,0,73.158740997
1,"map(tofrom: a)",4096,32,132,1,3,3140,0,40.996074677
1,"map(tofrom: a)",4096,32,132,1,4,472,0,24.104118347
1,"map(tofrom: a)",4096,32,132,1,4,71,0,24.342536926
1,"map(tofrom: a)",4096,32,132,1,4,1,0,24.008750916
1,"map(tofrom: a)",4096,32,132,1,4,11,0,24.211406708
1,"map(tofrom: a)",4096,32,132,1,4,4,0,24.342536926
1,"map(tofrom: a)",4096,32,132,1,4,3140,0,40.602684021
1,"map(tofrom: a)",4096,32,132,1,4,28,0,24.354457855
1,"map(tofrom: a)",4096,32,132,1,4,1218,0,32.353401184
1,"map(tofrom: a)",4096,32,132,1,4,2,0,24.402141571
1,"map(tofrom: a)",4096,32,132,1,4,183,0,23.949146271
1,"map(tofrom: a)",4096,32,132,1,4,5042,0,56.946277618
1,"map(tofrom: a)",4096,32,132,1,4,114,0,23.949146271
1,"map(tofrom: a)",4096,32,132,1,4,3,0,24.092197418
1,"map(tofrom: a)",4096,32,132,1,4,44,0,24.151802063
1,"map(tofrom: a)",4096,32,132,1,4,758,0,25.451183319
1,"map(tofrom: a)",4096,32,132,1,4,8096,0,73.552131653
1,"map(tofrom: a)",4096,32,132,1,4,1955,0,33.056735992
1,"map(tofrom: a)",4096,32,132,1,4,294,0,24.151802063
1,"map(tofrom: a)",4096,32,132,1,4,7,0,24.449825287
1,"map(tofrom: a)",4096,32,132,1,4,17,0,24.199485779
1,"map(tofrom: a)",8192,32,132,0,0,7,0,26.500225067
1,"map(tofrom: a)",8192,32,132,0,0,114,0,26.345252991
1,"map(tofrom: a)",8192,32,132,0,0,3,0,26.643276215
1,"map(tofrom: a)",8192,32,132,0,0,17,0,26.297569275
1,"map(tofrom: a)",8192,32,132,0,0,1,0,26.452541351
1,"map(tofrom: a)",8192,32,132,0,0,44,0,26.154518127
1,"map(tofrom: a)",8192,32,132,0,0,294,0,26.345252991
1,"map(tofrom: a)",8192,32,132,0,0,3140,0,47.492980957
1,"map(tofrom: a)",8192,32,132,0,0,4,0,26.500225067
1,"map(tofrom: a)",8192,32,132,0,0,1955,0,41.449069977
1,"map(tofrom: a)",8192,32,132,0,0,183,0,26.702880859
1,"map(tofrom: a)",8192,32,132,0,0,8096,0,78.451633453
1,"map(tofrom: a)",8192,32,132,0,0,758,0,34.356117249
1,"map(tofrom: a)",8192,32,132,0,0,71,0,26.297569275
1,"map(tofrom: a)",8192,32,132,0,0,2,0,26.392936707
1,"map(tofrom: a)",8192,32,132,0,0,11,0,26.309490204
1,"map(tofrom: a)",8192,32,132,0,0,28,0,26.249885559
1,"map(tofrom: a)",8192,32,132,0,0,5042,0,59.103965759
1,"map(tofrom: a)",8192,32,132,0,0,1218,0,34.642219543
1,"map(tofrom: a)",8192,32,132,0,0,472,0,26.845932007
1,"map(tofrom: a)",8192,32,132,0,1,4,0,26.047229767
1,"map(tofrom: a)",8192,32,132,0,1,1,0,26.202201843
1,"map(tofrom: a)",8192,32,132,0,1,17,0,26.249885559
1,"map(tofrom: a)",8192,32,132,0,1,28,0,26.309490204
1,"map(tofrom: a)",8192,32,132,0,1,11,0,26.357173920
1,"map(tofrom: a)",8192,32,132,0,1,3140,0,45.597553253
1,"map(tofrom: a)",8192,32,132,0,1,2,0,26.309490204
1,"map(tofrom: a)",8192,32,132,0,1,758,0,34.451484680
1,"map(tofrom: a)",8192,32,132,0,1,1218,0,34.701824188
1,"map(tofrom: a)",8192,32,132,0,1,44,0,26.202201843
1,"map(tofrom: a)",8192,32,132,0,1,71,0,26.357173920
1,"map(tofrom: a)",8192,32,132,0,1,114,0,25.904178619
1,"map(tofrom: a)",8192,32,132,0,1,294,0,26.047229767
1,"map(tofrom: a)",8192,32,132,0,1,7,0,26.249885559
1,"map(tofrom: a)",8192,32,132,0,1,183,0,26.297569275
1,"map(tofrom: a)",8192,32,132,0,1,8096,0,78.499317169
1,"map(tofrom: a)",8192,32,132,0,1,472,0,26.297569275
1,"map(tofrom: a)",8192,32,132,0,1,1955,0,41.854381561
1,"map(tofrom: a)",8192,32,132,0,1,3,0,26.357173920
1,"map(tofrom: a)",8192,32,132,0,1,5042,0,59.700012207
1,"map(tofrom: a)",8192,32,132,0,2,3,0,26.798248291
1,"map(tofrom: a)",8192,32,132,0,2,44,0,26.547908783
1,"map(tofrom: a)",8192,32,132,0,2,1,0,26.154518127
1,"map(tofrom: a)",8192,32,132,0,2,183,0,26.404857635
1,"map(tofrom: a)",8192,32,132,0,2,294,0,26.595592499
1,"map(tofrom: a)",8192,32,132,0,2,5042,0,59.247016907
1,"map(tofrom: a)",8192,32,132,0,2,7,0,26.297569275
1,"map(tofrom: a)",8192,32,132,0,2,8096,0,77.998638153
1,"map(tofrom: a)",8192,32,132,0,2,2,0,26.297569275
1,"map(tofrom: a)",8192,32,132,0,2,114,0,26.106834412
1,"map(tofrom: a)",8192,32,132,0,2,71,0,26.655197144
1,"map(tofrom: a)",8192,32,132,0,2,1955,0,42.343139648
1,"map(tofrom: a)",8192,32,132,0,2,17,0,26.047229767
1,"map(tofrom: a)",8192,32,132,0,2,472,0,26.357173920
1,"map(tofrom: a)",8192,32,132,0,2,11,0,26.249885559
1,"map(tofrom: a)",8192,32,132,0,2,1218,0,34.749507904
1,"map(tofrom: a)",8192,32,132,0,2,4,0,26.607513428
1,"map(tofrom: a)",8192,32,132,0,2,3140,0,47.147274017
1,"map(tofrom: a)",8192,32,132,0,2,758,0,34.403800964
1,"map(tofrom: a)",8192,32,132,0,2,28,0,26.595592499
1,"map(tofrom: a)",8192,32,132,0,3,11,0,26.297569275
1,"map(tofrom: a)",8192,32,132,0,3,4,0,26.249885559
1,"map(tofrom: a)",8192,32,132,0,3,5042,0,59.247016907
1,"map(tofrom: a)",8192,32,132,0,3,183,0,26.249885559
1,"map(tofrom: a)",8192,32,132,0,3,17,0,26.047229767
1,"map(tofrom: a)",8192,32,132,0,3,3,0,26.559829712
1,"map(tofrom: a)",8192,32,132,0,3,28,0,26.249885559
1,"map(tofrom: a)",8192,32,132,0,3,1218,0,34.356117249
1,"map(tofrom: a)",8192,32,132,0,3,114,0,26.452541351
1,"map(tofrom: a)",8192,32,132,0,3,758,0,33.748149872
1,"map(tofrom: a)",8192,32,132,0,3,1955,0,41.294097900
1,"map(tofrom: a)",8192,32,132,0,3,472,0,25.999546051
1,"map(tofrom: a)",8192,32,132,0,3,7,0,26.500225067
1,"map(tofrom: a)",8192,32,132,0,3,44,0,26.297569275
1,"map(tofrom: a)",8192,32,132,0,3,3140,0,46.539306641
1,"map(tofrom: a)",8192,32,132,0,3,8096,0,77.748298645
1,"map(tofrom: a)",8192,32,132,0,3,71,0,26.500225067
1,"map(tofrom: a)",8192,32,132,0,3,1,0,26.202201843
1,"map(tofrom: a)",8192,32,132,0,3,2,0,26.345252991
1,"map(tofrom: a)",8192,32,132,0,3,294,0,26.059150696
1,"map(tofrom: a)",8192,32,132,0,4,3,0,26.500225067
1,"map(tofrom: a)",8192,32,132,0,4,8096,0,78.344345093
1,"map(tofrom: a)",8192,32,132,0,4,1,0,26.559829712
1,"map(tofrom: a)",8192,32,132,0,4,28,0,26.094913483
1,"map(tofrom: a)",8192,32,132,0,4,17,0,26.309490204
1,"map(tofrom: a)",8192,32,132,0,4,5042,0,59.103965759
1,"map(tofrom: a)",8192,32,132,0,4,7,0,26.559829712
1,"map(tofrom: a)",8192,32,132,0,4,114,0,26.345252991
1,"map(tofrom: a)",8192,32,132,0,4,44,0,26.142597198
1,"map(tofrom: a)",8192,32,132,0,4,2,0,26.154518127
1,"map(tofrom: a)",8192,32,132,0,4,294,0,26.094913483
1,"map(tofrom: a)",8192,32,132,0,4,758,0,34.093856812
1,"map(tofrom: a)",8192,32,132,0,4,183,0,26.452541351
1,"map(tofrom: a)",8192,32,132,0,4,4,0,26.357173920
1,"map(tofrom: a)",8192,32,132,0,4,1218,0,34.403800964
1,"map(tofrom: a)",8192,32,132,0,4,71,0,26.142597198
1,"map(tofrom: a)",8192,32,132,0,4,1955,0,42.641162872
1,"map(tofrom: a)",8192,32,132,0,4,11,0,26.202201843
1,"map(tofrom: a)",8192,32,132,0,4,472,0,26.345252991
1,"map(tofrom: a)",8192,32,132,0,4,3140,0,47.349929810
1,"map(tofrom: a)",8192,32,132,1,0,2,0,26.059150696
1,"map(tofrom: a)",8192,32,132,1,0,4,0,26.094913483
1,"map(tofrom: a)",8192,32,132,1,0,472,0,26.249885559
1,"map(tofrom: a)",8192,32,132,1,0,3140,0,47.504901886
1,"map(tofrom: a)",8192,32,132,1,0,183,0,26.297569275
1,"map(tofrom: a)",8192,32,132,1,0,28,0,26.249885559
1,"map(tofrom: a)",8192,32,132,1,0,71,0,25.939941406
1,"map(tofrom: a)",8192,32,132,1,0,1218,0,34.642219543
1,"map(tofrom: a)",8192,32,132,1,0,294,0,26.047229767
1,"map(tofrom: a)",8192,32,132,1,0,1,0,26.047229767
1,"map(tofrom: a)",8192,32,132,1,0,7,0,26.249885559
1,"map(tofrom: a)",8192,32,132,1,0,1955,0,42.450428009
1,"map(tofrom: a)",8192,32,132,1,0,758,0,34.546852112
1,"map(tofrom: a)",8192,32,132,1,0,114,0,26.154518127
1,"map(tofrom: a)",8192,32,132,1,0,11,0,26.655197144
1,"map(tofrom: a)",8192,32,132,1,0,3,0,26.249885559
1,"map(tofrom: a)",8192,32,132,1,0,8096,0,80.454349518
1,"map(tofrom: a)",8192,32,132,1,0,44,0,26.440620422
1,"map(tofrom: a)",8192,32,132,1,0,17,0,26.059150696
1,"map(tofrom: a)",8192,32,132,1,0,5042,0,58.698654175
1,"map(tofrom: a)",8192,32,132,1,1,758,0,34.153461456
1,"map(tofrom: a)",8192,32,132,1,1,3,0,26.345252991
1,"map(tofrom: a)",8192,32,132,1,1,3140,0,46.741962433
1,"map(tofrom: a)",8192,32,132,1,1,1955,0,42.593479156
1,"map(tofrom: a)",8192,32,132,1,1,44,0,25.951862335
1,"map(tofrom: a)",8192,32,132,1,1,17,0,26.154518127
1,"map(tofrom: a)",8192,32,132,1,1,294,0,26.345252991
1,"map(tofrom: a)",8192,32,132,1,1,28,0,26.202201843
1,"map(tofrom: a)",8192,32,132,1,1,114,0,26.357173920
1,"map(tofrom: a)",8192,32,132,1,1,2,0,26.297569275
1,"map(tofrom: a)",8192,32,132,1,1,7,0,26.357173920
1,"map(tofrom: a)",8192,32,132,1,1,183,0,26.500225067
1,"map(tofrom: a)",8192,32,132,1,1,8096,0,78.558921814
1,"map(tofrom: a)",8192,32,132,1,1,11,0,26.452541351
1,"map(tofrom: a)",8192,32,132,1,1,1,0,26.106834412
1,"map(tofrom: a)",8192,32,132,1,1,1218,0,34.451484680
1,"map(tofrom: a)",8192,32,132,1,1,472,0,26.297569275
1,"map(tofrom: a)",8192,32,132,1,1,71,0,26.547908783
1,"map(tofrom: a)",8192,32,132,1,1,5042,0,59.342384338
1,"map(tofrom: a)",8192,32,132,1,1,4,0,26.297569275
1,"map(tofrom: a)",8192,32,132,1,2,2,0,26.202201843
1,"map(tofrom: a)",8192,32,132,1,2,71,0,26.452541351
1,"map(tofrom: a)",8192,32,132,1,2,17,0,26.297569275
1,"map(tofrom: a)",8192,32,132,1,2,472,0,26.500225067
1,"map(tofrom: a)",8192,32,132,1,2,5042,0,59.092044830
1,"map(tofrom: a)",8192,32,132,1,2,28,0,25.951862335
1,"map(tofrom: a)",8192,32,132,1,2,44,0,25.856494904
1,"map(tofrom: a)",8192,32,132,1,2,1218,0,34.451484680
1,"map(tofrom: a)",8192,32,132,1,2,4,0,26.404857635
1,"map(tofrom: a)",8192,32,132,1,2,1955,0,41.294097900
1,"map(tofrom: a)",8192,32,132,1,2,183,0,26.297569275
1,"map(tofrom: a)",8192,32,132,1,2,7,0,26.202201843
1,"map(tofrom: a)",8192,32,132,1,2,758,0,33.807754517
1,"map(tofrom: a)",8192,32,132,1,2,1,0,26.500225067
1,"map(tofrom: a)",8192,32,132,1,2,3140,0,47.242641449
1,"map(tofrom: a)",8192,32,132,1,2,8096,0,79.905986786
1,"map(tofrom: a)",8192,32,132,1,2,3,0,26.500225067
1,"map(tofrom: a)",8192,32,132,1,2,114,0,26.249885559
1,"map(tofrom: a)",8192,32,132,1,2,11,0,26.404857635
1,"map(tofrom: a)",8192,32,132,1,2,294,0,26.202201843
1,"map(tofrom: a)",8192,32,132,1,3,1,0,26.452541351
1,"map(tofrom: a)",8192,32,132,1,3,17,0,26.202201843
1,"map(tofrom: a)",8192,32,132,1,3,294,0,26.595592499
1,"map(tofrom: a)",8192,32,132,1,3,5042,0,59.294700623
1,"map(tofrom: a)",8192,32,132,1,3,114,0,26.345252991
1,"map(tofrom: a)",8192,32,132,1,3,28,0,26.249885559
1,"map(tofrom: a)",8192,32,132,1,3,1218,0,34.403800964
1,"map(tofrom: a)",8192,32,132,1,3,2,0,26.249885559
1,"map(tofrom: a)",8192,32,132,1,3,3,0,26.202201843
1,"map(tofrom: a)",8192,32,132,1,3,4,0,26.357173920
1,"map(tofrom: a)",8192,32,132,1,3,758,0,34.499168396
1,"map(tofrom: a)",8192,32,132,1,3,11,0,26.392936707
1,"map(tofrom: a)",8192,32,132,1,3,44,0,26.452541351
1,"map(tofrom: a)",8192,32,132,1,3,472,0,25.892257690
1,"map(tofrom: a)",8192,32,132,1,3,7,0,26.202201843
1,"map(tofrom: a)",8192,32,132,1,3,1955,0,42.200088501
1,"map(tofrom: a)",8192,32,132,1,3,71,0,26.798248291
1,"map(tofrom: a)",8192,32,132,1,3,183,0,26.047229767
1,"map(tofrom: a)",8192,32,132,1,3,8096,0,78.201293945
1,"map(tofrom: a)",8192,32,132,1,3,3140,0,47.647953033
1,"map(tofrom: a)",8192,32,132,1,4,472,0,26.059150696
1,"map(tofrom: a)",8192,32,132,1,4,71,0,26.845932007
1,"map(tofrom: a)",8192,32,132,1,4,1,0,26.309490204
1,"map(tofrom: a)",8192,32,132,1,4,11,0,26.404857635
1,"map(tofrom: a)",8192,32,132,1,4,4,0,26.106834412
1,"map(tofrom: a)",8192,32,132,1,4,3140,0,47.791004181
1,"map(tofrom: a)",8192,32,132,1,4,28,0,26.047229767
1,"map(tofrom: a)",8192,32,132,1,4,1218,0,34.761428833
1,"map(tofrom: a)",8192,32,132,1,4,2,0,26.297569275
1,"map(tofrom: a)",8192,32,132,1,4,183,0,26.500225067
1,"map(tofrom: a)",8192,32,132,1,4,5042,0,59.306621552
1,"map(tofrom: a)",8192,32,132,1,4,114,0,26.345252991
1,"map(tofrom: a)",8192,32,132,1,4,3,0,26.154518127
1,"map(tofrom: a)",8192,32,132,1,4,44,0,26.690959930
1,"map(tofrom: a)",8192,32,132,1,4,758,0,34.344196320
1,"map(tofrom: a)",8192,32,132,1,4,8096,0,79.703330994
1,"map(tofrom: a)",8192,32,132,1,4,1955,0,42.700767517
1,"map(tofrom: a)",8192,32,132,1,4,294,0,26.154518127
1,"map(tofrom: a)",8192,32,132,1,4,7,0,26.154518127
1,"map(tofrom: a)",8192,32,132,1,4,17,0,26.154518127
1,"map(tofrom: a)",16382,32,132,0,0,7,0,28.800964355
1,"map(tofrom: a)",16382,32,132,0,0,114,0,28.657913208
1,"map(tofrom: a)",16382,32,132,0,0,3,0,29.051303864
1,"map(tofrom: a)",16382,32,132,0,0,17,0,29.098987579
1,"map(tofrom: a)",16382,32,132,0,0,1,0,29.301643372
1,"map(tofrom: a)",16382,32,132,0,0,44,0,29.051303864
1,"map(tofrom: a)",16382,32,132,0,0,294,0,28.991699219
1,"map(tofrom: a)",16382,32,132,0,0,3140,0,45.049190521
1,"map(tofrom: a)",16382,32,132,0,0,4,0,28.705596924
1,"map(tofrom: a)",16382,32,132,0,0,1955,0,37.109851837
1,"map(tofrom: a)",16382,32,132,0,0,183,0,28.800964355
1,"map(tofrom: a)",16382,32,132,0,0,8096,0,77.903270721
1,"map(tofrom: a)",16382,32,132,0,0,758,0,28.800964355
1,"map(tofrom: a)",16382,32,132,0,0,71,0,28.741359711
1,"map(tofrom: a)",16382,32,132,0,0,2,0,29.003620148
1,"map(tofrom: a)",16382,32,132,0,0,11,0,28.848648071
1,"map(tofrom: a)",16382,32,132,0,0,28,0,28.693675995
1,"map(tofrom: a)",16382,32,132,0,0,5042,0,61.452388763
1,"map(tofrom: a)",16382,32,132,0,0,1218,0,37.109851837
1,"map(tofrom: a)",16382,32,132,0,0,472,0,28.705596924
1,"map(tofrom: a)",16382,32,132,0,1,4,0,28.848648071
1,"map(tofrom: a)",16382,32,132,0,1,1,0,28.848648071
1,"map(tofrom: a)",16382,32,132,0,1,17,0,28.693675995
1,"map(tofrom: a)",16382,32,132,0,1,28,0,28.896331787
1,"map(tofrom: a)",16382,32,132,0,1,11,0,28.800964355
1,"map(tofrom: a)",16382,32,132,0,1,3140,0,45.156478882
1,"map(tofrom: a)",16382,32,132,0,1,2,0,28.908252716
1,"map(tofrom: a)",16382,32,132,0,1,758,0,28.800964355
1,"map(tofrom: a)",16382,32,132,0,1,1218,0,36.907196045
1,"map(tofrom: a)",16382,32,132,0,1,44,0,28.848648071
1,"map(tofrom: a)",16382,32,132,0,1,71,0,28.753280640
1,"map(tofrom: a)",16382,32,132,0,1,114,0,28.645992279
1,"map(tofrom: a)",16382,32,132,0,1,294,0,28.753280640
1,"map(tofrom: a)",16382,32,132,0,1,7,0,28.800964355
1,"map(tofrom: a)",16382,32,132,0,1,183,0,28.860569000
1,"map(tofrom: a)",16382,32,132,0,1,8096,0,78.189373016
1,"map(tofrom: a)",16382,32,132,0,1,472,0,28.848648071
1,"map(tofrom: a)",16382,32,132,0,1,1955,0,36.895275116
1,"map(tofrom: a)",16382,32,132,0,1,3,0,28.657913208
1,"map(tofrom: a)",16382,32,132,0,1,5042,0,61.702728271
1,"map(tofrom: a)",16382,32,132,0,2,3,0,28.693675995
1,"map(tofrom: a)",16382,32,132,0,2,44,0,28.848648071
1,"map(tofrom: a)",16382,32,132,0,2,1,0,28.848648071
1,"map(tofrom: a)",16382,32,132,0,2,183,0,28.705596924
1,"map(tofrom: a)",16382,32,132,0,2,294,0,28.800964355
1,"map(tofrom: a)",16382,32,132,0,2,5042,0,61.500072479
1,"map(tofrom: a)",16382,32,132,0,2,7,0,28.753280640
1,"map(tofrom: a)",16382,32,132,0,2,8096,0,77.891349792
1,"map(tofrom: a)",16382,32,132,0,2,2,0,28.693675995
1,"map(tofrom: a)",16382,32,132,0,2,114,0,28.705596924
1,"map(tofrom: a)",16382,32,132,0,2,71,0,28.896331787
1,"map(tofrom: a)",16382,32,132,0,2,1955,0,37.050247192
1,"map(tofrom: a)",16382,32,132,0,2,17,0,28.693675995
1,"map(tofrom: a)",16382,32,132,0,2,472,0,28.800964355
1,"map(tofrom: a)",16382,32,132,0,2,11,0,28.753280640
1,"map(tofrom: a)",16382,32,132,0,2,1218,0,37.252902985
1,"map(tofrom: a)",16382,32,132,0,2,4,0,28.955936432
1,"map(tofrom: a)",16382,32,132,0,2,3140,0,45.144557953
1,"map(tofrom: a)",16382,32,132,0,2,758,0,28.645992279
1,"map(tofrom: a)",16382,32,132,0,2,28,0,28.896331787
1,"map(tofrom: a)",16382,32,132,0,3,11,0,28.753280640
1,"map(tofrom: a)",16382,32,132,0,3,4,0,28.800964355
1,"map(tofrom: a)",16382,32,132,0,3,5042,0,61.690807343
1,"map(tofrom: a)",16382,32,132,0,3,183,0,28.657913208
1,"map(tofrom: a)",16382,32,132,0,3,17,0,28.741359711
1,"map(tofrom: a)",16382,32,132,0,3,3,0,28.800964355
1,"map(tofrom: a)",16382,32,132,0,3,28,0,28.657913208
1,"map(tofrom: a)",16382,32,132,0,3,1218,0,37.002563477
1,"map(tofrom: a)",16382,32,132,0,3,114,0,28.908252716
1,"map(tofrom: a)",16382,32,132,0,3,758,0,28.860569000
1,"map(tofrom: a)",16382,32,132,0,3,1955,0,36.954879761
1,"map(tofrom: a)",16382,32,132,0,3,472,0,28.848648071
1,"map(tofrom: a)",16382,32,132,0,3,7,0,28.645992279
1,"map(tofrom: a)",16382,32,132,0,3,44,0,28.645992279
1,"map(tofrom: a)",16382,32,132,0,3,3140,0,45.204162598
1,"map(tofrom: a)",16382,32,132,0,3,8096,0,77.843666077
1,"map(tofrom: a)",16382,32,132,0,3,71,0,28.741359711
1,"map(tofrom: a)",16382,32,132,0,3,1,0,28.800964355
1,"map(tofrom: a)",16382,32,132,0,3,2,0,28.800964355
1,"map(tofrom: a)",16382,32,132,0,3,294,0,28.741359711
1,"map(tofrom: a)",16382,32,132,0,4,3,0,28.848648071
1,"map(tofrom: a)",16382,32,132,0,4,8096,0,78.105926514
1,"map(tofrom: a)",16382,32,132,0,4,1,0,28.800964355
1,"map(tofrom: a)",16382,32,132,0,4,28,0,28.800964355
1,"map(tofrom: a)",16382,32,132,0,4,17,0,28.860569000
1,"map(tofrom: a)",16382,32,132,0,4,5042,0,61.690807343
1,"map(tofrom: a)",16382,32,132,0,4,7,0,28.741359711
1,"map(tofrom: a)",16382,32,132,0,4,114,0,29.146671295
1,"map(tofrom: a)",16382,32,132,0,4,44,0,28.908252716
1,"map(tofrom: a)",16382,32,132,0,4,2,0,28.693675995
1,"map(tofrom: a)",16382,32,132,0,4,294,0,28.944015503
1,"map(tofrom: a)",16382,32,132,0,4,758,0,28.860569000
1,"map(tofrom: a)",16382,32,132,0,4,183,0,29.051303864
1,"map(tofrom: a)",16382,32,132,0,4,4,0,28.598308563
1,"map(tofrom: a)",16382,32,132,0,4,1218,0,36.895275116
1,"map(tofrom: a)",16382,32,132,0,4,71,0,28.598308563
1,"map(tofrom: a)",16382,32,132,0,4,1955,0,36.907196045
1,"map(tofrom: a)",16382,32,132,0,4,11,0,28.753280640
1,"map(tofrom: a)",16382,32,132,0,4,472,0,28.800964355
1,"map(tofrom: a)",16382,32,132,0,4,3140,0,45.096874237
1,"map(tofrom: a)",16382,32,132,1,0,2,0,28.753280640
1,"map(tofrom: a)",16382,32,132,1,0,4,0,28.848648071
1,"map(tofrom: a)",16382,32,132,1,0,472,0,28.705596924
1,"map(tofrom: a)",16382,32,132,1,0,3140,0,45.049190521
1,"map(tofrom: a)",16382,32,132,1,0,183,0,28.705596924
1,"map(tofrom: a)",16382,32,132,1,0,28,0,28.944015503
1,"map(tofrom: a)",16382,32,132,1,0,71,0,28.955936432
1,"map(tofrom: a)",16382,32,132,1,0,1218,0,37.097930908
1,"map(tofrom: a)",16382,32,132,1,0,294,0,28.800964355
1,"map(tofrom: a)",16382,32,132,1,0,1,0,28.908252716
1,"map(tofrom: a)",16382,32,132,1,0,7,0,29.146671295
1,"map(tofrom: a)",16382,32,132,1,0,1955,0,36.954879761
1,"map(tofrom: a)",16382,32,132,1,0,758,0,28.944015503
1,"map(tofrom: a)",16382,32,132,1,0,114,0,28.848648071
1,"map(tofrom: a)",16382,32,132,1,0,11,0,28.908252716
1,"map(tofrom: a)",16382,32,132,1,0,3,0,28.705596924
1,"map(tofrom: a)",16382,32,132,1,0,8096,0,77.950954437
1,"map(tofrom: a)",16382,32,132,1,0,44,0,28.800964355
1,"map(tofrom: a)",16382,32,132,1,0,17,0,28.741359711
1,"map(tofrom: a)",16382,32,132,1,0,5042,0,61.345100403
1,"map(tofrom: a)",16382,32,132,1,1,758,0,28.741359711
1,"map(tofrom: a)",16382,32,132,1,1,3,0,28.705596924
1,"map(tofrom: a)",16382,32,132,1,1,3140,0,45.204162598
1,"map(tofrom: a)",16382,32,132,1,1,1955,0,36.895275116
1,"map(tofrom: a)",16382,32,132,1,1,44,0,28.753280640
1,"map(tofrom: a)",16382,32,132,1,1,17,0,28.944015503
1,"map(tofrom: a)",16382,32,132,1,1,294,0,28.598308563
1,"map(tofrom: a)",16382,32,132,1,1,28,0,28.455257416
1,"map(tofrom: a)",16382,32,132,1,1,114,0,28.848648071
1,"map(tofrom: a)",16382,32,132,1,1,2,0,28.753280640
1,"map(tofrom: a)",16382,32,132,1,1,7,0,28.800964355
1,"map(tofrom: a)",16382,32,132,1,1,183,0,28.753280640
1,"map(tofrom: a)",16382,32,132,1,1,8096,0,77.855587006
1,"map(tofrom: a)",16382,32,132,1,1,11,0,28.705596924
1,"map(tofrom: a)",16382,32,132,1,1,1,0,28.848648071
1,"map(tofrom: a)",16382,32,132,1,1,1218,0,37.503242493
1,"map(tofrom: a)",16382,32,132,1,1,472,0,28.657913208
1,"map(tofrom: a)",16382,32,132,1,1,71,0,28.359889984
1,"map(tofrom: a)",16382,32,132,1,1,5042,0,61.500072479
1,"map(tofrom: a)",16382,32,132,1,1,4,0,28.753280640
1,"map(tofrom: a)",16382,32,132,1,2,2,0,28.753280640
1,"map(tofrom: a)",16382,32,132,1,2,71,0,28.705596924
1,"map(tofrom: a)",16382,32,132,1,2,17,0,28.896331787
1,"map(tofrom: a)",16382,32,132,1,2,472,0,28.991699219
1,"map(tofrom: a)",16382,32,132,1,2,5042,0,61.595439911
1,"map(tofrom: a)",16382,32,132,1,2,28,0,28.753280640
1,"map(tofrom: a)",16382,32,132,1,2,44,0,28.896331787
1,"map(tofrom: a)",16382,32,132,1,2,1218,0,36.942958832
1,"map(tofrom: a)",16382,32,132,1,2,4,0,28.705596924
1,"map(tofrom: a)",16382,32,132,1,2,1955,0,36.954879761
1,"map(tofrom: a)",16382,32,132,1,2,183,0,28.550624847
1,"map(tofrom: a)",16382,32,132,1,2,7,0,28.705596924
1,"map(tofrom: a)",16382,32,132,1,2,758,0,28.598308563
1,"map(tofrom: a)",16382,32,132,1,2,1,0,28.645992279
1,"map(tofrom: a)",16382,32,132,1,2,3140,0,45.049190521
1,"map(tofrom: a)",16382,32,132,1,2,8096,0,78.105926514
1,"map(tofrom: a)",16382,32,132,1,2,3,0,29.051303864
1,"map(tofrom: a)",16382,32,132,1,2,114,0,28.789043427
1,"map(tofrom: a)",16382,32,132,1,2,11,0,28.753280640
1,"map(tofrom: a)",16382,32,132,1,2,294,0,28.693675995
1,"map(tofrom: a)",16382,32,132,1,3,1,0,28.705596924
1,"map(tofrom: a)",16382,32,132,1,3,17,0,28.657913208
1,"map(tofrom: a)",16382,32,132,1,3,294,0,28.693675995
1,"map(tofrom: a)",16382,32,132,1,3,5042,0,61.500072479
1,"map(tofrom: a)",16382,32,132,1,3,114,0,28.693675995
1,"map(tofrom: a)",16382,32,132,1,3,28,0,28.300285339
1,"map(tofrom: a)",16382,32,132,1,3,1218,0,36.549568176
1,"map(tofrom: a)",16382,32,132,1,3,2,0,28.693675995
1,"map(tofrom: a)",16382,32,132,1,3,3,0,28.896331787
1,"map(tofrom: a)",16382,32,132,1,3,4,0,28.800964355
1,"map(tofrom: a)",16382,32,132,1,3,758,0,28.753280640
1,"map(tofrom: a)",16382,32,132,1,3,11,0,28.800964355
1,"map(tofrom: a)",16382,32,132,1,3,44,0,28.800964355
1,"map(tofrom: a)",16382,32,132,1,3,472,0,28.955936432
1,"map(tofrom: a)",16382,32,132,1,3,7,0,28.693675995
1,"map(tofrom: a)",16382,32,132,1,3,1955,0,36.895275116
1,"map(tofrom: a)",16382,32,132,1,3,71,0,28.955936432
1,"map(tofrom: a)",16382,32,132,1,3,183,0,28.598308563
1,"map(tofrom: a)",16382,32,132,1,3,8096,0,77.950954437
1,"map(tofrom: a)",16382,32,132,1,3,3140,0,45.299530029
1,"map(tofrom: a)",16382,32,132,1,4,472,0,28.645992279
1,"map(tofrom: a)",16382,32,132,1,4,71,0,28.753280640
1,"map(tofrom: a)",16382,32,132,1,4,1,0,28.741359711
1,"map(tofrom: a)",16382,32,132,1,4,11,0,28.896331787
1,"map(tofrom: a)",16382,32,132,1,4,4,0,28.896331787
1,"map(tofrom: a)",16382,32,132,1,4,3140,0,45.096874237
1,"map(tofrom: a)",16382,32,132,1,4,28,0,28.800964355
1,"map(tofrom: a)",16382,32,132,1,4,1218,0,36.895275116
1,"map(tofrom: a)",16382,32,132,1,4,2,0,28.848648071
1,"map(tofrom: a)",16382,32,132,1,4,183,0,28.789043427
1,"map(tofrom: a)",16382,32,132,1,4,5042,0,61.702728271
1,"map(tofrom: a)",16382,32,132,1,4,114,0,28.753280640
1,"map(tofrom: a)",16382,32,132,1,4,3,0,28.848648071
1,"map(tofrom: a)",16382,32,132,1,4,44,0,29.242038727
1,"map(tofrom: a)",16382,32,132,1,4,758,0,28.800964355
1,"map(tofrom: a)",16382,32,132,1,4,8096,0,77.998638153
1,"map(tofrom: a)",16382,32,132,1,4,1955,0,37.145614624
1,"map(tofrom: a)",16382,32,132,1,4,294,0,28.955936432
1,"map(tofrom: a)",16382,32,132,1,4,7,0,28.848648071
1,"map(tofrom: a)",16382,32,132,1,4,17,0,28.657913208
1,"map(tofrom: a)",32768,32,132,0,0,7,0,29.909610748
1,"map(tofrom: a)",32768,32,132,0,0,114,0,29.850006104
1,"map(tofrom: a)",32768,32,132,0,0,3,0,29.444694519
1,"map(tofrom: a)",32768,32,132,0,0,17,0,29.957294464
1,"map(tofrom: a)",32768,32,132,0,0,1,0,29.742717743
1,"map(tofrom: a)",32768,32,132,0,0,44,0,30.004978180
1,"map(tofrom: a)",32768,32,132,0,0,294,0,29.754638672
1,"map(tofrom: a)",32768,32,132,0,0,3140,0,46.253204346
1,"map(tofrom: a)",32768,32,132,0,0,4,0,29.695034027
1,"map(tofrom: a)",32768,32,132,0,0,1955,0,37.789344788
1,"map(tofrom: a)",32768,32,132,0,0,183,0,29.647350311
1,"map(tofrom: a)",32768,32,132,0,0,8096,0,78.892707825
1,"map(tofrom: a)",32768,32,132,0,0,758,0,29.802322388
1,"map(tofrom: a)",32768,32,132,0,0,71,0,29.695034027
1,"map(tofrom: a)",32768,32,132,0,0,2,0,29.754638672
1,"map(tofrom: a)",32768,32,132,0,0,11,0,29.850006104
1,"map(tofrom: a)",32768,32,132,0,0,28,0,30.040740967
1,"map(tofrom: a)",32768,32,132,0,0,5042,0,62.453746796
1,"map(tofrom: a)",32768,32,132,0,0,1218,0,38.146972656
1,"map(tofrom: a)",32768,32,132,0,0,472,0,29.897689819
1,"map(tofrom: a)",32768,32,132,0,1,4,0,30.052661896
1,"map(tofrom: a)",32768,32,132,0,1,1,0,29.754638672
1,"map(tofrom: a)",32768,32,132,0,1,17,0,29.551982880
1,"map(tofrom: a)",32768,32,132,0,1,28,0,29.599666595
1,"map(tofrom: a)",32768,32,132,0,1,11,0,29.897689819
1,"map(tofrom: a)",32768,32,132,0,1,3140,0,46.098232269
1,"map(tofrom: a)",32768,32,132,0,1,2,0,29.957294464
1,"map(tofrom: a)",32768,32,132,0,1,758,0,29.945373535
1,"map(tofrom: a)",32768,32,132,0,1,1218,0,37.956237793
1,"map(tofrom: a)",32768,32,132,0,1,44,0,29.659271240
1,"map(tofrom: a)",32768,32,132,0,1,71,0,29.706954956
1,"map(tofrom: a)",32768,32,132,0,1,114,0,29.695034027
1,"map(tofrom: a)",32768,32,132,0,1,294,0,29.850006104
1,"map(tofrom: a)",32768,32,132,0,1,7,0,30.052661896
1,"map(tofrom: a)",32768,32,132,0,1,183,0,29.993057251
1,"map(tofrom: a)",32768,32,132,0,1,8096,0,78.999996185
1,"map(tofrom: a)",32768,32,132,0,1,472,0,29.802322388
1,"map(tofrom: a)",32768,32,132,0,1,1955,0,38.111209869
1,"map(tofrom: a)",32768,32,132,0,1,3,0,29.742717743
1,"map(tofrom: a)",32768,32,132,0,1,5042,0,62.453746796
1,"map(tofrom: a)",32768,32,132,0,2,3,0,30.601024628
1,"map(tofrom: a)",32768,32,132,0,2,44,0,29.909610748
1,"map(tofrom: a)",32768,32,132,0,2,1,0,29.850006104
1,"map(tofrom: a)",32768,32,132,0,2,183,0,30.100345612
1,"map(tofrom: a)",32768,32,132,0,2,294,0,29.706954956
1,"map(tofrom: a)",32768,32,132,0,2,5042,0,62.704086304
1,"map(tofrom: a)",32768,32,132,0,2,7,0,29.802322388
1,"map(tofrom: a)",32768,32,132,0,2,8096,0,78.797340393
1,"map(tofrom: a)",32768,32,132,0,2,2,0,30.255317688
1,"map(tofrom: a)",32768,32,132,0,2,114,0,30.148029327
1,"map(tofrom: a)",32768,32,132,0,2,71,0,30.148029327
1,"map(tofrom: a)",32768,32,132,0,2,1955,0,38.146972656
1,"map(tofrom: a)",32768,32,132,0,2,17,0,29.945373535
1,"map(tofrom: a)",32768,32,132,0,2,472,0,29.706954956
1,"map(tofrom: a)",32768,32,132,0,2,11,0,29.742717743
1,"map(tofrom: a)",32768,32,132,0,2,1218,0,38.003921509
1,"map(tofrom: a)",32768,32,132,0,2,4,0,29.647350311
1,"map(tofrom: a)",32768,32,132,0,2,3140,0,46.193599701
1,"map(tofrom: a)",32768,32,132,0,2,758,0,30.148029327
1,"map(tofrom: a)",32768,32,132,0,2,28,0,29.850006104
1,"map(tofrom: a)",32768,32,132,0,3,11,0,29.599666595
1,"map(tofrom: a)",32768,32,132,0,3,4,0,29.850006104
1,"map(tofrom: a)",32768,32,132,0,3,5042,0,62.453746796
1,"map(tofrom: a)",32768,32,132,0,3,183,0,29.754638672
1,"map(tofrom: a)",32768,32,132,0,3,17,0,29.706954956
1,"map(tofrom: a)",32768,32,132,0,3,3,0,29.647350311
1,"map(tofrom: a)",32768,32,132,0,3,28,0,29.742717743
1,"map(tofrom: a)",32768,32,132,0,3,1218,0,37.801265717
1,"map(tofrom: a)",32768,32,132,0,3,114,0,29.647350311
1,"map(tofrom: a)",32768,32,132,0,3,758,0,29.802322388
1,"map(tofrom: a)",32768,32,132,0,3,1955,0,38.146972656
1,"map(tofrom: a)",32768,32,132,0,3,472,0,30.004978180
1,"map(tofrom: a)",32768,32,132,0,3,7,0,29.850006104
1,"map(tofrom: a)",32768,32,132,0,3,44,0,29.945373535
1,"map(tofrom: a)",32768,32,132,0,3,3140,0,46.300888062
1,"map(tofrom: a)",32768,32,132,0,3,8096,0,78.999996185
1,"map(tofrom: a)",32768,32,132,0,3,71,0,29.850006104
1,"map(tofrom: a)",32768,32,132,0,3,1,0,30.004978180
1,"map(tofrom: a)",32768,32,132,0,3,2,0,29.599666595
1,"map(tofrom: a)",32768,32,132,0,3,294,0,30.004978180
1,"map(tofrom: a)",32768,32,132,0,4,3,0,29.802322388
1,"map(tofrom: a)",32768,32,132,0,4,8096,0,78.856945038
1,"map(tofrom: a)",32768,32,132,0,4,1,0,29.850006104
1,"map(tofrom: a)",32768,32,132,0,4,28,0,29.802322388
1,"map(tofrom: a)",32768,32,132,0,4,17,0,29.945373535
1,"map(tofrom: a)",32768,32,132,0,4,5042,0,62.656402588
1,"map(tofrom: a)",32768,32,132,0,4,7,0,29.945373535
1,"map(tofrom: a)",32768,32,132,0,4,114,0,29.897689819
1,"map(tofrom: a)",32768,32,132,0,4,44,0,29.897689819
1,"map(tofrom: a)",32768,32,132,0,4,2,0,29.790401459
1,"map(tofrom: a)",32768,32,132,0,4,294,0,29.647350311
1,"map(tofrom: a)",32768,32,132,0,4,758,0,29.850006104
1,"map(tofrom: a)",32768,32,132,0,4,183,0,29.790401459
1,"map(tofrom: a)",32768,32,132,0,4,4,0,29.754638672
1,"map(tofrom: a)",32768,32,132,0,4,1218,0,38.194656372
1,"map(tofrom: a)",32768,32,132,0,4,71,0,29.706954956
1,"map(tofrom: a)",32768,32,132,0,4,1955,0,37.956237793
1,"map(tofrom: a)",32768,32,132,0,4,11,0,29.754638672
1,"map(tofrom: a)",32768,32,132,0,4,472,0,29.599666595
1,"map(tofrom: a)",32768,32,132,0,4,3140,0,46.002864838
1,"map(tofrom: a)",32768,32,132,1,0,2,0,29.897689819
1,"map(tofrom: a)",32768,32,132,1,0,4,0,29.897689819
1,"map(tofrom: a)",32768,32,132,1,0,472,0,29.802322388
1,"map(tofrom: a)",32768,32,132,1,0,3140,0,46.300888062
1,"map(tofrom: a)",32768,32,132,1,0,183,0,29.802322388
1,"map(tofrom: a)",32768,32,132,1,0,28,0,29.850006104
1,"map(tofrom: a)",32768,32,132,1,0,71,0,30.052661896
1,"map(tofrom: a)",32768,32,132,1,0,1218,0,38.051605225
1,"map(tofrom: a)",32768,32,132,1,0,294,0,30.004978180
1,"map(tofrom: a)",32768,32,132,1,0,1,0,29.909610748
1,"map(tofrom: a)",32768,32,132,1,0,7,0,29.850006104
1,"map(tofrom: a)",32768,32,132,1,0,1955,0,38.099288940
1,"map(tofrom: a)",32768,32,132,1,0,758,0,29.945373535
1,"map(tofrom: a)",32768,32,132,1,0,114,0,29.957294464
1,"map(tofrom: a)",32768,32,132,1,0,11,0,30.243396759
1,"map(tofrom: a)",32768,32,132,1,0,3,0,30.159950256
1,"map(tofrom: a)",32768,32,132,1,0,8096,0,79.250335693
1,"map(tofrom: a)",32768,32,132,1,0,44,0,29.993057251
1,"map(tofrom: a)",32768,32,132,1,0,17,0,29.957294464
1,"map(tofrom: a)",32768,32,132,1,0,5042,0,62.704086304
1,"map(tofrom: a)",32768,32,132,1,1,758,0,29.802322388
1,"map(tofrom: a)",32768,32,132,1,1,3,0,29.504299164
1,"map(tofrom: a)",32768,32,132,1,1,3140,0,46.205520630
1,"map(tofrom: a)",32768,32,132,1,1,1955,0,37.992000580
1,"map(tofrom: a)",32768,32,132,1,1,44,0,29.540061951
1,"map(tofrom: a)",32768,32,132,1,1,17,0,29.850006104
1,"map(tofrom: a)",32768,32,132,1,1,294,0,29.695034027
1,"map(tofrom: a)",32768,32,132,1,1,28,0,29.802322388
1,"map(tofrom: a)",32768,32,132,1,1,114,0,29.754638672
1,"map(tofrom: a)",32768,32,132,1,1,2,0,29.802322388
1,"map(tofrom: a)",32768,32,132,1,1,7,0,29.647350311
1,"map(tofrom: a)",32768,32,132,1,1,183,0,29.897689819
1,"map(tofrom: a)",32768,32,132,1,1,8096,0,79.095363617
1,"map(tofrom: a)",32768,32,132,1,1,11,0,29.599666595
1,"map(tofrom: a)",32768,32,132,1,1,1,0,29.790401459
1,"map(tofrom: a)",32768,32,132,1,1,1218,0,38.349628448
1,"map(tofrom: a)",32768,32,132,1,1,472,0,29.957294464
1,"map(tofrom: a)",32768,32,132,1,1,71,0,29.802322388
1,"map(tofrom: a)",32768,32,132,1,1,5042,0,62.847137451
1,"map(tofrom: a)",32768,32,132,1,1,4,0,30.040740967
1,"map(tofrom: a)",32768,32,132,1,2,2,0,30.004978180
1,"map(tofrom: a)",32768,32,132,1,2,71,0,29.897689819
1,"map(tofrom: a)",32768,32,132,1,2,17,0,29.647350311
1,"map(tofrom: a)",32768,32,132,1,2,472,0,29.909610748
1,"map(tofrom: a)",32768,32,132,1,2,5042,0,62.751770020
1,"map(tofrom: a)",32768,32,132,1,2,28,0,30.004978180
1,"map(tofrom: a)",32768,32,132,1,2,44,0,29.802322388
1,"map(tofrom: a)",32768,32,132,1,2,1218,0,38.099288940
1,"map(tofrom: a)",32768,32,132,1,2,4,0,29.754638672
1,"map(tofrom: a)",32768,32,132,1,2,1955,0,38.254261017
1,"map(tofrom: a)",32768,32,132,1,2,183,0,29.945373535
1,"map(tofrom: a)",32768,32,132,1,2,7,0,29.802322388
1,"map(tofrom: a)",32768,32,132,1,2,758,0,29.897689819
1,"map(tofrom: a)",32768,32,132,1,2,1,0,29.957294464
1,"map(tofrom: a)",32768,32,132,1,2,3140,0,46.193599701
1,"map(tofrom: a)",32768,32,132,1,2,8096,0,79.047679901
1,"map(tofrom: a)",32768,32,132,1,2,3,0,29.742717743
1,"map(tofrom: a)",32768,32,132,1,2,114,0,30.004978180
1,"map(tofrom: a)",32768,32,132,1,2,11,0,29.897689819
1,"map(tofrom: a)",32768,32,132,1,2,294,0,29.850006104
1,"map(tofrom: a)",32768,32,132,1,3,1,0,29.742717743
1,"map(tofrom: a)",32768,32,132,1,3,17,0,29.850006104
1,"map(tofrom: a)",32768,32,132,1,3,294,0,29.957294464
1,"map(tofrom: a)",32768,32,132,1,3,5042,0,62.358379364
1,"map(tofrom: a)",32768,32,132,1,3,114,0,29.993057251
1,"map(tofrom: a)",32768,32,132,1,3,28,0,29.850006104
1,"map(tofrom: a)",32768,32,132,1,3,1218,0,38.099288940
1,"map(tofrom: a)",32768,32,132,1,3,2,0,29.802322388
1,"map(tofrom: a)",32768,32,132,1,3,3,0,29.909610748
1,"map(tofrom: a)",32768,32,132,1,3,4,0,29.742717743
1,"map(tofrom: a)",32768,32,132,1,3,758,0,29.850006104
1,"map(tofrom: a)",32768,32,132,1,3,11,0,29.647350311
1,"map(tofrom: a)",32768,32,132,1,3,44,0,29.695034027
1,"map(tofrom: a)",32768,32,132,1,3,472,0,29.742717743
1,"map(tofrom: a)",32768,32,132,1,3,7,0,29.850006104
1,"map(tofrom: a)",32768,32,132,1,3,1955,0,37.801265717
1,"map(tofrom: a)",32768,32,132,1,3,71,0,30.052661896
1,"map(tofrom: a)",32768,32,132,1,3,183,0,29.850006104
1,"map(tofrom: a)",32768,32,132,1,3,8096,0,79.095363617
1,"map(tofrom: a)",32768,32,132,1,3,3140,0,46.503543854
1,"map(tofrom: a)",32768,32,132,1,4,472,0,29.802322388
1,"map(tofrom: a)",32768,32,132,1,4,71,0,29.850006104
1,"map(tofrom: a)",32768,32,132,1,4,1,0,29.945373535
1,"map(tofrom: a)",32768,32,132,1,4,11,0,29.802322388
1,"map(tofrom: a)",32768,32,132,1,4,4,0,29.945373535
1,"map(tofrom: a)",32768,32,132,1,4,3140,0,46.396255493
1,"map(tofrom: a)",32768,32,132,1,4,28,0,30.040740967
1,"map(tofrom: a)",32768,32,132,1,4,1218,0,38.099288940
1,"map(tofrom: a)",32768,32,132,1,4,2,0,29.850006104
1,"map(tofrom: a)",32768,32,132,1,4,183,0,29.754638672
1,"map(tofrom: a)",32768,32,132,1,4,5042,0,62.644481659
1,"map(tofrom: a)",32768,32,132,1,4,114,0,29.706954956
1,"map(tofrom: a)",32768,32,132,1,4,3,0,29.647350311
1,"map(tofrom: a)",32768,32,132,1,4,44,0,29.909610748
1,"map(tofrom: a)",32768,32,132,1,4,758,0,29.695034027
1,"map(tofrom: a)",32768,32,132,1,4,8096,0,79.059600830
1,"map(tofrom: a)",32768,32,132,1,4,1955,0,38.051605225
1,"map(tofrom: a)",32768,32,132,1,4,294,0,29.742717743
1,"map(tofrom: a)",32768,32,132,1,4,7,0,29.993057251
1,"map(tofrom: a)",32768,32,132,1,4,17,0,29.897689819
1,"map(tofrom: a)",65536,32,132,0,0,7,0,32.603740692
1,"map(tofrom: a)",65536,32,132,0,0,114,0,31.805038452
1,"map(tofrom: a)",65536,32,132,0,0,3,0,31.745433807
1,"map(tofrom: a)",65536,32,132,0,0,17,0,31.852722168
1,"map(tofrom: a)",65536,32,132,0,0,1,0,31.805038452
1,"map(tofrom: a)",65536,32,132,0,0,44,0,31.745433807
1,"map(tofrom: a)",65536,32,132,0,0,294,0,31.554698944
1,"map(tofrom: a)",65536,32,132,0,0,3140,0,48.005580902
1,"map(tofrom: a)",65536,32,132,0,0,4,0,31.650066376
1,"map(tofrom: a)",65536,32,132,0,0,1955,0,39.899349213
1,"map(tofrom: a)",65536,32,132,0,0,183,0,31.900405884
1,"map(tofrom: a)",65536,32,132,0,0,8096,0,81.050395966
1,"map(tofrom: a)",65536,32,132,0,0,758,0,31.507015228
1,"map(tofrom: a)",65536,32,132,0,0,71,0,31.709671021
1,"map(tofrom: a)",65536,32,132,0,0,2,0,31.650066376
1,"map(tofrom: a)",65536,32,132,0,0,11,0,31.805038452
1,"map(tofrom: a)",65536,32,132,0,0,28,0,31.960010529
1,"map(tofrom: a)",65536,32,132,0,0,5042,0,64.599514008
1,"map(tofrom: a)",65536,32,132,0,0,1218,0,40.245056152
1,"map(tofrom: a)",65536,32,132,0,0,472,0,32.055377960
1,"map(tofrom: a)",65536,32,132,0,1,4,0,31.709671021
1,"map(tofrom: a)",65536,32,132,0,1,1,0,31.495094299
1,"map(tofrom: a)",65536,32,132,0,1,17,0,31.602382660
1,"map(tofrom: a)",65536,32,132,0,1,28,0,31.554698944
1,"map(tofrom: a)",65536,32,132,0,1,11,0,31.697750092
1,"map(tofrom: a)",65536,32,132,0,1,3140,0,48.053264618
1,"map(tofrom: a)",65536,32,132,0,1,2,0,31.697750092
1,"map(tofrom: a)",65536,32,132,0,1,758,0,31.495094299
1,"map(tofrom: a)",65536,32,132,0,1,1218,0,39.803981781
1,"map(tofrom: a)",65536,32,132,0,1,44,0,31.900405884
1,"map(tofrom: a)",65536,32,132,0,1,71,0,31.757354736
1,"map(tofrom: a)",65536,32,132,0,1,114,0,31.590461731
1,"map(tofrom: a)",65536,32,132,0,1,294,0,31.995773315
1,"map(tofrom: a)",65536,32,132,0,1,7,0,31.495094299
1,"map(tofrom: a)",65536,32,132,0,1,183,0,31.805038452
1,"map(tofrom: a)",65536,32,132,0,1,8096,0,80.990791321
1,"map(tofrom: a)",65536,32,132,0,1,472,0,31.697750092
1,"map(tofrom: a)",65536,32,132,0,1,1955,0,39.649009705
1,"map(tofrom: a)",65536,32,132,0,1,3,0,31.602382660
1,"map(tofrom: a)",65536,32,132,0,1,5042,0,64.349174500
1,"map(tofrom: a)",65536,32,132,0,2,3,0,31.650066376
1,"map(tofrom: a)",65536,32,132,0,2,44,0,31.602382660
1,"map(tofrom: a)",65536,32,132,0,2,1,0,31.995773315
1,"map(tofrom: a)",65536,32,132,0,2,183,0,31.900405884
1,"map(tofrom: a)",65536,32,132,0,2,294,0,31.542778015
1,"map(tofrom: a)",65536,32,132,0,2,5042,0,64.003467560
1,"map(tofrom: a)",65536,32,132,0,2,7,0,31.602382660
1,"map(tofrom: a)",65536,32,132,0,2,8096,0,80.847740173
1,"map(tofrom: a)",65536,32,132,0,2,2,0,31.697750092
1,"map(tofrom: a)",65536,32,132,0,2,114,0,31.590461731
1,"map(tofrom: a)",65536,32,132,0,2,71,0,31.840801239
1,"map(tofrom: a)",65536,32,132,0,2,1955,0,40.006637573
1,"map(tofrom: a)",65536,32,132,0,2,17,0,31.650066376
1,"map(tofrom: a)",65536,32,132,0,2,472,0,31.650066376
1,"map(tofrom: a)",65536,32,132,0,2,11,0,31.602382660
1,"map(tofrom: a)",65536,32,132,0,2,1218,0,39.947032928
1,"map(tofrom: a)",65536,32,132,0,2,4,0,31.840801239
1,"map(tofrom: a)",65536,32,132,0,2,3140,0,48.208236694
1,"map(tofrom: a)",65536,32,132,0,2,758,0,31.793117523
1,"map(tofrom: a)",65536,32,132,0,2,28,0,31.602382660
1,"map(tofrom: a)",65536,32,132,0,3,11,0,31.745433807
1,"map(tofrom: a)",65536,32,132,0,3,4,0,31.900405884
1,"map(tofrom: a)",65536,32,132,0,3,5042,0,64.444541931
1,"map(tofrom: a)",65536,32,132,0,3,183,0,31.650066376
1,"map(tofrom: a)",65536,32,132,0,3,17,0,31.554698944
1,"map(tofrom: a)",65536,32,132,0,3,3,0,31.602382660
1,"map(tofrom: a)",65536,32,132,0,3,28,0,31.757354736
1,"map(tofrom: a)",65536,32,132,0,3,1218,0,39.696693420
1,"map(tofrom: a)",65536,32,132,0,3,114,0,31.650066376
1,"map(tofrom: a)",65536,32,132,0,3,758,0,31.542778015
1,"map(tofrom: a)",65536,32,132,0,3,1955,0,39.851665497
1,"map(tofrom: a)",65536,32,132,0,3,472,0,31.602382660
1,"map(tofrom: a)",65536,32,132,0,3,7,0,31.495094299
1,"map(tofrom: a)",65536,32,132,0,3,44,0,31.495094299
1,"map(tofrom: a)",65536,32,132,0,3,3140,0,47.898292542
1,"map(tofrom: a)",65536,32,132,0,3,8096,0,80.704689026
1,"map(tofrom: a)",65536,32,132,0,3,71,0,31.542778015
1,"map(tofrom: a)",65536,32,132,0,3,1,0,31.495094299
1,"map(tofrom: a)",65536,32,132,0,3,2,0,31.602382660
1,"map(tofrom: a)",65536,32,132,0,3,294,0,31.399726868
1,"map(tofrom: a)",65536,32,132,0,4,3,0,31.495094299
1,"map(tofrom: a)",65536,32,132,0,4,8096,0,80.645084381
1,"map(tofrom: a)",65536,32,132,0,4,1,0,31.459331512
1,"map(tofrom: a)",65536,32,132,0,4,28,0,31.602382660
1,"map(tofrom: a)",65536,32,132,0,4,17,0,31.495094299
1,"map(tofrom: a)",65536,32,132,0,4,5042,0,64.253807068
1,"map(tofrom: a)",65536,32,132,0,4,7,0,31.495094299
1,"map(tofrom: a)",65536,32,132,0,4,114,0,31.352043152
1,"map(tofrom: a)",65536,32,132,0,4,44,0,31.650066376
1,"map(tofrom: a)",65536,32,132,0,4,2,0,31.554698944
1,"map(tofrom: a)",65536,32,132,0,4,294,0,31.650066376
1,"map(tofrom: a)",65536,32,132,0,4,758,0,31.900405884
1,"map(tofrom: a)",65536,32,132,0,4,183,0,31.602382660
1,"map(tofrom: a)",65536,32,132,0,4,4,0,31.745433807
1,"map(tofrom: a)",65536,32,132,0,4,1218,0,39.696693420
1,"map(tofrom: a)",65536,32,132,0,4,71,0,31.805038452
1,"map(tofrom: a)",65536,32,132,0,4,1955,0,40.090084076
1,"map(tofrom: a)",65536,32,132,0,4,11,0,31.650066376
1,"map(tofrom: a)",65536,32,132,0,4,472,0,31.447410583
1,"map(tofrom: a)",65536,32,132,0,4,3140,0,47.802925110
1,"map(tofrom: a)",65536,32,132,1,0,2,0,31.507015228
1,"map(tofrom: a)",65536,32,132,1,0,4,0,31.650066376
1,"map(tofrom: a)",65536,32,132,1,0,472,0,31.554698944
1,"map(tofrom: a)",65536,32,132,1,0,3140,0,47.993659973
1,"map(tofrom: a)",65536,32,132,1,0,183,0,31.697750092
1,"map(tofrom: a)",65536,32,132,1,0,28,0,31.745433807
1,"map(tofrom: a)",65536,32,132,1,0,71,0,31.590461731
1,"map(tofrom: a)",65536,32,132,1,0,1218,0,39.756298065
1,"map(tofrom: a)",65536,32,132,1,0,294,0,31.399726868
1,"map(tofrom: a)",65536,32,132,1,0,1,0,31.650066376
1,"map(tofrom: a)",65536,32,132,1,0,7,0,31.709671021
1,"map(tofrom: a)",65536,32,132,1,0,1955,0,39.947032928
1,"map(tofrom: a)",65536,32,132,1,0,758,0,31.650066376
1,"map(tofrom: a)",65536,32,132,1,0,114,0,31.602382660
1,"map(tofrom: a)",65536,32,132,1,0,11,0,31.554698944
1,"map(tofrom: a)",65536,32,132,1,0,3,0,31.697750092
1,"map(tofrom: a)",65536,32,132,1,0,8096,0,80.847740173
1,"map(tofrom: a)",65536,32,132,1,0,44,0,31.852722168
1,"map(tofrom: a)",65536,32,132,1,0,17,0,31.650066376
1,"map(tofrom: a)",65536,32,132,1,0,5042,0,64.504146576
1,"map(tofrom: a)",65536,32,132,1,1,758,0,31.542778015
1,"map(tofrom: a)",65536,32,132,1,1,3,0,31.495094299
1,"map(tofrom: a)",65536,32,132,1,1,3140,0,48.005580902
1,"map(tofrom: a)",65536,32,132,1,1,1955,0,39.899349213
1,"map(tofrom: a)",65536,32,132,1,1,44,0,31.554698944
1,"map(tofrom: a)",65536,32,132,1,1,17,0,31.709671021
1,"map(tofrom: a)",65536,32,132,1,1,294,0,31.602382660
1,"map(tofrom: a)",65536,32,132,1,1,28,0,31.459331512
1,"map(tofrom: a)",65536,32,132,1,1,114,0,31.805038452
1,"map(tofrom: a)",65536,32,132,1,1,2,0,31.554698944
1,"map(tofrom: a)",65536,32,132,1,1,7,0,31.495094299
1,"map(tofrom: a)",65536,32,132,1,1,183,0,31.507015228
1,"map(tofrom: a)",65536,32,132,1,1,8096,0,80.859661102
1,"map(tofrom: a)",65536,32,132,1,1,11,0,31.149387360
1,"map(tofrom: a)",65536,32,132,1,1,1,0,31.399726868
1,"map(tofrom: a)",65536,32,132,1,1,1218,0,39.541721344
1,"map(tofrom: a)",65536,32,132,1,1,472,0,31.507015228
1,"map(tofrom: a)",65536,32,132,1,1,71,0,31.542778015
1,"map(tofrom: a)",65536,32,132,1,1,5042,0,64.051151276
1,"map(tofrom: a)",65536,32,132,1,1,4,0,31.697750092
1,"map(tofrom: a)",65536,32,132,1,2,2,0,31.399726868
1,"map(tofrom: a)",65536,32,132,1,2,71,0,31.697750092
1,"map(tofrom: a)",65536,32,132,1,2,17,0,31.757354736
1,"map(tofrom: a)",65536,32,132,1,2,472,0,31.447410583
1,"map(tofrom: a)",65536,32,132,1,2,5042,0,64.301490784
1,"map(tofrom: a)",65536,32,132,1,2,28,0,31.542778015
1,"map(tofrom: a)",65536,32,132,1,2,44,0,31.995773315
1,"map(tofrom: a)",65536,32,132,1,2,1218,0,39.899349213
1,"map(tofrom: a)",65536,32,132,1,2,4,0,31.507015228
1,"map(tofrom: a)",65536,32,132,1,2,1955,0,39.756298065
1,"map(tofrom: a)",65536,32,132,1,2,183,0,31.352043152
1,"map(tofrom: a)",65536,32,132,1,2,7,0,31.495094299
1,"map(tofrom: a)",65536,32,132,1,2,758,0,31.507015228
1,"map(tofrom: a)",65536,32,132,1,2,1,0,31.495094299
1,"map(tofrom: a)",65536,32,132,1,2,3140,0,47.850608826
1,"map(tofrom: a)",65536,32,132,1,2,8096,0,80.847740173
1,"map(tofrom: a)",65536,32,132,1,2,3,0,31.805038452
1,"map(tofrom: a)",65536,32,132,1,2,114,0,31.793117523
1,"map(tofrom: a)",65536,32,132,1,2,11,0,31.507015228
1,"map(tofrom: a)",65536,32,132,1,2,294,0,31.399726868
1,"map(tofrom: a)",65536,32,132,1,3,1,0,31.602382660
1,"map(tofrom: a)",65536,32,132,1,3,17,0,31.554698944
1,"map(tofrom: a)",65536,32,132,1,3,294,0,31.852722168
1,"map(tofrom: a)",65536,32,132,1,3,5042,0,64.408779144
1,"map(tofrom: a)",65536,32,132,1,3,114,0,31.399726868
1,"map(tofrom: a)",65536,32,132,1,3,28,0,31.542778015
1,"map(tofrom: a)",65536,32,132,1,3,1218,0,39.994716644
1,"map(tofrom: a)",65536,32,132,1,3,2,0,31.602382660
1,"map(tofrom: a)",65536,32,132,1,3,3,0,31.602382660
1,"map(tofrom: a)",65536,32,132,1,3,4,0,31.590461731
1,"map(tofrom: a)",65536,32,132,1,3,758,0,31.709671021
1,"map(tofrom: a)",65536,32,132,1,3,11,0,31.495094299
1,"map(tofrom: a)",65536,32,132,1,3,44,0,31.542778015
1,"map(tofrom: a)",65536,32,132,1,3,472,0,31.602382660
1,"map(tofrom: a)",65536,32,132,1,3,7,0,31.554698944
1,"map(tofrom: a)",65536,32,132,1,3,1955,0,39.851665497
1,"map(tofrom: a)",65536,32,132,1,3,71,0,31.650066376
1,"map(tofrom: a)",65536,32,132,1,3,183,0,31.495094299
1,"map(tofrom: a)",65536,32,132,1,3,8096,0,80.907344818
1,"map(tofrom: a)",65536,32,132,1,3,3140,0,47.850608826
1,"map(tofrom: a)",65536,32,132,1,4,472,0,31.495094299
1,"map(tofrom: a)",65536,32,132,1,4,71,0,31.507015228
1,"map(tofrom: a)",65536,32,132,1,4,1,0,31.650066376
1,"map(tofrom: a)",65536,32,132,1,4,11,0,31.852722168
1,"map(tofrom: a)",65536,32,132,1,4,4,0,31.554698944
1,"map(tofrom: a)",65536,32,132,1,4,3140,0,48.053264618
1,"map(tofrom: a)",65536,32,132,1,4,28,0,31.447410583
1,"map(tofrom: a)",65536,32,132,1,4,1218,0,39.803981781
1,"map(tofrom: a)",65536,32,132,1,4,2,0,31.554698944
1,"map(tofrom: a)",65536,32,132,1,4,183,0,31.602382660
1,"map(tofrom: a)",65536,32,132,1,4,5042,0,64.349174500
1,"map(tofrom: a)",65536,32,132,1,4,114,0,31.495094299
1,"map(tofrom: a)",65536,32,132,1,4,3,0,31.244754791
1,"map(tofrom: a)",65536,32,132,1,4,44,0,31.244754791
1,"map(tofrom: a)",65536,32,132,1,4,758,0,31.352043152
1,"map(tofrom: a)",65536,32,132,1,4,8096,0,80.657005310
1,"map(tofrom: a)",65536,32,132,1,4,1955,0,39.744377136
1,"map(tofrom: a)",65536,32,132,1,4,294,0,31.602382660
1,"map(tofrom: a)",65536,32,132,1,4,7,0,31.602382660
1,"map(tofrom: a)",65536,32,132,1,4,17,0,31.590461731
2,"map(to: a)",1,32,132,0,0,7,0,12.290477753
2,"map(to: a)",1,32,132,0,0,114,0,12.898445129
2,"map(to: a)",1,32,132,0,0,3,0,12.195110321
2,"map(to: a)",1,32,132,0,0,17,0,12.302398682
2,"map(to: a)",1,32,132,0,0,1,0,12.099742889
2,"map(to: a)",1,32,132,0,0,44,0,12.540817261
2,"map(to: a)",1,32,132,0,0,294,0,13.995170593
2,"map(to: a)",1,32,132,0,0,3140,0,33.342838287
2,"map(to: a)",1,32,132,0,0,4,0,12.242794037
2,"map(to: a)",1,32,132,0,0,1955,0,25.343894958
2,"map(to: a)",1,32,132,0,0,183,0,13.351440430
2,"map(to: a)",1,32,132,0,0,8096,0,66.041946411
2,"map(to: a)",1,32,132,0,0,758,0,17.404556274
2,"map(to: a)",1,32,132,0,0,71,0,12.743473053
2,"map(to: a)",1,32,132,0,0,2,0,12.052059174
2,"map(to: a)",1,32,132,0,0,11,0,12.195110321
2,"map(to: a)",1,32,132,0,0,28,0,12.290477753
2,"map(to: a)",1,32,132,0,0,5042,0,45.704841614
2,"map(to: a)",1,32,132,0,0,1218,0,20.301342010
2,"map(to: a)",1,32,132,0,0,472,0,15.199184418
2,"map(to: a)",1,32,132,0,1,4,0,12.552738190
2,"map(to: a)",1,32,132,0,1,1,0,12.099742889
2,"map(to: a)",1,32,132,0,1,17,0,12.350082397
2,"map(to: a)",1,32,132,0,1,28,0,12.254714966
2,"map(to: a)",1,32,132,0,1,11,0,12.290477753
2,"map(to: a)",1,32,132,0,1,3140,0,33.199787140
2,"map(to: a)",1,32,132,0,1,2,0,12.195110321
2,"map(to: a)",1,32,132,0,1,758,0,17.249584198
2,"map(to: a)",1,32,132,0,1,1218,0,20.241737366
2,"map(to: a)",1,32,132,0,1,44,0,12.600421906
2,"map(to: a)",1,32,132,0,1,71,0,12.707710266
2,"map(to: a)",1,32,132,0,1,114,0,13.005733490
2,"map(to: a)",1,32,132,0,1,294,0,14.293193817
2,"map(to: a)",1,32,132,0,1,7,0,12.290477753
2,"map(to: a)",1,32,132,0,1,183,0,13.399124146
2,"map(to: a)",1,32,132,0,1,8096,0,66.101551056
2,"map(to: a)",1,32,132,0,1,472,0,15.258789062
2,"map(to: a)",1,32,132,0,1,1955,0,25.260448456
2,"map(to: a)",1,32,132,0,1,3,0,12.147426605
2,"map(to: a)",1,32,132,0,1,5042,0,45.657157898
2,"map(to: a)",1,32,132,0,2,3,0,12.207031250
2,"map(to: a)",1,32,132,0,2,44,0,12.552738190
2,"map(to: a)",1,32,132,0,2,1,0,12.195110321
2,"map(to: a)",1,32,132,0,2,183,0,13.554096222
2,"map(to: a)",1,32,132,0,2,294,0,14.150142670
2,"map(to: a)",1,32,132,0,2,5042,0,45.692920685
2,"map(to: a)",1,32,132,0,2,7,0,12.302398682
2,"map(to: a)",1,32,132,0,2,8096,0,66.006183624
2,"map(to: a)",1,32,132,0,2,2,0,12.350082397
2,"map(to: a)",1,32,132,0,2,114,0,12.958049774
2,"map(to: a)",1,32,132,0,2,71,0,13.148784637
2,"map(to: a)",1,32,132,0,2,1955,0,25.558471680
2,"map(to: a)",1,32,132,0,2,17,0,12.302398682
2,"map(to: a)",1,32,132,0,2,472,0,15.258789062
2,"map(to: a)",1,32,132,0,2,11,0,12.242794037
2,"map(to: a)",1,32,132,0,2,1218,0,20.194053650
2,"map(to: a)",1,32,132,0,2,4,0,12.350082397
2,"map(to: a)",1,32,132,0,2,3140,0,33.152103424
2,"map(to: a)",1,32,132,0,2,758,0,17.249584198
2,"map(to: a)",1,32,132,0,2,28,0,12.302398682
2,"map(to: a)",1,32,132,0,3,11,0,12.147426605
2,"map(to: a)",1,32,132,0,3,4,0,12.207031250
2,"map(to: a)",1,32,132,0,3,5042,0,45.549869537
2,"map(to: a)",1,32,132,0,3,183,0,13.494491577
2,"map(to: a)",1,32,132,0,3,17,0,12.254714966
2,"map(to: a)",1,32,132,0,3,3,0,12.159347534
2,"map(to: a)",1,32,132,0,3,28,0,12.397766113
2,"map(to: a)",1,32,132,0,3,1218,0,20.456314087
2,"map(to: a)",1,32,132,0,3,114,0,12.707710266
2,"map(to: a)",1,32,132,0,3,758,0,17.154216766
2,"map(to: a)",1,32,132,0,3,1955,0,25.343894958
2,"map(to: a)",1,32,132,0,3,472,0,15.354156494
2,"map(to: a)",1,32,132,0,3,7,0,12.350082397
2,"map(to: a)",1,32,132,0,3,44,0,12.755393982
2,"map(to: a)",1,32,132,0,3,3140,0,33.104419708
2,"map(to: a)",1,32,132,0,3,8096,0,65.696239471
2,"map(to: a)",1,32,132,0,3,71,0,12.600421906
2,"map(to: a)",1,32,132,0,3,1,0,12.040138245
2,"map(to: a)",1,32,132,0,3,2,0,12.147426605
2,"map(to: a)",1,32,132,0,3,294,0,14.352798462
2,"map(to: a)",1,32,132,0,4,3,0,12.350082397
2,"map(to: a)",1,32,132,0,4,8096,0,65.803527832
2,"map(to: a)",1,32,132,0,4,1,0,12.242794037
2,"map(to: a)",1,32,132,0,4,28,0,12.457370758
2,"map(to: a)",1,32,132,0,4,17,0,12.397766113
2,"map(to: a)",1,32,132,0,4,5042,0,45.895576477
2,"map(to: a)",1,32,132,0,4,7,0,12.254714966
2,"map(to: a)",1,32,132,0,4,114,0,13.005733490
2,"map(to: a)",1,32,132,0,4,44,0,12.397766113
2,"map(to: a)",1,32,132,0,4,2,0,12.147426605
2,"map(to: a)",1,32,132,0,4,294,0,13.959407806
2,"map(to: a)",1,32,132,0,4,758,0,17.404556274
2,"map(to: a)",1,32,132,0,4,183,0,13.542175293
2,"map(to: a)",1,32,132,0,4,4,0,12.350082397
2,"map(to: a)",1,32,132,0,4,1218,0,20.539760590
2,"map(to: a)",1,32,132,0,4,71,0,12.755393982
2,"map(to: a)",1,32,132,0,4,1955,0,25.343894958
2,"map(to: a)",1,32,132,0,4,11,0,12.302398682
2,"map(to: a)",1,32,132,0,4,472,0,15.294551849
2,"map(to: a)",1,32,132,0,4,3140,0,33.092498779
2,"map(to: a)",1,32,132,1,0,2,0,12.052059174
2,"map(to: a)",1,32,132,1,0,4,0,12.302398682
2,"map(to: a)",1,32,132,1,0,472,0,15.151500702
2,"map(to: a)",1,32,132,1,0,3140,0,33.104419708
2,"map(to: a)",1,32,132,1,0,183,0,13.494491577
2,"map(to: a)",1,32,132,1,0,28,0,12.898445129
2,"map(to: a)",1,32,132,1,0,71,0,12.707710266
2,"map(to: a)",1,32,132,1,0,1218,0,20.396709442
2,"map(to: a)",1,32,132,1,0,294,0,14.245510101
2,"map(to: a)",1,32,132,1,0,1,0,12.099742889
2,"map(to: a)",1,32,132,1,0,7,0,12.254714966
2,"map(to: a)",1,32,132,1,0,1955,0,25.248527527
2,"map(to: a)",1,32,132,1,0,758,0,17.356872559
2,"map(to: a)",1,32,132,1,0,114,0,13.005733490
2,"map(to: a)",1,32,132,1,0,11,0,12.445449829
2,"map(to: a)",1,32,132,1,0,3,0,12.302398682
2,"map(to: a)",1,32,132,1,0,8096,0,65.696239471
2,"map(to: a)",1,32,132,1,0,44,0,12.695789337
2,"map(to: a)",1,32,132,1,0,17,0,12.457370758
2,"map(to: a)",1,32,132,1,0,5042,0,45.657157898
2,"map(to: a)",1,32,132,1,1,758,0,17.189979553
2,"map(to: a)",1,32,132,1,1,3,0,12.147426605
2,"map(to: a)",1,32,132,1,1,3140,0,33.652782440
2,"map(to: a)",1,32,132,1,1,1955,0,25.391578674
2,"map(to: a)",1,32,132,1,1,44,0,12.350082397
2,"map(to: a)",1,32,132,1,1,17,0,12.302398682
2,"map(to: a)",1,32,132,1,1,294,0,14.042854309
2,"map(to: a)",1,32,132,1,1,28,0,12.195110321
2,"map(to: a)",1,32,132,1,1,114,0,12.850761414
2,"map(to: a)",1,32,132,1,1,2,0,12.195110321
2,"map(to: a)",1,32,132,1,1,7,0,12.350082397
2,"map(to: a)",1,32,132,1,1,183,0,13.554096222
2,"map(to: a)",1,32,132,1,1,8096,0,65.946578979
2,"map(to: a)",1,32,132,1,1,11,0,12.552738190
2,"map(to: a)",1,32,132,1,1,1,0,12.207031250
2,"map(to: a)",1,32,132,1,1,1218,0,20.408630371
2,"map(to: a)",1,32,132,1,1,472,0,15.246868134
2,"map(to: a)",1,32,132,1,1,71,0,12.791156769
2,"map(to: a)",1,32,132,1,1,5042,0,46.098232269
2,"map(to: a)",1,32,132,1,1,4,0,12.302398682
2,"map(to: a)",1,32,132,1,2,2,0,12.147426605
2,"map(to: a)",1,32,132,1,2,71,0,12.910366058
2,"map(to: a)",1,32,132,1,2,17,0,12.302398682
2,"map(to: a)",1,32,132,1,2,472,0,15.449523926
2,"map(to: a)",1,32,132,1,2,5042,0,45.657157898
2,"map(to: a)",1,32,132,1,2,28,0,12.290477753
2,"map(to: a)",1,32,132,1,2,44,0,12.350082397
2,"map(to: a)",1,32,132,1,2,1218,0,20.349025726
2,"map(to: a)",1,32,132,1,2,4,0,12.350082397
2,"map(to: a)",1,32,132,1,2,1955,0,25.391578674
2,"map(to: a)",1,32,132,1,2,183,0,13.351440430
2,"map(to: a)",1,32,132,1,2,7,0,12.290477753
2,"map(to: a)",1,32,132,1,2,758,0,17.249584198
2,"map(to: a)",1,32,132,1,2,1,0,12.099742889
2,"map(to: a)",1,32,132,1,2,3140,0,33.009052277
2,"map(to: a)",1,32,132,1,2,8096,0,65.708160400
2,"map(to: a)",1,32,132,1,2,3,0,12.040138245
2,"map(to: a)",1,32,132,1,2,114,0,13.053417206
2,"map(to: a)",1,32,132,1,2,11,0,12.159347534
2,"map(to: a)",1,32,132,1,2,294,0,14.054775238
2,"map(to: a)",1,32,132,1,3,1,0,12.302398682
2,"map(to: a)",1,32,132,1,3,17,0,12.350082397
2,"map(to: a)",1,32,132,1,3,294,0,14.257431030
2,"map(to: a)",1,32,132,1,3,5042,0,45.752525330
2,"map(to: a)",1,32,132,1,3,114,0,12.898445129
2,"map(to: a)",1,32,132,1,3,28,0,12.445449829
2,"map(to: a)",1,32,132,1,3,1218,0,20.396709442
2,"map(to: a)",1,32,132,1,3,2,0,12.099742889
2,"map(to: a)",1,32,132,1,3,3,0,12.099742889
2,"map(to: a)",1,32,132,1,3,4,0,12.552738190
2,"map(to: a)",1,32,132,1,3,758,0,17.404556274
2,"map(to: a)",1,32,132,1,3,11,0,12.242794037
2,"map(to: a)",1,32,132,1,3,44,0,12.302398682
2,"map(to: a)",1,32,132,1,3,472,0,15.401840210
2,"map(to: a)",1,32,132,1,3,7,0,12.302398682
2,"map(to: a)",1,32,132,1,3,1955,0,25.749206543
2,"map(to: a)",1,32,132,1,3,71,0,12.803077698
2,"map(to: a)",1,32,132,1,3,183,0,13.697147369
2,"map(to: a)",1,32,132,1,3,8096,0,65.755844116
2,"map(to: a)",1,32,132,1,3,3140,0,33.092498779
2,"map(to: a)",1,32,132,1,4,472,0,15.449523926
2,"map(to: a)",1,32,132,1,4,71,0,12.648105621
2,"map(to: a)",1,32,132,1,4,1,0,12.195110321
2,"map(to: a)",1,32,132,1,4,11,0,12.302398682
2,"map(to: a)",1,32,132,1,4,4,0,12.350082397
2,"map(to: a)",1,32,132,1,4,3140,0,33.497810364
2,"map(to: a)",1,32,132,1,4,28,0,12.397766113
2,"map(to: a)",1,32,132,1,4,1218,0,20.503997803
2,"map(to: a)",1,32,132,1,4,2,0,12.052059174
2,"map(to: a)",1,32,132,1,4,183,0,13.339519501
2,"map(to: a)",1,32,132,1,4,5042,0,45.454502106
2,"map(to: a)",1,32,132,1,4,114,0,13.053417206
2,"map(to: a)",1,32,132,1,4,3,0,12.052059174
2,"map(to: a)",1,32,132,1,4,44,0,12.445449829
2,"map(to: a)",1,32,132,1,4,758,0,17.404556274
2,"map(to: a)",1,32,132,1,4,8096,0,65.898895264
2,"map(to: a)",1,32,132,1,4,1955,0,25.296211243
2,"map(to: a)",1,32,132,1,4,294,0,14.293193817
2,"map(to: a)",1,32,132,1,4,7,0,12.302398682
2,"map(to: a)",1,32,132,1,4,17,0,12.302398682
2,"map(to: a)",4,32,132,0,0,7,0,12.397766113
2,"map(to: a)",4,32,132,0,0,114,0,12.993812561
2,"map(to: a)",4,32,132,0,0,3,0,12.099742889
2,"map(to: a)",4,32,132,0,0,17,0,12.445449829
2,"map(to: a)",4,32,132,0,0,1,0,12.004375458
2,"map(to: a)",4,32,132,0,0,44,0,12.695789337
2,"map(to: a)",4,32,132,0,0,294,0,14.352798462
2,"map(to: a)",4,32,132,0,0,3140,0,33.199787140
2,"map(to: a)",4,32,132,0,0,4,0,12.302398682
2,"map(to: a)",4,32,132,0,0,1955,0,25.451183319
2,"map(to: a)",4,32,132,0,0,183,0,13.554096222
2,"map(to: a)",4,32,132,0,0,8096,0,65.791606903
2,"map(to: a)",4,32,132,0,0,758,0,17.297267914
2,"map(to: a)",4,32,132,0,0,71,0,12.803077698
2,"map(to: a)",4,32,132,0,0,2,0,12.159347534
2,"map(to: a)",4,32,132,0,0,11,0,12.302398682
2,"map(to: a)",4,32,132,0,0,28,0,12.350082397
2,"map(to: a)",4,32,132,0,0,5042,0,45.609474182
2,"map(to: a)",4,32,132,0,0,1218,0,20.349025726
2,"map(to: a)",4,32,132,0,0,472,0,15.294551849
2,"map(to: a)",4,32,132,0,1,4,0,12.254714966
2,"map(to: a)",4,32,132,0,1,1,0,12.147426605
2,"map(to: a)",4,32,132,0,1,17,0,12.350082397
2,"map(to: a)",4,32,132,0,1,28,0,12.254714966
2,"map(to: a)",4,32,132,0,1,11,0,12.254714966
2,"map(to: a)",4,32,132,0,1,3140,0,33.152103424
2,"map(to: a)",4,32,132,0,1,2,0,12.099742889
2,"map(to: a)",4,32,132,0,1,758,0,17.297267914
2,"map(to: a)",4,32,132,0,1,1218,0,20.301342010
2,"map(to: a)",4,32,132,0,1,44,0,12.505054474
2,"map(to: a)",4,32,132,0,1,71,0,12.552738190
2,"map(to: a)",4,32,132,0,1,114,0,12.898445129
2,"map(to: a)",4,32,132,0,1,294,0,14.102458954
2,"map(to: a)",4,32,132,0,1,7,0,12.052059174
2,"map(to: a)",4,32,132,0,1,183,0,13.399124146
2,"map(to: a)",4,32,132,0,1,8096,0,65.958499908
2,"map(to: a)",4,32,132,0,1,472,0,15.342235565
2,"map(to: a)",4,32,132,0,1,1955,0,25.200843811
2,"map(to: a)",4,32,132,0,1,3,0,12.052059174
2,"map(to: a)",4,32,132,0,1,5042,0,45.752525330
2,"map(to: a)",4,32,132,0,2,3,0,12.147426605
2,"map(to: a)",4,32,132,0,2,44,0,12.505054474
2,"map(to: a)",4,32,132,0,2,1,0,12.207031250
2,"map(to: a)",4,32,132,0,2,183,0,13.351440430
2,"map(to: a)",4,32,132,0,2,294,0,14.042854309
2,"map(to: a)",4,32,132,0,2,5042,0,45.597553253
2,"map(to: a)",4,32,132,0,2,7,0,12.159347534
2,"map(to: a)",4,32,132,0,2,8096,0,65.708160400
2,"map(to: a)",4,32,132,0,2,2,0,12.195110321
2,"map(to: a)",4,32,132,0,2,114,0,12.946128845
2,"map(to: a)",4,32,132,0,2,71,0,12.648105621
2,"map(to: a)",4,32,132,0,2,1955,0,25.391578674
2,"map(to: a)",4,32,132,0,2,17,0,12.254714966
2,"map(to: a)",4,32,132,0,2,472,0,15.342235565
2,"map(to: a)",4,32,132,0,2,11,0,12.755393982
2,"map(to: a)",4,32,132,0,2,1218,0,20.158290863
2,"map(to: a)",4,32,132,0,2,4,0,12.195110321
2,"map(to: a)",4,32,132,0,2,3140,0,33.247470856
2,"map(to: a)",4,32,132,0,2,758,0,17.297267914
2,"map(to: a)",4,32,132,0,2,28,0,12.302398682
2,"map(to: a)",4,32,132,0,3,11,0,12.350082397
2,"map(to: a)",4,32,132,0,3,4,0,12.147426605
2,"map(to: a)",4,32,132,0,3,5042,0,45.454502106
2,"map(to: a)",4,32,132,0,3,183,0,13.494491577
2,"map(to: a)",4,32,132,0,3,17,0,12.254714966
2,"map(to: a)",4,32,132,0,3,3,0,12.099742889
2,"map(to: a)",4,32,132,0,3,28,0,12.350082397
2,"map(to: a)",4,32,132,0,3,1218,0,20.444393158
2,"map(to: a)",4,32,132,0,3,114,0,12.803077698
2,"map(to: a)",4,32,132,0,3,758,0,17.094612122
2,"map(to: a)",4,32,132,0,3,1955,0,25.546550751
2,"map(to: a)",4,32,132,0,3,472,0,15.294551849
2,"map(to: a)",4,32,132,0,3,7,0,12.242794037
2,"map(to: a)",4,32,132,0,3,44,0,12.505054474
2,"map(to: a)",4,32,132,0,3,3140,0,33.247470856
2,"map(to: a)",4,32,132,0,3,8096,0,65.493583679
2,"map(to: a)",4,32,132,0,3,71,0,12.803077698
2,"map(to: a)",4,32,132,0,3,1,0,12.052059174
2,"map(to: a)",4,32,132,0,3,2,0,12.147426605
2,"map(to: a)",4,32,132,0,3,294,0,14.305114746
2,"map(to: a)",4,32,132,0,4,3,0,12.242794037
2,"map(to: a)",4,32,132,0,4,8096,0,65.600872040
2,"map(to: a)",4,32,132,0,4,1,0,12.099742889
2,"map(to: a)",4,32,132,0,4,28,0,12.302398682
2,"map(to: a)",4,32,132,0,4,17,0,12.099742889
2,"map(to: a)",4,32,132,0,4,5042,0,45.490264893
2,"map(to: a)",4,32,132,0,4,7,0,12.302398682
2,"map(to: a)",4,32,132,0,4,114,0,12.993812561
2,"map(to: a)",4,32,132,0,4,44,0,12.493133545
2,"map(to: a)",4,32,132,0,4,2,0,12.350082397
2,"map(to: a)",4,32,132,0,4,294,0,13.995170593
2,"map(to: a)",4,32,132,0,4,758,0,17.344951630
2,"map(to: a)",4,32,132,0,4,183,0,13.506412506
2,"map(to: a)",4,32,132,0,4,4,0,12.147426605
2,"map(to: a)",4,32,132,0,4,1218,0,20.647048950
2,"map(to: a)",4,32,132,0,4,71,0,12.600421906
2,"map(to: a)",4,32,132,0,4,1955,0,25.558471680
2,"map(to: a)",4,32,132,0,4,11,0,12.397766113
2,"map(to: a)",4,32,132,0,4,472,0,15.294551849
2,"map(to: a)",4,32,132,0,4,3140,0,33.593177795
2,"map(to: a)",4,32,132,1,0,2,0,12.052059174
2,"map(to: a)",4,32,132,1,0,4,0,11.944770813
2,"map(to: a)",4,32,132,1,0,472,0,15.354156494
2,"map(to: a)",4,32,132,1,0,3140,0,32.949447632
2,"map(to: a)",4,32,132,1,0,183,0,13.399124146
2,"map(to: a)",4,32,132,1,0,28,0,12.397766113
2,"map(to: a)",4,32,132,1,0,71,0,12.707710266
2,"map(to: a)",4,32,132,1,0,1218,0,20.408630371
2,"map(to: a)",4,32,132,1,0,294,0,14.257431030
2,"map(to: a)",4,32,132,1,0,1,0,12.195110321
2,"map(to: a)",4,32,132,1,0,7,0,12.397766113
2,"map(to: a)",4,32,132,1,0,1955,0,25.439262390
2,"map(to: a)",4,32,132,1,0,758,0,17.249584198
2,"map(to: a)",4,32,132,1,0,114,0,12.993812561
2,"map(to: a)",4,32,132,1,0,11,0,12.350082397
2,"map(to: a)",4,32,132,1,0,3,0,12.207031250
2,"map(to: a)",4,32,132,1,0,8096,0,65.553188324
2,"map(to: a)",4,32,132,1,0,44,0,12.350082397
2,"map(to: a)",4,32,132,1,0,17,0,12.242794037
2,"map(to: a)",4,32,132,1,0,5042,0,45.597553253
2,"map(to: a)",4,32,132,1,1,758,0,17.344951630
2,"map(to: a)",4,32,132,1,1,3,0,12.254714966
2,"map(to: a)",4,32,132,1,1,3140,0,33.056735992
2,"map(to: a)",4,32,132,1,1,1955,0,25.248527527
2,"map(to: a)",4,32,132,1,1,44,0,12.552738190
2,"map(to: a)",4,32,132,1,1,17,0,12.195110321
2,"map(to: a)",4,32,132,1,1,294,0,14.150142670
2,"map(to: a)",4,32,132,1,1,28,0,12.397766113
2,"map(to: a)",4,32,132,1,1,114,0,12.743473053
2,"map(to: a)",4,32,132,1,1,2,0,12.052059174
2,"map(to: a)",4,32,132,1,1,7,0,12.302398682
2,"map(to: a)",4,32,132,1,1,183,0,13.494491577
2,"map(to: a)",4,32,132,1,1,8096,0,65.946578979
2,"map(to: a)",4,32,132,1,1,11,0,12.207031250
2,"map(to: a)",4,32,132,1,1,1,0,12.004375458
2,"map(to: a)",4,32,132,1,1,1218,0,20.301342010
2,"map(to: a)",4,32,132,1,1,472,0,15.199184418
2,"map(to: a)",4,32,132,1,1,71,0,12.695789337
2,"map(to: a)",4,32,132,1,1,5042,0,45.549869537
2,"map(to: a)",4,32,132,1,1,4,0,12.600421906
2,"map(to: a)",4,32,132,1,2,2,0,12.147426605
2,"map(to: a)",4,32,132,1,2,71,0,12.648105621
2,"map(to: a)",4,32,132,1,2,17,0,12.302398682
2,"map(to: a)",4,32,132,1,2,472,0,15.556812286
2,"map(to: a)",4,32,132,1,2,5042,0,45.657157898
2,"map(to: a)",4,32,132,1,2,28,0,12.195110321
2,"map(to: a)",4,32,132,1,2,44,0,12.505054474
2,"map(to: a)",4,32,132,1,2,1218,0,20.444393158
2,"map(to: a)",4,32,132,1,2,4,0,12.242794037
2,"map(to: a)",4,32,132,1,2,1955,0,25.939941406
2,"map(to: a)",4,32,132,1,2,183,0,13.458728790
2,"map(to: a)",4,32,132,1,2,7,0,12.350082397
2,"map(to: a)",4,32,132,1,2,758,0,17.201900482
2,"map(to: a)",4,32,132,1,2,1,0,12.242794037
2,"map(to: a)",4,32,132,1,2,3140,0,32.901763916
2,"map(to: a)",4,32,132,1,2,8096,0,65.541267395
2,"map(to: a)",4,32,132,1,2,3,0,12.505054474
2,"map(to: a)",4,32,132,1,2,114,0,12.898445129
2,"map(to: a)",4,32,132,1,2,11,0,12.052059174
2,"map(to: a)",4,32,132,1,2,294,0,14.293193817
2,"map(to: a)",4,32,132,1,3,1,0,12.195110321
2,"map(to: a)",4,32,132,1,3,17,0,12.195110321
2,"map(to: a)",4,32,132,1,3,294,0,14.197826385
2,"map(to: a)",4,32,132,1,3,5042,0,45.752525330
2,"map(to: a)",4,32,132,1,3,114,0,12.898445129
2,"map(to: a)",4,32,132,1,3,28,0,12.350082397
2,"map(to: a)",4,32,132,1,3,1218,0,20.301342010
2,"map(to: a)",4,32,132,1,3,2,0,11.956691742
2,"map(to: a)",4,32,132,1,3,3,0,12.302398682
2,"map(to: a)",4,32,132,1,3,4,0,12.195110321
2,"map(to: a)",4,32,132,1,3,758,0,17.094612122
2,"map(to: a)",4,32,132,1,3,11,0,12.195110321
2,"map(to: a)",4,32,132,1,3,44,0,12.600421906
2,"map(to: a)",4,32,132,1,3,472,0,15.294551849
2,"map(to: a)",4,32,132,1,3,7,0,12.195110321
2,"map(to: a)",4,32,132,1,3,1955,0,25.594234467
2,"map(to: a)",4,32,132,1,3,71,0,12.648105621
2,"map(to: a)",4,32,132,1,3,183,0,13.303756714
2,"map(to: a)",4,32,132,1,3,8096,0,66.256523132
2,"map(to: a)",4,32,132,1,3,3140,0,33.557415009
2,"map(to: a)",4,32,132,1,4,472,0,15.246868134
2,"map(to: a)",4,32,132,1,4,71,0,12.695789337
2,"map(to: a)",4,32,132,1,4,1,0,12.099742889
2,"map(to: a)",4,32,132,1,4,11,0,12.302398682
2,"map(to: a)",4,32,132,1,4,4,0,12.254714966
2,"map(to: a)",4,32,132,1,4,3140,0,33.092498779
2,"map(to: a)",4,32,132,1,4,28,0,12.397766113
2,"map(to: a)",4,32,132,1,4,1218,0,20.253658295
2,"map(to: a)",4,32,132,1,4,2,0,12.457370758
2,"map(to: a)",4,32,132,1,4,183,0,13.148784637
2,"map(to: a)",4,32,132,1,4,5042,0,45.549869537
2,"map(to: a)",4,32,132,1,4,114,0,13.005733490
2,"map(to: a)",4,32,132,1,4,3,0,12.099742889
2,"map(to: a)",4,32,132,1,4,44,0,12.505054474
2,"map(to: a)",4,32,132,1,4,758,0,17.249584198
2,"map(to: a)",4,32,132,1,4,8096,0,65.696239471
2,"map(to: a)",4,32,132,1,4,1955,0,25.343894958
2,"map(to: a)",4,32,132,1,4,294,0,14.042854309
2,"map(to: a)",4,32,132,1,4,7,0,12.254714966
2,"map(to: a)",4,32,132,1,4,17,0,12.397766113
2,"map(to: a)",16,32,132,0,0,7,0,12.445449829
2,"map(to: a)",16,32,132,0,0,114,0,12.946128845
2,"map(to: a)",16,32,132,0,0,3,0,12.207031250
2,"map(to: a)",16,32,132,0,0,17,0,12.254714966
2,"map(to: a)",16,32,132,0,0,1,0,12.350082397
2,"map(to: a)",16,32,132,0,0,44,0,12.457370758
2,"map(to: a)",16,32,132,0,0,294,0,14.400482178
2,"map(to: a)",16,32,132,0,0,3140,0,33.593177795
2,"map(to: a)",16,32,132,0,0,4,0,12.397766113
2,"map(to: a)",16,32,132,0,0,1955,0,25.498867035
2,"map(to: a)",16,32,132,0,0,183,0,13.554096222
2,"map(to: a)",16,32,132,0,0,8096,0,66.053867340
2,"map(to: a)",16,32,132,0,0,758,0,17.404556274
2,"map(to: a)",16,32,132,0,0,71,0,12.743473053
2,"map(to: a)",16,32,132,0,0,2,0,12.242794037
2,"map(to: a)",16,32,132,0,0,11,0,12.302398682
2,"map(to: a)",16,32,132,0,0,28,0,12.505054474
2,"map(to: a)",16,32,132,0,0,5042,0,45.943260193
2,"map(to: a)",16,32,132,0,0,1218,0,20.599365234
2,"map(to: a)",16,32,132,0,0,472,0,15.354156494
2,"map(to: a)",16,32,132,0,1,4,0,12.302398682
2,"map(to: a)",16,32,132,0,1,1,0,12.302398682
2,"map(to: a)",16,32,132,0,1,17,0,12.350082397
2,"map(to: a)",16,32,132,0,1,28,0,12.505054474
2,"map(to: a)",16,32,132,0,1,11,0,12.552738190
2,"map(to: a)",16,32,132,0,1,3140,0,33.295154572
2,"map(to: a)",16,32,132,0,1,2,0,12.397766113
2,"map(to: a)",16,32,132,0,1,758,0,17.297267914
2,"map(to: a)",16,32,132,0,1,1218,0,20.551681519
2,"map(to: a)",16,32,132,0,1,44,0,12.540817261
2,"map(to: a)",16,32,132,0,1,71,0,12.803077698
2,"map(to: a)",16,32,132,0,1,114,0,13.053417206
2,"map(to: a)",16,32,132,0,1,294,0,14.150142670
2,"map(to: a)",16,32,132,0,1,7,0,12.397766113
2,"map(to: a)",16,32,132,0,1,183,0,13.852119446
2,"map(to: a)",16,32,132,0,1,8096,0,66.196918488
2,"map(to: a)",16,32,132,0,1,472,0,15.389919281
2,"map(to: a)",16,32,132,0,1,1955,0,25.701522827
2,"map(to: a)",16,32,132,0,1,3,0,12.147426605
2,"map(to: a)",16,32,132,0,1,5042,0,45.704841614
2,"map(to: a)",16,32,132,0,2,3,0,12.350082397
2,"map(to: a)",16,32,132,0,2,44,0,12.600421906
2,"map(to: a)",16,32,132,0,2,1,0,12.445449829
2,"map(to: a)",16,32,132,0,2,183,0,13.446807861
2,"map(to: a)",16,32,132,0,2,294,0,14.197826385
2,"map(to: a)",16,32,132,0,2,5042,0,45.847892761
2,"map(to: a)",16,32,132,0,2,7,0,12.397766113
2,"map(to: a)",16,32,132,0,2,8096,0,66.256523132
2,"map(to: a)",16,32,132,0,2,2,0,12.350082397
2,"map(to: a)",16,32,132,0,2,114,0,12.958049774
2,"map(to: a)",16,32,132,0,2,71,0,12.755393982
2,"map(to: a)",16,32,132,0,2,1955,0,25.498867035
2,"map(to: a)",16,32,132,0,2,17,0,12.350082397
2,"map(to: a)",16,32,132,0,2,472,0,15.342235565
2,"map(to: a)",16,32,132,0,2,11,0,12.302398682
2,"map(to: a)",16,32,132,0,2,1218,0,20.456314087
2,"map(to: a)",16,32,132,0,2,4,0,12.302398682
2,"map(to: a)",16,32,132,0,2,3140,0,33.307075500
2,"map(to: a)",16,32,132,0,2,758,0,17.201900482
2,"map(to: a)",16,32,132,0,2,28,0,12.397766113
2,"map(to: a)",16,32,132,0,3,11,0,12.242794037
2,"map(to: a)",16,32,132,0,3,4,0,12.397766113
2,"map(to: a)",16,32,132,0,3,5042,0,45.943260193
2,"map(to: a)",16,32,132,0,3,183,0,13.053417206
2,"map(to: a)",16,32,132,0,3,17,0,12.052059174
2,"map(to: a)",16,32,132,0,3,3,0,11.801719666
2,"map(to: a)",16,32,132,0,3,28,0,12.004375458
2,"map(to: a)",16,32,132,0,3,1218,0,19.955635071
2,"map(to: a)",16,32,132,0,3,114,0,12.648105621
2,"map(to: a)",16,32,132,0,3,758,0,16.891956329
2,"map(to: a)",16,32,132,0,3,1955,0,24.759769440
2,"map(to: a)",16,32,132,0,3,472,0,14.996528625
2,"map(to: a)",16,32,132,0,3,7,0,12.099742889
2,"map(to: a)",16,32,132,0,3,44,0,12.099742889
2,"map(to: a)",16,32,132,0,3,3140,0,32.651424408
2,"map(to: a)",16,32,132,0,3,8096,0,65.207481384
2,"map(to: a)",16,32,132,0,3,71,0,12.397766113
2,"map(to: a)",16,32,132,0,3,1,0,11.801719666
2,"map(to: a)",16,32,132,0,3,2,0,11.897087097
2,"map(to: a)",16,32,132,0,3,294,0,13.899803162
2,"map(to: a)",16,32,132,0,4,3,0,11.849403381
2,"map(to: a)",16,32,132,0,4,8096,0,65.100193024
2,"map(to: a)",16,32,132,0,4,1,0,11.801719666
2,"map(to: a)",16,32,132,0,4,28,0,12.052059174
2,"map(to: a)",16,32,132,0,4,17,0,12.004375458
2,"map(to: a)",16,32,132,0,4,5042,0,45.156478882
2,"map(to: a)",16,32,132,0,4,7,0,12.052059174
2,"map(to: a)",16,32,132,0,4,114,0,12.600421906
2,"map(to: a)",16,32,132,0,4,44,0,12.052059174
2,"map(to: a)",16,32,132,0,4,2,0,11.849403381
2,"map(to: a)",16,32,132,0,4,294,0,13.804435730
2,"map(to: a)",16,32,132,0,4,758,0,16.999244690
2,"map(to: a)",16,32,132,0,4,183,0,13.148784637
2,"map(to: a)",16,32,132,0,4,4,0,11.909008026
2,"map(to: a)",16,32,132,0,4,1218,0,20.051002502
2,"map(to: a)",16,32,132,0,4,71,0,12.409687042
2,"map(to: a)",16,32,132,0,4,1955,0,24.902820587
2,"map(to: a)",16,32,132,0,4,11,0,12.004375458
2,"map(to: a)",16,32,132,0,4,472,0,14.960765839
2,"map(to: a)",16,32,132,0,4,3140,0,32.651424408
2,"map(to: a)",16,32,132,1,0,2,0,11.897087097
2,"map(to: a)",16,32,132,1,0,4,0,11.849403381
2,"map(to: a)",16,32,132,1,0,472,0,14.948844910
2,"map(to: a)",16,32,132,1,0,3140,0,32.639503479
2,"map(to: a)",16,32,132,1,0,183,0,13.101100922
2,"map(to: a)",16,32,132,1,0,28,0,12.147426605
2,"map(to: a)",16,32,132,1,0,71,0,12.397766113
2,"map(to: a)",16,32,132,1,0,1218,0,20.039081573
2,"map(to: a)",16,32,132,1,0,294,0,13.852119446
2,"map(to: a)",16,32,132,1,0,1,0,11.801719666
2,"map(to: a)",16,32,132,1,0,7,0,11.956691742
2,"map(to: a)",16,32,132,1,0,1955,0,25.141239166
2,"map(to: a)",16,32,132,1,0,758,0,16.903877258
2,"map(to: a)",16,32,132,1,0,114,0,12.648105621
2,"map(to: a)",16,32,132,1,0,11,0,12.195110321
2,"map(to: a)",16,32,132,1,0,3,0,11.897087097
2,"map(to: a)",16,32,132,1,0,8096,0,65.147876740
2,"map(to: a)",16,32,132,1,0,44,0,12.099742889
2,"map(to: a)",16,32,132,1,0,17,0,12.052059174
2,"map(to: a)",16,32,132,1,0,5042,0,45.096874237
2,"map(to: a)",16,32,132,1,1,758,0,16.951560974
2,"map(to: a)",16,32,132,1,1,3,0,12.040138245
2,"map(to: a)",16,32,132,1,1,3140,0,33.044815063
2,"map(to: a)",16,32,132,1,1,1955,0,25.606155396
2,"map(to: a)",16,32,132,1,1,44,0,12.540817261
2,"map(to: a)",16,32,132,1,1,17,0,12.397766113
2,"map(to: a)",16,32,132,1,1,294,0,14.400482178
2,"map(to: a)",16,32,132,1,1,28,0,12.409687042
2,"map(to: a)",16,32,132,1,1,114,0,13.101100922
2,"map(to: a)",16,32,132,1,1,2,0,12.147426605
2,"map(to: a)",16,32,132,1,1,7,0,12.552738190
2,"map(to: a)",16,32,132,1,1,183,0,13.554096222
2,"map(to: a)",16,32,132,1,1,8096,0,65.946578979
2,"map(to: a)",16,32,132,1,1,11,0,12.302398682
2,"map(to: a)",16,32,132,1,1,1,0,12.147426605
2,"map(to: a)",16,32,132,1,1,1218,0,20.492076874
2,"map(to: a)",16,32,132,1,1,472,0,15.354156494
2,"map(to: a)",16,32,132,1,1,71,0,12.695789337
2,"map(to: a)",16,32,132,1,1,5042,0,45.800209045
2,"map(to: a)",16,32,132,1,1,4,0,12.350082397
2,"map(to: a)",16,32,132,1,2,2,0,12.195110321
2,"map(to: a)",16,32,132,1,2,71,0,12.850761414
2,"map(to: a)",16,32,132,1,2,17,0,12.350082397
2,"map(to: a)",16,32,132,1,2,472,0,15.449523926
2,"map(to: a)",16,32,132,1,2,5042,0,45.752525330
2,"map(to: a)",16,32,132,1,2,28,0,12.397766113
2,"map(to: a)",16,32,132,1,2,44,0,12.350082397
2,"map(to: a)",16,32,132,1,2,1218,0,20.503997803
2,"map(to: a)",16,32,132,1,2,4,0,12.350082397
2,"map(to: a)",16,32,132,1,2,1955,0,25.641918182
2,"map(to: a)",16,32,132,1,2,183,0,13.446807861
2,"map(to: a)",16,32,132,1,2,7,0,12.350082397
2,"map(to: a)",16,32,132,1,2,758,0,17.392635345
2,"map(to: a)",16,32,132,1,2,1,0,12.207031250
2,"map(to: a)",16,32,132,1,2,3140,0,33.545494080
2,"map(to: a)",16,32,132,1,2,8096,0,66.006183624
2,"map(to: a)",16,32,132,1,2,3,0,12.600421906
2,"map(to: a)",16,32,132,1,2,114,0,13.101100922
2,"map(to: a)",16,32,132,1,2,11,0,12.302398682
2,"map(to: a)",16,32,132,1,2,294,0,14.197826385
2,"map(to: a)",16,32,132,1,3,1,0,12.540817261
2,"map(to: a)",16,32,132,1,3,17,0,12.290477753
2,"map(to: a)",16,32,132,1,3,294,0,14.245510101
2,"map(to: a)",16,32,132,1,3,5042,0,45.955181122
2,"map(to: a)",16,32,132,1,3,114,0,13.089179993
2,"map(to: a)",16,32,132,1,3,28,0,12.552738190
2,"map(to: a)",16,32,132,1,3,1218,0,20.301342010
2,"map(to: a)",16,32,132,1,3,2,0,12.099742889
2,"map(to: a)",16,32,132,1,3,3,0,12.242794037
2,"map(to: a)",16,32,132,1,3,4,0,12.350082397
2,"map(to: a)",16,32,132,1,3,758,0,17.249584198
2,"map(to: a)",16,32,132,1,3,11,0,12.397766113
2,"map(to: a)",16,32,132,1,3,44,0,12.588500977
2,"map(to: a)",16,32,132,1,3,472,0,15.056133270
2,"map(to: a)",16,32,132,1,3,7,0,12.350082397
2,"map(to: a)",16,32,132,1,3,1955,0,25.355815887
2,"map(to: a)",16,32,132,1,3,71,0,12.695789337
2,"map(to: a)",16,32,132,1,3,183,0,13.697147369
2,"map(to: a)",16,32,132,1,3,8096,0,66.101551056
2,"map(to: a)",16,32,132,1,3,3140,0,33.307075500
2,"map(to: a)",16,32,132,1,4,472,0,15.449523926
2,"map(to: a)",16,32,132,1,4,71,0,12.946128845
2,"map(to: a)",16,32,132,1,4,1,0,12.350082397
2,"map(to: a)",16,32,132,1,4,11,0,12.350082397
2,"map(to: a)",16,32,132,1,4,4,0,12.302398682
2,"map(to: a)",16,32,132,1,4,3140,0,33.247470856
2,"map(to: a)",16,32,132,1,4,28,0,12.254714966
2,"map(to: a)",16,32,132,1,4,1218,0,20.241737366
2,"map(to: a)",16,32,132,1,4,2,0,12.052059174
2,"map(to: a)",16,32,132,1,4,183,0,13.458728790
2,"map(to: a)",16,32,132,1,4,5042,0,45.597553253
2,"map(to: a)",16,32,132,1,4,114,0,12.946128845
2,"map(to: a)",16,32,132,1,4,3,0,12.242794037
2,"map(to: a)",16,32,132,1,4,44,0,12.302398682
2,"map(to: a)",16,32,132,1,4,758,0,17.297267914
2,"map(to: a)",16,32,132,1,4,8096,0,65.851211548
2,"map(to: a)",16,32,132,1,4,1955,0,25.606155396
2,"map(to: a)",16,32,132,1,4,294,0,14.197826385
2,"map(to: a)",16,32,132,1,4,7,0,12.242794037
2,"map(to: a)",16,32,132,1,4,17,0,12.397766113
2,"map(to: a)",64,32,132,0,0,7,0,12.397766113
2,"map(to: a)",64,32,132,0,0,114,0,13.303756714
2,"map(to: a)",64,32,132,0,0,3,0,12.290477753
2,"map(to: a)",64,32,132,0,0,17,0,12.254714966
2,"map(to: a)",64,32,132,0,0,1,0,12.648105621
2,"map(to: a)",64,32,132,0,0,44,0,12.600421906
2,"map(to: a)",64,32,132,0,0,294,0,14.197826385
2,"map(to: a)",64,32,132,0,0,3140,0,33.152103424
2,"map(to: a)",64,32,132,0,0,4,0,12.290477753
2,"map(to: a)",64,32,132,0,0,1955,0,25.451183319
2,"map(to: a)",64,32,132,0,0,183,0,13.399124146
2,"map(to: a)",64,32,132,0,0,8096,0,65.946578979
2,"map(to: a)",64,32,132,0,0,758,0,17.452239990
2,"map(to: a)",64,32,132,0,0,71,0,12.743473053
2,"map(to: a)",64,32,132,0,0,2,0,12.254714966
2,"map(to: a)",64,32,132,0,0,11,0,12.302398682
2,"map(to: a)",64,32,132,0,0,28,0,12.350082397
2,"map(to: a)",64,32,132,0,0,5042,0,45.800209045
2,"map(to: a)",64,32,132,0,0,1218,0,20.599365234
2,"map(to: a)",64,32,132,0,0,472,0,15.401840210
2,"map(to: a)",64,32,132,0,1,4,0,12.350082397
2,"map(to: a)",64,32,132,0,1,1,0,12.207031250
2,"map(to: a)",64,32,132,0,1,17,0,12.195110321
2,"map(to: a)",64,32,132,0,1,28,0,12.254714966
2,"map(to: a)",64,32,132,0,1,11,0,12.147426605
2,"map(to: a)",64,32,132,0,1,3140,0,33.307075500
2,"map(to: a)",64,32,132,0,1,2,0,12.457370758
2,"map(to: a)",64,32,132,0,1,758,0,17.201900482
2,"map(to: a)",64,32,132,0,1,1218,0,20.301342010
2,"map(to: a)",64,32,132,0,1,44,0,12.600421906
2,"map(to: a)",64,32,132,0,1,71,0,12.648105621
2,"map(to: a)",64,32,132,0,1,114,0,13.101100922
2,"map(to: a)",64,32,132,0,1,294,0,14.209747314
2,"map(to: a)",64,32,132,0,1,7,0,12.505054474
2,"map(to: a)",64,32,132,0,1,183,0,13.458728790
2,"map(to: a)",64,32,132,0,1,8096,0,65.851211548
2,"map(to: a)",64,32,132,0,1,472,0,15.246868134
2,"map(to: a)",64,32,132,0,1,1955,0,25.391578674
2,"map(to: a)",64,32,132,0,1,3,0,12.147426605
2,"map(to: a)",64,32,132,0,1,5042,0,45.847892761
2,"map(to: a)",64,32,132,0,2,3,0,12.099742889
2,"map(to: a)",64,32,132,0,2,44,0,12.695789337
2,"map(to: a)",64,32,132,0,2,1,0,12.254714966
2,"map(to: a)",64,32,132,0,2,183,0,13.291835785
2,"map(to: a)",64,32,132,0,2,294,0,14.245510101
2,"map(to: a)",64,32,132,0,2,5042,0,45.704841614
2,"map(to: a)",64,32,132,0,2,7,0,12.350082397
2,"map(to: a)",64,32,132,0,2,8096,0,65.791606903
2,"map(to: a)",64,32,132,0,2,2,0,12.207031250
2,"map(to: a)",64,32,132,0,2,114,0,12.850761414
2,"map(to: a)",64,32,132,0,2,71,0,12.850761414
2,"map(to: a)",64,32,132,0,2,1955,0,25.606155396
2,"map(to: a)",64,32,132,0,2,17,0,12.707710266
2,"map(to: a)",64,32,132,0,2,472,0,15.294551849
2,"map(to: a)",64,32,132,0,2,11,0,12.493133545
2,"map(to: a)",64,32,132,0,2,1218,0,20.396709442
2,"map(to: a)",64,32,132,0,2,4,0,12.350082397
2,"map(to: a)",64,32,132,0,2,3140,0,33.152103424
2,"map(to: a)",64,32,132,0,2,758,0,17.404556274
2,"map(to: a)",64,32,132,0,2,28,0,12.409687042
2,"map(to: a)",64,32,132,0,3,11,0,12.350082397
2,"map(to: a)",64,32,132,0,3,4,0,12.254714966
2,"map(to: a)",64,32,132,0,3,5042,0,45.955181122
2,"map(to: a)",64,32,132,0,3,183,0,13.494491577
2,"map(to: a)",64,32,132,0,3,17,0,12.350082397
2,"map(to: a)",64,32,132,0,3,3,0,12.195110321
2,"map(to: a)",64,32,132,0,3,28,0,12.457370758
2,"map(to: a)",64,32,132,0,3,1218,0,20.301342010
2,"map(to: a)",64,32,132,0,3,114,0,12.946128845
2,"map(to: a)",64,32,132,0,3,758,0,17.452239990
2,"map(to: a)",64,32,132,0,3,1955,0,25.498867035
2,"map(to: a)",64,32,132,0,3,472,0,15.449523926
2,"map(to: a)",64,32,132,0,3,7,0,12.207031250
2,"map(to: a)",64,32,132,0,3,44,0,12.397766113
2,"map(to: a)",64,32,132,0,3,3140,0,33.092498779
2,"map(to: a)",64,32,132,0,3,8096,0,66.351890564
2,"map(to: a)",64,32,132,0,3,71,0,12.648105621
2,"map(to: a)",64,32,132,0,3,1,0,12.397766113
2,"map(to: a)",64,32,132,0,3,2,0,12.254714966
2,"map(to: a)",64,32,132,0,3,294,0,14.209747314
2,"map(to: a)",64,32,132,0,4,3,0,12.397766113
2,"map(to: a)",64,32,132,0,4,8096,0,65.743923187
2,"map(to: a)",64,32,132,0,4,1,0,12.302398682
2,"map(to: a)",64,32,132,0,4,28,0,12.445449829
2,"map(to: a)",64,32,132,0,4,17,0,12.540817261
2,"map(to: a)",64,32,132,0,4,5042,0,46.050548553
2,"map(to: a)",64,32,132,0,4,7,0,12.397766113
2,"map(to: a)",64,32,132,0,4,114,0,13.148784637
2,"map(to: a)",64,32,132,0,4,44,0,12.445449829
2,"map(to: a)",64,32,132,0,4,2,0,12.147426605
2,"map(to: a)",64,32,132,0,4,294,0,14.197826385
2,"map(to: a)",64,32,132,0,4,758,0,17.249584198
2,"map(to: a)",64,32,132,0,4,183,0,13.589859009
2,"map(to: a)",64,32,132,0,4,4,0,12.302398682
2,"map(to: a)",64,32,132,0,4,1218,0,20.599365234
2,"map(to: a)",64,32,132,0,4,71,0,12.850761414
2,"map(to: a)",64,32,132,0,4,1955,0,25.498867035
2,"map(to: a)",64,32,132,0,4,11,0,12.195110321
2,"map(to: a)",64,32,132,0,4,472,0,15.354156494
2,"map(to: a)",64,32,132,0,4,3140,0,33.605098724
2,"map(to: a)",64,32,132,1,0,2,0,12.350082397
2,"map(to: a)",64,32,132,1,0,4,0,12.302398682
2,"map(to: a)",64,32,132,1,0,472,0,15.354156494
2,"map(to: a)",64,32,132,1,0,3140,0,33.104419708
2,"map(to: a)",64,32,132,1,0,183,0,13.494491577
2,"map(to: a)",64,32,132,1,0,28,0,12.552738190
2,"map(to: a)",64,32,132,1,0,71,0,12.755393982
2,"map(to: a)",64,32,132,1,0,1218,0,20.754337311
2,"map(to: a)",64,32,132,1,0,294,0,14.150142670
2,"map(to: a)",64,32,132,1,0,1,0,12.159347534
2,"map(to: a)",64,32,132,1,0,7,0,12.755393982
2,"map(to: a)",64,32,132,1,0,1955,0,25.451183319
2,"map(to: a)",64,32,132,1,0,758,0,17.249584198
2,"map(to: a)",64,32,132,1,0,114,0,13.208389282
2,"map(to: a)",64,32,132,1,0,11,0,12.254714966
2,"map(to: a)",64,32,132,1,0,3,0,12.350082397
2,"map(to: a)",64,32,132,1,0,8096,0,65.898895264
2,"map(to: a)",64,32,132,1,0,44,0,12.457370758
2,"map(to: a)",64,32,132,1,0,17,0,12.409687042
2,"map(to: a)",64,32,132,1,0,5042,0,45.549869537
2,"map(to: a)",64,32,132,1,1,758,0,17.249584198
2,"map(to: a)",64,32,132,1,1,3,0,12.302398682
2,"map(to: a)",64,32,132,1,1,3140,0,33.140182495
2,"map(to: a)",64,32,132,1,1,1955,0,25.653839111
2,"map(to: a)",64,32,132,1,1,44,0,12.445449829
2,"map(to: a)",64,32,132,1,1,17,0,12.445449829
2,"map(to: a)",64,32,132,1,1,294,0,14.245510101
2,"map(to: a)",64,32,132,1,1,28,0,12.445449829
2,"map(to: a)",64,32,132,1,1,114,0,12.993812561
2,"map(to: a)",64,32,132,1,1,2,0,12.147426605
2,"map(to: a)",64,32,132,1,1,7,0,12.350082397
2,"map(to: a)",64,32,132,1,1,183,0,13.399124146
2,"map(to: a)",64,32,132,1,1,8096,0,65.743923187
2,"map(to: a)",64,32,132,1,1,11,0,12.195110321
2,"map(to: a)",64,32,132,1,1,1,0,12.350082397
2,"map(to: a)",64,32,132,1,1,1218,0,20.301342010
2,"map(to: a)",64,32,132,1,1,472,0,15.449523926
2,"map(to: a)",64,32,132,1,1,71,0,12.743473053
2,"map(to: a)",64,32,132,1,1,5042,0,45.692920685
2,"map(to: a)",64,32,132,1,1,4,0,12.254714966
2,"map(to: a)",64,32,132,1,2,2,0,12.099742889
2,"map(to: a)",64,32,132,1,2,71,0,12.898445129
2,"map(to: a)",64,32,132,1,2,17,0,12.302398682
2,"map(to: a)",64,32,132,1,2,472,0,15.258789062
2,"map(to: a)",64,32,132,1,2,5042,0,45.847892761
2,"map(to: a)",64,32,132,1,2,28,0,12.350082397
2,"map(to: a)",64,32,132,1,2,44,0,12.648105621
2,"map(to: a)",64,32,132,1,2,1218,0,20.253658295
2,"map(to: a)",64,32,132,1,2,4,0,12.254714966
2,"map(to: a)",64,32,132,1,2,1955,0,25.844573975
2,"map(to: a)",64,32,132,1,2,183,0,13.554096222
2,"map(to: a)",64,32,132,1,2,7,0,12.445449829
2,"map(to: a)",64,32,132,1,2,758,0,17.547607422
2,"map(to: a)",64,32,132,1,2,1,0,12.397766113
2,"map(to: a)",64,32,132,1,2,3140,0,33.259391785
2,"map(to: a)",64,32,132,1,2,8096,0,66.006183624
2,"map(to: a)",64,32,132,1,2,3,0,12.254714966
2,"map(to: a)",64,32,132,1,2,114,0,12.850761414
2,"map(to: a)",64,32,132,1,2,11,0,12.397766113
2,"map(to: a)",64,32,132,1,2,294,0,14.209747314
2,"map(to: a)",64,32,132,1,3,1,0,12.302398682
2,"map(to: a)",64,32,132,1,3,17,0,12.350082397
2,"map(to: a)",64,32,132,1,3,294,0,14.400482178
2,"map(to: a)",64,32,132,1,3,5042,0,45.704841614
2,"map(to: a)",64,32,132,1,3,114,0,12.803077698
2,"map(to: a)",64,32,132,1,3,28,0,12.457370758
2,"map(to: a)",64,32,132,1,3,1218,0,20.456314087
2,"map(to: a)",64,32,132,1,3,2,0,12.147426605
2,"map(to: a)",64,32,132,1,3,3,0,12.254714966
2,"map(to: a)",64,32,132,1,3,4,0,12.254714966
2,"map(to: a)",64,32,132,1,3,758,0,17.201900482
2,"map(to: a)",64,32,132,1,3,11,0,12.207031250
2,"map(to: a)",64,32,132,1,3,44,0,12.397766113
2,"map(to: a)",64,32,132,1,3,472,0,15.449523926
2,"map(to: a)",64,32,132,1,3,7,0,12.290477753
2,"map(to: a)",64,32,132,1,3,1955,0,25.498867035
2,"map(to: a)",64,32,132,1,3,71,0,12.898445129
2,"map(to: a)",64,32,132,1,3,183,0,13.506412506
2,"map(to: a)",64,32,132,1,3,8096,0,65.994262695
2,"map(to: a)",64,32,132,1,3,3140,0,33.152103424
2,"map(to: a)",64,32,132,1,4,472,0,15.699863434
2,"map(to: a)",64,32,132,1,4,71,0,12.600421906
2,"map(to: a)",64,32,132,1,4,1,0,12.397766113
2,"map(to: a)",64,32,132,1,4,11,0,12.445449829
2,"map(to: a)",64,32,132,1,4,4,0,12.302398682
2,"map(to: a)",64,32,132,1,4,3140,0,33.199787140
2,"map(to: a)",64,32,132,1,4,28,0,12.397766113
2,"map(to: a)",64,32,132,1,4,1218,0,20.396709442
2,"map(to: a)",64,32,132,1,4,2,0,12.147426605
2,"map(to: a)",64,32,132,1,4,183,0,13.446807861
2,"map(to: a)",64,32,132,1,4,5042,0,45.609474182
2,"map(to: a)",64,32,132,1,4,114,0,13.244152069
2,"map(to: a)",64,32,132,1,4,3,0,12.397766113
2,"map(to: a)",64,32,132,1,4,44,0,12.397766113
2,"map(to: a)",64,32,132,1,4,758,0,17.201900482
2,"map(to: a)",64,32,132,1,4,8096,0,65.708160400
2,"map(to: a)",64,32,132,1,4,1955,0,25.296211243
2,"map(to: a)",64,32,132,1,4,294,0,14.352798462
2,"map(to: a)",64,32,132,1,4,7,0,12.350082397
2,"map(to: a)",64,32,132,1,4,17,0,12.457370758
2,"map(to: a)",256,32,132,0,0,7,0,12.946128845
2,"map(to: a)",256,32,132,0,0,114,0,13.649463654
2,"map(to: a)",256,32,132,0,0,3,0,12.791156769
2,"map(to: a)",256,32,132,0,0,17,0,12.946128845
2,"map(to: a)",256,32,132,0,0,1,0,12.898445129
2,"map(to: a)",256,32,132,0,0,44,0,13.148784637
2,"map(to: a)",256,32,132,0,0,294,0,14.841556549
2,"map(to: a)",256,32,132,0,0,3140,0,34.308433533
2,"map(to: a)",256,32,132,0,0,4,0,13.053417206
2,"map(to: a)",256,32,132,0,0,1955,0,26.142597198
2,"map(to: a)",256,32,132,0,0,183,0,14.710426331
2,"map(to: a)",256,32,132,0,0,8096,0,66.947937012
2,"map(to: a)",256,32,132,0,0,758,0,18.155574799
2,"map(to: a)",256,32,132,0,0,71,0,13.351440430
2,"map(to: a)",256,32,132,0,0,2,0,12.898445129
2,"map(to: a)",256,32,132,0,0,11,0,12.958049774
2,"map(to: a)",256,32,132,0,0,28,0,13.053417206
2,"map(to: a)",256,32,132,0,0,5042,0,46.741962433
2,"map(to: a)",256,32,132,0,0,1218,0,21.147727966
2,"map(to: a)",256,32,132,0,0,472,0,16.105175018
2,"map(to: a)",256,32,132,0,1,4,0,13.041496277
2,"map(to: a)",256,32,132,0,1,1,0,13.101100922
2,"map(to: a)",256,32,132,0,1,17,0,13.148784637
2,"map(to: a)",256,32,132,0,1,28,0,13.446807861
2,"map(to: a)",256,32,132,0,1,11,0,13.196468353
2,"map(to: a)",256,32,132,0,1,3140,0,34.451484680
2,"map(to: a)",256,32,132,0,1,2,0,13.005733490
2,"map(to: a)",256,32,132,0,1,758,0,18.346309662
2,"map(to: a)",256,32,132,0,1,1218,0,21.302700043
2,"map(to: a)",256,32,132,0,1,44,0,13.089179993
2,"map(to: a)",256,32,132,0,1,71,0,13.709068298
2,"map(to: a)",256,32,132,0,1,114,0,13.744831085
2,"map(to: a)",256,32,132,0,1,294,0,14.948844910
2,"map(to: a)",256,32,132,0,1,7,0,12.850761414
2,"map(to: a)",256,32,132,0,1,183,0,14.197826385
2,"map(to: a)",256,32,132,0,1,8096,0,66.745281219
2,"map(to: a)",256,32,132,0,1,472,0,16.140937805
2,"map(to: a)",256,32,132,0,1,1955,0,26.094913483
2,"map(to: a)",256,32,132,0,1,3,0,12.898445129
2,"map(to: a)",256,32,132,0,1,5042,0,46.300888062
2,"map(to: a)",256,32,132,0,2,3,0,12.803077698
2,"map(to: a)",256,32,132,0,2,44,0,13.101100922
2,"map(to: a)",256,32,132,0,2,1,0,12.743473053
2,"map(to: a)",256,32,132,0,2,183,0,14.257431030
2,"map(to: a)",256,32,132,0,2,294,0,15.199184418
2,"map(to: a)",256,32,132,0,2,5042,0,46.503543854
2,"map(to: a)",256,32,132,0,2,7,0,12.898445129
2,"map(to: a)",256,32,132,0,2,8096,0,66.697597504
2,"map(to: a)",256,32,132,0,2,2,0,12.803077698
2,"map(to: a)",256,32,132,0,2,114,0,14.007091522
2,"map(to: a)",256,32,132,0,2,71,0,13.446807861
2,"map(to: a)",256,32,132,0,2,1955,0,26.452541351
2,"map(to: a)",256,32,132,0,2,17,0,13.339519501
2,"map(to: a)",256,32,132,0,2,472,0,16.105175018
2,"map(to: a)",256,32,132,0,2,11,0,12.946128845
2,"map(to: a)",256,32,132,0,2,1218,0,21.338462830
2,"map(to: a)",256,32,132,0,2,4,0,12.993812561
2,"map(to: a)",256,32,132,0,2,3140,0,34.296512604
2,"map(to: a)",256,32,132,0,2,758,0,18.143653870
2,"map(to: a)",256,32,132,0,2,28,0,13.053417206
2,"map(to: a)",256,32,132,0,3,11,0,12.993812561
2,"map(to: a)",256,32,132,0,3,4,0,12.898445129
2,"map(to: a)",256,32,132,0,3,5042,0,47.051906586
2,"map(to: a)",256,32,132,0,3,183,0,14.054775238
2,"map(to: a)",256,32,132,0,3,17,0,12.850761414
2,"map(to: a)",256,32,132,0,3,3,0,12.850761414
2,"map(to: a)",256,32,132,0,3,28,0,12.838840485
2,"map(to: a)",256,32,132,0,3,1218,0,21.350383759
2,"map(to: a)",256,32,132,0,3,114,0,13.792514801
2,"map(to: a)",256,32,132,0,3,758,0,18.048286438
2,"map(to: a)",256,32,132,0,3,1955,0,25.999546051
2,"map(to: a)",256,32,132,0,3,472,0,16.248226166
2,"map(to: a)",256,32,132,0,3,7,0,13.053417206
2,"map(to: a)",256,32,132,0,3,44,0,13.101100922
2,"map(to: a)",256,32,132,0,3,3140,0,34.201145172
2,"map(to: a)",256,32,132,0,3,8096,0,66.399574280
2,"map(to: a)",256,32,132,0,3,71,0,13.303756714
2,"map(to: a)",256,32,132,0,3,1,0,13.005733490
2,"map(to: a)",256,32,132,0,3,2,0,12.958049774
2,"map(to: a)",256,32,132,0,3,294,0,14.948844910
2,"map(to: a)",256,32,132,0,4,3,0,12.910366058
2,"map(to: a)",256,32,132,0,4,8096,0,66.602230072
2,"map(to: a)",256,32,132,0,4,1,0,12.850761414
2,"map(to: a)",256,32,132,0,4,28,0,13.244152069
2,"map(to: a)",256,32,132,0,4,17,0,13.244152069
2,"map(to: a)",256,32,132,0,4,5042,0,46.598911285
2,"map(to: a)",256,32,132,0,4,7,0,12.850761414
2,"map(to: a)",256,32,132,0,4,114,0,13.446807861
2,"map(to: a)",256,32,132,0,4,44,0,13.351440430
2,"map(to: a)",256,32,132,0,4,2,0,12.743473053
2,"map(to: a)",256,32,132,0,4,294,0,14.698505402
2,"map(to: a)",256,32,132,0,4,758,0,17.952919006
2,"map(to: a)",256,32,132,0,4,183,0,14.102458954
2,"map(to: a)",256,32,132,0,4,4,0,12.898445129
2,"map(to: a)",256,32,132,0,4,1218,0,21.207332611
2,"map(to: a)",256,32,132,0,4,71,0,13.196468353
2,"map(to: a)",256,32,132,0,4,1955,0,26.297569275
2,"map(to: a)",256,32,132,0,4,11,0,13.053417206
2,"map(to: a)",256,32,132,0,4,472,0,15.950202942
2,"map(to: a)",256,32,132,0,4,3140,0,34.201145172
2,"map(to: a)",256,32,132,1,0,2,0,13.053417206
2,"map(to: a)",256,32,132,1,0,4,0,12.993812561
2,"map(to: a)",256,32,132,1,0,472,0,16.045570374
2,"map(to: a)",256,32,132,1,0,3140,0,33.652782440
2,"map(to: a)",256,32,132,1,0,183,0,13.995170593
2,"map(to: a)",256,32,132,1,0,28,0,13.399124146
2,"map(to: a)",256,32,132,1,0,71,0,13.446807861
2,"map(to: a)",256,32,132,1,0,1218,0,21.290779114
2,"map(to: a)",256,32,132,1,0,294,0,14.805793762
2,"map(to: a)",256,32,132,1,0,1,0,12.493133545
2,"map(to: a)",256,32,132,1,0,7,0,13.101100922
2,"map(to: a)",256,32,132,1,0,1955,0,26.202201843
2,"map(to: a)",256,32,132,1,0,758,0,17.845630646
2,"map(to: a)",256,32,132,1,0,114,0,13.601779938
2,"map(to: a)",256,32,132,1,0,11,0,13.101100922
2,"map(to: a)",256,32,132,1,0,3,0,13.208389282
2,"map(to: a)",256,32,132,1,0,8096,0,67.055225372
2,"map(to: a)",256,32,132,1,0,44,0,12.993812561
2,"map(to: a)",256,32,132,1,0,17,0,13.208389282
2,"map(to: a)",256,32,132,1,0,5042,0,46.300888062
2,"map(to: a)",256,32,132,1,1,758,0,18.250942230
2,"map(to: a)",256,32,132,1,1,3,0,12.898445129
2,"map(to: a)",256,32,132,1,1,3140,0,33.605098724
2,"map(to: a)",256,32,132,1,1,1955,0,26.142597198
2,"map(to: a)",256,32,132,1,1,44,0,13.196468353
2,"map(to: a)",256,32,132,1,1,17,0,13.148784637
2,"map(to: a)",256,32,132,1,1,294,0,15.008449554
2,"map(to: a)",256,32,132,1,1,28,0,13.101100922
2,"map(to: a)",256,32,132,1,1,114,0,13.554096222
2,"map(to: a)",256,32,132,1,1,2,0,13.053417206
2,"map(to: a)",256,32,132,1,1,7,0,12.898445129
2,"map(to: a)",256,32,132,1,1,183,0,14.197826385
2,"map(to: a)",256,32,132,1,1,8096,0,66.697597504
2,"map(to: a)",256,32,132,1,1,11,0,13.148784637
2,"map(to: a)",256,32,132,1,1,1,0,12.898445129
2,"map(to: a)",256,32,132,1,1,1218,0,21.398067474
2,"map(to: a)",256,32,132,1,1,472,0,16.558170319
2,"map(to: a)",256,32,132,1,1,71,0,13.351440430
2,"map(to: a)",256,32,132,1,1,5042,0,46.193599701
2,"map(to: a)",256,32,132,1,1,4,0,12.898445129
2,"map(to: a)",256,32,132,1,2,2,0,12.898445129
2,"map(to: a)",256,32,132,1,2,71,0,13.399124146
2,"map(to: a)",256,32,132,1,2,17,0,13.053417206
2,"map(to: a)",256,32,132,1,2,472,0,16.009807587
2,"map(to: a)",256,32,132,1,2,5042,0,46.455860138
2,"map(to: a)",256,32,132,1,2,28,0,12.850761414
2,"map(to: a)",256,32,132,1,2,44,0,13.399124146
2,"map(to: a)",256,32,132,1,2,1218,0,21.302700043
2,"map(to: a)",256,32,132,1,2,4,0,12.958049774
2,"map(to: a)",256,32,132,1,2,1955,0,26.202201843
2,"map(to: a)",256,32,132,1,2,183,0,14.293193817
2,"map(to: a)",256,32,132,1,2,7,0,13.148784637
2,"map(to: a)",256,32,132,1,2,758,0,17.797946930
2,"map(to: a)",256,32,132,1,2,1,0,12.600421906
2,"map(to: a)",256,32,132,1,2,3140,0,33.640861511
2,"map(to: a)",256,32,132,1,2,8096,0,66.602230072
2,"map(to: a)",256,32,132,1,2,3,0,12.850761414
2,"map(to: a)",256,32,132,1,2,114,0,13.709068298
2,"map(to: a)",256,32,132,1,2,11,0,12.803077698
2,"map(to: a)",256,32,132,1,2,294,0,15.151500702
2,"map(to: a)",256,32,132,1,3,1,0,13.148784637
2,"map(to: a)",256,32,132,1,3,17,0,13.005733490
2,"map(to: a)",256,32,132,1,3,294,0,14.996528625
2,"map(to: a)",256,32,132,1,3,5042,0,46.801567078
2,"map(to: a)",256,32,132,1,3,114,0,13.792514801
2,"map(to: a)",256,32,132,1,3,28,0,13.148784637
2,"map(to: a)",256,32,132,1,3,1218,0,21.207332611
2,"map(to: a)",256,32,132,1,3,2,0,13.160705566
2,"map(to: a)",256,32,132,1,3,3,0,12.946128845
2,"map(to: a)",256,32,132,1,3,4,0,12.993812561
2,"map(to: a)",256,32,132,1,3,758,0,17.952919006
2,"map(to: a)",256,32,132,1,3,11,0,13.053417206
2,"map(to: a)",256,32,132,1,3,44,0,13.351440430
2,"map(to: a)",256,32,132,1,3,472,0,15.950202942
2,"map(to: a)",256,32,132,1,3,7,0,13.196468353
2,"map(to: a)",256,32,132,1,3,1955,0,25.904178619
2,"map(to: a)",256,32,132,1,3,71,0,13.399124146
2,"map(to: a)",256,32,132,1,3,183,0,14.150142670
2,"map(to: a)",256,32,132,1,3,8096,0,66.542625427
2,"map(to: a)",256,32,132,1,3,3140,0,34.153461456
2,"map(to: a)",256,32,132,1,4,472,0,15.950202942
2,"map(to: a)",256,32,132,1,4,71,0,13.446807861
2,"map(to: a)",256,32,132,1,4,1,0,12.946128845
2,"map(to: a)",256,32,132,1,4,11,0,13.101100922
2,"map(to: a)",256,32,132,1,4,4,0,13.101100922
2,"map(to: a)",256,32,132,1,4,3140,0,33.950805664
2,"map(to: a)",256,32,132,1,4,28,0,13.256072998
2,"map(to: a)",256,32,132,1,4,1218,0,21.350383759
2,"map(to: a)",256,32,132,1,4,2,0,12.791156769
2,"map(to: a)",256,32,132,1,4,183,0,14.102458954
2,"map(to: a)",256,32,132,1,4,5042,0,46.408176422
2,"map(to: a)",256,32,132,1,4,114,0,13.589859009
2,"map(to: a)",256,32,132,1,4,3,0,13.005733490
2,"map(to: a)",256,32,132,1,4,44,0,12.993812561
2,"map(to: a)",256,32,132,1,4,758,0,18.048286438
2,"map(to: a)",256,32,132,1,4,8096,0,66.697597504
2,"map(to: a)",256,32,132,1,4,1955,0,26.249885559
2,"map(to: a)",256,32,132,1,4,294,0,14.996528625
2,"map(to: a)",256,32,132,1,4,7,0,13.291835785
2,"map(to: a)",256,32,132,1,4,17,0,13.005733490
2,"map(to: a)",1024,32,132,0,0,7,0,13.148784637
2,"map(to: a)",1024,32,132,0,0,114,0,13.554096222
2,"map(to: a)",1024,32,132,0,0,3,0,12.600421906
2,"map(to: a)",1024,32,132,0,0,17,0,12.898445129
2,"map(to: a)",1024,32,132,0,0,1,0,12.958049774
2,"map(to: a)",1024,32,132,0,0,44,0,13.041496277
2,"map(to: a)",1024,32,132,0,0,294,0,14.698505402
2,"map(to: a)",1024,32,132,0,0,3140,0,33.998489380
2,"map(to: a)",1024,32,132,0,0,4,0,12.803077698
2,"map(to: a)",1024,32,132,0,0,1955,0,26.392936707
2,"map(to: a)",1024,32,132,0,0,183,0,13.947486877
2,"map(to: a)",1024,32,132,0,0,8096,0,66.399574280
2,"map(to: a)",1024,32,132,0,0,758,0,18.048286438
2,"map(to: a)",1024,32,132,0,0,71,0,13.446807861
2,"map(to: a)",1024,32,132,0,0,2,0,12.695789337
2,"map(to: a)",1024,32,132,0,0,11,0,13.005733490
2,"map(to: a)",1024,32,132,0,0,28,0,13.101100922
2,"map(to: a)",1024,32,132,0,0,5042,0,46.503543854
2,"map(to: a)",1024,32,132,0,0,1218,0,21.350383759
2,"map(to: a)",1024,32,132,0,0,472,0,16.093254089
2,"map(to: a)",1024,32,132,0,1,4,0,12.850761414
2,"map(to: a)",1024,32,132,0,1,1,0,12.755393982
2,"map(to: a)",1024,32,132,0,1,17,0,13.005733490
2,"map(to: a)",1024,32,132,0,1,28,0,13.005733490
2,"map(to: a)",1024,32,132,0,1,11,0,12.898445129
2,"map(to: a)",1024,32,132,0,1,3140,0,34.141540527
2,"map(to: a)",1024,32,132,0,1,2,0,12.755393982
2,"map(to: a)",1024,32,132,0,1,758,0,18.000602722
2,"map(to: a)",1024,32,132,0,1,1218,0,21.195411682
2,"map(to: a)",1024,32,132,0,1,44,0,13.244152069
2,"map(to: a)",1024,32,132,0,1,71,0,13.196468353
2,"map(to: a)",1024,32,132,0,1,114,0,13.494491577
2,"map(to: a)",1024,32,132,0,1,294,0,14.698505402
2,"map(to: a)",1024,32,132,0,1,7,0,12.946128845
2,"map(to: a)",1024,32,132,0,1,183,0,13.947486877
2,"map(to: a)",1024,32,132,0,1,8096,0,66.745281219
2,"map(to: a)",1024,32,132,0,1,472,0,15.902519226
2,"map(to: a)",1024,32,132,0,1,1955,0,26.202201843
2,"map(to: a)",1024,32,132,0,1,3,0,12.803077698
2,"map(to: a)",1024,32,132,0,1,5042,0,46.753883362
2,"map(to: a)",1024,32,132,0,2,3,0,12.850761414
2,"map(to: a)",1024,32,132,0,2,44,0,13.053417206
2,"map(to: a)",1024,32,132,0,2,1,0,12.600421906
2,"map(to: a)",1024,32,132,0,2,183,0,14.102458954
2,"map(to: a)",1024,32,132,0,2,294,0,14.948844910
2,"map(to: a)",1024,32,132,0,2,5042,0,46.551227570
2,"map(to: a)",1024,32,132,0,2,7,0,12.946128845
2,"map(to: a)",1024,32,132,0,2,8096,0,66.649913788
2,"map(to: a)",1024,32,132,0,2,2,0,12.946128845
2,"map(to: a)",1024,32,132,0,2,114,0,13.494491577
2,"map(to: a)",1024,32,132,0,2,71,0,13.446807861
2,"map(to: a)",1024,32,132,0,2,1955,0,26.297569275
2,"map(to: a)",1024,32,132,0,2,17,0,12.946128845
2,"map(to: a)",1024,32,132,0,2,472,0,15.950202942
2,"map(to: a)",1024,32,132,0,2,11,0,12.803077698
2,"map(to: a)",1024,32,132,0,2,1218,0,21.350383759
2,"map(to: a)",1024,32,132,0,2,4,0,12.898445129
2,"map(to: a)",1024,32,132,0,2,3140,0,33.855438232
2,"map(to: a)",1024,32,132,0,2,758,0,18.143653870
2,"map(to: a)",1024,32,132,0,2,28,0,12.898445129
2,"map(to: a)",1024,32,132,0,3,11,0,12.850761414
2,"map(to: a)",1024,32,132,0,3,4,0,13.005733490
2,"map(to: a)",1024,32,132,0,3,5042,0,46.491622925
2,"map(to: a)",1024,32,132,0,3,183,0,14.054775238
2,"map(to: a)",1024,32,132,0,3,17,0,12.898445129
2,"map(to: a)",1024,32,132,0,3,3,0,12.743473053
2,"map(to: a)",1024,32,132,0,3,28,0,13.101100922
2,"map(to: a)",1024,32,132,0,3,1218,0,21.350383759
2,"map(to: a)",1024,32,132,0,3,114,0,13.542175293
2,"map(to: a)",1024,32,132,0,3,758,0,17.988681793
2,"map(to: a)",1024,32,132,0,3,1955,0,26.249885559
2,"map(to: a)",1024,32,132,0,3,472,0,15.950202942
2,"map(to: a)",1024,32,132,0,3,7,0,12.898445129
2,"map(to: a)",1024,32,132,0,3,44,0,13.101100922
2,"map(to: a)",1024,32,132,0,3,3140,0,34.296512604
2,"map(to: a)",1024,32,132,0,3,8096,0,66.649913788
2,"map(to: a)",1024,32,132,0,3,71,0,13.399124146
2,"map(to: a)",1024,32,132,0,3,1,0,12.755393982
2,"map(to: a)",1024,32,132,0,3,2,0,12.791156769
2,"map(to: a)",1024,32,132,0,3,294,0,14.650821686
2,"map(to: a)",1024,32,132,0,4,3,0,12.743473053
2,"map(to: a)",1024,32,132,0,4,8096,0,66.757202148
2,"map(to: a)",1024,32,132,0,4,1,0,12.743473053
2,"map(to: a)",1024,32,132,0,4,28,0,13.101100922
2,"map(to: a)",1024,32,132,0,4,17,0,12.910366058
2,"map(to: a)",1024,32,132,0,4,5042,0,46.598911285
2,"map(to: a)",1024,32,132,0,4,7,0,12.946128845
2,"map(to: a)",1024,32,132,0,4,114,0,13.649463654
2,"map(to: a)",1024,32,132,0,4,44,0,12.958049774
2,"map(to: a)",1024,32,132,0,4,2,0,12.803077698
2,"map(to: a)",1024,32,132,0,4,294,0,14.710426331
2,"map(to: a)",1024,32,132,0,4,758,0,17.952919006
2,"map(to: a)",1024,32,132,0,4,183,0,14.150142670
2,"map(to: a)",1024,32,132,0,4,4,0,12.600421906
2,"map(to: a)",1024,32,132,0,4,1218,0,21.350383759
2,"map(to: a)",1024,32,132,0,4,71,0,13.244152069
2,"map(to: a)",1024,32,132,0,4,1955,0,26.309490204
2,"map(to: a)",1024,32,132,0,4,11,0,13.005733490
2,"map(to: a)",1024,32,132,0,4,472,0,16.546249390
2,"map(to: a)",1024,32,132,0,4,3140,0,34.105777740
2,"map(to: a)",1024,32,132,1,0,2,0,12.993812561
2,"map(to: a)",1024,32,132,1,0,4,0,12.850761414
2,"map(to: a)",1024,32,132,1,0,472,0,15.902519226
2,"map(to: a)",1024,32,132,1,0,3140,0,34.296512604
2,"map(to: a)",1024,32,132,1,0,183,0,13.995170593
2,"map(to: a)",1024,32,132,1,0,28,0,13.005733490
2,"map(to: a)",1024,32,132,1,0,71,0,13.351440430
2,"map(to: a)",1024,32,132,1,0,1218,0,21.255016327
2,"map(to: a)",1024,32,132,1,0,294,0,14.746189117
2,"map(to: a)",1024,32,132,1,0,1,0,12.695789337
2,"map(to: a)",1024,32,132,1,0,7,0,12.803077698
2,"map(to: a)",1024,32,132,1,0,1955,0,26.154518127
2,"map(to: a)",1024,32,132,1,0,758,0,18.000602722
2,"map(to: a)",1024,32,132,1,0,114,0,13.446807861
2,"map(to: a)",1024,32,132,1,0,11,0,12.838840485
2,"map(to: a)",1024,32,132,1,0,3,0,12.755393982
2,"map(to: a)",1024,32,132,1,0,8096,0,66.542625427
2,"map(to: a)",1024,32,132,1,0,44,0,13.160705566
2,"map(to: a)",1024,32,132,1,0,17,0,13.053417206
2,"map(to: a)",1024,32,132,1,0,5042,0,47.099590302
2,"map(to: a)",1024,32,132,1,1,758,0,18.000602722
2,"map(to: a)",1024,32,132,1,1,3,0,12.743473053
2,"map(to: a)",1024,32,132,1,1,3140,0,34.201145172
2,"map(to: a)",1024,32,132,1,1,1955,0,26.500225067
2,"map(to: a)",1024,32,132,1,1,44,0,13.196468353
2,"map(to: a)",1024,32,132,1,1,17,0,13.005733490
2,"map(to: a)",1024,32,132,1,1,294,0,14.948844910
2,"map(to: a)",1024,32,132,1,1,28,0,13.053417206
2,"map(to: a)",1024,32,132,1,1,114,0,13.542175293
2,"map(to: a)",1024,32,132,1,1,2,0,12.850761414
2,"map(to: a)",1024,32,132,1,1,7,0,13.041496277
2,"map(to: a)",1024,32,132,1,1,183,0,14.150142670
2,"map(to: a)",1024,32,132,1,1,8096,0,66.757202148
2,"map(to: a)",1024,32,132,1,1,11,0,12.850761414
2,"map(to: a)",1024,32,132,1,1,1,0,12.743473053
2,"map(to: a)",1024,32,132,1,1,1218,0,21.159648895
2,"map(to: a)",1024,32,132,1,1,472,0,15.997886658
2,"map(to: a)",1024,32,132,1,1,71,0,13.804435730
2,"map(to: a)",1024,32,132,1,1,5042,0,46.992301941
2,"map(to: a)",1024,32,132,1,1,4,0,12.743473053
2,"map(to: a)",1024,32,132,1,2,2,0,12.803077698
2,"map(to: a)",1024,32,132,1,2,71,0,13.148784637
2,"map(to: a)",1024,32,132,1,2,17,0,13.053417206
2,"map(to: a)",1024,32,132,1,2,472,0,15.902519226
2,"map(to: a)",1024,32,132,1,2,5042,0,46.646595001
2,"map(to: a)",1024,32,132,1,2,28,0,13.101100922
2,"map(to: a)",1024,32,132,1,2,44,0,13.101100922
2,"map(to: a)",1024,32,132,1,2,1218,0,21.147727966
2,"map(to: a)",1024,32,132,1,2,4,0,12.743473053
2,"map(to: a)",1024,32,132,1,2,1955,0,26.297569275
2,"map(to: a)",1024,32,132,1,2,183,0,14.102458954
2,"map(to: a)",1024,32,132,1,2,7,0,12.898445129
2,"map(to: a)",1024,32,132,1,2,758,0,18.250942230
2,"map(to: a)",1024,32,132,1,2,1,0,12.850761414
2,"map(to: a)",1024,32,132,1,2,3140,0,34.046173096
2,"map(to: a)",1024,32,132,1,2,8096,0,66.411495209
2,"map(to: a)",1024,32,132,1,2,3,0,12.743473053
2,"map(to: a)",1024,32,132,1,2,114,0,13.446807861
2,"map(to: a)",1024,32,132,1,2,11,0,13.148784637
2,"map(to: a)",1024,32,132,1,2,294,0,14.603137970
2,"map(to: a)",1024,32,132,1,3,1,0,12.600421906
2,"map(to: a)",1024,32,132,1,3,17,0,13.208389282
2,"map(to: a)",1024,32,132,1,3,294,0,14.746189117
2,"map(to: a)",1024,32,132,1,3,5042,0,46.646595001
2,"map(to: a)",1024,32,132,1,3,114,0,13.554096222
2,"map(to: a)",1024,32,132,1,3,28,0,13.256072998
2,"map(to: a)",1024,32,132,1,3,1218,0,21.445751190
2,"map(to: a)",1024,32,132,1,3,2,0,12.803077698
2,"map(to: a)",1024,32,132,1,3,3,0,12.743473053
2,"map(to: a)",1024,32,132,1,3,4,0,12.803077698
2,"map(to: a)",1024,32,132,1,3,758,0,17.893314362
2,"map(to: a)",1024,32,132,1,3,11,0,12.993812561
2,"map(to: a)",1024,32,132,1,3,44,0,13.053417206
2,"map(to: a)",1024,32,132,1,3,472,0,15.902519226
2,"map(to: a)",1024,32,132,1,3,7,0,13.005733490
2,"map(to: a)",1024,32,132,1,3,1955,0,26.392936707
2,"map(to: a)",1024,32,132,1,3,71,0,13.256072998
2,"map(to: a)",1024,32,132,1,3,183,0,14.054775238
2,"map(to: a)",1024,32,132,1,3,8096,0,67.138671875
2,"map(to: a)",1024,32,132,1,3,3140,0,34.093856812
2,"map(to: a)",1024,32,132,1,4,472,0,16.152858734
2,"map(to: a)",1024,32,132,1,4,71,0,13.399124146
2,"map(to: a)",1024,32,132,1,4,1,0,12.791156769
2,"map(to: a)",1024,32,132,1,4,11,0,12.946128845
2,"map(to: a)",1024,32,132,1,4,4,0,12.993812561
2,"map(to: a)",1024,32,132,1,4,3140,0,34.201145172
2,"map(to: a)",1024,32,132,1,4,28,0,13.148784637
2,"map(to: a)",1024,32,132,1,4,1218,0,21.255016327
2,"map(to: a)",1024,32,132,1,4,2,0,12.803077698
2,"map(to: a)",1024,32,132,1,4,183,0,14.495849609
2,"map(to: a)",1024,32,132,1,4,5042,0,46.658515930
2,"map(to: a)",1024,32,132,1,4,114,0,13.458728790
2,"map(to: a)",1024,32,132,1,4,3,0,12.850761414
2,"map(to: a)",1024,32,132,1,4,44,0,13.053417206
2,"map(to: a)",1024,32,132,1,4,758,0,18.155574799
2,"map(to: a)",1024,32,132,1,4,8096,0,66.506862640
2,"map(to: a)",1024,32,132,1,4,1955,0,26.440620422
2,"map(to: a)",1024,32,132,1,4,294,0,14.805793762
2,"map(to: a)",1024,32,132,1,4,7,0,12.898445129
2,"map(to: a)",1024,32,132,1,4,17,0,13.148784637
2,"map(to: a)",4096,32,132,0,0,7,0,13.756752014
2,"map(to: a)",4096,32,132,0,0,114,0,14.543533325
2,"map(to: a)",4096,32,132,0,0,3,0,13.601779938
2,"map(to: a)",4096,32,132,0,0,17,0,13.756752014
2,"map(to: a)",4096,32,132,0,0,1,0,13.649463654
2,"map(to: a)",4096,32,132,0,0,44,0,13.852119446
2,"map(to: a)",4096,32,132,0,0,294,0,15.950202942
2,"map(to: a)",4096,32,132,0,0,3140,0,35.250186920
2,"map(to: a)",4096,32,132,0,0,4,0,13.840198517
2,"map(to: a)",4096,32,132,0,0,1955,0,27.346611023
2,"map(to: a)",4096,32,132,0,0,183,0,14.901161194
2,"map(to: a)",4096,32,132,0,0,8096,0,67.901611328
2,"map(to: a)",4096,32,132,0,0,758,0,18.954277039
2,"map(to: a)",4096,32,132,0,0,71,0,14.209747314
2,"map(to: a)",4096,32,132,0,0,2,0,13.601779938
2,"map(to: a)",4096,32,132,0,0,11,0,13.649463654
2,"map(to: a)",4096,32,132,0,0,28,0,13.756752014
2,"map(to: a)",4096,32,132,0,0,5042,0,47.600269318
2,"map(to: a)",4096,32,132,0,0,1218,0,22.351741791
2,"map(to: a)",4096,32,132,0,0,472,0,16.796588898
2,"map(to: a)",4096,32,132,0,1,4,0,13.649463654
2,"map(to: a)",4096,32,132,0,1,1,0,13.709068298
2,"map(to: a)",4096,32,132,0,1,17,0,13.744831085
2,"map(to: a)",4096,32,132,0,1,28,0,13.744831085
2,"map(to: a)",4096,32,132,0,1,11,0,13.852119446
2,"map(to: a)",4096,32,132,0,1,3140,0,35.393238068
2,"map(to: a)",4096,32,132,0,1,2,0,13.649463654
2,"map(to: a)",4096,32,132,0,1,758,0,18.846988678
2,"map(to: a)",4096,32,132,0,1,1218,0,22.399425507
2,"map(to: a)",4096,32,132,0,1,44,0,13.995170593
2,"map(to: a)",4096,32,132,0,1,71,0,14.197826385
2,"map(to: a)",4096,32,132,0,1,114,0,14.400482178
2,"map(to: a)",4096,32,132,0,1,294,0,15.652179718
2,"map(to: a)",4096,32,132,0,1,7,0,13.649463654
2,"map(to: a)",4096,32,132,0,1,183,0,14.841556549
2,"map(to: a)",4096,32,132,0,1,8096,0,67.794322968
2,"map(to: a)",4096,32,132,0,1,472,0,16.856193542
2,"map(to: a)",4096,32,132,0,1,1955,0,27.298927307
2,"map(to: a)",4096,32,132,0,1,3,0,13.756752014
2,"map(to: a)",4096,32,132,0,1,5042,0,47.695636749
2,"map(to: a)",4096,32,132,0,2,3,0,13.542175293
2,"map(to: a)",4096,32,132,0,2,44,0,13.852119446
2,"map(to: a)",4096,32,132,0,2,1,0,13.601779938
2,"map(to: a)",4096,32,132,0,2,183,0,14.853477478
2,"map(to: a)",4096,32,132,0,2,294,0,15.497207642
2,"map(to: a)",4096,32,132,0,2,5042,0,47.695636749
2,"map(to: a)",4096,32,132,0,2,7,0,13.649463654
2,"map(to: a)",4096,32,132,0,2,8096,0,67.746639252
2,"map(to: a)",4096,32,132,0,2,2,0,13.601779938
2,"map(to: a)",4096,32,132,0,2,114,0,14.257431030
2,"map(to: a)",4096,32,132,0,2,71,0,14.293193817
2,"map(to: a)",4096,32,132,0,2,1955,0,27.203559875
2,"map(to: a)",4096,32,132,0,2,17,0,13.649463654
2,"map(to: a)",4096,32,132,0,2,472,0,16.891956329
2,"map(to: a)",4096,32,132,0,2,11,0,13.709068298
2,"map(to: a)",4096,32,132,0,2,1218,0,22.459030151
2,"map(to: a)",4096,32,132,0,2,4,0,13.697147369
2,"map(to: a)",4096,32,132,0,2,3140,0,35.095214844
2,"map(to: a)",4096,32,132,0,2,758,0,18.846988678
2,"map(to: a)",4096,32,132,0,2,28,0,13.697147369
2,"map(to: a)",4096,32,132,0,3,11,0,13.697147369
2,"map(to: a)",4096,32,132,0,3,4,0,13.697147369
2,"map(to: a)",4096,32,132,0,3,5042,0,47.838687897
2,"map(to: a)",4096,32,132,0,3,183,0,14.901161194
2,"map(to: a)",4096,32,132,0,3,17,0,13.756752014
2,"map(to: a)",4096,32,132,0,3,3,0,13.852119446
2,"map(to: a)",4096,32,132,0,3,28,0,13.852119446
2,"map(to: a)",4096,32,132,0,3,1218,0,22.399425507
2,"map(to: a)",4096,32,132,0,3,114,0,14.352798462
2,"map(to: a)",4096,32,132,0,3,758,0,18.954277039
2,"map(to: a)",4096,32,132,0,3,1955,0,27.549266815
2,"map(to: a)",4096,32,132,0,3,472,0,16.808509827
2,"map(to: a)",4096,32,132,0,3,7,0,13.756752014
2,"map(to: a)",4096,32,132,0,3,44,0,14.007091522
2,"map(to: a)",4096,32,132,0,3,3140,0,35.345554352
2,"map(to: a)",4096,32,132,0,3,8096,0,67.794322968
2,"map(to: a)",4096,32,132,0,3,71,0,14.209747314
2,"map(to: a)",4096,32,132,0,3,1,0,13.601779938
2,"map(to: a)",4096,32,132,0,3,2,0,13.494491577
2,"map(to: a)",4096,32,132,0,3,294,0,15.544891357
2,"map(to: a)",4096,32,132,0,4,3,0,13.554096222
2,"map(to: a)",4096,32,132,0,4,8096,0,67.901611328
2,"map(to: a)",4096,32,132,0,4,1,0,13.756752014
2,"map(to: a)",4096,32,132,0,4,28,0,13.709068298
2,"map(to: a)",4096,32,132,0,4,17,0,13.756752014
2,"map(to: a)",4096,32,132,0,4,5042,0,47.659873962
2,"map(to: a)",4096,32,132,0,4,7,0,13.697147369
2,"map(to: a)",4096,32,132,0,4,114,0,14.400482178
2,"map(to: a)",4096,32,132,0,4,44,0,13.899803162
2,"map(to: a)",4096,32,132,0,4,2,0,13.601779938
2,"map(to: a)",4096,32,132,0,4,294,0,15.640258789
2,"map(to: a)",4096,32,132,0,4,758,0,18.954277039
2,"map(to: a)",4096,32,132,0,4,183,0,14.758110046
2,"map(to: a)",4096,32,132,0,4,4,0,13.756752014
2,"map(to: a)",4096,32,132,0,4,1218,0,22.351741791
2,"map(to: a)",4096,32,132,0,4,71,0,14.257431030
2,"map(to: a)",4096,32,132,0,4,1955,0,27.000904083
2,"map(to: a)",4096,32,132,0,4,11,0,13.756752014
2,"map(to: a)",4096,32,132,0,4,472,0,16.701221466
2,"map(to: a)",4096,32,132,0,4,3140,0,35.047531128
2,"map(to: a)",4096,32,132,1,0,2,0,13.744831085
2,"map(to: a)",4096,32,132,1,0,4,0,13.649463654
2,"map(to: a)",4096,32,132,1,0,472,0,16.748905182
2,"map(to: a)",4096,32,132,1,0,3140,0,35.345554352
2,"map(to: a)",4096,32,132,1,0,183,0,14.948844910
2,"map(to: a)",4096,32,132,1,0,28,0,13.899803162
2,"map(to: a)",4096,32,132,1,0,71,0,14.257431030
2,"map(to: a)",4096,32,132,1,0,1218,0,22.447109222
2,"map(to: a)",4096,32,132,1,0,294,0,15.497207642
2,"map(to: a)",4096,32,132,1,0,1,0,13.601779938
2,"map(to: a)",4096,32,132,1,0,7,0,13.804435730
2,"map(to: a)",4096,32,132,1,0,1955,0,27.406215668
2,"map(to: a)",4096,32,132,1,0,758,0,18.990039825
2,"map(to: a)",4096,32,132,1,0,114,0,14.305114746
2,"map(to: a)",4096,32,132,1,0,11,0,13.744831085
2,"map(to: a)",4096,32,132,1,0,3,0,13.649463654
2,"map(to: a)",4096,32,132,1,0,8096,0,67.794322968
2,"map(to: a)",4096,32,132,1,0,44,0,13.899803162
2,"map(to: a)",4096,32,132,1,0,17,0,13.852119446
2,"map(to: a)",4096,32,132,1,0,5042,0,47.743320465
2,"map(to: a)",4096,32,132,1,1,758,0,18.846988678
2,"map(to: a)",4096,32,132,1,1,3,0,13.792514801
2,"map(to: a)",4096,32,132,1,1,3140,0,35.095214844
2,"map(to: a)",4096,32,132,1,1,1955,0,27.453899384
2,"map(to: a)",4096,32,132,1,1,44,0,13.911724091
2,"map(to: a)",4096,32,132,1,1,17,0,13.744831085
2,"map(to: a)",4096,32,132,1,1,294,0,15.699863434
2,"map(to: a)",4096,32,132,1,1,28,0,13.804435730
2,"map(to: a)",4096,32,132,1,1,114,0,14.340877533
2,"map(to: a)",4096,32,132,1,1,2,0,13.649463654
2,"map(to: a)",4096,32,132,1,1,7,0,13.709068298
2,"map(to: a)",4096,32,132,1,1,183,0,14.853477478
2,"map(to: a)",4096,32,132,1,1,8096,0,67.746639252
2,"map(to: a)",4096,32,132,1,1,11,0,13.649463654
2,"map(to: a)",4096,32,132,1,1,1,0,13.542175293
2,"map(to: a)",4096,32,132,1,1,1218,0,22.602081299
2,"map(to: a)",4096,32,132,1,1,472,0,16.748905182
2,"map(to: a)",4096,32,132,1,1,71,0,14.042854309
2,"map(to: a)",4096,32,132,1,1,5042,0,47.695636749
2,"map(to: a)",4096,32,132,1,1,4,0,13.697147369
2,"map(to: a)",4096,32,132,1,2,2,0,13.601779938
2,"map(to: a)",4096,32,132,1,2,71,0,14.257431030
2,"map(to: a)",4096,32,132,1,2,17,0,13.709068298
2,"map(to: a)",4096,32,132,1,2,472,0,16.903877258
2,"map(to: a)",4096,32,132,1,2,5042,0,47.707557678
2,"map(to: a)",4096,32,132,1,2,28,0,13.792514801
2,"map(to: a)",4096,32,132,1,2,44,0,13.852119446
2,"map(to: a)",4096,32,132,1,2,1218,0,22.447109222
2,"map(to: a)",4096,32,132,1,2,4,0,13.601779938
2,"map(to: a)",4096,32,132,1,2,1955,0,27.501583099
2,"map(to: a)",4096,32,132,1,2,183,0,14.901161194
2,"map(to: a)",4096,32,132,1,2,7,0,13.744831085
2,"map(to: a)",4096,32,132,1,2,758,0,18.990039825
2,"map(to: a)",4096,32,132,1,2,1,0,13.601779938
2,"map(to: a)",4096,32,132,1,2,3140,0,35.250186920
2,"map(to: a)",4096,32,132,1,2,8096,0,67.794322968
2,"map(to: a)",4096,32,132,1,2,3,0,13.554096222
2,"map(to: a)",4096,32,132,1,2,114,0,14.352798462
2,"map(to: a)",4096,32,132,1,2,11,0,13.852119446
2,"map(to: a)",4096,32,132,1,2,294,0,15.449523926
2,"map(to: a)",4096,32,132,1,3,1,0,13.554096222
2,"map(to: a)",4096,32,132,1,3,17,0,13.649463654
2,"map(to: a)",4096,32,132,1,3,294,0,15.640258789
2,"map(to: a)",4096,32,132,1,3,5042,0,47.695636749
2,"map(to: a)",4096,32,132,1,3,114,0,14.352798462
2,"map(to: a)",4096,32,132,1,3,28,0,13.744831085
2,"map(to: a)",4096,32,132,1,3,1218,0,22.292137146
2,"map(to: a)",4096,32,132,1,3,2,0,13.494491577
2,"map(to: a)",4096,32,132,1,3,3,0,13.649463654
2,"map(to: a)",4096,32,132,1,3,4,0,13.649463654
2,"map(to: a)",4096,32,132,1,3,758,0,18.954277039
2,"map(to: a)",4096,32,132,1,3,11,0,13.697147369
2,"map(to: a)",4096,32,132,1,3,44,0,13.852119446
2,"map(to: a)",4096,32,132,1,3,472,0,16.701221466
2,"map(to: a)",4096,32,132,1,3,7,0,13.709068298
2,"map(to: a)",4096,32,132,1,3,1955,0,27.346611023
2,"map(to: a)",4096,32,132,1,3,71,0,14.102458954
2,"map(to: a)",4096,32,132,1,3,183,0,14.853477478
2,"map(to: a)",4096,32,132,1,3,8096,0,67.889690399
2,"map(to: a)",4096,32,132,1,3,3140,0,35.357475281
2,"map(to: a)",4096,32,132,1,4,472,0,16.796588898
2,"map(to: a)",4096,32,132,1,4,71,0,14.150142670
2,"map(to: a)",4096,32,132,1,4,1,0,13.744831085
2,"map(to: a)",4096,32,132,1,4,11,0,13.697147369
2,"map(to: a)",4096,32,132,1,4,4,0,13.697147369
2,"map(to: a)",4096,32,132,1,4,3140,0,35.250186920
2,"map(to: a)",4096,32,132,1,4,28,0,13.792514801
2,"map(to: a)",4096,32,132,1,4,1218,0,22.494792938
2,"map(to: a)",4096,32,132,1,4,2,0,13.649463654
2,"map(to: a)",4096,32,132,1,4,183,0,14.901161194
2,"map(to: a)",4096,32,132,1,4,5042,0,47.707557678
2,"map(to: a)",4096,32,132,1,4,114,0,14.400482178
2,"map(to: a)",4096,32,132,1,4,3,0,13.697147369
2,"map(to: a)",4096,32,132,1,4,44,0,13.804435730
2,"map(to: a)",4096,32,132,1,4,758,0,18.858909607
2,"map(to: a)",4096,32,132,1,4,8096,0,67.806243896
2,"map(to: a)",4096,32,132,1,4,1955,0,27.549266815
2,"map(to: a)",4096,32,132,1,4,294,0,15.497207642
2,"map(to: a)",4096,32,132,1,4,7,0,13.649463654
2,"map(to: a)",4096,32,132,1,4,17,0,13.756752014
2,"map(to: a)",8192,32,132,0,0,7,0,15.950202942
2,"map(to: a)",8192,32,132,0,0,114,0,16.593933105
2,"map(to: a)",8192,32,132,0,0,3,0,16.057491302
2,"map(to: a)",8192,32,132,0,0,17,0,15.902519226
2,"map(to: a)",8192,32,132,0,0,1,0,15.795230865
2,"map(to: a)",8192,32,132,0,0,44,0,16.057491302
2,"map(to: a)",8192,32,132,0,0,294,0,17.642974854
2,"map(to: a)",8192,32,132,0,0,3140,0,37.395954132
2,"map(to: a)",8192,32,132,0,0,4,0,15.854835510
2,"map(to: a)",8192,32,132,0,0,1955,0,29.790401459
2,"map(to: a)",8192,32,132,0,0,183,0,16.951560974
2,"map(to: a)",8192,32,132,0,0,8096,0,70.202350616
2,"map(to: a)",8192,32,132,0,0,758,0,21.290779114
2,"map(to: a)",8192,32,132,0,0,71,0,16.307830811
2,"map(to: a)",8192,32,132,0,0,2,0,15.842914581
2,"map(to: a)",8192,32,132,0,0,11,0,15.842914581
2,"map(to: a)",8192,32,132,0,0,28,0,16.009807587
2,"map(to: a)",8192,32,132,0,0,5042,0,50.210952759
2,"map(to: a)",8192,32,132,0,0,1218,0,25.045871735
2,"map(to: a)",8192,32,132,0,0,472,0,19.001960754
2,"map(to: a)",8192,32,132,0,1,4,0,15.890598297
2,"map(to: a)",8192,32,132,0,1,1,0,15.747547150
2,"map(to: a)",8192,32,132,0,1,17,0,15.807151794
2,"map(to: a)",8192,32,132,0,1,28,0,15.902519226
2,"map(to: a)",8192,32,132,0,1,11,0,15.699863434
2,"map(to: a)",8192,32,132,0,1,3140,0,37.550926208
2,"map(to: a)",8192,32,132,0,1,2,0,15.747547150
2,"map(to: a)",8192,32,132,0,1,758,0,21.255016327
2,"map(to: a)",8192,32,132,0,1,1218,0,24.604797363
2,"map(to: a)",8192,32,132,0,1,44,0,15.902519226
2,"map(to: a)",8192,32,132,0,1,71,0,16.355514526
2,"map(to: a)",8192,32,132,0,1,114,0,16.403198242
2,"map(to: a)",8192,32,132,0,1,294,0,17.595291138
2,"map(to: a)",8192,32,132,0,1,7,0,15.854835510
2,"map(to: a)",8192,32,132,0,1,183,0,16.999244690
2,"map(to: a)",8192,32,132,0,1,8096,0,70.202350616
2,"map(to: a)",8192,32,132,0,1,472,0,19.145011902
2,"map(to: a)",8192,32,132,0,1,1955,0,29.599666595
2,"map(to: a)",8192,32,132,0,1,3,0,15.997886658
2,"map(to: a)",8192,32,132,0,1,5042,0,50.055980682
2,"map(to: a)",8192,32,132,0,2,3,0,15.652179718
2,"map(to: a)",8192,32,132,0,2,44,0,15.902519226
2,"map(to: a)",8192,32,132,0,2,1,0,16.009807587
2,"map(to: a)",8192,32,132,0,2,183,0,16.999244690
2,"map(to: a)",8192,32,132,0,2,294,0,17.809867859
2,"map(to: a)",8192,32,132,0,2,5042,0,49.901008606
2,"map(to: a)",8192,32,132,0,2,7,0,15.950202942
2,"map(to: a)",8192,32,132,0,2,8096,0,70.095062256
2,"map(to: a)",8192,32,132,0,2,2,0,16.009807587
2,"map(to: a)",8192,32,132,0,2,114,0,16.450881958
2,"map(to: a)",8192,32,132,0,2,71,0,16.260147095
2,"map(to: a)",8192,32,132,0,2,1955,0,29.897689819
2,"map(to: a)",8192,32,132,0,2,17,0,15.902519226
2,"map(to: a)",8192,32,132,0,2,472,0,19.145011902
2,"map(to: a)",8192,32,132,0,2,11,0,15.842914581
2,"map(to: a)",8192,32,132,0,2,1218,0,24.652481079
2,"map(to: a)",8192,32,132,0,2,4,0,15.950202942
2,"map(to: a)",8192,32,132,0,2,3140,0,37.455558777
2,"map(to: a)",8192,32,132,0,2,758,0,21.255016327
2,"map(to: a)",8192,32,132,0,2,28,0,15.842914581
2,"map(to: a)",8192,32,132,0,3,11,0,15.902519226
2,"map(to: a)",8192,32,132,0,3,4,0,15.842914581
2,"map(to: a)",8192,32,132,0,3,5042,0,50.008296967
2,"map(to: a)",8192,32,132,0,3,183,0,16.951560974
2,"map(to: a)",8192,32,132,0,3,17,0,15.842914581
2,"map(to: a)",8192,32,132,0,3,3,0,15.747547150
2,"map(to: a)",8192,32,132,0,3,28,0,15.950202942
2,"map(to: a)",8192,32,132,0,3,1218,0,24.855136871
2,"map(to: a)",8192,32,132,0,3,114,0,16.403198242
2,"map(to: a)",8192,32,132,0,3,758,0,21.195411682
2,"map(to: a)",8192,32,132,0,3,1955,0,29.850006104
2,"map(to: a)",8192,32,132,0,3,472,0,19.407272339
2,"map(to: a)",8192,32,132,0,3,7,0,15.950202942
2,"map(to: a)",8192,32,132,0,3,44,0,15.902519226
2,"map(to: a)",8192,32,132,0,3,3140,0,37.598609924
2,"map(to: a)",8192,32,132,0,3,8096,0,70.059299469
2,"map(to: a)",8192,32,132,0,3,71,0,16.450881958
2,"map(to: a)",8192,32,132,0,3,1,0,15.759468079
2,"map(to: a)",8192,32,132,0,3,2,0,15.699863434
2,"map(to: a)",8192,32,132,0,3,294,0,17.857551575
2,"map(to: a)",8192,32,132,0,4,3,0,15.699863434
2,"map(to: a)",8192,32,132,0,4,8096,0,70.059299469
2,"map(to: a)",8192,32,132,0,4,1,0,15.950202942
2,"map(to: a)",8192,32,132,0,4,28,0,16.057491302
2,"map(to: a)",8192,32,132,0,4,17,0,15.842914581
2,"map(to: a)",8192,32,132,0,4,5042,0,49.901008606
2,"map(to: a)",8192,32,132,0,4,7,0,16.009807587
2,"map(to: a)",8192,32,132,0,4,114,0,16.546249390
2,"map(to: a)",8192,32,132,0,4,44,0,15.902519226
2,"map(to: a)",8192,32,132,0,4,2,0,15.842914581
2,"map(to: a)",8192,32,132,0,4,294,0,17.654895782
2,"map(to: a)",8192,32,132,0,4,758,0,21.457672119
2,"map(to: a)",8192,32,132,0,4,183,0,16.951560974
2,"map(to: a)",8192,32,132,0,4,4,0,15.747547150
2,"map(to: a)",8192,32,132,0,4,1218,0,25.188922882
2,"map(to: a)",8192,32,132,0,4,71,0,16.152858734
2,"map(to: a)",8192,32,132,0,4,1955,0,29.850006104
2,"map(to: a)",8192,32,132,0,4,11,0,15.842914581
2,"map(to: a)",8192,32,132,0,4,472,0,18.954277039
2,"map(to: a)",8192,32,132,0,4,3140,0,37.491321564
2,"map(to: a)",8192,32,132,1,0,2,0,15.652179718
2,"map(to: a)",8192,32,132,1,0,4,0,15.699863434
2,"map(to: a)",8192,32,132,1,0,472,0,19.049644470
2,"map(to: a)",8192,32,132,1,0,3140,0,37.646293640
2,"map(to: a)",8192,32,132,1,0,183,0,16.999244690
2,"map(to: a)",8192,32,132,1,0,28,0,15.854835510
2,"map(to: a)",8192,32,132,1,0,71,0,16.248226166
2,"map(to: a)",8192,32,132,1,0,1218,0,24.950504303
2,"map(to: a)",8192,32,132,1,0,294,0,17.595291138
2,"map(to: a)",8192,32,132,1,0,1,0,15.652179718
2,"map(to: a)",8192,32,132,1,0,7,0,15.842914581
2,"map(to: a)",8192,32,132,1,0,1955,0,29.754638672
2,"map(to: a)",8192,32,132,1,0,758,0,21.195411682
2,"map(to: a)",8192,32,132,1,0,114,0,16.450881958
2,"map(to: a)",8192,32,132,1,0,11,0,15.854835510
2,"map(to: a)",8192,32,132,1,0,3,0,15.747547150
2,"map(to: a)",8192,32,132,1,0,8096,0,69.856643677
2,"map(to: a)",8192,32,132,1,0,44,0,15.938282013
2,"map(to: a)",8192,32,132,1,0,17,0,15.997886658
2,"map(to: a)",8192,32,132,1,0,5042,0,50.103664398
2,"map(to: a)",8192,32,132,1,1,758,0,21.100044250
2,"map(to: a)",8192,32,132,1,1,3,0,15.699863434
2,"map(to: a)",8192,32,132,1,1,3140,0,37.705898285
2,"map(to: a)",8192,32,132,1,1,1955,0,29.754638672
2,"map(to: a)",8192,32,132,1,1,44,0,16.105175018
2,"map(to: a)",8192,32,132,1,1,17,0,15.890598297
2,"map(to: a)",8192,32,132,1,1,294,0,17.797946930
2,"map(to: a)",8192,32,132,1,1,28,0,15.795230865
2,"map(to: a)",8192,32,132,1,1,114,0,16.450881958
2,"map(to: a)",8192,32,132,1,1,2,0,15.699863434
2,"map(to: a)",8192,32,132,1,1,7,0,15.747547150
2,"map(to: a)",8192,32,132,1,1,183,0,16.999244690
2,"map(to: a)",8192,32,132,1,1,8096,0,70.095062256
2,"map(to: a)",8192,32,132,1,1,11,0,15.890598297
2,"map(to: a)",8192,32,132,1,1,1,0,15.747547150
2,"map(to: a)",8192,32,132,1,1,1218,0,24.652481079
2,"map(to: a)",8192,32,132,1,1,472,0,19.049644470
2,"map(to: a)",8192,32,132,1,1,71,0,16.343593597
2,"map(to: a)",8192,32,132,1,1,5042,0,50.055980682
2,"map(to: a)",8192,32,132,1,1,4,0,15.759468079
2,"map(to: a)",8192,32,132,1,2,2,0,15.747547150
2,"map(to: a)",8192,32,132,1,2,71,0,16.403198242
2,"map(to: a)",8192,32,132,1,2,17,0,15.890598297
2,"map(to: a)",8192,32,132,1,2,472,0,19.097328186
2,"map(to: a)",8192,32,132,1,2,5042,0,50.103664398
2,"map(to: a)",8192,32,132,1,2,28,0,15.950202942
2,"map(to: a)",8192,32,132,1,2,44,0,15.997886658
2,"map(to: a)",8192,32,132,1,2,1218,0,24.902820587
2,"map(to: a)",8192,32,132,1,2,4,0,15.795230865
2,"map(to: a)",8192,32,132,1,2,1955,0,29.659271240
2,"map(to: a)",8192,32,132,1,2,183,0,16.951560974
2,"map(to: a)",8192,32,132,1,2,7,0,15.699863434
2,"map(to: a)",8192,32,132,1,2,758,0,21.159648895
2,"map(to: a)",8192,32,132,1,2,1,0,15.699863434
2,"map(to: a)",8192,32,132,1,2,3140,0,37.503242493
2,"map(to: a)",8192,32,132,1,2,8096,0,70.452690125
2,"map(to: a)",8192,32,132,1,2,3,0,15.747547150
2,"map(to: a)",8192,32,132,1,2,114,0,16.450881958
2,"map(to: a)",8192,32,132,1,2,11,0,15.902519226
2,"map(to: a)",8192,32,132,1,2,294,0,17.690658569
2,"map(to: a)",8192,32,132,1,3,1,0,15.604496002
2,"map(to: a)",8192,32,132,1,3,17,0,15.795230865
2,"map(to: a)",8192,32,132,1,3,294,0,17.702579498
2,"map(to: a)",8192,32,132,1,3,5042,0,49.948692322
2,"map(to: a)",8192,32,132,1,3,114,0,16.355514526
2,"map(to: a)",8192,32,132,1,3,28,0,15.795230865
2,"map(to: a)",8192,32,132,1,3,1218,0,24.795532227
2,"map(to: a)",8192,32,132,1,3,2,0,15.795230865
2,"map(to: a)",8192,32,132,1,3,3,0,15.652179718
2,"map(to: a)",8192,32,132,1,3,4,0,15.854835510
2,"map(to: a)",8192,32,132,1,3,758,0,21.147727966
2,"map(to: a)",8192,32,132,1,3,11,0,15.795230865
2,"map(to: a)",8192,32,132,1,3,44,0,15.902519226
2,"map(to: a)",8192,32,132,1,3,472,0,18.954277039
2,"map(to: a)",8192,32,132,1,3,7,0,15.950202942
2,"map(to: a)",8192,32,132,1,3,1955,0,29.742717743
2,"map(to: a)",8192,32,132,1,3,71,0,16.307830811
2,"map(to: a)",8192,32,132,1,3,183,0,16.891956329
2,"map(to: a)",8192,32,132,1,3,8096,0,70.250034332
2,"map(to: a)",8192,32,132,1,3,3140,0,37.753582001
2,"map(to: a)",8192,32,132,1,4,472,0,19.049644470
2,"map(to: a)",8192,32,132,1,4,71,0,16.498565674
2,"map(to: a)",8192,32,132,1,4,1,0,15.807151794
2,"map(to: a)",8192,32,132,1,4,11,0,15.902519226
2,"map(to: a)",8192,32,132,1,4,4,0,15.795230865
2,"map(to: a)",8192,32,132,1,4,3140,0,37.705898285
2,"map(to: a)",8192,32,132,1,4,28,0,15.902519226
2,"map(to: a)",8192,32,132,1,4,1218,0,24.700164795
2,"map(to: a)",8192,32,132,1,4,2,0,15.747547150
2,"map(to: a)",8192,32,132,1,4,183,0,16.999244690
2,"map(to: a)",8192,32,132,1,4,5042,0,49.805641174
2,"map(to: a)",8192,32,132,1,4,114,0,16.498565674
2,"map(to: a)",8192,32,132,1,4,3,0,15.699863434
2,"map(to: a)",8192,32,132,1,4,44,0,15.890598297
2,"map(to: a)",8192,32,132,1,4,758,0,21.195411682
2,"map(to: a)",8192,32,132,1,4,8096,0,70.154666901
2,"map(to: a)",8192,32,132,1,4,1955,0,29.551982880
2,"map(to: a)",8192,32,132,1,4,294,0,17.654895782
2,"map(to: a)",8192,32,132,1,4,7,0,15.795230865
2,"map(to: a)",8192,32,132,1,4,17,0,15.795230865
2,"map(to: a)",16382,32,132,0,0,7,0,19.598007202
2,"map(to: a)",16382,32,132,0,0,114,0,20.253658295
2,"map(to: a)",16382,32,132,0,0,3,0,19.407272339
2,"map(to: a)",16382,32,132,0,0,17,0,19.502639771
2,"map(to: a)",16382,32,132,0,0,1,0,19.240379333
2,"map(to: a)",16382,32,132,0,0,44,0,19.454956055
2,"map(to: a)",16382,32,132,0,0,294,0,21.290779114
2,"map(to: a)",16382,32,132,0,0,3140,0,40.102005005
2,"map(to: a)",16382,32,132,0,0,4,0,19.145011902
2,"map(to: a)",16382,32,132,0,0,1955,0,32.496452332
2,"map(to: a)",16382,32,132,0,0,183,0,20.694732666
2,"map(to: a)",16382,32,132,0,0,8096,0,72.705745697
2,"map(to: a)",16382,32,132,0,0,758,0,24.354457855
2,"map(to: a)",16382,32,132,0,0,71,0,19.598007202
2,"map(to: a)",16382,32,132,0,0,2,0,19.299983978
2,"map(to: a)",16382,32,132,0,0,11,0,19.204616547
2,"map(to: a)",16382,32,132,0,0,28,0,19.299983978
2,"map(to: a)",16382,32,132,0,0,5042,0,52.547454834
2,"map(to: a)",16382,32,132,0,0,1218,0,27.501583099
2,"map(to: a)",16382,32,132,0,0,472,0,22.542476654
2,"map(to: a)",16382,32,132,0,1,4,0,19.109249115
2,"map(to: a)",16382,32,132,0,1,1,0,19.204616547
2,"map(to: a)",16382,32,132,0,1,17,0,19.204616547
2,"map(to: a)",16382,32,132,0,1,28,0,19.752979279
2,"map(to: a)",16382,32,132,0,1,11,0,19.204616547
2,"map(to: a)",16382,32,132,0,1,3140,0,40.352344513
2,"map(to: a)",16382,32,132,0,1,2,0,19.097328186
2,"map(to: a)",16382,32,132,0,1,758,0,24.509429932
2,"map(to: a)",16382,32,132,0,1,1218,0,27.549266815
2,"map(to: a)",16382,32,132,0,1,44,0,20.003318787
2,"map(to: a)",16382,32,132,0,1,71,0,19.705295563
2,"map(to: a)",16382,32,132,0,1,114,0,19.800662994
2,"map(to: a)",16382,32,132,0,1,294,0,21.243095398
2,"map(to: a)",16382,32,132,0,1,7,0,19.252300262
2,"map(to: a)",16382,32,132,0,1,183,0,20.492076874
2,"map(to: a)",16382,32,132,0,1,8096,0,72.598457336
2,"map(to: a)",16382,32,132,0,1,472,0,22.506713867
2,"map(to: a)",16382,32,132,0,1,1955,0,32.460689545
2,"map(to: a)",16382,32,132,0,1,3,0,19.109249115
2,"map(to: a)",16382,32,132,0,1,5042,0,52.750110626
2,"map(to: a)",16382,32,132,0,2,3,0,19.156932831
2,"map(to: a)",16382,32,132,0,2,44,0,19.145011902
2,"map(to: a)",16382,32,132,0,2,1,0,18.453598022
2,"map(to: a)",16382,32,132,0,2,183,0,19.752979279
2,"map(to: a)",16382,32,132,0,2,294,0,20.349025726
2,"map(to: a)",16382,32,132,0,2,5042,0,51.903724670
2,"map(to: a)",16382,32,132,0,2,7,0,18.751621246
2,"map(to: a)",16382,32,132,0,2,8096,0,72.252750397
2,"map(to: a)",16382,32,132,0,2,2,0,19.299983978
2,"map(to: a)",16382,32,132,0,2,114,0,20.003318787
2,"map(to: a)",16382,32,132,0,2,71,0,19.907951355
2,"map(to: a)",16382,32,132,0,2,1955,0,32.198429108
2,"map(to: a)",16382,32,132,0,2,17,0,19.204616547
2,"map(to: a)",16382,32,132,0,2,472,0,22.399425507
2,"map(to: a)",16382,32,132,0,2,11,0,19.204616547
2,"map(to: a)",16382,32,132,0,2,1218,0,27.501583099
2,"map(to: a)",16382,32,132,0,2,4,0,19.049644470
2,"map(to: a)",16382,32,132,0,2,3140,0,40.495395660
2,"map(to: a)",16382,32,132,0,2,758,0,24.354457855
2,"map(to: a)",16382,32,132,0,2,28,0,19.049644470
2,"map(to: a)",16382,32,132,0,3,11,0,19.097328186
2,"map(to: a)",16382,32,132,0,3,4,0,19.145011902
2,"map(to: a)",16382,32,132,0,3,5042,0,52.845478058
2,"map(to: a)",16382,32,132,0,3,183,0,20.706653595
2,"map(to: a)",16382,32,132,0,3,17,0,19.204616547
2,"map(to: a)",16382,32,132,0,3,3,0,19.252300262
2,"map(to: a)",16382,32,132,0,3,28,0,19.156932831
2,"map(to: a)",16382,32,132,0,3,1218,0,27.298927307
2,"map(to: a)",16382,32,132,0,3,114,0,19.943714142
2,"map(to: a)",16382,32,132,0,3,758,0,24.199485779
2,"map(to: a)",16382,32,132,0,3,1955,0,32.293796539
2,"map(to: a)",16382,32,132,0,3,472,0,22.304058075
2,"map(to: a)",16382,32,132,0,3,7,0,19.156932831
2,"map(to: a)",16382,32,132,0,3,44,0,19.490718842
2,"map(to: a)",16382,32,132,0,3,3140,0,40.340423584
2,"map(to: a)",16382,32,132,0,3,8096,0,72.598457336
2,"map(to: a)",16382,32,132,0,3,71,0,19.490718842
2,"map(to: a)",16382,32,132,0,3,1,0,19.395351410
2,"map(to: a)",16382,32,132,0,3,2,0,18.846988678
2,"map(to: a)",16382,32,132,0,3,294,0,21.350383759
2,"map(to: a)",16382,32,132,0,4,3,0,19.299983978
2,"map(to: a)",16382,32,132,0,4,8096,0,72.908401489
2,"map(to: a)",16382,32,132,0,4,1,0,19.145011902
2,"map(to: a)",16382,32,132,0,4,28,0,19.299983978
2,"map(to: a)",16382,32,132,0,4,17,0,19.443035126
2,"map(to: a)",16382,32,132,0,4,5042,0,52.750110626
2,"map(to: a)",16382,32,132,0,4,7,0,19.347667694
2,"map(to: a)",16382,32,132,0,4,114,0,20.205974579
2,"map(to: a)",16382,32,132,0,4,44,0,19.252300262
2,"map(to: a)",16382,32,132,0,4,2,0,18.894672394
2,"map(to: a)",16382,32,132,0,4,294,0,21.350383759
2,"map(to: a)",16382,32,132,0,4,758,0,24.354457855
2,"map(to: a)",16382,32,132,0,4,183,0,20.658969879
2,"map(to: a)",16382,32,132,0,4,4,0,19.049644470
2,"map(to: a)",16382,32,132,0,4,1218,0,27.656555176
2,"map(to: a)",16382,32,132,0,4,71,0,19.443035126
2,"map(to: a)",16382,32,132,0,4,1955,0,32.556056976
2,"map(to: a)",16382,32,132,0,4,11,0,19.145011902
2,"map(to: a)",16382,32,132,0,4,472,0,22.590160370
2,"map(to: a)",16382,32,132,0,4,3140,0,40.102005005
2,"map(to: a)",16382,32,132,1,0,2,0,19.395351410
2,"map(to: a)",16382,32,132,1,0,4,0,19.145011902
2,"map(to: a)",16382,32,132,1,0,472,0,22.351741791
2,"map(to: a)",16382,32,132,1,0,3140,0,40.090084076
2,"map(to: a)",16382,32,132,1,0,183,0,20.647048950
2,"map(to: a)",16382,32,132,1,0,28,0,18.954277039
2,"map(to: a)",16382,32,132,1,0,71,0,19.741058350
2,"map(to: a)",16382,32,132,1,0,1218,0,27.751922607
2,"map(to: a)",16382,32,132,1,0,294,0,21.243095398
2,"map(to: a)",16382,32,132,1,0,1,0,19.049644470
2,"map(to: a)",16382,32,132,1,0,7,0,19.240379333
2,"map(to: a)",16382,32,132,1,0,1955,0,32.448768616
2,"map(to: a)",16382,32,132,1,0,758,0,24.354457855
2,"map(to: a)",16382,32,132,1,0,114,0,19.943714142
2,"map(to: a)",16382,32,132,1,0,11,0,19.156932831
2,"map(to: a)",16382,32,132,1,0,3,0,19.049644470
2,"map(to: a)",16382,32,132,1,0,8096,0,72.598457336
2,"map(to: a)",16382,32,132,1,0,44,0,19.359588623
2,"map(to: a)",16382,32,132,1,0,17,0,19.502639771
2,"map(to: a)",16382,32,132,1,0,5042,0,52.797794342
2,"map(to: a)",16382,32,132,1,1,758,0,24.652481079
2,"map(to: a)",16382,32,132,1,1,3,0,19.145011902
2,"map(to: a)",16382,32,132,1,1,3140,0,40.292739868
2,"map(to: a)",16382,32,132,1,1,1955,0,32.806396484
2,"map(to: a)",16382,32,132,1,1,44,0,19.443035126
2,"map(to: a)",16382,32,132,1,1,17,0,19.502639771
2,"map(to: a)",16382,32,132,1,1,294,0,21.207332611
2,"map(to: a)",16382,32,132,1,1,28,0,19.049644470
2,"map(to: a)",16382,32,132,1,1,114,0,20.349025726
2,"map(to: a)",16382,32,132,1,1,2,0,19.145011902
2,"map(to: a)",16382,32,132,1,1,7,0,19.097328186
2,"map(to: a)",16382,32,132,1,1,183,0,20.742416382
2,"map(to: a)",16382,32,132,1,1,8096,0,73.003768921
2,"map(to: a)",16382,32,132,1,1,11,0,19.145011902
2,"map(to: a)",16382,32,132,1,1,1,0,19.001960754
2,"map(to: a)",16382,32,132,1,1,1218,0,27.441978455
2,"map(to: a)",16382,32,132,1,1,472,0,22.149085999
2,"map(to: a)",16382,32,132,1,1,71,0,19.991397858
2,"map(to: a)",16382,32,132,1,1,5042,0,52.750110626
2,"map(to: a)",16382,32,132,1,1,4,0,18.954277039
2,"map(to: a)",16382,32,132,1,2,2,0,18.990039825
2,"map(to: a)",16382,32,132,1,2,71,0,19.550323486
2,"map(to: a)",16382,32,132,1,2,17,0,19.192695618
2,"map(to: a)",16382,32,132,1,2,472,0,22.304058075
2,"map(to: a)",16382,32,132,1,2,5042,0,52.559375763
2,"map(to: a)",16382,32,132,1,2,28,0,19.299983978
2,"map(to: a)",16382,32,132,1,2,44,0,19.693374634
2,"map(to: a)",16382,32,132,1,2,1218,0,27.406215668
2,"map(to: a)",16382,32,132,1,2,4,0,19.097328186
2,"map(to: a)",16382,32,132,1,2,1955,0,32.556056976
2,"map(to: a)",16382,32,132,1,2,183,0,20.647048950
2,"map(to: a)",16382,32,132,1,2,7,0,18.990039825
2,"map(to: a)",16382,32,132,1,2,758,0,24.354457855
2,"map(to: a)",16382,32,132,1,2,1,0,18.942356110
2,"map(to: a)",16382,32,132,1,2,3140,0,40.149688721
2,"map(to: a)",16382,32,132,1,2,8096,0,73.552131653
2,"map(to: a)",16382,32,132,1,2,3,0,19.145011902
2,"map(to: a)",16382,32,132,1,2,114,0,20.098686218
2,"map(to: a)",16382,32,132,1,2,11,0,19.299983978
2,"map(to: a)",16382,32,132,1,2,294,0,21.195411682
2,"map(to: a)",16382,32,132,1,3,1,0,19.049644470
2,"map(to: a)",16382,32,132,1,3,17,0,19.001960754
2,"map(to: a)",16382,32,132,1,3,294,0,21.350383759
2,"map(to: a)",16382,32,132,1,3,5042,0,52.940845490
2,"map(to: a)",16382,32,132,1,3,114,0,19.800662994
2,"map(to: a)",16382,32,132,1,3,28,0,19.443035126
2,"map(to: a)",16382,32,132,1,3,1218,0,27.501583099
2,"map(to: a)",16382,32,132,1,3,2,0,19.156932831
2,"map(to: a)",16382,32,132,1,3,3,0,19.061565399
2,"map(to: a)",16382,32,132,1,3,4,0,19.001960754
2,"map(to: a)",16382,32,132,1,3,758,0,24.449825287
2,"map(to: a)",16382,32,132,1,3,11,0,19.049644470
2,"map(to: a)",16382,32,132,1,3,44,0,19.347667694
2,"map(to: a)",16382,32,132,1,3,472,0,22.149085999
2,"map(to: a)",16382,32,132,1,3,7,0,19.252300262
2,"map(to: a)",16382,32,132,1,3,1955,0,32.496452332
2,"map(to: a)",16382,32,132,1,3,71,0,19.800662994
2,"map(to: a)",16382,32,132,1,3,183,0,20.551681519
2,"map(to: a)",16382,32,132,1,3,8096,0,72.860717773
2,"map(to: a)",16382,32,132,1,3,3140,0,40.197372437
2,"map(to: a)",16382,32,132,1,4,472,0,22.447109222
2,"map(to: a)",16382,32,132,1,4,71,0,19.693374634
2,"map(to: a)",16382,32,132,1,4,1,0,19.299983978
2,"map(to: a)",16382,32,132,1,4,11,0,19.192695618
2,"map(to: a)",16382,32,132,1,4,4,0,19.156932831
2,"map(to: a)",16382,32,132,1,4,3140,0,40.352344513
2,"map(to: a)",16382,32,132,1,4,28,0,19.299983978
2,"map(to: a)",16382,32,132,1,4,1218,0,27.441978455
2,"map(to: a)",16382,32,132,1,4,2,0,19.156932831
2,"map(to: a)",16382,32,132,1,4,183,0,20.956993103
2,"map(to: a)",16382,32,132,1,4,5042,0,53.191184998
2,"map(to: a)",16382,32,132,1,4,114,0,19.848346710
2,"map(to: a)",16382,32,132,1,4,3,0,19.145011902
2,"map(to: a)",16382,32,132,1,4,44,0,19.705295563
2,"map(to: a)",16382,32,132,1,4,758,0,24.700164795
2,"map(to: a)",16382,32,132,1,4,8096,0,72.896480560
2,"map(to: a)",16382,32,132,1,4,1955,0,32.508373260
2,"map(to: a)",16382,32,132,1,4,294,0,21.290779114
2,"map(to: a)",16382,32,132,1,4,7,0,19.049644470
2,"map(to: a)",16382,32,132,1,4,17,0,19.395351410
2,"map(to: a)",32768,32,132,0,0,7,0,19.991397858
2,"map(to: a)",32768,32,132,0,0,114,0,20.599365234
2,"map(to: a)",32768,32,132,0,0,3,0,19.550323486
2,"map(to: a)",32768,32,132,0,0,17,0,19.657611847
2,"map(to: a)",32768,32,132,0,0,1,0,19.848346710
2,"map(to: a)",32768,32,132,0,0,44,0,19.800662994
2,"map(to: a)",32768,32,132,0,0,294,0,22.053718567
2,"map(to: a)",32768,32,132,0,0,3140,0,41.198730469
2,"map(to: a)",32768,32,132,0,0,4,0,20.051002502
2,"map(to: a)",32768,32,132,0,0,1955,0,32.949447632
2,"map(to: a)",32768,32,132,0,0,183,0,21.398067474
2,"map(to: a)",32768,32,132,0,0,8096,0,73.397159576
2,"map(to: a)",32768,32,132,0,0,758,0,24.950504303
2,"map(to: a)",32768,32,132,0,0,71,0,20.396709442
2,"map(to: a)",32768,32,132,0,0,2,0,19.443035126
2,"map(to: a)",32768,32,132,0,0,11,0,19.800662994
2,"map(to: a)",32768,32,132,0,0,28,0,19.645690918
2,"map(to: a)",32768,32,132,0,0,5042,0,53.155422211
2,"map(to: a)",32768,32,132,0,0,1218,0,27.847290039
2,"map(to: a)",32768,32,132,0,0,472,0,23.102760315
2,"map(to: a)",32768,32,132,0,1,4,0,19.848346710
2,"map(to: a)",32768,32,132,0,1,1,0,19.550323486
2,"map(to: a)",32768,32,132,0,1,17,0,19.848346710
2,"map(to: a)",32768,32,132,0,1,28,0,20.098686218
2,"map(to: a)",32768,32,132,0,1,11,0,19.848346710
2,"map(to: a)",32768,32,132,0,1,3140,0,40.805339813
2,"map(to: a)",32768,32,132,0,1,2,0,19.848346710
2,"map(to: a)",32768,32,132,0,1,758,0,24.998188019
2,"map(to: a)",32768,32,132,0,1,1218,0,28.097629547
2,"map(to: a)",32768,32,132,0,1,44,0,20.205974579
2,"map(to: a)",32768,32,132,0,1,71,0,20.503997803
2,"map(to: a)",32768,32,132,0,1,114,0,20.849704742
2,"map(to: a)",32768,32,132,0,1,294,0,21.743774414
2,"map(to: a)",32768,32,132,0,1,7,0,20.003318787
2,"map(to: a)",32768,32,132,0,1,183,0,21.147727966
2,"map(to: a)",32768,32,132,0,1,8096,0,73.659420013
2,"map(to: a)",32768,32,132,0,1,472,0,23.090839386
2,"map(to: a)",32768,32,132,0,1,1955,0,32.997131348
2,"map(to: a)",32768,32,132,0,1,3,0,19.800662994
2,"map(to: a)",32768,32,132,0,1,5042,0,53.358078003
2,"map(to: a)",32768,32,132,0,2,3,0,19.502639771
2,"map(to: a)",32768,32,132,0,2,44,0,19.943714142
2,"map(to: a)",32768,32,132,0,2,1,0,19.645690918
2,"map(to: a)",32768,32,132,0,2,183,0,21.147727966
2,"map(to: a)",32768,32,132,0,2,294,0,21.743774414
2,"map(to: a)",32768,32,132,0,2,5042,0,53.298473358
2,"map(to: a)",32768,32,132,0,2,7,0,19.896030426
2,"map(to: a)",32768,32,132,0,2,8096,0,73.301792145
2,"map(to: a)",32768,32,132,0,2,2,0,19.598007202
2,"map(to: a)",32768,32,132,0,2,114,0,20.503997803
2,"map(to: a)",32768,32,132,0,2,71,0,20.205974579
2,"map(to: a)",32768,32,132,0,2,1955,0,33.247470856
2,"map(to: a)",32768,32,132,0,2,17,0,19.645690918
2,"map(to: a)",32768,32,132,0,2,472,0,22.947788239
2,"map(to: a)",32768,32,132,0,2,11,0,19.693374634
2,"map(to: a)",32768,32,132,0,2,1218,0,27.954578400
2,"map(to: a)",32768,32,132,0,2,4,0,19.800662994
2,"map(to: a)",32768,32,132,0,2,3140,0,41.007995605
2,"map(to: a)",32768,32,132,0,2,758,0,25.200843811
2,"map(to: a)",32768,32,132,0,2,28,0,19.991397858
2,"map(to: a)",32768,32,132,0,3,11,0,19.848346710
2,"map(to: a)",32768,32,132,0,3,4,0,19.896030426
2,"map(to: a)",32768,32,132,0,3,5042,0,53.250789642
2,"map(to: a)",32768,32,132,0,3,183,0,21.004676819
2,"map(to: a)",32768,32,132,0,3,17,0,19.907951355
2,"map(to: a)",32768,32,132,0,3,3,0,19.550323486
2,"map(to: a)",32768,32,132,0,3,28,0,20.146369934
2,"map(to: a)",32768,32,132,0,3,1218,0,28.049945831
2,"map(to: a)",32768,32,132,0,3,114,0,20.647048950
2,"map(to: a)",32768,32,132,0,3,758,0,24.747848511
2,"map(to: a)",32768,32,132,0,3,1955,0,33.247470856
2,"map(to: a)",32768,32,132,0,3,472,0,22.900104523
2,"map(to: a)",32768,32,132,0,3,7,0,20.051002502
2,"map(to: a)",32768,32,132,0,3,44,0,19.800662994
2,"map(to: a)",32768,32,132,0,3,3140,0,40.793418884
2,"map(to: a)",32768,32,132,0,3,8096,0,73.206424713
2,"map(to: a)",32768,32,132,0,3,71,0,20.396709442
2,"map(to: a)",32768,32,132,0,3,1,0,19.550323486
2,"map(to: a)",32768,32,132,0,3,2,0,19.454956055
2,"map(to: a)",32768,32,132,0,3,294,0,21.803379059
2,"map(to: a)",32768,32,132,0,4,3,0,19.752979279
2,"map(to: a)",32768,32,132,0,4,8096,0,73.504447937
2,"map(to: a)",32768,32,132,0,4,1,0,19.800662994
2,"map(to: a)",32768,32,132,0,4,28,0,20.051002502
2,"map(to: a)",32768,32,132,0,4,17,0,20.003318787
2,"map(to: a)",32768,32,132,0,4,5042,0,53.000450134
2,"map(to: a)",32768,32,132,0,4,7,0,19.907951355
2,"map(to: a)",32768,32,132,0,4,114,0,20.694732666
2,"map(to: a)",32768,32,132,0,4,44,0,19.741058350
2,"map(to: a)",32768,32,132,0,4,2,0,19.443035126
2,"map(to: a)",32768,32,132,0,4,294,0,21.755695343
2,"map(to: a)",32768,32,132,0,4,758,0,24.843215942
2,"map(to: a)",32768,32,132,0,4,183,0,21.505355835
2,"map(to: a)",32768,32,132,0,4,4,0,19.955635071
2,"map(to: a)",32768,32,132,0,4,1218,0,27.942657471
2,"map(to: a)",32768,32,132,0,4,71,0,20.599365234
2,"map(to: a)",32768,32,132,0,4,1955,0,32.997131348
2,"map(to: a)",32768,32,132,0,4,11,0,19.800662994
2,"map(to: a)",32768,32,132,0,4,472,0,22.947788239
2,"map(to: a)",32768,32,132,0,4,3140,0,40.602684021
2,"map(to: a)",32768,32,132,1,0,2,0,19.299983978
2,"map(to: a)",32768,32,132,1,0,4,0,19.705295563
2,"map(to: a)",32768,32,132,1,0,472,0,22.852420807
2,"map(to: a)",32768,32,132,1,0,3140,0,40.853023529
2,"map(to: a)",32768,32,132,1,0,183,0,21.195411682
2,"map(to: a)",32768,32,132,1,0,28,0,19.848346710
2,"map(to: a)",32768,32,132,1,0,71,0,20.599365234
2,"map(to: a)",32768,32,132,1,0,1218,0,28.049945831
2,"map(to: a)",32768,32,132,1,0,294,0,22.101402283
2,"map(to: a)",32768,32,132,1,0,1,0,19.645690918
2,"map(to: a)",32768,32,132,1,0,7,0,19.800662994
2,"map(to: a)",32768,32,132,1,0,1955,0,33.199787140
2,"map(to: a)",32768,32,132,1,0,758,0,24.998188019
2,"map(to: a)",32768,32,132,1,0,114,0,20.539760590
2,"map(to: a)",32768,32,132,1,0,11,0,19.741058350
2,"map(to: a)",32768,32,132,1,0,3,0,19.550323486
2,"map(to: a)",32768,32,132,1,0,8096,0,73.647499084
2,"map(to: a)",32768,32,132,1,0,44,0,20.301342010
2,"map(to: a)",32768,32,132,1,0,17,0,20.051002502
2,"map(to: a)",32768,32,132,1,0,5042,0,53.155422211
2,"map(to: a)",32768,32,132,1,1,758,0,24.855136871
2,"map(to: a)",32768,32,132,1,1,3,0,19.454956055
2,"map(to: a)",32768,32,132,1,1,3140,0,40.745735168
2,"map(to: a)",32768,32,132,1,1,1955,0,33.056735992
2,"map(to: a)",32768,32,132,1,1,44,0,20.051002502
2,"map(to: a)",32768,32,132,1,1,17,0,19.752979279
2,"map(to: a)",32768,32,132,1,1,294,0,21.755695343
2,"map(to: a)",32768,32,132,1,1,28,0,19.693374634
2,"map(to: a)",32768,32,132,1,1,114,0,20.658969879
2,"map(to: a)",32768,32,132,1,1,2,0,19.752979279
2,"map(to: a)",32768,32,132,1,1,7,0,19.800662994
2,"map(to: a)",32768,32,132,1,1,183,0,21.398067474
2,"map(to: a)",32768,32,132,1,1,8096,0,73.242187500
2,"map(to: a)",32768,32,132,1,1,11,0,19.907951355
2,"map(to: a)",32768,32,132,1,1,1,0,19.502639771
2,"map(to: a)",32768,32,132,1,1,1218,0,27.799606323
2,"map(to: a)",32768,32,132,1,1,472,0,22.494792938
2,"map(to: a)",32768,32,132,1,1,71,0,19.943714142
2,"map(to: a)",32768,32,132,1,1,5042,0,52.845478058
2,"map(to: a)",32768,32,132,1,1,4,0,19.848346710
2,"map(to: a)",32768,32,132,1,2,2,0,19.395351410
2,"map(to: a)",32768,32,132,1,2,71,0,20.539760590
2,"map(to: a)",32768,32,132,1,2,17,0,19.800662994
2,"map(to: a)",32768,32,132,1,2,472,0,22.947788239
2,"map(to: a)",32768,32,132,1,2,5042,0,53.346157074
2,"map(to: a)",32768,32,132,1,2,28,0,19.896030426
2,"map(to: a)",32768,32,132,1,2,44,0,19.896030426
2,"map(to: a)",32768,32,132,1,2,1218,0,28.491020203
2,"map(to: a)",32768,32,132,1,2,4,0,19.848346710
2,"map(to: a)",32768,32,132,1,2,1955,0,33.104419708
2,"map(to: a)",32768,32,132,1,2,183,0,21.100044250
2,"map(to: a)",32768,32,132,1,2,7,0,19.896030426
2,"map(to: a)",32768,32,132,1,2,758,0,24.795532227
2,"map(to: a)",32768,32,132,1,2,1,0,19.645690918
2,"map(to: a)",32768,32,132,1,2,3140,0,40.805339813
2,"map(to: a)",32768,32,132,1,2,8096,0,73.242187500
2,"map(to: a)",32768,32,132,1,2,3,0,19.752979279
2,"map(to: a)",32768,32,132,1,2,114,0,20.599365234
2,"map(to: a)",32768,32,132,1,2,11,0,19.609928131
2,"map(to: a)",32768,32,132,1,2,294,0,22.006034851
2,"map(to: a)",32768,32,132,1,3,1,0,19.991397858
2,"map(to: a)",32768,32,132,1,3,17,0,20.003318787
2,"map(to: a)",32768,32,132,1,3,294,0,21.839141846
2,"map(to: a)",32768,32,132,1,3,5042,0,53.596496582
2,"map(to: a)",32768,32,132,1,3,114,0,20.754337311
2,"map(to: a)",32768,32,132,1,3,28,0,19.800662994
2,"map(to: a)",32768,32,132,1,3,1218,0,28.002262115
2,"map(to: a)",32768,32,132,1,3,2,0,19.598007202
2,"map(to: a)",32768,32,132,1,3,3,0,19.693374634
2,"map(to: a)",32768,32,132,1,3,4,0,19.896030426
2,"map(to: a)",32768,32,132,1,3,758,0,24.998188019
2,"map(to: a)",32768,32,132,1,3,11,0,19.896030426
2,"map(to: a)",32768,32,132,1,3,44,0,20.003318787
2,"map(to: a)",32768,32,132,1,3,472,0,22.900104523
2,"map(to: a)",32768,32,132,1,3,7,0,19.752979279
2,"map(to: a)",32768,32,132,1,3,1955,0,33.009052277
2,"map(to: a)",32768,32,132,1,3,71,0,20.301342010
2,"map(to: a)",32768,32,132,1,3,183,0,21.147727966
2,"map(to: a)",32768,32,132,1,3,8096,0,73.397159576
2,"map(to: a)",32768,32,132,1,3,3140,0,40.853023529
2,"map(to: a)",32768,32,132,1,4,472,0,22.947788239
2,"map(to: a)",32768,32,132,1,4,71,0,20.194053650
2,"map(to: a)",32768,32,132,1,4,1,0,19.454956055
2,"map(to: a)",32768,32,132,1,4,11,0,20.098686218
2,"map(to: a)",32768,32,132,1,4,4,0,20.098686218
2,"map(to: a)",32768,32,132,1,4,3140,0,40.948390961
2,"map(to: a)",32768,32,132,1,4,28,0,20.051002502
2,"map(to: a)",32768,32,132,1,4,1218,0,27.811527252
2,"map(to: a)",32768,32,132,1,4,2,0,19.502639771
2,"map(to: a)",32768,32,132,1,4,183,0,20.992755890
2,"map(to: a)",32768,32,132,1,4,5042,0,53.203105927
2,"map(to: a)",32768,32,132,1,4,114,0,20.349025726
2,"map(to: a)",32768,32,132,1,4,3,0,19.955635071
2,"map(to: a)",32768,32,132,1,4,44,0,20.003318787
2,"map(to: a)",32768,32,132,1,4,758,0,24.902820587
2,"map(to: a)",32768,32,132,1,4,8096,0,73.659420013
2,"map(to: a)",32768,32,132,1,4,1955,0,33.044815063
2,"map(to: a)",32768,32,132,1,4,294,0,21.743774414
2,"map(to: a)",32768,32,132,1,4,7,0,20.051002502
2,"map(to: a)",32768,32,132,1,4,17,0,20.098686218
2,"map(to: a)",65536,32,132,0,0,7,0,20.551681519
2,"map(to: a)",65536,32,132,0,0,114,0,21.493434906
2,"map(to: a)",65536,32,132,0,0,3,0,20.456314087
2,"map(to: a)",65536,32,132,0,0,17,0,20.503997803
2,"map(to: a)",65536,32,132,0,0,1,0,20.456314087
2,"map(to: a)",65536,32,132,0,0,44,0,20.956993103
2,"map(to: a)",65536,32,132,0,0,294,0,22.602081299
2,"map(to: a)",65536,32,132,0,0,3140,0,41.401386261
2,"map(to: a)",65536,32,132,0,0,4,0,20.408630371
2,"map(to: a)",65536,32,132,0,0,1955,0,33.903121948
2,"map(to: a)",65536,32,132,0,0,183,0,21.994113922
2,"map(to: a)",65536,32,132,0,0,8096,0,74.100494385
2,"map(to: a)",65536,32,132,0,0,758,0,25.546550751
2,"map(to: a)",65536,32,132,0,0,71,0,21.052360535
2,"map(to: a)",65536,32,132,0,0,2,0,20.551681519
2,"map(to: a)",65536,32,132,0,0,11,0,20.706653595
2,"map(to: a)",65536,32,132,0,0,28,0,20.754337311
2,"map(to: a)",65536,32,132,0,0,5042,0,53.751468658
2,"map(to: a)",65536,32,132,0,0,1218,0,29.242038727
2,"map(to: a)",65536,32,132,0,0,472,0,23.651123047
2,"map(to: a)",65536,32,132,0,1,4,0,20.253658295
2,"map(to: a)",65536,32,132,0,1,1,0,20.551681519
2,"map(to: a)",65536,32,132,0,1,17,0,20.444393158
2,"map(to: a)",65536,32,132,0,1,28,0,20.647048950
2,"map(to: a)",65536,32,132,0,1,11,0,20.253658295
2,"map(to: a)",65536,32,132,0,1,3140,0,41.198730469
2,"map(to: a)",65536,32,132,0,1,2,0,20.289421082
2,"map(to: a)",65536,32,132,0,1,758,0,25.653839111
2,"map(to: a)",65536,32,132,0,1,1218,0,28.443336487
2,"map(to: a)",65536,32,132,0,1,44,0,20.599365234
2,"map(to: a)",65536,32,132,0,1,71,0,21.004676819
2,"map(to: a)",65536,32,132,0,1,114,0,21.445751190
2,"map(to: a)",65536,32,132,0,1,294,0,22.459030151
2,"map(to: a)",65536,32,132,0,1,7,0,20.599365234
2,"map(to: a)",65536,32,132,0,1,183,0,21.600723267
2,"map(to: a)",65536,32,132,0,1,8096,0,74.398517609
2,"map(to: a)",65536,32,132,0,1,472,0,23.603439331
2,"map(to: a)",65536,32,132,0,1,1955,0,33.640861511
2,"map(to: a)",65536,32,132,0,1,3,0,20.205974579
2,"map(to: a)",65536,32,132,0,1,5042,0,53.942203522
2,"map(to: a)",65536,32,132,0,2,3,0,20.694732666
2,"map(to: a)",65536,32,132,0,2,44,0,20.754337311
2,"map(to: a)",65536,32,132,0,2,1,0,20.241737366
2,"map(to: a)",65536,32,132,0,2,183,0,21.553039551
2,"map(to: a)",65536,32,132,0,2,294,0,22.399425507
2,"map(to: a)",65536,32,132,0,2,5042,0,53.799152374
2,"map(to: a)",65536,32,132,0,2,7,0,20.396709442
2,"map(to: a)",65536,32,132,0,2,8096,0,74.088573456
2,"map(to: a)",65536,32,132,0,2,2,0,20.503997803
2,"map(to: a)",65536,32,132,0,2,114,0,21.195411682
2,"map(to: a)",65536,32,132,0,2,71,0,21.052360535
2,"map(to: a)",65536,32,132,0,2,1955,0,33.795833588
2,"map(to: a)",65536,32,132,0,2,17,0,20.754337311
2,"map(to: a)",65536,32,132,0,2,472,0,23.591518402
2,"map(to: a)",65536,32,132,0,2,11,0,20.802021027
2,"map(to: a)",65536,32,132,0,2,1218,0,28.610229492
2,"map(to: a)",65536,32,132,0,2,4,0,20.647048950
2,"map(to: a)",65536,32,132,0,2,3140,0,41.747093201
2,"map(to: a)",65536,32,132,0,2,758,0,25.701522827
2,"map(to: a)",65536,32,132,0,2,28,0,20.503997803
2,"map(to: a)",65536,32,132,0,3,11,0,20.599365234
2,"map(to: a)",65536,32,132,0,3,4,0,20.408630371
2,"map(to: a)",65536,32,132,0,3,5042,0,54.097175598
2,"map(to: a)",65536,32,132,0,3,183,0,21.708011627
2,"map(to: a)",65536,32,132,0,3,17,0,20.444393158
2,"map(to: a)",65536,32,132,0,3,3,0,20.444393158
2,"map(to: a)",65536,32,132,0,3,28,0,20.503997803
2,"map(to: a)",65536,32,132,0,3,1218,0,28.705596924
2,"map(to: a)",65536,32,132,0,3,114,0,21.302700043
2,"map(to: a)",65536,32,132,0,3,758,0,26.094913483
2,"map(to: a)",65536,32,132,0,3,1955,0,33.605098724
2,"map(to: a)",65536,32,132,0,3,472,0,23.651123047
2,"map(to: a)",65536,32,132,0,3,7,0,20.503997803
2,"map(to: a)",65536,32,132,0,3,44,0,20.742416382
2,"map(to: a)",65536,32,132,0,3,3140,0,41.401386261
2,"map(to: a)",65536,32,132,0,3,8096,0,73.492527008
2,"map(to: a)",65536,32,132,0,3,71,0,20.897388458
2,"map(to: a)",65536,32,132,0,3,1,0,20.253658295
2,"map(to: a)",65536,32,132,0,3,2,0,20.301342010
2,"map(to: a)",65536,32,132,0,3,294,0,22.351741791
2,"map(to: a)",65536,32,132,0,4,3,0,20.492076874
2,"map(to: a)",65536,32,132,0,4,8096,0,74.148178101
2,"map(to: a)",65536,32,132,0,4,1,0,20.503997803
2,"map(to: a)",65536,32,132,0,4,28,0,20.754337311
2,"map(to: a)",65536,32,132,0,4,17,0,20.551681519
2,"map(to: a)",65536,32,132,0,4,5042,0,53.751468658
2,"map(to: a)",65536,32,132,0,4,7,0,20.551681519
2,"map(to: a)",65536,32,132,0,4,114,0,21.255016327
2,"map(to: a)",65536,32,132,0,4,44,0,20.551681519
2,"map(to: a)",65536,32,132,0,4,2,0,20.301342010
2,"map(to: a)",65536,32,132,0,4,294,0,22.757053375
2,"map(to: a)",65536,32,132,0,4,758,0,25.498867035
2,"map(to: a)",65536,32,132,0,4,183,0,21.851062775
2,"map(to: a)",65536,32,132,0,4,4,0,20.802021027
2,"map(to: a)",65536,32,132,0,4,1218,0,28.693675995
2,"map(to: a)",65536,32,132,0,4,71,0,21.004676819
2,"map(to: a)",65536,32,132,0,4,1955,0,33.557415009
2,"map(to: a)",65536,32,132,0,4,11,0,20.551681519
2,"map(to: a)",65536,32,132,0,4,472,0,23.698806763
2,"map(to: a)",65536,32,132,0,4,3140,0,41.544437408
2,"map(to: a)",65536,32,132,1,0,2,0,20.349025726
2,"map(to: a)",65536,32,132,1,0,4,0,20.647048950
2,"map(to: a)",65536,32,132,1,0,472,0,23.758411407
2,"map(to: a)",65536,32,132,1,0,3140,0,41.401386261
2,"map(to: a)",65536,32,132,1,0,183,0,22.053718567
2,"map(to: a)",65536,32,132,1,0,28,0,20.849704742
2,"map(to: a)",65536,32,132,1,0,71,0,21.243095398
2,"map(to: a)",65536,32,132,1,0,1218,0,28.944015503
2,"map(to: a)",65536,32,132,1,0,294,0,22.649765015
2,"map(to: a)",65536,32,132,1,0,1,0,20.253658295
2,"map(to: a)",65536,32,132,1,0,7,0,20.503997803
2,"map(to: a)",65536,32,132,1,0,1955,0,33.795833588
2,"map(to: a)",65536,32,132,1,0,758,0,25.498867035
2,"map(to: a)",65536,32,132,1,0,114,0,21.147727966
2,"map(to: a)",65536,32,132,1,0,11,0,20.694732666
2,"map(to: a)",65536,32,132,1,0,3,0,20.003318787
2,"map(to: a)",65536,32,132,1,0,8096,0,73.695182800
2,"map(to: a)",65536,32,132,1,0,44,0,20.706653595
2,"map(to: a)",65536,32,132,1,0,17,0,20.694732666
2,"map(to: a)",65536,32,132,1,0,5042,0,53.894519806
2,"map(to: a)",65536,32,132,1,1,758,0,25.701522827
2,"map(to: a)",65536,32,132,1,1,3,0,20.158290863
2,"map(to: a)",65536,32,132,1,1,3140,0,41.496753693
2,"map(to: a)",65536,32,132,1,1,1955,0,33.760070801
2,"map(to: a)",65536,32,132,1,1,44,0,20.790100098
2,"map(to: a)",65536,32,132,1,1,17,0,20.694732666
2,"map(to: a)",65536,32,132,1,1,294,0,22.494792938
2,"map(to: a)",65536,32,132,1,1,28,0,20.802021027
2,"map(to: a)",65536,32,132,1,1,114,0,21.350383759
2,"map(to: a)",65536,32,132,1,1,2,0,20.503997803
2,"map(to: a)",65536,32,132,1,1,7,0,20.599365234
2,"map(to: a)",65536,32,132,1,1,183,0,21.994113922
2,"map(to: a)",65536,32,132,1,1,8096,0,73.802471161
2,"map(to: a)",65536,32,132,1,1,11,0,20.444393158
2,"map(to: a)",65536,32,132,1,1,1,0,20.551681519
2,"map(to: a)",65536,32,132,1,1,1218,0,28.848648071
2,"map(to: a)",65536,32,132,1,1,472,0,23.448467255
2,"map(to: a)",65536,32,132,1,1,71,0,20.956993103
2,"map(to: a)",65536,32,132,1,1,5042,0,53.751468658
2,"map(to: a)",65536,32,132,1,1,4,0,20.253658295
2,"map(to: a)",65536,32,132,1,2,2,0,20.694732666
2,"map(to: a)",65536,32,132,1,2,71,0,21.052360535
2,"map(to: a)",65536,32,132,1,2,17,0,20.658969879
2,"map(to: a)",65536,32,132,1,2,472,0,23.639202118
2,"map(to: a)",65536,32,132,1,2,5042,0,54.049491882
2,"map(to: a)",65536,32,132,1,2,28,0,20.897388458
2,"map(to: a)",65536,32,132,1,2,44,0,20.802021027
2,"map(to: a)",65536,32,132,1,2,1218,0,28.753280640
2,"map(to: a)",65536,32,132,1,2,4,0,20.647048950
2,"map(to: a)",65536,32,132,1,2,1955,0,33.748149872
2,"map(to: a)",65536,32,132,1,2,183,0,21.648406982
2,"map(to: a)",65536,32,132,1,2,7,0,20.849704742
2,"map(to: a)",65536,32,132,1,2,758,0,25.498867035
2,"map(to: a)",65536,32,132,1,2,1,0,20.492076874
2,"map(to: a)",65536,32,132,1,2,3140,0,41.449069977
2,"map(to: a)",65536,32,132,1,2,8096,0,74.207782745
2,"map(to: a)",65536,32,132,1,2,3,0,20.551681519
2,"map(to: a)",65536,32,132,1,2,114,0,21.302700043
2,"map(to: a)",65536,32,132,1,2,11,0,20.802021027
2,"map(to: a)",65536,32,132,1,2,294,0,22.554397583
2,"map(to: a)",65536,32,132,1,3,1,0,20.241737366
2,"map(to: a)",65536,32,132,1,3,17,0,20.754337311
2,"map(to: a)",65536,32,132,1,3,294,0,22.649765015
2,"map(to: a)",65536,32,132,1,3,5042,0,53.846836090
2,"map(to: a)",65536,32,132,1,3,114,0,21.207332611
2,"map(to: a)",65536,32,132,1,3,28,0,20.694732666
2,"map(to: a)",65536,32,132,1,3,1218,0,28.443336487
2,"map(to: a)",65536,32,132,1,3,2,0,20.349025726
2,"map(to: a)",65536,32,132,1,3,3,0,20.444393158
2,"map(to: a)",65536,32,132,1,3,4,0,20.754337311
2,"map(to: a)",65536,32,132,1,3,758,0,25.606155396
2,"map(to: a)",65536,32,132,1,3,11,0,20.706653595
2,"map(to: a)",65536,32,132,1,3,44,0,20.897388458
2,"map(to: a)",65536,32,132,1,3,472,0,23.555755615
2,"map(to: a)",65536,32,132,1,3,7,0,20.539760590
2,"map(to: a)",65536,32,132,1,3,1955,0,33.342838287
2,"map(to: a)",65536,32,132,1,3,71,0,20.945072174
2,"map(to: a)",65536,32,132,1,3,183,0,21.350383759
2,"map(to: a)",65536,32,132,1,3,8096,0,73.897838593
2,"map(to: a)",65536,32,132,1,3,3140,0,41.592121124
2,"map(to: a)",65536,32,132,1,4,472,0,23.651123047
2,"map(to: a)",65536,32,132,1,4,71,0,20.956993103
2,"map(to: a)",65536,32,132,1,4,1,0,20.599365234
2,"map(to: a)",65536,32,132,1,4,11,0,20.849704742
2,"map(to: a)",65536,32,132,1,4,4,0,20.551681519
2,"map(to: a)",65536,32,132,1,4,3140,0,41.306018829
2,"map(to: a)",65536,32,132,1,4,28,0,20.897388458
2,"map(to: a)",65536,32,132,1,4,1218,0,28.848648071
2,"map(to: a)",65536,32,132,1,4,2,0,20.551681519
2,"map(to: a)",65536,32,132,1,4,183,0,22.208690643
2,"map(to: a)",65536,32,132,1,4,5042,0,53.703784943
2,"map(to: a)",65536,32,132,1,4,114,0,21.457672119
2,"map(to: a)",65536,32,132,1,4,3,0,20.897388458
2,"map(to: a)",65536,32,132,1,4,44,0,21.004676819
2,"map(to: a)",65536,32,132,1,4,758,0,26.059150696
2,"map(to: a)",65536,32,132,1,4,8096,0,74.207782745
2,"map(to: a)",65536,32,132,1,4,1955,0,33.795833588
2,"map(to: a)",65536,32,132,1,4,294,0,22.447109222
2,"map(to: a)",65536,32,132,1,4,7,0,20.349025726
2,"map(to: a)",65536,32,132,1,4,17,0,20.647048950
3,"map(from: a)",1,32,132,0,0,7,0,21.302700043
3,"map(from: a)",1,32,132,0,0,114,0,21.493434906
3,"map(from: a)",1,32,132,0,0,3,0,21.350383759
3,"map(from: a)",1,32,132,0,0,17,0,21.755695343
3,"map(from: a)",1,32,132,0,0,1,0,21.648406982
3,"map(from: a)",1,32,132,0,0,44,0,21.648406982
3,"map(from: a)",1,32,132,0,0,294,0,21.100044250
3,"map(from: a)",1,32,132,0,0,3140,0,38.158893585
3,"map(from: a)",1,32,132,0,0,4,0,21.541118622
3,"map(from: a)",1,32,132,0,0,1955,0,30.648708344
3,"map(from: a)",1,32,132,0,0,183,0,21.302700043
3,"map(from: a)",1,32,132,0,0,8096,0,70.452690125
3,"map(from: a)",1,32,132,0,0,758,0,21.195411682
3,"map(from: a)",1,32,132,0,0,71,0,21.398067474
3,"map(from: a)",1,32,132,0,0,2,0,21.398067474
3,"map(from: a)",1,32,132,0,0,11,0,21.493434906
3,"map(from: a)",1,32,132,0,0,28,0,21.147727966
3,"map(from: a)",1,32,132,0,0,5042,0,54.049491882
3,"map(from: a)",1,32,132,0,0,1218,0,29.599666595
3,"map(from: a)",1,32,132,0,0,472,0,21.290779114
3,"map(from: a)",1,32,132,0,1,4,0,21.255016327
3,"map(from: a)",1,32,132,0,1,1,0,21.302700043
3,"map(from: a)",1,32,132,0,1,17,0,21.493434906
3,"map(from: a)",1,32,132,0,1,28,0,21.052360535
3,"map(from: a)",1,32,132,0,1,11,0,21.398067474
3,"map(from: a)",1,32,132,0,1,3140,0,37.598609924
3,"map(from: a)",1,32,132,0,1,2,0,20.992755890
3,"map(from: a)",1,32,132,0,1,758,0,21.851062775
3,"map(from: a)",1,32,132,0,1,1218,0,29.742717743
3,"map(from: a)",1,32,132,0,1,44,0,21.255016327
3,"map(from: a)",1,32,132,0,1,71,0,21.052360535
3,"map(from: a)",1,32,132,0,1,114,0,21.302700043
3,"map(from: a)",1,32,132,0,1,294,0,21.147727966
3,"map(from: a)",1,32,132,0,1,7,0,21.505355835
3,"map(from: a)",1,32,132,0,1,183,0,21.147727966
3,"map(from: a)",1,32,132,0,1,8096,0,70.393085480
3,"map(from: a)",1,32,132,0,1,472,0,21.159648895
3,"map(from: a)",1,32,132,0,1,1955,0,29.754638672
3,"map(from: a)",1,32,132,0,1,3,0,21.255016327
3,"map(from: a)",1,32,132,0,1,5042,0,54.597854614
3,"map(from: a)",1,32,132,0,2,3,0,21.255016327
3,"map(from: a)",1,32,132,0,2,44,0,21.159648895
3,"map(from: a)",1,32,132,0,2,1,0,21.243095398
3,"map(from: a)",1,32,132,0,2,183,0,21.147727966
3,"map(from: a)",1,32,132,0,2,294,0,21.553039551
3,"map(from: a)",1,32,132,0,2,5042,0,54.204463959
3,"map(from: a)",1,32,132,0,2,7,0,21.302700043
3,"map(from: a)",1,32,132,0,2,8096,0,70.500373840
3,"map(from: a)",1,32,132,0,2,2,0,21.398067474
3,"map(from: a)",1,32,132,0,2,114,0,21.350383759
3,"map(from: a)",1,32,132,0,2,71,0,21.648406982
3,"map(from: a)",1,32,132,0,2,1955,0,29.206275940
3,"map(from: a)",1,32,132,0,2,17,0,21.004676819
3,"map(from: a)",1,32,132,0,2,472,0,21.052360535
3,"map(from: a)",1,32,132,0,2,11,0,21.398067474
3,"map(from: a)",1,32,132,0,2,1218,0,29.456615448
3,"map(from: a)",1,32,132,0,2,4,0,21.147727966
3,"map(from: a)",1,32,132,0,2,3140,0,37.848949432
3,"map(from: a)",1,32,132,0,2,758,0,21.052360535
3,"map(from: a)",1,32,132,0,2,28,0,21.243095398
3,"map(from: a)",1,32,132,0,3,11,0,21.195411682
3,"map(from: a)",1,32,132,0,3,4,0,21.302700043
3,"map(from: a)",1,32,132,0,3,5042,0,54.144859314
3,"map(from: a)",1,32,132,0,3,183,0,21.350383759
3,"map(from: a)",1,32,132,0,3,17,0,21.147727966
3,"map(from: a)",1,32,132,0,3,3,0,21.350383759
3,"map(from: a)",1,32,132,0,3,28,0,20.945072174
3,"map(from: a)",1,32,132,0,3,1218,0,29.695034027
3,"map(from: a)",1,32,132,0,3,114,0,21.493434906
3,"map(from: a)",1,32,132,0,3,758,0,21.553039551
3,"map(from: a)",1,32,132,0,3,1955,0,29.551982880
3,"map(from: a)",1,32,132,0,3,472,0,21.052360535
3,"map(from: a)",1,32,132,0,3,7,0,21.004676819
3,"map(from: a)",1,32,132,0,3,44,0,21.147727966
3,"map(from: a)",1,32,132,0,3,3140,0,37.550926208
3,"map(from: a)",1,32,132,0,3,8096,0,70.655345917
3,"map(from: a)",1,32,132,0,3,71,0,20.992755890
3,"map(from: a)",1,32,132,0,3,1,0,21.505355835
3,"map(from: a)",1,32,132,0,3,2,0,21.195411682
3,"map(from: a)",1,32,132,0,3,294,0,21.243095398
3,"map(from: a)",1,32,132,0,4,3,0,21.243095398
3,"map(from: a)",1,32,132,0,4,8096,0,71.001052856
3,"map(from: a)",1,32,132,0,4,1,0,21.255016327
3,"map(from: a)",1,32,132,0,4,28,0,21.207332611
3,"map(from: a)",1,32,132,0,4,17,0,21.052360535
3,"map(from: a)",1,32,132,0,4,5042,0,54.001808167
3,"map(from: a)",1,32,132,0,4,7,0,21.243095398
3,"map(from: a)",1,32,132,0,4,114,0,21.052360535
3,"map(from: a)",1,32,132,0,4,44,0,21.350383759
3,"map(from: a)",1,32,132,0,4,2,0,21.302700043
3,"map(from: a)",1,32,132,0,4,294,0,21.350383759
3,"map(from: a)",1,32,132,0,4,758,0,21.350383759
3,"map(from: a)",1,32,132,0,4,183,0,21.243095398
3,"map(from: a)",1,32,132,0,4,4,0,21.255016327
3,"map(from: a)",1,32,132,0,4,1218,0,29.349327087
3,"map(from: a)",1,32,132,0,4,71,0,21.159648895
3,"map(from: a)",1,32,132,0,4,1955,0,29.647350311
3,"map(from: a)",1,32,132,0,4,11,0,21.207332611
3,"map(from: a)",1,32,132,0,4,472,0,21.505355835
3,"map(from: a)",1,32,132,0,4,3140,0,37.801265717
3,"map(from: a)",1,32,132,1,0,2,0,21.350383759
3,"map(from: a)",1,32,132,1,0,4,0,21.100044250
3,"map(from: a)",1,32,132,1,0,472,0,21.648406982
3,"map(from: a)",1,32,132,1,0,3140,0,37.693977356
3,"map(from: a)",1,32,132,1,0,183,0,21.255016327
3,"map(from: a)",1,32,132,1,0,28,0,21.600723267
3,"map(from: a)",1,32,132,1,0,71,0,21.159648895
3,"map(from: a)",1,32,132,1,0,1218,0,29.599666595
3,"map(from: a)",1,32,132,1,0,294,0,21.398067474
3,"map(from: a)",1,32,132,1,0,1,0,21.302700043
3,"map(from: a)",1,32,132,1,0,7,0,21.445751190
3,"map(from: a)",1,32,132,1,0,1955,0,29.301643372
3,"map(from: a)",1,32,132,1,0,758,0,21.445751190
3,"map(from: a)",1,32,132,1,0,114,0,21.195411682
3,"map(from: a)",1,32,132,1,0,11,0,21.398067474
3,"map(from: a)",1,32,132,1,0,3,0,21.398067474
3,"map(from: a)",1,32,132,1,0,8096,0,70.655345917
3,"map(from: a)",1,32,132,1,0,44,0,21.302700043
3,"map(from: a)",1,32,132,1,0,17,0,21.159648895
3,"map(from: a)",1,32,132,1,0,5042,0,54.109096527
3,"map(from: a)",1,32,132,1,1,758,0,21.255016327
3,"map(from: a)",1,32,132,1,1,3,0,21.398067474
3,"map(from: a)",1,32,132,1,1,3140,0,38.003921509
3,"map(from: a)",1,32,132,1,1,1955,0,29.647350311
3,"map(from: a)",1,32,132,1,1,44,0,21.100044250
3,"map(from: a)",1,32,132,1,1,17,0,21.445751190
3,"map(from: a)",1,32,132,1,1,294,0,21.398067474
3,"map(from: a)",1,32,132,1,1,28,0,21.398067474
3,"map(from: a)",1,32,132,1,1,114,0,21.338462830
3,"map(from: a)",1,32,132,1,1,2,0,21.600723267
3,"map(from: a)",1,32,132,1,1,7,0,21.493434906
3,"map(from: a)",1,32,132,1,1,183,0,20.849704742
3,"map(from: a)",1,32,132,1,1,8096,0,70.798397064
3,"map(from: a)",1,32,132,1,1,11,0,21.350383759
3,"map(from: a)",1,32,132,1,1,1,0,21.195411682
3,"map(from: a)",1,32,132,1,1,1218,0,29.754638672
3,"map(from: a)",1,32,132,1,1,472,0,21.350383759
3,"map(from: a)",1,32,132,1,1,71,0,21.302700043
3,"map(from: a)",1,32,132,1,1,5042,0,53.906440735
3,"map(from: a)",1,32,132,1,1,4,0,21.195411682
3,"map(from: a)",1,32,132,1,2,2,0,21.290779114
3,"map(from: a)",1,32,132,1,2,71,0,21.553039551
3,"map(from: a)",1,32,132,1,2,17,0,21.457672119
3,"map(from: a)",1,32,132,1,2,472,0,21.457672119
3,"map(from: a)",1,32,132,1,2,5042,0,54.299831390
3,"map(from: a)",1,32,132,1,2,28,0,20.992755890
3,"map(from: a)",1,32,132,1,2,44,0,20.849704742
3,"map(from: a)",1,32,132,1,2,1218,0,28.848648071
3,"map(from: a)",1,32,132,1,2,4,0,21.398067474
3,"map(from: a)",1,32,132,1,2,1955,0,29.492378235
3,"map(from: a)",1,32,132,1,2,183,0,21.398067474
3,"map(from: a)",1,32,132,1,2,7,0,20.992755890
3,"map(from: a)",1,32,132,1,2,758,0,21.100044250
3,"map(from: a)",1,32,132,1,2,1,0,21.052360535
3,"map(from: a)",1,32,132,1,2,3140,0,37.956237793
3,"map(from: a)",1,32,132,1,2,8096,0,70.500373840
3,"map(from: a)",1,32,132,1,2,3,0,21.445751190
3,"map(from: a)",1,32,132,1,2,114,0,21.255016327
3,"map(from: a)",1,32,132,1,2,11,0,21.409988403
3,"map(from: a)",1,32,132,1,2,294,0,21.195411682
3,"map(from: a)",1,32,132,1,3,1,0,21.243095398
3,"map(from: a)",1,32,132,1,3,17,0,21.207332611
3,"map(from: a)",1,32,132,1,3,294,0,21.243095398
3,"map(from: a)",1,32,132,1,3,5042,0,54.156780243
3,"map(from: a)",1,32,132,1,3,114,0,21.004676819
3,"map(from: a)",1,32,132,1,3,28,0,21.195411682
3,"map(from: a)",1,32,132,1,3,1218,0,29.647350311
3,"map(from: a)",1,32,132,1,3,2,0,21.648406982
3,"map(from: a)",1,32,132,1,3,3,0,21.350383759
3,"map(from: a)",1,32,132,1,3,4,0,21.409988403
3,"map(from: a)",1,32,132,1,3,758,0,21.445751190
3,"map(from: a)",1,32,132,1,3,11,0,21.207332611
3,"map(from: a)",1,32,132,1,3,44,0,21.255016327
3,"map(from: a)",1,32,132,1,3,472,0,21.398067474
3,"map(from: a)",1,32,132,1,3,7,0,21.350383759
3,"map(from: a)",1,32,132,1,3,1955,0,29.504299164
3,"map(from: a)",1,32,132,1,3,71,0,21.159648895
3,"map(from: a)",1,32,132,1,3,183,0,21.100044250
3,"map(from: a)",1,32,132,1,3,8096,0,70.357322693
3,"map(from: a)",1,32,132,1,3,3140,0,37.407875061
3,"map(from: a)",1,32,132,1,4,472,0,21.445751190
3,"map(from: a)",1,32,132,1,4,71,0,21.195411682
3,"map(from: a)",1,32,132,1,4,1,0,21.350383759
3,"map(from: a)",1,32,132,1,4,11,0,21.290779114
3,"map(from: a)",1,32,132,1,4,4,0,21.207332611
3,"map(from: a)",1,32,132,1,4,3140,0,37.896633148
3,"map(from: a)",1,32,132,1,4,28,0,21.302700043
3,"map(from: a)",1,32,132,1,4,1218,0,29.456615448
3,"map(from: a)",1,32,132,1,4,2,0,21.505355835
3,"map(from: a)",1,32,132,1,4,183,0,21.243095398
3,"map(from: a)",1,32,132,1,4,5042,0,54.204463959
3,"map(from: a)",1,32,132,1,4,114,0,21.398067474
3,"map(from: a)",1,32,132,1,4,3,0,21.660327911
3,"map(from: a)",1,32,132,1,4,44,0,21.409988403
3,"map(from: a)",1,32,132,1,4,758,0,21.350383759
3,"map(from: a)",1,32,132,1,4,8096,0,70.405006409
3,"map(from: a)",1,32,132,1,4,1955,0,29.790401459
3,"map(from: a)",1,32,132,1,4,294,0,21.100044250
3,"map(from: a)",1,32,132,1,4,7,0,21.600723267
3,"map(from: a)",1,32,132,1,4,17,0,21.147727966
3,"map(from: a)",4,32,132,0,0,7,0,21.350383759
3,"map(from: a)",4,32,132,0,0,114,0,21.541118622
3,"map(from: a)",4,32,132,0,0,3,0,21.004676819
3,"map(from: a)",4,32,132,0,0,17,0,21.100044250
3,"map(from: a)",4,32,132,0,0,1,0,21.350383759
3,"map(from: a)",4,32,132,0,0,44,0,21.100044250
3,"map(from: a)",4,32,132,0,0,294,0,21.052360535
3,"map(from: a)",4,32,132,0,0,3140,0,37.503242493
3,"map(from: a)",4,32,132,0,0,4,0,21.350383759
3,"map(from: a)",4,32,132,0,0,1955,0,29.647350311
3,"map(from: a)",4,32,132,0,0,183,0,21.338462830
3,"map(from: a)",4,32,132,0,0,8096,0,70.297718048
3,"map(from: a)",4,32,132,0,0,758,0,21.493434906
3,"map(from: a)",4,32,132,0,0,71,0,20.897388458
3,"map(from: a)",4,32,132,0,0,2,0,21.255016327
3,"map(from: a)",4,32,132,0,0,11,0,21.398067474
3,"map(from: a)",4,32,132,0,0,28,0,21.207332611
3,"map(from: a)",4,32,132,0,0,5042,0,54.299831390
3,"map(from: a)",4,32,132,0,0,1218,0,29.289722443
3,"map(from: a)",4,32,132,0,0,472,0,21.159648895
3,"map(from: a)",4,32,132,0,1,4,0,21.445751190
3,"map(from: a)",4,32,132,0,1,1,0,20.849704742
3,"map(from: a)",4,32,132,0,1,17,0,21.004676819
3,"map(from: a)",4,32,132,0,1,28,0,20.802021027
3,"map(from: a)",4,32,132,0,1,11,0,21.255016327
3,"map(from: a)",4,32,132,0,1,3140,0,37.395954132
3,"map(from: a)",4,32,132,0,1,2,0,20.992755890
3,"map(from: a)",4,32,132,0,1,758,0,21.255016327
3,"map(from: a)",4,32,132,0,1,1218,0,29.695034027
3,"map(from: a)",4,32,132,0,1,44,0,20.945072174
3,"map(from: a)",4,32,132,0,1,71,0,21.696090698
3,"map(from: a)",4,32,132,0,1,114,0,21.457672119
3,"map(from: a)",4,32,132,0,1,294,0,21.243095398
3,"map(from: a)",4,32,132,0,1,7,0,21.100044250
3,"map(from: a)",4,32,132,0,1,183,0,21.052360535
3,"map(from: a)",4,32,132,0,1,8096,0,69.940090179
3,"map(from: a)",4,32,132,0,1,472,0,21.052360535
3,"map(from: a)",4,32,132,0,1,1955,0,29.301643372
3,"map(from: a)",4,32,132,0,1,3,0,21.100044250
3,"map(from: a)",4,32,132,0,1,5042,0,54.395198822
3,"map(from: a)",4,32,132,0,2,3,0,21.350383759
3,"map(from: a)",4,32,132,0,2,44,0,21.255016327
3,"map(from: a)",4,32,132,0,2,1,0,21.100044250
3,"map(from: a)",4,32,132,0,2,183,0,20.706653595
3,"map(from: a)",4,32,132,0,2,294,0,20.945072174
3,"map(from: a)",4,32,132,0,2,5042,0,53.846836090
3,"map(from: a)",4,32,132,0,2,7,0,21.195411682
3,"map(from: a)",4,32,132,0,2,8096,0,70.548057556
3,"map(from: a)",4,32,132,0,2,2,0,20.802021027
3,"map(from: a)",4,32,132,0,2,114,0,21.052360535
3,"map(from: a)",4,32,132,0,2,71,0,21.100044250
3,"map(from: a)",4,32,132,0,2,1955,0,29.945373535
3,"map(from: a)",4,32,132,0,2,17,0,21.147727966
3,"map(from: a)",4,32,132,0,2,472,0,21.398067474
3,"map(from: a)",4,32,132,0,2,11,0,21.195411682
3,"map(from: a)",4,32,132,0,2,1218,0,29.301643372
3,"map(from: a)",4,32,132,0,2,4,0,21.302700043
3,"map(from: a)",4,32,132,0,2,3140,0,37.610530853
3,"map(from: a)",4,32,132,0,2,758,0,21.159648895
3,"map(from: a)",4,32,132,0,2,28,0,21.398067474
3,"map(from: a)",4,32,132,0,3,11,0,21.493434906
3,"map(from: a)",4,32,132,0,3,4,0,21.505355835
3,"map(from: a)",4,32,132,0,3,5042,0,54.001808167
3,"map(from: a)",4,32,132,0,3,183,0,21.457672119
3,"map(from: a)",4,32,132,0,3,17,0,21.207332611
3,"map(from: a)",4,32,132,0,3,3,0,21.147727966
3,"map(from: a)",4,32,132,0,3,28,0,21.350383759
3,"map(from: a)",4,32,132,0,3,1218,0,29.897689819
3,"map(from: a)",4,32,132,0,3,114,0,21.708011627
3,"map(from: a)",4,32,132,0,3,758,0,21.302700043
3,"map(from: a)",4,32,132,0,3,1955,0,29.754638672
3,"map(from: a)",4,32,132,0,3,472,0,21.445751190
3,"map(from: a)",4,32,132,0,3,7,0,20.945072174
3,"map(from: a)",4,32,132,0,3,44,0,21.147727966
3,"map(from: a)",4,32,132,0,3,3140,0,37.956237793
3,"map(from: a)",4,32,132,0,3,8096,0,70.643424988
3,"map(from: a)",4,32,132,0,3,71,0,21.243095398
3,"map(from: a)",4,32,132,0,3,1,0,21.255016327
3,"map(from: a)",4,32,132,0,3,2,0,21.195411682
3,"map(from: a)",4,32,132,0,3,294,0,21.100044250
3,"map(from: a)",4,32,132,0,4,3,0,21.195411682
3,"map(from: a)",4,32,132,0,4,8096,0,70.703029633
3,"map(from: a)",4,32,132,0,4,1,0,21.100044250
3,"map(from: a)",4,32,132,0,4,28,0,21.147727966
3,"map(from: a)",4,32,132,0,4,17,0,20.849704742
3,"map(from: a)",4,32,132,0,4,5042,0,54.204463959
3,"map(from: a)",4,32,132,0,4,7,0,21.195411682
3,"map(from: a)",4,32,132,0,4,114,0,21.147727966
3,"map(from: a)",4,32,132,0,4,44,0,20.956993103
3,"map(from: a)",4,32,132,0,4,2,0,20.897388458
3,"map(from: a)",4,32,132,0,4,294,0,21.398067474
3,"map(from: a)",4,32,132,0,4,758,0,21.398067474
3,"map(from: a)",4,32,132,0,4,183,0,21.243095398
3,"map(from: a)",4,32,132,0,4,4,0,21.052360535
3,"map(from: a)",4,32,132,0,4,1218,0,28.944015503
3,"map(from: a)",4,32,132,0,4,71,0,20.897388458
3,"map(from: a)",4,32,132,0,4,1955,0,29.146671295
3,"map(from: a)",4,32,132,0,4,11,0,21.004676819
3,"map(from: a)",4,32,132,0,4,472,0,20.802021027
3,"map(from: a)",4,32,132,0,4,3140,0,37.550926208
3,"map(from: a)",4,32,132,1,0,2,0,21.004676819
3,"map(from: a)",4,32,132,1,0,4,0,21.195411682
3,"map(from: a)",4,32,132,1,0,472,0,21.100044250
3,"map(from: a)",4,32,132,1,0,3140,0,37.753582001
3,"map(from: a)",4,32,132,1,0,183,0,21.445751190
3,"map(from: a)",4,32,132,1,0,28,0,21.350383759
3,"map(from: a)",4,32,132,1,0,71,0,21.505355835
3,"map(from: a)",4,32,132,1,0,1218,0,29.349327087
3,"map(from: a)",4,32,132,1,0,294,0,21.290779114
3,"map(from: a)",4,32,132,1,0,1,0,21.147727966
3,"map(from: a)",4,32,132,1,0,7,0,21.100044250
3,"map(from: a)",4,32,132,1,0,1955,0,29.695034027
3,"map(from: a)",4,32,132,1,0,758,0,21.207332611
3,"map(from: a)",4,32,132,1,0,114,0,20.956993103
3,"map(from: a)",4,32,132,1,0,11,0,21.708011627
3,"map(from: a)",4,32,132,1,0,3,0,21.159648895
3,"map(from: a)",4,32,132,1,0,8096,0,70.297718048
3,"map(from: a)",4,32,132,1,0,44,0,21.302700043
3,"map(from: a)",4,32,132,1,0,17,0,20.849704742
3,"map(from: a)",4,32,132,1,0,5042,0,54.109096527
3,"map(from: a)",4,32,132,1,1,758,0,21.445751190
3,"map(from: a)",4,32,132,1,1,3,0,21.052360535
3,"map(from: a)",4,32,132,1,1,3140,0,37.848949432
3,"map(from: a)",4,32,132,1,1,1955,0,29.492378235
3,"map(from: a)",4,32,132,1,1,44,0,21.052360535
3,"map(from: a)",4,32,132,1,1,17,0,21.147727966
3,"map(from: a)",4,32,132,1,1,294,0,21.445751190
3,"map(from: a)",4,32,132,1,1,28,0,21.302700043
3,"map(from: a)",4,32,132,1,1,114,0,21.445751190
3,"map(from: a)",4,32,132,1,1,2,0,21.505355835
3,"map(from: a)",4,32,132,1,1,7,0,20.647048950
3,"map(from: a)",4,32,132,1,1,183,0,21.553039551
3,"map(from: a)",4,32,132,1,1,8096,0,70.798397064
3,"map(from: a)",4,32,132,1,1,11,0,21.100044250
3,"map(from: a)",4,32,132,1,1,1,0,21.445751190
3,"map(from: a)",4,32,132,1,1,1218,0,29.551982880
3,"map(from: a)",4,32,132,1,1,472,0,21.445751190
3,"map(from: a)",4,32,132,1,1,71,0,21.243095398
3,"map(from: a)",4,32,132,1,1,5042,0,54.204463959
3,"map(from: a)",4,32,132,1,1,4,0,21.147727966
3,"map(from: a)",4,32,132,1,2,2,0,21.195411682
3,"map(from: a)",4,32,132,1,2,71,0,21.350383759
3,"map(from: a)",4,32,132,1,2,17,0,21.147727966
3,"map(from: a)",4,32,132,1,2,472,0,21.100044250
3,"map(from: a)",4,32,132,1,2,5042,0,54.252147675
3,"map(from: a)",4,32,132,1,2,28,0,21.302700043
3,"map(from: a)",4,32,132,1,2,44,0,21.052360535
3,"map(from: a)",4,32,132,1,2,1218,0,29.301643372
3,"map(from: a)",4,32,132,1,2,4,0,21.195411682
3,"map(from: a)",4,32,132,1,2,1955,0,29.349327087
3,"map(from: a)",4,32,132,1,2,183,0,20.802021027
3,"map(from: a)",4,32,132,1,2,7,0,21.052360535
3,"map(from: a)",4,32,132,1,2,758,0,21.100044250
3,"map(from: a)",4,32,132,1,2,1,0,21.004676819
3,"map(from: a)",4,32,132,1,2,3140,0,37.598609924
3,"map(from: a)",4,32,132,1,2,8096,0,70.250034332
3,"map(from: a)",4,32,132,1,2,3,0,21.207332611
3,"map(from: a)",4,32,132,1,2,114,0,21.147727966
3,"map(from: a)",4,32,132,1,2,11,0,20.802021027
3,"map(from: a)",4,32,132,1,2,294,0,21.350383759
3,"map(from: a)",4,32,132,1,3,1,0,21.100044250
3,"map(from: a)",4,32,132,1,3,17,0,21.350383759
3,"map(from: a)",4,32,132,1,3,294,0,21.409988403
3,"map(from: a)",4,32,132,1,3,5042,0,54.347515106
3,"map(from: a)",4,32,132,1,3,114,0,21.505355835
3,"map(from: a)",4,32,132,1,3,28,0,21.195411682
3,"map(from: a)",4,32,132,1,3,1218,0,29.551982880
3,"map(from: a)",4,32,132,1,3,2,0,21.052360535
3,"map(from: a)",4,32,132,1,3,3,0,21.195411682
3,"map(from: a)",4,32,132,1,3,4,0,21.255016327
3,"map(from: a)",4,32,132,1,3,758,0,21.195411682
3,"map(from: a)",4,32,132,1,3,11,0,21.004676819
3,"map(from: a)",4,32,132,1,3,44,0,21.052360535
3,"map(from: a)",4,32,132,1,3,472,0,21.553039551
3,"map(from: a)",4,32,132,1,3,7,0,21.100044250
3,"map(from: a)",4,32,132,1,3,1955,0,29.492378235
3,"map(from: a)",4,32,132,1,3,71,0,21.350383759
3,"map(from: a)",4,32,132,1,3,183,0,21.398067474
3,"map(from: a)",4,32,132,1,3,8096,0,70.500373840
3,"map(from: a)",4,32,132,1,3,3140,0,37.550926208
3,"map(from: a)",4,32,132,1,4,472,0,21.350383759
3,"map(from: a)",4,32,132,1,4,71,0,20.992755890
3,"map(from: a)",4,32,132,1,4,1,0,21.398067474
3,"map(from: a)",4,32,132,1,4,11,0,21.588802338
3,"map(from: a)",4,32,132,1,4,4,0,21.052360535
3,"map(from: a)",4,32,132,1,4,3140,0,37.646293640
3,"map(from: a)",4,32,132,1,4,28,0,21.052360535
3,"map(from: a)",4,32,132,1,4,1218,0,29.551982880
3,"map(from: a)",4,32,132,1,4,2,0,21.398067474
3,"map(from: a)",4,32,132,1,4,183,0,21.147727966
3,"map(from: a)",4,32,132,1,4,5042,0,53.989887238
3,"map(from: a)",4,32,132,1,4,114,0,20.909309387
3,"map(from: a)",4,32,132,1,4,3,0,20.849704742
3,"map(from: a)",4,32,132,1,4,44,0,21.004676819
3,"map(from: a)",4,32,132,1,4,758,0,21.100044250
3,"map(from: a)",4,32,132,1,4,8096,0,70.500373840
3,"map(from: a)",4,32,132,1,4,1955,0,29.397010803
3,"map(from: a)",4,32,132,1,4,294,0,21.600723267
3,"map(from: a)",4,32,132,1,4,7,0,21.243095398
3,"map(from: a)",4,32,132,1,4,17,0,21.052360535
3,"map(from: a)",16,32,132,0,0,7,0,21.100044250
3,"map(from: a)",16,32,132,0,0,114,0,21.243095398
3,"map(from: a)",16,32,132,0,0,3,0,21.398067474
3,"map(from: a)",16,32,132,0,0,17,0,21.052360535
3,"map(from: a)",16,32,132,0,0,1,0,20.945072174
3,"map(from: a)",16,32,132,0,0,44,0,21.100044250
3,"map(from: a)",16,32,132,0,0,294,0,21.445751190
3,"map(from: a)",16,32,132,0,0,3140,0,37.550926208
3,"map(from: a)",16,32,132,0,0,4,0,21.409988403
3,"map(from: a)",16,32,132,0,0,1955,0,29.551982880
3,"map(from: a)",16,32,132,0,0,183,0,21.243095398
3,"map(from: a)",16,32,132,0,0,8096,0,70.548057556
3,"map(from: a)",16,32,132,0,0,758,0,21.100044250
3,"map(from: a)",16,32,132,0,0,71,0,20.897388458
3,"map(from: a)",16,32,132,0,0,2,0,20.849704742
3,"map(from: a)",16,32,132,0,0,11,0,20.897388458
3,"map(from: a)",16,32,132,0,0,28,0,21.243095398
3,"map(from: a)",16,32,132,0,0,5042,0,54.109096527
3,"map(from: a)",16,32,132,0,0,1218,0,29.551982880
3,"map(from: a)",16,32,132,0,0,472,0,21.457672119
3,"map(from: a)",16,32,132,0,1,4,0,20.992755890
3,"map(from: a)",16,32,132,0,1,1,0,20.897388458
3,"map(from: a)",16,32,132,0,1,17,0,21.255016327
3,"map(from: a)",16,32,132,0,1,28,0,21.255016327
3,"map(from: a)",16,32,132,0,1,11,0,21.100044250
3,"map(from: a)",16,32,132,0,1,3140,0,37.848949432
3,"map(from: a)",16,32,132,0,1,2,0,21.398067474
3,"map(from: a)",16,32,132,0,1,758,0,21.195411682
3,"map(from: a)",16,32,132,0,1,1218,0,29.790401459
3,"map(from: a)",16,32,132,0,1,44,0,21.946430206
3,"map(from: a)",16,32,132,0,1,71,0,21.243095398
3,"map(from: a)",16,32,132,0,1,114,0,21.100044250
3,"map(from: a)",16,32,132,0,1,294,0,21.147727966
3,"map(from: a)",16,32,132,0,1,7,0,21.255016327
3,"map(from: a)",16,32,132,0,1,183,0,21.398067474
3,"map(from: a)",16,32,132,0,1,8096,0,70.559978485
3,"map(from: a)",16,32,132,0,1,472,0,21.100044250
3,"map(from: a)",16,32,132,0,1,1955,0,29.504299164
3,"map(from: a)",16,32,132,0,1,3,0,21.493434906
3,"map(from: a)",16,32,132,0,1,5042,0,54.454803467
3,"map(from: a)",16,32,132,0,2,3,0,21.052360535
3,"map(from: a)",16,32,132,0,2,44,0,21.350383759
3,"map(from: a)",16,32,132,0,2,1,0,21.302700043
3,"map(from: a)",16,32,132,0,2,183,0,21.290779114
3,"map(from: a)",16,32,132,0,2,294,0,21.350383759
3,"map(from: a)",16,32,132,0,2,5042,0,54.061412811
3,"map(from: a)",16,32,132,0,2,7,0,21.195411682
3,"map(from: a)",16,32,132,0,2,8096,0,70.500373840
3,"map(from: a)",16,32,132,0,2,2,0,21.445751190
3,"map(from: a)",16,32,132,0,2,114,0,21.195411682
3,"map(from: a)",16,32,132,0,2,71,0,20.956993103
3,"map(from: a)",16,32,132,0,2,1955,0,29.551982880
3,"map(from: a)",16,32,132,0,2,17,0,20.897388458
3,"map(from: a)",16,32,132,0,2,472,0,21.195411682
3,"map(from: a)",16,32,132,0,2,11,0,20.897388458
3,"map(from: a)",16,32,132,0,2,1218,0,29.397010803
3,"map(from: a)",16,32,132,0,2,4,0,21.004676819
3,"map(from: a)",16,32,132,0,2,3140,0,37.550926208
3,"map(from: a)",16,32,132,0,2,758,0,21.052360535
3,"map(from: a)",16,32,132,0,2,28,0,21.195411682
3,"map(from: a)",16,32,132,0,3,11,0,21.207332611
3,"map(from: a)",16,32,132,0,3,4,0,21.457672119
3,"map(from: a)",16,32,132,0,3,5042,0,54.407119751
3,"map(from: a)",16,32,132,0,3,183,0,21.052360535
3,"map(from: a)",16,32,132,0,3,17,0,21.398067474
3,"map(from: a)",16,32,132,0,3,3,0,21.159648895
3,"map(from: a)",16,32,132,0,3,28,0,21.052360535
3,"map(from: a)",16,32,132,0,3,1218,0,29.742717743
3,"map(from: a)",16,32,132,0,3,114,0,21.147727966
3,"map(from: a)",16,32,132,0,3,758,0,21.553039551
3,"map(from: a)",16,32,132,0,3,1955,0,29.540061951
3,"map(from: a)",16,32,132,0,3,472,0,21.147727966
3,"map(from: a)",16,32,132,0,3,7,0,21.302700043
3,"map(from: a)",16,32,132,0,3,44,0,21.302700043
3,"map(from: a)",16,32,132,0,3,3140,0,37.753582001
3,"map(from: a)",16,32,132,0,3,8096,0,70.703029633
3,"map(from: a)",16,32,132,0,3,71,0,21.147727966
3,"map(from: a)",16,32,132,0,3,1,0,21.195411682
3,"map(from: a)",16,32,132,0,3,2,0,21.052360535
3,"map(from: a)",16,32,132,0,3,294,0,20.897388458
3,"map(from: a)",16,32,132,0,4,3,0,21.553039551
3,"map(from: a)",16,32,132,0,4,8096,0,70.345401764
3,"map(from: a)",16,32,132,0,4,1,0,20.849704742
3,"map(from: a)",16,32,132,0,4,28,0,21.004676819
3,"map(from: a)",16,32,132,0,4,17,0,21.255016327
3,"map(from: a)",16,32,132,0,4,5042,0,53.942203522
3,"map(from: a)",16,32,132,0,4,7,0,21.052360535
3,"map(from: a)",16,32,132,0,4,114,0,21.100044250
3,"map(from: a)",16,32,132,0,4,44,0,21.290779114
3,"map(from: a)",16,32,132,0,4,2,0,20.945072174
3,"map(from: a)",16,32,132,0,4,294,0,21.100044250
3,"map(from: a)",16,32,132,0,4,758,0,21.350383759
3,"map(from: a)",16,32,132,0,4,183,0,21.243095398
3,"map(from: a)",16,32,132,0,4,4,0,21.255016327
3,"map(from: a)",16,32,132,0,4,1218,0,29.754638672
3,"map(from: a)",16,32,132,0,4,71,0,20.897388458
3,"map(from: a)",16,32,132,0,4,1955,0,29.301643372
3,"map(from: a)",16,32,132,0,4,11,0,20.992755890
3,"map(from: a)",16,32,132,0,4,472,0,21.195411682
3,"map(from: a)",16,32,132,0,4,3140,0,37.693977356
3,"map(from: a)",16,32,132,1,0,2,0,21.243095398
3,"map(from: a)",16,32,132,1,0,4,0,21.696090698
3,"map(from: a)",16,32,132,1,0,472,0,21.052360535
3,"map(from: a)",16,32,132,1,0,3140,0,37.848949432
3,"map(from: a)",16,32,132,1,0,183,0,21.350383759
3,"map(from: a)",16,32,132,1,0,28,0,21.100044250
3,"map(from: a)",16,32,132,1,0,71,0,20.945072174
3,"map(from: a)",16,32,132,1,0,1218,0,29.551982880
3,"map(from: a)",16,32,132,1,0,294,0,20.956993103
3,"map(from: a)",16,32,132,1,0,1,0,21.350383759
3,"map(from: a)",16,32,132,1,0,7,0,21.004676819
3,"map(from: a)",16,32,132,1,0,1955,0,29.301643372
3,"map(from: a)",16,32,132,1,0,758,0,21.052360535
3,"map(from: a)",16,32,132,1,0,114,0,21.100044250
3,"map(from: a)",16,32,132,1,0,11,0,21.398067474
3,"map(from: a)",16,32,132,1,0,3,0,21.243095398
3,"map(from: a)",16,32,132,1,0,8096,0,70.548057556
3,"map(from: a)",16,32,132,1,0,44,0,21.052360535
3,"map(from: a)",16,32,132,1,0,17,0,21.350383759
3,"map(from: a)",16,32,132,1,0,5042,0,54.395198822
3,"map(from: a)",16,32,132,1,1,758,0,20.909309387
3,"map(from: a)",16,32,132,1,1,3,0,21.302700043
3,"map(from: a)",16,32,132,1,1,3140,0,37.550926208
3,"map(from: a)",16,32,132,1,1,1955,0,29.301643372
3,"map(from: a)",16,32,132,1,1,44,0,21.302700043
3,"map(from: a)",16,32,132,1,1,17,0,21.350383759
3,"map(from: a)",16,32,132,1,1,294,0,21.445751190
3,"map(from: a)",16,32,132,1,1,28,0,21.445751190
3,"map(from: a)",16,32,132,1,1,114,0,21.302700043
3,"map(from: a)",16,32,132,1,1,2,0,21.553039551
3,"map(from: a)",16,32,132,1,1,7,0,21.445751190
3,"map(from: a)",16,32,132,1,1,183,0,21.457672119
3,"map(from: a)",16,32,132,1,1,8096,0,70.750713348
3,"map(from: a)",16,32,132,1,1,11,0,21.100044250
3,"map(from: a)",16,32,132,1,1,1,0,21.350383759
3,"map(from: a)",16,32,132,1,1,1218,0,29.540061951
3,"map(from: a)",16,32,132,1,1,472,0,21.255016327
3,"map(from: a)",16,32,132,1,1,71,0,21.493434906
3,"map(from: a)",16,32,132,1,1,5042,0,53.894519806
3,"map(from: a)",16,32,132,1,1,4,0,21.147727966
3,"map(from: a)",16,32,132,1,2,2,0,21.302700043
3,"map(from: a)",16,32,132,1,2,71,0,20.706653595
3,"map(from: a)",16,32,132,1,2,17,0,20.956993103
3,"map(from: a)",16,32,132,1,2,472,0,21.207332611
3,"map(from: a)",16,32,132,1,2,5042,0,54.502487183
3,"map(from: a)",16,32,132,1,2,28,0,20.992755890
3,"map(from: a)",16,32,132,1,2,44,0,21.052360535
3,"map(from: a)",16,32,132,1,2,1218,0,29.349327087
3,"map(from: a)",16,32,132,1,2,4,0,21.445751190
3,"map(from: a)",16,32,132,1,2,1955,0,29.444694519
3,"map(from: a)",16,32,132,1,2,183,0,21.290779114
3,"map(from: a)",16,32,132,1,2,7,0,21.004676819
3,"map(from: a)",16,32,132,1,2,758,0,20.897388458
3,"map(from: a)",16,32,132,1,2,1,0,21.600723267
3,"map(from: a)",16,32,132,1,2,3140,0,37.992000580
3,"map(from: a)",16,32,132,1,2,8096,0,70.405006409
3,"map(from: a)",16,32,132,1,2,3,0,21.147727966
3,"map(from: a)",16,32,132,1,2,114,0,21.147727966
3,"map(from: a)",16,32,132,1,2,11,0,21.004676819
3,"map(from: a)",16,32,132,1,2,294,0,21.004676819
3,"map(from: a)",16,32,132,1,3,1,0,21.052360535
3,"map(from: a)",16,32,132,1,3,17,0,21.255016327
3,"map(from: a)",16,32,132,1,3,294,0,21.255016327
3,"map(from: a)",16,32,132,1,3,5042,0,54.240226746
3,"map(from: a)",16,32,132,1,3,114,0,21.100044250
3,"map(from: a)",16,32,132,1,3,28,0,21.207332611
3,"map(from: a)",16,32,132,1,3,1218,0,29.659271240
3,"map(from: a)",16,32,132,1,3,2,0,21.195411682
3,"map(from: a)",16,32,132,1,3,3,0,21.100044250
3,"map(from: a)",16,32,132,1,3,4,0,21.398067474
3,"map(from: a)",16,32,132,1,3,758,0,21.147727966
3,"map(from: a)",16,32,132,1,3,11,0,21.052360535
3,"map(from: a)",16,32,132,1,3,44,0,21.255016327
3,"map(from: a)",16,32,132,1,3,472,0,21.195411682
3,"map(from: a)",16,32,132,1,3,7,0,21.207332611
3,"map(from: a)",16,32,132,1,3,1955,0,29.599666595
3,"map(from: a)",16,32,132,1,3,71,0,21.100044250
3,"map(from: a)",16,32,132,1,3,183,0,20.849704742
3,"map(from: a)",16,32,132,1,3,8096,0,70.393085480
3,"map(from: a)",16,32,132,1,3,3140,0,37.646293640
3,"map(from: a)",16,32,132,1,4,472,0,21.100044250
3,"map(from: a)",16,32,132,1,4,71,0,21.302700043
3,"map(from: a)",16,32,132,1,4,1,0,20.802021027
3,"map(from: a)",16,32,132,1,4,11,0,21.302700043
3,"map(from: a)",16,32,132,1,4,4,0,21.147727966
3,"map(from: a)",16,32,132,1,4,3140,0,37.598609924
3,"map(from: a)",16,32,132,1,4,28,0,21.195411682
3,"map(from: a)",16,32,132,1,4,1218,0,29.253959656
3,"map(from: a)",16,32,132,1,4,2,0,21.100044250
3,"map(from: a)",16,32,132,1,4,183,0,21.100044250
3,"map(from: a)",16,32,132,1,4,5042,0,54.097175598
3,"map(from: a)",16,32,132,1,4,114,0,21.147727966
3,"map(from: a)",16,32,132,1,4,3,0,21.350383759
3,"map(from: a)",16,32,132,1,4,44,0,21.195411682
3,"map(from: a)",16,32,132,1,4,758,0,21.100044250
3,"map(from: a)",16,32,132,1,4,8096,0,70.798397064
3,"map(from: a)",16,32,132,1,4,1955,0,29.349327087
3,"map(from: a)",16,32,132,1,4,294,0,21.803379059
3,"map(from: a)",16,32,132,1,4,7,0,21.100044250
3,"map(from: a)",16,32,132,1,4,17,0,20.492076874
3,"map(from: a)",64,32,132,0,0,7,0,21.398067474
3,"map(from: a)",64,32,132,0,0,114,0,21.052360535
3,"map(from: a)",64,32,132,0,0,3,0,21.207332611
3,"map(from: a)",64,32,132,0,0,17,0,20.790100098
3,"map(from: a)",64,32,132,0,0,1,0,20.945072174
3,"map(from: a)",64,32,132,0,0,44,0,21.052360535
3,"map(from: a)",64,32,132,0,0,294,0,20.956993103
3,"map(from: a)",64,32,132,0,0,3140,0,37.205219269
3,"map(from: a)",64,32,132,0,0,4,0,21.147727966
3,"map(from: a)",64,32,132,0,0,1955,0,29.647350311
3,"map(from: a)",64,32,132,0,0,183,0,20.802021027
3,"map(from: a)",64,32,132,0,0,8096,0,70.548057556
3,"map(from: a)",64,32,132,0,0,758,0,21.255016327
3,"map(from: a)",64,32,132,0,0,71,0,21.004676819
3,"map(from: a)",64,32,132,0,0,2,0,20.849704742
3,"map(from: a)",64,32,132,0,0,11,0,20.897388458
3,"map(from: a)",64,32,132,0,0,28,0,21.100044250
3,"map(from: a)",64,32,132,0,0,5042,0,54.001808167
3,"map(from: a)",64,32,132,0,0,1218,0,29.301643372
3,"map(from: a)",64,32,132,0,0,472,0,20.945072174
3,"map(from: a)",64,32,132,0,1,4,0,21.004676819
3,"map(from: a)",64,32,132,0,1,1,0,21.100044250
3,"map(from: a)",64,32,132,0,1,17,0,20.897388458
3,"map(from: a)",64,32,132,0,1,28,0,21.100044250
3,"map(from: a)",64,32,132,0,1,11,0,21.004676819
3,"map(from: a)",64,32,132,0,1,3140,0,37.503242493
3,"map(from: a)",64,32,132,0,1,2,0,21.207332611
3,"map(from: a)",64,32,132,0,1,758,0,21.100044250
3,"map(from: a)",64,32,132,0,1,1218,0,29.098987579
3,"map(from: a)",64,32,132,0,1,44,0,20.802021027
3,"map(from: a)",64,32,132,0,1,71,0,20.992755890
3,"map(from: a)",64,32,132,0,1,114,0,20.694732666
3,"map(from: a)",64,32,132,0,1,294,0,21.052360535
3,"map(from: a)",64,32,132,0,1,7,0,20.945072174
3,"map(from: a)",64,32,132,0,1,183,0,20.897388458
3,"map(from: a)",64,32,132,0,1,8096,0,70.548057556
3,"map(from: a)",64,32,132,0,1,472,0,21.100044250
3,"map(from: a)",64,32,132,0,1,1955,0,29.504299164
3,"map(from: a)",64,32,132,0,1,3,0,21.100044250
3,"map(from: a)",64,32,132,0,1,5042,0,53.703784943
3,"map(from: a)",64,32,132,0,2,3,0,20.992755890
3,"map(from: a)",64,32,132,0,2,44,0,21.004676819
3,"map(from: a)",64,32,132,0,2,1,0,21.207332611
3,"map(from: a)",64,32,132,0,2,183,0,21.207332611
3,"map(from: a)",64,32,132,0,2,294,0,20.992755890
3,"map(from: a)",64,32,132,0,2,5042,0,54.001808167
3,"map(from: a)",64,32,132,0,2,7,0,21.147727966
3,"map(from: a)",64,32,132,0,2,8096,0,70.405006409
3,"map(from: a)",64,32,132,0,2,2,0,21.350383759
3,"map(from: a)",64,32,132,0,2,114,0,20.897388458
3,"map(from: a)",64,32,132,0,2,71,0,21.100044250
3,"map(from: a)",64,32,132,0,2,1955,0,29.492378235
3,"map(from: a)",64,32,132,0,2,17,0,21.600723267
3,"map(from: a)",64,32,132,0,2,472,0,21.302700043
3,"map(from: a)",64,32,132,0,2,11,0,21.195411682
3,"map(from: a)",64,32,132,0,2,1218,0,29.349327087
3,"map(from: a)",64,32,132,0,2,4,0,21.100044250
3,"map(from: a)",64,32,132,0,2,3140,0,37.443637848
3,"map(from: a)",64,32,132,0,2,758,0,21.100044250
3,"map(from: a)",64,32,132,0,2,28,0,20.897388458
3,"map(from: a)",64,32,132,0,3,11,0,21.159648895
3,"map(from: a)",64,32,132,0,3,4,0,20.849704742
3,"map(from: a)",64,32,132,0,3,5042,0,53.906440735
3,"map(from: a)",64,32,132,0,3,183,0,21.004676819
3,"map(from: a)",64,32,132,0,3,17,0,21.207332611
3,"map(from: a)",64,32,132,0,3,3,0,21.100044250
3,"map(from: a)",64,32,132,0,3,28,0,21.159648895
3,"map(from: a)",64,32,132,0,3,1218,0,29.492378235
3,"map(from: a)",64,32,132,0,3,114,0,21.100044250
3,"map(from: a)",64,32,132,0,3,758,0,21.147727966
3,"map(from: a)",64,32,132,0,3,1955,0,29.349327087
3,"map(from: a)",64,32,132,0,3,472,0,20.849704742
3,"map(from: a)",64,32,132,0,3,7,0,21.040439606
3,"map(from: a)",64,32,132,0,3,44,0,21.255016327
3,"map(from: a)",64,32,132,0,3,3140,0,37.789344788
3,"map(from: a)",64,32,132,0,3,8096,0,70.309638977
3,"map(from: a)",64,32,132,0,3,71,0,21.493434906
3,"map(from: a)",64,32,132,0,3,1,0,21.207332611
3,"map(from: a)",64,32,132,0,3,2,0,20.706653595
3,"map(from: a)",64,32,132,0,3,294,0,21.195411682
3,"map(from: a)",64,32,132,0,4,3,0,20.945072174
3,"map(from: a)",64,32,132,0,4,8096,0,70.345401764
3,"map(from: a)",64,32,132,0,4,1,0,21.100044250
3,"map(from: a)",64,32,132,0,4,28,0,21.052360535
3,"map(from: a)",64,32,132,0,4,17,0,20.849704742
3,"map(from: a)",64,32,132,0,4,5042,0,54.001808167
3,"map(from: a)",64,32,132,0,4,7,0,20.802021027
3,"map(from: a)",64,32,132,0,4,114,0,20.945072174
3,"map(from: a)",64,32,132,0,4,44,0,21.195411682
3,"map(from: a)",64,32,132,0,4,2,0,21.195411682
3,"map(from: a)",64,32,132,0,4,294,0,21.052360535
3,"map(from: a)",64,32,132,0,4,758,0,20.742416382
3,"map(from: a)",64,32,132,0,4,183,0,20.849704742
3,"map(from: a)",64,32,132,0,4,4,0,20.897388458
3,"map(from: a)",64,32,132,0,4,1218,0,29.098987579
3,"map(from: a)",64,32,132,0,4,71,0,20.849704742
3,"map(from: a)",64,32,132,0,4,1955,0,29.206275940
3,"map(from: a)",64,32,132,0,4,11,0,21.100044250
3,"map(from: a)",64,32,132,0,4,472,0,21.052360535
3,"map(from: a)",64,32,132,0,4,3140,0,37.491321564
3,"map(from: a)",64,32,132,1,0,2,0,20.849704742
3,"map(from: a)",64,32,132,1,0,4,0,20.945072174
3,"map(from: a)",64,32,132,1,0,472,0,21.100044250
3,"map(from: a)",64,32,132,1,0,3140,0,37.753582001
3,"map(from: a)",64,32,132,1,0,183,0,20.790100098
3,"map(from: a)",64,32,132,1,0,28,0,21.147727966
3,"map(from: a)",64,32,132,1,0,71,0,20.909309387
3,"map(from: a)",64,32,132,1,0,1218,0,29.146671295
3,"map(from: a)",64,32,132,1,0,294,0,20.694732666
3,"map(from: a)",64,32,132,1,0,1,0,20.945072174
3,"map(from: a)",64,32,132,1,0,7,0,21.052360535
3,"map(from: a)",64,32,132,1,0,1955,0,29.289722443
3,"map(from: a)",64,32,132,1,0,758,0,20.909309387
3,"map(from: a)",64,32,132,1,0,114,0,20.802021027
3,"map(from: a)",64,32,132,1,0,11,0,20.897388458
3,"map(from: a)",64,32,132,1,0,3,0,20.897388458
3,"map(from: a)",64,32,132,1,0,8096,0,69.999694824
3,"map(from: a)",64,32,132,1,0,44,0,20.992755890
3,"map(from: a)",64,32,132,1,0,17,0,21.004676819
3,"map(from: a)",64,32,132,1,0,5042,0,54.240226746
3,"map(from: a)",64,32,132,1,1,758,0,20.897388458
3,"map(from: a)",64,32,132,1,1,3,0,21.052360535
3,"map(from: a)",64,32,132,1,1,3140,0,37.300586700
3,"map(from: a)",64,32,132,1,1,1955,0,29.444694519
3,"map(from: a)",64,32,132,1,1,44,0,21.052360535
3,"map(from: a)",64,32,132,1,1,17,0,21.541118622
3,"map(from: a)",64,32,132,1,1,294,0,21.147727966
3,"map(from: a)",64,32,132,1,1,28,0,21.350383759
3,"map(from: a)",64,32,132,1,1,114,0,21.100044250
3,"map(from: a)",64,32,132,1,1,2,0,21.302700043
3,"map(from: a)",64,32,132,1,1,7,0,21.243095398
3,"map(from: a)",64,32,132,1,1,183,0,21.195411682
3,"map(from: a)",64,32,132,1,1,8096,0,70.500373840
3,"map(from: a)",64,32,132,1,1,11,0,20.897388458
3,"map(from: a)",64,32,132,1,1,1,0,21.147727966
3,"map(from: a)",64,32,132,1,1,1218,0,29.349327087
3,"map(from: a)",64,32,132,1,1,472,0,21.195411682
3,"map(from: a)",64,32,132,1,1,71,0,21.100044250
3,"map(from: a)",64,32,132,1,1,5042,0,53.858757019
3,"map(from: a)",64,32,132,1,1,4,0,21.100044250
3,"map(from: a)",64,32,132,1,2,2,0,21.195411682
3,"map(from: a)",64,32,132,1,2,71,0,21.052360535
3,"map(from: a)",64,32,132,1,2,17,0,20.956993103
3,"map(from: a)",64,32,132,1,2,472,0,21.100044250
3,"map(from: a)",64,32,132,1,2,5042,0,53.894519806
3,"map(from: a)",64,32,132,1,2,28,0,21.147727966
3,"map(from: a)",64,32,132,1,2,44,0,20.897388458
3,"map(from: a)",64,32,132,1,2,1218,0,29.289722443
3,"map(from: a)",64,32,132,1,2,4,0,21.100044250
3,"map(from: a)",64,32,132,1,2,1955,0,29.194355011
3,"map(from: a)",64,32,132,1,2,183,0,21.398067474
3,"map(from: a)",64,32,132,1,2,7,0,21.195411682
3,"map(from: a)",64,32,132,1,2,758,0,21.147727966
3,"map(from: a)",64,32,132,1,2,1,0,20.551681519
3,"map(from: a)",64,32,132,1,2,3140,0,37.848949432
3,"map(from: a)",64,32,132,1,2,8096,0,70.452690125
3,"map(from: a)",64,32,132,1,2,3,0,21.004676819
3,"map(from: a)",64,32,132,1,2,114,0,21.052360535
3,"map(from: a)",64,32,132,1,2,11,0,21.100044250
3,"map(from: a)",64,32,132,1,2,294,0,21.052360535
3,"map(from: a)",64,32,132,1,3,1,0,20.945072174
3,"map(from: a)",64,32,132,1,3,17,0,21.195411682
3,"map(from: a)",64,32,132,1,3,294,0,21.255016327
3,"map(from: a)",64,32,132,1,3,5042,0,54.109096527
3,"map(from: a)",64,32,132,1,3,114,0,20.849704742
3,"map(from: a)",64,32,132,1,3,28,0,21.052360535
3,"map(from: a)",64,32,132,1,3,1218,0,29.146671295
3,"map(from: a)",64,32,132,1,3,2,0,21.207332611
3,"map(from: a)",64,32,132,1,3,3,0,21.040439606
3,"map(from: a)",64,32,132,1,3,4,0,21.147727966
3,"map(from: a)",64,32,132,1,3,758,0,20.897388458
3,"map(from: a)",64,32,132,1,3,11,0,20.945072174
3,"map(from: a)",64,32,132,1,3,44,0,21.052360535
3,"map(from: a)",64,32,132,1,3,472,0,20.694732666
3,"map(from: a)",64,32,132,1,3,7,0,21.052360535
3,"map(from: a)",64,32,132,1,3,1955,0,29.253959656
3,"map(from: a)",64,32,132,1,3,71,0,21.040439606
3,"map(from: a)",64,32,132,1,3,183,0,21.302700043
3,"map(from: a)",64,32,132,1,3,8096,0,70.452690125
3,"map(from: a)",64,32,132,1,3,3140,0,37.503242493
3,"map(from: a)",64,32,132,1,4,472,0,21.445751190
3,"map(from: a)",64,32,132,1,4,71,0,21.147727966
3,"map(from: a)",64,32,132,1,4,1,0,21.052360535
3,"map(from: a)",64,32,132,1,4,11,0,21.147727966
3,"map(from: a)",64,32,132,1,4,4,0,21.207332611
3,"map(from: a)",64,32,132,1,4,3140,0,37.658214569
3,"map(from: a)",64,32,132,1,4,28,0,21.255016327
3,"map(from: a)",64,32,132,1,4,1218,0,29.444694519
3,"map(from: a)",64,32,132,1,4,2,0,20.897388458
3,"map(from: a)",64,32,132,1,4,183,0,20.897388458
3,"map(from: a)",64,32,132,1,4,5042,0,54.347515106
3,"map(from: a)",64,32,132,1,4,114,0,20.956993103
3,"map(from: a)",64,32,132,1,4,3,0,20.897388458
3,"map(from: a)",64,32,132,1,4,44,0,21.100044250
3,"map(from: a)",64,32,132,1,4,758,0,20.956993103
3,"map(from: a)",64,32,132,1,4,8096,0,70.250034332
3,"map(from: a)",64,32,132,1,4,1955,0,29.492378235
3,"map(from: a)",64,32,132,1,4,294,0,21.100044250
3,"map(from: a)",64,32,132,1,4,7,0,20.897388458
3,"map(from: a)",64,32,132,1,4,17,0,20.909309387
3,"map(from: a)",256,32,132,0,0,7,0,21.100044250
3,"map(from: a)",256,32,132,0,0,114,0,21.350383759
3,"map(from: a)",256,32,132,0,0,3,0,21.195411682
3,"map(from: a)",256,32,132,0,0,17,0,21.100044250
3,"map(from: a)",256,32,132,0,0,1,0,21.243095398
3,"map(from: a)",256,32,132,0,0,44,0,21.398067474
3,"map(from: a)",256,32,132,0,0,294,0,21.195411682
3,"map(from: a)",256,32,132,0,0,3140,0,37.956237793
3,"map(from: a)",256,32,132,0,0,4,0,21.457672119
3,"map(from: a)",256,32,132,0,0,1955,0,29.444694519
3,"map(from: a)",256,32,132,0,0,183,0,20.992755890
3,"map(from: a)",256,32,132,0,0,8096,0,70.655345917
3,"map(from: a)",256,32,132,0,0,758,0,21.195411682
3,"map(from: a)",256,32,132,0,0,71,0,21.147727966
3,"map(from: a)",256,32,132,0,0,2,0,21.255016327
3,"map(from: a)",256,32,132,0,0,11,0,20.754337311
3,"map(from: a)",256,32,132,0,0,28,0,21.004676819
3,"map(from: a)",256,32,132,0,0,5042,0,54.001808167
3,"map(from: a)",256,32,132,0,0,1218,0,29.599666595
3,"map(from: a)",256,32,132,0,0,472,0,20.802021027
3,"map(from: a)",256,32,132,0,1,4,0,20.992755890
3,"map(from: a)",256,32,132,0,1,1,0,20.956993103
3,"map(from: a)",256,32,132,0,1,17,0,20.754337311
3,"map(from: a)",256,32,132,0,1,28,0,21.243095398
3,"map(from: a)",256,32,132,0,1,11,0,20.694732666
3,"map(from: a)",256,32,132,0,1,3140,0,37.503242493
3,"map(from: a)",256,32,132,0,1,2,0,20.956993103
3,"map(from: a)",256,32,132,0,1,758,0,21.350383759
3,"map(from: a)",256,32,132,0,1,1218,0,29.110908508
3,"map(from: a)",256,32,132,0,1,44,0,21.004676819
3,"map(from: a)",256,32,132,0,1,71,0,21.350383759
3,"map(from: a)",256,32,132,0,1,114,0,21.302700043
3,"map(from: a)",256,32,132,0,1,294,0,21.004676819
3,"map(from: a)",256,32,132,0,1,7,0,21.147727966
3,"map(from: a)",256,32,132,0,1,183,0,20.992755890
3,"map(from: a)",256,32,132,0,1,8096,0,70.643424988
3,"map(from: a)",256,32,132,0,1,472,0,21.195411682
3,"map(from: a)",256,32,132,0,1,1955,0,29.301643372
3,"map(from: a)",256,32,132,0,1,3,0,21.255016327
3,"map(from: a)",256,32,132,0,1,5042,0,54.204463959
3,"map(from: a)",256,32,132,0,2,3,0,21.350383759
3,"map(from: a)",256,32,132,0,2,44,0,21.040439606
3,"map(from: a)",256,32,132,0,2,1,0,21.350383759
3,"map(from: a)",256,32,132,0,2,183,0,21.052360535
3,"map(from: a)",256,32,132,0,2,294,0,21.052360535
3,"map(from: a)",256,32,132,0,2,5042,0,54.359436035
3,"map(from: a)",256,32,132,0,2,7,0,21.100044250
3,"map(from: a)",256,32,132,0,2,8096,0,70.345401764
3,"map(from: a)",256,32,132,0,2,2,0,21.052360535
3,"map(from: a)",256,32,132,0,2,114,0,21.255016327
3,"map(from: a)",256,32,132,0,2,71,0,21.255016327
3,"map(from: a)",256,32,132,0,2,1955,0,29.551982880
3,"map(from: a)",256,32,132,0,2,17,0,21.052360535
3,"map(from: a)",256,32,132,0,2,472,0,21.147727966
3,"map(from: a)",256,32,132,0,2,11,0,20.849704742
3,"map(from: a)",256,32,132,0,2,1218,0,29.551982880
3,"map(from: a)",256,32,132,0,2,4,0,21.207332611
3,"map(from: a)",256,32,132,0,2,3140,0,37.598609924
3,"map(from: a)",256,32,132,0,2,758,0,21.398067474
3,"map(from: a)",256,32,132,0,2,28,0,21.207332611
3,"map(from: a)",256,32,132,0,3,11,0,21.553039551
3,"map(from: a)",256,32,132,0,3,4,0,20.956993103
3,"map(from: a)",256,32,132,0,3,5042,0,54.454803467
3,"map(from: a)",256,32,132,0,3,183,0,21.147727966
3,"map(from: a)",256,32,132,0,3,17,0,21.255016327
3,"map(from: a)",256,32,132,0,3,3,0,21.505355835
3,"map(from: a)",256,32,132,0,3,28,0,21.100044250
3,"map(from: a)",256,32,132,0,3,1218,0,29.504299164
3,"map(from: a)",256,32,132,0,3,114,0,21.207332611
3,"map(from: a)",256,32,132,0,3,758,0,21.302700043
3,"map(from: a)",256,32,132,0,3,1955,0,29.599666595
3,"map(from: a)",256,32,132,0,3,472,0,21.290779114
3,"map(from: a)",256,32,132,0,3,7,0,21.457672119
3,"map(from: a)",256,32,132,0,3,44,0,21.052360535
3,"map(from: a)",256,32,132,0,3,3140,0,37.598609924
3,"map(from: a)",256,32,132,0,3,8096,0,70.953369141
3,"map(from: a)",256,32,132,0,3,71,0,21.195411682
3,"map(from: a)",256,32,132,0,3,1,0,21.302700043
3,"map(from: a)",256,32,132,0,3,2,0,21.052360535
3,"map(from: a)",256,32,132,0,3,294,0,21.195411682
3,"map(from: a)",256,32,132,0,4,3,0,21.350383759
3,"map(from: a)",256,32,132,0,4,8096,0,70.643424988
3,"map(from: a)",256,32,132,0,4,1,0,21.100044250
3,"map(from: a)",256,32,132,0,4,28,0,21.207332611
3,"map(from: a)",256,32,132,0,4,17,0,21.052360535
3,"map(from: a)",256,32,132,0,4,5042,0,54.144859314
3,"map(from: a)",256,32,132,0,4,7,0,21.100044250
3,"map(from: a)",256,32,132,0,4,114,0,21.052360535
3,"map(from: a)",256,32,132,0,4,44,0,21.302700043
3,"map(from: a)",256,32,132,0,4,2,0,21.052360535
3,"map(from: a)",256,32,132,0,4,294,0,20.945072174
3,"map(from: a)",256,32,132,0,4,758,0,21.207332611
3,"map(from: a)",256,32,132,0,4,183,0,20.599365234
3,"map(from: a)",256,32,132,0,4,4,0,20.849704742
3,"map(from: a)",256,32,132,0,4,1218,0,29.456615448
3,"map(from: a)",256,32,132,0,4,71,0,20.897388458
3,"map(from: a)",256,32,132,0,4,1955,0,29.098987579
3,"map(from: a)",256,32,132,0,4,11,0,21.052360535
3,"map(from: a)",256,32,132,0,4,472,0,21.255016327
3,"map(from: a)",256,32,132,0,4,3140,0,37.992000580
3,"map(from: a)",256,32,132,1,0,2,0,21.302700043
3,"map(from: a)",256,32,132,1,0,4,0,21.195411682
3,"map(from: a)",256,32,132,1,0,472,0,20.897388458
3,"map(from: a)",256,32,132,1,0,3140,0,37.944316864
3,"map(from: a)",256,32,132,1,0,183,0,21.290779114
3,"map(from: a)",256,32,132,1,0,28,0,20.956993103
3,"map(from: a)",256,32,132,1,0,71,0,21.147727966
3,"map(from: a)",256,32,132,1,0,1218,0,29.551982880
3,"map(from: a)",256,32,132,1,0,294,0,20.956993103
3,"map(from: a)",256,32,132,1,0,1,0,21.493434906
3,"map(from: a)",256,32,132,1,0,7,0,21.195411682
3,"map(from: a)",256,32,132,1,0,1955,0,29.492378235
3,"map(from: a)",256,32,132,1,0,758,0,21.100044250
3,"map(from: a)",256,32,132,1,0,114,0,21.541118622
3,"map(from: a)",256,32,132,1,0,11,0,21.493434906
3,"map(from: a)",256,32,132,1,0,3,0,21.243095398
3,"map(from: a)",256,32,132,1,0,8096,0,70.548057556
3,"map(from: a)",256,32,132,1,0,44,0,21.052360535
3,"map(from: a)",256,32,132,1,0,17,0,21.207332611
3,"map(from: a)",256,32,132,1,0,5042,0,54.144859314
3,"map(from: a)",256,32,132,1,1,758,0,21.302700043
3,"map(from: a)",256,32,132,1,1,3,0,21.004676819
3,"map(from: a)",256,32,132,1,1,3140,0,37.503242493
3,"map(from: a)",256,32,132,1,1,1955,0,29.397010803
3,"map(from: a)",256,32,132,1,1,44,0,21.100044250
3,"map(from: a)",256,32,132,1,1,17,0,20.897388458
3,"map(from: a)",256,32,132,1,1,294,0,21.350383759
3,"map(from: a)",256,32,132,1,1,28,0,21.100044250
3,"map(from: a)",256,32,132,1,1,114,0,21.302700043
3,"map(from: a)",256,32,132,1,1,2,0,21.052360535
3,"map(from: a)",256,32,132,1,1,7,0,21.040439606
3,"map(from: a)",256,32,132,1,1,183,0,20.897388458
3,"map(from: a)",256,32,132,1,1,8096,0,70.500373840
3,"map(from: a)",256,32,132,1,1,11,0,21.100044250
3,"map(from: a)",256,32,132,1,1,1,0,21.147727966
3,"map(from: a)",256,32,132,1,1,1218,0,29.301643372
3,"map(from: a)",256,32,132,1,1,472,0,20.992755890
3,"map(from: a)",256,32,132,1,1,71,0,21.147727966
3,"map(from: a)",256,32,132,1,1,5042,0,53.954124451
3,"map(from: a)",256,32,132,1,1,4,0,21.255016327
3,"map(from: a)",256,32,132,1,2,2,0,21.159648895
3,"map(from: a)",256,32,132,1,2,71,0,21.159648895
3,"map(from: a)",256,32,132,1,2,17,0,21.052360535
3,"map(from: a)",256,32,132,1,2,472,0,21.350383759
3,"map(from: a)",256,32,132,1,2,5042,0,54.001808167
3,"map(from: a)",256,32,132,1,2,28,0,21.147727966
3,"map(from: a)",256,32,132,1,2,44,0,21.100044250
3,"map(from: a)",256,32,132,1,2,1218,0,29.850006104
3,"map(from: a)",256,32,132,1,2,4,0,21.445751190
3,"map(from: a)",256,32,132,1,2,1955,0,29.504299164
3,"map(from: a)",256,32,132,1,2,183,0,21.207332611
3,"map(from: a)",256,32,132,1,2,7,0,21.159648895
3,"map(from: a)",256,32,132,1,2,758,0,20.992755890
3,"map(from: a)",256,32,132,1,2,1,0,21.100044250
3,"map(from: a)",256,32,132,1,2,3140,0,37.491321564
3,"map(from: a)",256,32,132,1,2,8096,0,70.548057556
3,"map(from: a)",256,32,132,1,2,3,0,21.004676819
3,"map(from: a)",256,32,132,1,2,114,0,21.100044250
3,"map(from: a)",256,32,132,1,2,11,0,21.255016327
3,"map(from: a)",256,32,132,1,2,294,0,20.945072174
3,"map(from: a)",256,32,132,1,3,1,0,21.290779114
3,"map(from: a)",256,32,132,1,3,17,0,21.398067474
3,"map(from: a)",256,32,132,1,3,294,0,21.350383759
3,"map(from: a)",256,32,132,1,3,5042,0,53.846836090
3,"map(from: a)",256,32,132,1,3,114,0,21.350383759
3,"map(from: a)",256,32,132,1,3,28,0,20.897388458
3,"map(from: a)",256,32,132,1,3,1218,0,29.504299164
3,"map(from: a)",256,32,132,1,3,2,0,20.706653595
3,"map(from: a)",256,32,132,1,3,3,0,21.350383759
3,"map(from: a)",256,32,132,1,3,4,0,21.398067474
3,"map(from: a)",256,32,132,1,3,758,0,21.147727966
3,"map(from: a)",256,32,132,1,3,11,0,21.398067474
3,"map(from: a)",256,32,132,1,3,44,0,21.493434906
3,"map(from: a)",256,32,132,1,3,472,0,20.956993103
3,"map(from: a)",256,32,132,1,3,7,0,21.040439606
3,"map(from: a)",256,32,132,1,3,1955,0,29.647350311
3,"map(from: a)",256,32,132,1,3,71,0,20.897388458
3,"map(from: a)",256,32,132,1,3,183,0,20.992755890
3,"map(from: a)",256,32,132,1,3,8096,0,70.405006409
3,"map(from: a)",256,32,132,1,3,3140,0,37.598609924
3,"map(from: a)",256,32,132,1,4,472,0,21.302700043
3,"map(from: a)",256,32,132,1,4,71,0,21.147727966
3,"map(from: a)",256,32,132,1,4,1,0,21.195411682
3,"map(from: a)",256,32,132,1,4,11,0,21.398067474
3,"map(from: a)",256,32,132,1,4,4,0,21.004676819
3,"map(from: a)",256,32,132,1,4,3140,0,37.503242493
3,"map(from: a)",256,32,132,1,4,28,0,21.302700043
3,"map(from: a)",256,32,132,1,4,1218,0,29.754638672
3,"map(from: a)",256,32,132,1,4,2,0,21.004676819
3,"map(from: a)",256,32,132,1,4,183,0,21.302700043
3,"map(from: a)",256,32,132,1,4,5042,0,54.252147675
3,"map(from: a)",256,32,132,1,4,114,0,21.350383759
3,"map(from: a)",256,32,132,1,4,3,0,21.302700043
3,"map(from: a)",256,32,132,1,4,44,0,21.398067474
3,"map(from: a)",256,32,132,1,4,758,0,21.147727966
3,"map(from: a)",256,32,132,1,4,8096,0,70.452690125
3,"map(from: a)",256,32,132,1,4,1955,0,29.897689819
3,"map(from: a)",256,32,132,1,4,294,0,21.052360535
3,"map(from: a)",256,32,132,1,4,7,0,21.195411682
3,"map(from: a)",256,32,132,1,4,17,0,21.350383759
3,"map(from: a)",1024,32,132,0,0,7,0,20.956993103
3,"map(from: a)",1024,32,132,0,0,114,0,20.945072174
3,"map(from: a)",1024,32,132,0,0,3,0,20.647048950
3,"map(from: a)",1024,32,132,0,0,17,0,20.599365234
3,"map(from: a)",1024,32,132,0,0,1,0,20.945072174
3,"map(from: a)",1024,32,132,0,0,44,0,20.992755890
3,"map(from: a)",1024,32,132,0,0,294,0,20.897388458
3,"map(from: a)",1024,32,132,0,0,3140,0,37.443637848
3,"map(from: a)",1024,32,132,0,0,4,0,20.897388458
3,"map(from: a)",1024,32,132,0,0,1955,0,29.098987579
3,"map(from: a)",1024,32,132,0,0,183,0,20.551681519
3,"map(from: a)",1024,32,132,0,0,8096,0,70.500373840
3,"map(from: a)",1024,32,132,0,0,758,0,20.802021027
3,"map(from: a)",1024,32,132,0,0,71,0,20.897388458
3,"map(from: a)",1024,32,132,0,0,2,0,21.100044250
3,"map(from: a)",1024,32,132,0,0,11,0,21.243095398
3,"map(from: a)",1024,32,132,0,0,28,0,20.790100098
3,"map(from: a)",1024,32,132,0,0,5042,0,53.906440735
3,"map(from: a)",1024,32,132,0,0,1218,0,29.039382935
3,"map(from: a)",1024,32,132,0,0,472,0,20.658969879
3,"map(from: a)",1024,32,132,0,1,4,0,21.350383759
3,"map(from: a)",1024,32,132,0,1,1,0,20.802021027
3,"map(from: a)",1024,32,132,0,1,17,0,20.706653595
3,"map(from: a)",1024,32,132,0,1,28,0,20.849704742
3,"map(from: a)",1024,32,132,0,1,11,0,21.100044250
3,"map(from: a)",1024,32,132,0,1,3140,0,37.550926208
3,"map(from: a)",1024,32,132,0,1,2,0,20.897388458
3,"map(from: a)",1024,32,132,0,1,758,0,20.849704742
3,"map(from: a)",1024,32,132,0,1,1218,0,29.242038727
3,"map(from: a)",1024,32,132,0,1,44,0,20.849704742
3,"map(from: a)",1024,32,132,0,1,71,0,20.992755890
3,"map(from: a)",1024,32,132,0,1,114,0,20.503997803
3,"map(from: a)",1024,32,132,0,1,294,0,20.897388458
3,"map(from: a)",1024,32,132,0,1,7,0,21.100044250
3,"map(from: a)",1024,32,132,0,1,183,0,20.706653595
3,"map(from: a)",1024,32,132,0,1,8096,0,70.106983185
3,"map(from: a)",1024,32,132,0,1,472,0,20.897388458
3,"map(from: a)",1024,32,132,0,1,1955,0,29.098987579
3,"map(from: a)",1024,32,132,0,1,3,0,21.004676819
3,"map(from: a)",1024,32,132,0,1,5042,0,53.691864014
3,"map(from: a)",1024,32,132,0,2,3,0,21.004676819
3,"map(from: a)",1024,32,132,0,2,44,0,21.052360535
3,"map(from: a)",1024,32,132,0,2,1,0,20.945072174
3,"map(from: a)",1024,32,132,0,2,183,0,20.945072174
3,"map(from: a)",1024,32,132,0,2,294,0,20.849704742
3,"map(from: a)",1024,32,132,0,2,5042,0,53.906440735
3,"map(from: a)",1024,32,132,0,2,7,0,21.052360535
3,"map(from: a)",1024,32,132,0,2,8096,0,70.047378540
3,"map(from: a)",1024,32,132,0,2,2,0,21.147727966
3,"map(from: a)",1024,32,132,0,2,114,0,20.849704742
3,"map(from: a)",1024,32,132,0,2,71,0,20.909309387
3,"map(from: a)",1024,32,132,0,2,1955,0,29.349327087
3,"map(from: a)",1024,32,132,0,2,17,0,20.956993103
3,"map(from: a)",1024,32,132,0,2,472,0,21.159648895
3,"map(from: a)",1024,32,132,0,2,11,0,20.849704742
3,"map(from: a)",1024,32,132,0,2,1218,0,29.492378235
3,"map(from: a)",1024,32,132,0,2,4,0,20.945072174
3,"map(from: a)",1024,32,132,0,2,3140,0,37.646293640
3,"map(from: a)",1024,32,132,0,2,758,0,21.147727966
3,"map(from: a)",1024,32,132,0,2,28,0,20.897388458
3,"map(from: a)",1024,32,132,0,3,11,0,21.207332611
3,"map(from: a)",1024,32,132,0,3,4,0,20.956993103
3,"map(from: a)",1024,32,132,0,3,5042,0,53.644180298
3,"map(from: a)",1024,32,132,0,3,183,0,20.849704742
3,"map(from: a)",1024,32,132,0,3,17,0,21.040439606
3,"map(from: a)",1024,32,132,0,3,3,0,21.004676819
3,"map(from: a)",1024,32,132,0,3,28,0,21.159648895
3,"map(from: a)",1024,32,132,0,3,1218,0,29.194355011
3,"map(from: a)",1024,32,132,0,3,114,0,20.647048950
3,"map(from: a)",1024,32,132,0,3,758,0,21.052360535
3,"map(from: a)",1024,32,132,0,3,1955,0,29.253959656
3,"map(from: a)",1024,32,132,0,3,472,0,21.350383759
3,"map(from: a)",1024,32,132,0,3,7,0,20.945072174
3,"map(from: a)",1024,32,132,0,3,44,0,20.849704742
3,"map(from: a)",1024,32,132,0,3,3140,0,37.300586700
3,"map(from: a)",1024,32,132,0,3,8096,0,70.250034332
3,"map(from: a)",1024,32,132,0,3,71,0,20.897388458
3,"map(from: a)",1024,32,132,0,3,1,0,21.350383759
3,"map(from: a)",1024,32,132,0,3,2,0,21.052360535
3,"map(from: a)",1024,32,132,0,3,294,0,21.100044250
3,"map(from: a)",1024,32,132,0,4,3,0,21.159648895
3,"map(from: a)",1024,32,132,0,4,8096,0,70.357322693
3,"map(from: a)",1024,32,132,0,4,1,0,21.147727966
3,"map(from: a)",1024,32,132,0,4,28,0,20.802021027
3,"map(from: a)",1024,32,132,0,4,17,0,20.956993103
3,"map(from: a)",1024,32,132,0,4,5042,0,53.656101227
3,"map(from: a)",1024,32,132,0,4,7,0,21.243095398
3,"map(from: a)",1024,32,132,0,4,114,0,20.945072174
3,"map(from: a)",1024,32,132,0,4,44,0,20.897388458
3,"map(from: a)",1024,32,132,0,4,2,0,21.195411682
3,"map(from: a)",1024,32,132,0,4,294,0,21.100044250
3,"map(from: a)",1024,32,132,0,4,758,0,21.207332611
3,"map(from: a)",1024,32,132,0,4,183,0,21.159648895
3,"map(from: a)",1024,32,132,0,4,4,0,21.147727966
3,"map(from: a)",1024,32,132,0,4,1218,0,29.397010803
3,"map(from: a)",1024,32,132,0,4,71,0,20.897388458
3,"map(from: a)",1024,32,132,0,4,1955,0,29.301643372
3,"map(from: a)",1024,32,132,0,4,11,0,21.255016327
3,"map(from: a)",1024,32,132,0,4,472,0,21.147727966
3,"map(from: a)",1024,32,132,0,4,3140,0,37.455558777
3,"map(from: a)",1024,32,132,1,0,2,0,20.849704742
3,"map(from: a)",1024,32,132,1,0,4,0,21.040439606
3,"map(from: a)",1024,32,132,1,0,472,0,20.706653595
3,"map(from: a)",1024,32,132,1,0,3140,0,37.503242493
3,"map(from: a)",1024,32,132,1,0,183,0,21.100044250
3,"map(from: a)",1024,32,132,1,0,28,0,20.897388458
3,"map(from: a)",1024,32,132,1,0,71,0,20.945072174
3,"map(from: a)",1024,32,132,1,0,1218,0,29.349327087
3,"map(from: a)",1024,32,132,1,0,294,0,21.100044250
3,"map(from: a)",1024,32,132,1,0,1,0,20.742416382
3,"map(from: a)",1024,32,132,1,0,7,0,20.694732666
3,"map(from: a)",1024,32,132,1,0,1955,0,29.397010803
3,"map(from: a)",1024,32,132,1,0,758,0,20.945072174
3,"map(from: a)",1024,32,132,1,0,114,0,20.802021027
3,"map(from: a)",1024,32,132,1,0,11,0,20.897388458
3,"map(from: a)",1024,32,132,1,0,3,0,21.100044250
3,"map(from: a)",1024,32,132,1,0,8096,0,70.047378540
3,"map(from: a)",1024,32,132,1,0,44,0,20.599365234
3,"map(from: a)",1024,32,132,1,0,17,0,20.849704742
3,"map(from: a)",1024,32,132,1,0,5042,0,53.906440735
3,"map(from: a)",1024,32,132,1,1,758,0,20.849704742
3,"map(from: a)",1024,32,132,1,1,3,0,20.849704742
3,"map(from: a)",1024,32,132,1,1,3140,0,37.348270416
3,"map(from: a)",1024,32,132,1,1,1955,0,29.349327087
3,"map(from: a)",1024,32,132,1,1,44,0,20.742416382
3,"map(from: a)",1024,32,132,1,1,17,0,21.052360535
3,"map(from: a)",1024,32,132,1,1,294,0,20.956993103
3,"map(from: a)",1024,32,132,1,1,28,0,21.052360535
3,"map(from: a)",1024,32,132,1,1,114,0,21.147727966
3,"map(from: a)",1024,32,132,1,1,2,0,21.052360535
3,"map(from: a)",1024,32,132,1,1,7,0,21.195411682
3,"map(from: a)",1024,32,132,1,1,183,0,21.100044250
3,"map(from: a)",1024,32,132,1,1,8096,0,70.095062256
3,"map(from: a)",1024,32,132,1,1,11,0,21.052360535
3,"map(from: a)",1024,32,132,1,1,1,0,20.492076874
3,"map(from: a)",1024,32,132,1,1,1218,0,29.146671295
3,"map(from: a)",1024,32,132,1,1,472,0,20.956993103
3,"map(from: a)",1024,32,132,1,1,71,0,21.207332611
3,"map(from: a)",1024,32,132,1,1,5042,0,53.501129150
3,"map(from: a)",1024,32,132,1,1,4,0,20.909309387
3,"map(from: a)",1024,32,132,1,2,2,0,20.956993103
3,"map(from: a)",1024,32,132,1,2,71,0,20.539760590
3,"map(from: a)",1024,32,132,1,2,17,0,20.802021027
3,"map(from: a)",1024,32,132,1,2,472,0,21.195411682
3,"map(from: a)",1024,32,132,1,2,5042,0,54.192543030
3,"map(from: a)",1024,32,132,1,2,28,0,20.897388458
3,"map(from: a)",1024,32,132,1,2,44,0,20.706653595
3,"map(from: a)",1024,32,132,1,2,1218,0,29.051303864
3,"map(from: a)",1024,32,132,1,2,4,0,20.742416382
3,"map(from: a)",1024,32,132,1,2,1955,0,29.301643372
3,"map(from: a)",1024,32,132,1,2,183,0,20.897388458
3,"map(from: a)",1024,32,132,1,2,7,0,21.100044250
3,"map(from: a)",1024,32,132,1,2,758,0,20.849704742
3,"map(from: a)",1024,32,132,1,2,1,0,20.849704742
3,"map(from: a)",1024,32,132,1,2,3140,0,37.097930908
3,"map(from: a)",1024,32,132,1,2,8096,0,70.250034332
3,"map(from: a)",1024,32,132,1,2,3,0,20.897388458
3,"map(from: a)",1024,32,132,1,2,114,0,20.849704742
3,"map(from: a)",1024,32,132,1,2,11,0,21.004676819
3,"map(from: a)",1024,32,132,1,2,294,0,21.100044250
3,"map(from: a)",1024,32,132,1,3,1,0,20.647048950
3,"map(from: a)",1024,32,132,1,3,17,0,21.004676819
3,"map(from: a)",1024,32,132,1,3,294,0,21.004676819
3,"map(from: a)",1024,32,132,1,3,5042,0,53.799152374
3,"map(from: a)",1024,32,132,1,3,114,0,20.849704742
3,"map(from: a)",1024,32,132,1,3,28,0,20.992755890
3,"map(from: a)",1024,32,132,1,3,1218,0,29.051303864
3,"map(from: a)",1024,32,132,1,3,2,0,20.802021027
3,"map(from: a)",1024,32,132,1,3,3,0,20.754337311
3,"map(from: a)",1024,32,132,1,3,4,0,20.897388458
3,"map(from: a)",1024,32,132,1,3,758,0,21.302700043
3,"map(from: a)",1024,32,132,1,3,11,0,21.100044250
3,"map(from: a)",1024,32,132,1,3,44,0,20.945072174
3,"map(from: a)",1024,32,132,1,3,472,0,20.945072174
3,"map(from: a)",1024,32,132,1,3,7,0,20.945072174
3,"map(from: a)",1024,32,132,1,3,1955,0,29.051303864
3,"map(from: a)",1024,32,132,1,3,71,0,20.897388458
3,"map(from: a)",1024,32,132,1,3,183,0,21.100044250
3,"map(from: a)",1024,32,132,1,3,8096,0,70.190429688
3,"map(from: a)",1024,32,132,1,3,3140,0,37.539005280
3,"map(from: a)",1024,32,132,1,4,472,0,20.956993103
3,"map(from: a)",1024,32,132,1,4,71,0,21.100044250
3,"map(from: a)",1024,32,132,1,4,1,0,21.052360535
3,"map(from: a)",1024,32,132,1,4,11,0,21.243095398
3,"map(from: a)",1024,32,132,1,4,4,0,21.052360535
3,"map(from: a)",1024,32,132,1,4,3140,0,37.205219269
3,"map(from: a)",1024,32,132,1,4,28,0,20.897388458
3,"map(from: a)",1024,32,132,1,4,1218,0,29.194355011
3,"map(from: a)",1024,32,132,1,4,2,0,20.849704742
3,"map(from: a)",1024,32,132,1,4,183,0,20.956993103
3,"map(from: a)",1024,32,132,1,4,5042,0,53.608417511
3,"map(from: a)",1024,32,132,1,4,114,0,20.945072174
3,"map(from: a)",1024,32,132,1,4,3,0,21.159648895
3,"map(from: a)",1024,32,132,1,4,44,0,21.100044250
3,"map(from: a)",1024,32,132,1,4,758,0,21.290779114
3,"map(from: a)",1024,32,132,1,4,8096,0,70.345401764
3,"map(from: a)",1024,32,132,1,4,1955,0,29.397010803
3,"map(from: a)",1024,32,132,1,4,294,0,20.849704742
3,"map(from: a)",1024,32,132,1,4,7,0,20.754337311
3,"map(from: a)",1024,32,132,1,4,17,0,20.992755890
3,"map(from: a)",4096,32,132,0,0,7,0,20.539760590
3,"map(from: a)",4096,32,132,0,0,114,0,20.802021027
3,"map(from: a)",4096,32,132,0,0,3,0,20.551681519
3,"map(from: a)",4096,32,132,0,0,17,0,20.647048950
3,"map(from: a)",4096,32,132,0,0,1,0,20.706653595
3,"map(from: a)",4096,32,132,0,0,44,0,20.599365234
3,"map(from: a)",4096,32,132,0,0,294,0,20.551681519
3,"map(from: a)",4096,32,132,0,0,3140,0,37.050247192
3,"map(from: a)",4096,32,132,0,0,4,0,20.849704742
3,"map(from: a)",4096,32,132,0,0,1955,0,28.800964355
3,"map(from: a)",4096,32,132,0,0,183,0,20.599365234
3,"map(from: a)",4096,32,132,0,0,8096,0,69.797039032
3,"map(from: a)",4096,32,132,0,0,758,0,20.599365234
3,"map(from: a)",4096,32,132,0,0,71,0,20.647048950
3,"map(from: a)",4096,32,132,0,0,2,0,20.551681519
3,"map(from: a)",4096,32,132,0,0,11,0,20.754337311
3,"map(from: a)",4096,32,132,0,0,28,0,20.647048950
3,"map(from: a)",4096,32,132,0,0,5042,0,53.393840790
3,"map(from: a)",4096,32,132,0,0,1218,0,28.848648071
3,"map(from: a)",4096,32,132,0,0,472,0,20.503997803
3,"map(from: a)",4096,32,132,0,1,4,0,20.658969879
3,"map(from: a)",4096,32,132,0,1,1,0,20.551681519
3,"map(from: a)",4096,32,132,0,1,17,0,20.492076874
3,"map(from: a)",4096,32,132,0,1,28,0,20.551681519
3,"map(from: a)",4096,32,132,0,1,11,0,20.706653595
3,"map(from: a)",4096,32,132,0,1,3140,0,36.907196045
3,"map(from: a)",4096,32,132,0,1,2,0,20.802021027
3,"map(from: a)",4096,32,132,0,1,758,0,20.599365234
3,"map(from: a)",4096,32,132,0,1,1218,0,28.800964355
3,"map(from: a)",4096,32,132,0,1,44,0,20.658969879
3,"map(from: a)",4096,32,132,0,1,71,0,20.658969879
3,"map(from: a)",4096,32,132,0,1,114,0,20.599365234
3,"map(from: a)",4096,32,132,0,1,294,0,20.551681519
3,"map(from: a)",4096,32,132,0,1,7,0,20.551681519
3,"map(from: a)",4096,32,132,0,1,183,0,20.551681519
3,"map(from: a)",4096,32,132,0,1,8096,0,69.844722748
3,"map(from: a)",4096,32,132,0,1,472,0,20.647048950
3,"map(from: a)",4096,32,132,0,1,1955,0,28.753280640
3,"map(from: a)",4096,32,132,0,1,3,0,20.599365234
3,"map(from: a)",4096,32,132,0,1,5042,0,53.346157074
3,"map(from: a)",4096,32,132,0,2,3,0,20.551681519
3,"map(from: a)",4096,32,132,0,2,44,0,20.802021027
3,"map(from: a)",4096,32,132,0,2,1,0,20.503997803
3,"map(from: a)",4096,32,132,0,2,183,0,20.611286163
3,"map(from: a)",4096,32,132,0,2,294,0,20.551681519
3,"map(from: a)",4096,32,132,0,2,5042,0,53.346157074
3,"map(from: a)",4096,32,132,0,2,7,0,20.599365234
3,"map(from: a)",4096,32,132,0,2,8096,0,69.797039032
3,"map(from: a)",4096,32,132,0,2,2,0,20.599365234
3,"map(from: a)",4096,32,132,0,2,114,0,20.754337311
3,"map(from: a)",4096,32,132,0,2,71,0,20.551681519
3,"map(from: a)",4096,32,132,0,2,1955,0,28.991699219
3,"map(from: a)",4096,32,132,0,2,17,0,20.599365234
3,"map(from: a)",4096,32,132,0,2,472,0,20.647048950
3,"map(from: a)",4096,32,132,0,2,11,0,20.492076874
3,"map(from: a)",4096,32,132,0,2,1218,0,28.800964355
3,"map(from: a)",4096,32,132,0,2,4,0,20.551681519
3,"map(from: a)",4096,32,132,0,2,3140,0,36.942958832
3,"map(from: a)",4096,32,132,0,2,758,0,20.503997803
3,"map(from: a)",4096,32,132,0,2,28,0,20.456314087
3,"map(from: a)",4096,32,132,0,3,11,0,20.599365234
3,"map(from: a)",4096,32,132,0,3,4,0,20.694732666
3,"map(from: a)",4096,32,132,0,3,5042,0,53.346157074
3,"map(from: a)",4096,32,132,0,3,183,0,20.503997803
3,"map(from: a)",4096,32,132,0,3,17,0,20.599365234
3,"map(from: a)",4096,32,132,0,3,3,0,20.503997803
3,"map(from: a)",4096,32,132,0,3,28,0,20.647048950
3,"map(from: a)",4096,32,132,0,3,1218,0,28.741359711
3,"map(from: a)",4096,32,132,0,3,114,0,20.599365234
3,"map(from: a)",4096,32,132,0,3,758,0,20.802021027
3,"map(from: a)",4096,32,132,0,3,1955,0,28.800964355
3,"map(from: a)",4096,32,132,0,3,472,0,20.742416382
3,"map(from: a)",4096,32,132,0,3,7,0,20.551681519
3,"map(from: a)",4096,32,132,0,3,44,0,20.647048950
3,"map(from: a)",4096,32,132,0,3,3140,0,36.847591400
3,"map(from: a)",4096,32,132,0,3,8096,0,69.653987885
3,"map(from: a)",4096,32,132,0,3,71,0,20.599365234
3,"map(from: a)",4096,32,132,0,3,1,0,20.658969879
3,"map(from: a)",4096,32,132,0,3,2,0,20.492076874
3,"map(from: a)",4096,32,132,0,3,294,0,20.551681519
3,"map(from: a)",4096,32,132,0,4,3,0,20.551681519
3,"map(from: a)",4096,32,132,0,4,8096,0,69.653987885
3,"map(from: a)",4096,32,132,0,4,1,0,20.253658295
3,"map(from: a)",4096,32,132,0,4,28,0,20.849704742
3,"map(from: a)",4096,32,132,0,4,17,0,20.706653595
3,"map(from: a)",4096,32,132,0,4,5042,0,53.501129150
3,"map(from: a)",4096,32,132,0,4,7,0,20.647048950
3,"map(from: a)",4096,32,132,0,4,114,0,20.599365234
3,"map(from: a)",4096,32,132,0,4,44,0,20.658969879
3,"map(from: a)",4096,32,132,0,4,2,0,20.611286163
3,"map(from: a)",4096,32,132,0,4,294,0,20.503997803
3,"map(from: a)",4096,32,132,0,4,758,0,20.551681519
3,"map(from: a)",4096,32,132,0,4,183,0,20.551681519
3,"map(from: a)",4096,32,132,0,4,4,0,20.503997803
3,"map(from: a)",4096,32,132,0,4,1218,0,28.848648071
3,"map(from: a)",4096,32,132,0,4,71,0,20.599365234
3,"map(from: a)",4096,32,132,0,4,1955,0,28.705596924
3,"map(from: a)",4096,32,132,0,4,11,0,20.551681519
3,"map(from: a)",4096,32,132,0,4,472,0,20.503997803
3,"map(from: a)",4096,32,132,0,4,3140,0,37.097930908
3,"map(from: a)",4096,32,132,1,0,2,0,20.551681519
3,"map(from: a)",4096,32,132,1,0,4,0,20.599365234
3,"map(from: a)",4096,32,132,1,0,472,0,20.539760590
3,"map(from: a)",4096,32,132,1,0,3140,0,37.097930908
3,"map(from: a)",4096,32,132,1,0,183,0,20.706653595
3,"map(from: a)",4096,32,132,1,0,28,0,20.492076874
3,"map(from: a)",4096,32,132,1,0,71,0,20.694732666
3,"map(from: a)",4096,32,132,1,0,1218,0,28.896331787
3,"map(from: a)",4096,32,132,1,0,294,0,20.599365234
3,"map(from: a)",4096,32,132,1,0,1,0,20.539760590
3,"map(from: a)",4096,32,132,1,0,7,0,20.551681519
3,"map(from: a)",4096,32,132,1,0,1955,0,28.800964355
3,"map(from: a)",4096,32,132,1,0,758,0,20.599365234
3,"map(from: a)",4096,32,132,1,0,114,0,20.503997803
3,"map(from: a)",4096,32,132,1,0,11,0,20.503997803
3,"map(from: a)",4096,32,132,1,0,3,0,20.754337311
3,"map(from: a)",4096,32,132,1,0,8096,0,69.892406464
3,"map(from: a)",4096,32,132,1,0,44,0,20.551681519
3,"map(from: a)",4096,32,132,1,0,17,0,20.647048950
3,"map(from: a)",4096,32,132,1,0,5042,0,53.358078003
3,"map(from: a)",4096,32,132,1,1,758,0,20.647048950
3,"map(from: a)",4096,32,132,1,1,3,0,20.551681519
3,"map(from: a)",4096,32,132,1,1,3140,0,36.942958832
3,"map(from: a)",4096,32,132,1,1,1955,0,28.848648071
3,"map(from: a)",4096,32,132,1,1,44,0,20.647048950
3,"map(from: a)",4096,32,132,1,1,17,0,20.647048950
3,"map(from: a)",4096,32,132,1,1,294,0,20.658969879
3,"map(from: a)",4096,32,132,1,1,28,0,20.503997803
3,"map(from: a)",4096,32,132,1,1,114,0,20.599365234
3,"map(from: a)",4096,32,132,1,1,2,0,20.897388458
3,"map(from: a)",4096,32,132,1,1,7,0,20.599365234
3,"map(from: a)",4096,32,132,1,1,183,0,20.599365234
3,"map(from: a)",4096,32,132,1,1,8096,0,69.749355316
3,"map(from: a)",4096,32,132,1,1,11,0,20.694732666
3,"map(from: a)",4096,32,132,1,1,1,0,20.599365234
3,"map(from: a)",4096,32,132,1,1,1218,0,28.848648071
3,"map(from: a)",4096,32,132,1,1,472,0,20.694732666
3,"map(from: a)",4096,32,132,1,1,71,0,20.802021027
3,"map(from: a)",4096,32,132,1,1,5042,0,53.548812866
3,"map(from: a)",4096,32,132,1,1,4,0,20.492076874
3,"map(from: a)",4096,32,132,1,2,2,0,20.599365234
3,"map(from: a)",4096,32,132,1,2,71,0,20.599365234
3,"map(from: a)",4096,32,132,1,2,17,0,20.658969879
3,"map(from: a)",4096,32,132,1,2,472,0,20.599365234
3,"map(from: a)",4096,32,132,1,2,5042,0,53.107738495
3,"map(from: a)",4096,32,132,1,2,28,0,20.647048950
3,"map(from: a)",4096,32,132,1,2,44,0,20.694732666
3,"map(from: a)",4096,32,132,1,2,1218,0,29.003620148
3,"map(from: a)",4096,32,132,1,2,4,0,20.658969879
3,"map(from: a)",4096,32,132,1,2,1955,0,29.003620148
3,"map(from: a)",4096,32,132,1,2,183,0,20.599365234
3,"map(from: a)",4096,32,132,1,2,7,0,20.647048950
3,"map(from: a)",4096,32,132,1,2,758,0,20.849704742
3,"map(from: a)",4096,32,132,1,2,1,0,20.551681519
3,"map(from: a)",4096,32,132,1,2,3140,0,37.145614624
3,"map(from: a)",4096,32,132,1,2,8096,0,69.952011108
3,"map(from: a)",4096,32,132,1,2,3,0,20.599365234
3,"map(from: a)",4096,32,132,1,2,114,0,20.492076874
3,"map(from: a)",4096,32,132,1,2,11,0,20.897388458
3,"map(from: a)",4096,32,132,1,2,294,0,20.706653595
3,"map(from: a)",4096,32,132,1,3,1,0,20.539760590
3,"map(from: a)",4096,32,132,1,3,17,0,20.658969879
3,"map(from: a)",4096,32,132,1,3,294,0,20.909309387
3,"map(from: a)",4096,32,132,1,3,5042,0,53.393840790
3,"map(from: a)",4096,32,132,1,3,114,0,20.599365234
3,"map(from: a)",4096,32,132,1,3,28,0,20.647048950
3,"map(from: a)",4096,32,132,1,3,1218,0,28.741359711
3,"map(from: a)",4096,32,132,1,3,2,0,20.647048950
3,"map(from: a)",4096,32,132,1,3,3,0,20.551681519
3,"map(from: a)",4096,32,132,1,3,4,0,20.647048950
3,"map(from: a)",4096,32,132,1,3,758,0,20.503997803
3,"map(from: a)",4096,32,132,1,3,11,0,20.599365234
3,"map(from: a)",4096,32,132,1,3,44,0,20.802021027
3,"map(from: a)",4096,32,132,1,3,472,0,20.647048950
3,"map(from: a)",4096,32,132,1,3,7,0,20.551681519
3,"map(from: a)",4096,32,132,1,3,1955,0,29.051303864
3,"map(from: a)",4096,32,132,1,3,71,0,21.100044250
3,"map(from: a)",4096,32,132,1,3,183,0,20.706653595
3,"map(from: a)",4096,32,132,1,3,8096,0,70.106983185
3,"map(from: a)",4096,32,132,1,3,3140,0,37.157535553
3,"map(from: a)",4096,32,132,1,4,472,0,20.849704742
3,"map(from: a)",4096,32,132,1,4,71,0,20.599365234
3,"map(from: a)",4096,32,132,1,4,1,0,20.599365234
3,"map(from: a)",4096,32,132,1,4,11,0,20.301342010
3,"map(from: a)",4096,32,132,1,4,4,0,20.599365234
3,"map(from: a)",4096,32,132,1,4,3140,0,37.002563477
3,"map(from: a)",4096,32,132,1,4,28,0,20.503997803
3,"map(from: a)",4096,32,132,1,4,1218,0,28.848648071
3,"map(from: a)",4096,32,132,1,4,2,0,20.647048950
3,"map(from: a)",4096,32,132,1,4,183,0,20.754337311
3,"map(from: a)",4096,32,132,1,4,5042,0,53.453445435
3,"map(from: a)",4096,32,132,1,4,114,0,20.754337311
3,"map(from: a)",4096,32,132,1,4,3,0,20.706653595
3,"map(from: a)",4096,32,132,1,4,44,0,20.802021027
3,"map(from: a)",4096,32,132,1,4,758,0,20.551681519
3,"map(from: a)",4096,32,132,1,4,8096,0,69.749355316
3,"map(from: a)",4096,32,132,1,4,1955,0,28.848648071
3,"map(from: a)",4096,32,132,1,4,294,0,20.647048950
3,"map(from: a)",4096,32,132,1,4,7,0,20.551681519
3,"map(from: a)",4096,32,132,1,4,17,0,20.742416382
3,"map(from: a)",8192,32,132,0,0,7,0,20.956993103
3,"map(from: a)",8192,32,132,0,0,114,0,21.100044250
3,"map(from: a)",8192,32,132,0,0,3,0,20.897388458
3,"map(from: a)",8192,32,132,0,0,17,0,20.956993103
3,"map(from: a)",8192,32,132,0,0,1,0,21.147727966
3,"map(from: a)",8192,32,132,0,0,44,0,21.255016327
3,"map(from: a)",8192,32,132,0,0,294,0,21.004676819
3,"map(from: a)",8192,32,132,0,0,3140,0,37.539005280
3,"map(from: a)",8192,32,132,0,0,4,0,20.754337311
3,"map(from: a)",8192,32,132,0,0,1955,0,29.194355011
3,"map(from: a)",8192,32,132,0,0,183,0,20.992755890
3,"map(from: a)",8192,32,132,0,0,8096,0,70.202350616
3,"map(from: a)",8192,32,132,0,0,758,0,20.945072174
3,"map(from: a)",8192,32,132,0,0,71,0,20.945072174
3,"map(from: a)",8192,32,132,0,0,2,0,20.992755890
3,"map(from: a)",8192,32,132,0,0,11,0,20.956993103
3,"map(from: a)",8192,32,132,0,0,28,0,20.849704742
3,"map(from: a)",8192,32,132,0,0,5042,0,54.049491882
3,"map(from: a)",8192,32,132,0,0,1218,0,29.098987579
3,"map(from: a)",8192,32,132,0,0,472,0,21.052360535
3,"map(from: a)",8192,32,132,0,1,4,0,20.694732666
3,"map(from: a)",8192,32,132,0,1,1,0,21.052360535
3,"map(from: a)",8192,32,132,0,1,17,0,20.802021027
3,"map(from: a)",8192,32,132,0,1,28,0,20.849704742
3,"map(from: a)",8192,32,132,0,1,11,0,20.647048950
3,"map(from: a)",8192,32,132,0,1,3140,0,37.348270416
3,"map(from: a)",8192,32,132,0,1,2,0,20.802021027
3,"map(from: a)",8192,32,132,0,1,758,0,21.398067474
3,"map(from: a)",8192,32,132,0,1,1218,0,29.349327087
3,"map(from: a)",8192,32,132,0,1,44,0,20.599365234
3,"map(from: a)",8192,32,132,0,1,71,0,20.849704742
3,"map(from: a)",8192,32,132,0,1,114,0,20.694732666
3,"map(from: a)",8192,32,132,0,1,294,0,20.992755890
3,"map(from: a)",8192,32,132,0,1,7,0,20.849704742
3,"map(from: a)",8192,32,132,0,1,183,0,20.742416382
3,"map(from: a)",8192,32,132,0,1,8096,0,70.297718048
3,"map(from: a)",8192,32,132,0,1,472,0,21.004676819
3,"map(from: a)",8192,32,132,0,1,1955,0,28.991699219
3,"map(from: a)",8192,32,132,0,1,3,0,21.195411682
3,"map(from: a)",8192,32,132,0,1,5042,0,53.799152374
3,"map(from: a)",8192,32,132,0,2,3,0,20.897388458
3,"map(from: a)",8192,32,132,0,2,44,0,20.802021027
3,"map(from: a)",8192,32,132,0,2,1,0,20.909309387
3,"map(from: a)",8192,32,132,0,2,183,0,21.004676819
3,"map(from: a)",8192,32,132,0,2,294,0,20.897388458
3,"map(from: a)",8192,32,132,0,2,5042,0,53.799152374
3,"map(from: a)",8192,32,132,0,2,7,0,20.754337311
3,"map(from: a)",8192,32,132,0,2,8096,0,70.190429688
3,"map(from: a)",8192,32,132,0,2,2,0,20.742416382
3,"map(from: a)",8192,32,132,0,2,114,0,20.694732666
3,"map(from: a)",8192,32,132,0,2,71,0,20.802021027
3,"map(from: a)",8192,32,132,0,2,1955,0,29.098987579
3,"map(from: a)",8192,32,132,0,2,17,0,20.802021027
3,"map(from: a)",8192,32,132,0,2,472,0,20.802021027
3,"map(from: a)",8192,32,132,0,2,11,0,20.802021027
3,"map(from: a)",8192,32,132,0,2,1218,0,29.146671295
3,"map(from: a)",8192,32,132,0,2,4,0,20.754337311
3,"map(from: a)",8192,32,132,0,2,3140,0,37.252902985
3,"map(from: a)",8192,32,132,0,2,758,0,20.802021027
3,"map(from: a)",8192,32,132,0,2,28,0,20.945072174
3,"map(from: a)",8192,32,132,0,3,11,0,20.992755890
3,"map(from: a)",8192,32,132,0,3,4,0,20.945072174
3,"map(from: a)",8192,32,132,0,3,5042,0,53.906440735
3,"map(from: a)",8192,32,132,0,3,183,0,20.849704742
3,"map(from: a)",8192,32,132,0,3,17,0,20.802021027
3,"map(from: a)",8192,32,132,0,3,3,0,20.790100098
3,"map(from: a)",8192,32,132,0,3,28,0,20.754337311
3,"map(from: a)",8192,32,132,0,3,1218,0,29.098987579
3,"map(from: a)",8192,32,132,0,3,114,0,20.992755890
3,"map(from: a)",8192,32,132,0,3,758,0,21.100044250
3,"map(from: a)",8192,32,132,0,3,1955,0,29.242038727
3,"map(from: a)",8192,32,132,0,3,472,0,21.004676819
3,"map(from: a)",8192,32,132,0,3,7,0,20.754337311
3,"map(from: a)",8192,32,132,0,3,44,0,21.004676819
3,"map(from: a)",8192,32,132,0,3,3140,0,37.300586700
3,"map(from: a)",8192,32,132,0,3,8096,0,69.999694824
3,"map(from: a)",8192,32,132,0,3,71,0,20.802021027
3,"map(from: a)",8192,32,132,0,3,1,0,20.754337311
3,"map(from: a)",8192,32,132,0,3,2,0,20.849704742
3,"map(from: a)",8192,32,132,0,3,294,0,20.992755890
3,"map(from: a)",8192,32,132,0,4,3,0,21.100044250
3,"map(from: a)",8192,32,132,0,4,8096,0,70.345401764
3,"map(from: a)",8192,32,132,0,4,1,0,21.255016327
3,"map(from: a)",8192,32,132,0,4,28,0,20.754337311
3,"map(from: a)",8192,32,132,0,4,17,0,20.694732666
3,"map(from: a)",8192,32,132,0,4,5042,0,53.799152374
3,"map(from: a)",8192,32,132,0,4,7,0,21.147727966
3,"map(from: a)",8192,32,132,0,4,114,0,20.706653595
3,"map(from: a)",8192,32,132,0,4,44,0,20.802021027
3,"map(from: a)",8192,32,132,0,4,2,0,20.742416382
3,"map(from: a)",8192,32,132,0,4,294,0,21.004676819
3,"map(from: a)",8192,32,132,0,4,758,0,21.004676819
3,"map(from: a)",8192,32,132,0,4,183,0,20.897388458
3,"map(from: a)",8192,32,132,0,4,4,0,20.897388458
3,"map(from: a)",8192,32,132,0,4,1218,0,28.991699219
3,"map(from: a)",8192,32,132,0,4,71,0,21.052360535
3,"map(from: a)",8192,32,132,0,4,1955,0,28.991699219
3,"map(from: a)",8192,32,132,0,4,11,0,20.897388458
3,"map(from: a)",8192,32,132,0,4,472,0,20.945072174
3,"map(from: a)",8192,32,132,0,4,3140,0,37.395954132
3,"map(from: a)",8192,32,132,1,0,2,0,20.599365234
3,"map(from: a)",8192,32,132,1,0,4,0,20.897388458
3,"map(from: a)",8192,32,132,1,0,472,0,20.802021027
3,"map(from: a)",8192,32,132,1,0,3140,0,37.205219269
3,"map(from: a)",8192,32,132,1,0,183,0,21.052360535
3,"map(from: a)",8192,32,132,1,0,28,0,20.647048950
3,"map(from: a)",8192,32,132,1,0,71,0,20.790100098
3,"map(from: a)",8192,32,132,1,0,1218,0,29.194355011
3,"map(from: a)",8192,32,132,1,0,294,0,20.754337311
3,"map(from: a)",8192,32,132,1,0,1,0,20.945072174
3,"map(from: a)",8192,32,132,1,0,7,0,20.849704742
3,"map(from: a)",8192,32,132,1,0,1955,0,29.194355011
3,"map(from: a)",8192,32,132,1,0,758,0,20.956993103
3,"map(from: a)",8192,32,132,1,0,114,0,20.897388458
3,"map(from: a)",8192,32,132,1,0,11,0,20.754337311
3,"map(from: a)",8192,32,132,1,0,3,0,21.159648895
3,"map(from: a)",8192,32,132,1,0,8096,0,70.106983185
3,"map(from: a)",8192,32,132,1,0,44,0,20.551681519
3,"map(from: a)",8192,32,132,1,0,17,0,20.706653595
3,"map(from: a)",8192,32,132,1,0,5042,0,53.548812866
3,"map(from: a)",8192,32,132,1,1,758,0,20.945072174
3,"map(from: a)",8192,32,132,1,1,3,0,20.945072174
3,"map(from: a)",8192,32,132,1,1,3140,0,37.455558777
3,"map(from: a)",8192,32,132,1,1,1955,0,29.253959656
3,"map(from: a)",8192,32,132,1,1,44,0,21.147727966
3,"map(from: a)",8192,32,132,1,1,17,0,20.742416382
3,"map(from: a)",8192,32,132,1,1,294,0,20.992755890
3,"map(from: a)",8192,32,132,1,1,28,0,20.849704742
3,"map(from: a)",8192,32,132,1,1,114,0,20.945072174
3,"map(from: a)",8192,32,132,1,1,2,0,20.897388458
3,"map(from: a)",8192,32,132,1,1,7,0,21.040439606
3,"map(from: a)",8192,32,132,1,1,183,0,20.992755890
3,"map(from: a)",8192,32,132,1,1,8096,0,70.309638977
3,"map(from: a)",8192,32,132,1,1,11,0,20.802021027
3,"map(from: a)",8192,32,132,1,1,1,0,20.802021027
3,"map(from: a)",8192,32,132,1,1,1218,0,29.098987579
3,"map(from: a)",8192,32,132,1,1,472,0,21.100044250
3,"map(from: a)",8192,32,132,1,1,71,0,21.100044250
3,"map(from: a)",8192,32,132,1,1,5042,0,53.691864014
3,"map(from: a)",8192,32,132,1,1,4,0,21.004676819
3,"map(from: a)",8192,32,132,1,2,2,0,20.897388458
3,"map(from: a)",8192,32,132,1,2,71,0,21.052360535
3,"map(from: a)",8192,32,132,1,2,17,0,20.897388458
3,"map(from: a)",8192,32,132,1,2,472,0,21.147727966
3,"map(from: a)",8192,32,132,1,2,5042,0,53.751468658
3,"map(from: a)",8192,32,132,1,2,28,0,20.694732666
3,"map(from: a)",8192,32,132,1,2,44,0,20.694732666
3,"map(from: a)",8192,32,132,1,2,1218,0,28.848648071
3,"map(from: a)",8192,32,132,1,2,4,0,20.849704742
3,"map(from: a)",8192,32,132,1,2,1955,0,29.349327087
3,"map(from: a)",8192,32,132,1,2,183,0,20.897388458
3,"map(from: a)",8192,32,132,1,2,7,0,20.956993103
3,"map(from: a)",8192,32,132,1,2,758,0,20.754337311
3,"map(from: a)",8192,32,132,1,2,1,0,21.147727966
3,"map(from: a)",8192,32,132,1,2,3140,0,37.145614624
3,"map(from: a)",8192,32,132,1,2,8096,0,70.250034332
3,"map(from: a)",8192,32,132,1,2,3,0,20.802021027
3,"map(from: a)",8192,32,132,1,2,114,0,20.849704742
3,"map(from: a)",8192,32,132,1,2,11,0,20.992755890
3,"map(from: a)",8192,32,132,1,2,294,0,20.897388458
3,"map(from: a)",8192,32,132,1,3,1,0,21.195411682
3,"map(from: a)",8192,32,132,1,3,17,0,21.004676819
3,"map(from: a)",8192,32,132,1,3,294,0,20.754337311
3,"map(from: a)",8192,32,132,1,3,5042,0,53.656101227
3,"map(from: a)",8192,32,132,1,3,114,0,20.945072174
3,"map(from: a)",8192,32,132,1,3,28,0,21.207332611
3,"map(from: a)",8192,32,132,1,3,1218,0,29.194355011
3,"map(from: a)",8192,32,132,1,3,2,0,20.790100098
3,"map(from: a)",8192,32,132,1,3,3,0,21.052360535
3,"map(from: a)",8192,32,132,1,3,4,0,20.802021027
3,"map(from: a)",8192,32,132,1,3,758,0,20.945072174
3,"map(from: a)",8192,32,132,1,3,11,0,20.849704742
3,"map(from: a)",8192,32,132,1,3,44,0,20.802021027
3,"map(from: a)",8192,32,132,1,3,472,0,20.802021027
3,"map(from: a)",8192,32,132,1,3,7,0,21.052360535
3,"map(from: a)",8192,32,132,1,3,1955,0,29.051303864
3,"map(from: a)",8192,32,132,1,3,71,0,21.004676819
3,"map(from: a)",8192,32,132,1,3,183,0,20.849704742
3,"map(from: a)",8192,32,132,1,3,8096,0,70.452690125
3,"map(from: a)",8192,32,132,1,3,3140,0,37.550926208
3,"map(from: a)",8192,32,132,1,4,472,0,21.207332611
3,"map(from: a)",8192,32,132,1,4,71,0,20.956993103
3,"map(from: a)",8192,32,132,1,4,1,0,21.147727966
3,"map(from: a)",8192,32,132,1,4,11,0,21.052360535
3,"map(from: a)",8192,32,132,1,4,4,0,20.945072174
3,"map(from: a)",8192,32,132,1,4,3140,0,37.395954132
3,"map(from: a)",8192,32,132,1,4,28,0,20.849704742
3,"map(from: a)",8192,32,132,1,4,1218,0,29.194355011
3,"map(from: a)",8192,32,132,1,4,2,0,20.849704742
3,"map(from: a)",8192,32,132,1,4,183,0,20.790100098
3,"map(from: a)",8192,32,132,1,4,5042,0,53.656101227
3,"map(from: a)",8192,32,132,1,4,114,0,20.849704742
3,"map(from: a)",8192,32,132,1,4,3,0,20.956993103
3,"map(from: a)",8192,32,132,1,4,44,0,21.147727966
3,"map(from: a)",8192,32,132,1,4,758,0,20.802021027
3,"map(from: a)",8192,32,132,1,4,8096,0,70.250034332
3,"map(from: a)",8192,32,132,1,4,1955,0,29.146671295
3,"map(from: a)",8192,32,132,1,4,294,0,21.147727966
3,"map(from: a)",8192,32,132,1,4,7,0,20.802021027
3,"map(from: a)",8192,32,132,1,4,17,0,20.849704742
3,"map(from: a)",16382,32,132,0,0,7,0,21.696090698
3,"map(from: a)",16382,32,132,0,0,114,0,21.457672119
3,"map(from: a)",16382,32,132,0,0,3,0,21.338462830
3,"map(from: a)",16382,32,132,0,0,17,0,21.290779114
3,"map(from: a)",16382,32,132,0,0,1,0,21.553039551
3,"map(from: a)",16382,32,132,0,0,44,0,21.445751190
3,"map(from: a)",16382,32,132,0,0,294,0,21.302700043
3,"map(from: a)",16382,32,132,0,0,3140,0,37.896633148
3,"map(from: a)",16382,32,132,0,0,4,0,21.541118622
3,"map(from: a)",16382,32,132,0,0,1955,0,29.706954956
3,"map(from: a)",16382,32,132,0,0,183,0,21.350383759
3,"map(from: a)",16382,32,132,0,0,8096,0,70.500373840
3,"map(from: a)",16382,32,132,0,0,758,0,21.505355835
3,"map(from: a)",16382,32,132,0,0,71,0,21.398067474
3,"map(from: a)",16382,32,132,0,0,2,0,21.445751190
3,"map(from: a)",16382,32,132,0,0,11,0,21.493434906
3,"map(from: a)",16382,32,132,0,0,28,0,21.255016327
3,"map(from: a)",16382,32,132,0,0,5042,0,54.252147675
3,"map(from: a)",16382,32,132,0,0,1218,0,29.647350311
3,"map(from: a)",16382,32,132,0,0,472,0,21.398067474
3,"map(from: a)",16382,32,132,0,1,4,0,21.290779114
3,"map(from: a)",16382,32,132,0,1,1,0,21.398067474
3,"map(from: a)",16382,32,132,0,1,17,0,21.350383759
3,"map(from: a)",16382,32,132,0,1,28,0,21.445751190
3,"map(from: a)",16382,32,132,0,1,11,0,21.195411682
3,"map(from: a)",16382,32,132,0,1,3140,0,37.705898285
3,"map(from: a)",16382,32,132,0,1,2,0,21.159648895
3,"map(from: a)",16382,32,132,0,1,758,0,21.588802338
3,"map(from: a)",16382,32,132,0,1,1218,0,29.802322388
3,"map(from: a)",16382,32,132,0,1,44,0,21.600723267
3,"map(from: a)",16382,32,132,0,1,71,0,21.553039551
3,"map(from: a)",16382,32,132,0,1,114,0,21.493434906
3,"map(from: a)",16382,32,132,0,1,294,0,21.445751190
3,"map(from: a)",16382,32,132,0,1,7,0,21.409988403
3,"map(from: a)",16382,32,132,0,1,183,0,21.600723267
3,"map(from: a)",16382,32,132,0,1,8096,0,70.703029633
3,"map(from: a)",16382,32,132,0,1,472,0,21.505355835
3,"map(from: a)",16382,32,132,0,1,1955,0,29.742717743
3,"map(from: a)",16382,32,132,0,1,3,0,21.457672119
3,"map(from: a)",16382,32,132,0,1,5042,0,54.204463959
3,"map(from: a)",16382,32,132,0,2,3,0,21.398067474
3,"map(from: a)",16382,32,132,0,2,44,0,21.493434906
3,"map(from: a)",16382,32,132,0,2,1,0,21.302700043
3,"map(from: a)",16382,32,132,0,2,183,0,21.541118622
3,"map(from: a)",16382,32,132,0,2,294,0,21.553039551
3,"map(from: a)",16382,32,132,0,2,5042,0,54.395198822
3,"map(from: a)",16382,32,132,0,2,7,0,21.553039551
3,"map(from: a)",16382,32,132,0,2,8096,0,70.750713348
3,"map(from: a)",16382,32,132,0,2,2,0,21.505355835
3,"map(from: a)",16382,32,132,0,2,114,0,21.457672119
3,"map(from: a)",16382,32,132,0,2,71,0,21.600723267
3,"map(from: a)",16382,32,132,0,2,1955,0,29.706954956
3,"map(from: a)",16382,32,132,0,2,17,0,21.541118622
3,"map(from: a)",16382,32,132,0,2,472,0,21.600723267
3,"map(from: a)",16382,32,132,0,2,11,0,21.600723267
3,"map(from: a)",16382,32,132,0,2,1218,0,29.444694519
3,"map(from: a)",16382,32,132,0,2,4,0,21.255016327
3,"map(from: a)",16382,32,132,0,2,3140,0,37.944316864
3,"map(from: a)",16382,32,132,0,2,758,0,21.505355835
3,"map(from: a)",16382,32,132,0,2,28,0,21.398067474
3,"map(from: a)",16382,32,132,0,3,11,0,21.445751190
3,"map(from: a)",16382,32,132,0,3,4,0,21.648406982
3,"map(from: a)",16382,32,132,0,3,5042,0,54.240226746
3,"map(from: a)",16382,32,132,0,3,183,0,21.505355835
3,"map(from: a)",16382,32,132,0,3,17,0,21.493434906
3,"map(from: a)",16382,32,132,0,3,3,0,21.445751190
3,"map(from: a)",16382,32,132,0,3,28,0,21.302700043
3,"map(from: a)",16382,32,132,0,3,1218,0,29.706954956
3,"map(from: a)",16382,32,132,0,3,114,0,21.290779114
3,"map(from: a)",16382,32,132,0,3,758,0,21.302700043
3,"map(from: a)",16382,32,132,0,3,1955,0,29.742717743
3,"map(from: a)",16382,32,132,0,3,472,0,21.398067474
3,"map(from: a)",16382,32,132,0,3,7,0,21.398067474
3,"map(from: a)",16382,32,132,0,3,44,0,21.553039551
3,"map(from: a)",16382,32,132,0,3,3140,0,38.099288940
3,"map(from: a)",16382,32,132,0,3,8096,0,70.595741272
3,"map(from: a)",16382,32,132,0,3,71,0,21.445751190
3,"map(from: a)",16382,32,132,0,3,1,0,21.243095398
3,"map(from: a)",16382,32,132,0,3,2,0,21.660327911
3,"map(from: a)",16382,32,132,0,3,294,0,21.600723267
3,"map(from: a)",16382,32,132,0,4,3,0,21.457672119
3,"map(from: a)",16382,32,132,0,4,8096,0,70.905685425
3,"map(from: a)",16382,32,132,0,4,1,0,21.398067474
3,"map(from: a)",16382,32,132,0,4,28,0,21.553039551
3,"map(from: a)",16382,32,132,0,4,17,0,21.505355835
3,"map(from: a)",16382,32,132,0,4,5042,0,54.192543030
3,"map(from: a)",16382,32,132,0,4,7,0,21.553039551
3,"map(from: a)",16382,32,132,0,4,114,0,21.350383759
3,"map(from: a)",16382,32,132,0,4,44,0,21.553039551
3,"map(from: a)",16382,32,132,0,4,2,0,21.803379059
3,"map(from: a)",16382,32,132,0,4,294,0,21.553039551
3,"map(from: a)",16382,32,132,0,4,758,0,21.457672119
3,"map(from: a)",16382,32,132,0,4,183,0,21.147727966
3,"map(from: a)",16382,32,132,0,4,4,0,21.302700043
3,"map(from: a)",16382,32,132,0,4,1218,0,29.599666595
3,"map(from: a)",16382,32,132,0,4,71,0,21.493434906
3,"map(from: a)",16382,32,132,0,4,1955,0,29.695034027
3,"map(from: a)",16382,32,132,0,4,11,0,21.648406982
3,"map(from: a)",16382,32,132,0,4,472,0,21.553039551
3,"map(from: a)",16382,32,132,0,4,3140,0,37.944316864
3,"map(from: a)",16382,32,132,1,0,2,0,21.350383759
3,"map(from: a)",16382,32,132,1,0,4,0,21.398067474
3,"map(from: a)",16382,32,132,1,0,472,0,21.398067474
3,"map(from: a)",16382,32,132,1,0,3140,0,37.848949432
3,"map(from: a)",16382,32,132,1,0,183,0,21.398067474
3,"map(from: a)",16382,32,132,1,0,28,0,21.445751190
3,"map(from: a)",16382,32,132,1,0,71,0,21.350383759
3,"map(from: a)",16382,32,132,1,0,1218,0,29.551982880
3,"map(from: a)",16382,32,132,1,0,294,0,21.445751190
3,"map(from: a)",16382,32,132,1,0,1,0,21.445751190
3,"map(from: a)",16382,32,132,1,0,7,0,21.302700043
3,"map(from: a)",16382,32,132,1,0,1955,0,29.742717743
3,"map(from: a)",16382,32,132,1,0,758,0,21.457672119
3,"map(from: a)",16382,32,132,1,0,114,0,21.255016327
3,"map(from: a)",16382,32,132,1,0,11,0,21.350383759
3,"map(from: a)",16382,32,132,1,0,3,0,21.445751190
3,"map(from: a)",16382,32,132,1,0,8096,0,70.750713348
3,"map(from: a)",16382,32,132,1,0,44,0,21.350383759
3,"map(from: a)",16382,32,132,1,0,17,0,21.195411682
3,"map(from: a)",16382,32,132,1,0,5042,0,54.240226746
3,"map(from: a)",16382,32,132,1,1,758,0,21.445751190
3,"map(from: a)",16382,32,132,1,1,3,0,21.350383759
3,"map(from: a)",16382,32,132,1,1,3140,0,37.741661072
3,"map(from: a)",16382,32,132,1,1,1955,0,29.706954956
3,"map(from: a)",16382,32,132,1,1,44,0,21.648406982
3,"map(from: a)",16382,32,132,1,1,17,0,21.445751190
3,"map(from: a)",16382,32,132,1,1,294,0,21.493434906
3,"map(from: a)",16382,32,132,1,1,28,0,21.398067474
3,"map(from: a)",16382,32,132,1,1,114,0,21.100044250
3,"map(from: a)",16382,32,132,1,1,2,0,21.648406982
3,"map(from: a)",16382,32,132,1,1,7,0,21.350383759
3,"map(from: a)",16382,32,132,1,1,183,0,21.553039551
3,"map(from: a)",16382,32,132,1,1,8096,0,70.703029633
3,"map(from: a)",16382,32,132,1,1,11,0,21.350383759
3,"map(from: a)",16382,32,132,1,1,1,0,21.445751190
3,"map(from: a)",16382,32,132,1,1,1218,0,29.599666595
3,"map(from: a)",16382,32,132,1,1,472,0,21.493434906
3,"map(from: a)",16382,32,132,1,1,71,0,21.493434906
3,"map(from: a)",16382,32,132,1,1,5042,0,54.347515106
3,"map(from: a)",16382,32,132,1,1,4,0,21.600723267
3,"map(from: a)",16382,32,132,1,2,2,0,21.302700043
3,"map(from: a)",16382,32,132,1,2,71,0,21.493434906
3,"map(from: a)",16382,32,132,1,2,17,0,21.505355835
3,"map(from: a)",16382,32,132,1,2,472,0,21.708011627
3,"map(from: a)",16382,32,132,1,2,5042,0,54.347515106
3,"map(from: a)",16382,32,132,1,2,28,0,21.648406982
3,"map(from: a)",16382,32,132,1,2,44,0,21.445751190
3,"map(from: a)",16382,32,132,1,2,1218,0,29.540061951
3,"map(from: a)",16382,32,132,1,2,4,0,21.648406982
3,"map(from: a)",16382,32,132,1,2,1955,0,29.551982880
3,"map(from: a)",16382,32,132,1,2,183,0,21.600723267
3,"map(from: a)",16382,32,132,1,2,7,0,21.457672119
3,"map(from: a)",16382,32,132,1,2,758,0,21.541118622
3,"map(from: a)",16382,32,132,1,2,1,0,21.457672119
3,"map(from: a)",16382,32,132,1,2,3140,0,37.848949432
3,"map(from: a)",16382,32,132,1,2,8096,0,70.548057556
3,"map(from: a)",16382,32,132,1,2,3,0,21.243095398
3,"map(from: a)",16382,32,132,1,2,114,0,21.457672119
3,"map(from: a)",16382,32,132,1,2,11,0,21.195411682
3,"map(from: a)",16382,32,132,1,2,294,0,21.445751190
3,"map(from: a)",16382,32,132,1,3,1,0,21.493434906
3,"map(from: a)",16382,32,132,1,3,17,0,21.696090698
3,"map(from: a)",16382,32,132,1,3,294,0,21.553039551
3,"map(from: a)",16382,32,132,1,3,5042,0,54.299831390
3,"map(from: a)",16382,32,132,1,3,114,0,21.445751190
3,"map(from: a)",16382,32,132,1,3,28,0,21.553039551
3,"map(from: a)",16382,32,132,1,3,1218,0,29.706954956
3,"map(from: a)",16382,32,132,1,3,2,0,21.493434906
3,"map(from: a)",16382,32,132,1,3,3,0,21.493434906
3,"map(from: a)",16382,32,132,1,3,4,0,21.588802338
3,"map(from: a)",16382,32,132,1,3,758,0,21.696090698
3,"map(from: a)",16382,32,132,1,3,11,0,21.553039551
3,"map(from: a)",16382,32,132,1,3,44,0,21.898746490
3,"map(from: a)",16382,32,132,1,3,472,0,21.445751190
3,"map(from: a)",16382,32,132,1,3,7,0,21.398067474
3,"map(from: a)",16382,32,132,1,3,1955,0,29.754638672
3,"map(from: a)",16382,32,132,1,3,71,0,21.445751190
3,"map(from: a)",16382,32,132,1,3,183,0,21.493434906
3,"map(from: a)",16382,32,132,1,3,8096,0,70.703029633
3,"map(from: a)",16382,32,132,1,3,3140,0,37.944316864
3,"map(from: a)",16382,32,132,1,4,472,0,21.457672119
3,"map(from: a)",16382,32,132,1,4,71,0,21.541118622
3,"map(from: a)",16382,32,132,1,4,1,0,21.600723267
3,"map(from: a)",16382,32,132,1,4,11,0,21.493434906
3,"map(from: a)",16382,32,132,1,4,4,0,21.600723267
3,"map(from: a)",16382,32,132,1,4,3140,0,37.896633148
3,"map(from: a)",16382,32,132,1,4,28,0,21.100044250
3,"map(from: a)",16382,32,132,1,4,1218,0,29.754638672
3,"map(from: a)",16382,32,132,1,4,2,0,21.755695343
3,"map(from: a)",16382,32,132,1,4,183,0,21.553039551
3,"map(from: a)",16382,32,132,1,4,5042,0,54.252147675
3,"map(from: a)",16382,32,132,1,4,114,0,21.445751190
3,"map(from: a)",16382,32,132,1,4,3,0,21.243095398
3,"map(from: a)",16382,32,132,1,4,44,0,21.553039551
3,"map(from: a)",16382,32,132,1,4,758,0,21.541118622
3,"map(from: a)",16382,32,132,1,4,8096,0,70.750713348
3,"map(from: a)",16382,32,132,1,4,1955,0,29.754638672
3,"map(from: a)",16382,32,132,1,4,294,0,21.398067474
3,"map(from: a)",16382,32,132,1,4,7,0,21.493434906
3,"map(from: a)",16382,32,132,1,4,17,0,21.553039551
3,"map(from: a)",32768,32,132,0,0,7,0,21.851062775
3,"map(from: a)",32768,32,132,0,0,114,0,21.898746490
3,"map(from: a)",32768,32,132,0,0,3,0,22.053718567
3,"map(from: a)",32768,32,132,0,0,17,0,21.696090698
3,"map(from: a)",32768,32,132,0,0,1,0,21.696090698
3,"map(from: a)",32768,32,132,0,0,44,0,21.851062775
3,"map(from: a)",32768,32,132,0,0,294,0,21.803379059
3,"map(from: a)",32768,32,132,0,0,3140,0,38.504600525
3,"map(from: a)",32768,32,132,0,0,4,0,21.648406982
3,"map(from: a)",32768,32,132,0,0,1955,0,30.195713043
3,"map(from: a)",32768,32,132,0,0,183,0,21.696090698
3,"map(from: a)",32768,32,132,0,0,8096,0,71.048736572
3,"map(from: a)",32768,32,132,0,0,758,0,21.851062775
3,"map(from: a)",32768,32,132,0,0,71,0,21.791458130
3,"map(from: a)",32768,32,132,0,0,2,0,21.958351135
3,"map(from: a)",32768,32,132,0,0,11,0,21.648406982
3,"map(from: a)",32768,32,132,0,0,28,0,22.053718567
3,"map(from: a)",32768,32,132,0,0,5042,0,54.800510406
3,"map(from: a)",32768,32,132,0,0,1218,0,30.195713043
3,"map(from: a)",32768,32,132,0,0,472,0,21.994113922
3,"map(from: a)",32768,32,132,0,1,4,0,21.696090698
3,"map(from: a)",32768,32,132,0,1,1,0,21.851062775
3,"map(from: a)",32768,32,132,0,1,17,0,21.994113922
3,"map(from: a)",32768,32,132,0,1,28,0,22.006034851
3,"map(from: a)",32768,32,132,0,1,11,0,22.041797638
3,"map(from: a)",32768,32,132,0,1,3140,0,38.051605225
3,"map(from: a)",32768,32,132,0,1,2,0,21.600723267
3,"map(from: a)",32768,32,132,0,1,758,0,21.755695343
3,"map(from: a)",32768,32,132,0,1,1218,0,30.004978180
3,"map(from: a)",32768,32,132,0,1,44,0,21.553039551
3,"map(from: a)",32768,32,132,0,1,71,0,21.600723267
3,"map(from: a)",32768,32,132,0,1,114,0,21.696090698
3,"map(from: a)",32768,32,132,0,1,294,0,21.696090698
3,"map(from: a)",32768,32,132,0,1,7,0,22.041797638
3,"map(from: a)",32768,32,132,0,1,183,0,21.600723267
3,"map(from: a)",32768,32,132,0,1,8096,0,71.156024933
3,"map(from: a)",32768,32,132,0,1,472,0,21.648406982
3,"map(from: a)",32768,32,132,0,1,1955,0,29.945373535
3,"map(from: a)",32768,32,132,0,1,3,0,21.791458130
3,"map(from: a)",32768,32,132,0,1,5042,0,54.347515106
3,"map(from: a)",32768,32,132,0,2,3,0,21.755695343
3,"map(from: a)",32768,32,132,0,2,44,0,21.743774414
3,"map(from: a)",32768,32,132,0,2,1,0,22.053718567
3,"map(from: a)",32768,32,132,0,2,183,0,21.898746490
3,"map(from: a)",32768,32,132,0,2,294,0,21.851062775
3,"map(from: a)",32768,32,132,0,2,5042,0,54.800510406
3,"map(from: a)",32768,32,132,0,2,7,0,21.648406982
3,"map(from: a)",32768,32,132,0,2,8096,0,71.001052856
3,"map(from: a)",32768,32,132,0,2,2,0,21.755695343
3,"map(from: a)",32768,32,132,0,2,114,0,21.851062775
3,"map(from: a)",32768,32,132,0,2,71,0,21.898746490
3,"map(from: a)",32768,32,132,0,2,1955,0,29.957294464
3,"map(from: a)",32768,32,132,0,2,17,0,21.600723267
3,"map(from: a)",32768,32,132,0,2,472,0,21.600723267
3,"map(from: a)",32768,32,132,0,2,11,0,21.803379059
3,"map(from: a)",32768,32,132,0,2,1218,0,29.850006104
3,"map(from: a)",32768,32,132,0,2,4,0,21.660327911
3,"map(from: a)",32768,32,132,0,2,3140,0,38.409233093
3,"map(from: a)",32768,32,132,0,2,758,0,21.851062775
3,"map(from: a)",32768,32,132,0,2,28,0,21.946430206
3,"map(from: a)",32768,32,132,0,3,11,0,21.898746490
3,"map(from: a)",32768,32,132,0,3,4,0,21.648406982
3,"map(from: a)",32768,32,132,0,3,5042,0,54.454803467
3,"map(from: a)",32768,32,132,0,3,183,0,21.600723267
3,"map(from: a)",32768,32,132,0,3,17,0,21.839141846
3,"map(from: a)",32768,32,132,0,3,3,0,22.053718567
3,"map(from: a)",32768,32,132,0,3,28,0,21.946430206
3,"map(from: a)",32768,32,132,0,3,1218,0,30.148029327
3,"map(from: a)",32768,32,132,0,3,114,0,21.600723267
3,"map(from: a)",32768,32,132,0,3,758,0,21.600723267
3,"map(from: a)",32768,32,132,0,3,1955,0,29.850006104
3,"map(from: a)",32768,32,132,0,3,472,0,21.696090698
3,"map(from: a)",32768,32,132,0,3,7,0,21.851062775
3,"map(from: a)",32768,32,132,0,3,44,0,22.006034851
3,"map(from: a)",32768,32,132,0,3,3140,0,38.552284241
3,"map(from: a)",32768,32,132,0,3,8096,0,71.203708649
3,"map(from: a)",32768,32,132,0,3,71,0,21.803379059
3,"map(from: a)",32768,32,132,0,3,1,0,21.898746490
3,"map(from: a)",32768,32,132,0,3,2,0,21.708011627
3,"map(from: a)",32768,32,132,0,3,294,0,21.898746490
3,"map(from: a)",32768,32,132,0,4,3,0,21.755695343
3,"map(from: a)",32768,32,132,0,4,8096,0,71.048736572
3,"map(from: a)",32768,32,132,0,4,1,0,22.053718567
3,"map(from: a)",32768,32,132,0,4,28,0,22.089481354
3,"map(from: a)",32768,32,132,0,4,17,0,21.803379059
3,"map(from: a)",32768,32,132,0,4,5042,0,54.657459259
3,"map(from: a)",32768,32,132,0,4,7,0,21.648406982
3,"map(from: a)",32768,32,132,0,4,114,0,21.851062775
3,"map(from: a)",32768,32,132,0,4,44,0,22.053718567
3,"map(from: a)",32768,32,132,0,4,2,0,21.851062775
3,"map(from: a)",32768,32,132,0,4,294,0,21.696090698
3,"map(from: a)",32768,32,132,0,4,758,0,21.958351135
3,"map(from: a)",32768,32,132,0,4,183,0,21.553039551
3,"map(from: a)",32768,32,132,0,4,4,0,21.898746490
3,"map(from: a)",32768,32,132,0,4,1218,0,30.040740967
3,"map(from: a)",32768,32,132,0,4,71,0,21.946430206
3,"map(from: a)",32768,32,132,0,4,1955,0,30.052661896
3,"map(from: a)",32768,32,132,0,4,11,0,21.791458130
3,"map(from: a)",32768,32,132,0,4,472,0,21.803379059
3,"map(from: a)",32768,32,132,0,4,3140,0,37.956237793
3,"map(from: a)",32768,32,132,1,0,2,0,21.803379059
3,"map(from: a)",32768,32,132,1,0,4,0,21.851062775
3,"map(from: a)",32768,32,132,1,0,472,0,21.743774414
3,"map(from: a)",32768,32,132,1,0,3140,0,38.099288940
3,"map(from: a)",32768,32,132,1,0,183,0,21.743774414
3,"map(from: a)",32768,32,132,1,0,28,0,21.851062775
3,"map(from: a)",32768,32,132,1,0,71,0,21.898746490
3,"map(from: a)",32768,32,132,1,0,1218,0,29.957294464
3,"map(from: a)",32768,32,132,1,0,294,0,21.946430206
3,"map(from: a)",32768,32,132,1,0,1,0,22.101402283
3,"map(from: a)",32768,32,132,1,0,7,0,21.946430206
3,"map(from: a)",32768,32,132,1,0,1955,0,29.850006104
3,"map(from: a)",32768,32,132,1,0,758,0,21.958351135
3,"map(from: a)",32768,32,132,1,0,114,0,21.898746490
3,"map(from: a)",32768,32,132,1,0,11,0,21.696090698
3,"map(from: a)",32768,32,132,1,0,3,0,22.101402283
3,"map(from: a)",32768,32,132,1,0,8096,0,71.096420288
3,"map(from: a)",32768,32,132,1,0,44,0,21.755695343
3,"map(from: a)",32768,32,132,1,0,17,0,21.791458130
3,"map(from: a)",32768,32,132,1,0,5042,0,54.550170898
3,"map(from: a)",32768,32,132,1,1,758,0,21.898746490
3,"map(from: a)",32768,32,132,1,1,3,0,21.600723267
3,"map(from: a)",32768,32,132,1,1,3140,0,38.158893585
3,"map(from: a)",32768,32,132,1,1,1955,0,30.207633972
3,"map(from: a)",32768,32,132,1,1,44,0,21.958351135
3,"map(from: a)",32768,32,132,1,1,17,0,21.803379059
3,"map(from: a)",32768,32,132,1,1,294,0,21.791458130
3,"map(from: a)",32768,32,132,1,1,28,0,21.755695343
3,"map(from: a)",32768,32,132,1,1,114,0,22.041797638
3,"map(from: a)",32768,32,132,1,1,2,0,21.898746490
3,"map(from: a)",32768,32,132,1,1,7,0,21.457672119
3,"map(from: a)",32768,32,132,1,1,183,0,21.803379059
3,"map(from: a)",32768,32,132,1,1,8096,0,71.358680725
3,"map(from: a)",32768,32,132,1,1,11,0,22.101402283
3,"map(from: a)",32768,32,132,1,1,1,0,21.994113922
3,"map(from: a)",32768,32,132,1,1,1218,0,30.255317688
3,"map(from: a)",32768,32,132,1,1,472,0,21.791458130
3,"map(from: a)",32768,32,132,1,1,71,0,21.898746490
3,"map(from: a)",32768,32,132,1,1,5042,0,54.693222046
3,"map(from: a)",32768,32,132,1,1,4,0,21.648406982
3,"map(from: a)",32768,32,132,1,2,2,0,21.743774414
3,"map(from: a)",32768,32,132,1,2,71,0,21.648406982
3,"map(from: a)",32768,32,132,1,2,17,0,21.946430206
3,"map(from: a)",32768,32,132,1,2,472,0,21.898746490
3,"map(from: a)",32768,32,132,1,2,5042,0,54.740905762
3,"map(from: a)",32768,32,132,1,2,28,0,21.958351135
3,"map(from: a)",32768,32,132,1,2,44,0,21.696090698
3,"map(from: a)",32768,32,132,1,2,1218,0,29.945373535
3,"map(from: a)",32768,32,132,1,2,4,0,21.600723267
3,"map(from: a)",32768,32,132,1,2,1955,0,30.100345612
3,"map(from: a)",32768,32,132,1,2,183,0,21.803379059
3,"map(from: a)",32768,32,132,1,2,7,0,21.898746490
3,"map(from: a)",32768,32,132,1,2,758,0,21.791458130
3,"map(from: a)",32768,32,132,1,2,1,0,22.006034851
3,"map(from: a)",32768,32,132,1,2,3140,0,38.051605225
3,"map(from: a)",32768,32,132,1,2,8096,0,71.096420288
3,"map(from: a)",32768,32,132,1,2,3,0,21.803379059
3,"map(from: a)",32768,32,132,1,2,114,0,22.101402283
3,"map(from: a)",32768,32,132,1,2,11,0,21.696090698
3,"map(from: a)",32768,32,132,1,2,294,0,21.696090698
3,"map(from: a)",32768,32,132,1,3,1,0,21.696090698
3,"map(from: a)",32768,32,132,1,3,17,0,21.946430206
3,"map(from: a)",32768,32,132,1,3,294,0,22.041797638
3,"map(from: a)",32768,32,132,1,3,5042,0,54.705142975
3,"map(from: a)",32768,32,132,1,3,114,0,21.791458130
3,"map(from: a)",32768,32,132,1,3,28,0,21.791458130
3,"map(from: a)",32768,32,132,1,3,1218,0,30.004978180
3,"map(from: a)",32768,32,132,1,3,2,0,21.803379059
3,"map(from: a)",32768,32,132,1,3,3,0,21.851062775
3,"map(from: a)",32768,32,132,1,3,4,0,21.946430206
3,"map(from: a)",32768,32,132,1,3,758,0,21.803379059
3,"map(from: a)",32768,32,132,1,3,11,0,21.898746490
3,"map(from: a)",32768,32,132,1,3,44,0,22.041797638
3,"map(from: a)",32768,32,132,1,3,472,0,21.994113922
3,"map(from: a)",32768,32,132,1,3,7,0,21.958351135
3,"map(from: a)",32768,32,132,1,3,1955,0,30.350685120
3,"map(from: a)",32768,32,132,1,3,71,0,21.755695343
3,"map(from: a)",32768,32,132,1,3,183,0,21.958351135
3,"map(from: a)",32768,32,132,1,3,8096,0,71.108341217
3,"map(from: a)",32768,32,132,1,3,3140,0,38.552284241
3,"map(from: a)",32768,32,132,1,4,472,0,22.149085999
3,"map(from: a)",32768,32,132,1,4,71,0,21.910667419
3,"map(from: a)",32768,32,132,1,4,1,0,21.898746490
3,"map(from: a)",32768,32,132,1,4,11,0,22.053718567
3,"map(from: a)",32768,32,132,1,4,4,0,21.946430206
3,"map(from: a)",32768,32,132,1,4,3140,0,38.349628448
3,"map(from: a)",32768,32,132,1,4,28,0,21.958351135
3,"map(from: a)",32768,32,132,1,4,1218,0,30.052661896
3,"map(from: a)",32768,32,132,1,4,2,0,22.006034851
3,"map(from: a)",32768,32,132,1,4,183,0,21.958351135
3,"map(from: a)",32768,32,132,1,4,5042,0,54.848194122
3,"map(from: a)",32768,32,132,1,4,114,0,21.803379059
3,"map(from: a)",32768,32,132,1,4,3,0,22.149085999
3,"map(from: a)",32768,32,132,1,4,44,0,21.851062775
3,"map(from: a)",32768,32,132,1,4,758,0,22.149085999
3,"map(from: a)",32768,32,132,1,4,8096,0,71.251392365
3,"map(from: a)",32768,32,132,1,4,1955,0,30.195713043
3,"map(from: a)",32768,32,132,1,4,294,0,21.851062775
3,"map(from: a)",32768,32,132,1,4,7,0,21.946430206
3,"map(from: a)",32768,32,132,1,4,17,0,22.399425507
3,"map(from: a)",65536,32,132,0,0,7,0,22.757053375
3,"map(from: a)",65536,32,132,0,0,114,0,23.305416107
3,"map(from: a)",65536,32,132,0,0,3,0,23.090839386
3,"map(from: a)",65536,32,132,0,0,17,0,22.959709167
3,"map(from: a)",65536,32,132,0,0,1,0,23.102760315
3,"map(from: a)",65536,32,132,0,0,44,0,22.900104523
3,"map(from: a)",65536,32,132,0,0,294,0,23.198127747
3,"map(from: a)",65536,32,132,0,0,3140,0,39.196014404
3,"map(from: a)",65536,32,132,0,0,4,0,22.852420807
3,"map(from: a)",65536,32,132,0,0,1955,0,31.054019928
3,"map(from: a)",65536,32,132,0,0,183,0,22.900104523
3,"map(from: a)",65536,32,132,0,0,8096,0,72.348117828
3,"map(from: a)",65536,32,132,0,0,758,0,22.947788239
3,"map(from: a)",65536,32,132,0,0,71,0,23.007392883
3,"map(from: a)",65536,32,132,0,0,2,0,23.210048676
3,"map(from: a)",65536,32,132,0,0,11,0,22.995471954
3,"map(from: a)",65536,32,132,0,0,28,0,22.947788239
3,"map(from: a)",65536,32,132,0,0,5042,0,55.754184723
3,"map(from: a)",65536,32,132,0,0,1218,0,30.839443207
3,"map(from: a)",65536,32,132,0,0,472,0,22.745132446
3,"map(from: a)",65536,32,132,0,1,4,0,22.649765015
3,"map(from: a)",65536,32,132,0,1,1,0,23.007392883
3,"map(from: a)",65536,32,132,0,1,17,0,23.055076599
3,"map(from: a)",65536,32,132,0,1,28,0,23.007392883
3,"map(from: a)",65536,32,132,0,1,11,0,22.852420807
3,"map(from: a)",65536,32,132,0,1,3140,0,39.410591125
3,"map(from: a)",65536,32,132,0,1,2,0,22.792816162
3,"map(from: a)",65536,32,132,0,1,758,0,23.007392883
3,"map(from: a)",65536,32,132,0,1,1218,0,31.197071075
3,"map(from: a)",65536,32,132,0,1,44,0,22.959709167
3,"map(from: a)",65536,32,132,0,1,71,0,23.102760315
3,"map(from: a)",65536,32,132,0,1,114,0,22.995471954
3,"map(from: a)",65536,32,132,0,1,294,0,23.007392883
3,"map(from: a)",65536,32,132,0,1,7,0,22.745132446
3,"map(from: a)",65536,32,132,0,1,183,0,22.792816162
3,"map(from: a)",65536,32,132,0,1,8096,0,72.109699249
3,"map(from: a)",65536,32,132,0,1,472,0,23.007392883
3,"map(from: a)",65536,32,132,0,1,1955,0,31.054019928
3,"map(from: a)",65536,32,132,0,1,3,0,23.150444031
3,"map(from: a)",65536,32,132,0,1,5042,0,56.004524231
3,"map(from: a)",65536,32,132,0,2,3,0,22.995471954
3,"map(from: a)",65536,32,132,0,2,44,0,23.150444031
3,"map(from: a)",65536,32,132,0,2,1,0,22.995471954
3,"map(from: a)",65536,32,132,0,2,183,0,23.102760315
3,"map(from: a)",65536,32,132,0,2,294,0,22.852420807
3,"map(from: a)",65536,32,132,0,2,5042,0,55.897235870
3,"map(from: a)",65536,32,132,0,2,7,0,23.102760315
3,"map(from: a)",65536,32,132,0,2,8096,0,72.550773621
3,"map(from: a)",65536,32,132,0,2,2,0,23.102760315
3,"map(from: a)",65536,32,132,0,2,114,0,22.947788239
3,"map(from: a)",65536,32,132,0,2,71,0,23.043155670
3,"map(from: a)",65536,32,132,0,2,1955,0,31.149387360
3,"map(from: a)",65536,32,132,0,2,17,0,22.947788239
3,"map(from: a)",65536,32,132,0,2,472,0,22.900104523
3,"map(from: a)",65536,32,132,0,2,11,0,22.995471954
3,"map(from: a)",65536,32,132,0,2,1218,0,31.149387360
3,"map(from: a)",65536,32,132,0,2,4,0,22.995471954
3,"map(from: a)",65536,32,132,0,2,3140,0,39.446353912
3,"map(from: a)",65536,32,132,0,2,758,0,22.852420807
3,"map(from: a)",65536,32,132,0,2,28,0,22.900104523
3,"map(from: a)",65536,32,132,0,3,11,0,22.900104523
3,"map(from: a)",65536,32,132,0,3,4,0,22.947788239
3,"map(from: a)",65536,32,132,0,3,5042,0,55.551528931
3,"map(from: a)",65536,32,132,0,3,183,0,22.995471954
3,"map(from: a)",65536,32,132,0,3,17,0,22.900104523
3,"map(from: a)",65536,32,132,0,3,3,0,22.745132446
3,"map(from: a)",65536,32,132,0,3,28,0,22.649765015
3,"map(from: a)",65536,32,132,0,3,1218,0,31.149387360
3,"map(from: a)",65536,32,132,0,3,114,0,22.649765015
3,"map(from: a)",65536,32,132,0,3,758,0,22.852420807
3,"map(from: a)",65536,32,132,0,3,1955,0,30.946731567
3,"map(from: a)",65536,32,132,0,3,472,0,22.900104523
3,"map(from: a)",65536,32,132,0,3,7,0,22.900104523
3,"map(from: a)",65536,32,132,0,3,44,0,22.900104523
3,"map(from: a)",65536,32,132,0,3,3140,0,39.350986481
3,"map(from: a)",65536,32,132,0,3,8096,0,72.002410889
3,"map(from: a)",65536,32,132,0,3,71,0,22.947788239
3,"map(from: a)",65536,32,132,0,3,1,0,22.792816162
3,"map(from: a)",65536,32,132,0,3,2,0,22.995471954
3,"map(from: a)",65536,32,132,0,3,294,0,22.852420807
3,"map(from: a)",65536,32,132,0,4,3,0,22.900104523
3,"map(from: a)",65536,32,132,0,4,8096,0,72.205066681
3,"map(from: a)",65536,32,132,0,4,1,0,22.947788239
3,"map(from: a)",65536,32,132,0,4,28,0,22.745132446
3,"map(from: a)",65536,32,132,0,4,17,0,23.198127747
3,"map(from: a)",65536,32,132,0,4,5042,0,55.646896362
3,"map(from: a)",65536,32,132,0,4,7,0,23.150444031
3,"map(from: a)",65536,32,132,0,4,114,0,23.043155670
3,"map(from: a)",65536,32,132,0,4,44,0,22.995471954
3,"map(from: a)",65536,32,132,0,4,2,0,22.947788239
3,"map(from: a)",65536,32,132,0,4,294,0,23.150444031
3,"map(from: a)",65536,32,132,0,4,758,0,22.900104523
3,"map(from: a)",65536,32,132,0,4,183,0,23.102760315
3,"map(from: a)",65536,32,132,0,4,4,0,23.102760315
3,"map(from: a)",65536,32,132,0,4,1218,0,31.399726868
3,"map(from: a)",65536,32,132,0,4,71,0,23.007392883
3,"map(from: a)",65536,32,132,0,4,1955,0,31.292438507
3,"map(from: a)",65536,32,132,0,4,11,0,22.995471954
3,"map(from: a)",65536,32,132,0,4,472,0,22.995471954
3,"map(from: a)",65536,32,132,0,4,3140,0,39.851665497
3,"map(from: a)",65536,32,132,1,0,2,0,22.947788239
3,"map(from: a)",65536,32,132,1,0,4,0,22.697448730
3,"map(from: a)",65536,32,132,1,0,472,0,22.697448730
3,"map(from: a)",65536,32,132,1,0,3140,0,39.291381836
3,"map(from: a)",65536,32,132,1,0,183,0,22.602081299
3,"map(from: a)",65536,32,132,1,0,28,0,22.900104523
3,"map(from: a)",65536,32,132,1,0,71,0,23.090839386
3,"map(from: a)",65536,32,132,1,0,1218,0,31.006336212
3,"map(from: a)",65536,32,132,1,0,294,0,22.947788239
3,"map(from: a)",65536,32,132,1,0,1,0,23.102760315
3,"map(from: a)",65536,32,132,1,0,7,0,22.947788239
3,"map(from: a)",65536,32,132,1,0,1955,0,31.042098999
3,"map(from: a)",65536,32,132,1,0,758,0,22.697448730
3,"map(from: a)",65536,32,132,1,0,114,0,22.947788239
3,"map(from: a)",65536,32,132,1,0,11,0,22.697448730
3,"map(from: a)",65536,32,132,1,0,3,0,22.792816162
3,"map(from: a)",65536,32,132,1,0,8096,0,71.954727173
3,"map(from: a)",65536,32,132,1,0,44,0,23.150444031
3,"map(from: a)",65536,32,132,1,0,17,0,22.852420807
3,"map(from: a)",65536,32,132,1,0,5042,0,55.909156799
3,"map(from: a)",65536,32,132,1,1,758,0,23.043155670
3,"map(from: a)",65536,32,132,1,1,3,0,22.947788239
3,"map(from: a)",65536,32,132,1,1,3140,0,39.446353912
3,"map(from: a)",65536,32,132,1,1,1955,0,31.197071075
3,"map(from: a)",65536,32,132,1,1,44,0,22.697448730
3,"map(from: a)",65536,32,132,1,1,17,0,23.007392883
3,"map(from: a)",65536,32,132,1,1,294,0,22.840499878
3,"map(from: a)",65536,32,132,1,1,28,0,22.900104523
3,"map(from: a)",65536,32,132,1,1,114,0,23.245811462
3,"map(from: a)",65536,32,132,1,1,2,0,23.043155670
3,"map(from: a)",65536,32,132,1,1,7,0,23.198127747
3,"map(from: a)",65536,32,132,1,1,183,0,22.947788239
3,"map(from: a)",65536,32,132,1,1,8096,0,72.097778320
3,"map(from: a)",65536,32,132,1,1,11,0,22.852420807
3,"map(from: a)",65536,32,132,1,1,1,0,23.102760315
3,"map(from: a)",65536,32,132,1,1,1218,0,30.946731567
3,"map(from: a)",65536,32,132,1,1,472,0,22.947788239
3,"map(from: a)",65536,32,132,1,1,71,0,22.792816162
3,"map(from: a)",65536,32,132,1,1,5042,0,55.897235870
3,"map(from: a)",65536,32,132,1,1,4,0,22.697448730
3,"map(from: a)",65536,32,132,1,2,2,0,22.900104523
3,"map(from: a)",65536,32,132,1,2,71,0,22.947788239
3,"map(from: a)",65536,32,132,1,2,17,0,22.947788239
3,"map(from: a)",65536,32,132,1,2,472,0,22.792816162
3,"map(from: a)",65536,32,132,1,2,5042,0,55.801868439
3,"map(from: a)",65536,32,132,1,2,28,0,23.007392883
3,"map(from: a)",65536,32,132,1,2,44,0,22.792816162
3,"map(from: a)",65536,32,132,1,2,1218,0,31.352043152
3,"map(from: a)",65536,32,132,1,2,4,0,22.947788239
3,"map(from: a)",65536,32,132,1,2,1955,0,31.042098999
3,"map(from: a)",65536,32,132,1,2,183,0,22.804737091
3,"map(from: a)",65536,32,132,1,2,7,0,22.900104523
3,"map(from: a)",65536,32,132,1,2,758,0,22.804737091
3,"map(from: a)",65536,32,132,1,2,1,0,22.995471954
3,"map(from: a)",65536,32,132,1,2,3140,0,39.196014404
3,"map(from: a)",65536,32,132,1,2,8096,0,72.002410889
3,"map(from: a)",65536,32,132,1,2,3,0,23.043155670
3,"map(from: a)",65536,32,132,1,2,114,0,22.947788239
3,"map(from: a)",65536,32,132,1,2,11,0,22.900104523
3,"map(from: a)",65536,32,132,1,2,294,0,23.198127747
3,"map(from: a)",65536,32,132,1,3,1,0,22.947788239
3,"map(from: a)",65536,32,132,1,3,17,0,22.900104523
3,"map(from: a)",65536,32,132,1,3,294,0,23.043155670
3,"map(from: a)",65536,32,132,1,3,5042,0,55.694580078
3,"map(from: a)",65536,32,132,1,3,114,0,22.554397583
3,"map(from: a)",65536,32,132,1,3,28,0,22.947788239
3,"map(from: a)",65536,32,132,1,3,1218,0,30.994415283
3,"map(from: a)",65536,32,132,1,3,2,0,22.947788239
3,"map(from: a)",65536,32,132,1,3,3,0,22.947788239
3,"map(from: a)",65536,32,132,1,3,4,0,22.900104523
3,"map(from: a)",65536,32,132,1,3,758,0,23.150444031
3,"map(from: a)",65536,32,132,1,3,11,0,22.900104523
3,"map(from: a)",65536,32,132,1,3,44,0,22.745132446
3,"map(from: a)",65536,32,132,1,3,472,0,22.900104523
3,"map(from: a)",65536,32,132,1,3,7,0,22.947788239
3,"map(from: a)",65536,32,132,1,3,1955,0,31.197071075
3,"map(from: a)",65536,32,132,1,3,71,0,23.245811462
3,"map(from: a)",65536,32,132,1,3,183,0,22.900104523
3,"map(from: a)",65536,32,132,1,3,8096,0,72.050094604
3,"map(from: a)",65536,32,132,1,3,3140,0,39.100646973
3,"map(from: a)",65536,32,132,1,4,472,0,22.900104523
3,"map(from: a)",65536,32,132,1,4,71,0,22.649765015
3,"map(from: a)",65536,32,132,1,4,1,0,23.150444031
3,"map(from: a)",65536,32,132,1,4,11,0,22.947788239
3,"map(from: a)",65536,32,132,1,4,4,0,23.102760315
3,"map(from: a)",65536,32,132,1,4,3140,0,39.553642273
3,"map(from: a)",65536,32,132,1,4,28,0,23.198127747
3,"map(from: a)",65536,32,132,1,4,1218,0,31.197071075
3,"map(from: a)",65536,32,132,1,4,2,0,22.852420807
3,"map(from: a)",65536,32,132,1,4,183,0,22.959709167
3,"map(from: a)",65536,32,132,1,4,5042,0,55.742263794
3,"map(from: a)",65536,32,132,1,4,114,0,22.804737091
3,"map(from: a)",65536,32,132,1,4,3,0,22.900104523
3,"map(from: a)",65536,32,132,1,4,44,0,22.947788239
3,"map(from: a)",65536,32,132,1,4,758,0,22.757053375
3,"map(from: a)",65536,32,132,1,4,8096,0,72.145462036
3,"map(from: a)",65536,32,132,1,4,1955,0,30.899047852
3,"map(from: a)",65536,32,132,1,4,294,0,22.757053375
3,"map(from: a)",65536,32,132,1,4,7,0,22.757053375
3,"map(from: a)",65536,32,132,1,4,17,0,22.900104523
4,"map(alloc: a)",1,32,132,0,0,7,0,11.301040649
4,"map(alloc: a)",1,32,132,0,0,114,0,12.207031250
4,"map(alloc: a)",1,32,132,0,0,3,0,11.396408081
4,"map(alloc: a)",1,32,132,0,0,17,0,11.301040649
4,"map(alloc: a)",1,32,132,0,0,1,0,11.348724365
4,"map(alloc: a)",1,32,132,0,0,44,0,11.539459229
4,"map(alloc: a)",1,32,132,0,0,294,0,13.256072998
4,"map(alloc: a)",1,32,132,0,0,3140,0,32.091140747
4,"map(alloc: a)",1,32,132,0,0,4,0,11.396408081
4,"map(alloc: a)",1,32,132,0,0,1955,0,24.402141571
4,"map(alloc: a)",1,32,132,0,0,183,0,12.600421906
4,"map(alloc: a)",1,32,132,0,0,8096,0,65.052509308
4,"map(alloc: a)",1,32,132,0,0,758,0,16.355514526
4,"map(alloc: a)",1,32,132,0,0,71,0,12.302398682
4,"map(alloc: a)",1,32,132,0,0,2,0,11.253356934
4,"map(alloc: a)",1,32,132,0,0,11,0,11.253356934
4,"map(alloc: a)",1,32,132,0,0,28,0,11.491775513
4,"map(alloc: a)",1,32,132,0,0,5042,0,44.846534729
4,"map(alloc: a)",1,32,132,0,0,1218,0,19.705295563
4,"map(alloc: a)",1,32,132,0,0,472,0,14.543533325
4,"map(alloc: a)",1,32,132,0,1,4,0,11.348724365
4,"map(alloc: a)",1,32,132,0,1,1,0,11.301040649
4,"map(alloc: a)",1,32,132,0,1,17,0,11.348724365
4,"map(alloc: a)",1,32,132,0,1,28,0,11.456012726
4,"map(alloc: a)",1,32,132,0,1,11,0,11.253356934
4,"map(alloc: a)",1,32,132,0,1,3140,0,32.198429108
4,"map(alloc: a)",1,32,132,0,1,2,0,11.050701141
4,"map(alloc: a)",1,32,132,0,1,758,0,16.450881958
4,"map(alloc: a)",1,32,132,0,1,1218,0,19.204616547
4,"map(alloc: a)",1,32,132,0,1,44,0,11.396408081
4,"map(alloc: a)",1,32,132,0,1,71,0,11.551380157
4,"map(alloc: a)",1,32,132,0,1,114,0,11.754035950
4,"map(alloc: a)",1,32,132,0,1,294,0,13.005733490
4,"map(alloc: a)",1,32,132,0,1,7,0,11.157989502
4,"map(alloc: a)",1,32,132,0,1,183,0,12.350082397
4,"map(alloc: a)",1,32,132,0,1,8096,0,64.706802368
4,"map(alloc: a)",1,32,132,0,1,472,0,14.245510101
4,"map(alloc: a)",1,32,132,0,1,1955,0,24.402141571
4,"map(alloc: a)",1,32,132,0,1,3,0,11.241436005
4,"map(alloc: a)",1,32,132,0,1,5042,0,44.500827789
4,"map(alloc: a)",1,32,132,0,2,3,0,11.157989502
4,"map(alloc: a)",1,32,132,0,2,44,0,11.408329010
4,"map(alloc: a)",1,32,132,0,2,1,0,11.050701141
4,"map(alloc: a)",1,32,132,0,2,183,0,12.445449829
4,"map(alloc: a)",1,32,132,0,2,294,0,13.101100922
4,"map(alloc: a)",1,32,132,0,2,5042,0,44.751167297
4,"map(alloc: a)",1,32,132,0,2,7,0,11.444091797
4,"map(alloc: a)",1,32,132,0,2,8096,0,64.754486084
4,"map(alloc: a)",1,32,132,0,2,2,0,11.193752289
4,"map(alloc: a)",1,32,132,0,2,114,0,12.147426605
4,"map(alloc: a)",1,32,132,0,2,71,0,12.159347534
4,"map(alloc: a)",1,32,132,0,2,1955,0,24.306774139
4,"map(alloc: a)",1,32,132,0,2,17,0,11.551380157
4,"map(alloc: a)",1,32,132,0,2,472,0,14.698505402
4,"map(alloc: a)",1,32,132,0,2,11,0,11.408329010
4,"map(alloc: a)",1,32,132,0,2,1218,0,19.454956055
4,"map(alloc: a)",1,32,132,0,2,4,0,11.205673218
4,"map(alloc: a)",1,32,132,0,2,3140,0,32.651424408
4,"map(alloc: a)",1,32,132,0,2,758,0,16.689300537
4,"map(alloc: a)",1,32,132,0,2,28,0,11.456012726
4,"map(alloc: a)",1,32,132,0,3,11,0,11.253356934
4,"map(alloc: a)",1,32,132,0,3,4,0,11.253356934
4,"map(alloc: a)",1,32,132,0,3,5042,0,44.953823090
4,"map(alloc: a)",1,32,132,0,3,183,0,12.803077698
4,"map(alloc: a)",1,32,132,0,3,17,0,11.444091797
4,"map(alloc: a)",1,32,132,0,3,3,0,11.205673218
4,"map(alloc: a)",1,32,132,0,3,28,0,11.599063873
4,"map(alloc: a)",1,32,132,0,3,1218,0,19.299983978
4,"map(alloc: a)",1,32,132,0,3,114,0,12.147426605
4,"map(alloc: a)",1,32,132,0,3,758,0,16.343593597
4,"map(alloc: a)",1,32,132,0,3,1955,0,24.294853210
4,"map(alloc: a)",1,32,132,0,3,472,0,14.352798462
4,"map(alloc: a)",1,32,132,0,3,7,0,11.348724365
4,"map(alloc: a)",1,32,132,0,3,44,0,11.658668518
4,"map(alloc: a)",1,32,132,0,3,3140,0,32.401084900
4,"map(alloc: a)",1,32,132,0,3,8096,0,64.802169800
4,"map(alloc: a)",1,32,132,0,3,71,0,12.004375458
4,"map(alloc: a)",1,32,132,0,3,1,0,11.646747589
4,"map(alloc: a)",1,32,132,0,3,2,0,11.360645294
4,"map(alloc: a)",1,32,132,0,3,294,0,13.351440430
4,"map(alloc: a)",1,32,132,0,4,3,0,11.456012726
4,"map(alloc: a)",1,32,132,0,4,8096,0,65.040588379
4,"map(alloc: a)",1,32,132,0,4,1,0,11.098384857
4,"map(alloc: a)",1,32,132,0,4,28,0,11.444091797
4,"map(alloc: a)",1,32,132,0,4,17,0,11.444091797
4,"map(alloc: a)",1,32,132,0,4,5042,0,45.204162598
4,"map(alloc: a)",1,32,132,0,4,7,0,11.396408081
4,"map(alloc: a)",1,32,132,0,4,114,0,12.147426605
4,"map(alloc: a)",1,32,132,0,4,44,0,11.491775513
4,"map(alloc: a)",1,32,132,0,4,2,0,11.396408081
4,"map(alloc: a)",1,32,132,0,4,294,0,13.256072998
4,"map(alloc: a)",1,32,132,0,4,758,0,16.307830811
4,"map(alloc: a)",1,32,132,0,4,183,0,12.552738190
4,"map(alloc: a)",1,32,132,0,4,4,0,11.491775513
4,"map(alloc: a)",1,32,132,0,4,1218,0,19.454956055
4,"map(alloc: a)",1,32,132,0,4,71,0,11.754035950
4,"map(alloc: a)",1,32,132,0,4,1955,0,24.604797363
4,"map(alloc: a)",1,32,132,0,4,11,0,11.253356934
4,"map(alloc: a)",1,32,132,0,4,472,0,14.352798462
4,"map(alloc: a)",1,32,132,0,4,3140,0,32.246112823
4,"map(alloc: a)",1,32,132,1,0,2,0,11.098384857
4,"map(alloc: a)",1,32,132,1,0,4,0,11.396408081
4,"map(alloc: a)",1,32,132,1,0,472,0,14.495849609
4,"map(alloc: a)",1,32,132,1,0,3140,0,32.341480255
4,"map(alloc: a)",1,32,132,1,0,183,0,12.600421906
4,"map(alloc: a)",1,32,132,1,0,28,0,11.503696442
4,"map(alloc: a)",1,32,132,1,0,71,0,11.956691742
4,"map(alloc: a)",1,32,132,1,0,1218,0,19.407272339
4,"map(alloc: a)",1,32,132,1,0,294,0,13.256072998
4,"map(alloc: a)",1,32,132,1,0,1,0,11.301040649
4,"map(alloc: a)",1,32,132,1,0,7,0,11.348724365
4,"map(alloc: a)",1,32,132,1,0,1955,0,24.449825287
4,"map(alloc: a)",1,32,132,1,0,758,0,16.105175018
4,"map(alloc: a)",1,32,132,1,0,114,0,12.052059174
4,"map(alloc: a)",1,32,132,1,0,11,0,11.551380157
4,"map(alloc: a)",1,32,132,1,0,3,0,11.241436005
4,"map(alloc: a)",1,32,132,1,0,8096,0,64.957141876
4,"map(alloc: a)",1,32,132,1,0,44,0,11.646747589
4,"map(alloc: a)",1,32,132,1,0,17,0,11.491775513
4,"map(alloc: a)",1,32,132,1,0,5042,0,44.894218445
4,"map(alloc: a)",1,32,132,1,1,758,0,16.498565674
4,"map(alloc: a)",1,32,132,1,1,3,0,11.348724365
4,"map(alloc: a)",1,32,132,1,1,3140,0,32.293796539
4,"map(alloc: a)",1,32,132,1,1,1955,0,24.294853210
4,"map(alloc: a)",1,32,132,1,1,44,0,11.599063873
4,"map(alloc: a)",1,32,132,1,1,17,0,11.503696442
4,"map(alloc: a)",1,32,132,1,1,294,0,13.351440430
4,"map(alloc: a)",1,32,132,1,1,28,0,11.396408081
4,"map(alloc: a)",1,32,132,1,1,114,0,12.147426605
4,"map(alloc: a)",1,32,132,1,1,2,0,11.301040649
4,"map(alloc: a)",1,32,132,1,1,7,0,11.396408081
4,"map(alloc: a)",1,32,132,1,1,183,0,12.493133545
4,"map(alloc: a)",1,32,132,1,1,8096,0,65.052509308
4,"map(alloc: a)",1,32,132,1,1,11,0,11.444091797
4,"map(alloc: a)",1,32,132,1,1,1,0,11.241436005
4,"map(alloc: a)",1,32,132,1,1,1218,0,19.252300262
4,"map(alloc: a)",1,32,132,1,1,472,0,14.495849609
4,"map(alloc: a)",1,32,132,1,1,71,0,11.801719666
4,"map(alloc: a)",1,32,132,1,1,5042,0,44.751167297
4,"map(alloc: a)",1,32,132,1,1,4,0,11.241436005
4,"map(alloc: a)",1,32,132,1,2,2,0,11.348724365
4,"map(alloc: a)",1,32,132,1,2,71,0,11.861324310
4,"map(alloc: a)",1,32,132,1,2,17,0,11.456012726
4,"map(alloc: a)",1,32,132,1,2,472,0,14.400482178
4,"map(alloc: a)",1,32,132,1,2,5042,0,44.751167297
4,"map(alloc: a)",1,32,132,1,2,28,0,11.503696442
4,"map(alloc: a)",1,32,132,1,2,44,0,11.456012726
4,"map(alloc: a)",1,32,132,1,2,1218,0,19.490718842
4,"map(alloc: a)",1,32,132,1,2,4,0,11.396408081
4,"map(alloc: a)",1,32,132,1,2,1955,0,24.604797363
4,"map(alloc: a)",1,32,132,1,2,183,0,12.695789337
4,"map(alloc: a)",1,32,132,1,2,7,0,11.301040649
4,"map(alloc: a)",1,32,132,1,2,758,0,16.355514526
4,"map(alloc: a)",1,32,132,1,2,1,0,11.205673218
4,"map(alloc: a)",1,32,132,1,2,3140,0,32.353401184
4,"map(alloc: a)",1,32,132,1,2,8096,0,64.754486084
4,"map(alloc: a)",1,32,132,1,2,3,0,11.146068573
4,"map(alloc: a)",1,32,132,1,2,114,0,11.849403381
4,"map(alloc: a)",1,32,132,1,2,11,0,11.289119720
4,"map(alloc: a)",1,32,132,1,2,294,0,13.244152069
4,"map(alloc: a)",1,32,132,1,3,1,0,11.360645294
4,"map(alloc: a)",1,32,132,1,3,17,0,11.205673218
4,"map(alloc: a)",1,32,132,1,3,294,0,13.148784637
4,"map(alloc: a)",1,32,132,1,3,5042,0,44.655799866
4,"map(alloc: a)",1,32,132,1,3,114,0,12.207031250
4,"map(alloc: a)",1,32,132,1,3,28,0,11.444091797
4,"map(alloc: a)",1,32,132,1,3,1218,0,19.550323486
4,"map(alloc: a)",1,32,132,1,3,2,0,11.301040649
4,"map(alloc: a)",1,32,132,1,3,3,0,11.456012726
4,"map(alloc: a)",1,32,132,1,3,4,0,11.301040649
4,"map(alloc: a)",1,32,132,1,3,758,0,16.200542450
4,"map(alloc: a)",1,32,132,1,3,11,0,11.146068573
4,"map(alloc: a)",1,32,132,1,3,44,0,11.396408081
4,"map(alloc: a)",1,32,132,1,3,472,0,14.400482178
4,"map(alloc: a)",1,32,132,1,3,7,0,11.146068573
4,"map(alloc: a)",1,32,132,1,3,1955,0,24.449825287
4,"map(alloc: a)",1,32,132,1,3,71,0,12.052059174
4,"map(alloc: a)",1,32,132,1,3,183,0,12.648105621
4,"map(alloc: a)",1,32,132,1,3,8096,0,64.742565155
4,"map(alloc: a)",1,32,132,1,3,3140,0,32.508373260
4,"map(alloc: a)",1,32,132,1,4,472,0,14.340877533
4,"map(alloc: a)",1,32,132,1,4,71,0,12.052059174
4,"map(alloc: a)",1,32,132,1,4,1,0,11.146068573
4,"map(alloc: a)",1,32,132,1,4,11,0,11.348724365
4,"map(alloc: a)",1,32,132,1,4,4,0,11.301040649
4,"map(alloc: a)",1,32,132,1,4,3140,0,32.448768616
4,"map(alloc: a)",1,32,132,1,4,28,0,11.444091797
4,"map(alloc: a)",1,32,132,1,4,1218,0,19.395351410
4,"map(alloc: a)",1,32,132,1,4,2,0,11.253356934
4,"map(alloc: a)",1,32,132,1,4,183,0,12.707710266
4,"map(alloc: a)",1,32,132,1,4,5042,0,44.846534729
4,"map(alloc: a)",1,32,132,1,4,114,0,12.052059174
4,"map(alloc: a)",1,32,132,1,4,3,0,11.301040649
4,"map(alloc: a)",1,32,132,1,4,44,0,11.610984802
4,"map(alloc: a)",1,32,132,1,4,758,0,16.653537750
4,"map(alloc: a)",1,32,132,1,4,8096,0,65.290927887
4,"map(alloc: a)",1,32,132,1,4,1955,0,24.449825287
4,"map(alloc: a)",1,32,132,1,4,294,0,13.339519501
4,"map(alloc: a)",1,32,132,1,4,7,0,11.444091797
4,"map(alloc: a)",1,32,132,1,4,17,0,11.456012726
4,"map(alloc: a)",4,32,132,0,0,7,0,11.253356934
4,"map(alloc: a)",4,32,132,0,0,114,0,11.849403381
4,"map(alloc: a)",4,32,132,0,0,3,0,11.098384857
4,"map(alloc: a)",4,32,132,0,0,17,0,11.146068573
4,"map(alloc: a)",4,32,132,0,0,1,0,10.943412781
4,"map(alloc: a)",4,32,132,0,0,44,0,11.253356934
4,"map(alloc: a)",4,32,132,0,0,294,0,13.005733490
4,"map(alloc: a)",4,32,132,0,0,3140,0,32.246112823
4,"map(alloc: a)",4,32,132,0,0,4,0,11.301040649
4,"map(alloc: a)",4,32,132,0,0,1955,0,24.342536926
4,"map(alloc: a)",4,32,132,0,0,183,0,12.803077698
4,"map(alloc: a)",4,32,132,0,0,8096,0,64.849853516
4,"map(alloc: a)",4,32,132,0,0,758,0,16.200542450
4,"map(alloc: a)",4,32,132,0,0,71,0,11.646747589
4,"map(alloc: a)",4,32,132,0,0,2,0,11.205673218
4,"map(alloc: a)",4,32,132,0,0,11,0,11.205673218
4,"map(alloc: a)",4,32,132,0,0,28,0,11.456012726
4,"map(alloc: a)",4,32,132,0,0,5042,0,44.691562653
4,"map(alloc: a)",4,32,132,0,0,1218,0,19.204616547
4,"map(alloc: a)",4,32,132,0,0,472,0,14.340877533
4,"map(alloc: a)",4,32,132,0,1,4,0,11.503696442
4,"map(alloc: a)",4,32,132,0,1,1,0,11.241436005
4,"map(alloc: a)",4,32,132,0,1,17,0,11.444091797
4,"map(alloc: a)",4,32,132,0,1,28,0,11.503696442
4,"map(alloc: a)",4,32,132,0,1,11,0,11.408329010
4,"map(alloc: a)",4,32,132,0,1,3140,0,32.246112823
4,"map(alloc: a)",4,32,132,0,1,2,0,11.348724365
4,"map(alloc: a)",4,32,132,0,1,758,0,16.593933105
4,"map(alloc: a)",4,32,132,0,1,1218,0,19.598007202
4,"map(alloc: a)",4,32,132,0,1,44,0,11.551380157
4,"map(alloc: a)",4,32,132,0,1,71,0,11.956691742
4,"map(alloc: a)",4,32,132,0,1,114,0,11.849403381
4,"map(alloc: a)",4,32,132,0,1,294,0,12.993812561
4,"map(alloc: a)",4,32,132,0,1,7,0,11.193752289
4,"map(alloc: a)",4,32,132,0,1,183,0,12.445449829
4,"map(alloc: a)",4,32,132,0,1,8096,0,64.694881439
4,"map(alloc: a)",4,32,132,0,1,472,0,14.305114746
4,"map(alloc: a)",4,32,132,0,1,1955,0,24.402141571
4,"map(alloc: a)",4,32,132,0,1,3,0,11.098384857
4,"map(alloc: a)",4,32,132,0,1,5042,0,44.739246368
4,"map(alloc: a)",4,32,132,0,2,3,0,11.157989502
4,"map(alloc: a)",4,32,132,0,2,44,0,11.503696442
4,"map(alloc: a)",4,32,132,0,2,1,0,11.348724365
4,"map(alloc: a)",4,32,132,0,2,183,0,12.552738190
4,"map(alloc: a)",4,32,132,0,2,294,0,13.196468353
4,"map(alloc: a)",4,32,132,0,2,5042,0,44.703483582
4,"map(alloc: a)",4,32,132,0,2,7,0,11.205673218
4,"map(alloc: a)",4,32,132,0,2,8096,0,64.957141876
4,"map(alloc: a)",4,32,132,0,2,2,0,11.098384857
4,"map(alloc: a)",4,32,132,0,2,114,0,11.956691742
4,"map(alloc: a)",4,32,132,0,2,71,0,11.646747589
4,"map(alloc: a)",4,32,132,0,2,1955,0,24.449825287
4,"map(alloc: a)",4,32,132,0,2,17,0,11.348724365
4,"map(alloc: a)",4,32,132,0,2,472,0,14.293193817
4,"map(alloc: a)",4,32,132,0,2,11,0,11.396408081
4,"map(alloc: a)",4,32,132,0,2,1218,0,19.693374634
4,"map(alloc: a)",4,32,132,0,2,4,0,11.301040649
4,"map(alloc: a)",4,32,132,0,2,3140,0,32.544136047
4,"map(alloc: a)",4,32,132,0,2,758,0,16.355514526
4,"map(alloc: a)",4,32,132,0,2,28,0,11.503696442
4,"map(alloc: a)",4,32,132,0,3,11,0,11.301040649
4,"map(alloc: a)",4,32,132,0,3,4,0,11.241436005
4,"map(alloc: a)",4,32,132,0,3,5042,0,45.001506805
4,"map(alloc: a)",4,32,132,0,3,183,0,12.552738190
4,"map(alloc: a)",4,32,132,0,3,17,0,11.241436005
4,"map(alloc: a)",4,32,132,0,3,3,0,11.193752289
4,"map(alloc: a)",4,32,132,0,3,28,0,11.348724365
4,"map(alloc: a)",4,32,132,0,3,1218,0,19.502639771
4,"map(alloc: a)",4,32,132,0,3,114,0,11.897087097
4,"map(alloc: a)",4,32,132,0,3,758,0,16.355514526
4,"map(alloc: a)",4,32,132,0,3,1955,0,24.497509003
4,"map(alloc: a)",4,32,132,0,3,472,0,14.650821686
4,"map(alloc: a)",4,32,132,0,3,7,0,11.456012726
4,"map(alloc: a)",4,32,132,0,3,44,0,11.396408081
4,"map(alloc: a)",4,32,132,0,3,3140,0,32.293796539
4,"map(alloc: a)",4,32,132,0,3,8096,0,65.302848816
4,"map(alloc: a)",4,32,132,0,3,71,0,11.897087097
4,"map(alloc: a)",4,32,132,0,3,1,0,11.301040649
4,"map(alloc: a)",4,32,132,0,3,2,0,11.205673218
4,"map(alloc: a)",4,32,132,0,3,294,0,13.196468353
4,"map(alloc: a)",4,32,132,0,4,3,0,11.098384857
4,"map(alloc: a)",4,32,132,0,4,8096,0,64.849853516
4,"map(alloc: a)",4,32,132,0,4,1,0,11.205673218
4,"map(alloc: a)",4,32,132,0,4,28,0,11.193752289
4,"map(alloc: a)",4,32,132,0,4,17,0,11.205673218
4,"map(alloc: a)",4,32,132,0,4,5042,0,44.608116150
4,"map(alloc: a)",4,32,132,0,4,7,0,11.193752289
4,"map(alloc: a)",4,32,132,0,4,114,0,12.004375458
4,"map(alloc: a)",4,32,132,0,4,44,0,11.444091797
4,"map(alloc: a)",4,32,132,0,4,2,0,11.193752289
4,"map(alloc: a)",4,32,132,0,4,294,0,13.303756714
4,"map(alloc: a)",4,32,132,0,4,758,0,16.355514526
4,"map(alloc: a)",4,32,132,0,4,183,0,12.600421906
4,"map(alloc: a)",4,32,132,0,4,4,0,11.348724365
4,"map(alloc: a)",4,32,132,0,4,1218,0,19.347667694
4,"map(alloc: a)",4,32,132,0,4,71,0,11.897087097
4,"map(alloc: a)",4,32,132,0,4,1955,0,24.557113647
4,"map(alloc: a)",4,32,132,0,4,11,0,11.348724365
4,"map(alloc: a)",4,32,132,0,4,472,0,14.352798462
4,"map(alloc: a)",4,32,132,0,4,3140,0,32.353401184
4,"map(alloc: a)",4,32,132,1,0,2,0,11.348724365
4,"map(alloc: a)",4,32,132,1,0,4,0,11.301040649
4,"map(alloc: a)",4,32,132,1,0,472,0,14.352798462
4,"map(alloc: a)",4,32,132,1,0,3140,0,32.448768616
4,"map(alloc: a)",4,32,132,1,0,183,0,12.552738190
4,"map(alloc: a)",4,32,132,1,0,28,0,11.444091797
4,"map(alloc: a)",4,32,132,1,0,71,0,12.052059174
4,"map(alloc: a)",4,32,132,1,0,1218,0,19.395351410
4,"map(alloc: a)",4,32,132,1,0,294,0,13.208389282
4,"map(alloc: a)",4,32,132,1,0,1,0,11.408329010
4,"map(alloc: a)",4,32,132,1,0,7,0,11.253356934
4,"map(alloc: a)",4,32,132,1,0,1955,0,24.402141571
4,"map(alloc: a)",4,32,132,1,0,758,0,16.450881958
4,"map(alloc: a)",4,32,132,1,0,114,0,12.493133545
4,"map(alloc: a)",4,32,132,1,0,11,0,11.301040649
4,"map(alloc: a)",4,32,132,1,0,3,0,11.491775513
4,"map(alloc: a)",4,32,132,1,0,8096,0,65.147876740
4,"map(alloc: a)",4,32,132,1,0,44,0,11.444091797
4,"map(alloc: a)",4,32,132,1,0,17,0,11.551380157
4,"map(alloc: a)",4,32,132,1,0,5042,0,44.953823090
4,"map(alloc: a)",4,32,132,1,1,758,0,16.355514526
4,"map(alloc: a)",4,32,132,1,1,3,0,11.253356934
4,"map(alloc: a)",4,32,132,1,1,3140,0,32.246112823
4,"map(alloc: a)",4,32,132,1,1,1955,0,24.449825287
4,"map(alloc: a)",4,32,132,1,1,44,0,11.551380157
4,"map(alloc: a)",4,32,132,1,1,17,0,11.396408081
4,"map(alloc: a)",4,32,132,1,1,294,0,13.458728790
4,"map(alloc: a)",4,32,132,1,1,28,0,11.551380157
4,"map(alloc: a)",4,32,132,1,1,114,0,12.099742889
4,"map(alloc: a)",4,32,132,1,1,2,0,11.348724365
4,"map(alloc: a)",4,32,132,1,1,7,0,11.396408081
4,"map(alloc: a)",4,32,132,1,1,183,0,12.695789337
4,"map(alloc: a)",4,32,132,1,1,8096,0,65.004825592
4,"map(alloc: a)",4,32,132,1,1,11,0,11.301040649
4,"map(alloc: a)",4,32,132,1,1,1,0,11.193752289
4,"map(alloc: a)",4,32,132,1,1,1218,0,19.502639771
4,"map(alloc: a)",4,32,132,1,1,472,0,14.245510101
4,"map(alloc: a)",4,32,132,1,1,71,0,11.849403381
4,"map(alloc: a)",4,32,132,1,1,5042,0,44.751167297
4,"map(alloc: a)",4,32,132,1,1,4,0,11.503696442
4,"map(alloc: a)",4,32,132,1,2,2,0,11.348724365
4,"map(alloc: a)",4,32,132,1,2,71,0,11.849403381
4,"map(alloc: a)",4,32,132,1,2,17,0,11.348724365
4,"map(alloc: a)",4,32,132,1,2,472,0,15.044212341
4,"map(alloc: a)",4,32,132,1,2,5042,0,44.906139374
4,"map(alloc: a)",4,32,132,1,2,28,0,11.348724365
4,"map(alloc: a)",4,32,132,1,2,44,0,11.503696442
4,"map(alloc: a)",4,32,132,1,2,1218,0,19.502639771
4,"map(alloc: a)",4,32,132,1,2,4,0,11.551380157
4,"map(alloc: a)",4,32,132,1,2,1955,0,24.592876434
4,"map(alloc: a)",4,32,132,1,2,183,0,12.600421906
4,"map(alloc: a)",4,32,132,1,2,7,0,11.491775513
4,"map(alloc: a)",4,32,132,1,2,758,0,16.295909882
4,"map(alloc: a)",4,32,132,1,2,1,0,11.003017426
4,"map(alloc: a)",4,32,132,1,2,3140,0,32.305717468
4,"map(alloc: a)",4,32,132,1,2,8096,0,64.897537231
4,"map(alloc: a)",4,32,132,1,2,3,0,11.396408081
4,"map(alloc: a)",4,32,132,1,2,114,0,12.147426605
4,"map(alloc: a)",4,32,132,1,2,11,0,11.301040649
4,"map(alloc: a)",4,32,132,1,2,294,0,13.160705566
4,"map(alloc: a)",4,32,132,1,3,1,0,11.253356934
4,"map(alloc: a)",4,32,132,1,3,17,0,11.408329010
4,"map(alloc: a)",4,32,132,1,3,294,0,13.196468353
4,"map(alloc: a)",4,32,132,1,3,5042,0,44.655799866
4,"map(alloc: a)",4,32,132,1,3,114,0,12.052059174
4,"map(alloc: a)",4,32,132,1,3,28,0,11.706352234
4,"map(alloc: a)",4,32,132,1,3,1218,0,19.299983978
4,"map(alloc: a)",4,32,132,1,3,2,0,11.253356934
4,"map(alloc: a)",4,32,132,1,3,3,0,11.444091797
4,"map(alloc: a)",4,32,132,1,3,4,0,11.301040649
4,"map(alloc: a)",4,32,132,1,3,758,0,16.450881958
4,"map(alloc: a)",4,32,132,1,3,11,0,11.444091797
4,"map(alloc: a)",4,32,132,1,3,44,0,11.694431305
4,"map(alloc: a)",4,32,132,1,3,472,0,14.400482178
4,"map(alloc: a)",4,32,132,1,3,7,0,11.599063873
4,"map(alloc: a)",4,32,132,1,3,1955,0,24.402141571
4,"map(alloc: a)",4,32,132,1,3,71,0,11.861324310
4,"map(alloc: a)",4,32,132,1,3,183,0,12.898445129
4,"map(alloc: a)",4,32,132,1,3,8096,0,64.897537231
4,"map(alloc: a)",4,32,132,1,3,3140,0,32.353401184
4,"map(alloc: a)",4,32,132,1,4,472,0,14.507770538
4,"map(alloc: a)",4,32,132,1,4,71,0,11.754035950
4,"map(alloc: a)",4,32,132,1,4,1,0,11.205673218
4,"map(alloc: a)",4,32,132,1,4,11,0,11.503696442
4,"map(alloc: a)",4,32,132,1,4,4,0,11.348724365
4,"map(alloc: a)",4,32,132,1,4,3140,0,32.496452332
4,"map(alloc: a)",4,32,132,1,4,28,0,11.503696442
4,"map(alloc: a)",4,32,132,1,4,1218,0,19.407272339
4,"map(alloc: a)",4,32,132,1,4,2,0,11.253356934
4,"map(alloc: a)",4,32,132,1,4,183,0,12.743473053
4,"map(alloc: a)",4,32,132,1,4,5042,0,44.798851013
4,"map(alloc: a)",4,32,132,1,4,114,0,12.004375458
4,"map(alloc: a)",4,32,132,1,4,3,0,11.301040649
4,"map(alloc: a)",4,32,132,1,4,44,0,11.658668518
4,"map(alloc: a)",4,32,132,1,4,758,0,16.295909882
4,"map(alloc: a)",4,32,132,1,4,8096,0,65.100193024
4,"map(alloc: a)",4,32,132,1,4,1955,0,24.449825287
4,"map(alloc: a)",4,32,132,1,4,294,0,13.196468353
4,"map(alloc: a)",4,32,132,1,4,7,0,11.301040649
4,"map(alloc: a)",4,32,132,1,4,17,0,11.599063873
4,"map(alloc: a)",16,32,132,0,0,7,0,11.444091797
4,"map(alloc: a)",16,32,132,0,0,114,0,12.004375458
4,"map(alloc: a)",16,32,132,0,0,3,0,11.205673218
4,"map(alloc: a)",16,32,132,0,0,17,0,11.348724365
4,"map(alloc: a)",16,32,132,0,0,1,0,11.253356934
4,"map(alloc: a)",16,32,132,0,0,44,0,11.348724365
4,"map(alloc: a)",16,32,132,0,0,294,0,13.244152069
4,"map(alloc: a)",16,32,132,0,0,3140,0,32.389163971
4,"map(alloc: a)",16,32,132,0,0,4,0,11.348724365
4,"map(alloc: a)",16,32,132,0,0,1955,0,24.652481079
4,"map(alloc: a)",16,32,132,0,0,183,0,12.445449829
4,"map(alloc: a)",16,32,132,0,0,8096,0,64.802169800
4,"map(alloc: a)",16,32,132,0,0,758,0,16.248226166
4,"map(alloc: a)",16,32,132,0,0,71,0,11.801719666
4,"map(alloc: a)",16,32,132,0,0,2,0,11.146068573
4,"map(alloc: a)",16,32,132,0,0,11,0,11.491775513
4,"map(alloc: a)",16,32,132,0,0,28,0,11.551380157
4,"map(alloc: a)",16,32,132,0,0,5042,0,45.001506805
4,"map(alloc: a)",16,32,132,0,0,1218,0,19.693374634
4,"map(alloc: a)",16,32,132,0,0,472,0,14.400482178
4,"map(alloc: a)",16,32,132,0,1,4,0,11.348724365
4,"map(alloc: a)",16,32,132,0,1,1,0,11.241436005
4,"map(alloc: a)",16,32,132,0,1,17,0,11.599063873
4,"map(alloc: a)",16,32,132,0,1,28,0,11.444091797
4,"map(alloc: a)",16,32,132,0,1,11,0,11.396408081
4,"map(alloc: a)",16,32,132,0,1,3140,0,32.746791840
4,"map(alloc: a)",16,32,132,0,1,2,0,11.301040649
4,"map(alloc: a)",16,32,132,0,1,758,0,16.343593597
4,"map(alloc: a)",16,32,132,0,1,1218,0,19.550323486
4,"map(alloc: a)",16,32,132,0,1,44,0,11.503696442
4,"map(alloc: a)",16,32,132,0,1,71,0,11.789798737
4,"map(alloc: a)",16,32,132,0,1,114,0,12.099742889
4,"map(alloc: a)",16,32,132,0,1,294,0,13.303756714
4,"map(alloc: a)",16,32,132,0,1,7,0,11.408329010
4,"map(alloc: a)",16,32,132,0,1,183,0,12.397766113
4,"map(alloc: a)",16,32,132,0,1,8096,0,64.647197723
4,"map(alloc: a)",16,32,132,0,1,472,0,14.352798462
4,"map(alloc: a)",16,32,132,0,1,1955,0,24.449825287
4,"map(alloc: a)",16,32,132,0,1,3,0,11.348724365
4,"map(alloc: a)",16,32,132,0,1,5042,0,44.751167297
4,"map(alloc: a)",16,32,132,0,2,3,0,11.301040649
4,"map(alloc: a)",16,32,132,0,2,44,0,11.694431305
4,"map(alloc: a)",16,32,132,0,2,1,0,11.360645294
4,"map(alloc: a)",16,32,132,0,2,183,0,12.695789337
4,"map(alloc: a)",16,32,132,0,2,294,0,13.208389282
4,"map(alloc: a)",16,32,132,0,2,5042,0,44.906139374
4,"map(alloc: a)",16,32,132,0,2,7,0,11.503696442
4,"map(alloc: a)",16,32,132,0,2,8096,0,64.945220947
4,"map(alloc: a)",16,32,132,0,2,2,0,11.301040649
4,"map(alloc: a)",16,32,132,0,2,114,0,11.849403381
4,"map(alloc: a)",16,32,132,0,2,71,0,12.004375458
4,"map(alloc: a)",16,32,132,0,2,1955,0,24.449825287
4,"map(alloc: a)",16,32,132,0,2,17,0,11.491775513
4,"map(alloc: a)",16,32,132,0,2,472,0,14.352798462
4,"map(alloc: a)",16,32,132,0,2,11,0,11.551380157
4,"map(alloc: a)",16,32,132,0,2,1218,0,19.645690918
4,"map(alloc: a)",16,32,132,0,2,4,0,11.396408081
4,"map(alloc: a)",16,32,132,0,2,3140,0,32.246112823
4,"map(alloc: a)",16,32,132,0,2,758,0,16.307830811
4,"map(alloc: a)",16,32,132,0,2,28,0,11.503696442
4,"map(alloc: a)",16,32,132,0,3,11,0,11.551380157
4,"map(alloc: a)",16,32,132,0,3,4,0,11.801719666
4,"map(alloc: a)",16,32,132,0,3,5042,0,44.906139374
4,"map(alloc: a)",16,32,132,0,3,183,0,12.695789337
4,"map(alloc: a)",16,32,132,0,3,17,0,11.348724365
4,"map(alloc: a)",16,32,132,0,3,3,0,11.253356934
4,"map(alloc: a)",16,32,132,0,3,28,0,11.456012726
4,"map(alloc: a)",16,32,132,0,3,1218,0,19.657611847
4,"map(alloc: a)",16,32,132,0,3,114,0,11.992454529
4,"map(alloc: a)",16,32,132,0,3,758,0,16.355514526
4,"map(alloc: a)",16,32,132,0,3,1955,0,24.700164795
4,"map(alloc: a)",16,32,132,0,3,472,0,14.507770538
4,"map(alloc: a)",16,32,132,0,3,7,0,11.348724365
4,"map(alloc: a)",16,32,132,0,3,44,0,11.444091797
4,"map(alloc: a)",16,32,132,0,3,3140,0,32.353401184
4,"map(alloc: a)",16,32,132,0,3,8096,0,65.100193024
4,"map(alloc: a)",16,32,132,0,3,71,0,11.742115021
4,"map(alloc: a)",16,32,132,0,3,1,0,11.146068573
4,"map(alloc: a)",16,32,132,0,3,2,0,11.205673218
4,"map(alloc: a)",16,32,132,0,3,294,0,13.351440430
4,"map(alloc: a)",16,32,132,0,4,3,0,11.408329010
4,"map(alloc: a)",16,32,132,0,4,8096,0,64.849853516
4,"map(alloc: a)",16,32,132,0,4,1,0,11.301040649
4,"map(alloc: a)",16,32,132,0,4,28,0,11.491775513
4,"map(alloc: a)",16,32,132,0,4,17,0,11.456012726
4,"map(alloc: a)",16,32,132,0,4,5042,0,44.751167297
4,"map(alloc: a)",16,32,132,0,4,7,0,11.396408081
4,"map(alloc: a)",16,32,132,0,4,114,0,12.147426605
4,"map(alloc: a)",16,32,132,0,4,44,0,11.503696442
4,"map(alloc: a)",16,32,132,0,4,2,0,11.444091797
4,"map(alloc: a)",16,32,132,0,4,294,0,13.208389282
4,"map(alloc: a)",16,32,132,0,4,758,0,16.355514526
4,"map(alloc: a)",16,32,132,0,4,183,0,12.600421906
4,"map(alloc: a)",16,32,132,0,4,4,0,11.348724365
4,"map(alloc: a)",16,32,132,0,4,1218,0,19.347667694
4,"map(alloc: a)",16,32,132,0,4,71,0,11.742115021
4,"map(alloc: a)",16,32,132,0,4,1955,0,24.342536926
4,"map(alloc: a)",16,32,132,0,4,11,0,11.253356934
4,"map(alloc: a)",16,32,132,0,4,472,0,14.352798462
4,"map(alloc: a)",16,32,132,0,4,3140,0,32.150745392
4,"map(alloc: a)",16,32,132,1,0,2,0,11.456012726
4,"map(alloc: a)",16,32,132,1,0,4,0,11.146068573
4,"map(alloc: a)",16,32,132,1,0,472,0,14.293193817
4,"map(alloc: a)",16,32,132,1,0,3140,0,32.103061676
4,"map(alloc: a)",16,32,132,1,0,183,0,12.397766113
4,"map(alloc: a)",16,32,132,1,0,28,0,11.551380157
4,"map(alloc: a)",16,32,132,1,0,71,0,11.801719666
4,"map(alloc: a)",16,32,132,1,0,1218,0,19.443035126
4,"map(alloc: a)",16,32,132,1,0,294,0,13.208389282
4,"map(alloc: a)",16,32,132,1,0,1,0,11.491775513
4,"map(alloc: a)",16,32,132,1,0,7,0,11.444091797
4,"map(alloc: a)",16,32,132,1,0,1955,0,24.700164795
4,"map(alloc: a)",16,32,132,1,0,758,0,16.343593597
4,"map(alloc: a)",16,32,132,1,0,114,0,11.992454529
4,"map(alloc: a)",16,32,132,1,0,11,0,11.801719666
4,"map(alloc: a)",16,32,132,1,0,3,0,11.301040649
4,"map(alloc: a)",16,32,132,1,0,8096,0,64.754486084
4,"map(alloc: a)",16,32,132,1,0,44,0,11.694431305
4,"map(alloc: a)",16,32,132,1,0,17,0,11.599063873
4,"map(alloc: a)",16,32,132,1,0,5042,0,44.798851013
4,"map(alloc: a)",16,32,132,1,1,758,0,16.498565674
4,"map(alloc: a)",16,32,132,1,1,3,0,11.396408081
4,"map(alloc: a)",16,32,132,1,1,3140,0,32.150745392
4,"map(alloc: a)",16,32,132,1,1,1955,0,24.652481079
4,"map(alloc: a)",16,32,132,1,1,44,0,11.503696442
4,"map(alloc: a)",16,32,132,1,1,17,0,11.599063873
4,"map(alloc: a)",16,32,132,1,1,294,0,13.041496277
4,"map(alloc: a)",16,32,132,1,1,28,0,11.849403381
4,"map(alloc: a)",16,32,132,1,1,114,0,12.052059174
4,"map(alloc: a)",16,32,132,1,1,2,0,11.157989502
4,"map(alloc: a)",16,32,132,1,1,7,0,11.348724365
4,"map(alloc: a)",16,32,132,1,1,183,0,12.540817261
4,"map(alloc: a)",16,32,132,1,1,8096,0,64.897537231
4,"map(alloc: a)",16,32,132,1,1,11,0,11.205673218
4,"map(alloc: a)",16,32,132,1,1,1,0,11.360645294
4,"map(alloc: a)",16,32,132,1,1,1218,0,19.454956055
4,"map(alloc: a)",16,32,132,1,1,472,0,14.352798462
4,"map(alloc: a)",16,32,132,1,1,71,0,11.646747589
4,"map(alloc: a)",16,32,132,1,1,5042,0,45.204162598
4,"map(alloc: a)",16,32,132,1,1,4,0,11.396408081
4,"map(alloc: a)",16,32,132,1,2,2,0,11.348724365
4,"map(alloc: a)",16,32,132,1,2,71,0,11.801719666
4,"map(alloc: a)",16,32,132,1,2,17,0,11.646747589
4,"map(alloc: a)",16,32,132,1,2,472,0,14.460086823
4,"map(alloc: a)",16,32,132,1,2,5042,0,44.846534729
4,"map(alloc: a)",16,32,132,1,2,28,0,11.801719666
4,"map(alloc: a)",16,32,132,1,2,44,0,11.396408081
4,"map(alloc: a)",16,32,132,1,2,1218,0,19.443035126
4,"map(alloc: a)",16,32,132,1,2,4,0,11.301040649
4,"map(alloc: a)",16,32,132,1,2,1955,0,24.652481079
4,"map(alloc: a)",16,32,132,1,2,183,0,12.850761414
4,"map(alloc: a)",16,32,132,1,2,7,0,11.348724365
4,"map(alloc: a)",16,32,132,1,2,758,0,16.295909882
4,"map(alloc: a)",16,32,132,1,2,1,0,11.551380157
4,"map(alloc: a)",16,32,132,1,2,3140,0,32.305717468
4,"map(alloc: a)",16,32,132,1,2,8096,0,65.147876740
4,"map(alloc: a)",16,32,132,1,2,3,0,11.396408081
4,"map(alloc: a)",16,32,132,1,2,114,0,11.944770813
4,"map(alloc: a)",16,32,132,1,2,11,0,11.503696442
4,"map(alloc: a)",16,32,132,1,2,294,0,13.256072998
4,"map(alloc: a)",16,32,132,1,3,1,0,11.408329010
4,"map(alloc: a)",16,32,132,1,3,17,0,11.348724365
4,"map(alloc: a)",16,32,132,1,3,294,0,13.494491577
4,"map(alloc: a)",16,32,132,1,3,5042,0,44.608116150
4,"map(alloc: a)",16,32,132,1,3,114,0,12.052059174
4,"map(alloc: a)",16,32,132,1,3,28,0,11.348724365
4,"map(alloc: a)",16,32,132,1,3,1218,0,19.705295563
4,"map(alloc: a)",16,32,132,1,3,2,0,11.241436005
4,"map(alloc: a)",16,32,132,1,3,3,0,11.396408081
4,"map(alloc: a)",16,32,132,1,3,4,0,11.396408081
4,"map(alloc: a)",16,32,132,1,3,758,0,16.295909882
4,"map(alloc: a)",16,32,132,1,3,11,0,11.193752289
4,"map(alloc: a)",16,32,132,1,3,44,0,11.491775513
4,"map(alloc: a)",16,32,132,1,3,472,0,14.293193817
4,"map(alloc: a)",16,32,132,1,3,7,0,11.444091797
4,"map(alloc: a)",16,32,132,1,3,1955,0,24.700164795
4,"map(alloc: a)",16,32,132,1,3,71,0,12.040138245
4,"map(alloc: a)",16,32,132,1,3,183,0,12.493133545
4,"map(alloc: a)",16,32,132,1,3,8096,0,65.100193024
4,"map(alloc: a)",16,32,132,1,3,3140,0,32.246112823
4,"map(alloc: a)",16,32,132,1,4,472,0,14.352798462
4,"map(alloc: a)",16,32,132,1,4,71,0,11.754035950
4,"map(alloc: a)",16,32,132,1,4,1,0,11.146068573
4,"map(alloc: a)",16,32,132,1,4,11,0,11.348724365
4,"map(alloc: a)",16,32,132,1,4,4,0,11.348724365
4,"map(alloc: a)",16,32,132,1,4,3140,0,32.150745392
4,"map(alloc: a)",16,32,132,1,4,28,0,11.599063873
4,"map(alloc: a)",16,32,132,1,4,1218,0,19.454956055
4,"map(alloc: a)",16,32,132,1,4,2,0,11.205673218
4,"map(alloc: a)",16,32,132,1,4,183,0,12.755393982
4,"map(alloc: a)",16,32,132,1,4,5042,0,44.608116150
4,"map(alloc: a)",16,32,132,1,4,114,0,12.159347534
4,"map(alloc: a)",16,32,132,1,4,3,0,11.551380157
4,"map(alloc: a)",16,32,132,1,4,44,0,11.503696442
4,"map(alloc: a)",16,32,132,1,4,758,0,16.701221466
4,"map(alloc: a)",16,32,132,1,4,8096,0,64.897537231
4,"map(alloc: a)",16,32,132,1,4,1955,0,24.449825287
4,"map(alloc: a)",16,32,132,1,4,294,0,13.244152069
4,"map(alloc: a)",16,32,132,1,4,7,0,11.444091797
4,"map(alloc: a)",16,32,132,1,4,17,0,11.456012726
4,"map(alloc: a)",64,32,132,0,0,7,0,11.348724365
4,"map(alloc: a)",64,32,132,0,0,114,0,12.195110321
4,"map(alloc: a)",64,32,132,0,0,3,0,11.301040649
4,"map(alloc: a)",64,32,132,0,0,17,0,11.348724365
4,"map(alloc: a)",64,32,132,0,0,1,0,11.348724365
4,"map(alloc: a)",64,32,132,0,0,44,0,11.599063873
4,"map(alloc: a)",64,32,132,0,0,294,0,13.196468353
4,"map(alloc: a)",64,32,132,0,0,3140,0,32.305717468
4,"map(alloc: a)",64,32,132,0,0,4,0,11.193752289
4,"map(alloc: a)",64,32,132,0,0,1955,0,24.449825287
4,"map(alloc: a)",64,32,132,0,0,183,0,12.552738190
4,"map(alloc: a)",64,32,132,0,0,8096,0,64.849853516
4,"map(alloc: a)",64,32,132,0,0,758,0,16.403198242
4,"map(alloc: a)",64,32,132,0,0,71,0,12.254714966
4,"map(alloc: a)",64,32,132,0,0,2,0,11.301040649
4,"map(alloc: a)",64,32,132,0,0,11,0,11.301040649
4,"map(alloc: a)",64,32,132,0,0,28,0,11.491775513
4,"map(alloc: a)",64,32,132,0,0,5042,0,44.906139374
4,"map(alloc: a)",64,32,132,0,0,1218,0,19.407272339
4,"map(alloc: a)",64,32,132,0,0,472,0,14.448165894
4,"map(alloc: a)",64,32,132,0,1,4,0,11.396408081
4,"map(alloc: a)",64,32,132,0,1,1,0,11.301040649
4,"map(alloc: a)",64,32,132,0,1,17,0,11.456012726
4,"map(alloc: a)",64,32,132,0,1,28,0,11.551380157
4,"map(alloc: a)",64,32,132,0,1,11,0,11.646747589
4,"map(alloc: a)",64,32,132,0,1,3140,0,32.401084900
4,"map(alloc: a)",64,32,132,0,1,2,0,11.193752289
4,"map(alloc: a)",64,32,132,0,1,758,0,16.701221466
4,"map(alloc: a)",64,32,132,0,1,1218,0,19.502639771
4,"map(alloc: a)",64,32,132,0,1,44,0,11.301040649
4,"map(alloc: a)",64,32,132,0,1,71,0,11.801719666
4,"map(alloc: a)",64,32,132,0,1,114,0,11.992454529
4,"map(alloc: a)",64,32,132,0,1,294,0,13.351440430
4,"map(alloc: a)",64,32,132,0,1,7,0,11.301040649
4,"map(alloc: a)",64,32,132,0,1,183,0,12.397766113
4,"map(alloc: a)",64,32,132,0,1,8096,0,64.694881439
4,"map(alloc: a)",64,32,132,0,1,472,0,14.293193817
4,"map(alloc: a)",64,32,132,0,1,1955,0,24.354457855
4,"map(alloc: a)",64,32,132,0,1,3,0,11.050701141
4,"map(alloc: a)",64,32,132,0,1,5042,0,44.703483582
4,"map(alloc: a)",64,32,132,0,2,3,0,11.050701141
4,"map(alloc: a)",64,32,132,0,2,44,0,11.456012726
4,"map(alloc: a)",64,32,132,0,2,1,0,11.241436005
4,"map(alloc: a)",64,32,132,0,2,183,0,12.445449829
4,"map(alloc: a)",64,32,132,0,2,294,0,13.351440430
4,"map(alloc: a)",64,32,132,0,2,5042,0,44.739246368
4,"map(alloc: a)",64,32,132,0,2,7,0,11.694431305
4,"map(alloc: a)",64,32,132,0,2,8096,0,65.147876740
4,"map(alloc: a)",64,32,132,0,2,2,0,11.193752289
4,"map(alloc: a)",64,32,132,0,2,114,0,12.040138245
4,"map(alloc: a)",64,32,132,0,2,71,0,12.052059174
4,"map(alloc: a)",64,32,132,0,2,1955,0,24.390220642
4,"map(alloc: a)",64,32,132,0,2,17,0,11.301040649
4,"map(alloc: a)",64,32,132,0,2,472,0,14.305114746
4,"map(alloc: a)",64,32,132,0,2,11,0,11.348724365
4,"map(alloc: a)",64,32,132,0,2,1218,0,19.395351410
4,"map(alloc: a)",64,32,132,0,2,4,0,11.396408081
4,"map(alloc: a)",64,32,132,0,2,3140,0,32.448768616
4,"map(alloc: a)",64,32,132,0,2,758,0,16.307830811
4,"map(alloc: a)",64,32,132,0,2,28,0,11.348724365
4,"map(alloc: a)",64,32,132,0,3,11,0,11.348724365
4,"map(alloc: a)",64,32,132,0,3,4,0,11.253356934
4,"map(alloc: a)",64,32,132,0,3,5042,0,44.739246368
4,"map(alloc: a)",64,32,132,0,3,183,0,12.648105621
4,"map(alloc: a)",64,32,132,0,3,17,0,11.444091797
4,"map(alloc: a)",64,32,132,0,3,3,0,11.003017426
4,"map(alloc: a)",64,32,132,0,3,28,0,11.551380157
4,"map(alloc: a)",64,32,132,0,3,1218,0,19.454956055
4,"map(alloc: a)",64,32,132,0,3,114,0,11.992454529
4,"map(alloc: a)",64,32,132,0,3,758,0,16.343593597
4,"map(alloc: a)",64,32,132,0,3,1955,0,24.497509003
4,"map(alloc: a)",64,32,132,0,3,472,0,14.495849609
4,"map(alloc: a)",64,32,132,0,3,7,0,11.348724365
4,"map(alloc: a)",64,32,132,0,3,44,0,11.551380157
4,"map(alloc: a)",64,32,132,0,3,3140,0,32.091140747
4,"map(alloc: a)",64,32,132,0,3,8096,0,65.052509308
4,"map(alloc: a)",64,32,132,0,3,71,0,11.992454529
4,"map(alloc: a)",64,32,132,0,3,1,0,11.253356934
4,"map(alloc: a)",64,32,132,0,3,2,0,11.301040649
4,"map(alloc: a)",64,32,132,0,3,294,0,13.399124146
4,"map(alloc: a)",64,32,132,0,4,3,0,11.301040649
4,"map(alloc: a)",64,32,132,0,4,8096,0,65.541267395
4,"map(alloc: a)",64,32,132,0,4,1,0,11.396408081
4,"map(alloc: a)",64,32,132,0,4,28,0,11.444091797
4,"map(alloc: a)",64,32,132,0,4,17,0,11.444091797
4,"map(alloc: a)",64,32,132,0,4,5042,0,44.894218445
4,"map(alloc: a)",64,32,132,0,4,7,0,11.348724365
4,"map(alloc: a)",64,32,132,0,4,114,0,11.944770813
4,"map(alloc: a)",64,32,132,0,4,44,0,11.396408081
4,"map(alloc: a)",64,32,132,0,4,2,0,11.241436005
4,"map(alloc: a)",64,32,132,0,4,294,0,13.101100922
4,"map(alloc: a)",64,32,132,0,4,758,0,16.295909882
4,"map(alloc: a)",64,32,132,0,4,183,0,12.290477753
4,"map(alloc: a)",64,32,132,0,4,4,0,11.301040649
4,"map(alloc: a)",64,32,132,0,4,1218,0,19.395351410
4,"map(alloc: a)",64,32,132,0,4,71,0,11.754035950
4,"map(alloc: a)",64,32,132,0,4,1955,0,24.604797363
4,"map(alloc: a)",64,32,132,0,4,11,0,11.801719666
4,"map(alloc: a)",64,32,132,0,4,472,0,14.305114746
4,"map(alloc: a)",64,32,132,0,4,3140,0,32.258033752
4,"map(alloc: a)",64,32,132,1,0,2,0,11.241436005
4,"map(alloc: a)",64,32,132,1,0,4,0,11.444091797
4,"map(alloc: a)",64,32,132,1,0,472,0,14.793872833
4,"map(alloc: a)",64,32,132,1,0,3140,0,32.198429108
4,"map(alloc: a)",64,32,132,1,0,183,0,12.397766113
4,"map(alloc: a)",64,32,132,1,0,28,0,11.503696442
4,"map(alloc: a)",64,32,132,1,0,71,0,12.004375458
4,"map(alloc: a)",64,32,132,1,0,1218,0,19.395351410
4,"map(alloc: a)",64,32,132,1,0,294,0,13.458728790
4,"map(alloc: a)",64,32,132,1,0,1,0,11.360645294
4,"map(alloc: a)",64,32,132,1,0,7,0,11.396408081
4,"map(alloc: a)",64,32,132,1,0,1955,0,24.449825287
4,"map(alloc: a)",64,32,132,1,0,758,0,16.593933105
4,"map(alloc: a)",64,32,132,1,0,114,0,12.004375458
4,"map(alloc: a)",64,32,132,1,0,11,0,11.348724365
4,"map(alloc: a)",64,32,132,1,0,3,0,11.301040649
4,"map(alloc: a)",64,32,132,1,0,8096,0,64.992904663
4,"map(alloc: a)",64,32,132,1,0,44,0,11.444091797
4,"map(alloc: a)",64,32,132,1,0,17,0,11.551380157
4,"map(alloc: a)",64,32,132,1,0,5042,0,45.144557953
4,"map(alloc: a)",64,32,132,1,1,758,0,16.355514526
4,"map(alloc: a)",64,32,132,1,1,3,0,11.301040649
4,"map(alloc: a)",64,32,132,1,1,3140,0,32.293796539
4,"map(alloc: a)",64,32,132,1,1,1955,0,24.557113647
4,"map(alloc: a)",64,32,132,1,1,44,0,11.408329010
4,"map(alloc: a)",64,32,132,1,1,17,0,11.503696442
4,"map(alloc: a)",64,32,132,1,1,294,0,13.196468353
4,"map(alloc: a)",64,32,132,1,1,28,0,11.456012726
4,"map(alloc: a)",64,32,132,1,1,114,0,11.956691742
4,"map(alloc: a)",64,32,132,1,1,2,0,11.551380157
4,"map(alloc: a)",64,32,132,1,1,7,0,11.348724365
4,"map(alloc: a)",64,32,132,1,1,183,0,12.457370758
4,"map(alloc: a)",64,32,132,1,1,8096,0,64.754486084
4,"map(alloc: a)",64,32,132,1,1,11,0,11.348724365
4,"map(alloc: a)",64,32,132,1,1,1,0,11.146068573
4,"map(alloc: a)",64,32,132,1,1,1218,0,19.407272339
4,"map(alloc: a)",64,32,132,1,1,472,0,14.555454254
4,"map(alloc: a)",64,32,132,1,1,71,0,11.742115021
4,"map(alloc: a)",64,32,132,1,1,5042,0,44.846534729
4,"map(alloc: a)",64,32,132,1,1,4,0,11.289119720
4,"map(alloc: a)",64,32,132,1,2,2,0,11.146068573
4,"map(alloc: a)",64,32,132,1,2,71,0,11.801719666
4,"map(alloc: a)",64,32,132,1,2,17,0,11.396408081
4,"map(alloc: a)",64,32,132,1,2,472,0,14.400482178
4,"map(alloc: a)",64,32,132,1,2,5042,0,44.798851013
4,"map(alloc: a)",64,32,132,1,2,28,0,11.456012726
4,"map(alloc: a)",64,32,132,1,2,44,0,11.456012726
4,"map(alloc: a)",64,32,132,1,2,1218,0,19.550323486
4,"map(alloc: a)",64,32,132,1,2,4,0,11.348724365
4,"map(alloc: a)",64,32,132,1,2,1955,0,24.592876434
4,"map(alloc: a)",64,32,132,1,2,183,0,12.707710266
4,"map(alloc: a)",64,32,132,1,2,7,0,11.348724365
4,"map(alloc: a)",64,32,132,1,2,758,0,16.546249390
4,"map(alloc: a)",64,32,132,1,2,1,0,11.301040649
4,"map(alloc: a)",64,32,132,1,2,3140,0,32.401084900
4,"map(alloc: a)",64,32,132,1,2,8096,0,64.754486084
4,"map(alloc: a)",64,32,132,1,2,3,0,11.301040649
4,"map(alloc: a)",64,32,132,1,2,114,0,12.099742889
4,"map(alloc: a)",64,32,132,1,2,11,0,11.444091797
4,"map(alloc: a)",64,32,132,1,2,294,0,13.399124146
4,"map(alloc: a)",64,32,132,1,3,1,0,11.205673218
4,"map(alloc: a)",64,32,132,1,3,17,0,11.348724365
4,"map(alloc: a)",64,32,132,1,3,294,0,13.148784637
4,"map(alloc: a)",64,32,132,1,3,5042,0,44.953823090
4,"map(alloc: a)",64,32,132,1,3,114,0,11.944770813
4,"map(alloc: a)",64,32,132,1,3,28,0,11.408329010
4,"map(alloc: a)",64,32,132,1,3,1218,0,19.359588623
4,"map(alloc: a)",64,32,132,1,3,2,0,11.205673218
4,"map(alloc: a)",64,32,132,1,3,3,0,11.658668518
4,"map(alloc: a)",64,32,132,1,3,4,0,11.193752289
4,"map(alloc: a)",64,32,132,1,3,758,0,16.295909882
4,"map(alloc: a)",64,32,132,1,3,11,0,11.408329010
4,"map(alloc: a)",64,32,132,1,3,44,0,11.551380157
4,"map(alloc: a)",64,32,132,1,3,472,0,14.495849609
4,"map(alloc: a)",64,32,132,1,3,7,0,11.396408081
4,"map(alloc: a)",64,32,132,1,3,1955,0,24.759769440
4,"map(alloc: a)",64,32,132,1,3,71,0,11.849403381
4,"map(alloc: a)",64,32,132,1,3,183,0,12.695789337
4,"map(alloc: a)",64,32,132,1,3,8096,0,64.849853516
4,"map(alloc: a)",64,32,132,1,3,3140,0,32.353401184
4,"map(alloc: a)",64,32,132,1,4,472,0,14.400482178
4,"map(alloc: a)",64,32,132,1,4,71,0,11.944770813
4,"map(alloc: a)",64,32,132,1,4,1,0,11.098384857
4,"map(alloc: a)",64,32,132,1,4,11,0,11.396408081
4,"map(alloc: a)",64,32,132,1,4,4,0,11.408329010
4,"map(alloc: a)",64,32,132,1,4,3140,0,32.353401184
4,"map(alloc: a)",64,32,132,1,4,28,0,11.396408081
4,"map(alloc: a)",64,32,132,1,4,1218,0,19.598007202
4,"map(alloc: a)",64,32,132,1,4,2,0,11.396408081
4,"map(alloc: a)",64,32,132,1,4,183,0,12.648105621
4,"map(alloc: a)",64,32,132,1,4,5042,0,45.096874237
4,"map(alloc: a)",64,32,132,1,4,114,0,11.897087097
4,"map(alloc: a)",64,32,132,1,4,3,0,11.289119720
4,"map(alloc: a)",64,32,132,1,4,44,0,11.694431305
4,"map(alloc: a)",64,32,132,1,4,758,0,16.295909882
4,"map(alloc: a)",64,32,132,1,4,8096,0,64.897537231
4,"map(alloc: a)",64,32,132,1,4,1955,0,24.402141571
4,"map(alloc: a)",64,32,132,1,4,294,0,13.208389282
4,"map(alloc: a)",64,32,132,1,4,7,0,11.348724365
4,"map(alloc: a)",64,32,132,1,4,17,0,11.396408081
4,"map(alloc: a)",256,32,132,0,0,7,0,11.396408081
4,"map(alloc: a)",256,32,132,0,0,114,0,12.302398682
4,"map(alloc: a)",256,32,132,0,0,3,0,11.503696442
4,"map(alloc: a)",256,32,132,0,0,17,0,11.599063873
4,"map(alloc: a)",256,32,132,0,0,1,0,11.253356934
4,"map(alloc: a)",256,32,132,0,0,44,0,11.396408081
4,"map(alloc: a)",256,32,132,0,0,294,0,13.101100922
4,"map(alloc: a)",256,32,132,0,0,3140,0,32.496452332
4,"map(alloc: a)",256,32,132,0,0,4,0,11.551380157
4,"map(alloc: a)",256,32,132,0,0,1955,0,24.509429932
4,"map(alloc: a)",256,32,132,0,0,183,0,12.552738190
4,"map(alloc: a)",256,32,132,0,0,8096,0,64.849853516
4,"map(alloc: a)",256,32,132,0,0,758,0,16.391277313
4,"map(alloc: a)",256,32,132,0,0,71,0,11.801719666
4,"map(alloc: a)",256,32,132,0,0,2,0,11.408329010
4,"map(alloc: a)",256,32,132,0,0,11,0,11.348724365
4,"map(alloc: a)",256,32,132,0,0,28,0,11.503696442
4,"map(alloc: a)",256,32,132,0,0,5042,0,44.894218445
4,"map(alloc: a)",256,32,132,0,0,1218,0,19.347667694
4,"map(alloc: a)",256,32,132,0,0,472,0,14.448165894
4,"map(alloc: a)",256,32,132,0,1,4,0,11.503696442
4,"map(alloc: a)",256,32,132,0,1,1,0,11.193752289
4,"map(alloc: a)",256,32,132,0,1,17,0,11.396408081
4,"map(alloc: a)",256,32,132,0,1,28,0,11.396408081
4,"map(alloc: a)",256,32,132,0,1,11,0,11.456012726
4,"map(alloc: a)",256,32,132,0,1,3140,0,32.293796539
4,"map(alloc: a)",256,32,132,0,1,2,0,11.646747589
4,"map(alloc: a)",256,32,132,0,1,758,0,16.295909882
4,"map(alloc: a)",256,32,132,0,1,1218,0,19.550323486
4,"map(alloc: a)",256,32,132,0,1,44,0,11.348724365
4,"map(alloc: a)",256,32,132,0,1,71,0,11.897087097
4,"map(alloc: a)",256,32,132,0,1,114,0,12.004375458
4,"map(alloc: a)",256,32,132,0,1,294,0,13.446807861
4,"map(alloc: a)",256,32,132,0,1,7,0,11.444091797
4,"map(alloc: a)",256,32,132,0,1,183,0,12.600421906
4,"map(alloc: a)",256,32,132,0,1,8096,0,64.504146576
4,"map(alloc: a)",256,32,132,0,1,472,0,14.352798462
4,"map(alloc: a)",256,32,132,0,1,1955,0,24.402141571
4,"map(alloc: a)",256,32,132,0,1,3,0,11.193752289
4,"map(alloc: a)",256,32,132,0,1,5042,0,44.691562653
4,"map(alloc: a)",256,32,132,0,2,3,0,11.193752289
4,"map(alloc: a)",256,32,132,0,2,44,0,11.551380157
4,"map(alloc: a)",256,32,132,0,2,1,0,11.241436005
4,"map(alloc: a)",256,32,132,0,2,183,0,12.552738190
4,"map(alloc: a)",256,32,132,0,2,294,0,13.244152069
4,"map(alloc: a)",256,32,132,0,2,5042,0,44.751167297
4,"map(alloc: a)",256,32,132,0,2,7,0,11.491775513
4,"map(alloc: a)",256,32,132,0,2,8096,0,64.957141876
4,"map(alloc: a)",256,32,132,0,2,2,0,11.289119720
4,"map(alloc: a)",256,32,132,0,2,114,0,12.004375458
4,"map(alloc: a)",256,32,132,0,2,71,0,11.849403381
4,"map(alloc: a)",256,32,132,0,2,1955,0,24.795532227
4,"map(alloc: a)",256,32,132,0,2,17,0,11.396408081
4,"map(alloc: a)",256,32,132,0,2,472,0,14.400482178
4,"map(alloc: a)",256,32,132,0,2,11,0,11.348724365
4,"map(alloc: a)",256,32,132,0,2,1218,0,19.454956055
4,"map(alloc: a)",256,32,132,0,2,4,0,11.289119720
4,"map(alloc: a)",256,32,132,0,2,3140,0,32.198429108
4,"map(alloc: a)",256,32,132,0,2,758,0,16.391277313
4,"map(alloc: a)",256,32,132,0,2,28,0,11.396408081
4,"map(alloc: a)",256,32,132,0,3,11,0,11.205673218
4,"map(alloc: a)",256,32,132,0,3,4,0,11.301040649
4,"map(alloc: a)",256,32,132,0,3,5042,0,44.894218445
4,"map(alloc: a)",256,32,132,0,3,183,0,12.600421906
4,"map(alloc: a)",256,32,132,0,3,17,0,11.408329010
4,"map(alloc: a)",256,32,132,0,3,3,0,11.503696442
4,"map(alloc: a)",256,32,132,0,3,28,0,11.944770813
4,"map(alloc: a)",256,32,132,0,3,1218,0,19.645690918
4,"map(alloc: a)",256,32,132,0,3,114,0,12.099742889
4,"map(alloc: a)",256,32,132,0,3,758,0,16.295909882
4,"map(alloc: a)",256,32,132,0,3,1955,0,24.497509003
4,"map(alloc: a)",256,32,132,0,3,472,0,14.388561249
4,"map(alloc: a)",256,32,132,0,3,7,0,11.408329010
4,"map(alloc: a)",256,32,132,0,3,44,0,11.599063873
4,"map(alloc: a)",256,32,132,0,3,3140,0,32.138824463
4,"map(alloc: a)",256,32,132,0,3,8096,0,65.004825592
4,"map(alloc: a)",256,32,132,0,3,71,0,11.897087097
4,"map(alloc: a)",256,32,132,0,3,1,0,11.241436005
4,"map(alloc: a)",256,32,132,0,3,2,0,11.348724365
4,"map(alloc: a)",256,32,132,0,3,294,0,13.244152069
4,"map(alloc: a)",256,32,132,0,4,3,0,11.301040649
4,"map(alloc: a)",256,32,132,0,4,8096,0,64.802169800
4,"map(alloc: a)",256,32,132,0,4,1,0,11.241436005
4,"map(alloc: a)",256,32,132,0,4,28,0,11.253356934
4,"map(alloc: a)",256,32,132,0,4,17,0,11.253356934
4,"map(alloc: a)",256,32,132,0,4,5042,0,44.703483582
4,"map(alloc: a)",256,32,132,0,4,7,0,11.301040649
4,"map(alloc: a)",256,32,132,0,4,114,0,11.849403381
4,"map(alloc: a)",256,32,132,0,4,44,0,11.491775513
4,"map(alloc: a)",256,32,132,0,4,2,0,10.991096497
4,"map(alloc: a)",256,32,132,0,4,294,0,13.351440430
4,"map(alloc: a)",256,32,132,0,4,758,0,16.307830811
4,"map(alloc: a)",256,32,132,0,4,183,0,12.397766113
4,"map(alloc: a)",256,32,132,0,4,4,0,11.205673218
4,"map(alloc: a)",256,32,132,0,4,1218,0,19.299983978
4,"map(alloc: a)",256,32,132,0,4,71,0,11.694431305
4,"map(alloc: a)",256,32,132,0,4,1955,0,24.497509003
4,"map(alloc: a)",256,32,132,0,4,11,0,11.503696442
4,"map(alloc: a)",256,32,132,0,4,472,0,14.090538025
4,"map(alloc: a)",256,32,132,0,4,3140,0,32.305717468
4,"map(alloc: a)",256,32,132,1,0,2,0,11.003017426
4,"map(alloc: a)",256,32,132,1,0,4,0,11.050701141
4,"map(alloc: a)",256,32,132,1,0,472,0,14.400482178
4,"map(alloc: a)",256,32,132,1,0,3140,0,32.305717468
4,"map(alloc: a)",256,32,132,1,0,183,0,12.552738190
4,"map(alloc: a)",256,32,132,1,0,28,0,11.599063873
4,"map(alloc: a)",256,32,132,1,0,71,0,11.646747589
4,"map(alloc: a)",256,32,132,1,0,1218,0,19.454956055
4,"map(alloc: a)",256,32,132,1,0,294,0,13.005733490
4,"map(alloc: a)",256,32,132,1,0,1,0,11.157989502
4,"map(alloc: a)",256,32,132,1,0,7,0,11.205673218
4,"map(alloc: a)",256,32,132,1,0,1955,0,24.259090424
4,"map(alloc: a)",256,32,132,1,0,758,0,16.260147095
4,"map(alloc: a)",256,32,132,1,0,114,0,12.159347534
4,"map(alloc: a)",256,32,132,1,0,11,0,11.396408081
4,"map(alloc: a)",256,32,132,1,0,3,0,11.146068573
4,"map(alloc: a)",256,32,132,1,0,8096,0,65.052509308
4,"map(alloc: a)",256,32,132,1,0,44,0,11.599063873
4,"map(alloc: a)",256,32,132,1,0,17,0,11.348724365
4,"map(alloc: a)",256,32,132,1,0,5042,0,44.858455658
4,"map(alloc: a)",256,32,132,1,1,758,0,16.355514526
4,"map(alloc: a)",256,32,132,1,1,3,0,11.408329010
4,"map(alloc: a)",256,32,132,1,1,3140,0,32.496452332
4,"map(alloc: a)",256,32,132,1,1,1955,0,24.402141571
4,"map(alloc: a)",256,32,132,1,1,44,0,11.658668518
4,"map(alloc: a)",256,32,132,1,1,17,0,11.408329010
4,"map(alloc: a)",256,32,132,1,1,294,0,13.399124146
4,"map(alloc: a)",256,32,132,1,1,28,0,11.456012726
4,"map(alloc: a)",256,32,132,1,1,114,0,12.052059174
4,"map(alloc: a)",256,32,132,1,1,2,0,11.348724365
4,"map(alloc: a)",256,32,132,1,1,7,0,11.408329010
4,"map(alloc: a)",256,32,132,1,1,183,0,12.493133545
4,"map(alloc: a)",256,32,132,1,1,8096,0,64.849853516
4,"map(alloc: a)",256,32,132,1,1,11,0,11.599063873
4,"map(alloc: a)",256,32,132,1,1,1,0,11.444091797
4,"map(alloc: a)",256,32,132,1,1,1218,0,19.407272339
4,"map(alloc: a)",256,32,132,1,1,472,0,14.305114746
4,"map(alloc: a)",256,32,132,1,1,71,0,11.789798737
4,"map(alloc: a)",256,32,132,1,1,5042,0,45.108795166
4,"map(alloc: a)",256,32,132,1,1,4,0,11.503696442
4,"map(alloc: a)",256,32,132,1,2,2,0,11.348724365
4,"map(alloc: a)",256,32,132,1,2,71,0,11.897087097
4,"map(alloc: a)",256,32,132,1,2,17,0,11.348724365
4,"map(alloc: a)",256,32,132,1,2,472,0,14.400482178
4,"map(alloc: a)",256,32,132,1,2,5042,0,44.751167297
4,"map(alloc: a)",256,32,132,1,2,28,0,11.360645294
4,"map(alloc: a)",256,32,132,1,2,44,0,11.456012726
4,"map(alloc: a)",256,32,132,1,2,1218,0,19.907951355
4,"map(alloc: a)",256,32,132,1,2,4,0,11.241436005
4,"map(alloc: a)",256,32,132,1,2,1955,0,24.306774139
4,"map(alloc: a)",256,32,132,1,2,183,0,12.505054474
4,"map(alloc: a)",256,32,132,1,2,7,0,11.301040649
4,"map(alloc: a)",256,32,132,1,2,758,0,16.200542450
4,"map(alloc: a)",256,32,132,1,2,1,0,11.157989502
4,"map(alloc: a)",256,32,132,1,2,3140,0,32.198429108
4,"map(alloc: a)",256,32,132,1,2,8096,0,64.897537231
4,"map(alloc: a)",256,32,132,1,2,3,0,11.205673218
4,"map(alloc: a)",256,32,132,1,2,114,0,12.040138245
4,"map(alloc: a)",256,32,132,1,2,11,0,11.348724365
4,"map(alloc: a)",256,32,132,1,2,294,0,13.101100922
4,"map(alloc: a)",256,32,132,1,3,1,0,11.348724365
4,"map(alloc: a)",256,32,132,1,3,17,0,11.396408081
4,"map(alloc: a)",256,32,132,1,3,294,0,13.196468353
4,"map(alloc: a)",256,32,132,1,3,5042,0,44.751167297
4,"map(alloc: a)",256,32,132,1,3,114,0,12.159347534
4,"map(alloc: a)",256,32,132,1,3,28,0,11.456012726
4,"map(alloc: a)",256,32,132,1,3,1218,0,19.454956055
4,"map(alloc: a)",256,32,132,1,3,2,0,11.146068573
4,"map(alloc: a)",256,32,132,1,3,3,0,11.301040649
4,"map(alloc: a)",256,32,132,1,3,4,0,11.551380157
4,"map(alloc: a)",256,32,132,1,3,758,0,16.248226166
4,"map(alloc: a)",256,32,132,1,3,11,0,11.456012726
4,"map(alloc: a)",256,32,132,1,3,44,0,11.599063873
4,"map(alloc: a)",256,32,132,1,3,472,0,14.495849609
4,"map(alloc: a)",256,32,132,1,3,7,0,11.348724365
4,"map(alloc: a)",256,32,132,1,3,1955,0,24.497509003
4,"map(alloc: a)",256,32,132,1,3,71,0,11.849403381
4,"map(alloc: a)",256,32,132,1,3,183,0,12.552738190
4,"map(alloc: a)",256,32,132,1,3,8096,0,65.004825592
4,"map(alloc: a)",256,32,132,1,3,3140,0,32.293796539
4,"map(alloc: a)",256,32,132,1,4,472,0,14.507770538
4,"map(alloc: a)",256,32,132,1,4,71,0,11.658668518
4,"map(alloc: a)",256,32,132,1,4,1,0,11.456012726
4,"map(alloc: a)",256,32,132,1,4,11,0,11.491775513
4,"map(alloc: a)",256,32,132,1,4,4,0,11.301040649
4,"map(alloc: a)",256,32,132,1,4,3140,0,32.198429108
4,"map(alloc: a)",256,32,132,1,4,28,0,11.503696442
4,"map(alloc: a)",256,32,132,1,4,1218,0,19.395351410
4,"map(alloc: a)",256,32,132,1,4,2,0,11.491775513
4,"map(alloc: a)",256,32,132,1,4,183,0,12.600421906
4,"map(alloc: a)",256,32,132,1,4,5042,0,44.691562653
4,"map(alloc: a)",256,32,132,1,4,114,0,12.004375458
4,"map(alloc: a)",256,32,132,1,4,3,0,11.348724365
4,"map(alloc: a)",256,32,132,1,4,44,0,11.503696442
4,"map(alloc: a)",256,32,132,1,4,758,0,16.248226166
4,"map(alloc: a)",256,32,132,1,4,8096,0,64.790248871
4,"map(alloc: a)",256,32,132,1,4,1955,0,24.557113647
4,"map(alloc: a)",256,32,132,1,4,294,0,13.589859009
4,"map(alloc: a)",256,32,132,1,4,7,0,11.348724365
4,"map(alloc: a)",256,32,132,1,4,17,0,11.396408081
4,"map(alloc: a)",1024,32,132,0,0,7,0,11.301040649
4,"map(alloc: a)",1024,32,132,0,0,114,0,12.207031250
4,"map(alloc: a)",1024,32,132,0,0,3,0,11.396408081
4,"map(alloc: a)",1024,32,132,0,0,17,0,11.408329010
4,"map(alloc: a)",1024,32,132,0,0,1,0,11.301040649
4,"map(alloc: a)",1024,32,132,0,0,44,0,11.408329010
4,"map(alloc: a)",1024,32,132,0,0,294,0,13.196468353
4,"map(alloc: a)",1024,32,132,0,0,3140,0,32.746791840
4,"map(alloc: a)",1024,32,132,0,0,4,0,11.301040649
4,"map(alloc: a)",1024,32,132,0,0,1955,0,24.497509003
4,"map(alloc: a)",1024,32,132,0,0,183,0,12.695789337
4,"map(alloc: a)",1024,32,132,0,0,8096,0,65.100193024
4,"map(alloc: a)",1024,32,132,0,0,758,0,16.450881958
4,"map(alloc: a)",1024,32,132,0,0,71,0,12.052059174
4,"map(alloc: a)",1024,32,132,0,0,2,0,11.193752289
4,"map(alloc: a)",1024,32,132,0,0,11,0,11.396408081
4,"map(alloc: a)",1024,32,132,0,0,28,0,11.396408081
4,"map(alloc: a)",1024,32,132,0,0,5042,0,44.953823090
4,"map(alloc: a)",1024,32,132,0,0,1218,0,19.609928131
4,"map(alloc: a)",1024,32,132,0,0,472,0,14.507770538
4,"map(alloc: a)",1024,32,132,0,1,4,0,11.348724365
4,"map(alloc: a)",1024,32,132,0,1,1,0,11.301040649
4,"map(alloc: a)",1024,32,132,0,1,17,0,11.551380157
4,"map(alloc: a)",1024,32,132,0,1,28,0,11.444091797
4,"map(alloc: a)",1024,32,132,0,1,11,0,11.396408081
4,"map(alloc: a)",1024,32,132,0,1,3140,0,32.448768616
4,"map(alloc: a)",1024,32,132,0,1,2,0,11.253356934
4,"map(alloc: a)",1024,32,132,0,1,758,0,16.248226166
4,"map(alloc: a)",1024,32,132,0,1,1218,0,19.395351410
4,"map(alloc: a)",1024,32,132,0,1,44,0,11.599063873
4,"map(alloc: a)",1024,32,132,0,1,71,0,11.789798737
4,"map(alloc: a)",1024,32,132,0,1,114,0,12.099742889
4,"map(alloc: a)",1024,32,132,0,1,294,0,13.148784637
4,"map(alloc: a)",1024,32,132,0,1,7,0,11.241436005
4,"map(alloc: a)",1024,32,132,0,1,183,0,12.457370758
4,"map(alloc: a)",1024,32,132,0,1,8096,0,64.802169800
4,"map(alloc: a)",1024,32,132,0,1,472,0,14.495849609
4,"map(alloc: a)",1024,32,132,0,1,1955,0,24.497509003
4,"map(alloc: a)",1024,32,132,0,1,3,0,11.146068573
4,"map(alloc: a)",1024,32,132,0,1,5042,0,44.596195221
4,"map(alloc: a)",1024,32,132,0,2,3,0,11.253356934
4,"map(alloc: a)",1024,32,132,0,2,44,0,11.503696442
4,"map(alloc: a)",1024,32,132,0,2,1,0,11.157989502
4,"map(alloc: a)",1024,32,132,0,2,183,0,12.695789337
4,"map(alloc: a)",1024,32,132,0,2,294,0,13.208389282
4,"map(alloc: a)",1024,32,132,0,2,5042,0,44.655799866
4,"map(alloc: a)",1024,32,132,0,2,7,0,11.396408081
4,"map(alloc: a)",1024,32,132,0,2,8096,0,65.052509308
4,"map(alloc: a)",1024,32,132,0,2,2,0,11.301040649
4,"map(alloc: a)",1024,32,132,0,2,114,0,12.040138245
4,"map(alloc: a)",1024,32,132,0,2,71,0,11.992454529
4,"map(alloc: a)",1024,32,132,0,2,1955,0,24.402141571
4,"map(alloc: a)",1024,32,132,0,2,17,0,11.348724365
4,"map(alloc: a)",1024,32,132,0,2,472,0,14.352798462
4,"map(alloc: a)",1024,32,132,0,2,11,0,11.348724365
4,"map(alloc: a)",1024,32,132,0,2,1218,0,19.741058350
4,"map(alloc: a)",1024,32,132,0,2,4,0,11.360645294
4,"map(alloc: a)",1024,32,132,0,2,3140,0,32.150745392
4,"map(alloc: a)",1024,32,132,0,2,758,0,16.498565674
4,"map(alloc: a)",1024,32,132,0,2,28,0,11.348724365
4,"map(alloc: a)",1024,32,132,0,3,11,0,11.348724365
4,"map(alloc: a)",1024,32,132,0,3,4,0,11.253356934
4,"map(alloc: a)",1024,32,132,0,3,5042,0,44.596195221
4,"map(alloc: a)",1024,32,132,0,3,183,0,12.600421906
4,"map(alloc: a)",1024,32,132,0,3,17,0,11.348724365
4,"map(alloc: a)",1024,32,132,0,3,3,0,11.301040649
4,"map(alloc: a)",1024,32,132,0,3,28,0,11.646747589
4,"map(alloc: a)",1024,32,132,0,3,1218,0,19.454956055
4,"map(alloc: a)",1024,32,132,0,3,114,0,12.004375458
4,"map(alloc: a)",1024,32,132,0,3,758,0,16.295909882
4,"map(alloc: a)",1024,32,132,0,3,1955,0,24.247169495
4,"map(alloc: a)",1024,32,132,0,3,472,0,14.305114746
4,"map(alloc: a)",1024,32,132,0,3,7,0,11.348724365
4,"map(alloc: a)",1024,32,132,0,3,44,0,11.456012726
4,"map(alloc: a)",1024,32,132,0,3,3140,0,32.198429108
4,"map(alloc: a)",1024,32,132,0,3,8096,0,65.052509308
4,"map(alloc: a)",1024,32,132,0,3,71,0,11.801719666
4,"map(alloc: a)",1024,32,132,0,3,1,0,11.348724365
4,"map(alloc: a)",1024,32,132,0,3,2,0,11.301040649
4,"map(alloc: a)",1024,32,132,0,3,294,0,13.399124146
4,"map(alloc: a)",1024,32,132,0,4,3,0,11.408329010
4,"map(alloc: a)",1024,32,132,0,4,8096,0,64.849853516
4,"map(alloc: a)",1024,32,132,0,4,1,0,11.253356934
4,"map(alloc: a)",1024,32,132,0,4,28,0,11.396408081
4,"map(alloc: a)",1024,32,132,0,4,17,0,11.348724365
4,"map(alloc: a)",1024,32,132,0,4,5042,0,44.798851013
4,"map(alloc: a)",1024,32,132,0,4,7,0,11.456012726
4,"map(alloc: a)",1024,32,132,0,4,114,0,12.302398682
4,"map(alloc: a)",1024,32,132,0,4,44,0,11.396408081
4,"map(alloc: a)",1024,32,132,0,4,2,0,11.253356934
4,"map(alloc: a)",1024,32,132,0,4,294,0,13.244152069
4,"map(alloc: a)",1024,32,132,0,4,758,0,16.343593597
4,"map(alloc: a)",1024,32,132,0,4,183,0,12.648105621
4,"map(alloc: a)",1024,32,132,0,4,4,0,11.396408081
4,"map(alloc: a)",1024,32,132,0,4,1218,0,19.443035126
4,"map(alloc: a)",1024,32,132,0,4,71,0,11.944770813
4,"map(alloc: a)",1024,32,132,0,4,1955,0,24.449825287
4,"map(alloc: a)",1024,32,132,0,4,11,0,11.396408081
4,"map(alloc: a)",1024,32,132,0,4,472,0,14.495849609
4,"map(alloc: a)",1024,32,132,0,4,3140,0,32.401084900
4,"map(alloc: a)",1024,32,132,1,0,2,0,11.396408081
4,"map(alloc: a)",1024,32,132,1,0,4,0,11.241436005
4,"map(alloc: a)",1024,32,132,1,0,472,0,14.448165894
4,"map(alloc: a)",1024,32,132,1,0,3140,0,32.150745392
4,"map(alloc: a)",1024,32,132,1,0,183,0,12.743473053
4,"map(alloc: a)",1024,32,132,1,0,28,0,11.551380157
4,"map(alloc: a)",1024,32,132,1,0,71,0,11.789798737
4,"map(alloc: a)",1024,32,132,1,0,1218,0,19.347667694
4,"map(alloc: a)",1024,32,132,1,0,294,0,13.005733490
4,"map(alloc: a)",1024,32,132,1,0,1,0,11.146068573
4,"map(alloc: a)",1024,32,132,1,0,7,0,11.456012726
4,"map(alloc: a)",1024,32,132,1,0,1955,0,24.545192719
4,"map(alloc: a)",1024,32,132,1,0,758,0,16.248226166
4,"map(alloc: a)",1024,32,132,1,0,114,0,11.944770813
4,"map(alloc: a)",1024,32,132,1,0,11,0,11.289119720
4,"map(alloc: a)",1024,32,132,1,0,3,0,11.098384857
4,"map(alloc: a)",1024,32,132,1,0,8096,0,64.909458160
4,"map(alloc: a)",1024,32,132,1,0,44,0,11.503696442
4,"map(alloc: a)",1024,32,132,1,0,17,0,11.348724365
4,"map(alloc: a)",1024,32,132,1,0,5042,0,44.488906860
4,"map(alloc: a)",1024,32,132,1,1,758,0,16.355514526
4,"map(alloc: a)",1024,32,132,1,1,3,0,11.348724365
4,"map(alloc: a)",1024,32,132,1,1,3140,0,32.496452332
4,"map(alloc: a)",1024,32,132,1,1,1955,0,24.402141571
4,"map(alloc: a)",1024,32,132,1,1,44,0,11.396408081
4,"map(alloc: a)",1024,32,132,1,1,17,0,11.301040649
4,"map(alloc: a)",1024,32,132,1,1,294,0,13.351440430
4,"map(alloc: a)",1024,32,132,1,1,28,0,11.551380157
4,"map(alloc: a)",1024,32,132,1,1,114,0,12.004375458
4,"map(alloc: a)",1024,32,132,1,1,2,0,11.599063873
4,"map(alloc: a)",1024,32,132,1,1,7,0,11.301040649
4,"map(alloc: a)",1024,32,132,1,1,183,0,12.505054474
4,"map(alloc: a)",1024,32,132,1,1,8096,0,64.754486084
4,"map(alloc: a)",1024,32,132,1,1,11,0,11.301040649
4,"map(alloc: a)",1024,32,132,1,1,1,0,11.253356934
4,"map(alloc: a)",1024,32,132,1,1,1218,0,19.443035126
4,"map(alloc: a)",1024,32,132,1,1,472,0,14.352798462
4,"map(alloc: a)",1024,32,132,1,1,71,0,11.754035950
4,"map(alloc: a)",1024,32,132,1,1,5042,0,44.691562653
4,"map(alloc: a)",1024,32,132,1,1,4,0,11.253356934
4,"map(alloc: a)",1024,32,132,1,2,2,0,11.396408081
4,"map(alloc: a)",1024,32,132,1,2,71,0,11.694431305
4,"map(alloc: a)",1024,32,132,1,2,17,0,11.599063873
4,"map(alloc: a)",1024,32,132,1,2,472,0,14.495849609
4,"map(alloc: a)",1024,32,132,1,2,5042,0,44.691562653
4,"map(alloc: a)",1024,32,132,1,2,28,0,11.551380157
4,"map(alloc: a)",1024,32,132,1,2,44,0,11.491775513
4,"map(alloc: a)",1024,32,132,1,2,1218,0,19.550323486
4,"map(alloc: a)",1024,32,132,1,2,4,0,11.348724365
4,"map(alloc: a)",1024,32,132,1,2,1955,0,24.652481079
4,"map(alloc: a)",1024,32,132,1,2,183,0,12.552738190
4,"map(alloc: a)",1024,32,132,1,2,7,0,11.444091797
4,"map(alloc: a)",1024,32,132,1,2,758,0,16.248226166
4,"map(alloc: a)",1024,32,132,1,2,1,0,11.241436005
4,"map(alloc: a)",1024,32,132,1,2,3140,0,32.556056976
4,"map(alloc: a)",1024,32,132,1,2,8096,0,64.802169800
4,"map(alloc: a)",1024,32,132,1,2,3,0,11.301040649
4,"map(alloc: a)",1024,32,132,1,2,114,0,12.052059174
4,"map(alloc: a)",1024,32,132,1,2,11,0,11.408329010
4,"map(alloc: a)",1024,32,132,1,2,294,0,13.101100922
4,"map(alloc: a)",1024,32,132,1,3,1,0,11.157989502
4,"map(alloc: a)",1024,32,132,1,3,17,0,11.301040649
4,"map(alloc: a)",1024,32,132,1,3,294,0,13.256072998
4,"map(alloc: a)",1024,32,132,1,3,5042,0,45.001506805
4,"map(alloc: a)",1024,32,132,1,3,114,0,11.849403381
4,"map(alloc: a)",1024,32,132,1,3,28,0,11.503696442
4,"map(alloc: a)",1024,32,132,1,3,1218,0,19.347667694
4,"map(alloc: a)",1024,32,132,1,3,2,0,11.742115021
4,"map(alloc: a)",1024,32,132,1,3,3,0,11.348724365
4,"map(alloc: a)",1024,32,132,1,3,4,0,11.301040649
4,"map(alloc: a)",1024,32,132,1,3,758,0,16.498565674
4,"map(alloc: a)",1024,32,132,1,3,11,0,11.491775513
4,"map(alloc: a)",1024,32,132,1,3,44,0,11.599063873
4,"map(alloc: a)",1024,32,132,1,3,472,0,14.591217041
4,"map(alloc: a)",1024,32,132,1,3,7,0,11.301040649
4,"map(alloc: a)",1024,32,132,1,3,1955,0,24.545192719
4,"map(alloc: a)",1024,32,132,1,3,71,0,11.789798737
4,"map(alloc: a)",1024,32,132,1,3,183,0,12.505054474
4,"map(alloc: a)",1024,32,132,1,3,8096,0,64.909458160
4,"map(alloc: a)",1024,32,132,1,3,3140,0,32.341480255
4,"map(alloc: a)",1024,32,132,1,4,472,0,14.543533325
4,"map(alloc: a)",1024,32,132,1,4,71,0,11.754035950
4,"map(alloc: a)",1024,32,132,1,4,1,0,11.348724365
4,"map(alloc: a)",1024,32,132,1,4,11,0,11.253356934
4,"map(alloc: a)",1024,32,132,1,4,4,0,11.348724365
4,"map(alloc: a)",1024,32,132,1,4,3140,0,32.401084900
4,"map(alloc: a)",1024,32,132,1,4,28,0,11.456012726
4,"map(alloc: a)",1024,32,132,1,4,1218,0,19.502639771
4,"map(alloc: a)",1024,32,132,1,4,2,0,11.193752289
4,"map(alloc: a)",1024,32,132,1,4,183,0,12.600421906
4,"map(alloc: a)",1024,32,132,1,4,5042,0,44.751167297
4,"map(alloc: a)",1024,32,132,1,4,114,0,11.944770813
4,"map(alloc: a)",1024,32,132,1,4,3,0,11.503696442
4,"map(alloc: a)",1024,32,132,1,4,44,0,11.444091797
4,"map(alloc: a)",1024,32,132,1,4,758,0,16.295909882
4,"map(alloc: a)",1024,32,132,1,4,8096,0,64.897537231
4,"map(alloc: a)",1024,32,132,1,4,1955,0,24.545192719
4,"map(alloc: a)",1024,32,132,1,4,294,0,13.554096222
4,"map(alloc: a)",1024,32,132,1,4,7,0,11.348724365
4,"map(alloc: a)",1024,32,132,1,4,17,0,11.301040649
4,"map(alloc: a)",4096,32,132,0,0,7,0,11.444091797
4,"map(alloc: a)",4096,32,132,0,0,114,0,11.992454529
4,"map(alloc: a)",4096,32,132,0,0,3,0,11.253356934
4,"map(alloc: a)",4096,32,132,0,0,17,0,11.301040649
4,"map(alloc: a)",4096,32,132,0,0,1,0,11.003017426
4,"map(alloc: a)",4096,32,132,0,0,44,0,11.491775513
4,"map(alloc: a)",4096,32,132,0,0,294,0,13.208389282
4,"map(alloc: a)",4096,32,132,0,0,3140,0,32.353401184
4,"map(alloc: a)",4096,32,132,0,0,4,0,11.801719666
4,"map(alloc: a)",4096,32,132,0,0,1955,0,24.557113647
4,"map(alloc: a)",4096,32,132,0,0,183,0,12.600421906
4,"map(alloc: a)",4096,32,132,0,0,8096,0,64.754486084
4,"map(alloc: a)",4096,32,132,0,0,758,0,16.450881958
4,"map(alloc: a)",4096,32,132,0,0,71,0,11.789798737
4,"map(alloc: a)",4096,32,132,0,0,2,0,11.253356934
4,"map(alloc: a)",4096,32,132,0,0,11,0,11.205673218
4,"map(alloc: a)",4096,32,132,0,0,28,0,11.491775513
4,"map(alloc: a)",4096,32,132,0,0,5042,0,45.204162598
4,"map(alloc: a)",4096,32,132,0,0,1218,0,19.550323486
4,"map(alloc: a)",4096,32,132,0,0,472,0,14.650821686
4,"map(alloc: a)",4096,32,132,0,1,4,0,11.551380157
4,"map(alloc: a)",4096,32,132,0,1,1,0,11.050701141
4,"map(alloc: a)",4096,32,132,0,1,17,0,11.348724365
4,"map(alloc: a)",4096,32,132,0,1,28,0,11.658668518
4,"map(alloc: a)",4096,32,132,0,1,11,0,11.599063873
4,"map(alloc: a)",4096,32,132,0,1,3140,0,32.305717468
4,"map(alloc: a)",4096,32,132,0,1,2,0,11.408329010
4,"map(alloc: a)",4096,32,132,0,1,758,0,16.295909882
4,"map(alloc: a)",4096,32,132,0,1,1218,0,19.752979279
4,"map(alloc: a)",4096,32,132,0,1,44,0,11.539459229
4,"map(alloc: a)",4096,32,132,0,1,71,0,11.646747589
4,"map(alloc: a)",4096,32,132,0,1,114,0,12.052059174
4,"map(alloc: a)",4096,32,132,0,1,294,0,13.446807861
4,"map(alloc: a)",4096,32,132,0,1,7,0,11.456012726
4,"map(alloc: a)",4096,32,132,0,1,183,0,12.600421906
4,"map(alloc: a)",4096,32,132,0,1,8096,0,64.897537231
4,"map(alloc: a)",4096,32,132,0,1,472,0,14.400482178
4,"map(alloc: a)",4096,32,132,0,1,1955,0,24.497509003
4,"map(alloc: a)",4096,32,132,0,1,3,0,11.301040649
4,"map(alloc: a)",4096,32,132,0,1,5042,0,44.703483582
4,"map(alloc: a)",4096,32,132,0,2,3,0,11.193752289
4,"map(alloc: a)",4096,32,132,0,2,44,0,11.551380157
4,"map(alloc: a)",4096,32,132,0,2,1,0,11.157989502
4,"map(alloc: a)",4096,32,132,0,2,183,0,12.552738190
4,"map(alloc: a)",4096,32,132,0,2,294,0,13.256072998
4,"map(alloc: a)",4096,32,132,0,2,5042,0,44.906139374
4,"map(alloc: a)",4096,32,132,0,2,7,0,11.503696442
4,"map(alloc: a)",4096,32,132,0,2,8096,0,64.849853516
4,"map(alloc: a)",4096,32,132,0,2,2,0,11.301040649
4,"map(alloc: a)",4096,32,132,0,2,114,0,11.956691742
4,"map(alloc: a)",4096,32,132,0,2,71,0,11.849403381
4,"map(alloc: a)",4096,32,132,0,2,1955,0,24.545192719
4,"map(alloc: a)",4096,32,132,0,2,17,0,11.301040649
4,"map(alloc: a)",4096,32,132,0,2,472,0,14.400482178
4,"map(alloc: a)",4096,32,132,0,2,11,0,11.348724365
4,"map(alloc: a)",4096,32,132,0,2,1218,0,19.407272339
4,"map(alloc: a)",4096,32,132,0,2,4,0,11.658668518
4,"map(alloc: a)",4096,32,132,0,2,3140,0,32.401084900
4,"map(alloc: a)",4096,32,132,0,2,758,0,16.355514526
4,"map(alloc: a)",4096,32,132,0,2,28,0,11.503696442
4,"map(alloc: a)",4096,32,132,0,3,11,0,11.408329010
4,"map(alloc: a)",4096,32,132,0,3,4,0,11.253356934
4,"map(alloc: a)",4096,32,132,0,3,5042,0,44.691562653
4,"map(alloc: a)",4096,32,132,0,3,183,0,12.803077698
4,"map(alloc: a)",4096,32,132,0,3,17,0,11.348724365
4,"map(alloc: a)",4096,32,132,0,3,3,0,11.193752289
4,"map(alloc: a)",4096,32,132,0,3,28,0,11.348724365
4,"map(alloc: a)",4096,32,132,0,3,1218,0,19.347667694
4,"map(alloc: a)",4096,32,132,0,3,114,0,12.004375458
4,"map(alloc: a)",4096,32,132,0,3,758,0,16.343593597
4,"map(alloc: a)",4096,32,132,0,3,1955,0,24.652481079
4,"map(alloc: a)",4096,32,132,0,3,472,0,14.400482178
4,"map(alloc: a)",4096,32,132,0,3,7,0,11.396408081
4,"map(alloc: a)",4096,32,132,0,3,44,0,11.551380157
4,"map(alloc: a)",4096,32,132,0,3,3140,0,32.556056976
4,"map(alloc: a)",4096,32,132,0,3,8096,0,64.945220947
4,"map(alloc: a)",4096,32,132,0,3,71,0,11.849403381
4,"map(alloc: a)",4096,32,132,0,3,1,0,11.205673218
4,"map(alloc: a)",4096,32,132,0,3,2,0,11.253356934
4,"map(alloc: a)",4096,32,132,0,3,294,0,13.339519501
4,"map(alloc: a)",4096,32,132,0,4,3,0,11.456012726
4,"map(alloc: a)",4096,32,132,0,4,8096,0,64.992904663
4,"map(alloc: a)",4096,32,132,0,4,1,0,11.289119720
4,"map(alloc: a)",4096,32,132,0,4,28,0,11.456012726
4,"map(alloc: a)",4096,32,132,0,4,17,0,11.503696442
4,"map(alloc: a)",4096,32,132,0,4,5042,0,45.347213745
4,"map(alloc: a)",4096,32,132,0,4,7,0,11.444091797
4,"map(alloc: a)",4096,32,132,0,4,114,0,12.052059174
4,"map(alloc: a)",4096,32,132,0,4,44,0,11.599063873
4,"map(alloc: a)",4096,32,132,0,4,2,0,11.241436005
4,"map(alloc: a)",4096,32,132,0,4,294,0,13.196468353
4,"map(alloc: a)",4096,32,132,0,4,758,0,16.295909882
4,"map(alloc: a)",4096,32,132,0,4,183,0,12.803077698
4,"map(alloc: a)",4096,32,132,0,4,4,0,11.599063873
4,"map(alloc: a)",4096,32,132,0,4,1218,0,19.598007202
4,"map(alloc: a)",4096,32,132,0,4,71,0,11.801719666
4,"map(alloc: a)",4096,32,132,0,4,1955,0,24.557113647
4,"map(alloc: a)",4096,32,132,0,4,11,0,11.503696442
4,"map(alloc: a)",4096,32,132,0,4,472,0,14.400482178
4,"map(alloc: a)",4096,32,132,0,4,3140,0,32.293796539
4,"map(alloc: a)",4096,32,132,1,0,2,0,11.301040649
4,"map(alloc: a)",4096,32,132,1,0,4,0,11.801719666
4,"map(alloc: a)",4096,32,132,1,0,472,0,14.257431030
4,"map(alloc: a)",4096,32,132,1,0,3140,0,32.198429108
4,"map(alloc: a)",4096,32,132,1,0,183,0,12.552738190
4,"map(alloc: a)",4096,32,132,1,0,28,0,11.396408081
4,"map(alloc: a)",4096,32,132,1,0,71,0,11.849403381
4,"map(alloc: a)",4096,32,132,1,0,1218,0,19.502639771
4,"map(alloc: a)",4096,32,132,1,0,294,0,13.244152069
4,"map(alloc: a)",4096,32,132,1,0,1,0,11.301040649
4,"map(alloc: a)",4096,32,132,1,0,7,0,11.396408081
4,"map(alloc: a)",4096,32,132,1,0,1955,0,24.592876434
4,"map(alloc: a)",4096,32,132,1,0,758,0,16.248226166
4,"map(alloc: a)",4096,32,132,1,0,114,0,12.004375458
4,"map(alloc: a)",4096,32,132,1,0,11,0,11.456012726
4,"map(alloc: a)",4096,32,132,1,0,3,0,11.157989502
4,"map(alloc: a)",4096,32,132,1,0,8096,0,65.052509308
4,"map(alloc: a)",4096,32,132,1,0,44,0,11.503696442
4,"map(alloc: a)",4096,32,132,1,0,17,0,11.456012726
4,"map(alloc: a)",4096,32,132,1,0,5042,0,44.846534729
4,"map(alloc: a)",4096,32,132,1,1,758,0,16.295909882
4,"map(alloc: a)",4096,32,132,1,1,3,0,11.646747589
4,"map(alloc: a)",4096,32,132,1,1,3140,0,32.293796539
4,"map(alloc: a)",4096,32,132,1,1,1955,0,24.557113647
4,"map(alloc: a)",4096,32,132,1,1,44,0,11.706352234
4,"map(alloc: a)",4096,32,132,1,1,17,0,11.444091797
4,"map(alloc: a)",4096,32,132,1,1,294,0,13.148784637
4,"map(alloc: a)",4096,32,132,1,1,28,0,11.599063873
4,"map(alloc: a)",4096,32,132,1,1,114,0,12.099742889
4,"map(alloc: a)",4096,32,132,1,1,2,0,11.301040649
4,"map(alloc: a)",4096,32,132,1,1,7,0,11.360645294
4,"map(alloc: a)",4096,32,132,1,1,183,0,12.397766113
4,"map(alloc: a)",4096,32,132,1,1,8096,0,64.849853516
4,"map(alloc: a)",4096,32,132,1,1,11,0,11.491775513
4,"map(alloc: a)",4096,32,132,1,1,1,0,11.146068573
4,"map(alloc: a)",4096,32,132,1,1,1218,0,19.347667694
4,"map(alloc: a)",4096,32,132,1,1,472,0,14.245510101
4,"map(alloc: a)",4096,32,132,1,1,71,0,11.849403381
4,"map(alloc: a)",4096,32,132,1,1,5042,0,45.001506805
4,"map(alloc: a)",4096,32,132,1,1,4,0,11.301040649
4,"map(alloc: a)",4096,32,132,1,2,2,0,11.193752289
4,"map(alloc: a)",4096,32,132,1,2,71,0,11.944770813
4,"map(alloc: a)",4096,32,132,1,2,17,0,11.444091797
4,"map(alloc: a)",4096,32,132,1,2,472,0,14.650821686
4,"map(alloc: a)",4096,32,132,1,2,5042,0,44.596195221
4,"map(alloc: a)",4096,32,132,1,2,28,0,11.396408081
4,"map(alloc: a)",4096,32,132,1,2,44,0,11.646747589
4,"map(alloc: a)",4096,32,132,1,2,1218,0,19.490718842
4,"map(alloc: a)",4096,32,132,1,2,4,0,11.348724365
4,"map(alloc: a)",4096,32,132,1,2,1955,0,24.640560150
4,"map(alloc: a)",4096,32,132,1,2,183,0,12.707710266
4,"map(alloc: a)",4096,32,132,1,2,7,0,11.253356934
4,"map(alloc: a)",4096,32,132,1,2,758,0,16.403198242
4,"map(alloc: a)",4096,32,132,1,2,1,0,11.301040649
4,"map(alloc: a)",4096,32,132,1,2,3140,0,32.293796539
4,"map(alloc: a)",4096,32,132,1,2,8096,0,64.790248871
4,"map(alloc: a)",4096,32,132,1,2,3,0,11.408329010
4,"map(alloc: a)",4096,32,132,1,2,114,0,11.897087097
4,"map(alloc: a)",4096,32,132,1,2,11,0,11.503696442
4,"map(alloc: a)",4096,32,132,1,2,294,0,13.506412506
4,"map(alloc: a)",4096,32,132,1,3,1,0,11.301040649
4,"map(alloc: a)",4096,32,132,1,3,17,0,11.289119720
4,"map(alloc: a)",4096,32,132,1,3,294,0,13.196468353
4,"map(alloc: a)",4096,32,132,1,3,5042,0,45.001506805
4,"map(alloc: a)",4096,32,132,1,3,114,0,12.052059174
4,"map(alloc: a)",4096,32,132,1,3,28,0,11.360645294
4,"map(alloc: a)",4096,32,132,1,3,1218,0,19.550323486
4,"map(alloc: a)",4096,32,132,1,3,2,0,11.599063873
4,"map(alloc: a)",4096,32,132,1,3,3,0,11.503696442
4,"map(alloc: a)",4096,32,132,1,3,4,0,11.301040649
4,"map(alloc: a)",4096,32,132,1,3,758,0,16.343593597
4,"map(alloc: a)",4096,32,132,1,3,11,0,11.396408081
4,"map(alloc: a)",4096,32,132,1,3,44,0,11.444091797
4,"map(alloc: a)",4096,32,132,1,3,472,0,14.400482178
4,"map(alloc: a)",4096,32,132,1,3,7,0,11.348724365
4,"map(alloc: a)",4096,32,132,1,3,1955,0,24.449825287
4,"map(alloc: a)",4096,32,132,1,3,71,0,11.897087097
4,"map(alloc: a)",4096,32,132,1,3,183,0,12.540817261
4,"map(alloc: a)",4096,32,132,1,3,8096,0,65.195560455
4,"map(alloc: a)",4096,32,132,1,3,3140,0,32.603740692
4,"map(alloc: a)",4096,32,132,1,4,472,0,14.400482178
4,"map(alloc: a)",4096,32,132,1,4,71,0,11.909008026
4,"map(alloc: a)",4096,32,132,1,4,1,0,11.241436005
4,"map(alloc: a)",4096,32,132,1,4,11,0,11.301040649
4,"map(alloc: a)",4096,32,132,1,4,4,0,11.754035950
4,"map(alloc: a)",4096,32,132,1,4,3140,0,32.448768616
4,"map(alloc: a)",4096,32,132,1,4,28,0,11.503696442
4,"map(alloc: a)",4096,32,132,1,4,1218,0,19.049644470
4,"map(alloc: a)",4096,32,132,1,4,2,0,10.991096497
4,"map(alloc: a)",4096,32,132,1,4,183,0,12.207031250
4,"map(alloc: a)",4096,32,132,1,4,5042,0,44.250488281
4,"map(alloc: a)",4096,32,132,1,4,114,0,11.754035950
4,"map(alloc: a)",4096,32,132,1,4,3,0,11.193752289
4,"map(alloc: a)",4096,32,132,1,4,44,0,11.193752289
4,"map(alloc: a)",4096,32,132,1,4,758,0,15.950202942
4,"map(alloc: a)",4096,32,132,1,4,8096,0,64.253807068
4,"map(alloc: a)",4096,32,132,1,4,1955,0,23.996829987
4,"map(alloc: a)",4096,32,132,1,4,294,0,12.898445129
4,"map(alloc: a)",4096,32,132,1,4,7,0,11.050701141
4,"map(alloc: a)",4096,32,132,1,4,17,0,11.205673218
4,"map(alloc: a)",8192,32,132,0,0,7,0,11.456012726
4,"map(alloc: a)",8192,32,132,0,0,114,0,12.004375458
4,"map(alloc: a)",8192,32,132,0,0,3,0,11.348724365
4,"map(alloc: a)",8192,32,132,0,0,17,0,11.408329010
4,"map(alloc: a)",8192,32,132,0,0,1,0,11.348724365
4,"map(alloc: a)",8192,32,132,0,0,44,0,11.599063873
4,"map(alloc: a)",8192,32,132,0,0,294,0,13.101100922
4,"map(alloc: a)",8192,32,132,0,0,3140,0,32.448768616
4,"map(alloc: a)",8192,32,132,0,0,4,0,11.348724365
4,"map(alloc: a)",8192,32,132,0,0,1955,0,24.604797363
4,"map(alloc: a)",8192,32,132,0,0,183,0,12.493133545
4,"map(alloc: a)",8192,32,132,0,0,8096,0,64.992904663
4,"map(alloc: a)",8192,32,132,0,0,758,0,16.355514526
4,"map(alloc: a)",8192,32,132,0,0,71,0,11.754035950
4,"map(alloc: a)",8192,32,132,0,0,2,0,11.444091797
4,"map(alloc: a)",8192,32,132,0,0,11,0,11.301040649
4,"map(alloc: a)",8192,32,132,0,0,28,0,11.301040649
4,"map(alloc: a)",8192,32,132,0,0,5042,0,44.703483582
4,"map(alloc: a)",8192,32,132,0,0,1218,0,19.645690918
4,"map(alloc: a)",8192,32,132,0,0,472,0,14.245510101
4,"map(alloc: a)",8192,32,132,0,1,4,0,11.205673218
4,"map(alloc: a)",8192,32,132,0,1,1,0,11.301040649
4,"map(alloc: a)",8192,32,132,0,1,17,0,11.456012726
4,"map(alloc: a)",8192,32,132,0,1,28,0,11.456012726
4,"map(alloc: a)",8192,32,132,0,1,11,0,11.157989502
4,"map(alloc: a)",8192,32,132,0,1,3140,0,32.103061676
4,"map(alloc: a)",8192,32,132,0,1,2,0,11.301040649
4,"map(alloc: a)",8192,32,132,0,1,758,0,16.403198242
4,"map(alloc: a)",8192,32,132,0,1,1218,0,19.454956055
4,"map(alloc: a)",8192,32,132,0,1,44,0,11.444091797
4,"map(alloc: a)",8192,32,132,0,1,71,0,12.242794037
4,"map(alloc: a)",8192,32,132,0,1,114,0,11.944770813
4,"map(alloc: a)",8192,32,132,0,1,294,0,13.196468353
4,"map(alloc: a)",8192,32,132,0,1,7,0,11.253356934
4,"map(alloc: a)",8192,32,132,0,1,183,0,12.505054474
4,"map(alloc: a)",8192,32,132,0,1,8096,0,64.849853516
4,"map(alloc: a)",8192,32,132,0,1,472,0,14.305114746
4,"map(alloc: a)",8192,32,132,0,1,1955,0,24.354457855
4,"map(alloc: a)",8192,32,132,0,1,3,0,11.348724365
4,"map(alloc: a)",8192,32,132,0,1,5042,0,44.643878937
4,"map(alloc: a)",8192,32,132,0,2,3,0,11.301040649
4,"map(alloc: a)",8192,32,132,0,2,44,0,11.503696442
4,"map(alloc: a)",8192,32,132,0,2,1,0,11.146068573
4,"map(alloc: a)",8192,32,132,0,2,183,0,12.755393982
4,"map(alloc: a)",8192,32,132,0,2,294,0,13.244152069
4,"map(alloc: a)",8192,32,132,0,2,5042,0,45.096874237
4,"map(alloc: a)",8192,32,132,0,2,7,0,11.444091797
4,"map(alloc: a)",8192,32,132,0,2,8096,0,64.790248871
4,"map(alloc: a)",8192,32,132,0,2,2,0,11.241436005
4,"map(alloc: a)",8192,32,132,0,2,114,0,12.052059174
4,"map(alloc: a)",8192,32,132,0,2,71,0,11.801719666
4,"map(alloc: a)",8192,32,132,0,2,1955,0,24.497509003
4,"map(alloc: a)",8192,32,132,0,2,17,0,11.241436005
4,"map(alloc: a)",8192,32,132,0,2,472,0,14.293193817
4,"map(alloc: a)",8192,32,132,0,2,11,0,11.503696442
4,"map(alloc: a)",8192,32,132,0,2,1218,0,19.550323486
4,"map(alloc: a)",8192,32,132,0,2,4,0,11.396408081
4,"map(alloc: a)",8192,32,132,0,2,3140,0,32.246112823
4,"map(alloc: a)",8192,32,132,0,2,758,0,16.355514526
4,"map(alloc: a)",8192,32,132,0,2,28,0,11.599063873
4,"map(alloc: a)",8192,32,132,0,3,11,0,11.193752289
4,"map(alloc: a)",8192,32,132,0,3,4,0,11.408329010
4,"map(alloc: a)",8192,32,132,0,3,5042,0,44.858455658
4,"map(alloc: a)",8192,32,132,0,3,183,0,12.505054474
4,"map(alloc: a)",8192,32,132,0,3,17,0,11.110305786
4,"map(alloc: a)",8192,32,132,0,3,3,0,11.146068573
4,"map(alloc: a)",8192,32,132,0,3,28,0,11.348724365
4,"map(alloc: a)",8192,32,132,0,3,1218,0,19.299983978
4,"map(alloc: a)",8192,32,132,0,3,114,0,11.956691742
4,"map(alloc: a)",8192,32,132,0,3,758,0,16.355514526
4,"map(alloc: a)",8192,32,132,0,3,1955,0,24.747848511
4,"map(alloc: a)",8192,32,132,0,3,472,0,14.352798462
4,"map(alloc: a)",8192,32,132,0,3,7,0,11.348724365
4,"map(alloc: a)",8192,32,132,0,3,44,0,11.456012726
4,"map(alloc: a)",8192,32,132,0,3,3140,0,32.150745392
4,"map(alloc: a)",8192,32,132,0,3,8096,0,64.897537231
4,"map(alloc: a)",8192,32,132,0,3,71,0,11.754035950
4,"map(alloc: a)",8192,32,132,0,3,1,0,11.193752289
4,"map(alloc: a)",8192,32,132,0,3,2,0,11.146068573
4,"map(alloc: a)",8192,32,132,0,3,294,0,13.351440430
4,"map(alloc: a)",8192,32,132,0,4,3,0,11.599063873
4,"map(alloc: a)",8192,32,132,0,4,8096,0,65.004825592
4,"map(alloc: a)",8192,32,132,0,4,1,0,11.205673218
4,"map(alloc: a)",8192,32,132,0,4,28,0,11.551380157
4,"map(alloc: a)",8192,32,132,0,4,17,0,11.646747589
4,"map(alloc: a)",8192,32,132,0,4,5042,0,44.548511505
4,"map(alloc: a)",8192,32,132,0,4,7,0,11.348724365
4,"map(alloc: a)",8192,32,132,0,4,114,0,12.040138245
4,"map(alloc: a)",8192,32,132,0,4,44,0,11.849403381
4,"map(alloc: a)",8192,32,132,0,4,2,0,11.241436005
4,"map(alloc: a)",8192,32,132,0,4,294,0,13.148784637
4,"map(alloc: a)",8192,32,132,0,4,758,0,16.307830811
4,"map(alloc: a)",8192,32,132,0,4,183,0,12.803077698
4,"map(alloc: a)",8192,32,132,0,4,4,0,11.301040649
4,"map(alloc: a)",8192,32,132,0,4,1218,0,19.657611847
4,"map(alloc: a)",8192,32,132,0,4,71,0,11.801719666
4,"map(alloc: a)",8192,32,132,0,4,1955,0,24.497509003
4,"map(alloc: a)",8192,32,132,0,4,11,0,11.253356934
4,"map(alloc: a)",8192,32,132,0,4,472,0,14.400482178
4,"map(alloc: a)",8192,32,132,0,4,3140,0,32.258033752
4,"map(alloc: a)",8192,32,132,1,0,2,0,11.205673218
4,"map(alloc: a)",8192,32,132,1,0,4,0,11.551380157
4,"map(alloc: a)",8192,32,132,1,0,472,0,14.305114746
4,"map(alloc: a)",8192,32,132,1,0,3140,0,32.746791840
4,"map(alloc: a)",8192,32,132,1,0,183,0,12.195110321
4,"map(alloc: a)",8192,32,132,1,0,28,0,11.193752289
4,"map(alloc: a)",8192,32,132,1,0,71,0,11.599063873
4,"map(alloc: a)",8192,32,132,1,0,1218,0,19.192695618
4,"map(alloc: a)",8192,32,132,1,0,294,0,13.256072998
4,"map(alloc: a)",8192,32,132,1,0,1,0,11.348724365
4,"map(alloc: a)",8192,32,132,1,0,7,0,11.551380157
4,"map(alloc: a)",8192,32,132,1,0,1955,0,24.497509003
4,"map(alloc: a)",8192,32,132,1,0,758,0,16.200542450
4,"map(alloc: a)",8192,32,132,1,0,114,0,12.147426605
4,"map(alloc: a)",8192,32,132,1,0,11,0,11.396408081
4,"map(alloc: a)",8192,32,132,1,0,3,0,11.146068573
4,"map(alloc: a)",8192,32,132,1,0,8096,0,64.849853516
4,"map(alloc: a)",8192,32,132,1,0,44,0,12.040138245
4,"map(alloc: a)",8192,32,132,1,0,17,0,11.348724365
4,"map(alloc: a)",8192,32,132,1,0,5042,0,44.906139374
4,"map(alloc: a)",8192,32,132,1,1,758,0,16.295909882
4,"map(alloc: a)",8192,32,132,1,1,3,0,11.301040649
4,"map(alloc: a)",8192,32,132,1,1,3140,0,32.198429108
4,"map(alloc: a)",8192,32,132,1,1,1955,0,24.604797363
4,"map(alloc: a)",8192,32,132,1,1,44,0,11.754035950
4,"map(alloc: a)",8192,32,132,1,1,17,0,11.396408081
4,"map(alloc: a)",8192,32,132,1,1,294,0,13.244152069
4,"map(alloc: a)",8192,32,132,1,1,28,0,11.348724365
4,"map(alloc: a)",8192,32,132,1,1,114,0,12.254714966
4,"map(alloc: a)",8192,32,132,1,1,2,0,11.241436005
4,"map(alloc: a)",8192,32,132,1,1,7,0,11.348724365
4,"map(alloc: a)",8192,32,132,1,1,183,0,12.457370758
4,"map(alloc: a)",8192,32,132,1,1,8096,0,64.909458160
4,"map(alloc: a)",8192,32,132,1,1,11,0,11.491775513
4,"map(alloc: a)",8192,32,132,1,1,1,0,11.157989502
4,"map(alloc: a)",8192,32,132,1,1,1218,0,19.299983978
4,"map(alloc: a)",8192,32,132,1,1,472,0,14.603137970
4,"map(alloc: a)",8192,32,132,1,1,71,0,11.610984802
4,"map(alloc: a)",8192,32,132,1,1,5042,0,45.192241669
4,"map(alloc: a)",8192,32,132,1,1,4,0,11.253356934
4,"map(alloc: a)",8192,32,132,1,2,2,0,11.241436005
4,"map(alloc: a)",8192,32,132,1,2,71,0,11.849403381
4,"map(alloc: a)",8192,32,132,1,2,17,0,11.456012726
4,"map(alloc: a)",8192,32,132,1,2,472,0,14.305114746
4,"map(alloc: a)",8192,32,132,1,2,5042,0,44.941902161
4,"map(alloc: a)",8192,32,132,1,2,28,0,11.503696442
4,"map(alloc: a)",8192,32,132,1,2,44,0,11.599063873
4,"map(alloc: a)",8192,32,132,1,2,1218,0,19.550323486
4,"map(alloc: a)",8192,32,132,1,2,4,0,11.301040649
4,"map(alloc: a)",8192,32,132,1,2,1955,0,24.497509003
4,"map(alloc: a)",8192,32,132,1,2,183,0,12.493133545
4,"map(alloc: a)",8192,32,132,1,2,7,0,11.551380157
4,"map(alloc: a)",8192,32,132,1,2,758,0,16.391277313
4,"map(alloc: a)",8192,32,132,1,2,1,0,11.205673218
4,"map(alloc: a)",8192,32,132,1,2,3140,0,32.389163971
4,"map(alloc: a)",8192,32,132,1,2,8096,0,65.159797668
4,"map(alloc: a)",8192,32,132,1,2,3,0,11.193752289
4,"map(alloc: a)",8192,32,132,1,2,114,0,12.099742889
4,"map(alloc: a)",8192,32,132,1,2,11,0,11.444091797
4,"map(alloc: a)",8192,32,132,1,2,294,0,13.208389282
4,"map(alloc: a)",8192,32,132,1,3,1,0,11.301040649
4,"map(alloc: a)",8192,32,132,1,3,17,0,11.348724365
4,"map(alloc: a)",8192,32,132,1,3,294,0,13.303756714
4,"map(alloc: a)",8192,32,132,1,3,5042,0,44.798851013
4,"map(alloc: a)",8192,32,132,1,3,114,0,12.147426605
4,"map(alloc: a)",8192,32,132,1,3,28,0,11.396408081
4,"map(alloc: a)",8192,32,132,1,3,1218,0,19.490718842
4,"map(alloc: a)",8192,32,132,1,3,2,0,11.408329010
4,"map(alloc: a)",8192,32,132,1,3,3,0,11.301040649
4,"map(alloc: a)",8192,32,132,1,3,4,0,11.003017426
4,"map(alloc: a)",8192,32,132,1,3,758,0,16.200542450
4,"map(alloc: a)",8192,32,132,1,3,11,0,11.146068573
4,"map(alloc: a)",8192,32,132,1,3,44,0,11.503696442
4,"map(alloc: a)",8192,32,132,1,3,472,0,14.507770538
4,"map(alloc: a)",8192,32,132,1,3,7,0,11.348724365
4,"map(alloc: a)",8192,32,132,1,3,1955,0,24.557113647
4,"map(alloc: a)",8192,32,132,1,3,71,0,11.897087097
4,"map(alloc: a)",8192,32,132,1,3,183,0,12.600421906
4,"map(alloc: a)",8192,32,132,1,3,8096,0,64.754486084
4,"map(alloc: a)",8192,32,132,1,3,3140,0,32.246112823
4,"map(alloc: a)",8192,32,132,1,4,472,0,14.650821686
4,"map(alloc: a)",8192,32,132,1,4,71,0,11.801719666
4,"map(alloc: a)",8192,32,132,1,4,1,0,11.301040649
4,"map(alloc: a)",8192,32,132,1,4,11,0,11.301040649
4,"map(alloc: a)",8192,32,132,1,4,4,0,11.599063873
4,"map(alloc: a)",8192,32,132,1,4,3140,0,32.293796539
4,"map(alloc: a)",8192,32,132,1,4,28,0,11.646747589
4,"map(alloc: a)",8192,32,132,1,4,1218,0,19.490718842
4,"map(alloc: a)",8192,32,132,1,4,2,0,11.146068573
4,"map(alloc: a)",8192,32,132,1,4,183,0,12.648105621
4,"map(alloc: a)",8192,32,132,1,4,5042,0,44.739246368
4,"map(alloc: a)",8192,32,132,1,4,114,0,12.004375458
4,"map(alloc: a)",8192,32,132,1,4,3,0,11.253356934
4,"map(alloc: a)",8192,32,132,1,4,44,0,11.456012726
4,"map(alloc: a)",8192,32,132,1,4,758,0,16.248226166
4,"map(alloc: a)",8192,32,132,1,4,8096,0,64.599514008
4,"map(alloc: a)",8192,32,132,1,4,1955,0,24.402141571
4,"map(alloc: a)",8192,32,132,1,4,294,0,13.291835785
4,"map(alloc: a)",8192,32,132,1,4,7,0,11.157989502
4,"map(alloc: a)",8192,32,132,1,4,17,0,11.301040649
4,"map(alloc: a)",16382,32,132,0,0,7,0,11.253356934
4,"map(alloc: a)",16382,32,132,0,0,114,0,12.052059174
4,"map(alloc: a)",16382,32,132,0,0,3,0,11.205673218
4,"map(alloc: a)",16382,32,132,0,0,17,0,11.205673218
4,"map(alloc: a)",16382,32,132,0,0,1,0,11.050701141
4,"map(alloc: a)",16382,32,132,0,0,44,0,11.301040649
4,"map(alloc: a)",16382,32,132,0,0,294,0,13.244152069
4,"map(alloc: a)",16382,32,132,0,0,3140,0,31.995773315
4,"map(alloc: a)",16382,32,132,0,0,4,0,11.301040649
4,"map(alloc: a)",16382,32,132,0,0,1955,0,24.104118347
4,"map(alloc: a)",16382,32,132,0,0,183,0,12.409687042
4,"map(alloc: a)",16382,32,132,0,0,8096,0,64.897537231
4,"map(alloc: a)",16382,32,132,0,0,758,0,16.248226166
4,"map(alloc: a)",16382,32,132,0,0,71,0,11.599063873
4,"map(alloc: a)",16382,32,132,0,0,2,0,11.098384857
4,"map(alloc: a)",16382,32,132,0,0,11,0,11.348724365
4,"map(alloc: a)",16382,32,132,0,0,28,0,11.193752289
4,"map(alloc: a)",16382,32,132,0,0,5042,0,44.596195221
4,"map(alloc: a)",16382,32,132,0,0,1218,0,19.395351410
4,"map(alloc: a)",16382,32,132,0,0,472,0,14.352798462
4,"map(alloc: a)",16382,32,132,0,1,4,0,11.658668518
4,"map(alloc: a)",16382,32,132,0,1,1,0,11.157989502
4,"map(alloc: a)",16382,32,132,0,1,17,0,11.348724365
4,"map(alloc: a)",16382,32,132,0,1,28,0,11.444091797
4,"map(alloc: a)",16382,32,132,0,1,11,0,11.551380157
4,"map(alloc: a)",16382,32,132,0,1,3140,0,32.448768616
4,"map(alloc: a)",16382,32,132,0,1,2,0,11.396408081
4,"map(alloc: a)",16382,32,132,0,1,758,0,16.498565674
4,"map(alloc: a)",16382,32,132,0,1,1218,0,19.550323486
4,"map(alloc: a)",16382,32,132,0,1,44,0,11.408329010
4,"map(alloc: a)",16382,32,132,0,1,71,0,11.742115021
4,"map(alloc: a)",16382,32,132,0,1,114,0,11.849403381
4,"map(alloc: a)",16382,32,132,0,1,294,0,13.351440430
4,"map(alloc: a)",16382,32,132,0,1,7,0,11.241436005
4,"map(alloc: a)",16382,32,132,0,1,183,0,12.302398682
4,"map(alloc: a)",16382,32,132,0,1,8096,0,65.100193024
4,"map(alloc: a)",16382,32,132,0,1,472,0,14.448165894
4,"map(alloc: a)",16382,32,132,0,1,1955,0,24.306774139
4,"map(alloc: a)",16382,32,132,0,1,3,0,11.193752289
4,"map(alloc: a)",16382,32,132,0,1,5042,0,44.703483582
4,"map(alloc: a)",16382,32,132,0,2,3,0,11.444091797
4,"map(alloc: a)",16382,32,132,0,2,44,0,11.348724365
4,"map(alloc: a)",16382,32,132,0,2,1,0,11.348724365
4,"map(alloc: a)",16382,32,132,0,2,183,0,12.552738190
4,"map(alloc: a)",16382,32,132,0,2,294,0,13.160705566
4,"map(alloc: a)",16382,32,132,0,2,5042,0,44.953823090
4,"map(alloc: a)",16382,32,132,0,2,7,0,11.348724365
4,"map(alloc: a)",16382,32,132,0,2,8096,0,64.790248871
4,"map(alloc: a)",16382,32,132,0,2,2,0,11.157989502
4,"map(alloc: a)",16382,32,132,0,2,114,0,12.099742889
4,"map(alloc: a)",16382,32,132,0,2,71,0,12.052059174
4,"map(alloc: a)",16382,32,132,0,2,1955,0,24.497509003
4,"map(alloc: a)",16382,32,132,0,2,17,0,11.348724365
4,"map(alloc: a)",16382,32,132,0,2,472,0,14.555454254
4,"map(alloc: a)",16382,32,132,0,2,11,0,11.456012726
4,"map(alloc: a)",16382,32,132,0,2,1218,0,19.645690918
4,"map(alloc: a)",16382,32,132,0,2,4,0,11.241436005
4,"map(alloc: a)",16382,32,132,0,2,3140,0,32.699108124
4,"map(alloc: a)",16382,32,132,0,2,758,0,16.403198242
4,"map(alloc: a)",16382,32,132,0,2,28,0,11.503696442
4,"map(alloc: a)",16382,32,132,0,3,11,0,11.491775513
4,"map(alloc: a)",16382,32,132,0,3,4,0,11.301040649
4,"map(alloc: a)",16382,32,132,0,3,5042,0,44.953823090
4,"map(alloc: a)",16382,32,132,0,3,183,0,12.552738190
4,"map(alloc: a)",16382,32,132,0,3,17,0,11.551380157
4,"map(alloc: a)",16382,32,132,0,3,3,0,11.396408081
4,"map(alloc: a)",16382,32,132,0,3,28,0,11.444091797
4,"map(alloc: a)",16382,32,132,0,3,1218,0,19.454956055
4,"map(alloc: a)",16382,32,132,0,3,114,0,12.254714966
4,"map(alloc: a)",16382,32,132,0,3,758,0,16.295909882
4,"map(alloc: a)",16382,32,132,0,3,1955,0,24.354457855
4,"map(alloc: a)",16382,32,132,0,3,472,0,14.400482178
4,"map(alloc: a)",16382,32,132,0,3,7,0,11.205673218
4,"map(alloc: a)",16382,32,132,0,3,44,0,11.205673218
4,"map(alloc: a)",16382,32,132,0,3,3140,0,32.210350037
4,"map(alloc: a)",16382,32,132,0,3,8096,0,64.992904663
4,"map(alloc: a)",16382,32,132,0,3,71,0,11.694431305
4,"map(alloc: a)",16382,32,132,0,3,1,0,11.301040649
4,"map(alloc: a)",16382,32,132,0,3,2,0,11.146068573
4,"map(alloc: a)",16382,32,132,0,3,294,0,13.053417206
4,"map(alloc: a)",16382,32,132,0,4,3,0,11.157989502
4,"map(alloc: a)",16382,32,132,0,4,8096,0,65.004825592
4,"map(alloc: a)",16382,32,132,0,4,1,0,11.098384857
4,"map(alloc: a)",16382,32,132,0,4,28,0,11.551380157
4,"map(alloc: a)",16382,32,132,0,4,17,0,11.456012726
4,"map(alloc: a)",16382,32,132,0,4,5042,0,44.596195221
4,"map(alloc: a)",16382,32,132,0,4,7,0,11.157989502
4,"map(alloc: a)",16382,32,132,0,4,114,0,11.897087097
4,"map(alloc: a)",16382,32,132,0,4,44,0,11.253356934
4,"map(alloc: a)",16382,32,132,0,4,2,0,11.098384857
4,"map(alloc: a)",16382,32,132,0,4,294,0,13.196468353
4,"map(alloc: a)",16382,32,132,0,4,758,0,16.391277313
4,"map(alloc: a)",16382,32,132,0,4,183,0,12.350082397
4,"map(alloc: a)",16382,32,132,0,4,4,0,11.098384857
4,"map(alloc: a)",16382,32,132,0,4,1218,0,19.502639771
4,"map(alloc: a)",16382,32,132,0,4,71,0,11.599063873
4,"map(alloc: a)",16382,32,132,0,4,1955,0,24.354457855
4,"map(alloc: a)",16382,32,132,0,4,11,0,11.301040649
4,"map(alloc: a)",16382,32,132,0,4,472,0,14.305114746
4,"map(alloc: a)",16382,32,132,0,4,3140,0,32.150745392
4,"map(alloc: a)",16382,32,132,1,0,2,0,11.003017426
4,"map(alloc: a)",16382,32,132,1,0,4,0,11.146068573
4,"map(alloc: a)",16382,32,132,1,0,472,0,14.090538025
4,"map(alloc: a)",16382,32,132,1,0,3140,0,32.246112823
4,"map(alloc: a)",16382,32,132,1,0,183,0,12.254714966
4,"map(alloc: a)",16382,32,132,1,0,28,0,11.301040649
4,"map(alloc: a)",16382,32,132,1,0,71,0,11.992454529
4,"map(alloc: a)",16382,32,132,1,0,1218,0,19.347667694
4,"map(alloc: a)",16382,32,132,1,0,294,0,13.196468353
4,"map(alloc: a)",16382,32,132,1,0,1,0,11.396408081
4,"map(alloc: a)",16382,32,132,1,0,7,0,11.193752289
4,"map(alloc: a)",16382,32,132,1,0,1955,0,24.354457855
4,"map(alloc: a)",16382,32,132,1,0,758,0,16.391277313
4,"map(alloc: a)",16382,32,132,1,0,114,0,12.052059174
4,"map(alloc: a)",16382,32,132,1,0,11,0,11.348724365
4,"map(alloc: a)",16382,32,132,1,0,3,0,11.193752289
4,"map(alloc: a)",16382,32,132,1,0,8096,0,64.802169800
4,"map(alloc: a)",16382,32,132,1,0,44,0,11.646747589
4,"map(alloc: a)",16382,32,132,1,0,17,0,11.456012726
4,"map(alloc: a)",16382,32,132,1,0,5042,0,44.798851013
4,"map(alloc: a)",16382,32,132,1,1,758,0,16.391277313
4,"map(alloc: a)",16382,32,132,1,1,3,0,11.301040649
4,"map(alloc: a)",16382,32,132,1,1,3140,0,32.544136047
4,"map(alloc: a)",16382,32,132,1,1,1955,0,24.592876434
4,"map(alloc: a)",16382,32,132,1,1,44,0,11.646747589
4,"map(alloc: a)",16382,32,132,1,1,17,0,11.646747589
4,"map(alloc: a)",16382,32,132,1,1,294,0,13.399124146
4,"map(alloc: a)",16382,32,132,1,1,28,0,11.694431305
4,"map(alloc: a)",16382,32,132,1,1,114,0,12.099742889
4,"map(alloc: a)",16382,32,132,1,1,2,0,11.241436005
4,"map(alloc: a)",16382,32,132,1,1,7,0,11.551380157
4,"map(alloc: a)",16382,32,132,1,1,183,0,12.493133545
4,"map(alloc: a)",16382,32,132,1,1,8096,0,64.742565155
4,"map(alloc: a)",16382,32,132,1,1,11,0,11.408329010
4,"map(alloc: a)",16382,32,132,1,1,1,0,11.157989502
4,"map(alloc: a)",16382,32,132,1,1,1218,0,19.395351410
4,"map(alloc: a)",16382,32,132,1,1,472,0,14.150142670
4,"map(alloc: a)",16382,32,132,1,1,71,0,11.754035950
4,"map(alloc: a)",16382,32,132,1,1,5042,0,44.751167297
4,"map(alloc: a)",16382,32,132,1,1,4,0,11.205673218
4,"map(alloc: a)",16382,32,132,1,2,2,0,11.503696442
4,"map(alloc: a)",16382,32,132,1,2,71,0,11.646747589
4,"map(alloc: a)",16382,32,132,1,2,17,0,11.503696442
4,"map(alloc: a)",16382,32,132,1,2,472,0,14.543533325
4,"map(alloc: a)",16382,32,132,1,2,5042,0,44.953823090
4,"map(alloc: a)",16382,32,132,1,2,28,0,11.599063873
4,"map(alloc: a)",16382,32,132,1,2,44,0,11.849403381
4,"map(alloc: a)",16382,32,132,1,2,1218,0,19.395351410
4,"map(alloc: a)",16382,32,132,1,2,4,0,11.241436005
4,"map(alloc: a)",16382,32,132,1,2,1955,0,24.402141571
4,"map(alloc: a)",16382,32,132,1,2,183,0,12.540817261
4,"map(alloc: a)",16382,32,132,1,2,7,0,11.396408081
4,"map(alloc: a)",16382,32,132,1,2,758,0,16.558170319
4,"map(alloc: a)",16382,32,132,1,2,1,0,11.253356934
4,"map(alloc: a)",16382,32,132,1,2,3140,0,32.246112823
4,"map(alloc: a)",16382,32,132,1,2,8096,0,64.945220947
4,"map(alloc: a)",16382,32,132,1,2,3,0,11.348724365
4,"map(alloc: a)",16382,32,132,1,2,114,0,12.147426605
4,"map(alloc: a)",16382,32,132,1,2,11,0,11.348724365
4,"map(alloc: a)",16382,32,132,1,2,294,0,13.244152069
4,"map(alloc: a)",16382,32,132,1,3,1,0,11.289119720
4,"map(alloc: a)",16382,32,132,1,3,17,0,11.503696442
4,"map(alloc: a)",16382,32,132,1,3,294,0,13.101100922
4,"map(alloc: a)",16382,32,132,1,3,5042,0,45.108795166
4,"map(alloc: a)",16382,32,132,1,3,114,0,12.052059174
4,"map(alloc: a)",16382,32,132,1,3,28,0,11.444091797
4,"map(alloc: a)",16382,32,132,1,3,1218,0,19.550323486
4,"map(alloc: a)",16382,32,132,1,3,2,0,11.301040649
4,"map(alloc: a)",16382,32,132,1,3,3,0,11.301040649
4,"map(alloc: a)",16382,32,132,1,3,4,0,11.396408081
4,"map(alloc: a)",16382,32,132,1,3,758,0,16.701221466
4,"map(alloc: a)",16382,32,132,1,3,11,0,11.396408081
4,"map(alloc: a)",16382,32,132,1,3,44,0,11.301040649
4,"map(alloc: a)",16382,32,132,1,3,472,0,14.650821686
4,"map(alloc: a)",16382,32,132,1,3,7,0,11.348724365
4,"map(alloc: a)",16382,32,132,1,3,1955,0,24.557113647
4,"map(alloc: a)",16382,32,132,1,3,71,0,11.742115021
4,"map(alloc: a)",16382,32,132,1,3,183,0,12.695789337
4,"map(alloc: a)",16382,32,132,1,3,8096,0,64.754486084
4,"map(alloc: a)",16382,32,132,1,3,3140,0,32.544136047
4,"map(alloc: a)",16382,32,132,1,4,472,0,14.460086823
4,"map(alloc: a)",16382,32,132,1,4,71,0,11.897087097
4,"map(alloc: a)",16382,32,132,1,4,1,0,11.253356934
4,"map(alloc: a)",16382,32,132,1,4,11,0,11.491775513
4,"map(alloc: a)",16382,32,132,1,4,4,0,11.348724365
4,"map(alloc: a)",16382,32,132,1,4,3140,0,32.305717468
4,"map(alloc: a)",16382,32,132,1,4,28,0,11.599063873
4,"map(alloc: a)",16382,32,132,1,4,1218,0,19.395351410
4,"map(alloc: a)",16382,32,132,1,4,2,0,11.348724365
4,"map(alloc: a)",16382,32,132,1,4,183,0,12.660026550
4,"map(alloc: a)",16382,32,132,1,4,5042,0,44.846534729
4,"map(alloc: a)",16382,32,132,1,4,114,0,12.004375458
4,"map(alloc: a)",16382,32,132,1,4,3,0,11.301040649
4,"map(alloc: a)",16382,32,132,1,4,44,0,11.503696442
4,"map(alloc: a)",16382,32,132,1,4,758,0,16.343593597
4,"map(alloc: a)",16382,32,132,1,4,8096,0,64.706802368
4,"map(alloc: a)",16382,32,132,1,4,1955,0,24.902820587
4,"map(alloc: a)",16382,32,132,1,4,294,0,13.148784637
4,"map(alloc: a)",16382,32,132,1,4,7,0,11.396408081
4,"map(alloc: a)",16382,32,132,1,4,17,0,11.491775513
4,"map(alloc: a)",32768,32,132,0,0,7,0,11.360645294
4,"map(alloc: a)",32768,32,132,0,0,114,0,11.956691742
4,"map(alloc: a)",32768,32,132,0,0,3,0,11.098384857
4,"map(alloc: a)",32768,32,132,0,0,17,0,11.503696442
4,"map(alloc: a)",32768,32,132,0,0,1,0,11.193752289
4,"map(alloc: a)",32768,32,132,0,0,44,0,11.551380157
4,"map(alloc: a)",32768,32,132,0,0,294,0,13.148784637
4,"map(alloc: a)",32768,32,132,0,0,3140,0,32.460689545
4,"map(alloc: a)",32768,32,132,0,0,4,0,11.396408081
4,"map(alloc: a)",32768,32,132,0,0,1955,0,24.449825287
4,"map(alloc: a)",32768,32,132,0,0,183,0,12.552738190
4,"map(alloc: a)",32768,32,132,0,0,8096,0,65.100193024
4,"map(alloc: a)",32768,32,132,0,0,758,0,16.593933105
4,"map(alloc: a)",32768,32,132,0,0,71,0,11.897087097
4,"map(alloc: a)",32768,32,132,0,0,2,0,11.301040649
4,"map(alloc: a)",32768,32,132,0,0,11,0,11.289119720
4,"map(alloc: a)",32768,32,132,0,0,28,0,11.551380157
4,"map(alloc: a)",32768,32,132,0,0,5042,0,44.608116150
4,"map(alloc: a)",32768,32,132,0,0,1218,0,19.395351410
4,"map(alloc: a)",32768,32,132,0,0,472,0,14.448165894
4,"map(alloc: a)",32768,32,132,0,1,4,0,11.491775513
4,"map(alloc: a)",32768,32,132,0,1,1,0,11.301040649
4,"map(alloc: a)",32768,32,132,0,1,17,0,11.503696442
4,"map(alloc: a)",32768,32,132,0,1,28,0,11.551380157
4,"map(alloc: a)",32768,32,132,0,1,11,0,11.551380157
4,"map(alloc: a)",32768,32,132,0,1,3140,0,32.389163971
4,"map(alloc: a)",32768,32,132,0,1,2,0,11.205673218
4,"map(alloc: a)",32768,32,132,0,1,758,0,16.307830811
4,"map(alloc: a)",32768,32,132,0,1,1218,0,19.705295563
4,"map(alloc: a)",32768,32,132,0,1,44,0,11.599063873
4,"map(alloc: a)",32768,32,132,0,1,71,0,11.897087097
4,"map(alloc: a)",32768,32,132,0,1,114,0,12.147426605
4,"map(alloc: a)",32768,32,132,0,1,294,0,13.244152069
4,"map(alloc: a)",32768,32,132,0,1,7,0,11.551380157
4,"map(alloc: a)",32768,32,132,0,1,183,0,12.660026550
4,"map(alloc: a)",32768,32,132,0,1,8096,0,64.897537231
4,"map(alloc: a)",32768,32,132,0,1,472,0,14.400482178
4,"map(alloc: a)",32768,32,132,0,1,1955,0,24.306774139
4,"map(alloc: a)",32768,32,132,0,1,3,0,11.396408081
4,"map(alloc: a)",32768,32,132,0,1,5042,0,44.751167297
4,"map(alloc: a)",32768,32,132,0,2,3,0,11.348724365
4,"map(alloc: a)",32768,32,132,0,2,44,0,11.694431305
4,"map(alloc: a)",32768,32,132,0,2,1,0,11.193752289
4,"map(alloc: a)",32768,32,132,0,2,183,0,12.445449829
4,"map(alloc: a)",32768,32,132,0,2,294,0,13.208389282
4,"map(alloc: a)",32768,32,132,0,2,5042,0,45.001506805
4,"map(alloc: a)",32768,32,132,0,2,7,0,11.444091797
4,"map(alloc: a)",32768,32,132,0,2,8096,0,64.849853516
4,"map(alloc: a)",32768,32,132,0,2,2,0,11.456012726
4,"map(alloc: a)",32768,32,132,0,2,114,0,12.052059174
4,"map(alloc: a)",32768,32,132,0,2,71,0,11.789798737
4,"map(alloc: a)",32768,32,132,0,2,1955,0,24.557113647
4,"map(alloc: a)",32768,32,132,0,2,17,0,11.456012726
4,"map(alloc: a)",32768,32,132,0,2,472,0,14.507770538
4,"map(alloc: a)",32768,32,132,0,2,11,0,11.289119720
4,"map(alloc: a)",32768,32,132,0,2,1218,0,19.395351410
4,"map(alloc: a)",32768,32,132,0,2,4,0,11.348724365
4,"map(alloc: a)",32768,32,132,0,2,3140,0,32.353401184
4,"map(alloc: a)",32768,32,132,0,2,758,0,16.295909882
4,"map(alloc: a)",32768,32,132,0,2,28,0,11.503696442
4,"map(alloc: a)",32768,32,132,0,3,11,0,11.503696442
4,"map(alloc: a)",32768,32,132,0,3,4,0,11.348724365
4,"map(alloc: a)",32768,32,132,0,3,5042,0,44.798851013
4,"map(alloc: a)",32768,32,132,0,3,183,0,12.552738190
4,"map(alloc: a)",32768,32,132,0,3,17,0,11.503696442
4,"map(alloc: a)",32768,32,132,0,3,3,0,11.348724365
4,"map(alloc: a)",32768,32,132,0,3,28,0,11.706352234
4,"map(alloc: a)",32768,32,132,0,3,1218,0,19.502639771
4,"map(alloc: a)",32768,32,132,0,3,114,0,12.195110321
4,"map(alloc: a)",32768,32,132,0,3,758,0,16.200542450
4,"map(alloc: a)",32768,32,132,0,3,1955,0,24.402141571
4,"map(alloc: a)",32768,32,132,0,3,472,0,14.448165894
4,"map(alloc: a)",32768,32,132,0,3,7,0,11.408329010
4,"map(alloc: a)",32768,32,132,0,3,44,0,11.503696442
4,"map(alloc: a)",32768,32,132,0,3,3140,0,32.591819763
4,"map(alloc: a)",32768,32,132,0,3,8096,0,65.052509308
4,"map(alloc: a)",32768,32,132,0,3,71,0,11.861324310
4,"map(alloc: a)",32768,32,132,0,3,1,0,11.253356934
4,"map(alloc: a)",32768,32,132,0,3,2,0,11.348724365
4,"map(alloc: a)",32768,32,132,0,3,294,0,13.303756714
4,"map(alloc: a)",32768,32,132,0,4,3,0,11.253356934
4,"map(alloc: a)",32768,32,132,0,4,8096,0,64.849853516
4,"map(alloc: a)",32768,32,132,0,4,1,0,11.157989502
4,"map(alloc: a)",32768,32,132,0,4,28,0,11.944770813
4,"map(alloc: a)",32768,32,132,0,4,17,0,11.503696442
4,"map(alloc: a)",32768,32,132,0,4,5042,0,44.858455658
4,"map(alloc: a)",32768,32,132,0,4,7,0,11.396408081
4,"map(alloc: a)",32768,32,132,0,4,114,0,12.290477753
4,"map(alloc: a)",32768,32,132,0,4,44,0,11.599063873
4,"map(alloc: a)",32768,32,132,0,4,2,0,11.646747589
4,"map(alloc: a)",32768,32,132,0,4,294,0,13.244152069
4,"map(alloc: a)",32768,32,132,0,4,758,0,16.248226166
4,"map(alloc: a)",32768,32,132,0,4,183,0,12.648105621
4,"map(alloc: a)",32768,32,132,0,4,4,0,11.348724365
4,"map(alloc: a)",32768,32,132,0,4,1218,0,19.347667694
4,"map(alloc: a)",32768,32,132,0,4,71,0,11.789798737
4,"map(alloc: a)",32768,32,132,0,4,1955,0,24.557113647
4,"map(alloc: a)",32768,32,132,0,4,11,0,11.456012726
4,"map(alloc: a)",32768,32,132,0,4,472,0,14.400482178
4,"map(alloc: a)",32768,32,132,0,4,3140,0,32.448768616
4,"map(alloc: a)",32768,32,132,1,0,2,0,11.348724365
4,"map(alloc: a)",32768,32,132,1,0,4,0,11.360645294
4,"map(alloc: a)",32768,32,132,1,0,472,0,14.293193817
4,"map(alloc: a)",32768,32,132,1,0,3140,0,32.305717468
4,"map(alloc: a)",32768,32,132,1,0,183,0,12.505054474
4,"map(alloc: a)",32768,32,132,1,0,28,0,11.408329010
4,"map(alloc: a)",32768,32,132,1,0,71,0,11.849403381
4,"map(alloc: a)",32768,32,132,1,0,1218,0,19.347667694
4,"map(alloc: a)",32768,32,132,1,0,294,0,13.399124146
4,"map(alloc: a)",32768,32,132,1,0,1,0,11.098384857
4,"map(alloc: a)",32768,32,132,1,0,7,0,11.503696442
4,"map(alloc: a)",32768,32,132,1,0,1955,0,24.497509003
4,"map(alloc: a)",32768,32,132,1,0,758,0,16.438961029
4,"map(alloc: a)",32768,32,132,1,0,114,0,12.147426605
4,"map(alloc: a)",32768,32,132,1,0,11,0,11.348724365
4,"map(alloc: a)",32768,32,132,1,0,3,0,11.301040649
4,"map(alloc: a)",32768,32,132,1,0,8096,0,65.052509308
4,"map(alloc: a)",32768,32,132,1,0,44,0,11.599063873
4,"map(alloc: a)",32768,32,132,1,0,17,0,11.503696442
4,"map(alloc: a)",32768,32,132,1,0,5042,0,44.596195221
4,"map(alloc: a)",32768,32,132,1,1,758,0,16.701221466
4,"map(alloc: a)",32768,32,132,1,1,3,0,11.253356934
4,"map(alloc: a)",32768,32,132,1,1,3140,0,32.448768616
4,"map(alloc: a)",32768,32,132,1,1,1955,0,24.652481079
4,"map(alloc: a)",32768,32,132,1,1,44,0,11.551380157
4,"map(alloc: a)",32768,32,132,1,1,17,0,11.503696442
4,"map(alloc: a)",32768,32,132,1,1,294,0,13.303756714
4,"map(alloc: a)",32768,32,132,1,1,28,0,11.706352234
4,"map(alloc: a)",32768,32,132,1,1,114,0,12.040138245
4,"map(alloc: a)",32768,32,132,1,1,2,0,11.253356934
4,"map(alloc: a)",32768,32,132,1,1,7,0,11.348724365
4,"map(alloc: a)",32768,32,132,1,1,183,0,12.600421906
4,"map(alloc: a)",32768,32,132,1,1,8096,0,64.694881439
4,"map(alloc: a)",32768,32,132,1,1,11,0,11.599063873
4,"map(alloc: a)",32768,32,132,1,1,1,0,11.348724365
4,"map(alloc: a)",32768,32,132,1,1,1218,0,19.538402557
4,"map(alloc: a)",32768,32,132,1,1,472,0,14.507770538
4,"map(alloc: a)",32768,32,132,1,1,71,0,12.004375458
4,"map(alloc: a)",32768,32,132,1,1,5042,0,44.643878937
4,"map(alloc: a)",32768,32,132,1,1,4,0,11.253356934
4,"map(alloc: a)",32768,32,132,1,2,2,0,11.456012726
4,"map(alloc: a)",32768,32,132,1,2,71,0,11.742115021
4,"map(alloc: a)",32768,32,132,1,2,17,0,11.396408081
4,"map(alloc: a)",32768,32,132,1,2,472,0,14.400482178
4,"map(alloc: a)",32768,32,132,1,2,5042,0,44.906139374
4,"map(alloc: a)",32768,32,132,1,2,28,0,11.551380157
4,"map(alloc: a)",32768,32,132,1,2,44,0,11.599063873
4,"map(alloc: a)",32768,32,132,1,2,1218,0,19.693374634
4,"map(alloc: a)",32768,32,132,1,2,4,0,11.253356934
4,"map(alloc: a)",32768,32,132,1,2,1955,0,24.354457855
4,"map(alloc: a)",32768,32,132,1,2,183,0,12.600421906
4,"map(alloc: a)",32768,32,132,1,2,7,0,11.456012726
4,"map(alloc: a)",32768,32,132,1,2,758,0,16.260147095
4,"map(alloc: a)",32768,32,132,1,2,1,0,11.241436005
4,"map(alloc: a)",32768,32,132,1,2,3140,0,32.603740692
4,"map(alloc: a)",32768,32,132,1,2,8096,0,64.802169800
4,"map(alloc: a)",32768,32,132,1,2,3,0,11.551380157
4,"map(alloc: a)",32768,32,132,1,2,114,0,12.052059174
4,"map(alloc: a)",32768,32,132,1,2,11,0,11.253356934
4,"map(alloc: a)",32768,32,132,1,2,294,0,13.196468353
4,"map(alloc: a)",32768,32,132,1,3,1,0,11.301040649
4,"map(alloc: a)",32768,32,132,1,3,17,0,11.348724365
4,"map(alloc: a)",32768,32,132,1,3,294,0,13.399124146
4,"map(alloc: a)",32768,32,132,1,3,5042,0,44.846534729
4,"map(alloc: a)",32768,32,132,1,3,114,0,12.052059174
4,"map(alloc: a)",32768,32,132,1,3,28,0,11.444091797
4,"map(alloc: a)",32768,32,132,1,3,1218,0,19.347667694
4,"map(alloc: a)",32768,32,132,1,3,2,0,11.396408081
4,"map(alloc: a)",32768,32,132,1,3,3,0,11.301040649
4,"map(alloc: a)",32768,32,132,1,3,4,0,11.408329010
4,"map(alloc: a)",32768,32,132,1,3,758,0,16.593933105
4,"map(alloc: a)",32768,32,132,1,3,11,0,11.408329010
4,"map(alloc: a)",32768,32,132,1,3,44,0,11.658668518
4,"map(alloc: a)",32768,32,132,1,3,472,0,14.352798462
4,"map(alloc: a)",32768,32,132,1,3,7,0,11.396408081
4,"map(alloc: a)",32768,32,132,1,3,1955,0,24.294853210
4,"map(alloc: a)",32768,32,132,1,3,71,0,11.849403381
4,"map(alloc: a)",32768,32,132,1,3,183,0,12.457370758
4,"map(alloc: a)",32768,32,132,1,3,8096,0,64.694881439
4,"map(alloc: a)",32768,32,132,1,3,3140,0,32.150745392
4,"map(alloc: a)",32768,32,132,1,4,472,0,14.448165894
4,"map(alloc: a)",32768,32,132,1,4,71,0,11.754035950
4,"map(alloc: a)",32768,32,132,1,4,1,0,11.253356934
4,"map(alloc: a)",32768,32,132,1,4,11,0,11.503696442
4,"map(alloc: a)",32768,32,132,1,4,4,0,11.396408081
4,"map(alloc: a)",32768,32,132,1,4,3140,0,32.496452332
4,"map(alloc: a)",32768,32,132,1,4,28,0,11.396408081
4,"map(alloc: a)",32768,32,132,1,4,1218,0,19.598007202
4,"map(alloc: a)",32768,32,132,1,4,2,0,11.193752289
4,"map(alloc: a)",32768,32,132,1,4,183,0,12.898445129
4,"map(alloc: a)",32768,32,132,1,4,5042,0,44.846534729
4,"map(alloc: a)",32768,32,132,1,4,114,0,12.099742889
4,"map(alloc: a)",32768,32,132,1,4,3,0,11.444091797
4,"map(alloc: a)",32768,32,132,1,4,44,0,11.503696442
4,"map(alloc: a)",32768,32,132,1,4,758,0,16.248226166
4,"map(alloc: a)",32768,32,132,1,4,8096,0,64.849853516
4,"map(alloc: a)",32768,32,132,1,4,1955,0,24.592876434
4,"map(alloc: a)",32768,32,132,1,4,294,0,13.589859009
4,"map(alloc: a)",32768,32,132,1,4,7,0,11.301040649
4,"map(alloc: a)",32768,32,132,1,4,17,0,11.301040649
4,"map(alloc: a)",65536,32,132,0,0,7,0,11.444091797
4,"map(alloc: a)",65536,32,132,0,0,114,0,12.099742889
4,"map(alloc: a)",65536,32,132,0,0,3,0,11.253356934
4,"map(alloc: a)",65536,32,132,0,0,17,0,11.444091797
4,"map(alloc: a)",65536,32,132,0,0,1,0,11.193752289
4,"map(alloc: a)",65536,32,132,0,0,44,0,11.646747589
4,"map(alloc: a)",65536,32,132,0,0,294,0,13.399124146
4,"map(alloc: a)",65536,32,132,0,0,3140,0,32.293796539
4,"map(alloc: a)",65536,32,132,0,0,4,0,11.396408081
4,"map(alloc: a)",65536,32,132,0,0,1955,0,24.497509003
4,"map(alloc: a)",65536,32,132,0,0,183,0,12.493133545
4,"map(alloc: a)",65536,32,132,0,0,8096,0,65.159797668
4,"map(alloc: a)",65536,32,132,0,0,758,0,16.546249390
4,"map(alloc: a)",65536,32,132,0,0,71,0,11.849403381
4,"map(alloc: a)",65536,32,132,0,0,2,0,11.157989502
4,"map(alloc: a)",65536,32,132,0,0,11,0,11.408329010
4,"map(alloc: a)",65536,32,132,0,0,28,0,11.157989502
4,"map(alloc: a)",65536,32,132,0,0,5042,0,44.500827789
4,"map(alloc: a)",65536,32,132,0,0,1218,0,19.299983978
4,"map(alloc: a)",65536,32,132,0,0,472,0,14.352798462
4,"map(alloc: a)",65536,32,132,0,1,4,0,11.289119720
4,"map(alloc: a)",65536,32,132,0,1,1,0,11.157989502
4,"map(alloc: a)",65536,32,132,0,1,17,0,11.503696442
4,"map(alloc: a)",65536,32,132,0,1,28,0,11.551380157
4,"map(alloc: a)",65536,32,132,0,1,11,0,11.444091797
4,"map(alloc: a)",65536,32,132,0,1,3140,0,32.401084900
4,"map(alloc: a)",65536,32,132,0,1,2,0,11.193752289
4,"map(alloc: a)",65536,32,132,0,1,758,0,16.248226166
4,"map(alloc: a)",65536,32,132,0,1,1218,0,19.359588623
4,"map(alloc: a)",65536,32,132,0,1,44,0,11.456012726
4,"map(alloc: a)",65536,32,132,0,1,71,0,12.004375458
4,"map(alloc: a)",65536,32,132,0,1,114,0,12.004375458
4,"map(alloc: a)",65536,32,132,0,1,294,0,13.697147369
4,"map(alloc: a)",65536,32,132,0,1,7,0,11.396408081
4,"map(alloc: a)",65536,32,132,0,1,183,0,12.648105621
4,"map(alloc: a)",65536,32,132,0,1,8096,0,64.897537231
4,"map(alloc: a)",65536,32,132,0,1,472,0,14.305114746
4,"map(alloc: a)",65536,32,132,0,1,1955,0,24.545192719
4,"map(alloc: a)",65536,32,132,0,1,3,0,11.301040649
4,"map(alloc: a)",65536,32,132,0,1,5042,0,45.049190521
4,"map(alloc: a)",65536,32,132,0,2,3,0,11.205673218
4,"map(alloc: a)",65536,32,132,0,2,44,0,11.551380157
4,"map(alloc: a)",65536,32,132,0,2,1,0,11.301040649
4,"map(alloc: a)",65536,32,132,0,2,183,0,12.493133545
4,"map(alloc: a)",65536,32,132,0,2,294,0,13.244152069
4,"map(alloc: a)",65536,32,132,0,2,5042,0,44.906139374
4,"map(alloc: a)",65536,32,132,0,2,7,0,11.551380157
4,"map(alloc: a)",65536,32,132,0,2,8096,0,64.897537231
4,"map(alloc: a)",65536,32,132,0,2,2,0,11.456012726
4,"map(alloc: a)",65536,32,132,0,2,114,0,12.052059174
4,"map(alloc: a)",65536,32,132,0,2,71,0,12.147426605
4,"map(alloc: a)",65536,32,132,0,2,1955,0,24.449825287
4,"map(alloc: a)",65536,32,132,0,2,17,0,11.253356934
4,"map(alloc: a)",65536,32,132,0,2,472,0,14.543533325
4,"map(alloc: a)",65536,32,132,0,2,11,0,11.408329010
4,"map(alloc: a)",65536,32,132,0,2,1218,0,19.598007202
4,"map(alloc: a)",65536,32,132,0,2,4,0,11.301040649
4,"map(alloc: a)",65536,32,132,0,2,3140,0,32.460689545
4,"map(alloc: a)",65536,32,132,0,2,758,0,16.546249390
4,"map(alloc: a)",65536,32,132,0,2,28,0,11.408329010
4,"map(alloc: a)",65536,32,132,0,3,11,0,11.408329010
4,"map(alloc: a)",65536,32,132,0,3,4,0,11.396408081
4,"map(alloc: a)",65536,32,132,0,3,5042,0,44.846534729
4,"map(alloc: a)",65536,32,132,0,3,183,0,12.648105621
4,"map(alloc: a)",65536,32,132,0,3,17,0,11.456012726
4,"map(alloc: a)",65536,32,132,0,3,3,0,11.193752289
4,"map(alloc: a)",65536,32,132,0,3,28,0,11.646747589
4,"map(alloc: a)",65536,32,132,0,3,1218,0,19.550323486
4,"map(alloc: a)",65536,32,132,0,3,114,0,12.099742889
4,"map(alloc: a)",65536,32,132,0,3,758,0,16.450881958
4,"map(alloc: a)",65536,32,132,0,3,1955,0,24.950504303
4,"map(alloc: a)",65536,32,132,0,3,472,0,14.448165894
4,"map(alloc: a)",65536,32,132,0,3,7,0,11.551380157
4,"map(alloc: a)",65536,32,132,0,3,44,0,11.408329010
4,"map(alloc: a)",65536,32,132,0,3,3140,0,32.305717468
4,"map(alloc: a)",65536,32,132,0,3,8096,0,64.909458160
4,"map(alloc: a)",65536,32,132,0,3,71,0,11.897087097
4,"map(alloc: a)",65536,32,132,0,3,1,0,11.146068573
4,"map(alloc: a)",65536,32,132,0,3,2,0,11.301040649
4,"map(alloc: a)",65536,32,132,0,3,294,0,13.101100922
4,"map(alloc: a)",65536,32,132,0,4,3,0,11.193752289
4,"map(alloc: a)",65536,32,132,0,4,8096,0,64.599514008
4,"map(alloc: a)",65536,32,132,0,4,1,0,11.301040649
4,"map(alloc: a)",65536,32,132,0,4,28,0,11.456012726
4,"map(alloc: a)",65536,32,132,0,4,17,0,11.456012726
4,"map(alloc: a)",65536,32,132,0,4,5042,0,44.846534729
4,"map(alloc: a)",65536,32,132,0,4,7,0,11.456012726
4,"map(alloc: a)",65536,32,132,0,4,114,0,12.254714966
4,"map(alloc: a)",65536,32,132,0,4,44,0,11.551380157
4,"map(alloc: a)",65536,32,132,0,4,2,0,11.301040649
4,"map(alloc: a)",65536,32,132,0,4,294,0,13.303756714
4,"map(alloc: a)",65536,32,132,0,4,758,0,16.498565674
4,"map(alloc: a)",65536,32,132,0,4,183,0,12.493133545
4,"map(alloc: a)",65536,32,132,0,4,4,0,11.396408081
4,"map(alloc: a)",65536,32,132,0,4,1218,0,19.502639771
4,"map(alloc: a)",65536,32,132,0,4,71,0,11.909008026
4,"map(alloc: a)",65536,32,132,0,4,1955,0,24.807453156
4,"map(alloc: a)",65536,32,132,0,4,11,0,11.599063873
4,"map(alloc: a)",65536,32,132,0,4,472,0,14.305114746
4,"map(alloc: a)",65536,32,132,0,4,3140,0,32.353401184
4,"map(alloc: a)",65536,32,132,1,0,2,0,11.146068573
4,"map(alloc: a)",65536,32,132,1,0,4,0,11.396408081
4,"map(alloc: a)",65536,32,132,1,0,472,0,14.245510101
4,"map(alloc: a)",65536,32,132,1,0,3140,0,32.305717468
4,"map(alloc: a)",65536,32,132,1,0,183,0,12.552738190
4,"map(alloc: a)",65536,32,132,1,0,28,0,11.456012726
4,"map(alloc: a)",65536,32,132,1,0,71,0,11.801719666
4,"map(alloc: a)",65536,32,132,1,0,1218,0,19.598007202
4,"map(alloc: a)",65536,32,132,1,0,294,0,13.244152069
4,"map(alloc: a)",65536,32,132,1,0,1,0,11.146068573
4,"map(alloc: a)",65536,32,132,1,0,7,0,11.396408081
4,"map(alloc: a)",65536,32,132,1,0,1955,0,24.497509003
4,"map(alloc: a)",65536,32,132,1,0,758,0,16.391277313
4,"map(alloc: a)",65536,32,132,1,0,114,0,11.992454529
4,"map(alloc: a)",65536,32,132,1,0,11,0,11.348724365
4,"map(alloc: a)",65536,32,132,1,0,3,0,11.146068573
4,"map(alloc: a)",65536,32,132,1,0,8096,0,65.052509308
4,"map(alloc: a)",65536,32,132,1,0,44,0,11.539459229
4,"map(alloc: a)",65536,32,132,1,0,17,0,11.396408081
4,"map(alloc: a)",65536,32,132,1,0,5042,0,44.703483582
4,"map(alloc: a)",65536,32,132,1,1,758,0,16.343593597
4,"map(alloc: a)",65536,32,132,1,1,3,0,11.396408081
4,"map(alloc: a)",65536,32,132,1,1,3140,0,32.341480255
4,"map(alloc: a)",65536,32,132,1,1,1955,0,24.747848511
4,"map(alloc: a)",65536,32,132,1,1,44,0,11.551380157
4,"map(alloc: a)",65536,32,132,1,1,17,0,11.503696442
4,"map(alloc: a)",65536,32,132,1,1,294,0,13.244152069
4,"map(alloc: a)",65536,32,132,1,1,28,0,11.444091797
4,"map(alloc: a)",65536,32,132,1,1,114,0,11.992454529
4,"map(alloc: a)",65536,32,132,1,1,2,0,11.146068573
4,"map(alloc: a)",65536,32,132,1,1,7,0,11.348724365
4,"map(alloc: a)",65536,32,132,1,1,183,0,12.552738190
4,"map(alloc: a)",65536,32,132,1,1,8096,0,65.100193024
4,"map(alloc: a)",65536,32,132,1,1,11,0,11.193752289
4,"map(alloc: a)",65536,32,132,1,1,1,0,11.146068573
4,"map(alloc: a)",65536,32,132,1,1,1218,0,19.252300262
4,"map(alloc: a)",65536,32,132,1,1,472,0,14.150142670
4,"map(alloc: a)",65536,32,132,1,1,71,0,11.491775513
4,"map(alloc: a)",65536,32,132,1,1,5042,0,44.655799866
4,"map(alloc: a)",65536,32,132,1,1,4,0,11.157989502
4,"map(alloc: a)",65536,32,132,1,2,2,0,11.253356934
4,"map(alloc: a)",65536,32,132,1,2,71,0,11.956691742
4,"map(alloc: a)",65536,32,132,1,2,17,0,11.253356934
4,"map(alloc: a)",65536,32,132,1,2,472,0,14.138221741
4,"map(alloc: a)",65536,32,132,1,2,5042,0,44.703483582
4,"map(alloc: a)",65536,32,132,1,2,28,0,11.253356934
4,"map(alloc: a)",65536,32,132,1,2,44,0,11.348724365
4,"map(alloc: a)",65536,32,132,1,2,1218,0,19.502639771
4,"map(alloc: a)",65536,32,132,1,2,4,0,11.348724365
4,"map(alloc: a)",65536,32,132,1,2,1955,0,24.700164795
4,"map(alloc: a)",65536,32,132,1,2,183,0,12.648105621
4,"map(alloc: a)",65536,32,132,1,2,7,0,11.348724365
4,"map(alloc: a)",65536,32,132,1,2,758,0,16.355514526
4,"map(alloc: a)",65536,32,132,1,2,1,0,11.396408081
4,"map(alloc: a)",65536,32,132,1,2,3140,0,32.246112823
4,"map(alloc: a)",65536,32,132,1,2,8096,0,64.992904663
4,"map(alloc: a)",65536,32,132,1,2,3,0,11.253356934
4,"map(alloc: a)",65536,32,132,1,2,114,0,12.004375458
4,"map(alloc: a)",65536,32,132,1,2,11,0,11.456012726
4,"map(alloc: a)",65536,32,132,1,2,294,0,13.554096222
4,"map(alloc: a)",65536,32,132,1,3,1,0,11.301040649
4,"map(alloc: a)",65536,32,132,1,3,17,0,11.658668518
4,"map(alloc: a)",65536,32,132,1,3,294,0,13.148784637
4,"map(alloc: a)",65536,32,132,1,3,5042,0,44.798851013
4,"map(alloc: a)",65536,32,132,1,3,114,0,12.445449829
4,"map(alloc: a)",65536,32,132,1,3,28,0,11.503696442
4,"map(alloc: a)",65536,32,132,1,3,1218,0,19.550323486
4,"map(alloc: a)",65536,32,132,1,3,2,0,11.253356934
4,"map(alloc: a)",65536,32,132,1,3,3,0,11.396408081
4,"map(alloc: a)",65536,32,132,1,3,4,0,11.456012726
4,"map(alloc: a)",65536,32,132,1,3,758,0,16.248226166
4,"map(alloc: a)",65536,32,132,1,3,11,0,11.551380157
4,"map(alloc: a)",65536,32,132,1,3,44,0,11.503696442
4,"map(alloc: a)",65536,32,132,1,3,472,0,14.352798462
4,"map(alloc: a)",65536,32,132,1,3,7,0,11.253356934
4,"map(alloc: a)",65536,32,132,1,3,1955,0,24.294853210
4,"map(alloc: a)",65536,32,132,1,3,71,0,11.599063873
4,"map(alloc: a)",65536,32,132,1,3,183,0,12.397766113
4,"map(alloc: a)",65536,32,132,1,3,8096,0,65.004825592
4,"map(alloc: a)",65536,32,132,1,3,3140,0,32.496452332
4,"map(alloc: a)",65536,32,132,1,4,472,0,14.495849609
4,"map(alloc: a)",65536,32,132,1,4,71,0,11.694431305
4,"map(alloc: a)",65536,32,132,1,4,1,0,11.253356934
4,"map(alloc: a)",65536,32,132,1,4,11,0,11.551380157
4,"map(alloc: a)",65536,32,132,1,4,4,0,11.301040649
4,"map(alloc: a)",65536,32,132,1,4,3140,0,32.258033752
4,"map(alloc: a)",65536,32,132,1,4,28,0,11.742115021
4,"map(alloc: a)",65536,32,132,1,4,1218,0,19.347667694
4,"map(alloc: a)",65536,32,132,1,4,2,0,11.301040649
4,"map(alloc: a)",65536,32,132,1,4,183,0,12.648105621
4,"map(alloc: a)",65536,32,132,1,4,5042,0,44.953823090
4,"map(alloc: a)",65536,32,132,1,4,114,0,11.992454529
4,"map(alloc: a)",65536,32,132,1,4,3,0,11.348724365
4,"map(alloc: a)",65536,32,132,1,4,44,0,11.456012726
4,"map(alloc: a)",65536,32,132,1,4,758,0,16.498565674
4,"map(alloc: a)",65536,32,132,1,4,8096,0,64.694881439
4,"map(alloc: a)",65536,32,132,1,4,1955,0,24.592876434
4,"map(alloc: a)",65536,32,132,1,4,294,0,13.303756714
4,"map(alloc: a)",65536,32,132,1,4,7,0,11.253356934
4,"map(alloc: a)",65536,32,132,1,4,17,0,11.396408081
