method_id,method_name,N,thread_count,team_count,set,run,delaylength,outerreps,exec_time_us
1,"map(tofrom: a)",1,32,132,0,0,7,0,31.900405884
1,"map(tofrom: a)",1,32,132,0,0,114,0,35.190582275
1,"map(tofrom: a)",1,32,132,0,0,3,0,31.900405884
1,"map(tofrom: a)",1,32,132,0,0,17,0,32.496452332
1,"map(tofrom: a)",1,32,132,0,0,1,0,31.244754791
1,"map(tofrom: a)",1,32,132,0,0,44,0,31.054019928
1,"map(tofrom: a)",1,32,132,0,0,294,0,32.496452332
1,"map(tofrom: a)",1,32,132,0,0,3140,0,63.753128052
1,"map(tofrom: a)",1,32,132,0,0,4,0,33.056735992
1,"map(tofrom: a)",1,32,132,0,0,1955,0,51.093101501
1,"map(tofrom: a)",1,32,132,0,0,183,0,33.748149872
1,"map(tofrom: a)",1,32,132,0,0,8096,0,115.954875946
1,"map(tofrom: a)",1,32,132,0,0,758,0,37.658214569
1,"map(tofrom: a)",1,32,132,0,0,71,0,34.904479980
1,"map(tofrom: a)",1,32,132,0,0,2,0,30.946731567
1,"map(tofrom: a)",1,32,132,0,0,11,0,32.711029053
1,"map(tofrom: a)",1,32,132,0,0,28,0,34.391880035
1,"map(tofrom: a)",1,32,132,0,0,5042,0,84.042549133
1,"map(tofrom: a)",1,32,132,0,0,1218,0,43.797492981
1,"map(tofrom: a)",1,32,132,0,0,472,0,34.499168396
1,"map(tofrom: a)",1,32,132,0,1,4,0,33.342838287
1,"map(tofrom: a)",1,32,132,0,1,1,0,29.909610748
1,"map(tofrom: a)",1,32,132,0,1,17,0,32.496452332
1,"map(tofrom: a)",1,32,132,0,1,28,0,32.949447632
1,"map(tofrom: a)",1,32,132,0,1,11,0,31.852722168
1,"map(tofrom: a)",1,32,132,0,1,3140,0,65.541267395
1,"map(tofrom: a)",1,32,132,0,1,2,0,31.602382660
1,"map(tofrom: a)",1,32,132,0,1,758,0,39.148330688
1,"map(tofrom: a)",1,32,132,0,1,1218,0,42.450428009
1,"map(tofrom: a)",1,32,132,0,1,44,0,33.247470856
1,"map(tofrom: a)",1,32,132,0,1,71,0,33.700466156
1,"map(tofrom: a)",1,32,132,0,1,114,0,30.851364136
1,"map(tofrom: a)",1,32,132,0,1,294,0,35.345554352
1,"map(tofrom: a)",1,32,132,0,1,7,0,31.852722168
1,"map(tofrom: a)",1,32,132,0,1,183,0,34.201145172
1,"map(tofrom: a)",1,32,132,0,1,8096,0,114.953517914
1,"map(tofrom: a)",1,32,132,0,1,472,0,34.999847412
1,"map(tofrom: a)",1,32,132,0,1,1955,0,50.008296967
1,"map(tofrom: a)",1,32,132,0,1,3,0,32.758712769
1,"map(tofrom: a)",1,32,132,0,1,5042,0,84.793567657
1,"map(tofrom: a)",1,32,132,0,2,3,0,34.248828888
1,"map(tofrom: a)",1,32,132,0,2,44,0,30.350685120
1,"map(tofrom: a)",1,32,132,0,2,1,0,32.246112823
1,"map(tofrom: a)",1,32,132,0,2,183,0,33.950805664
1,"map(tofrom: a)",1,32,132,0,2,294,0,35.548210144
1,"map(tofrom: a)",1,32,132,0,2,5042,0,85.353851318
1,"map(tofrom: a)",1,32,132,0,2,7,0,32.007694244
1,"map(tofrom: a)",1,32,132,0,2,8096,0,116.050243378
1,"map(tofrom: a)",1,32,132,0,2,2,0,31.399726868
1,"map(tofrom: a)",1,32,132,0,2,114,0,33.795833588
1,"map(tofrom: a)",1,32,132,0,2,71,0,34.606456757
1,"map(tofrom: a)",1,32,132,0,2,1955,0,52.356719971
1,"map(tofrom: a)",1,32,132,0,2,17,0,31.900405884
1,"map(tofrom: a)",1,32,132,0,2,472,0,35.607814789
1,"map(tofrom: a)",1,32,132,0,2,11,0,33.247470856
1,"map(tofrom: a)",1,32,132,0,2,1218,0,43.356418610
1,"map(tofrom: a)",1,32,132,0,2,4,0,32.794475555
1,"map(tofrom: a)",1,32,132,0,2,3140,0,66.041946411
1,"map(tofrom: a)",1,32,132,0,2,758,0,39.446353912
1,"map(tofrom: a)",1,32,132,0,2,28,0,32.949447632
1,"map(tofrom: a)",1,32,132,0,3,11,0,32.651424408
1,"map(tofrom: a)",1,32,132,0,3,4,0,30.457973480
1,"map(tofrom: a)",1,32,132,0,3,5042,0,85.294246674
1,"map(tofrom: a)",1,32,132,0,3,183,0,34.451484680
1,"map(tofrom: a)",1,32,132,0,3,17,0,31.852722168
1,"map(tofrom: a)",1,32,132,0,3,3,0,33.354759216
1,"map(tofrom: a)",1,32,132,0,3,28,0,32.746791840
1,"map(tofrom: a)",1,32,132,0,3,1218,0,44.894218445
1,"map(tofrom: a)",1,32,132,0,3,114,0,33.593177795
1,"map(tofrom: a)",1,32,132,0,3,758,0,38.897991180
1,"map(tofrom: a)",1,32,132,0,3,1955,0,51.701068878
1,"map(tofrom: a)",1,32,132,0,3,472,0,32.651424408
1,"map(tofrom: a)",1,32,132,0,3,7,0,33.199787140
1,"map(tofrom: a)",1,32,132,0,3,44,0,31.650066376
1,"map(tofrom: a)",1,32,132,0,3,3140,0,65.302848816
1,"map(tofrom: a)",1,32,132,0,3,8096,0,116.550922394
1,"map(tofrom: a)",1,32,132,0,3,71,0,34.046173096
1,"map(tofrom: a)",1,32,132,0,3,1,0,31.995773315
1,"map(tofrom: a)",1,32,132,0,3,2,0,33.342838287
1,"map(tofrom: a)",1,32,132,0,3,294,0,35.798549652
1,"map(tofrom: a)",1,32,132,0,4,3,0,29.408931732
1,"map(tofrom: a)",1,32,132,0,4,8096,0,117.206573486
1,"map(tofrom: a)",1,32,132,0,4,1,0,32.556056976
1,"map(tofrom: a)",1,32,132,0,4,28,0,33.700466156
1,"map(tofrom: a)",1,32,132,0,4,17,0,32.997131348
1,"map(tofrom: a)",1,32,132,0,4,5042,0,85.544586182
1,"map(tofrom: a)",1,32,132,0,4,7,0,33.199787140
1,"map(tofrom: a)",1,32,132,0,4,114,0,33.545494080
1,"map(tofrom: a)",1,32,132,0,4,44,0,33.950805664
1,"map(tofrom: a)",1,32,132,0,4,2,0,32.651424408
1,"map(tofrom: a)",1,32,132,0,4,294,0,31.352043152
1,"map(tofrom: a)",1,32,132,0,4,758,0,37.598609924
1,"map(tofrom: a)",1,32,132,0,4,183,0,34.749507904
1,"map(tofrom: a)",1,32,132,0,4,4,0,31.948089600
1,"map(tofrom: a)",1,32,132,0,4,1218,0,42.152404785
1,"map(tofrom: a)",1,32,132,0,4,71,0,33.903121948
1,"map(tofrom: a)",1,32,132,0,4,1955,0,51.343441010
1,"map(tofrom: a)",1,32,132,0,4,11,0,32.651424408
1,"map(tofrom: a)",1,32,132,0,4,472,0,30.601024628
1,"map(tofrom: a)",1,32,132,0,4,3140,0,63.943862915
1,"map(tofrom: a)",1,32,132,1,0,2,0,32.699108124
1,"map(tofrom: a)",1,32,132,1,0,4,0,31.995773315
1,"map(tofrom: a)",1,32,132,1,0,472,0,35.202503204
1,"map(tofrom: a)",1,32,132,1,0,3140,0,64.992904663
1,"map(tofrom: a)",1,32,132,1,0,183,0,34.904479980
1,"map(tofrom: a)",1,32,132,1,0,28,0,33.640861511
1,"map(tofrom: a)",1,32,132,1,0,71,0,34.141540527
1,"map(tofrom: a)",1,32,132,1,0,1218,0,41.854381561
1,"map(tofrom: a)",1,32,132,1,0,294,0,36.096572876
1,"map(tofrom: a)",1,32,132,1,0,1,0,31.399726868
1,"map(tofrom: a)",1,32,132,1,0,7,0,33.152103424
1,"map(tofrom: a)",1,32,132,1,0,1955,0,52.595138550
1,"map(tofrom: a)",1,32,132,1,0,758,0,41.294097900
1,"map(tofrom: a)",1,32,132,1,0,114,0,34.797191620
1,"map(tofrom: a)",1,32,132,1,0,11,0,31.602382660
1,"map(tofrom: a)",1,32,132,1,0,3,0,32.544136047
1,"map(tofrom: a)",1,32,132,1,0,8096,0,117.301940918
1,"map(tofrom: a)",1,32,132,1,0,44,0,32.448768616
1,"map(tofrom: a)",1,32,132,1,0,17,0,32.103061676
1,"map(tofrom: a)",1,32,132,1,0,5042,0,84.149837494
1,"map(tofrom: a)",1,32,132,1,1,758,0,40.292739868
1,"map(tofrom: a)",1,32,132,1,1,3,0,28.848648071
1,"map(tofrom: a)",1,32,132,1,1,3140,0,64.897537231
1,"map(tofrom: a)",1,32,132,1,1,1955,0,51.748752594
1,"map(tofrom: a)",1,32,132,1,1,44,0,32.651424408
1,"map(tofrom: a)",1,32,132,1,1,17,0,33.640861511
1,"map(tofrom: a)",1,32,132,1,1,294,0,35.393238068
1,"map(tofrom: a)",1,32,132,1,1,28,0,30.303001404
1,"map(tofrom: a)",1,32,132,1,1,114,0,33.199787140
1,"map(tofrom: a)",1,32,132,1,1,2,0,31.602382660
1,"map(tofrom: a)",1,32,132,1,1,7,0,33.402442932
1,"map(tofrom: a)",1,32,132,1,1,183,0,35.250186920
1,"map(tofrom: a)",1,32,132,1,1,8096,0,116.753578186
1,"map(tofrom: a)",1,32,132,1,1,11,0,34.105777740
1,"map(tofrom: a)",1,32,132,1,1,1,0,32.794475555
1,"map(tofrom: a)",1,32,132,1,1,1218,0,45.549869537
1,"map(tofrom: a)",1,32,132,1,1,472,0,38.659572601
1,"map(tofrom: a)",1,32,132,1,1,71,0,35.846233368
1,"map(tofrom: a)",1,32,132,1,1,5042,0,87.404251099
1,"map(tofrom: a)",1,32,132,1,1,4,0,32.258033752
1,"map(tofrom: a)",1,32,132,1,2,2,0,33.497810364
1,"map(tofrom: a)",1,32,132,1,2,71,0,35.595893860
1,"map(tofrom: a)",1,32,132,1,2,17,0,34.856796265
1,"map(tofrom: a)",1,32,132,1,2,472,0,37.503242493
1,"map(tofrom: a)",1,32,132,1,2,5042,0,85.794925690
1,"map(tofrom: a)",1,32,132,1,2,28,0,33.795833588
1,"map(tofrom: a)",1,32,132,1,2,44,0,34.654140472
1,"map(tofrom: a)",1,32,132,1,2,1218,0,44.357776642
1,"map(tofrom: a)",1,32,132,1,2,4,0,33.056735992
1,"map(tofrom: a)",1,32,132,1,2,1955,0,53.846836090
1,"map(tofrom: a)",1,32,132,1,2,183,0,35.750865936
1,"map(tofrom: a)",1,32,132,1,2,7,0,33.509731293
1,"map(tofrom: a)",1,32,132,1,2,758,0,38.957595825
1,"map(tofrom: a)",1,32,132,1,2,1,0,32.556056976
1,"map(tofrom: a)",1,32,132,1,2,3140,0,64.742565155
1,"map(tofrom: a)",1,32,132,1,2,8096,0,117.409229279
1,"map(tofrom: a)",1,32,132,1,2,3,0,32.401084900
1,"map(tofrom: a)",1,32,132,1,2,114,0,35.500526428
1,"map(tofrom: a)",1,32,132,1,2,11,0,32.401084900
1,"map(tofrom: a)",1,32,132,1,2,294,0,37.348270416
1,"map(tofrom: a)",1,32,132,1,3,1,0,33.807754517
1,"map(tofrom: a)",1,32,132,1,3,17,0,33.152103424
1,"map(tofrom: a)",1,32,132,1,3,294,0,34.952163696
1,"map(tofrom: a)",1,32,132,1,3,5042,0,87.308883667
1,"map(tofrom: a)",1,32,132,1,3,114,0,35.500526428
1,"map(tofrom: a)",1,32,132,1,3,28,0,34.701824188
1,"map(tofrom: a)",1,32,132,1,3,1218,0,46.193599701
1,"map(tofrom: a)",1,32,132,1,3,2,0,32.699108124
1,"map(tofrom: a)",1,32,132,1,3,3,0,31.757354736
1,"map(tofrom: a)",1,32,132,1,3,4,0,33.152103424
1,"map(tofrom: a)",1,32,132,1,3,758,0,40.495395660
1,"map(tofrom: a)",1,32,132,1,3,11,0,32.651424408
1,"map(tofrom: a)",1,32,132,1,3,44,0,32.949447632
1,"map(tofrom: a)",1,32,132,1,3,472,0,38.242340088
1,"map(tofrom: a)",1,32,132,1,3,7,0,33.748149872
1,"map(tofrom: a)",1,32,132,1,3,1955,0,54.502487183
1,"map(tofrom: a)",1,32,132,1,3,71,0,36.156177521
1,"map(tofrom: a)",1,32,132,1,3,183,0,34.797191620
1,"map(tofrom: a)",1,32,132,1,3,8096,0,117.647647858
1,"map(tofrom: a)",1,32,132,1,3,3140,0,65.696239471
1,"map(tofrom: a)",1,32,132,1,4,472,0,33.748149872
1,"map(tofrom: a)",1,32,132,1,4,71,0,36.203861237
1,"map(tofrom: a)",1,32,132,1,4,1,0,33.152103424
1,"map(tofrom: a)",1,32,132,1,4,11,0,33.605098724
1,"map(tofrom: a)",1,32,132,1,4,4,0,32.901763916
1,"map(tofrom: a)",1,32,132,1,4,3140,0,65.147876740
1,"map(tofrom: a)",1,32,132,1,4,28,0,32.353401184
1,"map(tofrom: a)",1,32,132,1,4,1218,0,45.502185822
1,"map(tofrom: a)",1,32,132,1,4,2,0,31.745433807
1,"map(tofrom: a)",1,32,132,1,4,183,0,35.357475281
1,"map(tofrom: a)",1,32,132,1,4,5042,0,86.104869843
1,"map(tofrom: a)",1,32,132,1,4,114,0,33.807754517
1,"map(tofrom: a)",1,32,132,1,4,3,0,34.546852112
1,"map(tofrom: a)",1,32,132,1,4,44,0,35.607814789
1,"map(tofrom: a)",1,32,132,1,4,758,0,40.698051453
1,"map(tofrom: a)",1,32,132,1,4,8096,0,117.552280426
1,"map(tofrom: a)",1,32,132,1,4,1955,0,52.547454834
1,"map(tofrom: a)",1,32,132,1,4,294,0,36.740303040
1,"map(tofrom: a)",1,32,132,1,4,7,0,32.842159271
1,"map(tofrom: a)",1,32,132,1,4,17,0,32.258033752
1,"map(tofrom: a)",4,32,132,0,0,7,0,31.852722168
1,"map(tofrom: a)",4,32,132,0,0,114,0,36.394596100
1,"map(tofrom: a)",4,32,132,0,0,3,0,31.006336212
1,"map(tofrom: a)",4,32,132,0,0,17,0,31.900405884
1,"map(tofrom: a)",4,32,132,0,0,1,0,31.852722168
1,"map(tofrom: a)",4,32,132,0,0,44,0,34.904479980
1,"map(tofrom: a)",4,32,132,0,0,294,0,36.895275116
1,"map(tofrom: a)",4,32,132,0,0,3140,0,65.052509308
1,"map(tofrom: a)",4,32,132,0,0,4,0,33.402442932
1,"map(tofrom: a)",4,32,132,0,0,1955,0,50.246715546
1,"map(tofrom: a)",4,32,132,0,0,183,0,35.595893860
1,"map(tofrom: a)",4,32,132,0,0,8096,0,116.908550262
1,"map(tofrom: a)",4,32,132,0,0,758,0,40.745735168
1,"map(tofrom: a)",4,32,132,0,0,71,0,33.950805664
1,"map(tofrom: a)",4,32,132,0,0,2,0,33.652782440
1,"map(tofrom: a)",4,32,132,0,0,11,0,34.499168396
1,"map(tofrom: a)",4,32,132,0,0,28,0,32.246112823
1,"map(tofrom: a)",4,32,132,0,0,5042,0,84.650516510
1,"map(tofrom: a)",4,32,132,0,0,1218,0,44.655799866
1,"map(tofrom: a)",4,32,132,0,0,472,0,35.953521729
1,"map(tofrom: a)",4,32,132,0,1,4,0,32.997131348
1,"map(tofrom: a)",4,32,132,0,1,1,0,32.699108124
1,"map(tofrom: a)",4,32,132,0,1,17,0,32.949447632
1,"map(tofrom: a)",4,32,132,0,1,28,0,32.508373260
1,"map(tofrom: a)",4,32,132,0,1,11,0,30.946731567
1,"map(tofrom: a)",4,32,132,0,1,3140,0,65.696239471
1,"map(tofrom: a)",4,32,132,0,1,2,0,31.852722168
1,"map(tofrom: a)",4,32,132,0,1,758,0,41.902065277
1,"map(tofrom: a)",4,32,132,0,1,1218,0,42.653083801
1,"map(tofrom: a)",4,32,132,0,1,44,0,35.309791565
1,"map(tofrom: a)",4,32,132,0,1,71,0,35.154819489
1,"map(tofrom: a)",4,32,132,0,1,114,0,34.606456757
1,"map(tofrom: a)",4,32,132,0,1,294,0,37.693977356
1,"map(tofrom: a)",4,32,132,0,1,7,0,34.201145172
1,"map(tofrom: a)",4,32,132,0,1,183,0,35.750865936
1,"map(tofrom: a)",4,32,132,0,1,8096,0,117.909908295
1,"map(tofrom: a)",4,32,132,0,1,472,0,38.444995880
1,"map(tofrom: a)",4,32,132,0,1,1955,0,53.656101227
1,"map(tofrom: a)",4,32,132,0,1,3,0,32.842159271
1,"map(tofrom: a)",4,32,132,0,1,5042,0,86.796283722
1,"map(tofrom: a)",4,32,132,0,2,3,0,32.699108124
1,"map(tofrom: a)",4,32,132,0,2,44,0,34.844875336
1,"map(tofrom: a)",4,32,132,0,2,1,0,33.748149872
1,"map(tofrom: a)",4,32,132,0,2,183,0,36.144256592
1,"map(tofrom: a)",4,32,132,0,2,294,0,36.847591400
1,"map(tofrom: a)",4,32,132,0,2,5042,0,86.450576782
1,"map(tofrom: a)",4,32,132,0,2,7,0,33.199787140
1,"map(tofrom: a)",4,32,132,0,2,8096,0,117.051601410
1,"map(tofrom: a)",4,32,132,0,2,2,0,31.793117523
1,"map(tofrom: a)",4,32,132,0,2,114,0,34.701824188
1,"map(tofrom: a)",4,32,132,0,2,71,0,33.259391785
1,"map(tofrom: a)",4,32,132,0,2,1955,0,53.799152374
1,"map(tofrom: a)",4,32,132,0,2,17,0,33.342838287
1,"map(tofrom: a)",4,32,132,0,2,472,0,36.311149597
1,"map(tofrom: a)",4,32,132,0,2,11,0,31.495094299
1,"map(tofrom: a)",4,32,132,0,2,1218,0,47.850608826
1,"map(tofrom: a)",4,32,132,0,2,4,0,33.450126648
1,"map(tofrom: a)",4,32,132,0,2,3140,0,65.898895264
1,"map(tofrom: a)",4,32,132,0,2,758,0,39.792060852
1,"map(tofrom: a)",4,32,132,0,2,28,0,35.405158997
1,"map(tofrom: a)",4,32,132,0,3,11,0,32.949447632
1,"map(tofrom: a)",4,32,132,0,3,4,0,33.450126648
1,"map(tofrom: a)",4,32,132,0,3,5042,0,86.748600006
1,"map(tofrom: a)",4,32,132,0,3,183,0,37.348270416
1,"map(tofrom: a)",4,32,132,0,3,17,0,33.247470856
1,"map(tofrom: a)",4,32,132,0,3,3,0,32.544136047
1,"map(tofrom: a)",4,32,132,0,3,28,0,32.138824463
1,"map(tofrom: a)",4,32,132,0,3,1218,0,45.049190521
1,"map(tofrom: a)",4,32,132,0,3,114,0,35.095214844
1,"map(tofrom: a)",4,32,132,0,3,758,0,41.341781616
1,"map(tofrom: a)",4,32,132,0,3,1955,0,53.691864014
1,"map(tofrom: a)",4,32,132,0,3,472,0,36.990642548
1,"map(tofrom: a)",4,32,132,0,3,7,0,33.748149872
1,"map(tofrom: a)",4,32,132,0,3,44,0,32.293796539
1,"map(tofrom: a)",4,32,132,0,3,3140,0,65.398216248
1,"map(tofrom: a)",4,32,132,0,3,8096,0,117.850303650
1,"map(tofrom: a)",4,32,132,0,3,71,0,34.856796265
1,"map(tofrom: a)",4,32,132,0,3,1,0,31.399726868
1,"map(tofrom: a)",4,32,132,0,3,2,0,32.448768616
1,"map(tofrom: a)",4,32,132,0,3,294,0,37.205219269
1,"map(tofrom: a)",4,32,132,0,4,3,0,32.353401184
1,"map(tofrom: a)",4,32,132,0,4,8096,0,117.599964142
1,"map(tofrom: a)",4,32,132,0,4,1,0,33.509731293
1,"map(tofrom: a)",4,32,132,0,4,28,0,34.403800964
1,"map(tofrom: a)",4,32,132,0,4,17,0,31.256675720
1,"map(tofrom: a)",4,32,132,0,4,5042,0,85.604190826
1,"map(tofrom: a)",4,32,132,0,4,7,0,31.101703644
1,"map(tofrom: a)",4,32,132,0,4,114,0,33.903121948
1,"map(tofrom: a)",4,32,132,0,4,44,0,34.058094025
1,"map(tofrom: a)",4,32,132,0,4,2,0,32.651424408
1,"map(tofrom: a)",4,32,132,0,4,294,0,35.798549652
1,"map(tofrom: a)",4,32,132,0,4,758,0,40.793418884
1,"map(tofrom: a)",4,32,132,0,4,183,0,35.810470581
1,"map(tofrom: a)",4,32,132,0,4,4,0,33.700466156
1,"map(tofrom: a)",4,32,132,0,4,1218,0,42.402744293
1,"map(tofrom: a)",4,32,132,0,4,71,0,36.358833313
1,"map(tofrom: a)",4,32,132,0,4,1955,0,53.203105927
1,"map(tofrom: a)",4,32,132,0,4,11,0,33.199787140
1,"map(tofrom: a)",4,32,132,0,4,472,0,36.942958832
1,"map(tofrom: a)",4,32,132,0,4,3140,0,67.150592804
1,"map(tofrom: a)",4,32,132,1,0,2,0,32.901763916
1,"map(tofrom: a)",4,32,132,1,0,4,0,32.794475555
1,"map(tofrom: a)",4,32,132,1,0,472,0,36.752223969
1,"map(tofrom: a)",4,32,132,1,0,3140,0,64.802169800
1,"map(tofrom: a)",4,32,132,1,0,183,0,34.654140472
1,"map(tofrom: a)",4,32,132,1,0,28,0,35.703182220
1,"map(tofrom: a)",4,32,132,1,0,71,0,34.546852112
1,"map(tofrom: a)",4,32,132,1,0,1218,0,46.050548553
1,"map(tofrom: a)",4,32,132,1,0,294,0,35.798549652
1,"map(tofrom: a)",4,32,132,1,0,1,0,32.293796539
1,"map(tofrom: a)",4,32,132,1,0,7,0,32.198429108
1,"map(tofrom: a)",4,32,132,1,0,1955,0,53.501129150
1,"map(tofrom: a)",4,32,132,1,0,758,0,40.948390961
1,"map(tofrom: a)",4,32,132,1,0,114,0,35.548210144
1,"map(tofrom: a)",4,32,132,1,0,11,0,32.508373260
1,"map(tofrom: a)",4,32,132,1,0,3,0,31.995773315
1,"map(tofrom: a)",4,32,132,1,0,8096,0,115.799903870
1,"map(tofrom: a)",4,32,132,1,0,44,0,34.153461456
1,"map(tofrom: a)",4,32,132,1,0,17,0,34.904479980
1,"map(tofrom: a)",4,32,132,1,0,5042,0,85.353851318
1,"map(tofrom: a)",4,32,132,1,1,758,0,41.544437408
1,"map(tofrom: a)",4,32,132,1,1,3,0,33.795833588
1,"map(tofrom: a)",4,32,132,1,1,3140,0,64.659118652
1,"map(tofrom: a)",4,32,132,1,1,1955,0,53.191184998
1,"map(tofrom: a)",4,32,132,1,1,44,0,33.903121948
1,"map(tofrom: a)",4,32,132,1,1,17,0,34.642219543
1,"map(tofrom: a)",4,32,132,1,1,294,0,36.394596100
1,"map(tofrom: a)",4,32,132,1,1,28,0,34.308433533
1,"map(tofrom: a)",4,32,132,1,1,114,0,35.798549652
1,"map(tofrom: a)",4,32,132,1,1,2,0,31.447410583
1,"map(tofrom: a)",4,32,132,1,1,7,0,32.103061676
1,"map(tofrom: a)",4,32,132,1,1,183,0,36.346912384
1,"map(tofrom: a)",4,32,132,1,1,8096,0,117.194652557
1,"map(tofrom: a)",4,32,132,1,1,11,0,32.699108124
1,"map(tofrom: a)",4,32,132,1,1,1,0,32.961368561
1,"map(tofrom: a)",4,32,132,1,1,1218,0,46.598911285
1,"map(tofrom: a)",4,32,132,1,1,472,0,37.300586700
1,"map(tofrom: a)",4,32,132,1,1,71,0,32.806396484
1,"map(tofrom: a)",4,32,132,1,1,5042,0,87.749958038
1,"map(tofrom: a)",4,32,132,1,1,4,0,33.795833588
1,"map(tofrom: a)",4,32,132,1,2,2,0,34.201145172
1,"map(tofrom: a)",4,32,132,1,2,71,0,35.750865936
1,"map(tofrom: a)",4,32,132,1,2,17,0,33.998489380
1,"map(tofrom: a)",4,32,132,1,2,472,0,35.655498505
1,"map(tofrom: a)",4,32,132,1,2,5042,0,87.261199951
1,"map(tofrom: a)",4,32,132,1,2,28,0,33.903121948
1,"map(tofrom: a)",4,32,132,1,2,44,0,34.105777740
1,"map(tofrom: a)",4,32,132,1,2,1218,0,45.895576477
1,"map(tofrom: a)",4,32,132,1,2,4,0,34.403800964
1,"map(tofrom: a)",4,32,132,1,2,1955,0,53.250789642
1,"map(tofrom: a)",4,32,132,1,2,183,0,36.501884460
1,"map(tofrom: a)",4,32,132,1,2,7,0,33.652782440
1,"map(tofrom: a)",4,32,132,1,2,758,0,40.304660797
1,"map(tofrom: a)",4,32,132,1,2,1,0,32.949447632
1,"map(tofrom: a)",4,32,132,1,2,3140,0,66.649913788
1,"map(tofrom: a)",4,32,132,1,2,8096,0,118.708610535
1,"map(tofrom: a)",4,32,132,1,2,3,0,31.101703644
1,"map(tofrom: a)",4,32,132,1,2,114,0,33.104419708
1,"map(tofrom: a)",4,32,132,1,2,11,0,34.153461456
1,"map(tofrom: a)",4,32,132,1,2,294,0,36.990642548
1,"map(tofrom: a)",4,32,132,1,3,1,0,32.854080200
1,"map(tofrom: a)",4,32,132,1,3,17,0,35.703182220
1,"map(tofrom: a)",4,32,132,1,3,294,0,35.858154297
1,"map(tofrom: a)",4,32,132,1,3,5042,0,84.555149078
1,"map(tofrom: a)",4,32,132,1,3,114,0,34.356117249
1,"map(tofrom: a)",4,32,132,1,3,28,0,33.903121948
1,"map(tofrom: a)",4,32,132,1,3,1218,0,45.597553253
1,"map(tofrom: a)",4,32,132,1,3,2,0,33.354759216
1,"map(tofrom: a)",4,32,132,1,3,3,0,34.153461456
1,"map(tofrom: a)",4,32,132,1,3,4,0,31.697750092
1,"map(tofrom: a)",4,32,132,1,3,758,0,41.091442108
1,"map(tofrom: a)",4,32,132,1,3,11,0,33.104419708
1,"map(tofrom: a)",4,32,132,1,3,44,0,34.344196320
1,"map(tofrom: a)",4,32,132,1,3,472,0,37.956237793
1,"map(tofrom: a)",4,32,132,1,3,7,0,30.505657196
1,"map(tofrom: a)",4,32,132,1,3,1955,0,53.501129150
1,"map(tofrom: a)",4,32,132,1,3,71,0,35.154819489
1,"map(tofrom: a)",4,32,132,1,3,183,0,35.405158997
1,"map(tofrom: a)",4,32,132,1,3,8096,0,117.194652557
1,"map(tofrom: a)",4,32,132,1,3,3140,0,64.849853516
1,"map(tofrom: a)",4,32,132,1,4,472,0,36.060810089
1,"map(tofrom: a)",4,32,132,1,4,71,0,33.795833588
1,"map(tofrom: a)",4,32,132,1,4,1,0,31.399726868
1,"map(tofrom: a)",4,32,132,1,4,11,0,32.401084900
1,"map(tofrom: a)",4,32,132,1,4,4,0,33.354759216
1,"map(tofrom: a)",4,32,132,1,4,3140,0,65.410137177
1,"map(tofrom: a)",4,32,132,1,4,28,0,34.904479980
1,"map(tofrom: a)",4,32,132,1,4,1218,0,45.394897461
1,"map(tofrom: a)",4,32,132,1,4,2,0,30.994415283
1,"map(tofrom: a)",4,32,132,1,4,183,0,37.002563477
1,"map(tofrom: a)",4,32,132,1,4,5042,0,84.400177002
1,"map(tofrom: a)",4,32,132,1,4,114,0,36.501884460
1,"map(tofrom: a)",4,32,132,1,4,3,0,31.900405884
1,"map(tofrom: a)",4,32,132,1,4,44,0,35.798549652
1,"map(tofrom: a)",4,32,132,1,4,758,0,38.492679596
1,"map(tofrom: a)",4,32,132,1,4,8096,0,119.102001190
1,"map(tofrom: a)",4,32,132,1,4,1955,0,54.299831390
1,"map(tofrom: a)",4,32,132,1,4,294,0,36.752223969
1,"map(tofrom: a)",4,32,132,1,4,7,0,33.700466156
1,"map(tofrom: a)",4,32,132,1,4,17,0,34.296512604
1,"map(tofrom: a)",16,32,132,0,0,7,0,33.795833588
1,"map(tofrom: a)",16,32,132,0,0,114,0,37.252902985
1,"map(tofrom: a)",16,32,132,0,0,3,0,32.448768616
1,"map(tofrom: a)",16,32,132,0,0,17,0,32.448768616
1,"map(tofrom: a)",16,32,132,0,0,1,0,33.748149872
1,"map(tofrom: a)",16,32,132,0,0,44,0,35.452842712
1,"map(tofrom: a)",16,32,132,0,0,294,0,38.003921509
1,"map(tofrom: a)",16,32,132,0,0,3140,0,66.256523132
1,"map(tofrom: a)",16,32,132,0,0,4,0,32.901763916
1,"map(tofrom: a)",16,32,132,0,0,1955,0,52.952766418
1,"map(tofrom: a)",16,32,132,0,0,183,0,36.358833313
1,"map(tofrom: a)",16,32,132,0,0,8096,0,116.848945618
1,"map(tofrom: a)",16,32,132,0,0,758,0,40.602684021
1,"map(tofrom: a)",16,32,132,0,0,71,0,35.500526428
1,"map(tofrom: a)",16,32,132,0,0,2,0,31.805038452
1,"map(tofrom: a)",16,32,132,0,0,11,0,33.593177795
1,"map(tofrom: a)",16,32,132,0,0,28,0,34.701824188
1,"map(tofrom: a)",16,32,132,0,0,5042,0,85.151195526
1,"map(tofrom: a)",16,32,132,0,0,1218,0,46.801567078
1,"map(tofrom: a)",16,32,132,0,0,472,0,37.503242493
1,"map(tofrom: a)",16,32,132,0,1,4,0,31.149387360
1,"map(tofrom: a)",16,32,132,0,1,1,0,33.044815063
1,"map(tofrom: a)",16,32,132,0,1,17,0,34.511089325
1,"map(tofrom: a)",16,32,132,0,1,28,0,34.546852112
1,"map(tofrom: a)",16,32,132,0,1,11,0,34.248828888
1,"map(tofrom: a)",16,32,132,0,1,3140,0,65.994262695
1,"map(tofrom: a)",16,32,132,0,1,2,0,31.840801239
1,"map(tofrom: a)",16,32,132,0,1,758,0,40.197372437
1,"map(tofrom: a)",16,32,132,0,1,1218,0,46.205520630
1,"map(tofrom: a)",16,32,132,0,1,44,0,32.603740692
1,"map(tofrom: a)",16,32,132,0,1,71,0,33.748149872
1,"map(tofrom: a)",16,32,132,0,1,114,0,34.248828888
1,"map(tofrom: a)",16,32,132,0,1,294,0,33.903121948
1,"map(tofrom: a)",16,32,132,0,1,7,0,33.760070801
1,"map(tofrom: a)",16,32,132,0,1,183,0,34.451484680
1,"map(tofrom: a)",16,32,132,0,1,8096,0,118.994712830
1,"map(tofrom: a)",16,32,132,0,1,472,0,36.942958832
1,"map(tofrom: a)",16,32,132,0,1,1955,0,54.848194122
1,"map(tofrom: a)",16,32,132,0,1,3,0,33.640861511
1,"map(tofrom: a)",16,32,132,0,1,5042,0,86.593627930
1,"map(tofrom: a)",16,32,132,0,2,3,0,32.746791840
1,"map(tofrom: a)",16,32,132,0,2,44,0,35.250186920
1,"map(tofrom: a)",16,32,132,0,2,1,0,33.795833588
1,"map(tofrom: a)",16,32,132,0,2,183,0,37.252902985
1,"map(tofrom: a)",16,32,132,0,2,294,0,37.300586700
1,"map(tofrom: a)",16,32,132,0,2,5042,0,85.699558258
1,"map(tofrom: a)",16,32,132,0,2,7,0,32.746791840
1,"map(tofrom: a)",16,32,132,0,2,8096,0,117.850303650
1,"map(tofrom: a)",16,32,132,0,2,2,0,33.545494080
1,"map(tofrom: a)",16,32,132,0,2,114,0,35.548210144
1,"map(tofrom: a)",16,32,132,0,2,71,0,35.500526428
1,"map(tofrom: a)",16,32,132,0,2,1955,0,52.750110626
1,"map(tofrom: a)",16,32,132,0,2,17,0,35.345554352
1,"map(tofrom: a)",16,32,132,0,2,472,0,37.503242493
1,"map(tofrom: a)",16,32,132,0,2,11,0,31.149387360
1,"map(tofrom: a)",16,32,132,0,2,1218,0,43.547153473
1,"map(tofrom: a)",16,32,132,0,2,4,0,34.558773041
1,"map(tofrom: a)",16,32,132,0,2,3140,0,64.694881439
1,"map(tofrom: a)",16,32,132,0,2,758,0,41.055679321
1,"map(tofrom: a)",16,32,132,0,2,28,0,34.058094025
1,"map(tofrom: a)",16,32,132,0,3,11,0,31.650066376
1,"map(tofrom: a)",16,32,132,0,3,4,0,34.248828888
1,"map(tofrom: a)",16,32,132,0,3,5042,0,85.997581482
1,"map(tofrom: a)",16,32,132,0,3,183,0,35.953521729
1,"map(tofrom: a)",16,32,132,0,3,17,0,33.593177795
1,"map(tofrom: a)",16,32,132,0,3,3,0,33.152103424
1,"map(tofrom: a)",16,32,132,0,3,28,0,34.952163696
1,"map(tofrom: a)",16,32,132,0,3,1218,0,46.956539154
1,"map(tofrom: a)",16,32,132,0,3,114,0,36.752223969
1,"map(tofrom: a)",16,32,132,0,3,758,0,41.508674622
1,"map(tofrom: a)",16,32,132,0,3,1955,0,52.857398987
1,"map(tofrom: a)",16,32,132,0,3,472,0,37.300586700
1,"map(tofrom: a)",16,32,132,0,3,7,0,33.545494080
1,"map(tofrom: a)",16,32,132,0,3,44,0,35.703182220
1,"map(tofrom: a)",16,32,132,0,3,3140,0,65.100193024
1,"map(tofrom: a)",16,32,132,0,3,8096,0,118.458271027
1,"map(tofrom: a)",16,32,132,0,3,71,0,36.299228668
1,"map(tofrom: a)",16,32,132,0,3,1,0,32.949447632
1,"map(tofrom: a)",16,32,132,0,3,2,0,33.807754517
1,"map(tofrom: a)",16,32,132,0,3,294,0,38.349628448
1,"map(tofrom: a)",16,32,132,0,4,3,0,34.499168396
1,"map(tofrom: a)",16,32,132,0,4,8096,0,116.944313049
1,"map(tofrom: a)",16,32,132,0,4,1,0,34.594535828
1,"map(tofrom: a)",16,32,132,0,4,28,0,34.153461456
1,"map(tofrom: a)",16,32,132,0,4,17,0,34.439563751
1,"map(tofrom: a)",16,32,132,0,4,5042,0,86.355209351
1,"map(tofrom: a)",16,32,132,0,4,7,0,33.700466156
1,"map(tofrom: a)",16,32,132,0,4,114,0,35.500526428
1,"map(tofrom: a)",16,32,132,0,4,44,0,36.394596100
1,"map(tofrom: a)",16,32,132,0,4,2,0,34.046173096
1,"map(tofrom: a)",16,32,132,0,4,294,0,33.605098724
1,"map(tofrom: a)",16,32,132,0,4,758,0,39.005279541
1,"map(tofrom: a)",16,32,132,0,4,183,0,35.846233368
1,"map(tofrom: a)",16,32,132,0,4,4,0,33.199787140
1,"map(tofrom: a)",16,32,132,0,4,1218,0,45.657157898
1,"map(tofrom: a)",16,32,132,0,4,71,0,34.701824188
1,"map(tofrom: a)",16,32,132,0,4,1955,0,53.548812866
1,"map(tofrom: a)",16,32,132,0,4,11,0,34.701824188
1,"map(tofrom: a)",16,32,132,0,4,472,0,32.448768616
1,"map(tofrom: a)",16,32,132,0,4,3140,0,64.742565155
1,"map(tofrom: a)",16,32,132,1,0,2,0,34.439563751
1,"map(tofrom: a)",16,32,132,1,0,4,0,34.093856812
1,"map(tofrom: a)",16,32,132,1,0,472,0,38.146972656
1,"map(tofrom: a)",16,32,132,1,0,3140,0,66.959857941
1,"map(tofrom: a)",16,32,132,1,0,183,0,36.656856537
1,"map(tofrom: a)",16,32,132,1,0,28,0,33.152103424
1,"map(tofrom: a)",16,32,132,1,0,71,0,35.810470581
1,"map(tofrom: a)",16,32,132,1,0,1218,0,46.205520630
1,"map(tofrom: a)",16,32,132,1,0,294,0,36.752223969
1,"map(tofrom: a)",16,32,132,1,0,1,0,34.606456757
1,"map(tofrom: a)",16,32,132,1,0,7,0,32.544136047
1,"map(tofrom: a)",16,32,132,1,0,1955,0,53.799152374
1,"map(tofrom: a)",16,32,132,1,0,758,0,39.708614349
1,"map(tofrom: a)",16,32,132,1,0,114,0,35.250186920
1,"map(tofrom: a)",16,32,132,1,0,11,0,32.806396484
1,"map(tofrom: a)",16,32,132,1,0,3,0,31.352043152
1,"map(tofrom: a)",16,32,132,1,0,8096,0,119.256973267
1,"map(tofrom: a)",16,32,132,1,0,44,0,36.001205444
1,"map(tofrom: a)",16,32,132,1,0,17,0,34.952163696
1,"map(tofrom: a)",16,32,132,1,0,5042,0,86.295604706
1,"map(tofrom: a)",16,32,132,1,1,758,0,39.410591125
1,"map(tofrom: a)",16,32,132,1,1,3,0,32.603740692
1,"map(tofrom: a)",16,32,132,1,1,3140,0,65.803527832
1,"map(tofrom: a)",16,32,132,1,1,1955,0,54.252147675
1,"map(tofrom: a)",16,32,132,1,1,44,0,34.248828888
1,"map(tofrom: a)",16,32,132,1,1,17,0,34.391880035
1,"map(tofrom: a)",16,32,132,1,1,294,0,37.550926208
1,"map(tofrom: a)",16,32,132,1,1,28,0,34.844875336
1,"map(tofrom: a)",16,32,132,1,1,114,0,36.191940308
1,"map(tofrom: a)",16,32,132,1,1,2,0,32.806396484
1,"map(tofrom: a)",16,32,132,1,1,7,0,33.402442932
1,"map(tofrom: a)",16,32,132,1,1,183,0,36.454200745
1,"map(tofrom: a)",16,32,132,1,1,8096,0,117.349624634
1,"map(tofrom: a)",16,32,132,1,1,11,0,34.439563751
1,"map(tofrom: a)",16,32,132,1,1,1,0,32.889842987
1,"map(tofrom: a)",16,32,132,1,1,1218,0,45.549869537
1,"map(tofrom: a)",16,32,132,1,1,472,0,37.646293640
1,"map(tofrom: a)",16,32,132,1,1,71,0,35.452842712
1,"map(tofrom: a)",16,32,132,1,1,5042,0,84.960460663
1,"map(tofrom: a)",16,32,132,1,1,4,0,34.999847412
1,"map(tofrom: a)",16,32,132,1,2,2,0,33.950805664
1,"map(tofrom: a)",16,32,132,1,2,71,0,33.843517303
1,"map(tofrom: a)",16,32,132,1,2,17,0,33.748149872
1,"map(tofrom: a)",16,32,132,1,2,472,0,37.956237793
1,"map(tofrom: a)",16,32,132,1,2,5042,0,85.604190826
1,"map(tofrom: a)",16,32,132,1,2,28,0,35.250186920
1,"map(tofrom: a)",16,32,132,1,2,44,0,35.643577576
1,"map(tofrom: a)",16,32,132,1,2,1218,0,46.706199646
1,"map(tofrom: a)",16,32,132,1,2,4,0,35.202503204
1,"map(tofrom: a)",16,32,132,1,2,1955,0,54.645538330
1,"map(tofrom: a)",16,32,132,1,2,183,0,36.799907684
1,"map(tofrom: a)",16,32,132,1,2,7,0,34.499168396
1,"map(tofrom: a)",16,32,132,1,2,758,0,39.505958557
1,"map(tofrom: a)",16,32,132,1,2,1,0,33.199787140
1,"map(tofrom: a)",16,32,132,1,2,3140,0,65.946578979
1,"map(tofrom: a)",16,32,132,1,2,8096,0,119.948387146
1,"map(tofrom: a)",16,32,132,1,2,3,0,32.901763916
1,"map(tofrom: a)",16,32,132,1,2,114,0,35.452842712
1,"map(tofrom: a)",16,32,132,1,2,11,0,34.403800964
1,"map(tofrom: a)",16,32,132,1,2,294,0,37.896633148
1,"map(tofrom: a)",16,32,132,1,3,1,0,34.642219543
1,"map(tofrom: a)",16,32,132,1,3,17,0,32.639503479
1,"map(tofrom: a)",16,32,132,1,3,294,0,36.990642548
1,"map(tofrom: a)",16,32,132,1,3,5042,0,86.998939514
1,"map(tofrom: a)",16,32,132,1,3,114,0,36.251544952
1,"map(tofrom: a)",16,32,132,1,3,28,0,35.440921783
1,"map(tofrom: a)",16,32,132,1,3,1218,0,46.443939209
1,"map(tofrom: a)",16,32,132,1,3,2,0,34.797191620
1,"map(tofrom: a)",16,32,132,1,3,3,0,32.341480255
1,"map(tofrom: a)",16,32,132,1,3,4,0,31.995773315
1,"map(tofrom: a)",16,32,132,1,3,758,0,40.590763092
1,"map(tofrom: a)",16,32,132,1,3,11,0,33.700466156
1,"map(tofrom: a)",16,32,132,1,3,44,0,36.299228668
1,"map(tofrom: a)",16,32,132,1,3,472,0,32.758712769
1,"map(tofrom: a)",16,32,132,1,3,7,0,32.854080200
1,"map(tofrom: a)",16,32,132,1,3,1955,0,56.755542755
1,"map(tofrom: a)",16,32,132,1,3,71,0,34.499168396
1,"map(tofrom: a)",16,32,132,1,3,183,0,36.394596100
1,"map(tofrom: a)",16,32,132,1,3,8096,0,120.151042938
1,"map(tofrom: a)",16,32,132,1,3,3140,0,67.639350891
1,"map(tofrom: a)",16,32,132,1,4,472,0,38.301944733
1,"map(tofrom: a)",16,32,132,1,4,71,0,34.141540527
1,"map(tofrom: a)",16,32,132,1,4,1,0,33.104419708
1,"map(tofrom: a)",16,32,132,1,4,11,0,33.652782440
1,"map(tofrom: a)",16,32,132,1,4,4,0,33.199787140
1,"map(tofrom: a)",16,32,132,1,4,3140,0,66.852569580
1,"map(tofrom: a)",16,32,132,1,4,28,0,36.954879761
1,"map(tofrom: a)",16,32,132,1,4,1218,0,46.646595001
1,"map(tofrom: a)",16,32,132,1,4,2,0,32.591819763
1,"map(tofrom: a)",16,32,132,1,4,183,0,31.602382660
1,"map(tofrom: a)",16,32,132,1,4,5042,0,86.343288422
1,"map(tofrom: a)",16,32,132,1,4,114,0,34.189224243
1,"map(tofrom: a)",16,32,132,1,4,3,0,33.247470856
1,"map(tofrom: a)",16,32,132,1,4,44,0,34.296512604
1,"map(tofrom: a)",16,32,132,1,4,758,0,40.400028229
1,"map(tofrom: a)",16,32,132,1,4,8096,0,117.647647858
1,"map(tofrom: a)",16,32,132,1,4,1955,0,53.000450134
1,"map(tofrom: a)",16,32,132,1,4,294,0,36.847591400
1,"map(tofrom: a)",16,32,132,1,4,7,0,33.855438232
1,"map(tofrom: a)",16,32,132,1,4,17,0,31.602382660
1,"map(tofrom: a)",64,32,132,0,0,7,0,33.450126648
1,"map(tofrom: a)",64,32,132,0,0,114,0,34.749507904
1,"map(tofrom: a)",64,32,132,0,0,3,0,33.402442932
1,"map(tofrom: a)",64,32,132,0,0,17,0,35.703182220
1,"map(tofrom: a)",64,32,132,0,0,1,0,33.390522003
1,"map(tofrom: a)",64,32,132,0,0,44,0,36.144256592
1,"map(tofrom: a)",64,32,132,0,0,294,0,38.397312164
1,"map(tofrom: a)",64,32,132,0,0,3140,0,67.996978760
1,"map(tofrom: a)",64,32,132,0,0,4,0,34.558773041
1,"map(tofrom: a)",64,32,132,0,0,1955,0,53.107738495
1,"map(tofrom: a)",64,32,132,0,0,183,0,37.693977356
1,"map(tofrom: a)",64,32,132,0,0,8096,0,118.553638458
1,"map(tofrom: a)",64,32,132,0,0,758,0,42.045116425
1,"map(tofrom: a)",64,32,132,0,0,71,0,36.001205444
1,"map(tofrom: a)",64,32,132,0,0,2,0,30.803680420
1,"map(tofrom: a)",64,32,132,0,0,11,0,32.806396484
1,"map(tofrom: a)",64,32,132,0,0,28,0,37.002563477
1,"map(tofrom: a)",64,32,132,0,0,5042,0,85.902214050
1,"map(tofrom: a)",64,32,132,0,0,1218,0,47.647953033
1,"map(tofrom: a)",64,32,132,0,0,472,0,37.956237793
1,"map(tofrom: a)",64,32,132,0,1,4,0,33.497810364
1,"map(tofrom: a)",64,32,132,0,1,1,0,33.104419708
1,"map(tofrom: a)",64,32,132,0,1,17,0,36.108493805
1,"map(tofrom: a)",64,32,132,0,1,28,0,34.344196320
1,"map(tofrom: a)",64,32,132,0,1,11,0,35.154819489
1,"map(tofrom: a)",64,32,132,0,1,3140,0,65.505504608
1,"map(tofrom: a)",64,32,132,0,1,2,0,34.058094025
1,"map(tofrom: a)",64,32,132,0,1,758,0,42.343139648
1,"map(tofrom: a)",64,32,132,0,1,1218,0,46.145915985
1,"map(tofrom: a)",64,32,132,0,1,44,0,34.546852112
1,"map(tofrom: a)",64,32,132,0,1,71,0,36.191940308
1,"map(tofrom: a)",64,32,132,0,1,114,0,36.752223969
1,"map(tofrom: a)",64,32,132,0,1,294,0,38.599967957
1,"map(tofrom: a)",64,32,132,0,1,7,0,33.509731293
1,"map(tofrom: a)",64,32,132,0,1,183,0,37.252902985
1,"map(tofrom: a)",64,32,132,0,1,8096,0,120.401382446
1,"map(tofrom: a)",64,32,132,0,1,472,0,38.051605225
1,"map(tofrom: a)",64,32,132,0,1,1955,0,51.093101501
1,"map(tofrom: a)",64,32,132,0,1,3,0,34.201145172
1,"map(tofrom: a)",64,32,132,0,1,5042,0,87.392330170
1,"map(tofrom: a)",64,32,132,0,2,3,0,36.954879761
1,"map(tofrom: a)",64,32,132,0,2,44,0,36.942958832
1,"map(tofrom: a)",64,32,132,0,2,1,0,34.344196320
1,"map(tofrom: a)",64,32,132,0,2,183,0,32.842159271
1,"map(tofrom: a)",64,32,132,0,2,294,0,33.700466156
1,"map(tofrom: a)",64,32,132,0,2,5042,0,86.355209351
1,"map(tofrom: a)",64,32,132,0,2,7,0,32.556056976
1,"map(tofrom: a)",64,32,132,0,2,8096,0,119.352340698
1,"map(tofrom: a)",64,32,132,0,2,2,0,34.189224243
1,"map(tofrom: a)",64,32,132,0,2,114,0,34.451484680
1,"map(tofrom: a)",64,32,132,0,2,71,0,35.500526428
1,"map(tofrom: a)",64,32,132,0,2,1955,0,54.538249969
1,"map(tofrom: a)",64,32,132,0,2,17,0,35.047531128
1,"map(tofrom: a)",64,32,132,0,2,472,0,36.704540253
1,"map(tofrom: a)",64,32,132,0,2,11,0,34.856796265
1,"map(tofrom: a)",64,32,132,0,2,1218,0,45.049190521
1,"map(tofrom: a)",64,32,132,0,2,4,0,35.858154297
1,"map(tofrom: a)",64,32,132,0,2,3140,0,67.102909088
1,"map(tofrom: a)",64,32,132,0,2,758,0,41.759014130
1,"map(tofrom: a)",64,32,132,0,2,28,0,36.454200745
1,"map(tofrom: a)",64,32,132,0,3,11,0,34.606456757
1,"map(tofrom: a)",64,32,132,0,3,4,0,33.843517303
1,"map(tofrom: a)",64,32,132,0,3,5042,0,86.700916290
1,"map(tofrom: a)",64,32,132,0,3,183,0,35.154819489
1,"map(tofrom: a)",64,32,132,0,3,17,0,31.852722168
1,"map(tofrom: a)",64,32,132,0,3,3,0,32.150745392
1,"map(tofrom: a)",64,32,132,0,3,28,0,37.443637848
1,"map(tofrom: a)",64,32,132,0,3,1218,0,45.895576477
1,"map(tofrom: a)",64,32,132,0,3,114,0,34.904479980
1,"map(tofrom: a)",64,32,132,0,3,758,0,41.496753693
1,"map(tofrom: a)",64,32,132,0,3,1955,0,52.750110626
1,"map(tofrom: a)",64,32,132,0,3,472,0,33.450126648
1,"map(tofrom: a)",64,32,132,0,3,7,0,31.793117523
1,"map(tofrom: a)",64,32,132,0,3,44,0,33.748149872
1,"map(tofrom: a)",64,32,132,0,3,3140,0,66.256523132
1,"map(tofrom: a)",64,32,132,0,3,8096,0,117.695331573
1,"map(tofrom: a)",64,32,132,0,3,71,0,36.692619324
1,"map(tofrom: a)",64,32,132,0,3,1,0,34.189224243
1,"map(tofrom: a)",64,32,132,0,3,2,0,34.403800964
1,"map(tofrom: a)",64,32,132,0,3,294,0,38.301944733
1,"map(tofrom: a)",64,32,132,0,4,3,0,33.843517303
1,"map(tofrom: a)",64,32,132,0,4,8096,0,119.757652283
1,"map(tofrom: a)",64,32,132,0,4,1,0,33.700466156
1,"map(tofrom: a)",64,32,132,0,4,28,0,35.393238068
1,"map(tofrom: a)",64,32,132,0,4,17,0,31.507015228
1,"map(tofrom: a)",64,32,132,0,4,5042,0,87.046623230
1,"map(tofrom: a)",64,32,132,0,4,7,0,34.046173096
1,"map(tofrom: a)",64,32,132,0,4,114,0,36.191940308
1,"map(tofrom: a)",64,32,132,0,4,44,0,35.405158997
1,"map(tofrom: a)",64,32,132,0,4,2,0,33.998489380
1,"map(tofrom: a)",64,32,132,0,4,294,0,36.501884460
1,"map(tofrom: a)",64,32,132,0,4,758,0,40.888786316
1,"map(tofrom: a)",64,32,132,0,4,183,0,34.356117249
1,"map(tofrom: a)",64,32,132,0,4,4,0,33.998489380
1,"map(tofrom: a)",64,32,132,0,4,1218,0,43.654441833
1,"map(tofrom: a)",64,32,132,0,4,71,0,33.998489380
1,"map(tofrom: a)",64,32,132,0,4,1955,0,52.559375763
1,"map(tofrom: a)",64,32,132,0,4,11,0,35.500526428
1,"map(tofrom: a)",64,32,132,0,4,472,0,36.156177521
1,"map(tofrom: a)",64,32,132,0,4,3140,0,66.149234772
1,"map(tofrom: a)",64,32,132,1,0,2,0,35.738945007
1,"map(tofrom: a)",64,32,132,1,0,4,0,33.855438232
1,"map(tofrom: a)",64,32,132,1,0,472,0,38.397312164
1,"map(tofrom: a)",64,32,132,1,0,3140,0,65.708160400
1,"map(tofrom: a)",64,32,132,1,0,183,0,36.847591400
1,"map(tofrom: a)",64,32,132,1,0,28,0,33.640861511
1,"map(tofrom: a)",64,32,132,1,0,71,0,35.250186920
1,"map(tofrom: a)",64,32,132,1,0,1218,0,46.098232269
1,"map(tofrom: a)",64,32,132,1,0,294,0,38.003921509
1,"map(tofrom: a)",64,32,132,1,0,1,0,34.296512604
1,"map(tofrom: a)",64,32,132,1,0,7,0,32.651424408
1,"map(tofrom: a)",64,32,132,1,0,1955,0,55.205821991
1,"map(tofrom: a)",64,32,132,1,0,758,0,41.854381561
1,"map(tofrom: a)",64,32,132,1,0,114,0,34.892559052
1,"map(tofrom: a)",64,32,132,1,0,11,0,34.749507904
1,"map(tofrom: a)",64,32,132,1,0,3,0,33.903121948
1,"map(tofrom: a)",64,32,132,1,0,8096,0,117.743015289
1,"map(tofrom: a)",64,32,132,1,0,44,0,34.856796265
1,"map(tofrom: a)",64,32,132,1,0,17,0,35.095214844
1,"map(tofrom: a)",64,32,132,1,0,5042,0,86.796283722
1,"map(tofrom: a)",64,32,132,1,1,758,0,43.404102325
1,"map(tofrom: a)",64,32,132,1,1,3,0,32.854080200
1,"map(tofrom: a)",64,32,132,1,1,3140,0,66.554546356
1,"map(tofrom: a)",64,32,132,1,1,1955,0,53.989887238
1,"map(tofrom: a)",64,32,132,1,1,44,0,36.251544952
1,"map(tofrom: a)",64,32,132,1,1,17,0,34.904479980
1,"map(tofrom: a)",64,32,132,1,1,294,0,37.455558777
1,"map(tofrom: a)",64,32,132,1,1,28,0,32.496452332
1,"map(tofrom: a)",64,32,132,1,1,114,0,36.346912384
1,"map(tofrom: a)",64,32,132,1,1,2,0,34.689903259
1,"map(tofrom: a)",64,32,132,1,1,7,0,34.046173096
1,"map(tofrom: a)",64,32,132,1,1,183,0,34.749507904
1,"map(tofrom: a)",64,32,132,1,1,8096,0,119.149684906
1,"map(tofrom: a)",64,32,132,1,1,11,0,34.904479980
1,"map(tofrom: a)",64,32,132,1,1,1,0,33.855438232
1,"map(tofrom: a)",64,32,132,1,1,1218,0,46.849250793
1,"map(tofrom: a)",64,32,132,1,1,472,0,38.599967957
1,"map(tofrom: a)",64,32,132,1,1,71,0,36.549568176
1,"map(tofrom: a)",64,32,132,1,1,5042,0,84.853172302
1,"map(tofrom: a)",64,32,132,1,1,4,0,33.307075500
1,"map(tofrom: a)",64,32,132,1,2,2,0,33.199787140
1,"map(tofrom: a)",64,32,132,1,2,71,0,36.847591400
1,"map(tofrom: a)",64,32,132,1,2,17,0,31.805038452
1,"map(tofrom: a)",64,32,132,1,2,472,0,36.048889160
1,"map(tofrom: a)",64,32,132,1,2,5042,0,88.894367218
1,"map(tofrom: a)",64,32,132,1,2,28,0,35.059452057
1,"map(tofrom: a)",64,32,132,1,2,44,0,34.153461456
1,"map(tofrom: a)",64,32,132,1,2,1218,0,47.302246094
1,"map(tofrom: a)",64,32,132,1,2,4,0,33.056735992
1,"map(tofrom: a)",64,32,132,1,2,1955,0,55.301189423
1,"map(tofrom: a)",64,32,132,1,2,183,0,37.848949432
1,"map(tofrom: a)",64,32,132,1,2,7,0,34.451484680
1,"map(tofrom: a)",64,32,132,1,2,758,0,42.545795441
1,"map(tofrom: a)",64,32,132,1,2,1,0,33.950805664
1,"map(tofrom: a)",64,32,132,1,2,3140,0,67.698955536
1,"map(tofrom: a)",64,32,132,1,2,8096,0,120.151042938
1,"map(tofrom: a)",64,32,132,1,2,3,0,34.999847412
1,"map(tofrom: a)",64,32,132,1,2,114,0,36.942958832
1,"map(tofrom: a)",64,32,132,1,2,11,0,32.293796539
1,"map(tofrom: a)",64,32,132,1,2,294,0,38.301944733
1,"map(tofrom: a)",64,32,132,1,3,1,0,33.497810364
1,"map(tofrom: a)",64,32,132,1,3,17,0,34.654140472
1,"map(tofrom: a)",64,32,132,1,3,294,0,31.352043152
1,"map(tofrom: a)",64,32,132,1,3,5042,0,87.094306946
1,"map(tofrom: a)",64,32,132,1,3,114,0,35.560131073
1,"map(tofrom: a)",64,32,132,1,3,28,0,35.107135773
1,"map(tofrom: a)",64,32,132,1,3,1218,0,46.849250793
1,"map(tofrom: a)",64,32,132,1,3,2,0,32.448768616
1,"map(tofrom: a)",64,32,132,1,3,3,0,32.794475555
1,"map(tofrom: a)",64,32,132,1,3,4,0,35.548210144
1,"map(tofrom: a)",64,32,132,1,3,758,0,40.245056152
1,"map(tofrom: a)",64,32,132,1,3,11,0,35.440921783
1,"map(tofrom: a)",64,32,132,1,3,44,0,34.701824188
1,"map(tofrom: a)",64,32,132,1,3,472,0,34.749507904
1,"map(tofrom: a)",64,32,132,1,3,7,0,34.654140472
1,"map(tofrom: a)",64,32,132,1,3,1955,0,53.906440735
1,"map(tofrom: a)",64,32,132,1,3,71,0,35.309791565
1,"map(tofrom: a)",64,32,132,1,3,183,0,36.203861237
1,"map(tofrom: a)",64,32,132,1,3,8096,0,119.006633759
1,"map(tofrom: a)",64,32,132,1,3,3140,0,67.353248596
1,"map(tofrom: a)",64,32,132,1,4,472,0,37.610530853
1,"map(tofrom: a)",64,32,132,1,4,71,0,35.297870636
1,"map(tofrom: a)",64,32,132,1,4,1,0,34.058094025
1,"map(tofrom: a)",64,32,132,1,4,11,0,33.950805664
1,"map(tofrom: a)",64,32,132,1,4,4,0,33.795833588
1,"map(tofrom: a)",64,32,132,1,4,3140,0,64.992904663
1,"map(tofrom: a)",64,32,132,1,4,28,0,35.595893860
1,"map(tofrom: a)",64,32,132,1,4,1218,0,46.050548553
1,"map(tofrom: a)",64,32,132,1,4,2,0,34.952163696
1,"map(tofrom: a)",64,32,132,1,4,183,0,36.203861237
1,"map(tofrom: a)",64,32,132,1,4,5042,0,87.106227875
1,"map(tofrom: a)",64,32,132,1,4,114,0,35.953521729
1,"map(tofrom: a)",64,32,132,1,4,3,0,35.047531128
1,"map(tofrom: a)",64,32,132,1,4,44,0,34.451484680
1,"map(tofrom: a)",64,32,132,1,4,758,0,41.496753693
1,"map(tofrom: a)",64,32,132,1,4,8096,0,119.042396545
1,"map(tofrom: a)",64,32,132,1,4,1955,0,54.204463959
1,"map(tofrom: a)",64,32,132,1,4,294,0,39.350986481
1,"map(tofrom: a)",64,32,132,1,4,7,0,33.354759216
1,"map(tofrom: a)",64,32,132,1,4,17,0,34.904479980
1,"map(tofrom: a)",256,32,132,0,0,7,0,35.250186920
1,"map(tofrom: a)",256,32,132,0,0,114,0,37.157535553
1,"map(tofrom: a)",256,32,132,0,0,3,0,35.560131073
1,"map(tofrom: a)",256,32,132,0,0,17,0,35.691261292
1,"map(tofrom: a)",256,32,132,0,0,1,0,34.344196320
1,"map(tofrom: a)",256,32,132,0,0,44,0,34.952163696
1,"map(tofrom: a)",256,32,132,0,0,294,0,34.856796265
1,"map(tofrom: a)",256,32,132,0,0,3140,0,65.755844116
1,"map(tofrom: a)",256,32,132,0,0,4,0,34.797191620
1,"map(tofrom: a)",256,32,132,0,0,1955,0,53.954124451
1,"map(tofrom: a)",256,32,132,0,0,183,0,35.297870636
1,"map(tofrom: a)",256,32,132,0,0,8096,0,117.254257202
1,"map(tofrom: a)",256,32,132,0,0,758,0,42.903423309
1,"map(tofrom: a)",256,32,132,0,0,71,0,36.096572876
1,"map(tofrom: a)",256,32,132,0,0,2,0,33.891201019
1,"map(tofrom: a)",256,32,132,0,0,11,0,36.597251892
1,"map(tofrom: a)",256,32,132,0,0,28,0,36.501884460
1,"map(tofrom: a)",256,32,132,0,0,5042,0,86.057186127
1,"map(tofrom: a)",256,32,132,0,0,1218,0,46.002864838
1,"map(tofrom: a)",256,32,132,0,0,472,0,38.301944733
1,"map(tofrom: a)",256,32,132,0,1,4,0,33.950805664
1,"map(tofrom: a)",256,32,132,0,1,1,0,36.048889160
1,"map(tofrom: a)",256,32,132,0,1,17,0,34.248828888
1,"map(tofrom: a)",256,32,132,0,1,28,0,36.656856537
1,"map(tofrom: a)",256,32,132,0,1,11,0,32.806396484
1,"map(tofrom: a)",256,32,132,0,1,3140,0,65.004825592
1,"map(tofrom: a)",256,32,132,0,1,2,0,35.047531128
1,"map(tofrom: a)",256,32,132,0,1,758,0,43.344497681
1,"map(tofrom: a)",256,32,132,0,1,1218,0,46.753883362
1,"map(tofrom: a)",256,32,132,0,1,44,0,34.248828888
1,"map(tofrom: a)",256,32,132,0,1,71,0,36.406517029
1,"map(tofrom: a)",256,32,132,0,1,114,0,36.692619324
1,"map(tofrom: a)",256,32,132,0,1,294,0,38.242340088
1,"map(tofrom: a)",256,32,132,0,1,7,0,33.247470856
1,"map(tofrom: a)",256,32,132,0,1,183,0,38.707256317
1,"map(tofrom: a)",256,32,132,0,1,8096,0,119.853019714
1,"map(tofrom: a)",256,32,132,0,1,472,0,38.659572601
1,"map(tofrom: a)",256,32,132,0,1,1955,0,54.204463959
1,"map(tofrom: a)",256,32,132,0,1,3,0,31.995773315
1,"map(tofrom: a)",256,32,132,0,1,5042,0,88.548660278
1,"map(tofrom: a)",256,32,132,0,2,3,0,30.946731567
1,"map(tofrom: a)",256,32,132,0,2,44,0,35.345554352
1,"map(tofrom: a)",256,32,132,0,2,1,0,34.105777740
1,"map(tofrom: a)",256,32,132,0,2,183,0,37.646293640
1,"map(tofrom: a)",256,32,132,0,2,294,0,38.897991180
1,"map(tofrom: a)",256,32,132,0,2,5042,0,86.641311646
1,"map(tofrom: a)",256,32,132,0,2,7,0,33.760070801
1,"map(tofrom: a)",256,32,132,0,2,8096,0,119.006633759
1,"map(tofrom: a)",256,32,132,0,2,2,0,34.654140472
1,"map(tofrom: a)",256,32,132,0,2,114,0,37.097930908
1,"map(tofrom: a)",256,32,132,0,2,71,0,36.704540253
1,"map(tofrom: a)",256,32,132,0,2,1955,0,52.607059479
1,"map(tofrom: a)",256,32,132,0,2,17,0,35.953521729
1,"map(tofrom: a)",256,32,132,0,2,472,0,39.744377136
1,"map(tofrom: a)",256,32,132,0,2,11,0,34.499168396
1,"map(tofrom: a)",256,32,132,0,2,1218,0,46.443939209
1,"map(tofrom: a)",256,32,132,0,2,4,0,34.403800964
1,"map(tofrom: a)",256,32,132,0,2,3140,0,65.696239471
1,"map(tofrom: a)",256,32,132,0,2,758,0,42.045116425
1,"map(tofrom: a)",256,32,132,0,2,28,0,35.953521729
1,"map(tofrom: a)",256,32,132,0,3,11,0,35.846233368
1,"map(tofrom: a)",256,32,132,0,3,4,0,35.250186920
1,"map(tofrom: a)",256,32,132,0,3,5042,0,88.405609131
1,"map(tofrom: a)",256,32,132,0,3,183,0,36.156177521
1,"map(tofrom: a)",256,32,132,0,3,17,0,35.297870636
1,"map(tofrom: a)",256,32,132,0,3,3,0,34.046173096
1,"map(tofrom: a)",256,32,132,0,3,28,0,33.557415009
1,"map(tofrom: a)",256,32,132,0,3,1218,0,46.849250793
1,"map(tofrom: a)",256,32,132,0,3,114,0,36.799907684
1,"map(tofrom: a)",256,32,132,0,3,758,0,43.439865112
1,"map(tofrom: a)",256,32,132,0,3,1955,0,52.142143250
1,"map(tofrom: a)",256,32,132,0,3,472,0,37.395954132
1,"map(tofrom: a)",256,32,132,0,3,7,0,35.405158997
1,"map(tofrom: a)",256,32,132,0,3,44,0,36.001205444
1,"map(tofrom: a)",256,32,132,0,3,3140,0,67.198276520
1,"map(tofrom: a)",256,32,132,0,3,8096,0,120.246410370
1,"map(tofrom: a)",256,32,132,0,3,71,0,34.296512604
1,"map(tofrom: a)",256,32,132,0,3,1,0,35.905838013
1,"map(tofrom: a)",256,32,132,0,3,2,0,34.654140472
1,"map(tofrom: a)",256,32,132,0,3,294,0,39.291381836
1,"map(tofrom: a)",256,32,132,0,4,3,0,35.250186920
1,"map(tofrom: a)",256,32,132,0,4,8096,0,119.006633759
1,"map(tofrom: a)",256,32,132,0,4,1,0,36.656856537
1,"map(tofrom: a)",256,32,132,0,4,28,0,36.942958832
1,"map(tofrom: a)",256,32,132,0,4,17,0,34.439563751
1,"map(tofrom: a)",256,32,132,0,4,5042,0,89.693069458
1,"map(tofrom: a)",256,32,132,0,4,7,0,35.452842712
1,"map(tofrom: a)",256,32,132,0,4,114,0,36.597251892
1,"map(tofrom: a)",256,32,132,0,4,44,0,37.503242493
1,"map(tofrom: a)",256,32,132,0,4,2,0,34.093856812
1,"map(tofrom: a)",256,32,132,0,4,294,0,37.992000580
1,"map(tofrom: a)",256,32,132,0,4,758,0,42.903423309
1,"map(tofrom: a)",256,32,132,0,4,183,0,36.847591400
1,"map(tofrom: a)",256,32,132,0,4,4,0,32.305717468
1,"map(tofrom: a)",256,32,132,0,4,1218,0,45.847892761
1,"map(tofrom: a)",256,32,132,0,4,71,0,34.403800964
1,"map(tofrom: a)",256,32,132,0,4,1955,0,53.250789642
1,"map(tofrom: a)",256,32,132,0,4,11,0,32.699108124
1,"map(tofrom: a)",256,32,132,0,4,472,0,37.300586700
1,"map(tofrom: a)",256,32,132,0,4,3140,0,68.092346191
1,"map(tofrom: a)",256,32,132,1,0,2,0,34.809112549
1,"map(tofrom: a)",256,32,132,1,0,4,0,34.749507904
1,"map(tofrom: a)",256,32,132,1,0,472,0,37.658214569
1,"map(tofrom: a)",256,32,132,1,0,3140,0,67.055225372
1,"map(tofrom: a)",256,32,132,1,0,183,0,37.395954132
1,"map(tofrom: a)",256,32,132,1,0,28,0,36.346912384
1,"map(tofrom: a)",256,32,132,1,0,71,0,36.656856537
1,"map(tofrom: a)",256,32,132,1,0,1218,0,48.792362213
1,"map(tofrom: a)",256,32,132,1,0,294,0,38.695335388
1,"map(tofrom: a)",256,32,132,1,0,1,0,34.749507904
1,"map(tofrom: a)",256,32,132,1,0,7,0,34.105777740
1,"map(tofrom: a)",256,32,132,1,0,1955,0,55.599212646
1,"map(tofrom: a)",256,32,132,1,0,758,0,40.340423584
1,"map(tofrom: a)",256,32,132,1,0,114,0,32.544136047
1,"map(tofrom: a)",256,32,132,1,0,11,0,35.202503204
1,"map(tofrom: a)",256,32,132,1,0,3,0,34.606456757
1,"map(tofrom: a)",256,32,132,1,0,8096,0,120.103359222
1,"map(tofrom: a)",256,32,132,1,0,44,0,36.454200745
1,"map(tofrom: a)",256,32,132,1,0,17,0,33.152103424
1,"map(tofrom: a)",256,32,132,1,0,5042,0,89.645385742
1,"map(tofrom: a)",256,32,132,1,1,758,0,42.104721069
1,"map(tofrom: a)",256,32,132,1,1,3,0,35.393238068
1,"map(tofrom: a)",256,32,132,1,1,3140,0,67.102909088
1,"map(tofrom: a)",256,32,132,1,1,1955,0,55.098533630
1,"map(tofrom: a)",256,32,132,1,1,44,0,34.856796265
1,"map(tofrom: a)",256,32,132,1,1,17,0,35.107135773
1,"map(tofrom: a)",256,32,132,1,1,294,0,39.601325989
1,"map(tofrom: a)",256,32,132,1,1,28,0,35.440921783
1,"map(tofrom: a)",256,32,132,1,1,114,0,36.454200745
1,"map(tofrom: a)",256,32,132,1,1,2,0,33.354759216
1,"map(tofrom: a)",256,32,132,1,1,7,0,36.096572876
1,"map(tofrom: a)",256,32,132,1,1,183,0,35.142898560
1,"map(tofrom: a)",256,32,132,1,1,8096,0,118.052959442
1,"map(tofrom: a)",256,32,132,1,1,11,0,34.153461456
1,"map(tofrom: a)",256,32,132,1,1,1,0,33.295154572
1,"map(tofrom: a)",256,32,132,1,1,1218,0,42.843818665
1,"map(tofrom: a)",256,32,132,1,1,472,0,38.707256317
1,"map(tofrom: a)",256,32,132,1,1,71,0,36.895275116
1,"map(tofrom: a)",256,32,132,1,1,5042,0,87.642669678
1,"map(tofrom: a)",256,32,132,1,1,4,0,36.406517029
1,"map(tofrom: a)",256,32,132,1,2,2,0,35.452842712
1,"map(tofrom: a)",256,32,132,1,2,71,0,36.549568176
1,"map(tofrom: a)",256,32,132,1,2,17,0,36.251544952
1,"map(tofrom: a)",256,32,132,1,2,472,0,38.099288940
1,"map(tofrom: a)",256,32,132,1,2,5042,0,86.700916290
1,"map(tofrom: a)",256,32,132,1,2,28,0,36.096572876
1,"map(tofrom: a)",256,32,132,1,2,44,0,35.691261292
1,"map(tofrom: a)",256,32,132,1,2,1218,0,48.351287842
1,"map(tofrom: a)",256,32,132,1,2,4,0,32.293796539
1,"map(tofrom: a)",256,32,132,1,2,1955,0,54.156780243
1,"map(tofrom: a)",256,32,132,1,2,183,0,37.252902985
1,"map(tofrom: a)",256,32,132,1,2,7,0,34.058094025
1,"map(tofrom: a)",256,32,132,1,2,758,0,42.092800140
1,"map(tofrom: a)",256,32,132,1,2,1,0,36.096572876
1,"map(tofrom: a)",256,32,132,1,2,3140,0,66.447257996
1,"map(tofrom: a)",256,32,132,1,2,8096,0,119.400024414
1,"map(tofrom: a)",256,32,132,1,2,3,0,33.056735992
1,"map(tofrom: a)",256,32,132,1,2,114,0,37.252902985
1,"map(tofrom: a)",256,32,132,1,2,11,0,33.950805664
1,"map(tofrom: a)",256,32,132,1,2,294,0,37.455558777
1,"map(tofrom: a)",256,32,132,1,3,1,0,34.403800964
1,"map(tofrom: a)",256,32,132,1,3,17,0,33.545494080
1,"map(tofrom: a)",256,32,132,1,3,294,0,35.798549652
1,"map(tofrom: a)",256,32,132,1,3,5042,0,89.108943939
1,"map(tofrom: a)",256,32,132,1,3,114,0,36.597251892
1,"map(tofrom: a)",256,32,132,1,3,28,0,35.345554352
1,"map(tofrom: a)",256,32,132,1,3,1218,0,46.753883362
1,"map(tofrom: a)",256,32,132,1,3,2,0,33.450126648
1,"map(tofrom: a)",256,32,132,1,3,3,0,35.047531128
1,"map(tofrom: a)",256,32,132,1,3,4,0,34.999847412
1,"map(tofrom: a)",256,32,132,1,3,758,0,42.641162872
1,"map(tofrom: a)",256,32,132,1,3,11,0,32.150745392
1,"map(tofrom: a)",256,32,132,1,3,44,0,36.048889160
1,"map(tofrom: a)",256,32,132,1,3,472,0,37.050247192
1,"map(tofrom: a)",256,32,132,1,3,7,0,30.696392059
1,"map(tofrom: a)",256,32,132,1,3,1955,0,55.348873138
1,"map(tofrom: a)",256,32,132,1,3,71,0,36.752223969
1,"map(tofrom: a)",256,32,132,1,3,183,0,36.096572876
1,"map(tofrom: a)",256,32,132,1,3,8096,0,118.446350098
1,"map(tofrom: a)",256,32,132,1,3,3140,0,67.746639252
1,"map(tofrom: a)",256,32,132,1,4,472,0,35.059452057
1,"map(tofrom: a)",256,32,132,1,4,71,0,36.442279816
1,"map(tofrom: a)",256,32,132,1,4,1,0,34.296512604
1,"map(tofrom: a)",256,32,132,1,4,11,0,33.199787140
1,"map(tofrom: a)",256,32,132,1,4,4,0,33.950805664
1,"map(tofrom: a)",256,32,132,1,4,3140,0,64.849853516
1,"map(tofrom: a)",256,32,132,1,4,28,0,34.046173096
1,"map(tofrom: a)",256,32,132,1,4,1218,0,45.692920685
1,"map(tofrom: a)",256,32,132,1,4,2,0,35.858154297
1,"map(tofrom: a)",256,32,132,1,4,183,0,37.300586700
1,"map(tofrom: a)",256,32,132,1,4,5042,0,85.699558258
1,"map(tofrom: a)",256,32,132,1,4,114,0,37.693977356
1,"map(tofrom: a)",256,32,132,1,4,3,0,34.391880035
1,"map(tofrom: a)",256,32,132,1,4,44,0,36.191940308
1,"map(tofrom: a)",256,32,132,1,4,758,0,40.650367737
1,"map(tofrom: a)",256,32,132,1,4,8096,0,118.541717529
1,"map(tofrom: a)",256,32,132,1,4,1955,0,55.348873138
1,"map(tofrom: a)",256,32,132,1,4,294,0,37.753582001
1,"map(tofrom: a)",256,32,132,1,4,7,0,36.656856537
1,"map(tofrom: a)",256,32,132,1,4,17,0,35.405158997
1,"map(tofrom: a)",1024,32,132,0,0,7,0,37.801265717
1,"map(tofrom: a)",1024,32,132,0,0,114,0,37.193298340
1,"map(tofrom: a)",1024,32,132,0,0,3,0,35.893917084
1,"map(tofrom: a)",1024,32,132,0,0,17,0,37.240982056
1,"map(tofrom: a)",1024,32,132,0,0,1,0,36.299228668
1,"map(tofrom: a)",1024,32,132,0,0,44,0,38.599967957
1,"map(tofrom: a)",1024,32,132,0,0,294,0,41.198730469
1,"map(tofrom: a)",1024,32,132,0,0,3140,0,69.499015808
1,"map(tofrom: a)",1024,32,132,0,0,4,0,35.595893860
1,"map(tofrom: a)",1024,32,132,0,0,1955,0,54.943561554
1,"map(tofrom: a)",1024,32,132,0,0,183,0,39.601325989
1,"map(tofrom: a)",1024,32,132,0,0,8096,0,120.496749878
1,"map(tofrom: a)",1024,32,132,0,0,758,0,45.251846313
1,"map(tofrom: a)",1024,32,132,0,0,71,0,40.042400360
1,"map(tofrom: a)",1024,32,132,0,0,2,0,34.153461456
1,"map(tofrom: a)",1024,32,132,0,0,11,0,37.801265717
1,"map(tofrom: a)",1024,32,132,0,0,28,0,40.102005005
1,"map(tofrom: a)",1024,32,132,0,0,5042,0,89.502334595
1,"map(tofrom: a)",1024,32,132,0,0,1218,0,47.945976257
1,"map(tofrom: a)",1024,32,132,0,0,472,0,41.604042053
1,"map(tofrom: a)",1024,32,132,0,1,4,0,35.345554352
1,"map(tofrom: a)",1024,32,132,0,1,1,0,36.358833313
1,"map(tofrom: a)",1024,32,132,0,1,17,0,37.693977356
1,"map(tofrom: a)",1024,32,132,0,1,28,0,36.740303040
1,"map(tofrom: a)",1024,32,132,0,1,11,0,37.550926208
1,"map(tofrom: a)",1024,32,132,0,1,3140,0,68.545341492
1,"map(tofrom: a)",1024,32,132,0,1,2,0,36.203861237
1,"map(tofrom: a)",1024,32,132,0,1,758,0,44.250488281
1,"map(tofrom: a)",1024,32,132,0,1,1218,0,48.959255219
1,"map(tofrom: a)",1024,32,132,0,1,44,0,38.003921509
1,"map(tofrom: a)",1024,32,132,0,1,71,0,38.146972656
1,"map(tofrom: a)",1024,32,132,0,1,114,0,39.207935333
1,"map(tofrom: a)",1024,32,132,0,1,294,0,40.948390961
1,"map(tofrom: a)",1024,32,132,0,1,7,0,37.097930908
1,"map(tofrom: a)",1024,32,132,0,1,183,0,37.646293640
1,"map(tofrom: a)",1024,32,132,0,1,8096,0,121.855735779
1,"map(tofrom: a)",1024,32,132,0,1,472,0,41.246414185
1,"map(tofrom: a)",1024,32,132,0,1,1955,0,57.399272919
1,"map(tofrom: a)",1024,32,132,0,1,3,0,34.856796265
1,"map(tofrom: a)",1024,32,132,0,1,5042,0,88.453292847
1,"map(tofrom: a)",1024,32,132,0,2,3,0,36.299228668
1,"map(tofrom: a)",1024,32,132,0,2,44,0,39.196014404
1,"map(tofrom: a)",1024,32,132,0,2,1,0,35.548210144
1,"map(tofrom: a)",1024,32,132,0,2,183,0,40.602684021
1,"map(tofrom: a)",1024,32,132,0,2,294,0,41.246414185
1,"map(tofrom: a)",1024,32,132,0,2,5042,0,90.110301971
1,"map(tofrom: a)",1024,32,132,0,2,7,0,37.050247192
1,"map(tofrom: a)",1024,32,132,0,2,8096,0,122.201442719
1,"map(tofrom: a)",1024,32,132,0,2,2,0,34.403800964
1,"map(tofrom: a)",1024,32,132,0,2,114,0,35.905838013
1,"map(tofrom: a)",1024,32,132,0,2,71,0,40.745735168
1,"map(tofrom: a)",1024,32,132,0,2,1955,0,58.197975159
1,"map(tofrom: a)",1024,32,132,0,2,17,0,38.254261017
1,"map(tofrom: a)",1024,32,132,0,2,472,0,40.102005005
1,"map(tofrom: a)",1024,32,132,0,2,11,0,36.799907684
1,"map(tofrom: a)",1024,32,132,0,2,1218,0,47.957897186
1,"map(tofrom: a)",1024,32,132,0,2,4,0,38.552284241
1,"map(tofrom: a)",1024,32,132,0,2,3140,0,67.949295044
1,"map(tofrom: a)",1024,32,132,0,2,758,0,44.155120850
1,"map(tofrom: a)",1024,32,132,0,2,28,0,38.897991180
1,"map(tofrom: a)",1024,32,132,0,3,11,0,37.455558777
1,"map(tofrom: a)",1024,32,132,0,3,4,0,37.503242493
1,"map(tofrom: a)",1024,32,132,0,3,5042,0,89.502334595
1,"map(tofrom: a)",1024,32,132,0,3,183,0,39.446353912
1,"map(tofrom: a)",1024,32,132,0,3,17,0,37.300586700
1,"map(tofrom: a)",1024,32,132,0,3,3,0,34.856796265
1,"map(tofrom: a)",1024,32,132,0,3,28,0,37.693977356
1,"map(tofrom: a)",1024,32,132,0,3,1218,0,48.696994781
1,"map(tofrom: a)",1024,32,132,0,3,114,0,37.908554077
1,"map(tofrom: a)",1024,32,132,0,3,758,0,43.046474457
1,"map(tofrom: a)",1024,32,132,0,3,1955,0,58.400630951
1,"map(tofrom: a)",1024,32,132,0,3,472,0,40.447711945
1,"map(tofrom: a)",1024,32,132,0,3,7,0,36.442279816
1,"map(tofrom: a)",1024,32,132,0,3,44,0,35.297870636
1,"map(tofrom: a)",1024,32,132,0,3,3140,0,70.095062256
1,"map(tofrom: a)",1024,32,132,0,3,8096,0,121.343135834
1,"map(tofrom: a)",1024,32,132,0,3,71,0,37.455558777
1,"map(tofrom: a)",1024,32,132,0,3,1,0,37.002563477
1,"map(tofrom: a)",1024,32,132,0,3,2,0,37.205219269
1,"map(tofrom: a)",1024,32,132,0,3,294,0,39.947032928
1,"map(tofrom: a)",1024,32,132,0,4,3,0,37.848949432
1,"map(tofrom: a)",1024,32,132,0,4,8096,0,120.699405670
1,"map(tofrom: a)",1024,32,132,0,4,1,0,36.644935608
1,"map(tofrom: a)",1024,32,132,0,4,28,0,39.005279541
1,"map(tofrom: a)",1024,32,132,0,4,17,0,37.193298340
1,"map(tofrom: a)",1024,32,132,0,4,5042,0,88.739395142
1,"map(tofrom: a)",1024,32,132,0,4,7,0,35.095214844
1,"map(tofrom: a)",1024,32,132,0,4,114,0,38.945674896
1,"map(tofrom: a)",1024,32,132,0,4,44,0,36.609172821
1,"map(tofrom: a)",1024,32,132,0,4,2,0,37.908554077
1,"map(tofrom: a)",1024,32,132,0,4,294,0,40.805339813
1,"map(tofrom: a)",1024,32,132,0,4,758,0,45.001506805
1,"map(tofrom: a)",1024,32,132,0,4,183,0,39.541721344
1,"map(tofrom: a)",1024,32,132,0,4,4,0,34.153461456
1,"map(tofrom: a)",1024,32,132,0,4,1218,0,49.507617950
1,"map(tofrom: a)",1024,32,132,0,4,71,0,40.757656097
1,"map(tofrom: a)",1024,32,132,0,4,1955,0,57.208538055
1,"map(tofrom: a)",1024,32,132,0,4,11,0,35.595893860
1,"map(tofrom: a)",1024,32,132,0,4,472,0,41.854381561
1,"map(tofrom: a)",1024,32,132,0,4,3140,0,69.499015808
1,"map(tofrom: a)",1024,32,132,1,0,2,0,35.893917084
1,"map(tofrom: a)",1024,32,132,1,0,4,0,36.048889160
1,"map(tofrom: a)",1024,32,132,1,0,472,0,40.650367737
1,"map(tofrom: a)",1024,32,132,1,0,3140,0,68.247318268
1,"map(tofrom: a)",1024,32,132,1,0,183,0,38.051605225
1,"map(tofrom: a)",1024,32,132,1,0,28,0,37.050247192
1,"map(tofrom: a)",1024,32,132,1,0,71,0,38.897991180
1,"map(tofrom: a)",1024,32,132,1,0,1218,0,49.602985382
1,"map(tofrom: a)",1024,32,132,1,0,294,0,39.052963257
1,"map(tofrom: a)",1024,32,132,1,0,1,0,36.001205444
1,"map(tofrom: a)",1024,32,132,1,0,7,0,36.489963531
1,"map(tofrom: a)",1024,32,132,1,0,1955,0,56.600570679
1,"map(tofrom: a)",1024,32,132,1,0,758,0,45.299530029
1,"map(tofrom: a)",1024,32,132,1,0,114,0,34.892559052
1,"map(tofrom: a)",1024,32,132,1,0,11,0,37.956237793
1,"map(tofrom: a)",1024,32,132,1,0,3,0,34.356117249
1,"map(tofrom: a)",1024,32,132,1,0,8096,0,121.450424194
1,"map(tofrom: a)",1024,32,132,1,0,44,0,38.754940033
1,"map(tofrom: a)",1024,32,132,1,0,17,0,37.956237793
1,"map(tofrom: a)",1024,32,132,1,0,5042,0,90.301036835
1,"map(tofrom: a)",1024,32,132,1,1,758,0,44.846534729
1,"map(tofrom: a)",1024,32,132,1,1,3,0,36.597251892
1,"map(tofrom: a)",1024,32,132,1,1,3140,0,69.355964661
1,"map(tofrom: a)",1024,32,132,1,1,1955,0,56.052207947
1,"map(tofrom: a)",1024,32,132,1,1,44,0,37.598609924
1,"map(tofrom: a)",1024,32,132,1,1,17,0,37.801265717
1,"map(tofrom: a)",1024,32,132,1,1,294,0,40.650367737
1,"map(tofrom: a)",1024,32,132,1,1,28,0,39.851665497
1,"map(tofrom: a)",1024,32,132,1,1,114,0,39.446353912
1,"map(tofrom: a)",1024,32,132,1,1,2,0,37.002563477
1,"map(tofrom: a)",1024,32,132,1,1,7,0,37.801265717
1,"map(tofrom: a)",1024,32,132,1,1,183,0,39.803981781
1,"map(tofrom: a)",1024,32,132,1,1,8096,0,121.557712555
1,"map(tofrom: a)",1024,32,132,1,1,11,0,36.895275116
1,"map(tofrom: a)",1024,32,132,1,1,1,0,37.550926208
1,"map(tofrom: a)",1024,32,132,1,1,1218,0,49.400329590
1,"map(tofrom: a)",1024,32,132,1,1,472,0,41.401386261
1,"map(tofrom: a)",1024,32,132,1,1,71,0,37.908554077
1,"map(tofrom: a)",1024,32,132,1,1,5042,0,89.347362518
1,"map(tofrom: a)",1024,32,132,1,1,4,0,36.358833313
1,"map(tofrom: a)",1024,32,132,1,2,2,0,36.048889160
1,"map(tofrom: a)",1024,32,132,1,2,71,0,38.599967957
1,"map(tofrom: a)",1024,32,132,1,2,17,0,37.300586700
1,"map(tofrom: a)",1024,32,132,1,2,472,0,41.055679321
1,"map(tofrom: a)",1024,32,132,1,2,5042,0,89.144706726
1,"map(tofrom: a)",1024,32,132,1,2,28,0,36.549568176
1,"map(tofrom: a)",1024,32,132,1,2,44,0,40.698051453
1,"map(tofrom: a)",1024,32,132,1,2,1218,0,50.199031830
1,"map(tofrom: a)",1024,32,132,1,2,4,0,35.798549652
1,"map(tofrom: a)",1024,32,132,1,2,1955,0,56.147575378
1,"map(tofrom: a)",1024,32,132,1,2,183,0,39.303302765
1,"map(tofrom: a)",1024,32,132,1,2,7,0,38.194656372
1,"map(tofrom: a)",1024,32,132,1,2,758,0,43.308734894
1,"map(tofrom: a)",1024,32,132,1,2,1,0,38.051605225
1,"map(tofrom: a)",1024,32,132,1,2,3140,0,70.047378540
1,"map(tofrom: a)",1024,32,132,1,2,8096,0,122.404098511
1,"map(tofrom: a)",1024,32,132,1,2,3,0,37.908554077
1,"map(tofrom: a)",1024,32,132,1,2,114,0,39.744377136
1,"map(tofrom: a)",1024,32,132,1,2,11,0,36.203861237
1,"map(tofrom: a)",1024,32,132,1,2,294,0,40.006637573
1,"map(tofrom: a)",1024,32,132,1,3,1,0,35.846233368
1,"map(tofrom: a)",1024,32,132,1,3,17,0,37.598609924
1,"map(tofrom: a)",1024,32,132,1,3,294,0,40.555000305
1,"map(tofrom: a)",1024,32,132,1,3,5042,0,91.052055359
1,"map(tofrom: a)",1024,32,132,1,3,114,0,37.205219269
1,"map(tofrom: a)",1024,32,132,1,3,28,0,36.394596100
1,"map(tofrom: a)",1024,32,132,1,3,1218,0,49.042701721
1,"map(tofrom: a)",1024,32,132,1,3,2,0,34.844875336
1,"map(tofrom: a)",1024,32,132,1,3,3,0,37.705898285
1,"map(tofrom: a)",1024,32,132,1,3,4,0,35.500526428
1,"map(tofrom: a)",1024,32,132,1,3,758,0,45.692920685
1,"map(tofrom: a)",1024,32,132,1,3,11,0,35.548210144
1,"map(tofrom: a)",1024,32,132,1,3,44,0,38.051605225
1,"map(tofrom: a)",1024,32,132,1,3,472,0,40.650367737
1,"map(tofrom: a)",1024,32,132,1,3,7,0,35.250186920
1,"map(tofrom: a)",1024,32,132,1,3,1955,0,58.293342590
1,"map(tofrom: a)",1024,32,132,1,3,71,0,37.944316864
1,"map(tofrom: a)",1024,32,132,1,3,183,0,39.994716644
1,"map(tofrom: a)",1024,32,132,1,3,8096,0,121.998786926
1,"map(tofrom: a)",1024,32,132,1,3,3140,0,70.548057556
1,"map(tofrom: a)",1024,32,132,1,4,472,0,40.447711945
1,"map(tofrom: a)",1024,32,132,1,4,71,0,40.149688721
1,"map(tofrom: a)",1024,32,132,1,4,1,0,36.799907684
1,"map(tofrom: a)",1024,32,132,1,4,11,0,33.044815063
1,"map(tofrom: a)",1024,32,132,1,4,4,0,37.848949432
1,"map(tofrom: a)",1024,32,132,1,4,3140,0,70.250034332
1,"map(tofrom: a)",1024,32,132,1,4,28,0,36.895275116
1,"map(tofrom: a)",1024,32,132,1,4,1218,0,47.051906586
1,"map(tofrom: a)",1024,32,132,1,4,2,0,37.753582001
1,"map(tofrom: a)",1024,32,132,1,4,183,0,39.243698120
1,"map(tofrom: a)",1024,32,132,1,4,5042,0,88.846683502
1,"map(tofrom: a)",1024,32,132,1,4,114,0,40.304660797
1,"map(tofrom: a)",1024,32,132,1,4,3,0,36.203861237
1,"map(tofrom: a)",1024,32,132,1,4,44,0,38.456916809
1,"map(tofrom: a)",1024,32,132,1,4,758,0,44.751167297
1,"map(tofrom: a)",1024,32,132,1,4,8096,0,120.997428894
1,"map(tofrom: a)",1024,32,132,1,4,1955,0,56.791305542
1,"map(tofrom: a)",1024,32,132,1,4,294,0,42.545795441
1,"map(tofrom: a)",1024,32,132,1,4,7,0,37.300586700
1,"map(tofrom: a)",1024,32,132,1,4,17,0,37.348270416
1,"map(tofrom: a)",4096,32,132,0,0,7,0,53.298473358
1,"map(tofrom: a)",4096,32,132,0,0,114,0,54.252147675
1,"map(tofrom: a)",4096,32,132,0,0,3,0,49.352645874
1,"map(tofrom: a)",4096,32,132,0,0,17,0,51.295757294
1,"map(tofrom: a)",4096,32,132,0,0,1,0,46.050548553
1,"map(tofrom: a)",4096,32,132,0,0,44,0,51.295757294
1,"map(tofrom: a)",4096,32,132,0,0,294,0,55.348873138
1,"map(tofrom: a)",4096,32,132,0,0,3140,0,83.994865417
1,"map(tofrom: a)",4096,32,132,0,0,4,0,50.354003906
1,"map(tofrom: a)",4096,32,132,0,0,1955,0,70.858001709
1,"map(tofrom: a)",4096,32,132,0,0,183,0,51.593780518
1,"map(tofrom: a)",4096,32,132,0,0,8096,0,134.098529816
1,"map(tofrom: a)",4096,32,132,0,0,758,0,59.306621552
1,"map(tofrom: a)",4096,32,132,0,0,71,0,50.747394562
1,"map(tofrom: a)",4096,32,132,0,0,2,0,50.950050354
1,"map(tofrom: a)",4096,32,132,0,0,11,0,49.555301666
1,"map(tofrom: a)",4096,32,132,0,0,28,0,52.440166473
1,"map(tofrom: a)",4096,32,132,0,0,5042,0,102.889537811
1,"map(tofrom: a)",4096,32,132,0,0,1218,0,61.047077179
1,"map(tofrom: a)",4096,32,132,0,0,472,0,54.645538330
1,"map(tofrom: a)",4096,32,132,0,1,4,0,49.996376038
1,"map(tofrom: a)",4096,32,132,0,1,1,0,50.354003906
1,"map(tofrom: a)",4096,32,132,0,1,17,0,49.746036530
1,"map(tofrom: a)",4096,32,132,0,1,28,0,51.045417786
1,"map(tofrom: a)",4096,32,132,0,1,11,0,51.355361938
1,"map(tofrom: a)",4096,32,132,0,1,3140,0,81.253051758
1,"map(tofrom: a)",4096,32,132,0,1,2,0,49.197673798
1,"map(tofrom: a)",4096,32,132,0,1,758,0,59.998035431
1,"map(tofrom: a)",4096,32,132,0,1,1218,0,62.453746796
1,"map(tofrom: a)",4096,32,132,0,1,44,0,52.404403687
1,"map(tofrom: a)",4096,32,132,0,1,71,0,51.152706146
1,"map(tofrom: a)",4096,32,132,0,1,114,0,50.699710846
1,"map(tofrom: a)",4096,32,132,0,1,294,0,52.344799042
1,"map(tofrom: a)",4096,32,132,0,1,7,0,50.652027130
1,"map(tofrom: a)",4096,32,132,0,1,183,0,51.605701447
1,"map(tofrom: a)",4096,32,132,0,1,8096,0,133.204460144
1,"map(tofrom: a)",4096,32,132,0,1,472,0,53.703784943
1,"map(tofrom: a)",4096,32,132,0,1,1955,0,69.403648376
1,"map(tofrom: a)",4096,32,132,0,1,3,0,45.394897461
1,"map(tofrom: a)",4096,32,132,0,1,5042,0,99.694728851
1,"map(tofrom: a)",4096,32,132,0,2,3,0,50.652027130
1,"map(tofrom: a)",4096,32,132,0,2,44,0,51.653385162
1,"map(tofrom: a)",4096,32,132,0,2,1,0,49.400329590
1,"map(tofrom: a)",4096,32,132,0,2,183,0,51.748752594
1,"map(tofrom: a)",4096,32,132,0,2,294,0,52.452087402
1,"map(tofrom: a)",4096,32,132,0,2,5042,0,101.554393768
1,"map(tofrom: a)",4096,32,132,0,2,7,0,49.149990082
1,"map(tofrom: a)",4096,32,132,0,2,8096,0,133.144855499
1,"map(tofrom: a)",4096,32,132,0,2,2,0,48.243999481
1,"map(tofrom: a)",4096,32,132,0,2,114,0,51.999092102
1,"map(tofrom: a)",4096,32,132,0,2,71,0,50.103664398
1,"map(tofrom: a)",4096,32,132,0,2,1955,0,69.701671600
1,"map(tofrom: a)",4096,32,132,0,2,17,0,50.151348114
1,"map(tofrom: a)",4096,32,132,0,2,472,0,56.600570679
1,"map(tofrom: a)",4096,32,132,0,2,11,0,52.046775818
1,"map(tofrom: a)",4096,32,132,0,2,1218,0,59.449672699
1,"map(tofrom: a)",4096,32,132,0,2,4,0,51.009654999
1,"map(tofrom: a)",4096,32,132,0,2,3140,0,83.303451538
1,"map(tofrom: a)",4096,32,132,0,2,758,0,57.697296143
1,"map(tofrom: a)",4096,32,132,0,2,28,0,52.452087402
1,"map(tofrom: a)",4096,32,132,0,3,11,0,53.250789642
1,"map(tofrom: a)",4096,32,132,0,3,4,0,50.556659698
1,"map(tofrom: a)",4096,32,132,0,3,5042,0,104.045867920
1,"map(tofrom: a)",4096,32,132,0,3,183,0,52.595138550
1,"map(tofrom: a)",4096,32,132,0,3,17,0,51.808357239
1,"map(tofrom: a)",4096,32,132,0,3,3,0,50.747394562
1,"map(tofrom: a)",4096,32,132,0,3,28,0,52.702426910
1,"map(tofrom: a)",4096,32,132,0,3,1218,0,59.294700623
1,"map(tofrom: a)",4096,32,132,0,3,114,0,52.404403687
1,"map(tofrom: a)",4096,32,132,0,3,758,0,56.946277618
1,"map(tofrom: a)",4096,32,132,0,3,1955,0,72.109699249
1,"map(tofrom: a)",4096,32,132,0,3,472,0,54.252147675
1,"map(tofrom: a)",4096,32,132,0,3,7,0,52.201747894
1,"map(tofrom: a)",4096,32,132,0,3,44,0,52.607059479
1,"map(tofrom: a)",4096,32,132,0,3,3140,0,83.160400391
1,"map(tofrom: a)",4096,32,132,0,3,8096,0,136.244297028
1,"map(tofrom: a)",4096,32,132,0,3,71,0,51.200389862
1,"map(tofrom: a)",4096,32,132,0,3,1,0,50.401687622
1,"map(tofrom: a)",4096,32,132,0,3,2,0,52.249431610
1,"map(tofrom: a)",4096,32,132,0,3,294,0,52.249431610
1,"map(tofrom: a)",4096,32,132,0,4,3,0,52.249431610
1,"map(tofrom: a)",4096,32,132,0,4,8096,0,134.050846100
1,"map(tofrom: a)",4096,32,132,0,4,1,0,50.747394562
1,"map(tofrom: a)",4096,32,132,0,4,28,0,50.997734070
1,"map(tofrom: a)",4096,32,132,0,4,17,0,52.094459534
1,"map(tofrom: a)",4096,32,132,0,4,5042,0,103.890895844
1,"map(tofrom: a)",4096,32,132,0,4,7,0,51.593780518
1,"map(tofrom: a)",4096,32,132,0,4,114,0,54.645538330
1,"map(tofrom: a)",4096,32,132,0,4,44,0,51.796436310
1,"map(tofrom: a)",4096,32,132,0,4,2,0,51.152706146
1,"map(tofrom: a)",4096,32,132,0,4,294,0,54.752826691
1,"map(tofrom: a)",4096,32,132,0,4,758,0,58.746337891
1,"map(tofrom: a)",4096,32,132,0,4,183,0,53.548812866
1,"map(tofrom: a)",4096,32,132,0,4,4,0,51.903724670
1,"map(tofrom: a)",4096,32,132,0,4,1218,0,62.358379364
1,"map(tofrom: a)",4096,32,132,0,4,71,0,53.548812866
1,"map(tofrom: a)",4096,32,132,0,4,1955,0,70.655345917
1,"map(tofrom: a)",4096,32,132,0,4,11,0,50.449371338
1,"map(tofrom: a)",4096,32,132,0,4,472,0,55.444240570
1,"map(tofrom: a)",4096,32,132,0,4,3140,0,84.447860718
1,"map(tofrom: a)",4096,32,132,1,0,2,0,49.400329590
1,"map(tofrom: a)",4096,32,132,1,0,4,0,51.438808441
1,"map(tofrom: a)",4096,32,132,1,0,472,0,57.995319366
1,"map(tofrom: a)",4096,32,132,1,0,3140,0,82.302093506
1,"map(tofrom: a)",4096,32,132,1,0,183,0,54.955482483
1,"map(tofrom: a)",4096,32,132,1,0,28,0,54.097175598
1,"map(tofrom: a)",4096,32,132,1,0,71,0,53.691864014
1,"map(tofrom: a)",4096,32,132,1,0,1218,0,63.598155975
1,"map(tofrom: a)",4096,32,132,1,0,294,0,56.147575378
1,"map(tofrom: a)",4096,32,132,1,0,1,0,50.306320190
1,"map(tofrom: a)",4096,32,132,1,0,7,0,48.696994781
1,"map(tofrom: a)",4096,32,132,1,0,1955,0,69.940090179
1,"map(tofrom: a)",4096,32,132,1,0,758,0,58.150291443
1,"map(tofrom: a)",4096,32,132,1,0,114,0,53.048133850
1,"map(tofrom: a)",4096,32,132,1,0,11,0,52.642822266
1,"map(tofrom: a)",4096,32,132,1,0,3,0,51.403045654
1,"map(tofrom: a)",4096,32,132,1,0,8096,0,133.657455444
1,"map(tofrom: a)",4096,32,132,1,0,44,0,52.952766418
1,"map(tofrom: a)",4096,32,132,1,0,17,0,54.001808167
1,"map(tofrom: a)",4096,32,132,1,0,5042,0,103.998184204
1,"map(tofrom: a)",4096,32,132,1,1,758,0,57.649612427
1,"map(tofrom: a)",4096,32,132,1,1,3,0,51.748752594
1,"map(tofrom: a)",4096,32,132,1,1,3140,0,83.100795746
1,"map(tofrom: a)",4096,32,132,1,1,1955,0,69.046020508
1,"map(tofrom: a)",4096,32,132,1,1,44,0,52.750110626
1,"map(tofrom: a)",4096,32,132,1,1,17,0,50.699710846
1,"map(tofrom: a)",4096,32,132,1,1,294,0,55.456161499
1,"map(tofrom: a)",4096,32,132,1,1,28,0,53.000450134
1,"map(tofrom: a)",4096,32,132,1,1,114,0,51.796436310
1,"map(tofrom: a)",4096,32,132,1,1,2,0,49.746036530
1,"map(tofrom: a)",4096,32,132,1,1,7,0,51.450729370
1,"map(tofrom: a)",4096,32,132,1,1,183,0,51.200389862
1,"map(tofrom: a)",4096,32,132,1,1,8096,0,133.848190308
1,"map(tofrom: a)",4096,32,132,1,1,11,0,52.249431610
1,"map(tofrom: a)",4096,32,132,1,1,1,0,51.689147949
1,"map(tofrom: a)",4096,32,132,1,1,1218,0,59.592723846
1,"map(tofrom: a)",4096,32,132,1,1,472,0,55.539608002
1,"map(tofrom: a)",4096,32,132,1,1,71,0,53.095817566
1,"map(tofrom: a)",4096,32,132,1,1,5042,0,104.308128357
1,"map(tofrom: a)",4096,32,132,1,1,4,0,51.200389862
1,"map(tofrom: a)",4096,32,132,1,2,2,0,49.400329590
1,"map(tofrom: a)",4096,32,132,1,2,71,0,51.450729370
1,"map(tofrom: a)",4096,32,132,1,2,17,0,51.152706146
1,"map(tofrom: a)",4096,32,132,1,2,472,0,54.788589478
1,"map(tofrom: a)",4096,32,132,1,2,5042,0,100.696086884
1,"map(tofrom: a)",4096,32,132,1,2,28,0,51.057338715
1,"map(tofrom: a)",4096,32,132,1,2,44,0,51.498413086
1,"map(tofrom: a)",4096,32,132,1,2,1218,0,63.443183899
1,"map(tofrom: a)",4096,32,132,1,2,4,0,48.446655273
1,"map(tofrom: a)",4096,32,132,1,2,1955,0,71.406364441
1,"map(tofrom: a)",4096,32,132,1,2,183,0,53.155422211
1,"map(tofrom: a)",4096,32,132,1,2,7,0,51.796436310
1,"map(tofrom: a)",4096,32,132,1,2,758,0,57.601928711
1,"map(tofrom: a)",4096,32,132,1,2,1,0,48.553943634
1,"map(tofrom: a)",4096,32,132,1,2,3140,0,83.351135254
1,"map(tofrom: a)",4096,32,132,1,2,8096,0,135.195255280
1,"map(tofrom: a)",4096,32,132,1,2,3,0,49.698352814
1,"map(tofrom: a)",4096,32,132,1,2,114,0,52.404403687
1,"map(tofrom: a)",4096,32,132,1,2,11,0,51.903724670
1,"map(tofrom: a)",4096,32,132,1,2,294,0,54.097175598
1,"map(tofrom: a)",4096,32,132,1,3,1,0,50.199031830
1,"map(tofrom: a)",4096,32,132,1,3,17,0,52.499771118
1,"map(tofrom: a)",4096,32,132,1,3,294,0,54.299831390
1,"map(tofrom: a)",4096,32,132,1,3,5042,0,101.649761200
1,"map(tofrom: a)",4096,32,132,1,3,114,0,49.853324890
1,"map(tofrom: a)",4096,32,132,1,3,28,0,48.542022705
1,"map(tofrom: a)",4096,32,132,1,3,1218,0,60.844421387
1,"map(tofrom: a)",4096,32,132,1,3,2,0,49.293041229
1,"map(tofrom: a)",4096,32,132,1,3,3,0,51.641464233
1,"map(tofrom: a)",4096,32,132,1,3,4,0,51.403045654
1,"map(tofrom: a)",4096,32,132,1,3,758,0,59.199333191
1,"map(tofrom: a)",4096,32,132,1,3,11,0,50.842761993
1,"map(tofrom: a)",4096,32,132,1,3,44,0,51.951408386
1,"map(tofrom: a)",4096,32,132,1,3,472,0,56.004524231
1,"map(tofrom: a)",4096,32,132,1,3,7,0,45.740604401
1,"map(tofrom: a)",4096,32,132,1,3,1955,0,71.394443512
1,"map(tofrom: a)",4096,32,132,1,3,71,0,54.204463959
1,"map(tofrom: a)",4096,32,132,1,3,183,0,53.644180298
1,"map(tofrom: a)",4096,32,132,1,3,8096,0,134.646892548
1,"map(tofrom: a)",4096,32,132,1,3,3140,0,82.194805145
1,"map(tofrom: a)",4096,32,132,1,4,472,0,55.146217346
1,"map(tofrom: a)",4096,32,132,1,4,71,0,51.343441010
1,"map(tofrom: a)",4096,32,132,1,4,1,0,49.340724945
1,"map(tofrom: a)",4096,32,132,1,4,11,0,50.747394562
1,"map(tofrom: a)",4096,32,132,1,4,4,0,51.343441010
1,"map(tofrom: a)",4096,32,132,1,4,3140,0,83.744525909
1,"map(tofrom: a)",4096,32,132,1,4,28,0,50.759315491
1,"map(tofrom: a)",4096,32,132,1,4,1218,0,63.049793243
1,"map(tofrom: a)",4096,32,132,1,4,2,0,50.806999207
1,"map(tofrom: a)",4096,32,132,1,4,183,0,54.895877838
1,"map(tofrom: a)",4096,32,132,1,4,5042,0,103.449821472
1,"map(tofrom: a)",4096,32,132,1,4,114,0,52.404403687
1,"map(tofrom: a)",4096,32,132,1,4,3,0,49.352645874
1,"map(tofrom: a)",4096,32,132,1,4,44,0,53.405761719
1,"map(tofrom: a)",4096,32,132,1,4,758,0,60.343742371
1,"map(tofrom: a)",4096,32,132,1,4,8096,0,135.147571564
1,"map(tofrom: a)",4096,32,132,1,4,1955,0,70.297718048
1,"map(tofrom: a)",4096,32,132,1,4,294,0,50.806999207
1,"map(tofrom: a)",4096,32,132,1,4,7,0,50.842761993
1,"map(tofrom: a)",4096,32,132,1,4,17,0,53.346157074
1,"map(tofrom: a)",8192,32,132,0,0,7,0,63.049793243
1,"map(tofrom: a)",8192,32,132,0,0,114,0,61.404705048
1,"map(tofrom: a)",8192,32,132,0,0,3,0,60.594081879
1,"map(tofrom: a)",8192,32,132,0,0,17,0,60.307979584
1,"map(tofrom: a)",8192,32,132,0,0,1,0,61.142444611
1,"map(tofrom: a)",8192,32,132,0,0,44,0,59.449672699
1,"map(tofrom: a)",8192,32,132,0,0,294,0,61.357021332
1,"map(tofrom: a)",8192,32,132,0,0,3140,0,92.709064484
1,"map(tofrom: a)",8192,32,132,0,0,4,0,59.151649475
1,"map(tofrom: a)",8192,32,132,0,0,1955,0,80.049037933
1,"map(tofrom: a)",8192,32,132,0,0,183,0,62.453746796
1,"map(tofrom: a)",8192,32,132,0,0,8096,0,144.052505493
1,"map(tofrom: a)",8192,32,132,0,0,758,0,64.802169800
1,"map(tofrom: a)",8192,32,132,0,0,71,0,61.249732971
1,"map(tofrom: a)",8192,32,132,0,0,2,0,57.351589203
1,"map(tofrom: a)",8192,32,132,0,0,11,0,58.102607727
1,"map(tofrom: a)",8192,32,132,0,0,28,0,63.049793243
1,"map(tofrom: a)",8192,32,132,0,0,5042,0,111.842155457
1,"map(tofrom: a)",8192,32,132,0,0,1218,0,72.443485260
1,"map(tofrom: a)",8192,32,132,0,0,472,0,63.252449036
1,"map(tofrom: a)",8192,32,132,0,1,4,0,61.547756195
1,"map(tofrom: a)",8192,32,132,0,1,1,0,60.951709747
1,"map(tofrom: a)",8192,32,132,0,1,17,0,59.556961060
1,"map(tofrom: a)",8192,32,132,0,1,28,0,61.154365540
1,"map(tofrom: a)",8192,32,132,0,1,11,0,61.857700348
1,"map(tofrom: a)",8192,32,132,0,1,3140,0,91.004371643
1,"map(tofrom: a)",8192,32,132,0,1,2,0,59.211254120
1,"map(tofrom: a)",8192,32,132,0,1,758,0,68.902969360
1,"map(tofrom: a)",8192,32,132,0,1,1218,0,72.944164276
1,"map(tofrom: a)",8192,32,132,0,1,44,0,59.747695923
1,"map(tofrom: a)",8192,32,132,0,1,71,0,63.645839691
1,"map(tofrom: a)",8192,32,132,0,1,114,0,62.501430511
1,"map(tofrom: a)",8192,32,132,0,1,294,0,63.145160675
1,"map(tofrom: a)",8192,32,132,0,1,7,0,61.452388763
1,"map(tofrom: a)",8192,32,132,0,1,183,0,63.848495483
1,"map(tofrom: a)",8192,32,132,0,1,8096,0,144.541263580
1,"map(tofrom: a)",8192,32,132,0,1,472,0,66.399574280
1,"map(tofrom: a)",8192,32,132,0,1,1955,0,80.406665802
1,"map(tofrom: a)",8192,32,132,0,1,3,0,61.607360840
1,"map(tofrom: a)",8192,32,132,0,1,5042,0,112.652778625
1,"map(tofrom: a)",8192,32,132,0,2,3,0,58.257579803
1,"map(tofrom: a)",8192,32,132,0,2,44,0,61.953067780
1,"map(tofrom: a)",8192,32,132,0,2,1,0,58.245658875
1,"map(tofrom: a)",8192,32,132,0,2,183,0,61.845779419
1,"map(tofrom: a)",8192,32,132,0,2,294,0,64.706802368
1,"map(tofrom: a)",8192,32,132,0,2,5042,0,112.450122833
1,"map(tofrom: a)",8192,32,132,0,2,7,0,59.199333191
1,"map(tofrom: a)",8192,32,132,0,2,8096,0,143.098831177
1,"map(tofrom: a)",8192,32,132,0,2,2,0,60.248374939
1,"map(tofrom: a)",8192,32,132,0,2,114,0,63.741207123
1,"map(tofrom: a)",8192,32,132,0,2,71,0,60.904026031
1,"map(tofrom: a)",8192,32,132,0,2,1955,0,80.800056458
1,"map(tofrom: a)",8192,32,132,0,2,17,0,60.749053955
1,"map(tofrom: a)",8192,32,132,0,2,472,0,66.399574280
1,"map(tofrom: a)",8192,32,132,0,2,11,0,60.653686523
1,"map(tofrom: a)",8192,32,132,0,2,1218,0,72.205066681
1,"map(tofrom: a)",8192,32,132,0,2,4,0,62.048435211
1,"map(tofrom: a)",8192,32,132,0,2,3140,0,93.400478363
1,"map(tofrom: a)",8192,32,132,0,2,758,0,69.642066956
1,"map(tofrom: a)",8192,32,132,0,2,28,0,62.549114227
1,"map(tofrom: a)",8192,32,132,0,3,11,0,59.151649475
1,"map(tofrom: a)",8192,32,132,0,3,4,0,58.650970459
1,"map(tofrom: a)",8192,32,132,0,3,5042,0,113.594532013
1,"map(tofrom: a)",8192,32,132,0,3,183,0,63.955783844
1,"map(tofrom: a)",8192,32,132,0,3,17,0,60.355663300
1,"map(tofrom: a)",8192,32,132,0,3,3,0,58.507919312
1,"map(tofrom: a)",8192,32,132,0,3,28,0,61.547756195
1,"map(tofrom: a)",8192,32,132,0,3,1218,0,73.254108429
1,"map(tofrom: a)",8192,32,132,0,3,114,0,61.249732971
1,"map(tofrom: a)",8192,32,132,0,3,758,0,69.248676300
1,"map(tofrom: a)",8192,32,132,0,3,1955,0,80.454349518
1,"map(tofrom: a)",8192,32,132,0,3,472,0,63.204765320
1,"map(tofrom: a)",8192,32,132,0,3,7,0,60.904026031
1,"map(tofrom: a)",8192,32,132,0,3,44,0,62.251091003
1,"map(tofrom: a)",8192,32,132,0,3,3140,0,94.449520111
1,"map(tofrom: a)",8192,32,132,0,3,8096,0,145.399570465
1,"map(tofrom: a)",8192,32,132,0,3,71,0,64.051151276
1,"map(tofrom: a)",8192,32,132,0,3,1,0,59.401988983
1,"map(tofrom: a)",8192,32,132,0,3,2,0,61.845779419
1,"map(tofrom: a)",8192,32,132,0,3,294,0,64.599514008
1,"map(tofrom: a)",8192,32,132,0,4,3,0,59.854984283
1,"map(tofrom: a)",8192,32,132,0,4,8096,0,144.648551941
1,"map(tofrom: a)",8192,32,132,0,4,1,0,61.702728271
1,"map(tofrom: a)",8192,32,132,0,4,28,0,60.403347015
1,"map(tofrom: a)",8192,32,132,0,4,17,0,61.094760895
1,"map(tofrom: a)",8192,32,132,0,4,5042,0,114.095211029
1,"map(tofrom: a)",8192,32,132,0,4,7,0,60.451030731
1,"map(tofrom: a)",8192,32,132,0,4,114,0,64.146518707
1,"map(tofrom: a)",8192,32,132,0,4,44,0,61.905384064
1,"map(tofrom: a)",8192,32,132,0,4,2,0,59.247016907
1,"map(tofrom: a)",8192,32,132,0,4,294,0,64.992904663
1,"map(tofrom: a)",8192,32,132,0,4,758,0,67.055225372
1,"map(tofrom: a)",8192,32,132,0,4,183,0,61.058998108
1,"map(tofrom: a)",8192,32,132,0,4,4,0,61.142444611
1,"map(tofrom: a)",8192,32,132,0,4,1218,0,72.896480560
1,"map(tofrom: a)",8192,32,132,0,4,71,0,61.058998108
1,"map(tofrom: a)",8192,32,132,0,4,1955,0,79.250335693
1,"map(tofrom: a)",8192,32,132,0,4,11,0,59.294700623
1,"map(tofrom: a)",8192,32,132,0,4,472,0,63.800811768
1,"map(tofrom: a)",8192,32,132,0,4,3140,0,92.053413391
1,"map(tofrom: a)",8192,32,132,1,0,2,0,60.391426086
1,"map(tofrom: a)",8192,32,132,1,0,4,0,61.047077179
1,"map(tofrom: a)",8192,32,132,1,0,472,0,63.300132751
1,"map(tofrom: a)",8192,32,132,1,0,3140,0,92.756748199
1,"map(tofrom: a)",8192,32,132,1,0,183,0,62.251091003
1,"map(tofrom: a)",8192,32,132,1,0,28,0,62.000751495
1,"map(tofrom: a)",8192,32,132,1,0,71,0,62.954425812
1,"map(tofrom: a)",8192,32,132,1,0,1218,0,72.801113129
1,"map(tofrom: a)",8192,32,132,1,0,294,0,62.894821167
1,"map(tofrom: a)",8192,32,132,1,0,1,0,59.545040131
1,"map(tofrom: a)",8192,32,132,1,0,7,0,60.307979584
1,"map(tofrom: a)",8192,32,132,1,0,1955,0,77.998638153
1,"map(tofrom: a)",8192,32,132,1,0,758,0,68.151950836
1,"map(tofrom: a)",8192,32,132,1,0,114,0,62.799453735
1,"map(tofrom: a)",8192,32,132,1,0,11,0,61.595439911
1,"map(tofrom: a)",8192,32,132,1,0,3,0,61.249732971
1,"map(tofrom: a)",8192,32,132,1,0,8096,0,142.848491669
1,"map(tofrom: a)",8192,32,132,1,0,44,0,62.644481659
1,"map(tofrom: a)",8192,32,132,1,0,17,0,59.652328491
1,"map(tofrom: a)",8192,32,132,1,0,5042,0,113.654136658
1,"map(tofrom: a)",8192,32,132,1,1,758,0,67.305564880
1,"map(tofrom: a)",8192,32,132,1,1,3,0,60.796737671
1,"map(tofrom: a)",8192,32,132,1,1,3140,0,94.246864319
1,"map(tofrom: a)",8192,32,132,1,1,1955,0,80.990791321
1,"map(tofrom: a)",8192,32,132,1,1,44,0,62.346458435
1,"map(tofrom: a)",8192,32,132,1,1,17,0,58.960914612
1,"map(tofrom: a)",8192,32,132,1,1,294,0,63.252449036
1,"map(tofrom: a)",8192,32,132,1,1,28,0,61.655044556
1,"map(tofrom: a)",8192,32,132,1,1,114,0,62.000751495
1,"map(tofrom: a)",8192,32,132,1,1,2,0,59.401988983
1,"map(tofrom: a)",8192,32,132,1,1,7,0,62.048435211
1,"map(tofrom: a)",8192,32,132,1,1,183,0,61.857700348
1,"map(tofrom: a)",8192,32,132,1,1,8096,0,146.853923798
1,"map(tofrom: a)",8192,32,132,1,1,11,0,61.404705048
1,"map(tofrom: a)",8192,32,132,1,1,1,0,60.200691223
1,"map(tofrom: a)",8192,32,132,1,1,1218,0,72.443485260
1,"map(tofrom: a)",8192,32,132,1,1,472,0,64.802169800
1,"map(tofrom: a)",8192,32,132,1,1,71,0,62.549114227
1,"map(tofrom: a)",8192,32,132,1,1,5042,0,114.202499390
1,"map(tofrom: a)",8192,32,132,1,1,4,0,61.297416687
1,"map(tofrom: a)",8192,32,132,1,2,2,0,57.697296143
1,"map(tofrom: a)",8192,32,132,1,2,71,0,61.905384064
1,"map(tofrom: a)",8192,32,132,1,2,17,0,59.998035431
1,"map(tofrom: a)",8192,32,132,1,2,472,0,65.696239471
1,"map(tofrom: a)",8192,32,132,1,2,5042,0,111.806392670
1,"map(tofrom: a)",8192,32,132,1,2,28,0,62.406063080
1,"map(tofrom: a)",8192,32,132,1,2,44,0,62.143802643
1,"map(tofrom: a)",8192,32,132,1,2,1218,0,74.350833893
1,"map(tofrom: a)",8192,32,132,1,2,4,0,61.857700348
1,"map(tofrom: a)",8192,32,132,1,2,1955,0,81.598758698
1,"map(tofrom: a)",8192,32,132,1,2,183,0,63.347816467
1,"map(tofrom: a)",8192,32,132,1,2,7,0,61.202049255
1,"map(tofrom: a)",8192,32,132,1,2,758,0,69.594383240
1,"map(tofrom: a)",8192,32,132,1,2,1,0,61.047077179
1,"map(tofrom: a)",8192,32,132,1,2,3140,0,91.004371643
1,"map(tofrom: a)",8192,32,132,1,2,8096,0,146.293640137
1,"map(tofrom: a)",8192,32,132,1,2,3,0,62.048435211
1,"map(tofrom: a)",8192,32,132,1,2,114,0,61.297416687
1,"map(tofrom: a)",8192,32,132,1,2,11,0,62.644481659
1,"map(tofrom: a)",8192,32,132,1,2,294,0,62.346458435
1,"map(tofrom: a)",8192,32,132,1,3,1,0,59.652328491
1,"map(tofrom: a)",8192,32,132,1,3,17,0,63.145160675
1,"map(tofrom: a)",8192,32,132,1,3,294,0,64.146518707
1,"map(tofrom: a)",8192,32,132,1,3,5042,0,115.203857422
1,"map(tofrom: a)",8192,32,132,1,3,114,0,63.550472260
1,"map(tofrom: a)",8192,32,132,1,3,28,0,61.750411987
1,"map(tofrom: a)",8192,32,132,1,3,1218,0,75.697898865
1,"map(tofrom: a)",8192,32,132,1,3,2,0,60.999393463
1,"map(tofrom: a)",8192,32,132,1,3,3,0,59.998035431
1,"map(tofrom: a)",8192,32,132,1,3,4,0,60.999393463
1,"map(tofrom: a)",8192,32,132,1,3,758,0,68.509578705
1,"map(tofrom: a)",8192,32,132,1,3,11,0,59.652328491
1,"map(tofrom: a)",8192,32,132,1,3,44,0,62.155723572
1,"map(tofrom: a)",8192,32,132,1,3,472,0,63.693523407
1,"map(tofrom: a)",8192,32,132,1,3,7,0,59.151649475
1,"map(tofrom: a)",8192,32,132,1,3,1955,0,80.490112305
1,"map(tofrom: a)",8192,32,132,1,3,71,0,63.204765320
1,"map(tofrom: a)",8192,32,132,1,3,183,0,62.203407288
1,"map(tofrom: a)",8192,32,132,1,3,8096,0,143.051147461
1,"map(tofrom: a)",8192,32,132,1,3,3140,0,94.342231750
1,"map(tofrom: a)",8192,32,132,1,4,472,0,63.252449036
1,"map(tofrom: a)",8192,32,132,1,4,71,0,60.844421387
1,"map(tofrom: a)",8192,32,132,1,4,1,0,59.950351715
1,"map(tofrom: a)",8192,32,132,1,4,11,0,62.704086304
1,"map(tofrom: a)",8192,32,132,1,4,4,0,61.047077179
1,"map(tofrom: a)",8192,32,132,1,4,3140,0,93.293190002
1,"map(tofrom: a)",8192,32,132,1,4,28,0,62.811374664
1,"map(tofrom: a)",8192,32,132,1,4,1218,0,71.752071381
1,"map(tofrom: a)",8192,32,132,1,4,2,0,59.604644775
1,"map(tofrom: a)",8192,32,132,1,4,183,0,63.049793243
1,"map(tofrom: a)",8192,32,132,1,4,5042,0,113.248825073
1,"map(tofrom: a)",8192,32,132,1,4,114,0,64.003467560
1,"map(tofrom: a)",8192,32,132,1,4,3,0,61.047077179
1,"map(tofrom: a)",8192,32,132,1,4,44,0,62.394142151
1,"map(tofrom: a)",8192,32,132,1,4,758,0,68.151950836
1,"map(tofrom: a)",8192,32,132,1,4,8096,0,145.351886749
1,"map(tofrom: a)",8192,32,132,1,4,1955,0,80.299377441
1,"map(tofrom: a)",8192,32,132,1,4,294,0,62.656402588
1,"map(tofrom: a)",8192,32,132,1,4,7,0,62.346458435
1,"map(tofrom: a)",8192,32,132,1,4,17,0,60.951709747
1,"map(tofrom: a)",16382,32,132,0,0,7,0,78.058242798
1,"map(tofrom: a)",16382,32,132,0,0,114,0,77.605247498
1,"map(tofrom: a)",16382,32,132,0,0,3,0,74.946880341
1,"map(tofrom: a)",16382,32,132,0,0,17,0,76.901912689
1,"map(tofrom: a)",16382,32,132,0,0,1,0,77.104568481
1,"map(tofrom: a)",16382,32,132,0,0,44,0,77.700614929
1,"map(tofrom: a)",16382,32,132,0,0,294,0,79.202651978
1,"map(tofrom: a)",16382,32,132,0,0,3140,0,109.088420868
1,"map(tofrom: a)",16382,32,132,0,0,4,0,74.255466461
1,"map(tofrom: a)",16382,32,132,0,0,1955,0,96.857547760
1,"map(tofrom: a)",16382,32,132,0,0,183,0,78.952312469
1,"map(tofrom: a)",16382,32,132,0,0,8096,0,160.551071167
1,"map(tofrom: a)",16382,32,132,0,0,758,0,84.245204926
1,"map(tofrom: a)",16382,32,132,0,0,71,0,76.651573181
1,"map(tofrom: a)",16382,32,132,0,0,2,0,75.352191925
1,"map(tofrom: a)",16382,32,132,0,0,11,0,75.352191925
1,"map(tofrom: a)",16382,32,132,0,0,28,0,77.402591705
1,"map(tofrom: a)",16382,32,132,0,0,5042,0,126.600265503
1,"map(tofrom: a)",16382,32,132,0,0,1218,0,88.644027710
1,"map(tofrom: a)",16382,32,132,0,0,472,0,79.941749573
1,"map(tofrom: a)",16382,32,132,0,1,4,0,75.948238373
1,"map(tofrom: a)",16382,32,132,0,1,1,0,75.447559357
1,"map(tofrom: a)",16382,32,132,0,1,17,0,74.851512909
1,"map(tofrom: a)",16382,32,132,0,1,28,0,77.354907990
1,"map(tofrom: a)",16382,32,132,0,1,11,0,74.601173401
1,"map(tofrom: a)",16382,32,132,0,1,3140,0,107.693672180
1,"map(tofrom: a)",16382,32,132,0,1,2,0,76.997280121
1,"map(tofrom: a)",16382,32,132,0,1,758,0,83.446502686
1,"map(tofrom: a)",16382,32,132,0,1,1218,0,88.846683502
1,"map(tofrom: a)",16382,32,132,0,1,44,0,78.701972961
1,"map(tofrom: a)",16382,32,132,0,1,71,0,72.753429413
1,"map(tofrom: a)",16382,32,132,0,1,114,0,77.593326569
1,"map(tofrom: a)",16382,32,132,0,1,294,0,78.201293945
1,"map(tofrom: a)",16382,32,132,0,1,7,0,75.006484985
1,"map(tofrom: a)",16382,32,132,0,1,183,0,77.748298645
1,"map(tofrom: a)",16382,32,132,0,1,8096,0,160.658359528
1,"map(tofrom: a)",16382,32,132,0,1,472,0,79.405307770
1,"map(tofrom: a)",16382,32,132,0,1,1955,0,97.048282623
1,"map(tofrom: a)",16382,32,132,0,1,3,0,74.350833893
1,"map(tofrom: a)",16382,32,132,0,1,5042,0,128.602981567
1,"map(tofrom: a)",16382,32,132,0,2,3,0,76.448917389
1,"map(tofrom: a)",16382,32,132,0,2,44,0,75.149536133
1,"map(tofrom: a)",16382,32,132,0,2,1,0,76.556205750
1,"map(tofrom: a)",16382,32,132,0,2,183,0,78.558921814
1,"map(tofrom: a)",16382,32,132,0,2,294,0,79.905986786
1,"map(tofrom: a)",16382,32,132,0,2,5042,0,131.952762604
1,"map(tofrom: a)",16382,32,132,0,2,7,0,76.806545258
1,"map(tofrom: a)",16382,32,132,0,2,8096,0,161.302089691
1,"map(tofrom: a)",16382,32,132,0,2,2,0,75.054168701
1,"map(tofrom: a)",16382,32,132,0,2,114,0,77.497959137
1,"map(tofrom: a)",16382,32,132,0,2,71,0,78.248977661
1,"map(tofrom: a)",16382,32,132,0,2,1955,0,95.307826996
1,"map(tofrom: a)",16382,32,132,0,2,17,0,76.901912689
1,"map(tofrom: a)",16382,32,132,0,2,472,0,76.603889465
1,"map(tofrom: a)",16382,32,132,0,2,11,0,74.601173401
1,"map(tofrom: a)",16382,32,132,0,2,1218,0,89.049339294
1,"map(tofrom: a)",16382,32,132,0,2,4,0,76.460838318
1,"map(tofrom: a)",16382,32,132,0,2,3140,0,111.246109009
1,"map(tofrom: a)",16382,32,132,0,2,758,0,83.351135254
1,"map(tofrom: a)",16382,32,132,0,2,28,0,77.259540558
1,"map(tofrom: a)",16382,32,132,0,3,11,0,76.949596405
1,"map(tofrom: a)",16382,32,132,0,3,4,0,76.353549957
1,"map(tofrom: a)",16382,32,132,0,3,5042,0,131.094455719
1,"map(tofrom: a)",16382,32,132,0,3,183,0,80.800056458
1,"map(tofrom: a)",16382,32,132,0,3,17,0,76.603889465
1,"map(tofrom: a)",16382,32,132,0,3,3,0,76.961517334
1,"map(tofrom: a)",16382,32,132,0,3,28,0,77.247619629
1,"map(tofrom: a)",16382,32,132,0,3,1218,0,90.146064758
1,"map(tofrom: a)",16382,32,132,0,3,114,0,78.344345093
1,"map(tofrom: a)",16382,32,132,0,3,758,0,83.649158478
1,"map(tofrom: a)",16382,32,132,0,3,1955,0,93.448162079
1,"map(tofrom: a)",16382,32,132,0,3,472,0,80.251693726
1,"map(tofrom: a)",16382,32,132,0,3,7,0,78.201293945
1,"map(tofrom: a)",16382,32,132,0,3,44,0,80.740451813
1,"map(tofrom: a)",16382,32,132,0,3,3140,0,106.799602509
1,"map(tofrom: a)",16382,32,132,0,3,8096,0,161.302089691
1,"map(tofrom: a)",16382,32,132,0,3,71,0,79.047679901
1,"map(tofrom: a)",16382,32,132,0,3,1,0,76.138973236
1,"map(tofrom: a)",16382,32,132,0,3,2,0,75.900554657
1,"map(tofrom: a)",16382,32,132,0,3,294,0,76.949596405
1,"map(tofrom: a)",16382,32,132,0,4,3,0,77.497959137
1,"map(tofrom: a)",16382,32,132,0,4,8096,0,161.993503571
1,"map(tofrom: a)",16382,32,132,0,4,1,0,76.353549957
1,"map(tofrom: a)",16382,32,132,0,4,28,0,78.403949738
1,"map(tofrom: a)",16382,32,132,0,4,17,0,74.791908264
1,"map(tofrom: a)",16382,32,132,0,4,5042,0,128.591060638
1,"map(tofrom: a)",16382,32,132,0,4,7,0,76.603889465
1,"map(tofrom: a)",16382,32,132,0,4,114,0,77.450275421
1,"map(tofrom: a)",16382,32,132,0,4,44,0,77.247619629
1,"map(tofrom: a)",16382,32,132,0,4,2,0,76.293945312
1,"map(tofrom: a)",16382,32,132,0,4,294,0,79.548358917
1,"map(tofrom: a)",16382,32,132,0,4,758,0,82.099437714
1,"map(tofrom: a)",16382,32,132,0,4,183,0,76.901912689
1,"map(tofrom: a)",16382,32,132,0,4,4,0,73.945522308
1,"map(tofrom: a)",16382,32,132,0,4,1218,0,86.891651154
1,"map(tofrom: a)",16382,32,132,0,4,71,0,78.952312469
1,"map(tofrom: a)",16382,32,132,0,4,1955,0,96.404552460
1,"map(tofrom: a)",16382,32,132,0,4,11,0,74.100494385
1,"map(tofrom: a)",16382,32,132,0,4,472,0,78.701972961
1,"map(tofrom: a)",16382,32,132,0,4,3140,0,106.739997864
1,"map(tofrom: a)",16382,32,132,1,0,2,0,74.458122253
1,"map(tofrom: a)",16382,32,132,1,0,4,0,75.507164001
1,"map(tofrom: a)",16382,32,132,1,0,472,0,78.654289246
1,"map(tofrom: a)",16382,32,132,1,0,3140,0,109.243392944
1,"map(tofrom: a)",16382,32,132,1,0,183,0,79.596042633
1,"map(tofrom: a)",16382,32,132,1,0,28,0,74.148178101
1,"map(tofrom: a)",16382,32,132,1,0,71,0,80.752372742
1,"map(tofrom: a)",16382,32,132,1,0,1218,0,90.551376343
1,"map(tofrom: a)",16382,32,132,1,0,294,0,78.952312469
1,"map(tofrom: a)",16382,32,132,1,0,1,0,77.247619629
1,"map(tofrom: a)",16382,32,132,1,0,7,0,79.250335693
1,"map(tofrom: a)",16382,32,132,1,0,1955,0,97.739696503
1,"map(tofrom: a)",16382,32,132,1,0,758,0,83.446502686
1,"map(tofrom: a)",16382,32,132,1,0,114,0,78.439712524
1,"map(tofrom: a)",16382,32,132,1,0,11,0,75.495243073
1,"map(tofrom: a)",16382,32,132,1,0,3,0,77.152252197
1,"map(tofrom: a)",16382,32,132,1,0,8096,0,159.394741058
1,"map(tofrom: a)",16382,32,132,1,0,44,0,74.398517609
1,"map(tofrom: a)",16382,32,132,1,0,17,0,77.700614929
1,"map(tofrom: a)",16382,32,132,1,0,5042,0,131.893157959
1,"map(tofrom: a)",16382,32,132,1,1,758,0,82.302093506
1,"map(tofrom: a)",16382,32,132,1,1,3,0,76.305866241
1,"map(tofrom: a)",16382,32,132,1,1,3140,0,106.549263000
1,"map(tofrom: a)",16382,32,132,1,1,1955,0,94.842910767
1,"map(tofrom: a)",16382,32,132,1,1,44,0,79.154968262
1,"map(tofrom: a)",16382,32,132,1,1,17,0,78.296661377
1,"map(tofrom: a)",16382,32,132,1,1,294,0,79.894065857
1,"map(tofrom: a)",16382,32,132,1,1,28,0,77.056884766
1,"map(tofrom: a)",16382,32,132,1,1,114,0,74.148178101
1,"map(tofrom: a)",16382,32,132,1,1,2,0,73.504447937
1,"map(tofrom: a)",16382,32,132,1,1,7,0,74.696540833
1,"map(tofrom: a)",16382,32,132,1,1,183,0,76.150894165
1,"map(tofrom: a)",16382,32,132,1,1,8096,0,160.944461823
1,"map(tofrom: a)",16382,32,132,1,1,11,0,75.948238373
1,"map(tofrom: a)",16382,32,132,1,1,1,0,77.748298645
1,"map(tofrom: a)",16382,32,132,1,1,1218,0,87.261199951
1,"map(tofrom: a)",16382,32,132,1,1,472,0,80.347061157
1,"map(tofrom: a)",16382,32,132,1,1,71,0,77.402591705
1,"map(tofrom: a)",16382,32,132,1,1,5042,0,130.999088287
1,"map(tofrom: a)",16382,32,132,1,1,4,0,76.448917389
1,"map(tofrom: a)",16382,32,132,1,2,2,0,75.554847717
1,"map(tofrom: a)",16382,32,132,1,2,71,0,78.749656677
1,"map(tofrom: a)",16382,32,132,1,2,17,0,74.601173401
1,"map(tofrom: a)",16382,32,132,1,2,472,0,79.643726349
1,"map(tofrom: a)",16382,32,132,1,2,5042,0,129.389762878
1,"map(tofrom: a)",16382,32,132,1,2,28,0,76.746940613
1,"map(tofrom: a)",16382,32,132,1,2,44,0,77.998638153
1,"map(tofrom: a)",16382,32,132,1,2,1218,0,89.144706726
1,"map(tofrom: a)",16382,32,132,1,2,4,0,76.949596405
1,"map(tofrom: a)",16382,32,132,1,2,1955,0,97.250938416
1,"map(tofrom: a)",16382,32,132,1,2,183,0,77.307224274
1,"map(tofrom: a)",16382,32,132,1,2,7,0,75.554847717
1,"map(tofrom: a)",16382,32,132,1,2,758,0,81.861019135
1,"map(tofrom: a)",16382,32,132,1,2,1,0,77.700614929
1,"map(tofrom: a)",16382,32,132,1,2,3140,0,110.244750977
1,"map(tofrom: a)",16382,32,132,1,2,8096,0,160.205364227
1,"map(tofrom: a)",16382,32,132,1,2,3,0,75.805187225
1,"map(tofrom: a)",16382,32,132,1,2,114,0,79.500675201
1,"map(tofrom: a)",16382,32,132,1,2,11,0,76.949596405
1,"map(tofrom: a)",16382,32,132,1,2,294,0,80.144405365
1,"map(tofrom: a)",16382,32,132,1,3,1,0,73.599815369
1,"map(tofrom: a)",16382,32,132,1,3,17,0,75.805187225
1,"map(tofrom: a)",16382,32,132,1,3,294,0,79.858303070
1,"map(tofrom: a)",16382,32,132,1,3,5042,0,129.354000092
1,"map(tofrom: a)",16382,32,132,1,3,114,0,78.451633453
1,"map(tofrom: a)",16382,32,132,1,3,28,0,78.010559082
1,"map(tofrom: a)",16382,32,132,1,3,1218,0,87.547302246
1,"map(tofrom: a)",16382,32,132,1,3,2,0,74.696540833
1,"map(tofrom: a)",16382,32,132,1,3,3,0,76.746940613
1,"map(tofrom: a)",16382,32,132,1,3,4,0,74.255466461
1,"map(tofrom: a)",16382,32,132,1,3,758,0,85.341930389
1,"map(tofrom: a)",16382,32,132,1,3,11,0,77.092647552
1,"map(tofrom: a)",16382,32,132,1,3,44,0,78.749656677
1,"map(tofrom: a)",16382,32,132,1,3,472,0,80.895423889
1,"map(tofrom: a)",16382,32,132,1,3,7,0,76.448917389
1,"map(tofrom: a)",16382,32,132,1,3,1955,0,95.546245575
1,"map(tofrom: a)",16382,32,132,1,3,71,0,79.345703125
1,"map(tofrom: a)",16382,32,132,1,3,183,0,80.001354218
1,"map(tofrom: a)",16382,32,132,1,3,8096,0,160.491466522
1,"map(tofrom: a)",16382,32,132,1,3,3140,0,106.954574585
1,"map(tofrom: a)",16382,32,132,1,4,472,0,79.798698425
1,"map(tofrom: a)",16382,32,132,1,4,71,0,78.594684601
1,"map(tofrom: a)",16382,32,132,1,4,1,0,76.508522034
1,"map(tofrom: a)",16382,32,132,1,4,11,0,75.447559357
1,"map(tofrom: a)",16382,32,132,1,4,4,0,75.602531433
1,"map(tofrom: a)",16382,32,132,1,4,3140,0,108.802318573
1,"map(tofrom: a)",16382,32,132,1,4,28,0,76.496601105
1,"map(tofrom: a)",16382,32,132,1,4,1218,0,87.547302246
1,"map(tofrom: a)",16382,32,132,1,4,2,0,75.352191925
1,"map(tofrom: a)",16382,32,132,1,4,183,0,78.940391541
1,"map(tofrom: a)",16382,32,132,1,4,5042,0,125.992298126
1,"map(tofrom: a)",16382,32,132,1,4,114,0,77.295303345
1,"map(tofrom: a)",16382,32,132,1,4,3,0,75.650215149
1,"map(tofrom: a)",16382,32,132,1,4,44,0,76.842308044
1,"map(tofrom: a)",16382,32,132,1,4,758,0,84.996223450
1,"map(tofrom: a)",16382,32,132,1,4,8096,0,156.950950623
1,"map(tofrom: a)",16382,32,132,1,4,1955,0,94.544887543
1,"map(tofrom: a)",16382,32,132,1,4,294,0,79.905986786
1,"map(tofrom: a)",16382,32,132,1,4,7,0,75.399875641
1,"map(tofrom: a)",16382,32,132,1,4,17,0,76.603889465
1,"map(tofrom: a)",32768,32,132,0,0,7,0,120.151042938
1,"map(tofrom: a)",32768,32,132,0,0,114,0,115.597248077
1,"map(tofrom: a)",32768,32,132,0,0,3,0,113.701820374
1,"map(tofrom: a)",32768,32,132,0,0,17,0,115.799903870
1,"map(tofrom: a)",32768,32,132,0,0,1,0,111.949443817
1,"map(tofrom: a)",32768,32,132,0,0,44,0,114.643573761
1,"map(tofrom: a)",32768,32,132,0,0,294,0,118.303298950
1,"map(tofrom: a)",32768,32,132,0,0,3140,0,147.593021393
1,"map(tofrom: a)",32768,32,132,0,0,4,0,113.642215729
1,"map(tofrom: a)",32768,32,132,0,0,1955,0,132.489204407
1,"map(tofrom: a)",32768,32,132,0,0,183,0,116.205215454
1,"map(tofrom: a)",32768,32,132,0,0,8096,0,197.196006775
1,"map(tofrom: a)",32768,32,132,0,0,758,0,121.307373047
1,"map(tofrom: a)",32768,32,132,0,0,71,0,114.297866821
1,"map(tofrom: a)",32768,32,132,0,0,2,0,111.603736877
1,"map(tofrom: a)",32768,32,132,0,0,11,0,113.689899445
1,"map(tofrom: a)",32768,32,132,0,0,28,0,114.297866821
1,"map(tofrom: a)",32768,32,132,0,0,5042,0,163.996219635
1,"map(tofrom: a)",32768,32,132,0,0,1218,0,124.549865723
1,"map(tofrom: a)",32768,32,132,0,0,472,0,115.311145782
1,"map(tofrom: a)",32768,32,132,0,1,4,0,110.793113708
1,"map(tofrom: a)",32768,32,132,0,1,1,0,111.603736877
1,"map(tofrom: a)",32768,32,132,0,1,17,0,113.046169281
1,"map(tofrom: a)",32768,32,132,0,1,28,0,115.549564362
1,"map(tofrom: a)",32768,32,132,0,1,11,0,113.797187805
1,"map(tofrom: a)",32768,32,132,0,1,3140,0,145.649909973
1,"map(tofrom: a)",32768,32,132,0,1,2,0,113.105773926
1,"map(tofrom: a)",32768,32,132,0,1,758,0,119.554996490
1,"map(tofrom: a)",32768,32,132,0,1,1218,0,126.004219055
1,"map(tofrom: a)",32768,32,132,0,1,44,0,113.749504089
1,"map(tofrom: a)",32768,32,132,0,1,71,0,115.406513214
1,"map(tofrom: a)",32768,32,132,0,1,114,0,114.953517914
1,"map(tofrom: a)",32768,32,132,0,1,294,0,118.005275726
1,"map(tofrom: a)",32768,32,132,0,1,7,0,112.760066986
1,"map(tofrom: a)",32768,32,132,0,1,183,0,114.607810974
1,"map(tofrom: a)",32768,32,132,0,1,8096,0,197.303295135
1,"map(tofrom: a)",32768,32,132,0,1,472,0,116.205215454
1,"map(tofrom: a)",32768,32,132,0,1,1955,0,132.906436920
1,"map(tofrom: a)",32768,32,132,0,1,3,0,113.058090210
1,"map(tofrom: a)",32768,32,132,0,1,5042,0,165.641307831
1,"map(tofrom: a)",32768,32,132,0,2,3,0,114.595890045
1,"map(tofrom: a)",32768,32,132,0,2,44,0,111.794471741
1,"map(tofrom: a)",32768,32,132,0,2,1,0,114.846229553
1,"map(tofrom: a)",32768,32,132,0,2,183,0,116.252899170
1,"map(tofrom: a)",32768,32,132,0,2,294,0,116.252899170
1,"map(tofrom: a)",32768,32,132,0,2,5042,0,166.404247284
1,"map(tofrom: a)",32768,32,132,0,2,7,0,114.488601685
1,"map(tofrom: a)",32768,32,132,0,2,8096,0,197.649002075
1,"map(tofrom: a)",32768,32,132,0,2,2,0,113.952159882
1,"map(tofrom: a)",32768,32,132,0,2,114,0,113.344192505
1,"map(tofrom: a)",32768,32,132,0,2,71,0,114.941596985
1,"map(tofrom: a)",32768,32,132,0,2,1955,0,132.310390472
1,"map(tofrom: a)",32768,32,132,0,2,17,0,112.700462341
1,"map(tofrom: a)",32768,32,132,0,2,472,0,116.491317749
1,"map(tofrom: a)",32768,32,132,0,2,11,0,113.904476166
1,"map(tofrom: a)",32768,32,132,0,2,1218,0,124.204158783
1,"map(tofrom: a)",32768,32,132,0,2,4,0,112.545490265
1,"map(tofrom: a)",32768,32,132,0,2,3140,0,146.698951721
1,"map(tofrom: a)",32768,32,132,0,2,758,0,120.341777802
1,"map(tofrom: a)",32768,32,132,0,2,28,0,114.750862122
1,"map(tofrom: a)",32768,32,132,0,3,11,0,113.296508789
1,"map(tofrom: a)",32768,32,132,0,3,4,0,109.708309174
1,"map(tofrom: a)",32768,32,132,0,3,5042,0,165.355205536
1,"map(tofrom: a)",32768,32,132,0,3,183,0,113.201141357
1,"map(tofrom: a)",32768,32,132,0,3,17,0,111.401081085
1,"map(tofrom: a)",32768,32,132,0,3,3,0,112.652778625
1,"map(tofrom: a)",32768,32,132,0,3,28,0,114.846229553
1,"map(tofrom: a)",32768,32,132,0,3,1218,0,122.749805450
1,"map(tofrom: a)",32768,32,132,0,3,114,0,113.546848297
1,"map(tofrom: a)",32768,32,132,0,3,758,0,120.699405670
1,"map(tofrom: a)",32768,32,132,0,3,1955,0,132.048130035
1,"map(tofrom: a)",32768,32,132,0,3,472,0,116.157531738
1,"map(tofrom: a)",32768,32,132,0,3,7,0,114.154815674
1,"map(tofrom: a)",32768,32,132,0,3,44,0,114.047527313
1,"map(tofrom: a)",32768,32,132,0,3,3140,0,143.790245056
1,"map(tofrom: a)",32768,32,132,0,3,8096,0,198.495388031
1,"map(tofrom: a)",32768,32,132,0,3,71,0,112.199783325
1,"map(tofrom: a)",32768,32,132,0,3,1,0,112.307071686
1,"map(tofrom: a)",32768,32,132,0,3,2,0,112.557411194
1,"map(tofrom: a)",32768,32,132,0,3,294,0,117.850303650
1,"map(tofrom: a)",32768,32,132,0,4,3,0,111.901760101
1,"map(tofrom: a)",32768,32,132,0,4,8096,0,197.052955627
1,"map(tofrom: a)",32768,32,132,0,4,1,0,111.854076385
1,"map(tofrom: a)",32768,32,132,0,4,28,0,117.552280426
1,"map(tofrom: a)",32768,32,132,0,4,17,0,113.499164581
1,"map(tofrom: a)",32768,32,132,0,4,5042,0,163.197517395
1,"map(tofrom: a)",32768,32,132,0,4,7,0,114.905834198
1,"map(tofrom: a)",32768,32,132,0,4,114,0,117.695331573
1,"map(tofrom: a)",32768,32,132,0,4,44,0,113.701820374
1,"map(tofrom: a)",32768,32,132,0,4,2,0,112.402439117
1,"map(tofrom: a)",32768,32,132,0,4,294,0,114.643573761
1,"map(tofrom: a)",32768,32,132,0,4,758,0,121.450424194
1,"map(tofrom: a)",32768,32,132,0,4,183,0,114.798545837
1,"map(tofrom: a)",32768,32,132,0,4,4,0,113.654136658
1,"map(tofrom: a)",32768,32,132,0,4,1218,0,124.406814575
1,"map(tofrom: a)",32768,32,132,0,4,71,0,114.798545837
1,"map(tofrom: a)",32768,32,132,0,4,1955,0,132.143497467
1,"map(tofrom: a)",32768,32,132,0,4,11,0,113.153457642
1,"map(tofrom: a)",32768,32,132,0,4,472,0,117.349624634
1,"map(tofrom: a)",32768,32,132,0,4,3140,0,146.090984344
1,"map(tofrom: a)",32768,32,132,1,0,2,0,110.304355621
1,"map(tofrom: a)",32768,32,132,1,0,4,0,110.852718353
1,"map(tofrom: a)",32768,32,132,1,0,472,0,114.297866821
1,"map(tofrom: a)",32768,32,132,1,0,3140,0,144.243240356
1,"map(tofrom: a)",32768,32,132,1,0,183,0,114.190578461
1,"map(tofrom: a)",32768,32,132,1,0,28,0,114.047527313
1,"map(tofrom: a)",32768,32,132,1,0,71,0,114.798545837
1,"map(tofrom: a)",32768,32,132,1,0,1218,0,125.753879547
1,"map(tofrom: a)",32768,32,132,1,0,294,0,117.599964142
1,"map(tofrom: a)",32768,32,132,1,0,1,0,111.556053162
1,"map(tofrom: a)",32768,32,132,1,0,7,0,111.198425293
1,"map(tofrom: a)",32768,32,132,1,0,1955,0,131.499767303
1,"map(tofrom: a)",32768,32,132,1,0,758,0,120.389461517
1,"map(tofrom: a)",32768,32,132,1,0,114,0,116.300582886
1,"map(tofrom: a)",32768,32,132,1,0,11,0,114.500522614
1,"map(tofrom: a)",32768,32,132,1,0,3,0,111.103057861
1,"map(tofrom: a)",32768,32,132,1,0,8096,0,199.043750763
1,"map(tofrom: a)",32768,32,132,1,0,44,0,113.856792450
1,"map(tofrom: a)",32768,32,132,1,0,17,0,112.199783325
1,"map(tofrom: a)",32768,32,132,1,0,5042,0,165.891647339
1,"map(tofrom: a)",32768,32,132,1,1,758,0,120.294094086
1,"map(tofrom: a)",32768,32,132,1,1,3,0,112.652778625
1,"map(tofrom: a)",32768,32,132,1,1,3140,0,144.255161285
1,"map(tofrom: a)",32768,32,132,1,1,1955,0,134.801864624
1,"map(tofrom: a)",32768,32,132,1,1,44,0,115.406513214
1,"map(tofrom: a)",32768,32,132,1,1,17,0,110.495090485
1,"map(tofrom: a)",32768,32,132,1,1,294,0,112.795829773
1,"map(tofrom: a)",32768,32,132,1,1,28,0,114.750862122
1,"map(tofrom: a)",32768,32,132,1,1,114,0,113.689899445
1,"map(tofrom: a)",32768,32,132,1,1,2,0,110.399723053
1,"map(tofrom: a)",32768,32,132,1,1,7,0,111.258029938
1,"map(tofrom: a)",32768,32,132,1,1,183,0,117.897987366
1,"map(tofrom: a)",32768,32,132,1,1,8096,0,197.649002075
1,"map(tofrom: a)",32768,32,132,1,1,11,0,114.691257477
1,"map(tofrom: a)",32768,32,132,1,1,1,0,113.749504089
1,"map(tofrom: a)",32768,32,132,1,1,1218,0,122.702121735
1,"map(tofrom: a)",32768,32,132,1,1,472,0,115.704536438
1,"map(tofrom: a)",32768,32,132,1,1,71,0,113.952159882
1,"map(tofrom: a)",32768,32,132,1,1,5042,0,164.151191711
1,"map(tofrom: a)",32768,32,132,1,1,4,0,112.593173981
1,"map(tofrom: a)",32768,32,132,1,2,2,0,111.258029938
1,"map(tofrom: a)",32768,32,132,1,2,71,0,114.703178406
1,"map(tofrom: a)",32768,32,132,1,2,17,0,113.940238953
1,"map(tofrom: a)",32768,32,132,1,2,472,0,115.692615509
1,"map(tofrom: a)",32768,32,132,1,2,5042,0,166.392326355
1,"map(tofrom: a)",32768,32,132,1,2,28,0,112.009048462
1,"map(tofrom: a)",32768,32,132,1,2,44,0,111.055374146
1,"map(tofrom: a)",32768,32,132,1,2,1218,0,124.752521515
1,"map(tofrom: a)",32768,32,132,1,2,4,0,112.700462341
1,"map(tofrom: a)",32768,32,132,1,2,1955,0,134.193897247
1,"map(tofrom: a)",32768,32,132,1,2,183,0,112.855434418
1,"map(tofrom: a)",32768,32,132,1,2,7,0,110.399723053
1,"map(tofrom: a)",32768,32,132,1,2,758,0,122.106075287
1,"map(tofrom: a)",32768,32,132,1,2,1,0,112.760066986
1,"map(tofrom: a)",32768,32,132,1,2,3140,0,143.897533417
1,"map(tofrom: a)",32768,32,132,1,2,8096,0,196.743011475
1,"map(tofrom: a)",32768,32,132,1,2,3,0,110.948085785
1,"map(tofrom: a)",32768,32,132,1,2,114,0,113.356113434
1,"map(tofrom: a)",32768,32,132,1,2,11,0,115.251541138
1,"map(tofrom: a)",32768,32,132,1,2,294,0,117.146968842
1,"map(tofrom: a)",32768,32,132,1,3,1,0,111.210346222
1,"map(tofrom: a)",32768,32,132,1,3,17,0,112.402439117
1,"map(tofrom: a)",32768,32,132,1,3,294,0,115.740299225
1,"map(tofrom: a)",32768,32,132,1,3,5042,0,164.556503296
1,"map(tofrom: a)",32768,32,132,1,3,114,0,112.998485565
1,"map(tofrom: a)",32768,32,132,1,3,28,0,114.595890045
1,"map(tofrom: a)",32768,32,132,1,3,1218,0,122.797489166
1,"map(tofrom: a)",32768,32,132,1,3,2,0,112.545490265
1,"map(tofrom: a)",32768,32,132,1,3,3,0,112.450122833
1,"map(tofrom: a)",32768,32,132,1,3,4,0,113.546848297
1,"map(tofrom: a)",32768,32,132,1,3,758,0,118.196010590
1,"map(tofrom: a)",32768,32,132,1,3,11,0,111.651420593
1,"map(tofrom: a)",32768,32,132,1,3,44,0,112.748146057
1,"map(tofrom: a)",32768,32,132,1,3,472,0,116.753578186
1,"map(tofrom: a)",32768,32,132,1,3,7,0,112.450122833
1,"map(tofrom: a)",32768,32,132,1,3,1955,0,130.999088287
1,"map(tofrom: a)",32768,32,132,1,3,71,0,113.952159882
1,"map(tofrom: a)",32768,32,132,1,3,183,0,115.358829498
1,"map(tofrom: a)",32768,32,132,1,3,8096,0,198.340415955
1,"map(tofrom: a)",32768,32,132,1,3,3140,0,143.706798553
1,"map(tofrom: a)",32768,32,132,1,4,472,0,117.456912994
1,"map(tofrom: a)",32768,32,132,1,4,71,0,114.154815674
1,"map(tofrom: a)",32768,32,132,1,4,1,0,111.246109009
1,"map(tofrom: a)",32768,32,132,1,4,11,0,114.405155182
1,"map(tofrom: a)",32768,32,132,1,4,4,0,110.650062561
1,"map(tofrom: a)",32768,32,132,1,4,3140,0,146.245956421
1,"map(tofrom: a)",32768,32,132,1,4,28,0,112.903118134
1,"map(tofrom: a)",32768,32,132,1,4,1218,0,123.059749603
1,"map(tofrom: a)",32768,32,132,1,4,2,0,109.601020813
1,"map(tofrom: a)",32768,32,132,1,4,183,0,114.655494690
1,"map(tofrom: a)",32768,32,132,1,4,5042,0,163.197517395
1,"map(tofrom: a)",32768,32,132,1,4,114,0,114.142894745
1,"map(tofrom: a)",32768,32,132,1,4,3,0,114.095211029
1,"map(tofrom: a)",32768,32,132,1,4,44,0,115.156173706
1,"map(tofrom: a)",32768,32,132,1,4,758,0,120.091438293
1,"map(tofrom: a)",32768,32,132,1,4,8096,0,197.458267212
1,"map(tofrom: a)",32768,32,132,1,4,1955,0,131.797790527
1,"map(tofrom: a)",32768,32,132,1,4,294,0,114.297866821
1,"map(tofrom: a)",32768,32,132,1,4,7,0,112.450122833
1,"map(tofrom: a)",32768,32,132,1,4,17,0,112.104415894
1,"map(tofrom: a)",65536,32,132,0,0,7,0,207.555294037
1,"map(tofrom: a)",65536,32,132,0,0,114,0,198.745727539
1,"map(tofrom: a)",65536,32,132,0,0,3,0,190.854072571
1,"map(tofrom: a)",65536,32,132,0,0,17,0,192.153453827
1,"map(tofrom: a)",65536,32,132,0,0,1,0,194.001197815
1,"map(tofrom: a)",65536,32,132,0,0,44,0,198.400020599
1,"map(tofrom: a)",65536,32,132,0,0,294,0,197.649002075
1,"map(tofrom: a)",65536,32,132,0,0,3140,0,222.206115723
1,"map(tofrom: a)",65536,32,132,0,0,4,0,193.047523499
1,"map(tofrom: a)",65536,32,132,0,0,1955,0,214.993953705
1,"map(tofrom: a)",65536,32,132,0,0,183,0,197.899341583
1,"map(tofrom: a)",65536,32,132,0,0,8096,0,274.300575256
1,"map(tofrom: a)",65536,32,132,0,0,758,0,198.900699615
1,"map(tofrom: a)",65536,32,132,0,0,71,0,193.095207214
1,"map(tofrom: a)",65536,32,132,0,0,2,0,191.998481750
1,"map(tofrom: a)",65536,32,132,0,0,11,0,191.450119019
1,"map(tofrom: a)",65536,32,132,0,0,28,0,189.149379730
1,"map(tofrom: a)",65536,32,132,0,0,5042,0,245.952606201
1,"map(tofrom: a)",65536,32,132,0,0,1218,0,203.907489777
1,"map(tofrom: a)",65536,32,132,0,0,472,0,197.398662567
1,"map(tofrom: a)",65536,32,132,0,1,4,0,191.247463226
1,"map(tofrom: a)",65536,32,132,0,1,1,0,191.843509674
1,"map(tofrom: a)",65536,32,132,0,1,17,0,191.652774811
1,"map(tofrom: a)",65536,32,132,0,1,28,0,192.391872406
1,"map(tofrom: a)",65536,32,132,0,1,11,0,190.496444702
1,"map(tofrom: a)",65536,32,132,0,1,3140,0,222.754478455
1,"map(tofrom: a)",65536,32,132,0,1,2,0,194.299221039
1,"map(tofrom: a)",65536,32,132,0,1,758,0,197.708606720
1,"map(tofrom: a)",65536,32,132,0,1,1218,0,199.055671692
1,"map(tofrom: a)",65536,32,132,0,1,44,0,190.353393555
1,"map(tofrom: a)",65536,32,132,0,1,71,0,196.051597595
1,"map(tofrom: a)",65536,32,132,0,1,114,0,191.402435303
1,"map(tofrom: a)",65536,32,132,0,1,294,0,194.299221039
1,"map(tofrom: a)",65536,32,132,0,1,7,0,190.651416779
1,"map(tofrom: a)",65536,32,132,0,1,183,0,193.941593170
1,"map(tofrom: a)",65536,32,132,0,1,8096,0,278.544425964
1,"map(tofrom: a)",65536,32,132,0,1,472,0,199.353694916
1,"map(tofrom: a)",65536,32,132,0,1,1955,0,212.705135345
1,"map(tofrom: a)",65536,32,132,0,1,3,0,189.995765686
1,"map(tofrom: a)",65536,32,132,0,1,5042,0,242.996215820
1,"map(tofrom: a)",65536,32,132,0,2,3,0,190.246105194
1,"map(tofrom: a)",65536,32,132,0,2,44,0,192.594528198
1,"map(tofrom: a)",65536,32,132,0,2,1,0,187.849998474
1,"map(tofrom: a)",65536,32,132,0,2,183,0,194.191932678
1,"map(tofrom: a)",65536,32,132,0,2,294,0,197.207927704
1,"map(tofrom: a)",65536,32,132,0,2,5042,0,247.454643250
1,"map(tofrom: a)",65536,32,132,0,2,7,0,195.395946503
1,"map(tofrom: a)",65536,32,132,0,2,8096,0,276.458263397
1,"map(tofrom: a)",65536,32,132,0,2,2,0,190.448760986
1,"map(tofrom: a)",65536,32,132,0,2,114,0,192.248821259
1,"map(tofrom: a)",65536,32,132,0,2,71,0,193.941593170
1,"map(tofrom: a)",65536,32,132,0,2,1955,0,211.751461029
1,"map(tofrom: a)",65536,32,132,0,2,17,0,187.051296234
1,"map(tofrom: a)",65536,32,132,0,2,472,0,197.398662567
1,"map(tofrom: a)",65536,32,132,0,2,11,0,192.451477051
1,"map(tofrom: a)",65536,32,132,0,2,1218,0,205.194950104
1,"map(tofrom: a)",65536,32,132,0,2,4,0,192.344188690
1,"map(tofrom: a)",65536,32,132,0,2,3140,0,226.700305939
1,"map(tofrom: a)",65536,32,132,0,2,758,0,201.749801636
1,"map(tofrom: a)",65536,32,132,0,2,28,0,199.091434479
1,"map(tofrom: a)",65536,32,132,0,3,11,0,185.596942902
1,"map(tofrom: a)",65536,32,132,0,3,4,0,192.749500275
1,"map(tofrom: a)",65536,32,132,0,3,5042,0,244.641304016
1,"map(tofrom: a)",65536,32,132,0,3,183,0,192.999839783
1,"map(tofrom: a)",65536,32,132,0,3,17,0,191.700458527
1,"map(tofrom: a)",65536,32,132,0,3,3,0,192.451477051
1,"map(tofrom: a)",65536,32,132,0,3,28,0,191.354751587
1,"map(tofrom: a)",65536,32,132,0,3,1218,0,207.543373108
1,"map(tofrom: a)",65536,32,132,0,3,114,0,196.206569672
1,"map(tofrom: a)",65536,32,132,0,3,758,0,201.010704041
1,"map(tofrom: a)",65536,32,132,0,3,1955,0,211.906433105
1,"map(tofrom: a)",65536,32,132,0,3,472,0,199.353694916
1,"map(tofrom: a)",65536,32,132,0,3,7,0,196.504592896
1,"map(tofrom: a)",65536,32,132,0,3,44,0,193.750858307
1,"map(tofrom: a)",65536,32,132,0,3,3140,0,220.942497253
1,"map(tofrom: a)",65536,32,132,0,3,8096,0,273.454189301
1,"map(tofrom: a)",65536,32,132,0,3,71,0,196.099281311
1,"map(tofrom: a)",65536,32,132,0,3,1,0,190.699100494
1,"map(tofrom: a)",65536,32,132,0,3,2,0,193.393230438
1,"map(tofrom: a)",65536,32,132,0,3,294,0,195.145606995
1,"map(tofrom: a)",65536,32,132,0,4,3,0,193.202495575
1,"map(tofrom: a)",65536,32,132,0,4,8096,0,273.597240448
1,"map(tofrom: a)",65536,32,132,0,4,1,0,190.103054047
1,"map(tofrom: a)",65536,32,132,0,4,28,0,191.450119019
1,"map(tofrom: a)",65536,32,132,0,4,17,0,189.995765686
1,"map(tofrom: a)",65536,32,132,0,4,5042,0,244.009494781
1,"map(tofrom: a)",65536,32,132,0,4,7,0,193.250179291
1,"map(tofrom: a)",65536,32,132,0,4,114,0,194.001197815
1,"map(tofrom: a)",65536,32,132,0,4,44,0,191.354751587
1,"map(tofrom: a)",65536,32,132,0,4,2,0,189.507007599
1,"map(tofrom: a)",65536,32,132,0,4,294,0,194.895267487
1,"map(tofrom: a)",65536,32,132,0,4,758,0,200.438499451
1,"map(tofrom: a)",65536,32,132,0,4,183,0,191.903114319
1,"map(tofrom: a)",65536,32,132,0,4,4,0,189.852714539
1,"map(tofrom: a)",65536,32,132,0,4,1218,0,204.253196716
1,"map(tofrom: a)",65536,32,132,0,4,71,0,193.953514099
1,"map(tofrom: a)",65536,32,132,0,4,1955,0,213.706493378
1,"map(tofrom: a)",65536,32,132,0,4,11,0,189.208984375
1,"map(tofrom: a)",65536,32,132,0,4,472,0,198.197364807
1,"map(tofrom: a)",65536,32,132,0,4,3140,0,222.504138947
1,"map(tofrom: a)",65536,32,132,1,0,2,0,189.101696014
1,"map(tofrom: a)",65536,32,132,1,0,4,0,189.948081970
1,"map(tofrom: a)",65536,32,132,1,0,472,0,195.240974426
1,"map(tofrom: a)",65536,32,132,1,0,3140,0,221.693515778
1,"map(tofrom: a)",65536,32,132,1,0,183,0,193.011760712
1,"map(tofrom: a)",65536,32,132,1,0,28,0,188.946723938
1,"map(tofrom: a)",65536,32,132,1,0,71,0,194.501876831
1,"map(tofrom: a)",65536,32,132,1,0,1218,0,202.095508575
1,"map(tofrom: a)",65536,32,132,1,0,294,0,195.193290710
1,"map(tofrom: a)",65536,32,132,1,0,1,0,188.302993774
1,"map(tofrom: a)",65536,32,132,1,0,7,0,187.098979950
1,"map(tofrom: a)",65536,32,132,1,0,1955,0,210.595130920
1,"map(tofrom: a)",65536,32,132,1,0,758,0,196.993350983
1,"map(tofrom: a)",65536,32,132,1,0,114,0,196.647644043
1,"map(tofrom: a)",65536,32,132,1,0,11,0,189.208984375
1,"map(tofrom: a)",65536,32,132,1,0,3,0,192.999839783
1,"map(tofrom: a)",65536,32,132,1,0,8096,0,275.099277496
1,"map(tofrom: a)",65536,32,132,1,0,44,0,187.301635742
1,"map(tofrom: a)",65536,32,132,1,0,17,0,192.093849182
1,"map(tofrom: a)",65536,32,132,1,0,5042,0,242.149829865
1,"map(tofrom: a)",65536,32,132,1,1,758,0,203.704833984
1,"map(tofrom: a)",65536,32,132,1,1,3,0,190.591812134
1,"map(tofrom: a)",65536,32,132,1,1,3140,0,225.257873535
1,"map(tofrom: a)",65536,32,132,1,1,1955,0,215.947628021
1,"map(tofrom: a)",65536,32,132,1,1,44,0,193.846225739
1,"map(tofrom: a)",65536,32,132,1,1,17,0,191.450119019
1,"map(tofrom: a)",65536,32,132,1,1,294,0,194.954872131
1,"map(tofrom: a)",65536,32,132,1,1,28,0,191.891193390
1,"map(tofrom: a)",65536,32,132,1,1,114,0,194.454193115
1,"map(tofrom: a)",65536,32,132,1,1,2,0,200.450420380
1,"map(tofrom: a)",65536,32,132,1,1,7,0,188.755989075
1,"map(tofrom: a)",65536,32,132,1,1,183,0,191.807746887
1,"map(tofrom: a)",65536,32,132,1,1,8096,0,275.695323944
1,"map(tofrom: a)",65536,32,132,1,1,11,0,194.501876831
1,"map(tofrom: a)",65536,32,132,1,1,1,0,191.140174866
1,"map(tofrom: a)",65536,32,132,1,1,1218,0,205.194950104
1,"map(tofrom: a)",65536,32,132,1,1,472,0,194.644927979
1,"map(tofrom: a)",65536,32,132,1,1,71,0,190.448760986
1,"map(tofrom: a)",65536,32,132,1,1,5042,0,241.947174072
1,"map(tofrom: a)",65536,32,132,1,1,4,0,190.842151642
1,"map(tofrom: a)",65536,32,132,1,2,2,0,192.594528198
1,"map(tofrom: a)",65536,32,132,1,2,71,0,187.158584595
1,"map(tofrom: a)",65536,32,132,1,2,17,0,188.946723938
1,"map(tofrom: a)",65536,32,132,1,2,472,0,197.696685791
1,"map(tofrom: a)",65536,32,132,1,2,5042,0,244.545936584
1,"map(tofrom: a)",65536,32,132,1,2,28,0,191.748142242
1,"map(tofrom: a)",65536,32,132,1,2,44,0,189.650058746
1,"map(tofrom: a)",65536,32,132,1,2,1218,0,205.349922180
1,"map(tofrom: a)",65536,32,132,1,2,4,0,195.407867432
1,"map(tofrom: a)",65536,32,132,1,2,1955,0,210.750102997
1,"map(tofrom: a)",65536,32,132,1,2,183,0,196.349620819
1,"map(tofrom: a)",65536,32,132,1,2,7,0,188.100337982
1,"map(tofrom: a)",65536,32,132,1,2,758,0,201.952457428
1,"map(tofrom: a)",65536,32,132,1,2,1,0,191.700458527
1,"map(tofrom: a)",65536,32,132,1,2,3140,0,224.196910858
1,"map(tofrom: a)",65536,32,132,1,2,8096,0,274.205207825
1,"map(tofrom: a)",65536,32,132,1,2,3,0,191.497802734
1,"map(tofrom: a)",65536,32,132,1,2,114,0,194.203853607
1,"map(tofrom: a)",65536,32,132,1,2,11,0,194.799900055
1,"map(tofrom: a)",65536,32,132,1,2,294,0,199.556350708
1,"map(tofrom: a)",65536,32,132,1,3,1,0,189.399719238
1,"map(tofrom: a)",65536,32,132,1,3,17,0,190.901756287
1,"map(tofrom: a)",65536,32,132,1,3,294,0,196.695327759
1,"map(tofrom: a)",65536,32,132,1,3,5042,0,249.207019806
1,"map(tofrom: a)",65536,32,132,1,3,114,0,197.196006775
1,"map(tofrom: a)",65536,32,132,1,3,28,0,192.451477051
1,"map(tofrom: a)",65536,32,132,1,3,1218,0,206.792354584
1,"map(tofrom: a)",65536,32,132,1,3,2,0,194.048881531
1,"map(tofrom: a)",65536,32,132,1,3,3,0,192.892551422
1,"map(tofrom: a)",65536,32,132,1,3,4,0,192.093849182
1,"map(tofrom: a)",65536,32,132,1,3,758,0,198.948383331
1,"map(tofrom: a)",65536,32,132,1,3,11,0,191.843509674
1,"map(tofrom: a)",65536,32,132,1,3,44,0,196.146965027
1,"map(tofrom: a)",65536,32,132,1,3,472,0,197.458267212
1,"map(tofrom: a)",65536,32,132,1,3,7,0,192.999839783
1,"map(tofrom: a)",65536,32,132,1,3,1955,0,211.441516876
1,"map(tofrom: a)",65536,32,132,1,3,71,0,192.499160767
1,"map(tofrom: a)",65536,32,132,1,3,183,0,193.750858307
1,"map(tofrom: a)",65536,32,132,1,3,8096,0,272.107124329
1,"map(tofrom: a)",65536,32,132,1,3,3140,0,222.051143646
1,"map(tofrom: a)",65536,32,132,1,4,472,0,198.006629944
1,"map(tofrom: a)",65536,32,132,1,4,71,0,193.154811859
1,"map(tofrom: a)",65536,32,132,1,4,1,0,190.353393555
1,"map(tofrom: a)",65536,32,132,1,4,11,0,189.697742462
1,"map(tofrom: a)",65536,32,132,1,4,4,0,189.399719238
1,"map(tofrom: a)",65536,32,132,1,4,3140,0,220.751762390
1,"map(tofrom: a)",65536,32,132,1,4,28,0,189.101696014
1,"map(tofrom: a)",65536,32,132,1,4,1218,0,199.604034424
1,"map(tofrom: a)",65536,32,132,1,4,2,0,188.899040222
1,"map(tofrom: a)",65536,32,132,1,4,183,0,192.749500275
1,"map(tofrom: a)",65536,32,132,1,4,5042,0,240.695476532
1,"map(tofrom: a)",65536,32,132,1,4,114,0,190.353393555
1,"map(tofrom: a)",65536,32,132,1,4,3,0,188.350677490
1,"map(tofrom: a)",65536,32,132,1,4,44,0,193.595886230
1,"map(tofrom: a)",65536,32,132,1,4,758,0,196.850299835
1,"map(tofrom: a)",65536,32,132,1,4,8096,0,271.940231323
1,"map(tofrom: a)",65536,32,132,1,4,1955,0,217.354297638
1,"map(tofrom: a)",65536,32,132,1,4,294,0,195.002555847
1,"map(tofrom: a)",65536,32,132,1,4,7,0,189.495086670
1,"map(tofrom: a)",65536,32,132,1,4,17,0,195.193290710
2,"map(to: a)",1,32,132,0,0,7,0,22.554397583
2,"map(to: a)",1,32,132,0,0,114,0,23.603439331
2,"map(to: a)",1,32,132,0,0,3,0,23.257732391
2,"map(to: a)",1,32,132,0,0,17,0,23.353099823
2,"map(to: a)",1,32,132,0,0,1,0,22.447109222
2,"map(to: a)",1,32,132,0,0,44,0,23.388862610
2,"map(to: a)",1,32,132,0,0,294,0,25.343894958
2,"map(to: a)",1,32,132,0,0,3140,0,56.159496307
2,"map(to: a)",1,32,132,0,0,4,0,22.697448730
2,"map(to: a)",1,32,132,0,0,1955,0,43.046474457
2,"map(to: a)",1,32,132,0,0,183,0,25.594234467
2,"map(to: a)",1,32,132,0,0,8096,0,107.443332672
2,"map(to: a)",1,32,132,0,0,758,0,30.994415283
2,"map(to: a)",1,32,132,0,0,71,0,23.901462555
2,"map(to: a)",1,32,132,0,0,2,0,23.949146271
2,"map(to: a)",1,32,132,0,0,11,0,22.900104523
2,"map(to: a)",1,32,132,0,0,28,0,22.900104523
2,"map(to: a)",1,32,132,0,0,5042,0,76.103210449
2,"map(to: a)",1,32,132,0,0,1218,0,35.655498505
2,"map(to: a)",1,32,132,0,0,472,0,26.249885559
2,"map(to: a)",1,32,132,0,1,4,0,22.101402283
2,"map(to: a)",1,32,132,0,1,1,0,21.493434906
2,"map(to: a)",1,32,132,0,1,17,0,22.602081299
2,"map(to: a)",1,32,132,0,1,28,0,22.459030151
2,"map(to: a)",1,32,132,0,1,11,0,21.696090698
2,"map(to: a)",1,32,132,0,1,3140,0,55.897235870
2,"map(to: a)",1,32,132,0,1,2,0,22.554397583
2,"map(to: a)",1,32,132,0,1,758,0,30.660629272
2,"map(to: a)",1,32,132,0,1,1218,0,35.548210144
2,"map(to: a)",1,32,132,0,1,44,0,23.400783539
2,"map(to: a)",1,32,132,0,1,71,0,23.555755615
2,"map(to: a)",1,32,132,0,1,114,0,23.949146271
2,"map(to: a)",1,32,132,0,1,294,0,25.796890259
2,"map(to: a)",1,32,132,0,1,7,0,22.649765015
2,"map(to: a)",1,32,132,0,1,183,0,24.306774139
2,"map(to: a)",1,32,132,0,1,8096,0,106.549263000
2,"map(to: a)",1,32,132,0,1,472,0,26.738643646
2,"map(to: a)",1,32,132,0,1,1955,0,43.547153473
2,"map(to: a)",1,32,132,0,1,3,0,22.792816162
2,"map(to: a)",1,32,132,0,1,5042,0,76.305866241
2,"map(to: a)",1,32,132,0,2,3,0,22.602081299
2,"map(to: a)",1,32,132,0,2,44,0,22.649765015
2,"map(to: a)",1,32,132,0,2,1,0,21.648406982
2,"map(to: a)",1,32,132,0,2,183,0,24.008750916
2,"map(to: a)",1,32,132,0,2,294,0,26.750564575
2,"map(to: a)",1,32,132,0,2,5042,0,74.851512909
2,"map(to: a)",1,32,132,0,2,7,0,22.649765015
2,"map(to: a)",1,32,132,0,2,8096,0,107.443332672
2,"map(to: a)",1,32,132,0,2,2,0,21.493434906
2,"map(to: a)",1,32,132,0,2,114,0,24.104118347
2,"map(to: a)",1,32,132,0,2,71,0,23.198127747
2,"map(to: a)",1,32,132,0,2,1955,0,41.496753693
2,"map(to: a)",1,32,132,0,2,17,0,20.992755890
2,"map(to: a)",1,32,132,0,2,472,0,28.800964355
2,"map(to: a)",1,32,132,0,2,11,0,22.792816162
2,"map(to: a)",1,32,132,0,2,1218,0,33.593177795
2,"map(to: a)",1,32,132,0,2,4,0,22.494792938
2,"map(to: a)",1,32,132,0,2,3140,0,55.551528931
2,"map(to: a)",1,32,132,0,2,758,0,31.149387360
2,"map(to: a)",1,32,132,0,2,28,0,23.245811462
2,"map(to: a)",1,32,132,0,3,11,0,22.947788239
2,"map(to: a)",1,32,132,0,3,4,0,22.351741791
2,"map(to: a)",1,32,132,0,3,5042,0,74.052810669
2,"map(to: a)",1,32,132,0,3,183,0,25.653839111
2,"map(to: a)",1,32,132,0,3,17,0,23.806095123
2,"map(to: a)",1,32,132,0,3,3,0,22.804737091
2,"map(to: a)",1,32,132,0,3,28,0,23.150444031
2,"map(to: a)",1,32,132,0,3,1218,0,36.752223969
2,"map(to: a)",1,32,132,0,3,114,0,24.044513702
2,"map(to: a)",1,32,132,0,3,758,0,31.149387360
2,"map(to: a)",1,32,132,0,3,1955,0,42.951107025
2,"map(to: a)",1,32,132,0,3,472,0,28.300285339
2,"map(to: a)",1,32,132,0,3,7,0,23.305416107
2,"map(to: a)",1,32,132,0,3,44,0,22.697448730
2,"map(to: a)",1,32,132,0,3,3140,0,55.098533630
2,"map(to: a)",1,32,132,0,3,8096,0,107.204914093
2,"map(to: a)",1,32,132,0,3,71,0,24.044513702
2,"map(to: a)",1,32,132,0,3,1,0,22.494792938
2,"map(to: a)",1,32,132,0,3,2,0,23.341178894
2,"map(to: a)",1,32,132,0,3,294,0,25.188922882
2,"map(to: a)",1,32,132,0,4,3,0,21.648406982
2,"map(to: a)",1,32,132,0,4,8096,0,107.097625732
2,"map(to: a)",1,32,132,0,4,1,0,22.590160370
2,"map(to: a)",1,32,132,0,4,28,0,22.745132446
2,"map(to: a)",1,32,132,0,4,17,0,22.649765015
2,"map(to: a)",1,32,132,0,4,5042,0,75.447559357
2,"map(to: a)",1,32,132,0,4,7,0,22.745132446
2,"map(to: a)",1,32,132,0,4,114,0,24.652481079
2,"map(to: a)",1,32,132,0,4,44,0,22.292137146
2,"map(to: a)",1,32,132,0,4,2,0,20.051002502
2,"map(to: a)",1,32,132,0,4,294,0,23.853778839
2,"map(to: a)",1,32,132,0,4,758,0,31.805038452
2,"map(to: a)",1,32,132,0,4,183,0,25.141239166
2,"map(to: a)",1,32,132,0,4,4,0,22.494792938
2,"map(to: a)",1,32,132,0,4,1218,0,35.500526428
2,"map(to: a)",1,32,132,0,4,71,0,23.949146271
2,"map(to: a)",1,32,132,0,4,1955,0,43.106079102
2,"map(to: a)",1,32,132,0,4,11,0,22.196769714
2,"map(to: a)",1,32,132,0,4,472,0,27.346611023
2,"map(to: a)",1,32,132,0,4,3140,0,55.503845215
2,"map(to: a)",1,32,132,1,0,2,0,22.697448730
2,"map(to: a)",1,32,132,1,0,4,0,21.398067474
2,"map(to: a)",1,32,132,1,0,472,0,29.003620148
2,"map(to: a)",1,32,132,1,0,3140,0,53.799152374
2,"map(to: a)",1,32,132,1,0,183,0,21.445751190
2,"map(to: a)",1,32,132,1,0,28,0,24.390220642
2,"map(to: a)",1,32,132,1,0,71,0,23.949146271
2,"map(to: a)",1,32,132,1,0,1218,0,35.202503204
2,"map(to: a)",1,32,132,1,0,294,0,25.248527527
2,"map(to: a)",1,32,132,1,0,1,0,22.149085999
2,"map(to: a)",1,32,132,1,0,7,0,22.196769714
2,"map(to: a)",1,32,132,1,0,1955,0,42.045116425
2,"map(to: a)",1,32,132,1,0,758,0,31.352043152
2,"map(to: a)",1,32,132,1,0,114,0,24.604797363
2,"map(to: a)",1,32,132,1,0,11,0,23.508071899
2,"map(to: a)",1,32,132,1,0,3,0,21.851062775
2,"map(to: a)",1,32,132,1,0,8096,0,107.860565186
2,"map(to: a)",1,32,132,1,0,44,0,23.102760315
2,"map(to: a)",1,32,132,1,0,17,0,22.649765015
2,"map(to: a)",1,32,132,1,0,5042,0,75.399875641
2,"map(to: a)",1,32,132,1,1,758,0,29.897689819
2,"map(to: a)",1,32,132,1,1,3,0,22.542476654
2,"map(to: a)",1,32,132,1,1,3140,0,55.694580078
2,"map(to: a)",1,32,132,1,1,1955,0,42.653083801
2,"map(to: a)",1,32,132,1,1,44,0,22.399425507
2,"map(to: a)",1,32,132,1,1,17,0,21.958351135
2,"map(to: a)",1,32,132,1,1,294,0,25.701522827
2,"map(to: a)",1,32,132,1,1,28,0,19.454956055
2,"map(to: a)",1,32,132,1,1,114,0,24.044513702
2,"map(to: a)",1,32,132,1,1,2,0,21.898746490
2,"map(to: a)",1,32,132,1,1,7,0,21.600723267
2,"map(to: a)",1,32,132,1,1,183,0,24.402141571
2,"map(to: a)",1,32,132,1,1,8096,0,105.750560760
2,"map(to: a)",1,32,132,1,1,11,0,19.645690918
2,"map(to: a)",1,32,132,1,1,1,0,21.851062775
2,"map(to: a)",1,32,132,1,1,1218,0,35.893917084
2,"map(to: a)",1,32,132,1,1,472,0,28.157234192
2,"map(to: a)",1,32,132,1,1,71,0,22.757053375
2,"map(to: a)",1,32,132,1,1,5042,0,75.101852417
2,"map(to: a)",1,32,132,1,1,4,0,23.448467255
2,"map(to: a)",1,32,132,1,2,2,0,23.400783539
2,"map(to: a)",1,32,132,1,2,71,0,24.557113647
2,"map(to: a)",1,32,132,1,2,17,0,23.210048676
2,"map(to: a)",1,32,132,1,2,472,0,28.693675995
2,"map(to: a)",1,32,132,1,2,5042,0,74.803829193
2,"map(to: a)",1,32,132,1,2,28,0,21.445751190
2,"map(to: a)",1,32,132,1,2,44,0,23.210048676
2,"map(to: a)",1,32,132,1,2,1218,0,35.297870636
2,"map(to: a)",1,32,132,1,2,4,0,22.256374359
2,"map(to: a)",1,32,132,1,2,1955,0,42.355060577
2,"map(to: a)",1,32,132,1,2,183,0,24.044513702
2,"map(to: a)",1,32,132,1,2,7,0,22.745132446
2,"map(to: a)",1,32,132,1,2,758,0,30.303001404
2,"map(to: a)",1,32,132,1,2,1,0,21.851062775
2,"map(to: a)",1,32,132,1,2,3140,0,54.597854614
2,"map(to: a)",1,32,132,1,2,8096,0,107.693672180
2,"map(to: a)",1,32,132,1,2,3,0,21.743774414
2,"map(to: a)",1,32,132,1,2,114,0,23.448467255
2,"map(to: a)",1,32,132,1,2,11,0,22.208690643
2,"map(to: a)",1,32,132,1,2,294,0,26.047229767
2,"map(to: a)",1,32,132,1,3,1,0,18.596649170
2,"map(to: a)",1,32,132,1,3,17,0,21.898746490
2,"map(to: a)",1,32,132,1,3,294,0,24.354457855
2,"map(to: a)",1,32,132,1,3,5042,0,74.851512909
2,"map(to: a)",1,32,132,1,3,114,0,23.841857910
2,"map(to: a)",1,32,132,1,3,28,0,22.447109222
2,"map(to: a)",1,32,132,1,3,1218,0,35.154819489
2,"map(to: a)",1,32,132,1,3,2,0,21.946430206
2,"map(to: a)",1,32,132,1,3,3,0,18.942356110
2,"map(to: a)",1,32,132,1,3,4,0,21.743774414
2,"map(to: a)",1,32,132,1,3,758,0,30.696392059
2,"map(to: a)",1,32,132,1,3,11,0,22.995471954
2,"map(to: a)",1,32,132,1,3,44,0,23.102760315
2,"map(to: a)",1,32,132,1,3,472,0,28.455257416
2,"map(to: a)",1,32,132,1,3,7,0,22.256374359
2,"map(to: a)",1,32,132,1,3,1955,0,41.043758392
2,"map(to: a)",1,32,132,1,3,71,0,22.745132446
2,"map(to: a)",1,32,132,1,3,183,0,25.057792664
2,"map(to: a)",1,32,132,1,3,8096,0,106.894969940
2,"map(to: a)",1,32,132,1,3,3140,0,55.050849915
2,"map(to: a)",1,32,132,1,4,472,0,28.300285339
2,"map(to: a)",1,32,132,1,4,71,0,23.305416107
2,"map(to: a)",1,32,132,1,4,1,0,22.447109222
2,"map(to: a)",1,32,132,1,4,11,0,22.399425507
2,"map(to: a)",1,32,132,1,4,4,0,22.900104523
2,"map(to: a)",1,32,132,1,4,3140,0,55.301189423
2,"map(to: a)",1,32,132,1,4,28,0,21.350383759
2,"map(to: a)",1,32,132,1,4,1218,0,35.560131073
2,"map(to: a)",1,32,132,1,4,2,0,21.696090698
2,"map(to: a)",1,32,132,1,4,183,0,23.102760315
2,"map(to: a)",1,32,132,1,4,5042,0,77.843666077
2,"map(to: a)",1,32,132,1,4,114,0,22.745132446
2,"map(to: a)",1,32,132,1,4,3,0,22.804737091
2,"map(to: a)",1,32,132,1,4,44,0,22.149085999
2,"map(to: a)",1,32,132,1,4,758,0,31.447410583
2,"map(to: a)",1,32,132,1,4,8096,0,106.203556061
2,"map(to: a)",1,32,132,1,4,1955,0,42.355060577
2,"map(to: a)",1,32,132,1,4,294,0,25.808811188
2,"map(to: a)",1,32,132,1,4,7,0,23.448467255
2,"map(to: a)",1,32,132,1,4,17,0,21.553039551
2,"map(to: a)",4,32,132,0,0,7,0,22.041797638
2,"map(to: a)",4,32,132,0,0,114,0,24.342536926
2,"map(to: a)",4,32,132,0,0,3,0,22.244453430
2,"map(to: a)",4,32,132,0,0,17,0,23.150444031
2,"map(to: a)",4,32,132,0,0,1,0,21.851062775
2,"map(to: a)",4,32,132,0,0,44,0,23.651123047
2,"map(to: a)",4,32,132,0,0,294,0,25.808811188
2,"map(to: a)",4,32,132,0,0,3140,0,56.040287018
2,"map(to: a)",4,32,132,0,0,4,0,23.245811462
2,"map(to: a)",4,32,132,0,0,1955,0,43.606758118
2,"map(to: a)",4,32,132,0,0,183,0,25.403499603
2,"map(to: a)",4,32,132,0,0,8096,0,107.443332672
2,"map(to: a)",4,32,132,0,0,758,0,30.899047852
2,"map(to: a)",4,32,132,0,0,71,0,23.746490479
2,"map(to: a)",4,32,132,0,0,2,0,22.304058075
2,"map(to: a)",4,32,132,0,0,11,0,22.804737091
2,"map(to: a)",4,32,132,0,0,28,0,22.101402283
2,"map(to: a)",4,32,132,0,0,5042,0,76.496601105
2,"map(to: a)",4,32,132,0,0,1218,0,36.501884460
2,"map(to: a)",4,32,132,0,0,472,0,28.502941132
2,"map(to: a)",4,32,132,0,1,4,0,21.445751190
2,"map(to: a)",4,32,132,0,1,1,0,22.053718567
2,"map(to: a)",4,32,132,0,1,17,0,23.353099823
2,"map(to: a)",4,32,132,0,1,28,0,22.947788239
2,"map(to: a)",4,32,132,0,1,11,0,23.448467255
2,"map(to: a)",4,32,132,0,1,3140,0,56.898593903
2,"map(to: a)",4,32,132,0,1,2,0,23.007392883
2,"map(to: a)",4,32,132,0,1,758,0,30.899047852
2,"map(to: a)",4,32,132,0,1,1218,0,35.202503204
2,"map(to: a)",4,32,132,0,1,44,0,22.506713867
2,"map(to: a)",4,32,132,0,1,71,0,22.947788239
2,"map(to: a)",4,32,132,0,1,114,0,24.259090424
2,"map(to: a)",4,32,132,0,1,294,0,25.999546051
2,"map(to: a)",4,32,132,0,1,7,0,24.199485779
2,"map(to: a)",4,32,132,0,1,183,0,26.059150696
2,"map(to: a)",4,32,132,0,1,8096,0,107.097625732
2,"map(to: a)",4,32,132,0,1,472,0,25.153160095
2,"map(to: a)",4,32,132,0,1,1955,0,43.249130249
2,"map(to: a)",4,32,132,0,1,3,0,22.888183594
2,"map(to: a)",4,32,132,0,1,5042,0,75.089931488
2,"map(to: a)",4,32,132,0,2,3,0,24.044513702
2,"map(to: a)",4,32,132,0,2,44,0,24.247169495
2,"map(to: a)",4,32,132,0,2,1,0,23.055076599
2,"map(to: a)",4,32,132,0,2,183,0,24.902820587
2,"map(to: a)",4,32,132,0,2,294,0,27.501583099
2,"map(to: a)",4,32,132,0,2,5042,0,74.005126953
2,"map(to: a)",4,32,132,0,2,7,0,20.599365234
2,"map(to: a)",4,32,132,0,2,8096,0,107.347965240
2,"map(to: a)",4,32,132,0,2,2,0,22.649765015
2,"map(to: a)",4,32,132,0,2,114,0,24.199485779
2,"map(to: a)",4,32,132,0,2,71,0,23.806095123
2,"map(to: a)",4,32,132,0,2,1955,0,42.653083801
2,"map(to: a)",4,32,132,0,2,17,0,23.901462555
2,"map(to: a)",4,32,132,0,2,472,0,27.704238892
2,"map(to: a)",4,32,132,0,2,11,0,23.198127747
2,"map(to: a)",4,32,132,0,2,1218,0,35.345554352
2,"map(to: a)",4,32,132,0,2,4,0,22.697448730
2,"map(to: a)",4,32,132,0,2,3140,0,55.503845215
2,"map(to: a)",4,32,132,0,2,758,0,31.244754791
2,"map(to: a)",4,32,132,0,2,28,0,23.007392883
2,"map(to: a)",4,32,132,0,3,11,0,23.305416107
2,"map(to: a)",4,32,132,0,3,4,0,22.399425507
2,"map(to: a)",4,32,132,0,3,5042,0,75.650215149
2,"map(to: a)",4,32,132,0,3,183,0,20.849704742
2,"map(to: a)",4,32,132,0,3,17,0,21.898746490
2,"map(to: a)",4,32,132,0,3,3,0,22.804737091
2,"map(to: a)",4,32,132,0,3,28,0,22.649765015
2,"map(to: a)",4,32,132,0,3,1218,0,36.251544952
2,"map(to: a)",4,32,132,0,3,114,0,23.949146271
2,"map(to: a)",4,32,132,0,3,758,0,30.899047852
2,"map(to: a)",4,32,132,0,3,1955,0,43.201446533
2,"map(to: a)",4,32,132,0,3,472,0,28.896331787
2,"map(to: a)",4,32,132,0,3,7,0,22.101402283
2,"map(to: a)",4,32,132,0,3,44,0,23.806095123
2,"map(to: a)",4,32,132,0,3,3140,0,56.445598602
2,"map(to: a)",4,32,132,0,3,8096,0,107.252597809
2,"map(to: a)",4,32,132,0,3,71,0,23.603439331
2,"map(to: a)",4,32,132,0,3,1,0,22.697448730
2,"map(to: a)",4,32,132,0,3,2,0,22.757053375
2,"map(to: a)",4,32,132,0,3,294,0,26.297569275
2,"map(to: a)",4,32,132,0,4,3,0,22.649765015
2,"map(to: a)",4,32,132,0,4,8096,0,107.657909393
2,"map(to: a)",4,32,132,0,4,1,0,22.542476654
2,"map(to: a)",4,32,132,0,4,28,0,24.044513702
2,"map(to: a)",4,32,132,0,4,17,0,22.506713867
2,"map(to: a)",4,32,132,0,4,5042,0,74.505805969
2,"map(to: a)",4,32,132,0,4,7,0,21.553039551
2,"map(to: a)",4,32,132,0,4,114,0,24.545192719
2,"map(to: a)",4,32,132,0,4,44,0,23.651123047
2,"map(to: a)",4,32,132,0,4,2,0,21.398067474
2,"map(to: a)",4,32,132,0,4,294,0,26.249885559
2,"map(to: a)",4,32,132,0,4,758,0,30.994415283
2,"map(to: a)",4,32,132,0,4,183,0,24.998188019
2,"map(to: a)",4,32,132,0,4,4,0,21.100044250
2,"map(to: a)",4,32,132,0,4,1218,0,35.548210144
2,"map(to: a)",4,32,132,0,4,71,0,23.400783539
2,"map(to: a)",4,32,132,0,4,1955,0,43.702125549
2,"map(to: a)",4,32,132,0,4,11,0,22.149085999
2,"map(to: a)",4,32,132,0,4,472,0,29.397010803
2,"map(to: a)",4,32,132,0,4,3140,0,54.848194122
2,"map(to: a)",4,32,132,1,0,2,0,18.751621246
2,"map(to: a)",4,32,132,1,0,4,0,22.590160370
2,"map(to: a)",4,32,132,1,0,472,0,28.347969055
2,"map(to: a)",4,32,132,1,0,3140,0,55.944919586
2,"map(to: a)",4,32,132,1,0,183,0,24.998188019
2,"map(to: a)",4,32,132,1,0,28,0,22.697448730
2,"map(to: a)",4,32,132,1,0,71,0,23.055076599
2,"map(to: a)",4,32,132,1,0,1218,0,36.346912384
2,"map(to: a)",4,32,132,1,0,294,0,26.297569275
2,"map(to: a)",4,32,132,1,0,1,0,23.305416107
2,"map(to: a)",4,32,132,1,0,7,0,22.959709167
2,"map(to: a)",4,32,132,1,0,1955,0,43.797492981
2,"map(to: a)",4,32,132,1,0,758,0,31.101703644
2,"map(to: a)",4,32,132,1,0,114,0,24.342536926
2,"map(to: a)",4,32,132,1,0,11,0,22.304058075
2,"map(to: a)",4,32,132,1,0,3,0,23.305416107
2,"map(to: a)",4,32,132,1,0,8096,0,107.300281525
2,"map(to: a)",4,32,132,1,0,44,0,18.250942230
2,"map(to: a)",4,32,132,1,0,17,0,21.851062775
2,"map(to: a)",4,32,132,1,0,5042,0,75.149536133
2,"map(to: a)",4,32,132,1,1,758,0,30.946731567
2,"map(to: a)",4,32,132,1,1,3,0,21.255016327
2,"map(to: a)",4,32,132,1,1,3140,0,55.944919586
2,"map(to: a)",4,32,132,1,1,1955,0,42.200088501
2,"map(to: a)",4,32,132,1,1,44,0,21.100044250
2,"map(to: a)",4,32,132,1,1,17,0,17.845630646
2,"map(to: a)",4,32,132,1,1,294,0,26.452541351
2,"map(to: a)",4,32,132,1,1,28,0,22.244453430
2,"map(to: a)",4,32,132,1,1,114,0,23.496150970
2,"map(to: a)",4,32,132,1,1,2,0,23.496150970
2,"map(to: a)",4,32,132,1,1,7,0,22.947788239
2,"map(to: a)",4,32,132,1,1,183,0,25.045871735
2,"map(to: a)",4,32,132,1,1,8096,0,105.607509613
2,"map(to: a)",4,32,132,1,1,11,0,23.305416107
2,"map(to: a)",4,32,132,1,1,1,0,18.346309662
2,"map(to: a)",4,32,132,1,1,1218,0,36.251544952
2,"map(to: a)",4,32,132,1,1,472,0,28.049945831
2,"map(to: a)",4,32,132,1,1,71,0,23.388862610
2,"map(to: a)",4,32,132,1,1,5042,0,75.805187225
2,"map(to: a)",4,32,132,1,1,4,0,21.743774414
2,"map(to: a)",4,32,132,1,2,2,0,22.494792938
2,"map(to: a)",4,32,132,1,2,71,0,22.959709167
2,"map(to: a)",4,32,132,1,2,17,0,21.541118622
2,"map(to: a)",4,32,132,1,2,472,0,27.394294739
2,"map(to: a)",4,32,132,1,2,5042,0,75.459480286
2,"map(to: a)",4,32,132,1,2,28,0,23.353099823
2,"map(to: a)",4,32,132,1,2,44,0,23.055076599
2,"map(to: a)",4,32,132,1,2,1218,0,36.001205444
2,"map(to: a)",4,32,132,1,2,4,0,22.208690643
2,"map(to: a)",4,32,132,1,2,1955,0,44.155120850
2,"map(to: a)",4,32,132,1,2,183,0,24.700164795
2,"map(to: a)",4,32,132,1,2,7,0,22.852420807
2,"map(to: a)",4,32,132,1,2,758,0,31.101703644
2,"map(to: a)",4,32,132,1,2,1,0,21.350383759
2,"map(to: a)",4,32,132,1,2,3140,0,55.503845215
2,"map(to: a)",4,32,132,1,2,8096,0,107.908248901
2,"map(to: a)",4,32,132,1,2,3,0,22.399425507
2,"map(to: a)",4,32,132,1,2,114,0,24.139881134
2,"map(to: a)",4,32,132,1,2,11,0,22.494792938
2,"map(to: a)",4,32,132,1,2,294,0,26.702880859
2,"map(to: a)",4,32,132,1,3,1,0,22.041797638
2,"map(to: a)",4,32,132,1,3,17,0,23.043155670
2,"map(to: a)",4,32,132,1,3,294,0,25.999546051
2,"map(to: a)",4,32,132,1,3,5042,0,75.745582581
2,"map(to: a)",4,32,132,1,3,114,0,23.305416107
2,"map(to: a)",4,32,132,1,3,28,0,23.543834686
2,"map(to: a)",4,32,132,1,3,1218,0,35.750865936
2,"map(to: a)",4,32,132,1,3,2,0,21.398067474
2,"map(to: a)",4,32,132,1,3,3,0,19.598007202
2,"map(to: a)",4,32,132,1,3,4,0,21.338462830
2,"map(to: a)",4,32,132,1,3,758,0,30.899047852
2,"map(to: a)",4,32,132,1,3,11,0,22.602081299
2,"map(to: a)",4,32,132,1,3,44,0,23.996829987
2,"map(to: a)",4,32,132,1,3,472,0,28.502941132
2,"map(to: a)",4,32,132,1,3,7,0,23.102760315
2,"map(to: a)",4,32,132,1,3,1955,0,43.749809265
2,"map(to: a)",4,32,132,1,3,71,0,23.555755615
2,"map(to: a)",4,32,132,1,3,183,0,25.045871735
2,"map(to: a)",4,32,132,1,3,8096,0,108.158588409
2,"map(to: a)",4,32,132,1,3,3140,0,56.195259094
2,"map(to: a)",4,32,132,1,4,472,0,28.240680695
2,"map(to: a)",4,32,132,1,4,71,0,23.841857910
2,"map(to: a)",4,32,132,1,4,1,0,21.648406982
2,"map(to: a)",4,32,132,1,4,11,0,23.353099823
2,"map(to: a)",4,32,132,1,4,4,0,23.841857910
2,"map(to: a)",4,32,132,1,4,3140,0,56.457519531
2,"map(to: a)",4,32,132,1,4,28,0,23.293495178
2,"map(to: a)",4,32,132,1,4,1218,0,36.549568176
2,"map(to: a)",4,32,132,1,4,2,0,23.996829987
2,"map(to: a)",4,32,132,1,4,183,0,25.558471680
2,"map(to: a)",4,32,132,1,4,5042,0,76.341629028
2,"map(to: a)",4,32,132,1,4,114,0,24.700164795
2,"map(to: a)",4,32,132,1,4,3,0,22.947788239
2,"map(to: a)",4,32,132,1,4,44,0,22.542476654
2,"map(to: a)",4,32,132,1,4,758,0,31.101703644
2,"map(to: a)",4,32,132,1,4,8096,0,106.358528137
2,"map(to: a)",4,32,132,1,4,1955,0,43.201446533
2,"map(to: a)",4,32,132,1,4,294,0,25.105476379
2,"map(to: a)",4,32,132,1,4,7,0,19.955635071
2,"map(to: a)",4,32,132,1,4,17,0,23.353099823
2,"map(to: a)",16,32,132,0,0,7,0,22.399425507
2,"map(to: a)",16,32,132,0,0,114,0,23.996829987
2,"map(to: a)",16,32,132,0,0,3,0,22.852420807
2,"map(to: a)",16,32,132,0,0,17,0,23.806095123
2,"map(to: a)",16,32,132,0,0,1,0,22.304058075
2,"map(to: a)",16,32,132,0,0,44,0,23.901462555
2,"map(to: a)",16,32,132,0,0,294,0,22.053718567
2,"map(to: a)",16,32,132,0,0,3140,0,56.850910187
2,"map(to: a)",16,32,132,0,0,4,0,23.090839386
2,"map(to: a)",16,32,132,0,0,1955,0,42.998790741
2,"map(to: a)",16,32,132,0,0,183,0,24.342536926
2,"map(to: a)",16,32,132,0,0,8096,0,108.146667480
2,"map(to: a)",16,32,132,0,0,758,0,31.399726868
2,"map(to: a)",16,32,132,0,0,71,0,19.502639771
2,"map(to: a)",16,32,132,0,0,2,0,23.293495178
2,"map(to: a)",16,32,132,0,0,11,0,22.351741791
2,"map(to: a)",16,32,132,0,0,28,0,23.400783539
2,"map(to: a)",16,32,132,0,0,5042,0,74.601173401
2,"map(to: a)",16,32,132,0,0,1218,0,35.941600800
2,"map(to: a)",16,32,132,0,0,472,0,28.443336487
2,"map(to: a)",16,32,132,0,1,4,0,23.996829987
2,"map(to: a)",16,32,132,0,1,1,0,23.055076599
2,"map(to: a)",16,32,132,0,1,17,0,23.448467255
2,"map(to: a)",16,32,132,0,1,28,0,23.543834686
2,"map(to: a)",16,32,132,0,1,11,0,22.494792938
2,"map(to: a)",16,32,132,0,1,3140,0,56.040287018
2,"map(to: a)",16,32,132,0,1,2,0,23.007392883
2,"map(to: a)",16,32,132,0,1,758,0,30.243396759
2,"map(to: a)",16,32,132,0,1,1218,0,36.597251892
2,"map(to: a)",16,32,132,0,1,44,0,24.104118347
2,"map(to: a)",16,32,132,0,1,71,0,23.949146271
2,"map(to: a)",16,32,132,0,1,114,0,24.449825287
2,"map(to: a)",16,32,132,0,1,294,0,26.702880859
2,"map(to: a)",16,32,132,0,1,7,0,23.806095123
2,"map(to: a)",16,32,132,0,1,183,0,25.546550751
2,"map(to: a)",16,32,132,0,1,8096,0,107.192993164
2,"map(to: a)",16,32,132,0,1,472,0,28.300285339
2,"map(to: a)",16,32,132,0,1,1955,0,41.949748993
2,"map(to: a)",16,32,132,0,1,3,0,23.698806763
2,"map(to: a)",16,32,132,0,1,5042,0,76.699256897
2,"map(to: a)",16,32,132,0,2,3,0,22.494792938
2,"map(to: a)",16,32,132,0,2,44,0,23.305416107
2,"map(to: a)",16,32,132,0,2,1,0,21.100044250
2,"map(to: a)",16,32,132,0,2,183,0,21.660327911
2,"map(to: a)",16,32,132,0,2,294,0,22.804737091
2,"map(to: a)",16,32,132,0,2,5042,0,75.292587280
2,"map(to: a)",16,32,132,0,2,7,0,23.245811462
2,"map(to: a)",16,32,132,0,2,8096,0,107.061862946
2,"map(to: a)",16,32,132,0,2,2,0,22.900104523
2,"map(to: a)",16,32,132,0,2,114,0,24.199485779
2,"map(to: a)",16,32,132,0,2,71,0,24.902820587
2,"map(to: a)",16,32,132,0,2,1955,0,44.345855713
2,"map(to: a)",16,32,132,0,2,17,0,23.901462555
2,"map(to: a)",16,32,132,0,2,472,0,28.502941132
2,"map(to: a)",16,32,132,0,2,11,0,23.353099823
2,"map(to: a)",16,32,132,0,2,1218,0,35.655498505
2,"map(to: a)",16,32,132,0,2,4,0,23.245811462
2,"map(to: a)",16,32,132,0,2,3140,0,55.706501007
2,"map(to: a)",16,32,132,0,2,758,0,31.495094299
2,"map(to: a)",16,32,132,0,2,28,0,23.508071899
2,"map(to: a)",16,32,132,0,3,11,0,23.150444031
2,"map(to: a)",16,32,132,0,3,4,0,19.705295563
2,"map(to: a)",16,32,132,0,3,5042,0,74.446201324
2,"map(to: a)",16,32,132,0,3,183,0,25.153160095
2,"map(to: a)",16,32,132,0,3,17,0,23.996829987
2,"map(to: a)",16,32,132,0,3,3,0,19.705295563
2,"map(to: a)",16,32,132,0,3,28,0,24.151802063
2,"map(to: a)",16,32,132,0,3,1218,0,33.748149872
2,"map(to: a)",16,32,132,0,3,114,0,23.949146271
2,"map(to: a)",16,32,132,0,3,758,0,28.407573700
2,"map(to: a)",16,32,132,0,3,1955,0,44.655799866
2,"map(to: a)",16,32,132,0,3,472,0,27.799606323
2,"map(to: a)",16,32,132,0,3,7,0,22.900104523
2,"map(to: a)",16,32,132,0,3,44,0,23.496150970
2,"map(to: a)",16,32,132,0,3,3140,0,55.396556854
2,"map(to: a)",16,32,132,0,3,8096,0,106.406211853
2,"map(to: a)",16,32,132,0,3,71,0,24.008750916
2,"map(to: a)",16,32,132,0,3,1,0,22.947788239
2,"map(to: a)",16,32,132,0,3,2,0,23.198127747
2,"map(to: a)",16,32,132,0,3,294,0,25.296211243
2,"map(to: a)",16,32,132,0,4,3,0,22.852420807
2,"map(to: a)",16,32,132,0,4,8096,0,107.455253601
2,"map(to: a)",16,32,132,0,4,1,0,22.542476654
2,"map(to: a)",16,32,132,0,4,28,0,22.649765015
2,"map(to: a)",16,32,132,0,4,17,0,24.199485779
2,"map(to: a)",16,32,132,0,4,5042,0,75.304508209
2,"map(to: a)",16,32,132,0,4,7,0,23.055076599
2,"map(to: a)",16,32,132,0,4,114,0,25.248527527
2,"map(to: a)",16,32,132,0,4,44,0,24.056434631
2,"map(to: a)",16,32,132,0,4,2,0,22.459030151
2,"map(to: a)",16,32,132,0,4,294,0,24.950504303
2,"map(to: a)",16,32,132,0,4,758,0,31.757354736
2,"map(to: a)",16,32,132,0,4,183,0,25.105476379
2,"map(to: a)",16,32,132,0,4,4,0,23.448467255
2,"map(to: a)",16,32,132,0,4,1218,0,37.050247192
2,"map(to: a)",16,32,132,0,4,71,0,24.247169495
2,"map(to: a)",16,32,132,0,4,1955,0,44.596195221
2,"map(to: a)",16,32,132,0,4,11,0,19.407272339
2,"map(to: a)",16,32,132,0,4,472,0,28.502941132
2,"map(to: a)",16,32,132,0,4,3140,0,56.350231171
2,"map(to: a)",16,32,132,1,0,2,0,22.852420807
2,"map(to: a)",16,32,132,1,0,4,0,22.995471954
2,"map(to: a)",16,32,132,1,0,472,0,28.097629547
2,"map(to: a)",16,32,132,1,0,3140,0,55.098533630
2,"map(to: a)",16,32,132,1,0,183,0,22.900104523
2,"map(to: a)",16,32,132,1,0,28,0,21.147727966
2,"map(to: a)",16,32,132,1,0,71,0,24.950504303
2,"map(to: a)",16,32,132,1,0,1218,0,35.691261292
2,"map(to: a)",16,32,132,1,0,294,0,26.607513428
2,"map(to: a)",16,32,132,1,0,1,0,22.244453430
2,"map(to: a)",16,32,132,1,0,7,0,23.746490479
2,"map(to: a)",16,32,132,1,0,1955,0,43.392181396
2,"map(to: a)",16,32,132,1,0,758,0,31.602382660
2,"map(to: a)",16,32,132,1,0,114,0,24.843215942
2,"map(to: a)",16,32,132,1,0,11,0,23.460388184
2,"map(to: a)",16,32,132,1,0,3,0,19.299983978
2,"map(to: a)",16,32,132,1,0,8096,0,107.598304749
2,"map(to: a)",16,32,132,1,0,44,0,22.995471954
2,"map(to: a)",16,32,132,1,0,17,0,22.757053375
2,"map(to: a)",16,32,132,1,0,5042,0,74.744224548
2,"map(to: a)",16,32,132,1,1,758,0,30.004978180
2,"map(to: a)",16,32,132,1,1,3,0,23.603439331
2,"map(to: a)",16,32,132,1,1,3140,0,55.706501007
2,"map(to: a)",16,32,132,1,1,1955,0,43.249130249
2,"map(to: a)",16,32,132,1,1,44,0,23.305416107
2,"map(to: a)",16,32,132,1,1,17,0,23.150444031
2,"map(to: a)",16,32,132,1,1,294,0,23.698806763
2,"map(to: a)",16,32,132,1,1,28,0,22.399425507
2,"map(to: a)",16,32,132,1,1,114,0,23.758411407
2,"map(to: a)",16,32,132,1,1,2,0,21.946430206
2,"map(to: a)",16,32,132,1,1,7,0,23.198127747
2,"map(to: a)",16,32,132,1,1,183,0,23.901462555
2,"map(to: a)",16,32,132,1,1,8096,0,107.550621033
2,"map(to: a)",16,32,132,1,1,11,0,22.900104523
2,"map(to: a)",16,32,132,1,1,1,0,21.457672119
2,"map(to: a)",16,32,132,1,1,1218,0,37.598609924
2,"map(to: a)",16,32,132,1,1,472,0,27.751922607
2,"map(to: a)",16,32,132,1,1,71,0,23.055076599
2,"map(to: a)",16,32,132,1,1,5042,0,76.103210449
2,"map(to: a)",16,32,132,1,1,4,0,22.339820862
2,"map(to: a)",16,32,132,1,2,2,0,22.959709167
2,"map(to: a)",16,32,132,1,2,71,0,19.145011902
2,"map(to: a)",16,32,132,1,2,17,0,22.900104523
2,"map(to: a)",16,32,132,1,2,472,0,27.406215668
2,"map(to: a)",16,32,132,1,2,5042,0,76.544284821
2,"map(to: a)",16,32,132,1,2,28,0,22.494792938
2,"map(to: a)",16,32,132,1,2,44,0,23.841857910
2,"map(to: a)",16,32,132,1,2,1218,0,33.998489380
2,"map(to: a)",16,32,132,1,2,4,0,23.198127747
2,"map(to: a)",16,32,132,1,2,1955,0,44.155120850
2,"map(to: a)",16,32,132,1,2,183,0,25.105476379
2,"map(to: a)",16,32,132,1,2,7,0,23.853778839
2,"map(to: a)",16,32,132,1,2,758,0,32.603740692
2,"map(to: a)",16,32,132,1,2,1,0,22.852420807
2,"map(to: a)",16,32,132,1,2,3140,0,56.350231171
2,"map(to: a)",16,32,132,1,2,8096,0,106.239318848
2,"map(to: a)",16,32,132,1,2,3,0,22.745132446
2,"map(to: a)",16,32,132,1,2,114,0,24.449825287
2,"map(to: a)",16,32,132,1,2,11,0,22.649765015
2,"map(to: a)",16,32,132,1,2,294,0,26.607513428
2,"map(to: a)",16,32,132,1,3,1,0,22.602081299
2,"map(to: a)",16,32,132,1,3,17,0,23.543834686
2,"map(to: a)",16,32,132,1,3,294,0,25.105476379
2,"map(to: a)",16,32,132,1,3,5042,0,76.794624329
2,"map(to: a)",16,32,132,1,3,114,0,24.640560150
2,"map(to: a)",16,32,132,1,3,28,0,20.098686218
2,"map(to: a)",16,32,132,1,3,1218,0,38.754940033
2,"map(to: a)",16,32,132,1,3,2,0,24.652481079
2,"map(to: a)",16,32,132,1,3,3,0,22.041797638
2,"map(to: a)",16,32,132,1,3,4,0,23.150444031
2,"map(to: a)",16,32,132,1,3,758,0,32.341480255
2,"map(to: a)",16,32,132,1,3,11,0,22.947788239
2,"map(to: a)",16,32,132,1,3,44,0,23.603439331
2,"map(to: a)",16,32,132,1,3,472,0,28.848648071
2,"map(to: a)",16,32,132,1,3,7,0,22.649765015
2,"map(to: a)",16,32,132,1,3,1955,0,41.890144348
2,"map(to: a)",16,32,132,1,3,71,0,20.444393158
2,"map(to: a)",16,32,132,1,3,183,0,25.510787964
2,"map(to: a)",16,32,132,1,3,8096,0,107.645988464
2,"map(to: a)",16,32,132,1,3,3140,0,55.205821991
2,"map(to: a)",16,32,132,1,4,472,0,28.550624847
2,"map(to: a)",16,32,132,1,4,71,0,24.700164795
2,"map(to: a)",16,32,132,1,4,1,0,22.697448730
2,"map(to: a)",16,32,132,1,4,11,0,23.841857910
2,"map(to: a)",16,32,132,1,4,4,0,18.751621246
2,"map(to: a)",16,32,132,1,4,3140,0,56.242942810
2,"map(to: a)",16,32,132,1,4,28,0,23.305416107
2,"map(to: a)",16,32,132,1,4,1218,0,36.454200745
2,"map(to: a)",16,32,132,1,4,2,0,18.203258514
2,"map(to: a)",16,32,132,1,4,183,0,24.604797363
2,"map(to: a)",16,32,132,1,4,5042,0,75.745582581
2,"map(to: a)",16,32,132,1,4,114,0,24.795532227
2,"map(to: a)",16,32,132,1,4,3,0,23.949146271
2,"map(to: a)",16,32,132,1,4,44,0,21.994113922
2,"map(to: a)",16,32,132,1,4,758,0,32.556056976
2,"map(to: a)",16,32,132,1,4,8096,0,108.397006989
2,"map(to: a)",16,32,132,1,4,1955,0,44.798851013
2,"map(to: a)",16,32,132,1,4,294,0,25.701522827
2,"map(to: a)",16,32,132,1,4,7,0,22.852420807
2,"map(to: a)",16,32,132,1,4,17,0,23.150444031
2,"map(to: a)",64,32,132,0,0,7,0,23.806095123
2,"map(to: a)",64,32,132,0,0,114,0,24.104118347
2,"map(to: a)",64,32,132,0,0,3,0,23.651123047
2,"map(to: a)",64,32,132,0,0,17,0,24.044513702
2,"map(to: a)",64,32,132,0,0,1,0,23.043155670
2,"map(to: a)",64,32,132,0,0,44,0,20.945072174
2,"map(to: a)",64,32,132,0,0,294,0,27.203559875
2,"map(to: a)",64,32,132,0,0,3140,0,56.946277618
2,"map(to: a)",64,32,132,0,0,4,0,23.400783539
2,"map(to: a)",64,32,132,0,0,1955,0,45.192241669
2,"map(to: a)",64,32,132,0,0,183,0,24.044513702
2,"map(to: a)",64,32,132,0,0,8096,0,108.349323273
2,"map(to: a)",64,32,132,0,0,758,0,31.340122223
2,"map(to: a)",64,32,132,0,0,71,0,22.542476654
2,"map(to: a)",64,32,132,0,0,2,0,22.792816162
2,"map(to: a)",64,32,132,0,0,11,0,23.794174194
2,"map(to: a)",64,32,132,0,0,28,0,25.045871735
2,"map(to: a)",64,32,132,0,0,5042,0,75.900554657
2,"map(to: a)",64,32,132,0,0,1218,0,36.561489105
2,"map(to: a)",64,32,132,0,0,472,0,29.647350311
2,"map(to: a)",64,32,132,0,1,4,0,22.649765015
2,"map(to: a)",64,32,132,0,1,1,0,18.155574799
2,"map(to: a)",64,32,132,0,1,17,0,23.746490479
2,"map(to: a)",64,32,132,0,1,28,0,24.104118347
2,"map(to: a)",64,32,132,0,1,11,0,24.747848511
2,"map(to: a)",64,32,132,0,1,3140,0,55.003166199
2,"map(to: a)",64,32,132,0,1,2,0,23.043155670
2,"map(to: a)",64,32,132,0,1,758,0,31.447410583
2,"map(to: a)",64,32,132,0,1,1218,0,36.799907684
2,"map(to: a)",64,32,132,0,1,44,0,23.603439331
2,"map(to: a)",64,32,132,0,1,71,0,26.249885559
2,"map(to: a)",64,32,132,0,1,114,0,25.749206543
2,"map(to: a)",64,32,132,0,1,294,0,27.489662170
2,"map(to: a)",64,32,132,0,1,7,0,22.101402283
2,"map(to: a)",64,32,132,0,1,183,0,26.249885559
2,"map(to: a)",64,32,132,0,1,8096,0,107.598304749
2,"map(to: a)",64,32,132,0,1,472,0,29.253959656
2,"map(to: a)",64,32,132,0,1,1955,0,43.845176697
2,"map(to: a)",64,32,132,0,1,3,0,22.745132446
2,"map(to: a)",64,32,132,0,1,5042,0,76.949596405
2,"map(to: a)",64,32,132,0,2,3,0,23.496150970
2,"map(to: a)",64,32,132,0,2,44,0,23.841857910
2,"map(to: a)",64,32,132,0,2,1,0,22.292137146
2,"map(to: a)",64,32,132,0,2,183,0,21.696090698
2,"map(to: a)",64,32,132,0,2,294,0,26.607513428
2,"map(to: a)",64,32,132,0,2,5042,0,75.709819794
2,"map(to: a)",64,32,132,0,2,7,0,23.043155670
2,"map(to: a)",64,32,132,0,2,8096,0,107.645988464
2,"map(to: a)",64,32,132,0,2,2,0,20.301342010
2,"map(to: a)",64,32,132,0,2,114,0,24.449825287
2,"map(to: a)",64,32,132,0,2,71,0,23.150444031
2,"map(to: a)",64,32,132,0,2,1955,0,44.941902161
2,"map(to: a)",64,32,132,0,2,17,0,23.841857910
2,"map(to: a)",64,32,132,0,2,472,0,28.800964355
2,"map(to: a)",64,32,132,0,2,11,0,25.558471680
2,"map(to: a)",64,32,132,0,2,1218,0,37.658214569
2,"map(to: a)",64,32,132,0,2,4,0,23.746490479
2,"map(to: a)",64,32,132,0,2,3140,0,55.301189423
2,"map(to: a)",64,32,132,0,2,758,0,31.852722168
2,"map(to: a)",64,32,132,0,2,28,0,23.698806763
2,"map(to: a)",64,32,132,0,3,11,0,24.044513702
2,"map(to: a)",64,32,132,0,3,4,0,23.543834686
2,"map(to: a)",64,32,132,0,3,5042,0,76.198577881
2,"map(to: a)",64,32,132,0,3,183,0,26.142597198
2,"map(to: a)",64,32,132,0,3,17,0,23.949146271
2,"map(to: a)",64,32,132,0,3,3,0,22.697448730
2,"map(to: a)",64,32,132,0,3,28,0,23.901462555
2,"map(to: a)",64,32,132,0,3,1218,0,37.407875061
2,"map(to: a)",64,32,132,0,3,114,0,19.896030426
2,"map(to: a)",64,32,132,0,3,758,0,30.505657196
2,"map(to: a)",64,32,132,0,3,1955,0,44.047832489
2,"map(to: a)",64,32,132,0,3,472,0,30.052661896
2,"map(to: a)",64,32,132,0,3,7,0,25.248527527
2,"map(to: a)",64,32,132,0,3,44,0,25.045871735
2,"map(to: a)",64,32,132,0,3,3140,0,56.850910187
2,"map(to: a)",64,32,132,0,3,8096,0,108.993053436
2,"map(to: a)",64,32,132,0,3,71,0,24.545192719
2,"map(to: a)",64,32,132,0,3,1,0,23.400783539
2,"map(to: a)",64,32,132,0,3,2,0,23.210048676
2,"map(to: a)",64,32,132,0,3,294,0,26.249885559
2,"map(to: a)",64,32,132,0,4,3,0,24.604797363
2,"map(to: a)",64,32,132,0,4,8096,0,107.049942017
2,"map(to: a)",64,32,132,0,4,1,0,21.100044250
2,"map(to: a)",64,32,132,0,4,28,0,21.958351135
2,"map(to: a)",64,32,132,0,4,17,0,22.745132446
2,"map(to: a)",64,32,132,0,4,5042,0,75.948238373
2,"map(to: a)",64,32,132,0,4,7,0,22.447109222
2,"map(to: a)",64,32,132,0,4,114,0,24.402141571
2,"map(to: a)",64,32,132,0,4,44,0,24.104118347
2,"map(to: a)",64,32,132,0,4,2,0,23.508071899
2,"map(to: a)",64,32,132,0,4,294,0,27.048587799
2,"map(to: a)",64,32,132,0,4,758,0,32.353401184
2,"map(to: a)",64,32,132,0,4,183,0,26.297569275
2,"map(to: a)",64,32,132,0,4,4,0,22.649765015
2,"map(to: a)",64,32,132,0,4,1218,0,37.050247192
2,"map(to: a)",64,32,132,0,4,71,0,24.652481079
2,"map(to: a)",64,32,132,0,4,1955,0,44.608116150
2,"map(to: a)",64,32,132,0,4,11,0,23.651123047
2,"map(to: a)",64,32,132,0,4,472,0,28.705596924
2,"map(to: a)",64,32,132,0,4,3140,0,57.101249695
2,"map(to: a)",64,32,132,1,0,2,0,23.448467255
2,"map(to: a)",64,32,132,1,0,4,0,23.245811462
2,"map(to: a)",64,32,132,1,0,472,0,25.808811188
2,"map(to: a)",64,32,132,1,0,3140,0,55.801868439
2,"map(to: a)",64,32,132,1,0,183,0,26.357173920
2,"map(to: a)",64,32,132,1,0,28,0,23.794174194
2,"map(to: a)",64,32,132,1,0,71,0,24.199485779
2,"map(to: a)",64,32,132,1,0,1218,0,35.989284515
2,"map(to: a)",64,32,132,1,0,294,0,27.644634247
2,"map(to: a)",64,32,132,1,0,1,0,23.257732391
2,"map(to: a)",64,32,132,1,0,7,0,23.698806763
2,"map(to: a)",64,32,132,1,0,1955,0,43.749809265
2,"map(to: a)",64,32,132,1,0,758,0,29.802322388
2,"map(to: a)",64,32,132,1,0,114,0,24.652481079
2,"map(to: a)",64,32,132,1,0,11,0,23.150444031
2,"map(to: a)",64,32,132,1,0,3,0,22.852420807
2,"map(to: a)",64,32,132,1,0,8096,0,108.850002289
2,"map(to: a)",64,32,132,1,0,44,0,24.151802063
2,"map(to: a)",64,32,132,1,0,17,0,23.901462555
2,"map(to: a)",64,32,132,1,0,5042,0,75.554847717
2,"map(to: a)",64,32,132,1,1,758,0,32.198429108
2,"map(to: a)",64,32,132,1,1,3,0,23.555755615
2,"map(to: a)",64,32,132,1,1,3140,0,56.302547455
2,"map(to: a)",64,32,132,1,1,1955,0,43.404102325
2,"map(to: a)",64,32,132,1,1,44,0,20.349025726
2,"map(to: a)",64,32,132,1,1,17,0,21.195411682
2,"map(to: a)",64,32,132,1,1,294,0,26.702880859
2,"map(to: a)",64,32,132,1,1,28,0,24.700164795
2,"map(to: a)",64,32,132,1,1,114,0,21.195411682
2,"map(to: a)",64,32,132,1,1,2,0,23.555755615
2,"map(to: a)",64,32,132,1,1,7,0,22.494792938
2,"map(to: a)",64,32,132,1,1,183,0,25.355815887
2,"map(to: a)",64,32,132,1,1,8096,0,107.753276825
2,"map(to: a)",64,32,132,1,1,11,0,23.639202118
2,"map(to: a)",64,32,132,1,1,1,0,23.496150970
2,"map(to: a)",64,32,132,1,1,1218,0,35.905838013
2,"map(to: a)",64,32,132,1,1,472,0,29.051303864
2,"map(to: a)",64,32,132,1,1,71,0,25.999546051
2,"map(to: a)",64,32,132,1,1,5042,0,76.854228973
2,"map(to: a)",64,32,132,1,1,4,0,23.853778839
2,"map(to: a)",64,32,132,1,2,2,0,19.049644470
2,"map(to: a)",64,32,132,1,2,71,0,24.092197418
2,"map(to: a)",64,32,132,1,2,17,0,23.257732391
2,"map(to: a)",64,32,132,1,2,472,0,28.741359711
2,"map(to: a)",64,32,132,1,2,5042,0,75.602531433
2,"map(to: a)",64,32,132,1,2,28,0,23.508071899
2,"map(to: a)",64,32,132,1,2,44,0,23.007392883
2,"map(to: a)",64,32,132,1,2,1218,0,33.998489380
2,"map(to: a)",64,32,132,1,2,4,0,22.351741791
2,"map(to: a)",64,32,132,1,2,1955,0,45.156478882
2,"map(to: a)",64,32,132,1,2,183,0,25.403499603
2,"map(to: a)",64,32,132,1,2,7,0,23.639202118
2,"map(to: a)",64,32,132,1,2,758,0,31.852722168
2,"map(to: a)",64,32,132,1,2,1,0,22.804737091
2,"map(to: a)",64,32,132,1,2,3140,0,56.648254395
2,"map(to: a)",64,32,132,1,2,8096,0,107.896327972
2,"map(to: a)",64,32,132,1,2,3,0,22.757053375
2,"map(to: a)",64,32,132,1,2,114,0,24.592876434
2,"map(to: a)",64,32,132,1,2,11,0,19.097328186
2,"map(to: a)",64,32,132,1,2,294,0,26.249885559
2,"map(to: a)",64,32,132,1,3,1,0,23.901462555
2,"map(to: a)",64,32,132,1,3,17,0,23.353099823
2,"map(to: a)",64,32,132,1,3,294,0,27.108192444
2,"map(to: a)",64,32,132,1,3,5042,0,76.699256897
2,"map(to: a)",64,32,132,1,3,114,0,24.545192719
2,"map(to: a)",64,32,132,1,3,28,0,23.651123047
2,"map(to: a)",64,32,132,1,3,1218,0,36.346912384
2,"map(to: a)",64,32,132,1,3,2,0,23.043155670
2,"map(to: a)",64,32,132,1,3,3,0,20.194053650
2,"map(to: a)",64,32,132,1,3,4,0,23.090839386
2,"map(to: a)",64,32,132,1,3,758,0,31.709671021
2,"map(to: a)",64,32,132,1,3,11,0,24.998188019
2,"map(to: a)",64,32,132,1,3,44,0,24.497509003
2,"map(to: a)",64,32,132,1,3,472,0,28.347969055
2,"map(to: a)",64,32,132,1,3,7,0,23.901462555
2,"map(to: a)",64,32,132,1,3,1955,0,43.952465057
2,"map(to: a)",64,32,132,1,3,71,0,22.840499878
2,"map(to: a)",64,32,132,1,3,183,0,25.749206543
2,"map(to: a)",64,32,132,1,3,8096,0,107.538700104
2,"map(to: a)",64,32,132,1,3,3140,0,56.707859039
2,"map(to: a)",64,32,132,1,4,472,0,26.094913483
2,"map(to: a)",64,32,132,1,4,71,0,24.151802063
2,"map(to: a)",64,32,132,1,4,1,0,22.649765015
2,"map(to: a)",64,32,132,1,4,11,0,22.959709167
2,"map(to: a)",64,32,132,1,4,4,0,23.806095123
2,"map(to: a)",64,32,132,1,4,3140,0,57.446956635
2,"map(to: a)",64,32,132,1,4,28,0,23.400783539
2,"map(to: a)",64,32,132,1,4,1218,0,36.859512329
2,"map(to: a)",64,32,132,1,4,2,0,26.047229767
2,"map(to: a)",64,32,132,1,4,183,0,22.149085999
2,"map(to: a)",64,32,132,1,4,5042,0,76.603889465
2,"map(to: a)",64,32,132,1,4,114,0,24.151802063
2,"map(to: a)",64,32,132,1,4,3,0,22.006034851
2,"map(to: a)",64,32,132,1,4,44,0,23.043155670
2,"map(to: a)",64,32,132,1,4,758,0,31.352043152
2,"map(to: a)",64,32,132,1,4,8096,0,107.848644257
2,"map(to: a)",64,32,132,1,4,1955,0,44.095516205
2,"map(to: a)",64,32,132,1,4,294,0,27.203559875
2,"map(to: a)",64,32,132,1,4,7,0,22.697448730
2,"map(to: a)",64,32,132,1,4,17,0,23.090839386
2,"map(to: a)",256,32,132,0,0,7,0,23.496150970
2,"map(to: a)",256,32,132,0,0,114,0,24.557113647
2,"map(to: a)",256,32,132,0,0,3,0,21.994113922
2,"map(to: a)",256,32,132,0,0,17,0,23.293495178
2,"map(to: a)",256,32,132,0,0,1,0,22.995471954
2,"map(to: a)",256,32,132,0,0,44,0,24.056434631
2,"map(to: a)",256,32,132,0,0,294,0,27.596950531
2,"map(to: a)",256,32,132,0,0,3140,0,55.444240570
2,"map(to: a)",256,32,132,0,0,4,0,23.698806763
2,"map(to: a)",256,32,132,0,0,1955,0,43.904781342
2,"map(to: a)",256,32,132,0,0,183,0,24.950504303
2,"map(to: a)",256,32,132,0,0,8096,0,108.647346497
2,"map(to: a)",256,32,132,0,0,758,0,32.353401184
2,"map(to: a)",256,32,132,0,0,71,0,23.257732391
2,"map(to: a)",256,32,132,0,0,2,0,22.649765015
2,"map(to: a)",256,32,132,0,0,11,0,23.996829987
2,"map(to: a)",256,32,132,0,0,28,0,23.353099823
2,"map(to: a)",256,32,132,0,0,5042,0,75.852870941
2,"map(to: a)",256,32,132,0,0,1218,0,36.895275116
2,"map(to: a)",256,32,132,0,0,472,0,30.195713043
2,"map(to: a)",256,32,132,0,1,4,0,22.399425507
2,"map(to: a)",256,32,132,0,1,1,0,23.388862610
2,"map(to: a)",256,32,132,0,1,17,0,24.092197418
2,"map(to: a)",256,32,132,0,1,28,0,23.305416107
2,"map(to: a)",256,32,132,0,1,11,0,23.746490479
2,"map(to: a)",256,32,132,0,1,3140,0,56.743621826
2,"map(to: a)",256,32,132,0,1,2,0,22.196769714
2,"map(to: a)",256,32,132,0,1,758,0,32.651424408
2,"map(to: a)",256,32,132,0,1,1218,0,36.549568176
2,"map(to: a)",256,32,132,0,1,44,0,23.007392883
2,"map(to: a)",256,32,132,0,1,71,0,24.604797363
2,"map(to: a)",256,32,132,0,1,114,0,25.010108948
2,"map(to: a)",256,32,132,0,1,294,0,27.501583099
2,"map(to: a)",256,32,132,0,1,7,0,23.996829987
2,"map(to: a)",256,32,132,0,1,183,0,24.652481079
2,"map(to: a)",256,32,132,0,1,8096,0,107.753276825
2,"map(to: a)",256,32,132,0,1,472,0,28.049945831
2,"map(to: a)",256,32,132,0,1,1955,0,43.654441833
2,"map(to: a)",256,32,132,0,1,3,0,23.400783539
2,"map(to: a)",256,32,132,0,1,5042,0,75.948238373
2,"map(to: a)",256,32,132,0,2,3,0,23.651123047
2,"map(to: a)",256,32,132,0,2,44,0,24.497509003
2,"map(to: a)",256,32,132,0,2,1,0,23.055076599
2,"map(to: a)",256,32,132,0,2,183,0,25.951862335
2,"map(to: a)",256,32,132,0,2,294,0,27.847290039
2,"map(to: a)",256,32,132,0,2,5042,0,76.341629028
2,"map(to: a)",256,32,132,0,2,7,0,23.901462555
2,"map(to: a)",256,32,132,0,2,8096,0,108.957290649
2,"map(to: a)",256,32,132,0,2,2,0,23.758411407
2,"map(to: a)",256,32,132,0,2,114,0,24.497509003
2,"map(to: a)",256,32,132,0,2,71,0,24.354457855
2,"map(to: a)",256,32,132,0,2,1955,0,44.143199921
2,"map(to: a)",256,32,132,0,2,17,0,23.460388184
2,"map(to: a)",256,32,132,0,2,472,0,28.300285339
2,"map(to: a)",256,32,132,0,2,11,0,23.293495178
2,"map(to: a)",256,32,132,0,2,1218,0,37.252902985
2,"map(to: a)",256,32,132,0,2,4,0,24.938583374
2,"map(to: a)",256,32,132,0,2,3140,0,58.746337891
2,"map(to: a)",256,32,132,0,2,758,0,32.603740692
2,"map(to: a)",256,32,132,0,2,28,0,21.791458130
2,"map(to: a)",256,32,132,0,3,11,0,24.843215942
2,"map(to: a)",256,32,132,0,3,4,0,24.151802063
2,"map(to: a)",256,32,132,0,3,5042,0,76.198577881
2,"map(to: a)",256,32,132,0,3,183,0,25.844573975
2,"map(to: a)",256,32,132,0,3,17,0,22.804737091
2,"map(to: a)",256,32,132,0,3,3,0,22.602081299
2,"map(to: a)",256,32,132,0,3,28,0,22.494792938
2,"map(to: a)",256,32,132,0,3,1218,0,35.750865936
2,"map(to: a)",256,32,132,0,3,114,0,25.153160095
2,"map(to: a)",256,32,132,0,3,758,0,32.103061676
2,"map(to: a)",256,32,132,0,3,1955,0,44.047832489
2,"map(to: a)",256,32,132,0,3,472,0,29.098987579
2,"map(to: a)",256,32,132,0,3,7,0,23.198127747
2,"map(to: a)",256,32,132,0,3,44,0,19.907951355
2,"map(to: a)",256,32,132,0,3,3140,0,56.147575378
2,"map(to: a)",256,32,132,0,3,8096,0,108.146667480
2,"map(to: a)",256,32,132,0,3,71,0,23.949146271
2,"map(to: a)",256,32,132,0,3,1,0,23.293495178
2,"map(to: a)",256,32,132,0,3,2,0,23.460388184
2,"map(to: a)",256,32,132,0,3,294,0,26.750564575
2,"map(to: a)",256,32,132,0,4,3,0,24.056434631
2,"map(to: a)",256,32,132,0,4,8096,0,108.456611633
2,"map(to: a)",256,32,132,0,4,1,0,24.354457855
2,"map(to: a)",256,32,132,0,4,28,0,24.056434631
2,"map(to: a)",256,32,132,0,4,17,0,23.746490479
2,"map(to: a)",256,32,132,0,4,5042,0,76.651573181
2,"map(to: a)",256,32,132,0,4,7,0,23.758411407
2,"map(to: a)",256,32,132,0,4,114,0,25.498867035
2,"map(to: a)",256,32,132,0,4,44,0,23.996829987
2,"map(to: a)",256,32,132,0,4,2,0,19.896030426
2,"map(to: a)",256,32,132,0,4,294,0,26.500225067
2,"map(to: a)",256,32,132,0,4,758,0,31.757354736
2,"map(to: a)",256,32,132,0,4,183,0,27.596950531
2,"map(to: a)",256,32,132,0,4,4,0,24.199485779
2,"map(to: a)",256,32,132,0,4,1218,0,36.942958832
2,"map(to: a)",256,32,132,0,4,71,0,25.343894958
2,"map(to: a)",256,32,132,0,4,1955,0,45.800209045
2,"map(to: a)",256,32,132,0,4,11,0,25.248527527
2,"map(to: a)",256,32,132,0,4,472,0,28.848648071
2,"map(to: a)",256,32,132,0,4,3140,0,57.148933411
2,"map(to: a)",256,32,132,1,0,2,0,23.543834686
2,"map(to: a)",256,32,132,1,0,4,0,24.843215942
2,"map(to: a)",256,32,132,1,0,472,0,29.301643372
2,"map(to: a)",256,32,132,1,0,3140,0,58.150291443
2,"map(to: a)",256,32,132,1,0,183,0,25.844573975
2,"map(to: a)",256,32,132,1,0,28,0,24.652481079
2,"map(to: a)",256,32,132,1,0,71,0,25.904178619
2,"map(to: a)",256,32,132,1,0,1218,0,38.504600525
2,"map(to: a)",256,32,132,1,0,294,0,27.644634247
2,"map(to: a)",256,32,132,1,0,1,0,23.555755615
2,"map(to: a)",256,32,132,1,0,7,0,24.807453156
2,"map(to: a)",256,32,132,1,0,1955,0,45.645236969
2,"map(to: a)",256,32,132,1,0,758,0,30.398368835
2,"map(to: a)",256,32,132,1,0,114,0,24.747848511
2,"map(to: a)",256,32,132,1,0,11,0,23.758411407
2,"map(to: a)",256,32,132,1,0,3,0,24.402141571
2,"map(to: a)",256,32,132,1,0,8096,0,109.255313873
2,"map(to: a)",256,32,132,1,0,44,0,24.747848511
2,"map(to: a)",256,32,132,1,0,17,0,24.199485779
2,"map(to: a)",256,32,132,1,0,5042,0,76.806545258
2,"map(to: a)",256,32,132,1,1,758,0,32.746791840
2,"map(to: a)",256,32,132,1,1,3,0,22.947788239
2,"map(to: a)",256,32,132,1,1,3140,0,56.004524231
2,"map(to: a)",256,32,132,1,1,1955,0,45.049190521
2,"map(to: a)",256,32,132,1,1,44,0,24.199485779
2,"map(to: a)",256,32,132,1,1,17,0,23.400783539
2,"map(to: a)",256,32,132,1,1,294,0,27.751922607
2,"map(to: a)",256,32,132,1,1,28,0,23.853778839
2,"map(to: a)",256,32,132,1,1,114,0,24.950504303
2,"map(to: a)",256,32,132,1,1,2,0,23.806095123
2,"map(to: a)",256,32,132,1,1,7,0,24.449825287
2,"map(to: a)",256,32,132,1,1,183,0,25.451183319
2,"map(to: a)",256,32,132,1,1,8096,0,108.456611633
2,"map(to: a)",256,32,132,1,1,11,0,24.402141571
2,"map(to: a)",256,32,132,1,1,1,0,22.292137146
2,"map(to: a)",256,32,132,1,1,1218,0,36.847591400
2,"map(to: a)",256,32,132,1,1,472,0,29.850006104
2,"map(to: a)",256,32,132,1,1,71,0,25.510787964
2,"map(to: a)",256,32,132,1,1,5042,0,75.995922089
2,"map(to: a)",256,32,132,1,1,4,0,23.448467255
2,"map(to: a)",256,32,132,1,2,2,0,23.353099823
2,"map(to: a)",256,32,132,1,2,71,0,24.008750916
2,"map(to: a)",256,32,132,1,2,17,0,23.889541626
2,"map(to: a)",256,32,132,1,2,472,0,25.701522827
2,"map(to: a)",256,32,132,1,2,5042,0,77.044963837
2,"map(to: a)",256,32,132,1,2,28,0,23.150444031
2,"map(to: a)",256,32,132,1,2,44,0,24.092197418
2,"map(to: a)",256,32,132,1,2,1218,0,37.908554077
2,"map(to: a)",256,32,132,1,2,4,0,18.846988678
2,"map(to: a)",256,32,132,1,2,1955,0,45.442581177
2,"map(to: a)",256,32,132,1,2,183,0,25.892257690
2,"map(to: a)",256,32,132,1,2,7,0,25.498867035
2,"map(to: a)",256,32,132,1,2,758,0,31.900405884
2,"map(to: a)",256,32,132,1,2,1,0,23.353099823
2,"map(to: a)",256,32,132,1,2,3140,0,55.205821991
2,"map(to: a)",256,32,132,1,2,8096,0,108.444690704
2,"map(to: a)",256,32,132,1,2,3,0,24.151802063
2,"map(to: a)",256,32,132,1,2,114,0,25.093555450
2,"map(to: a)",256,32,132,1,2,11,0,23.293495178
2,"map(to: a)",256,32,132,1,2,294,0,27.453899384
2,"map(to: a)",256,32,132,1,3,1,0,19.299983978
2,"map(to: a)",256,32,132,1,3,17,0,24.247169495
2,"map(to: a)",256,32,132,1,3,294,0,28.240680695
2,"map(to: a)",256,32,132,1,3,5042,0,75.900554657
2,"map(to: a)",256,32,132,1,3,114,0,25.451183319
2,"map(to: a)",256,32,132,1,3,28,0,23.603439331
2,"map(to: a)",256,32,132,1,3,1218,0,37.801265717
2,"map(to: a)",256,32,132,1,3,2,0,23.245811462
2,"map(to: a)",256,32,132,1,3,3,0,22.602081299
2,"map(to: a)",256,32,132,1,3,4,0,19.049644470
2,"map(to: a)",256,32,132,1,3,758,0,32.055377960
2,"map(to: a)",256,32,132,1,3,11,0,24.449825287
2,"map(to: a)",256,32,132,1,3,44,0,23.150444031
2,"map(to: a)",256,32,132,1,3,472,0,28.944015503
2,"map(to: a)",256,32,132,1,3,7,0,24.139881134
2,"map(to: a)",256,32,132,1,3,1955,0,45.001506805
2,"map(to: a)",256,32,132,1,3,71,0,24.247169495
2,"map(to: a)",256,32,132,1,3,183,0,26.500225067
2,"map(to: a)",256,32,132,1,3,8096,0,108.051300049
2,"map(to: a)",256,32,132,1,3,3140,0,56.147575378
2,"map(to: a)",256,32,132,1,4,472,0,28.491020203
2,"map(to: a)",256,32,132,1,4,71,0,24.998188019
2,"map(to: a)",256,32,132,1,4,1,0,23.448467255
2,"map(to: a)",256,32,132,1,4,11,0,22.852420807
2,"map(to: a)",256,32,132,1,4,4,0,23.949146271
2,"map(to: a)",256,32,132,1,4,3140,0,56.099891663
2,"map(to: a)",256,32,132,1,4,28,0,23.949146271
2,"map(to: a)",256,32,132,1,4,1218,0,35.703182220
2,"map(to: a)",256,32,132,1,4,2,0,23.806095123
2,"map(to: a)",256,32,132,1,4,183,0,25.296211243
2,"map(to: a)",256,32,132,1,4,5042,0,75.650215149
2,"map(to: a)",256,32,132,1,4,114,0,24.199485779
2,"map(to: a)",256,32,132,1,4,3,0,24.497509003
2,"map(to: a)",256,32,132,1,4,44,0,24.700164795
2,"map(to: a)",256,32,132,1,4,758,0,31.852722168
2,"map(to: a)",256,32,132,1,4,8096,0,108.504295349
2,"map(to: a)",256,32,132,1,4,1955,0,44.941902161
2,"map(to: a)",256,32,132,1,4,294,0,27.692317963
2,"map(to: a)",256,32,132,1,4,7,0,23.949146271
2,"map(to: a)",256,32,132,1,4,17,0,23.853778839
2,"map(to: a)",1024,32,132,0,0,7,0,20.647048950
2,"map(to: a)",1024,32,132,0,0,114,0,25.105476379
2,"map(to: a)",1024,32,132,0,0,3,0,23.758411407
2,"map(to: a)",1024,32,132,0,0,17,0,23.746490479
2,"map(to: a)",1024,32,132,0,0,1,0,23.949146271
2,"map(to: a)",1024,32,132,0,0,44,0,24.199485779
2,"map(to: a)",1024,32,132,0,0,294,0,26.702880859
2,"map(to: a)",1024,32,132,0,0,3140,0,56.707859039
2,"map(to: a)",1024,32,132,0,0,4,0,23.448467255
2,"map(to: a)",1024,32,132,0,0,1955,0,44.751167297
2,"map(to: a)",1024,32,132,0,0,183,0,25.594234467
2,"map(to: a)",1024,32,132,0,0,8096,0,107.693672180
2,"map(to: a)",1024,32,132,0,0,758,0,29.909610748
2,"map(to: a)",1024,32,132,0,0,71,0,25.749206543
2,"map(to: a)",1024,32,132,0,0,2,0,23.496150970
2,"map(to: a)",1024,32,132,0,0,11,0,23.949146271
2,"map(to: a)",1024,32,132,0,0,28,0,24.390220642
2,"map(to: a)",1024,32,132,0,0,5042,0,76.401233673
2,"map(to: a)",1024,32,132,0,0,1218,0,37.002563477
2,"map(to: a)",1024,32,132,0,0,472,0,29.897689819
2,"map(to: a)",1024,32,132,0,1,4,0,24.998188019
2,"map(to: a)",1024,32,132,0,1,1,0,25.296211243
2,"map(to: a)",1024,32,132,0,1,17,0,25.546550751
2,"map(to: a)",1024,32,132,0,1,28,0,23.853778839
2,"map(to: a)",1024,32,132,0,1,11,0,25.248527527
2,"map(to: a)",1024,32,132,0,1,3140,0,56.445598602
2,"map(to: a)",1024,32,132,0,1,2,0,23.448467255
2,"map(to: a)",1024,32,132,0,1,758,0,31.948089600
2,"map(to: a)",1024,32,132,0,1,1218,0,36.346912384
2,"map(to: a)",1024,32,132,0,1,44,0,24.342536926
2,"map(to: a)",1024,32,132,0,1,71,0,24.747848511
2,"map(to: a)",1024,32,132,0,1,114,0,25.200843811
2,"map(to: a)",1024,32,132,0,1,294,0,28.049945831
2,"map(to: a)",1024,32,132,0,1,7,0,20.051002502
2,"map(to: a)",1024,32,132,0,1,183,0,26.106834412
2,"map(to: a)",1024,32,132,0,1,8096,0,106.954574585
2,"map(to: a)",1024,32,132,0,1,472,0,29.349327087
2,"map(to: a)",1024,32,132,0,1,1955,0,44.643878937
2,"map(to: a)",1024,32,132,0,1,3,0,23.901462555
2,"map(to: a)",1024,32,132,0,1,5042,0,76.305866241
2,"map(to: a)",1024,32,132,0,2,3,0,18.203258514
2,"map(to: a)",1024,32,132,0,2,44,0,24.092197418
2,"map(to: a)",1024,32,132,0,2,1,0,22.459030151
2,"map(to: a)",1024,32,132,0,2,183,0,27.096271515
2,"map(to: a)",1024,32,132,0,2,294,0,26.738643646
2,"map(to: a)",1024,32,132,0,2,5042,0,76.246261597
2,"map(to: a)",1024,32,132,0,2,7,0,24.211406708
2,"map(to: a)",1024,32,132,0,2,8096,0,108.098983765
2,"map(to: a)",1024,32,132,0,2,2,0,21.743774414
2,"map(to: a)",1024,32,132,0,2,114,0,20.849704742
2,"map(to: a)",1024,32,132,0,2,71,0,25.343894958
2,"map(to: a)",1024,32,132,0,2,1955,0,44.059753418
2,"map(to: a)",1024,32,132,0,2,17,0,24.056434631
2,"map(to: a)",1024,32,132,0,2,472,0,28.204917908
2,"map(to: a)",1024,32,132,0,2,11,0,23.496150970
2,"map(to: a)",1024,32,132,0,2,1218,0,37.407875061
2,"map(to: a)",1024,32,132,0,2,4,0,23.293495178
2,"map(to: a)",1024,32,132,0,2,3140,0,56.445598602
2,"map(to: a)",1024,32,132,0,2,758,0,32.305717468
2,"map(to: a)",1024,32,132,0,2,28,0,23.400783539
2,"map(to: a)",1024,32,132,0,3,11,0,23.007392883
2,"map(to: a)",1024,32,132,0,3,4,0,23.555755615
2,"map(to: a)",1024,32,132,0,3,5042,0,77.152252197
2,"map(to: a)",1024,32,132,0,3,183,0,26.905536652
2,"map(to: a)",1024,32,132,0,3,17,0,23.603439331
2,"map(to: a)",1024,32,132,0,3,3,0,24.509429932
2,"map(to: a)",1024,32,132,0,3,28,0,24.044513702
2,"map(to: a)",1024,32,132,0,3,1218,0,34.153461456
2,"map(to: a)",1024,32,132,0,3,114,0,26.452541351
2,"map(to: a)",1024,32,132,0,3,758,0,32.854080200
2,"map(to: a)",1024,32,132,0,3,1955,0,44.059753418
2,"map(to: a)",1024,32,132,0,3,472,0,30.052661896
2,"map(to: a)",1024,32,132,0,3,7,0,23.949146271
2,"map(to: a)",1024,32,132,0,3,44,0,24.151802063
2,"map(to: a)",1024,32,132,0,3,3140,0,54.359436035
2,"map(to: a)",1024,32,132,0,3,8096,0,107.502937317
2,"map(to: a)",1024,32,132,0,3,71,0,25.200843811
2,"map(to: a)",1024,32,132,0,3,1,0,23.555755615
2,"map(to: a)",1024,32,132,0,3,2,0,23.901462555
2,"map(to: a)",1024,32,132,0,3,294,0,27.394294739
2,"map(to: a)",1024,32,132,0,4,3,0,23.198127747
2,"map(to: a)",1024,32,132,0,4,8096,0,108.349323273
2,"map(to: a)",1024,32,132,0,4,1,0,25.498867035
2,"map(to: a)",1024,32,132,0,4,28,0,24.807453156
2,"map(to: a)",1024,32,132,0,4,17,0,23.305416107
2,"map(to: a)",1024,32,132,0,4,5042,0,75.697898865
2,"map(to: a)",1024,32,132,0,4,7,0,23.806095123
2,"map(to: a)",1024,32,132,0,4,114,0,25.999546051
2,"map(to: a)",1024,32,132,0,4,44,0,23.853778839
2,"map(to: a)",1024,32,132,0,4,2,0,24.056434631
2,"map(to: a)",1024,32,132,0,4,294,0,26.953220367
2,"map(to: a)",1024,32,132,0,4,758,0,33.092498779
2,"map(to: a)",1024,32,132,0,4,183,0,25.105476379
2,"map(to: a)",1024,32,132,0,4,4,0,24.151802063
2,"map(to: a)",1024,32,132,0,4,1218,0,38.301944733
2,"map(to: a)",1024,32,132,0,4,71,0,24.247169495
2,"map(to: a)",1024,32,132,0,4,1955,0,43.594837189
2,"map(to: a)",1024,32,132,0,4,11,0,25.451183319
2,"map(to: a)",1024,32,132,0,4,472,0,29.504299164
2,"map(to: a)",1024,32,132,0,4,3140,0,57.899951935
2,"map(to: a)",1024,32,132,1,0,2,0,22.304058075
2,"map(to: a)",1024,32,132,1,0,4,0,24.306774139
2,"map(to: a)",1024,32,132,1,0,472,0,28.443336487
2,"map(to: a)",1024,32,132,1,0,3140,0,55.849552155
2,"map(to: a)",1024,32,132,1,0,183,0,26.047229767
2,"map(to: a)",1024,32,132,1,0,28,0,24.449825287
2,"map(to: a)",1024,32,132,1,0,71,0,24.795532227
2,"map(to: a)",1024,32,132,1,0,1218,0,36.549568176
2,"map(to: a)",1024,32,132,1,0,294,0,24.449825287
2,"map(to: a)",1024,32,132,1,0,1,0,23.102760315
2,"map(to: a)",1024,32,132,1,0,7,0,25.248527527
2,"map(to: a)",1024,32,132,1,0,1955,0,44.047832489
2,"map(to: a)",1024,32,132,1,0,758,0,30.052661896
2,"map(to: a)",1024,32,132,1,0,114,0,25.153160095
2,"map(to: a)",1024,32,132,1,0,11,0,24.151802063
2,"map(to: a)",1024,32,132,1,0,3,0,24.151802063
2,"map(to: a)",1024,32,132,1,0,8096,0,108.945369720
2,"map(to: a)",1024,32,132,1,0,44,0,24.652481079
2,"map(to: a)",1024,32,132,1,0,17,0,23.651123047
2,"map(to: a)",1024,32,132,1,0,5042,0,77.152252197
2,"map(to: a)",1024,32,132,1,1,758,0,33.044815063
2,"map(to: a)",1024,32,132,1,1,3,0,22.900104523
2,"map(to: a)",1024,32,132,1,1,3140,0,56.445598602
2,"map(to: a)",1024,32,132,1,1,1955,0,45.096874237
2,"map(to: a)",1024,32,132,1,1,44,0,20.909309387
2,"map(to: a)",1024,32,132,1,1,17,0,23.400783539
2,"map(to: a)",1024,32,132,1,1,294,0,26.750564575
2,"map(to: a)",1024,32,132,1,1,28,0,24.342536926
2,"map(to: a)",1024,32,132,1,1,114,0,24.855136871
2,"map(to: a)",1024,32,132,1,1,2,0,23.245811462
2,"map(to: a)",1024,32,132,1,1,7,0,23.949146271
2,"map(to: a)",1024,32,132,1,1,183,0,25.451183319
2,"map(to: a)",1024,32,132,1,1,8096,0,108.742713928
2,"map(to: a)",1024,32,132,1,1,11,0,25.200843811
2,"map(to: a)",1024,32,132,1,1,1,0,23.996829987
2,"map(to: a)",1024,32,132,1,1,1218,0,36.740303040
2,"map(to: a)",1024,32,132,1,1,472,0,28.955936432
2,"map(to: a)",1024,32,132,1,1,71,0,24.461746216
2,"map(to: a)",1024,32,132,1,1,5042,0,76.949596405
2,"map(to: a)",1024,32,132,1,1,4,0,24.604797363
2,"map(to: a)",1024,32,132,1,2,2,0,24.199485779
2,"map(to: a)",1024,32,132,1,2,71,0,24.747848511
2,"map(to: a)",1024,32,132,1,2,17,0,19.049644470
2,"map(to: a)",1024,32,132,1,2,472,0,29.397010803
2,"map(to: a)",1024,32,132,1,2,5042,0,78.356266022
2,"map(to: a)",1024,32,132,1,2,28,0,25.403499603
2,"map(to: a)",1024,32,132,1,2,44,0,24.199485779
2,"map(to: a)",1024,32,132,1,2,1218,0,38.099288940
2,"map(to: a)",1024,32,132,1,2,4,0,23.746490479
2,"map(to: a)",1024,32,132,1,2,1955,0,45.394897461
2,"map(to: a)",1024,32,132,1,2,183,0,27.251243591
2,"map(to: a)",1024,32,132,1,2,7,0,23.651123047
2,"map(to: a)",1024,32,132,1,2,758,0,31.757354736
2,"map(to: a)",1024,32,132,1,2,1,0,23.555755615
2,"map(to: a)",1024,32,132,1,2,3140,0,56.350231171
2,"map(to: a)",1024,32,132,1,2,8096,0,107.550621033
2,"map(to: a)",1024,32,132,1,2,3,0,24.044513702
2,"map(to: a)",1024,32,132,1,2,114,0,25.546550751
2,"map(to: a)",1024,32,132,1,2,11,0,18.846988678
2,"map(to: a)",1024,32,132,1,2,294,0,26.202201843
2,"map(to: a)",1024,32,132,1,3,1,0,23.591518402
2,"map(to: a)",1024,32,132,1,3,17,0,24.294853210
2,"map(to: a)",1024,32,132,1,3,294,0,27.954578400
2,"map(to: a)",1024,32,132,1,3,5042,0,74.899196625
2,"map(to: a)",1024,32,132,1,3,114,0,24.497509003
2,"map(to: a)",1024,32,132,1,3,28,0,23.901462555
2,"map(to: a)",1024,32,132,1,3,1218,0,37.550926208
2,"map(to: a)",1024,32,132,1,3,2,0,24.247169495
2,"map(to: a)",1024,32,132,1,3,3,0,25.105476379
2,"map(to: a)",1024,32,132,1,3,4,0,20.802021027
2,"map(to: a)",1024,32,132,1,3,758,0,32.591819763
2,"map(to: a)",1024,32,132,1,3,11,0,22.900104523
2,"map(to: a)",1024,32,132,1,3,44,0,25.355815887
2,"map(to: a)",1024,32,132,1,3,472,0,29.504299164
2,"map(to: a)",1024,32,132,1,3,7,0,20.658969879
2,"map(to: a)",1024,32,132,1,3,1955,0,44.405460358
2,"map(to: a)",1024,32,132,1,3,71,0,25.451183319
2,"map(to: a)",1024,32,132,1,3,183,0,25.653839111
2,"map(to: a)",1024,32,132,1,3,8096,0,108.540058136
2,"map(to: a)",1024,32,132,1,3,3140,0,57.053565979
2,"map(to: a)",1024,32,132,1,4,472,0,29.349327087
2,"map(to: a)",1024,32,132,1,4,71,0,24.902820587
2,"map(to: a)",1024,32,132,1,4,1,0,24.104118347
2,"map(to: a)",1024,32,132,1,4,11,0,24.104118347
2,"map(to: a)",1024,32,132,1,4,4,0,23.651123047
2,"map(to: a)",1024,32,132,1,4,3140,0,56.850910187
2,"map(to: a)",1024,32,132,1,4,28,0,22.900104523
2,"map(to: a)",1024,32,132,1,4,1218,0,37.205219269
2,"map(to: a)",1024,32,132,1,4,2,0,22.697448730
2,"map(to: a)",1024,32,132,1,4,183,0,23.245811462
2,"map(to: a)",1024,32,132,1,4,5042,0,77.199935913
2,"map(to: a)",1024,32,132,1,4,114,0,24.640560150
2,"map(to: a)",1024,32,132,1,4,3,0,23.794174194
2,"map(to: a)",1024,32,132,1,4,44,0,23.949146271
2,"map(to: a)",1024,32,132,1,4,758,0,33.450126648
2,"map(to: a)",1024,32,132,1,4,8096,0,108.098983765
2,"map(to: a)",1024,32,132,1,4,1955,0,42.593479156
2,"map(to: a)",1024,32,132,1,4,294,0,27.847290039
2,"map(to: a)",1024,32,132,1,4,7,0,23.055076599
2,"map(to: a)",1024,32,132,1,4,17,0,23.138523102
2,"map(to: a)",4096,32,132,0,0,7,0,25.951862335
2,"map(to: a)",4096,32,132,0,0,114,0,24.056434631
2,"map(to: a)",4096,32,132,0,0,3,0,22.351741791
2,"map(to: a)",4096,32,132,0,0,17,0,26.297569275
2,"map(to: a)",4096,32,132,0,0,1,0,26.094913483
2,"map(to: a)",4096,32,132,0,0,44,0,25.355815887
2,"map(to: a)",4096,32,132,0,0,294,0,29.301643372
2,"map(to: a)",4096,32,132,0,0,3140,0,57.947635651
2,"map(to: a)",4096,32,132,0,0,4,0,25.343894958
2,"map(to: a)",4096,32,132,0,0,1955,0,47.302246094
2,"map(to: a)",4096,32,132,0,0,183,0,28.049945831
2,"map(to: a)",4096,32,132,0,0,8096,0,110.292434692
2,"map(to: a)",4096,32,132,0,0,758,0,34.499168396
2,"map(to: a)",4096,32,132,0,0,71,0,26.953220367
2,"map(to: a)",4096,32,132,0,0,2,0,25.343894958
2,"map(to: a)",4096,32,132,0,0,11,0,25.951862335
2,"map(to: a)",4096,32,132,0,0,28,0,26.810169220
2,"map(to: a)",4096,32,132,0,0,5042,0,77.450275421
2,"map(to: a)",4096,32,132,0,0,1218,0,38.492679596
2,"map(to: a)",4096,32,132,0,0,472,0,26.500225067
2,"map(to: a)",4096,32,132,0,1,4,0,26.190280914
2,"map(to: a)",4096,32,132,0,1,1,0,25.701522827
2,"map(to: a)",4096,32,132,0,1,17,0,25.892257690
2,"map(to: a)",4096,32,132,0,1,28,0,26.500225067
2,"map(to: a)",4096,32,132,0,1,11,0,26.392936707
2,"map(to: a)",4096,32,132,0,1,3140,0,57.804584503
2,"map(to: a)",4096,32,132,0,1,2,0,25.999546051
2,"map(to: a)",4096,32,132,0,1,758,0,34.403800964
2,"map(to: a)",4096,32,132,0,1,1218,0,38.146972656
2,"map(to: a)",4096,32,132,0,1,44,0,25.999546051
2,"map(to: a)",4096,32,132,0,1,71,0,27.000904083
2,"map(to: a)",4096,32,132,0,1,114,0,27.799606323
2,"map(to: a)",4096,32,132,0,1,294,0,27.894973755
2,"map(to: a)",4096,32,132,0,1,7,0,24.652481079
2,"map(to: a)",4096,32,132,0,1,183,0,27.346611023
2,"map(to: a)",4096,32,132,0,1,8096,0,108.945369720
2,"map(to: a)",4096,32,132,0,1,472,0,30.803680420
2,"map(to: a)",4096,32,132,0,1,1955,0,45.347213745
2,"map(to: a)",4096,32,132,0,1,3,0,25.141239166
2,"map(to: a)",4096,32,132,0,1,5042,0,79.441070557
2,"map(to: a)",4096,32,132,0,2,3,0,25.296211243
2,"map(to: a)",4096,32,132,0,2,44,0,25.796890259
2,"map(to: a)",4096,32,132,0,2,1,0,25.296211243
2,"map(to: a)",4096,32,132,0,2,183,0,27.394294739
2,"map(to: a)",4096,32,132,0,2,294,0,28.395652771
2,"map(to: a)",4096,32,132,0,2,5042,0,77.342987061
2,"map(to: a)",4096,32,132,0,2,7,0,25.200843811
2,"map(to: a)",4096,32,132,0,2,8096,0,110.995769501
2,"map(to: a)",4096,32,132,0,2,2,0,24.592876434
2,"map(to: a)",4096,32,132,0,2,114,0,22.649765015
2,"map(to: a)",4096,32,132,0,2,71,0,21.207332611
2,"map(to: a)",4096,32,132,0,2,1955,0,45.454502106
2,"map(to: a)",4096,32,132,0,2,17,0,24.843215942
2,"map(to: a)",4096,32,132,0,2,472,0,30.994415283
2,"map(to: a)",4096,32,132,0,2,11,0,26.440620422
2,"map(to: a)",4096,32,132,0,2,1218,0,39.398670197
2,"map(to: a)",4096,32,132,0,2,4,0,25.689601898
2,"map(to: a)",4096,32,132,0,2,3140,0,58.698654175
2,"map(to: a)",4096,32,132,0,2,758,0,33.450126648
2,"map(to: a)",4096,32,132,0,2,28,0,26.202201843
2,"map(to: a)",4096,32,132,0,3,11,0,25.606155396
2,"map(to: a)",4096,32,132,0,3,4,0,26.845932007
2,"map(to: a)",4096,32,132,0,3,5042,0,78.547000885
2,"map(to: a)",4096,32,132,0,3,183,0,28.753280640
2,"map(to: a)",4096,32,132,0,3,17,0,25.308132172
2,"map(to: a)",4096,32,132,0,3,3,0,25.749206543
2,"map(to: a)",4096,32,132,0,3,28,0,25.498867035
2,"map(to: a)",4096,32,132,0,3,1218,0,39.744377136
2,"map(to: a)",4096,32,132,0,3,114,0,26.798248291
2,"map(to: a)",4096,32,132,0,3,758,0,34.308433533
2,"map(to: a)",4096,32,132,0,3,1955,0,45.549869537
2,"map(to: a)",4096,32,132,0,3,472,0,26.595592499
2,"map(to: a)",4096,32,132,0,3,7,0,25.045871735
2,"map(to: a)",4096,32,132,0,3,44,0,26.404857635
2,"map(to: a)",4096,32,132,0,3,3140,0,57.899951935
2,"map(to: a)",4096,32,132,0,3,8096,0,111.055374146
2,"map(to: a)",4096,32,132,0,3,71,0,22.697448730
2,"map(to: a)",4096,32,132,0,3,1,0,21.851062775
2,"map(to: a)",4096,32,132,0,3,2,0,24.855136871
2,"map(to: a)",4096,32,132,0,3,294,0,25.200843811
2,"map(to: a)",4096,32,132,0,4,3,0,25.558471680
2,"map(to: a)",4096,32,132,0,4,8096,0,110.399723053
2,"map(to: a)",4096,32,132,0,4,1,0,25.248527527
2,"map(to: a)",4096,32,132,0,4,28,0,25.939941406
2,"map(to: a)",4096,32,132,0,4,17,0,25.260448456
2,"map(to: a)",4096,32,132,0,4,5042,0,77.199935913
2,"map(to: a)",4096,32,132,0,4,7,0,25.951862335
2,"map(to: a)",4096,32,132,0,4,114,0,26.202201843
2,"map(to: a)",4096,32,132,0,4,44,0,26.047229767
2,"map(to: a)",4096,32,132,0,4,2,0,24.449825287
2,"map(to: a)",4096,32,132,0,4,294,0,27.954578400
2,"map(to: a)",4096,32,132,0,4,758,0,34.451484680
2,"map(to: a)",4096,32,132,0,4,183,0,27.799606323
2,"map(to: a)",4096,32,132,0,4,4,0,25.653839111
2,"map(to: a)",4096,32,132,0,4,1218,0,38.552284241
2,"map(to: a)",4096,32,132,0,4,71,0,25.498867035
2,"map(to: a)",4096,32,132,0,4,1955,0,47.194957733
2,"map(to: a)",4096,32,132,0,4,11,0,26.106834412
2,"map(to: a)",4096,32,132,0,4,472,0,30.243396759
2,"map(to: a)",4096,32,132,0,4,3140,0,59.449672699
2,"map(to: a)",4096,32,132,1,0,2,0,24.795532227
2,"map(to: a)",4096,32,132,1,0,4,0,25.200843811
2,"map(to: a)",4096,32,132,1,0,472,0,29.802322388
2,"map(to: a)",4096,32,132,1,0,3140,0,58.495998383
2,"map(to: a)",4096,32,132,1,0,183,0,27.346611023
2,"map(to: a)",4096,32,132,1,0,28,0,26.202201843
2,"map(to: a)",4096,32,132,1,0,71,0,27.096271515
2,"map(to: a)",4096,32,132,1,0,1218,0,38.492679596
2,"map(to: a)",4096,32,132,1,0,294,0,27.561187744
2,"map(to: a)",4096,32,132,1,0,1,0,26.047229767
2,"map(to: a)",4096,32,132,1,0,7,0,25.904178619
2,"map(to: a)",4096,32,132,1,0,1955,0,46.801567078
2,"map(to: a)",4096,32,132,1,0,758,0,34.904479980
2,"map(to: a)",4096,32,132,1,0,114,0,23.055076599
2,"map(to: a)",4096,32,132,1,0,11,0,25.796890259
2,"map(to: a)",4096,32,132,1,0,3,0,25.045871735
2,"map(to: a)",4096,32,132,1,0,8096,0,109.457969666
2,"map(to: a)",4096,32,132,1,0,44,0,24.342536926
2,"map(to: a)",4096,32,132,1,0,17,0,25.546550751
2,"map(to: a)",4096,32,132,1,0,5042,0,77.342987061
2,"map(to: a)",4096,32,132,1,1,758,0,31.101703644
2,"map(to: a)",4096,32,132,1,1,3,0,25.200843811
2,"map(to: a)",4096,32,132,1,1,3140,0,58.948993683
2,"map(to: a)",4096,32,132,1,1,1955,0,46.646595001
2,"map(to: a)",4096,32,132,1,1,44,0,25.904178619
2,"map(to: a)",4096,32,132,1,1,17,0,25.498867035
2,"map(to: a)",4096,32,132,1,1,294,0,28.800964355
2,"map(to: a)",4096,32,132,1,1,28,0,25.546550751
2,"map(to: a)",4096,32,132,1,1,114,0,26.559829712
2,"map(to: a)",4096,32,132,1,1,2,0,21.803379059
2,"map(to: a)",4096,32,132,1,1,7,0,26.547908783
2,"map(to: a)",4096,32,132,1,1,183,0,26.893615723
2,"map(to: a)",4096,32,132,1,1,8096,0,109.648704529
2,"map(to: a)",4096,32,132,1,1,11,0,25.999546051
2,"map(to: a)",4096,32,132,1,1,1,0,25.391578674
2,"map(to: a)",4096,32,132,1,1,1218,0,38.707256317
2,"map(to: a)",4096,32,132,1,1,472,0,30.755996704
2,"map(to: a)",4096,32,132,1,1,71,0,27.406215668
2,"map(to: a)",4096,32,132,1,1,5042,0,77.652931213
2,"map(to: a)",4096,32,132,1,1,4,0,27.048587799
2,"map(to: a)",4096,32,132,1,2,2,0,24.688243866
2,"map(to: a)",4096,32,132,1,2,71,0,27.203559875
2,"map(to: a)",4096,32,132,1,2,17,0,24.855136871
2,"map(to: a)",4096,32,132,1,2,472,0,29.551982880
2,"map(to: a)",4096,32,132,1,2,5042,0,77.760219574
2,"map(to: a)",4096,32,132,1,2,28,0,25.451183319
2,"map(to: a)",4096,32,132,1,2,44,0,25.951862335
2,"map(to: a)",4096,32,132,1,2,1218,0,39.696693420
2,"map(to: a)",4096,32,132,1,2,4,0,24.604797363
2,"map(to: a)",4096,32,132,1,2,1955,0,44.798851013
2,"map(to: a)",4096,32,132,1,2,183,0,27.859210968
2,"map(to: a)",4096,32,132,1,2,7,0,25.999546051
2,"map(to: a)",4096,32,132,1,2,758,0,33.843517303
2,"map(to: a)",4096,32,132,1,2,1,0,25.105476379
2,"map(to: a)",4096,32,132,1,2,3140,0,58.460235596
2,"map(to: a)",4096,32,132,1,2,8096,0,108.993053436
2,"map(to: a)",4096,32,132,1,2,3,0,21.398067474
2,"map(to: a)",4096,32,132,1,2,114,0,26.345252991
2,"map(to: a)",4096,32,132,1,2,11,0,25.808811188
2,"map(to: a)",4096,32,132,1,2,294,0,28.002262115
2,"map(to: a)",4096,32,132,1,3,1,0,21.898746490
2,"map(to: a)",4096,32,132,1,3,17,0,25.498867035
2,"map(to: a)",4096,32,132,1,3,294,0,28.204917908
2,"map(to: a)",4096,32,132,1,3,5042,0,77.700614929
2,"map(to: a)",4096,32,132,1,3,114,0,26.798248291
2,"map(to: a)",4096,32,132,1,3,28,0,25.403499603
2,"map(to: a)",4096,32,132,1,3,1218,0,38.301944733
2,"map(to: a)",4096,32,132,1,3,2,0,25.546550751
2,"map(to: a)",4096,32,132,1,3,3,0,24.700164795
2,"map(to: a)",4096,32,132,1,3,4,0,21.004676819
2,"map(to: a)",4096,32,132,1,3,758,0,34.451484680
2,"map(to: a)",4096,32,132,1,3,11,0,24.592876434
2,"map(to: a)",4096,32,132,1,3,44,0,25.808811188
2,"map(to: a)",4096,32,132,1,3,472,0,30.899047852
2,"map(to: a)",4096,32,132,1,3,7,0,24.855136871
2,"map(to: a)",4096,32,132,1,3,1955,0,46.551227570
2,"map(to: a)",4096,32,132,1,3,71,0,25.641918182
2,"map(to: a)",4096,32,132,1,3,183,0,26.845932007
2,"map(to: a)",4096,32,132,1,3,8096,0,109.040737152
2,"map(to: a)",4096,32,132,1,3,3140,0,58.948993683
2,"map(to: a)",4096,32,132,1,4,472,0,30.303001404
2,"map(to: a)",4096,32,132,1,4,71,0,25.558471680
2,"map(to: a)",4096,32,132,1,4,1,0,25.856494904
2,"map(to: a)",4096,32,132,1,4,11,0,25.558471680
2,"map(to: a)",4096,32,132,1,4,4,0,25.498867035
2,"map(to: a)",4096,32,132,1,4,3140,0,58.698654175
2,"map(to: a)",4096,32,132,1,4,28,0,25.105476379
2,"map(to: a)",4096,32,132,1,4,1218,0,38.146972656
2,"map(to: a)",4096,32,132,1,4,2,0,23.698806763
2,"map(to: a)",4096,32,132,1,4,183,0,26.297569275
2,"map(to: a)",4096,32,132,1,4,5042,0,78.201293945
2,"map(to: a)",4096,32,132,1,4,114,0,26.452541351
2,"map(to: a)",4096,32,132,1,4,3,0,25.451183319
2,"map(to: a)",4096,32,132,1,4,44,0,25.153160095
2,"map(to: a)",4096,32,132,1,4,758,0,33.497810364
2,"map(to: a)",4096,32,132,1,4,8096,0,110.244750977
2,"map(to: a)",4096,32,132,1,4,1955,0,46.253204346
2,"map(to: a)",4096,32,132,1,4,294,0,29.850006104
2,"map(to: a)",4096,32,132,1,4,7,0,25.248527527
2,"map(to: a)",4096,32,132,1,4,17,0,25.856494904
2,"map(to: a)",8192,32,132,0,0,7,0,27.954578400
2,"map(to: a)",8192,32,132,0,0,114,0,29.194355011
2,"map(to: a)",8192,32,132,0,0,3,0,28.598308563
2,"map(to: a)",8192,32,132,0,0,17,0,29.742717743
2,"map(to: a)",8192,32,132,0,0,1,0,27.942657471
2,"map(to: a)",8192,32,132,0,0,44,0,29.397010803
2,"map(to: a)",8192,32,132,0,0,294,0,32.806396484
2,"map(to: a)",8192,32,132,0,0,3140,0,61.547756195
2,"map(to: a)",8192,32,132,0,0,4,0,28.443336487
2,"map(to: a)",8192,32,132,0,0,1955,0,49.757957458
2,"map(to: a)",8192,32,132,0,0,183,0,30.350685120
2,"map(to: a)",8192,32,132,0,0,8096,0,112.342834473
2,"map(to: a)",8192,32,132,0,0,758,0,37.145614624
2,"map(to: a)",8192,32,132,0,0,71,0,29.349327087
2,"map(to: a)",8192,32,132,0,0,2,0,29.695034027
2,"map(to: a)",8192,32,132,0,0,11,0,29.301643372
2,"map(to: a)",8192,32,132,0,0,28,0,29.504299164
2,"map(to: a)",8192,32,132,0,0,5042,0,81.157684326
2,"map(to: a)",8192,32,132,0,0,1218,0,42.200088501
2,"map(to: a)",8192,32,132,0,0,472,0,34.296512604
2,"map(to: a)",8192,32,132,0,1,4,0,24.044513702
2,"map(to: a)",8192,32,132,0,1,1,0,29.194355011
2,"map(to: a)",8192,32,132,0,1,17,0,29.349327087
2,"map(to: a)",8192,32,132,0,1,28,0,28.395652771
2,"map(to: a)",8192,32,132,0,1,11,0,28.896331787
2,"map(to: a)",8192,32,132,0,1,3140,0,61.058998108
2,"map(to: a)",8192,32,132,0,1,2,0,28.097629547
2,"map(to: a)",8192,32,132,0,1,758,0,37.848949432
2,"map(to: a)",8192,32,132,0,1,1218,0,42.498111725
2,"map(to: a)",8192,32,132,0,1,44,0,27.740001678
2,"map(to: a)",8192,32,132,0,1,71,0,29.397010803
2,"map(to: a)",8192,32,132,0,1,114,0,29.540061951
2,"map(to: a)",8192,32,132,0,1,294,0,32.794475555
2,"map(to: a)",8192,32,132,0,1,7,0,27.203559875
2,"map(to: a)",8192,32,132,0,1,183,0,30.350685120
2,"map(to: a)",8192,32,132,0,1,8096,0,111.401081085
2,"map(to: a)",8192,32,132,0,1,472,0,33.843517303
2,"map(to: a)",8192,32,132,0,1,1955,0,49.197673798
2,"map(to: a)",8192,32,132,0,1,3,0,28.848648071
2,"map(to: a)",8192,32,132,0,1,5042,0,81.193447113
2,"map(to: a)",8192,32,132,0,2,3,0,29.098987579
2,"map(to: a)",8192,32,132,0,2,44,0,28.395652771
2,"map(to: a)",8192,32,132,0,2,1,0,27.894973755
2,"map(to: a)",8192,32,132,0,2,183,0,31.197071075
2,"map(to: a)",8192,32,132,0,2,294,0,31.745433807
2,"map(to: a)",8192,32,132,0,2,5042,0,80.502033234
2,"map(to: a)",8192,32,132,0,2,7,0,28.443336487
2,"map(to: a)",8192,32,132,0,2,8096,0,112.390518188
2,"map(to: a)",8192,32,132,0,2,2,0,29.003620148
2,"map(to: a)",8192,32,132,0,2,114,0,29.897689819
2,"map(to: a)",8192,32,132,0,2,71,0,28.800964355
2,"map(to: a)",8192,32,132,0,2,1955,0,49.352645874
2,"map(to: a)",8192,32,132,0,2,17,0,28.145313263
2,"map(to: a)",8192,32,132,0,2,472,0,31.852722168
2,"map(to: a)",8192,32,132,0,2,11,0,27.847290039
2,"map(to: a)",8192,32,132,0,2,1218,0,39.601325989
2,"map(to: a)",8192,32,132,0,2,4,0,26.297569275
2,"map(to: a)",8192,32,132,0,2,3140,0,61.690807343
2,"map(to: a)",8192,32,132,0,2,758,0,36.060810089
2,"map(to: a)",8192,32,132,0,2,28,0,27.549266815
2,"map(to: a)",8192,32,132,0,3,11,0,26.309490204
2,"map(to: a)",8192,32,132,0,3,4,0,28.896331787
2,"map(to: a)",8192,32,132,0,3,5042,0,80.239772797
2,"map(to: a)",8192,32,132,0,3,183,0,30.052661896
2,"map(to: a)",8192,32,132,0,3,17,0,28.550624847
2,"map(to: a)",8192,32,132,0,3,3,0,26.941299438
2,"map(to: a)",8192,32,132,0,3,28,0,28.300285339
2,"map(to: a)",8192,32,132,0,3,1218,0,41.401386261
2,"map(to: a)",8192,32,132,0,3,114,0,29.551982880
2,"map(to: a)",8192,32,132,0,3,758,0,36.048889160
2,"map(to: a)",8192,32,132,0,3,1955,0,49.448013306
2,"map(to: a)",8192,32,132,0,3,472,0,32.854080200
2,"map(to: a)",8192,32,132,0,3,7,0,29.194355011
2,"map(to: a)",8192,32,132,0,3,44,0,28.204917908
2,"map(to: a)",8192,32,132,0,3,3140,0,60.856342316
2,"map(to: a)",8192,32,132,0,3,8096,0,111.293792725
2,"map(to: a)",8192,32,132,0,3,71,0,29.098987579
2,"map(to: a)",8192,32,132,0,3,1,0,26.798248291
2,"map(to: a)",8192,32,132,0,3,2,0,28.598308563
2,"map(to: a)",8192,32,132,0,3,294,0,31.208992004
2,"map(to: a)",8192,32,132,0,4,3,0,27.000904083
2,"map(to: a)",8192,32,132,0,4,8096,0,112.295150757
2,"map(to: a)",8192,32,132,0,4,1,0,27.501583099
2,"map(to: a)",8192,32,132,0,4,28,0,28.049945831
2,"map(to: a)",8192,32,132,0,4,17,0,25.999546051
2,"map(to: a)",8192,32,132,0,4,5042,0,80.955028534
2,"map(to: a)",8192,32,132,0,4,7,0,26.249885559
2,"map(to: a)",8192,32,132,0,4,114,0,29.206275940
2,"map(to: a)",8192,32,132,0,4,44,0,27.847290039
2,"map(to: a)",8192,32,132,0,4,2,0,29.444694519
2,"map(to: a)",8192,32,132,0,4,294,0,31.149387360
2,"map(to: a)",8192,32,132,0,4,758,0,36.597251892
2,"map(to: a)",8192,32,132,0,4,183,0,30.148029327
2,"map(to: a)",8192,32,132,0,4,4,0,29.599666595
2,"map(to: a)",8192,32,132,0,4,1218,0,40.996074677
2,"map(to: a)",8192,32,132,0,4,71,0,28.657913208
2,"map(to: a)",8192,32,132,0,4,1955,0,49.054622650
2,"map(to: a)",8192,32,132,0,4,11,0,28.109550476
2,"map(to: a)",8192,32,132,0,4,472,0,33.247470856
2,"map(to: a)",8192,32,132,0,4,3140,0,61.190128326
2,"map(to: a)",8192,32,132,1,0,2,0,27.799606323
2,"map(to: a)",8192,32,132,1,0,4,0,28.800964355
2,"map(to: a)",8192,32,132,1,0,472,0,32.854080200
2,"map(to: a)",8192,32,132,1,0,3140,0,60.105323792
2,"map(to: a)",8192,32,132,1,0,183,0,30.207633972
2,"map(to: a)",8192,32,132,1,0,28,0,27.656555176
2,"map(to: a)",8192,32,132,1,0,71,0,27.894973755
2,"map(to: a)",8192,32,132,1,0,1218,0,42.247772217
2,"map(to: a)",8192,32,132,1,0,294,0,30.851364136
2,"map(to: a)",8192,32,132,1,0,1,0,28.204917908
2,"map(to: a)",8192,32,132,1,0,7,0,29.098987579
2,"map(to: a)",8192,32,132,1,0,1955,0,49.149990082
2,"map(to: a)",8192,32,132,1,0,758,0,36.501884460
2,"map(to: a)",8192,32,132,1,0,114,0,28.693675995
2,"map(to: a)",8192,32,132,1,0,11,0,27.847290039
2,"map(to: a)",8192,32,132,1,0,3,0,27.406215668
2,"map(to: a)",8192,32,132,1,0,8096,0,112.998485565
2,"map(to: a)",8192,32,132,1,0,44,0,28.443336487
2,"map(to: a)",8192,32,132,1,0,17,0,28.157234192
2,"map(to: a)",8192,32,132,1,0,5042,0,80.800056458
2,"map(to: a)",8192,32,132,1,1,758,0,35.810470581
2,"map(to: a)",8192,32,132,1,1,3,0,28.598308563
2,"map(to: a)",8192,32,132,1,1,3140,0,60.105323792
2,"map(to: a)",8192,32,132,1,1,1955,0,47.504901886
2,"map(to: a)",8192,32,132,1,1,44,0,28.896331787
2,"map(to: a)",8192,32,132,1,1,17,0,28.550624847
2,"map(to: a)",8192,32,132,1,1,294,0,30.648708344
2,"map(to: a)",8192,32,132,1,1,28,0,27.847290039
2,"map(to: a)",8192,32,132,1,1,114,0,29.993057251
2,"map(to: a)",8192,32,132,1,1,2,0,27.847290039
2,"map(to: a)",8192,32,132,1,1,7,0,27.740001678
2,"map(to: a)",8192,32,132,1,1,183,0,30.899047852
2,"map(to: a)",8192,32,132,1,1,8096,0,111.293792725
2,"map(to: a)",8192,32,132,1,1,11,0,28.347969055
2,"map(to: a)",8192,32,132,1,1,1,0,28.049945831
2,"map(to: a)",8192,32,132,1,1,1218,0,40.900707245
2,"map(to: a)",8192,32,132,1,1,472,0,31.161308289
2,"map(to: a)",8192,32,132,1,1,71,0,26.202201843
2,"map(to: a)",8192,32,132,1,1,5042,0,80.204010010
2,"map(to: a)",8192,32,132,1,1,4,0,27.096271515
2,"map(to: a)",8192,32,132,1,2,2,0,28.145313263
2,"map(to: a)",8192,32,132,1,2,71,0,27.358531952
2,"map(to: a)",8192,32,132,1,2,17,0,27.847290039
2,"map(to: a)",8192,32,132,1,2,472,0,33.092498779
2,"map(to: a)",8192,32,132,1,2,5042,0,80.549716949
2,"map(to: a)",8192,32,132,1,2,28,0,28.204917908
2,"map(to: a)",8192,32,132,1,2,44,0,28.407573700
2,"map(to: a)",8192,32,132,1,2,1218,0,41.151046753
2,"map(to: a)",8192,32,132,1,2,4,0,27.644634247
2,"map(to: a)",8192,32,132,1,2,1955,0,47.791004181
2,"map(to: a)",8192,32,132,1,2,183,0,30.493736267
2,"map(to: a)",8192,32,132,1,2,7,0,28.657913208
2,"map(to: a)",8192,32,132,1,2,758,0,37.395954132
2,"map(to: a)",8192,32,132,1,2,1,0,27.692317963
2,"map(to: a)",8192,32,132,1,2,3140,0,60.844421387
2,"map(to: a)",8192,32,132,1,2,8096,0,112.247467041
2,"map(to: a)",8192,32,132,1,2,3,0,27.906894684
2,"map(to: a)",8192,32,132,1,2,114,0,27.000904083
2,"map(to: a)",8192,32,132,1,2,11,0,26.094913483
2,"map(to: a)",8192,32,132,1,2,294,0,30.350685120
2,"map(to: a)",8192,32,132,1,3,1,0,27.799606323
2,"map(to: a)",8192,32,132,1,3,17,0,28.491020203
2,"map(to: a)",8192,32,132,1,3,294,0,31.161308289
2,"map(to: a)",8192,32,132,1,3,5042,0,81.646442413
2,"map(to: a)",8192,32,132,1,3,114,0,29.647350311
2,"map(to: a)",8192,32,132,1,3,28,0,28.657913208
2,"map(to: a)",8192,32,132,1,3,1218,0,40.352344513
2,"map(to: a)",8192,32,132,1,3,2,0,28.705596924
2,"map(to: a)",8192,32,132,1,3,3,0,28.502941132
2,"map(to: a)",8192,32,132,1,3,4,0,27.155876160
2,"map(to: a)",8192,32,132,1,3,758,0,38.146972656
2,"map(to: a)",8192,32,132,1,3,11,0,27.847290039
2,"map(to: a)",8192,32,132,1,3,44,0,27.942657471
2,"map(to: a)",8192,32,132,1,3,472,0,33.950805664
2,"map(to: a)",8192,32,132,1,3,7,0,29.194355011
2,"map(to: a)",8192,32,132,1,3,1955,0,47.099590302
2,"map(to: a)",8192,32,132,1,3,71,0,30.100345612
2,"map(to: a)",8192,32,132,1,3,183,0,29.897689819
2,"map(to: a)",8192,32,132,1,3,8096,0,112.104415894
2,"map(to: a)",8192,32,132,1,3,3140,0,61.249732971
2,"map(to: a)",8192,32,132,1,4,472,0,34.797191620
2,"map(to: a)",8192,32,132,1,4,71,0,29.194355011
2,"map(to: a)",8192,32,132,1,4,1,0,29.349327087
2,"map(to: a)",8192,32,132,1,4,11,0,28.502941132
2,"map(to: a)",8192,32,132,1,4,4,0,28.955936432
2,"map(to: a)",8192,32,132,1,4,3140,0,62.108039856
2,"map(to: a)",8192,32,132,1,4,28,0,29.551982880
2,"map(to: a)",8192,32,132,1,4,1218,0,41.759014130
2,"map(to: a)",8192,32,132,1,4,2,0,28.407573700
2,"map(to: a)",8192,32,132,1,4,183,0,30.553340912
2,"map(to: a)",8192,32,132,1,4,5042,0,80.907344818
2,"map(to: a)",8192,32,132,1,4,114,0,28.705596924
2,"map(to: a)",8192,32,132,1,4,3,0,28.395652771
2,"map(to: a)",8192,32,132,1,4,44,0,28.991699219
2,"map(to: a)",8192,32,132,1,4,758,0,35.548210144
2,"map(to: a)",8192,32,132,1,4,8096,0,113.749504089
2,"map(to: a)",8192,32,132,1,4,1955,0,47.791004181
2,"map(to: a)",8192,32,132,1,4,294,0,32.198429108
2,"map(to: a)",8192,32,132,1,4,7,0,28.192996979
2,"map(to: a)",8192,32,132,1,4,17,0,28.300285339
2,"map(to: a)",16382,32,132,0,0,7,0,33.259391785
2,"map(to: a)",16382,32,132,0,0,114,0,34.058094025
2,"map(to: a)",16382,32,132,0,0,3,0,33.748149872
2,"map(to: a)",16382,32,132,0,0,17,0,33.593177795
2,"map(to: a)",16382,32,132,0,0,1,0,30.255317688
2,"map(to: a)",16382,32,132,0,0,44,0,34.296512604
2,"map(to: a)",16382,32,132,0,0,294,0,35.452842712
2,"map(to: a)",16382,32,132,0,0,3140,0,66.101551056
2,"map(to: a)",16382,32,132,0,0,4,0,32.997131348
2,"map(to: a)",16382,32,132,0,0,1955,0,54.359436035
2,"map(to: a)",16382,32,132,0,0,183,0,35.297870636
2,"map(to: a)",16382,32,132,0,0,8096,0,117.039680481
2,"map(to: a)",16382,32,132,0,0,758,0,40.793418884
2,"map(to: a)",16382,32,132,0,0,71,0,33.748149872
2,"map(to: a)",16382,32,132,0,0,2,0,32.949447632
2,"map(to: a)",16382,32,132,0,0,11,0,32.544136047
2,"map(to: a)",16382,32,132,0,0,28,0,33.795833588
2,"map(to: a)",16382,32,132,0,0,5042,0,87.046623230
2,"map(to: a)",16382,32,132,0,0,1218,0,47.194957733
2,"map(to: a)",16382,32,132,0,0,472,0,38.599967957
2,"map(to: a)",16382,32,132,0,1,4,0,33.199787140
2,"map(to: a)",16382,32,132,0,1,1,0,33.402442932
2,"map(to: a)",16382,32,132,0,1,17,0,33.700466156
2,"map(to: a)",16382,32,132,0,1,28,0,33.044815063
2,"map(to: a)",16382,32,132,0,1,11,0,31.948089600
2,"map(to: a)",16382,32,132,0,1,3140,0,66.149234772
2,"map(to: a)",16382,32,132,0,1,2,0,28.800964355
2,"map(to: a)",16382,32,132,0,1,758,0,42.653083801
2,"map(to: a)",16382,32,132,0,1,1218,0,47.242641449
2,"map(to: a)",16382,32,132,0,1,44,0,34.344196320
2,"map(to: a)",16382,32,132,0,1,71,0,34.856796265
2,"map(to: a)",16382,32,132,0,1,114,0,35.607814789
2,"map(to: a)",16382,32,132,0,1,294,0,36.394596100
2,"map(to: a)",16382,32,132,0,1,7,0,34.344196320
2,"map(to: a)",16382,32,132,0,1,183,0,35.142898560
2,"map(to: a)",16382,32,132,0,1,8096,0,118.994712830
2,"map(to: a)",16382,32,132,0,1,472,0,36.203861237
2,"map(to: a)",16382,32,132,0,1,1955,0,52.905082703
2,"map(to: a)",16382,32,132,0,1,3,0,33.450126648
2,"map(to: a)",16382,32,132,0,1,5042,0,86.104869843
2,"map(to: a)",16382,32,132,0,2,3,0,33.354759216
2,"map(to: a)",16382,32,132,0,2,44,0,33.700466156
2,"map(to: a)",16382,32,132,0,2,1,0,32.556056976
2,"map(to: a)",16382,32,132,0,2,183,0,35.738945007
2,"map(to: a)",16382,32,132,0,2,294,0,37.300586700
2,"map(to: a)",16382,32,132,0,2,5042,0,85.103511810
2,"map(to: a)",16382,32,132,0,2,7,0,33.402442932
2,"map(to: a)",16382,32,132,0,2,8096,0,117.754936218
2,"map(to: a)",16382,32,132,0,2,2,0,32.246112823
2,"map(to: a)",16382,32,132,0,2,114,0,33.795833588
2,"map(to: a)",16382,32,132,0,2,71,0,35.047531128
2,"map(to: a)",16382,32,132,0,2,1955,0,53.751468658
2,"map(to: a)",16382,32,132,0,2,17,0,32.103061676
2,"map(to: a)",16382,32,132,0,2,472,0,37.348270416
2,"map(to: a)",16382,32,132,0,2,11,0,33.354759216
2,"map(to: a)",16382,32,132,0,2,1218,0,47.349929810
2,"map(to: a)",16382,32,132,0,2,4,0,33.402442932
2,"map(to: a)",16382,32,132,0,2,3140,0,66.256523132
2,"map(to: a)",16382,32,132,0,2,758,0,41.294097900
2,"map(to: a)",16382,32,132,0,2,28,0,34.701824188
2,"map(to: a)",16382,32,132,0,3,11,0,32.854080200
2,"map(to: a)",16382,32,132,0,3,4,0,32.496452332
2,"map(to: a)",16382,32,132,0,3,5042,0,85.043907166
2,"map(to: a)",16382,32,132,0,3,183,0,35.607814789
2,"map(to: a)",16382,32,132,0,3,17,0,31.399726868
2,"map(to: a)",16382,32,132,0,3,3,0,32.150745392
2,"map(to: a)",16382,32,132,0,3,28,0,34.153461456
2,"map(to: a)",16382,32,132,0,3,1218,0,47.004222870
2,"map(to: a)",16382,32,132,0,3,114,0,33.903121948
2,"map(to: a)",16382,32,132,0,3,758,0,40.400028229
2,"map(to: a)",16382,32,132,0,3,1955,0,54.752826691
2,"map(to: a)",16382,32,132,0,3,472,0,38.945674896
2,"map(to: a)",16382,32,132,0,3,7,0,34.058094025
2,"map(to: a)",16382,32,132,0,3,44,0,31.554698944
2,"map(to: a)",16382,32,132,0,3,3140,0,65.553188324
2,"map(to: a)",16382,32,132,0,3,8096,0,116.789340973
2,"map(to: a)",16382,32,132,0,3,71,0,34.141540527
2,"map(to: a)",16382,32,132,0,3,1,0,31.197071075
2,"map(to: a)",16382,32,132,0,3,2,0,33.342838287
2,"map(to: a)",16382,32,132,0,3,294,0,36.501884460
2,"map(to: a)",16382,32,132,0,4,3,0,32.401084900
2,"map(to: a)",16382,32,132,0,4,8096,0,117.349624634
2,"map(to: a)",16382,32,132,0,4,1,0,30.148029327
2,"map(to: a)",16382,32,132,0,4,28,0,32.699108124
2,"map(to: a)",16382,32,132,0,4,17,0,32.997131348
2,"map(to: a)",16382,32,132,0,4,5042,0,87.106227875
2,"map(to: a)",16382,32,132,0,4,7,0,32.341480255
2,"map(to: a)",16382,32,132,0,4,114,0,34.201145172
2,"map(to: a)",16382,32,132,0,4,44,0,32.258033752
2,"map(to: a)",16382,32,132,0,4,2,0,31.948089600
2,"map(to: a)",16382,32,132,0,4,294,0,35.548210144
2,"map(to: a)",16382,32,132,0,4,758,0,39.839744568
2,"map(to: a)",16382,32,132,0,4,183,0,34.093856812
2,"map(to: a)",16382,32,132,0,4,4,0,33.295154572
2,"map(to: a)",16382,32,132,0,4,1218,0,47.099590302
2,"map(to: a)",16382,32,132,0,4,71,0,34.546852112
2,"map(to: a)",16382,32,132,0,4,1955,0,53.548812866
2,"map(to: a)",16382,32,132,0,4,11,0,31.745433807
2,"map(to: a)",16382,32,132,0,4,472,0,38.349628448
2,"map(to: a)",16382,32,132,0,4,3140,0,66.101551056
2,"map(to: a)",16382,32,132,1,0,2,0,33.009052277
2,"map(to: a)",16382,32,132,1,0,4,0,32.901763916
2,"map(to: a)",16382,32,132,1,0,472,0,38.051605225
2,"map(to: a)",16382,32,132,1,0,3140,0,64.790248871
2,"map(to: a)",16382,32,132,1,0,183,0,34.844875336
2,"map(to: a)",16382,32,132,1,0,28,0,32.103061676
2,"map(to: a)",16382,32,132,1,0,71,0,33.605098724
2,"map(to: a)",16382,32,132,1,0,1218,0,45.597553253
2,"map(to: a)",16382,32,132,1,0,294,0,36.847591400
2,"map(to: a)",16382,32,132,1,0,1,0,30.100345612
2,"map(to: a)",16382,32,132,1,0,7,0,32.901763916
2,"map(to: a)",16382,32,132,1,0,1955,0,53.894519806
2,"map(to: a)",16382,32,132,1,0,758,0,43.094158173
2,"map(to: a)",16382,32,132,1,0,114,0,34.892559052
2,"map(to: a)",16382,32,132,1,0,11,0,32.746791840
2,"map(to: a)",16382,32,132,1,0,3,0,32.699108124
2,"map(to: a)",16382,32,132,1,0,8096,0,118.350982666
2,"map(to: a)",16382,32,132,1,0,44,0,32.806396484
2,"map(to: a)",16382,32,132,1,0,17,0,34.046173096
2,"map(to: a)",16382,32,132,1,0,5042,0,85.747241974
2,"map(to: a)",16382,32,132,1,1,758,0,41.198730469
2,"map(to: a)",16382,32,132,1,1,3,0,32.496452332
2,"map(to: a)",16382,32,132,1,1,3140,0,67.007541656
2,"map(to: a)",16382,32,132,1,1,1955,0,53.250789642
2,"map(to: a)",16382,32,132,1,1,44,0,33.140182495
2,"map(to: a)",16382,32,132,1,1,17,0,32.794475555
2,"map(to: a)",16382,32,132,1,1,294,0,34.952163696
2,"map(to: a)",16382,32,132,1,1,28,0,34.451484680
2,"map(to: a)",16382,32,132,1,1,114,0,34.201145172
2,"map(to: a)",16382,32,132,1,1,2,0,34.403800964
2,"map(to: a)",16382,32,132,1,1,7,0,33.497810364
2,"map(to: a)",16382,32,132,1,1,183,0,34.892559052
2,"map(to: a)",16382,32,132,1,1,8096,0,117.301940918
2,"map(to: a)",16382,32,132,1,1,11,0,33.998489380
2,"map(to: a)",16382,32,132,1,1,1,0,32.699108124
2,"map(to: a)",16382,32,132,1,1,1218,0,44.155120850
2,"map(to: a)",16382,32,132,1,1,472,0,38.552284241
2,"map(to: a)",16382,32,132,1,1,71,0,33.557415009
2,"map(to: a)",16382,32,132,1,1,5042,0,85.353851318
2,"map(to: a)",16382,32,132,1,1,4,0,32.889842987
2,"map(to: a)",16382,32,132,1,2,2,0,31.352043152
2,"map(to: a)",16382,32,132,1,2,71,0,33.247470856
2,"map(to: a)",16382,32,132,1,2,17,0,32.746791840
2,"map(to: a)",16382,32,132,1,2,472,0,39.458274841
2,"map(to: a)",16382,32,132,1,2,5042,0,85.902214050
2,"map(to: a)",16382,32,132,1,2,28,0,33.557415009
2,"map(to: a)",16382,32,132,1,2,44,0,33.295154572
2,"map(to: a)",16382,32,132,1,2,1218,0,46.193599701
2,"map(to: a)",16382,32,132,1,2,4,0,34.046173096
2,"map(to: a)",16382,32,132,1,2,1955,0,53.501129150
2,"map(to: a)",16382,32,132,1,2,183,0,35.047531128
2,"map(to: a)",16382,32,132,1,2,7,0,32.150745392
2,"map(to: a)",16382,32,132,1,2,758,0,41.341781616
2,"map(to: a)",16382,32,132,1,2,1,0,32.150745392
2,"map(to: a)",16382,32,132,1,2,3140,0,65.851211548
2,"map(to: a)",16382,32,132,1,2,8096,0,115.990638733
2,"map(to: a)",16382,32,132,1,2,3,0,33.044815063
2,"map(to: a)",16382,32,132,1,2,114,0,33.092498779
2,"map(to: a)",16382,32,132,1,2,11,0,32.353401184
2,"map(to: a)",16382,32,132,1,2,294,0,37.097930908
2,"map(to: a)",16382,32,132,1,3,1,0,32.496452332
2,"map(to: a)",16382,32,132,1,3,17,0,32.603740692
2,"map(to: a)",16382,32,132,1,3,294,0,36.597251892
2,"map(to: a)",16382,32,132,1,3,5042,0,85.139274597
2,"map(to: a)",16382,32,132,1,3,114,0,34.248828888
2,"map(to: a)",16382,32,132,1,3,28,0,32.651424408
2,"map(to: a)",16382,32,132,1,3,1218,0,47.302246094
2,"map(to: a)",16382,32,132,1,3,2,0,32.198429108
2,"map(to: a)",16382,32,132,1,3,3,0,34.606456757
2,"map(to: a)",16382,32,132,1,3,4,0,33.056735992
2,"map(to: a)",16382,32,132,1,3,758,0,42.247772217
2,"map(to: a)",16382,32,132,1,3,11,0,33.140182495
2,"map(to: a)",16382,32,132,1,3,44,0,33.605098724
2,"map(to: a)",16382,32,132,1,3,472,0,38.099288940
2,"map(to: a)",16382,32,132,1,3,7,0,32.496452332
2,"map(to: a)",16382,32,132,1,3,1955,0,52.690505981
2,"map(to: a)",16382,32,132,1,3,71,0,35.357475281
2,"map(to: a)",16382,32,132,1,3,183,0,35.953521729
2,"map(to: a)",16382,32,132,1,3,8096,0,116.956233978
2,"map(to: a)",16382,32,132,1,3,3140,0,65.553188324
2,"map(to: a)",16382,32,132,1,4,472,0,37.956237793
2,"map(to: a)",16382,32,132,1,4,71,0,33.998489380
2,"map(to: a)",16382,32,132,1,4,1,0,32.603740692
2,"map(to: a)",16382,32,132,1,4,11,0,33.450126648
2,"map(to: a)",16382,32,132,1,4,4,0,34.201145172
2,"map(to: a)",16382,32,132,1,4,3140,0,66.757202148
2,"map(to: a)",16382,32,132,1,4,28,0,33.497810364
2,"map(to: a)",16382,32,132,1,4,1218,0,46.002864838
2,"map(to: a)",16382,32,132,1,4,2,0,33.152103424
2,"map(to: a)",16382,32,132,1,4,183,0,35.154819489
2,"map(to: a)",16382,32,132,1,4,5042,0,85.151195526
2,"map(to: a)",16382,32,132,1,4,114,0,35.250186920
2,"map(to: a)",16382,32,132,1,4,3,0,33.199787140
2,"map(to: a)",16382,32,132,1,4,44,0,33.640861511
2,"map(to: a)",16382,32,132,1,4,758,0,40.948390961
2,"map(to: a)",16382,32,132,1,4,8096,0,118.100643158
2,"map(to: a)",16382,32,132,1,4,1955,0,53.501129150
2,"map(to: a)",16382,32,132,1,4,294,0,36.191940308
2,"map(to: a)",16382,32,132,1,4,7,0,32.746791840
2,"map(to: a)",16382,32,132,1,4,17,0,33.605098724
2,"map(to: a)",32768,32,132,0,0,7,0,42.951107025
2,"map(to: a)",32768,32,132,0,0,114,0,43.857097626
2,"map(to: a)",32768,32,132,0,0,3,0,40.400028229
2,"map(to: a)",32768,32,132,0,0,17,0,42.998790741
2,"map(to: a)",32768,32,132,0,0,1,0,42.593479156
2,"map(to: a)",32768,32,132,0,0,44,0,42.748451233
2,"map(to: a)",32768,32,132,0,0,294,0,45.454502106
2,"map(to: a)",32768,32,132,0,0,3140,0,74.446201324
2,"map(to: a)",32768,32,132,0,0,4,0,43.046474457
2,"map(to: a)",32768,32,132,0,0,1955,0,62.394142151
2,"map(to: a)",32768,32,132,0,0,183,0,42.891502380
2,"map(to: a)",32768,32,132,0,0,8096,0,126.945972443
2,"map(to: a)",32768,32,132,0,0,758,0,48.851966858
2,"map(to: a)",32768,32,132,0,0,71,0,41.794776917
2,"map(to: a)",32768,32,132,0,0,2,0,40.602684021
2,"map(to: a)",32768,32,132,0,0,11,0,40.555000305
2,"map(to: a)",32768,32,132,0,0,28,0,41.699409485
2,"map(to: a)",32768,32,132,0,0,5042,0,94.342231750
2,"map(to: a)",32768,32,132,0,0,1218,0,54.800510406
2,"map(to: a)",32768,32,132,0,0,472,0,47.802925110
2,"map(to: a)",32768,32,132,0,1,4,0,41.151046753
2,"map(to: a)",32768,32,132,0,1,1,0,40.495395660
2,"map(to: a)",32768,32,132,0,1,17,0,42.104721069
2,"map(to: a)",32768,32,132,0,1,28,0,42.402744293
2,"map(to: a)",32768,32,132,0,1,11,0,41.997432709
2,"map(to: a)",32768,32,132,0,1,3140,0,76.341629028
2,"map(to: a)",32768,32,132,0,1,2,0,42.498111725
2,"map(to: a)",32768,32,132,0,1,758,0,50.604343414
2,"map(to: a)",32768,32,132,0,1,1218,0,55.348873138
2,"map(to: a)",32768,32,132,0,1,44,0,40.149688721
2,"map(to: a)",32768,32,132,0,1,71,0,42.939186096
2,"map(to: a)",32768,32,132,0,1,114,0,42.152404785
2,"map(to: a)",32768,32,132,0,1,294,0,45.800209045
2,"map(to: a)",32768,32,132,0,1,7,0,41.699409485
2,"map(to: a)",32768,32,132,0,1,183,0,43.892860413
2,"map(to: a)",32768,32,132,0,1,8096,0,127.744674683
2,"map(to: a)",32768,32,132,0,1,472,0,47.945976257
2,"map(to: a)",32768,32,132,0,1,1955,0,63.908100128
2,"map(to: a)",32768,32,132,0,1,3,0,41.306018829
2,"map(to: a)",32768,32,132,0,1,5042,0,94.151496887
2,"map(to: a)",32768,32,132,0,2,3,0,40.948390961
2,"map(to: a)",32768,32,132,0,2,44,0,41.449069977
2,"map(to: a)",32768,32,132,0,2,1,0,42.748451233
2,"map(to: a)",32768,32,132,0,2,183,0,44.405460358
2,"map(to: a)",32768,32,132,0,2,294,0,44.453144073
2,"map(to: a)",32768,32,132,0,2,5042,0,93.901157379
2,"map(to: a)",32768,32,132,0,2,7,0,42.891502380
2,"map(to: a)",32768,32,132,0,2,8096,0,125.896930695
2,"map(to: a)",32768,32,132,0,2,2,0,41.651725769
2,"map(to: a)",32768,32,132,0,2,114,0,44.345855713
2,"map(to: a)",32768,32,132,0,2,71,0,43.308734894
2,"map(to: a)",32768,32,132,0,2,1955,0,62.894821167
2,"map(to: a)",32768,32,132,0,2,17,0,42.295455933
2,"map(to: a)",32768,32,132,0,2,472,0,46.300888062
2,"map(to: a)",32768,32,132,0,2,11,0,41.353702545
2,"map(to: a)",32768,32,132,0,2,1218,0,54.895877838
2,"map(to: a)",32768,32,132,0,2,4,0,40.948390961
2,"map(to: a)",32768,32,132,0,2,3140,0,74.756145477
2,"map(to: a)",32768,32,132,0,2,758,0,51.045417786
2,"map(to: a)",32768,32,132,0,2,28,0,42.498111725
2,"map(to: a)",32768,32,132,0,3,11,0,41.449069977
2,"map(to: a)",32768,32,132,0,3,4,0,39.803981781
2,"map(to: a)",32768,32,132,0,3,5042,0,94.008445740
2,"map(to: a)",32768,32,132,0,3,183,0,43.594837189
2,"map(to: a)",32768,32,132,0,3,17,0,43.606758118
2,"map(to: a)",32768,32,132,0,3,3,0,41.949748993
2,"map(to: a)",32768,32,132,0,3,28,0,41.699409485
2,"map(to: a)",32768,32,132,0,3,1218,0,56.099891663
2,"map(to: a)",32768,32,132,0,3,114,0,42.045116425
2,"map(to: a)",32768,32,132,0,3,758,0,50.699710846
2,"map(to: a)",32768,32,132,0,3,1955,0,60.701370239
2,"map(to: a)",32768,32,132,0,3,472,0,47.552585602
2,"map(to: a)",32768,32,132,0,3,7,0,41.604042053
2,"map(to: a)",32768,32,132,0,3,44,0,43.892860413
2,"map(to: a)",32768,32,132,0,3,3140,0,74.458122253
2,"map(to: a)",32768,32,132,0,3,8096,0,125.157833099
2,"map(to: a)",32768,32,132,0,3,71,0,42.295455933
2,"map(to: a)",32768,32,132,0,3,1,0,41.210651398
2,"map(to: a)",32768,32,132,0,3,2,0,41.651725769
2,"map(to: a)",32768,32,132,0,3,294,0,47.397613525
2,"map(to: a)",32768,32,132,0,4,3,0,41.949748993
2,"map(to: a)",32768,32,132,0,4,8096,0,125.801563263
2,"map(to: a)",32768,32,132,0,4,1,0,42.653083801
2,"map(to: a)",32768,32,132,0,4,28,0,41.246414185
2,"map(to: a)",32768,32,132,0,4,17,0,40.507316589
2,"map(to: a)",32768,32,132,0,4,5042,0,94.008445740
2,"map(to: a)",32768,32,132,0,4,7,0,42.498111725
2,"map(to: a)",32768,32,132,0,4,114,0,42.998790741
2,"map(to: a)",32768,32,132,0,4,44,0,41.794776917
2,"map(to: a)",32768,32,132,0,4,2,0,41.949748993
2,"map(to: a)",32768,32,132,0,4,294,0,45.847892761
2,"map(to: a)",32768,32,132,0,4,758,0,50.652027130
2,"map(to: a)",32768,32,132,0,4,183,0,43.952465057
2,"map(to: a)",32768,32,132,0,4,4,0,41.997432709
2,"map(to: a)",32768,32,132,0,4,1218,0,54.395198822
2,"map(to: a)",32768,32,132,0,4,71,0,42.295455933
2,"map(to: a)",32768,32,132,0,4,1955,0,61.404705048
2,"map(to: a)",32768,32,132,0,4,11,0,42.092800140
2,"map(to: a)",32768,32,132,0,4,472,0,46.801567078
2,"map(to: a)",32768,32,132,0,4,3140,0,74.243545532
2,"map(to: a)",32768,32,132,1,0,2,0,40.757656097
2,"map(to: a)",32768,32,132,1,0,4,0,41.449069977
2,"map(to: a)",32768,32,132,1,0,472,0,46.694278717
2,"map(to: a)",32768,32,132,1,0,3140,0,74.696540833
2,"map(to: a)",32768,32,132,1,0,183,0,44.906139374
2,"map(to: a)",32768,32,132,1,0,28,0,41.842460632
2,"map(to: a)",32768,32,132,1,0,71,0,41.854381561
2,"map(to: a)",32768,32,132,1,0,1218,0,56.147575378
2,"map(to: a)",32768,32,132,1,0,294,0,45.442581177
2,"map(to: a)",32768,32,132,1,0,1,0,41.806697845
2,"map(to: a)",32768,32,132,1,0,7,0,40.996074677
2,"map(to: a)",32768,32,132,1,0,1955,0,62.692165375
2,"map(to: a)",32768,32,132,1,0,758,0,50.091743469
2,"map(to: a)",32768,32,132,1,0,114,0,40.757656097
2,"map(to: a)",32768,32,132,1,0,11,0,41.997432709
2,"map(to: a)",32768,32,132,1,0,3,0,42.355060577
2,"map(to: a)",32768,32,132,1,0,8096,0,124.549865723
2,"map(to: a)",32768,32,132,1,0,44,0,40.948390961
2,"map(to: a)",32768,32,132,1,0,17,0,42.152404785
2,"map(to: a)",32768,32,132,1,0,5042,0,94.306468964
2,"map(to: a)",32768,32,132,1,1,758,0,49.495697021
2,"map(to: a)",32768,32,132,1,1,3,0,41.747093201
2,"map(to: a)",32768,32,132,1,1,3140,0,75.840950012
2,"map(to: a)",32768,32,132,1,1,1955,0,62.048435211
2,"map(to: a)",32768,32,132,1,1,44,0,41.007995605
2,"map(to: a)",32768,32,132,1,1,17,0,42.295455933
2,"map(to: a)",32768,32,132,1,1,294,0,44.107437134
2,"map(to: a)",32768,32,132,1,1,28,0,41.651725769
2,"map(to: a)",32768,32,132,1,1,114,0,42.450428009
2,"map(to: a)",32768,32,132,1,1,2,0,40.948390961
2,"map(to: a)",32768,32,132,1,1,7,0,39.803981781
2,"map(to: a)",32768,32,132,1,1,183,0,43.404102325
2,"map(to: a)",32768,32,132,1,1,8096,0,126.445293427
2,"map(to: a)",32768,32,132,1,1,11,0,42.152404785
2,"map(to: a)",32768,32,132,1,1,1,0,41.854381561
2,"map(to: a)",32768,32,132,1,1,1218,0,54.001808167
2,"map(to: a)",32768,32,132,1,1,472,0,46.706199646
2,"map(to: a)",32768,32,132,1,1,71,0,40.805339813
2,"map(to: a)",32768,32,132,1,1,5042,0,94.544887543
2,"map(to: a)",32768,32,132,1,1,4,0,40.948390961
2,"map(to: a)",32768,32,132,1,2,2,0,41.747093201
2,"map(to: a)",32768,32,132,1,2,71,0,44.405460358
2,"map(to: a)",32768,32,132,1,2,17,0,41.806697845
2,"map(to: a)",32768,32,132,1,2,472,0,47.791004181
2,"map(to: a)",32768,32,132,1,2,5042,0,94.604492188
2,"map(to: a)",32768,32,132,1,2,28,0,41.151046753
2,"map(to: a)",32768,32,132,1,2,44,0,41.842460632
2,"map(to: a)",32768,32,132,1,2,1218,0,54.502487183
2,"map(to: a)",32768,32,132,1,2,4,0,41.651725769
2,"map(to: a)",32768,32,132,1,2,1955,0,62.954425812
2,"map(to: a)",32768,32,132,1,2,183,0,43.094158173
2,"map(to: a)",32768,32,132,1,2,7,0,41.246414185
2,"map(to: a)",32768,32,132,1,2,758,0,49.853324890
2,"map(to: a)",32768,32,132,1,2,1,0,40.006637573
2,"map(to: a)",32768,32,132,1,2,3140,0,74.100494385
2,"map(to: a)",32768,32,132,1,2,8096,0,126.242637634
2,"map(to: a)",32768,32,132,1,2,3,0,41.258335114
2,"map(to: a)",32768,32,132,1,2,114,0,42.748451233
2,"map(to: a)",32768,32,132,1,2,11,0,42.498111725
2,"map(to: a)",32768,32,132,1,2,294,0,43.654441833
2,"map(to: a)",32768,32,132,1,3,1,0,40.495395660
2,"map(to: a)",32768,32,132,1,3,17,0,42.855739594
2,"map(to: a)",32768,32,132,1,3,294,0,44.703483582
2,"map(to: a)",32768,32,132,1,3,5042,0,95.438957214
2,"map(to: a)",32768,32,132,1,3,114,0,43.046474457
2,"map(to: a)",32768,32,132,1,3,28,0,40.853023529
2,"map(to: a)",32768,32,132,1,3,1218,0,55.348873138
2,"map(to: a)",32768,32,132,1,3,2,0,42.045116425
2,"map(to: a)",32768,32,132,1,3,3,0,40.245056152
2,"map(to: a)",32768,32,132,1,3,4,0,41.651725769
2,"map(to: a)",32768,32,132,1,3,758,0,48.553943634
2,"map(to: a)",32768,32,132,1,3,11,0,42.593479156
2,"map(to: a)",32768,32,132,1,3,44,0,41.496753693
2,"map(to: a)",32768,32,132,1,3,472,0,47.099590302
2,"map(to: a)",32768,32,132,1,3,7,0,41.902065277
2,"map(to: a)",32768,32,132,1,3,1955,0,61.702728271
2,"map(to: a)",32768,32,132,1,3,71,0,42.402744293
2,"map(to: a)",32768,32,132,1,3,183,0,41.699409485
2,"map(to: a)",32768,32,132,1,3,8096,0,126.254558563
2,"map(to: a)",32768,32,132,1,3,3140,0,75.292587280
2,"map(to: a)",32768,32,132,1,4,472,0,47.147274017
2,"map(to: a)",32768,32,132,1,4,71,0,42.796134949
2,"map(to: a)",32768,32,132,1,4,1,0,41.353702545
2,"map(to: a)",32768,32,132,1,4,11,0,42.009353638
2,"map(to: a)",32768,32,132,1,4,4,0,43.201446533
2,"map(to: a)",32768,32,132,1,4,3140,0,74.601173401
2,"map(to: a)",32768,32,132,1,4,28,0,43.296813965
2,"map(to: a)",32768,32,132,1,4,1218,0,53.799152374
2,"map(to: a)",32768,32,132,1,4,2,0,40.900707245
2,"map(to: a)",32768,32,132,1,4,183,0,44.250488281
2,"map(to: a)",32768,32,132,1,4,5042,0,94.354152679
2,"map(to: a)",32768,32,132,1,4,114,0,42.104721069
2,"map(to: a)",32768,32,132,1,4,3,0,40.447711945
2,"map(to: a)",32768,32,132,1,4,44,0,41.747093201
2,"map(to: a)",32768,32,132,1,4,758,0,50.044059753
2,"map(to: a)",32768,32,132,1,4,8096,0,126.492977142
2,"map(to: a)",32768,32,132,1,4,1955,0,62.453746796
2,"map(to: a)",32768,32,132,1,4,294,0,45.454502106
2,"map(to: a)",32768,32,132,1,4,7,0,42.951107025
2,"map(to: a)",32768,32,132,1,4,17,0,42.748451233
2,"map(to: a)",65536,32,132,0,0,7,0,60.355663300
2,"map(to: a)",65536,32,132,0,0,114,0,58.746337891
2,"map(to: a)",65536,32,132,0,0,3,0,60.439109802
2,"map(to: a)",65536,32,132,0,0,17,0,60.248374939
2,"map(to: a)",65536,32,132,0,0,1,0,59.294700623
2,"map(to: a)",65536,32,132,0,0,44,0,60.904026031
2,"map(to: a)",65536,32,132,0,0,294,0,63.502788544
2,"map(to: a)",65536,32,132,0,0,3140,0,92.101097107
2,"map(to: a)",65536,32,132,0,0,4,0,60.546398163
2,"map(to: a)",65536,32,132,0,0,1955,0,80.347061157
2,"map(to: a)",65536,32,132,0,0,183,0,62.251091003
2,"map(to: a)",65536,32,132,0,0,8096,0,143.957138062
2,"map(to: a)",65536,32,132,0,0,758,0,68.747997284
2,"map(to: a)",65536,32,132,0,0,71,0,61.750411987
2,"map(to: a)",65536,32,132,0,0,2,0,60.391426086
2,"map(to: a)",65536,32,132,0,0,11,0,59.890747070
2,"map(to: a)",65536,32,132,0,0,28,0,60.355663300
2,"map(to: a)",65536,32,132,0,0,5042,0,111.901760101
2,"map(to: a)",65536,32,132,0,0,1218,0,73.599815369
2,"map(to: a)",65536,32,132,0,0,472,0,65.600872040
2,"map(to: a)",65536,32,132,0,1,4,0,60.403347015
2,"map(to: a)",65536,32,132,0,1,1,0,60.641765594
2,"map(to: a)",65536,32,132,0,1,17,0,59.854984283
2,"map(to: a)",65536,32,132,0,1,28,0,61.798095703
2,"map(to: a)",65536,32,132,0,1,11,0,59.306621552
2,"map(to: a)",65536,32,132,0,1,3140,0,93.698501587
2,"map(to: a)",65536,32,132,0,1,2,0,60.498714447
2,"map(to: a)",65536,32,132,0,1,758,0,68.449974060
2,"map(to: a)",65536,32,132,0,1,1218,0,73.802471161
2,"map(to: a)",65536,32,132,0,1,44,0,61.702728271
2,"map(to: a)",65536,32,132,0,1,71,0,61.392784119
2,"map(to: a)",65536,32,132,0,1,114,0,61.810016632
2,"map(to: a)",65536,32,132,0,1,294,0,63.753128052
2,"map(to: a)",65536,32,132,0,1,7,0,60.200691223
2,"map(to: a)",65536,32,132,0,1,183,0,63.049793243
2,"map(to: a)",65536,32,132,0,1,8096,0,144.553184509
2,"map(to: a)",65536,32,132,0,1,472,0,66.399574280
2,"map(to: a)",65536,32,132,0,1,1955,0,80.144405365
2,"map(to: a)",65536,32,132,0,1,3,0,60.296058655
2,"map(to: a)",65536,32,132,0,1,5042,0,109.553337097
2,"map(to: a)",65536,32,132,0,2,3,0,60.498714447
2,"map(to: a)",65536,32,132,0,2,44,0,61.547756195
2,"map(to: a)",65536,32,132,0,2,1,0,60.200691223
2,"map(to: a)",65536,32,132,0,2,183,0,62.346458435
2,"map(to: a)",65536,32,132,0,2,294,0,63.192844391
2,"map(to: a)",65536,32,132,0,2,5042,0,111.901760101
2,"map(to: a)",65536,32,132,0,2,7,0,60.498714447
2,"map(to: a)",65536,32,132,0,2,8096,0,144.195556641
2,"map(to: a)",65536,32,132,0,2,2,0,59.950351715
2,"map(to: a)",65536,32,132,0,2,114,0,62.406063080
2,"map(to: a)",65536,32,132,0,2,71,0,61.798095703
2,"map(to: a)",65536,32,132,0,2,1955,0,81.801414490
2,"map(to: a)",65536,32,132,0,2,17,0,60.653686523
2,"map(to: a)",65536,32,132,0,2,472,0,63.848495483
2,"map(to: a)",65536,32,132,0,2,11,0,60.808658600
2,"map(to: a)",65536,32,132,0,2,1218,0,74.756145477
2,"map(to: a)",65536,32,132,0,2,4,0,60.641765594
2,"map(to: a)",65536,32,132,0,2,3140,0,91.946125031
2,"map(to: a)",65536,32,132,0,2,758,0,69.451332092
2,"map(to: a)",65536,32,132,0,2,28,0,62.656402588
2,"map(to: a)",65536,32,132,0,3,11,0,61.547756195
2,"map(to: a)",65536,32,132,0,3,4,0,61.154365540
2,"map(to: a)",65536,32,132,0,3,5042,0,113.606452942
2,"map(to: a)",65536,32,132,0,3,183,0,62.799453735
2,"map(to: a)",65536,32,132,0,3,17,0,61.643123627
2,"map(to: a)",65536,32,132,0,3,3,0,61.595439911
2,"map(to: a)",65536,32,132,0,3,28,0,60.343742371
2,"map(to: a)",65536,32,132,0,3,1218,0,74.601173401
2,"map(to: a)",65536,32,132,0,3,114,0,62.549114227
2,"map(to: a)",65536,32,132,0,3,758,0,66.649913788
2,"map(to: a)",65536,32,132,0,3,1955,0,81.300735474
2,"map(to: a)",65536,32,132,0,3,472,0,63.800811768
2,"map(to: a)",65536,32,132,0,3,7,0,62.251091003
2,"map(to: a)",65536,32,132,0,3,44,0,61.154365540
2,"map(to: a)",65536,32,132,0,3,3140,0,94.199180603
2,"map(to: a)",65536,32,132,0,3,8096,0,144.207477570
2,"map(to: a)",65536,32,132,0,3,71,0,59.902667999
2,"map(to: a)",65536,32,132,0,3,1,0,61.595439911
2,"map(to: a)",65536,32,132,0,3,2,0,59.401988983
2,"map(to: a)",65536,32,132,0,3,294,0,61.655044556
2,"map(to: a)",65536,32,132,0,4,3,0,61.655044556
2,"map(to: a)",65536,32,132,0,4,8096,0,145.804882050
2,"map(to: a)",65536,32,132,0,4,1,0,61.905384064
2,"map(to: a)",65536,32,132,0,4,28,0,60.153007507
2,"map(to: a)",65536,32,132,0,4,17,0,58.853626251
2,"map(to: a)",65536,32,132,0,4,5042,0,112.450122833
2,"map(to: a)",65536,32,132,0,4,7,0,62.048435211
2,"map(to: a)",65536,32,132,0,4,114,0,60.796737671
2,"map(to: a)",65536,32,132,0,4,44,0,59.604644775
2,"map(to: a)",65536,32,132,0,4,2,0,61.345100403
2,"map(to: a)",65536,32,132,0,4,294,0,65.290927887
2,"map(to: a)",65536,32,132,0,4,758,0,68.759918213
2,"map(to: a)",65536,32,132,0,4,183,0,63.157081604
2,"map(to: a)",65536,32,132,0,4,4,0,61.404705048
2,"map(to: a)",65536,32,132,0,4,1218,0,73.349475861
2,"map(to: a)",65536,32,132,0,4,71,0,61.845779419
2,"map(to: a)",65536,32,132,0,4,1955,0,81.300735474
2,"map(to: a)",65536,32,132,0,4,11,0,61.154365540
2,"map(to: a)",65536,32,132,0,4,472,0,66.089630127
2,"map(to: a)",65536,32,132,0,4,3140,0,93.245506287
2,"map(to: a)",65536,32,132,1,0,2,0,58.746337891
2,"map(to: a)",65536,32,132,1,0,4,0,60.343742371
2,"map(to: a)",65536,32,132,1,0,472,0,65.040588379
2,"map(to: a)",65536,32,132,1,0,3140,0,92.494487762
2,"map(to: a)",65536,32,132,1,0,183,0,60.892105103
2,"map(to: a)",65536,32,132,1,0,28,0,60.796737671
2,"map(to: a)",65536,32,132,1,0,71,0,61.655044556
2,"map(to: a)",65536,32,132,1,0,1218,0,73.301792145
2,"map(to: a)",65536,32,132,1,0,294,0,64.754486084
2,"map(to: a)",65536,32,132,1,0,1,0,59.759616852
2,"map(to: a)",65536,32,132,1,0,7,0,56.600570679
2,"map(to: a)",65536,32,132,1,0,1955,0,81.408023834
2,"map(to: a)",65536,32,132,1,0,758,0,69.904327393
2,"map(to: a)",65536,32,132,1,0,114,0,63.049793243
2,"map(to: a)",65536,32,132,1,0,11,0,59.390068054
2,"map(to: a)",65536,32,132,1,0,3,0,59.795379639
2,"map(to: a)",65536,32,132,1,0,8096,0,144.958496094
2,"map(to: a)",65536,32,132,1,0,44,0,61.345100403
2,"map(to: a)",65536,32,132,1,0,17,0,59.401988983
2,"map(to: a)",65536,32,132,1,0,5042,0,112.855434418
2,"map(to: a)",65536,32,132,1,1,758,0,68.855285645
2,"map(to: a)",65536,32,132,1,1,3,0,61.154365540
2,"map(to: a)",65536,32,132,1,1,3140,0,92.256069183
2,"map(to: a)",65536,32,132,1,1,1955,0,80.060958862
2,"map(to: a)",65536,32,132,1,1,44,0,60.951709747
2,"map(to: a)",65536,32,132,1,1,17,0,59.294700623
2,"map(to: a)",65536,32,132,1,1,294,0,61.845779419
2,"map(to: a)",65536,32,132,1,1,28,0,60.796737671
2,"map(to: a)",65536,32,132,1,1,114,0,62.704086304
2,"map(to: a)",65536,32,132,1,1,2,0,60.749053955
2,"map(to: a)",65536,32,132,1,1,7,0,59.700012207
2,"map(to: a)",65536,32,132,1,1,183,0,61.643123627
2,"map(to: a)",65536,32,132,1,1,8096,0,143.301486969
2,"map(to: a)",65536,32,132,1,1,11,0,60.307979584
2,"map(to: a)",65536,32,132,1,1,1,0,60.248374939
2,"map(to: a)",65536,32,132,1,1,1218,0,74.255466461
2,"map(to: a)",65536,32,132,1,1,472,0,65.505504608
2,"map(to: a)",65536,32,132,1,1,71,0,61.297416687
2,"map(to: a)",65536,32,132,1,1,5042,0,113.809108734
2,"map(to: a)",65536,32,132,1,1,4,0,61.154365540
2,"map(to: a)",65536,32,132,1,2,2,0,57.446956635
2,"map(to: a)",65536,32,132,1,2,71,0,61.500072479
2,"map(to: a)",65536,32,132,1,2,17,0,61.798095703
2,"map(to: a)",65536,32,132,1,2,472,0,66.196918488
2,"map(to: a)",65536,32,132,1,2,5042,0,111.198425293
2,"map(to: a)",65536,32,132,1,2,28,0,61.500072479
2,"map(to: a)",65536,32,132,1,2,44,0,61.094760895
2,"map(to: a)",65536,32,132,1,2,1218,0,72.395801544
2,"map(to: a)",65536,32,132,1,2,4,0,59.854984283
2,"map(to: a)",65536,32,132,1,2,1955,0,81.098079681
2,"map(to: a)",65536,32,132,1,2,183,0,61.702728271
2,"map(to: a)",65536,32,132,1,2,7,0,58.996677399
2,"map(to: a)",65536,32,132,1,2,758,0,69.391727448
2,"map(to: a)",65536,32,132,1,2,1,0,58.448314667
2,"map(to: a)",65536,32,132,1,2,3140,0,93.948841095
2,"map(to: a)",65536,32,132,1,2,8096,0,144.553184509
2,"map(to: a)",65536,32,132,1,2,3,0,61.345100403
2,"map(to: a)",65536,32,132,1,2,114,0,61.154365540
2,"map(to: a)",65536,32,132,1,2,11,0,60.606002808
2,"map(to: a)",65536,32,132,1,2,294,0,62.847137451
2,"map(to: a)",65536,32,132,1,3,1,0,57.852268219
2,"map(to: a)",65536,32,132,1,3,17,0,60.999393463
2,"map(to: a)",65536,32,132,1,3,294,0,65.052509308
2,"map(to: a)",65536,32,132,1,3,5042,0,114.941596985
2,"map(to: a)",65536,32,132,1,3,114,0,62.608718872
2,"map(to: a)",65536,32,132,1,3,28,0,61.953067780
2,"map(to: a)",65536,32,132,1,3,1218,0,73.242187500
2,"map(to: a)",65536,32,132,1,3,2,0,62.251091003
2,"map(to: a)",65536,32,132,1,3,3,0,61.106681824
2,"map(to: a)",65536,32,132,1,3,4,0,61.702728271
2,"map(to: a)",65536,32,132,1,3,758,0,67.102909088
2,"map(to: a)",65536,32,132,1,3,11,0,58.794021606
2,"map(to: a)",65536,32,132,1,3,44,0,61.643123627
2,"map(to: a)",65536,32,132,1,3,472,0,65.398216248
2,"map(to: a)",65536,32,132,1,3,7,0,58.352947235
2,"map(to: a)",65536,32,132,1,3,1955,0,79.298019409
2,"map(to: a)",65536,32,132,1,3,71,0,62.704086304
2,"map(to: a)",65536,32,132,1,3,183,0,63.300132751
2,"map(to: a)",65536,32,132,1,3,8096,0,145.196914673
2,"map(to: a)",65536,32,132,1,3,3140,0,93.793869019
2,"map(to: a)",65536,32,132,1,4,472,0,65.803527832
2,"map(to: a)",65536,32,132,1,4,71,0,61.655044556
2,"map(to: a)",65536,32,132,1,4,1,0,61.559677124
2,"map(to: a)",65536,32,132,1,4,11,0,61.595439911
2,"map(to: a)",65536,32,132,1,4,4,0,62.346458435
2,"map(to: a)",65536,32,132,1,4,3140,0,93.841552734
2,"map(to: a)",65536,32,132,1,4,28,0,61.893463135
2,"map(to: a)",65536,32,132,1,4,1218,0,75.495243073
2,"map(to: a)",65536,32,132,1,4,2,0,60.760974884
2,"map(to: a)",65536,32,132,1,4,183,0,63.300132751
2,"map(to: a)",65536,32,132,1,4,5042,0,111.258029938
2,"map(to: a)",65536,32,132,1,4,114,0,61.297416687
2,"map(to: a)",65536,32,132,1,4,3,0,60.701370239
2,"map(to: a)",65536,32,132,1,4,44,0,60.498714447
2,"map(to: a)",65536,32,132,1,4,758,0,69.153308868
2,"map(to: a)",65536,32,132,1,4,8096,0,144.851207733
2,"map(to: a)",65536,32,132,1,4,1955,0,80.251693726
2,"map(to: a)",65536,32,132,1,4,294,0,65.553188324
2,"map(to: a)",65536,32,132,1,4,7,0,61.249732971
2,"map(to: a)",65536,32,132,1,4,17,0,61.392784119
3,"map(from: a)",1,32,132,0,0,7,0,30.493736267
3,"map(from: a)",1,32,132,0,0,114,0,32.603740692
3,"map(from: a)",1,32,132,0,0,3,0,30.457973480
3,"map(from: a)",1,32,132,0,0,17,0,30.350685120
3,"map(from: a)",1,32,132,0,0,1,0,30.946731567
3,"map(from: a)",1,32,132,0,0,44,0,32.258033752
3,"map(from: a)",1,32,132,0,0,294,0,36.144256592
3,"map(from: a)",1,32,132,0,0,3140,0,62.751770020
3,"map(from: a)",1,32,132,0,0,4,0,29.504299164
3,"map(from: a)",1,32,132,0,0,1955,0,50.652027130
3,"map(from: a)",1,32,132,0,0,183,0,32.746791840
3,"map(from: a)",1,32,132,0,0,8096,0,115.990638733
3,"map(from: a)",1,32,132,0,0,758,0,37.753582001
3,"map(from: a)",1,32,132,0,0,71,0,31.495094299
3,"map(from: a)",1,32,132,0,0,2,0,30.851364136
3,"map(from: a)",1,32,132,0,0,11,0,30.803680420
3,"map(from: a)",1,32,132,0,0,28,0,30.899047852
3,"map(from: a)",1,32,132,0,0,5042,0,83.160400391
3,"map(from: a)",1,32,132,0,0,1218,0,41.449069977
3,"map(from: a)",1,32,132,0,0,472,0,34.654140472
3,"map(from: a)",1,32,132,0,1,4,0,30.493736267
3,"map(from: a)",1,32,132,0,1,1,0,30.100345612
3,"map(from: a)",1,32,132,0,1,17,0,30.243396759
3,"map(from: a)",1,32,132,0,1,28,0,31.256675720
3,"map(from: a)",1,32,132,0,1,11,0,29.098987579
3,"map(from: a)",1,32,132,0,1,3140,0,63.502788544
3,"map(from: a)",1,32,132,0,1,2,0,30.100345612
3,"map(from: a)",1,32,132,0,1,758,0,39.148330688
3,"map(from: a)",1,32,132,0,1,1218,0,43.547153473
3,"map(from: a)",1,32,132,0,1,44,0,31.805038452
3,"map(from: a)",1,32,132,0,1,71,0,32.198429108
3,"map(from: a)",1,32,132,0,1,114,0,32.901763916
3,"map(from: a)",1,32,132,0,1,294,0,34.844875336
3,"map(from: a)",1,32,132,0,1,7,0,31.101703644
3,"map(from: a)",1,32,132,0,1,183,0,33.557415009
3,"map(from: a)",1,32,132,0,1,8096,0,114.548206329
3,"map(from: a)",1,32,132,0,1,472,0,31.459331512
3,"map(from: a)",1,32,132,0,1,1955,0,48.947334290
3,"map(from: a)",1,32,132,0,1,3,0,31.995773315
3,"map(from: a)",1,32,132,0,1,5042,0,83.458423615
3,"map(from: a)",1,32,132,0,2,3,0,30.100345612
3,"map(from: a)",1,32,132,0,2,44,0,33.152103424
3,"map(from: a)",1,32,132,0,2,1,0,31.208992004
3,"map(from: a)",1,32,132,0,2,183,0,32.651424408
3,"map(from: a)",1,32,132,0,2,294,0,34.308433533
3,"map(from: a)",1,32,132,0,2,5042,0,83.243846893
3,"map(from: a)",1,32,132,0,2,7,0,30.505657196
3,"map(from: a)",1,32,132,0,2,8096,0,116.300582886
3,"map(from: a)",1,32,132,0,2,2,0,30.493736267
3,"map(from: a)",1,32,132,0,2,114,0,30.004978180
3,"map(from: a)",1,32,132,0,2,71,0,30.744075775
3,"map(from: a)",1,32,132,0,2,1955,0,49.948692322
3,"map(from: a)",1,32,132,0,2,17,0,33.354759216
3,"map(from: a)",1,32,132,0,2,472,0,32.651424408
3,"map(from: a)",1,32,132,0,2,11,0,30.660629272
3,"map(from: a)",1,32,132,0,2,1218,0,42.104721069
3,"map(from: a)",1,32,132,0,2,4,0,30.195713043
3,"map(from: a)",1,32,132,0,2,3140,0,62.644481659
3,"map(from: a)",1,32,132,0,2,758,0,39.696693420
3,"map(from: a)",1,32,132,0,2,28,0,27.298927307
3,"map(from: a)",1,32,132,0,3,11,0,30.040740967
3,"map(from: a)",1,32,132,0,3,4,0,30.899047852
3,"map(from: a)",1,32,132,0,3,5042,0,83.148479462
3,"map(from: a)",1,32,132,0,3,183,0,33.700466156
3,"map(from: a)",1,32,132,0,3,17,0,31.852722168
3,"map(from: a)",1,32,132,0,3,3,0,29.206275940
3,"map(from: a)",1,32,132,0,3,28,0,32.055377960
3,"map(from: a)",1,32,132,0,3,1218,0,41.902065277
3,"map(from: a)",1,32,132,0,3,114,0,29.301643372
3,"map(from: a)",1,32,132,0,3,758,0,39.398670197
3,"map(from: a)",1,32,132,0,3,1955,0,49.698352814
3,"map(from: a)",1,32,132,0,3,472,0,34.952163696
3,"map(from: a)",1,32,132,0,3,7,0,30.004978180
3,"map(from: a)",1,32,132,0,3,44,0,29.301643372
3,"map(from: a)",1,32,132,0,3,3140,0,62.751770020
3,"map(from: a)",1,32,132,0,3,8096,0,114.607810974
3,"map(from: a)",1,32,132,0,3,71,0,32.794475555
3,"map(from: a)",1,32,132,0,3,1,0,29.945373535
3,"map(from: a)",1,32,132,0,3,2,0,29.504299164
3,"map(from: a)",1,32,132,0,3,294,0,33.950805664
3,"map(from: a)",1,32,132,0,4,3,0,30.100345612
3,"map(from: a)",1,32,132,0,4,8096,0,114.154815674
3,"map(from: a)",1,32,132,0,4,1,0,28.049945831
3,"map(from: a)",1,32,132,0,4,28,0,30.910968781
3,"map(from: a)",1,32,132,0,4,17,0,32.293796539
3,"map(from: a)",1,32,132,0,4,5042,0,83.291530609
3,"map(from: a)",1,32,132,0,4,7,0,31.292438507
3,"map(from: a)",1,32,132,0,4,114,0,33.092498779
3,"map(from: a)",1,32,132,0,4,44,0,32.258033752
3,"map(from: a)",1,32,132,0,4,2,0,30.303001404
3,"map(from: a)",1,32,132,0,4,294,0,34.654140472
3,"map(from: a)",1,32,132,0,4,758,0,37.050247192
3,"map(from: a)",1,32,132,0,4,183,0,33.044815063
3,"map(from: a)",1,32,132,0,4,4,0,29.599666595
3,"map(from: a)",1,32,132,0,4,1218,0,42.104721069
3,"map(from: a)",1,32,132,0,4,71,0,31.006336212
3,"map(from: a)",1,32,132,0,4,1955,0,50.389766693
3,"map(from: a)",1,32,132,0,4,11,0,30.446052551
3,"map(from: a)",1,32,132,0,4,472,0,32.544136047
3,"map(from: a)",1,32,132,0,4,3140,0,64.456462860
3,"map(from: a)",1,32,132,1,0,2,0,29.456615448
3,"map(from: a)",1,32,132,1,0,4,0,31.447410583
3,"map(from: a)",1,32,132,1,0,472,0,33.748149872
3,"map(from: a)",1,32,132,1,0,3140,0,63.002109528
3,"map(from: a)",1,32,132,1,0,183,0,32.901763916
3,"map(from: a)",1,32,132,1,0,28,0,30.696392059
3,"map(from: a)",1,32,132,1,0,71,0,32.448768616
3,"map(from: a)",1,32,132,1,0,1218,0,42.307376862
3,"map(from: a)",1,32,132,1,0,294,0,34.105777740
3,"map(from: a)",1,32,132,1,0,1,0,29.206275940
3,"map(from: a)",1,32,132,1,0,7,0,30.553340912
3,"map(from: a)",1,32,132,1,0,1955,0,49.948692322
3,"map(from: a)",1,32,132,1,0,758,0,38.051605225
3,"map(from: a)",1,32,132,1,0,114,0,34.499168396
3,"map(from: a)",1,32,132,1,0,11,0,32.091140747
3,"map(from: a)",1,32,132,1,0,3,0,28.550624847
3,"map(from: a)",1,32,132,1,0,8096,0,113.844871521
3,"map(from: a)",1,32,132,1,0,44,0,32.699108124
3,"map(from: a)",1,32,132,1,0,17,0,30.803680420
3,"map(from: a)",1,32,132,1,0,5042,0,82.290172577
3,"map(from: a)",1,32,132,1,1,758,0,38.743019104
3,"map(from: a)",1,32,132,1,1,3,0,28.896331787
3,"map(from: a)",1,32,132,1,1,3140,0,59.700012207
3,"map(from: a)",1,32,132,1,1,1955,0,50.806999207
3,"map(from: a)",1,32,132,1,1,44,0,33.605098724
3,"map(from: a)",1,32,132,1,1,17,0,26.857852936
3,"map(from: a)",1,32,132,1,1,294,0,33.700466156
3,"map(from: a)",1,32,132,1,1,28,0,31.757354736
3,"map(from: a)",1,32,132,1,1,114,0,33.104419708
3,"map(from: a)",1,32,132,1,1,2,0,28.896331787
3,"map(from: a)",1,32,132,1,1,7,0,31.292438507
3,"map(from: a)",1,32,132,1,1,183,0,31.852722168
3,"map(from: a)",1,32,132,1,1,8096,0,115.656852722
3,"map(from: a)",1,32,132,1,1,11,0,30.755996704
3,"map(from: a)",1,32,132,1,1,1,0,30.851364136
3,"map(from: a)",1,32,132,1,1,1218,0,42.951107025
3,"map(from: a)",1,32,132,1,1,472,0,34.248828888
3,"map(from: a)",1,32,132,1,1,71,0,33.307075500
3,"map(from: a)",1,32,132,1,1,5042,0,82.945823669
3,"map(from: a)",1,32,132,1,1,4,0,30.899047852
3,"map(from: a)",1,32,132,1,2,2,0,29.551982880
3,"map(from: a)",1,32,132,1,2,71,0,33.009052277
3,"map(from: a)",1,32,132,1,2,17,0,30.398368835
3,"map(from: a)",1,32,132,1,2,472,0,31.900405884
3,"map(from: a)",1,32,132,1,2,5042,0,82.945823669
3,"map(from: a)",1,32,132,1,2,28,0,30.398368835
3,"map(from: a)",1,32,132,1,2,44,0,29.444694519
3,"map(from: a)",1,32,132,1,2,1218,0,42.200088501
3,"map(from: a)",1,32,132,1,2,4,0,32.353401184
3,"map(from: a)",1,32,132,1,2,1955,0,51.701068878
3,"map(from: a)",1,32,132,1,2,183,0,33.891201019
3,"map(from: a)",1,32,132,1,2,7,0,31.149387360
3,"map(from: a)",1,32,132,1,2,758,0,38.003921509
3,"map(from: a)",1,32,132,1,2,1,0,30.946731567
3,"map(from: a)",1,32,132,1,2,3140,0,62.656402588
3,"map(from: a)",1,32,132,1,2,8096,0,115.299224854
3,"map(from: a)",1,32,132,1,2,3,0,30.589103699
3,"map(from: a)",1,32,132,1,2,114,0,33.044815063
3,"map(from: a)",1,32,132,1,2,11,0,31.697750092
3,"map(from: a)",1,32,132,1,2,294,0,34.248828888
3,"map(from: a)",1,32,132,1,3,1,0,30.755996704
3,"map(from: a)",1,32,132,1,3,17,0,30.446052551
3,"map(from: a)",1,32,132,1,3,294,0,34.391880035
3,"map(from: a)",1,32,132,1,3,5042,0,81.408023834
3,"map(from: a)",1,32,132,1,3,114,0,31.900405884
3,"map(from: a)",1,32,132,1,3,28,0,30.052661896
3,"map(from: a)",1,32,132,1,3,1218,0,41.604042053
3,"map(from: a)",1,32,132,1,3,2,0,30.004978180
3,"map(from: a)",1,32,132,1,3,3,0,29.659271240
3,"map(from: a)",1,32,132,1,3,4,0,30.052661896
3,"map(from: a)",1,32,132,1,3,758,0,36.990642548
3,"map(from: a)",1,32,132,1,3,11,0,31.602382660
3,"map(from: a)",1,32,132,1,3,44,0,32.150745392
3,"map(from: a)",1,32,132,1,3,472,0,31.447410583
3,"map(from: a)",1,32,132,1,3,7,0,29.301643372
3,"map(from: a)",1,32,132,1,3,1955,0,49.853324890
3,"map(from: a)",1,32,132,1,3,71,0,32.401084900
3,"map(from: a)",1,32,132,1,3,183,0,31.697750092
3,"map(from: a)",1,32,132,1,3,8096,0,115.001201630
3,"map(from: a)",1,32,132,1,3,3140,0,63.157081604
3,"map(from: a)",1,32,132,1,4,472,0,34.153461456
3,"map(from: a)",1,32,132,1,4,71,0,32.401084900
3,"map(from: a)",1,32,132,1,4,1,0,30.148029327
3,"map(from: a)",1,32,132,1,4,11,0,31.745433807
3,"map(from: a)",1,32,132,1,4,4,0,30.398368835
3,"map(from: a)",1,32,132,1,4,3140,0,61.500072479
3,"map(from: a)",1,32,132,1,4,28,0,32.496452332
3,"map(from: a)",1,32,132,1,4,1218,0,41.401386261
3,"map(from: a)",1,32,132,1,4,2,0,29.957294464
3,"map(from: a)",1,32,132,1,4,183,0,33.545494080
3,"map(from: a)",1,32,132,1,4,5042,0,84.400177002
3,"map(from: a)",1,32,132,1,4,114,0,33.700466156
3,"map(from: a)",1,32,132,1,4,3,0,31.352043152
3,"map(from: a)",1,32,132,1,4,44,0,31.399726868
3,"map(from: a)",1,32,132,1,4,758,0,38.051605225
3,"map(from: a)",1,32,132,1,4,8096,0,116.395950317
3,"map(from: a)",1,32,132,1,4,1955,0,50.795078278
3,"map(from: a)",1,32,132,1,4,294,0,34.046173096
3,"map(from: a)",1,32,132,1,4,7,0,30.601024628
3,"map(from: a)",1,32,132,1,4,17,0,32.949447632
3,"map(from: a)",4,32,132,0,0,7,0,30.946731567
3,"map(from: a)",4,32,132,0,0,114,0,34.594535828
3,"map(from: a)",4,32,132,0,0,3,0,30.946731567
3,"map(from: a)",4,32,132,0,0,17,0,29.659271240
3,"map(from: a)",4,32,132,0,0,1,0,31.101703644
3,"map(from: a)",4,32,132,0,0,44,0,31.948089600
3,"map(from: a)",4,32,132,0,0,294,0,34.904479980
3,"map(from: a)",4,32,132,0,0,3140,0,61.297416687
3,"map(from: a)",4,32,132,0,0,4,0,29.850006104
3,"map(from: a)",4,32,132,0,0,1955,0,50.747394562
3,"map(from: a)",4,32,132,0,0,183,0,33.140182495
3,"map(from: a)",4,32,132,0,0,8096,0,114.440917969
3,"map(from: a)",4,32,132,0,0,758,0,38.099288940
3,"map(from: a)",4,32,132,0,0,71,0,32.246112823
3,"map(from: a)",4,32,132,0,0,2,0,30.207633972
3,"map(from: a)",4,32,132,0,0,11,0,30.350685120
3,"map(from: a)",4,32,132,0,0,28,0,32.496452332
3,"map(from: a)",4,32,132,0,0,5042,0,83.601474762
3,"map(from: a)",4,32,132,0,0,1218,0,42.152404785
3,"map(from: a)",4,32,132,0,0,472,0,32.603740692
3,"map(from: a)",4,32,132,0,1,4,0,31.256675720
3,"map(from: a)",4,32,132,0,1,1,0,29.349327087
3,"map(from: a)",4,32,132,0,1,17,0,32.305717468
3,"map(from: a)",4,32,132,0,1,28,0,31.101703644
3,"map(from: a)",4,32,132,0,1,11,0,30.052661896
3,"map(from: a)",4,32,132,0,1,3140,0,61.798095703
3,"map(from: a)",4,32,132,0,1,2,0,29.098987579
3,"map(from: a)",4,32,132,0,1,758,0,36.001205444
3,"map(from: a)",4,32,132,0,1,1218,0,41.651725769
3,"map(from: a)",4,32,132,0,1,44,0,32.651424408
3,"map(from: a)",4,32,132,0,1,71,0,32.305717468
3,"map(from: a)",4,32,132,0,1,114,0,30.851364136
3,"map(from: a)",4,32,132,0,1,294,0,33.950805664
3,"map(from: a)",4,32,132,0,1,7,0,31.900405884
3,"map(from: a)",4,32,132,0,1,183,0,29.504299164
3,"map(from: a)",4,32,132,0,1,8096,0,114.846229553
3,"map(from: a)",4,32,132,0,1,472,0,35.250186920
3,"map(from: a)",4,32,132,0,1,1955,0,50.497055054
3,"map(from: a)",4,32,132,0,1,3,0,30.410289764
3,"map(from: a)",4,32,132,0,1,5042,0,83.649158478
3,"map(from: a)",4,32,132,0,2,3,0,30.100345612
3,"map(from: a)",4,32,132,0,2,44,0,32.305717468
3,"map(from: a)",4,32,132,0,2,1,0,28.705596924
3,"map(from: a)",4,32,132,0,2,183,0,34.701824188
3,"map(from: a)",4,32,132,0,2,294,0,34.105777740
3,"map(from: a)",4,32,132,0,2,5042,0,82.945823669
3,"map(from: a)",4,32,132,0,2,7,0,29.802322388
3,"map(from: a)",4,32,132,0,2,8096,0,114.393234253
3,"map(from: a)",4,32,132,0,2,2,0,30.303001404
3,"map(from: a)",4,32,132,0,2,114,0,33.247470856
3,"map(from: a)",4,32,132,0,2,71,0,33.307075500
3,"map(from: a)",4,32,132,0,2,1955,0,49.602985382
3,"map(from: a)",4,32,132,0,2,17,0,30.958652496
3,"map(from: a)",4,32,132,0,2,472,0,33.903121948
3,"map(from: a)",4,32,132,0,2,11,0,30.052661896
3,"map(from: a)",4,32,132,0,2,1218,0,42.605400085
3,"map(from: a)",4,32,132,0,2,4,0,30.648708344
3,"map(from: a)",4,32,132,0,2,3140,0,63.908100128
3,"map(from: a)",4,32,132,0,2,758,0,38.349628448
3,"map(from: a)",4,32,132,0,2,28,0,31.805038452
3,"map(from: a)",4,32,132,0,3,11,0,30.207633972
3,"map(from: a)",4,32,132,0,3,4,0,30.553340912
3,"map(from: a)",4,32,132,0,3,5042,0,82.397460938
3,"map(from: a)",4,32,132,0,3,183,0,31.995773315
3,"map(from: a)",4,32,132,0,3,17,0,33.903121948
3,"map(from: a)",4,32,132,0,3,3,0,27.799606323
3,"map(from: a)",4,32,132,0,3,28,0,31.805038452
3,"map(from: a)",4,32,132,0,3,1218,0,42.700767517
3,"map(from: a)",4,32,132,0,3,114,0,31.542778015
3,"map(from: a)",4,32,132,0,3,758,0,38.695335388
3,"map(from: a)",4,32,132,0,3,1955,0,50.306320190
3,"map(from: a)",4,32,132,0,3,472,0,32.651424408
3,"map(from: a)",4,32,132,0,3,7,0,30.052661896
3,"map(from: a)",4,32,132,0,3,44,0,30.148029327
3,"map(from: a)",4,32,132,0,3,3140,0,63.252449036
3,"map(from: a)",4,32,132,0,3,8096,0,112.605094910
3,"map(from: a)",4,32,132,0,3,71,0,32.639503479
3,"map(from: a)",4,32,132,0,3,1,0,30.148029327
3,"map(from: a)",4,32,132,0,3,2,0,29.850006104
3,"map(from: a)",4,32,132,0,3,294,0,32.997131348
3,"map(from: a)",4,32,132,0,4,3,0,29.098987579
3,"map(from: a)",4,32,132,0,4,8096,0,113.701820374
3,"map(from: a)",4,32,132,0,4,1,0,30.148029327
3,"map(from: a)",4,32,132,0,4,28,0,32.103061676
3,"map(from: a)",4,32,132,0,4,17,0,29.599666595
3,"map(from: a)",4,32,132,0,4,5042,0,82.004070282
3,"map(from: a)",4,32,132,0,4,7,0,29.504299164
3,"map(from: a)",4,32,132,0,4,114,0,32.198429108
3,"map(from: a)",4,32,132,0,4,44,0,30.958652496
3,"map(from: a)",4,32,132,0,4,2,0,29.957294464
3,"map(from: a)",4,32,132,0,4,294,0,33.199787140
3,"map(from: a)",4,32,132,0,4,758,0,39.649009705
3,"map(from: a)",4,32,132,0,4,183,0,33.092498779
3,"map(from: a)",4,32,132,0,4,4,0,31.089782715
3,"map(from: a)",4,32,132,0,4,1218,0,40.698051453
3,"map(from: a)",4,32,132,0,4,71,0,29.897689819
3,"map(from: a)",4,32,132,0,4,1955,0,49.853324890
3,"map(from: a)",4,32,132,0,4,11,0,32.401084900
3,"map(from: a)",4,32,132,0,4,472,0,34.296512604
3,"map(from: a)",4,32,132,0,4,3140,0,64.241886139
3,"map(from: a)",4,32,132,1,0,2,0,30.446052551
3,"map(from: a)",4,32,132,1,0,4,0,31.006336212
3,"map(from: a)",4,32,132,1,0,472,0,33.950805664
3,"map(from: a)",4,32,132,1,0,3140,0,63.502788544
3,"map(from: a)",4,32,132,1,0,183,0,32.806396484
3,"map(from: a)",4,32,132,1,0,28,0,32.699108124
3,"map(from: a)",4,32,132,1,0,71,0,31.149387360
3,"map(from: a)",4,32,132,1,0,1218,0,41.651725769
3,"map(from: a)",4,32,132,1,0,294,0,33.557415009
3,"map(from: a)",4,32,132,1,0,1,0,28.097629547
3,"map(from: a)",4,32,132,1,0,7,0,30.803680420
3,"map(from: a)",4,32,132,1,0,1955,0,49.960613251
3,"map(from: a)",4,32,132,1,0,758,0,37.550926208
3,"map(from: a)",4,32,132,1,0,114,0,31.650066376
3,"map(from: a)",4,32,132,1,0,11,0,30.350685120
3,"map(from: a)",4,32,132,1,0,3,0,30.398368835
3,"map(from: a)",4,32,132,1,0,8096,0,112.748146057
3,"map(from: a)",4,32,132,1,0,44,0,28.908252716
3,"map(from: a)",4,32,132,1,0,17,0,30.398368835
3,"map(from: a)",4,32,132,1,0,5042,0,83.005428314
3,"map(from: a)",4,32,132,1,1,758,0,38.349628448
3,"map(from: a)",4,32,132,1,1,3,0,30.744075775
3,"map(from: a)",4,32,132,1,1,3140,0,62.549114227
3,"map(from: a)",4,32,132,1,1,1955,0,50.151348114
3,"map(from: a)",4,32,132,1,1,44,0,31.697750092
3,"map(from: a)",4,32,132,1,1,17,0,32.794475555
3,"map(from: a)",4,32,132,1,1,294,0,34.260749817
3,"map(from: a)",4,32,132,1,1,28,0,30.708312988
3,"map(from: a)",4,32,132,1,1,114,0,34.296512604
3,"map(from: a)",4,32,132,1,1,2,0,28.491020203
3,"map(from: a)",4,32,132,1,1,7,0,30.350685120
3,"map(from: a)",4,32,132,1,1,183,0,33.605098724
3,"map(from: a)",4,32,132,1,1,8096,0,115.895271301
3,"map(from: a)",4,32,132,1,1,11,0,30.851364136
3,"map(from: a)",4,32,132,1,1,1,0,30.207633972
3,"map(from: a)",4,32,132,1,1,1218,0,41.997432709
3,"map(from: a)",4,32,132,1,1,472,0,34.654140472
3,"map(from: a)",4,32,132,1,1,71,0,32.496452332
3,"map(from: a)",4,32,132,1,1,5042,0,81.300735474
3,"map(from: a)",4,32,132,1,1,4,0,29.098987579
3,"map(from: a)",4,32,132,1,2,2,0,28.443336487
3,"map(from: a)",4,32,132,1,2,71,0,32.591819763
3,"map(from: a)",4,32,132,1,2,17,0,30.255317688
3,"map(from: a)",4,32,132,1,2,472,0,34.391880035
3,"map(from: a)",4,32,132,1,2,5042,0,83.649158478
3,"map(from: a)",4,32,132,1,2,28,0,32.794475555
3,"map(from: a)",4,32,132,1,2,44,0,31.995773315
3,"map(from: a)",4,32,132,1,2,1218,0,42.057037354
3,"map(from: a)",4,32,132,1,2,4,0,30.243396759
3,"map(from: a)",4,32,132,1,2,1955,0,50.747394562
3,"map(from: a)",4,32,132,1,2,183,0,32.293796539
3,"map(from: a)",4,32,132,1,2,7,0,31.399726868
3,"map(from: a)",4,32,132,1,2,758,0,38.158893585
3,"map(from: a)",4,32,132,1,2,1,0,30.195713043
3,"map(from: a)",4,32,132,1,2,3140,0,62.000751495
3,"map(from: a)",4,32,132,1,2,8096,0,114.941596985
3,"map(from: a)",4,32,132,1,2,3,0,31.495094299
3,"map(from: a)",4,32,132,1,2,114,0,29.242038727
3,"map(from: a)",4,32,132,1,2,11,0,30.493736267
3,"map(from: a)",4,32,132,1,2,294,0,33.605098724
3,"map(from: a)",4,32,132,1,3,1,0,30.159950256
3,"map(from: a)",4,32,132,1,3,17,0,30.100345612
3,"map(from: a)",4,32,132,1,3,294,0,29.897689819
3,"map(from: a)",4,32,132,1,3,5042,0,80.096721649
3,"map(from: a)",4,32,132,1,3,114,0,32.401084900
3,"map(from: a)",4,32,132,1,3,28,0,33.199787140
3,"map(from: a)",4,32,132,1,3,1218,0,39.649009705
3,"map(from: a)",4,32,132,1,3,2,0,29.897689819
3,"map(from: a)",4,32,132,1,3,3,0,30.195713043
3,"map(from: a)",4,32,132,1,3,4,0,30.303001404
3,"map(from: a)",4,32,132,1,3,758,0,38.099288940
3,"map(from: a)",4,32,132,1,3,11,0,31.554698944
3,"map(from: a)",4,32,132,1,3,44,0,31.006336212
3,"map(from: a)",4,32,132,1,3,472,0,35.405158997
3,"map(from: a)",4,32,132,1,3,7,0,31.101703644
3,"map(from: a)",4,32,132,1,3,1955,0,49.698352814
3,"map(from: a)",4,32,132,1,3,71,0,31.960010529
3,"map(from: a)",4,32,132,1,3,183,0,33.843517303
3,"map(from: a)",4,32,132,1,3,8096,0,115.144252777
3,"map(from: a)",4,32,132,1,3,3140,0,62.000751495
3,"map(from: a)",4,32,132,1,4,472,0,34.201145172
3,"map(from: a)",4,32,132,1,4,71,0,31.805038452
3,"map(from: a)",4,32,132,1,4,1,0,30.255317688
3,"map(from: a)",4,32,132,1,4,11,0,29.397010803
3,"map(from: a)",4,32,132,1,4,4,0,30.410289764
3,"map(from: a)",4,32,132,1,4,3140,0,62.954425812
3,"map(from: a)",4,32,132,1,4,28,0,31.208992004
3,"map(from: a)",4,32,132,1,4,1218,0,39.792060852
3,"map(from: a)",4,32,132,1,4,2,0,30.350685120
3,"map(from: a)",4,32,132,1,4,183,0,31.948089600
3,"map(from: a)",4,32,132,1,4,5042,0,82.302093506
3,"map(from: a)",4,32,132,1,4,114,0,33.104419708
3,"map(from: a)",4,32,132,1,4,3,0,29.909610748
3,"map(from: a)",4,32,132,1,4,44,0,31.900405884
3,"map(from: a)",4,32,132,1,4,758,0,38.301944733
3,"map(from: a)",4,32,132,1,4,8096,0,114.250183105
3,"map(from: a)",4,32,132,1,4,1955,0,50.354003906
3,"map(from: a)",4,32,132,1,4,294,0,34.499168396
3,"map(from: a)",4,32,132,1,4,7,0,29.349327087
3,"map(from: a)",4,32,132,1,4,17,0,28.002262115
3,"map(from: a)",16,32,132,0,0,7,0,29.706954956
3,"map(from: a)",16,32,132,0,0,114,0,32.651424408
3,"map(from: a)",16,32,132,0,0,3,0,27.549266815
3,"map(from: a)",16,32,132,0,0,17,0,28.693675995
3,"map(from: a)",16,32,132,0,0,1,0,30.648708344
3,"map(from: a)",16,32,132,0,0,44,0,31.197071075
3,"map(from: a)",16,32,132,0,0,294,0,35.607814789
3,"map(from: a)",16,32,132,0,0,3140,0,62.203407288
3,"map(from: a)",16,32,132,0,0,4,0,29.909610748
3,"map(from: a)",16,32,132,0,0,1955,0,48.351287842
3,"map(from: a)",16,32,132,0,0,183,0,31.650066376
3,"map(from: a)",16,32,132,0,0,8096,0,115.251541138
3,"map(from: a)",16,32,132,0,0,758,0,37.300586700
3,"map(from: a)",16,32,132,0,0,71,0,30.744075775
3,"map(from: a)",16,32,132,0,0,2,0,29.993057251
3,"map(from: a)",16,32,132,0,0,11,0,29.647350311
3,"map(from: a)",16,32,132,0,0,28,0,32.699108124
3,"map(from: a)",16,32,132,0,0,5042,0,82.600116730
3,"map(from: a)",16,32,132,0,0,1218,0,41.997432709
3,"map(from: a)",16,32,132,0,0,472,0,33.998489380
3,"map(from: a)",16,32,132,0,1,4,0,31.697750092
3,"map(from: a)",16,32,132,0,1,1,0,29.647350311
3,"map(from: a)",16,32,132,0,1,17,0,31.900405884
3,"map(from: a)",16,32,132,0,1,28,0,31.292438507
3,"map(from: a)",16,32,132,0,1,11,0,30.696392059
3,"map(from: a)",16,32,132,0,1,3140,0,62.596797943
3,"map(from: a)",16,32,132,0,1,2,0,31.054019928
3,"map(from: a)",16,32,132,0,1,758,0,37.097930908
3,"map(from: a)",16,32,132,0,1,1218,0,41.151046753
3,"map(from: a)",16,32,132,0,1,44,0,32.699108124
3,"map(from: a)",16,32,132,0,1,71,0,32.901763916
3,"map(from: a)",16,32,132,0,1,114,0,32.556056976
3,"map(from: a)",16,32,132,0,1,294,0,33.843517303
3,"map(from: a)",16,32,132,0,1,7,0,30.457973480
3,"map(from: a)",16,32,132,0,1,183,0,32.401084900
3,"map(from: a)",16,32,132,0,1,8096,0,114.798545837
3,"map(from: a)",16,32,132,0,1,472,0,33.259391785
3,"map(from: a)",16,32,132,0,1,1955,0,49.698352814
3,"map(from: a)",16,32,132,0,1,3,0,28.407573700
3,"map(from: a)",16,32,132,0,1,5042,0,82.039833069
3,"map(from: a)",16,32,132,0,2,3,0,28.800964355
3,"map(from: a)",16,32,132,0,2,44,0,32.556056976
3,"map(from: a)",16,32,132,0,2,1,0,30.755996704
3,"map(from: a)",16,32,132,0,2,183,0,31.101703644
3,"map(from: a)",16,32,132,0,2,294,0,33.652782440
3,"map(from: a)",16,32,132,0,2,5042,0,82.039833069
3,"map(from: a)",16,32,132,0,2,7,0,31.197071075
3,"map(from: a)",16,32,132,0,2,8096,0,113.952159882
3,"map(from: a)",16,32,132,0,2,2,0,30.195713043
3,"map(from: a)",16,32,132,0,2,114,0,31.590461731
3,"map(from: a)",16,32,132,0,2,71,0,31.602382660
3,"map(from: a)",16,32,132,0,2,1955,0,49.459934235
3,"map(from: a)",16,32,132,0,2,17,0,30.946731567
3,"map(from: a)",16,32,132,0,2,472,0,33.891201019
3,"map(from: a)",16,32,132,0,2,11,0,31.745433807
3,"map(from: a)",16,32,132,0,2,1218,0,41.949748993
3,"map(from: a)",16,32,132,0,2,4,0,31.149387360
3,"map(from: a)",16,32,132,0,2,3140,0,63.204765320
3,"map(from: a)",16,32,132,0,2,758,0,38.194656372
3,"map(from: a)",16,32,132,0,2,28,0,31.006336212
3,"map(from: a)",16,32,132,0,3,11,0,31.089782715
3,"map(from: a)",16,32,132,0,3,4,0,29.444694519
3,"map(from: a)",16,32,132,0,3,5042,0,83.506107330
3,"map(from: a)",16,32,132,0,3,183,0,32.603740692
3,"map(from: a)",16,32,132,0,3,17,0,29.850006104
3,"map(from: a)",16,32,132,0,3,3,0,30.255317688
3,"map(from: a)",16,32,132,0,3,28,0,29.850006104
3,"map(from: a)",16,32,132,0,3,1218,0,41.306018829
3,"map(from: a)",16,32,132,0,3,114,0,32.556056976
3,"map(from: a)",16,32,132,0,3,758,0,36.048889160
3,"map(from: a)",16,32,132,0,3,1955,0,50.497055054
3,"map(from: a)",16,32,132,0,3,472,0,34.499168396
3,"map(from: a)",16,32,132,0,3,7,0,30.255317688
3,"map(from: a)",16,32,132,0,3,44,0,31.006336212
3,"map(from: a)",16,32,132,0,3,3140,0,63.347816467
3,"map(from: a)",16,32,132,0,3,8096,0,115.406513214
3,"map(from: a)",16,32,132,0,3,71,0,31.709671021
3,"map(from: a)",16,32,132,0,3,1,0,29.695034027
3,"map(from: a)",16,32,132,0,3,2,0,29.051303864
3,"map(from: a)",16,32,132,0,3,294,0,33.998489380
3,"map(from: a)",16,32,132,0,4,3,0,30.851364136
3,"map(from: a)",16,32,132,0,4,8096,0,113.999843597
3,"map(from: a)",16,32,132,0,4,1,0,28.610229492
3,"map(from: a)",16,32,132,0,4,28,0,31.459331512
3,"map(from: a)",16,32,132,0,4,17,0,30.946731567
3,"map(from: a)",16,32,132,0,4,5042,0,82.850456238
3,"map(from: a)",16,32,132,0,4,7,0,30.052661896
3,"map(from: a)",16,32,132,0,4,114,0,32.842159271
3,"map(from: a)",16,32,132,0,4,44,0,32.341480255
3,"map(from: a)",16,32,132,0,4,2,0,29.754638672
3,"map(from: a)",16,32,132,0,4,294,0,34.105777740
3,"map(from: a)",16,32,132,0,4,758,0,38.099288940
3,"map(from: a)",16,32,132,0,4,183,0,33.307075500
3,"map(from: a)",16,32,132,0,4,4,0,29.897689819
3,"map(from: a)",16,32,132,0,4,1218,0,42.009353638
3,"map(from: a)",16,32,132,0,4,71,0,32.198429108
3,"map(from: a)",16,32,132,0,4,1955,0,50.401687622
3,"map(from: a)",16,32,132,0,4,11,0,30.803680420
3,"map(from: a)",16,32,132,0,4,472,0,33.104419708
3,"map(from: a)",16,32,132,0,4,3140,0,63.598155975
3,"map(from: a)",16,32,132,1,0,2,0,30.398368835
3,"map(from: a)",16,32,132,1,0,4,0,29.695034027
3,"map(from: a)",16,32,132,1,0,472,0,33.700466156
3,"map(from: a)",16,32,132,1,0,3140,0,63.049793243
3,"map(from: a)",16,32,132,1,0,183,0,33.497810364
3,"map(from: a)",16,32,132,1,0,28,0,32.544136047
3,"map(from: a)",16,32,132,1,0,71,0,32.711029053
3,"map(from: a)",16,32,132,1,0,1218,0,42.450428009
3,"map(from: a)",16,32,132,1,0,294,0,34.391880035
3,"map(from: a)",16,32,132,1,0,1,0,30.648708344
3,"map(from: a)",16,32,132,1,0,7,0,30.398368835
3,"map(from: a)",16,32,132,1,0,1955,0,49.793720245
3,"map(from: a)",16,32,132,1,0,758,0,37.205219269
3,"map(from: a)",16,32,132,1,0,114,0,34.201145172
3,"map(from: a)",16,32,132,1,0,11,0,31.292438507
3,"map(from: a)",16,32,132,1,0,3,0,28.347969055
3,"map(from: a)",16,32,132,1,0,8096,0,113.594532013
3,"map(from: a)",16,32,132,1,0,44,0,30.303001404
3,"map(from: a)",16,32,132,1,0,17,0,30.398368835
3,"map(from: a)",16,32,132,1,0,5042,0,84.149837494
3,"map(from: a)",16,32,132,1,1,758,0,39.052963257
3,"map(from: a)",16,32,132,1,1,3,0,29.802322388
3,"map(from: a)",16,32,132,1,1,3140,0,63.157081604
3,"map(from: a)",16,32,132,1,1,1955,0,49.889087677
3,"map(from: a)",16,32,132,1,1,44,0,31.197071075
3,"map(from: a)",16,32,132,1,1,17,0,32.055377960
3,"map(from: a)",16,32,132,1,1,294,0,33.402442932
3,"map(from: a)",16,32,132,1,1,28,0,33.807754517
3,"map(from: a)",16,32,132,1,1,114,0,32.150745392
3,"map(from: a)",16,32,132,1,1,2,0,27.143955231
3,"map(from: a)",16,32,132,1,1,7,0,32.103061676
3,"map(from: a)",16,32,132,1,1,183,0,32.448768616
3,"map(from: a)",16,32,132,1,1,8096,0,114.154815674
3,"map(from: a)",16,32,132,1,1,11,0,30.505657196
3,"map(from: a)",16,32,132,1,1,1,0,30.243396759
3,"map(from: a)",16,32,132,1,1,1218,0,41.747093201
3,"map(from: a)",16,32,132,1,1,472,0,30.601024628
3,"map(from: a)",16,32,132,1,1,71,0,30.946731567
3,"map(from: a)",16,32,132,1,1,5042,0,81.396102905
3,"map(from: a)",16,32,132,1,1,4,0,30.052661896
3,"map(from: a)",16,32,132,1,2,2,0,30.100345612
3,"map(from: a)",16,32,132,1,2,71,0,32.198429108
3,"map(from: a)",16,32,132,1,2,17,0,32.043457031
3,"map(from: a)",16,32,132,1,2,472,0,32.496452332
3,"map(from: a)",16,32,132,1,2,5042,0,82.647800446
3,"map(from: a)",16,32,132,1,2,28,0,30.446052551
3,"map(from: a)",16,32,132,1,2,44,0,33.354759216
3,"map(from: a)",16,32,132,1,2,1218,0,42.605400085
3,"map(from: a)",16,32,132,1,2,4,0,30.100345612
3,"map(from: a)",16,32,132,1,2,1955,0,50.246715546
3,"map(from: a)",16,32,132,1,2,183,0,31.495094299
3,"map(from: a)",16,32,132,1,2,7,0,30.708312988
3,"map(from: a)",16,32,132,1,2,758,0,36.311149597
3,"map(from: a)",16,32,132,1,2,1,0,30.100345612
3,"map(from: a)",16,32,132,1,2,3140,0,63.252449036
3,"map(from: a)",16,32,132,1,2,8096,0,114.452838898
3,"map(from: a)",16,32,132,1,2,3,0,30.755996704
3,"map(from: a)",16,32,132,1,2,114,0,32.901763916
3,"map(from: a)",16,32,132,1,2,11,0,30.744075775
3,"map(from: a)",16,32,132,1,2,294,0,33.402442932
3,"map(from: a)",16,32,132,1,3,1,0,29.599666595
3,"map(from: a)",16,32,132,1,3,17,0,29.897689819
3,"map(from: a)",16,32,132,1,3,294,0,33.950805664
3,"map(from: a)",16,32,132,1,3,5042,0,80.299377441
3,"map(from: a)",16,32,132,1,3,114,0,31.948089600
3,"map(from: a)",16,32,132,1,3,28,0,33.354759216
3,"map(from: a)",16,32,132,1,3,1218,0,43.106079102
3,"map(from: a)",16,32,132,1,3,2,0,29.551982880
3,"map(from: a)",16,32,132,1,3,3,0,31.149387360
3,"map(from: a)",16,32,132,1,3,4,0,32.949447632
3,"map(from: a)",16,32,132,1,3,758,0,39.052963257
3,"map(from: a)",16,32,132,1,3,11,0,31.447410583
3,"map(from: a)",16,32,132,1,3,44,0,32.806396484
3,"map(from: a)",16,32,132,1,3,472,0,34.403800964
3,"map(from: a)",16,32,132,1,3,7,0,30.696392059
3,"map(from: a)",16,32,132,1,3,1955,0,50.055980682
3,"map(from: a)",16,32,132,1,3,71,0,31.757354736
3,"map(from: a)",16,32,132,1,3,183,0,32.246112823
3,"map(from: a)",16,32,132,1,3,8096,0,114.357471466
3,"map(from: a)",16,32,132,1,3,3140,0,63.502788544
3,"map(from: a)",16,32,132,1,4,472,0,34.093856812
3,"map(from: a)",16,32,132,1,4,71,0,31.900405884
3,"map(from: a)",16,32,132,1,4,1,0,29.301643372
3,"map(from: a)",16,32,132,1,4,11,0,28.944015503
3,"map(from: a)",16,32,132,1,4,4,0,31.101703644
3,"map(from: a)",16,32,132,1,4,3140,0,62.906742096
3,"map(from: a)",16,32,132,1,4,28,0,32.603740692
3,"map(from: a)",16,32,132,1,4,1218,0,41.604042053
3,"map(from: a)",16,32,132,1,4,2,0,29.897689819
3,"map(from: a)",16,32,132,1,4,183,0,32.806396484
3,"map(from: a)",16,32,132,1,4,5042,0,83.553791046
3,"map(from: a)",16,32,132,1,4,114,0,29.754638672
3,"map(from: a)",16,32,132,1,4,3,0,31.149387360
3,"map(from: a)",16,32,132,1,4,44,0,30.601024628
3,"map(from: a)",16,32,132,1,4,758,0,38.099288940
3,"map(from: a)",16,32,132,1,4,8096,0,114.548206329
3,"map(from: a)",16,32,132,1,4,1955,0,50.747394562
3,"map(from: a)",16,32,132,1,4,294,0,33.652782440
3,"map(from: a)",16,32,132,1,4,7,0,29.051303864
3,"map(from: a)",16,32,132,1,4,17,0,29.551982880
3,"map(from: a)",64,32,132,0,0,7,0,31.447410583
3,"map(from: a)",64,32,132,0,0,114,0,33.044815063
3,"map(from: a)",64,32,132,0,0,3,0,29.158592224
3,"map(from: a)",64,32,132,0,0,17,0,28.049945831
3,"map(from: a)",64,32,132,0,0,1,0,29.408931732
3,"map(from: a)",64,32,132,0,0,44,0,33.545494080
3,"map(from: a)",64,32,132,0,0,294,0,32.949447632
3,"map(from: a)",64,32,132,0,0,3140,0,63.991546631
3,"map(from: a)",64,32,132,0,0,4,0,30.601024628
3,"map(from: a)",64,32,132,0,0,1955,0,49.698352814
3,"map(from: a)",64,32,132,0,0,183,0,32.854080200
3,"map(from: a)",64,32,132,0,0,8096,0,114.905834198
3,"map(from: a)",64,32,132,0,0,758,0,37.503242493
3,"map(from: a)",64,32,132,0,0,71,0,31.197071075
3,"map(from: a)",64,32,132,0,0,2,0,30.803680420
3,"map(from: a)",64,32,132,0,0,11,0,30.899047852
3,"map(from: a)",64,32,132,0,0,28,0,31.149387360
3,"map(from: a)",64,32,132,0,0,5042,0,80.943107605
3,"map(from: a)",64,32,132,0,0,1218,0,41.592121124
3,"map(from: a)",64,32,132,0,0,472,0,33.903121948
3,"map(from: a)",64,32,132,0,1,4,0,30.696392059
3,"map(from: a)",64,32,132,0,1,1,0,30.648708344
3,"map(from: a)",64,32,132,0,1,17,0,27.894973755
3,"map(from: a)",64,32,132,0,1,28,0,31.948089600
3,"map(from: a)",64,32,132,0,1,11,0,31.292438507
3,"map(from: a)",64,32,132,0,1,3140,0,62.859058380
3,"map(from: a)",64,32,132,0,1,2,0,28.598308563
3,"map(from: a)",64,32,132,0,1,758,0,37.658214569
3,"map(from: a)",64,32,132,0,1,1218,0,42.295455933
3,"map(from: a)",64,32,132,0,1,44,0,30.696392059
3,"map(from: a)",64,32,132,0,1,71,0,31.244754791
3,"map(from: a)",64,32,132,0,1,114,0,31.602382660
3,"map(from: a)",64,32,132,0,1,294,0,31.757354736
3,"map(from: a)",64,32,132,0,1,7,0,30.755996704
3,"map(from: a)",64,32,132,0,1,183,0,32.746791840
3,"map(from: a)",64,32,132,0,1,8096,0,113.749504089
3,"map(from: a)",64,32,132,0,1,472,0,32.448768616
3,"map(from: a)",64,32,132,0,1,1955,0,50.389766693
3,"map(from: a)",64,32,132,0,1,3,0,30.791759491
3,"map(from: a)",64,32,132,0,1,5042,0,81.741809845
3,"map(from: a)",64,32,132,0,2,3,0,29.098987579
3,"map(from: a)",64,32,132,0,2,44,0,32.758712769
3,"map(from: a)",64,32,132,0,2,1,0,27.143955231
3,"map(from: a)",64,32,132,0,2,183,0,33.056735992
3,"map(from: a)",64,32,132,0,2,294,0,33.795833588
3,"map(from: a)",64,32,132,0,2,5042,0,82.349777222
3,"map(from: a)",64,32,132,0,2,7,0,30.195713043
3,"map(from: a)",64,32,132,0,2,8096,0,113.403797150
3,"map(from: a)",64,32,132,0,2,2,0,29.754638672
3,"map(from: a)",64,32,132,0,2,114,0,30.696392059
3,"map(from: a)",64,32,132,0,2,71,0,32.711029053
3,"map(from: a)",64,32,132,0,2,1955,0,50.199031830
3,"map(from: a)",64,32,132,0,2,17,0,28.157234192
3,"map(from: a)",64,32,132,0,2,472,0,33.557415009
3,"map(from: a)",64,32,132,0,2,11,0,29.504299164
3,"map(from: a)",64,32,132,0,2,1218,0,40.197372437
3,"map(from: a)",64,32,132,0,2,4,0,30.291080475
3,"map(from: a)",64,32,132,0,2,3140,0,63.896179199
3,"map(from: a)",64,32,132,0,2,758,0,35.905838013
3,"map(from: a)",64,32,132,0,2,28,0,28.657913208
3,"map(from: a)",64,32,132,0,3,11,0,31.507015228
3,"map(from: a)",64,32,132,0,3,4,0,28.991699219
3,"map(from: a)",64,32,132,0,3,5042,0,82.445144653
3,"map(from: a)",64,32,132,0,3,183,0,34.856796265
3,"map(from: a)",64,32,132,0,3,17,0,30.946731567
3,"map(from: a)",64,32,132,0,3,3,0,30.040740967
3,"map(from: a)",64,32,132,0,3,28,0,31.948089600
3,"map(from: a)",64,32,132,0,3,1218,0,42.092800140
3,"map(from: a)",64,32,132,0,3,114,0,30.899047852
3,"map(from: a)",64,32,132,0,3,758,0,36.847591400
3,"map(from: a)",64,32,132,0,3,1955,0,49.245357513
3,"map(from: a)",64,32,132,0,3,472,0,32.794475555
3,"map(from: a)",64,32,132,0,3,7,0,30.446052551
3,"map(from: a)",64,32,132,0,3,44,0,32.401084900
3,"map(from: a)",64,32,132,0,3,3140,0,62.704086304
3,"map(from: a)",64,32,132,0,3,8096,0,114.500522614
3,"map(from: a)",64,32,132,0,3,71,0,32.544136047
3,"map(from: a)",64,32,132,0,3,1,0,28.240680695
3,"map(from: a)",64,32,132,0,3,2,0,32.043457031
3,"map(from: a)",64,32,132,0,3,294,0,30.505657196
3,"map(from: a)",64,32,132,0,4,3,0,31.054019928
3,"map(from: a)",64,32,132,0,4,8096,0,114.655494690
3,"map(from: a)",64,32,132,0,4,1,0,28.955936432
3,"map(from: a)",64,32,132,0,4,28,0,31.542778015
3,"map(from: a)",64,32,132,0,4,17,0,32.305717468
3,"map(from: a)",64,32,132,0,4,5042,0,83.255767822
3,"map(from: a)",64,32,132,0,4,7,0,29.945373535
3,"map(from: a)",64,32,132,0,4,114,0,33.199787140
3,"map(from: a)",64,32,132,0,4,44,0,32.246112823
3,"map(from: a)",64,32,132,0,4,2,0,29.408931732
3,"map(from: a)",64,32,132,0,4,294,0,34.594535828
3,"map(from: a)",64,32,132,0,4,758,0,38.993358612
3,"map(from: a)",64,32,132,0,4,183,0,30.398368835
3,"map(from: a)",64,32,132,0,4,4,0,31.745433807
3,"map(from: a)",64,32,132,0,4,1218,0,42.140483856
3,"map(from: a)",64,32,132,0,4,71,0,31.042098999
3,"map(from: a)",64,32,132,0,4,1955,0,49.901008606
3,"map(from: a)",64,32,132,0,4,11,0,30.446052551
3,"map(from: a)",64,32,132,0,4,472,0,32.758712769
3,"map(from: a)",64,32,132,0,4,3140,0,62.108039856
3,"map(from: a)",64,32,132,1,0,2,0,30.148029327
3,"map(from: a)",64,32,132,1,0,4,0,30.148029327
3,"map(from: a)",64,32,132,1,0,472,0,33.795833588
3,"map(from: a)",64,32,132,1,0,3140,0,62.799453735
3,"map(from: a)",64,32,132,1,0,183,0,32.150745392
3,"map(from: a)",64,32,132,1,0,28,0,33.044815063
3,"map(from: a)",64,32,132,1,0,71,0,30.148029327
3,"map(from: a)",64,32,132,1,0,1218,0,42.653083801
3,"map(from: a)",64,32,132,1,0,294,0,34.356117249
3,"map(from: a)",64,32,132,1,0,1,0,29.993057251
3,"map(from: a)",64,32,132,1,0,7,0,31.352043152
3,"map(from: a)",64,32,132,1,0,1955,0,50.544738770
3,"map(from: a)",64,32,132,1,0,758,0,36.752223969
3,"map(from: a)",64,32,132,1,0,114,0,29.206275940
3,"map(from: a)",64,32,132,1,0,11,0,30.755996704
3,"map(from: a)",64,32,132,1,0,3,0,30.505657196
3,"map(from: a)",64,32,132,1,0,8096,0,113.999843597
3,"map(from: a)",64,32,132,1,0,44,0,30.744075775
3,"map(from: a)",64,32,132,1,0,17,0,31.208992004
3,"map(from: a)",64,32,132,1,0,5042,0,84.555149078
3,"map(from: a)",64,32,132,1,1,758,0,36.358833313
3,"map(from: a)",64,32,132,1,1,3,0,30.899047852
3,"map(from: a)",64,32,132,1,1,3140,0,62.203407288
3,"map(from: a)",64,32,132,1,1,1955,0,49.746036530
3,"map(from: a)",64,32,132,1,1,44,0,32.603740692
3,"map(from: a)",64,32,132,1,1,17,0,31.650066376
3,"map(from: a)",64,32,132,1,1,294,0,30.350685120
3,"map(from: a)",64,32,132,1,1,28,0,34.511089325
3,"map(from: a)",64,32,132,1,1,114,0,31.292438507
3,"map(from: a)",64,32,132,1,1,2,0,28.204917908
3,"map(from: a)",64,32,132,1,1,7,0,31.089782715
3,"map(from: a)",64,32,132,1,1,183,0,31.054019928
3,"map(from: a)",64,32,132,1,1,8096,0,115.394592285
3,"map(from: a)",64,32,132,1,1,11,0,31.554698944
3,"map(from: a)",64,32,132,1,1,1,0,29.945373535
3,"map(from: a)",64,32,132,1,1,1218,0,41.747093201
3,"map(from: a)",64,32,132,1,1,472,0,34.344196320
3,"map(from: a)",64,32,132,1,1,71,0,31.352043152
3,"map(from: a)",64,32,132,1,1,5042,0,83.208084106
3,"map(from: a)",64,32,132,1,1,4,0,30.946731567
3,"map(from: a)",64,32,132,1,2,2,0,30.744075775
3,"map(from: a)",64,32,132,1,2,71,0,29.599666595
3,"map(from: a)",64,32,132,1,2,17,0,31.208992004
3,"map(from: a)",64,32,132,1,2,472,0,34.296512604
3,"map(from: a)",64,32,132,1,2,5042,0,82.707405090
3,"map(from: a)",64,32,132,1,2,28,0,31.948089600
3,"map(from: a)",64,32,132,1,2,44,0,33.605098724
3,"map(from: a)",64,32,132,1,2,1218,0,42.450428009
3,"map(from: a)",64,32,132,1,2,4,0,33.354759216
3,"map(from: a)",64,32,132,1,2,1955,0,50.246715546
3,"map(from: a)",64,32,132,1,2,183,0,33.545494080
3,"map(from: a)",64,32,132,1,2,7,0,30.398368835
3,"map(from: a)",64,32,132,1,2,758,0,37.956237793
3,"map(from: a)",64,32,132,1,2,1,0,31.399726868
3,"map(from: a)",64,32,132,1,2,3140,0,63.955783844
3,"map(from: a)",64,32,132,1,2,8096,0,113.952159882
3,"map(from: a)",64,32,132,1,2,3,0,31.793117523
3,"map(from: a)",64,32,132,1,2,114,0,31.554698944
3,"map(from: a)",64,32,132,1,2,11,0,31.697750092
3,"map(from: a)",64,32,132,1,2,294,0,32.651424408
3,"map(from: a)",64,32,132,1,3,1,0,29.909610748
3,"map(from: a)",64,32,132,1,3,17,0,31.340122223
3,"map(from: a)",64,32,132,1,3,294,0,34.797191620
3,"map(from: a)",64,32,132,1,3,5042,0,83.804130554
3,"map(from: a)",64,32,132,1,3,114,0,33.199787140
3,"map(from: a)",64,32,132,1,3,28,0,32.901763916
3,"map(from: a)",64,32,132,1,3,1218,0,42.545795441
3,"map(from: a)",64,32,132,1,3,2,0,31.101703644
3,"map(from: a)",64,32,132,1,3,3,0,31.352043152
3,"map(from: a)",64,32,132,1,3,4,0,27.608871460
3,"map(from: a)",64,32,132,1,3,758,0,38.397312164
3,"map(from: a)",64,32,132,1,3,11,0,32.258033752
3,"map(from: a)",64,32,132,1,3,44,0,32.901763916
3,"map(from: a)",64,32,132,1,3,472,0,35.095214844
3,"map(from: a)",64,32,132,1,3,7,0,29.695034027
3,"map(from: a)",64,32,132,1,3,1955,0,50.246715546
3,"map(from: a)",64,32,132,1,3,71,0,34.403800964
3,"map(from: a)",64,32,132,1,3,183,0,33.104419708
3,"map(from: a)",64,32,132,1,3,8096,0,115.597248077
3,"map(from: a)",64,32,132,1,3,3140,0,64.051151276
3,"map(from: a)",64,32,132,1,4,472,0,30.052661896
3,"map(from: a)",64,32,132,1,4,71,0,32.842159271
3,"map(from: a)",64,32,132,1,4,1,0,30.553340912
3,"map(from: a)",64,32,132,1,4,11,0,31.554698944
3,"map(from: a)",64,32,132,1,4,4,0,32.353401184
3,"map(from: a)",64,32,132,1,4,3140,0,64.408779144
3,"map(from: a)",64,32,132,1,4,28,0,29.742717743
3,"map(from: a)",64,32,132,1,4,1218,0,42.951107025
3,"map(from: a)",64,32,132,1,4,2,0,31.292438507
3,"map(from: a)",64,32,132,1,4,183,0,33.795833588
3,"map(from: a)",64,32,132,1,4,5042,0,84.149837494
3,"map(from: a)",64,32,132,1,4,114,0,32.806396484
3,"map(from: a)",64,32,132,1,4,3,0,33.605098724
3,"map(from: a)",64,32,132,1,4,44,0,33.855438232
3,"map(from: a)",64,32,132,1,4,758,0,38.349628448
3,"map(from: a)",64,32,132,1,4,8096,0,114.643573761
3,"map(from: a)",64,32,132,1,4,1955,0,52.201747894
3,"map(from: a)",64,32,132,1,4,294,0,33.342838287
3,"map(from: a)",64,32,132,1,4,7,0,30.803680420
3,"map(from: a)",64,32,132,1,4,17,0,33.640861511
3,"map(from: a)",256,32,132,0,0,7,0,31.101703644
3,"map(from: a)",256,32,132,0,0,114,0,34.105777740
3,"map(from: a)",256,32,132,0,0,3,0,32.401084900
3,"map(from: a)",256,32,132,0,0,17,0,32.055377960
3,"map(from: a)",256,32,132,0,0,1,0,32.556056976
3,"map(from: a)",256,32,132,0,0,44,0,32.150745392
3,"map(from: a)",256,32,132,0,0,294,0,34.308433533
3,"map(from: a)",256,32,132,0,0,3140,0,62.453746796
3,"map(from: a)",256,32,132,0,0,4,0,28.800964355
3,"map(from: a)",256,32,132,0,0,1955,0,51.558017731
3,"map(from: a)",256,32,132,0,0,183,0,32.901763916
3,"map(from: a)",256,32,132,0,0,8096,0,116.002559662
3,"map(from: a)",256,32,132,0,0,758,0,39.041042328
3,"map(from: a)",256,32,132,0,0,71,0,30.505657196
3,"map(from: a)",256,32,132,0,0,2,0,28.598308563
3,"map(from: a)",256,32,132,0,0,11,0,32.448768616
3,"map(from: a)",256,32,132,0,0,28,0,32.401084900
3,"map(from: a)",256,32,132,0,0,5042,0,81.145763397
3,"map(from: a)",256,32,132,0,0,1218,0,42.104721069
3,"map(from: a)",256,32,132,0,0,472,0,34.451484680
3,"map(from: a)",256,32,132,0,1,4,0,31.244754791
3,"map(from: a)",256,32,132,0,1,1,0,31.256675720
3,"map(from: a)",256,32,132,0,1,17,0,33.152103424
3,"map(from: a)",256,32,132,0,1,28,0,33.390522003
3,"map(from: a)",256,32,132,0,1,11,0,31.793117523
3,"map(from: a)",256,32,132,0,1,3140,0,64.754486084
3,"map(from: a)",256,32,132,0,1,2,0,30.255317688
3,"map(from: a)",256,32,132,0,1,758,0,39.494037628
3,"map(from: a)",256,32,132,0,1,1218,0,42.998790741
3,"map(from: a)",256,32,132,0,1,44,0,33.605098724
3,"map(from: a)",256,32,132,0,1,71,0,32.889842987
3,"map(from: a)",256,32,132,0,1,114,0,30.851364136
3,"map(from: a)",256,32,132,0,1,294,0,34.499168396
3,"map(from: a)",256,32,132,0,1,7,0,31.554698944
3,"map(from: a)",256,32,132,0,1,183,0,33.795833588
3,"map(from: a)",256,32,132,0,1,8096,0,115.001201630
3,"map(from: a)",256,32,132,0,1,472,0,34.701824188
3,"map(from: a)",256,32,132,0,1,1955,0,50.902366638
3,"map(from: a)",256,32,132,0,1,3,0,30.350685120
3,"map(from: a)",256,32,132,0,1,5042,0,84.602832794
3,"map(from: a)",256,32,132,0,2,3,0,32.699108124
3,"map(from: a)",256,32,132,0,2,44,0,28.645992279
3,"map(from: a)",256,32,132,0,2,1,0,31.352043152
3,"map(from: a)",256,32,132,0,2,183,0,32.997131348
3,"map(from: a)",256,32,132,0,2,294,0,35.750865936
3,"map(from: a)",256,32,132,0,2,5042,0,80.549716949
3,"map(from: a)",256,32,132,0,2,7,0,31.101703644
3,"map(from: a)",256,32,132,0,2,8096,0,115.752220154
3,"map(from: a)",256,32,132,0,2,2,0,31.197071075
3,"map(from: a)",256,32,132,0,2,114,0,33.450126648
3,"map(from: a)",256,32,132,0,2,71,0,30.803680420
3,"map(from: a)",256,32,132,0,2,1955,0,49.948692322
3,"map(from: a)",256,32,132,0,2,17,0,31.602382660
3,"map(from: a)",256,32,132,0,2,472,0,34.403800964
3,"map(from: a)",256,32,132,0,2,11,0,28.705596924
3,"map(from: a)",256,32,132,0,2,1218,0,42.498111725
3,"map(from: a)",256,32,132,0,2,4,0,30.958652496
3,"map(from: a)",256,32,132,0,2,3140,0,63.443183899
3,"map(from: a)",256,32,132,0,2,758,0,38.945674896
3,"map(from: a)",256,32,132,0,2,28,0,31.852722168
3,"map(from: a)",256,32,132,0,3,11,0,31.745433807
3,"map(from: a)",256,32,132,0,3,4,0,31.745433807
3,"map(from: a)",256,32,132,0,3,5042,0,83.351135254
3,"map(from: a)",256,32,132,0,3,183,0,29.790401459
3,"map(from: a)",256,32,132,0,3,17,0,31.054019928
3,"map(from: a)",256,32,132,0,3,3,0,32.150745392
3,"map(from: a)",256,32,132,0,3,28,0,31.399726868
3,"map(from: a)",256,32,132,0,3,1218,0,40.495395660
3,"map(from: a)",256,32,132,0,3,114,0,32.091140747
3,"map(from: a)",256,32,132,0,3,758,0,38.850307465
3,"map(from: a)",256,32,132,0,3,1955,0,49.757957458
3,"map(from: a)",256,32,132,0,3,472,0,33.855438232
3,"map(from: a)",256,32,132,0,3,7,0,31.697750092
3,"map(from: a)",256,32,132,0,3,44,0,30.803680420
3,"map(from: a)",256,32,132,0,3,3140,0,63.753128052
3,"map(from: a)",256,32,132,0,3,8096,0,115.847587585
3,"map(from: a)",256,32,132,0,3,71,0,32.949447632
3,"map(from: a)",256,32,132,0,3,1,0,30.195713043
3,"map(from: a)",256,32,132,0,3,2,0,31.447410583
3,"map(from: a)",256,32,132,0,3,294,0,34.594535828
3,"map(from: a)",256,32,132,0,4,3,0,29.897689819
3,"map(from: a)",256,32,132,0,4,8096,0,115.299224854
3,"map(from: a)",256,32,132,0,4,1,0,30.207633972
3,"map(from: a)",256,32,132,0,4,28,0,29.850006104
3,"map(from: a)",256,32,132,0,4,17,0,32.746791840
3,"map(from: a)",256,32,132,0,4,5042,0,83.243846893
3,"map(from: a)",256,32,132,0,4,7,0,30.350685120
3,"map(from: a)",256,32,132,0,4,114,0,30.207633972
3,"map(from: a)",256,32,132,0,4,44,0,32.603740692
3,"map(from: a)",256,32,132,0,4,2,0,30.398368835
3,"map(from: a)",256,32,132,0,4,294,0,34.201145172
3,"map(from: a)",256,32,132,0,4,758,0,37.848949432
3,"map(from: a)",256,32,132,0,4,183,0,33.998489380
3,"map(from: a)",256,32,132,0,4,4,0,31.304359436
3,"map(from: a)",256,32,132,0,4,1218,0,43.606758118
3,"map(from: a)",256,32,132,0,4,71,0,33.497810364
3,"map(from: a)",256,32,132,0,4,1955,0,50.151348114
3,"map(from: a)",256,32,132,0,4,11,0,32.198429108
3,"map(from: a)",256,32,132,0,4,472,0,34.606456757
3,"map(from: a)",256,32,132,0,4,3140,0,63.407421112
3,"map(from: a)",256,32,132,1,0,2,0,30.100345612
3,"map(from: a)",256,32,132,1,0,4,0,32.246112823
3,"map(from: a)",256,32,132,1,0,472,0,34.749507904
3,"map(from: a)",256,32,132,1,0,3140,0,62.596797943
3,"map(from: a)",256,32,132,1,0,183,0,34.499168396
3,"map(from: a)",256,32,132,1,0,28,0,32.746791840
3,"map(from: a)",256,32,132,1,0,71,0,30.553340912
3,"map(from: a)",256,32,132,1,0,1218,0,43.702125549
3,"map(from: a)",256,32,132,1,0,294,0,33.998489380
3,"map(from: a)",256,32,132,1,0,1,0,31.805038452
3,"map(from: a)",256,32,132,1,0,7,0,28.502941132
3,"map(from: a)",256,32,132,1,0,1955,0,51.200389862
3,"map(from: a)",256,32,132,1,0,758,0,37.789344788
3,"map(from: a)",256,32,132,1,0,114,0,32.246112823
3,"map(from: a)",256,32,132,1,0,11,0,32.997131348
3,"map(from: a)",256,32,132,1,0,3,0,29.897689819
3,"map(from: a)",256,32,132,1,0,8096,0,115.597248077
3,"map(from: a)",256,32,132,1,0,44,0,30.899047852
3,"map(from: a)",256,32,132,1,0,17,0,30.350685120
3,"map(from: a)",256,32,132,1,0,5042,0,82.910060883
3,"map(from: a)",256,32,132,1,1,758,0,38.897991180
3,"map(from: a)",256,32,132,1,1,3,0,30.601024628
3,"map(from: a)",256,32,132,1,1,3140,0,62.954425812
3,"map(from: a)",256,32,132,1,1,1955,0,50.246715546
3,"map(from: a)",256,32,132,1,1,44,0,32.901763916
3,"map(from: a)",256,32,132,1,1,17,0,31.292438507
3,"map(from: a)",256,32,132,1,1,294,0,35.047531128
3,"map(from: a)",256,32,132,1,1,28,0,32.746791840
3,"map(from: a)",256,32,132,1,1,114,0,33.199787140
3,"map(from: a)",256,32,132,1,1,2,0,29.039382935
3,"map(from: a)",256,32,132,1,1,7,0,30.994415283
3,"map(from: a)",256,32,132,1,1,183,0,33.152103424
3,"map(from: a)",256,32,132,1,1,8096,0,116.503238678
3,"map(from: a)",256,32,132,1,1,11,0,32.556056976
3,"map(from: a)",256,32,132,1,1,1,0,28.955936432
3,"map(from: a)",256,32,132,1,1,1218,0,41.246414185
3,"map(from: a)",256,32,132,1,1,472,0,33.497810364
3,"map(from: a)",256,32,132,1,1,71,0,32.949447632
3,"map(from: a)",256,32,132,1,1,5042,0,83.947181702
3,"map(from: a)",256,32,132,1,1,4,0,31.602382660
3,"map(from: a)",256,32,132,1,2,2,0,31.352043152
3,"map(from: a)",256,32,132,1,2,71,0,32.401084900
3,"map(from: a)",256,32,132,1,2,17,0,32.305717468
3,"map(from: a)",256,32,132,1,2,472,0,31.054019928
3,"map(from: a)",256,32,132,1,2,5042,0,82.898139954
3,"map(from: a)",256,32,132,1,2,28,0,34.201145172
3,"map(from: a)",256,32,132,1,2,44,0,31.948089600
3,"map(from: a)",256,32,132,1,2,1218,0,42.748451233
3,"map(from: a)",256,32,132,1,2,4,0,31.054019928
3,"map(from: a)",256,32,132,1,2,1955,0,50.795078278
3,"map(from: a)",256,32,132,1,2,183,0,32.305717468
3,"map(from: a)",256,32,132,1,2,7,0,32.699108124
3,"map(from: a)",256,32,132,1,2,758,0,38.349628448
3,"map(from: a)",256,32,132,1,2,1,0,31.757354736
3,"map(from: a)",256,32,132,1,2,3140,0,64.194202423
3,"map(from: a)",256,32,132,1,2,8096,0,115.656852722
3,"map(from: a)",256,32,132,1,2,3,0,31.054019928
3,"map(from: a)",256,32,132,1,2,114,0,32.103061676
3,"map(from: a)",256,32,132,1,2,11,0,30.398368835
3,"map(from: a)",256,32,132,1,2,294,0,32.448768616
3,"map(from: a)",256,32,132,1,3,1,0,29.492378235
3,"map(from: a)",256,32,132,1,3,17,0,31.089782715
3,"map(from: a)",256,32,132,1,3,294,0,34.296512604
3,"map(from: a)",256,32,132,1,3,5042,0,82.457065582
3,"map(from: a)",256,32,132,1,3,114,0,33.354759216
3,"map(from: a)",256,32,132,1,3,28,0,32.007694244
3,"map(from: a)",256,32,132,1,3,1218,0,43.296813965
3,"map(from: a)",256,32,132,1,3,2,0,29.754638672
3,"map(from: a)",256,32,132,1,3,3,0,32.746791840
3,"map(from: a)",256,32,132,1,3,4,0,30.040740967
3,"map(from: a)",256,32,132,1,3,758,0,37.896633148
3,"map(from: a)",256,32,132,1,3,11,0,31.757354736
3,"map(from: a)",256,32,132,1,3,44,0,31.554698944
3,"map(from: a)",256,32,132,1,3,472,0,35.190582275
3,"map(from: a)",256,32,132,1,3,7,0,30.601024628
3,"map(from: a)",256,32,132,1,3,1955,0,51.307678223
3,"map(from: a)",256,32,132,1,3,71,0,32.603740692
3,"map(from: a)",256,32,132,1,3,183,0,33.295154572
3,"map(from: a)",256,32,132,1,3,8096,0,114.250183105
3,"map(from: a)",256,32,132,1,3,3140,0,63.550472260
3,"map(from: a)",256,32,132,1,4,472,0,34.260749817
3,"map(from: a)",256,32,132,1,4,71,0,33.056735992
3,"map(from: a)",256,32,132,1,4,1,0,31.042098999
3,"map(from: a)",256,32,132,1,4,11,0,32.007694244
3,"map(from: a)",256,32,132,1,4,4,0,33.807754517
3,"map(from: a)",256,32,132,1,4,3140,0,62.954425812
3,"map(from: a)",256,32,132,1,4,28,0,31.602382660
3,"map(from: a)",256,32,132,1,4,1218,0,39.899349213
3,"map(from: a)",256,32,132,1,4,2,0,30.601024628
3,"map(from: a)",256,32,132,1,4,183,0,33.402442932
3,"map(from: a)",256,32,132,1,4,5042,0,82.993507385
3,"map(from: a)",256,32,132,1,4,114,0,33.342838287
3,"map(from: a)",256,32,132,1,4,3,0,31.745433807
3,"map(from: a)",256,32,132,1,4,44,0,32.448768616
3,"map(from: a)",256,32,132,1,4,758,0,38.802623749
3,"map(from: a)",256,32,132,1,4,8096,0,116.050243378
3,"map(from: a)",256,32,132,1,4,1955,0,50.795078278
3,"map(from: a)",256,32,132,1,4,294,0,34.499168396
3,"map(from: a)",256,32,132,1,4,7,0,31.292438507
3,"map(from: a)",256,32,132,1,4,17,0,30.243396759
3,"map(from: a)",1024,32,132,0,0,7,0,33.009052277
3,"map(from: a)",1024,32,132,0,0,114,0,33.903121948
3,"map(from: a)",1024,32,132,0,0,3,0,30.791759491
3,"map(from: a)",1024,32,132,0,0,17,0,32.448768616
3,"map(from: a)",1024,32,132,0,0,1,0,31.304359436
3,"map(from: a)",1024,32,132,0,0,44,0,33.044815063
3,"map(from: a)",1024,32,132,0,0,294,0,34.546852112
3,"map(from: a)",1024,32,132,0,0,3140,0,64.659118652
3,"map(from: a)",1024,32,132,0,0,4,0,31.745433807
3,"map(from: a)",1024,32,132,0,0,1955,0,50.199031830
3,"map(from: a)",1024,32,132,0,0,183,0,33.807754517
3,"map(from: a)",1024,32,132,0,0,8096,0,116.157531738
3,"map(from: a)",1024,32,132,0,0,758,0,38.695335388
3,"map(from: a)",1024,32,132,0,0,71,0,33.104419708
3,"map(from: a)",1024,32,132,0,0,2,0,29.802322388
3,"map(from: a)",1024,32,132,0,0,11,0,32.007694244
3,"map(from: a)",1024,32,132,0,0,28,0,32.901763916
3,"map(from: a)",1024,32,132,0,0,5042,0,82.910060883
3,"map(from: a)",1024,32,132,0,0,1218,0,42.760372162
3,"map(from: a)",1024,32,132,0,0,472,0,34.093856812
3,"map(from: a)",1024,32,132,0,1,4,0,30.601024628
3,"map(from: a)",1024,32,132,0,1,1,0,30.601024628
3,"map(from: a)",1024,32,132,0,1,17,0,31.757354736
3,"map(from: a)",1024,32,132,0,1,28,0,32.508373260
3,"map(from: a)",1024,32,132,0,1,11,0,31.948089600
3,"map(from: a)",1024,32,132,0,1,3140,0,61.357021332
3,"map(from: a)",1024,32,132,0,1,2,0,32.794475555
3,"map(from: a)",1024,32,132,0,1,758,0,39.398670197
3,"map(from: a)",1024,32,132,0,1,1218,0,42.653083801
3,"map(from: a)",1024,32,132,0,1,44,0,33.342838287
3,"map(from: a)",1024,32,132,0,1,71,0,33.247470856
3,"map(from: a)",1024,32,132,0,1,114,0,32.889842987
3,"map(from: a)",1024,32,132,0,1,294,0,34.749507904
3,"map(from: a)",1024,32,132,0,1,7,0,30.601024628
3,"map(from: a)",1024,32,132,0,1,183,0,34.201145172
3,"map(from: a)",1024,32,132,0,1,8096,0,115.847587585
3,"map(from: a)",1024,32,132,0,1,472,0,35.095214844
3,"map(from: a)",1024,32,132,0,1,1955,0,49.555301666
3,"map(from: a)",1024,32,132,0,1,3,0,29.647350311
3,"map(from: a)",1024,32,132,0,1,5042,0,83.196163177
3,"map(from: a)",1024,32,132,0,2,3,0,31.352043152
3,"map(from: a)",1024,32,132,0,2,44,0,33.342838287
3,"map(from: a)",1024,32,132,0,2,1,0,29.659271240
3,"map(from: a)",1024,32,132,0,2,183,0,33.152103424
3,"map(from: a)",1024,32,132,0,2,294,0,34.546852112
3,"map(from: a)",1024,32,132,0,2,5042,0,83.243846893
3,"map(from: a)",1024,32,132,0,2,7,0,30.755996704
3,"map(from: a)",1024,32,132,0,2,8096,0,114.798545837
3,"map(from: a)",1024,32,132,0,2,2,0,31.542778015
3,"map(from: a)",1024,32,132,0,2,114,0,32.794475555
3,"map(from: a)",1024,32,132,0,2,71,0,33.354759216
3,"map(from: a)",1024,32,132,0,2,1955,0,50.902366638
3,"map(from: a)",1024,32,132,0,2,17,0,31.244754791
3,"map(from: a)",1024,32,132,0,2,472,0,36.394596100
3,"map(from: a)",1024,32,132,0,2,11,0,32.639503479
3,"map(from: a)",1024,32,132,0,2,1218,0,43.153762817
3,"map(from: a)",1024,32,132,0,2,4,0,30.899047852
3,"map(from: a)",1024,32,132,0,2,3140,0,62.906742096
3,"map(from: a)",1024,32,132,0,2,758,0,39.398670197
3,"map(from: a)",1024,32,132,0,2,28,0,32.699108124
3,"map(from: a)",1024,32,132,0,3,11,0,31.697750092
3,"map(from: a)",1024,32,132,0,3,4,0,31.650066376
3,"map(from: a)",1024,32,132,0,3,5042,0,83.148479462
3,"map(from: a)",1024,32,132,0,3,183,0,34.141540527
3,"map(from: a)",1024,32,132,0,3,17,0,30.791759491
3,"map(from: a)",1024,32,132,0,3,3,0,31.149387360
3,"map(from: a)",1024,32,132,0,3,28,0,32.043457031
3,"map(from: a)",1024,32,132,0,3,1218,0,43.594837189
3,"map(from: a)",1024,32,132,0,3,114,0,32.997131348
3,"map(from: a)",1024,32,132,0,3,758,0,36.859512329
3,"map(from: a)",1024,32,132,0,3,1955,0,50.854682922
3,"map(from: a)",1024,32,132,0,3,472,0,35.798549652
3,"map(from: a)",1024,32,132,0,3,7,0,30.958652496
3,"map(from: a)",1024,32,132,0,3,44,0,32.246112823
3,"map(from: a)",1024,32,132,0,3,3140,0,63.908100128
3,"map(from: a)",1024,32,132,0,3,8096,0,115.644931793
3,"map(from: a)",1024,32,132,0,3,71,0,32.949447632
3,"map(from: a)",1024,32,132,0,3,1,0,31.054019928
3,"map(from: a)",1024,32,132,0,3,2,0,30.696392059
3,"map(from: a)",1024,32,132,0,3,294,0,34.201145172
3,"map(from: a)",1024,32,132,0,4,3,0,31.602382660
3,"map(from: a)",1024,32,132,0,4,8096,0,115.752220154
3,"map(from: a)",1024,32,132,0,4,1,0,32.651424408
3,"map(from: a)",1024,32,132,0,4,28,0,29.397010803
3,"map(from: a)",1024,32,132,0,4,17,0,32.198429108
3,"map(from: a)",1024,32,132,0,4,5042,0,82.099437714
3,"map(from: a)",1024,32,132,0,4,7,0,33.199787140
3,"map(from: a)",1024,32,132,0,4,114,0,33.092498779
3,"map(from: a)",1024,32,132,0,4,44,0,32.448768616
3,"map(from: a)",1024,32,132,0,4,2,0,31.495094299
3,"map(from: a)",1024,32,132,0,4,294,0,34.952163696
3,"map(from: a)",1024,32,132,0,4,758,0,40.555000305
3,"map(from: a)",1024,32,132,0,4,183,0,34.356117249
3,"map(from: a)",1024,32,132,0,4,4,0,31.852722168
3,"map(from: a)",1024,32,132,0,4,1218,0,42.998790741
3,"map(from: a)",1024,32,132,0,4,71,0,31.995773315
3,"map(from: a)",1024,32,132,0,4,1955,0,49.591064453
3,"map(from: a)",1024,32,132,0,4,11,0,30.446052551
3,"map(from: a)",1024,32,132,0,4,472,0,33.950805664
3,"map(from: a)",1024,32,132,0,4,3140,0,64.408779144
3,"map(from: a)",1024,32,132,1,0,2,0,29.957294464
3,"map(from: a)",1024,32,132,1,0,4,0,31.447410583
3,"map(from: a)",1024,32,132,1,0,472,0,34.797191620
3,"map(from: a)",1024,32,132,1,0,3140,0,63.657760620
3,"map(from: a)",1024,32,132,1,0,183,0,29.850006104
3,"map(from: a)",1024,32,132,1,0,28,0,32.198429108
3,"map(from: a)",1024,32,132,1,0,71,0,32.854080200
3,"map(from: a)",1024,32,132,1,0,1218,0,43.845176697
3,"map(from: a)",1024,32,132,1,0,294,0,35.750865936
3,"map(from: a)",1024,32,132,1,0,1,0,32.794475555
3,"map(from: a)",1024,32,132,1,0,7,0,30.755996704
3,"map(from: a)",1024,32,132,1,0,1955,0,50.747394562
3,"map(from: a)",1024,32,132,1,0,758,0,38.754940033
3,"map(from: a)",1024,32,132,1,0,114,0,32.353401184
3,"map(from: a)",1024,32,132,1,0,11,0,32.699108124
3,"map(from: a)",1024,32,132,1,0,3,0,32.150745392
3,"map(from: a)",1024,32,132,1,0,8096,0,114.810466766
3,"map(from: a)",1024,32,132,1,0,44,0,32.806396484
3,"map(from: a)",1024,32,132,1,0,17,0,32.341480255
3,"map(from: a)",1024,32,132,1,0,5042,0,83.839893341
3,"map(from: a)",1024,32,132,1,1,758,0,37.693977356
3,"map(from: a)",1024,32,132,1,1,3,0,30.493736267
3,"map(from: a)",1024,32,132,1,1,3140,0,63.896179199
3,"map(from: a)",1024,32,132,1,1,1955,0,52.499771118
3,"map(from: a)",1024,32,132,1,1,44,0,30.052661896
3,"map(from: a)",1024,32,132,1,1,17,0,32.150745392
3,"map(from: a)",1024,32,132,1,1,294,0,35.345554352
3,"map(from: a)",1024,32,132,1,1,28,0,31.554698944
3,"map(from: a)",1024,32,132,1,1,114,0,32.746791840
3,"map(from: a)",1024,32,132,1,1,2,0,30.994415283
3,"map(from: a)",1024,32,132,1,1,7,0,31.399726868
3,"map(from: a)",1024,32,132,1,1,183,0,33.247470856
3,"map(from: a)",1024,32,132,1,1,8096,0,115.489959717
3,"map(from: a)",1024,32,132,1,1,11,0,31.101703644
3,"map(from: a)",1024,32,132,1,1,1,0,31.054019928
3,"map(from: a)",1024,32,132,1,1,1218,0,43.952465057
3,"map(from: a)",1024,32,132,1,1,472,0,34.701824188
3,"map(from: a)",1024,32,132,1,1,71,0,32.842159271
3,"map(from: a)",1024,32,132,1,1,5042,0,84.352493286
3,"map(from: a)",1024,32,132,1,1,4,0,31.495094299
3,"map(from: a)",1024,32,132,1,2,2,0,31.399726868
3,"map(from: a)",1024,32,132,1,2,71,0,33.497810364
3,"map(from: a)",1024,32,132,1,2,17,0,32.854080200
3,"map(from: a)",1024,32,132,1,2,472,0,35.107135773
3,"map(from: a)",1024,32,132,1,2,5042,0,83.696842194
3,"map(from: a)",1024,32,132,1,2,28,0,33.199787140
3,"map(from: a)",1024,32,132,1,2,44,0,33.402442932
3,"map(from: a)",1024,32,132,1,2,1218,0,42.390823364
3,"map(from: a)",1024,32,132,1,2,4,0,30.803680420
3,"map(from: a)",1024,32,132,1,2,1955,0,51.009654999
3,"map(from: a)",1024,32,132,1,2,183,0,34.892559052
3,"map(from: a)",1024,32,132,1,2,7,0,30.899047852
3,"map(from: a)",1024,32,132,1,2,758,0,38.599967957
3,"map(from: a)",1024,32,132,1,2,1,0,30.303001404
3,"map(from: a)",1024,32,132,1,2,3140,0,64.194202423
3,"map(from: a)",1024,32,132,1,2,8096,0,114.345550537
3,"map(from: a)",1024,32,132,1,2,3,0,29.540061951
3,"map(from: a)",1024,32,132,1,2,114,0,32.854080200
3,"map(from: a)",1024,32,132,1,2,11,0,32.508373260
3,"map(from: a)",1024,32,132,1,2,294,0,34.499168396
3,"map(from: a)",1024,32,132,1,3,1,0,31.447410583
3,"map(from: a)",1024,32,132,1,3,17,0,31.852722168
3,"map(from: a)",1024,32,132,1,3,294,0,34.797191620
3,"map(from: a)",1024,32,132,1,3,5042,0,84.400177002
3,"map(from: a)",1024,32,132,1,3,114,0,30.696392059
3,"map(from: a)",1024,32,132,1,3,28,0,33.152103424
3,"map(from: a)",1024,32,132,1,3,1218,0,43.451786041
3,"map(from: a)",1024,32,132,1,3,2,0,27.859210968
3,"map(from: a)",1024,32,132,1,3,3,0,31.352043152
3,"map(from: a)",1024,32,132,1,3,4,0,32.651424408
3,"map(from: a)",1024,32,132,1,3,758,0,37.801265717
3,"map(from: a)",1024,32,132,1,3,11,0,32.997131348
3,"map(from: a)",1024,32,132,1,3,44,0,33.700466156
3,"map(from: a)",1024,32,132,1,3,472,0,35.250186920
3,"map(from: a)",1024,32,132,1,3,7,0,30.493736267
3,"map(from: a)",1024,32,132,1,3,1955,0,50.806999207
3,"map(from: a)",1024,32,132,1,3,71,0,34.403800964
3,"map(from: a)",1024,32,132,1,3,183,0,34.153461456
3,"map(from: a)",1024,32,132,1,3,8096,0,116.848945618
3,"map(from: a)",1024,32,132,1,3,3140,0,64.098834991
3,"map(from: a)",1024,32,132,1,4,472,0,35.858154297
3,"map(from: a)",1024,32,132,1,4,71,0,32.699108124
3,"map(from: a)",1024,32,132,1,4,1,0,31.304359436
3,"map(from: a)",1024,32,132,1,4,11,0,32.901763916
3,"map(from: a)",1024,32,132,1,4,4,0,31.554698944
3,"map(from: a)",1024,32,132,1,4,3140,0,64.301490784
3,"map(from: a)",1024,32,132,1,4,28,0,31.495094299
3,"map(from: a)",1024,32,132,1,4,1218,0,43.857097626
3,"map(from: a)",1024,32,132,1,4,2,0,31.197071075
3,"map(from: a)",1024,32,132,1,4,183,0,28.848648071
3,"map(from: a)",1024,32,132,1,4,5042,0,81.944465637
3,"map(from: a)",1024,32,132,1,4,114,0,32.842159271
3,"map(from: a)",1024,32,132,1,4,3,0,31.352043152
3,"map(from: a)",1024,32,132,1,4,44,0,33.891201019
3,"map(from: a)",1024,32,132,1,4,758,0,39.899349213
3,"map(from: a)",1024,32,132,1,4,8096,0,115.501880646
3,"map(from: a)",1024,32,132,1,4,1955,0,51.498413086
3,"map(from: a)",1024,32,132,1,4,294,0,33.950805664
3,"map(from: a)",1024,32,132,1,4,7,0,29.551982880
3,"map(from: a)",1024,32,132,1,4,17,0,32.198429108
3,"map(from: a)",4096,32,132,0,0,7,0,38.206577301
3,"map(from: a)",4096,32,132,0,0,114,0,39.100646973
3,"map(from: a)",4096,32,132,0,0,3,0,35.500526428
3,"map(from: a)",4096,32,132,0,0,17,0,37.956237793
3,"map(from: a)",4096,32,132,0,0,1,0,36.799907684
3,"map(from: a)",4096,32,132,0,0,44,0,37.193298340
3,"map(from: a)",4096,32,132,0,0,294,0,37.050247192
3,"map(from: a)",4096,32,132,0,0,3140,0,69.403648376
3,"map(from: a)",4096,32,132,0,0,4,0,35.357475281
3,"map(from: a)",4096,32,132,0,0,1955,0,55.646896362
3,"map(from: a)",4096,32,132,0,0,183,0,39.291381836
3,"map(from: a)",4096,32,132,0,0,8096,0,119.245052338
3,"map(from: a)",4096,32,132,0,0,758,0,44.751167297
3,"map(from: a)",4096,32,132,0,0,71,0,38.659572601
3,"map(from: a)",4096,32,132,0,0,2,0,36.096572876
3,"map(from: a)",4096,32,132,0,0,11,0,34.999847412
3,"map(from: a)",4096,32,132,0,0,28,0,34.999847412
3,"map(from: a)",4096,32,132,0,0,5042,0,88.202953339
3,"map(from: a)",4096,32,132,0,0,1218,0,48.148632050
3,"map(from: a)",4096,32,132,0,0,472,0,40.495395660
3,"map(from: a)",4096,32,132,0,1,4,0,36.799907684
3,"map(from: a)",4096,32,132,0,1,1,0,35.250186920
3,"map(from: a)",4096,32,132,0,1,17,0,37.646293640
3,"map(from: a)",4096,32,132,0,1,28,0,37.145614624
3,"map(from: a)",4096,32,132,0,1,11,0,36.501884460
3,"map(from: a)",4096,32,132,0,1,3140,0,67.496299744
3,"map(from: a)",4096,32,132,0,1,2,0,35.905838013
3,"map(from: a)",4096,32,132,0,1,758,0,45.645236969
3,"map(from: a)",4096,32,132,0,1,1218,0,48.911571503
3,"map(from: a)",4096,32,132,0,1,44,0,38.301944733
3,"map(from: a)",4096,32,132,0,1,71,0,37.956237793
3,"map(from: a)",4096,32,132,0,1,114,0,39.649009705
3,"map(from: a)",4096,32,132,0,1,294,0,40.054321289
3,"map(from: a)",4096,32,132,0,1,7,0,35.452842712
3,"map(from: a)",4096,32,132,0,1,183,0,39.446353912
3,"map(from: a)",4096,32,132,0,1,8096,0,121.593475342
3,"map(from: a)",4096,32,132,0,1,472,0,40.757656097
3,"map(from: a)",4096,32,132,0,1,1955,0,56.946277618
3,"map(from: a)",4096,32,132,0,1,3,0,35.703182220
3,"map(from: a)",4096,32,132,0,1,5042,0,89.097023010
3,"map(from: a)",4096,32,132,0,2,3,0,35.500526428
3,"map(from: a)",4096,32,132,0,2,44,0,39.541721344
3,"map(from: a)",4096,32,132,0,2,1,0,36.346912384
3,"map(from: a)",4096,32,132,0,2,183,0,39.851665497
3,"map(from: a)",4096,32,132,0,2,294,0,38.957595825
3,"map(from: a)",4096,32,132,0,2,5042,0,87.952613831
3,"map(from: a)",4096,32,132,0,2,7,0,35.846233368
3,"map(from: a)",4096,32,132,0,2,8096,0,120.449066162
3,"map(from: a)",4096,32,132,0,2,2,0,36.740303040
3,"map(from: a)",4096,32,132,0,2,114,0,36.799907684
3,"map(from: a)",4096,32,132,0,2,71,0,38.897991180
3,"map(from: a)",4096,32,132,0,2,1955,0,56.493282318
3,"map(from: a)",4096,32,132,0,2,17,0,38.194656372
3,"map(from: a)",4096,32,132,0,2,472,0,39.303302765
3,"map(from: a)",4096,32,132,0,2,11,0,37.550926208
3,"map(from: a)",4096,32,132,0,2,1218,0,47.993659973
3,"map(from: a)",4096,32,132,0,2,4,0,36.859512329
3,"map(from: a)",4096,32,132,0,2,3140,0,68.843364716
3,"map(from: a)",4096,32,132,0,2,758,0,43.296813965
3,"map(from: a)",4096,32,132,0,2,28,0,36.144256592
3,"map(from: a)",4096,32,132,0,3,11,0,36.740303040
3,"map(from: a)",4096,32,132,0,3,4,0,36.549568176
3,"map(from: a)",4096,32,132,0,3,5042,0,87.559223175
3,"map(from: a)",4096,32,132,0,3,183,0,39.398670197
3,"map(from: a)",4096,32,132,0,3,17,0,38.850307465
3,"map(from: a)",4096,32,132,0,3,3,0,36.442279816
3,"map(from: a)",4096,32,132,0,3,28,0,39.100646973
3,"map(from: a)",4096,32,132,0,3,1218,0,47.397613525
3,"map(from: a)",4096,32,132,0,3,114,0,38.254261017
3,"map(from: a)",4096,32,132,0,3,758,0,44.453144073
3,"map(from: a)",4096,32,132,0,3,1955,0,57.101249695
3,"map(from: a)",4096,32,132,0,3,472,0,39.505958557
3,"map(from: a)",4096,32,132,0,3,7,0,36.406517029
3,"map(from: a)",4096,32,132,0,3,44,0,37.300586700
3,"map(from: a)",4096,32,132,0,3,3140,0,67.698955536
3,"map(from: a)",4096,32,132,0,3,8096,0,119.352340698
3,"map(from: a)",4096,32,132,0,3,71,0,38.099288940
3,"map(from: a)",4096,32,132,0,3,1,0,37.097930908
3,"map(from: a)",4096,32,132,0,3,2,0,35.440921783
3,"map(from: a)",4096,32,132,0,3,294,0,40.447711945
3,"map(from: a)",4096,32,132,0,4,3,0,35.047531128
3,"map(from: a)",4096,32,132,0,4,8096,0,120.639801025
3,"map(from: a)",4096,32,132,0,4,1,0,36.489963531
3,"map(from: a)",4096,32,132,0,4,28,0,39.196014404
3,"map(from: a)",4096,32,132,0,4,17,0,38.051605225
3,"map(from: a)",4096,32,132,0,4,5042,0,88.548660278
3,"map(from: a)",4096,32,132,0,4,7,0,37.443637848
3,"map(from: a)",4096,32,132,0,4,114,0,37.908554077
3,"map(from: a)",4096,32,132,0,4,44,0,36.048889160
3,"map(from: a)",4096,32,132,0,4,2,0,35.345554352
3,"map(from: a)",4096,32,132,0,4,294,0,40.304660797
3,"map(from: a)",4096,32,132,0,4,758,0,45.108795166
3,"map(from: a)",4096,32,132,0,4,183,0,40.602684021
3,"map(from: a)",4096,32,132,0,4,4,0,37.157535553
3,"map(from: a)",4096,32,132,0,4,1218,0,48.553943634
3,"map(from: a)",4096,32,132,0,4,71,0,38.146972656
3,"map(from: a)",4096,32,132,0,4,1955,0,53.954124451
3,"map(from: a)",4096,32,132,0,4,11,0,38.146972656
3,"map(from: a)",4096,32,132,0,4,472,0,39.255619049
3,"map(from: a)",4096,32,132,0,4,3140,0,68.342685699
3,"map(from: a)",4096,32,132,1,0,2,0,36.704540253
3,"map(from: a)",4096,32,132,1,0,4,0,35.500526428
3,"map(from: a)",4096,32,132,1,0,472,0,36.847591400
3,"map(from: a)",4096,32,132,1,0,3140,0,68.497657776
3,"map(from: a)",4096,32,132,1,0,183,0,39.100646973
3,"map(from: a)",4096,32,132,1,0,28,0,38.301944733
3,"map(from: a)",4096,32,132,1,0,71,0,39.708614349
3,"map(from: a)",4096,32,132,1,0,1218,0,49.352645874
3,"map(from: a)",4096,32,132,1,0,294,0,40.149688721
3,"map(from: a)",4096,32,132,1,0,1,0,36.799907684
3,"map(from: a)",4096,32,132,1,0,7,0,37.300586700
3,"map(from: a)",4096,32,132,1,0,1955,0,57.852268219
3,"map(from: a)",4096,32,132,1,0,758,0,43.296813965
3,"map(from: a)",4096,32,132,1,0,114,0,38.254261017
3,"map(from: a)",4096,32,132,1,0,11,0,34.153461456
3,"map(from: a)",4096,32,132,1,0,3,0,37.145614624
3,"map(from: a)",4096,32,132,1,0,8096,0,121.295452118
3,"map(from: a)",4096,32,132,1,0,44,0,38.897991180
3,"map(from: a)",4096,32,132,1,0,17,0,36.203861237
3,"map(from: a)",4096,32,132,1,0,5042,0,88.405609131
3,"map(from: a)",4096,32,132,1,1,758,0,44.250488281
3,"map(from: a)",4096,32,132,1,1,3,0,34.892559052
3,"map(from: a)",4096,32,132,1,1,3140,0,68.891048431
3,"map(from: a)",4096,32,132,1,1,1955,0,56.648254395
3,"map(from: a)",4096,32,132,1,1,44,0,37.407875061
3,"map(from: a)",4096,32,132,1,1,17,0,36.799907684
3,"map(from: a)",4096,32,132,1,1,294,0,37.205219269
3,"map(from: a)",4096,32,132,1,1,28,0,36.549568176
3,"map(from: a)",4096,32,132,1,1,114,0,37.801265717
3,"map(from: a)",4096,32,132,1,1,2,0,35.393238068
3,"map(from: a)",4096,32,132,1,1,7,0,35.500526428
3,"map(from: a)",4096,32,132,1,1,183,0,39.398670197
3,"map(from: a)",4096,32,132,1,1,8096,0,121.855735779
3,"map(from: a)",4096,32,132,1,1,11,0,36.799907684
3,"map(from: a)",4096,32,132,1,1,1,0,36.311149597
3,"map(from: a)",4096,32,132,1,1,1218,0,48.243999481
3,"map(from: a)",4096,32,132,1,1,472,0,39.696693420
3,"map(from: a)",4096,32,132,1,1,71,0,38.099288940
3,"map(from: a)",4096,32,132,1,1,5042,0,89.502334595
3,"map(from: a)",4096,32,132,1,1,4,0,36.692619324
3,"map(from: a)",4096,32,132,1,2,2,0,35.893917084
3,"map(from: a)",4096,32,132,1,2,71,0,38.290023804
3,"map(from: a)",4096,32,132,1,2,17,0,36.096572876
3,"map(from: a)",4096,32,132,1,2,472,0,39.803981781
3,"map(from: a)",4096,32,132,1,2,5042,0,88.202953339
3,"map(from: a)",4096,32,132,1,2,28,0,38.099288940
3,"map(from: a)",4096,32,132,1,2,44,0,37.646293640
3,"map(from: a)",4096,32,132,1,2,1218,0,45.704841614
3,"map(from: a)",4096,32,132,1,2,4,0,35.655498505
3,"map(from: a)",4096,32,132,1,2,1955,0,55.599212646
3,"map(from: a)",4096,32,132,1,2,183,0,39.350986481
3,"map(from: a)",4096,32,132,1,2,7,0,35.905838013
3,"map(from: a)",4096,32,132,1,2,758,0,44.202804565
3,"map(from: a)",4096,32,132,1,2,1,0,35.059452057
3,"map(from: a)",4096,32,132,1,2,3140,0,67.400932312
3,"map(from: a)",4096,32,132,1,2,8096,0,121.593475342
3,"map(from: a)",4096,32,132,1,2,3,0,36.752223969
3,"map(from: a)",4096,32,132,1,2,114,0,40.900707245
3,"map(from: a)",4096,32,132,1,2,11,0,36.740303040
3,"map(from: a)",4096,32,132,1,2,294,0,37.097930908
3,"map(from: a)",4096,32,132,1,3,1,0,35.452842712
3,"map(from: a)",4096,32,132,1,3,17,0,36.895275116
3,"map(from: a)",4096,32,132,1,3,294,0,40.197372437
3,"map(from: a)",4096,32,132,1,3,5042,0,90.491771698
3,"map(from: a)",4096,32,132,1,3,114,0,39.756298065
3,"map(from: a)",4096,32,132,1,3,28,0,37.491321564
3,"map(from: a)",4096,32,132,1,3,1218,0,49.352645874
3,"map(from: a)",4096,32,132,1,3,2,0,35.095214844
3,"map(from: a)",4096,32,132,1,3,3,0,35.846233368
3,"map(from: a)",4096,32,132,1,3,4,0,36.501884460
3,"map(from: a)",4096,32,132,1,3,758,0,43.559074402
3,"map(from: a)",4096,32,132,1,3,11,0,35.846233368
3,"map(from: a)",4096,32,132,1,3,44,0,37.157535553
3,"map(from: a)",4096,32,132,1,3,472,0,40.495395660
3,"map(from: a)",4096,32,132,1,3,7,0,34.844875336
3,"map(from: a)",4096,32,132,1,3,1955,0,56.850910187
3,"map(from: a)",4096,32,132,1,3,71,0,38.599967957
3,"map(from: a)",4096,32,132,1,3,183,0,39.148330688
3,"map(from: a)",4096,32,132,1,3,8096,0,120.246410370
3,"map(from: a)",4096,32,132,1,3,3140,0,70.405006409
3,"map(from: a)",4096,32,132,1,4,472,0,40.900707245
3,"map(from: a)",4096,32,132,1,4,71,0,37.598609924
3,"map(from: a)",4096,32,132,1,4,1,0,36.644935608
3,"map(from: a)",4096,32,132,1,4,11,0,36.692619324
3,"map(from: a)",4096,32,132,1,4,4,0,33.652782440
3,"map(from: a)",4096,32,132,1,4,3140,0,68.807601929
3,"map(from: a)",4096,32,132,1,4,28,0,38.552284241
3,"map(from: a)",4096,32,132,1,4,1218,0,47.349929810
3,"map(from: a)",4096,32,132,1,4,2,0,36.847591400
3,"map(from: a)",4096,32,132,1,4,183,0,38.599967957
3,"map(from: a)",4096,32,132,1,4,5042,0,87.499618530
3,"map(from: a)",4096,32,132,1,4,114,0,37.896633148
3,"map(from: a)",4096,32,132,1,4,3,0,36.656856537
3,"map(from: a)",4096,32,132,1,4,44,0,36.001205444
3,"map(from: a)",4096,32,132,1,4,758,0,44.250488281
3,"map(from: a)",4096,32,132,1,4,8096,0,120.353698730
3,"map(from: a)",4096,32,132,1,4,1955,0,56.445598602
3,"map(from: a)",4096,32,132,1,4,294,0,39.494037628
3,"map(from: a)",4096,32,132,1,4,7,0,37.693977356
3,"map(from: a)",4096,32,132,1,4,17,0,36.847591400
3,"map(from: a)",8192,32,132,0,0,7,0,41.592121124
3,"map(from: a)",8192,32,132,0,0,114,0,43.249130249
3,"map(from: a)",8192,32,132,0,0,3,0,41.949748993
3,"map(from: a)",8192,32,132,0,0,17,0,40.948390961
3,"map(from: a)",8192,32,132,0,0,1,0,39.553642273
3,"map(from: a)",8192,32,132,0,0,44,0,42.748451233
3,"map(from: a)",8192,32,132,0,0,294,0,42.903423309
3,"map(from: a)",8192,32,132,0,0,3140,0,74.541568756
3,"map(from: a)",8192,32,132,0,0,4,0,39.553642273
3,"map(from: a)",8192,32,132,0,0,1955,0,61.392784119
3,"map(from: a)",8192,32,132,0,0,183,0,43.249130249
3,"map(from: a)",8192,32,132,0,0,8096,0,124.955177307
3,"map(from: a)",8192,32,132,0,0,758,0,49.757957458
3,"map(from: a)",8192,32,132,0,0,71,0,42.402744293
3,"map(from: a)",8192,32,132,0,0,2,0,40.602684021
3,"map(from: a)",8192,32,132,0,0,11,0,42.307376862
3,"map(from: a)",8192,32,132,0,0,28,0,42.092800140
3,"map(from: a)",8192,32,132,0,0,5042,0,92.947483063
3,"map(from: a)",8192,32,132,0,0,1218,0,52.499771118
3,"map(from: a)",8192,32,132,0,0,472,0,45.299530029
3,"map(from: a)",8192,32,132,0,1,4,0,37.896633148
3,"map(from: a)",8192,32,132,0,1,1,0,39.243698120
3,"map(from: a)",8192,32,132,0,1,17,0,42.355060577
3,"map(from: a)",8192,32,132,0,1,28,0,43.499469757
3,"map(from: a)",8192,32,132,0,1,11,0,41.151046753
3,"map(from: a)",8192,32,132,0,1,3140,0,73.790550232
3,"map(from: a)",8192,32,132,0,1,2,0,40.853023529
3,"map(from: a)",8192,32,132,0,1,758,0,50.842761993
3,"map(from: a)",8192,32,132,0,1,1218,0,53.358078003
3,"map(from: a)",8192,32,132,0,1,44,0,43.606758118
3,"map(from: a)",8192,32,132,0,1,71,0,41.997432709
3,"map(from: a)",8192,32,132,0,1,114,0,43.702125549
3,"map(from: a)",8192,32,132,0,1,294,0,44.000148773
3,"map(from: a)",8192,32,132,0,1,7,0,40.805339813
3,"map(from: a)",8192,32,132,0,1,183,0,43.904781342
3,"map(from: a)",8192,32,132,0,1,8096,0,125.646591187
3,"map(from: a)",8192,32,132,0,1,472,0,44.357776642
3,"map(from: a)",8192,32,132,0,1,1955,0,60.546398163
3,"map(from: a)",8192,32,132,0,1,3,0,38.790702820
3,"map(from: a)",8192,32,132,0,1,5042,0,92.244148254
3,"map(from: a)",8192,32,132,0,2,3,0,40.495395660
3,"map(from: a)",8192,32,132,0,2,44,0,42.200088501
3,"map(from: a)",8192,32,132,0,2,1,0,40.698051453
3,"map(from: a)",8192,32,132,0,2,183,0,44.345855713
3,"map(from: a)",8192,32,132,0,2,294,0,45.394897461
3,"map(from: a)",8192,32,132,0,2,5042,0,94.294548035
3,"map(from: a)",8192,32,132,0,2,7,0,40.256977081
3,"map(from: a)",8192,32,132,0,2,8096,0,125.694274902
3,"map(from: a)",8192,32,132,0,2,2,0,40.447711945
3,"map(from: a)",8192,32,132,0,2,114,0,43.797492981
3,"map(from: a)",8192,32,132,0,2,71,0,42.593479156
3,"map(from: a)",8192,32,132,0,2,1955,0,59.652328491
3,"map(from: a)",8192,32,132,0,2,17,0,41.544437408
3,"map(from: a)",8192,32,132,0,2,472,0,43.690204620
3,"map(from: a)",8192,32,132,0,2,11,0,41.890144348
3,"map(from: a)",8192,32,132,0,2,1218,0,52.297115326
3,"map(from: a)",8192,32,132,0,2,4,0,40.650367737
3,"map(from: a)",8192,32,132,0,2,3140,0,73.540210724
3,"map(from: a)",8192,32,132,0,2,758,0,48.243999481
3,"map(from: a)",8192,32,132,0,2,28,0,44.059753418
3,"map(from: a)",8192,32,132,0,3,11,0,41.007995605
3,"map(from: a)",8192,32,132,0,3,4,0,38.897991180
3,"map(from: a)",8192,32,132,0,3,5042,0,91.850757599
3,"map(from: a)",8192,32,132,0,3,183,0,43.690204620
3,"map(from: a)",8192,32,132,0,3,17,0,41.651725769
3,"map(from: a)",8192,32,132,0,3,3,0,42.247772217
3,"map(from: a)",8192,32,132,0,3,28,0,42.343139648
3,"map(from: a)",8192,32,132,0,3,1218,0,54.049491882
3,"map(from: a)",8192,32,132,0,3,114,0,43.451786041
3,"map(from: a)",8192,32,132,0,3,758,0,48.851966858
3,"map(from: a)",8192,32,132,0,3,1955,0,61.106681824
3,"map(from: a)",8192,32,132,0,3,472,0,43.404102325
3,"map(from: a)",8192,32,132,0,3,7,0,40.948390961
3,"map(from: a)",8192,32,132,0,3,44,0,44.298171997
3,"map(from: a)",8192,32,132,0,3,3140,0,74.791908264
3,"map(from: a)",8192,32,132,0,3,8096,0,125.002861023
3,"map(from: a)",8192,32,132,0,3,71,0,41.949748993
3,"map(from: a)",8192,32,132,0,3,1,0,40.841102600
3,"map(from: a)",8192,32,132,0,3,2,0,40.507316589
3,"map(from: a)",8192,32,132,0,3,294,0,44.894218445
3,"map(from: a)",8192,32,132,0,4,3,0,40.900707245
3,"map(from: a)",8192,32,132,0,4,8096,0,125.956535339
3,"map(from: a)",8192,32,132,0,4,1,0,39.446353912
3,"map(from: a)",8192,32,132,0,4,28,0,42.200088501
3,"map(from: a)",8192,32,132,0,4,17,0,42.498111725
3,"map(from: a)",8192,32,132,0,4,5042,0,91.707706451
3,"map(from: a)",8192,32,132,0,4,7,0,41.496753693
3,"map(from: a)",8192,32,132,0,4,114,0,41.341781616
3,"map(from: a)",8192,32,132,0,4,44,0,41.699409485
3,"map(from: a)",8192,32,132,0,4,2,0,38.993358612
3,"map(from: a)",8192,32,132,0,4,294,0,43.547153473
3,"map(from: a)",8192,32,132,0,4,758,0,47.397613525
3,"map(from: a)",8192,32,132,0,4,183,0,42.498111725
3,"map(from: a)",8192,32,132,0,4,4,0,41.139125824
3,"map(from: a)",8192,32,132,0,4,1218,0,50.044059753
3,"map(from: a)",8192,32,132,0,4,71,0,43.046474457
3,"map(from: a)",8192,32,132,0,4,1955,0,60.045719147
3,"map(from: a)",8192,32,132,0,4,11,0,40.745735168
3,"map(from: a)",8192,32,132,0,4,472,0,44.846534729
3,"map(from: a)",8192,32,132,0,4,3140,0,74.291229248
3,"map(from: a)",8192,32,132,1,0,2,0,39.947032928
3,"map(from: a)",8192,32,132,1,0,4,0,38.194656372
3,"map(from: a)",8192,32,132,1,0,472,0,41.854381561
3,"map(from: a)",8192,32,132,1,0,3140,0,72.646141052
3,"map(from: a)",8192,32,132,1,0,183,0,42.951107025
3,"map(from: a)",8192,32,132,1,0,28,0,42.510032654
3,"map(from: a)",8192,32,132,1,0,71,0,43.404102325
3,"map(from: a)",8192,32,132,1,0,1218,0,51.951408386
3,"map(from: a)",8192,32,132,1,0,294,0,43.654441833
3,"map(from: a)",8192,32,132,1,0,1,0,40.996074677
3,"map(from: a)",8192,32,132,1,0,7,0,40.555000305
3,"map(from: a)",8192,32,132,1,0,1955,0,61.905384064
3,"map(from: a)",8192,32,132,1,0,758,0,47.397613525
3,"map(from: a)",8192,32,132,1,0,114,0,43.749809265
3,"map(from: a)",8192,32,132,1,0,11,0,40.948390961
3,"map(from: a)",8192,32,132,1,0,3,0,38.647651672
3,"map(from: a)",8192,32,132,1,0,8096,0,125.598907471
3,"map(from: a)",8192,32,132,1,0,44,0,42.343139648
3,"map(from: a)",8192,32,132,1,0,17,0,42.104721069
3,"map(from: a)",8192,32,132,1,0,5042,0,93.901157379
3,"map(from: a)",8192,32,132,1,1,758,0,48.804283142
3,"map(from: a)",8192,32,132,1,1,3,0,41.043758392
3,"map(from: a)",8192,32,132,1,1,3140,0,71.799755096
3,"map(from: a)",8192,32,132,1,1,1955,0,60.546398163
3,"map(from: a)",8192,32,132,1,1,44,0,42.545795441
3,"map(from: a)",8192,32,132,1,1,17,0,41.449069977
3,"map(from: a)",8192,32,132,1,1,294,0,44.846534729
3,"map(from: a)",8192,32,132,1,1,28,0,41.699409485
3,"map(from: a)",8192,32,132,1,1,114,0,42.748451233
3,"map(from: a)",8192,32,132,1,1,2,0,41.651725769
3,"map(from: a)",8192,32,132,1,1,7,0,38.802623749
3,"map(from: a)",8192,32,132,1,1,183,0,44.250488281
3,"map(from: a)",8192,32,132,1,1,8096,0,125.253200531
3,"map(from: a)",8192,32,132,1,1,11,0,41.043758392
3,"map(from: a)",8192,32,132,1,1,1,0,40.900707245
3,"map(from: a)",8192,32,132,1,1,1218,0,52.249431610
3,"map(from: a)",8192,32,132,1,1,472,0,44.000148773
3,"map(from: a)",8192,32,132,1,1,71,0,44.298171997
3,"map(from: a)",8192,32,132,1,1,5042,0,91.791152954
3,"map(from: a)",8192,32,132,1,1,4,0,41.198730469
3,"map(from: a)",8192,32,132,1,2,2,0,40.602684021
3,"map(from: a)",8192,32,132,1,2,71,0,42.843818665
3,"map(from: a)",8192,32,132,1,2,17,0,41.198730469
3,"map(from: a)",8192,32,132,1,2,472,0,46.992301941
3,"map(from: a)",8192,32,132,1,2,5042,0,94.699859619
3,"map(from: a)",8192,32,132,1,2,28,0,42.593479156
3,"map(from: a)",8192,32,132,1,2,44,0,43.857097626
3,"map(from: a)",8192,32,132,1,2,1218,0,53.358078003
3,"map(from: a)",8192,32,132,1,2,4,0,40.042400360
3,"map(from: a)",8192,32,132,1,2,1955,0,61.857700348
3,"map(from: a)",8192,32,132,1,2,183,0,44.548511505
3,"map(from: a)",8192,32,132,1,2,7,0,42.045116425
3,"map(from: a)",8192,32,132,1,2,758,0,47.802925110
3,"map(from: a)",8192,32,132,1,2,1,0,40.841102600
3,"map(from: a)",8192,32,132,1,2,3140,0,73.051452637
3,"map(from: a)",8192,32,132,1,2,8096,0,126.397609711
3,"map(from: a)",8192,32,132,1,2,3,0,40.853023529
3,"map(from: a)",8192,32,132,1,2,114,0,40.006637573
3,"map(from: a)",8192,32,132,1,2,11,0,40.090084076
3,"map(from: a)",8192,32,132,1,2,294,0,45.502185822
3,"map(from: a)",8192,32,132,1,3,1,0,39.947032928
3,"map(from: a)",8192,32,132,1,3,17,0,40.698051453
3,"map(from: a)",8192,32,132,1,3,294,0,45.657157898
3,"map(from: a)",8192,32,132,1,3,5042,0,93.257427216
3,"map(from: a)",8192,32,132,1,3,114,0,40.590763092
3,"map(from: a)",8192,32,132,1,3,28,0,41.353702545
3,"map(from: a)",8192,32,132,1,3,1218,0,50.258636475
3,"map(from: a)",8192,32,132,1,3,2,0,41.806697845
3,"map(from: a)",8192,32,132,1,3,3,0,40.590763092
3,"map(from: a)",8192,32,132,1,3,4,0,42.700767517
3,"map(from: a)",8192,32,132,1,3,758,0,48.458576202
3,"map(from: a)",8192,32,132,1,3,11,0,41.699409485
3,"map(from: a)",8192,32,132,1,3,44,0,43.201446533
3,"map(from: a)",8192,32,132,1,3,472,0,44.000148773
3,"map(from: a)",8192,32,132,1,3,7,0,38.254261017
3,"map(from: a)",8192,32,132,1,3,1955,0,60.844421387
3,"map(from: a)",8192,32,132,1,3,71,0,43.451786041
3,"map(from: a)",8192,32,132,1,3,183,0,45.645236969
3,"map(from: a)",8192,32,132,1,3,8096,0,126.349925995
3,"map(from: a)",8192,32,132,1,3,3140,0,73.099136353
3,"map(from: a)",8192,32,132,1,4,472,0,40.400028229
3,"map(from: a)",8192,32,132,1,4,71,0,43.094158173
3,"map(from: a)",8192,32,132,1,4,1,0,40.042400360
3,"map(from: a)",8192,32,132,1,4,11,0,41.353702545
3,"map(from: a)",8192,32,132,1,4,4,0,41.246414185
3,"map(from: a)",8192,32,132,1,4,3140,0,74.100494385
3,"map(from: a)",8192,32,132,1,4,28,0,42.045116425
3,"map(from: a)",8192,32,132,1,4,1218,0,53.608417511
3,"map(from: a)",8192,32,132,1,4,2,0,41.306018829
3,"map(from: a)",8192,32,132,1,4,183,0,43.249130249
3,"map(from: a)",8192,32,132,1,4,5042,0,93.698501587
3,"map(from: a)",8192,32,132,1,4,114,0,43.952465057
3,"map(from: a)",8192,32,132,1,4,3,0,41.651725769
3,"map(from: a)",8192,32,132,1,4,44,0,43.451786041
3,"map(from: a)",8192,32,132,1,4,758,0,47.743320465
3,"map(from: a)",8192,32,132,1,4,8096,0,124.394893646
3,"map(from: a)",8192,32,132,1,4,1955,0,61.106681824
3,"map(from: a)",8192,32,132,1,4,294,0,44.858455658
3,"map(from: a)",8192,32,132,1,4,7,0,41.449069977
3,"map(from: a)",8192,32,132,1,4,17,0,43.904781342
3,"map(from: a)",16382,32,132,0,0,7,0,46.551227570
3,"map(from: a)",16382,32,132,0,0,114,0,46.145915985
3,"map(from: a)",16382,32,132,0,0,3,0,45.096874237
3,"map(from: a)",16382,32,132,0,0,17,0,45.299530029
3,"map(from: a)",16382,32,132,0,0,1,0,43.904781342
3,"map(from: a)",16382,32,132,0,0,44,0,46.753883362
3,"map(from: a)",16382,32,132,0,0,294,0,49.006938934
3,"map(from: a)",16382,32,132,0,0,3140,0,79.250335693
3,"map(from: a)",16382,32,132,0,0,4,0,44.500827789
3,"map(from: a)",16382,32,132,0,0,1955,0,66.351890564
3,"map(from: a)",16382,32,132,0,0,183,0,45.347213745
3,"map(from: a)",16382,32,132,0,0,8096,0,128.340721130
3,"map(from: a)",16382,32,132,0,0,758,0,50.842761993
3,"map(from: a)",16382,32,132,0,0,71,0,46.050548553
3,"map(from: a)",16382,32,132,0,0,2,0,45.597553253
3,"map(from: a)",16382,32,132,0,0,11,0,46.002864838
3,"map(from: a)",16382,32,132,0,0,28,0,47.552585602
3,"map(from: a)",16382,32,132,0,0,5042,0,97.405910492
3,"map(from: a)",16382,32,132,0,0,1218,0,56.207180023
3,"map(from: a)",16382,32,132,0,0,472,0,48.255920410
3,"map(from: a)",16382,32,132,0,1,4,0,46.348571777
3,"map(from: a)",16382,32,132,0,1,1,0,45.645236969
3,"map(from: a)",16382,32,132,0,1,17,0,47.004222870
3,"map(from: a)",16382,32,132,0,1,28,0,46.598911285
3,"map(from: a)",16382,32,132,0,1,11,0,46.050548553
3,"map(from: a)",16382,32,132,0,1,3140,0,75.793266296
3,"map(from: a)",16382,32,132,0,1,2,0,46.002864838
3,"map(from: a)",16382,32,132,0,1,758,0,53.799152374
3,"map(from: a)",16382,32,132,0,1,1218,0,55.801868439
3,"map(from: a)",16382,32,132,0,1,44,0,48.351287842
3,"map(from: a)",16382,32,132,0,1,71,0,48.542022705
3,"map(from: a)",16382,32,132,0,1,114,0,48.196315765
3,"map(from: a)",16382,32,132,0,1,294,0,48.601627350
3,"map(from: a)",16382,32,132,0,1,7,0,45.347213745
3,"map(from: a)",16382,32,132,0,1,183,0,49.006938934
3,"map(from: a)",16382,32,132,0,1,8096,0,132.453441620
3,"map(from: a)",16382,32,132,0,1,472,0,49.948692322
3,"map(from: a)",16382,32,132,0,1,1955,0,64.599514008
3,"map(from: a)",16382,32,132,0,1,3,0,45.192241669
3,"map(from: a)",16382,32,132,0,1,5042,0,98.991394043
3,"map(from: a)",16382,32,132,0,2,3,0,45.645236969
3,"map(from: a)",16382,32,132,0,2,44,0,46.801567078
3,"map(from: a)",16382,32,132,0,2,1,0,45.597553253
3,"map(from: a)",16382,32,132,0,2,183,0,47.504901886
3,"map(from: a)",16382,32,132,0,2,294,0,49.698352814
3,"map(from: a)",16382,32,132,0,2,5042,0,98.097324371
3,"map(from: a)",16382,32,132,0,2,7,0,44.596195221
3,"map(from: a)",16382,32,132,0,2,8096,0,129.902362823
3,"map(from: a)",16382,32,132,0,2,2,0,44.047832489
3,"map(from: a)",16382,32,132,0,2,114,0,45.704841614
3,"map(from: a)",16382,32,132,0,2,71,0,48.148632050
3,"map(from: a)",16382,32,132,0,2,1955,0,65.398216248
3,"map(from: a)",16382,32,132,0,2,17,0,45.645236969
3,"map(from: a)",16382,32,132,0,2,472,0,48.553943634
3,"map(from: a)",16382,32,132,0,2,11,0,44.691562653
3,"map(from: a)",16382,32,132,0,2,1218,0,57.005882263
3,"map(from: a)",16382,32,132,0,2,4,0,42.152404785
3,"map(from: a)",16382,32,132,0,2,3140,0,78.499317169
3,"map(from: a)",16382,32,132,0,2,758,0,54.049491882
3,"map(from: a)",16382,32,132,0,2,28,0,44.596195221
3,"map(from: a)",16382,32,132,0,3,11,0,46.002864838
3,"map(from: a)",16382,32,132,0,3,4,0,45.347213745
3,"map(from: a)",16382,32,132,0,3,5042,0,97.894668579
3,"map(from: a)",16382,32,132,0,3,183,0,46.956539154
3,"map(from: a)",16382,32,132,0,3,17,0,45.454502106
3,"map(from: a)",16382,32,132,0,3,3,0,43.654441833
3,"map(from: a)",16382,32,132,0,3,28,0,46.706199646
3,"map(from: a)",16382,32,132,0,3,1218,0,57.446956635
3,"map(from: a)",16382,32,132,0,3,114,0,48.303604126
3,"map(from: a)",16382,32,132,0,3,758,0,51.200389862
3,"map(from: a)",16382,32,132,0,3,1955,0,64.802169800
3,"map(from: a)",16382,32,132,0,3,472,0,47.850608826
3,"map(from: a)",16382,32,132,0,3,7,0,46.002864838
3,"map(from: a)",16382,32,132,0,3,44,0,47.647953033
3,"map(from: a)",16382,32,132,0,3,3140,0,76.854228973
3,"map(from: a)",16382,32,132,0,3,8096,0,128.996372223
3,"map(from: a)",16382,32,132,0,3,71,0,47.898292542
3,"map(from: a)",16382,32,132,0,3,1,0,42.498111725
3,"map(from: a)",16382,32,132,0,3,2,0,45.597553253
3,"map(from: a)",16382,32,132,0,3,294,0,49.102306366
3,"map(from: a)",16382,32,132,0,4,3,0,46.098232269
3,"map(from: a)",16382,32,132,0,4,8096,0,131.690502167
3,"map(from: a)",16382,32,132,0,4,1,0,45.096874237
3,"map(from: a)",16382,32,132,0,4,28,0,46.849250793
3,"map(from: a)",16382,32,132,0,4,17,0,46.253204346
3,"map(from: a)",16382,32,132,0,4,5042,0,98.800659180
3,"map(from: a)",16382,32,132,0,4,7,0,46.396255493
3,"map(from: a)",16382,32,132,0,4,114,0,44.596195221
3,"map(from: a)",16382,32,132,0,4,44,0,47.707557678
3,"map(from: a)",16382,32,132,0,4,2,0,45.096874237
3,"map(from: a)",16382,32,132,0,4,294,0,48.899650574
3,"map(from: a)",16382,32,132,0,4,758,0,52.046775818
3,"map(from: a)",16382,32,132,0,4,183,0,46.801567078
3,"map(from: a)",16382,32,132,0,4,4,0,45.096874237
3,"map(from: a)",16382,32,132,0,4,1218,0,55.897235870
3,"map(from: a)",16382,32,132,0,4,71,0,44.643878937
3,"map(from: a)",16382,32,132,0,4,1955,0,63.002109528
3,"map(from: a)",16382,32,132,0,4,11,0,45.597553253
3,"map(from: a)",16382,32,132,0,4,472,0,45.549869537
3,"map(from: a)",16382,32,132,0,4,3140,0,77.700614929
3,"map(from: a)",16382,32,132,1,0,2,0,45.502185822
3,"map(from: a)",16382,32,132,1,0,4,0,45.239925385
3,"map(from: a)",16382,32,132,1,0,472,0,49.543380737
3,"map(from: a)",16382,32,132,1,0,3140,0,78.451633453
3,"map(from: a)",16382,32,132,1,0,183,0,47.755241394
3,"map(from: a)",16382,32,132,1,0,28,0,46.896934509
3,"map(from: a)",16382,32,132,1,0,71,0,45.096874237
3,"map(from: a)",16382,32,132,1,0,1218,0,55.956840515
3,"map(from: a)",16382,32,132,1,0,294,0,48.851966858
3,"map(from: a)",16382,32,132,1,0,1,0,43.702125549
3,"map(from: a)",16382,32,132,1,0,7,0,43.749809265
3,"map(from: a)",16382,32,132,1,0,1955,0,64.098834991
3,"map(from: a)",16382,32,132,1,0,758,0,53.548812866
3,"map(from: a)",16382,32,132,1,0,114,0,47.051906586
3,"map(from: a)",16382,32,132,1,0,11,0,46.050548553
3,"map(from: a)",16382,32,132,1,0,3,0,44.846534729
3,"map(from: a)",16382,32,132,1,0,8096,0,130.307674408
3,"map(from: a)",16382,32,132,1,0,44,0,47.147274017
3,"map(from: a)",16382,32,132,1,0,17,0,44.250488281
3,"map(from: a)",16382,32,132,1,0,5042,0,98.443031311
3,"map(from: a)",16382,32,132,1,1,758,0,52.404403687
3,"map(from: a)",16382,32,132,1,1,3,0,45.299530029
3,"map(from: a)",16382,32,132,1,1,3140,0,78.547000885
3,"map(from: a)",16382,32,132,1,1,1955,0,65.302848816
3,"map(from: a)",16382,32,132,1,1,44,0,46.145915985
3,"map(from: a)",16382,32,132,1,1,17,0,46.849250793
3,"map(from: a)",16382,32,132,1,1,294,0,48.649311066
3,"map(from: a)",16382,32,132,1,1,28,0,44.345855713
3,"map(from: a)",16382,32,132,1,1,114,0,46.002864838
3,"map(from: a)",16382,32,132,1,1,2,0,44.739246368
3,"map(from: a)",16382,32,132,1,1,7,0,46.503543854
3,"map(from: a)",16382,32,132,1,1,183,0,47.802925110
3,"map(from: a)",16382,32,132,1,1,8096,0,130.045413971
3,"map(from: a)",16382,32,132,1,1,11,0,45.549869537
3,"map(from: a)",16382,32,132,1,1,1,0,45.001506805
3,"map(from: a)",16382,32,132,1,1,1218,0,56.195259094
3,"map(from: a)",16382,32,132,1,1,472,0,48.100948334
3,"map(from: a)",16382,32,132,1,1,71,0,47.755241394
3,"map(from: a)",16382,32,132,1,1,5042,0,96.702575684
3,"map(from: a)",16382,32,132,1,1,4,0,45.597553253
3,"map(from: a)",16382,32,132,1,2,2,0,45.442581177
3,"map(from: a)",16382,32,132,1,2,71,0,47.504901886
3,"map(from: a)",16382,32,132,1,2,17,0,45.204162598
3,"map(from: a)",16382,32,132,1,2,472,0,46.801567078
3,"map(from: a)",16382,32,132,1,2,5042,0,97.048282623
3,"map(from: a)",16382,32,132,1,2,28,0,46.944618225
3,"map(from: a)",16382,32,132,1,2,44,0,47.755241394
3,"map(from: a)",16382,32,132,1,2,1218,0,56.993961334
3,"map(from: a)",16382,32,132,1,2,4,0,45.454502106
3,"map(from: a)",16382,32,132,1,2,1955,0,64.301490784
3,"map(from: a)",16382,32,132,1,2,183,0,47.206878662
3,"map(from: a)",16382,32,132,1,2,7,0,43.094158173
3,"map(from: a)",16382,32,132,1,2,758,0,53.644180298
3,"map(from: a)",16382,32,132,1,2,1,0,45.096874237
3,"map(from: a)",16382,32,132,1,2,3140,0,77.605247498
3,"map(from: a)",16382,32,132,1,2,8096,0,129.401683807
3,"map(from: a)",16382,32,132,1,2,3,0,43.904781342
3,"map(from: a)",16382,32,132,1,2,114,0,48.243999481
3,"map(from: a)",16382,32,132,1,2,11,0,45.347213745
3,"map(from: a)",16382,32,132,1,2,294,0,50.306320190
3,"map(from: a)",16382,32,132,1,3,1,0,44.953823090
3,"map(from: a)",16382,32,132,1,3,17,0,47.254562378
3,"map(from: a)",16382,32,132,1,3,294,0,48.804283142
3,"map(from: a)",16382,32,132,1,3,5042,0,97.954273224
3,"map(from: a)",16382,32,132,1,3,114,0,48.506259918
3,"map(from: a)",16382,32,132,1,3,28,0,47.349929810
3,"map(from: a)",16382,32,132,1,3,1218,0,55.801868439
3,"map(from: a)",16382,32,132,1,3,2,0,44.548511505
3,"map(from: a)",16382,32,132,1,3,3,0,46.193599701
3,"map(from: a)",16382,32,132,1,3,4,0,46.253204346
3,"map(from: a)",16382,32,132,1,3,758,0,51.856040955
3,"map(from: a)",16382,32,132,1,3,11,0,44.250488281
3,"map(from: a)",16382,32,132,1,3,44,0,46.551227570
3,"map(from: a)",16382,32,132,1,3,472,0,48.804283142
3,"map(from: a)",16382,32,132,1,3,7,0,46.503543854
3,"map(from: a)",16382,32,132,1,3,1955,0,65.553188324
3,"map(from: a)",16382,32,132,1,3,71,0,47.147274017
3,"map(from: a)",16382,32,132,1,3,183,0,46.050548553
3,"map(from: a)",16382,32,132,1,3,8096,0,128.901004791
3,"map(from: a)",16382,32,132,1,3,3140,0,76.401233673
3,"map(from: a)",16382,32,132,1,4,472,0,49.006938934
3,"map(from: a)",16382,32,132,1,4,71,0,48.398971558
3,"map(from: a)",16382,32,132,1,4,1,0,44.000148773
3,"map(from: a)",16382,32,132,1,4,11,0,46.658515930
3,"map(from: a)",16382,32,132,1,4,4,0,46.503543854
3,"map(from: a)",16382,32,132,1,4,3140,0,77.402591705
3,"map(from: a)",16382,32,132,1,4,28,0,45.144557953
3,"map(from: a)",16382,32,132,1,4,1218,0,56.803226471
3,"map(from: a)",16382,32,132,1,4,2,0,46.455860138
3,"map(from: a)",16382,32,132,1,4,183,0,49.400329590
3,"map(from: a)",16382,32,132,1,4,5042,0,99.098682404
3,"map(from: a)",16382,32,132,1,4,114,0,48.303604126
3,"map(from: a)",16382,32,132,1,4,3,0,47.004222870
3,"map(from: a)",16382,32,132,1,4,44,0,49.054622650
3,"map(from: a)",16382,32,132,1,4,758,0,54.299831390
3,"map(from: a)",16382,32,132,1,4,8096,0,130.152702332
3,"map(from: a)",16382,32,132,1,4,1955,0,65.457820892
3,"map(from: a)",16382,32,132,1,4,294,0,46.241283417
3,"map(from: a)",16382,32,132,1,4,7,0,44.250488281
3,"map(from: a)",16382,32,132,1,4,17,0,44.500827789
3,"map(from: a)",32768,32,132,0,0,7,0,59.545040131
3,"map(from: a)",32768,32,132,0,0,114,0,61.392784119
3,"map(from: a)",32768,32,132,0,0,3,0,58.746337891
3,"map(from: a)",32768,32,132,0,0,17,0,60.009956360
3,"map(from: a)",32768,32,132,0,0,1,0,58.698654175
3,"map(from: a)",32768,32,132,0,0,44,0,62.394142151
3,"map(from: a)",32768,32,132,0,0,294,0,64.349174500
3,"map(from: a)",32768,32,132,0,0,3140,0,89.251995087
3,"map(from: a)",32768,32,132,0,0,4,0,60.701370239
3,"map(from: a)",32768,32,132,0,0,1955,0,76.699256897
3,"map(from: a)",32768,32,132,0,0,183,0,63.049793243
3,"map(from: a)",32768,32,132,0,0,8096,0,144.195556641
3,"map(from: a)",32768,32,132,0,0,758,0,66.602230072
3,"map(from: a)",32768,32,132,0,0,71,0,59.509277344
3,"map(from: a)",32768,32,132,0,0,2,0,57.256221771
3,"map(from: a)",32768,32,132,0,0,11,0,60.653686523
3,"map(from: a)",32768,32,132,0,0,28,0,59.902667999
3,"map(from: a)",32768,32,132,0,0,5042,0,113.594532013
3,"map(from: a)",32768,32,132,0,0,1218,0,71.692466736
3,"map(from: a)",32768,32,132,0,0,472,0,58.293342590
3,"map(from: a)",32768,32,132,0,1,4,0,60.451030731
3,"map(from: a)",32768,32,132,0,1,1,0,59.700012207
3,"map(from: a)",32768,32,132,0,1,17,0,61.547756195
3,"map(from: a)",32768,32,132,0,1,28,0,59.652328491
3,"map(from: a)",32768,32,132,0,1,11,0,60.260295868
3,"map(from: a)",32768,32,132,0,1,3140,0,91.552734375
3,"map(from: a)",32768,32,132,0,1,2,0,59.795379639
3,"map(from: a)",32768,32,132,0,1,758,0,65.898895264
3,"map(from: a)",32768,32,132,0,1,1218,0,71.346759796
3,"map(from: a)",32768,32,132,0,1,44,0,60.057640076
3,"map(from: a)",32768,32,132,0,1,71,0,62.751770020
3,"map(from: a)",32768,32,132,0,1,114,0,63.049793243
3,"map(from: a)",32768,32,132,0,1,294,0,63.049793243
3,"map(from: a)",32768,32,132,0,1,7,0,58.841705322
3,"map(from: a)",32768,32,132,0,1,183,0,62.298774719
3,"map(from: a)",32768,32,132,0,1,8096,0,145.006179810
3,"map(from: a)",32768,32,132,0,1,472,0,62.799453735
3,"map(from: a)",32768,32,132,0,1,1955,0,79.441070557
3,"map(from: a)",32768,32,132,0,1,3,0,59.545040131
3,"map(from: a)",32768,32,132,0,1,5042,0,113.856792450
3,"map(from: a)",32768,32,132,0,2,3,0,60.653686523
3,"map(from: a)",32768,32,132,0,2,44,0,60.653686523
3,"map(from: a)",32768,32,132,0,2,1,0,60.749053955
3,"map(from: a)",32768,32,132,0,2,183,0,62.108039856
3,"map(from: a)",32768,32,132,0,2,294,0,62.692165375
3,"map(from: a)",32768,32,132,0,2,5042,0,113.546848297
3,"map(from: a)",32768,32,132,0,2,7,0,59.902667999
3,"map(from: a)",32768,32,132,0,2,8096,0,145.196914673
3,"map(from: a)",32768,32,132,0,2,2,0,60.248374939
3,"map(from: a)",32768,32,132,0,2,114,0,62.048435211
3,"map(from: a)",32768,32,132,0,2,71,0,63.300132751
3,"map(from: a)",32768,32,132,0,2,1955,0,79.143047333
3,"map(from: a)",32768,32,132,0,2,17,0,59.545040131
3,"map(from: a)",32768,32,132,0,2,472,0,63.097476959
3,"map(from: a)",32768,32,132,0,2,11,0,56.707859039
3,"map(from: a)",32768,32,132,0,2,1218,0,70.643424988
3,"map(from: a)",32768,32,132,0,2,4,0,59.294700623
3,"map(from: a)",32768,32,132,0,2,3140,0,92.208385468
3,"map(from: a)",32768,32,132,0,2,758,0,67.150592804
3,"map(from: a)",32768,32,132,0,2,28,0,62.692165375
3,"map(from: a)",32768,32,132,0,3,11,0,59.950351715
3,"map(from: a)",32768,32,132,0,3,4,0,58.698654175
3,"map(from: a)",32768,32,132,0,3,5042,0,111.246109009
3,"map(from: a)",32768,32,132,0,3,183,0,57.399272919
3,"map(from: a)",32768,32,132,0,3,17,0,59.747695923
3,"map(from: a)",32768,32,132,0,3,3,0,57.744979858
3,"map(from: a)",32768,32,132,0,3,28,0,58.245658875
3,"map(from: a)",32768,32,132,0,3,1218,0,70.941448212
3,"map(from: a)",32768,32,132,0,3,114,0,61.893463135
3,"map(from: a)",32768,32,132,0,3,758,0,67.758560181
3,"map(from: a)",32768,32,132,0,3,1955,0,81.253051758
3,"map(from: a)",32768,32,132,0,3,472,0,63.502788544
3,"map(from: a)",32768,32,132,0,3,7,0,60.546398163
3,"map(from: a)",32768,32,132,0,3,44,0,60.796737671
3,"map(from: a)",32768,32,132,0,3,3140,0,91.993808746
3,"map(from: a)",32768,32,132,0,3,8096,0,142.800807953
3,"map(from: a)",32768,32,132,0,3,71,0,60.451030731
3,"map(from: a)",32768,32,132,0,3,1,0,56.648254395
3,"map(from: a)",32768,32,132,0,3,2,0,58.197975159
3,"map(from: a)",32768,32,132,0,3,294,0,62.096118927
3,"map(from: a)",32768,32,132,0,4,3,0,61.297416687
3,"map(from: a)",32768,32,132,0,4,8096,0,144.946575165
3,"map(from: a)",32768,32,132,0,4,1,0,58.043003082
3,"map(from: a)",32768,32,132,0,4,28,0,63.157081604
3,"map(from: a)",32768,32,132,0,4,17,0,61.702728271
3,"map(from: a)",32768,32,132,0,4,5042,0,111.758708954
3,"map(from: a)",32768,32,132,0,4,7,0,59.854984283
3,"map(from: a)",32768,32,132,0,4,114,0,61.345100403
3,"map(from: a)",32768,32,132,0,4,44,0,59.247016907
3,"map(from: a)",32768,32,132,0,4,2,0,59.056282043
3,"map(from: a)",32768,32,132,0,4,294,0,58.400630951
3,"map(from: a)",32768,32,132,0,4,758,0,65.004825592
3,"map(from: a)",32768,32,132,0,4,183,0,62.155723572
3,"map(from: a)",32768,32,132,0,4,4,0,58.948993683
3,"map(from: a)",32768,32,132,0,4,1218,0,72.109699249
3,"map(from: a)",32768,32,132,0,4,71,0,61.953067780
3,"map(from: a)",32768,32,132,0,4,1955,0,80.096721649
3,"map(from: a)",32768,32,132,0,4,11,0,59.258937836
3,"map(from: a)",32768,32,132,0,4,472,0,62.894821167
3,"map(from: a)",32768,32,132,0,4,3140,0,91.600418091
3,"map(from: a)",32768,32,132,1,0,2,0,60.248374939
3,"map(from: a)",32768,32,132,1,0,4,0,58.150291443
3,"map(from: a)",32768,32,132,1,0,472,0,60.999393463
3,"map(from: a)",32768,32,132,1,0,3140,0,92.995166779
3,"map(from: a)",32768,32,132,1,0,183,0,61.643123627
3,"map(from: a)",32768,32,132,1,0,28,0,60.892105103
3,"map(from: a)",32768,32,132,1,0,71,0,62.704086304
3,"map(from: a)",32768,32,132,1,0,1218,0,70.405006409
3,"map(from: a)",32768,32,132,1,0,294,0,64.158439636
3,"map(from: a)",32768,32,132,1,0,1,0,60.093402863
3,"map(from: a)",32768,32,132,1,0,7,0,60.200691223
3,"map(from: a)",32768,32,132,1,0,1955,0,76.997280121
3,"map(from: a)",32768,32,132,1,0,758,0,65.648555756
3,"map(from: a)",32768,32,132,1,0,114,0,62.048435211
3,"map(from: a)",32768,32,132,1,0,11,0,58.948993683
3,"map(from: a)",32768,32,132,1,0,3,0,58.400630951
3,"map(from: a)",32768,32,132,1,0,8096,0,143.599510193
3,"map(from: a)",32768,32,132,1,0,44,0,63.550472260
3,"map(from: a)",32768,32,132,1,0,17,0,61.357021332
3,"map(from: a)",32768,32,132,1,0,5042,0,111.448764801
3,"map(from: a)",32768,32,132,1,1,758,0,66.554546356
3,"map(from: a)",32768,32,132,1,1,3,0,57.697296143
3,"map(from: a)",32768,32,132,1,1,3140,0,93.054771423
3,"map(from: a)",32768,32,132,1,1,1955,0,77.700614929
3,"map(from: a)",32768,32,132,1,1,44,0,60.939788818
3,"map(from: a)",32768,32,132,1,1,17,0,57.947635651
3,"map(from: a)",32768,32,132,1,1,294,0,63.502788544
3,"map(from: a)",32768,32,132,1,1,28,0,60.498714447
3,"map(from: a)",32768,32,132,1,1,114,0,61.047077179
3,"map(from: a)",32768,32,132,1,1,2,0,60.808658600
3,"map(from: a)",32768,32,132,1,1,7,0,60.248374939
3,"map(from: a)",32768,32,132,1,1,183,0,61.702728271
3,"map(from: a)",32768,32,132,1,1,8096,0,143.599510193
3,"map(from: a)",32768,32,132,1,1,11,0,62.346458435
3,"map(from: a)",32768,32,132,1,1,1,0,57.494640350
3,"map(from: a)",32768,32,132,1,1,1218,0,71.096420288
3,"map(from: a)",32768,32,132,1,1,472,0,64.694881439
3,"map(from: a)",32768,32,132,1,1,71,0,62.549114227
3,"map(from: a)",32768,32,132,1,1,5042,0,113.201141357
3,"map(from: a)",32768,32,132,1,1,4,0,59.151649475
3,"map(from: a)",32768,32,132,1,2,2,0,58.352947235
3,"map(from: a)",32768,32,132,1,2,71,0,58.996677399
3,"map(from: a)",32768,32,132,1,2,17,0,60.749053955
3,"map(from: a)",32768,32,132,1,2,472,0,63.395500183
3,"map(from: a)",32768,32,132,1,2,5042,0,111.699104309
3,"map(from: a)",32768,32,132,1,2,28,0,59.211254120
3,"map(from: a)",32768,32,132,1,2,44,0,61.500072479
3,"map(from: a)",32768,32,132,1,2,1218,0,71.549415588
3,"map(from: a)",32768,32,132,1,2,4,0,59.199333191
3,"map(from: a)",32768,32,132,1,2,1955,0,78.248977661
3,"map(from: a)",32768,32,132,1,2,183,0,63.896179199
3,"map(from: a)",32768,32,132,1,2,7,0,57.804584503
3,"map(from: a)",32768,32,132,1,2,758,0,66.196918488
3,"map(from: a)",32768,32,132,1,2,1,0,61.190128326
3,"map(from: a)",32768,32,132,1,2,3140,0,93.042850494
3,"map(from: a)",32768,32,132,1,2,8096,0,142.705440521
3,"map(from: a)",32768,32,132,1,2,3,0,59.998035431
3,"map(from: a)",32768,32,132,1,2,114,0,61.452388763
3,"map(from: a)",32768,32,132,1,2,11,0,59.902667999
3,"map(from: a)",32768,32,132,1,2,294,0,61.750411987
3,"map(from: a)",32768,32,132,1,3,1,0,58.948993683
3,"map(from: a)",32768,32,132,1,3,17,0,58.245658875
3,"map(from: a)",32768,32,132,1,3,294,0,63.860416412
3,"map(from: a)",32768,32,132,1,3,5042,0,114.548206329
3,"map(from: a)",32768,32,132,1,3,114,0,60.546398163
3,"map(from: a)",32768,32,132,1,3,28,0,61.500072479
3,"map(from: a)",32768,32,132,1,3,1218,0,70.500373840
3,"map(from: a)",32768,32,132,1,3,2,0,59.258937836
3,"map(from: a)",32768,32,132,1,3,3,0,60.653686523
3,"map(from: a)",32768,32,132,1,3,4,0,58.555603027
3,"map(from: a)",32768,32,132,1,3,758,0,65.553188324
3,"map(from: a)",32768,32,132,1,3,11,0,60.093402863
3,"map(from: a)",32768,32,132,1,3,44,0,59.354305267
3,"map(from: a)",32768,32,132,1,3,472,0,62.751770020
3,"map(from: a)",32768,32,132,1,3,7,0,59.497356415
3,"map(from: a)",32768,32,132,1,3,1955,0,78.642368317
3,"map(from: a)",32768,32,132,1,3,71,0,62.346458435
3,"map(from: a)",32768,32,132,1,3,183,0,61.953067780
3,"map(from: a)",32768,32,132,1,3,8096,0,143.301486969
3,"map(from: a)",32768,32,132,1,3,3140,0,92.697143555
3,"map(from: a)",32768,32,132,1,4,472,0,63.240528107
3,"map(from: a)",32768,32,132,1,4,71,0,63.455104828
3,"map(from: a)",32768,32,132,1,4,1,0,58.901309967
3,"map(from: a)",32768,32,132,1,4,11,0,60.749053955
3,"map(from: a)",32768,32,132,1,4,4,0,58.257579803
3,"map(from: a)",32768,32,132,1,4,3140,0,93.150138855
3,"map(from: a)",32768,32,132,1,4,28,0,59.700012207
3,"map(from: a)",32768,32,132,1,4,1218,0,70.047378540
3,"map(from: a)",32768,32,132,1,4,2,0,60.808658600
3,"map(from: a)",32768,32,132,1,4,183,0,62.453746796
3,"map(from: a)",32768,32,132,1,4,5042,0,109.255313873
3,"map(from: a)",32768,32,132,1,4,114,0,62.751770020
3,"map(from: a)",32768,32,132,1,4,3,0,57.601928711
3,"map(from: a)",32768,32,132,1,4,44,0,61.607360840
3,"map(from: a)",32768,32,132,1,4,758,0,67.448616028
3,"map(from: a)",32768,32,132,1,4,8096,0,144.398212433
3,"map(from: a)",32768,32,132,1,4,1955,0,79.560279846
3,"map(from: a)",32768,32,132,1,4,294,0,61.202049255
3,"map(from: a)",32768,32,132,1,4,7,0,59.890747070
3,"map(from: a)",32768,32,132,1,4,17,0,57.899951935
3,"map(from: a)",65536,32,132,0,0,7,0,91.850757599
3,"map(from: a)",65536,32,132,0,0,114,0,92.506408691
3,"map(from: a)",65536,32,132,0,0,3,0,88.202953339
3,"map(from: a)",65536,32,132,0,0,17,0,89.359283447
3,"map(from: a)",65536,32,132,0,0,1,0,88.441371918
3,"map(from: a)",65536,32,132,0,0,44,0,90.789794922
3,"map(from: a)",65536,32,132,0,0,294,0,90.861320496
3,"map(from: a)",65536,32,132,0,0,3140,0,124.955177307
3,"map(from: a)",65536,32,132,0,0,4,0,89.848041534
3,"map(from: a)",65536,32,132,0,0,1955,0,108.945369720
3,"map(from: a)",65536,32,132,0,0,183,0,92.458724976
3,"map(from: a)",65536,32,132,0,0,8096,0,174.760818481
3,"map(from: a)",65536,32,132,0,0,758,0,95.140933990
3,"map(from: a)",65536,32,132,0,0,71,0,89.895725250
3,"map(from: a)",65536,32,132,0,0,2,0,88.000297546
3,"map(from: a)",65536,32,132,0,0,11,0,88.202953339
3,"map(from: a)",65536,32,132,0,0,28,0,89.991092682
3,"map(from: a)",65536,32,132,0,0,5042,0,142.300128937
3,"map(from: a)",65536,32,132,0,0,1218,0,101.840496063
3,"map(from: a)",65536,32,132,0,0,472,0,94.497203827
3,"map(from: a)",65536,32,132,0,1,4,0,86.843967438
3,"map(from: a)",65536,32,132,0,1,1,0,89.859962463
3,"map(from: a)",65536,32,132,0,1,17,0,89.395046234
3,"map(from: a)",65536,32,132,0,1,28,0,89.704990387
3,"map(from: a)",65536,32,132,0,1,11,0,89.097023010
3,"map(from: a)",65536,32,132,0,1,3140,0,121.796131134
3,"map(from: a)",65536,32,132,0,1,2,0,88.655948639
3,"map(from: a)",65536,32,132,0,1,758,0,93.305110931
3,"map(from: a)",65536,32,132,0,1,1218,0,98.550319672
3,"map(from: a)",65536,32,132,0,1,44,0,88.250637054
3,"map(from: a)",65536,32,132,0,1,71,0,91.302394867
3,"map(from: a)",65536,32,132,0,1,114,0,90.003013611
3,"map(from: a)",65536,32,132,0,1,294,0,89.955329895
3,"map(from: a)",65536,32,132,0,1,7,0,89.001655579
3,"map(from: a)",65536,32,132,0,1,183,0,92.852115631
3,"map(from: a)",65536,32,132,0,1,8096,0,173.199176788
3,"map(from: a)",65536,32,132,0,1,472,0,94.044208527
3,"map(from: a)",65536,32,132,0,1,1955,0,109.505653381
3,"map(from: a)",65536,32,132,0,1,3,0,86.498260498
3,"map(from: a)",65536,32,132,0,1,5042,0,140.345096588
3,"map(from: a)",65536,32,132,0,2,3,0,89.299678802
3,"map(from: a)",65536,32,132,0,2,44,0,86.998939514
3,"map(from: a)",65536,32,132,0,2,1,0,89.657306671
3,"map(from: a)",65536,32,132,0,2,183,0,91.242790222
3,"map(from: a)",65536,32,132,0,2,294,0,89.097023010
3,"map(from: a)",65536,32,132,0,2,5042,0,143.110752106
3,"map(from: a)",65536,32,132,0,2,7,0,86.951255798
3,"map(from: a)",65536,32,132,0,2,8096,0,172.591209412
3,"map(from: a)",65536,32,132,0,2,2,0,89.645385742
3,"map(from: a)",65536,32,132,0,2,114,0,92.244148254
3,"map(from: a)",65536,32,132,0,2,71,0,90.253353119
3,"map(from: a)",65536,32,132,0,2,1955,0,107.443332672
3,"map(from: a)",65536,32,132,0,2,17,0,88.751316071
3,"map(from: a)",65536,32,132,0,2,472,0,92.351436615
3,"map(from: a)",65536,32,132,0,2,11,0,87.594985962
3,"map(from: a)",65536,32,132,0,2,1218,0,100.553035736
3,"map(from: a)",65536,32,132,0,2,4,0,87.404251099
3,"map(from: a)",65536,32,132,0,2,3140,0,123.500823975
3,"map(from: a)",65536,32,132,0,2,758,0,94.401836395
3,"map(from: a)",65536,32,132,0,2,28,0,90.253353119
3,"map(from: a)",65536,32,132,0,3,11,0,89.704990387
3,"map(from: a)",65536,32,132,0,3,4,0,87.809562683
3,"map(from: a)",65536,32,132,0,3,5042,0,141.501426697
3,"map(from: a)",65536,32,132,0,3,183,0,88.453292847
3,"map(from: a)",65536,32,132,0,3,17,0,89.645385742
3,"map(from: a)",65536,32,132,0,3,3,0,87.702274323
3,"map(from: a)",65536,32,132,0,3,28,0,90.193748474
3,"map(from: a)",65536,32,132,0,3,1218,0,100.648403168
3,"map(from: a)",65536,32,132,0,3,114,0,90.754032135
3,"map(from: a)",65536,32,132,0,3,758,0,96.356868744
3,"map(from: a)",65536,32,132,0,3,1955,0,107.800960541
3,"map(from: a)",65536,32,132,0,3,472,0,95.248222351
3,"map(from: a)",65536,32,132,0,3,7,0,89.550018311
3,"map(from: a)",65536,32,132,0,3,44,0,90.050697327
3,"map(from: a)",65536,32,132,0,3,3140,0,121.605396271
3,"map(from: a)",65536,32,132,0,3,8096,0,172.054767609
3,"map(from: a)",65536,32,132,0,3,71,0,92.756748199
3,"map(from: a)",65536,32,132,0,3,1,0,87.296962738
3,"map(from: a)",65536,32,132,0,3,2,0,87.296962738
3,"map(from: a)",65536,32,132,0,3,294,0,92.601776123
3,"map(from: a)",65536,32,132,0,4,3,0,90.146064758
3,"map(from: a)",65536,32,132,0,4,8096,0,174.653530121
3,"map(from: a)",65536,32,132,0,4,1,0,88.047981262
3,"map(from: a)",65536,32,132,0,4,28,0,90.599060059
3,"map(from: a)",65536,32,132,0,4,17,0,89.347362518
3,"map(from: a)",65536,32,132,0,4,5042,0,141.751766205
3,"map(from: a)",65536,32,132,0,4,7,0,87.010860443
3,"map(from: a)",65536,32,132,0,4,114,0,91.397762299
3,"map(from: a)",65536,32,132,0,4,44,0,88.894367218
3,"map(from: a)",65536,32,132,0,4,2,0,88.000297546
3,"map(from: a)",65536,32,132,0,4,294,0,92.601776123
3,"map(from: a)",65536,32,132,0,4,758,0,95.844268799
3,"map(from: a)",65536,32,132,0,4,183,0,90.599060059
3,"map(from: a)",65536,32,132,0,4,4,0,88.453292847
3,"map(from: a)",65536,32,132,0,4,1218,0,100.648403168
3,"map(from: a)",65536,32,132,0,4,71,0,90.694427490
3,"map(from: a)",65536,32,132,0,4,1955,0,107.598304749
3,"map(from: a)",65536,32,132,0,4,11,0,90.456008911
3,"map(from: a)",65536,32,132,0,4,472,0,92.947483063
3,"map(from: a)",65536,32,132,0,4,3140,0,120.794773102
3,"map(from: a)",65536,32,132,1,0,2,0,88.095664978
3,"map(from: a)",65536,32,132,1,0,4,0,87.451934814
3,"map(from: a)",65536,32,132,1,0,472,0,85.198879242
3,"map(from: a)",65536,32,132,1,0,3140,0,119.602680206
3,"map(from: a)",65536,32,132,1,0,183,0,90.646743774
3,"map(from: a)",65536,32,132,1,0,28,0,90.157985687
3,"map(from: a)",65536,32,132,1,0,71,0,89.895725250
3,"map(from: a)",65536,32,132,1,0,1218,0,100.004673004
3,"map(from: a)",65536,32,132,1,0,294,0,93.448162079
3,"map(from: a)",65536,32,132,1,0,1,0,89.752674103
3,"map(from: a)",65536,32,132,1,0,7,0,87.296962738
3,"map(from: a)",65536,32,132,1,0,1955,0,108.897686005
3,"map(from: a)",65536,32,132,1,0,758,0,95.808506012
3,"map(from: a)",65536,32,132,1,0,114,0,92.744827271
3,"map(from: a)",65536,32,132,1,0,11,0,89.108943939
3,"map(from: a)",65536,32,132,1,0,3,0,88.953971863
3,"map(from: a)",65536,32,132,1,0,8096,0,175.642967224
3,"map(from: a)",65536,32,132,1,0,44,0,89.299678802
3,"map(from: a)",65536,32,132,1,0,17,0,89.454650879
3,"map(from: a)",65536,32,132,1,0,5042,0,142.049789429
3,"map(from: a)",65536,32,132,1,1,758,0,97.298622131
3,"map(from: a)",65536,32,132,1,1,3,0,88.357925415
3,"map(from: a)",65536,32,132,1,1,3140,0,122.702121735
3,"map(from: a)",65536,32,132,1,1,1955,0,108.397006989
3,"map(from: a)",65536,32,132,1,1,44,0,86.796283722
3,"map(from: a)",65536,32,132,1,1,17,0,88.703632355
3,"map(from: a)",65536,32,132,1,1,294,0,91.350078583
3,"map(from: a)",65536,32,132,1,1,28,0,87.106227875
3,"map(from: a)",65536,32,132,1,1,114,0,91.207027435
3,"map(from: a)",65536,32,132,1,1,2,0,86.498260498
3,"map(from: a)",65536,32,132,1,1,7,0,89.752674103
3,"map(from: a)",65536,32,132,1,1,183,0,90.754032135
3,"map(from: a)",65536,32,132,1,1,8096,0,172.352790833
3,"map(from: a)",65536,32,132,1,1,11,0,87.249279022
3,"map(from: a)",65536,32,132,1,1,1,0,87.451934814
3,"map(from: a)",65536,32,132,1,1,1218,0,99.050998688
3,"map(from: a)",65536,32,132,1,1,472,0,92.291831970
3,"map(from: a)",65536,32,132,1,1,71,0,87.201595306
3,"map(from: a)",65536,32,132,1,1,5042,0,141.191482544
3,"map(from: a)",65536,32,132,1,1,4,0,88.202953339
3,"map(from: a)",65536,32,132,1,2,2,0,88.346004486
3,"map(from: a)",65536,32,132,1,2,71,0,90.003013611
3,"map(from: a)",65536,32,132,1,2,17,0,90.658664703
3,"map(from: a)",65536,32,132,1,2,472,0,91.302394867
3,"map(from: a)",65536,32,132,1,2,5042,0,140.893459320
3,"map(from: a)",65536,32,132,1,2,28,0,91.850757599
3,"map(from: a)",65536,32,132,1,2,44,0,90.706348419
3,"map(from: a)",65536,32,132,1,2,1218,0,101.041793823
3,"map(from: a)",65536,32,132,1,2,4,0,88.155269623
3,"map(from: a)",65536,32,132,1,2,1955,0,107.145309448
3,"map(from: a)",65536,32,132,1,2,183,0,90.146064758
3,"map(from: a)",65536,32,132,1,2,7,0,88.798999786
3,"map(from: a)",65536,32,132,1,2,758,0,96.893310547
3,"map(from: a)",65536,32,132,1,2,1,0,87.749958038
3,"map(from: a)",65536,32,132,1,2,3140,0,123.000144958
3,"map(from: a)",65536,32,132,1,2,8096,0,173.592567444
3,"map(from: a)",65536,32,132,1,2,3,0,86.450576782
3,"map(from: a)",65536,32,132,1,2,114,0,89.454650879
3,"map(from: a)",65536,32,132,1,2,11,0,89.800357819
3,"map(from: a)",65536,32,132,1,2,294,0,91.052055359
3,"map(from: a)",65536,32,132,1,3,1,0,88.608264923
3,"map(from: a)",65536,32,132,1,3,17,0,88.107585907
3,"map(from: a)",65536,32,132,1,3,294,0,91.207027435
3,"map(from: a)",65536,32,132,1,3,5042,0,140.500068665
3,"map(from: a)",65536,32,132,1,3,114,0,89.347362518
3,"map(from: a)",65536,32,132,1,3,28,0,90.742111206
3,"map(from: a)",65536,32,132,1,3,1218,0,100.350379944
3,"map(from: a)",65536,32,132,1,3,2,0,88.548660278
3,"map(from: a)",65536,32,132,1,3,3,0,86.045265198
3,"map(from: a)",65536,32,132,1,3,4,0,88.596343994
3,"map(from: a)",65536,32,132,1,3,758,0,94.997882843
3,"map(from: a)",65536,32,132,1,3,11,0,88.298320770
3,"map(from: a)",65536,32,132,1,3,44,0,90.551376343
3,"map(from: a)",65536,32,132,1,3,472,0,91.505050659
3,"map(from: a)",65536,32,132,1,3,7,0,89.597702026
3,"map(from: a)",65536,32,132,1,3,1955,0,108.051300049
3,"map(from: a)",65536,32,132,1,3,71,0,91.350078583
3,"map(from: a)",65536,32,132,1,3,183,0,90.456008911
3,"map(from: a)",65536,32,132,1,3,8096,0,173.199176788
3,"map(from: a)",65536,32,132,1,3,3140,0,120.103359222
3,"map(from: a)",65536,32,132,1,4,472,0,89.848041534
3,"map(from: a)",65536,32,132,1,4,71,0,89.597702026
3,"map(from: a)",65536,32,132,1,4,1,0,89.108943939
3,"map(from: a)",65536,32,132,1,4,11,0,90.551376343
3,"map(from: a)",65536,32,132,1,4,4,0,89.454650879
3,"map(from: a)",65536,32,132,1,4,3140,0,122.654438019
3,"map(from: a)",65536,32,132,1,4,28,0,89.991092682
3,"map(from: a)",65536,32,132,1,4,1218,0,98.598003387
3,"map(from: a)",65536,32,132,1,4,2,0,86.498260498
3,"map(from: a)",65536,32,132,1,4,183,0,91.302394867
3,"map(from: a)",65536,32,132,1,4,5042,0,139.248371124
3,"map(from: a)",65536,32,132,1,4,114,0,91.254711151
3,"map(from: a)",65536,32,132,1,4,3,0,87.797641754
3,"map(from: a)",65536,32,132,1,4,44,0,89.097023010
3,"map(from: a)",65536,32,132,1,4,758,0,96.607208252
3,"map(from: a)",65536,32,132,1,4,8096,0,173.056125641
3,"map(from: a)",65536,32,132,1,4,1955,0,109.195709229
3,"map(from: a)",65536,32,132,1,4,294,0,91.004371643
3,"map(from: a)",65536,32,132,1,4,7,0,89.204311371
3,"map(from: a)",65536,32,132,1,4,17,0,89.645385742
4,"map(alloc: a)",1,32,132,0,0,7,0,16.689300537
4,"map(alloc: a)",1,32,132,0,0,114,0,21.195411682
4,"map(alloc: a)",1,32,132,0,0,3,0,19.240379333
4,"map(alloc: a)",1,32,132,0,0,17,0,19.502639771
4,"map(alloc: a)",1,32,132,0,0,1,0,19.598007202
4,"map(alloc: a)",1,32,132,0,0,44,0,20.503997803
4,"map(alloc: a)",1,32,132,0,0,294,0,23.496150970
4,"map(alloc: a)",1,32,132,0,0,3140,0,52.547454834
4,"map(alloc: a)",1,32,132,0,0,4,0,19.848346710
4,"map(alloc: a)",1,32,132,0,0,1955,0,40.900707245
4,"map(alloc: a)",1,32,132,0,0,183,0,22.351741791
4,"map(alloc: a)",1,32,132,0,0,8096,0,104.749202728
4,"map(alloc: a)",1,32,132,0,0,758,0,28.753280640
4,"map(alloc: a)",1,32,132,0,0,71,0,20.408630371
4,"map(alloc: a)",1,32,132,0,0,2,0,19.800662994
4,"map(alloc: a)",1,32,132,0,0,11,0,20.349025726
4,"map(alloc: a)",1,32,132,0,0,28,0,20.205974579
4,"map(alloc: a)",1,32,132,0,0,5042,0,72.145462036
4,"map(alloc: a)",1,32,132,0,0,1218,0,33.044815063
4,"map(alloc: a)",1,32,132,0,0,472,0,24.247169495
4,"map(alloc: a)",1,32,132,0,1,4,0,19.502639771
4,"map(alloc: a)",1,32,132,0,1,1,0,19.800662994
4,"map(alloc: a)",1,32,132,0,1,17,0,20.694732666
4,"map(alloc: a)",1,32,132,0,1,28,0,17.499923706
4,"map(alloc: a)",1,32,132,0,1,11,0,16.605854034
4,"map(alloc: a)",1,32,132,0,1,3140,0,52.046775818
4,"map(alloc: a)",1,32,132,0,1,2,0,20.051002502
4,"map(alloc: a)",1,32,132,0,1,758,0,27.954578400
4,"map(alloc: a)",1,32,132,0,1,1218,0,32.699108124
4,"map(alloc: a)",1,32,132,0,1,44,0,19.991397858
4,"map(alloc: a)",1,32,132,0,1,71,0,21.147727966
4,"map(alloc: a)",1,32,132,0,1,114,0,20.658969879
4,"map(alloc: a)",1,32,132,0,1,294,0,22.947788239
4,"map(alloc: a)",1,32,132,0,1,7,0,19.550323486
4,"map(alloc: a)",1,32,132,0,1,183,0,22.649765015
4,"map(alloc: a)",1,32,132,0,1,8096,0,104.546546936
4,"map(alloc: a)",1,32,132,0,1,472,0,24.902820587
4,"map(alloc: a)",1,32,132,0,1,1955,0,41.043758392
4,"map(alloc: a)",1,32,132,0,1,3,0,20.194053650
4,"map(alloc: a)",1,32,132,0,1,5042,0,72.693824768
4,"map(alloc: a)",1,32,132,0,2,3,0,20.241737366
4,"map(alloc: a)",1,32,132,0,2,44,0,19.407272339
4,"map(alloc: a)",1,32,132,0,2,1,0,20.897388458
4,"map(alloc: a)",1,32,132,0,2,183,0,22.304058075
4,"map(alloc: a)",1,32,132,0,2,294,0,23.651123047
4,"map(alloc: a)",1,32,132,0,2,5042,0,72.205066681
4,"map(alloc: a)",1,32,132,0,2,7,0,20.003318787
4,"map(alloc: a)",1,32,132,0,2,8096,0,104.451179504
4,"map(alloc: a)",1,32,132,0,2,2,0,20.551681519
4,"map(alloc: a)",1,32,132,0,2,114,0,19.848346710
4,"map(alloc: a)",1,32,132,0,2,71,0,17.499923706
4,"map(alloc: a)",1,32,132,0,2,1955,0,41.496753693
4,"map(alloc: a)",1,32,132,0,2,17,0,20.742416382
4,"map(alloc: a)",1,32,132,0,2,472,0,24.795532227
4,"map(alloc: a)",1,32,132,0,2,11,0,19.896030426
4,"map(alloc: a)",1,32,132,0,2,1218,0,33.795833588
4,"map(alloc: a)",1,32,132,0,2,4,0,19.896030426
4,"map(alloc: a)",1,32,132,0,2,3140,0,52.750110626
4,"map(alloc: a)",1,32,132,0,2,758,0,28.395652771
4,"map(alloc: a)",1,32,132,0,2,28,0,20.194053650
4,"map(alloc: a)",1,32,132,0,3,11,0,20.098686218
4,"map(alloc: a)",1,32,132,0,3,4,0,19.693374634
4,"map(alloc: a)",1,32,132,0,3,5042,0,72.753429413
4,"map(alloc: a)",1,32,132,0,3,183,0,21.743774414
4,"map(alloc: a)",1,32,132,0,3,17,0,20.349025726
4,"map(alloc: a)",1,32,132,0,3,3,0,19.347667694
4,"map(alloc: a)",1,32,132,0,3,28,0,20.205974579
4,"map(alloc: a)",1,32,132,0,3,1218,0,33.152103424
4,"map(alloc: a)",1,32,132,0,3,114,0,21.398067474
4,"map(alloc: a)",1,32,132,0,3,758,0,27.549266815
4,"map(alloc: a)",1,32,132,0,3,1955,0,41.449069977
4,"map(alloc: a)",1,32,132,0,3,472,0,25.498867035
4,"map(alloc: a)",1,32,132,0,3,7,0,20.396709442
4,"map(alloc: a)",1,32,132,0,3,44,0,19.693374634
4,"map(alloc: a)",1,32,132,0,3,3140,0,52.845478058
4,"map(alloc: a)",1,32,132,0,3,8096,0,104.248523712
4,"map(alloc: a)",1,32,132,0,3,71,0,20.349025726
4,"map(alloc: a)",1,32,132,0,3,1,0,19.598007202
4,"map(alloc: a)",1,32,132,0,3,2,0,20.599365234
4,"map(alloc: a)",1,32,132,0,3,294,0,23.043155670
4,"map(alloc: a)",1,32,132,0,4,3,0,19.049644470
4,"map(alloc: a)",1,32,132,0,4,8096,0,104.808807373
4,"map(alloc: a)",1,32,132,0,4,1,0,19.848346710
4,"map(alloc: a)",1,32,132,0,4,28,0,20.253658295
4,"map(alloc: a)",1,32,132,0,4,17,0,20.456314087
4,"map(alloc: a)",1,32,132,0,4,5042,0,72.455406189
4,"map(alloc: a)",1,32,132,0,4,7,0,20.802021027
4,"map(alloc: a)",1,32,132,0,4,114,0,20.396709442
4,"map(alloc: a)",1,32,132,0,4,44,0,20.790100098
4,"map(alloc: a)",1,32,132,0,4,2,0,19.896030426
4,"map(alloc: a)",1,32,132,0,4,294,0,23.698806763
4,"map(alloc: a)",1,32,132,0,4,758,0,29.206275940
4,"map(alloc: a)",1,32,132,0,4,183,0,21.994113922
4,"map(alloc: a)",1,32,132,0,4,4,0,20.241737366
4,"map(alloc: a)",1,32,132,0,4,1218,0,32.496452332
4,"map(alloc: a)",1,32,132,0,4,71,0,19.848346710
4,"map(alloc: a)",1,32,132,0,4,1955,0,40.900707245
4,"map(alloc: a)",1,32,132,0,4,11,0,20.301342010
4,"map(alloc: a)",1,32,132,0,4,472,0,25.999546051
4,"map(alloc: a)",1,32,132,0,4,3140,0,51.951408386
4,"map(alloc: a)",1,32,132,1,0,2,0,19.741058350
4,"map(alloc: a)",1,32,132,1,0,4,0,19.061565399
4,"map(alloc: a)",1,32,132,1,0,472,0,25.641918182
4,"map(alloc: a)",1,32,132,1,0,3140,0,53.107738495
4,"map(alloc: a)",1,32,132,1,0,183,0,21.946430206
4,"map(alloc: a)",1,32,132,1,0,28,0,20.205974579
4,"map(alloc: a)",1,32,132,1,0,71,0,20.253658295
4,"map(alloc: a)",1,32,132,1,0,1218,0,33.140182495
4,"map(alloc: a)",1,32,132,1,0,294,0,22.041797638
4,"map(alloc: a)",1,32,132,1,0,1,0,17.702579498
4,"map(alloc: a)",1,32,132,1,0,7,0,18.203258514
4,"map(alloc: a)",1,32,132,1,0,1955,0,40.352344513
4,"map(alloc: a)",1,32,132,1,0,758,0,27.847290039
4,"map(alloc: a)",1,32,132,1,0,114,0,17.094612122
4,"map(alloc: a)",1,32,132,1,0,11,0,20.349025726
4,"map(alloc: a)",1,32,132,1,0,3,0,20.349025726
4,"map(alloc: a)",1,32,132,1,0,8096,0,104.951858521
4,"map(alloc: a)",1,32,132,1,0,44,0,20.241737366
4,"map(alloc: a)",1,32,132,1,0,17,0,19.955635071
4,"map(alloc: a)",1,32,132,1,0,5042,0,72.848796844
4,"map(alloc: a)",1,32,132,1,1,758,0,29.051303864
4,"map(alloc: a)",1,32,132,1,1,3,0,19.252300262
4,"map(alloc: a)",1,32,132,1,1,3140,0,53.298473358
4,"map(alloc: a)",1,32,132,1,1,1955,0,40.245056152
4,"map(alloc: a)",1,32,132,1,1,44,0,20.194053650
4,"map(alloc: a)",1,32,132,1,1,17,0,20.349025726
4,"map(alloc: a)",1,32,132,1,1,294,0,23.448467255
4,"map(alloc: a)",1,32,132,1,1,28,0,20.897388458
4,"map(alloc: a)",1,32,132,1,1,114,0,20.503997803
4,"map(alloc: a)",1,32,132,1,1,2,0,20.551681519
4,"map(alloc: a)",1,32,132,1,1,7,0,20.253658295
4,"map(alloc: a)",1,32,132,1,1,183,0,21.004676819
4,"map(alloc: a)",1,32,132,1,1,8096,0,105.249881744
4,"map(alloc: a)",1,32,132,1,1,11,0,19.752979279
4,"map(alloc: a)",1,32,132,1,1,1,0,19.896030426
4,"map(alloc: a)",1,32,132,1,1,1218,0,33.104419708
4,"map(alloc: a)",1,32,132,1,1,472,0,25.749206543
4,"map(alloc: a)",1,32,132,1,1,71,0,20.599365234
4,"map(alloc: a)",1,32,132,1,1,5042,0,71.704387665
4,"map(alloc: a)",1,32,132,1,1,4,0,20.098686218
4,"map(alloc: a)",1,32,132,1,2,2,0,19.550323486
4,"map(alloc: a)",1,32,132,1,2,71,0,19.490718842
4,"map(alloc: a)",1,32,132,1,2,17,0,17.094612122
4,"map(alloc: a)",1,32,132,1,2,472,0,25.093555450
4,"map(alloc: a)",1,32,132,1,2,5042,0,72.491168976
4,"map(alloc: a)",1,32,132,1,2,28,0,20.396709442
4,"map(alloc: a)",1,32,132,1,2,44,0,20.205974579
4,"map(alloc: a)",1,32,132,1,2,1218,0,33.700466156
4,"map(alloc: a)",1,32,132,1,2,4,0,20.551681519
4,"map(alloc: a)",1,32,132,1,2,1955,0,41.055679321
4,"map(alloc: a)",1,32,132,1,2,183,0,21.648406982
4,"map(alloc: a)",1,32,132,1,2,7,0,19.645690918
4,"map(alloc: a)",1,32,132,1,2,758,0,27.549266815
4,"map(alloc: a)",1,32,132,1,2,1,0,19.347667694
4,"map(alloc: a)",1,32,132,1,2,3140,0,53.048133850
4,"map(alloc: a)",1,32,132,1,2,8096,0,104.510784149
4,"map(alloc: a)",1,32,132,1,2,3,0,19.299983978
4,"map(alloc: a)",1,32,132,1,2,114,0,21.195411682
4,"map(alloc: a)",1,32,132,1,2,11,0,20.003318787
4,"map(alloc: a)",1,32,132,1,2,294,0,22.602081299
4,"map(alloc: a)",1,32,132,1,3,1,0,19.359588623
4,"map(alloc: a)",1,32,132,1,3,17,0,19.896030426
4,"map(alloc: a)",1,32,132,1,3,294,0,24.199485779
4,"map(alloc: a)",1,32,132,1,3,5042,0,72.848796844
4,"map(alloc: a)",1,32,132,1,3,114,0,21.052360535
4,"map(alloc: a)",1,32,132,1,3,28,0,19.800662994
4,"map(alloc: a)",1,32,132,1,3,1218,0,33.152103424
4,"map(alloc: a)",1,32,132,1,3,2,0,19.741058350
4,"map(alloc: a)",1,32,132,1,3,3,0,19.001960754
4,"map(alloc: a)",1,32,132,1,3,4,0,20.003318787
4,"map(alloc: a)",1,32,132,1,3,758,0,28.598308563
4,"map(alloc: a)",1,32,132,1,3,11,0,20.503997803
4,"map(alloc: a)",1,32,132,1,3,44,0,20.051002502
4,"map(alloc: a)",1,32,132,1,3,472,0,24.604797363
4,"map(alloc: a)",1,32,132,1,3,7,0,19.645690918
4,"map(alloc: a)",1,32,132,1,3,1955,0,39.207935333
4,"map(alloc: a)",1,32,132,1,3,71,0,20.098686218
4,"map(alloc: a)",1,32,132,1,3,183,0,22.602081299
4,"map(alloc: a)",1,32,132,1,3,8096,0,103.247165680
4,"map(alloc: a)",1,32,132,1,3,3140,0,53.703784943
4,"map(alloc: a)",1,32,132,1,4,472,0,25.057792664
4,"map(alloc: a)",1,32,132,1,4,71,0,20.301342010
4,"map(alloc: a)",1,32,132,1,4,1,0,18.942356110
4,"map(alloc: a)",1,32,132,1,4,11,0,20.051002502
4,"map(alloc: a)",1,32,132,1,4,4,0,18.942356110
4,"map(alloc: a)",1,32,132,1,4,3140,0,53.250789642
4,"map(alloc: a)",1,32,132,1,4,28,0,19.943714142
4,"map(alloc: a)",1,32,132,1,4,1218,0,33.199787140
4,"map(alloc: a)",1,32,132,1,4,2,0,18.751621246
4,"map(alloc: a)",1,32,132,1,4,183,0,19.693374634
4,"map(alloc: a)",1,32,132,1,4,5042,0,73.301792145
4,"map(alloc: a)",1,32,132,1,4,114,0,21.493434906
4,"map(alloc: a)",1,32,132,1,4,3,0,19.395351410
4,"map(alloc: a)",1,32,132,1,4,44,0,18.203258514
4,"map(alloc: a)",1,32,132,1,4,758,0,28.252601624
4,"map(alloc: a)",1,32,132,1,4,8096,0,104.343891144
4,"map(alloc: a)",1,32,132,1,4,1955,0,40.900707245
4,"map(alloc: a)",1,32,132,1,4,294,0,23.496150970
4,"map(alloc: a)",1,32,132,1,4,7,0,20.098686218
4,"map(alloc: a)",1,32,132,1,4,17,0,20.897388458
4,"map(alloc: a)",4,32,132,0,0,7,0,18.596649170
4,"map(alloc: a)",4,32,132,0,0,114,0,20.503997803
4,"map(alloc: a)",4,32,132,0,0,3,0,19.645690918
4,"map(alloc: a)",4,32,132,0,0,17,0,19.848346710
4,"map(alloc: a)",4,32,132,0,0,1,0,19.454956055
4,"map(alloc: a)",4,32,132,0,0,44,0,19.299983978
4,"map(alloc: a)",4,32,132,0,0,294,0,22.697448730
4,"map(alloc: a)",4,32,132,0,0,3140,0,53.095817566
4,"map(alloc: a)",4,32,132,0,0,4,0,19.752979279
4,"map(alloc: a)",4,32,132,0,0,1955,0,40.698051453
4,"map(alloc: a)",4,32,132,0,0,183,0,22.542476654
4,"map(alloc: a)",4,32,132,0,0,8096,0,103.795528412
4,"map(alloc: a)",4,32,132,0,0,758,0,28.848648071
4,"map(alloc: a)",4,32,132,0,0,71,0,21.004676819
4,"map(alloc: a)",4,32,132,0,0,2,0,19.407272339
4,"map(alloc: a)",4,32,132,0,0,11,0,21.195411682
4,"map(alloc: a)",4,32,132,0,0,28,0,19.752979279
4,"map(alloc: a)",4,32,132,0,0,5042,0,73.051452637
4,"map(alloc: a)",4,32,132,0,0,1218,0,33.104419708
4,"map(alloc: a)",4,32,132,0,0,472,0,25.105476379
4,"map(alloc: a)",4,32,132,0,1,4,0,20.098686218
4,"map(alloc: a)",4,32,132,0,1,1,0,19.848346710
4,"map(alloc: a)",4,32,132,0,1,17,0,20.146369934
4,"map(alloc: a)",4,32,132,0,1,28,0,20.349025726
4,"map(alloc: a)",4,32,132,0,1,11,0,20.599365234
4,"map(alloc: a)",4,32,132,0,1,3140,0,53.048133850
4,"map(alloc: a)",4,32,132,0,1,2,0,20.849704742
4,"map(alloc: a)",4,32,132,0,1,758,0,28.204917908
4,"map(alloc: a)",4,32,132,0,1,1218,0,33.402442932
4,"map(alloc: a)",4,32,132,0,1,44,0,20.408630371
4,"map(alloc: a)",4,32,132,0,1,71,0,20.694732666
4,"map(alloc: a)",4,32,132,0,1,114,0,21.195411682
4,"map(alloc: a)",4,32,132,0,1,294,0,22.959709167
4,"map(alloc: a)",4,32,132,0,1,7,0,19.896030426
4,"map(alloc: a)",4,32,132,0,1,183,0,21.398067474
4,"map(alloc: a)",4,32,132,0,1,8096,0,103.902816772
4,"map(alloc: a)",4,32,132,0,1,472,0,24.640560150
4,"map(alloc: a)",4,32,132,0,1,1955,0,40.447711945
4,"map(alloc: a)",4,32,132,0,1,3,0,19.395351410
4,"map(alloc: a)",4,32,132,0,1,5042,0,72.240829468
4,"map(alloc: a)",4,32,132,0,2,3,0,19.752979279
4,"map(alloc: a)",4,32,132,0,2,44,0,19.705295563
4,"map(alloc: a)",4,32,132,0,2,1,0,20.742416382
4,"map(alloc: a)",4,32,132,0,2,183,0,21.040439606
4,"map(alloc: a)",4,32,132,0,2,294,0,23.698806763
4,"map(alloc: a)",4,32,132,0,2,5042,0,72.896480560
4,"map(alloc: a)",4,32,132,0,2,7,0,20.349025726
4,"map(alloc: a)",4,32,132,0,2,8096,0,103.950500488
4,"map(alloc: a)",4,32,132,0,2,2,0,19.049644470
4,"map(alloc: a)",4,32,132,0,2,114,0,21.207332611
4,"map(alloc: a)",4,32,132,0,2,71,0,21.398067474
4,"map(alloc: a)",4,32,132,0,2,1955,0,40.292739868
4,"map(alloc: a)",4,32,132,0,2,17,0,17.297267914
4,"map(alloc: a)",4,32,132,0,2,472,0,24.247169495
4,"map(alloc: a)",4,32,132,0,2,11,0,20.194053650
4,"map(alloc: a)",4,32,132,0,2,1218,0,33.140182495
4,"map(alloc: a)",4,32,132,0,2,4,0,20.051002502
4,"map(alloc: a)",4,32,132,0,2,3140,0,52.547454834
4,"map(alloc: a)",4,32,132,0,2,758,0,27.346611023
4,"map(alloc: a)",4,32,132,0,2,28,0,19.550323486
4,"map(alloc: a)",4,32,132,0,3,11,0,20.146369934
4,"map(alloc: a)",4,32,132,0,3,4,0,20.408630371
4,"map(alloc: a)",4,32,132,0,3,5042,0,73.206424713
4,"map(alloc: a)",4,32,132,0,3,183,0,21.553039551
4,"map(alloc: a)",4,32,132,0,3,17,0,20.098686218
4,"map(alloc: a)",4,32,132,0,3,3,0,19.550323486
4,"map(alloc: a)",4,32,132,0,3,28,0,19.741058350
4,"map(alloc: a)",4,32,132,0,3,1218,0,33.593177795
4,"map(alloc: a)",4,32,132,0,3,114,0,21.851062775
4,"map(alloc: a)",4,32,132,0,3,758,0,28.002262115
4,"map(alloc: a)",4,32,132,0,3,1955,0,40.495395660
4,"map(alloc: a)",4,32,132,0,3,472,0,24.604797363
4,"map(alloc: a)",4,32,132,0,3,7,0,17.106533051
4,"map(alloc: a)",4,32,132,0,3,44,0,20.849704742
4,"map(alloc: a)",4,32,132,0,3,3140,0,52.201747894
4,"map(alloc: a)",4,32,132,0,3,8096,0,104.093551636
4,"map(alloc: a)",4,32,132,0,3,71,0,19.443035126
4,"map(alloc: a)",4,32,132,0,3,1,0,19.896030426
4,"map(alloc: a)",4,32,132,0,3,2,0,19.454956055
4,"map(alloc: a)",4,32,132,0,3,294,0,22.804737091
4,"map(alloc: a)",4,32,132,0,4,3,0,19.752979279
4,"map(alloc: a)",4,32,132,0,4,8096,0,103.950500488
4,"map(alloc: a)",4,32,132,0,4,1,0,19.502639771
4,"map(alloc: a)",4,32,132,0,4,28,0,21.350383759
4,"map(alloc: a)",4,32,132,0,4,17,0,19.896030426
4,"map(alloc: a)",4,32,132,0,4,5042,0,72.050094604
4,"map(alloc: a)",4,32,132,0,4,7,0,19.252300262
4,"map(alloc: a)",4,32,132,0,4,114,0,20.253658295
4,"map(alloc: a)",4,32,132,0,4,44,0,19.955635071
4,"map(alloc: a)",4,32,132,0,4,2,0,19.955635071
4,"map(alloc: a)",4,32,132,0,4,294,0,22.494792938
4,"map(alloc: a)",4,32,132,0,4,758,0,27.906894684
4,"map(alloc: a)",4,32,132,0,4,183,0,21.052360535
4,"map(alloc: a)",4,32,132,0,4,4,0,16.808509827
4,"map(alloc: a)",4,32,132,0,4,1218,0,32.055377960
4,"map(alloc: a)",4,32,132,0,4,71,0,19.943714142
4,"map(alloc: a)",4,32,132,0,4,1955,0,40.054321289
4,"map(alloc: a)",4,32,132,0,4,11,0,19.443035126
4,"map(alloc: a)",4,32,132,0,4,472,0,25.498867035
4,"map(alloc: a)",4,32,132,0,4,3140,0,53.548812866
4,"map(alloc: a)",4,32,132,1,0,2,0,19.848346710
4,"map(alloc: a)",4,32,132,1,0,4,0,20.849704742
4,"map(alloc: a)",4,32,132,1,0,472,0,22.459030151
4,"map(alloc: a)",4,32,132,1,0,3140,0,53.000450134
4,"map(alloc: a)",4,32,132,1,0,183,0,21.755695343
4,"map(alloc: a)",4,32,132,1,0,28,0,20.456314087
4,"map(alloc: a)",4,32,132,1,0,71,0,21.052360535
4,"map(alloc: a)",4,32,132,1,0,1218,0,33.307075500
4,"map(alloc: a)",4,32,132,1,0,294,0,22.900104523
4,"map(alloc: a)",4,32,132,1,0,1,0,19.693374634
4,"map(alloc: a)",4,32,132,1,0,7,0,20.003318787
4,"map(alloc: a)",4,32,132,1,0,1955,0,40.149688721
4,"map(alloc: a)",4,32,132,1,0,758,0,27.990341187
4,"map(alloc: a)",4,32,132,1,0,114,0,21.207332611
4,"map(alloc: a)",4,32,132,1,0,11,0,20.349025726
4,"map(alloc: a)",4,32,132,1,0,3,0,20.003318787
4,"map(alloc: a)",4,32,132,1,0,8096,0,103.902816772
4,"map(alloc: a)",4,32,132,1,0,44,0,20.158290863
4,"map(alloc: a)",4,32,132,1,0,17,0,20.146369934
4,"map(alloc: a)",4,32,132,1,0,5042,0,71.597099304
4,"map(alloc: a)",4,32,132,1,1,758,0,25.951862335
4,"map(alloc: a)",4,32,132,1,1,3,0,19.752979279
4,"map(alloc: a)",4,32,132,1,1,3140,0,52.845478058
4,"map(alloc: a)",4,32,132,1,1,1955,0,37.848949432
4,"map(alloc: a)",4,32,132,1,1,44,0,20.599365234
4,"map(alloc: a)",4,32,132,1,1,17,0,19.645690918
4,"map(alloc: a)",4,32,132,1,1,294,0,22.840499878
4,"map(alloc: a)",4,32,132,1,1,28,0,19.955635071
4,"map(alloc: a)",4,32,132,1,1,114,0,21.290779114
4,"map(alloc: a)",4,32,132,1,1,2,0,19.955635071
4,"map(alloc: a)",4,32,132,1,1,7,0,19.204616547
4,"map(alloc: a)",4,32,132,1,1,183,0,22.995471954
4,"map(alloc: a)",4,32,132,1,1,8096,0,104.510784149
4,"map(alloc: a)",4,32,132,1,1,11,0,19.598007202
4,"map(alloc: a)",4,32,132,1,1,1,0,18.846988678
4,"map(alloc: a)",4,32,132,1,1,1218,0,32.401084900
4,"map(alloc: a)",4,32,132,1,1,472,0,25.451183319
4,"map(alloc: a)",4,32,132,1,1,71,0,19.860267639
4,"map(alloc: a)",4,32,132,1,1,5042,0,72.550773621
4,"map(alloc: a)",4,32,132,1,1,4,0,19.204616547
4,"map(alloc: a)",4,32,132,1,2,2,0,20.349025726
4,"map(alloc: a)",4,32,132,1,2,71,0,20.456314087
4,"map(alloc: a)",4,32,132,1,2,17,0,19.907951355
4,"map(alloc: a)",4,32,132,1,2,472,0,24.449825287
4,"map(alloc: a)",4,32,132,1,2,5042,0,73.003768921
4,"map(alloc: a)",4,32,132,1,2,28,0,21.600723267
4,"map(alloc: a)",4,32,132,1,2,44,0,19.454956055
4,"map(alloc: a)",4,32,132,1,2,1218,0,32.198429108
4,"map(alloc: a)",4,32,132,1,2,4,0,19.550323486
4,"map(alloc: a)",4,32,132,1,2,1955,0,40.149688721
4,"map(alloc: a)",4,32,132,1,2,183,0,23.102760315
4,"map(alloc: a)",4,32,132,1,2,7,0,18.799304962
4,"map(alloc: a)",4,32,132,1,2,758,0,28.455257416
4,"map(alloc: a)",4,32,132,1,2,1,0,20.742416382
4,"map(alloc: a)",4,32,132,1,2,3140,0,52.750110626
4,"map(alloc: a)",4,32,132,1,2,8096,0,102.961063385
4,"map(alloc: a)",4,32,132,1,2,3,0,19.848346710
4,"map(alloc: a)",4,32,132,1,2,114,0,22.494792938
4,"map(alloc: a)",4,32,132,1,2,11,0,19.896030426
4,"map(alloc: a)",4,32,132,1,2,294,0,23.508071899
4,"map(alloc: a)",4,32,132,1,3,1,0,20.003318787
4,"map(alloc: a)",4,32,132,1,3,17,0,20.694732666
4,"map(alloc: a)",4,32,132,1,3,294,0,22.244453430
4,"map(alloc: a)",4,32,132,1,3,5042,0,70.953369141
4,"map(alloc: a)",4,32,132,1,3,114,0,17.452239990
4,"map(alloc: a)",4,32,132,1,3,28,0,19.598007202
4,"map(alloc: a)",4,32,132,1,3,1218,0,32.401084900
4,"map(alloc: a)",4,32,132,1,3,2,0,18.298625946
4,"map(alloc: a)",4,32,132,1,3,3,0,20.194053650
4,"map(alloc: a)",4,32,132,1,3,4,0,20.408630371
4,"map(alloc: a)",4,32,132,1,3,758,0,28.145313263
4,"map(alloc: a)",4,32,132,1,3,11,0,19.550323486
4,"map(alloc: a)",4,32,132,1,3,44,0,20.301342010
4,"map(alloc: a)",4,32,132,1,3,472,0,24.998188019
4,"map(alloc: a)",4,32,132,1,3,7,0,20.301342010
4,"map(alloc: a)",4,32,132,1,3,1955,0,39.398670197
4,"map(alloc: a)",4,32,132,1,3,71,0,20.992755890
4,"map(alloc: a)",4,32,132,1,3,183,0,21.243095398
4,"map(alloc: a)",4,32,132,1,3,8096,0,103.640556335
4,"map(alloc: a)",4,32,132,1,3,3140,0,52.249431610
4,"map(alloc: a)",4,32,132,1,4,472,0,25.856494904
4,"map(alloc: a)",4,32,132,1,4,71,0,19.991397858
4,"map(alloc: a)",4,32,132,1,4,1,0,19.800662994
4,"map(alloc: a)",4,32,132,1,4,11,0,19.800662994
4,"map(alloc: a)",4,32,132,1,4,4,0,19.097328186
4,"map(alloc: a)",4,32,132,1,4,3140,0,51.307678223
4,"map(alloc: a)",4,32,132,1,4,28,0,19.943714142
4,"map(alloc: a)",4,32,132,1,4,1218,0,33.450126648
4,"map(alloc: a)",4,32,132,1,4,2,0,19.502639771
4,"map(alloc: a)",4,32,132,1,4,183,0,22.149085999
4,"map(alloc: a)",4,32,132,1,4,5042,0,72.646141052
4,"map(alloc: a)",4,32,132,1,4,114,0,21.052360535
4,"map(alloc: a)",4,32,132,1,4,3,0,20.503997803
4,"map(alloc: a)",4,32,132,1,4,44,0,19.800662994
4,"map(alloc: a)",4,32,132,1,4,758,0,28.455257416
4,"map(alloc: a)",4,32,132,1,4,8096,0,104.200839996
4,"map(alloc: a)",4,32,132,1,4,1955,0,40.054321289
4,"map(alloc: a)",4,32,132,1,4,294,0,22.649765015
4,"map(alloc: a)",4,32,132,1,4,7,0,20.146369934
4,"map(alloc: a)",4,32,132,1,4,17,0,21.660327911
4,"map(alloc: a)",16,32,132,0,0,7,0,15.354156494
4,"map(alloc: a)",16,32,132,0,0,114,0,21.159648895
4,"map(alloc: a)",16,32,132,0,0,3,0,19.502639771
4,"map(alloc: a)",16,32,132,0,0,17,0,19.598007202
4,"map(alloc: a)",16,32,132,0,0,1,0,19.609928131
4,"map(alloc: a)",16,32,132,0,0,44,0,19.943714142
4,"map(alloc: a)",16,32,132,0,0,294,0,23.198127747
4,"map(alloc: a)",16,32,132,0,0,3140,0,52.654743195
4,"map(alloc: a)",16,32,132,0,0,4,0,19.204616547
4,"map(alloc: a)",16,32,132,0,0,1955,0,40.256977081
4,"map(alloc: a)",16,32,132,0,0,183,0,20.802021027
4,"map(alloc: a)",16,32,132,0,0,8096,0,103.247165680
4,"map(alloc: a)",16,32,132,0,0,758,0,28.860569000
4,"map(alloc: a)",16,32,132,0,0,71,0,20.396709442
4,"map(alloc: a)",16,32,132,0,0,2,0,19.943714142
4,"map(alloc: a)",16,32,132,0,0,11,0,19.800662994
4,"map(alloc: a)",16,32,132,0,0,28,0,19.800662994
4,"map(alloc: a)",16,32,132,0,0,5042,0,72.801113129
4,"map(alloc: a)",16,32,132,0,0,1218,0,32.997131348
4,"map(alloc: a)",16,32,132,0,0,472,0,24.700164795
4,"map(alloc: a)",16,32,132,0,1,4,0,20.098686218
4,"map(alloc: a)",16,32,132,0,1,1,0,19.097328186
4,"map(alloc: a)",16,32,132,0,1,17,0,20.205974579
4,"map(alloc: a)",16,32,132,0,1,28,0,19.252300262
4,"map(alloc: a)",16,32,132,0,1,11,0,19.896030426
4,"map(alloc: a)",16,32,132,0,1,3140,0,53.405761719
4,"map(alloc: a)",16,32,132,0,1,2,0,19.204616547
4,"map(alloc: a)",16,32,132,0,1,758,0,27.954578400
4,"map(alloc: a)",16,32,132,0,1,1218,0,31.399726868
4,"map(alloc: a)",16,32,132,0,1,44,0,19.598007202
4,"map(alloc: a)",16,32,132,0,1,71,0,21.207332611
4,"map(alloc: a)",16,32,132,0,1,114,0,20.444393158
4,"map(alloc: a)",16,32,132,0,1,294,0,22.697448730
4,"map(alloc: a)",16,32,132,0,1,7,0,20.146369934
4,"map(alloc: a)",16,32,132,0,1,183,0,22.351741791
4,"map(alloc: a)",16,32,132,0,1,8096,0,104.808807373
4,"map(alloc: a)",16,32,132,0,1,472,0,24.998188019
4,"map(alloc: a)",16,32,132,0,1,1955,0,40.352344513
4,"map(alloc: a)",16,32,132,0,1,3,0,20.146369934
4,"map(alloc: a)",16,32,132,0,1,5042,0,72.848796844
4,"map(alloc: a)",16,32,132,0,2,3,0,19.550323486
4,"map(alloc: a)",16,32,132,0,2,44,0,19.848346710
4,"map(alloc: a)",16,32,132,0,2,1,0,20.098686218
4,"map(alloc: a)",16,32,132,0,2,183,0,21.648406982
4,"map(alloc: a)",16,32,132,0,2,294,0,23.543834686
4,"map(alloc: a)",16,32,132,0,2,5042,0,71.394443512
4,"map(alloc: a)",16,32,132,0,2,7,0,20.349025726
4,"map(alloc: a)",16,32,132,0,2,8096,0,104.546546936
4,"map(alloc: a)",16,32,132,0,2,2,0,19.490718842
4,"map(alloc: a)",16,32,132,0,2,114,0,21.445751190
4,"map(alloc: a)",16,32,132,0,2,71,0,20.253658295
4,"map(alloc: a)",16,32,132,0,2,1955,0,41.055679321
4,"map(alloc: a)",16,32,132,0,2,17,0,19.454956055
4,"map(alloc: a)",16,32,132,0,2,472,0,22.256374359
4,"map(alloc: a)",16,32,132,0,2,11,0,20.349025726
4,"map(alloc: a)",16,32,132,0,2,1218,0,33.450126648
4,"map(alloc: a)",16,32,132,0,2,4,0,20.360946655
4,"map(alloc: a)",16,32,132,0,2,3140,0,51.796436310
4,"map(alloc: a)",16,32,132,0,2,758,0,28.157234192
4,"map(alloc: a)",16,32,132,0,2,28,0,19.752979279
4,"map(alloc: a)",16,32,132,0,3,11,0,19.955635071
4,"map(alloc: a)",16,32,132,0,3,4,0,18.799304962
4,"map(alloc: a)",16,32,132,0,3,5042,0,71.859359741
4,"map(alloc: a)",16,32,132,0,3,183,0,21.600723267
4,"map(alloc: a)",16,32,132,0,3,17,0,20.599365234
4,"map(alloc: a)",16,32,132,0,3,3,0,20.194053650
4,"map(alloc: a)",16,32,132,0,3,28,0,20.742416382
4,"map(alloc: a)",16,32,132,0,3,1218,0,31.590461731
4,"map(alloc: a)",16,32,132,0,3,114,0,21.100044250
4,"map(alloc: a)",16,32,132,0,3,758,0,25.939941406
4,"map(alloc: a)",16,32,132,0,3,1955,0,40.400028229
4,"map(alloc: a)",16,32,132,0,3,472,0,25.403499603
4,"map(alloc: a)",16,32,132,0,3,7,0,21.350383759
4,"map(alloc: a)",16,32,132,0,3,44,0,20.658969879
4,"map(alloc: a)",16,32,132,0,3,3140,0,52.750110626
4,"map(alloc: a)",16,32,132,0,3,8096,0,104.904174805
4,"map(alloc: a)",16,32,132,0,3,71,0,20.742416382
4,"map(alloc: a)",16,32,132,0,3,1,0,15.306472778
4,"map(alloc: a)",16,32,132,0,3,2,0,19.598007202
4,"map(alloc: a)",16,32,132,0,3,294,0,23.710727692
4,"map(alloc: a)",16,32,132,0,4,3,0,19.550323486
4,"map(alloc: a)",16,32,132,0,4,8096,0,104.808807373
4,"map(alloc: a)",16,32,132,0,4,1,0,20.158290863
4,"map(alloc: a)",16,32,132,0,4,28,0,19.848346710
4,"map(alloc: a)",16,32,132,0,4,17,0,20.647048950
4,"map(alloc: a)",16,32,132,0,4,5042,0,72.491168976
4,"map(alloc: a)",16,32,132,0,4,7,0,19.907951355
4,"map(alloc: a)",16,32,132,0,4,114,0,20.706653595
4,"map(alloc: a)",16,32,132,0,4,44,0,19.705295563
4,"map(alloc: a)",16,32,132,0,4,2,0,18.954277039
4,"map(alloc: a)",16,32,132,0,4,294,0,23.400783539
4,"map(alloc: a)",16,32,132,0,4,758,0,28.443336487
4,"map(alloc: a)",16,32,132,0,4,183,0,21.851062775
4,"map(alloc: a)",16,32,132,0,4,4,0,20.051002502
4,"map(alloc: a)",16,32,132,0,4,1218,0,33.044815063
4,"map(alloc: a)",16,32,132,0,4,71,0,20.992755890
4,"map(alloc: a)",16,32,132,0,4,1955,0,40.495395660
4,"map(alloc: a)",16,32,132,0,4,11,0,20.503997803
4,"map(alloc: a)",16,32,132,0,4,472,0,25.856494904
4,"map(alloc: a)",16,32,132,0,4,3140,0,52.845478058
4,"map(alloc: a)",16,32,132,1,0,2,0,19.609928131
4,"map(alloc: a)",16,32,132,1,0,4,0,20.003318787
4,"map(alloc: a)",16,32,132,1,0,472,0,26.047229767
4,"map(alloc: a)",16,32,132,1,0,3140,0,53.143501282
4,"map(alloc: a)",16,32,132,1,0,183,0,22.602081299
4,"map(alloc: a)",16,32,132,1,0,28,0,20.444393158
4,"map(alloc: a)",16,32,132,1,0,71,0,20.956993103
4,"map(alloc: a)",16,32,132,1,0,1218,0,33.843517303
4,"map(alloc: a)",16,32,132,1,0,294,0,22.852420807
4,"map(alloc: a)",16,32,132,1,0,1,0,19.502639771
4,"map(alloc: a)",16,32,132,1,0,7,0,19.693374634
4,"map(alloc: a)",16,32,132,1,0,1955,0,40.006637573
4,"map(alloc: a)",16,32,132,1,0,758,0,27.811527252
4,"map(alloc: a)",16,32,132,1,0,114,0,21.195411682
4,"map(alloc: a)",16,32,132,1,0,11,0,21.195411682
4,"map(alloc: a)",16,32,132,1,0,3,0,19.955635071
4,"map(alloc: a)",16,32,132,1,0,8096,0,103.795528412
4,"map(alloc: a)",16,32,132,1,0,44,0,20.444393158
4,"map(alloc: a)",16,32,132,1,0,17,0,20.158290863
4,"map(alloc: a)",16,32,132,1,0,5042,0,72.658061981
4,"map(alloc: a)",16,32,132,1,1,758,0,27.906894684
4,"map(alloc: a)",16,32,132,1,1,3,0,19.395351410
4,"map(alloc: a)",16,32,132,1,1,3140,0,53.501129150
4,"map(alloc: a)",16,32,132,1,1,1955,0,40.709972382
4,"map(alloc: a)",16,32,132,1,1,44,0,20.444393158
4,"map(alloc: a)",16,32,132,1,1,17,0,20.253658295
4,"map(alloc: a)",16,32,132,1,1,294,0,23.293495178
4,"map(alloc: a)",16,32,132,1,1,28,0,16.856193542
4,"map(alloc: a)",16,32,132,1,1,114,0,20.706653595
4,"map(alloc: a)",16,32,132,1,1,2,0,19.299983978
4,"map(alloc: a)",16,32,132,1,1,7,0,19.502639771
4,"map(alloc: a)",16,32,132,1,1,183,0,21.398067474
4,"map(alloc: a)",16,32,132,1,1,8096,0,104.558467865
4,"map(alloc: a)",16,32,132,1,1,11,0,20.658969879
4,"map(alloc: a)",16,32,132,1,1,1,0,20.205974579
4,"map(alloc: a)",16,32,132,1,1,1218,0,32.198429108
4,"map(alloc: a)",16,32,132,1,1,472,0,24.807453156
4,"map(alloc: a)",16,32,132,1,1,71,0,20.694732666
4,"map(alloc: a)",16,32,132,1,1,5042,0,73.194503784
4,"map(alloc: a)",16,32,132,1,1,4,0,19.443035126
4,"map(alloc: a)",16,32,132,1,2,2,0,19.550323486
4,"map(alloc: a)",16,32,132,1,2,71,0,20.551681519
4,"map(alloc: a)",16,32,132,1,2,17,0,20.647048950
4,"map(alloc: a)",16,32,132,1,2,472,0,24.592876434
4,"map(alloc: a)",16,32,132,1,2,5042,0,72.801113129
4,"map(alloc: a)",16,32,132,1,2,28,0,21.052360535
4,"map(alloc: a)",16,32,132,1,2,44,0,19.693374634
4,"map(alloc: a)",16,32,132,1,2,1218,0,33.998489380
4,"map(alloc: a)",16,32,132,1,2,4,0,20.551681519
4,"map(alloc: a)",16,32,132,1,2,1955,0,40.948390961
4,"map(alloc: a)",16,32,132,1,2,183,0,21.600723267
4,"map(alloc: a)",16,32,132,1,2,7,0,20.301342010
4,"map(alloc: a)",16,32,132,1,2,758,0,24.247169495
4,"map(alloc: a)",16,32,132,1,2,1,0,19.800662994
4,"map(alloc: a)",16,32,132,1,2,3140,0,52.797794342
4,"map(alloc: a)",16,32,132,1,2,8096,0,104.403495789
4,"map(alloc: a)",16,32,132,1,2,3,0,19.550323486
4,"map(alloc: a)",16,32,132,1,2,114,0,21.052360535
4,"map(alloc: a)",16,32,132,1,2,11,0,19.645690918
4,"map(alloc: a)",16,32,132,1,2,294,0,22.947788239
4,"map(alloc: a)",16,32,132,1,3,1,0,17.154216766
4,"map(alloc: a)",16,32,132,1,3,17,0,18.703937531
4,"map(alloc: a)",16,32,132,1,3,294,0,23.698806763
4,"map(alloc: a)",16,32,132,1,3,5042,0,73.194503784
4,"map(alloc: a)",16,32,132,1,3,114,0,21.553039551
4,"map(alloc: a)",16,32,132,1,3,28,0,20.754337311
4,"map(alloc: a)",16,32,132,1,3,1218,0,33.092498779
4,"map(alloc: a)",16,32,132,1,3,2,0,17.642974854
4,"map(alloc: a)",16,32,132,1,3,3,0,17.893314362
4,"map(alloc: a)",16,32,132,1,3,4,0,19.955635071
4,"map(alloc: a)",16,32,132,1,3,758,0,27.406215668
4,"map(alloc: a)",16,32,132,1,3,11,0,19.848346710
4,"map(alloc: a)",16,32,132,1,3,44,0,20.253658295
4,"map(alloc: a)",16,32,132,1,3,472,0,25.141239166
4,"map(alloc: a)",16,32,132,1,3,7,0,19.240379333
4,"map(alloc: a)",16,32,132,1,3,1955,0,39.696693420
4,"map(alloc: a)",16,32,132,1,3,71,0,20.349025726
4,"map(alloc: a)",16,32,132,1,3,183,0,22.149085999
4,"map(alloc: a)",16,32,132,1,3,8096,0,103.747844696
4,"map(alloc: a)",16,32,132,1,3,3140,0,53.095817566
4,"map(alloc: a)",16,32,132,1,4,472,0,25.451183319
4,"map(alloc: a)",16,32,132,1,4,71,0,20.658969879
4,"map(alloc: a)",16,32,132,1,4,1,0,19.299983978
4,"map(alloc: a)",16,32,132,1,4,11,0,19.848346710
4,"map(alloc: a)",16,32,132,1,4,4,0,20.205974579
4,"map(alloc: a)",16,32,132,1,4,3140,0,52.809715271
4,"map(alloc: a)",16,32,132,1,4,28,0,20.241737366
4,"map(alloc: a)",16,32,132,1,4,1218,0,32.794475555
4,"map(alloc: a)",16,32,132,1,4,2,0,19.550323486
4,"map(alloc: a)",16,32,132,1,4,183,0,21.302700043
4,"map(alloc: a)",16,32,132,1,4,5042,0,72.503089905
4,"map(alloc: a)",16,32,132,1,4,114,0,21.648406982
4,"map(alloc: a)",16,32,132,1,4,3,0,19.550323486
4,"map(alloc: a)",16,32,132,1,4,44,0,19.741058350
4,"map(alloc: a)",16,32,132,1,4,758,0,28.097629547
4,"map(alloc: a)",16,32,132,1,4,8096,0,104.200839996
4,"map(alloc: a)",16,32,132,1,4,1955,0,40.447711945
4,"map(alloc: a)",16,32,132,1,4,294,0,22.959709167
4,"map(alloc: a)",16,32,132,1,4,7,0,19.145011902
4,"map(alloc: a)",16,32,132,1,4,17,0,16.951560974
4,"map(alloc: a)",64,32,132,0,0,7,0,20.456314087
4,"map(alloc: a)",64,32,132,0,0,114,0,22.399425507
4,"map(alloc: a)",64,32,132,0,0,3,0,20.241737366
4,"map(alloc: a)",64,32,132,0,0,17,0,19.943714142
4,"map(alloc: a)",64,32,132,0,0,1,0,20.301342010
4,"map(alloc: a)",64,32,132,0,0,44,0,19.550323486
4,"map(alloc: a)",64,32,132,0,0,294,0,23.496150970
4,"map(alloc: a)",64,32,132,0,0,3140,0,51.701068878
4,"map(alloc: a)",64,32,132,0,0,4,0,20.802021027
4,"map(alloc: a)",64,32,132,0,0,1955,0,39.947032928
4,"map(alloc: a)",64,32,132,0,0,183,0,21.600723267
4,"map(alloc: a)",64,32,132,0,0,8096,0,105.047225952
4,"map(alloc: a)",64,32,132,0,0,758,0,27.799606323
4,"map(alloc: a)",64,32,132,0,0,71,0,20.241737366
4,"map(alloc: a)",64,32,132,0,0,2,0,20.110607147
4,"map(alloc: a)",64,32,132,0,0,11,0,19.800662994
4,"map(alloc: a)",64,32,132,0,0,28,0,20.408630371
4,"map(alloc: a)",64,32,132,0,0,5042,0,72.944164276
4,"map(alloc: a)",64,32,132,0,0,1218,0,33.307075500
4,"map(alloc: a)",64,32,132,0,0,472,0,24.557113647
4,"map(alloc: a)",64,32,132,0,1,4,0,21.588802338
4,"map(alloc: a)",64,32,132,0,1,1,0,15.556812286
4,"map(alloc: a)",64,32,132,0,1,17,0,20.503997803
4,"map(alloc: a)",64,32,132,0,1,28,0,19.907951355
4,"map(alloc: a)",64,32,132,0,1,11,0,20.551681519
4,"map(alloc: a)",64,32,132,0,1,3140,0,51.200389862
4,"map(alloc: a)",64,32,132,0,1,2,0,20.051002502
4,"map(alloc: a)",64,32,132,0,1,758,0,26.452541351
4,"map(alloc: a)",64,32,132,0,1,1218,0,32.305717468
4,"map(alloc: a)",64,32,132,0,1,44,0,20.301342010
4,"map(alloc: a)",64,32,132,0,1,71,0,20.992755890
4,"map(alloc: a)",64,32,132,0,1,114,0,21.398067474
4,"map(alloc: a)",64,32,132,0,1,294,0,23.150444031
4,"map(alloc: a)",64,32,132,0,1,7,0,19.693374634
4,"map(alloc: a)",64,32,132,0,1,183,0,22.053718567
4,"map(alloc: a)",64,32,132,0,1,8096,0,105.404853821
4,"map(alloc: a)",64,32,132,0,1,472,0,25.546550751
4,"map(alloc: a)",64,32,132,0,1,1955,0,41.651725769
4,"map(alloc: a)",64,32,132,0,1,3,0,20.503997803
4,"map(alloc: a)",64,32,132,0,1,5042,0,72.801113129
4,"map(alloc: a)",64,32,132,0,2,3,0,18.846988678
4,"map(alloc: a)",64,32,132,0,2,44,0,21.553039551
4,"map(alloc: a)",64,32,132,0,2,1,0,15.652179718
4,"map(alloc: a)",64,32,132,0,2,183,0,22.304058075
4,"map(alloc: a)",64,32,132,0,2,294,0,21.994113922
4,"map(alloc: a)",64,32,132,0,2,5042,0,72.455406189
4,"map(alloc: a)",64,32,132,0,2,7,0,20.897388458
4,"map(alloc: a)",64,32,132,0,2,8096,0,103.747844696
4,"map(alloc: a)",64,32,132,0,2,2,0,18.644332886
4,"map(alloc: a)",64,32,132,0,2,114,0,19.896030426
4,"map(alloc: a)",64,32,132,0,2,71,0,18.000602722
4,"map(alloc: a)",64,32,132,0,2,1955,0,39.303302765
4,"map(alloc: a)",64,32,132,0,2,17,0,19.347667694
4,"map(alloc: a)",64,32,132,0,2,472,0,25.200843811
4,"map(alloc: a)",64,32,132,0,2,11,0,19.204616547
4,"map(alloc: a)",64,32,132,0,2,1218,0,33.402442932
4,"map(alloc: a)",64,32,132,0,2,4,0,19.907951355
4,"map(alloc: a)",64,32,132,0,2,3140,0,52.404403687
4,"map(alloc: a)",64,32,132,0,2,758,0,27.847290039
4,"map(alloc: a)",64,32,132,0,2,28,0,19.991397858
4,"map(alloc: a)",64,32,132,0,3,11,0,19.299983978
4,"map(alloc: a)",64,32,132,0,3,4,0,20.456314087
4,"map(alloc: a)",64,32,132,0,3,5042,0,72.050094604
4,"map(alloc: a)",64,32,132,0,3,183,0,22.554397583
4,"map(alloc: a)",64,32,132,0,3,17,0,21.052360535
4,"map(alloc: a)",64,32,132,0,3,3,0,18.954277039
4,"map(alloc: a)",64,32,132,0,3,28,0,18.155574799
4,"map(alloc: a)",64,32,132,0,3,1218,0,32.699108124
4,"map(alloc: a)",64,32,132,0,3,114,0,22.447109222
4,"map(alloc: a)",64,32,132,0,3,758,0,26.059150696
4,"map(alloc: a)",64,32,132,0,3,1955,0,40.543079376
4,"map(alloc: a)",64,32,132,0,3,472,0,26.059150696
4,"map(alloc: a)",64,32,132,0,3,7,0,21.255016327
4,"map(alloc: a)",64,32,132,0,3,44,0,21.553039551
4,"map(alloc: a)",64,32,132,0,3,3140,0,52.952766418
4,"map(alloc: a)",64,32,132,0,3,8096,0,104.606151581
4,"map(alloc: a)",64,32,132,0,3,71,0,20.551681519
4,"map(alloc: a)",64,32,132,0,3,1,0,19.550323486
4,"map(alloc: a)",64,32,132,0,3,2,0,18.048286438
4,"map(alloc: a)",64,32,132,0,3,294,0,23.794174194
4,"map(alloc: a)",64,32,132,0,4,3,0,19.443035126
4,"map(alloc: a)",64,32,132,0,4,8096,0,103.700160980
4,"map(alloc: a)",64,32,132,0,4,1,0,18.846988678
4,"map(alloc: a)",64,32,132,0,4,28,0,17.249584198
4,"map(alloc: a)",64,32,132,0,4,17,0,19.991397858
4,"map(alloc: a)",64,32,132,0,4,5042,0,73.254108429
4,"map(alloc: a)",64,32,132,0,4,7,0,19.705295563
4,"map(alloc: a)",64,32,132,0,4,114,0,21.958351135
4,"map(alloc: a)",64,32,132,0,4,44,0,21.147727966
4,"map(alloc: a)",64,32,132,0,4,2,0,21.004676819
4,"map(alloc: a)",64,32,132,0,4,294,0,23.853778839
4,"map(alloc: a)",64,32,132,0,4,758,0,27.692317963
4,"map(alloc: a)",64,32,132,0,4,183,0,22.494792938
4,"map(alloc: a)",64,32,132,0,4,4,0,20.849704742
4,"map(alloc: a)",64,32,132,0,4,1218,0,33.593177795
4,"map(alloc: a)",64,32,132,0,4,71,0,20.897388458
4,"map(alloc: a)",64,32,132,0,4,1955,0,40.948390961
4,"map(alloc: a)",64,32,132,0,4,11,0,20.444393158
4,"map(alloc: a)",64,32,132,0,4,472,0,25.546550751
4,"map(alloc: a)",64,32,132,0,4,3140,0,53.453445435
4,"map(alloc: a)",64,32,132,1,0,2,0,19.550323486
4,"map(alloc: a)",64,32,132,1,0,4,0,20.551681519
4,"map(alloc: a)",64,32,132,1,0,472,0,26.547908783
4,"map(alloc: a)",64,32,132,1,0,3140,0,53.453445435
4,"map(alloc: a)",64,32,132,1,0,183,0,23.198127747
4,"map(alloc: a)",64,32,132,1,0,28,0,19.693374634
4,"map(alloc: a)",64,32,132,1,0,71,0,20.599365234
4,"map(alloc: a)",64,32,132,1,0,1218,0,33.950805664
4,"map(alloc: a)",64,32,132,1,0,294,0,23.305416107
4,"map(alloc: a)",64,32,132,1,0,1,0,18.250942230
4,"map(alloc: a)",64,32,132,1,0,7,0,17.058849335
4,"map(alloc: a)",64,32,132,1,0,1955,0,40.090084076
4,"map(alloc: a)",64,32,132,1,0,758,0,28.097629547
4,"map(alloc: a)",64,32,132,1,0,114,0,17.750263214
4,"map(alloc: a)",64,32,132,1,0,11,0,20.456314087
4,"map(alloc: a)",64,32,132,1,0,3,0,20.098686218
4,"map(alloc: a)",64,32,132,1,0,8096,0,103.998184204
4,"map(alloc: a)",64,32,132,1,0,44,0,21.255016327
4,"map(alloc: a)",64,32,132,1,0,17,0,19.896030426
4,"map(alloc: a)",64,32,132,1,0,5042,0,73.003768921
4,"map(alloc: a)",64,32,132,1,1,758,0,27.346611023
4,"map(alloc: a)",64,32,132,1,1,3,0,16.355514526
4,"map(alloc: a)",64,32,132,1,1,3140,0,52.750110626
4,"map(alloc: a)",64,32,132,1,1,1955,0,41.007995605
4,"map(alloc: a)",64,32,132,1,1,44,0,20.802021027
4,"map(alloc: a)",64,32,132,1,1,17,0,19.598007202
4,"map(alloc: a)",64,32,132,1,1,294,0,23.043155670
4,"map(alloc: a)",64,32,132,1,1,28,0,21.147727966
4,"map(alloc: a)",64,32,132,1,1,114,0,20.706653595
4,"map(alloc: a)",64,32,132,1,1,2,0,19.693374634
4,"map(alloc: a)",64,32,132,1,1,7,0,21.004676819
4,"map(alloc: a)",64,32,132,1,1,183,0,17.249584198
4,"map(alloc: a)",64,32,132,1,1,8096,0,104.403495789
4,"map(alloc: a)",64,32,132,1,1,11,0,17.750263214
4,"map(alloc: a)",64,32,132,1,1,1,0,18.501281738
4,"map(alloc: a)",64,32,132,1,1,1218,0,33.104419708
4,"map(alloc: a)",64,32,132,1,1,472,0,24.843215942
4,"map(alloc: a)",64,32,132,1,1,71,0,20.456314087
4,"map(alloc: a)",64,32,132,1,1,5042,0,72.801113129
4,"map(alloc: a)",64,32,132,1,1,4,0,19.848346710
4,"map(alloc: a)",64,32,132,1,2,2,0,19.896030426
4,"map(alloc: a)",64,32,132,1,2,71,0,19.943714142
4,"map(alloc: a)",64,32,132,1,2,17,0,19.907951355
4,"map(alloc: a)",64,32,132,1,2,472,0,25.045871735
4,"map(alloc: a)",64,32,132,1,2,5042,0,73.194503784
4,"map(alloc: a)",64,32,132,1,2,28,0,20.146369934
4,"map(alloc: a)",64,32,132,1,2,44,0,20.599365234
4,"map(alloc: a)",64,32,132,1,2,1218,0,32.246112823
4,"map(alloc: a)",64,32,132,1,2,4,0,19.204616547
4,"map(alloc: a)",64,32,132,1,2,1955,0,38.850307465
4,"map(alloc: a)",64,32,132,1,2,183,0,21.553039551
4,"map(alloc: a)",64,32,132,1,2,7,0,20.492076874
4,"map(alloc: a)",64,32,132,1,2,758,0,28.896331787
4,"map(alloc: a)",64,32,132,1,2,1,0,19.502639771
4,"map(alloc: a)",64,32,132,1,2,3140,0,52.642822266
4,"map(alloc: a)",64,32,132,1,2,8096,0,102.698802948
4,"map(alloc: a)",64,32,132,1,2,3,0,18.954277039
4,"map(alloc: a)",64,32,132,1,2,114,0,20.897388458
4,"map(alloc: a)",64,32,132,1,2,11,0,19.955635071
4,"map(alloc: a)",64,32,132,1,2,294,0,19.848346710
4,"map(alloc: a)",64,32,132,1,3,1,0,20.349025726
4,"map(alloc: a)",64,32,132,1,3,17,0,19.705295563
4,"map(alloc: a)",64,32,132,1,3,294,0,23.603439331
4,"map(alloc: a)",64,32,132,1,3,5042,0,71.048736572
4,"map(alloc: a)",64,32,132,1,3,114,0,20.849704742
4,"map(alloc: a)",64,32,132,1,3,28,0,20.992755890
4,"map(alloc: a)",64,32,132,1,3,1218,0,33.748149872
4,"map(alloc: a)",64,32,132,1,3,2,0,19.598007202
4,"map(alloc: a)",64,32,132,1,3,3,0,19.395351410
4,"map(alloc: a)",64,32,132,1,3,4,0,19.991397858
4,"map(alloc: a)",64,32,132,1,3,758,0,27.298927307
4,"map(alloc: a)",64,32,132,1,3,11,0,19.800662994
4,"map(alloc: a)",64,32,132,1,3,44,0,18.894672394
4,"map(alloc: a)",64,32,132,1,3,472,0,25.951862335
4,"map(alloc: a)",64,32,132,1,3,7,0,15.139579773
4,"map(alloc: a)",64,32,132,1,3,1955,0,39.100646973
4,"map(alloc: a)",64,32,132,1,3,71,0,19.991397858
4,"map(alloc: a)",64,32,132,1,3,183,0,22.244453430
4,"map(alloc: a)",64,32,132,1,3,8096,0,103.402137756
4,"map(alloc: a)",64,32,132,1,3,3140,0,52.750110626
4,"map(alloc: a)",64,32,132,1,4,472,0,25.451183319
4,"map(alloc: a)",64,32,132,1,4,71,0,21.004676819
4,"map(alloc: a)",64,32,132,1,4,1,0,19.752979279
4,"map(alloc: a)",64,32,132,1,4,11,0,19.955635071
4,"map(alloc: a)",64,32,132,1,4,4,0,20.444393158
4,"map(alloc: a)",64,32,132,1,4,3140,0,52.809715271
4,"map(alloc: a)",64,32,132,1,4,28,0,20.992755890
4,"map(alloc: a)",64,32,132,1,4,1218,0,33.843517303
4,"map(alloc: a)",64,32,132,1,4,2,0,18.990039825
4,"map(alloc: a)",64,32,132,1,4,183,0,22.447109222
4,"map(alloc: a)",64,32,132,1,4,5042,0,72.240829468
4,"map(alloc: a)",64,32,132,1,4,114,0,21.159648895
4,"map(alloc: a)",64,32,132,1,4,3,0,20.051002502
4,"map(alloc: a)",64,32,132,1,4,44,0,19.800662994
4,"map(alloc: a)",64,32,132,1,4,758,0,28.753280640
4,"map(alloc: a)",64,32,132,1,4,8096,0,104.451179504
4,"map(alloc: a)",64,32,132,1,4,1955,0,40.090084076
4,"map(alloc: a)",64,32,132,1,4,294,0,22.447109222
4,"map(alloc: a)",64,32,132,1,4,7,0,20.551681519
4,"map(alloc: a)",64,32,132,1,4,17,0,19.502639771
4,"map(alloc: a)",256,32,132,0,0,7,0,19.705295563
4,"map(alloc: a)",256,32,132,0,0,114,0,21.052360535
4,"map(alloc: a)",256,32,132,0,0,3,0,19.204616547
4,"map(alloc: a)",256,32,132,0,0,17,0,19.001960754
4,"map(alloc: a)",256,32,132,0,0,1,0,19.693374634
4,"map(alloc: a)",256,32,132,0,0,44,0,20.051002502
4,"map(alloc: a)",256,32,132,0,0,294,0,22.006034851
4,"map(alloc: a)",256,32,132,0,0,3140,0,53.155422211
4,"map(alloc: a)",256,32,132,0,0,4,0,20.802021027
4,"map(alloc: a)",256,32,132,0,0,1955,0,41.341781616
4,"map(alloc: a)",256,32,132,0,0,183,0,22.149085999
4,"map(alloc: a)",256,32,132,0,0,8096,0,103.199481964
4,"map(alloc: a)",256,32,132,0,0,758,0,27.954578400
4,"map(alloc: a)",256,32,132,0,0,71,0,21.052360535
4,"map(alloc: a)",256,32,132,0,0,2,0,20.909309387
4,"map(alloc: a)",256,32,132,0,0,11,0,20.909309387
4,"map(alloc: a)",256,32,132,0,0,28,0,15.747547150
4,"map(alloc: a)",256,32,132,0,0,5042,0,72.050094604
4,"map(alloc: a)",256,32,132,0,0,1218,0,31.304359436
4,"map(alloc: a)",256,32,132,0,0,472,0,25.546550751
4,"map(alloc: a)",256,32,132,0,1,4,0,19.097328186
4,"map(alloc: a)",256,32,132,0,1,1,0,21.040439606
4,"map(alloc: a)",256,32,132,0,1,17,0,19.705295563
4,"map(alloc: a)",256,32,132,0,1,28,0,16.200542450
4,"map(alloc: a)",256,32,132,0,1,11,0,19.598007202
4,"map(alloc: a)",256,32,132,0,1,3140,0,52.797794342
4,"map(alloc: a)",256,32,132,0,1,2,0,19.693374634
4,"map(alloc: a)",256,32,132,0,1,758,0,28.800964355
4,"map(alloc: a)",256,32,132,0,1,1218,0,33.104419708
4,"map(alloc: a)",256,32,132,0,1,44,0,20.301342010
4,"map(alloc: a)",256,32,132,0,1,71,0,21.195411682
4,"map(alloc: a)",256,32,132,0,1,114,0,21.505355835
4,"map(alloc: a)",256,32,132,0,1,294,0,23.007392883
4,"map(alloc: a)",256,32,132,0,1,7,0,19.550323486
4,"map(alloc: a)",256,32,132,0,1,183,0,21.851062775
4,"map(alloc: a)",256,32,132,0,1,8096,0,104.153156281
4,"map(alloc: a)",256,32,132,0,1,472,0,24.855136871
4,"map(alloc: a)",256,32,132,0,1,1955,0,41.651725769
4,"map(alloc: a)",256,32,132,0,1,3,0,21.207332611
4,"map(alloc: a)",256,32,132,0,1,5042,0,71.704387665
4,"map(alloc: a)",256,32,132,0,2,3,0,20.051002502
4,"map(alloc: a)",256,32,132,0,2,44,0,18.751621246
4,"map(alloc: a)",256,32,132,0,2,1,0,19.598007202
4,"map(alloc: a)",256,32,132,0,2,183,0,22.852420807
4,"map(alloc: a)",256,32,132,0,2,294,0,22.900104523
4,"map(alloc: a)",256,32,132,0,2,5042,0,72.300434113
4,"map(alloc: a)",256,32,132,0,2,7,0,20.051002502
4,"map(alloc: a)",256,32,132,0,2,8096,0,103.557109833
4,"map(alloc: a)",256,32,132,0,2,2,0,19.550323486
4,"map(alloc: a)",256,32,132,0,2,114,0,19.550323486
4,"map(alloc: a)",256,32,132,0,2,71,0,20.599365234
4,"map(alloc: a)",256,32,132,0,2,1955,0,40.245056152
4,"map(alloc: a)",256,32,132,0,2,17,0,19.896030426
4,"map(alloc: a)",256,32,132,0,2,472,0,21.195411682
4,"map(alloc: a)",256,32,132,0,2,11,0,20.849704742
4,"map(alloc: a)",256,32,132,0,2,1218,0,32.746791840
4,"map(alloc: a)",256,32,132,0,2,4,0,19.800662994
4,"map(alloc: a)",256,32,132,0,2,3140,0,52.952766418
4,"map(alloc: a)",256,32,132,0,2,758,0,28.347969055
4,"map(alloc: a)",256,32,132,0,2,28,0,21.100044250
4,"map(alloc: a)",256,32,132,0,3,11,0,21.195411682
4,"map(alloc: a)",256,32,132,0,3,4,0,20.158290863
4,"map(alloc: a)",256,32,132,0,3,5042,0,73.003768921
4,"map(alloc: a)",256,32,132,0,3,183,0,21.445751190
4,"map(alloc: a)",256,32,132,0,3,17,0,20.146369934
4,"map(alloc: a)",256,32,132,0,3,3,0,19.395351410
4,"map(alloc: a)",256,32,132,0,3,28,0,20.241737366
4,"map(alloc: a)",256,32,132,0,3,1218,0,32.997131348
4,"map(alloc: a)",256,32,132,0,3,114,0,20.289421082
4,"map(alloc: a)",256,32,132,0,3,758,0,27.740001678
4,"map(alloc: a)",256,32,132,0,3,1955,0,40.149688721
4,"map(alloc: a)",256,32,132,0,3,472,0,24.950504303
4,"map(alloc: a)",256,32,132,0,3,7,0,20.456314087
4,"map(alloc: a)",256,32,132,0,3,44,0,19.645690918
4,"map(alloc: a)",256,32,132,0,3,3140,0,52.750110626
4,"map(alloc: a)",256,32,132,0,3,8096,0,103.998184204
4,"map(alloc: a)",256,32,132,0,3,71,0,20.694732666
4,"map(alloc: a)",256,32,132,0,3,1,0,19.598007202
4,"map(alloc: a)",256,32,132,0,3,2,0,19.049644470
4,"map(alloc: a)",256,32,132,0,3,294,0,23.555755615
4,"map(alloc: a)",256,32,132,0,4,3,0,20.253658295
4,"map(alloc: a)",256,32,132,0,4,8096,0,103.902816772
4,"map(alloc: a)",256,32,132,0,4,1,0,19.752979279
4,"map(alloc: a)",256,32,132,0,4,28,0,19.645690918
4,"map(alloc: a)",256,32,132,0,4,17,0,20.301342010
4,"map(alloc: a)",256,32,132,0,4,5042,0,72.550773621
4,"map(alloc: a)",256,32,132,0,4,7,0,18.846988678
4,"map(alloc: a)",256,32,132,0,4,114,0,21.350383759
4,"map(alloc: a)",256,32,132,0,4,44,0,20.301342010
4,"map(alloc: a)",256,32,132,0,4,2,0,19.443035126
4,"map(alloc: a)",256,32,132,0,4,294,0,23.293495178
4,"map(alloc: a)",256,32,132,0,4,758,0,27.298927307
4,"map(alloc: a)",256,32,132,0,4,183,0,21.851062775
4,"map(alloc: a)",256,32,132,0,4,4,0,20.849704742
4,"map(alloc: a)",256,32,132,0,4,1218,0,33.640861511
4,"map(alloc: a)",256,32,132,0,4,71,0,20.945072174
4,"map(alloc: a)",256,32,132,0,4,1955,0,40.602684021
4,"map(alloc: a)",256,32,132,0,4,11,0,21.398067474
4,"map(alloc: a)",256,32,132,0,4,472,0,25.296211243
4,"map(alloc: a)",256,32,132,0,4,3140,0,53.560733795
4,"map(alloc: a)",256,32,132,1,0,2,0,20.956993103
4,"map(alloc: a)",256,32,132,1,0,4,0,19.192695618
4,"map(alloc: a)",256,32,132,1,0,472,0,24.902820587
4,"map(alloc: a)",256,32,132,1,0,3140,0,53.048133850
4,"map(alloc: a)",256,32,132,1,0,183,0,20.945072174
4,"map(alloc: a)",256,32,132,1,0,28,0,19.454956055
4,"map(alloc: a)",256,32,132,1,0,71,0,20.706653595
4,"map(alloc: a)",256,32,132,1,0,1218,0,32.603740692
4,"map(alloc: a)",256,32,132,1,0,294,0,23.651123047
4,"map(alloc: a)",256,32,132,1,0,1,0,20.551681519
4,"map(alloc: a)",256,32,132,1,0,7,0,19.896030426
4,"map(alloc: a)",256,32,132,1,0,1955,0,40.590763092
4,"map(alloc: a)",256,32,132,1,0,758,0,27.894973755
4,"map(alloc: a)",256,32,132,1,0,114,0,20.492076874
4,"map(alloc: a)",256,32,132,1,0,11,0,19.741058350
4,"map(alloc: a)",256,32,132,1,0,3,0,20.551681519
4,"map(alloc: a)",256,32,132,1,0,8096,0,104.558467865
4,"map(alloc: a)",256,32,132,1,0,44,0,21.004676819
4,"map(alloc: a)",256,32,132,1,0,17,0,20.098686218
4,"map(alloc: a)",256,32,132,1,0,5042,0,72.753429413
4,"map(alloc: a)",256,32,132,1,1,758,0,28.443336487
4,"map(alloc: a)",256,32,132,1,1,3,0,19.192695618
4,"map(alloc: a)",256,32,132,1,1,3140,0,52.106380463
4,"map(alloc: a)",256,32,132,1,1,1955,0,41.508674622
4,"map(alloc: a)",256,32,132,1,1,44,0,18.250942230
4,"map(alloc: a)",256,32,132,1,1,17,0,20.003318787
4,"map(alloc: a)",256,32,132,1,1,294,0,23.007392883
4,"map(alloc: a)",256,32,132,1,1,28,0,20.909309387
4,"map(alloc: a)",256,32,132,1,1,114,0,17.893314362
4,"map(alloc: a)",256,32,132,1,1,2,0,19.943714142
4,"map(alloc: a)",256,32,132,1,1,7,0,19.550323486
4,"map(alloc: a)",256,32,132,1,1,183,0,21.100044250
4,"map(alloc: a)",256,32,132,1,1,8096,0,104.296207428
4,"map(alloc: a)",256,32,132,1,1,11,0,20.349025726
4,"map(alloc: a)",256,32,132,1,1,1,0,15.997886658
4,"map(alloc: a)",256,32,132,1,1,1218,0,31.650066376
4,"map(alloc: a)",256,32,132,1,1,472,0,22.649765015
4,"map(alloc: a)",256,32,132,1,1,71,0,20.647048950
4,"map(alloc: a)",256,32,132,1,1,5042,0,72.753429413
4,"map(alloc: a)",256,32,132,1,1,4,0,19.550323486
4,"map(alloc: a)",256,32,132,1,2,2,0,19.097328186
4,"map(alloc: a)",256,32,132,1,2,71,0,20.539760590
4,"map(alloc: a)",256,32,132,1,2,17,0,19.800662994
4,"map(alloc: a)",256,32,132,1,2,472,0,25.653839111
4,"map(alloc: a)",256,32,132,1,2,5042,0,71.942806244
4,"map(alloc: a)",256,32,132,1,2,28,0,17.142295837
4,"map(alloc: a)",256,32,132,1,2,44,0,18.703937531
4,"map(alloc: a)",256,32,132,1,2,1218,0,32.699108124
4,"map(alloc: a)",256,32,132,1,2,4,0,20.301342010
4,"map(alloc: a)",256,32,132,1,2,1955,0,39.744377136
4,"map(alloc: a)",256,32,132,1,2,183,0,21.791458130
4,"map(alloc: a)",256,32,132,1,2,7,0,20.158290863
4,"map(alloc: a)",256,32,132,1,2,758,0,28.896331787
4,"map(alloc: a)",256,32,132,1,2,1,0,20.110607147
4,"map(alloc: a)",256,32,132,1,2,3140,0,53.143501282
4,"map(alloc: a)",256,32,132,1,2,8096,0,103.652477264
4,"map(alloc: a)",256,32,132,1,2,3,0,19.741058350
4,"map(alloc: a)",256,32,132,1,2,114,0,20.849704742
4,"map(alloc: a)",256,32,132,1,2,11,0,19.907951355
4,"map(alloc: a)",256,32,132,1,2,294,0,19.502639771
4,"map(alloc: a)",256,32,132,1,3,1,0,18.453598022
4,"map(alloc: a)",256,32,132,1,3,17,0,19.407272339
4,"map(alloc: a)",256,32,132,1,3,294,0,22.947788239
4,"map(alloc: a)",256,32,132,1,3,5042,0,72.646141052
4,"map(alloc: a)",256,32,132,1,3,114,0,20.909309387
4,"map(alloc: a)",256,32,132,1,3,28,0,20.444393158
4,"map(alloc: a)",256,32,132,1,3,1218,0,32.651424408
4,"map(alloc: a)",256,32,132,1,3,2,0,18.954277039
4,"map(alloc: a)",256,32,132,1,3,3,0,19.156932831
4,"map(alloc: a)",256,32,132,1,3,4,0,19.097328186
4,"map(alloc: a)",256,32,132,1,3,758,0,28.753280640
4,"map(alloc: a)",256,32,132,1,3,11,0,19.800662994
4,"map(alloc: a)",256,32,132,1,3,44,0,19.896030426
4,"map(alloc: a)",256,32,132,1,3,472,0,24.342536926
4,"map(alloc: a)",256,32,132,1,3,7,0,19.741058350
4,"map(alloc: a)",256,32,132,1,3,1955,0,40.698051453
4,"map(alloc: a)",256,32,132,1,3,71,0,21.147727966
4,"map(alloc: a)",256,32,132,1,3,183,0,19.299983978
4,"map(alloc: a)",256,32,132,1,3,8096,0,104.701519012
4,"map(alloc: a)",256,32,132,1,3,3140,0,52.893161774
4,"map(alloc: a)",256,32,132,1,4,472,0,25.200843811
4,"map(alloc: a)",256,32,132,1,4,71,0,19.001960754
4,"map(alloc: a)",256,32,132,1,4,1,0,20.253658295
4,"map(alloc: a)",256,32,132,1,4,11,0,19.097328186
4,"map(alloc: a)",256,32,132,1,4,4,0,19.299983978
4,"map(alloc: a)",256,32,132,1,4,3140,0,53.596496582
4,"map(alloc: a)",256,32,132,1,4,28,0,18.143653870
4,"map(alloc: a)",256,32,132,1,4,1218,0,32.091140747
4,"map(alloc: a)",256,32,132,1,4,2,0,20.241737366
4,"map(alloc: a)",256,32,132,1,4,183,0,21.839141846
4,"map(alloc: a)",256,32,132,1,4,5042,0,72.956085205
4,"map(alloc: a)",256,32,132,1,4,114,0,20.992755890
4,"map(alloc: a)",256,32,132,1,4,3,0,20.003318787
4,"map(alloc: a)",256,32,132,1,4,44,0,20.396709442
4,"map(alloc: a)",256,32,132,1,4,758,0,26.202201843
4,"map(alloc: a)",256,32,132,1,4,8096,0,101.399421692
4,"map(alloc: a)",256,32,132,1,4,1955,0,40.745735168
4,"map(alloc: a)",256,32,132,1,4,294,0,24.139881134
4,"map(alloc: a)",256,32,132,1,4,7,0,18.644332886
4,"map(alloc: a)",256,32,132,1,4,17,0,18.751621246
4,"map(alloc: a)",1024,32,132,0,0,7,0,19.252300262
4,"map(alloc: a)",1024,32,132,0,0,114,0,20.551681519
4,"map(alloc: a)",1024,32,132,0,0,3,0,19.598007202
4,"map(alloc: a)",1024,32,132,0,0,17,0,19.693374634
4,"map(alloc: a)",1024,32,132,0,0,1,0,20.158290863
4,"map(alloc: a)",1024,32,132,0,0,44,0,20.098686218
4,"map(alloc: a)",1024,32,132,0,0,294,0,22.101402283
4,"map(alloc: a)",1024,32,132,0,0,3140,0,52.654743195
4,"map(alloc: a)",1024,32,132,0,0,4,0,19.502639771
4,"map(alloc: a)",1024,32,132,0,0,1955,0,39.756298065
4,"map(alloc: a)",1024,32,132,0,0,183,0,20.492076874
4,"map(alloc: a)",1024,32,132,0,0,8096,0,104.451179504
4,"map(alloc: a)",1024,32,132,0,0,758,0,28.598308563
4,"map(alloc: a)",1024,32,132,0,0,71,0,20.503997803
4,"map(alloc: a)",1024,32,132,0,0,2,0,19.299983978
4,"map(alloc: a)",1024,32,132,0,0,11,0,20.003318787
4,"map(alloc: a)",1024,32,132,0,0,28,0,19.192695618
4,"map(alloc: a)",1024,32,132,0,0,5042,0,71.501731873
4,"map(alloc: a)",1024,32,132,0,0,1218,0,32.401084900
4,"map(alloc: a)",1024,32,132,0,0,472,0,24.259090424
4,"map(alloc: a)",1024,32,132,0,1,4,0,20.253658295
4,"map(alloc: a)",1024,32,132,0,1,1,0,19.598007202
4,"map(alloc: a)",1024,32,132,0,1,17,0,19.752979279
4,"map(alloc: a)",1024,32,132,0,1,28,0,20.503997803
4,"map(alloc: a)",1024,32,132,0,1,11,0,15.604496002
4,"map(alloc: a)",1024,32,132,0,1,3140,0,53.501129150
4,"map(alloc: a)",1024,32,132,0,1,2,0,19.443035126
4,"map(alloc: a)",1024,32,132,0,1,758,0,28.848648071
4,"map(alloc: a)",1024,32,132,0,1,1218,0,33.307075500
4,"map(alloc: a)",1024,32,132,0,1,44,0,19.991397858
4,"map(alloc: a)",1024,32,132,0,1,71,0,20.051002502
4,"map(alloc: a)",1024,32,132,0,1,114,0,22.006034851
4,"map(alloc: a)",1024,32,132,0,1,294,0,23.102760315
4,"map(alloc: a)",1024,32,132,0,1,7,0,20.301342010
4,"map(alloc: a)",1024,32,132,0,1,183,0,21.743774414
4,"map(alloc: a)",1024,32,132,0,1,8096,0,103.390216827
4,"map(alloc: a)",1024,32,132,0,1,472,0,25.045871735
4,"map(alloc: a)",1024,32,132,0,1,1955,0,41.353702545
4,"map(alloc: a)",1024,32,132,0,1,3,0,19.502639771
4,"map(alloc: a)",1024,32,132,0,1,5042,0,72.050094604
4,"map(alloc: a)",1024,32,132,0,2,3,0,15.747547150
4,"map(alloc: a)",1024,32,132,0,2,44,0,20.051002502
4,"map(alloc: a)",1024,32,132,0,2,1,0,19.896030426
4,"map(alloc: a)",1024,32,132,0,2,183,0,21.207332611
4,"map(alloc: a)",1024,32,132,0,2,294,0,23.150444031
4,"map(alloc: a)",1024,32,132,0,2,5042,0,71.847438812
4,"map(alloc: a)",1024,32,132,0,2,7,0,19.359588623
4,"map(alloc: a)",1024,32,132,0,2,8096,0,103.902816772
4,"map(alloc: a)",1024,32,132,0,2,2,0,18.358230591
4,"map(alloc: a)",1024,32,132,0,2,114,0,19.705295563
4,"map(alloc: a)",1024,32,132,0,2,71,0,20.456314087
4,"map(alloc: a)",1024,32,132,0,2,1955,0,40.996074677
4,"map(alloc: a)",1024,32,132,0,2,17,0,19.693374634
4,"map(alloc: a)",1024,32,132,0,2,472,0,24.402141571
4,"map(alloc: a)",1024,32,132,0,2,11,0,19.752979279
4,"map(alloc: a)",1024,32,132,0,2,1218,0,32.651424408
4,"map(alloc: a)",1024,32,132,0,2,4,0,19.299983978
4,"map(alloc: a)",1024,32,132,0,2,3140,0,52.893161774
4,"map(alloc: a)",1024,32,132,0,2,758,0,29.540061951
4,"map(alloc: a)",1024,32,132,0,2,28,0,21.159648895
4,"map(alloc: a)",1024,32,132,0,3,11,0,19.752979279
4,"map(alloc: a)",1024,32,132,0,3,4,0,18.990039825
4,"map(alloc: a)",1024,32,132,0,3,5042,0,72.443485260
4,"map(alloc: a)",1024,32,132,0,3,183,0,23.305416107
4,"map(alloc: a)",1024,32,132,0,3,17,0,18.346309662
4,"map(alloc: a)",1024,32,132,0,3,3,0,17.154216766
4,"map(alloc: a)",1024,32,132,0,3,28,0,17.201900482
4,"map(alloc: a)",1024,32,132,0,3,1218,0,32.258033752
4,"map(alloc: a)",1024,32,132,0,3,114,0,21.052360535
4,"map(alloc: a)",1024,32,132,0,3,758,0,28.657913208
4,"map(alloc: a)",1024,32,132,0,3,1955,0,39.494037628
4,"map(alloc: a)",1024,32,132,0,3,472,0,24.604797363
4,"map(alloc: a)",1024,32,132,0,3,7,0,19.299983978
4,"map(alloc: a)",1024,32,132,0,3,44,0,19.943714142
4,"map(alloc: a)",1024,32,132,0,3,3140,0,53.191184998
4,"map(alloc: a)",1024,32,132,0,3,8096,0,104.200839996
4,"map(alloc: a)",1024,32,132,0,3,71,0,20.194053650
4,"map(alloc: a)",1024,32,132,0,3,1,0,20.408630371
4,"map(alloc: a)",1024,32,132,0,3,2,0,19.943714142
4,"map(alloc: a)",1024,32,132,0,3,294,0,23.341178894
4,"map(alloc: a)",1024,32,132,0,4,3,0,19.550323486
4,"map(alloc: a)",1024,32,132,0,4,8096,0,103.640556335
4,"map(alloc: a)",1024,32,132,0,4,1,0,19.097328186
4,"map(alloc: a)",1024,32,132,0,4,28,0,19.252300262
4,"map(alloc: a)",1024,32,132,0,4,17,0,16.355514526
4,"map(alloc: a)",1024,32,132,0,4,5042,0,72.538852692
4,"map(alloc: a)",1024,32,132,0,4,7,0,19.299983978
4,"map(alloc: a)",1024,32,132,0,4,114,0,21.898746490
4,"map(alloc: a)",1024,32,132,0,4,44,0,21.898746490
4,"map(alloc: a)",1024,32,132,0,4,2,0,20.051002502
4,"map(alloc: a)",1024,32,132,0,4,294,0,22.399425507
4,"map(alloc: a)",1024,32,132,0,4,758,0,26.905536652
4,"map(alloc: a)",1024,32,132,0,4,183,0,23.794174194
4,"map(alloc: a)",1024,32,132,0,4,4,0,19.609928131
4,"map(alloc: a)",1024,32,132,0,4,1218,0,32.842159271
4,"map(alloc: a)",1024,32,132,0,4,71,0,19.848346710
4,"map(alloc: a)",1024,32,132,0,4,1955,0,40.602684021
4,"map(alloc: a)",1024,32,132,0,4,11,0,19.299983978
4,"map(alloc: a)",1024,32,132,0,4,472,0,25.260448456
4,"map(alloc: a)",1024,32,132,0,4,3140,0,53.751468658
4,"map(alloc: a)",1024,32,132,1,0,2,0,19.407272339
4,"map(alloc: a)",1024,32,132,1,0,4,0,19.800662994
4,"map(alloc: a)",1024,32,132,1,0,472,0,24.855136871
4,"map(alloc: a)",1024,32,132,1,0,3140,0,53.250789642
4,"map(alloc: a)",1024,32,132,1,0,183,0,23.150444031
4,"map(alloc: a)",1024,32,132,1,0,28,0,19.550323486
4,"map(alloc: a)",1024,32,132,1,0,71,0,20.301342010
4,"map(alloc: a)",1024,32,132,1,0,1218,0,33.152103424
4,"map(alloc: a)",1024,32,132,1,0,294,0,22.649765015
4,"map(alloc: a)",1024,32,132,1,0,1,0,20.051002502
4,"map(alloc: a)",1024,32,132,1,0,7,0,19.454956055
4,"map(alloc: a)",1024,32,132,1,0,1955,0,40.400028229
4,"map(alloc: a)",1024,32,132,1,0,758,0,27.501583099
4,"map(alloc: a)",1024,32,132,1,0,114,0,21.052360535
4,"map(alloc: a)",1024,32,132,1,0,11,0,15.246868134
4,"map(alloc: a)",1024,32,132,1,0,3,0,19.407272339
4,"map(alloc: a)",1024,32,132,1,0,8096,0,103.700160980
4,"map(alloc: a)",1024,32,132,1,0,44,0,19.550323486
4,"map(alloc: a)",1024,32,132,1,0,17,0,20.599365234
4,"map(alloc: a)",1024,32,132,1,0,5042,0,72.646141052
4,"map(alloc: a)",1024,32,132,1,1,758,0,27.000904083
4,"map(alloc: a)",1024,32,132,1,1,3,0,19.252300262
4,"map(alloc: a)",1024,32,132,1,1,3140,0,51.808357239
4,"map(alloc: a)",1024,32,132,1,1,1955,0,40.400028229
4,"map(alloc: a)",1024,32,132,1,1,44,0,20.051002502
4,"map(alloc: a)",1024,32,132,1,1,17,0,20.503997803
4,"map(alloc: a)",1024,32,132,1,1,294,0,22.399425507
4,"map(alloc: a)",1024,32,132,1,1,28,0,19.395351410
4,"map(alloc: a)",1024,32,132,1,1,114,0,21.147727966
4,"map(alloc: a)",1024,32,132,1,1,2,0,19.598007202
4,"map(alloc: a)",1024,32,132,1,1,7,0,19.943714142
4,"map(alloc: a)",1024,32,132,1,1,183,0,22.447109222
4,"map(alloc: a)",1024,32,132,1,1,8096,0,104.653835297
4,"map(alloc: a)",1024,32,132,1,1,11,0,22.053718567
4,"map(alloc: a)",1024,32,132,1,1,1,0,19.657611847
4,"map(alloc: a)",1024,32,132,1,1,1218,0,33.354759216
4,"map(alloc: a)",1024,32,132,1,1,472,0,25.105476379
4,"map(alloc: a)",1024,32,132,1,1,71,0,20.754337311
4,"map(alloc: a)",1024,32,132,1,1,5042,0,72.300434113
4,"map(alloc: a)",1024,32,132,1,1,4,0,20.551681519
4,"map(alloc: a)",1024,32,132,1,2,2,0,20.301342010
4,"map(alloc: a)",1024,32,132,1,2,71,0,15.807151794
4,"map(alloc: a)",1024,32,132,1,2,17,0,20.551681519
4,"map(alloc: a)",1024,32,132,1,2,472,0,24.557113647
4,"map(alloc: a)",1024,32,132,1,2,5042,0,71.692466736
4,"map(alloc: a)",1024,32,132,1,2,28,0,20.742416382
4,"map(alloc: a)",1024,32,132,1,2,44,0,20.492076874
4,"map(alloc: a)",1024,32,132,1,2,1218,0,33.450126648
4,"map(alloc: a)",1024,32,132,1,2,4,0,20.396709442
4,"map(alloc: a)",1024,32,132,1,2,1955,0,39.756298065
4,"map(alloc: a)",1024,32,132,1,2,183,0,21.159648895
4,"map(alloc: a)",1024,32,132,1,2,7,0,19.550323486
4,"map(alloc: a)",1024,32,132,1,2,758,0,28.145313263
4,"map(alloc: a)",1024,32,132,1,2,1,0,19.001960754
4,"map(alloc: a)",1024,32,132,1,2,3140,0,53.203105927
4,"map(alloc: a)",1024,32,132,1,2,8096,0,104.749202728
4,"map(alloc: a)",1024,32,132,1,2,3,0,20.241737366
4,"map(alloc: a)",1024,32,132,1,2,114,0,21.004676819
4,"map(alloc: a)",1024,32,132,1,2,11,0,19.896030426
4,"map(alloc: a)",1024,32,132,1,2,294,0,23.245811462
4,"map(alloc: a)",1024,32,132,1,3,1,0,18.846988678
4,"map(alloc: a)",1024,32,132,1,3,17,0,19.097328186
4,"map(alloc: a)",1024,32,132,1,3,294,0,22.792816162
4,"map(alloc: a)",1024,32,132,1,3,5042,0,71.954727173
4,"map(alloc: a)",1024,32,132,1,3,114,0,21.052360535
4,"map(alloc: a)",1024,32,132,1,3,28,0,20.658969879
4,"map(alloc: a)",1024,32,132,1,3,1218,0,32.055377960
4,"map(alloc: a)",1024,32,132,1,3,2,0,19.705295563
4,"map(alloc: a)",1024,32,132,1,3,3,0,19.800662994
4,"map(alloc: a)",1024,32,132,1,3,4,0,19.347667694
4,"map(alloc: a)",1024,32,132,1,3,758,0,28.455257416
4,"map(alloc: a)",1024,32,132,1,3,11,0,19.049644470
4,"map(alloc: a)",1024,32,132,1,3,44,0,20.492076874
4,"map(alloc: a)",1024,32,132,1,3,472,0,25.343894958
4,"map(alloc: a)",1024,32,132,1,3,7,0,19.550323486
4,"map(alloc: a)",1024,32,132,1,3,1955,0,40.650367737
4,"map(alloc: a)",1024,32,132,1,3,71,0,20.253658295
4,"map(alloc: a)",1024,32,132,1,3,183,0,22.494792938
4,"map(alloc: a)",1024,32,132,1,3,8096,0,104.153156281
4,"map(alloc: a)",1024,32,132,1,3,3140,0,52.547454834
4,"map(alloc: a)",1024,32,132,1,4,472,0,23.400783539
4,"map(alloc: a)",1024,32,132,1,4,71,0,20.945072174
4,"map(alloc: a)",1024,32,132,1,4,1,0,19.657611847
4,"map(alloc: a)",1024,32,132,1,4,11,0,20.051002502
4,"map(alloc: a)",1024,32,132,1,4,4,0,20.349025726
4,"map(alloc: a)",1024,32,132,1,4,3140,0,52.547454834
4,"map(alloc: a)",1024,32,132,1,4,28,0,19.407272339
4,"map(alloc: a)",1024,32,132,1,4,1218,0,32.544136047
4,"map(alloc: a)",1024,32,132,1,4,2,0,19.598007202
4,"map(alloc: a)",1024,32,132,1,4,183,0,20.897388458
4,"map(alloc: a)",1024,32,132,1,4,5042,0,72.193145752
4,"map(alloc: a)",1024,32,132,1,4,114,0,21.159648895
4,"map(alloc: a)",1024,32,132,1,4,3,0,20.456314087
4,"map(alloc: a)",1024,32,132,1,4,44,0,20.503997803
4,"map(alloc: a)",1024,32,132,1,4,758,0,28.550624847
4,"map(alloc: a)",1024,32,132,1,4,8096,0,103.449821472
4,"map(alloc: a)",1024,32,132,1,4,1955,0,40.698051453
4,"map(alloc: a)",1024,32,132,1,4,294,0,22.947788239
4,"map(alloc: a)",1024,32,132,1,4,7,0,19.752979279
4,"map(alloc: a)",1024,32,132,1,4,17,0,20.503997803
4,"map(alloc: a)",4096,32,132,0,0,7,0,19.788742065
4,"map(alloc: a)",4096,32,132,0,0,114,0,21.660327911
4,"map(alloc: a)",4096,32,132,0,0,3,0,18.143653870
4,"map(alloc: a)",4096,32,132,0,0,17,0,17.392635345
4,"map(alloc: a)",4096,32,132,0,0,1,0,19.049644470
4,"map(alloc: a)",4096,32,132,0,0,44,0,20.158290863
4,"map(alloc: a)",4096,32,132,0,0,294,0,22.995471954
4,"map(alloc: a)",4096,32,132,0,0,3140,0,53.358078003
4,"map(alloc: a)",4096,32,132,0,0,4,0,20.396709442
4,"map(alloc: a)",4096,32,132,0,0,1955,0,41.151046753
4,"map(alloc: a)",4096,32,132,0,0,183,0,20.956993103
4,"map(alloc: a)",4096,32,132,0,0,8096,0,104.653835297
4,"map(alloc: a)",4096,32,132,0,0,758,0,28.800964355
4,"map(alloc: a)",4096,32,132,0,0,71,0,20.158290863
4,"map(alloc: a)",4096,32,132,0,0,2,0,19.049644470
4,"map(alloc: a)",4096,32,132,0,0,11,0,19.705295563
4,"map(alloc: a)",4096,32,132,0,0,28,0,19.347667694
4,"map(alloc: a)",4096,32,132,0,0,5042,0,72.646141052
4,"map(alloc: a)",4096,32,132,0,0,1218,0,31.554698944
4,"map(alloc: a)",4096,32,132,0,0,472,0,22.196769714
4,"map(alloc: a)",4096,32,132,0,1,4,0,19.299983978
4,"map(alloc: a)",4096,32,132,0,1,1,0,19.454956055
4,"map(alloc: a)",4096,32,132,0,1,17,0,19.299983978
4,"map(alloc: a)",4096,32,132,0,1,28,0,20.599365234
4,"map(alloc: a)",4096,32,132,0,1,11,0,19.693374634
4,"map(alloc: a)",4096,32,132,0,1,3140,0,53.203105927
4,"map(alloc: a)",4096,32,132,0,1,2,0,20.051002502
4,"map(alloc: a)",4096,32,132,0,1,758,0,28.157234192
4,"map(alloc: a)",4096,32,132,0,1,1218,0,32.746791840
4,"map(alloc: a)",4096,32,132,0,1,44,0,19.204616547
4,"map(alloc: a)",4096,32,132,0,1,71,0,20.146369934
4,"map(alloc: a)",4096,32,132,0,1,114,0,20.301342010
4,"map(alloc: a)",4096,32,132,0,1,294,0,22.792816162
4,"map(alloc: a)",4096,32,132,0,1,7,0,16.951560974
4,"map(alloc: a)",4096,32,132,0,1,183,0,21.350383759
4,"map(alloc: a)",4096,32,132,0,1,8096,0,103.700160980
4,"map(alloc: a)",4096,32,132,0,1,472,0,24.545192719
4,"map(alloc: a)",4096,32,132,0,1,1955,0,40.507316589
4,"map(alloc: a)",4096,32,132,0,1,3,0,19.252300262
4,"map(alloc: a)",4096,32,132,0,1,5042,0,73.206424713
4,"map(alloc: a)",4096,32,132,0,2,3,0,18.906593323
4,"map(alloc: a)",4096,32,132,0,2,44,0,20.599365234
4,"map(alloc: a)",4096,32,132,0,2,1,0,19.049644470
4,"map(alloc: a)",4096,32,132,0,2,183,0,22.459030151
4,"map(alloc: a)",4096,32,132,0,2,294,0,23.400783539
4,"map(alloc: a)",4096,32,132,0,2,5042,0,72.252750397
4,"map(alloc: a)",4096,32,132,0,2,7,0,20.551681519
4,"map(alloc: a)",4096,32,132,0,2,8096,0,104.296207428
4,"map(alloc: a)",4096,32,132,0,2,2,0,19.156932831
4,"map(alloc: a)",4096,32,132,0,2,114,0,20.396709442
4,"map(alloc: a)",4096,32,132,0,2,71,0,19.657611847
4,"map(alloc: a)",4096,32,132,0,2,1955,0,39.947032928
4,"map(alloc: a)",4096,32,132,0,2,17,0,19.598007202
4,"map(alloc: a)",4096,32,132,0,2,472,0,24.557113647
4,"map(alloc: a)",4096,32,132,0,2,11,0,19.693374634
4,"map(alloc: a)",4096,32,132,0,2,1218,0,32.901763916
4,"map(alloc: a)",4096,32,132,0,2,4,0,20.301342010
4,"map(alloc: a)",4096,32,132,0,2,3140,0,51.450729370
4,"map(alloc: a)",4096,32,132,0,2,758,0,26.047229767
4,"map(alloc: a)",4096,32,132,0,2,28,0,20.396709442
4,"map(alloc: a)",4096,32,132,0,3,11,0,20.253658295
4,"map(alloc: a)",4096,32,132,0,3,4,0,19.645690918
4,"map(alloc: a)",4096,32,132,0,3,5042,0,72.205066681
4,"map(alloc: a)",4096,32,132,0,3,183,0,20.754337311
4,"map(alloc: a)",4096,32,132,0,3,17,0,18.894672394
4,"map(alloc: a)",4096,32,132,0,3,3,0,19.848346710
4,"map(alloc: a)",4096,32,132,0,3,28,0,19.848346710
4,"map(alloc: a)",4096,32,132,0,3,1218,0,33.152103424
4,"map(alloc: a)",4096,32,132,0,3,114,0,20.802021027
4,"map(alloc: a)",4096,32,132,0,3,758,0,28.645992279
4,"map(alloc: a)",4096,32,132,0,3,1955,0,40.495395660
4,"map(alloc: a)",4096,32,132,0,3,472,0,24.950504303
4,"map(alloc: a)",4096,32,132,0,3,7,0,18.846988678
4,"map(alloc: a)",4096,32,132,0,3,44,0,19.955635071
4,"map(alloc: a)",4096,32,132,0,3,3140,0,53.346157074
4,"map(alloc: a)",4096,32,132,0,3,8096,0,103.998184204
4,"map(alloc: a)",4096,32,132,0,3,71,0,20.599365234
4,"map(alloc: a)",4096,32,132,0,3,1,0,19.800662994
4,"map(alloc: a)",4096,32,132,0,3,2,0,20.098686218
4,"map(alloc: a)",4096,32,132,0,3,294,0,23.603439331
4,"map(alloc: a)",4096,32,132,0,4,3,0,18.846988678
4,"map(alloc: a)",4096,32,132,0,4,8096,0,104.141235352
4,"map(alloc: a)",4096,32,132,0,4,1,0,19.443035126
4,"map(alloc: a)",4096,32,132,0,4,28,0,20.503997803
4,"map(alloc: a)",4096,32,132,0,4,17,0,20.647048950
4,"map(alloc: a)",4096,32,132,0,4,5042,0,72.348117828
4,"map(alloc: a)",4096,32,132,0,4,7,0,19.598007202
4,"map(alloc: a)",4096,32,132,0,4,114,0,20.992755890
4,"map(alloc: a)",4096,32,132,0,4,44,0,20.551681519
4,"map(alloc: a)",4096,32,132,0,4,2,0,20.110607147
4,"map(alloc: a)",4096,32,132,0,4,294,0,23.055076599
4,"map(alloc: a)",4096,32,132,0,4,758,0,28.204917908
4,"map(alloc: a)",4096,32,132,0,4,183,0,21.195411682
4,"map(alloc: a)",4096,32,132,0,4,4,0,19.502639771
4,"map(alloc: a)",4096,32,132,0,4,1218,0,32.758712769
4,"map(alloc: a)",4096,32,132,0,4,71,0,21.255016327
4,"map(alloc: a)",4096,32,132,0,4,1955,0,40.209293365
4,"map(alloc: a)",4096,32,132,0,4,11,0,18.751621246
4,"map(alloc: a)",4096,32,132,0,4,472,0,25.057792664
4,"map(alloc: a)",4096,32,132,0,4,3140,0,53.393840790
4,"map(alloc: a)",4096,32,132,1,0,2,0,20.456314087
4,"map(alloc: a)",4096,32,132,1,0,4,0,20.003318787
4,"map(alloc: a)",4096,32,132,1,0,472,0,25.594234467
4,"map(alloc: a)",4096,32,132,1,0,3140,0,51.391124725
4,"map(alloc: a)",4096,32,132,1,0,183,0,21.553039551
4,"map(alloc: a)",4096,32,132,1,0,28,0,20.289421082
4,"map(alloc: a)",4096,32,132,1,0,71,0,21.040439606
4,"map(alloc: a)",4096,32,132,1,0,1218,0,32.043457031
4,"map(alloc: a)",4096,32,132,1,0,294,0,22.101402283
4,"map(alloc: a)",4096,32,132,1,0,1,0,20.051002502
4,"map(alloc: a)",4096,32,132,1,0,7,0,20.253658295
4,"map(alloc: a)",4096,32,132,1,0,1955,0,40.602684021
4,"map(alloc: a)",4096,32,132,1,0,758,0,28.705596924
4,"map(alloc: a)",4096,32,132,1,0,114,0,21.493434906
4,"map(alloc: a)",4096,32,132,1,0,11,0,20.301342010
4,"map(alloc: a)",4096,32,132,1,0,3,0,20.098686218
4,"map(alloc: a)",4096,32,132,1,0,8096,0,104.010105133
4,"map(alloc: a)",4096,32,132,1,0,44,0,20.551681519
4,"map(alloc: a)",4096,32,132,1,0,17,0,19.860267639
4,"map(alloc: a)",4096,32,132,1,0,5042,0,72.801113129
4,"map(alloc: a)",4096,32,132,1,1,758,0,27.358531952
4,"map(alloc: a)",4096,32,132,1,1,3,0,19.347667694
4,"map(alloc: a)",4096,32,132,1,1,3140,0,53.846836090
4,"map(alloc: a)",4096,32,132,1,1,1955,0,40.292739868
4,"map(alloc: a)",4096,32,132,1,1,44,0,20.444393158
4,"map(alloc: a)",4096,32,132,1,1,17,0,20.611286163
4,"map(alloc: a)",4096,32,132,1,1,294,0,23.651123047
4,"map(alloc: a)",4096,32,132,1,1,28,0,20.802021027
4,"map(alloc: a)",4096,32,132,1,1,114,0,21.553039551
4,"map(alloc: a)",4096,32,132,1,1,2,0,20.205974579
4,"map(alloc: a)",4096,32,132,1,1,7,0,20.349025726
4,"map(alloc: a)",4096,32,132,1,1,183,0,22.494792938
4,"map(alloc: a)",4096,32,132,1,1,8096,0,104.200839996
4,"map(alloc: a)",4096,32,132,1,1,11,0,20.802021027
4,"map(alloc: a)",4096,32,132,1,1,1,0,19.502639771
4,"map(alloc: a)",4096,32,132,1,1,1218,0,32.949447632
4,"map(alloc: a)",4096,32,132,1,1,472,0,25.999546051
4,"map(alloc: a)",4096,32,132,1,1,71,0,20.945072174
4,"map(alloc: a)",4096,32,132,1,1,5042,0,73.254108429
4,"map(alloc: a)",4096,32,132,1,1,4,0,20.146369934
4,"map(alloc: a)",4096,32,132,1,2,2,0,20.205974579
4,"map(alloc: a)",4096,32,132,1,2,71,0,19.955635071
4,"map(alloc: a)",4096,32,132,1,2,17,0,15.401840210
4,"map(alloc: a)",4096,32,132,1,2,472,0,25.701522827
4,"map(alloc: a)",4096,32,132,1,2,5042,0,72.598457336
4,"map(alloc: a)",4096,32,132,1,2,28,0,20.146369934
4,"map(alloc: a)",4096,32,132,1,2,44,0,20.599365234
4,"map(alloc: a)",4096,32,132,1,2,1218,0,33.402442932
4,"map(alloc: a)",4096,32,132,1,2,4,0,19.848346710
4,"map(alloc: a)",4096,32,132,1,2,1955,0,40.698051453
4,"map(alloc: a)",4096,32,132,1,2,183,0,21.851062775
4,"map(alloc: a)",4096,32,132,1,2,7,0,20.396709442
4,"map(alloc: a)",4096,32,132,1,2,758,0,24.950504303
4,"map(alloc: a)",4096,32,132,1,2,1,0,19.502639771
4,"map(alloc: a)",4096,32,132,1,2,3140,0,52.499771118
4,"map(alloc: a)",4096,32,132,1,2,8096,0,104.403495789
4,"map(alloc: a)",4096,32,132,1,2,3,0,18.942356110
4,"map(alloc: a)",4096,32,132,1,2,114,0,20.158290863
4,"map(alloc: a)",4096,32,132,1,2,11,0,19.407272339
4,"map(alloc: a)",4096,32,132,1,2,294,0,23.043155670
4,"map(alloc: a)",4096,32,132,1,3,1,0,19.502639771
4,"map(alloc: a)",4096,32,132,1,3,17,0,19.454956055
4,"map(alloc: a)",4096,32,132,1,3,294,0,23.853778839
4,"map(alloc: a)",4096,32,132,1,3,5042,0,72.801113129
4,"map(alloc: a)",4096,32,132,1,3,114,0,21.398067474
4,"map(alloc: a)",4096,32,132,1,3,28,0,20.444393158
4,"map(alloc: a)",4096,32,132,1,3,1218,0,32.603740692
4,"map(alloc: a)",4096,32,132,1,3,2,0,19.800662994
4,"map(alloc: a)",4096,32,132,1,3,3,0,19.502639771
4,"map(alloc: a)",4096,32,132,1,3,4,0,19.800662994
4,"map(alloc: a)",4096,32,132,1,3,758,0,28.204917908
4,"map(alloc: a)",4096,32,132,1,3,11,0,19.896030426
4,"map(alloc: a)",4096,32,132,1,3,44,0,19.896030426
4,"map(alloc: a)",4096,32,132,1,3,472,0,24.652481079
4,"map(alloc: a)",4096,32,132,1,3,7,0,20.909309387
4,"map(alloc: a)",4096,32,132,1,3,1955,0,40.292739868
4,"map(alloc: a)",4096,32,132,1,3,71,0,20.456314087
4,"map(alloc: a)",4096,32,132,1,3,183,0,22.053718567
4,"map(alloc: a)",4096,32,132,1,3,8096,0,103.950500488
4,"map(alloc: a)",4096,32,132,1,3,3140,0,52.309036255
4,"map(alloc: a)",4096,32,132,1,4,472,0,25.498867035
4,"map(alloc: a)",4096,32,132,1,4,71,0,20.849704742
4,"map(alloc: a)",4096,32,132,1,4,1,0,20.599365234
4,"map(alloc: a)",4096,32,132,1,4,11,0,19.848346710
4,"map(alloc: a)",4096,32,132,1,4,4,0,19.645690918
4,"map(alloc: a)",4096,32,132,1,4,3140,0,52.905082703
4,"map(alloc: a)",4096,32,132,1,4,28,0,20.611286163
4,"map(alloc: a)",4096,32,132,1,4,1218,0,31.852722168
4,"map(alloc: a)",4096,32,132,1,4,2,0,17.344951630
4,"map(alloc: a)",4096,32,132,1,4,183,0,21.350383759
4,"map(alloc: a)",4096,32,132,1,4,5042,0,72.741508484
4,"map(alloc: a)",4096,32,132,1,4,114,0,20.849704742
4,"map(alloc: a)",4096,32,132,1,4,3,0,19.943714142
4,"map(alloc: a)",4096,32,132,1,4,44,0,20.098686218
4,"map(alloc: a)",4096,32,132,1,4,758,0,29.003620148
4,"map(alloc: a)",4096,32,132,1,4,8096,0,104.260444641
4,"map(alloc: a)",4096,32,132,1,4,1955,0,38.397312164
4,"map(alloc: a)",4096,32,132,1,4,294,0,23.448467255
4,"map(alloc: a)",4096,32,132,1,4,7,0,19.788742065
4,"map(alloc: a)",4096,32,132,1,4,17,0,20.599365234
4,"map(alloc: a)",8192,32,132,0,0,7,0,19.896030426
4,"map(alloc: a)",8192,32,132,0,0,114,0,20.503997803
4,"map(alloc: a)",8192,32,132,0,0,3,0,20.503997803
4,"map(alloc: a)",8192,32,132,0,0,17,0,20.158290863
4,"map(alloc: a)",8192,32,132,0,0,1,0,20.003318787
4,"map(alloc: a)",8192,32,132,0,0,44,0,20.599365234
4,"map(alloc: a)",8192,32,132,0,0,294,0,23.901462555
4,"map(alloc: a)",8192,32,132,0,0,3140,0,52.094459534
4,"map(alloc: a)",8192,32,132,0,0,4,0,20.599365234
4,"map(alloc: a)",8192,32,132,0,0,1955,0,41.007995605
4,"map(alloc: a)",8192,32,132,0,0,183,0,22.304058075
4,"map(alloc: a)",8192,32,132,0,0,8096,0,103.402137756
4,"map(alloc: a)",8192,32,132,0,0,758,0,28.347969055
4,"map(alloc: a)",8192,32,132,0,0,71,0,21.350383759
4,"map(alloc: a)",8192,32,132,0,0,2,0,20.098686218
4,"map(alloc: a)",8192,32,132,0,0,11,0,20.897388458
4,"map(alloc: a)",8192,32,132,0,0,28,0,20.194053650
4,"map(alloc: a)",8192,32,132,0,0,5042,0,73.409080505
4,"map(alloc: a)",8192,32,132,0,0,1218,0,33.605098724
4,"map(alloc: a)",8192,32,132,0,0,472,0,25.248527527
4,"map(alloc: a)",8192,32,132,0,1,4,0,21.004676819
4,"map(alloc: a)",8192,32,132,0,1,1,0,20.194053650
4,"map(alloc: a)",8192,32,132,0,1,17,0,20.289421082
4,"map(alloc: a)",8192,32,132,0,1,28,0,20.253658295
4,"map(alloc: a)",8192,32,132,0,1,11,0,20.194053650
4,"map(alloc: a)",8192,32,132,0,1,3140,0,52.404403687
4,"map(alloc: a)",8192,32,132,0,1,2,0,20.051002502
4,"map(alloc: a)",8192,32,132,0,1,758,0,28.455257416
4,"map(alloc: a)",8192,32,132,0,1,1218,0,33.354759216
4,"map(alloc: a)",8192,32,132,0,1,44,0,20.456314087
4,"map(alloc: a)",8192,32,132,0,1,71,0,20.956993103
4,"map(alloc: a)",8192,32,132,0,1,114,0,20.945072174
4,"map(alloc: a)",8192,32,132,0,1,294,0,23.150444031
4,"map(alloc: a)",8192,32,132,0,1,7,0,20.754337311
4,"map(alloc: a)",8192,32,132,0,1,183,0,22.995471954
4,"map(alloc: a)",8192,32,132,0,1,8096,0,105.798244476
4,"map(alloc: a)",8192,32,132,0,1,472,0,26.190280914
4,"map(alloc: a)",8192,32,132,0,1,1955,0,39.303302765
4,"map(alloc: a)",8192,32,132,0,1,3,0,20.301342010
4,"map(alloc: a)",8192,32,132,0,1,5042,0,73.099136353
4,"map(alloc: a)",8192,32,132,0,2,3,0,20.897388458
4,"map(alloc: a)",8192,32,132,0,2,44,0,19.848346710
4,"map(alloc: a)",8192,32,132,0,2,1,0,20.253658295
4,"map(alloc: a)",8192,32,132,0,2,183,0,22.053718567
4,"map(alloc: a)",8192,32,132,0,2,294,0,23.901462555
4,"map(alloc: a)",8192,32,132,0,2,5042,0,73.397159576
4,"map(alloc: a)",8192,32,132,0,2,7,0,20.205974579
4,"map(alloc: a)",8192,32,132,0,2,8096,0,104.498863220
4,"map(alloc: a)",8192,32,132,0,2,2,0,20.253658295
4,"map(alloc: a)",8192,32,132,0,2,114,0,21.255016327
4,"map(alloc: a)",8192,32,132,0,2,71,0,21.696090698
4,"map(alloc: a)",8192,32,132,0,2,1955,0,41.007995605
4,"map(alloc: a)",8192,32,132,0,2,17,0,18.954277039
4,"map(alloc: a)",8192,32,132,0,2,472,0,25.451183319
4,"map(alloc: a)",8192,32,132,0,2,11,0,20.098686218
4,"map(alloc: a)",8192,32,132,0,2,1218,0,32.949447632
4,"map(alloc: a)",8192,32,132,0,2,4,0,19.049644470
4,"map(alloc: a)",8192,32,132,0,2,3140,0,52.654743195
4,"map(alloc: a)",8192,32,132,0,2,758,0,27.596950531
4,"map(alloc: a)",8192,32,132,0,2,28,0,20.158290863
4,"map(alloc: a)",8192,32,132,0,3,11,0,19.347667694
4,"map(alloc: a)",8192,32,132,0,3,4,0,20.647048950
4,"map(alloc: a)",8192,32,132,0,3,5042,0,71.895122528
4,"map(alloc: a)",8192,32,132,0,3,183,0,22.196769714
4,"map(alloc: a)",8192,32,132,0,3,17,0,19.705295563
4,"map(alloc: a)",8192,32,132,0,3,3,0,20.003318787
4,"map(alloc: a)",8192,32,132,0,3,28,0,20.647048950
4,"map(alloc: a)",8192,32,132,0,3,1218,0,32.794475555
4,"map(alloc: a)",8192,32,132,0,3,114,0,21.398067474
4,"map(alloc: a)",8192,32,132,0,3,758,0,28.347969055
4,"map(alloc: a)",8192,32,132,0,3,1955,0,39.839744568
4,"map(alloc: a)",8192,32,132,0,3,472,0,25.641918182
4,"map(alloc: a)",8192,32,132,0,3,7,0,20.492076874
4,"map(alloc: a)",8192,32,132,0,3,44,0,20.051002502
4,"map(alloc: a)",8192,32,132,0,3,3140,0,53.656101227
4,"map(alloc: a)",8192,32,132,0,3,8096,0,104.057788849
4,"map(alloc: a)",8192,32,132,0,3,71,0,20.754337311
4,"map(alloc: a)",8192,32,132,0,3,1,0,18.990039825
4,"map(alloc: a)",8192,32,132,0,3,2,0,19.657611847
4,"map(alloc: a)",8192,32,132,0,3,294,0,21.755695343
4,"map(alloc: a)",8192,32,132,0,4,3,0,20.146369934
4,"map(alloc: a)",8192,32,132,0,4,8096,0,103.545188904
4,"map(alloc: a)",8192,32,132,0,4,1,0,20.205974579
4,"map(alloc: a)",8192,32,132,0,4,28,0,20.897388458
4,"map(alloc: a)",8192,32,132,0,4,17,0,18.846988678
4,"map(alloc: a)",8192,32,132,0,4,5042,0,72.252750397
4,"map(alloc: a)",8192,32,132,0,4,7,0,20.205974579
4,"map(alloc: a)",8192,32,132,0,4,114,0,23.698806763
4,"map(alloc: a)",8192,32,132,0,4,44,0,21.457672119
4,"map(alloc: a)",8192,32,132,0,4,2,0,21.302700043
4,"map(alloc: a)",8192,32,132,0,4,294,0,24.998188019
4,"map(alloc: a)",8192,32,132,0,4,758,0,28.300285339
4,"map(alloc: a)",8192,32,132,0,4,183,0,21.255016327
4,"map(alloc: a)",8192,32,132,0,4,4,0,18.203258514
4,"map(alloc: a)",8192,32,132,0,4,1218,0,31.709671021
4,"map(alloc: a)",8192,32,132,0,4,71,0,21.052360535
4,"map(alloc: a)",8192,32,132,0,4,1955,0,40.948390961
4,"map(alloc: a)",8192,32,132,0,4,11,0,20.289421082
4,"map(alloc: a)",8192,32,132,0,4,472,0,22.399425507
4,"map(alloc: a)",8192,32,132,0,4,3140,0,52.392482758
4,"map(alloc: a)",8192,32,132,1,0,2,0,19.097328186
4,"map(alloc: a)",8192,32,132,1,0,4,0,19.705295563
4,"map(alloc: a)",8192,32,132,1,0,472,0,25.999546051
4,"map(alloc: a)",8192,32,132,1,0,3140,0,51.057338715
4,"map(alloc: a)",8192,32,132,1,0,183,0,22.041797638
4,"map(alloc: a)",8192,32,132,1,0,28,0,20.146369934
4,"map(alloc: a)",8192,32,132,1,0,71,0,20.349025726
4,"map(alloc: a)",8192,32,132,1,0,1218,0,33.891201019
4,"map(alloc: a)",8192,32,132,1,0,294,0,22.888183594
4,"map(alloc: a)",8192,32,132,1,0,1,0,19.955635071
4,"map(alloc: a)",8192,32,132,1,0,7,0,20.956993103
4,"map(alloc: a)",8192,32,132,1,0,1955,0,41.103363037
4,"map(alloc: a)",8192,32,132,1,0,758,0,28.240680695
4,"map(alloc: a)",8192,32,132,1,0,114,0,20.599365234
4,"map(alloc: a)",8192,32,132,1,0,11,0,15.890598297
4,"map(alloc: a)",8192,32,132,1,0,3,0,19.598007202
4,"map(alloc: a)",8192,32,132,1,0,8096,0,104.498863220
4,"map(alloc: a)",8192,32,132,1,0,44,0,20.694732666
4,"map(alloc: a)",8192,32,132,1,0,17,0,20.003318787
4,"map(alloc: a)",8192,32,132,1,0,5042,0,72.896480560
4,"map(alloc: a)",8192,32,132,1,1,758,0,29.051303864
4,"map(alloc: a)",8192,32,132,1,1,3,0,18.906593323
4,"map(alloc: a)",8192,32,132,1,1,3140,0,52.046775818
4,"map(alloc: a)",8192,32,132,1,1,1955,0,41.341781616
4,"map(alloc: a)",8192,32,132,1,1,44,0,19.896030426
4,"map(alloc: a)",8192,32,132,1,1,17,0,21.100044250
4,"map(alloc: a)",8192,32,132,1,1,294,0,19.550323486
4,"map(alloc: a)",8192,32,132,1,1,28,0,21.147727966
4,"map(alloc: a)",8192,32,132,1,1,114,0,21.946430206
4,"map(alloc: a)",8192,32,132,1,1,2,0,20.146369934
4,"map(alloc: a)",8192,32,132,1,1,7,0,19.657611847
4,"map(alloc: a)",8192,32,132,1,1,183,0,21.994113922
4,"map(alloc: a)",8192,32,132,1,1,8096,0,103.604793549
4,"map(alloc: a)",8192,32,132,1,1,11,0,20.503997803
4,"map(alloc: a)",8192,32,132,1,1,1,0,19.550323486
4,"map(alloc: a)",8192,32,132,1,1,1218,0,33.700466156
4,"map(alloc: a)",8192,32,132,1,1,472,0,24.700164795
4,"map(alloc: a)",8192,32,132,1,1,71,0,20.754337311
4,"map(alloc: a)",8192,32,132,1,1,5042,0,71.358680725
4,"map(alloc: a)",8192,32,132,1,1,4,0,20.194053650
4,"map(alloc: a)",8192,32,132,1,2,2,0,20.146369934
4,"map(alloc: a)",8192,32,132,1,2,71,0,21.696090698
4,"map(alloc: a)",8192,32,132,1,2,17,0,19.860267639
4,"map(alloc: a)",8192,32,132,1,2,472,0,25.451183319
4,"map(alloc: a)",8192,32,132,1,2,5042,0,73.599815369
4,"map(alloc: a)",8192,32,132,1,2,28,0,19.896030426
4,"map(alloc: a)",8192,32,132,1,2,44,0,20.492076874
4,"map(alloc: a)",8192,32,132,1,2,1218,0,33.605098724
4,"map(alloc: a)",8192,32,132,1,2,4,0,20.551681519
4,"map(alloc: a)",8192,32,132,1,2,1955,0,40.149688721
4,"map(alloc: a)",8192,32,132,1,2,183,0,21.803379059
4,"map(alloc: a)",8192,32,132,1,2,7,0,20.349025726
4,"map(alloc: a)",8192,32,132,1,2,758,0,28.550624847
4,"map(alloc: a)",8192,32,132,1,2,1,0,19.896030426
4,"map(alloc: a)",8192,32,132,1,2,3140,0,51.808357239
4,"map(alloc: a)",8192,32,132,1,2,8096,0,104.248523712
4,"map(alloc: a)",8192,32,132,1,2,3,0,17.392635345
4,"map(alloc: a)",8192,32,132,1,2,114,0,19.502639771
4,"map(alloc: a)",8192,32,132,1,2,11,0,19.299983978
4,"map(alloc: a)",8192,32,132,1,2,294,0,22.649765015
4,"map(alloc: a)",8192,32,132,1,3,1,0,19.347667694
4,"map(alloc: a)",8192,32,132,1,3,17,0,20.492076874
4,"map(alloc: a)",8192,32,132,1,3,294,0,23.198127747
4,"map(alloc: a)",8192,32,132,1,3,5042,0,72.956085205
4,"map(alloc: a)",8192,32,132,1,3,114,0,20.992755890
4,"map(alloc: a)",8192,32,132,1,3,28,0,20.098686218
4,"map(alloc: a)",8192,32,132,1,3,1218,0,33.807754517
4,"map(alloc: a)",8192,32,132,1,3,2,0,20.456314087
4,"map(alloc: a)",8192,32,132,1,3,3,0,19.550323486
4,"map(alloc: a)",8192,32,132,1,3,4,0,19.598007202
4,"map(alloc: a)",8192,32,132,1,3,758,0,28.502941132
4,"map(alloc: a)",8192,32,132,1,3,11,0,20.492076874
4,"map(alloc: a)",8192,32,132,1,3,44,0,19.502639771
4,"map(alloc: a)",8192,32,132,1,3,472,0,25.248527527
4,"map(alloc: a)",8192,32,132,1,3,7,0,20.349025726
4,"map(alloc: a)",8192,32,132,1,3,1955,0,41.246414185
4,"map(alloc: a)",8192,32,132,1,3,71,0,17.106533051
4,"map(alloc: a)",8192,32,132,1,3,183,0,22.697448730
4,"map(alloc: a)",8192,32,132,1,3,8096,0,103.747844696
4,"map(alloc: a)",8192,32,132,1,3,3140,0,54.442882538
4,"map(alloc: a)",8192,32,132,1,4,472,0,25.951862335
4,"map(alloc: a)",8192,32,132,1,4,71,0,20.802021027
4,"map(alloc: a)",8192,32,132,1,4,1,0,18.846988678
4,"map(alloc: a)",8192,32,132,1,4,11,0,19.252300262
4,"map(alloc: a)",8192,32,132,1,4,4,0,20.706653595
4,"map(alloc: a)",8192,32,132,1,4,3140,0,52.404403687
4,"map(alloc: a)",8192,32,132,1,4,28,0,20.098686218
4,"map(alloc: a)",8192,32,132,1,4,1218,0,33.354759216
4,"map(alloc: a)",8192,32,132,1,4,2,0,19.097328186
4,"map(alloc: a)",8192,32,132,1,4,183,0,22.208690643
4,"map(alloc: a)",8192,32,132,1,4,5042,0,71.954727173
4,"map(alloc: a)",8192,32,132,1,4,114,0,21.350383759
4,"map(alloc: a)",8192,32,132,1,4,3,0,19.752979279
4,"map(alloc: a)",8192,32,132,1,4,44,0,20.909309387
4,"map(alloc: a)",8192,32,132,1,4,758,0,28.192996979
4,"map(alloc: a)",8192,32,132,1,4,8096,0,104.546546936
4,"map(alloc: a)",8192,32,132,1,4,1955,0,39.947032928
4,"map(alloc: a)",8192,32,132,1,4,294,0,23.043155670
4,"map(alloc: a)",8192,32,132,1,4,7,0,20.051002502
4,"map(alloc: a)",8192,32,132,1,4,17,0,20.301342010
4,"map(alloc: a)",16382,32,132,0,0,7,0,19.657611847
4,"map(alloc: a)",16382,32,132,0,0,114,0,20.098686218
4,"map(alloc: a)",16382,32,132,0,0,3,0,19.395351410
4,"map(alloc: a)",16382,32,132,0,0,17,0,19.991397858
4,"map(alloc: a)",16382,32,132,0,0,1,0,18.990039825
4,"map(alloc: a)",16382,32,132,0,0,44,0,18.143653870
4,"map(alloc: a)",16382,32,132,0,0,294,0,23.901462555
4,"map(alloc: a)",16382,32,132,0,0,3140,0,52.547454834
4,"map(alloc: a)",16382,32,132,0,0,4,0,14.448165894
4,"map(alloc: a)",16382,32,132,0,0,1955,0,40.400028229
4,"map(alloc: a)",16382,32,132,0,0,183,0,22.506713867
4,"map(alloc: a)",16382,32,132,0,0,8096,0,103.855133057
4,"map(alloc: a)",16382,32,132,0,0,758,0,28.455257416
4,"map(alloc: a)",16382,32,132,0,0,71,0,21.350383759
4,"map(alloc: a)",16382,32,132,0,0,2,0,20.456314087
4,"map(alloc: a)",16382,32,132,0,0,11,0,18.894672394
4,"map(alloc: a)",16382,32,132,0,0,28,0,20.444393158
4,"map(alloc: a)",16382,32,132,0,0,5042,0,71.942806244
4,"map(alloc: a)",16382,32,132,0,0,1218,0,32.699108124
4,"map(alloc: a)",16382,32,132,0,0,472,0,25.141239166
4,"map(alloc: a)",16382,32,132,0,1,4,0,19.395351410
4,"map(alloc: a)",16382,32,132,0,1,1,0,16.343593597
4,"map(alloc: a)",16382,32,132,0,1,17,0,20.599365234
4,"map(alloc: a)",16382,32,132,0,1,28,0,20.956993103
4,"map(alloc: a)",16382,32,132,0,1,11,0,19.955635071
4,"map(alloc: a)",16382,32,132,0,1,3140,0,53.501129150
4,"map(alloc: a)",16382,32,132,0,1,2,0,20.444393158
4,"map(alloc: a)",16382,32,132,0,1,758,0,29.098987579
4,"map(alloc: a)",16382,32,132,0,1,1218,0,33.009052277
4,"map(alloc: a)",16382,32,132,0,1,44,0,20.503997803
4,"map(alloc: a)",16382,32,132,0,1,71,0,21.052360535
4,"map(alloc: a)",16382,32,132,0,1,114,0,21.553039551
4,"map(alloc: a)",16382,32,132,0,1,294,0,23.448467255
4,"map(alloc: a)",16382,32,132,0,1,7,0,20.444393158
4,"map(alloc: a)",16382,32,132,0,1,183,0,23.007392883
4,"map(alloc: a)",16382,32,132,0,1,8096,0,104.355812073
4,"map(alloc: a)",16382,32,132,0,1,472,0,24.902820587
4,"map(alloc: a)",16382,32,132,0,1,1955,0,40.256977081
4,"map(alloc: a)",16382,32,132,0,1,3,0,19.800662994
4,"map(alloc: a)",16382,32,132,0,1,5042,0,72.848796844
4,"map(alloc: a)",16382,32,132,0,2,3,0,19.752979279
4,"map(alloc: a)",16382,32,132,0,2,44,0,16.796588898
4,"map(alloc: a)",16382,32,132,0,2,1,0,15.652179718
4,"map(alloc: a)",16382,32,132,0,2,183,0,21.898746490
4,"map(alloc: a)",16382,32,132,0,2,294,0,23.698806763
4,"map(alloc: a)",16382,32,132,0,2,5042,0,73.301792145
4,"map(alloc: a)",16382,32,132,0,2,7,0,19.907951355
4,"map(alloc: a)",16382,32,132,0,2,8096,0,104.808807373
4,"map(alloc: a)",16382,32,132,0,2,2,0,19.443035126
4,"map(alloc: a)",16382,32,132,0,2,114,0,21.350383759
4,"map(alloc: a)",16382,32,132,0,2,71,0,20.992755890
4,"map(alloc: a)",16382,32,132,0,2,1955,0,38.897991180
4,"map(alloc: a)",16382,32,132,0,2,17,0,18.250942230
4,"map(alloc: a)",16382,32,132,0,2,472,0,25.701522827
4,"map(alloc: a)",16382,32,132,0,2,11,0,19.598007202
4,"map(alloc: a)",16382,32,132,0,2,1218,0,32.901763916
4,"map(alloc: a)",16382,32,132,0,2,4,0,20.003318787
4,"map(alloc: a)",16382,32,132,0,2,3140,0,53.858757019
4,"map(alloc: a)",16382,32,132,0,2,758,0,28.741359711
4,"map(alloc: a)",16382,32,132,0,2,28,0,20.396709442
4,"map(alloc: a)",16382,32,132,0,3,11,0,20.790100098
4,"map(alloc: a)",16382,32,132,0,3,4,0,20.146369934
4,"map(alloc: a)",16382,32,132,0,3,5042,0,71.704387665
4,"map(alloc: a)",16382,32,132,0,3,183,0,21.743774414
4,"map(alloc: a)",16382,32,132,0,3,17,0,20.098686218
4,"map(alloc: a)",16382,32,132,0,3,3,0,20.098686218
4,"map(alloc: a)",16382,32,132,0,3,28,0,18.298625946
4,"map(alloc: a)",16382,32,132,0,3,1218,0,30.648708344
4,"map(alloc: a)",16382,32,132,0,3,114,0,21.696090698
4,"map(alloc: a)",16382,32,132,0,3,758,0,29.253959656
4,"map(alloc: a)",16382,32,132,0,3,1955,0,41.353702545
4,"map(alloc: a)",16382,32,132,0,3,472,0,25.653839111
4,"map(alloc: a)",16382,32,132,0,3,7,0,19.907951355
4,"map(alloc: a)",16382,32,132,0,3,44,0,20.098686218
4,"map(alloc: a)",16382,32,132,0,3,3140,0,53.453445435
4,"map(alloc: a)",16382,32,132,0,3,8096,0,104.451179504
4,"map(alloc: a)",16382,32,132,0,3,71,0,22.006034851
4,"map(alloc: a)",16382,32,132,0,3,1,0,18.751621246
4,"map(alloc: a)",16382,32,132,0,3,2,0,19.848346710
4,"map(alloc: a)",16382,32,132,0,3,294,0,22.554397583
4,"map(alloc: a)",16382,32,132,0,4,3,0,18.858909607
4,"map(alloc: a)",16382,32,132,0,4,8096,0,103.652477264
4,"map(alloc: a)",16382,32,132,0,4,1,0,18.894672394
4,"map(alloc: a)",16382,32,132,0,4,28,0,20.444393158
4,"map(alloc: a)",16382,32,132,0,4,17,0,20.599365234
4,"map(alloc: a)",16382,32,132,0,4,5042,0,72.443485260
4,"map(alloc: a)",16382,32,132,0,4,7,0,19.693374634
4,"map(alloc: a)",16382,32,132,0,4,114,0,21.994113922
4,"map(alloc: a)",16382,32,132,0,4,44,0,20.444393158
4,"map(alloc: a)",16382,32,132,0,4,2,0,19.907951355
4,"map(alloc: a)",16382,32,132,0,4,294,0,23.150444031
4,"map(alloc: a)",16382,32,132,0,4,758,0,28.300285339
4,"map(alloc: a)",16382,32,132,0,4,183,0,21.398067474
4,"map(alloc: a)",16382,32,132,0,4,4,0,20.706653595
4,"map(alloc: a)",16382,32,132,0,4,1218,0,33.450126648
4,"map(alloc: a)",16382,32,132,0,4,71,0,21.100044250
4,"map(alloc: a)",16382,32,132,0,4,1955,0,40.602684021
4,"map(alloc: a)",16382,32,132,0,4,11,0,19.001960754
4,"map(alloc: a)",16382,32,132,0,4,472,0,23.508071899
4,"map(alloc: a)",16382,32,132,0,4,3140,0,53.048133850
4,"map(alloc: a)",16382,32,132,1,0,2,0,19.752979279
4,"map(alloc: a)",16382,32,132,1,0,4,0,19.752979279
4,"map(alloc: a)",16382,32,132,1,0,472,0,25.296211243
4,"map(alloc: a)",16382,32,132,1,0,3140,0,53.107738495
4,"map(alloc: a)",16382,32,132,1,0,183,0,22.399425507
4,"map(alloc: a)",16382,32,132,1,0,28,0,20.003318787
4,"map(alloc: a)",16382,32,132,1,0,71,0,19.752979279
4,"map(alloc: a)",16382,32,132,1,0,1218,0,30.601024628
4,"map(alloc: a)",16382,32,132,1,0,294,0,23.150444031
4,"map(alloc: a)",16382,32,132,1,0,1,0,19.252300262
4,"map(alloc: a)",16382,32,132,1,0,7,0,19.741058350
4,"map(alloc: a)",16382,32,132,1,0,1955,0,39.052963257
4,"map(alloc: a)",16382,32,132,1,0,758,0,27.799606323
4,"map(alloc: a)",16382,32,132,1,0,114,0,21.040439606
4,"map(alloc: a)",16382,32,132,1,0,11,0,19.907951355
4,"map(alloc: a)",16382,32,132,1,0,3,0,20.003318787
4,"map(alloc: a)",16382,32,132,1,0,8096,0,103.998184204
4,"map(alloc: a)",16382,32,132,1,0,44,0,19.359588623
4,"map(alloc: a)",16382,32,132,1,0,17,0,20.742416382
4,"map(alloc: a)",16382,32,132,1,0,5042,0,73.146820068
4,"map(alloc: a)",16382,32,132,1,1,758,0,28.502941132
4,"map(alloc: a)",16382,32,132,1,1,3,0,19.800662994
4,"map(alloc: a)",16382,32,132,1,1,3140,0,52.952766418
4,"map(alloc: a)",16382,32,132,1,1,1955,0,40.006637573
4,"map(alloc: a)",16382,32,132,1,1,44,0,21.243095398
4,"map(alloc: a)",16382,32,132,1,1,17,0,20.492076874
4,"map(alloc: a)",16382,32,132,1,1,294,0,24.592876434
4,"map(alloc: a)",16382,32,132,1,1,28,0,16.748905182
4,"map(alloc: a)",16382,32,132,1,1,114,0,21.255016327
4,"map(alloc: a)",16382,32,132,1,1,2,0,20.098686218
4,"map(alloc: a)",16382,32,132,1,1,7,0,19.609928131
4,"map(alloc: a)",16382,32,132,1,1,183,0,22.351741791
4,"map(alloc: a)",16382,32,132,1,1,8096,0,102.543830872
4,"map(alloc: a)",16382,32,132,1,1,11,0,19.502639771
4,"map(alloc: a)",16382,32,132,1,1,1,0,20.098686218
4,"map(alloc: a)",16382,32,132,1,1,1218,0,33.640861511
4,"map(alloc: a)",16382,32,132,1,1,472,0,25.546550751
4,"map(alloc: a)",16382,32,132,1,1,71,0,17.249584198
4,"map(alloc: a)",16382,32,132,1,1,5042,0,71.692466736
4,"map(alloc: a)",16382,32,132,1,1,4,0,19.502639771
4,"map(alloc: a)",16382,32,132,1,2,2,0,19.848346710
4,"map(alloc: a)",16382,32,132,1,2,71,0,21.100044250
4,"map(alloc: a)",16382,32,132,1,2,17,0,20.599365234
4,"map(alloc: a)",16382,32,132,1,2,472,0,25.296211243
4,"map(alloc: a)",16382,32,132,1,2,5042,0,72.300434113
4,"map(alloc: a)",16382,32,132,1,2,28,0,20.647048950
4,"map(alloc: a)",16382,32,132,1,2,44,0,21.100044250
4,"map(alloc: a)",16382,32,132,1,2,1218,0,33.652782440
4,"map(alloc: a)",16382,32,132,1,2,4,0,20.456314087
4,"map(alloc: a)",16382,32,132,1,2,1955,0,40.400028229
4,"map(alloc: a)",16382,32,132,1,2,183,0,21.147727966
4,"map(alloc: a)",16382,32,132,1,2,7,0,19.252300262
4,"map(alloc: a)",16382,32,132,1,2,758,0,27.596950531
4,"map(alloc: a)",16382,32,132,1,2,1,0,19.598007202
4,"map(alloc: a)",16382,32,132,1,2,3140,0,52.404403687
4,"map(alloc: a)",16382,32,132,1,2,8096,0,103.449821472
4,"map(alloc: a)",16382,32,132,1,2,3,0,18.346309662
4,"map(alloc: a)",16382,32,132,1,2,114,0,22.697448730
4,"map(alloc: a)",16382,32,132,1,2,11,0,20.051002502
4,"map(alloc: a)",16382,32,132,1,2,294,0,22.196769714
4,"map(alloc: a)",16382,32,132,1,3,1,0,19.299983978
4,"map(alloc: a)",16382,32,132,1,3,17,0,19.896030426
4,"map(alloc: a)",16382,32,132,1,3,294,0,22.399425507
4,"map(alloc: a)",16382,32,132,1,3,5042,0,72.097778320
4,"map(alloc: a)",16382,32,132,1,3,114,0,21.255016327
4,"map(alloc: a)",16382,32,132,1,3,28,0,20.253658295
4,"map(alloc: a)",16382,32,132,1,3,1218,0,32.699108124
4,"map(alloc: a)",16382,32,132,1,3,2,0,19.800662994
4,"map(alloc: a)",16382,32,132,1,3,3,0,19.848346710
4,"map(alloc: a)",16382,32,132,1,3,4,0,15.902519226
4,"map(alloc: a)",16382,32,132,1,3,758,0,26.941299438
4,"map(alloc: a)",16382,32,132,1,3,11,0,19.550323486
4,"map(alloc: a)",16382,32,132,1,3,44,0,20.098686218
4,"map(alloc: a)",16382,32,132,1,3,472,0,25.248527527
4,"map(alloc: a)",16382,32,132,1,3,7,0,20.051002502
4,"map(alloc: a)",16382,32,132,1,3,1955,0,39.947032928
4,"map(alloc: a)",16382,32,132,1,3,71,0,20.194053650
4,"map(alloc: a)",16382,32,132,1,3,183,0,21.398067474
4,"map(alloc: a)",16382,32,132,1,3,8096,0,104.308128357
4,"map(alloc: a)",16382,32,132,1,3,3140,0,52.750110626
4,"map(alloc: a)",16382,32,132,1,4,472,0,23.651123047
4,"map(alloc: a)",16382,32,132,1,4,71,0,20.802021027
4,"map(alloc: a)",16382,32,132,1,4,1,0,19.693374634
4,"map(alloc: a)",16382,32,132,1,4,11,0,20.599365234
4,"map(alloc: a)",16382,32,132,1,4,4,0,16.140937805
4,"map(alloc: a)",16382,32,132,1,4,3140,0,51.748752594
4,"map(alloc: a)",16382,32,132,1,4,28,0,20.754337311
4,"map(alloc: a)",16382,32,132,1,4,1218,0,33.247470856
4,"map(alloc: a)",16382,32,132,1,4,2,0,20.742416382
4,"map(alloc: a)",16382,32,132,1,4,183,0,18.846988678
4,"map(alloc: a)",16382,32,132,1,4,5042,0,73.349475861
4,"map(alloc: a)",16382,32,132,1,4,114,0,21.648406982
4,"map(alloc: a)",16382,32,132,1,4,3,0,20.098686218
4,"map(alloc: a)",16382,32,132,1,4,44,0,20.349025726
4,"map(alloc: a)",16382,32,132,1,4,758,0,28.550624847
4,"map(alloc: a)",16382,32,132,1,4,8096,0,104.248523712
4,"map(alloc: a)",16382,32,132,1,4,1955,0,40.841102600
4,"map(alloc: a)",16382,32,132,1,4,294,0,23.901462555
4,"map(alloc: a)",16382,32,132,1,4,7,0,19.252300262
4,"map(alloc: a)",16382,32,132,1,4,17,0,19.943714142
4,"map(alloc: a)",32768,32,132,0,0,7,0,20.897388458
4,"map(alloc: a)",32768,32,132,0,0,114,0,21.755695343
4,"map(alloc: a)",32768,32,132,0,0,3,0,20.051002502
4,"map(alloc: a)",32768,32,132,0,0,17,0,18.954277039
4,"map(alloc: a)",32768,32,132,0,0,1,0,19.907951355
4,"map(alloc: a)",32768,32,132,0,0,44,0,21.445751190
4,"map(alloc: a)",32768,32,132,0,0,294,0,23.150444031
4,"map(alloc: a)",32768,32,132,0,0,3140,0,53.310394287
4,"map(alloc: a)",32768,32,132,0,0,4,0,19.752979279
4,"map(alloc: a)",32768,32,132,0,0,1955,0,40.102005005
4,"map(alloc: a)",32768,32,132,0,0,183,0,22.494792938
4,"map(alloc: a)",32768,32,132,0,0,8096,0,105.094909668
4,"map(alloc: a)",32768,32,132,0,0,758,0,28.598308563
4,"map(alloc: a)",32768,32,132,0,0,71,0,21.302700043
4,"map(alloc: a)",32768,32,132,0,0,2,0,19.145011902
4,"map(alloc: a)",32768,32,132,0,0,11,0,19.299983978
4,"map(alloc: a)",32768,32,132,0,0,28,0,19.407272339
4,"map(alloc: a)",32768,32,132,0,0,5042,0,72.503089905
4,"map(alloc: a)",32768,32,132,0,0,1218,0,32.997131348
4,"map(alloc: a)",32768,32,132,0,0,472,0,26.094913483
4,"map(alloc: a)",32768,32,132,0,1,4,0,20.599365234
4,"map(alloc: a)",32768,32,132,0,1,1,0,20.599365234
4,"map(alloc: a)",32768,32,132,0,1,17,0,20.444393158
4,"map(alloc: a)",32768,32,132,0,1,28,0,20.098686218
4,"map(alloc: a)",32768,32,132,0,1,11,0,16.498565674
4,"map(alloc: a)",32768,32,132,0,1,3140,0,52.952766418
4,"map(alloc: a)",32768,32,132,0,1,2,0,18.656253815
4,"map(alloc: a)",32768,32,132,0,1,758,0,29.301643372
4,"map(alloc: a)",32768,32,132,0,1,1218,0,33.652782440
4,"map(alloc: a)",32768,32,132,0,1,44,0,19.752979279
4,"map(alloc: a)",32768,32,132,0,1,71,0,20.599365234
4,"map(alloc: a)",32768,32,132,0,1,114,0,21.648406982
4,"map(alloc: a)",32768,32,132,0,1,294,0,23.245811462
4,"map(alloc: a)",32768,32,132,0,1,7,0,20.408630371
4,"map(alloc: a)",32768,32,132,0,1,183,0,22.399425507
4,"map(alloc: a)",32768,32,132,0,1,8096,0,104.093551636
4,"map(alloc: a)",32768,32,132,0,1,472,0,25.951862335
4,"map(alloc: a)",32768,32,132,0,1,1955,0,39.553642273
4,"map(alloc: a)",32768,32,132,0,1,3,0,17.189979553
4,"map(alloc: a)",32768,32,132,0,1,5042,0,72.944164276
4,"map(alloc: a)",32768,32,132,0,2,3,0,20.396709442
4,"map(alloc: a)",32768,32,132,0,2,44,0,20.599365234
4,"map(alloc: a)",32768,32,132,0,2,1,0,19.955635071
4,"map(alloc: a)",32768,32,132,0,2,183,0,17.750263214
4,"map(alloc: a)",32768,32,132,0,2,294,0,23.150444031
4,"map(alloc: a)",32768,32,132,0,2,5042,0,72.145462036
4,"map(alloc: a)",32768,32,132,0,2,7,0,19.800662994
4,"map(alloc: a)",32768,32,132,0,2,8096,0,104.498863220
4,"map(alloc: a)",32768,32,132,0,2,2,0,19.896030426
4,"map(alloc: a)",32768,32,132,0,2,114,0,21.052360535
4,"map(alloc: a)",32768,32,132,0,2,71,0,20.551681519
4,"map(alloc: a)",32768,32,132,0,2,1955,0,40.447711945
4,"map(alloc: a)",32768,32,132,0,2,17,0,20.253658295
4,"map(alloc: a)",32768,32,132,0,2,472,0,24.652481079
4,"map(alloc: a)",32768,32,132,0,2,11,0,19.598007202
4,"map(alloc: a)",32768,32,132,0,2,1218,0,33.605098724
4,"map(alloc: a)",32768,32,132,0,2,4,0,20.003318787
4,"map(alloc: a)",32768,32,132,0,2,3140,0,53.656101227
4,"map(alloc: a)",32768,32,132,0,2,758,0,28.550624847
4,"map(alloc: a)",32768,32,132,0,2,28,0,20.647048950
4,"map(alloc: a)",32768,32,132,0,3,11,0,20.194053650
4,"map(alloc: a)",32768,32,132,0,3,4,0,20.647048950
4,"map(alloc: a)",32768,32,132,0,3,5042,0,72.002410889
4,"map(alloc: a)",32768,32,132,0,3,183,0,22.602081299
4,"map(alloc: a)",32768,32,132,0,3,17,0,20.396709442
4,"map(alloc: a)",32768,32,132,0,3,3,0,20.945072174
4,"map(alloc: a)",32768,32,132,0,3,28,0,19.943714142
4,"map(alloc: a)",32768,32,132,0,3,1218,0,32.997131348
4,"map(alloc: a)",32768,32,132,0,3,114,0,21.445751190
4,"map(alloc: a)",32768,32,132,0,3,758,0,28.610229492
4,"map(alloc: a)",32768,32,132,0,3,1955,0,40.447711945
4,"map(alloc: a)",32768,32,132,0,3,472,0,25.355815887
4,"map(alloc: a)",32768,32,132,0,3,7,0,20.051002502
4,"map(alloc: a)",32768,32,132,0,3,44,0,20.849704742
4,"map(alloc: a)",32768,32,132,0,3,3140,0,53.203105927
4,"map(alloc: a)",32768,32,132,0,3,8096,0,104.701519012
4,"map(alloc: a)",32768,32,132,0,3,71,0,20.849704742
4,"map(alloc: a)",32768,32,132,0,3,1,0,16.200542450
4,"map(alloc: a)",32768,32,132,0,3,2,0,20.098686218
4,"map(alloc: a)",32768,32,132,0,3,294,0,22.900104523
4,"map(alloc: a)",32768,32,132,0,4,3,0,19.943714142
4,"map(alloc: a)",32768,32,132,0,4,8096,0,105.190277100
4,"map(alloc: a)",32768,32,132,0,4,1,0,20.098686218
4,"map(alloc: a)",32768,32,132,0,4,28,0,19.001960754
4,"map(alloc: a)",32768,32,132,0,4,17,0,21.195411682
4,"map(alloc: a)",32768,32,132,0,4,5042,0,72.598457336
4,"map(alloc: a)",32768,32,132,0,4,7,0,19.800662994
4,"map(alloc: a)",32768,32,132,0,4,114,0,21.207332611
4,"map(alloc: a)",32768,32,132,0,4,44,0,19.955635071
4,"map(alloc: a)",32768,32,132,0,4,2,0,19.657611847
4,"map(alloc: a)",32768,32,132,0,4,294,0,23.496150970
4,"map(alloc: a)",32768,32,132,0,4,758,0,28.789043427
4,"map(alloc: a)",32768,32,132,0,4,183,0,22.351741791
4,"map(alloc: a)",32768,32,132,0,4,4,0,21.600723267
4,"map(alloc: a)",32768,32,132,0,4,1218,0,33.092498779
4,"map(alloc: a)",32768,32,132,0,4,71,0,22.256374359
4,"map(alloc: a)",32768,32,132,0,4,1955,0,41.306018829
4,"map(alloc: a)",32768,32,132,0,4,11,0,20.301342010
4,"map(alloc: a)",32768,32,132,0,4,472,0,24.890899658
4,"map(alloc: a)",32768,32,132,0,4,3140,0,55.050849915
4,"map(alloc: a)",32768,32,132,1,0,2,0,20.051002502
4,"map(alloc: a)",32768,32,132,1,0,4,0,19.741058350
4,"map(alloc: a)",32768,32,132,1,0,472,0,24.652481079
4,"map(alloc: a)",32768,32,132,1,0,3140,0,53.250789642
4,"map(alloc: a)",32768,32,132,1,0,183,0,20.849704742
4,"map(alloc: a)",32768,32,132,1,0,28,0,20.003318787
4,"map(alloc: a)",32768,32,132,1,0,71,0,20.658969879
4,"map(alloc: a)",32768,32,132,1,0,1218,0,33.402442932
4,"map(alloc: a)",32768,32,132,1,0,294,0,23.341178894
4,"map(alloc: a)",32768,32,132,1,0,1,0,19.049644470
4,"map(alloc: a)",32768,32,132,1,0,7,0,19.550323486
4,"map(alloc: a)",32768,32,132,1,0,1955,0,40.543079376
4,"map(alloc: a)",32768,32,132,1,0,758,0,28.991699219
4,"map(alloc: a)",32768,32,132,1,0,114,0,21.040439606
4,"map(alloc: a)",32768,32,132,1,0,11,0,20.599365234
4,"map(alloc: a)",32768,32,132,1,0,3,0,20.051002502
4,"map(alloc: a)",32768,32,132,1,0,8096,0,103.795528412
4,"map(alloc: a)",32768,32,132,1,0,44,0,19.097328186
4,"map(alloc: a)",32768,32,132,1,0,17,0,20.098686218
4,"map(alloc: a)",32768,32,132,1,0,5042,0,72.693824768
4,"map(alloc: a)",32768,32,132,1,1,758,0,28.443336487
4,"map(alloc: a)",32768,32,132,1,1,3,0,20.301342010
4,"map(alloc: a)",32768,32,132,1,1,3140,0,52.642822266
4,"map(alloc: a)",32768,32,132,1,1,1955,0,40.709972382
4,"map(alloc: a)",32768,32,132,1,1,44,0,20.742416382
4,"map(alloc: a)",32768,32,132,1,1,17,0,20.098686218
4,"map(alloc: a)",32768,32,132,1,1,294,0,23.746490479
4,"map(alloc: a)",32768,32,132,1,1,28,0,21.100044250
4,"map(alloc: a)",32768,32,132,1,1,114,0,21.791458130
4,"map(alloc: a)",32768,32,132,1,1,2,0,18.310546875
4,"map(alloc: a)",32768,32,132,1,1,7,0,17.797946930
4,"map(alloc: a)",32768,32,132,1,1,183,0,22.292137146
4,"map(alloc: a)",32768,32,132,1,1,8096,0,104.498863220
4,"map(alloc: a)",32768,32,132,1,1,11,0,20.039081573
4,"map(alloc: a)",32768,32,132,1,1,1,0,20.551681519
4,"map(alloc: a)",32768,32,132,1,1,1218,0,32.401084900
4,"map(alloc: a)",32768,32,132,1,1,472,0,25.796890259
4,"map(alloc: a)",32768,32,132,1,1,71,0,20.599365234
4,"map(alloc: a)",32768,32,132,1,1,5042,0,73.456764221
4,"map(alloc: a)",32768,32,132,1,1,4,0,19.598007202
4,"map(alloc: a)",32768,32,132,1,2,2,0,17.893314362
4,"map(alloc: a)",32768,32,132,1,2,71,0,19.240379333
4,"map(alloc: a)",32768,32,132,1,2,17,0,19.752979279
4,"map(alloc: a)",32768,32,132,1,2,472,0,25.451183319
4,"map(alloc: a)",32768,32,132,1,2,5042,0,72.491168976
4,"map(alloc: a)",32768,32,132,1,2,28,0,20.694732666
4,"map(alloc: a)",32768,32,132,1,2,44,0,17.845630646
4,"map(alloc: a)",32768,32,132,1,2,1218,0,33.247470856
4,"map(alloc: a)",32768,32,132,1,2,4,0,20.551681519
4,"map(alloc: a)",32768,32,132,1,2,1955,0,40.304660797
4,"map(alloc: a)",32768,32,132,1,2,183,0,21.350383759
4,"map(alloc: a)",32768,32,132,1,2,7,0,20.945072174
4,"map(alloc: a)",32768,32,132,1,2,758,0,28.800964355
4,"map(alloc: a)",32768,32,132,1,2,1,0,20.098686218
4,"map(alloc: a)",32768,32,132,1,2,3140,0,52.201747894
4,"map(alloc: a)",32768,32,132,1,2,8096,0,102.901458740
4,"map(alloc: a)",32768,32,132,1,2,3,0,20.658969879
4,"map(alloc: a)",32768,32,132,1,2,114,0,22.304058075
4,"map(alloc: a)",32768,32,132,1,2,11,0,20.396709442
4,"map(alloc: a)",32768,32,132,1,2,294,0,22.447109222
4,"map(alloc: a)",32768,32,132,1,3,1,0,19.800662994
4,"map(alloc: a)",32768,32,132,1,3,17,0,19.955635071
4,"map(alloc: a)",32768,32,132,1,3,294,0,23.448467255
4,"map(alloc: a)",32768,32,132,1,3,5042,0,71.954727173
4,"map(alloc: a)",32768,32,132,1,3,114,0,21.600723267
4,"map(alloc: a)",32768,32,132,1,3,28,0,20.694732666
4,"map(alloc: a)",32768,32,132,1,3,1218,0,33.044815063
4,"map(alloc: a)",32768,32,132,1,3,2,0,19.645690918
4,"map(alloc: a)",32768,32,132,1,3,3,0,20.158290863
4,"map(alloc: a)",32768,32,132,1,3,4,0,20.349025726
4,"map(alloc: a)",32768,32,132,1,3,758,0,28.848648071
4,"map(alloc: a)",32768,32,132,1,3,11,0,20.551681519
4,"map(alloc: a)",32768,32,132,1,3,44,0,19.741058350
4,"map(alloc: a)",32768,32,132,1,3,472,0,25.439262390
4,"map(alloc: a)",32768,32,132,1,3,7,0,19.502639771
4,"map(alloc: a)",32768,32,132,1,3,1955,0,41.151046753
4,"map(alloc: a)",32768,32,132,1,3,71,0,20.742416382
4,"map(alloc: a)",32768,32,132,1,3,183,0,22.447109222
4,"map(alloc: a)",32768,32,132,1,3,8096,0,104.749202728
4,"map(alloc: a)",32768,32,132,1,3,3140,0,52.845478058
4,"map(alloc: a)",32768,32,132,1,4,472,0,24.998188019
4,"map(alloc: a)",32768,32,132,1,4,71,0,20.301342010
4,"map(alloc: a)",32768,32,132,1,4,1,0,20.647048950
4,"map(alloc: a)",32768,32,132,1,4,11,0,19.752979279
4,"map(alloc: a)",32768,32,132,1,4,4,0,21.803379059
4,"map(alloc: a)",32768,32,132,1,4,3140,0,52.106380463
4,"map(alloc: a)",32768,32,132,1,4,28,0,20.742416382
4,"map(alloc: a)",32768,32,132,1,4,1218,0,33.390522003
4,"map(alloc: a)",32768,32,132,1,4,2,0,19.252300262
4,"map(alloc: a)",32768,32,132,1,4,183,0,22.208690643
4,"map(alloc: a)",32768,32,132,1,4,5042,0,72.002410889
4,"map(alloc: a)",32768,32,132,1,4,114,0,22.292137146
4,"map(alloc: a)",32768,32,132,1,4,3,0,21.553039551
4,"map(alloc: a)",32768,32,132,1,4,44,0,20.146369934
4,"map(alloc: a)",32768,32,132,1,4,758,0,25.904178619
4,"map(alloc: a)",32768,32,132,1,4,8096,0,104.296207428
4,"map(alloc: a)",32768,32,132,1,4,1955,0,40.543079376
4,"map(alloc: a)",32768,32,132,1,4,294,0,22.506713867
4,"map(alloc: a)",32768,32,132,1,4,7,0,20.003318787
4,"map(alloc: a)",32768,32,132,1,4,17,0,19.502639771
4,"map(alloc: a)",65536,32,132,0,0,7,0,18.596649170
4,"map(alloc: a)",65536,32,132,0,0,114,0,18.191337585
4,"map(alloc: a)",65536,32,132,0,0,3,0,20.551681519
4,"map(alloc: a)",65536,32,132,0,0,17,0,20.289421082
4,"map(alloc: a)",65536,32,132,0,0,1,0,19.645690918
4,"map(alloc: a)",65536,32,132,0,0,44,0,20.396709442
4,"map(alloc: a)",65536,32,132,0,0,294,0,23.043155670
4,"map(alloc: a)",65536,32,132,0,0,3140,0,53.358078003
4,"map(alloc: a)",65536,32,132,0,0,4,0,20.396709442
4,"map(alloc: a)",65536,32,132,0,0,1955,0,40.948390961
4,"map(alloc: a)",65536,32,132,0,0,183,0,21.898746490
4,"map(alloc: a)",65536,32,132,0,0,8096,0,103.950500488
4,"map(alloc: a)",65536,32,132,0,0,758,0,27.203559875
4,"map(alloc: a)",65536,32,132,0,0,71,0,20.647048950
4,"map(alloc: a)",65536,32,132,0,0,2,0,19.705295563
4,"map(alloc: a)",65536,32,132,0,0,11,0,21.052360535
4,"map(alloc: a)",65536,32,132,0,0,28,0,20.706653595
4,"map(alloc: a)",65536,32,132,0,0,5042,0,72.193145752
4,"map(alloc: a)",65536,32,132,0,0,1218,0,33.092498779
4,"map(alloc: a)",65536,32,132,0,0,472,0,24.652481079
4,"map(alloc: a)",65536,32,132,0,1,4,0,20.599365234
4,"map(alloc: a)",65536,32,132,0,1,1,0,19.252300262
4,"map(alloc: a)",65536,32,132,0,1,17,0,19.097328186
4,"map(alloc: a)",65536,32,132,0,1,28,0,17.297267914
4,"map(alloc: a)",65536,32,132,0,1,11,0,19.145011902
4,"map(alloc: a)",65536,32,132,0,1,3140,0,52.845478058
4,"map(alloc: a)",65536,32,132,0,1,2,0,19.991397858
4,"map(alloc: a)",65536,32,132,0,1,758,0,28.049945831
4,"map(alloc: a)",65536,32,132,0,1,1218,0,32.496452332
4,"map(alloc: a)",65536,32,132,0,1,44,0,20.301342010
4,"map(alloc: a)",65536,32,132,0,1,71,0,20.849704742
4,"map(alloc: a)",65536,32,132,0,1,114,0,20.754337311
4,"map(alloc: a)",65536,32,132,0,1,294,0,23.698806763
4,"map(alloc: a)",65536,32,132,0,1,7,0,19.896030426
4,"map(alloc: a)",65536,32,132,0,1,183,0,20.611286163
4,"map(alloc: a)",65536,32,132,0,1,8096,0,103.604793549
4,"map(alloc: a)",65536,32,132,0,1,472,0,25.808811188
4,"map(alloc: a)",65536,32,132,0,1,1955,0,38.492679596
4,"map(alloc: a)",65536,32,132,0,1,3,0,20.492076874
4,"map(alloc: a)",65536,32,132,0,1,5042,0,72.348117828
4,"map(alloc: a)",65536,32,132,0,2,3,0,19.788742065
4,"map(alloc: a)",65536,32,132,0,2,44,0,20.051002502
4,"map(alloc: a)",65536,32,132,0,2,1,0,16.248226166
4,"map(alloc: a)",65536,32,132,0,2,183,0,19.443035126
4,"map(alloc: a)",65536,32,132,0,2,294,0,21.851062775
4,"map(alloc: a)",65536,32,132,0,2,5042,0,72.300434113
4,"map(alloc: a)",65536,32,132,0,2,7,0,20.098686218
4,"map(alloc: a)",65536,32,132,0,2,8096,0,105.595588684
4,"map(alloc: a)",65536,32,132,0,2,2,0,19.943714142
4,"map(alloc: a)",65536,32,132,0,2,114,0,22.053718567
4,"map(alloc: a)",65536,32,132,0,2,71,0,19.598007202
4,"map(alloc: a)",65536,32,132,0,2,1955,0,41.401386261
4,"map(alloc: a)",65536,32,132,0,2,17,0,20.360946655
4,"map(alloc: a)",65536,32,132,0,2,472,0,25.749206543
4,"map(alloc: a)",65536,32,132,0,2,11,0,20.396709442
4,"map(alloc: a)",65536,32,132,0,2,1218,0,32.603740692
4,"map(alloc: a)",65536,32,132,0,2,4,0,19.347667694
4,"map(alloc: a)",65536,32,132,0,2,3140,0,51.498413086
4,"map(alloc: a)",65536,32,132,0,2,758,0,27.799606323
4,"map(alloc: a)",65536,32,132,0,2,28,0,18.000602722
4,"map(alloc: a)",65536,32,132,0,3,11,0,18.405914307
4,"map(alloc: a)",65536,32,132,0,3,4,0,19.752979279
4,"map(alloc: a)",65536,32,132,0,3,5042,0,71.406364441
4,"map(alloc: a)",65536,32,132,0,3,183,0,22.554397583
4,"map(alloc: a)",65536,32,132,0,3,17,0,20.003318787
4,"map(alloc: a)",65536,32,132,0,3,3,0,19.550323486
4,"map(alloc: a)",65536,32,132,0,3,28,0,20.349025726
4,"map(alloc: a)",65536,32,132,0,3,1218,0,32.699108124
4,"map(alloc: a)",65536,32,132,0,3,114,0,20.503997803
4,"map(alloc: a)",65536,32,132,0,3,758,0,28.347969055
4,"map(alloc: a)",65536,32,132,0,3,1955,0,40.149688721
4,"map(alloc: a)",65536,32,132,0,3,472,0,25.951862335
4,"map(alloc: a)",65536,32,132,0,3,7,0,19.502639771
4,"map(alloc: a)",65536,32,132,0,3,44,0,20.790100098
4,"map(alloc: a)",65536,32,132,0,3,3140,0,52.595138550
4,"map(alloc: a)",65536,32,132,0,3,8096,0,104.594230652
4,"map(alloc: a)",65536,32,132,0,3,71,0,19.991397858
4,"map(alloc: a)",65536,32,132,0,3,1,0,20.051002502
4,"map(alloc: a)",65536,32,132,0,3,2,0,20.098686218
4,"map(alloc: a)",65536,32,132,0,3,294,0,23.055076599
4,"map(alloc: a)",65536,32,132,0,4,3,0,19.454956055
4,"map(alloc: a)",65536,32,132,0,4,8096,0,103.950500488
4,"map(alloc: a)",65536,32,132,0,4,1,0,19.943714142
4,"map(alloc: a)",65536,32,132,0,4,28,0,20.849704742
4,"map(alloc: a)",65536,32,132,0,4,17,0,20.158290863
4,"map(alloc: a)",65536,32,132,0,4,5042,0,73.254108429
4,"map(alloc: a)",65536,32,132,0,4,7,0,20.551681519
4,"map(alloc: a)",65536,32,132,0,4,114,0,22.101402283
4,"map(alloc: a)",65536,32,132,0,4,44,0,20.909309387
4,"map(alloc: a)",65536,32,132,0,4,2,0,20.802021027
4,"map(alloc: a)",65536,32,132,0,4,294,0,22.947788239
4,"map(alloc: a)",65536,32,132,0,4,758,0,27.859210968
4,"map(alloc: a)",65536,32,132,0,4,183,0,22.494792938
4,"map(alloc: a)",65536,32,132,0,4,4,0,21.100044250
4,"map(alloc: a)",65536,32,132,0,4,1218,0,32.794475555
4,"map(alloc: a)",65536,32,132,0,4,71,0,20.790100098
4,"map(alloc: a)",65536,32,132,0,4,1955,0,40.352344513
4,"map(alloc: a)",65536,32,132,0,4,11,0,20.599365234
4,"map(alloc: a)",65536,32,132,0,4,472,0,25.403499603
4,"map(alloc: a)",65536,32,132,0,4,3140,0,53.095817566
4,"map(alloc: a)",65536,32,132,1,0,2,0,20.992755890
4,"map(alloc: a)",65536,32,132,1,0,4,0,19.896030426
4,"map(alloc: a)",65536,32,132,1,0,472,0,24.902820587
4,"map(alloc: a)",65536,32,132,1,0,3140,0,53.107738495
4,"map(alloc: a)",65536,32,132,1,0,183,0,21.398067474
4,"map(alloc: a)",65536,32,132,1,0,28,0,20.003318787
4,"map(alloc: a)",65536,32,132,1,0,71,0,20.003318787
4,"map(alloc: a)",65536,32,132,1,0,1218,0,31.757354736
4,"map(alloc: a)",65536,32,132,1,0,294,0,22.959709167
4,"map(alloc: a)",65536,32,132,1,0,1,0,19.598007202
4,"map(alloc: a)",65536,32,132,1,0,7,0,20.051002502
4,"map(alloc: a)",65536,32,132,1,0,1955,0,39.649009705
4,"map(alloc: a)",65536,32,132,1,0,758,0,28.002262115
4,"map(alloc: a)",65536,32,132,1,0,114,0,20.945072174
4,"map(alloc: a)",65536,32,132,1,0,11,0,20.194053650
4,"map(alloc: a)",65536,32,132,1,0,3,0,19.800662994
4,"map(alloc: a)",65536,32,132,1,0,8096,0,103.950500488
4,"map(alloc: a)",65536,32,132,1,0,44,0,20.349025726
4,"map(alloc: a)",65536,32,132,1,0,17,0,19.299983978
4,"map(alloc: a)",65536,32,132,1,0,5042,0,72.658061981
4,"map(alloc: a)",65536,32,132,1,1,758,0,26.154518127
4,"map(alloc: a)",65536,32,132,1,1,3,0,18.799304962
4,"map(alloc: a)",65536,32,132,1,1,3140,0,51.152706146
4,"map(alloc: a)",65536,32,132,1,1,1955,0,40.948390961
4,"map(alloc: a)",65536,32,132,1,1,44,0,20.551681519
4,"map(alloc: a)",65536,32,132,1,1,17,0,20.349025726
4,"map(alloc: a)",65536,32,132,1,1,294,0,21.493434906
4,"map(alloc: a)",65536,32,132,1,1,28,0,16.450881958
4,"map(alloc: a)",65536,32,132,1,1,114,0,20.742416382
4,"map(alloc: a)",65536,32,132,1,1,2,0,19.598007202
4,"map(alloc: a)",65536,32,132,1,1,7,0,19.741058350
4,"map(alloc: a)",65536,32,132,1,1,183,0,21.350383759
4,"map(alloc: a)",65536,32,132,1,1,8096,0,104.296207428
4,"map(alloc: a)",65536,32,132,1,1,11,0,19.443035126
4,"map(alloc: a)",65536,32,132,1,1,1,0,19.550323486
4,"map(alloc: a)",65536,32,132,1,1,1218,0,32.401084900
4,"map(alloc: a)",65536,32,132,1,1,472,0,21.600723267
4,"map(alloc: a)",65536,32,132,1,1,71,0,21.052360535
4,"map(alloc: a)",65536,32,132,1,1,5042,0,71.644783020
4,"map(alloc: a)",65536,32,132,1,1,4,0,20.039081573
4,"map(alloc: a)",65536,32,132,1,2,2,0,19.705295563
4,"map(alloc: a)",65536,32,132,1,2,71,0,17.547607422
4,"map(alloc: a)",65536,32,132,1,2,17,0,19.955635071
4,"map(alloc: a)",65536,32,132,1,2,472,0,24.354457855
4,"map(alloc: a)",65536,32,132,1,2,5042,0,72.348117828
4,"map(alloc: a)",65536,32,132,1,2,28,0,19.252300262
4,"map(alloc: a)",65536,32,132,1,2,44,0,20.349025726
4,"map(alloc: a)",65536,32,132,1,2,1218,0,32.854080200
4,"map(alloc: a)",65536,32,132,1,2,4,0,17.559528351
4,"map(alloc: a)",65536,32,132,1,2,1955,0,39.398670197
4,"map(alloc: a)",65536,32,132,1,2,183,0,20.909309387
4,"map(alloc: a)",65536,32,132,1,2,7,0,19.848346710
4,"map(alloc: a)",65536,32,132,1,2,758,0,28.204917908
4,"map(alloc: a)",65536,32,132,1,2,1,0,19.550323486
4,"map(alloc: a)",65536,32,132,1,2,3140,0,51.808357239
4,"map(alloc: a)",65536,32,132,1,2,8096,0,103.354454041
4,"map(alloc: a)",65536,32,132,1,2,3,0,19.049644470
4,"map(alloc: a)",65536,32,132,1,2,114,0,20.444393158
4,"map(alloc: a)",65536,32,132,1,2,11,0,19.598007202
4,"map(alloc: a)",65536,32,132,1,2,294,0,22.757053375
4,"map(alloc: a)",65536,32,132,1,3,1,0,19.693374634
4,"map(alloc: a)",65536,32,132,1,3,17,0,20.051002502
4,"map(alloc: a)",65536,32,132,1,3,294,0,23.496150970
4,"map(alloc: a)",65536,32,132,1,3,5042,0,71.597099304
4,"map(alloc: a)",65536,32,132,1,3,114,0,20.349025726
4,"map(alloc: a)",65536,32,132,1,3,28,0,19.598007202
4,"map(alloc: a)",65536,32,132,1,3,1218,0,32.997131348
4,"map(alloc: a)",65536,32,132,1,3,2,0,19.848346710
4,"map(alloc: a)",65536,32,132,1,3,3,0,19.752979279
4,"map(alloc: a)",65536,32,132,1,3,4,0,16.701221466
4,"map(alloc: a)",65536,32,132,1,3,758,0,26.798248291
4,"map(alloc: a)",65536,32,132,1,3,11,0,18.501281738
4,"map(alloc: a)",65536,32,132,1,3,44,0,20.003318787
4,"map(alloc: a)",65536,32,132,1,3,472,0,22.542476654
4,"map(alloc: a)",65536,32,132,1,3,7,0,17.499923706
4,"map(alloc: a)",65536,32,132,1,3,1955,0,39.851665497
4,"map(alloc: a)",65536,32,132,1,3,71,0,19.657611847
4,"map(alloc: a)",65536,32,132,1,3,183,0,22.602081299
4,"map(alloc: a)",65536,32,132,1,3,8096,0,103.795528412
4,"map(alloc: a)",65536,32,132,1,3,3140,0,52.857398987
4,"map(alloc: a)",65536,32,132,1,4,472,0,25.498867035
4,"map(alloc: a)",65536,32,132,1,4,71,0,21.004676819
4,"map(alloc: a)",65536,32,132,1,4,1,0,19.097328186
4,"map(alloc: a)",65536,32,132,1,4,11,0,20.647048950
4,"map(alloc: a)",65536,32,132,1,4,4,0,19.705295563
4,"map(alloc: a)",65536,32,132,1,4,3140,0,52.392482758
4,"map(alloc: a)",65536,32,132,1,4,28,0,19.896030426
4,"map(alloc: a)",65536,32,132,1,4,1218,0,32.556056976
4,"map(alloc: a)",65536,32,132,1,4,2,0,20.396709442
4,"map(alloc: a)",65536,32,132,1,4,183,0,21.648406982
4,"map(alloc: a)",65536,32,132,1,4,5042,0,72.693824768
4,"map(alloc: a)",65536,32,132,1,4,114,0,21.600723267
4,"map(alloc: a)",65536,32,132,1,4,3,0,19.752979279
4,"map(alloc: a)",65536,32,132,1,4,44,0,19.109249115
4,"map(alloc: a)",65536,32,132,1,4,758,0,28.347969055
4,"map(alloc: a)",65536,32,132,1,4,8096,0,103.199481964
4,"map(alloc: a)",65536,32,132,1,4,1955,0,40.996074677
4,"map(alloc: a)",65536,32,132,1,4,294,0,23.603439331
4,"map(alloc: a)",65536,32,132,1,4,7,0,19.693374634
4,"map(alloc: a)",65536,32,132,1,4,17,0,19.848346710
