method_id,method_name,N,thread_count,team_count,set,run,delaylength,outerreps,exec_time_us
1,"map(tofrom: a)",1,32,132,0,0,7,0,47.895871103
1,"map(tofrom: a)",1,32,132,0,0,114,0,56.976638734
1,"map(tofrom: a)",1,32,132,0,0,3,0,47.582574189
1,"map(tofrom: a)",1,32,132,0,0,17,0,48.783235252
1,"map(tofrom: a)",1,32,132,0,0,1,0,46.134367585
1,"map(tofrom: a)",1,32,132,0,0,44,0,49.350969493
1,"map(tofrom: a)",1,32,132,0,0,294,0,72.030723095
1,"map(tofrom: a)",1,32,132,0,0,3140,0,300.166383386
1,"map(tofrom: a)",1,32,132,0,0,4,0,45.708939433
1,"map(tofrom: a)",1,32,132,0,0,1955,0,204.193405807
1,"map(tofrom: a)",1,32,132,0,0,183,0,62.393210828
1,"map(tofrom: a)",1,32,132,0,0,8096,0,695.830956101
1,"map(tofrom: a)",1,32,132,0,0,758,0,106.212496758
1,"map(tofrom: a)",1,32,132,0,0,71,0,51.468610764
1,"map(tofrom: a)",1,32,132,0,0,2,0,47.203153372
1,"map(tofrom: a)",1,32,132,0,0,11,0,48.748962581
1,"map(tofrom: a)",1,32,132,0,0,28,0,47.278404236
1,"map(tofrom: a)",1,32,132,0,0,5042,0,450.917892158
1,"map(tofrom: a)",1,32,132,0,0,1218,0,143.798626959
1,"map(tofrom: a)",1,32,132,0,0,472,0,82.027912140
1,"map(tofrom: a)",1,32,132,0,1,4,0,47.238729894
1,"map(tofrom: a)",1,32,132,0,1,1,0,44.638849795
1,"map(tofrom: a)",1,32,132,0,1,17,0,46.761333942
1,"map(tofrom: a)",1,32,132,0,1,28,0,48.364326358
1,"map(tofrom: a)",1,32,132,0,1,11,0,47.550536692
1,"map(tofrom: a)",1,32,132,0,1,3140,0,298.624858260
1,"map(tofrom: a)",1,32,132,0,1,2,0,48.229470849
1,"map(tofrom: a)",1,32,132,0,1,758,0,107.276625931
1,"map(tofrom: a)",1,32,132,0,1,1218,0,141.253881156
1,"map(tofrom: a)",1,32,132,0,1,44,0,48.024207354
1,"map(tofrom: a)",1,32,132,0,1,71,0,50.863996148
1,"map(tofrom: a)",1,32,132,0,1,114,0,54.660439491
1,"map(tofrom: a)",1,32,132,0,1,294,0,70.436857641
1,"map(tofrom: a)",1,32,132,0,1,7,0,45.150145888
1,"map(tofrom: a)",1,32,132,0,1,183,0,58.577954769
1,"map(tofrom: a)",1,32,132,0,1,8096,0,696.661509573
1,"map(tofrom: a)",1,32,132,0,1,472,0,85.648521781
1,"map(tofrom: a)",1,32,132,0,1,1955,0,204.145163298
1,"map(tofrom: a)",1,32,132,0,1,3,0,42.469799519
1,"map(tofrom: a)",1,32,132,0,1,5042,0,451.207347214
1,"map(tofrom: a)",1,32,132,0,2,3,0,46.065635979
1,"map(tofrom: a)",1,32,132,0,2,44,0,46.794116497
1,"map(tofrom: a)",1,32,132,0,2,1,0,45.780465007
1,"map(tofrom: a)",1,32,132,0,2,183,0,61.130523682
1,"map(tofrom: a)",1,32,132,0,2,294,0,70.487707853
1,"map(tofrom: a)",1,32,132,0,2,5042,0,449.994020164
1,"map(tofrom: a)",1,32,132,0,2,7,0,45.427493751
1,"map(tofrom: a)",1,32,132,0,2,8096,0,696.193985641
1,"map(tofrom: a)",1,32,132,0,2,2,0,47.027319670
1,"map(tofrom: a)",1,32,132,0,2,114,0,55.149197578
1,"map(tofrom: a)",1,32,132,0,2,71,0,52.129663527
1,"map(tofrom: a)",1,32,132,0,2,1955,0,202.982127666
1,"map(tofrom: a)",1,32,132,0,2,17,0,47.576986253
1,"map(tofrom: a)",1,32,132,0,2,472,0,83.254277706
1,"map(tofrom: a)",1,32,132,0,2,11,0,46.161934733
1,"map(tofrom: a)",1,32,132,0,2,1218,0,141.855143011
1,"map(tofrom: a)",1,32,132,0,2,4,0,44.275075197
1,"map(tofrom: a)",1,32,132,0,2,3140,0,296.187400818
1,"map(tofrom: a)",1,32,132,0,2,758,0,107.399933040
1,"map(tofrom: a)",1,32,132,0,2,28,0,50.242990255
1,"map(tofrom: a)",1,32,132,0,3,11,0,47.691538930
1,"map(tofrom: a)",1,32,132,0,3,4,0,47.568976879
1,"map(tofrom: a)",1,32,132,0,3,5042,0,451.710820198
1,"map(tofrom: a)",1,32,132,0,3,183,0,62.497332692
1,"map(tofrom: a)",1,32,132,0,3,17,0,48.170238733
1,"map(tofrom: a)",1,32,132,0,3,3,0,46.442449093
1,"map(tofrom: a)",1,32,132,0,3,28,0,49.761869013
1,"map(tofrom: a)",1,32,132,0,3,1218,0,143.201090395
1,"map(tofrom: a)",1,32,132,0,3,114,0,53.461268544
1,"map(tofrom: a)",1,32,132,0,3,758,0,105.728395283
1,"map(tofrom: a)",1,32,132,0,3,1955,0,202.118419111
1,"map(tofrom: a)",1,32,132,0,3,472,0,83.852559328
1,"map(tofrom: a)",1,32,132,0,3,7,0,46.302378178
1,"map(tofrom: a)",1,32,132,0,3,44,0,47.675333917
1,"map(tofrom: a)",1,32,132,0,3,3140,0,298.888981342
1,"map(tofrom: a)",1,32,132,0,3,8096,0,697.456672788
1,"map(tofrom: a)",1,32,132,0,3,71,0,52.029639482
1,"map(tofrom: a)",1,32,132,0,3,1,0,47.413632274
1,"map(tofrom: a)",1,32,132,0,3,2,0,47.212466598
1,"map(tofrom: a)",1,32,132,0,3,294,0,70.533901453
1,"map(tofrom: a)",1,32,132,0,4,3,0,45.280158520
1,"map(tofrom: a)",1,32,132,0,4,8096,0,695.470348001
1,"map(tofrom: a)",1,32,132,0,4,1,0,46.253390610
1,"map(tofrom: a)",1,32,132,0,4,28,0,47.120079398
1,"map(tofrom: a)",1,32,132,0,4,17,0,46.387687325
1,"map(tofrom: a)",1,32,132,0,4,5042,0,449.893623590
1,"map(tofrom: a)",1,32,132,0,4,7,0,45.523233712
1,"map(tofrom: a)",1,32,132,0,4,114,0,54.079480469
1,"map(tofrom: a)",1,32,132,0,4,44,0,49.495510757
1,"map(tofrom: a)",1,32,132,0,4,2,0,46.936608851
1,"map(tofrom: a)",1,32,132,0,4,294,0,69.397315383
1,"map(tofrom: a)",1,32,132,0,4,758,0,108.452327549
1,"map(tofrom: a)",1,32,132,0,4,183,0,60.714595020
1,"map(tofrom: a)",1,32,132,0,4,4,0,44.909492135
1,"map(tofrom: a)",1,32,132,0,4,1218,0,146.277621388
1,"map(tofrom: a)",1,32,132,0,4,71,0,51.597319543
1,"map(tofrom: a)",1,32,132,0,4,1955,0,201.480463147
1,"map(tofrom: a)",1,32,132,0,4,11,0,45.781396329
1,"map(tofrom: a)",1,32,132,0,4,472,0,83.836168051
1,"map(tofrom: a)",1,32,132,0,4,3140,0,298.791937530
1,"map(tofrom: a)",1,32,132,1,0,2,0,44.447556138
1,"map(tofrom: a)",1,32,132,1,0,4,0,47.431327403
1,"map(tofrom: a)",1,32,132,1,0,472,0,85.398182273
1,"map(tofrom: a)",1,32,132,1,0,3140,0,300.477445126
1,"map(tofrom: a)",1,32,132,1,0,183,0,61.491690576
1,"map(tofrom: a)",1,32,132,1,0,28,0,49.364753067
1,"map(tofrom: a)",1,32,132,1,0,71,0,50.718151033
1,"map(tofrom: a)",1,32,132,1,0,1218,0,141.920894384
1,"map(tofrom: a)",1,32,132,1,0,294,0,71.374326944
1,"map(tofrom: a)",1,32,132,1,0,1,0,46.928413212
1,"map(tofrom: a)",1,32,132,1,0,7,0,46.419352293
1,"map(tofrom: a)",1,32,132,1,0,1955,0,202.875025570
1,"map(tofrom: a)",1,32,132,1,0,758,0,106.734782457
1,"map(tofrom: a)",1,32,132,1,0,114,0,55.432505906
1,"map(tofrom: a)",1,32,132,1,0,11,0,47.787278891
1,"map(tofrom: a)",1,32,132,1,0,3,0,46.251527965
1,"map(tofrom: a)",1,32,132,1,0,8096,0,695.180147886
1,"map(tofrom: a)",1,32,132,1,0,44,0,48.959627748
1,"map(tofrom: a)",1,32,132,1,0,17,0,46.167708933
1,"map(tofrom: a)",1,32,132,1,0,5042,0,450.389459729
1,"map(tofrom: a)",1,32,132,1,1,758,0,106.844119728
1,"map(tofrom: a)",1,32,132,1,1,3,0,46.066381037
1,"map(tofrom: a)",1,32,132,1,1,3140,0,298.260338604
1,"map(tofrom: a)",1,32,132,1,1,1955,0,201.788172126
1,"map(tofrom: a)",1,32,132,1,1,44,0,51.014311612
1,"map(tofrom: a)",1,32,132,1,1,17,0,47.514773905
1,"map(tofrom: a)",1,32,132,1,1,294,0,69.717131555
1,"map(tofrom: a)",1,32,132,1,1,28,0,54.761208594
1,"map(tofrom: a)",1,32,132,1,1,114,0,55.041350424
1,"map(tofrom: a)",1,32,132,1,1,2,0,41.875243187
1,"map(tofrom: a)",1,32,132,1,1,7,0,46.796165407
1,"map(tofrom: a)",1,32,132,1,1,183,0,58.305263519
1,"map(tofrom: a)",1,32,132,1,1,8096,0,696.530379355
1,"map(tofrom: a)",1,32,132,1,1,11,0,47.817267478
1,"map(tofrom: a)",1,32,132,1,1,1,0,46.959333122
1,"map(tofrom: a)",1,32,132,1,1,1218,0,144.279003143
1,"map(tofrom: a)",1,32,132,1,1,472,0,83.156116307
1,"map(tofrom: a)",1,32,132,1,1,71,0,51.832944155
1,"map(tofrom: a)",1,32,132,1,1,5042,0,450.945273042
1,"map(tofrom: a)",1,32,132,1,1,4,0,46.782940626
1,"map(tofrom: a)",1,32,132,1,2,2,0,46.761520207
1,"map(tofrom: a)",1,32,132,1,2,71,0,51.542744040
1,"map(tofrom: a)",1,32,132,1,2,17,0,47.566182911
1,"map(tofrom: a)",1,32,132,1,2,472,0,84.271654487
1,"map(tofrom: a)",1,32,132,1,2,5042,0,448.985025287
1,"map(tofrom: a)",1,32,132,1,2,28,0,49.123354256
1,"map(tofrom: a)",1,32,132,1,2,44,0,50.113536417
1,"map(tofrom: a)",1,32,132,1,2,1218,0,142.685696483
1,"map(tofrom: a)",1,32,132,1,2,4,0,47.068856657
1,"map(tofrom: a)",1,32,132,1,2,1955,0,202.408246696
1,"map(tofrom: a)",1,32,132,1,2,183,0,62.086991966
1,"map(tofrom: a)",1,32,132,1,2,7,0,47.310255468
1,"map(tofrom: a)",1,32,132,1,2,758,0,108.658149838
1,"map(tofrom: a)",1,32,132,1,2,1,0,48.310868442
1,"map(tofrom: a)",1,32,132,1,2,3140,0,298.396125436
1,"map(tofrom: a)",1,32,132,1,2,8096,0,697.075948119
1,"map(tofrom: a)",1,32,132,1,2,3,0,48.637017608
1,"map(tofrom: a)",1,32,132,1,2,114,0,54.327771068
1,"map(tofrom: a)",1,32,132,1,2,11,0,47.227181494
1,"map(tofrom: a)",1,32,132,1,2,294,0,70.267543197
1,"map(tofrom: a)",1,32,132,1,3,1,0,45.976229012
1,"map(tofrom: a)",1,32,132,1,3,17,0,47.273002565
1,"map(tofrom: a)",1,32,132,1,3,294,0,67.847035825
1,"map(tofrom: a)",1,32,132,1,3,5042,0,450.272485614
1,"map(tofrom: a)",1,32,132,1,3,114,0,54.538995028
1,"map(tofrom: a)",1,32,132,1,3,28,0,49.324147403
1,"map(tofrom: a)",1,32,132,1,3,1218,0,143.331848085
1,"map(tofrom: a)",1,32,132,1,3,2,0,46.563334763
1,"map(tofrom: a)",1,32,132,1,3,3,0,46.586804092
1,"map(tofrom: a)",1,32,132,1,3,4,0,44.830888510
1,"map(tofrom: a)",1,32,132,1,3,758,0,107.345543802
1,"map(tofrom: a)",1,32,132,1,3,11,0,47.239474952
1,"map(tofrom: a)",1,32,132,1,3,44,0,47.813355923
1,"map(tofrom: a)",1,32,132,1,3,472,0,82.516483963
1,"map(tofrom: a)",1,32,132,1,3,7,0,42.836181819
1,"map(tofrom: a)",1,32,132,1,3,1955,0,202.599167824
1,"map(tofrom: a)",1,32,132,1,3,71,0,49.246847630
1,"map(tofrom: a)",1,32,132,1,3,183,0,58.811344206
1,"map(tofrom: a)",1,32,132,1,3,8096,0,697.481445968
1,"map(tofrom: a)",1,32,132,1,3,3140,0,300.984457135
1,"map(tofrom: a)",1,32,132,1,4,472,0,84.529630840
1,"map(tofrom: a)",1,32,132,1,4,71,0,51.557831466
1,"map(tofrom: a)",1,32,132,1,4,1,0,46.947598457
1,"map(tofrom: a)",1,32,132,1,4,11,0,46.322867274
1,"map(tofrom: a)",1,32,132,1,4,4,0,47.921203077
1,"map(tofrom: a)",1,32,132,1,4,3140,0,298.484973609
1,"map(tofrom: a)",1,32,132,1,4,28,0,47.753937542
1,"map(tofrom: a)",1,32,132,1,4,1218,0,146.078318357
1,"map(tofrom: a)",1,32,132,1,4,2,0,45.292451978
1,"map(tofrom: a)",1,32,132,1,4,183,0,62.216632068
1,"map(tofrom: a)",1,32,132,1,4,5042,0,451.073236763
1,"map(tofrom: a)",1,32,132,1,4,114,0,53.890235722
1,"map(tofrom: a)",1,32,132,1,4,3,0,46.247430146
1,"map(tofrom: a)",1,32,132,1,4,44,0,50.096400082
1,"map(tofrom: a)",1,32,132,1,4,758,0,108.033791184
1,"map(tofrom: a)",1,32,132,1,4,8096,0,694.955885410
1,"map(tofrom: a)",1,32,132,1,4,1955,0,201.654620469
1,"map(tofrom: a)",1,32,132,1,4,294,0,68.024359643
1,"map(tofrom: a)",1,32,132,1,4,7,0,42.793713510
1,"map(tofrom: a)",1,32,132,1,4,17,0,47.455355525
1,"map(tofrom: a)",4,32,132,0,0,7,0,47.368556261
1,"map(tofrom: a)",4,32,132,0,0,114,0,56.408531964
1,"map(tofrom: a)",4,32,132,0,0,3,0,44.960901141
1,"map(tofrom: a)",4,32,132,0,0,17,0,47.538802028
1,"map(tofrom: a)",4,32,132,0,0,1,0,46.951696277
1,"map(tofrom: a)",4,32,132,0,0,44,0,51.131471992
1,"map(tofrom: a)",4,32,132,0,0,294,0,70.107169449
1,"map(tofrom: a)",4,32,132,0,0,3140,0,300.870090723
1,"map(tofrom: a)",4,32,132,0,0,4,0,47.450512648
1,"map(tofrom: a)",4,32,132,0,0,1955,0,203.558057547
1,"map(tofrom: a)",4,32,132,0,0,183,0,59.670023620
1,"map(tofrom: a)",4,32,132,0,0,8096,0,698.767974973
1,"map(tofrom: a)",4,32,132,0,0,758,0,106.504559517
1,"map(tofrom: a)",4,32,132,0,0,71,0,51.322020590
1,"map(tofrom: a)",4,32,132,0,0,2,0,47.005526721
1,"map(tofrom: a)",4,32,132,0,0,11,0,48.233941197
1,"map(tofrom: a)",4,32,132,0,0,28,0,48.879906535
1,"map(tofrom: a)",4,32,132,0,0,5042,0,451.193377376
1,"map(tofrom: a)",4,32,132,0,0,1218,0,146.266818047
1,"map(tofrom: a)",4,32,132,0,0,472,0,83.168968558
1,"map(tofrom: a)",4,32,132,0,1,4,0,46.904571354
1,"map(tofrom: a)",4,32,132,0,1,1,0,43.481029570
1,"map(tofrom: a)",4,32,132,0,1,17,0,47.420710325
1,"map(tofrom: a)",4,32,132,0,1,28,0,47.709606588
1,"map(tofrom: a)",4,32,132,0,1,11,0,45.864842832
1,"map(tofrom: a)",4,32,132,0,1,3140,0,297.402590513
1,"map(tofrom: a)",4,32,132,0,1,2,0,47.102756798
1,"map(tofrom: a)",4,32,132,0,1,758,0,106.522440910
1,"map(tofrom: a)",4,32,132,0,1,1218,0,144.361518323
1,"map(tofrom: a)",4,32,132,0,1,44,0,49.546174705
1,"map(tofrom: a)",4,32,132,0,1,71,0,53.029134870
1,"map(tofrom: a)",4,32,132,0,1,114,0,56.185945868
1,"map(tofrom: a)",4,32,132,0,1,294,0,70.722773671
1,"map(tofrom: a)",4,32,132,0,1,7,0,49.086660147
1,"map(tofrom: a)",4,32,132,0,1,183,0,63.672848046
1,"map(tofrom: a)",4,32,132,0,1,8096,0,697.994418442
1,"map(tofrom: a)",4,32,132,0,1,472,0,83.977356553
1,"map(tofrom: a)",4,32,132,0,1,1955,0,204.143114388
1,"map(tofrom: a)",4,32,132,0,1,3,0,47.234632075
1,"map(tofrom: a)",4,32,132,0,1,5042,0,451.252050698
1,"map(tofrom: a)",4,32,132,0,2,3,0,47.577917576
1,"map(tofrom: a)",4,32,132,0,2,44,0,49.145147204
1,"map(tofrom: a)",4,32,132,0,2,1,0,46.634115279
1,"map(tofrom: a)",4,32,132,0,2,183,0,61.503425241
1,"map(tofrom: a)",4,32,132,0,2,294,0,71.423500776
1,"map(tofrom: a)",4,32,132,0,2,5042,0,451.477617025
1,"map(tofrom: a)",4,32,132,0,2,7,0,47.080963850
1,"map(tofrom: a)",4,32,132,0,2,8096,0,697.075389326
1,"map(tofrom: a)",4,32,132,0,2,2,0,46.825595200
1,"map(tofrom: a)",4,32,132,0,2,114,0,56.177750230
1,"map(tofrom: a)",4,32,132,0,2,71,0,50.441920757
1,"map(tofrom: a)",4,32,132,0,2,1955,0,204.847753048
1,"map(tofrom: a)",4,32,132,0,2,17,0,48.553943634
1,"map(tofrom: a)",4,32,132,0,2,472,0,83.689205348
1,"map(tofrom: a)",4,32,132,0,2,11,0,46.658143401
1,"map(tofrom: a)",4,32,132,0,2,1218,0,143.796391785
1,"map(tofrom: a)",4,32,132,0,2,4,0,47.090277076
1,"map(tofrom: a)",4,32,132,0,2,3140,0,299.439951777
1,"map(tofrom: a)",4,32,132,0,2,758,0,108.336471021
1,"map(tofrom: a)",4,32,132,0,2,28,0,50.557777286
1,"map(tofrom: a)",4,32,132,0,3,11,0,48.715621233
1,"map(tofrom: a)",4,32,132,0,3,4,0,46.233274043
1,"map(tofrom: a)",4,32,132,0,3,5042,0,452.069193125
1,"map(tofrom: a)",4,32,132,0,3,183,0,60.015171766
1,"map(tofrom: a)",4,32,132,0,3,17,0,48.242323101
1,"map(tofrom: a)",4,32,132,0,3,3,0,46.654045582
1,"map(tofrom: a)",4,32,132,0,3,28,0,47.942809761
1,"map(tofrom: a)",4,32,132,0,3,1218,0,143.937394023
1,"map(tofrom: a)",4,32,132,0,3,114,0,55.210292339
1,"map(tofrom: a)",4,32,132,0,3,758,0,107.800029218
1,"map(tofrom: a)",4,32,132,0,3,1955,0,201.533921063
1,"map(tofrom: a)",4,32,132,0,3,472,0,82.957372069
1,"map(tofrom: a)",4,32,132,0,3,7,0,46.463310719
1,"map(tofrom: a)",4,32,132,0,3,44,0,58.488734066
1,"map(tofrom: a)",4,32,132,0,3,3140,0,300.586596131
1,"map(tofrom: a)",4,32,132,0,3,8096,0,695.746578276
1,"map(tofrom: a)",4,32,132,0,3,71,0,51.738694310
1,"map(tofrom: a)",4,32,132,0,3,1,0,45.092776418
1,"map(tofrom: a)",4,32,132,0,3,2,0,43.793208897
1,"map(tofrom: a)",4,32,132,0,3,294,0,70.290453732
1,"map(tofrom: a)",4,32,132,0,4,3,0,43.880194426
1,"map(tofrom: a)",4,32,132,0,4,8096,0,698.052346706
1,"map(tofrom: a)",4,32,132,0,4,1,0,46.675466001
1,"map(tofrom: a)",4,32,132,0,4,28,0,50.701946020
1,"map(tofrom: a)",4,32,132,0,4,17,0,48.865564167
1,"map(tofrom: a)",4,32,132,0,4,5042,0,453.659333289
1,"map(tofrom: a)",4,32,132,0,4,7,0,48.498250544
1,"map(tofrom: a)",4,32,132,0,4,114,0,59.075839818
1,"map(tofrom: a)",4,32,132,0,4,44,0,49.217231572
1,"map(tofrom: a)",4,32,132,0,4,2,0,47.245062888
1,"map(tofrom: a)",4,32,132,0,4,294,0,68.505667150
1,"map(tofrom: a)",4,32,132,0,4,758,0,108.262710273
1,"map(tofrom: a)",4,32,132,0,4,183,0,62.259472907
1,"map(tofrom: a)",4,32,132,0,4,4,0,47.498196363
1,"map(tofrom: a)",4,32,132,0,4,1218,0,145.872682333
1,"map(tofrom: a)",4,32,132,0,4,71,0,53.692422807
1,"map(tofrom: a)",4,32,132,0,4,1955,0,204.689428210
1,"map(tofrom: a)",4,32,132,0,4,11,0,49.831345677
1,"map(tofrom: a)",4,32,132,0,4,472,0,84.186904132
1,"map(tofrom: a)",4,32,132,0,4,3140,0,299.854390323
1,"map(tofrom: a)",4,32,132,1,0,2,0,48.673339188
1,"map(tofrom: a)",4,32,132,1,0,4,0,49.209594727
1,"map(tofrom: a)",4,32,132,1,0,472,0,85.151940584
1,"map(tofrom: a)",4,32,132,1,0,3140,0,299.578160048
1,"map(tofrom: a)",4,32,132,1,0,183,0,62.245316803
1,"map(tofrom: a)",4,32,132,1,0,28,0,56.485831738
1,"map(tofrom: a)",4,32,132,1,0,71,0,54.198130965
1,"map(tofrom: a)",4,32,132,1,0,1218,0,144.895538688
1,"map(tofrom: a)",4,32,132,1,0,294,0,71.384944022
1,"map(tofrom: a)",4,32,132,1,0,1,0,48.201344907
1,"map(tofrom: a)",4,32,132,1,0,7,0,47.150067985
1,"map(tofrom: a)",4,32,132,1,0,1955,0,203.968212008
1,"map(tofrom: a)",4,32,132,1,0,758,0,106.471404433
1,"map(tofrom: a)",4,32,132,1,0,114,0,57.204253972
1,"map(tofrom: a)",4,32,132,1,0,11,0,48.048421741
1,"map(tofrom: a)",4,32,132,1,0,3,0,49.062632024
1,"map(tofrom: a)",4,32,132,1,0,8096,0,697.179697454
1,"map(tofrom: a)",4,32,132,1,0,44,0,51.831267774
1,"map(tofrom: a)",4,32,132,1,0,17,0,50.079636276
1,"map(tofrom: a)",4,32,132,1,0,5042,0,452.572852373
1,"map(tofrom: a)",4,32,132,1,1,758,0,108.768790960
1,"map(tofrom: a)",4,32,132,1,1,3,0,46.812556684
1,"map(tofrom: a)",4,32,132,1,1,3140,0,300.579518080
1,"map(tofrom: a)",4,32,132,1,1,1955,0,205.345824361
1,"map(tofrom: a)",4,32,132,1,1,44,0,49.804523587
1,"map(tofrom: a)",4,32,132,1,1,17,0,49.084797502
1,"map(tofrom: a)",4,32,132,1,1,294,0,70.218183100
1,"map(tofrom: a)",4,32,132,1,1,28,0,46.955049038
1,"map(tofrom: a)",4,32,132,1,1,114,0,55.237859488
1,"map(tofrom: a)",4,32,132,1,1,2,0,49.399398267
1,"map(tofrom: a)",4,32,132,1,1,7,0,46.018324792
1,"map(tofrom: a)",4,32,132,1,1,183,0,62.376447022
1,"map(tofrom: a)",4,32,132,1,1,8096,0,697.446800768
1,"map(tofrom: a)",4,32,132,1,1,11,0,47.599524260
1,"map(tofrom: a)",4,32,132,1,1,1,0,47.349557281
1,"map(tofrom: a)",4,32,132,1,1,1218,0,145.869143307
1,"map(tofrom: a)",4,32,132,1,1,472,0,87.258778512
1,"map(tofrom: a)",4,32,132,1,1,71,0,54.114870727
1,"map(tofrom: a)",4,32,132,1,1,5042,0,453.365594149
1,"map(tofrom: a)",4,32,132,1,1,4,0,49.224682152
1,"map(tofrom: a)",4,32,132,1,2,2,0,49.030780792
1,"map(tofrom: a)",4,32,132,1,2,71,0,56.058354676
1,"map(tofrom: a)",4,32,132,1,2,17,0,51.831826568
1,"map(tofrom: a)",4,32,132,1,2,472,0,86.529739201
1,"map(tofrom: a)",4,32,132,1,2,5042,0,451.898574829
1,"map(tofrom: a)",4,32,132,1,2,28,0,48.305466771
1,"map(tofrom: a)",4,32,132,1,2,44,0,49.364753067
1,"map(tofrom: a)",4,32,132,1,2,1218,0,145.842693746
1,"map(tofrom: a)",4,32,132,1,2,4,0,47.821551561
1,"map(tofrom: a)",4,32,132,1,2,1955,0,206.718593836
1,"map(tofrom: a)",4,32,132,1,2,183,0,62.027759850
1,"map(tofrom: a)",4,32,132,1,2,7,0,49.014016986
1,"map(tofrom: a)",4,32,132,1,2,758,0,108.481384814
1,"map(tofrom: a)",4,32,132,1,2,1,0,48.899091780
1,"map(tofrom: a)",4,32,132,1,2,3140,0,299.385190010
1,"map(tofrom: a)",4,32,132,1,2,8096,0,699.621252716
1,"map(tofrom: a)",4,32,132,1,2,3,0,46.981871128
1,"map(tofrom: a)",4,32,132,1,2,114,0,53.034909070
1,"map(tofrom: a)",4,32,132,1,2,11,0,48.793479800
1,"map(tofrom: a)",4,32,132,1,2,294,0,70.233829319
1,"map(tofrom: a)",4,32,132,1,3,1,0,48.347190022
1,"map(tofrom: a)",4,32,132,1,3,17,0,49.062259495
1,"map(tofrom: a)",4,32,132,1,3,294,0,70.917047560
1,"map(tofrom: a)",4,32,132,1,3,5042,0,455.078482628
1,"map(tofrom: a)",4,32,132,1,3,114,0,57.198293507
1,"map(tofrom: a)",4,32,132,1,3,28,0,49.345381558
1,"map(tofrom: a)",4,32,132,1,3,1218,0,144.827179611
1,"map(tofrom: a)",4,32,132,1,3,2,0,48.678927124
1,"map(tofrom: a)",4,32,132,1,3,3,0,49.416162074
1,"map(tofrom: a)",4,32,132,1,3,4,0,50.527416170
1,"map(tofrom: a)",4,32,132,1,3,758,0,109.335966408
1,"map(tofrom: a)",4,32,132,1,3,11,0,47.454051673
1,"map(tofrom: a)",4,32,132,1,3,44,0,49.682892859
1,"map(tofrom: a)",4,32,132,1,3,472,0,84.526650608
1,"map(tofrom: a)",4,32,132,1,3,7,0,49.373507500
1,"map(tofrom: a)",4,32,132,1,3,1955,0,204.553082585
1,"map(tofrom: a)",4,32,132,1,3,71,0,54.265744984
1,"map(tofrom: a)",4,32,132,1,3,183,0,63.691847026
1,"map(tofrom: a)",4,32,132,1,3,8096,0,698.489136994
1,"map(tofrom: a)",4,32,132,1,3,3140,0,300.316140056
1,"map(tofrom: a)",4,32,132,1,4,472,0,84.858573973
1,"map(tofrom: a)",4,32,132,1,4,71,0,54.809264839
1,"map(tofrom: a)",4,32,132,1,4,1,0,48.088282347
1,"map(tofrom: a)",4,32,132,1,4,11,0,47.919712961
1,"map(tofrom: a)",4,32,132,1,4,4,0,45.194476843
1,"map(tofrom: a)",4,32,132,1,4,3140,0,300.402007997
1,"map(tofrom: a)",4,32,132,1,4,28,0,50.576962531
1,"map(tofrom: a)",4,32,132,1,4,1218,0,145.926512778
1,"map(tofrom: a)",4,32,132,1,4,2,0,48.752687871
1,"map(tofrom: a)",4,32,132,1,4,183,0,62.656216323
1,"map(tofrom: a)",4,32,132,1,4,5042,0,453.451275826
1,"map(tofrom: a)",4,32,132,1,4,114,0,57.014264166
1,"map(tofrom: a)",4,32,132,1,4,3,0,50.385668874
1,"map(tofrom: a)",4,32,132,1,4,44,0,51.834434271
1,"map(tofrom: a)",4,32,132,1,4,758,0,109.159201384
1,"map(tofrom: a)",4,32,132,1,4,8096,0,697.863847017
1,"map(tofrom: a)",4,32,132,1,4,1955,0,204.367935658
1,"map(tofrom: a)",4,32,132,1,4,294,0,72.560459375
1,"map(tofrom: a)",4,32,132,1,4,7,0,46.592392027
1,"map(tofrom: a)",4,32,132,1,4,17,0,49.825198948
1,"map(tofrom: a)",16,32,132,0,0,7,0,43.873861432
1,"map(tofrom: a)",16,32,132,0,0,114,0,55.569782853
1,"map(tofrom: a)",16,32,132,0,0,3,0,45.273452997
1,"map(tofrom: a)",16,32,132,0,0,17,0,45.149400830
1,"map(tofrom: a)",16,32,132,0,0,1,0,46.750716865
1,"map(tofrom: a)",16,32,132,0,0,44,0,46.918541193
1,"map(tofrom: a)",16,32,132,0,0,294,0,67.548826337
1,"map(tofrom: a)",16,32,132,0,0,3140,0,295.438803732
1,"map(tofrom: a)",16,32,132,0,0,4,0,44.452957809
1,"map(tofrom: a)",16,32,132,0,0,1955,0,200.406461954
1,"map(tofrom: a)",16,32,132,0,0,183,0,56.668184698
1,"map(tofrom: a)",16,32,132,0,0,8096,0,695.103406906
1,"map(tofrom: a)",16,32,132,0,0,758,0,106.718577445
1,"map(tofrom: a)",16,32,132,0,0,71,0,52.477791905
1,"map(tofrom: a)",16,32,132,0,0,2,0,46.328455210
1,"map(tofrom: a)",16,32,132,0,0,11,0,46.970508993
1,"map(tofrom: a)",16,32,132,0,0,28,0,47.113746405
1,"map(tofrom: a)",16,32,132,0,0,5042,0,450.160168111
1,"map(tofrom: a)",16,32,132,0,0,1218,0,142.814032733
1,"map(tofrom: a)",16,32,132,0,0,472,0,82.209892571
1,"map(tofrom: a)",16,32,132,0,1,4,0,43.203122914
1,"map(tofrom: a)",16,32,132,0,1,1,0,45.168399811
1,"map(tofrom: a)",16,32,132,0,1,17,0,45.879557729
1,"map(tofrom: a)",16,32,132,0,1,28,0,46.454742551
1,"map(tofrom: a)",16,32,132,0,1,11,0,46.753510833
1,"map(tofrom: a)",16,32,132,0,1,3140,0,297.125056386
1,"map(tofrom: a)",16,32,132,0,1,2,0,45.477226377
1,"map(tofrom: a)",16,32,132,0,1,758,0,106.197223067
1,"map(tofrom: a)",16,32,132,0,1,1218,0,142.297893763
1,"map(tofrom: a)",16,32,132,0,1,44,0,49.761310220
1,"map(tofrom: a)",16,32,132,0,1,71,0,50.885044038
1,"map(tofrom: a)",16,32,132,0,1,114,0,52.664428949
1,"map(tofrom: a)",16,32,132,0,1,294,0,67.608244717
1,"map(tofrom: a)",16,32,132,0,1,7,0,44.928863645
1,"map(tofrom: a)",16,32,132,0,1,183,0,58.136321604
1,"map(tofrom: a)",16,32,132,0,1,8096,0,693.063810468
1,"map(tofrom: a)",16,32,132,0,1,472,0,82.393735647
1,"map(tofrom: a)",16,32,132,0,1,1955,0,204.108841717
1,"map(tofrom: a)",16,32,132,0,1,3,0,46.761520207
1,"map(tofrom: a)",16,32,132,0,1,5042,0,451.586209238
1,"map(tofrom: a)",16,32,132,0,2,3,0,45.971758664
1,"map(tofrom: a)",16,32,132,0,2,44,0,47.740153968
1,"map(tofrom: a)",16,32,132,0,2,1,0,46.105869114
1,"map(tofrom: a)",16,32,132,0,2,183,0,59.232488275
1,"map(tofrom: a)",16,32,132,0,2,294,0,66.692009568
1,"map(tofrom: a)",16,32,132,0,2,5042,0,447.823666036
1,"map(tofrom: a)",16,32,132,0,2,7,0,46.400912106
1,"map(tofrom: a)",16,32,132,0,2,8096,0,694.979913533
1,"map(tofrom: a)",16,32,132,0,2,2,0,45.961514115
1,"map(tofrom: a)",16,32,132,0,2,114,0,54.176151752
1,"map(tofrom: a)",16,32,132,0,2,71,0,50.665996969
1,"map(tofrom: a)",16,32,132,0,2,1955,0,203.061662614
1,"map(tofrom: a)",16,32,132,0,2,17,0,47.457590699
1,"map(tofrom: a)",16,32,132,0,2,472,0,81.987120211
1,"map(tofrom: a)",16,32,132,0,2,11,0,44.962950051
1,"map(tofrom: a)",16,32,132,0,2,1218,0,141.454860568
1,"map(tofrom: a)",16,32,132,0,2,4,0,46.611204743
1,"map(tofrom: a)",16,32,132,0,2,3140,0,295.242853463
1,"map(tofrom: a)",16,32,132,0,2,758,0,107.463262975
1,"map(tofrom: a)",16,32,132,0,2,28,0,48.352591693
1,"map(tofrom: a)",16,32,132,0,3,11,0,48.650242388
1,"map(tofrom: a)",16,32,132,0,3,4,0,47.272630036
1,"map(tofrom: a)",16,32,132,0,3,5042,0,451.866723597
1,"map(tofrom: a)",16,32,132,0,3,183,0,49.829110503
1,"map(tofrom: a)",16,32,132,0,3,17,0,47.972053289
1,"map(tofrom: a)",16,32,132,0,3,3,0,47.001801431
1,"map(tofrom: a)",16,32,132,0,3,28,0,49.635022879
1,"map(tofrom: a)",16,32,132,0,3,1218,0,143.115967512
1,"map(tofrom: a)",16,32,132,0,3,114,0,56.569091976
1,"map(tofrom: a)",16,32,132,0,3,758,0,107.124075294
1,"map(tofrom: a)",16,32,132,0,3,1955,0,204.285420477
1,"map(tofrom: a)",16,32,132,0,3,472,0,83.419494331
1,"map(tofrom: a)",16,32,132,0,3,7,0,45.844912529
1,"map(tofrom: a)",16,32,132,0,3,44,0,49.804523587
1,"map(tofrom: a)",16,32,132,0,3,3140,0,298.294983804
1,"map(tofrom: a)",16,32,132,0,3,8096,0,695.888511837
1,"map(tofrom: a)",16,32,132,0,3,71,0,52.891671658
1,"map(tofrom: a)",16,32,132,0,3,1,0,45.523419976
1,"map(tofrom: a)",16,32,132,0,3,2,0,47.191604972
1,"map(tofrom: a)",16,32,132,0,3,294,0,68.261101842
1,"map(tofrom: a)",16,32,132,0,4,3,0,45.786425471
1,"map(tofrom: a)",16,32,132,0,4,8096,0,696.661882102
1,"map(tofrom: a)",16,32,132,0,4,1,0,48.252940178
1,"map(tofrom: a)",16,32,132,0,4,28,0,50.392188132
1,"map(tofrom: a)",16,32,132,0,4,17,0,48.545561731
1,"map(tofrom: a)",16,32,132,0,4,5042,0,450.113601983
1,"map(tofrom: a)",16,32,132,0,4,7,0,44.915825129
1,"map(tofrom: a)",16,32,132,0,4,114,0,53.264386952
1,"map(tofrom: a)",16,32,132,0,4,44,0,48.082321882
1,"map(tofrom: a)",16,32,132,0,4,2,0,45.073218644
1,"map(tofrom: a)",16,32,132,0,4,294,0,68.976357579
1,"map(tofrom: a)",16,32,132,0,4,758,0,106.933899224
1,"map(tofrom: a)",16,32,132,0,4,183,0,61.187520623
1,"map(tofrom: a)",16,32,132,0,4,4,0,47.155655921
1,"map(tofrom: a)",16,32,132,0,4,1218,0,146.196410060
1,"map(tofrom: a)",16,32,132,0,4,71,0,52.205100656
1,"map(tofrom: a)",16,32,132,0,4,1955,0,206.931680441
1,"map(tofrom: a)",16,32,132,0,4,11,0,52.080489695
1,"map(tofrom: a)",16,32,132,0,4,472,0,90.135075152
1,"map(tofrom: a)",16,32,132,0,4,3140,0,303.678400815
1,"map(tofrom: a)",16,32,132,1,0,2,0,51.357969642
1,"map(tofrom: a)",16,32,132,1,0,4,0,50.219707191
1,"map(tofrom: a)",16,32,132,1,0,472,0,87.689422071
1,"map(tofrom: a)",16,32,132,1,0,3140,0,301.834382117
1,"map(tofrom: a)",16,32,132,1,0,183,0,60.793571174
1,"map(tofrom: a)",16,32,132,1,0,28,0,48.452056944
1,"map(tofrom: a)",16,32,132,1,0,71,0,53.494982421
1,"map(tofrom: a)",16,32,132,1,0,1218,0,145.012885332
1,"map(tofrom: a)",16,32,132,1,0,294,0,67.757628858
1,"map(tofrom: a)",16,32,132,1,0,1,0,48.435851932
1,"map(tofrom: a)",16,32,132,1,0,7,0,44.203922153
1,"map(tofrom: a)",16,32,132,1,0,1955,0,205.163285136
1,"map(tofrom: a)",16,32,132,1,0,758,0,105.639733374
1,"map(tofrom: a)",16,32,132,1,0,114,0,57.845376432
1,"map(tofrom: a)",16,32,132,1,0,11,0,46.514905989
1,"map(tofrom: a)",16,32,132,1,0,3,0,47.944486141
1,"map(tofrom: a)",16,32,132,1,0,8096,0,697.281770408
1,"map(tofrom: a)",16,32,132,1,0,44,0,51.455013454
1,"map(tofrom: a)",16,32,132,1,0,17,0,46.198815107
1,"map(tofrom: a)",16,32,132,1,0,5042,0,451.314076781
1,"map(tofrom: a)",16,32,132,1,1,758,0,106.645748019
1,"map(tofrom: a)",16,32,132,1,1,3,0,46.887062490
1,"map(tofrom: a)",16,32,132,1,1,3140,0,299.653224647
1,"map(tofrom: a)",16,32,132,1,1,1955,0,203.832983971
1,"map(tofrom: a)",16,32,132,1,1,44,0,50.319172442
1,"map(tofrom: a)",16,32,132,1,1,17,0,48.216059804
1,"map(tofrom: a)",16,32,132,1,1,294,0,70.867314935
1,"map(tofrom: a)",16,32,132,1,1,28,0,49.891881645
1,"map(tofrom: a)",16,32,132,1,1,114,0,56.465342641
1,"map(tofrom: a)",16,32,132,1,1,2,0,43.574720621
1,"map(tofrom: a)",16,32,132,1,1,7,0,44.406577945
1,"map(tofrom: a)",16,32,132,1,1,183,0,60.580298305
1,"map(tofrom: a)",16,32,132,1,1,8096,0,696.465931833
1,"map(tofrom: a)",16,32,132,1,1,11,0,44.371001422
1,"map(tofrom: a)",16,32,132,1,1,1,0,43.757259846
1,"map(tofrom: a)",16,32,132,1,1,1218,0,141.527131200
1,"map(tofrom: a)",16,32,132,1,1,472,0,85.413269699
1,"map(tofrom: a)",16,32,132,1,1,71,0,52.353553474
1,"map(tofrom: a)",16,32,132,1,1,5042,0,451.401434839
1,"map(tofrom: a)",16,32,132,1,1,4,0,47.039240599
1,"map(tofrom: a)",16,32,132,1,2,2,0,47.927908599
1,"map(tofrom: a)",16,32,132,1,2,71,0,54.987519979
1,"map(tofrom: a)",16,32,132,1,2,17,0,49.670413136
1,"map(tofrom: a)",16,32,132,1,2,472,0,86.678750813
1,"map(tofrom: a)",16,32,132,1,2,5042,0,454.118847847
1,"map(tofrom: a)",16,32,132,1,2,28,0,47.978386283
1,"map(tofrom: a)",16,32,132,1,2,44,0,48.074312508
1,"map(tofrom: a)",16,32,132,1,2,1218,0,141.771323979
1,"map(tofrom: a)",16,32,132,1,2,4,0,46.570040286
1,"map(tofrom: a)",16,32,132,1,2,1955,0,204.636901617
1,"map(tofrom: a)",16,32,132,1,2,183,0,60.692802072
1,"map(tofrom: a)",16,32,132,1,2,7,0,48.104859889
1,"map(tofrom: a)",16,32,132,1,2,758,0,108.024664223
1,"map(tofrom: a)",16,32,132,1,2,1,0,49.126334488
1,"map(tofrom: a)",16,32,132,1,2,3140,0,298.012234271
1,"map(tofrom: a)",16,32,132,1,2,8096,0,698.033720255
1,"map(tofrom: a)",16,32,132,1,2,3,0,46.741776168
1,"map(tofrom: a)",16,32,132,1,2,114,0,56.615285575
1,"map(tofrom: a)",16,32,132,1,2,11,0,49.325637519
1,"map(tofrom: a)",16,32,132,1,2,294,0,68.626925349
1,"map(tofrom: a)",16,32,132,1,3,1,0,47.347508371
1,"map(tofrom: a)",16,32,132,1,3,17,0,45.138038695
1,"map(tofrom: a)",16,32,132,1,3,294,0,69.045461714
1,"map(tofrom: a)",16,32,132,1,3,5042,0,450.270809233
1,"map(tofrom: a)",16,32,132,1,3,114,0,56.700035930
1,"map(tofrom: a)",16,32,132,1,3,28,0,48.228353262
1,"map(tofrom: a)",16,32,132,1,3,1218,0,145.301781595
1,"map(tofrom: a)",16,32,132,1,3,2,0,46.972185373
1,"map(tofrom: a)",16,32,132,1,3,3,0,49.787387252
1,"map(tofrom: a)",16,32,132,1,3,4,0,50.060451031
1,"map(tofrom: a)",16,32,132,1,3,758,0,110.114365816
1,"map(tofrom: a)",16,32,132,1,3,11,0,49.895979464
1,"map(tofrom: a)",16,32,132,1,3,44,0,51.541812718
1,"map(tofrom: a)",16,32,132,1,3,472,0,83.306431770
1,"map(tofrom: a)",16,32,132,1,3,7,0,47.923251987
1,"map(tofrom: a)",16,32,132,1,3,1955,0,204.572826624
1,"map(tofrom: a)",16,32,132,1,3,71,0,53.381547332
1,"map(tofrom: a)",16,32,132,1,3,183,0,60.969404876
1,"map(tofrom: a)",16,32,132,1,3,8096,0,696.909986436
1,"map(tofrom: a)",16,32,132,1,3,3140,0,298.754312098
1,"map(tofrom: a)",16,32,132,1,4,472,0,85.008703172
1,"map(tofrom: a)",16,32,132,1,4,71,0,52.220001817
1,"map(tofrom: a)",16,32,132,1,4,1,0,46.156533062
1,"map(tofrom: a)",16,32,132,1,4,11,0,49.516372383
1,"map(tofrom: a)",16,32,132,1,4,4,0,46.649947762
1,"map(tofrom: a)",16,32,132,1,4,3140,0,299.327261746
1,"map(tofrom: a)",16,32,132,1,4,28,0,48.818811774
1,"map(tofrom: a)",16,32,132,1,4,1218,0,143.867917359
1,"map(tofrom: a)",16,32,132,1,4,2,0,47.301314771
1,"map(tofrom: a)",16,32,132,1,4,183,0,61.120465398
1,"map(tofrom: a)",16,32,132,1,4,5042,0,450.032949448
1,"map(tofrom: a)",16,32,132,1,4,114,0,55.413506925
1,"map(tofrom: a)",16,32,132,1,4,3,0,47.130696476
1,"map(tofrom: a)",16,32,132,1,4,44,0,50.068087876
1,"map(tofrom: a)",16,32,132,1,4,758,0,107.312947512
1,"map(tofrom: a)",16,32,132,1,4,8096,0,699.275545776
1,"map(tofrom: a)",16,32,132,1,4,1955,0,203.492492437
1,"map(tofrom: a)",16,32,132,1,4,294,0,69.507770240
1,"map(tofrom: a)",16,32,132,1,4,7,0,45.912712812
1,"map(tofrom: a)",16,32,132,1,4,17,0,50.473026931
1,"map(tofrom: a)",64,32,132,0,0,7,0,45.426376164
1,"map(tofrom: a)",64,32,132,0,0,114,0,55.112875998
1,"map(tofrom: a)",64,32,132,0,0,3,0,44.876337051
1,"map(tofrom: a)",64,32,132,0,0,17,0,49.225986004
1,"map(tofrom: a)",64,32,132,0,0,1,0,45.642256737
1,"map(tofrom: a)",64,32,132,0,0,44,0,48.854574561
1,"map(tofrom: a)",64,32,132,0,0,294,0,69.090165198
1,"map(tofrom: a)",64,32,132,0,0,3140,0,297.562964261
1,"map(tofrom: a)",64,32,132,0,0,4,0,46.107918024
1,"map(tofrom: a)",64,32,132,0,0,1955,0,203.145854175
1,"map(tofrom: a)",64,32,132,0,0,183,0,62.565878034
1,"map(tofrom: a)",64,32,132,0,0,8096,0,698.341801763
1,"map(tofrom: a)",64,32,132,0,0,758,0,106.155872345
1,"map(tofrom: a)",64,32,132,0,0,71,0,49.942359328
1,"map(tofrom: a)",64,32,132,0,0,2,0,44.077076018
1,"map(tofrom: a)",64,32,132,0,0,11,0,48.077665269
1,"map(tofrom: a)",64,32,132,0,0,28,0,49.516744912
1,"map(tofrom: a)",64,32,132,0,0,5042,0,449.734181166
1,"map(tofrom: a)",64,32,132,0,0,1218,0,145.441293716
1,"map(tofrom: a)",64,32,132,0,0,472,0,86.101330817
1,"map(tofrom: a)",64,32,132,0,1,4,0,46.460516751
1,"map(tofrom: a)",64,32,132,0,1,1,0,47.361850739
1,"map(tofrom: a)",64,32,132,0,1,17,0,46.570412815
1,"map(tofrom: a)",64,32,132,0,1,28,0,47.290325165
1,"map(tofrom: a)",64,32,132,0,1,11,0,45.498833060
1,"map(tofrom: a)",64,32,132,0,1,3140,0,298.048742115
1,"map(tofrom: a)",64,32,132,0,1,2,0,44.582225382
1,"map(tofrom: a)",64,32,132,0,1,758,0,106.351822615
1,"map(tofrom: a)",64,32,132,0,1,1218,0,143.446959555
1,"map(tofrom: a)",64,32,132,0,1,44,0,47.545880079
1,"map(tofrom: a)",64,32,132,0,1,71,0,51.167979836
1,"map(tofrom: a)",64,32,132,0,1,114,0,54.608099163
1,"map(tofrom: a)",64,32,132,0,1,294,0,69.449283183
1,"map(tofrom: a)",64,32,132,0,1,7,0,47.662295401
1,"map(tofrom: a)",64,32,132,0,1,183,0,59.220753610
1,"map(tofrom: a)",64,32,132,0,1,8096,0,695.036351681
1,"map(tofrom: a)",64,32,132,0,1,472,0,83.052180707
1,"map(tofrom: a)",64,32,132,0,1,1955,0,202.336162329
1,"map(tofrom: a)",64,32,132,0,1,3,0,47.110952437
1,"map(tofrom: a)",64,32,132,0,1,5042,0,450.247526169
1,"map(tofrom: a)",64,32,132,0,2,3,0,44.117867947
1,"map(tofrom: a)",64,32,132,0,2,44,0,49.796327949
1,"map(tofrom: a)",64,32,132,0,2,1,0,48.446096480
1,"map(tofrom: a)",64,32,132,0,2,183,0,61.273947358
1,"map(tofrom: a)",64,32,132,0,2,294,0,69.729797542
1,"map(tofrom: a)",64,32,132,0,2,5042,0,449.897907674
1,"map(tofrom: a)",64,32,132,0,2,7,0,45.697018504
1,"map(tofrom: a)",64,32,132,0,2,8096,0,696.189142764
1,"map(tofrom: a)",64,32,132,0,2,2,0,45.511499047
1,"map(tofrom: a)",64,32,132,0,2,114,0,55.901333690
1,"map(tofrom: a)",64,32,132,0,2,71,0,52.005611360
1,"map(tofrom: a)",64,32,132,0,2,1955,0,203.584507108
1,"map(tofrom: a)",64,32,132,0,2,17,0,45.697577298
1,"map(tofrom: a)",64,32,132,0,2,472,0,84.688887000
1,"map(tofrom: a)",64,32,132,0,2,11,0,46.625174582
1,"map(tofrom: a)",64,32,132,0,2,1218,0,141.794234514
1,"map(tofrom: a)",64,32,132,0,2,4,0,46.365521848
1,"map(tofrom: a)",64,32,132,0,2,3140,0,295.061431825
1,"map(tofrom: a)",64,32,132,0,2,758,0,105.612911284
1,"map(tofrom: a)",64,32,132,0,2,28,0,46.204589307
1,"map(tofrom: a)",64,32,132,0,3,11,0,45.481324196
1,"map(tofrom: a)",64,32,132,0,3,4,0,45.191869140
1,"map(tofrom: a)",64,32,132,0,3,5042,0,450.438074768
1,"map(tofrom: a)",64,32,132,0,3,183,0,60.561485589
1,"map(tofrom: a)",64,32,132,0,3,17,0,49.002282321
1,"map(tofrom: a)",64,32,132,0,3,3,0,44.961273670
1,"map(tofrom: a)",64,32,132,0,3,28,0,48.538297415
1,"map(tofrom: a)",64,32,132,0,3,1218,0,145.094282925
1,"map(tofrom: a)",64,32,132,0,3,114,0,56.855008006
1,"map(tofrom: a)",64,32,132,0,3,758,0,107.905641198
1,"map(tofrom: a)",64,32,132,0,3,1955,0,203.210301697
1,"map(tofrom: a)",64,32,132,0,3,472,0,82.989037037
1,"map(tofrom: a)",64,32,132,0,3,7,0,46.808831394
1,"map(tofrom: a)",64,32,132,0,3,44,0,50.351582468
1,"map(tofrom: a)",64,32,132,0,3,3140,0,298.949889839
1,"map(tofrom: a)",64,32,132,0,3,8096,0,696.763209999
1,"map(tofrom: a)",64,32,132,0,3,71,0,50.664879382
1,"map(tofrom: a)",64,32,132,0,3,1,0,44.087134302
1,"map(tofrom: a)",64,32,132,0,3,2,0,43.931230903
1,"map(tofrom: a)",64,32,132,0,3,294,0,68.020634353
1,"map(tofrom: a)",64,32,132,0,4,3,0,45.986846089
1,"map(tofrom: a)",64,32,132,0,4,8096,0,696.240738034
1,"map(tofrom: a)",64,32,132,0,4,1,0,46.409107745
1,"map(tofrom: a)",64,32,132,0,4,28,0,47.722458839
1,"map(tofrom: a)",64,32,132,0,4,17,0,46.361796558
1,"map(tofrom: a)",64,32,132,0,4,5042,0,449.092313647
1,"map(tofrom: a)",64,32,132,0,4,7,0,46.178698540
1,"map(tofrom: a)",64,32,132,0,4,114,0,52.500516176
1,"map(tofrom: a)",64,32,132,0,4,44,0,48.788636923
1,"map(tofrom: a)",64,32,132,0,4,2,0,43.523311615
1,"map(tofrom: a)",64,32,132,0,4,294,0,69.058127701
1,"map(tofrom: a)",64,32,132,0,4,758,0,107.044167817
1,"map(tofrom: a)",64,32,132,0,4,183,0,61.199069023
1,"map(tofrom: a)",64,32,132,0,4,4,0,46.255998313
1,"map(tofrom: a)",64,32,132,0,4,1218,0,143.411569297
1,"map(tofrom: a)",64,32,132,0,4,71,0,52.668526769
1,"map(tofrom: a)",64,32,132,0,4,1955,0,202.387012541
1,"map(tofrom: a)",64,32,132,0,4,11,0,47.176145017
1,"map(tofrom: a)",64,32,132,0,4,472,0,85.028819740
1,"map(tofrom: a)",64,32,132,0,4,3140,0,298.263877630
1,"map(tofrom: a)",64,32,132,1,0,2,0,47.913007438
1,"map(tofrom: a)",64,32,132,1,0,4,0,46.157091856
1,"map(tofrom: a)",64,32,132,1,0,472,0,82.403793931
1,"map(tofrom: a)",64,32,132,1,0,3140,0,298.068672419
1,"map(tofrom: a)",64,32,132,1,0,183,0,60.504674911
1,"map(tofrom: a)",64,32,132,1,0,28,0,48.753060400
1,"map(tofrom: a)",64,32,132,1,0,71,0,51.174685359
1,"map(tofrom: a)",64,32,132,1,0,1218,0,143.857859075
1,"map(tofrom: a)",64,32,132,1,0,294,0,71.556307375
1,"map(tofrom: a)",64,32,132,1,0,1,0,47.026202083
1,"map(tofrom: a)",64,32,132,1,0,7,0,44.756196439
1,"map(tofrom: a)",64,32,132,1,0,1955,0,202.848203480
1,"map(tofrom: a)",64,32,132,1,0,758,0,107.003003359
1,"map(tofrom: a)",64,32,132,1,0,114,0,54.887495935
1,"map(tofrom: a)",64,32,132,1,0,11,0,45.988522470
1,"map(tofrom: a)",64,32,132,1,0,3,0,44.541433454
1,"map(tofrom: a)",64,32,132,1,0,8096,0,695.427879691
1,"map(tofrom: a)",64,32,132,1,0,44,0,49.223564565
1,"map(tofrom: a)",64,32,132,1,0,17,0,45.846588910
1,"map(tofrom: a)",64,32,132,1,0,5042,0,448.221340775
1,"map(tofrom: a)",64,32,132,1,1,758,0,106.412731111
1,"map(tofrom: a)",64,32,132,1,1,3,0,47.772377729
1,"map(tofrom: a)",64,32,132,1,1,3140,0,298.111885786
1,"map(tofrom: a)",64,32,132,1,1,1955,0,204.405374825
1,"map(tofrom: a)",64,32,132,1,1,44,0,50.022453070
1,"map(tofrom: a)",64,32,132,1,1,17,0,48.887729645
1,"map(tofrom: a)",64,32,132,1,1,294,0,70.672109723
1,"map(tofrom: a)",64,32,132,1,1,28,0,47.683715820
1,"map(tofrom: a)",64,32,132,1,1,114,0,54.273568094
1,"map(tofrom: a)",64,32,132,1,1,2,0,47.129392624
1,"map(tofrom: a)",64,32,132,1,1,7,0,46.470761299
1,"map(tofrom: a)",64,32,132,1,1,183,0,61.502680182
1,"map(tofrom: a)",64,32,132,1,1,8096,0,696.692802012
1,"map(tofrom: a)",64,32,132,1,1,11,0,47.932006419
1,"map(tofrom: a)",64,32,132,1,1,1,0,45.195408165
1,"map(tofrom: a)",64,32,132,1,1,1218,0,143.886916339
1,"map(tofrom: a)",64,32,132,1,1,472,0,83.986669779
1,"map(tofrom: a)",64,32,132,1,1,71,0,51.683932543
1,"map(tofrom: a)",64,32,132,1,1,5042,0,452.780537307
1,"map(tofrom: a)",64,32,132,1,1,4,0,47.584623098
1,"map(tofrom: a)",64,32,132,1,2,2,0,47.514401376
1,"map(tofrom: a)",64,32,132,1,2,71,0,52.225962281
1,"map(tofrom: a)",64,32,132,1,2,17,0,47.114863992
1,"map(tofrom: a)",64,32,132,1,2,472,0,84.641948342
1,"map(tofrom: a)",64,32,132,1,2,5042,0,450.577586889
1,"map(tofrom: a)",64,32,132,1,2,28,0,47.497451305
1,"map(tofrom: a)",64,32,132,1,2,44,0,51.825679839
1,"map(tofrom: a)",64,32,132,1,2,1218,0,142.989307642
1,"map(tofrom: a)",64,32,132,1,2,4,0,45.340694487
1,"map(tofrom: a)",64,32,132,1,2,1955,0,204.288028181
1,"map(tofrom: a)",64,32,132,1,2,183,0,60.929730535
1,"map(tofrom: a)",64,32,132,1,2,7,0,46.475045383
1,"map(tofrom: a)",64,32,132,1,2,758,0,106.373429298
1,"map(tofrom: a)",64,32,132,1,2,1,0,44.701062143
1,"map(tofrom: a)",64,32,132,1,2,3140,0,299.851223826
1,"map(tofrom: a)",64,32,132,1,2,8096,0,696.524977684
1,"map(tofrom: a)",64,32,132,1,2,3,0,47.756731510
1,"map(tofrom: a)",64,32,132,1,2,114,0,54.239481688
1,"map(tofrom: a)",64,32,132,1,2,11,0,46.854093671
1,"map(tofrom: a)",64,32,132,1,2,294,0,71.267411113
1,"map(tofrom: a)",64,32,132,1,3,1,0,48.027932644
1,"map(tofrom: a)",64,32,132,1,3,17,0,46.856328845
1,"map(tofrom: a)",64,32,132,1,3,294,0,70.358999074
1,"map(tofrom: a)",64,32,132,1,3,5042,0,450.410507619
1,"map(tofrom: a)",64,32,132,1,3,114,0,55.841356516
1,"map(tofrom: a)",64,32,132,1,3,28,0,48.447959125
1,"map(tofrom: a)",64,32,132,1,3,1218,0,144.001841545
1,"map(tofrom: a)",64,32,132,1,3,2,0,44.959224761
1,"map(tofrom: a)",64,32,132,1,3,3,0,46.706199646
1,"map(tofrom: a)",64,32,132,1,3,4,0,46.117976308
1,"map(tofrom: a)",64,32,132,1,3,758,0,108.076818287
1,"map(tofrom: a)",64,32,132,1,3,11,0,47.688744962
1,"map(tofrom: a)",64,32,132,1,3,44,0,52.270479500
1,"map(tofrom: a)",64,32,132,1,3,472,0,83.486922085
1,"map(tofrom: a)",64,32,132,1,3,7,0,44.286437333
1,"map(tofrom: a)",64,32,132,1,3,1955,0,201.508775353
1,"map(tofrom: a)",64,32,132,1,3,71,0,49.220025539
1,"map(tofrom: a)",64,32,132,1,3,183,0,62.299519777
1,"map(tofrom: a)",64,32,132,1,3,8096,0,698.116607964
1,"map(tofrom: a)",64,32,132,1,3,3140,0,299.260392785
1,"map(tofrom: a)",64,32,132,1,4,472,0,84.655359387
1,"map(tofrom: a)",64,32,132,1,4,71,0,52.135810256
1,"map(tofrom: a)",64,32,132,1,4,1,0,45.908614993
1,"map(tofrom: a)",64,32,132,1,4,11,0,47.576986253
1,"map(tofrom: a)",64,32,132,1,4,4,0,45.560672879
1,"map(tofrom: a)",64,32,132,1,4,3140,0,299.068354070
1,"map(tofrom: a)",64,32,132,1,4,28,0,50.074793398
1,"map(tofrom: a)",64,32,132,1,4,1218,0,144.131667912
1,"map(tofrom: a)",64,32,132,1,4,2,0,48.348307610
1,"map(tofrom: a)",64,32,132,1,4,183,0,63.051283360
1,"map(tofrom: a)",64,32,132,1,4,5042,0,450.572185218
1,"map(tofrom: a)",64,32,132,1,4,114,0,56.036189198
1,"map(tofrom: a)",64,32,132,1,4,3,0,45.301951468
1,"map(tofrom: a)",64,32,132,1,4,44,0,49.000605941
1,"map(tofrom: a)",64,32,132,1,4,758,0,106.201693416
1,"map(tofrom: a)",64,32,132,1,4,8096,0,698.073767126
1,"map(tofrom: a)",64,32,132,1,4,1955,0,202.239677310
1,"map(tofrom: a)",64,32,132,1,4,294,0,71.041844785
1,"map(tofrom: a)",64,32,132,1,4,7,0,46.391598880
1,"map(tofrom: a)",64,32,132,1,4,17,0,47.063454986
1,"map(tofrom: a)",256,32,132,0,0,7,0,48.735365272
1,"map(tofrom: a)",256,32,132,0,0,114,0,55.898539722
1,"map(tofrom: a)",256,32,132,0,0,3,0,47.921761870
1,"map(tofrom: a)",256,32,132,0,0,17,0,43.562427163
1,"map(tofrom: a)",256,32,132,0,0,1,0,46.329759061
1,"map(tofrom: a)",256,32,132,0,0,44,0,52.533112466
1,"map(tofrom: a)",256,32,132,0,0,294,0,69.790706038
1,"map(tofrom: a)",256,32,132,0,0,3140,0,297.829881310
1,"map(tofrom: a)",256,32,132,0,0,4,0,44.071860611
1,"map(tofrom: a)",256,32,132,0,0,1955,0,201.058574021
1,"map(tofrom: a)",256,32,132,0,0,183,0,57.267583907
1,"map(tofrom: a)",256,32,132,0,0,8096,0,694.858282804
1,"map(tofrom: a)",256,32,132,0,0,758,0,103.240832686
1,"map(tofrom: a)",256,32,132,0,0,71,0,50.447881222
1,"map(tofrom: a)",256,32,132,0,0,2,0,45.092776418
1,"map(tofrom: a)",256,32,132,0,0,11,0,47.201104462
1,"map(tofrom: a)",256,32,132,0,0,28,0,48.234313726
1,"map(tofrom: a)",256,32,132,0,0,5042,0,452.391058207
1,"map(tofrom: a)",256,32,132,0,0,1218,0,141.726247966
1,"map(tofrom: a)",256,32,132,0,0,472,0,82.591921091
1,"map(tofrom: a)",256,32,132,0,1,4,0,43.260864913
1,"map(tofrom: a)",256,32,132,0,1,1,0,45.433267951
1,"map(tofrom: a)",256,32,132,0,1,17,0,44.244527817
1,"map(tofrom: a)",256,32,132,0,1,28,0,46.895816922
1,"map(tofrom: a)",256,32,132,0,1,11,0,45.200623572
1,"map(tofrom: a)",256,32,132,0,1,3140,0,296.537764370
1,"map(tofrom: a)",256,32,132,0,1,2,0,41.588209569
1,"map(tofrom: a)",256,32,132,0,1,758,0,103.971175849
1,"map(tofrom: a)",256,32,132,0,1,1218,0,141.941383481
1,"map(tofrom: a)",256,32,132,0,1,44,0,46.490132809
1,"map(tofrom: a)",256,32,132,0,1,71,0,49.231573939
1,"map(tofrom: a)",256,32,132,0,1,114,0,53.217820823
1,"map(tofrom: a)",256,32,132,0,1,294,0,65.835937858
1,"map(tofrom: a)",256,32,132,0,1,7,0,42.627193034
1,"map(tofrom: a)",256,32,132,0,1,183,0,56.230649352
1,"map(tofrom: a)",256,32,132,0,1,8096,0,696.370564401
1,"map(tofrom: a)",256,32,132,0,1,472,0,83.414092660
1,"map(tofrom: a)",256,32,132,0,1,1955,0,201.533548534
1,"map(tofrom: a)",256,32,132,0,1,3,0,45.201927423
1,"map(tofrom: a)",256,32,132,0,1,5042,0,449.931807816
1,"map(tofrom: a)",256,32,132,0,2,3,0,43.977797031
1,"map(tofrom: a)",256,32,132,0,2,44,0,47.569349408
1,"map(tofrom: a)",256,32,132,0,2,1,0,43.715909123
1,"map(tofrom: a)",256,32,132,0,2,183,0,58.581493795
1,"map(tofrom: a)",256,32,132,0,2,294,0,67.591853440
1,"map(tofrom: a)",256,32,132,0,2,5042,0,448.872148991
1,"map(tofrom: a)",256,32,132,0,2,7,0,45.756436884
1,"map(tofrom: a)",256,32,132,0,2,8096,0,694.102048874
1,"map(tofrom: a)",256,32,132,0,2,2,0,46.478025615
1,"map(tofrom: a)",256,32,132,0,2,114,0,52.049010992
1,"map(tofrom: a)",256,32,132,0,2,71,0,47.346577048
1,"map(tofrom: a)",256,32,132,0,2,1955,0,200.114026666
1,"map(tofrom: a)",256,32,132,0,2,17,0,43.221376836
1,"map(tofrom: a)",256,32,132,0,2,472,0,82.526914775
1,"map(tofrom: a)",256,32,132,0,2,11,0,46.378746629
1,"map(tofrom: a)",256,32,132,0,2,1218,0,142.197124660
1,"map(tofrom: a)",256,32,132,0,2,4,0,46.295672655
1,"map(tofrom: a)",256,32,132,0,2,3140,0,297.742336988
1,"map(tofrom: a)",256,32,132,0,2,758,0,106.193870306
1,"map(tofrom: a)",256,32,132,0,2,28,0,48.393756151
1,"map(tofrom: a)",256,32,132,0,3,11,0,47.528371215
1,"map(tofrom: a)",256,32,132,0,3,4,0,44.691190124
1,"map(tofrom: a)",256,32,132,0,3,5042,0,449.784286320
1,"map(tofrom: a)",256,32,132,0,3,183,0,58.880820870
1,"map(tofrom: a)",256,32,132,0,3,17,0,45.572966337
1,"map(tofrom: a)",256,32,132,0,3,3,0,44.001266360
1,"map(tofrom: a)",256,32,132,0,3,28,0,46.957656741
1,"map(tofrom: a)",256,32,132,0,3,1218,0,143.355317414
1,"map(tofrom: a)",256,32,132,0,3,114,0,55.161677301
1,"map(tofrom: a)",256,32,132,0,3,758,0,104.929879308
1,"map(tofrom: a)",256,32,132,0,3,1955,0,201.092474163
1,"map(tofrom: a)",256,32,132,0,3,472,0,82.162953913
1,"map(tofrom: a)",256,32,132,0,3,7,0,45.354664326
1,"map(tofrom: a)",256,32,132,0,3,44,0,49.505196512
1,"map(tofrom: a)",256,32,132,0,3,3140,0,295.914150774
1,"map(tofrom: a)",256,32,132,0,3,8096,0,696.507655084
1,"map(tofrom: a)",256,32,132,0,3,71,0,51.147304475
1,"map(tofrom: a)",256,32,132,0,3,1,0,46.091713011
1,"map(tofrom: a)",256,32,132,0,3,2,0,46.562962234
1,"map(tofrom: a)",256,32,132,0,3,294,0,68.716332316
1,"map(tofrom: a)",256,32,132,0,4,3,0,45.991130173
1,"map(tofrom: a)",256,32,132,0,4,8096,0,696.134753525
1,"map(tofrom: a)",256,32,132,0,4,1,0,44.457428157
1,"map(tofrom: a)",256,32,132,0,4,28,0,46.403333545
1,"map(tofrom: a)",256,32,132,0,4,17,0,44.361874461
1,"map(tofrom: a)",256,32,132,0,4,5042,0,451.456196606
1,"map(tofrom: a)",256,32,132,0,4,7,0,46.520121396
1,"map(tofrom: a)",256,32,132,0,4,114,0,54.819136858
1,"map(tofrom: a)",256,32,132,0,4,44,0,49.729831517
1,"map(tofrom: a)",256,32,132,0,4,2,0,44.643878937
1,"map(tofrom: a)",256,32,132,0,4,294,0,69.321319461
1,"map(tofrom: a)",256,32,132,0,4,758,0,107.099115849
1,"map(tofrom: a)",256,32,132,0,4,183,0,59.975497425
1,"map(tofrom: a)",256,32,132,0,4,4,0,44.852122664
1,"map(tofrom: a)",256,32,132,0,4,1218,0,141.639821231
1,"map(tofrom: a)",256,32,132,0,4,71,0,50.138495862
1,"map(tofrom: a)",256,32,132,0,4,1955,0,202.170945704
1,"map(tofrom: a)",256,32,132,0,4,11,0,44.628977776
1,"map(tofrom: a)",256,32,132,0,4,472,0,82.009471953
1,"map(tofrom: a)",256,32,132,0,4,3140,0,296.098366380
1,"map(tofrom: a)",256,32,132,1,0,2,0,45.162625611
1,"map(tofrom: a)",256,32,132,1,0,4,0,45.503489673
1,"map(tofrom: a)",256,32,132,1,0,472,0,82.511454821
1,"map(tofrom: a)",256,32,132,1,0,3140,0,297.029502690
1,"map(tofrom: a)",256,32,132,1,0,183,0,60.158781707
1,"map(tofrom: a)",256,32,132,1,0,28,0,49.853511155
1,"map(tofrom: a)",256,32,132,1,0,71,0,50.720572472
1,"map(tofrom: a)",256,32,132,1,0,1218,0,142.455101013
1,"map(tofrom: a)",256,32,132,1,0,294,0,70.897303522
1,"map(tofrom: a)",256,32,132,1,0,1,0,46.429783106
1,"map(tofrom: a)",256,32,132,1,0,7,0,47.138333321
1,"map(tofrom: a)",256,32,132,1,0,1955,0,202.298723161
1,"map(tofrom: a)",256,32,132,1,0,758,0,104.091875255
1,"map(tofrom: a)",256,32,132,1,0,114,0,52.599050105
1,"map(tofrom: a)",256,32,132,1,0,11,0,44.428743422
1,"map(tofrom: a)",256,32,132,1,0,3,0,42.198412120
1,"map(tofrom: a)",256,32,132,1,0,8096,0,695.283524692
1,"map(tofrom: a)",256,32,132,1,0,44,0,49.325451255
1,"map(tofrom: a)",256,32,132,1,0,17,0,46.154484153
1,"map(tofrom: a)",256,32,132,1,0,5042,0,449.389591813
1,"map(tofrom: a)",256,32,132,1,1,758,0,106.114894152
1,"map(tofrom: a)",256,32,132,1,1,3,0,44.192001224
1,"map(tofrom: a)",256,32,132,1,1,3140,0,299.170985818
1,"map(tofrom: a)",256,32,132,1,1,1955,0,203.267112374
1,"map(tofrom: a)",256,32,132,1,1,44,0,49.665942788
1,"map(tofrom: a)",256,32,132,1,1,17,0,45.057013631
1,"map(tofrom: a)",256,32,132,1,1,294,0,72.106346488
1,"map(tofrom: a)",256,32,132,1,1,28,0,50.298497081
1,"map(tofrom: a)",256,32,132,1,1,114,0,54.946541786
1,"map(tofrom: a)",256,32,132,1,1,2,0,44.853985310
1,"map(tofrom: a)",256,32,132,1,1,7,0,46.759471297
1,"map(tofrom: a)",256,32,132,1,1,183,0,60.472078621
1,"map(tofrom: a)",256,32,132,1,1,8096,0,694.965571165
1,"map(tofrom: a)",256,32,132,1,1,11,0,43.163634837
1,"map(tofrom: a)",256,32,132,1,1,1,0,44.875405729
1,"map(tofrom: a)",256,32,132,1,1,1218,0,142.285414040
1,"map(tofrom: a)",256,32,132,1,1,472,0,82.995928824
1,"map(tofrom: a)",256,32,132,1,1,71,0,51.007047296
1,"map(tofrom: a)",256,32,132,1,1,5042,0,449.645519257
1,"map(tofrom: a)",256,32,132,1,1,4,0,45.588798821
1,"map(tofrom: a)",256,32,132,1,2,2,0,45.035779476
1,"map(tofrom: a)",256,32,132,1,2,71,0,52.699446678
1,"map(tofrom: a)",256,32,132,1,2,17,0,45.247003436
1,"map(tofrom: a)",256,32,132,1,2,472,0,80.450996757
1,"map(tofrom: a)",256,32,132,1,2,5042,0,449.391268194
1,"map(tofrom: a)",256,32,132,1,2,28,0,47.727674246
1,"map(tofrom: a)",256,32,132,1,2,44,0,49.046985805
1,"map(tofrom: a)",256,32,132,1,2,1218,0,141.515769064
1,"map(tofrom: a)",256,32,132,1,2,4,0,41.354447603
1,"map(tofrom: a)",256,32,132,1,2,1955,0,200.899876654
1,"map(tofrom: a)",256,32,132,1,2,183,0,59.812143445
1,"map(tofrom: a)",256,32,132,1,2,7,0,45.533478260
1,"map(tofrom: a)",256,32,132,1,2,758,0,108.344852924
1,"map(tofrom: a)",256,32,132,1,2,1,0,45.139342546
1,"map(tofrom: a)",256,32,132,1,2,3140,0,298.548117280
1,"map(tofrom: a)",256,32,132,1,2,8096,0,697.677023709
1,"map(tofrom: a)",256,32,132,1,2,3,0,46.041980386
1,"map(tofrom: a)",256,32,132,1,2,114,0,53.715333343
1,"map(tofrom: a)",256,32,132,1,2,11,0,47.251582146
1,"map(tofrom: a)",256,32,132,1,2,294,0,69.653056562
1,"map(tofrom: a)",256,32,132,1,3,1,0,46.396255493
1,"map(tofrom: a)",256,32,132,1,3,17,0,47.154724598
1,"map(tofrom: a)",256,32,132,1,3,294,0,68.156607449
1,"map(tofrom: a)",256,32,132,1,3,5042,0,451.276823878
1,"map(tofrom: a)",256,32,132,1,3,114,0,54.079107940
1,"map(tofrom: a)",256,32,132,1,3,28,0,46.666525304
1,"map(tofrom: a)",256,32,132,1,3,1218,0,143.042393029
1,"map(tofrom: a)",256,32,132,1,3,2,0,44.850818813
1,"map(tofrom: a)",256,32,132,1,3,3,0,45.137107372
1,"map(tofrom: a)",256,32,132,1,3,4,0,46.825595200
1,"map(tofrom: a)",256,32,132,1,3,758,0,106.577388942
1,"map(tofrom: a)",256,32,132,1,3,11,0,45.954063535
1,"map(tofrom: a)",256,32,132,1,3,44,0,48.892758787
1,"map(tofrom: a)",256,32,132,1,3,472,0,82.684867084
1,"map(tofrom: a)",256,32,132,1,3,7,0,45.109353960
1,"map(tofrom: a)",256,32,132,1,3,1955,0,201.908126473
1,"map(tofrom: a)",256,32,132,1,3,71,0,51.173195243
1,"map(tofrom: a)",256,32,132,1,3,183,0,60.253404081
1,"map(tofrom: a)",256,32,132,1,3,8096,0,696.354359388
1,"map(tofrom: a)",256,32,132,1,3,3140,0,296.774134040
1,"map(tofrom: a)",256,32,132,1,4,472,0,84.317475557
1,"map(tofrom: a)",256,32,132,1,4,71,0,52.088871598
1,"map(tofrom: a)",256,32,132,1,4,1,0,42.779371142
1,"map(tofrom: a)",256,32,132,1,4,11,0,45.191682875
1,"map(tofrom: a)",256,32,132,1,4,4,0,46.350061893
1,"map(tofrom: a)",256,32,132,1,4,3140,0,297.082774341
1,"map(tofrom: a)",256,32,132,1,4,28,0,49.187615514
1,"map(tofrom: a)",256,32,132,1,4,1218,0,145.178101957
1,"map(tofrom: a)",256,32,132,1,4,2,0,45.207887888
1,"map(tofrom: a)",256,32,132,1,4,183,0,60.447491705
1,"map(tofrom: a)",256,32,132,1,4,5042,0,450.078025460
1,"map(tofrom: a)",256,32,132,1,4,114,0,55.559352040
1,"map(tofrom: a)",256,32,132,1,4,3,0,46.995095909
1,"map(tofrom: a)",256,32,132,1,4,44,0,49.981288612
1,"map(tofrom: a)",256,32,132,1,4,758,0,106.457620859
1,"map(tofrom: a)",256,32,132,1,4,8096,0,694.696605206
1,"map(tofrom: a)",256,32,132,1,4,1955,0,204.888544977
1,"map(tofrom: a)",256,32,132,1,4,294,0,70.633180439
1,"map(tofrom: a)",256,32,132,1,4,7,0,47.913007438
1,"map(tofrom: a)",256,32,132,1,4,17,0,49.051642418
1,"map(tofrom: a)",1024,32,132,0,0,7,0,51.889568567
1,"map(tofrom: a)",1024,32,132,0,0,114,0,61.557814479
1,"map(tofrom: a)",1024,32,132,0,0,3,0,52.457861602
1,"map(tofrom: a)",1024,32,132,0,0,17,0,51.897391677
1,"map(tofrom: a)",1024,32,132,0,0,1,0,51.992759109
1,"map(tofrom: a)",1024,32,132,0,0,44,0,54.430775344
1,"map(tofrom: a)",1024,32,132,0,0,294,0,72.630494833
1,"map(tofrom: a)",1024,32,132,0,0,3140,0,301.701389253
1,"map(tofrom: a)",1024,32,132,0,0,4,0,50.177611411
1,"map(tofrom: a)",1024,32,132,0,0,1955,0,209.078751504
1,"map(tofrom: a)",1024,32,132,0,0,183,0,67.236088216
1,"map(tofrom: a)",1024,32,132,0,0,8096,0,701.743550599
1,"map(tofrom: a)",1024,32,132,0,0,758,0,111.572071910
1,"map(tofrom: a)",1024,32,132,0,0,71,0,57.229399681
1,"map(tofrom: a)",1024,32,132,0,0,2,0,53.140148520
1,"map(tofrom: a)",1024,32,132,0,0,11,0,52.084773779
1,"map(tofrom: a)",1024,32,132,0,0,28,0,53.580291569
1,"map(tofrom: a)",1024,32,132,0,0,5042,0,457.693077624
1,"map(tofrom: a)",1024,32,132,0,0,1218,0,148.694403470
1,"map(tofrom: a)",1024,32,132,0,0,472,0,88.685564697
1,"map(tofrom: a)",1024,32,132,0,1,4,0,50.647929311
1,"map(tofrom: a)",1024,32,132,0,1,1,0,50.505623221
1,"map(tofrom: a)",1024,32,132,0,1,17,0,50.834193826
1,"map(tofrom: a)",1024,32,132,0,1,28,0,51.509402692
1,"map(tofrom: a)",1024,32,132,0,1,11,0,51.612593234
1,"map(tofrom: a)",1024,32,132,0,1,3140,0,303.666293621
1,"map(tofrom: a)",1024,32,132,0,1,2,0,50.656124949
1,"map(tofrom: a)",1024,32,132,0,1,758,0,111.847370863
1,"map(tofrom: a)",1024,32,132,0,1,1218,0,148.201175034
1,"map(tofrom: a)",1024,32,132,0,1,44,0,55.441446602
1,"map(tofrom: a)",1024,32,132,0,1,71,0,55.656768382
1,"map(tofrom: a)",1024,32,132,0,1,114,0,60.098618269
1,"map(tofrom: a)",1024,32,132,0,1,294,0,71.582570672
1,"map(tofrom: a)",1024,32,132,0,1,7,0,50.569884479
1,"map(tofrom: a)",1024,32,132,0,1,183,0,64.513832331
1,"map(tofrom: a)",1024,32,132,0,1,8096,0,701.779313385
1,"map(tofrom: a)",1024,32,132,0,1,472,0,90.827047825
1,"map(tofrom: a)",1024,32,132,0,1,1955,0,209.111347795
1,"map(tofrom: a)",1024,32,132,0,1,3,0,53.182803094
1,"map(tofrom: a)",1024,32,132,0,1,5042,0,455.233082175
1,"map(tofrom: a)",1024,32,132,0,2,3,0,50.354190171
1,"map(tofrom: a)",1024,32,132,0,2,44,0,53.782388568
1,"map(tofrom: a)",1024,32,132,0,2,1,0,52.267126739
1,"map(tofrom: a)",1024,32,132,0,2,183,0,63.973292708
1,"map(tofrom: a)",1024,32,132,0,2,294,0,75.401179492
1,"map(tofrom: a)",1024,32,132,0,2,5042,0,454.527698457
1,"map(tofrom: a)",1024,32,132,0,2,7,0,51.482580602
1,"map(tofrom: a)",1024,32,132,0,2,8096,0,700.804777443
1,"map(tofrom: a)",1024,32,132,0,2,2,0,49.090012908
1,"map(tofrom: a)",1024,32,132,0,2,114,0,59.290416539
1,"map(tofrom: a)",1024,32,132,0,2,71,0,56.394003332
1,"map(tofrom: a)",1024,32,132,0,2,1955,0,206.938013434
1,"map(tofrom: a)",1024,32,132,0,2,17,0,51.962956786
1,"map(tofrom: a)",1024,32,132,0,2,472,0,88.561512530
1,"map(tofrom: a)",1024,32,132,0,2,11,0,50.322897732
1,"map(tofrom: a)",1024,32,132,0,2,1218,0,144.368037581
1,"map(tofrom: a)",1024,32,132,0,2,4,0,48.789754510
1,"map(tofrom: a)",1024,32,132,0,2,3140,0,301.345810294
1,"map(tofrom: a)",1024,32,132,0,2,758,0,110.232830048
1,"map(tofrom: a)",1024,32,132,0,2,28,0,51.427818835
1,"map(tofrom: a)",1024,32,132,0,3,11,0,48.530474305
1,"map(tofrom: a)",1024,32,132,0,3,4,0,48.779509962
1,"map(tofrom: a)",1024,32,132,0,3,5042,0,453.574210405
1,"map(tofrom: a)",1024,32,132,0,3,183,0,63.697062433
1,"map(tofrom: a)",1024,32,132,0,3,17,0,50.754286349
1,"map(tofrom: a)",1024,32,132,0,3,3,0,48.018433154
1,"map(tofrom: a)",1024,32,132,0,3,28,0,50.187483430
1,"map(tofrom: a)",1024,32,132,0,3,1218,0,145.471468568
1,"map(tofrom: a)",1024,32,132,0,3,114,0,56.356191635
1,"map(tofrom: a)",1024,32,132,0,3,758,0,109.055079520
1,"map(tofrom: a)",1024,32,132,0,3,1955,0,203.756429255
1,"map(tofrom: a)",1024,32,132,0,3,472,0,86.853466928
1,"map(tofrom: a)",1024,32,132,0,3,7,0,48.311054707
1,"map(tofrom: a)",1024,32,132,0,3,44,0,52.211619914
1,"map(tofrom: a)",1024,32,132,0,3,3140,0,301.416777074
1,"map(tofrom: a)",1024,32,132,0,3,8096,0,698.376260698
1,"map(tofrom: a)",1024,32,132,0,3,71,0,57.016499341
1,"map(tofrom: a)",1024,32,132,0,3,1,0,52.987039089
1,"map(tofrom: a)",1024,32,132,0,3,2,0,52.361562848
1,"map(tofrom: a)",1024,32,132,0,3,294,0,75.321830809
1,"map(tofrom: a)",1024,32,132,0,4,3,0,51.605515182
1,"map(tofrom: a)",1024,32,132,0,4,8096,0,702.726840973
1,"map(tofrom: a)",1024,32,132,0,4,1,0,50.392746925
1,"map(tofrom: a)",1024,32,132,0,4,28,0,52.959471941
1,"map(tofrom: a)",1024,32,132,0,4,17,0,52.026659250
1,"map(tofrom: a)",1024,32,132,0,4,5042,0,455.664098263
1,"map(tofrom: a)",1024,32,132,0,4,7,0,53.482130170
1,"map(tofrom: a)",1024,32,132,0,4,114,0,60.966797173
1,"map(tofrom: a)",1024,32,132,0,4,44,0,55.195204914
1,"map(tofrom: a)",1024,32,132,0,4,2,0,51.931664348
1,"map(tofrom: a)",1024,32,132,0,4,294,0,75.956434011
1,"map(tofrom: a)",1024,32,132,0,4,758,0,112.750381231
1,"map(tofrom: a)",1024,32,132,0,4,183,0,68.269111216
1,"map(tofrom: a)",1024,32,132,0,4,4,0,53.555890918
1,"map(tofrom: a)",1024,32,132,0,4,1218,0,150.177255273
1,"map(tofrom: a)",1024,32,132,0,4,71,0,56.804716587
1,"map(tofrom: a)",1024,32,132,0,4,1955,0,208.425149322
1,"map(tofrom: a)",1024,32,132,0,4,11,0,50.545856357
1,"map(tofrom: a)",1024,32,132,0,4,472,0,91.068819165
1,"map(tofrom: a)",1024,32,132,0,4,3140,0,303.934514523
1,"map(tofrom: a)",1024,32,132,1,0,2,0,52.321702242
1,"map(tofrom: a)",1024,32,132,1,0,4,0,53.274258971
1,"map(tofrom: a)",1024,32,132,1,0,472,0,89.985318482
1,"map(tofrom: a)",1024,32,132,1,0,3140,0,303.343869746
1,"map(tofrom: a)",1024,32,132,1,0,183,0,67.470967770
1,"map(tofrom: a)",1024,32,132,1,0,28,0,53.579919040
1,"map(tofrom: a)",1024,32,132,1,0,71,0,59.058703482
1,"map(tofrom: a)",1024,32,132,1,0,1218,0,150.185450912
1,"map(tofrom: a)",1024,32,132,1,0,294,0,75.276568532
1,"map(tofrom: a)",1024,32,132,1,0,1,0,51.951035857
1,"map(tofrom: a)",1024,32,132,1,0,7,0,52.737258375
1,"map(tofrom: a)",1024,32,132,1,0,1955,0,208.790786564
1,"map(tofrom: a)",1024,32,132,1,0,758,0,112.661719322
1,"map(tofrom: a)",1024,32,132,1,0,114,0,63.181482255
1,"map(tofrom: a)",1024,32,132,1,0,11,0,52.506662905
1,"map(tofrom: a)",1024,32,132,1,0,3,0,51.978044212
1,"map(tofrom: a)",1024,32,132,1,0,8096,0,701.105594635
1,"map(tofrom: a)",1024,32,132,1,0,44,0,56.029111147
1,"map(tofrom: a)",1024,32,132,1,0,17,0,52.755698562
1,"map(tofrom: a)",1024,32,132,1,0,5042,0,457.003526390
1,"map(tofrom: a)",1024,32,132,1,1,758,0,113.997794688
1,"map(tofrom: a)",1024,32,132,1,1,3,0,53.549744189
1,"map(tofrom: a)",1024,32,132,1,1,3140,0,302.799604833
1,"map(tofrom: a)",1024,32,132,1,1,1955,0,209.079682827
1,"map(tofrom: a)",1024,32,132,1,1,44,0,54.864212871
1,"map(tofrom: a)",1024,32,132,1,1,17,0,54.092518985
1,"map(tofrom: a)",1024,32,132,1,1,294,0,75.026415288
1,"map(tofrom: a)",1024,32,132,1,1,28,0,53.786113858
1,"map(tofrom: a)",1024,32,132,1,1,114,0,61.393342912
1,"map(tofrom: a)",1024,32,132,1,1,2,0,52.445754409
1,"map(tofrom: a)",1024,32,132,1,1,7,0,51.375478506
1,"map(tofrom: a)",1024,32,132,1,1,183,0,66.103227437
1,"map(tofrom: a)",1024,32,132,1,1,8096,0,701.553374529
1,"map(tofrom: a)",1024,32,132,1,1,11,0,51.313824952
1,"map(tofrom: a)",1024,32,132,1,1,1,0,52.865780890
1,"map(tofrom: a)",1024,32,132,1,1,1218,0,149.589218199
1,"map(tofrom: a)",1024,32,132,1,1,472,0,88.749453425
1,"map(tofrom: a)",1024,32,132,1,1,71,0,56.448206306
1,"map(tofrom: a)",1024,32,132,1,1,5042,0,457.090139389
1,"map(tofrom: a)",1024,32,132,1,1,4,0,51.436014473
1,"map(tofrom: a)",1024,32,132,1,2,2,0,50.162337720
1,"map(tofrom: a)",1024,32,132,1,2,71,0,57.245977223
1,"map(tofrom: a)",1024,32,132,1,2,17,0,53.852610290
1,"map(tofrom: a)",1024,32,132,1,2,472,0,88.815763593
1,"map(tofrom: a)",1024,32,132,1,2,5042,0,457.414798439
1,"map(tofrom: a)",1024,32,132,1,2,28,0,53.936615586
1,"map(tofrom: a)",1024,32,132,1,2,44,0,54.993480444
1,"map(tofrom: a)",1024,32,132,1,2,1218,0,151.340104640
1,"map(tofrom: a)",1024,32,132,1,2,4,0,52.849017084
1,"map(tofrom: a)",1024,32,132,1,2,1955,0,209.124386311
1,"map(tofrom: a)",1024,32,132,1,2,183,0,65.881945193
1,"map(tofrom: a)",1024,32,132,1,2,7,0,51.360391080
1,"map(tofrom: a)",1024,32,132,1,2,758,0,110.631063581
1,"map(tofrom: a)",1024,32,132,1,2,1,0,52.110105753
1,"map(tofrom: a)",1024,32,132,1,2,3140,0,304.773077369
1,"map(tofrom: a)",1024,32,132,1,2,8096,0,702.056474984
1,"map(tofrom: a)",1024,32,132,1,2,3,0,51.868148148
1,"map(tofrom: a)",1024,32,132,1,2,114,0,62.036514282
1,"map(tofrom: a)",1024,32,132,1,2,11,0,53.094699979
1,"map(tofrom: a)",1024,32,132,1,2,294,0,75.043179095
1,"map(tofrom: a)",1024,32,132,1,3,1,0,52.600726485
1,"map(tofrom: a)",1024,32,132,1,3,17,0,54.294429719
1,"map(tofrom: a)",1024,32,132,1,3,294,0,74.970908463
1,"map(tofrom: a)",1024,32,132,1,3,5042,0,456.051342189
1,"map(tofrom: a)",1024,32,132,1,3,114,0,57.966448367
1,"map(tofrom: a)",1024,32,132,1,3,28,0,52.408501506
1,"map(tofrom: a)",1024,32,132,1,3,1218,0,149.355828762
1,"map(tofrom: a)",1024,32,132,1,3,2,0,50.895102322
1,"map(tofrom: a)",1024,32,132,1,3,3,0,52.160769701
1,"map(tofrom: a)",1024,32,132,1,3,4,0,52.783638239
1,"map(tofrom: a)",1024,32,132,1,3,758,0,113.139301538
1,"map(tofrom: a)",1024,32,132,1,3,11,0,52.527524531
1,"map(tofrom: a)",1024,32,132,1,3,44,0,54.185092449
1,"map(tofrom: a)",1024,32,132,1,3,472,0,90.015679598
1,"map(tofrom: a)",1024,32,132,1,3,7,0,53.462944925
1,"map(tofrom: a)",1024,32,132,1,3,1955,0,209.875404835
1,"map(tofrom: a)",1024,32,132,1,3,71,0,57.721510530
1,"map(tofrom: a)",1024,32,132,1,3,183,0,65.986998379
1,"map(tofrom: a)",1024,32,132,1,3,8096,0,702.187977731
1,"map(tofrom: a)",1024,32,132,1,3,3140,0,303.456932306
1,"map(tofrom: a)",1024,32,132,1,4,472,0,90.256892145
1,"map(tofrom: a)",1024,32,132,1,4,71,0,57.383440435
1,"map(tofrom: a)",1024,32,132,1,4,1,0,52.146799862
1,"map(tofrom: a)",1024,32,132,1,4,11,0,52.937678993
1,"map(tofrom: a)",1024,32,132,1,4,4,0,52.427127957
1,"map(tofrom: a)",1024,32,132,1,4,3140,0,304.966233671
1,"map(tofrom: a)",1024,32,132,1,4,28,0,53.938478231
1,"map(tofrom: a)",1024,32,132,1,4,1218,0,150.058604777
1,"map(tofrom: a)",1024,32,132,1,4,2,0,51.651708782
1,"map(tofrom: a)",1024,32,132,1,4,183,0,66.357478499
1,"map(tofrom: a)",1024,32,132,1,4,5042,0,456.647761166
1,"map(tofrom: a)",1024,32,132,1,4,114,0,60.745701194
1,"map(tofrom: a)",1024,32,132,1,4,3,0,49.439445138
1,"map(tofrom: a)",1024,32,132,1,4,44,0,54.004043341
1,"map(tofrom: a)",1024,32,132,1,4,758,0,113.423541188
1,"map(tofrom: a)",1024,32,132,1,4,8096,0,702.507980168
1,"map(tofrom: a)",1024,32,132,1,4,1955,0,209.046900272
1,"map(tofrom: a)",1024,32,132,1,4,294,0,75.272284448
1,"map(tofrom: a)",1024,32,132,1,4,7,0,52.010081708
1,"map(tofrom: a)",1024,32,132,1,4,17,0,53.946115077
1,"map(tofrom: a)",4096,32,132,0,0,7,0,66.452100873
1,"map(tofrom: a)",4096,32,132,0,0,114,0,74.227526784
1,"map(tofrom: a)",4096,32,132,0,0,3,0,65.630674362
1,"map(tofrom: a)",4096,32,132,0,0,17,0,69.359689951
1,"map(tofrom: a)",4096,32,132,0,0,1,0,67.286752164
1,"map(tofrom: a)",4096,32,132,0,0,44,0,70.799700916
1,"map(tofrom: a)",4096,32,132,0,0,294,0,90.097077191
1,"map(tofrom: a)",4096,32,132,0,0,3140,0,317.877344787
1,"map(tofrom: a)",4096,32,132,0,0,4,0,66.271424294
1,"map(tofrom: a)",4096,32,132,0,0,1955,0,222.660787404
1,"map(tofrom: a)",4096,32,132,0,0,183,0,79.435482621
1,"map(tofrom: a)",4096,32,132,0,0,8096,0,717.234425247
1,"map(tofrom: a)",4096,32,132,0,0,758,0,128.955952823
1,"map(tofrom: a)",4096,32,132,0,0,71,0,73.472782969
1,"map(tofrom: a)",4096,32,132,0,0,2,0,68.630091846
1,"map(tofrom: a)",4096,32,132,0,0,11,0,69.691613317
1,"map(tofrom: a)",4096,32,132,0,0,28,0,70.939026773
1,"map(tofrom: a)",4096,32,132,0,0,5042,0,472.237914801
1,"map(tofrom: a)",4096,32,132,0,0,1218,0,165.616162121
1,"map(tofrom: a)",4096,32,132,0,0,472,0,104.590877891
1,"map(tofrom: a)",4096,32,132,0,1,4,0,68.274326622
1,"map(tofrom: a)",4096,32,132,0,1,1,0,68.682245910
1,"map(tofrom: a)",4096,32,132,0,1,17,0,71.548856795
1,"map(tofrom: a)",4096,32,132,0,1,28,0,72.270072997
1,"map(tofrom: a)",4096,32,132,0,1,11,0,67.323073745
1,"map(tofrom: a)",4096,32,132,0,1,3140,0,317.548960447
1,"map(tofrom: a)",4096,32,132,0,1,2,0,69.040805101
1,"map(tofrom: a)",4096,32,132,0,1,758,0,129.894353449
1,"map(tofrom: a)",4096,32,132,0,1,1218,0,166.607834399
1,"map(tofrom: a)",4096,32,132,0,1,44,0,72.183646262
1,"map(tofrom: a)",4096,32,132,0,1,71,0,72.917714715
1,"map(tofrom: a)",4096,32,132,0,1,114,0,76.691247523
1,"map(tofrom: a)",4096,32,132,0,1,294,0,92.387385666
1,"map(tofrom: a)",4096,32,132,0,1,7,0,69.003365934
1,"map(tofrom: a)",4096,32,132,0,1,183,0,83.405338228
1,"map(tofrom: a)",4096,32,132,0,1,8096,0,717.163644731
1,"map(tofrom: a)",4096,32,132,0,1,472,0,107.058323920
1,"map(tofrom: a)",4096,32,132,0,1,1955,0,226.117484272
1,"map(tofrom: a)",4096,32,132,0,1,3,0,69.678016007
1,"map(tofrom: a)",4096,32,132,0,1,5042,0,472.759641707
1,"map(tofrom: a)",4096,32,132,0,2,3,0,67.687034607
1,"map(tofrom: a)",4096,32,132,0,2,44,0,70.514529943
1,"map(tofrom: a)",4096,32,132,0,2,1,0,67.538581789
1,"map(tofrom: a)",4096,32,132,0,2,183,0,81.741064787
1,"map(tofrom: a)",4096,32,132,0,2,294,0,91.963075101
1,"map(tofrom: a)",4096,32,132,0,2,5042,0,472.997128963
1,"map(tofrom: a)",4096,32,132,0,2,7,0,71.492604911
1,"map(tofrom: a)",4096,32,132,0,2,8096,0,719.149410725
1,"map(tofrom: a)",4096,32,132,0,2,2,0,66.245719790
1,"map(tofrom: a)",4096,32,132,0,2,114,0,73.803588748
1,"map(tofrom: a)",4096,32,132,0,2,71,0,71.315281093
1,"map(tofrom: a)",4096,32,132,0,2,1955,0,222.170166671
1,"map(tofrom: a)",4096,32,132,0,2,17,0,67.120790482
1,"map(tofrom: a)",4096,32,132,0,2,472,0,105.016119778
1,"map(tofrom: a)",4096,32,132,0,2,11,0,69.083832204
1,"map(tofrom: a)",4096,32,132,0,2,1218,0,166.241638362
1,"map(tofrom: a)",4096,32,132,0,2,4,0,68.350136280
1,"map(tofrom: a)",4096,32,132,0,2,3140,0,320.133566856
1,"map(tofrom: a)",4096,32,132,0,2,758,0,129.347853363
1,"map(tofrom: a)",4096,32,132,0,2,28,0,72.702951729
1,"map(tofrom: a)",4096,32,132,0,3,11,0,69.169700146
1,"map(tofrom: a)",4096,32,132,0,3,4,0,66.754966974
1,"map(tofrom: a)",4096,32,132,0,3,5042,0,470.029562712
1,"map(tofrom: a)",4096,32,132,0,3,183,0,83.430483937
1,"map(tofrom: a)",4096,32,132,0,3,17,0,69.564394653
1,"map(tofrom: a)",4096,32,132,0,3,3,0,68.985484540
1,"map(tofrom: a)",4096,32,132,0,3,28,0,69.144926965
1,"map(tofrom: a)",4096,32,132,0,3,1218,0,163.473375142
1,"map(tofrom: a)",4096,32,132,0,3,114,0,76.116621494
1,"map(tofrom: a)",4096,32,132,0,3,758,0,128.467939794
1,"map(tofrom: a)",4096,32,132,0,3,1955,0,225.221179426
1,"map(tofrom: a)",4096,32,132,0,3,472,0,105.766579509
1,"map(tofrom: a)",4096,32,132,0,3,7,0,69.045647979
1,"map(tofrom: a)",4096,32,132,0,3,44,0,70.635229349
1,"map(tofrom: a)",4096,32,132,0,3,3140,0,317.291542888
1,"map(tofrom: a)",4096,32,132,0,3,8096,0,716.543942690
1,"map(tofrom: a)",4096,32,132,0,3,71,0,75.074471533
1,"map(tofrom: a)",4096,32,132,0,3,1,0,69.922767580
1,"map(tofrom: a)",4096,32,132,0,3,2,0,68.524666131
1,"map(tofrom: a)",4096,32,132,0,3,294,0,85.879117250
1,"map(tofrom: a)",4096,32,132,0,4,3,0,67.667476833
1,"map(tofrom: a)",4096,32,132,0,4,8096,0,716.234184802
1,"map(tofrom: a)",4096,32,132,0,4,1,0,64.583122730
1,"map(tofrom: a)",4096,32,132,0,4,28,0,68.462826312
1,"map(tofrom: a)",4096,32,132,0,4,17,0,66.311471164
1,"map(tofrom: a)",4096,32,132,0,4,5042,0,469.640083611
1,"map(tofrom: a)",4096,32,132,0,4,7,0,65.118819475
1,"map(tofrom: a)",4096,32,132,0,4,114,0,74.357539415
1,"map(tofrom: a)",4096,32,132,0,4,44,0,66.906027496
1,"map(tofrom: a)",4096,32,132,0,4,2,0,61.821378767
1,"map(tofrom: a)",4096,32,132,0,4,294,0,86.340494454
1,"map(tofrom: a)",4096,32,132,0,4,758,0,122.900493443
1,"map(tofrom: a)",4096,32,132,0,4,183,0,79.460069537
1,"map(tofrom: a)",4096,32,132,0,4,4,0,66.836923361
1,"map(tofrom: a)",4096,32,132,0,4,1218,0,165.721401572
1,"map(tofrom: a)",4096,32,132,0,4,71,0,73.952041566
1,"map(tofrom: a)",4096,32,132,0,4,1955,0,222.895853221
1,"map(tofrom: a)",4096,32,132,0,4,11,0,69.074146450
1,"map(tofrom: a)",4096,32,132,0,4,472,0,101.448781788
1,"map(tofrom: a)",4096,32,132,0,4,3140,0,314.534455538
1,"map(tofrom: a)",4096,32,132,1,0,2,0,63.762255013
1,"map(tofrom: a)",4096,32,132,1,0,4,0,65.528787673
1,"map(tofrom: a)",4096,32,132,1,0,472,0,101.579353213
1,"map(tofrom: a)",4096,32,132,1,0,3140,0,314.929895103
1,"map(tofrom: a)",4096,32,132,1,0,183,0,77.529437840
1,"map(tofrom: a)",4096,32,132,1,0,28,0,66.641904414
1,"map(tofrom: a)",4096,32,132,1,0,71,0,69.691240788
1,"map(tofrom: a)",4096,32,132,1,0,1218,0,161.194428802
1,"map(tofrom: a)",4096,32,132,1,0,294,0,85.870921612
1,"map(tofrom: a)",4096,32,132,1,0,1,0,63.446350396
1,"map(tofrom: a)",4096,32,132,1,0,7,0,62.263756990
1,"map(tofrom: a)",4096,32,132,1,0,1955,0,219.189934433
1,"map(tofrom: a)",4096,32,132,1,0,758,0,125.719606876
1,"map(tofrom: a)",4096,32,132,1,0,114,0,72.907470167
1,"map(tofrom: a)",4096,32,132,1,0,11,0,64.409337938
1,"map(tofrom: a)",4096,32,132,1,0,3,0,61.681121588
1,"map(tofrom: a)",4096,32,132,1,0,8096,0,712.342932820
1,"map(tofrom: a)",4096,32,132,1,0,44,0,65.798684955
1,"map(tofrom: a)",4096,32,132,1,0,17,0,66.240131855
1,"map(tofrom: a)",4096,32,132,1,0,5042,0,466.223247349
1,"map(tofrom: a)",4096,32,132,1,1,758,0,122.851133347
1,"map(tofrom: a)",4096,32,132,1,1,3,0,60.689449310
1,"map(tofrom: a)",4096,32,132,1,1,3140,0,311.185233295
1,"map(tofrom: a)",4096,32,132,1,1,1955,0,217.112898827
1,"map(tofrom: a)",4096,32,132,1,1,44,0,65.460242331
1,"map(tofrom: a)",4096,32,132,1,1,17,0,64.435601234
1,"map(tofrom: a)",4096,32,132,1,1,294,0,85.068494081
1,"map(tofrom: a)",4096,32,132,1,1,28,0,61.898306012
1,"map(tofrom: a)",4096,32,132,1,1,114,0,71.478635073
1,"map(tofrom: a)",4096,32,132,1,1,2,0,63.158571720
1,"map(tofrom: a)",4096,32,132,1,1,7,0,63.353218138
1,"map(tofrom: a)",4096,32,132,1,1,183,0,78.763812780
1,"map(tofrom: a)",4096,32,132,1,1,8096,0,710.679590702
1,"map(tofrom: a)",4096,32,132,1,1,11,0,60.832686722
1,"map(tofrom: a)",4096,32,132,1,1,1,0,62.305480242
1,"map(tofrom: a)",4096,32,132,1,1,1218,0,160.392746329
1,"map(tofrom: a)",4096,32,132,1,1,472,0,102.184340358
1,"map(tofrom: a)",4096,32,132,1,1,71,0,71.484223008
1,"map(tofrom: a)",4096,32,132,1,1,5042,0,466.878712177
1,"map(tofrom: a)",4096,32,132,1,1,4,0,59.703737497
1,"map(tofrom: a)",4096,32,132,1,2,2,0,59.752352536
1,"map(tofrom: a)",4096,32,132,1,2,71,0,66.010467708
1,"map(tofrom: a)",4096,32,132,1,2,17,0,60.254521668
1,"map(tofrom: a)",4096,32,132,1,2,472,0,96.513144672
1,"map(tofrom: a)",4096,32,132,1,2,5042,0,465.958192945
1,"map(tofrom: a)",4096,32,132,1,2,28,0,65.265782177
1,"map(tofrom: a)",4096,32,132,1,2,44,0,65.710581839
1,"map(tofrom: a)",4096,32,132,1,2,1218,0,159.473158419
1,"map(tofrom: a)",4096,32,132,1,2,4,0,60.370750725
1,"map(tofrom: a)",4096,32,132,1,2,1955,0,217.603147030
1,"map(tofrom: a)",4096,32,132,1,2,183,0,74.649974704
1,"map(tofrom: a)",4096,32,132,1,2,7,0,58.379210532
1,"map(tofrom: a)",4096,32,132,1,2,758,0,119.579955935
1,"map(tofrom: a)",4096,32,132,1,2,1,0,57.602673769
1,"map(tofrom: a)",4096,32,132,1,2,3140,0,312.164425850
1,"map(tofrom: a)",4096,32,132,1,2,8096,0,711.196474731
1,"map(tofrom: a)",4096,32,132,1,2,3,0,59.884972870
1,"map(tofrom: a)",4096,32,132,1,2,114,0,69.711357355
1,"map(tofrom: a)",4096,32,132,1,2,11,0,61.427988112
1,"map(tofrom: a)",4096,32,132,1,2,294,0,84.513425827
1,"map(tofrom: a)",4096,32,132,1,3,1,0,60.219131410
1,"map(tofrom: a)",4096,32,132,1,3,17,0,60.611404479
1,"map(tofrom: a)",4096,32,132,1,3,294,0,83.034113050
1,"map(tofrom: a)",4096,32,132,1,3,5042,0,466.580130160
1,"map(tofrom: a)",4096,32,132,1,3,114,0,72.897784412
1,"map(tofrom: a)",4096,32,132,1,3,28,0,64.153596759
1,"map(tofrom: a)",4096,32,132,1,3,1218,0,159.846059978
1,"map(tofrom: a)",4096,32,132,1,3,2,0,63.402391970
1,"map(tofrom: a)",4096,32,132,1,3,3,0,62.878802419
1,"map(tofrom: a)",4096,32,132,1,3,4,0,61.045400798
1,"map(tofrom: a)",4096,32,132,1,3,758,0,122.478045523
1,"map(tofrom: a)",4096,32,132,1,3,11,0,63.448399305
1,"map(tofrom: a)",4096,32,132,1,3,44,0,64.351409674
1,"map(tofrom: a)",4096,32,132,1,3,472,0,93.025714159
1,"map(tofrom: a)",4096,32,132,1,3,7,0,45.991875231
1,"map(tofrom: a)",4096,32,132,1,3,1955,0,206.217914820
1,"map(tofrom: a)",4096,32,132,1,3,71,0,63.820742071
1,"map(tofrom: a)",4096,32,132,1,3,183,0,75.031258166
1,"map(tofrom: a)",4096,32,132,1,3,8096,0,701.831281185
1,"map(tofrom: a)",4096,32,132,1,3,3140,0,300.648808479
1,"map(tofrom: a)",4096,32,132,1,4,472,0,85.449405015
1,"map(tofrom: a)",4096,32,132,1,4,71,0,59.339590371
1,"map(tofrom: a)",4096,32,132,1,4,1,0,65.347179770
1,"map(tofrom: a)",4096,32,132,1,4,11,0,64.454227686
1,"map(tofrom: a)",4096,32,132,1,4,4,0,65.236724913
1,"map(tofrom: a)",4096,32,132,1,4,3140,0,313.305296004
1,"map(tofrom: a)",4096,32,132,1,4,28,0,62.797404826
1,"map(tofrom: a)",4096,32,132,1,4,1218,0,155.538320541
1,"map(tofrom: a)",4096,32,132,1,4,2,0,58.270432055
1,"map(tofrom: a)",4096,32,132,1,4,183,0,74.664503336
1,"map(tofrom: a)",4096,32,132,1,4,5042,0,463.780947030
1,"map(tofrom: a)",4096,32,132,1,4,114,0,68.634189665
1,"map(tofrom: a)",4096,32,132,1,4,3,0,59.377960861
1,"map(tofrom: a)",4096,32,132,1,4,44,0,64.877234399
1,"map(tofrom: a)",4096,32,132,1,4,758,0,123.234838247
1,"map(tofrom: a)",4096,32,132,1,4,8096,0,711.690634489
1,"map(tofrom: a)",4096,32,132,1,4,1955,0,216.637365520
1,"map(tofrom: a)",4096,32,132,1,4,294,0,85.583701730
1,"map(tofrom: a)",4096,32,132,1,4,7,0,61.193667352
1,"map(tofrom: a)",4096,32,132,1,4,17,0,60.752220452
1,"map(tofrom: a)",8192,32,132,0,0,7,0,87.705440819
1,"map(tofrom: a)",8192,32,132,0,0,114,0,95.790065825
1,"map(tofrom: a)",8192,32,132,0,0,3,0,88.207423687
1,"map(tofrom: a)",8192,32,132,0,0,17,0,90.303644538
1,"map(tofrom: a)",8192,32,132,0,0,1,0,88.851340115
1,"map(tofrom: a)",8192,32,132,0,0,44,0,91.614387929
1,"map(tofrom: a)",8192,32,132,0,0,294,0,109.406001866
1,"map(tofrom: a)",8192,32,132,0,0,3140,0,334.652140737
1,"map(tofrom: a)",8192,32,132,0,0,4,0,89.016370475
1,"map(tofrom: a)",8192,32,132,0,0,1955,0,243.198499084
1,"map(tofrom: a)",8192,32,132,0,0,183,0,101.699121296
1,"map(tofrom: a)",8192,32,132,0,0,8096,0,733.389332891
1,"map(tofrom: a)",8192,32,132,0,0,758,0,146.901793778
1,"map(tofrom: a)",8192,32,132,0,0,71,0,93.329511583
1,"map(tofrom: a)",8192,32,132,0,0,2,0,89.441798627
1,"map(tofrom: a)",8192,32,132,0,0,11,0,88.656321168
1,"map(tofrom: a)",8192,32,132,0,0,28,0,89.634023607
1,"map(tofrom: a)",8192,32,132,0,0,5042,0,490.104034543
1,"map(tofrom: a)",8192,32,132,0,0,1218,0,184.882991016
1,"map(tofrom: a)",8192,32,132,0,0,472,0,123.475119472
1,"map(tofrom: a)",8192,32,132,0,1,4,0,87.806582451
1,"map(tofrom: a)",8192,32,132,0,1,1,0,89.304707944
1,"map(tofrom: a)",8192,32,132,0,1,17,0,88.152848184
1,"map(tofrom: a)",8192,32,132,0,1,28,0,89.490786195
1,"map(tofrom: a)",8192,32,132,0,1,11,0,88.028609753
1,"map(tofrom: a)",8192,32,132,0,1,3140,0,338.080525398
1,"map(tofrom: a)",8192,32,132,0,1,2,0,85.598975420
1,"map(tofrom: a)",8192,32,132,0,1,758,0,147.213228047
1,"map(tofrom: a)",8192,32,132,0,1,1218,0,185.129605234
1,"map(tofrom: a)",8192,32,132,0,1,44,0,92.633254826
1,"map(tofrom: a)",8192,32,132,0,1,71,0,93.539804220
1,"map(tofrom: a)",8192,32,132,0,1,114,0,96.404179931
1,"map(tofrom: a)",8192,32,132,0,1,294,0,111.232325435
1,"map(tofrom: a)",8192,32,132,0,1,7,0,90.157799423
1,"map(tofrom: a)",8192,32,132,0,1,183,0,100.811943412
1,"map(tofrom: a)",8192,32,132,0,1,8096,0,734.435394406
1,"map(tofrom: a)",8192,32,132,0,1,472,0,124.510191381
1,"map(tofrom: a)",8192,32,132,0,1,1955,0,243.836641312
1,"map(tofrom: a)",8192,32,132,0,1,3,0,87.699294090
1,"map(tofrom: a)",8192,32,132,0,1,5042,0,488.442741334
1,"map(tofrom: a)",8192,32,132,0,2,3,0,88.192149997
1,"map(tofrom: a)",8192,32,132,0,2,44,0,90.946443379
1,"map(tofrom: a)",8192,32,132,0,2,1,0,86.958147585
1,"map(tofrom: a)",8192,32,132,0,2,183,0,99.303573370
1,"map(tofrom: a)",8192,32,132,0,2,294,0,106.670707464
1,"map(tofrom: a)",8192,32,132,0,2,5042,0,489.335134625
1,"map(tofrom: a)",8192,32,132,0,2,7,0,86.846202612
1,"map(tofrom: a)",8192,32,132,0,2,8096,0,734.308920801
1,"map(tofrom: a)",8192,32,132,0,2,2,0,84.556825459
1,"map(tofrom: a)",8192,32,132,0,2,114,0,94.633735716
1,"map(tofrom: a)",8192,32,132,0,2,71,0,94.324350357
1,"map(tofrom: a)",8192,32,132,0,2,1955,0,245.352834463
1,"map(tofrom: a)",8192,32,132,0,2,17,0,89.213810861
1,"map(tofrom: a)",8192,32,132,0,2,472,0,124.064274132
1,"map(tofrom: a)",8192,32,132,0,2,11,0,88.532082736
1,"map(tofrom: a)",8192,32,132,0,2,1218,0,182.318128645
1,"map(tofrom: a)",8192,32,132,0,2,4,0,86.707249284
1,"map(tofrom: a)",8192,32,132,0,2,3140,0,339.404121041
1,"map(tofrom: a)",8192,32,132,0,2,758,0,145.635753870
1,"map(tofrom: a)",8192,32,132,0,2,28,0,88.569894433
1,"map(tofrom: a)",8192,32,132,0,3,11,0,85.401535034
1,"map(tofrom: a)",8192,32,132,0,3,4,0,84.383226931
1,"map(tofrom: a)",8192,32,132,0,3,5042,0,489.899329841
1,"map(tofrom: a)",8192,32,132,0,3,183,0,103.188119829
1,"map(tofrom: a)",8192,32,132,0,3,17,0,91.106817126
1,"map(tofrom: a)",8192,32,132,0,3,3,0,88.984146714
1,"map(tofrom: a)",8192,32,132,0,3,28,0,88.787451386
1,"map(tofrom: a)",8192,32,132,0,3,1218,0,185.409560800
1,"map(tofrom: a)",8192,32,132,0,3,114,0,98.082423210
1,"map(tofrom: a)",8192,32,132,0,3,758,0,145.152397454
1,"map(tofrom: a)",8192,32,132,0,3,1955,0,242.958590388
1,"map(tofrom: a)",8192,32,132,0,3,472,0,125.072896481
1,"map(tofrom: a)",8192,32,132,0,3,7,0,88.487751782
1,"map(tofrom: a)",8192,32,132,0,3,44,0,89.897960424
1,"map(tofrom: a)",8192,32,132,0,3,3140,0,335.168093443
1,"map(tofrom: a)",8192,32,132,0,3,8096,0,734.728015959
1,"map(tofrom: a)",8192,32,132,0,3,71,0,91.348029673
1,"map(tofrom: a)",8192,32,132,0,3,1,0,85.341185331
1,"map(tofrom: a)",8192,32,132,0,3,2,0,85.757486522
1,"map(tofrom: a)",8192,32,132,0,3,294,0,108.639150858
1,"map(tofrom: a)",8192,32,132,0,4,3,0,88.516622782
1,"map(tofrom: a)",8192,32,132,0,4,8096,0,737.505033612
1,"map(tofrom: a)",8192,32,132,0,4,1,0,86.692906916
1,"map(tofrom: a)",8192,32,132,0,4,28,0,90.346112847
1,"map(tofrom: a)",8192,32,132,0,4,17,0,92.603825033
1,"map(tofrom: a)",8192,32,132,0,4,5042,0,489.426963031
1,"map(tofrom: a)",8192,32,132,0,4,7,0,88.391825557
1,"map(tofrom: a)",8192,32,132,0,4,114,0,97.859092057
1,"map(tofrom: a)",8192,32,132,0,4,44,0,91.522373259
1,"map(tofrom: a)",8192,32,132,0,4,2,0,87.833404541
1,"map(tofrom: a)",8192,32,132,0,4,294,0,110.414437950
1,"map(tofrom: a)",8192,32,132,0,4,758,0,147.794373333
1,"map(tofrom: a)",8192,32,132,0,4,183,0,103.084370494
1,"map(tofrom: a)",8192,32,132,0,4,4,0,88.086910546
1,"map(tofrom: a)",8192,32,132,0,4,1218,0,185.207650065
1,"map(tofrom: a)",8192,32,132,0,4,71,0,92.096067965
1,"map(tofrom: a)",8192,32,132,0,4,1955,0,244.866870344
1,"map(tofrom: a)",8192,32,132,0,4,11,0,88.455714285
1,"map(tofrom: a)",8192,32,132,0,4,472,0,121.819414198
1,"map(tofrom: a)",8192,32,132,0,4,3140,0,338.164903224
1,"map(tofrom: a)",8192,32,132,1,0,2,0,87.300315499
1,"map(tofrom: a)",8192,32,132,1,0,4,0,89.352391660
1,"map(tofrom: a)",8192,32,132,1,0,472,0,128.137879074
1,"map(tofrom: a)",8192,32,132,1,0,3140,0,336.514227092
1,"map(tofrom: a)",8192,32,132,1,0,183,0,102.230720222
1,"map(tofrom: a)",8192,32,132,1,0,28,0,91.471709311
1,"map(tofrom: a)",8192,32,132,1,0,71,0,95.776654780
1,"map(tofrom: a)",8192,32,132,1,0,1218,0,184.650346637
1,"map(tofrom: a)",8192,32,132,1,0,294,0,111.150182784
1,"map(tofrom: a)",8192,32,132,1,0,1,0,88.681466877
1,"map(tofrom: a)",8192,32,132,1,0,7,0,89.447945356
1,"map(tofrom: a)",8192,32,132,1,0,1955,0,245.790742338
1,"map(tofrom: a)",8192,32,132,1,0,758,0,148.793868721
1,"map(tofrom: a)",8192,32,132,1,0,114,0,96.609257162
1,"map(tofrom: a)",8192,32,132,1,0,11,0,87.762996554
1,"map(tofrom: a)",8192,32,132,1,0,3,0,90.363994241
1,"map(tofrom: a)",8192,32,132,1,0,8096,0,735.744275153
1,"map(tofrom: a)",8192,32,132,1,0,44,0,91.424398124
1,"map(tofrom: a)",8192,32,132,1,0,17,0,88.768824935
1,"map(tofrom: a)",8192,32,132,1,0,5042,0,487.711839378
1,"map(tofrom: a)",8192,32,132,1,1,758,0,146.839022636
1,"map(tofrom: a)",8192,32,132,1,1,3,0,87.330862880
1,"map(tofrom: a)",8192,32,132,1,1,3140,0,337.410904467
1,"map(tofrom: a)",8192,32,132,1,1,1955,0,247.137248516
1,"map(tofrom: a)",8192,32,132,1,1,44,0,93.267112970
1,"map(tofrom: a)",8192,32,132,1,1,17,0,89.909695089
1,"map(tofrom: a)",8192,32,132,1,1,294,0,114.156119525
1,"map(tofrom: a)",8192,32,132,1,1,28,0,89.145079255
1,"map(tofrom: a)",8192,32,132,1,1,114,0,97.604282200
1,"map(tofrom: a)",8192,32,132,1,1,2,0,89.692138135
1,"map(tofrom: a)",8192,32,132,1,1,7,0,85.340067744
1,"map(tofrom: a)",8192,32,132,1,1,183,0,102.821178734
1,"map(tofrom: a)",8192,32,132,1,1,8096,0,734.928436577
1,"map(tofrom: a)",8192,32,132,1,1,11,0,87.810307741
1,"map(tofrom: a)",8192,32,132,1,1,1,0,90.246461332
1,"map(tofrom: a)",8192,32,132,1,1,1218,0,184.439308941
1,"map(tofrom: a)",8192,32,132,1,1,472,0,126.446411014
1,"map(tofrom: a)",8192,32,132,1,1,71,0,93.379803002
1,"map(tofrom: a)",8192,32,132,1,1,5042,0,489.254295826
1,"map(tofrom: a)",8192,32,132,1,1,4,0,87.289698422
1,"map(tofrom: a)",8192,32,132,1,2,2,0,87.270885706
1,"map(tofrom: a)",8192,32,132,1,2,71,0,92.373415828
1,"map(tofrom: a)",8192,32,132,1,2,17,0,89.984945953
1,"map(tofrom: a)",8192,32,132,1,2,472,0,125.980563462
1,"map(tofrom: a)",8192,32,132,1,2,5042,0,490.956567228
1,"map(tofrom: a)",8192,32,132,1,2,28,0,93.517266214
1,"map(tofrom: a)",8192,32,132,1,2,44,0,93.160010874
1,"map(tofrom: a)",8192,32,132,1,2,1218,0,184.215418994
1,"map(tofrom: a)",8192,32,132,1,2,4,0,87.272748351
1,"map(tofrom: a)",8192,32,132,1,2,1955,0,244.504399598
1,"map(tofrom: a)",8192,32,132,1,2,183,0,103.542953730
1,"map(tofrom: a)",8192,32,132,1,2,7,0,88.444910944
1,"map(tofrom: a)",8192,32,132,1,2,758,0,147.441215813
1,"map(tofrom: a)",8192,32,132,1,2,1,0,89.476816356
1,"map(tofrom: a)",8192,32,132,1,2,3140,0,335.262157023
1,"map(tofrom: a)",8192,32,132,1,2,8096,0,735.243223608
1,"map(tofrom: a)",8192,32,132,1,2,3,0,87.068974972
1,"map(tofrom: a)",8192,32,132,1,2,114,0,97.453407943
1,"map(tofrom: a)",8192,32,132,1,2,11,0,86.341425776
1,"map(tofrom: a)",8192,32,132,1,2,294,0,109.536014497
1,"map(tofrom: a)",8192,32,132,1,3,1,0,86.542032659
1,"map(tofrom: a)",8192,32,132,1,3,17,0,87.663345039
1,"map(tofrom: a)",8192,32,132,1,3,294,0,111.409835517
1,"map(tofrom: a)",8192,32,132,1,3,5042,0,491.454452276
1,"map(tofrom: a)",8192,32,132,1,3,114,0,97.145885229
1,"map(tofrom: a)",8192,32,132,1,3,28,0,89.896284044
1,"map(tofrom: a)",8192,32,132,1,3,1218,0,188.212282956
1,"map(tofrom: a)",8192,32,132,1,3,2,0,86.614489555
1,"map(tofrom: a)",8192,32,132,1,3,3,0,86.509995162
1,"map(tofrom: a)",8192,32,132,1,3,4,0,88.461861014
1,"map(tofrom: a)",8192,32,132,1,3,758,0,147.705338895
1,"map(tofrom: a)",8192,32,132,1,3,11,0,88.081136346
1,"map(tofrom: a)",8192,32,132,1,3,44,0,90.693682432
1,"map(tofrom: a)",8192,32,132,1,3,472,0,126.937031746
1,"map(tofrom: a)",8192,32,132,1,3,7,0,88.610127568
1,"map(tofrom: a)",8192,32,132,1,3,1955,0,242.464430630
1,"map(tofrom: a)",8192,32,132,1,3,71,0,93.080848455
1,"map(tofrom: a)",8192,32,132,1,3,183,0,103.333033621
1,"map(tofrom: a)",8192,32,132,1,3,8096,0,734.499841928
1,"map(tofrom: a)",8192,32,132,1,3,3140,0,337.923876941
1,"map(tofrom: a)",8192,32,132,1,4,472,0,125.006027520
1,"map(tofrom: a)",8192,32,132,1,4,71,0,94.211660326
1,"map(tofrom: a)",8192,32,132,1,4,1,0,88.761188090
1,"map(tofrom: a)",8192,32,132,1,4,11,0,89.725852013
1,"map(tofrom: a)",8192,32,132,1,4,4,0,87.835825980
1,"map(tofrom: a)",8192,32,132,1,4,3140,0,340.269133449
1,"map(tofrom: a)",8192,32,132,1,4,28,0,89.894793928
1,"map(tofrom: a)",8192,32,132,1,4,1218,0,183.961167932
1,"map(tofrom: a)",8192,32,132,1,4,2,0,87.992101908
1,"map(tofrom: a)",8192,32,132,1,4,183,0,102.438777685
1,"map(tofrom: a)",8192,32,132,1,4,5042,0,488.413125277
1,"map(tofrom: a)",8192,32,132,1,4,114,0,95.712207258
1,"map(tofrom: a)",8192,32,132,1,4,3,0,87.506137788
1,"map(tofrom: a)",8192,32,132,1,4,44,0,91.210193932
1,"map(tofrom: a)",8192,32,132,1,4,758,0,148.700922728
1,"map(tofrom: a)",8192,32,132,1,4,8096,0,732.780806720
1,"map(tofrom: a)",8192,32,132,1,4,1955,0,239.778310061
1,"map(tofrom: a)",8192,32,132,1,4,294,0,110.855139792
1,"map(tofrom: a)",8192,32,132,1,4,7,0,88.687241077
1,"map(tofrom: a)",8192,32,132,1,4,17,0,88.772736490
1,"map(tofrom: a)",16382,32,132,0,0,7,0,102.535821497
1,"map(tofrom: a)",16382,32,132,0,0,114,0,110.108219087
1,"map(tofrom: a)",16382,32,132,0,0,3,0,99.119916558
1,"map(tofrom: a)",16382,32,132,0,0,17,0,100.084953010
1,"map(tofrom: a)",16382,32,132,0,0,1,0,99.033117294
1,"map(tofrom: a)",16382,32,132,0,0,44,0,103.355012834
1,"map(tofrom: a)",16382,32,132,0,0,294,0,122.004188597
1,"map(tofrom: a)",16382,32,132,0,0,3140,0,350.545346737
1,"map(tofrom: a)",16382,32,132,0,0,4,0,99.052488804
1,"map(tofrom: a)",16382,32,132,0,0,1955,0,256.754457951
1,"map(tofrom: a)",16382,32,132,0,0,183,0,113.775208592
1,"map(tofrom: a)",16382,32,132,0,0,8096,0,747.033953667
1,"map(tofrom: a)",16382,32,132,0,0,758,0,161.366537213
1,"map(tofrom: a)",16382,32,132,0,0,71,0,104.725919664
1,"map(tofrom: a)",16382,32,132,0,0,2,0,100.369378924
1,"map(tofrom: a)",16382,32,132,0,0,11,0,99.423527718
1,"map(tofrom: a)",16382,32,132,0,0,28,0,103.856436908
1,"map(tofrom: a)",16382,32,132,0,0,5042,0,500.898994505
1,"map(tofrom: a)",16382,32,132,0,0,1218,0,192.824378610
1,"map(tofrom: a)",16382,32,132,0,0,472,0,128.816626966
1,"map(tofrom: a)",16382,32,132,0,1,4,0,93.156844378
1,"map(tofrom: a)",16382,32,132,0,1,1,0,96.026621759
1,"map(tofrom: a)",16382,32,132,0,1,17,0,96.657685935
1,"map(tofrom: a)",16382,32,132,0,1,28,0,95.311738551
1,"map(tofrom: a)",16382,32,132,0,1,11,0,93.981996179
1,"map(tofrom: a)",16382,32,132,0,1,3140,0,346.688367426
1,"map(tofrom: a)",16382,32,132,0,1,2,0,97.114779055
1,"map(tofrom: a)",16382,32,132,0,1,758,0,159.955583513
1,"map(tofrom: a)",16382,32,132,0,1,1218,0,197.524391115
1,"map(tofrom: a)",16382,32,132,0,1,44,0,96.984580159
1,"map(tofrom: a)",16382,32,132,0,1,71,0,96.135213971
1,"map(tofrom: a)",16382,32,132,0,1,114,0,102.918595076
1,"map(tofrom: a)",16382,32,132,0,1,294,0,116.921775043
1,"map(tofrom: a)",16382,32,132,0,1,7,0,96.365809441
1,"map(tofrom: a)",16382,32,132,0,1,183,0,109.056755900
1,"map(tofrom: a)",16382,32,132,0,1,8096,0,743.521377444
1,"map(tofrom: a)",16382,32,132,0,1,472,0,132.459960878
1,"map(tofrom: a)",16382,32,132,0,1,1955,0,254.264101386
1,"map(tofrom: a)",16382,32,132,0,1,3,0,97.545981407
1,"map(tofrom: a)",16382,32,132,0,1,5042,0,494.059547782
1,"map(tofrom: a)",16382,32,132,0,2,3,0,79.037807882
1,"map(tofrom: a)",16382,32,132,0,2,44,0,82.047469914
1,"map(tofrom: a)",16382,32,132,0,2,1,0,78.880786896
1,"map(tofrom: a)",16382,32,132,0,2,183,0,93.669258058
1,"map(tofrom: a)",16382,32,132,0,2,294,0,103.258527815
1,"map(tofrom: a)",16382,32,132,0,2,5042,0,498.893298209
1,"map(tofrom: a)",16382,32,132,0,2,7,0,91.635435820
1,"map(tofrom: a)",16382,32,132,0,2,8096,0,745.116919279
1,"map(tofrom: a)",16382,32,132,0,2,2,0,95.231458545
1,"map(tofrom: a)",16382,32,132,0,2,114,0,104.508548975
1,"map(tofrom: a)",16382,32,132,0,2,71,0,103.424303234
1,"map(tofrom: a)",16382,32,132,0,2,1955,0,253.140553832
1,"map(tofrom: a)",16382,32,132,0,2,17,0,99.321641028
1,"map(tofrom: a)",16382,32,132,0,2,472,0,135.396048427
1,"map(tofrom: a)",16382,32,132,0,2,11,0,95.920078456
1,"map(tofrom: a)",16382,32,132,0,2,1218,0,190.612673759
1,"map(tofrom: a)",16382,32,132,0,2,4,0,94.857625663
1,"map(tofrom: a)",16382,32,132,0,2,3140,0,350.111164153
1,"map(tofrom: a)",16382,32,132,0,2,758,0,158.012472093
1,"map(tofrom: a)",16382,32,132,0,2,28,0,98.440982401
1,"map(tofrom: a)",16382,32,132,0,3,11,0,96.658058465
1,"map(tofrom: a)",16382,32,132,0,3,4,0,96.799246967
1,"map(tofrom: a)",16382,32,132,0,3,5042,0,499.404594302
1,"map(tofrom: a)",16382,32,132,0,3,183,0,108.699686825
1,"map(tofrom: a)",16382,32,132,0,3,17,0,94.014778733
1,"map(tofrom: a)",16382,32,132,0,3,3,0,92.583708465
1,"map(tofrom: a)",16382,32,132,0,3,28,0,99.275261164
1,"map(tofrom: a)",16382,32,132,0,3,1218,0,194.650329649
1,"map(tofrom: a)",16382,32,132,0,3,114,0,106.638111174
1,"map(tofrom: a)",16382,32,132,0,3,758,0,157.915055752
1,"map(tofrom: a)",16382,32,132,0,3,1955,0,254.356116056
1,"map(tofrom: a)",16382,32,132,0,3,472,0,138.280168176
1,"map(tofrom: a)",16382,32,132,0,3,7,0,96.764042974
1,"map(tofrom: a)",16382,32,132,0,3,44,0,98.983012140
1,"map(tofrom: a)",16382,32,132,0,3,3140,0,347.020104527
1,"map(tofrom: a)",16382,32,132,0,3,8096,0,748.993642628
1,"map(tofrom: a)",16382,32,132,0,3,71,0,103.004276752
1,"map(tofrom: a)",16382,32,132,0,3,1,0,96.907094121
1,"map(tofrom: a)",16382,32,132,0,3,2,0,97.438506782
1,"map(tofrom: a)",16382,32,132,0,3,294,0,119.470246136
1,"map(tofrom: a)",16382,32,132,0,4,3,0,95.041468740
1,"map(tofrom: a)",16382,32,132,0,4,8096,0,749.202258885
1,"map(tofrom: a)",16382,32,132,0,4,1,0,99.322758615
1,"map(tofrom: a)",16382,32,132,0,4,28,0,98.207779229
1,"map(tofrom: a)",16382,32,132,0,4,17,0,99.424645305
1,"map(tofrom: a)",16382,32,132,0,4,5042,0,488.512963057
1,"map(tofrom: a)",16382,32,132,0,4,7,0,77.694468200
1,"map(tofrom: a)",16382,32,132,0,4,114,0,99.126249552
1,"map(tofrom: a)",16382,32,132,0,4,44,0,101.211853325
1,"map(tofrom: a)",16382,32,132,0,4,2,0,99.281221628
1,"map(tofrom: a)",16382,32,132,0,4,294,0,122.710689902
1,"map(tofrom: a)",16382,32,132,0,4,758,0,158.118084073
1,"map(tofrom: a)",16382,32,132,0,4,183,0,114.099867642
1,"map(tofrom: a)",16382,32,132,0,4,4,0,96.460245550
1,"map(tofrom: a)",16382,32,132,0,4,1218,0,198.763050139
1,"map(tofrom: a)",16382,32,132,0,4,71,0,103.340856731
1,"map(tofrom: a)",16382,32,132,0,4,1955,0,254.862569273
1,"map(tofrom: a)",16382,32,132,0,4,11,0,96.895359457
1,"map(tofrom: a)",16382,32,132,0,4,472,0,134.450383484
1,"map(tofrom: a)",16382,32,132,0,4,3140,0,347.791798413
1,"map(tofrom: a)",16382,32,132,1,0,2,0,97.983516753
1,"map(tofrom: a)",16382,32,132,1,0,4,0,100.079365075
1,"map(tofrom: a)",16382,32,132,1,0,472,0,136.735290289
1,"map(tofrom: a)",16382,32,132,1,0,3140,0,352.028198540
1,"map(tofrom: a)",16382,32,132,1,0,183,0,114.034116268
1,"map(tofrom: a)",16382,32,132,1,0,28,0,101.024843752
1,"map(tofrom: a)",16382,32,132,1,0,71,0,102.207623422
1,"map(tofrom: a)",16382,32,132,1,0,1218,0,198.728591204
1,"map(tofrom: a)",16382,32,132,1,0,294,0,121.873430908
1,"map(tofrom: a)",16382,32,132,1,0,1,0,100.201927125
1,"map(tofrom: a)",16382,32,132,1,0,7,0,101.057067513
1,"map(tofrom: a)",16382,32,132,1,0,1955,0,256.304070354
1,"map(tofrom: a)",16382,32,132,1,0,758,0,157.355517149
1,"map(tofrom: a)",16382,32,132,1,0,114,0,105.182640254
1,"map(tofrom: a)",16382,32,132,1,0,11,0,98.781287670
1,"map(tofrom: a)",16382,32,132,1,0,3,0,97.284279764
1,"map(tofrom: a)",16382,32,132,1,0,8096,0,748.241506517
1,"map(tofrom: a)",16382,32,132,1,0,44,0,99.865905941
1,"map(tofrom: a)",16382,32,132,1,0,17,0,97.447633743
1,"map(tofrom: a)",16382,32,132,1,0,5042,0,504.916533828
1,"map(tofrom: a)",16382,32,132,1,1,758,0,159.966200590
1,"map(tofrom: a)",16382,32,132,1,1,3,0,99.170207977
1,"map(tofrom: a)",16382,32,132,1,1,3140,0,352.223403752
1,"map(tofrom: a)",16382,32,132,1,1,1955,0,254.524499178
1,"map(tofrom: a)",16382,32,132,1,1,44,0,101.340934634
1,"map(tofrom: a)",16382,32,132,1,1,17,0,99.140405655
1,"map(tofrom: a)",16382,32,132,1,1,294,0,121.033191681
1,"map(tofrom: a)",16382,32,132,1,1,28,0,99.558196962
1,"map(tofrom: a)",16382,32,132,1,1,114,0,107.645615935
1,"map(tofrom: a)",16382,32,132,1,1,2,0,99.961459637
1,"map(tofrom: a)",16382,32,132,1,1,7,0,100.924447179
1,"map(tofrom: a)",16382,32,132,1,1,183,0,114.938989282
1,"map(tofrom: a)",16382,32,132,1,1,8096,0,747.417099774
1,"map(tofrom: a)",16382,32,132,1,1,11,0,95.854513347
1,"map(tofrom: a)",16382,32,132,1,1,1,0,95.250271261
1,"map(tofrom: a)",16382,32,132,1,1,1218,0,194.403901696
1,"map(tofrom: a)",16382,32,132,1,1,472,0,136.312469840
1,"map(tofrom: a)",16382,32,132,1,1,71,0,106.026791036
1,"map(tofrom: a)",16382,32,132,1,1,5042,0,504.655577242
1,"map(tofrom: a)",16382,32,132,1,1,4,0,102.190859616
1,"map(tofrom: a)",16382,32,132,1,2,2,0,97.797065973
1,"map(tofrom: a)",16382,32,132,1,2,71,0,83.583034575
1,"map(tofrom: a)",16382,32,132,1,2,17,0,77.837146819
1,"map(tofrom: a)",16382,32,132,1,2,472,0,124.558806419
1,"map(tofrom: a)",16382,32,132,1,2,5042,0,501.568801701
1,"map(tofrom: a)",16382,32,132,1,2,28,0,101.439468563
1,"map(tofrom: a)",16382,32,132,1,2,44,0,100.178457797
1,"map(tofrom: a)",16382,32,132,1,2,1218,0,193.556956947
1,"map(tofrom: a)",16382,32,132,1,2,4,0,99.573470652
1,"map(tofrom: a)",16382,32,132,1,2,1955,0,257.175974548
1,"map(tofrom: a)",16382,32,132,1,2,183,0,117.560289800
1,"map(tofrom: a)",16382,32,132,1,2,7,0,102.869421244
1,"map(tofrom: a)",16382,32,132,1,2,758,0,161.159038544
1,"map(tofrom: a)",16382,32,132,1,2,1,0,95.857866108
1,"map(tofrom: a)",16382,32,132,1,2,3140,0,349.997170269
1,"map(tofrom: a)",16382,32,132,1,2,8096,0,750.075839460
1,"map(tofrom: a)",16382,32,132,1,2,3,0,97.225792706
1,"map(tofrom: a)",16382,32,132,1,2,114,0,103.330612183
1,"map(tofrom: a)",16382,32,132,1,2,11,0,98.090618849
1,"map(tofrom: a)",16382,32,132,1,2,294,0,120.599009097
1,"map(tofrom: a)",16382,32,132,1,3,1,0,98.122283816
1,"map(tofrom: a)",16382,32,132,1,3,17,0,99.373981357
1,"map(tofrom: a)",16382,32,132,1,3,294,0,124.846585095
1,"map(tofrom: a)",16382,32,132,1,3,5042,0,510.342419147
1,"map(tofrom: a)",16382,32,132,1,3,114,0,112.389773130
1,"map(tofrom: a)",16382,32,132,1,3,28,0,101.554393768
1,"map(tofrom: a)",16382,32,132,1,3,1218,0,196.853652596
1,"map(tofrom: a)",16382,32,132,1,3,2,0,98.260492086
1,"map(tofrom: a)",16382,32,132,1,3,3,0,95.163471997
1,"map(tofrom: a)",16382,32,132,1,3,4,0,98.401121795
1,"map(tofrom: a)",16382,32,132,1,3,758,0,159.646943212
1,"map(tofrom: a)",16382,32,132,1,3,11,0,97.052007914
1,"map(tofrom: a)",16382,32,132,1,3,44,0,100.386328995
1,"map(tofrom: a)",16382,32,132,1,3,472,0,133.105553687
1,"map(tofrom: a)",16382,32,132,1,3,7,0,99.408254027
1,"map(tofrom: a)",16382,32,132,1,3,1955,0,257.196463645
1,"map(tofrom: a)",16382,32,132,1,3,71,0,106.328725815
1,"map(tofrom: a)",16382,32,132,1,3,183,0,116.575881839
1,"map(tofrom: a)",16382,32,132,1,3,8096,0,750.355608761
1,"map(tofrom: a)",16382,32,132,1,3,3140,0,352.761708200
1,"map(tofrom: a)",16382,32,132,1,4,472,0,138.133019209
1,"map(tofrom: a)",16382,32,132,1,4,71,0,102.992169559
1,"map(tofrom: a)",16382,32,132,1,4,1,0,99.479593337
1,"map(tofrom: a)",16382,32,132,1,4,11,0,100.860185921
1,"map(tofrom: a)",16382,32,132,1,4,4,0,99.545717239
1,"map(tofrom: a)",16382,32,132,1,4,3140,0,353.949889541
1,"map(tofrom: a)",16382,32,132,1,4,28,0,102.203339338
1,"map(tofrom: a)",16382,32,132,1,4,1218,0,197.243504226
1,"map(tofrom: a)",16382,32,132,1,4,2,0,101.292133331
1,"map(tofrom: a)",16382,32,132,1,4,183,0,114.715099335
1,"map(tofrom: a)",16382,32,132,1,4,5042,0,504.310987890
1,"map(tofrom: a)",16382,32,132,1,4,114,0,110.310502350
1,"map(tofrom: a)",16382,32,132,1,4,3,0,102.866254747
1,"map(tofrom: a)",16382,32,132,1,4,44,0,105.239264667
1,"map(tofrom: a)",16382,32,132,1,4,758,0,159.378722310
1,"map(tofrom: a)",16382,32,132,1,4,8096,0,752.302631736
1,"map(tofrom: a)",16382,32,132,1,4,1955,0,258.344598114
1,"map(tofrom: a)",16382,32,132,1,4,294,0,124.264322221
1,"map(tofrom: a)",16382,32,132,1,4,7,0,97.831711173
1,"map(tofrom: a)",16382,32,132,1,4,17,0,98.195858300
1,"map(tofrom: a)",32768,32,132,0,0,7,0,143.581256270
1,"map(tofrom: a)",32768,32,132,0,0,114,0,151.869282126
1,"map(tofrom: a)",32768,32,132,0,0,3,0,146.136991680
1,"map(tofrom: a)",32768,32,132,0,0,17,0,146.592967212
1,"map(tofrom: a)",32768,32,132,0,0,1,0,144.642777741
1,"map(tofrom: a)",32768,32,132,0,0,44,0,149.084255099
1,"map(tofrom: a)",32768,32,132,0,0,294,0,166.206248105
1,"map(tofrom: a)",32768,32,132,0,0,3140,0,398.471392691
1,"map(tofrom: a)",32768,32,132,0,0,4,0,146.572850645
1,"map(tofrom: a)",32768,32,132,0,0,1955,0,304.817408323
1,"map(tofrom: a)",32768,32,132,0,0,183,0,158.159993589
1,"map(tofrom: a)",32768,32,132,0,0,8096,0,797.695294023
1,"map(tofrom: a)",32768,32,132,0,0,758,0,206.352770329
1,"map(tofrom: a)",32768,32,132,0,0,71,0,154.691562057
1,"map(tofrom: a)",32768,32,132,0,0,2,0,145.649723709
1,"map(tofrom: a)",32768,32,132,0,0,11,0,145.915336907
1,"map(tofrom: a)",32768,32,132,0,0,28,0,145.733915269
1,"map(tofrom: a)",32768,32,132,0,0,5042,0,553.459860384
1,"map(tofrom: a)",32768,32,132,0,0,1218,0,245.617143810
1,"map(tofrom: a)",32768,32,132,0,0,472,0,180.730223656
1,"map(tofrom: a)",32768,32,132,0,1,4,0,146.774947643
1,"map(tofrom: a)",32768,32,132,0,1,1,0,147.243216634
1,"map(tofrom: a)",32768,32,132,0,1,17,0,148.834846914
1,"map(tofrom: a)",32768,32,132,0,1,28,0,148.396566510
1,"map(tofrom: a)",32768,32,132,0,1,11,0,146.805867553
1,"map(tofrom: a)",32768,32,132,0,1,3140,0,397.278554738
1,"map(tofrom: a)",32768,32,132,0,1,2,0,143.105909228
1,"map(tofrom: a)",32768,32,132,0,1,758,0,206.416100264
1,"map(tofrom: a)",32768,32,132,0,1,1218,0,246.604532003
1,"map(tofrom: a)",32768,32,132,0,1,44,0,152.856670320
1,"map(tofrom: a)",32768,32,132,0,1,71,0,153.335183859
1,"map(tofrom: a)",32768,32,132,0,1,114,0,157.938897610
1,"map(tofrom: a)",32768,32,132,0,1,294,0,171.077437699
1,"map(tofrom: a)",32768,32,132,0,1,7,0,144.638493657
1,"map(tofrom: a)",32768,32,132,0,1,183,0,162.409432232
1,"map(tofrom: a)",32768,32,132,0,1,8096,0,798.137299716
1,"map(tofrom: a)",32768,32,132,0,1,472,0,184.673070908
1,"map(tofrom: a)",32768,32,132,0,1,1955,0,301.697105169
1,"map(tofrom: a)",32768,32,132,0,1,3,0,144.977867603
1,"map(tofrom: a)",32768,32,132,0,1,5042,0,550.323724747
1,"map(tofrom: a)",32768,32,132,0,2,3,0,143.226422369
1,"map(tofrom: a)",32768,32,132,0,2,44,0,149.802863598
1,"map(tofrom: a)",32768,32,132,0,2,1,0,146.445259452
1,"map(tofrom: a)",32768,32,132,0,2,183,0,162.410549819
1,"map(tofrom: a)",32768,32,132,0,2,294,0,169.495865703
1,"map(tofrom: a)",32768,32,132,0,2,5042,0,550.996512175
1,"map(tofrom: a)",32768,32,132,0,2,7,0,144.247896969
1,"map(tofrom: a)",32768,32,132,0,2,8096,0,796.752236784
1,"map(tofrom: a)",32768,32,132,0,2,2,0,142.126157880
1,"map(tofrom: a)",32768,32,132,0,2,114,0,153.652764857
1,"map(tofrom: a)",32768,32,132,0,2,71,0,151.538848877
1,"map(tofrom: a)",32768,32,132,0,2,1955,0,301.611609757
1,"map(tofrom: a)",32768,32,132,0,2,17,0,144.490227103
1,"map(tofrom: a)",32768,32,132,0,2,472,0,176.610797644
1,"map(tofrom: a)",32768,32,132,0,2,11,0,144.960172474
1,"map(tofrom: a)",32768,32,132,0,2,1218,0,245.351716876
1,"map(tofrom: a)",32768,32,132,0,2,4,0,145.107880235
1,"map(tofrom: a)",32768,32,132,0,2,3140,0,400.782190263
1,"map(tofrom: a)",32768,32,132,0,2,758,0,212.415680289
1,"map(tofrom: a)",32768,32,132,0,2,28,0,148.466601968
1,"map(tofrom: a)",32768,32,132,0,3,11,0,146.717764437
1,"map(tofrom: a)",32768,32,132,0,3,4,0,146.451219916
1,"map(tofrom: a)",32768,32,132,0,3,5042,0,552.920810878
1,"map(tofrom: a)",32768,32,132,0,3,183,0,160.688720644
1,"map(tofrom: a)",32768,32,132,0,3,17,0,148.636288941
1,"map(tofrom: a)",32768,32,132,0,3,3,0,146.264955401
1,"map(tofrom: a)",32768,32,132,0,3,28,0,149.722956121
1,"map(tofrom: a)",32768,32,132,0,3,1218,0,243.206880987
1,"map(tofrom: a)",32768,32,132,0,3,114,0,155.510194600
1,"map(tofrom: a)",32768,32,132,0,3,758,0,203.076191247
1,"map(tofrom: a)",32768,32,132,0,3,1955,0,302.380323410
1,"map(tofrom: a)",32768,32,132,0,3,472,0,185.491889715
1,"map(tofrom: a)",32768,32,132,0,3,7,0,144.195929170
1,"map(tofrom: a)",32768,32,132,0,3,44,0,149.793177843
1,"map(tofrom: a)",32768,32,132,0,3,3140,0,397.869385779
1,"map(tofrom: a)",32768,32,132,0,3,8096,0,796.517170966
1,"map(tofrom: a)",32768,32,132,0,3,71,0,152.018852532
1,"map(tofrom: a)",32768,32,132,0,3,1,0,142.043270171
1,"map(tofrom: a)",32768,32,132,0,3,2,0,143.782608211
1,"map(tofrom: a)",32768,32,132,0,3,294,0,167.335569859
1,"map(tofrom: a)",32768,32,132,0,4,3,0,144.903361797
1,"map(tofrom: a)",32768,32,132,0,4,8096,0,795.814953744
1,"map(tofrom: a)",32768,32,132,0,4,1,0,142.429582775
1,"map(tofrom: a)",32768,32,132,0,4,28,0,144.797749817
1,"map(tofrom: a)",32768,32,132,0,4,17,0,143.666751683
1,"map(tofrom: a)",32768,32,132,0,4,5042,0,552.526488900
1,"map(tofrom: a)",32768,32,132,0,4,7,0,147.470273077
1,"map(tofrom: a)",32768,32,132,0,4,114,0,156.714208424
1,"map(tofrom: a)",32768,32,132,0,4,44,0,147.289782763
1,"map(tofrom: a)",32768,32,132,0,4,2,0,143.259577453
1,"map(tofrom: a)",32768,32,132,0,4,294,0,170.330889523
1,"map(tofrom: a)",32768,32,132,0,4,758,0,204.258970916
1,"map(tofrom: a)",32768,32,132,0,4,183,0,156.911276281
1,"map(tofrom: a)",32768,32,132,0,4,4,0,147.523544729
1,"map(tofrom: a)",32768,32,132,0,4,1218,0,242.376700044
1,"map(tofrom: a)",32768,32,132,0,4,71,0,148.787535727
1,"map(tofrom: a)",32768,32,132,0,4,1955,0,299.943797290
1,"map(tofrom: a)",32768,32,132,0,4,11,0,145.374797285
1,"map(tofrom: a)",32768,32,132,0,4,472,0,183.187425137
1,"map(tofrom: a)",32768,32,132,0,4,3140,0,395.261868834
1,"map(tofrom: a)",32768,32,132,1,0,2,0,142.210535705
1,"map(tofrom: a)",32768,32,132,1,0,4,0,143.786892295
1,"map(tofrom: a)",32768,32,132,1,0,472,0,181.042775512
1,"map(tofrom: a)",32768,32,132,1,0,3140,0,393.854267895
1,"map(tofrom: a)",32768,32,132,1,0,183,0,153.702124953
1,"map(tofrom: a)",32768,32,132,1,0,28,0,146.227143705
1,"map(tofrom: a)",32768,32,132,1,0,71,0,153.706036508
1,"map(tofrom: a)",32768,32,132,1,0,1218,0,246.001593769
1,"map(tofrom: a)",32768,32,132,1,0,294,0,171.718001366
1,"map(tofrom: a)",32768,32,132,1,0,1,0,150.490365922
1,"map(tofrom: a)",32768,32,132,1,0,7,0,147.576443851
1,"map(tofrom: a)",32768,32,132,1,0,1955,0,303.717516363
1,"map(tofrom: a)",32768,32,132,1,0,758,0,205.321237445
1,"map(tofrom: a)",32768,32,132,1,0,114,0,154.815241694
1,"map(tofrom: a)",32768,32,132,1,0,11,0,146.849825978
1,"map(tofrom: a)",32768,32,132,1,0,3,0,145.943276584
1,"map(tofrom: a)",32768,32,132,1,0,8096,0,797.774642706
1,"map(tofrom: a)",32768,32,132,1,0,44,0,151.188485324
1,"map(tofrom: a)",32768,32,132,1,0,17,0,150.158256292
1,"map(tofrom: a)",32768,32,132,1,0,5042,0,552.395544946
1,"map(tofrom: a)",32768,32,132,1,1,758,0,208.320841193
1,"map(tofrom: a)",32768,32,132,1,1,3,0,145.284458995
1,"map(tofrom: a)",32768,32,132,1,1,3140,0,401.162542403
1,"map(tofrom: a)",32768,32,132,1,1,1955,0,309.249386191
1,"map(tofrom: a)",32768,32,132,1,1,44,0,152.397155762
1,"map(tofrom: a)",32768,32,132,1,1,17,0,152.402184904
1,"map(tofrom: a)",32768,32,132,1,1,294,0,173.345766962
1,"map(tofrom: a)",32768,32,132,1,1,28,0,150.792673230
1,"map(tofrom: a)",32768,32,132,1,1,114,0,155.835039914
1,"map(tofrom: a)",32768,32,132,1,1,2,0,148.809328675
1,"map(tofrom: a)",32768,32,132,1,1,7,0,148.082524538
1,"map(tofrom: a)",32768,32,132,1,1,183,0,165.521912277
1,"map(tofrom: a)",32768,32,132,1,1,8096,0,803.911685944
1,"map(tofrom: a)",32768,32,132,1,1,11,0,150.078162551
1,"map(tofrom: a)",32768,32,132,1,1,1,0,151.789002120
1,"map(tofrom: a)",32768,32,132,1,1,1218,0,248.414091766
1,"map(tofrom: a)",32768,32,132,1,1,472,0,190.557539463
1,"map(tofrom: a)",32768,32,132,1,1,71,0,153.511390090
1,"map(tofrom: a)",32768,32,132,1,1,5042,0,555.212050676
1,"map(tofrom: a)",32768,32,132,1,1,4,0,152.129679918
1,"map(tofrom: a)",32768,32,132,1,2,2,0,152.570940554
1,"map(tofrom: a)",32768,32,132,1,2,71,0,159.848667681
1,"map(tofrom: a)",32768,32,132,1,2,17,0,149.305537343
1,"map(tofrom: a)",32768,32,132,1,2,472,0,184.479169548
1,"map(tofrom: a)",32768,32,132,1,2,5042,0,555.175356567
1,"map(tofrom: a)",32768,32,132,1,2,28,0,153.299421072
1,"map(tofrom: a)",32768,32,132,1,2,44,0,153.330899775
1,"map(tofrom: a)",32768,32,132,1,2,1218,0,246.141850948
1,"map(tofrom: a)",32768,32,132,1,2,4,0,151.637010276
1,"map(tofrom: a)",32768,32,132,1,2,1955,0,309.091433883
1,"map(tofrom: a)",32768,32,132,1,2,183,0,165.931880474
1,"map(tofrom: a)",32768,32,132,1,2,7,0,152.560509741
1,"map(tofrom: a)",32768,32,132,1,2,758,0,208.069756627
1,"map(tofrom: a)",32768,32,132,1,2,1,0,146.929547191
1,"map(tofrom: a)",32768,32,132,1,2,3140,0,404.542125762
1,"map(tofrom: a)",32768,32,132,1,2,8096,0,804.067589343
1,"map(tofrom: a)",32768,32,132,1,2,3,0,150.310993195
1,"map(tofrom: a)",32768,32,132,1,2,114,0,161.425769329
1,"map(tofrom: a)",32768,32,132,1,2,11,0,152.619369328
1,"map(tofrom: a)",32768,32,132,1,2,294,0,175.024569035
1,"map(tofrom: a)",32768,32,132,1,3,1,0,149.692222476
1,"map(tofrom: a)",32768,32,132,1,3,17,0,151.286646724
1,"map(tofrom: a)",32768,32,132,1,3,294,0,173.870474100
1,"map(tofrom: a)",32768,32,132,1,3,5042,0,556.552037597
1,"map(tofrom: a)",32768,32,132,1,3,114,0,158.756971359
1,"map(tofrom: a)",32768,32,132,1,3,28,0,150.242820382
1,"map(tofrom: a)",32768,32,132,1,3,1218,0,247.032754123
1,"map(tofrom: a)",32768,32,132,1,3,2,0,150.305032730
1,"map(tofrom: a)",32768,32,132,1,3,3,0,151.004642248
1,"map(tofrom: a)",32768,32,132,1,3,4,0,150.175206363
1,"map(tofrom: a)",32768,32,132,1,3,758,0,213.967822492
1,"map(tofrom: a)",32768,32,132,1,3,11,0,148.651562631
1,"map(tofrom: a)",32768,32,132,1,3,44,0,152.796879411
1,"map(tofrom: a)",32768,32,132,1,3,472,0,187.960267067
1,"map(tofrom: a)",32768,32,132,1,3,7,0,152.861699462
1,"map(tofrom: a)",32768,32,132,1,3,1955,0,308.291986585
1,"map(tofrom: a)",32768,32,132,1,3,71,0,156.032294035
1,"map(tofrom: a)",32768,32,132,1,3,183,0,165.252014995
1,"map(tofrom: a)",32768,32,132,1,3,8096,0,799.592584372
1,"map(tofrom: a)",32768,32,132,1,3,3140,0,399.961136281
1,"map(tofrom: a)",32768,32,132,1,4,472,0,189.902633429
1,"map(tofrom: a)",32768,32,132,1,4,71,0,156.910344958
1,"map(tofrom: a)",32768,32,132,1,4,1,0,154.748745263
1,"map(tofrom: a)",32768,32,132,1,4,11,0,151.963904500
1,"map(tofrom: a)",32768,32,132,1,4,4,0,152.340345085
1,"map(tofrom: a)",32768,32,132,1,4,3140,0,402.741879225
1,"map(tofrom: a)",32768,32,132,1,4,28,0,153.097882867
1,"map(tofrom: a)",32768,32,132,1,4,1218,0,249.459408224
1,"map(tofrom: a)",32768,32,132,1,4,2,0,150.833651423
1,"map(tofrom: a)",32768,32,132,1,4,183,0,164.589099586
1,"map(tofrom: a)",32768,32,132,1,4,5042,0,554.632395506
1,"map(tofrom: a)",32768,32,132,1,4,114,0,155.209749937
1,"map(tofrom: a)",32768,32,132,1,4,3,0,147.444568574
1,"map(tofrom: a)",32768,32,132,1,4,44,0,155.557692051
1,"map(tofrom: a)",32768,32,132,1,4,758,0,212.376937270
1,"map(tofrom: a)",32768,32,132,1,4,8096,0,801.822915673
1,"map(tofrom: a)",32768,32,132,1,4,1955,0,306.337326765
1,"map(tofrom: a)",32768,32,132,1,4,294,0,175.886973739
1,"map(tofrom: a)",32768,32,132,1,4,7,0,147.550553083
1,"map(tofrom: a)",32768,32,132,1,4,17,0,149.179622531
1,"map(tofrom: a)",65536,32,132,0,0,7,0,227.888114750
1,"map(tofrom: a)",65536,32,132,0,0,114,0,235.618464649
1,"map(tofrom: a)",65536,32,132,0,0,3,0,224.945321679
1,"map(tofrom: a)",65536,32,132,0,0,17,0,226.861424744
1,"map(tofrom: a)",65536,32,132,0,0,1,0,223.522260785
1,"map(tofrom: a)",65536,32,132,0,0,44,0,224.240310490
1,"map(tofrom: a)",65536,32,132,0,0,294,0,250.696390867
1,"map(tofrom: a)",65536,32,132,0,0,3140,0,484.447740018
1,"map(tofrom: a)",65536,32,132,0,0,4,0,224.310532212
1,"map(tofrom: a)",65536,32,132,0,0,1955,0,380.969420075
1,"map(tofrom: a)",65536,32,132,0,0,183,0,239.214487374
1,"map(tofrom: a)",65536,32,132,0,0,8096,0,873.720459640
1,"map(tofrom: a)",65536,32,132,0,0,758,0,289.178080857
1,"map(tofrom: a)",65536,32,132,0,0,71,0,231.137312949
1,"map(tofrom: a)",65536,32,132,0,0,2,0,224.566273391
1,"map(tofrom: a)",65536,32,132,0,0,11,0,230.865180492
1,"map(tofrom: a)",65536,32,132,0,0,28,0,230.730697513
1,"map(tofrom: a)",65536,32,132,0,0,5042,0,628.709234297
1,"map(tofrom: a)",65536,32,132,0,0,1218,0,324.036739767
1,"map(tofrom: a)",65536,32,132,0,0,472,0,264.355540276
1,"map(tofrom: a)",65536,32,132,0,1,4,0,226.380489767
1,"map(tofrom: a)",65536,32,132,0,1,1,0,228.672288358
1,"map(tofrom: a)",65536,32,132,0,1,17,0,223.687849939
1,"map(tofrom: a)",65536,32,132,0,1,28,0,224.150344729
1,"map(tofrom: a)",65536,32,132,0,1,11,0,228.683277965
1,"map(tofrom: a)",65536,32,132,0,1,3140,0,481.523200870
1,"map(tofrom: a)",65536,32,132,0,1,2,0,228.826329112
1,"map(tofrom: a)",65536,32,132,0,1,758,0,285.306572914
1,"map(tofrom: a)",65536,32,132,0,1,1218,0,326.005928218
1,"map(tofrom: a)",65536,32,132,0,1,44,0,230.660289526
1,"map(tofrom: a)",65536,32,132,0,1,71,0,231.052003801
1,"map(tofrom: a)",65536,32,132,0,1,114,0,235.645473003
1,"map(tofrom: a)",65536,32,132,0,1,294,0,248.719379306
1,"map(tofrom: a)",65536,32,132,0,1,7,0,226.584076881
1,"map(tofrom: a)",65536,32,132,0,1,183,0,238.392315805
1,"map(tofrom: a)",65536,32,132,0,1,8096,0,878.419168293
1,"map(tofrom: a)",65536,32,132,0,1,472,0,264.226458967
1,"map(tofrom: a)",65536,32,132,0,1,1955,0,387.357175350
1,"map(tofrom: a)",65536,32,132,0,1,3,0,228.048488498
1,"map(tofrom: a)",65536,32,132,0,1,5042,0,631.207972765
1,"map(tofrom: a)",65536,32,132,0,2,3,0,228.577665985
1,"map(tofrom: a)",65536,32,132,0,2,44,0,231.348909438
1,"map(tofrom: a)",65536,32,132,0,2,1,0,229.253619909
1,"map(tofrom: a)",65536,32,132,0,2,183,0,241.662375629
1,"map(tofrom: a)",65536,32,132,0,2,294,0,247.819721699
1,"map(tofrom: a)",65536,32,132,0,2,5042,0,636.998564005
1,"map(tofrom: a)",65536,32,132,0,2,7,0,231.063924730
1,"map(tofrom: a)",65536,32,132,0,2,8096,0,878.120400012
1,"map(tofrom: a)",65536,32,132,0,2,2,0,230.234488845
1,"map(tofrom: a)",65536,32,132,0,2,114,0,233.521312475
1,"map(tofrom: a)",65536,32,132,0,2,71,0,233.308412135
1,"map(tofrom: a)",65536,32,132,0,2,1955,0,384.966842830
1,"map(tofrom: a)",65536,32,132,0,2,17,0,228.253379464
1,"map(tofrom: a)",65536,32,132,0,2,472,0,259.733572602
1,"map(tofrom: a)",65536,32,132,0,2,11,0,225.594267249
1,"map(tofrom: a)",65536,32,132,0,2,1218,0,330.418534577
1,"map(tofrom: a)",65536,32,132,0,2,4,0,231.398083270
1,"map(tofrom: a)",65536,32,132,0,2,3140,0,479.965470731
1,"map(tofrom: a)",65536,32,132,0,2,758,0,287.825241685
1,"map(tofrom: a)",65536,32,132,0,2,28,0,228.044763207
1,"map(tofrom: a)",65536,32,132,0,3,11,0,227.409973741
1,"map(tofrom: a)",65536,32,132,0,3,4,0,228.563323617
1,"map(tofrom: a)",65536,32,132,0,3,5042,0,631.776638329
1,"map(tofrom: a)",65536,32,132,0,3,183,0,241.876021028
1,"map(tofrom: a)",65536,32,132,0,3,17,0,223.037786782
1,"map(tofrom: a)",65536,32,132,0,3,3,0,223.522819579
1,"map(tofrom: a)",65536,32,132,0,3,28,0,230.981037021
1,"map(tofrom: a)",65536,32,132,0,3,1218,0,331.194512546
1,"map(tofrom: a)",65536,32,132,0,3,114,0,240.638665855
1,"map(tofrom: a)",65536,32,132,0,3,758,0,290.881469846
1,"map(tofrom: a)",65536,32,132,0,3,1955,0,383.197516203
1,"map(tofrom: a)",65536,32,132,0,3,472,0,265.594013035
1,"map(tofrom: a)",65536,32,132,0,3,7,0,229.203328490
1,"map(tofrom: a)",65536,32,132,0,3,44,0,227.959640324
1,"map(tofrom: a)",65536,32,132,0,3,3140,0,479.585118592
1,"map(tofrom: a)",65536,32,132,0,3,8096,0,874.095223844
1,"map(tofrom: a)",65536,32,132,0,3,71,0,234.062783420
1,"map(tofrom: a)",65536,32,132,0,3,1,0,231.752358377
1,"map(tofrom: a)",65536,32,132,0,3,2,0,233.272835612
1,"map(tofrom: a)",65536,32,132,0,3,294,0,247.954577208
1,"map(tofrom: a)",65536,32,132,0,4,3,0,227.851606905
1,"map(tofrom: a)",65536,32,132,0,4,8096,0,879.555009305
1,"map(tofrom: a)",65536,32,132,0,4,1,0,231.270492077
1,"map(tofrom: a)",65536,32,132,0,4,28,0,231.277942657
1,"map(tofrom: a)",65536,32,132,0,4,17,0,229.889154434
1,"map(tofrom: a)",65536,32,132,0,4,5042,0,631.293281913
1,"map(tofrom: a)",65536,32,132,0,4,7,0,231.294520199
1,"map(tofrom: a)",65536,32,132,0,4,114,0,239.752791822
1,"map(tofrom: a)",65536,32,132,0,4,44,0,235.112197697
1,"map(tofrom: a)",65536,32,132,0,4,2,0,225.446559489
1,"map(tofrom: a)",65536,32,132,0,4,294,0,248.137116432
1,"map(tofrom: a)",65536,32,132,0,4,758,0,286.629609764
1,"map(tofrom: a)",65536,32,132,0,4,183,0,241.115130484
1,"map(tofrom: a)",65536,32,132,0,4,4,0,224.203988910
1,"map(tofrom: a)",65536,32,132,0,4,1218,0,325.825996697
1,"map(tofrom: a)",65536,32,132,0,4,71,0,234.776549041
1,"map(tofrom: a)",65536,32,132,0,4,1955,0,384.147278965
1,"map(tofrom: a)",65536,32,132,0,4,11,0,228.692404926
1,"map(tofrom: a)",65536,32,132,0,4,472,0,264.845974743
1,"map(tofrom: a)",65536,32,132,0,4,3140,0,482.498854399
1,"map(tofrom: a)",65536,32,132,1,0,2,0,233.043171465
1,"map(tofrom: a)",65536,32,132,1,0,4,0,224.638171494
1,"map(tofrom: a)",65536,32,132,1,0,472,0,265.686213970
1,"map(tofrom: a)",65536,32,132,1,0,3140,0,485.119782388
1,"map(tofrom: a)",65536,32,132,1,0,183,0,243.600271642
1,"map(tofrom: a)",65536,32,132,1,0,28,0,228.778459132
1,"map(tofrom: a)",65536,32,132,1,0,71,0,234.548188746
1,"map(tofrom: a)",65536,32,132,1,0,1218,0,326.389633119
1,"map(tofrom: a)",65536,32,132,1,0,294,0,244.289822876
1,"map(tofrom: a)",65536,32,132,1,0,1,0,225.547142327
1,"map(tofrom: a)",65536,32,132,1,0,7,0,230.226852000
1,"map(tofrom: a)",65536,32,132,1,0,1955,0,389.202311635
1,"map(tofrom: a)",65536,32,132,1,0,758,0,291.626714170
1,"map(tofrom: a)",65536,32,132,1,0,114,0,239.585898817
1,"map(tofrom: a)",65536,32,132,1,0,11,0,226.953625679
1,"map(tofrom: a)",65536,32,132,1,0,3,0,229.939073324
1,"map(tofrom: a)",65536,32,132,1,0,8096,0,879.371725023
1,"map(tofrom: a)",65536,32,132,1,0,44,0,233.851373196
1,"map(tofrom: a)",65536,32,132,1,0,17,0,228.661485016
1,"map(tofrom: a)",65536,32,132,1,0,5042,0,634.701922536
1,"map(tofrom: a)",65536,32,132,1,1,758,0,290.988385677
1,"map(tofrom: a)",65536,32,132,1,1,3,0,234.937295318
1,"map(tofrom: a)",65536,32,132,1,1,3140,0,483.363121748
1,"map(tofrom: a)",65536,32,132,1,1,1955,0,382.119789720
1,"map(tofrom: a)",65536,32,132,1,1,44,0,230.878405273
1,"map(tofrom: a)",65536,32,132,1,1,17,0,226.684473455
1,"map(tofrom: a)",65536,32,132,1,1,294,0,249.339453876
1,"map(tofrom: a)",65536,32,132,1,1,28,0,231.758318841
1,"map(tofrom: a)",65536,32,132,1,1,114,0,236.118026078
1,"map(tofrom: a)",65536,32,132,1,1,2,0,226.054340601
1,"map(tofrom: a)",65536,32,132,1,1,7,0,223.682820797
1,"map(tofrom: a)",65536,32,132,1,1,183,0,238.085724413
1,"map(tofrom: a)",65536,32,132,1,1,8096,0,880.025885999
1,"map(tofrom: a)",65536,32,132,1,1,11,0,230.331718922
1,"map(tofrom: a)",65536,32,132,1,1,1,0,230.218470097
1,"map(tofrom: a)",65536,32,132,1,1,1218,0,325.577892363
1,"map(tofrom: a)",65536,32,132,1,1,472,0,268.746167421
1,"map(tofrom: a)",65536,32,132,1,1,71,0,236.954353750
1,"map(tofrom: a)",65536,32,132,1,1,5042,0,634.761340916
1,"map(tofrom: a)",65536,32,132,1,1,4,0,232.538767159
1,"map(tofrom: a)",65536,32,132,1,2,2,0,227.612257004
1,"map(tofrom: a)",65536,32,132,1,2,71,0,232.918187976
1,"map(tofrom: a)",65536,32,132,1,2,17,0,236.995145679
1,"map(tofrom: a)",65536,32,132,1,2,472,0,273.261778057
1,"map(tofrom: a)",65536,32,132,1,2,5042,0,640.544109046
1,"map(tofrom: a)",65536,32,132,1,2,28,0,232.978351414
1,"map(tofrom: a)",65536,32,132,1,2,44,0,235.442072153
1,"map(tofrom: a)",65536,32,132,1,2,1218,0,330.791063607
1,"map(tofrom: a)",65536,32,132,1,2,4,0,234.469026327
1,"map(tofrom: a)",65536,32,132,1,2,1955,0,393.197499216
1,"map(tofrom: a)",65536,32,132,1,2,183,0,248.351693153
1,"map(tofrom: a)",65536,32,132,1,2,7,0,229.700654745
1,"map(tofrom: a)",65536,32,132,1,2,758,0,291.345268488
1,"map(tofrom: a)",65536,32,132,1,2,1,0,241.673178971
1,"map(tofrom: a)",65536,32,132,1,2,3140,0,491.613335907
1,"map(tofrom: a)",65536,32,132,1,2,8096,0,885.858945549
1,"map(tofrom: a)",65536,32,132,1,2,3,0,232.487730682
1,"map(tofrom: a)",65536,32,132,1,2,114,0,245.670415461
1,"map(tofrom: a)",65536,32,132,1,2,11,0,236.461311579
1,"map(tofrom: a)",65536,32,132,1,2,294,0,254.893489182
1,"map(tofrom: a)",65536,32,132,1,3,1,0,232.025794685
1,"map(tofrom: a)",65536,32,132,1,3,17,0,230.609066784
1,"map(tofrom: a)",65536,32,132,1,3,294,0,262.902490795
1,"map(tofrom: a)",65536,32,132,1,3,5042,0,639.300234616
1,"map(tofrom: a)",65536,32,132,1,3,114,0,242.624990642
1,"map(tofrom: a)",65536,32,132,1,3,28,0,240.285322070
1,"map(tofrom: a)",65536,32,132,1,3,1218,0,330.703333020
1,"map(tofrom: a)",65536,32,132,1,3,2,0,234.491564333
1,"map(tofrom: a)",65536,32,132,1,3,3,0,236.904807389
1,"map(tofrom: a)",65536,32,132,1,3,4,0,235.954113305
1,"map(tofrom: a)",65536,32,132,1,3,758,0,290.390662849
1,"map(tofrom: a)",65536,32,132,1,3,11,0,235.998630524
1,"map(tofrom: a)",65536,32,132,1,3,44,0,241.868756711
1,"map(tofrom: a)",65536,32,132,1,3,472,0,277.188792825
1,"map(tofrom: a)",65536,32,132,1,3,7,0,234.912149608
1,"map(tofrom: a)",65536,32,132,1,3,1955,0,390.934757888
1,"map(tofrom: a)",65536,32,132,1,3,71,0,241.538695991
1,"map(tofrom: a)",65536,32,132,1,3,183,0,246.138125658
1,"map(tofrom: a)",65536,32,132,1,3,8096,0,881.590880454
1,"map(tofrom: a)",65536,32,132,1,3,3140,0,492.922775447
1,"map(tofrom: a)",65536,32,132,1,4,472,0,275.641866028
1,"map(tofrom: a)",65536,32,132,1,4,71,0,233.019515872
1,"map(tofrom: a)",65536,32,132,1,4,1,0,232.503190637
1,"map(tofrom: a)",65536,32,132,1,4,11,0,235.584191978
1,"map(tofrom: a)",65536,32,132,1,4,4,0,232.772156596
1,"map(tofrom: a)",65536,32,132,1,4,3140,0,483.171269298
1,"map(tofrom: a)",65536,32,132,1,4,28,0,229.077041149
1,"map(tofrom: a)",65536,32,132,1,4,1218,0,324.141606688
1,"map(tofrom: a)",65536,32,132,1,4,2,0,234.034843743
1,"map(tofrom: a)",65536,32,132,1,4,183,0,251.915305853
1,"map(tofrom: a)",65536,32,132,1,4,5042,0,634.599663317
1,"map(tofrom: a)",65536,32,132,1,4,114,0,239.934027195
1,"map(tofrom: a)",65536,32,132,1,4,3,0,229.456834495
1,"map(tofrom: a)",65536,32,132,1,4,44,0,233.132392168
1,"map(tofrom: a)",65536,32,132,1,4,758,0,288.188830018
1,"map(tofrom: a)",65536,32,132,1,4,8096,0,882.040709257
1,"map(tofrom: a)",65536,32,132,1,4,1955,0,384.592078626
1,"map(tofrom: a)",65536,32,132,1,4,294,0,249.861553311
1,"map(tofrom: a)",65536,32,132,1,4,7,0,223.636068404
1,"map(tofrom: a)",65536,32,132,1,4,17,0,222.962908447
2,"map(to: a)",1,32,132,0,0,7,0,35.960972309
2,"map(to: a)",1,32,132,0,0,114,0,43.318606913
2,"map(to: a)",1,32,132,0,0,3,0,34.730136395
2,"map(to: a)",1,32,132,0,0,17,0,34.406967461
2,"map(to: a)",1,32,132,0,0,1,0,32.756105065
2,"map(to: a)",1,32,132,0,0,44,0,36.693364382
2,"map(to: a)",1,32,132,0,0,294,0,56.180171669
2,"map(to: a)",1,32,132,0,0,3140,0,284.512154758
2,"map(to: a)",1,32,132,0,0,4,0,35.287253559
2,"map(to: a)",1,32,132,0,0,1955,0,190.557725728
2,"map(to: a)",1,32,132,0,0,183,0,47.322735190
2,"map(to: a)",1,32,132,0,0,8096,0,683.504715562
2,"map(to: a)",1,32,132,0,0,758,0,93.621015549
2,"map(to: a)",1,32,132,0,0,71,0,38.737058640
2,"map(to: a)",1,32,132,0,0,2,0,32.815150917
2,"map(to: a)",1,32,132,0,0,11,0,33.639185131
2,"map(to: a)",1,32,132,0,0,28,0,36.905519664
2,"map(to: a)",1,32,132,0,0,5042,0,438.113696873
2,"map(to: a)",1,32,132,0,0,1218,0,131.663866341
2,"map(to: a)",1,32,132,0,0,472,0,70.929341018
2,"map(to: a)",1,32,132,0,1,4,0,32.985396683
2,"map(to: a)",1,32,132,0,1,1,0,34.023262560
2,"map(to: a)",1,32,132,0,1,17,0,33.022835851
2,"map(to: a)",1,32,132,0,1,28,0,35.684183240
2,"map(to: a)",1,32,132,0,1,11,0,34.000538290
2,"map(to: a)",1,32,132,0,1,3140,0,284.644030035
2,"map(to: a)",1,32,132,0,1,2,0,32.987818122
2,"map(to: a)",1,32,132,0,1,758,0,93.626417220
2,"map(to: a)",1,32,132,0,1,1218,0,129.702314734
2,"map(to: a)",1,32,132,0,1,44,0,35.888515413
2,"map(to: a)",1,32,132,0,1,71,0,37.885457277
2,"map(to: a)",1,32,132,0,1,114,0,41.234306991
2,"map(to: a)",1,32,132,0,1,294,0,56.965276599
2,"map(to: a)",1,32,132,0,1,7,0,34.407712519
2,"map(to: a)",1,32,132,0,1,183,0,48.471055925
2,"map(to: a)",1,32,132,0,1,8096,0,685.451738536
2,"map(to: a)",1,32,132,0,1,472,0,71.463733912
2,"map(to: a)",1,32,132,0,1,1955,0,191.640853882
2,"map(to: a)",1,32,132,0,1,3,0,35.109929740
2,"map(to: a)",1,32,132,0,1,5042,0,437.929108739
2,"map(to: a)",1,32,132,0,2,3,0,32.673217356
2,"map(to: a)",1,32,132,0,2,44,0,36.754459143
2,"map(to: a)",1,32,132,0,2,1,0,34.236162901
2,"map(to: a)",1,32,132,0,2,183,0,48.842094839
2,"map(to: a)",1,32,132,0,2,294,0,57.359226048
2,"map(to: a)",1,32,132,0,2,5042,0,437.972880900
2,"map(to: a)",1,32,132,0,2,7,0,35.477802157
2,"map(to: a)",1,32,132,0,2,8096,0,683.254189789
2,"map(to: a)",1,32,132,0,2,2,0,33.398158848
2,"map(to: a)",1,32,132,0,2,114,0,43.963268399
2,"map(to: a)",1,32,132,0,2,71,0,39.402768016
2,"map(to: a)",1,32,132,0,2,1955,0,190.140493214
2,"map(to: a)",1,32,132,0,2,17,0,35.515427589
2,"map(to: a)",1,32,132,0,2,472,0,71.267783642
2,"map(to: a)",1,32,132,0,2,11,0,32.659247518
2,"map(to: a)",1,32,132,0,2,1218,0,129.946321249
2,"map(to: a)",1,32,132,0,2,4,0,32.538175583
2,"map(to: a)",1,32,132,0,2,3140,0,285.371765494
2,"map(to: a)",1,32,132,0,2,758,0,93.264505267
2,"map(to: a)",1,32,132,0,2,28,0,36.711804569
2,"map(to: a)",1,32,132,0,3,11,0,33.693201840
2,"map(to: a)",1,32,132,0,3,4,0,32.289512455
2,"map(to: a)",1,32,132,0,3,5042,0,438.643991947
2,"map(to: a)",1,32,132,0,3,183,0,50.060637295
2,"map(to: a)",1,32,132,0,3,17,0,37.233904004
2,"map(to: a)",1,32,132,0,3,3,0,34.535303712
2,"map(to: a)",1,32,132,0,3,28,0,37.109293044
2,"map(to: a)",1,32,132,0,3,1218,0,130.570121109
2,"map(to: a)",1,32,132,0,3,114,0,39.554759860
2,"map(to: a)",1,32,132,0,3,758,0,93.637779355
2,"map(to: a)",1,32,132,0,3,1955,0,189.648382366
2,"map(to: a)",1,32,132,0,3,472,0,73.004513979
2,"map(to: a)",1,32,132,0,3,7,0,34.127570689
2,"map(to: a)",1,32,132,0,3,44,0,35.985372961
2,"map(to: a)",1,32,132,0,3,3140,0,286.711752415
2,"map(to: a)",1,32,132,0,3,8096,0,683.656893671
2,"map(to: a)",1,32,132,0,3,71,0,39.097853005
2,"map(to: a)",1,32,132,0,3,1,0,32.552331686
2,"map(to: a)",1,32,132,0,3,2,0,33.324956894
2,"map(to: a)",1,32,132,0,3,294,0,56.536868215
2,"map(to: a)",1,32,132,0,4,3,0,32.565183938
2,"map(to: a)",1,32,132,0,4,8096,0,683.370232582
2,"map(to: a)",1,32,132,0,4,1,0,32.247044146
2,"map(to: a)",1,32,132,0,4,28,0,34.870766103
2,"map(to: a)",1,32,132,0,4,17,0,33.858977258
2,"map(to: a)",1,32,132,0,4,5042,0,439.395010471
2,"map(to: a)",1,32,132,0,4,7,0,34.113600850
2,"map(to: a)",1,32,132,0,4,114,0,42.716972530
2,"map(to: a)",1,32,132,0,4,44,0,38.227438927
2,"map(to: a)",1,32,132,0,4,2,0,35.026296973
2,"map(to: a)",1,32,132,0,4,294,0,58.940425515
2,"map(to: a)",1,32,132,0,4,758,0,95.233879983
2,"map(to: a)",1,32,132,0,4,183,0,50.291977823
2,"map(to: a)",1,32,132,0,4,4,0,34.742057323
2,"map(to: a)",1,32,132,0,4,1218,0,133.354775608
2,"map(to: a)",1,32,132,0,4,71,0,40.019117296
2,"map(to: a)",1,32,132,0,4,1955,0,192.889012396
2,"map(to: a)",1,32,132,0,4,11,0,36.302022636
2,"map(to: a)",1,32,132,0,4,472,0,71.185454726
2,"map(to: a)",1,32,132,0,4,3140,0,286.079011858
2,"map(to: a)",1,32,132,1,0,2,0,36.152638495
2,"map(to: a)",1,32,132,1,0,4,0,33.660233021
2,"map(to: a)",1,32,132,1,0,472,0,71.328505874
2,"map(to: a)",1,32,132,1,0,3140,0,287.612713873
2,"map(to: a)",1,32,132,1,0,183,0,48.910081387
2,"map(to: a)",1,32,132,1,0,28,0,35.367719829
2,"map(to: a)",1,32,132,1,0,71,0,40.785223246
2,"map(to: a)",1,32,132,1,0,1218,0,131.306238472
2,"map(to: a)",1,32,132,1,0,294,0,56.908465922
2,"map(to: a)",1,32,132,1,0,1,0,33.051148057
2,"map(to: a)",1,32,132,1,0,7,0,34.146197140
2,"map(to: a)",1,32,132,1,0,1955,0,191.862136126
2,"map(to: a)",1,32,132,1,0,758,0,95.635093749
2,"map(to: a)",1,32,132,1,0,114,0,41.126087308
2,"map(to: a)",1,32,132,1,0,11,0,35.669282079
2,"map(to: a)",1,32,132,1,0,3,0,34.880265594
2,"map(to: a)",1,32,132,1,0,8096,0,685.876049101
2,"map(to: a)",1,32,132,1,0,44,0,38.833543658
2,"map(to: a)",1,32,132,1,0,17,0,34.107081592
2,"map(to: a)",1,32,132,1,0,5042,0,438.762083650
2,"map(to: a)",1,32,132,1,1,758,0,95.298700035
2,"map(to: a)",1,32,132,1,1,3,0,33.454224467
2,"map(to: a)",1,32,132,1,1,3140,0,289.020314813
2,"map(to: a)",1,32,132,1,1,1955,0,192.853994668
2,"map(to: a)",1,32,132,1,1,44,0,37.516653538
2,"map(to: a)",1,32,132,1,1,17,0,36.680325866
2,"map(to: a)",1,32,132,1,1,294,0,58.318674564
2,"map(to: a)",1,32,132,1,1,28,0,37.369690835
2,"map(to: a)",1,32,132,1,1,114,0,44.030509889
2,"map(to: a)",1,32,132,1,1,2,0,34.075044096
2,"map(to: a)",1,32,132,1,1,7,0,34.332089126
2,"map(to: a)",1,32,132,1,1,183,0,47.054141760
2,"map(to: a)",1,32,132,1,1,8096,0,683.593936265
2,"map(to: a)",1,32,132,1,1,11,0,35.343505442
2,"map(to: a)",1,32,132,1,1,1,0,34.580007195
2,"map(to: a)",1,32,132,1,1,1218,0,133.331120014
2,"map(to: a)",1,32,132,1,1,472,0,72.030723095
2,"map(to: a)",1,32,132,1,1,71,0,39.093382657
2,"map(to: a)",1,32,132,1,1,5042,0,438.541546464
2,"map(to: a)",1,32,132,1,1,4,0,34.722313285
2,"map(to: a)",1,32,132,1,2,2,0,34.034810960
2,"map(to: a)",1,32,132,1,2,71,0,39.738789201
2,"map(to: a)",1,32,132,1,2,17,0,35.566464067
2,"map(to: a)",1,32,132,1,2,472,0,71.936100721
2,"map(to: a)",1,32,132,1,2,5042,0,439.682230353
2,"map(to: a)",1,32,132,1,2,28,0,34.518539906
2,"map(to: a)",1,32,132,1,2,44,0,35.219639540
2,"map(to: a)",1,32,132,1,2,1218,0,130.451470613
2,"map(to: a)",1,32,132,1,2,4,0,35.427138209
2,"map(to: a)",1,32,132,1,2,1955,0,191.185250878
2,"map(to: a)",1,32,132,1,2,183,0,49.059279263
2,"map(to: a)",1,32,132,1,2,7,0,36.809965968
2,"map(to: a)",1,32,132,1,2,758,0,96.430629492
2,"map(to: a)",1,32,132,1,2,1,0,34.734793007
2,"map(to: a)",1,32,132,1,2,3140,0,286.422483623
2,"map(to: a)",1,32,132,1,2,8096,0,683.487951756
2,"map(to: a)",1,32,132,1,2,3,0,35.336613655
2,"map(to: a)",1,32,132,1,2,114,0,44.016167521
2,"map(to: a)",1,32,132,1,2,11,0,35.897269845
2,"map(to: a)",1,32,132,1,2,294,0,58.213621378
2,"map(to: a)",1,32,132,1,3,1,0,34.545548260
2,"map(to: a)",1,32,132,1,3,17,0,37.934444845
2,"map(to: a)",1,32,132,1,3,294,0,58.928690851
2,"map(to: a)",1,32,132,1,3,5042,0,440.010800958
2,"map(to: a)",1,32,132,1,3,114,0,43.393112719
2,"map(to: a)",1,32,132,1,3,28,0,37.221238017
2,"map(to: a)",1,32,132,1,3,1218,0,131.631083786
2,"map(to: a)",1,32,132,1,3,2,0,34.267082810
2,"map(to: a)",1,32,132,1,3,3,0,33.731572330
2,"map(to: a)",1,32,132,1,3,4,0,33.044628799
2,"map(to: a)",1,32,132,1,3,758,0,95.042027533
2,"map(to: a)",1,32,132,1,3,11,0,35.447813570
2,"map(to: a)",1,32,132,1,3,44,0,36.865100265
2,"map(to: a)",1,32,132,1,3,472,0,70.809945464
2,"map(to: a)",1,32,132,1,3,7,0,34.751556814
2,"map(to: a)",1,32,132,1,3,1955,0,191.670283675
2,"map(to: a)",1,32,132,1,3,71,0,39.683654904
2,"map(to: a)",1,32,132,1,3,183,0,49.048289657
2,"map(to: a)",1,32,132,1,3,8096,0,686.168298125
2,"map(to: a)",1,32,132,1,3,3140,0,287.201441824
2,"map(to: a)",1,32,132,1,4,472,0,73.583051562
2,"map(to: a)",1,32,132,1,4,71,0,39.996393025
2,"map(to: a)",1,32,132,1,4,1,0,35.348534584
2,"map(to: a)",1,32,132,1,4,11,0,35.217404366
2,"map(to: a)",1,32,132,1,4,4,0,33.706426620
2,"map(to: a)",1,32,132,1,4,3140,0,285.289622843
2,"map(to: a)",1,32,132,1,4,28,0,36.488287151
2,"map(to: a)",1,32,132,1,4,1218,0,129.168294370
2,"map(to: a)",1,32,132,1,4,2,0,33.927336335
2,"map(to: a)",1,32,132,1,4,183,0,48.366189003
2,"map(to: a)",1,32,132,1,4,5042,0,440.106913447
2,"map(to: a)",1,32,132,1,4,114,0,42.011775076
2,"map(to: a)",1,32,132,1,4,3,0,32.895617187
2,"map(to: a)",1,32,132,1,4,44,0,36.228075624
2,"map(to: a)",1,32,132,1,4,758,0,95.137581229
2,"map(to: a)",1,32,132,1,4,8096,0,684.787146747
2,"map(to: a)",1,32,132,1,4,1955,0,189.681723714
2,"map(to: a)",1,32,132,1,4,294,0,57.279877365
2,"map(to: a)",1,32,132,1,4,7,0,32.678432763
2,"map(to: a)",1,32,132,1,4,17,0,33.472850919
2,"map(to: a)",4,32,132,0,0,7,0,34.737028182
2,"map(to: a)",4,32,132,0,0,114,0,42.347796261
2,"map(to: a)",4,32,132,0,0,3,0,34.003332257
2,"map(to: a)",4,32,132,0,0,17,0,37.348084152
2,"map(to: a)",4,32,132,0,0,1,0,32.655149698
2,"map(to: a)",4,32,132,0,0,44,0,38.571469486
2,"map(to: a)",4,32,132,0,0,294,0,59.027597308
2,"map(to: a)",4,32,132,0,0,3140,0,285.104475915
2,"map(to: a)",4,32,132,0,0,4,0,34.641660750
2,"map(to: a)",4,32,132,0,0,1955,0,189.515389502
2,"map(to: a)",4,32,132,0,0,183,0,48.022344708
2,"map(to: a)",4,32,132,0,0,8096,0,682.577490807
2,"map(to: a)",4,32,132,0,0,758,0,96.455030143
2,"map(to: a)",4,32,132,0,0,71,0,41.722878814
2,"map(to: a)",4,32,132,0,0,2,0,34.183822572
2,"map(to: a)",4,32,132,0,0,11,0,34.042447805
2,"map(to: a)",4,32,132,0,0,28,0,34.997798502
2,"map(to: a)",4,32,132,0,0,5042,0,439.344719052
2,"map(to: a)",4,32,132,0,0,1218,0,130.533240736
2,"map(to: a)",4,32,132,0,0,472,0,71.869045496
2,"map(to: a)",4,32,132,0,1,4,0,33.678859472
2,"map(to: a)",4,32,132,0,1,1,0,32.616406679
2,"map(to: a)",4,32,132,0,1,17,0,34.935772419
2,"map(to: a)",4,32,132,0,1,28,0,34.640170634
2,"map(to: a)",4,32,132,0,1,11,0,32.063201070
2,"map(to: a)",4,32,132,0,1,3140,0,286.048464477
2,"map(to: a)",4,32,132,0,1,2,0,32.510049641
2,"map(to: a)",4,32,132,0,1,758,0,93.078799546
2,"map(to: a)",4,32,132,0,1,1218,0,130.499340594
2,"map(to: a)",4,32,132,0,1,44,0,35.982765257
2,"map(to: a)",4,32,132,0,1,71,0,40.611252189
2,"map(to: a)",4,32,132,0,1,114,0,42.801350355
2,"map(to: a)",4,32,132,0,1,294,0,57.064928114
2,"map(to: a)",4,32,132,0,1,7,0,32.009929419
2,"map(to: a)",4,32,132,0,1,183,0,49.667619169
2,"map(to: a)",4,32,132,0,1,8096,0,682.530738413
2,"map(to: a)",4,32,132,0,1,472,0,71.180798113
2,"map(to: a)",4,32,132,0,1,1955,0,189.797766507
2,"map(to: a)",4,32,132,0,1,3,0,33.371336758
2,"map(to: a)",4,32,132,0,1,5042,0,437.126681209
2,"map(to: a)",4,32,132,0,2,3,0,31.198374927
2,"map(to: a)",4,32,132,0,2,44,0,35.223551095
2,"map(to: a)",4,32,132,0,2,1,0,33.796392381
2,"map(to: a)",4,32,132,0,2,183,0,47.622993588
2,"map(to: a)",4,32,132,0,2,294,0,55.680051446
2,"map(to: a)",4,32,132,0,2,5042,0,437.333062291
2,"map(to: a)",4,32,132,0,2,7,0,32.025761902
2,"map(to: a)",4,32,132,0,2,8096,0,682.486407459
2,"map(to: a)",4,32,132,0,2,2,0,34.578517079
2,"map(to: a)",4,32,132,0,2,114,0,42.294338346
2,"map(to: a)",4,32,132,0,2,71,0,32.953917980
2,"map(to: a)",4,32,132,0,2,1955,0,188.755244017
2,"map(to: a)",4,32,132,0,2,17,0,30.493177474
2,"map(to: a)",4,32,132,0,2,472,0,68.389624357
2,"map(to: a)",4,32,132,0,2,11,0,30.615553260
2,"map(to: a)",4,32,132,0,2,1218,0,130.977667868
2,"map(to: a)",4,32,132,0,2,4,0,28.079189360
2,"map(to: a)",4,32,132,0,2,3140,0,282.938219607
2,"map(to: a)",4,32,132,0,2,758,0,91.811828315
2,"map(to: a)",4,32,132,0,2,28,0,31.269900501
2,"map(to: a)",4,32,132,0,3,11,0,29.460899532
2,"map(to: a)",4,32,132,0,3,4,0,27.535483241
2,"map(to: a)",4,32,132,0,3,5042,0,436.995364726
2,"map(to: a)",4,32,132,0,3,183,0,46.175904572
2,"map(to: a)",4,32,132,0,3,17,0,30.934065580
2,"map(to: a)",4,32,132,0,3,3,0,31.159445643
2,"map(to: a)",4,32,132,0,3,28,0,33.959373832
2,"map(to: a)",4,32,132,0,3,1218,0,130.567699671
2,"map(to: a)",4,32,132,0,3,114,0,38.927793503
2,"map(to: a)",4,32,132,0,3,758,0,90.342015028
2,"map(to: a)",4,32,132,0,3,1955,0,188.544765115
2,"map(to: a)",4,32,132,0,3,472,0,68.489089608
2,"map(to: a)",4,32,132,0,3,7,0,27.963519096
2,"map(to: a)",4,32,132,0,3,44,0,31.793117523
2,"map(to: a)",4,32,132,0,3,3140,0,281.924381852
2,"map(to: a)",4,32,132,0,3,8096,0,681.531988084
2,"map(to: a)",4,32,132,0,3,71,0,40.879845619
2,"map(to: a)",4,32,132,0,3,1,0,31.942874193
2,"map(to: a)",4,32,132,0,3,2,0,28.198957443
2,"map(to: a)",4,32,132,0,3,294,0,53.492002189
2,"map(to: a)",4,32,132,0,4,3,0,27.095340192
2,"map(to: a)",4,32,132,0,4,8096,0,679.788924754
2,"map(to: a)",4,32,132,0,4,1,0,29.946304858
2,"map(to: a)",4,32,132,0,4,28,0,31.975097954
2,"map(to: a)",4,32,132,0,4,17,0,32.072700560
2,"map(to: a)",4,32,132,0,4,5042,0,435.237586498
2,"map(to: a)",4,32,132,0,4,7,0,31.193904579
2,"map(to: a)",4,32,132,0,4,114,0,41.974894702
2,"map(to: a)",4,32,132,0,4,44,0,37.650018930
2,"map(to: a)",4,32,132,0,4,2,0,32.752007246
2,"map(to: a)",4,32,132,0,4,294,0,53.083896637
2,"map(to: a)",4,32,132,0,4,758,0,92.994421721
2,"map(to: a)",4,32,132,0,4,183,0,45.702792704
2,"map(to: a)",4,32,132,0,4,4,0,29.635243118
2,"map(to: a)",4,32,132,0,4,1218,0,128.139369190
2,"map(to: a)",4,32,132,0,4,71,0,34.588016570
2,"map(to: a)",4,32,132,0,4,1955,0,187.008082867
2,"map(to: a)",4,32,132,0,4,11,0,30.643492937
2,"map(to: a)",4,32,132,0,4,472,0,67.650340497
2,"map(to: a)",4,32,132,0,4,3140,0,282.008014619
2,"map(to: a)",4,32,132,1,0,2,0,27.241371572
2,"map(to: a)",4,32,132,1,0,4,0,30.024908483
2,"map(to: a)",4,32,132,1,0,472,0,67.896582186
2,"map(to: a)",4,32,132,1,0,3140,0,282.096676528
2,"map(to: a)",4,32,132,1,0,183,0,47.175586224
2,"map(to: a)",4,32,132,1,0,28,0,34.412182868
2,"map(to: a)",4,32,132,1,0,71,0,38.289278746
2,"map(to: a)",4,32,132,1,0,1218,0,130.040012300
2,"map(to: a)",4,32,132,1,0,294,0,56.626275182
2,"map(to: a)",4,32,132,1,0,1,0,30.699744821
2,"map(to: a)",4,32,132,1,0,7,0,31.125918031
2,"map(to: a)",4,32,132,1,0,1955,0,188.627652824
2,"map(to: a)",4,32,132,1,0,758,0,91.464258730
2,"map(to: a)",4,32,132,1,0,114,0,38.458593190
2,"map(to: a)",4,32,132,1,0,11,0,26.072375476
2,"map(to: a)",4,32,132,1,0,3,0,27.702935040
2,"map(to: a)",4,32,132,1,0,8096,0,679.846480489
2,"map(to: a)",4,32,132,1,0,44,0,34.623034298
2,"map(to: a)",4,32,132,1,0,17,0,33.069401979
2,"map(to: a)",4,32,132,1,0,5042,0,437.382608652
2,"map(to: a)",4,32,132,1,1,758,0,90.498290956
2,"map(to: a)",4,32,132,1,1,3,0,28.827786446
2,"map(to: a)",4,32,132,1,1,3140,0,283.322483301
2,"map(to: a)",4,32,132,1,1,1955,0,186.299718916
2,"map(to: a)",4,32,132,1,1,44,0,32.279454172
2,"map(to: a)",4,32,132,1,1,17,0,29.716454446
2,"map(to: a)",4,32,132,1,1,294,0,52.822567523
2,"map(to: a)",4,32,132,1,1,28,0,29.902718961
2,"map(to: a)",4,32,132,1,1,114,0,37.222914398
2,"map(to: a)",4,32,132,1,1,2,0,26.155263186
2,"map(to: a)",4,32,132,1,1,7,0,29.609166086
2,"map(to: a)",4,32,132,1,1,183,0,42.733736336
2,"map(to: a)",4,32,132,1,1,8096,0,681.396573782
2,"map(to: a)",4,32,132,1,1,11,0,28.693117201
2,"map(to: a)",4,32,132,1,1,1,0,27.415528893
2,"map(to: a)",4,32,132,1,1,1218,0,127.683579922
2,"map(to: a)",4,32,132,1,1,472,0,68.826973438
2,"map(to: a)",4,32,132,1,1,71,0,33.295527101
2,"map(to: a)",4,32,132,1,1,5042,0,434.576906264
2,"map(to: a)",4,32,132,1,1,4,0,27.370825410
2,"map(to: a)",4,32,132,1,2,2,0,24.965591729
2,"map(to: a)",4,32,132,1,2,71,0,32.983906567
2,"map(to: a)",4,32,132,1,2,17,0,29.487535357
2,"map(to: a)",4,32,132,1,2,472,0,65.633095801
2,"map(to: a)",4,32,132,1,2,5042,0,437.210313976
2,"map(to: a)",4,32,132,1,2,28,0,34.834817052
2,"map(to: a)",4,32,132,1,2,44,0,33.281743526
2,"map(to: a)",4,32,132,1,2,1218,0,130.117312074
2,"map(to: a)",4,32,132,1,2,4,0,28.121657670
2,"map(to: a)",4,32,132,1,2,1955,0,187.488645315
2,"map(to: a)",4,32,132,1,2,183,0,44.219195843
2,"map(to: a)",4,32,132,1,2,7,0,30.050240457
2,"map(to: a)",4,32,132,1,2,758,0,92.207267880
2,"map(to: a)",4,32,132,1,2,1,0,29.225647449
2,"map(to: a)",4,32,132,1,2,3140,0,280.736945570
2,"map(to: a)",4,32,132,1,2,8096,0,682.381354272
2,"map(to: a)",4,32,132,1,2,3,0,33.612735569
2,"map(to: a)",4,32,132,1,2,114,0,37.184916437
2,"map(to: a)",4,32,132,1,2,11,0,30.186213553
2,"map(to: a)",4,32,132,1,2,294,0,53.276494145
2,"map(to: a)",4,32,132,1,3,1,0,28.605386615
2,"map(to: a)",4,32,132,1,3,17,0,29.412657022
2,"map(to: a)",4,32,132,1,3,294,0,52.465498447
2,"map(to: a)",4,32,132,1,3,5042,0,435.588881373
2,"map(to: a)",4,32,132,1,3,114,0,39.320997894
2,"map(to: a)",4,32,132,1,3,28,0,30.456297100
2,"map(to: a)",4,32,132,1,3,1218,0,127.357244492
2,"map(to: a)",4,32,132,1,3,2,0,28.312765062
2,"map(to: a)",4,32,132,1,3,3,0,27.061812580
2,"map(to: a)",4,32,132,1,3,4,0,26.324205101
2,"map(to: a)",4,32,132,1,3,758,0,91.183558106
2,"map(to: a)",4,32,132,1,3,11,0,29.247999191
2,"map(to: a)",4,32,132,1,3,44,0,31.594559550
2,"map(to: a)",4,32,132,1,3,472,0,69.795548916
2,"map(to: a)",4,32,132,1,3,7,0,31.578168273
2,"map(to: a)",4,32,132,1,3,1955,0,189.103744924
2,"map(to: a)",4,32,132,1,3,71,0,37.039816380
2,"map(to: a)",4,32,132,1,3,183,0,46.186707914
2,"map(to: a)",4,32,132,1,3,8096,0,681.659765542
2,"map(to: a)",4,32,132,1,3,3140,0,281.266868114
2,"map(to: a)",4,32,132,1,4,472,0,68.869441748
2,"map(to: a)",4,32,132,1,4,71,0,34.126266837
2,"map(to: a)",4,32,132,1,4,1,0,28.369203210
2,"map(to: a)",4,32,132,1,4,11,0,32.129511237
2,"map(to: a)",4,32,132,1,4,4,0,30.710361898
2,"map(to: a)",4,32,132,1,4,3140,0,285.690464079
2,"map(to: a)",4,32,132,1,4,28,0,34.847296774
2,"map(to: a)",4,32,132,1,4,1218,0,127.769075334
2,"map(to: a)",4,32,132,1,4,2,0,28.251484036
2,"map(to: a)",4,32,132,1,4,183,0,42.525306344
2,"map(to: a)",4,32,132,1,4,5042,0,434.810854495
2,"map(to: a)",4,32,132,1,4,114,0,36.835484207
2,"map(to: a)",4,32,132,1,4,3,0,30.696205795
2,"map(to: a)",4,32,132,1,4,44,0,32.474286854
2,"map(to: a)",4,32,132,1,4,758,0,91.473571956
2,"map(to: a)",4,32,132,1,4,8096,0,680.972822011
2,"map(to: a)",4,32,132,1,4,1955,0,188.110768795
2,"map(to: a)",4,32,132,1,4,294,0,53.280778229
2,"map(to: a)",4,32,132,1,4,7,0,29.410049319
2,"map(to: a)",4,32,132,1,4,17,0,30.042044818
2,"map(to: a)",16,32,132,0,0,7,0,32.932497561
2,"map(to: a)",16,32,132,0,0,114,0,41.534751654
2,"map(to: a)",16,32,132,0,0,3,0,31.981244683
2,"map(to: a)",16,32,132,0,0,17,0,33.824518323
2,"map(to: a)",16,32,132,0,0,1,0,31.222403049
2,"map(to: a)",16,32,132,0,0,44,0,34.895911813
2,"map(to: a)",16,32,132,0,0,294,0,55.233202875
2,"map(to: a)",16,32,132,0,0,3140,0,283.599831164
2,"map(to: a)",16,32,132,0,0,4,0,31.311251223
2,"map(to: a)",16,32,132,0,0,1955,0,188.143178821
2,"map(to: a)",16,32,132,0,0,183,0,46.301819384
2,"map(to: a)",16,32,132,0,0,8096,0,684.396922588
2,"map(to: a)",16,32,132,0,0,758,0,92.141702771
2,"map(to: a)",16,32,132,0,0,71,0,37.584640086
2,"map(to: a)",16,32,132,0,0,2,0,31.660683453
2,"map(to: a)",16,32,132,0,0,11,0,31.833164394
2,"map(to: a)",16,32,132,0,0,28,0,33.856183290
2,"map(to: a)",16,32,132,0,0,5042,0,437.066331506
2,"map(to: a)",16,32,132,0,0,1218,0,129.223242402
2,"map(to: a)",16,32,132,0,0,472,0,68.939290941
2,"map(to: a)",16,32,132,0,1,4,0,30.893646181
2,"map(to: a)",16,32,132,0,1,1,0,29.830820858
2,"map(to: a)",16,32,132,0,1,17,0,31.688809395
2,"map(to: a)",16,32,132,0,1,28,0,33.604167402
2,"map(to: a)",16,32,132,0,1,11,0,34.876167774
2,"map(to: a)",16,32,132,0,1,3140,0,283.684208989
2,"map(to: a)",16,32,132,0,1,2,0,32.010301948
2,"map(to: a)",16,32,132,0,1,758,0,93.712471426
2,"map(to: a)",16,32,132,0,1,1218,0,131.528824568
2,"map(to: a)",16,32,132,0,1,44,0,35.920366645
2,"map(to: a)",16,32,132,0,1,71,0,37.485361099
2,"map(to: a)",16,32,132,0,1,114,0,43.430365622
2,"map(to: a)",16,32,132,0,1,294,0,56.537985802
2,"map(to: a)",16,32,132,0,1,7,0,29.942393303
2,"map(to: a)",16,32,132,0,1,183,0,44.224783778
2,"map(to: a)",16,32,132,0,1,8096,0,681.312754750
2,"map(to: a)",16,32,132,0,1,472,0,70.033036172
2,"map(to: a)",16,32,132,0,1,1955,0,187.774747610
2,"map(to: a)",16,32,132,0,1,3,0,28.814375401
2,"map(to: a)",16,32,132,0,1,5042,0,436.817295849
2,"map(to: a)",16,32,132,0,2,3,0,35.862810910
2,"map(to: a)",16,32,132,0,2,44,0,35.218708217
2,"map(to: a)",16,32,132,0,2,1,0,32.887794077
2,"map(to: a)",16,32,132,0,2,183,0,46.015158296
2,"map(to: a)",16,32,132,0,2,294,0,57.920254767
2,"map(to: a)",16,32,132,0,2,5042,0,435.179471970
2,"map(to: a)",16,32,132,0,2,7,0,28.832070529
2,"map(to: a)",16,32,132,0,2,8096,0,680.714659393
2,"map(to: a)",16,32,132,0,2,2,0,32.488442957
2,"map(to: a)",16,32,132,0,2,114,0,41.661225259
2,"map(to: a)",16,32,132,0,2,71,0,36.201812327
2,"map(to: a)",16,32,132,0,2,1955,0,189.333409071
2,"map(to: a)",16,32,132,0,2,17,0,31.992234290
2,"map(to: a)",16,32,132,0,2,472,0,70.276111364
2,"map(to: a)",16,32,132,0,2,11,0,32.376311719
2,"map(to: a)",16,32,132,0,2,1218,0,127.796269953
2,"map(to: a)",16,32,132,0,2,4,0,30.052475631
2,"map(to: a)",16,32,132,0,2,3140,0,283.036753535
2,"map(to: a)",16,32,132,0,2,758,0,91.941282153
2,"map(to: a)",16,32,132,0,2,28,0,31.854212284
2,"map(to: a)",16,32,132,0,3,11,0,28.817541897
2,"map(to: a)",16,32,132,0,3,4,0,29.655545950
2,"map(to: a)",16,32,132,0,3,5042,0,433.760508895
2,"map(to: a)",16,32,132,0,3,183,0,47.743134201
2,"map(to: a)",16,32,132,0,3,17,0,32.565742731
2,"map(to: a)",16,32,132,0,3,3,0,33.788383007
2,"map(to: a)",16,32,132,0,3,28,0,33.127516508
2,"map(to: a)",16,32,132,0,3,1218,0,128.783471882
2,"map(to: a)",16,32,132,0,3,114,0,41.367486119
2,"map(to: a)",16,32,132,0,3,758,0,91.884285212
2,"map(to: a)",16,32,132,0,3,1955,0,187.868624926
2,"map(to: a)",16,32,132,0,3,472,0,68.872049451
2,"map(to: a)",16,32,132,0,3,7,0,28.186663985
2,"map(to: a)",16,32,132,0,3,44,0,35.691447556
2,"map(to: a)",16,32,132,0,3,3140,0,283.231027424
2,"map(to: a)",16,32,132,0,3,8096,0,680.672936141
2,"map(to: a)",16,32,132,0,3,71,0,38.316473365
2,"map(to: a)",16,32,132,0,3,1,0,32.005086541
2,"map(to: a)",16,32,132,0,3,2,0,31.157955527
2,"map(to: a)",16,32,132,0,3,294,0,54.886750877
2,"map(to: a)",16,32,132,0,4,3,0,35.125948489
2,"map(to: a)",16,32,132,0,4,8096,0,680.300034583
2,"map(to: a)",16,32,132,0,4,1,0,30.179508030
2,"map(to: a)",16,32,132,0,4,28,0,30.103698373
2,"map(to: a)",16,32,132,0,4,17,0,28.720311821
2,"map(to: a)",16,32,132,0,4,5042,0,434.385053813
2,"map(to: a)",16,32,132,0,4,7,0,31.931512058
2,"map(to: a)",16,32,132,0,4,114,0,41.675753891
2,"map(to: a)",16,32,132,0,4,44,0,35.941787064
2,"map(to: a)",16,32,132,0,4,2,0,32.248161733
2,"map(to: a)",16,32,132,0,4,294,0,55.305846035
2,"map(to: a)",16,32,132,0,4,758,0,93.716010451
2,"map(to: a)",16,32,132,0,4,183,0,46.646036208
2,"map(to: a)",16,32,132,0,4,4,0,33.852271736
2,"map(to: a)",16,32,132,0,4,1218,0,129.727460444
2,"map(to: a)",16,32,132,0,4,71,0,34.802965820
2,"map(to: a)",16,32,132,0,4,1955,0,188.458897173
2,"map(to: a)",16,32,132,0,4,11,0,30.684843659
2,"map(to: a)",16,32,132,0,4,472,0,68.090297282
2,"map(to: a)",16,32,132,0,4,3140,0,283.048115671
2,"map(to: a)",16,32,132,1,0,2,0,31.342543662
2,"map(to: a)",16,32,132,1,0,4,0,29.744952917
2,"map(to: a)",16,32,132,1,0,472,0,67.020766437
2,"map(to: a)",16,32,132,1,0,3140,0,282.770581543
2,"map(to: a)",16,32,132,1,0,183,0,45.824982226
2,"map(to: a)",16,32,132,1,0,28,0,31.968206167
2,"map(to: a)",16,32,132,1,0,71,0,37.297047675
2,"map(to: a)",16,32,132,1,0,1218,0,129.710137844
2,"map(to: a)",16,32,132,1,0,294,0,56.379660964
2,"map(to: a)",16,32,132,1,0,1,0,32.783299685
2,"map(to: a)",16,32,132,1,0,7,0,33.239461482
2,"map(to: a)",16,32,132,1,0,1955,0,189.257226884
2,"map(to: a)",16,32,132,1,0,758,0,90.062804520
2,"map(to: a)",16,32,132,1,0,114,0,38.537196815
2,"map(to: a)",16,32,132,1,0,11,0,29.324553907
2,"map(to: a)",16,32,132,1,0,3,0,29.693730175
2,"map(to: a)",16,32,132,1,0,8096,0,681.715086102
2,"map(to: a)",16,32,132,1,0,44,0,32.335333526
2,"map(to: a)",16,32,132,1,0,17,0,27.468614280
2,"map(to: a)",16,32,132,1,0,5042,0,436.465442181
2,"map(to: a)",16,32,132,1,1,758,0,92.870742083
2,"map(to: a)",16,32,132,1,1,3,0,32.689049840
2,"map(to: a)",16,32,132,1,1,3140,0,281.861051917
2,"map(to: a)",16,32,132,1,1,1955,0,186.998955905
2,"map(to: a)",16,32,132,1,1,44,0,31.508319080
2,"map(to: a)",16,32,132,1,1,17,0,28.159841895
2,"map(to: a)",16,32,132,1,1,294,0,53.058378398
2,"map(to: a)",16,32,132,1,1,28,0,32.890029252
2,"map(to: a)",16,32,132,1,1,114,0,41.087903082
2,"map(to: a)",16,32,132,1,1,2,0,28.786249459
2,"map(to: a)",16,32,132,1,1,7,0,28.420984745
2,"map(to: a)",16,32,132,1,1,183,0,43.807365000
2,"map(to: a)",16,32,132,1,1,8096,0,680.894590914
2,"map(to: a)",16,32,132,1,1,11,0,32.691471279
2,"map(to: a)",16,32,132,1,1,1,0,29.081851244
2,"map(to: a)",16,32,132,1,1,1218,0,129.790417850
2,"map(to: a)",16,32,132,1,1,472,0,67.849084735
2,"map(to: a)",16,32,132,1,1,71,0,33.850036561
2,"map(to: a)",16,32,132,1,1,5042,0,435.188040137
2,"map(to: a)",16,32,132,1,1,4,0,29.731541872
2,"map(to: a)",16,32,132,1,2,2,0,25.793351233
2,"map(to: a)",16,32,132,1,2,71,0,34.510158002
2,"map(to: a)",16,32,132,1,2,17,0,29.002875090
2,"map(to: a)",16,32,132,1,2,472,0,69.242157042
2,"map(to: a)",16,32,132,1,2,5042,0,435.223802924
2,"map(to: a)",16,32,132,1,2,28,0,34.494698048
2,"map(to: a)",16,32,132,1,2,44,0,35.986676812
2,"map(to: a)",16,32,132,1,2,1218,0,128.671340644
2,"map(to: a)",16,32,132,1,2,4,0,33.834762871
2,"map(to: a)",16,32,132,1,2,1955,0,187.618285418
2,"map(to: a)",16,32,132,1,2,183,0,45.539252460
2,"map(to: a)",16,32,132,1,2,7,0,27.895718813
2,"map(to: a)",16,32,132,1,2,758,0,91.318227351
2,"map(to: a)",16,32,132,1,2,1,0,27.985125780
2,"map(to: a)",16,32,132,1,2,3140,0,282.596051693
2,"map(to: a)",16,32,132,1,2,8096,0,681.605003774
2,"map(to: a)",16,32,132,1,2,3,0,31.433999538
2,"map(to: a)",16,32,132,1,2,114,0,40.565058589
2,"map(to: a)",16,32,132,1,2,11,0,32.085366547
2,"map(to: a)",16,32,132,1,2,294,0,56.741945446
2,"map(to: a)",16,32,132,1,3,1,0,33.144652843
2,"map(to: a)",16,32,132,1,3,17,0,33.971667290
2,"map(to: a)",16,32,132,1,3,294,0,52.409060299
2,"map(to: a)",16,32,132,1,3,5042,0,436.558760703
2,"map(to: a)",16,32,132,1,3,114,0,38.386508822
2,"map(to: a)",16,32,132,1,3,28,0,29.714964330
2,"map(to: a)",16,32,132,1,3,1218,0,128.811225295
2,"map(to: a)",16,32,132,1,3,2,0,30.213966966
2,"map(to: a)",16,32,132,1,3,3,0,32.211281359
2,"map(to: a)",16,32,132,1,3,4,0,30.757114291
2,"map(to: a)",16,32,132,1,3,758,0,90.329349041
2,"map(to: a)",16,32,132,1,3,11,0,31.197443604
2,"map(to: a)",16,32,132,1,3,44,0,33.365376294
2,"map(to: a)",16,32,132,1,3,472,0,68.505667150
2,"map(to: a)",16,32,132,1,3,7,0,29.124692082
2,"map(to: a)",16,32,132,1,3,1955,0,186.273828149
2,"map(to: a)",16,32,132,1,3,71,0,34.487061203
2,"map(to: a)",16,32,132,1,3,183,0,46.944618225
2,"map(to: a)",16,32,132,1,3,8096,0,683.405995369
2,"map(to: a)",16,32,132,1,3,3140,0,281.986780465
2,"map(to: a)",16,32,132,1,4,472,0,68.503804505
2,"map(to: a)",16,32,132,1,4,71,0,36.457553506
2,"map(to: a)",16,32,132,1,4,1,0,29.228255153
2,"map(to: a)",16,32,132,1,4,11,0,30.397437513
2,"map(to: a)",16,32,132,1,4,4,0,29.262155294
2,"map(to: a)",16,32,132,1,4,3140,0,283.121690154
2,"map(to: a)",16,32,132,1,4,28,0,30.961073935
2,"map(to: a)",16,32,132,1,4,1218,0,127.014331520
2,"map(to: a)",16,32,132,1,4,2,0,31.012110412
2,"map(to: a)",16,32,132,1,4,183,0,45.408122241
2,"map(to: a)",16,32,132,1,4,5042,0,438.031926751
2,"map(to: a)",16,32,132,1,4,114,0,43.551996350
2,"map(to: a)",16,32,132,1,4,3,0,31.094439328
2,"map(to: a)",16,32,132,1,4,44,0,33.788755536
2,"map(to: a)",16,32,132,1,4,758,0,91.117434204
2,"map(to: a)",16,32,132,1,4,8096,0,681.545585394
2,"map(to: a)",16,32,132,1,4,1955,0,186.425261199
2,"map(to: a)",16,32,132,1,4,294,0,52.796117961
2,"map(to: a)",16,32,132,1,4,7,0,26.937201619
2,"map(to: a)",16,32,132,1,4,17,0,28.892233968
2,"map(to: a)",64,32,132,0,0,7,0,31.122937799
2,"map(to: a)",64,32,132,0,0,114,0,41.981227696
2,"map(to: a)",64,32,132,0,0,3,0,31.871534884
2,"map(to: a)",64,32,132,0,0,17,0,33.157505095
2,"map(to: a)",64,32,132,0,0,1,0,30.243769288
2,"map(to: a)",64,32,132,0,0,44,0,36.794319749
2,"map(to: a)",64,32,132,0,0,294,0,55.921822786
2,"map(to: a)",64,32,132,0,0,3140,0,282.769091427
2,"map(to: a)",64,32,132,0,0,4,0,31.035207212
2,"map(to: a)",64,32,132,0,0,1955,0,187.733024359
2,"map(to: a)",64,32,132,0,0,183,0,44.300034642
2,"map(to: a)",64,32,132,0,0,8096,0,680.134631693
2,"map(to: a)",64,32,132,0,0,758,0,93.635730445
2,"map(to: a)",64,32,132,0,0,71,0,36.766380072
2,"map(to: a)",64,32,132,0,0,2,0,29.471144080
2,"map(to: a)",64,32,132,0,0,11,0,33.609010279
2,"map(to: a)",64,32,132,0,0,28,0,34.583546221
2,"map(to: a)",64,32,132,0,0,5042,0,435.493513942
2,"map(to: a)",64,32,132,0,0,1218,0,127.081759274
2,"map(to: a)",64,32,132,0,0,472,0,68.256817758
2,"map(to: a)",64,32,132,0,1,4,0,28.708577156
2,"map(to: a)",64,32,132,0,1,1,0,28.019584715
2,"map(to: a)",64,32,132,0,1,17,0,31.451880932
2,"map(to: a)",64,32,132,0,1,28,0,30.780956149
2,"map(to: a)",64,32,132,0,1,11,0,30.264072120
2,"map(to: a)",64,32,132,0,1,3140,0,282.394140959
2,"map(to: a)",64,32,132,0,1,2,0,26.039592922
2,"map(to: a)",64,32,132,0,1,758,0,91.526843607
2,"map(to: a)",64,32,132,0,1,1218,0,126.816704869
2,"map(to: a)",64,32,132,0,1,44,0,31.330808997
2,"map(to: a)",64,32,132,0,1,71,0,36.599859595
2,"map(to: a)",64,32,132,0,1,114,0,40.333345532
2,"map(to: a)",64,32,132,0,1,294,0,55.476836860
2,"map(to: a)",64,32,132,0,1,7,0,32.911822200
2,"map(to: a)",64,32,132,0,1,183,0,45.847706497
2,"map(to: a)",64,32,132,0,1,8096,0,680.976733565
2,"map(to: a)",64,32,132,0,1,472,0,68.301521242
2,"map(to: a)",64,32,132,0,1,1955,0,187.238864601
2,"map(to: a)",64,32,132,0,1,3,0,28.745271266
2,"map(to: a)",64,32,132,0,1,5042,0,434.294529259
2,"map(to: a)",64,32,132,0,2,3,0,31.795166433
2,"map(to: a)",64,32,132,0,2,44,0,34.489855170
2,"map(to: a)",64,32,132,0,2,1,0,32.177753747
2,"map(to: a)",64,32,132,0,2,183,0,46.792626381
2,"map(to: a)",64,32,132,0,2,294,0,56.506693363
2,"map(to: a)",64,32,132,0,2,5042,0,434.870086610
2,"map(to: a)",64,32,132,0,2,7,0,28.926506639
2,"map(to: a)",64,32,132,0,2,8096,0,680.355541408
2,"map(to: a)",64,32,132,0,2,2,0,27.021206915
2,"map(to: a)",64,32,132,0,2,114,0,36.001205444
2,"map(to: a)",64,32,132,0,2,71,0,33.397041261
2,"map(to: a)",64,32,132,0,2,1955,0,188.400223851
2,"map(to: a)",64,32,132,0,2,17,0,31.683593988
2,"map(to: a)",64,32,132,0,2,472,0,70.551782846
2,"map(to: a)",64,32,132,0,2,11,0,31.954236329
2,"map(to: a)",64,32,132,0,2,1218,0,129.999779165
2,"map(to: a)",64,32,132,0,2,4,0,30.400231481
2,"map(to: a)",64,32,132,0,2,3140,0,281.750783324
2,"map(to: a)",64,32,132,0,2,758,0,91.568194330
2,"map(to: a)",64,32,132,0,2,28,0,28.913095593
2,"map(to: a)",64,32,132,0,3,11,0,27.090497315
2,"map(to: a)",64,32,132,0,3,4,0,28.000585735
2,"map(to: a)",64,32,132,0,3,5042,0,433.184206486
2,"map(to: a)",64,32,132,0,3,183,0,44.325366616
2,"map(to: a)",64,32,132,0,3,17,0,29.196217656
2,"map(to: a)",64,32,132,0,3,3,0,31.471066177
2,"map(to: a)",64,32,132,0,3,28,0,33.515505493
2,"map(to: a)",64,32,132,0,3,1218,0,127.318501472
2,"map(to: a)",64,32,132,0,3,114,0,40.096603334
2,"map(to: a)",64,32,132,0,3,758,0,93.962624669
2,"map(to: a)",64,32,132,0,3,1955,0,188.331864774
2,"map(to: a)",64,32,132,0,3,472,0,69.146975875
2,"map(to: a)",64,32,132,0,3,7,0,27.334131300
2,"map(to: a)",64,32,132,0,3,44,0,31.384080648
2,"map(to: a)",64,32,132,0,3,3140,0,282.226689160
2,"map(to: a)",64,32,132,0,3,8096,0,678.735040128
2,"map(to: a)",64,32,132,0,3,71,0,36.179274321
2,"map(to: a)",64,32,132,0,3,1,0,28.631836176
2,"map(to: a)",64,32,132,0,3,2,0,31.562149525
2,"map(to: a)",64,32,132,0,3,294,0,54.349377751
2,"map(to: a)",64,32,132,0,4,3,0,29.601715505
2,"map(to: a)",64,32,132,0,4,8096,0,679.907947779
2,"map(to: a)",64,32,132,0,4,1,0,29.461272061
2,"map(to: a)",64,32,132,0,4,28,0,30.489638448
2,"map(to: a)",64,32,132,0,4,17,0,30.560977757
2,"map(to: a)",64,32,132,0,4,5042,0,434.004887938
2,"map(to: a)",64,32,132,0,4,7,0,27.217157185
2,"map(to: a)",64,32,132,0,4,114,0,37.466920912
2,"map(to: a)",64,32,132,0,4,44,0,34.986250103
2,"map(to: a)",64,32,132,0,4,2,0,31.493417919
2,"map(to: a)",64,32,132,0,4,294,0,55.639073253
2,"map(to: a)",64,32,132,0,4,758,0,92.259980738
2,"map(to: a)",64,32,132,0,4,183,0,46.168826520
2,"map(to: a)",64,32,132,0,4,4,0,32.803229988
2,"map(to: a)",64,32,132,0,4,1218,0,129.402615130
2,"map(to: a)",64,32,132,0,4,71,0,38.317032158
2,"map(to: a)",64,32,132,0,4,1955,0,187.299586833
2,"map(to: a)",64,32,132,0,4,11,0,28.319656849
2,"map(to: a)",64,32,132,0,4,472,0,66.860765219
2,"map(to: a)",64,32,132,0,4,3140,0,281.591527164
2,"map(to: a)",64,32,132,1,0,2,0,28.677098453
2,"map(to: a)",64,32,132,1,0,4,0,29.853545129
2,"map(to: a)",64,32,132,1,0,472,0,67.317113280
2,"map(to: a)",64,32,132,1,0,3140,0,283.157639205
2,"map(to: a)",64,32,132,1,0,183,0,42.275711894
2,"map(to: a)",64,32,132,1,0,28,0,26.444159448
2,"map(to: a)",64,32,132,1,0,71,0,33.252127469
2,"map(to: a)",64,32,132,1,0,1218,0,128.281489015
2,"map(to: a)",64,32,132,1,0,294,0,57.532824576
2,"map(to: a)",64,32,132,1,0,1,0,30.259229243
2,"map(to: a)",64,32,132,1,0,7,0,30.170567334
2,"map(to: a)",64,32,132,1,0,1955,0,190.102495253
2,"map(to: a)",64,32,132,1,0,758,0,91.174058616
2,"map(to: a)",64,32,132,1,0,114,0,40.676444769
2,"map(to: a)",64,32,132,1,0,11,0,31.348317862
2,"map(to: a)",64,32,132,1,0,3,0,28.263404965
2,"map(to: a)",64,32,132,1,0,8096,0,678.910873830
2,"map(to: a)",64,32,132,1,0,44,0,31.796656549
2,"map(to: a)",64,32,132,1,0,17,0,29.106065631
2,"map(to: a)",64,32,132,1,0,5042,0,435.849092901
2,"map(to: a)",64,32,132,1,1,758,0,93.831308186
2,"map(to: a)",64,32,132,1,1,3,0,29.692053795
2,"map(to: a)",64,32,132,1,1,3140,0,282.480195165
2,"map(to: a)",64,32,132,1,1,1955,0,186.943449080
2,"map(to: a)",64,32,132,1,1,44,0,30.382908881
2,"map(to: a)",64,32,132,1,1,17,0,28.277933598
2,"map(to: a)",64,32,132,1,1,294,0,54.039806128
2,"map(to: a)",64,32,132,1,1,28,0,31.073205173
2,"map(to: a)",64,32,132,1,1,114,0,38.438662887
2,"map(to: a)",64,32,132,1,1,2,0,29.713660479
2,"map(to: a)",64,32,132,1,1,7,0,30.408985913
2,"map(to: a)",64,32,132,1,1,183,0,44.450163841
2,"map(to: a)",64,32,132,1,1,8096,0,680.896267295
2,"map(to: a)",64,32,132,1,1,11,0,31.908415258
2,"map(to: a)",64,32,132,1,1,1,0,32.258406281
2,"map(to: a)",64,32,132,1,1,1218,0,129.600800574
2,"map(to: a)",64,32,132,1,1,472,0,70.200674236
2,"map(to: a)",64,32,132,1,1,71,0,34.643337131
2,"map(to: a)",64,32,132,1,1,5042,0,433.840043843
2,"map(to: a)",64,32,132,1,1,4,0,31.517259777
2,"map(to: a)",64,32,132,1,2,2,0,27.272291481
2,"map(to: a)",64,32,132,1,2,71,0,34.622848034
2,"map(to: a)",64,32,132,1,2,17,0,29.655918479
2,"map(to: a)",64,32,132,1,2,472,0,66.762231290
2,"map(to: a)",64,32,132,1,2,5042,0,434.100255370
2,"map(to: a)",64,32,132,1,2,28,0,33.196434379
2,"map(to: a)",64,32,132,1,2,44,0,34.214928746
2,"map(to: a)",64,32,132,1,2,1218,0,128.071568906
2,"map(to: a)",64,32,132,1,2,4,0,31.342357397
2,"map(to: a)",64,32,132,1,2,1955,0,188.558548689
2,"map(to: a)",64,32,132,1,2,183,0,45.340508223
2,"map(to: a)",64,32,132,1,2,7,0,26.470795274
2,"map(to: a)",64,32,132,1,2,758,0,91.322883964
2,"map(to: a)",64,32,132,1,2,1,0,29.936619103
2,"map(to: a)",64,32,132,1,2,3140,0,282.060727477
2,"map(to: a)",64,32,132,1,2,8096,0,679.387897253
2,"map(to: a)",64,32,132,1,2,3,0,31.158514321
2,"map(to: a)",64,32,132,1,2,114,0,40.430389345
2,"map(to: a)",64,32,132,1,2,11,0,30.566193163
2,"map(to: a)",64,32,132,1,2,294,0,55.787526071
2,"map(to: a)",64,32,132,1,3,1,0,32.215937972
2,"map(to: a)",64,32,132,1,3,17,0,33.007003367
2,"map(to: a)",64,32,132,1,3,294,0,55.119954050
2,"map(to: a)",64,32,132,1,3,5042,0,434.983894229
2,"map(to: a)",64,32,132,1,3,114,0,38.768351078
2,"map(to: a)",64,32,132,1,3,28,0,28.789974749
2,"map(to: a)",64,32,132,1,3,1218,0,126.930885017
2,"map(to: a)",64,32,132,1,3,2,0,29.581040144
2,"map(to: a)",64,32,132,1,3,3,0,30.206330121
2,"map(to: a)",64,32,132,1,3,4,0,29.145367444
2,"map(to: a)",64,32,132,1,3,758,0,90.529955924
2,"map(to: a)",64,32,132,1,3,11,0,30.638836324
2,"map(to: a)",64,32,132,1,3,44,0,32.269768417
2,"map(to: a)",64,32,132,1,3,472,0,67.331269383
2,"map(to: a)",64,32,132,1,3,7,0,28.259120882
2,"map(to: a)",64,32,132,1,3,1955,0,188.120640814
2,"map(to: a)",64,32,132,1,3,71,0,36.387518048
2,"map(to: a)",64,32,132,1,3,183,0,45.739486814
2,"map(to: a)",64,32,132,1,3,8096,0,680.738873780
2,"map(to: a)",64,32,132,1,3,3140,0,282.380916178
2,"map(to: a)",64,32,132,1,4,472,0,67.893601954
2,"map(to: a)",64,32,132,1,4,71,0,34.362450242
2,"map(to: a)",64,32,132,1,4,1,0,29.400736094
2,"map(to: a)",64,32,132,1,4,11,0,29.598549008
2,"map(to: a)",64,32,132,1,4,4,0,29.628910124
2,"map(to: a)",64,32,132,1,4,3140,0,282.411463559
2,"map(to: a)",64,32,132,1,4,28,0,31.400658190
2,"map(to: a)",64,32,132,1,4,1218,0,129.296258092
2,"map(to: a)",64,32,132,1,4,2,0,29.322132468
2,"map(to: a)",64,32,132,1,4,183,0,45.520253479
2,"map(to: a)",64,32,132,1,4,5042,0,435.977056623
2,"map(to: a)",64,32,132,1,4,114,0,38.660131395
2,"map(to: a)",64,32,132,1,4,3,0,29.635056853
2,"map(to: a)",64,32,132,1,4,44,0,32.565556467
2,"map(to: a)",64,32,132,1,4,758,0,91.312453151
2,"map(to: a)",64,32,132,1,4,8096,0,679.760612547
2,"map(to: a)",64,32,132,1,4,1955,0,189.982727170
2,"map(to: a)",64,32,132,1,4,294,0,55.751763284
2,"map(to: a)",64,32,132,1,4,7,0,33.064745367
2,"map(to: a)",64,32,132,1,4,17,0,33.174268901
2,"map(to: a)",256,32,132,0,0,7,0,33.255852759
2,"map(to: a)",256,32,132,0,0,114,0,43.227896094
2,"map(to: a)",256,32,132,0,0,3,0,31.461194158
2,"map(to: a)",256,32,132,0,0,17,0,32.497011125
2,"map(to: a)",256,32,132,0,0,1,0,29.588304460
2,"map(to: a)",256,32,132,0,0,44,0,33.584050834
2,"map(to: a)",256,32,132,0,0,294,0,57.602673769
2,"map(to: a)",256,32,132,0,0,3140,0,282.370112836
2,"map(to: a)",256,32,132,0,0,4,0,30.682422221
2,"map(to: a)",256,32,132,0,0,1955,0,186.455063522
2,"map(to: a)",256,32,132,0,0,183,0,44.813565910
2,"map(to: a)",256,32,132,0,0,8096,0,681.233033538
2,"map(to: a)",256,32,132,0,0,758,0,93.646533787
2,"map(to: a)",256,32,132,0,0,71,0,39.879232645
2,"map(to: a)",256,32,132,0,0,2,0,32.424367964
2,"map(to: a)",256,32,132,0,0,11,0,35.287253559
2,"map(to: a)",256,32,132,0,0,28,0,32.846257091
2,"map(to: a)",256,32,132,0,0,5042,0,434.320978820
2,"map(to: a)",256,32,132,0,0,1218,0,127.453729510
2,"map(to: a)",256,32,132,0,0,472,0,67.907012999
2,"map(to: a)",256,32,132,0,1,4,0,30.218064785
2,"map(to: a)",256,32,132,0,1,1,0,30.538812280
2,"map(to: a)",256,32,132,0,1,17,0,31.191855669
2,"map(to: a)",256,32,132,0,1,28,0,31.502544880
2,"map(to: a)",256,32,132,0,1,11,0,29.938109219
2,"map(to: a)",256,32,132,0,1,3140,0,281.888991594
2,"map(to: a)",256,32,132,0,1,2,0,28.733722866
2,"map(to: a)",256,32,132,0,1,758,0,89.660473168
2,"map(to: a)",256,32,132,0,1,1218,0,128.636509180
2,"map(to: a)",256,32,132,0,1,44,0,35.249255598
2,"map(to: a)",256,32,132,0,1,71,0,37.238560617
2,"map(to: a)",256,32,132,0,1,114,0,41.463039815
2,"map(to: a)",256,32,132,0,1,294,0,56.006014347
2,"map(to: a)",256,32,132,0,1,7,0,30.585937202
2,"map(to: a)",256,32,132,0,1,183,0,45.327469707
2,"map(to: a)",256,32,132,0,1,8096,0,682.953558862
2,"map(to: a)",256,32,132,0,1,472,0,68.584829569
2,"map(to: a)",256,32,132,0,1,1955,0,187.928043306
2,"map(to: a)",256,32,132,0,1,3,0,28.356164694
2,"map(to: a)",256,32,132,0,1,5042,0,435.061007738
2,"map(to: a)",256,32,132,0,2,3,0,32.923929393
2,"map(to: a)",256,32,132,0,2,44,0,36.133639514
2,"map(to: a)",256,32,132,0,2,1,0,33.087842166
2,"map(to: a)",256,32,132,0,2,183,0,46.671554446
2,"map(to: a)",256,32,132,0,2,294,0,57.527981699
2,"map(to: a)",256,32,132,0,2,5042,0,437.826849520
2,"map(to: a)",256,32,132,0,2,7,0,29.305368662
2,"map(to: a)",256,32,132,0,2,8096,0,680.356286466
2,"map(to: a)",256,32,132,0,2,2,0,28.926506639
2,"map(to: a)",256,32,132,0,2,114,0,36.192685366
2,"map(to: a)",256,32,132,0,2,71,0,33.074431121
2,"map(to: a)",256,32,132,0,2,1955,0,186.636112630
2,"map(to: a)",256,32,132,0,2,17,0,33.034943044
2,"map(to: a)",256,32,132,0,2,472,0,70.754066110
2,"map(to: a)",256,32,132,0,2,11,0,31.368248165
2,"map(to: a)",256,32,132,0,2,1218,0,130.805559456
2,"map(to: a)",256,32,132,0,2,4,0,30.822493136
2,"map(to: a)",256,32,132,0,2,3140,0,283.719599247
2,"map(to: a)",256,32,132,0,2,758,0,90.100429952
2,"map(to: a)",256,32,132,0,2,28,0,32.674893737
2,"map(to: a)",256,32,132,0,3,11,0,31.504966319
2,"map(to: a)",256,32,132,0,3,4,0,31.594373286
2,"map(to: a)",256,32,132,0,3,5042,0,435.099564493
2,"map(to: a)",256,32,132,0,3,183,0,43.805688620
2,"map(to: a)",256,32,132,0,3,17,0,29.708258808
2,"map(to: a)",256,32,132,0,3,3,0,28.486177325
2,"map(to: a)",256,32,132,0,3,28,0,27.410313487
2,"map(to: a)",256,32,132,0,3,1218,0,127.292796969
2,"map(to: a)",256,32,132,0,3,114,0,38.274750113
2,"map(to: a)",256,32,132,0,3,758,0,91.799162328
2,"map(to: a)",256,32,132,0,3,1955,0,188.986212015
2,"map(to: a)",256,32,132,0,3,472,0,70.046447217
2,"map(to: a)",256,32,132,0,3,7,0,33.475831151
2,"map(to: a)",256,32,132,0,3,44,0,35.881437361
2,"map(to: a)",256,32,132,0,3,3140,0,281.666219234
2,"map(to: a)",256,32,132,0,3,8096,0,680.357404053
2,"map(to: a)",256,32,132,0,3,71,0,33.355318010
2,"map(to: a)",256,32,132,0,3,1,0,26.877783239
2,"map(to: a)",256,32,132,0,3,2,0,28.973817825
2,"map(to: a)",256,32,132,0,3,294,0,52.300468087
2,"map(to: a)",256,32,132,0,4,3,0,28.838217258
2,"map(to: a)",256,32,132,0,4,8096,0,681.921653450
2,"map(to: a)",256,32,132,0,4,1,0,30.350126326
2,"map(to: a)",256,32,132,0,4,28,0,31.100399792
2,"map(to: a)",256,32,132,0,4,17,0,30.049122870
2,"map(to: a)",256,32,132,0,4,5042,0,436.320714653
2,"map(to: a)",256,32,132,0,4,7,0,30.238553882
2,"map(to: a)",256,32,132,0,4,114,0,38.743950427
2,"map(to: a)",256,32,132,0,4,44,0,32.745487988
2,"map(to: a)",256,32,132,0,4,2,0,26.198290288
2,"map(to: a)",256,32,132,0,4,294,0,52.505359054
2,"map(to: a)",256,32,132,0,4,758,0,91.521814466
2,"map(to: a)",256,32,132,0,4,183,0,44.835172594
2,"map(to: a)",256,32,132,0,4,4,0,33.216178417
2,"map(to: a)",256,32,132,0,4,1218,0,129.448994994
2,"map(to: a)",256,32,132,0,4,71,0,37.190690637
2,"map(to: a)",256,32,132,0,4,1955,0,191.350840032
2,"map(to: a)",256,32,132,0,4,11,0,32.449327409
2,"map(to: a)",256,32,132,0,4,472,0,67.221745849
2,"map(to: a)",256,32,132,0,4,3140,0,282.573699951
2,"map(to: a)",256,32,132,1,0,2,0,30.692666769
2,"map(to: a)",256,32,132,1,0,4,0,31.230598688
2,"map(to: a)",256,32,132,1,0,472,0,68.867206573
2,"map(to: a)",256,32,132,1,0,3140,0,281.365402043
2,"map(to: a)",256,32,132,1,0,183,0,43.774582446
2,"map(to: a)",256,32,132,1,0,28,0,30.607171357
2,"map(to: a)",256,32,132,1,0,71,0,35.200081766
2,"map(to: a)",256,32,132,1,0,1218,0,126.298516989
2,"map(to: a)",256,32,132,1,0,294,0,52.936561406
2,"map(to: a)",256,32,132,1,0,1,0,30.914507806
2,"map(to: a)",256,32,132,1,0,7,0,30.423700809
2,"map(to: a)",256,32,132,1,0,1955,0,187.095999718
2,"map(to: a)",256,32,132,1,0,758,0,95.148198307
2,"map(to: a)",256,32,132,1,0,114,0,39.772130549
2,"map(to: a)",256,32,132,1,0,11,0,29.979646206
2,"map(to: a)",256,32,132,1,0,3,0,28.732232749
2,"map(to: a)",256,32,132,1,0,8096,0,681.491568685
2,"map(to: a)",256,32,132,1,0,44,0,32.859481871
2,"map(to: a)",256,32,132,1,0,17,0,28.917379677
2,"map(to: a)",256,32,132,1,0,5042,0,436.125136912
2,"map(to: a)",256,32,132,1,1,758,0,93.705020845
2,"map(to: a)",256,32,132,1,1,3,0,31.398981810
2,"map(to: a)",256,32,132,1,1,3140,0,284.594669938
2,"map(to: a)",256,32,132,1,1,1955,0,187.082029879
2,"map(to: a)",256,32,132,1,1,44,0,32.724998891
2,"map(to: a)",256,32,132,1,1,17,0,32.282620668
2,"map(to: a)",256,32,132,1,1,294,0,52.562728524
2,"map(to: a)",256,32,132,1,1,28,0,30.072964728
2,"map(to: a)",256,32,132,1,1,114,0,37.353858352
2,"map(to: a)",256,32,132,1,1,2,0,27.366355062
2,"map(to: a)",256,32,132,1,1,7,0,29.563345015
2,"map(to: a)",256,32,132,1,1,183,0,46.083889902
2,"map(to: a)",256,32,132,1,1,8096,0,679.460540414
2,"map(to: a)",256,32,132,1,1,11,0,32.227486372
2,"map(to: a)",256,32,132,1,1,1,0,31.314603984
2,"map(to: a)",256,32,132,1,1,1218,0,129.094906151
2,"map(to: a)",256,32,132,1,1,472,0,69.725140929
2,"map(to: a)",256,32,132,1,1,71,0,34.190341830
2,"map(to: a)",256,32,132,1,1,5042,0,435.170531273
2,"map(to: a)",256,32,132,1,1,4,0,28.690136969
2,"map(to: a)",256,32,132,1,2,2,0,27.548708022
2,"map(to: a)",256,32,132,1,2,71,0,32.321549952
2,"map(to: a)",256,32,132,1,2,17,0,30.374154449
2,"map(to: a)",256,32,132,1,2,472,0,68.495795131
2,"map(to: a)",256,32,132,1,2,5042,0,434.430874884
2,"map(to: a)",256,32,132,1,2,28,0,32.956153154
2,"map(to: a)",256,32,132,1,2,44,0,33.034197986
2,"map(to: a)",256,32,132,1,2,1218,0,130.532868207
2,"map(to: a)",256,32,132,1,2,4,0,30.641816556
2,"map(to: a)",256,32,132,1,2,1955,0,188.989937305
2,"map(to: a)",256,32,132,1,2,183,0,46.179816127
2,"map(to: a)",256,32,132,1,2,7,0,29.128044844
2,"map(to: a)",256,32,132,1,2,758,0,90.486370027
2,"map(to: a)",256,32,132,1,2,1,0,28.481334448
2,"map(to: a)",256,32,132,1,2,3140,0,282.024033368
2,"map(to: a)",256,32,132,1,2,8096,0,679.483637214
2,"map(to: a)",256,32,132,1,2,3,0,31.751394272
2,"map(to: a)",256,32,132,1,2,114,0,40.957704186
2,"map(to: a)",256,32,132,1,2,11,0,32.571144402
2,"map(to: a)",256,32,132,1,2,294,0,54.270587862
2,"map(to: a)",256,32,132,1,3,1,0,31.245499849
2,"map(to: a)",256,32,132,1,3,17,0,32.760389149
2,"map(to: a)",256,32,132,1,3,294,0,56.005828083
2,"map(to: a)",256,32,132,1,3,5042,0,435.947626829
2,"map(to: a)",256,32,132,1,3,114,0,39.833970368
2,"map(to: a)",256,32,132,1,3,28,0,29.643438756
2,"map(to: a)",256,32,132,1,3,1218,0,127.174519002
2,"map(to: a)",256,32,132,1,3,2,0,29.732286930
2,"map(to: a)",256,32,132,1,3,3,0,29.177591205
2,"map(to: a)",256,32,132,1,3,4,0,27.603469789
2,"map(to: a)",256,32,132,1,3,758,0,90.363994241
2,"map(to: a)",256,32,132,1,3,11,0,27.786567807
2,"map(to: a)",256,32,132,1,3,44,0,32.021291554
2,"map(to: a)",256,32,132,1,3,472,0,67.909434438
2,"map(to: a)",256,32,132,1,3,7,0,26.582553983
2,"map(to: a)",256,32,132,1,3,1955,0,186.508521438
2,"map(to: a)",256,32,132,1,3,71,0,36.008097231
2,"map(to: a)",256,32,132,1,3,183,0,45.419670641
2,"map(to: a)",256,32,132,1,3,8096,0,681.085325778
2,"map(to: a)",256,32,132,1,3,3140,0,282.528810203
2,"map(to: a)",256,32,132,1,4,472,0,67.670457065
2,"map(to: a)",256,32,132,1,4,71,0,34.049153328
2,"map(to: a)",256,32,132,1,4,1,0,27.751550078
2,"map(to: a)",256,32,132,1,4,11,0,28.729625046
2,"map(to: a)",256,32,132,1,4,4,0,27.695670724
2,"map(to: a)",256,32,132,1,4,3140,0,282.697007060
2,"map(to: a)",256,32,132,1,4,28,0,32.936036587
2,"map(to: a)",256,32,132,1,4,1218,0,129.656121135
2,"map(to: a)",256,32,132,1,4,2,0,29.949657619
2,"map(to: a)",256,32,132,1,4,183,0,47.923997045
2,"map(to: a)",256,32,132,1,4,5042,0,437.428988516
2,"map(to: a)",256,32,132,1,4,114,0,38.183294237
2,"map(to: a)",256,32,132,1,4,3,0,30.176900327
2,"map(to: a)",256,32,132,1,4,44,0,36.841817200
2,"map(to: a)",256,32,132,1,4,758,0,91.892294586
2,"map(to: a)",256,32,132,1,4,8096,0,680.620782077
2,"map(to: a)",256,32,132,1,4,1955,0,189.823843539
2,"map(to: a)",256,32,132,1,4,294,0,56.503340602
2,"map(to: a)",256,32,132,1,4,7,0,34.814886749
2,"map(to: a)",256,32,132,1,4,17,0,33.228471875
2,"map(to: a)",1024,32,132,0,0,7,0,35.687163472
2,"map(to: a)",1024,32,132,0,0,114,0,42.708404362
2,"map(to: a)",1024,32,132,0,0,3,0,29.521062970
2,"map(to: a)",1024,32,132,0,0,17,0,32.421760261
2,"map(to: a)",1024,32,132,0,0,1,0,32.064132392
2,"map(to: a)",1024,32,132,0,0,44,0,34.049712121
2,"map(to: a)",1024,32,132,0,0,294,0,54.905563593
2,"map(to: a)",1024,32,132,0,0,3140,0,286.256708205
2,"map(to: a)",1024,32,132,0,0,4,0,34.038722515
2,"map(to: a)",1024,32,132,0,0,1955,0,188.272260129
2,"map(to: a)",1024,32,132,0,0,183,0,47.305971384
2,"map(to: a)",1024,32,132,0,0,8096,0,681.545771658
2,"map(to: a)",1024,32,132,0,0,758,0,94.362348318
2,"map(to: a)",1024,32,132,0,0,71,0,38.087926805
2,"map(to: a)",1024,32,132,0,0,2,0,32.624602318
2,"map(to: a)",1024,32,132,0,0,11,0,34.845247865
2,"map(to: a)",1024,32,132,0,0,28,0,35.103410482
2,"map(to: a)",1024,32,132,0,0,5042,0,435.965694487
2,"map(to: a)",1024,32,132,0,0,1218,0,129.398144782
2,"map(to: a)",1024,32,132,0,0,472,0,68.499892950
2,"map(to: a)",1024,32,132,0,1,4,0,29.793940485
2,"map(to: a)",1024,32,132,0,1,1,0,29.615312815
2,"map(to: a)",1024,32,132,0,1,17,0,29.213353992
2,"map(to: a)",1024,32,132,0,1,28,0,31.710974872
2,"map(to: a)",1024,32,132,0,1,11,0,31.667947769
2,"map(to: a)",1024,32,132,0,1,3140,0,283.444859087
2,"map(to: a)",1024,32,132,0,1,2,0,30.352547765
2,"map(to: a)",1024,32,132,0,1,758,0,92.524290085
2,"map(to: a)",1024,32,132,0,1,1218,0,129.642337561
2,"map(to: a)",1024,32,132,0,1,44,0,36.329776049
2,"map(to: a)",1024,32,132,0,1,71,0,36.946311593
2,"map(to: a)",1024,32,132,0,1,114,0,41.696242988
2,"map(to: a)",1024,32,132,0,1,294,0,55.811181664
2,"map(to: a)",1024,32,132,0,1,7,0,33.196993172
2,"map(to: a)",1024,32,132,0,1,183,0,47.100894153
2,"map(to: a)",1024,32,132,0,1,8096,0,682.233460248
2,"map(to: a)",1024,32,132,0,1,472,0,71.267969906
2,"map(to: a)",1024,32,132,0,1,1955,0,189.422816038
2,"map(to: a)",1024,32,132,0,1,3,0,30.500441790
2,"map(to: a)",1024,32,132,0,1,5042,0,436.447188258
2,"map(to: a)",1024,32,132,0,2,3,0,29.245018959
2,"map(to: a)",1024,32,132,0,2,44,0,32.058171928
2,"map(to: a)",1024,32,132,0,2,1,0,28.605386615
2,"map(to: a)",1024,32,132,0,2,183,0,47.897174954
2,"map(to: a)",1024,32,132,0,2,294,0,57.106465101
2,"map(to: a)",1024,32,132,0,2,5042,0,439.150631428
2,"map(to: a)",1024,32,132,0,2,7,0,32.400339842
2,"map(to: a)",1024,32,132,0,2,8096,0,682.167522609
2,"map(to: a)",1024,32,132,0,2,2,0,31.490251422
2,"map(to: a)",1024,32,132,0,2,114,0,38.917362690
2,"map(to: a)",1024,32,132,0,2,71,0,35.583786666
2,"map(to: a)",1024,32,132,0,2,1955,0,188.759155571
2,"map(to: a)",1024,32,132,0,2,17,0,30.989758670
2,"map(to: a)",1024,32,132,0,2,472,0,68.825483322
2,"map(to: a)",1024,32,132,0,2,11,0,30.842050910
2,"map(to: a)",1024,32,132,0,2,1218,0,128.858536482
2,"map(to: a)",1024,32,132,0,2,4,0,33.146142960
2,"map(to: a)",1024,32,132,0,2,3140,0,285.671092570
2,"map(to: a)",1024,32,132,0,2,758,0,94.893574715
2,"map(to: a)",1024,32,132,0,2,28,0,37.051364779
2,"map(to: a)",1024,32,132,0,3,11,0,33.552199602
2,"map(to: a)",1024,32,132,0,3,4,0,29.333494604
2,"map(to: a)",1024,32,132,0,3,5042,0,436.596199870
2,"map(to: a)",1024,32,132,0,3,183,0,45.864656568
2,"map(to: a)",1024,32,132,0,3,17,0,33.373385668
2,"map(to: a)",1024,32,132,0,3,3,0,29.215775430
2,"map(to: a)",1024,32,132,0,3,28,0,32.641366124
2,"map(to: a)",1024,32,132,0,3,1218,0,129.244662821
2,"map(to: a)",1024,32,132,0,3,114,0,42.155198753
2,"map(to: a)",1024,32,132,0,3,758,0,91.548450291
2,"map(to: a)",1024,32,132,0,3,1955,0,188.870169222
2,"map(to: a)",1024,32,132,0,3,472,0,68.206526339
2,"map(to: a)",1024,32,132,0,3,7,0,29.656291008
2,"map(to: a)",1024,32,132,0,3,44,0,32.660551369
2,"map(to: a)",1024,32,132,0,3,3140,0,283.806025982
2,"map(to: a)",1024,32,132,0,3,8096,0,682.011991739
2,"map(to: a)",1024,32,132,0,3,71,0,38.198567927
2,"map(to: a)",1024,32,132,0,3,1,0,31.295791268
2,"map(to: a)",1024,32,132,0,3,2,0,31.221657991
2,"map(to: a)",1024,32,132,0,3,294,0,56.683830917
2,"map(to: a)",1024,32,132,0,4,3,0,32.612308860
2,"map(to: a)",1024,32,132,0,4,8096,0,683.433562517
2,"map(to: a)",1024,32,132,0,4,1,0,28.826110065
2,"map(to: a)",1024,32,132,0,4,28,0,33.917650580
2,"map(to: a)",1024,32,132,0,4,17,0,29.488094151
2,"map(to: a)",1024,32,132,0,4,5042,0,438.813120127
2,"map(to: a)",1024,32,132,0,4,7,0,34.211948514
2,"map(to: a)",1024,32,132,0,4,114,0,40.746480227
2,"map(to: a)",1024,32,132,0,4,44,0,33.705867827
2,"map(to: a)",1024,32,132,0,4,2,0,35.254284739
2,"map(to: a)",1024,32,132,0,4,294,0,58.027915657
2,"map(to: a)",1024,32,132,0,4,758,0,92.575512826
2,"map(to: a)",1024,32,132,0,4,183,0,45.293942094
2,"map(to: a)",1024,32,132,0,4,4,0,29.279664159
2,"map(to: a)",1024,32,132,0,4,1218,0,128.877907991
2,"map(to: a)",1024,32,132,0,4,71,0,36.825612187
2,"map(to: a)",1024,32,132,0,4,1955,0,187.914818525
2,"map(to: a)",1024,32,132,0,4,11,0,30.375830829
2,"map(to: a)",1024,32,132,0,4,472,0,70.068240166
2,"map(to: a)",1024,32,132,0,4,3140,0,282.562524080
2,"map(to: a)",1024,32,132,1,0,2,0,30.431337655
2,"map(to: a)",1024,32,132,1,0,4,0,29.923766851
2,"map(to: a)",1024,32,132,1,0,472,0,68.109109998
2,"map(to: a)",1024,32,132,1,0,3140,0,283.112004399
2,"map(to: a)",1024,32,132,1,0,183,0,47.094933689
2,"map(to: a)",1024,32,132,1,0,28,0,34.562870860
2,"map(to: a)",1024,32,132,1,0,71,0,37.493184209
2,"map(to: a)",1024,32,132,1,0,1218,0,130.561739206
2,"map(to: a)",1024,32,132,1,0,294,0,57.238526642
2,"map(to: a)",1024,32,132,1,0,1,0,33.052824438
2,"map(to: a)",1024,32,132,1,0,7,0,33.771805465
2,"map(to: a)",1024,32,132,1,0,1955,0,188.819877803
2,"map(to: a)",1024,32,132,1,0,758,0,92.149153352
2,"map(to: a)",1024,32,132,1,0,114,0,37.850812078
2,"map(to: a)",1024,32,132,1,0,11,0,31.581521034
2,"map(to: a)",1024,32,132,1,0,3,0,29.590912163
2,"map(to: a)",1024,32,132,1,0,8096,0,681.352801621
2,"map(to: a)",1024,32,132,1,0,44,0,33.866614103
2,"map(to: a)",1024,32,132,1,0,17,0,32.373517752
2,"map(to: a)",1024,32,132,1,0,5042,0,436.729937792
2,"map(to: a)",1024,32,132,1,1,758,0,93.832239509
2,"map(to: a)",1024,32,132,1,1,3,0,32.860040665
2,"map(to: a)",1024,32,132,1,1,3140,0,285.238213837
2,"map(to: a)",1024,32,132,1,1,1955,0,188.059918582
2,"map(to: a)",1024,32,132,1,1,44,0,34.587085247
2,"map(to: a)",1024,32,132,1,1,17,0,31.719915569
2,"map(to: a)",1024,32,132,1,1,294,0,55.366382003
2,"map(to: a)",1024,32,132,1,1,28,0,34.350901842
2,"map(to: a)",1024,32,132,1,1,114,0,40.400587022
2,"map(to: a)",1024,32,132,1,1,2,0,29.556825757
2,"map(to: a)",1024,32,132,1,1,7,0,31.560473144
2,"map(to: a)",1024,32,132,1,1,183,0,46.879611909
2,"map(to: a)",1024,32,132,1,1,8096,0,682.458281517
2,"map(to: a)",1024,32,132,1,1,11,0,34.376047552
2,"map(to: a)",1024,32,132,1,1,1,0,32.872892916
2,"map(to: a)",1024,32,132,1,1,1218,0,131.123326719
2,"map(to: a)",1024,32,132,1,1,472,0,72.210654616
2,"map(to: a)",1024,32,132,1,1,71,0,39.480999112
2,"map(to: a)",1024,32,132,1,1,5042,0,438.020937145
2,"map(to: a)",1024,32,132,1,1,4,0,30.013918877
2,"map(to: a)",1024,32,132,1,2,2,0,31.331181526
2,"map(to: a)",1024,32,132,1,2,71,0,37.144683301
2,"map(to: a)",1024,32,132,1,2,17,0,30.471011996
2,"map(to: a)",1024,32,132,1,2,472,0,69.302134216
2,"map(to: a)",1024,32,132,1,2,5042,0,436.686538160
2,"map(to: a)",1024,32,132,1,2,28,0,32.786093652
2,"map(to: a)",1024,32,132,1,2,44,0,33.945031464
2,"map(to: a)",1024,32,132,1,2,1218,0,130.570121109
2,"map(to: a)",1024,32,132,1,2,4,0,31.977333128
2,"map(to: a)",1024,32,132,1,2,1955,0,190.175697207
2,"map(to: a)",1024,32,132,1,2,183,0,48.034824431
2,"map(to: a)",1024,32,132,1,2,7,0,34.032948315
2,"map(to: a)",1024,32,132,1,2,758,0,93.605928123
2,"map(to: a)",1024,32,132,1,2,1,0,34.509412944
2,"map(to: a)",1024,32,132,1,2,3140,0,284.887850285
2,"map(to: a)",1024,32,132,1,2,8096,0,682.198256254
2,"map(to: a)",1024,32,132,1,2,3,0,32.136403024
2,"map(to: a)",1024,32,132,1,2,114,0,41.838176548
2,"map(to: a)",1024,32,132,1,2,11,0,32.540783286
2,"map(to: a)",1024,32,132,1,2,294,0,54.218806326
2,"map(to: a)",1024,32,132,1,3,1,0,28.085708618
2,"map(to: a)",1024,32,132,1,3,17,0,29.963254929
2,"map(to: a)",1024,32,132,1,3,294,0,52.640587091
2,"map(to: a)",1024,32,132,1,3,5042,0,438.733026385
2,"map(to: a)",1024,32,132,1,3,114,0,41.347183287
2,"map(to: a)",1024,32,132,1,3,28,0,33.469870687
2,"map(to: a)",1024,32,132,1,3,1218,0,130.872055888
2,"map(to: a)",1024,32,132,1,3,2,0,28.783828020
2,"map(to: a)",1024,32,132,1,3,3,0,27.858093381
2,"map(to: a)",1024,32,132,1,3,4,0,29.428303242
2,"map(to: a)",1024,32,132,1,3,758,0,90.845488012
2,"map(to: a)",1024,32,132,1,3,11,0,31.991489232
2,"map(to: a)",1024,32,132,1,3,44,0,34.126453102
2,"map(to: a)",1024,32,132,1,3,472,0,70.426799357
2,"map(to: a)",1024,32,132,1,3,7,0,31.143799424
2,"map(to: a)",1024,32,132,1,3,1955,0,188.915431499
2,"map(to: a)",1024,32,132,1,3,71,0,35.532563925
2,"map(to: a)",1024,32,132,1,3,183,0,45.794993639
2,"map(to: a)",1024,32,132,1,3,8096,0,681.772083044
2,"map(to: a)",1024,32,132,1,3,3140,0,284.604169428
2,"map(to: a)",1024,32,132,1,4,472,0,70.365518332
2,"map(to: a)",1024,32,132,1,4,71,0,36.977417767
2,"map(to: a)",1024,32,132,1,4,1,0,32.255053520
2,"map(to: a)",1024,32,132,1,4,11,0,29.052980244
2,"map(to: a)",1024,32,132,1,4,4,0,30.515901744
2,"map(to: a)",1024,32,132,1,4,3140,0,283.311679959
2,"map(to: a)",1024,32,132,1,4,28,0,31.844340265
2,"map(to: a)",1024,32,132,1,4,1218,0,129.685737193
2,"map(to: a)",1024,32,132,1,4,2,0,31.139142811
2,"map(to: a)",1024,32,132,1,4,183,0,45.386515558
2,"map(to: a)",1024,32,132,1,4,5042,0,435.409694910
2,"map(to: a)",1024,32,132,1,4,114,0,39.128027856
2,"map(to: a)",1024,32,132,1,4,3,0,32.463483512
2,"map(to: a)",1024,32,132,1,4,44,0,35.976059735
2,"map(to: a)",1024,32,132,1,4,758,0,93.475542963
2,"map(to: a)",1024,32,132,1,4,8096,0,682.127103209
2,"map(to: a)",1024,32,132,1,4,1955,0,189.266353846
2,"map(to: a)",1024,32,132,1,4,294,0,54.096430540
2,"map(to: a)",1024,32,132,1,4,7,0,31.463056803
2,"map(to: a)",1024,32,132,1,4,17,0,31.800195575
2,"map(to: a)",4096,32,132,0,0,7,0,36.477856338
2,"map(to: a)",4096,32,132,0,0,114,0,44.120475650
2,"map(to: a)",4096,32,132,0,0,3,0,33.730827272
2,"map(to: a)",4096,32,132,0,0,17,0,36.237202585
2,"map(to: a)",4096,32,132,0,0,1,0,35.990402102
2,"map(to: a)",4096,32,132,0,0,44,0,41.177682579
2,"map(to: a)",4096,32,132,0,0,294,0,55.872648954
2,"map(to: a)",4096,32,132,0,0,3140,0,285.724923015
2,"map(to: a)",4096,32,132,0,0,4,0,34.182704985
2,"map(to: a)",4096,32,132,0,0,1955,0,190.430507064
2,"map(to: a)",4096,32,132,0,0,183,0,47.143921256
2,"map(to: a)",4096,32,132,0,0,8096,0,684.201903641
2,"map(to: a)",4096,32,132,0,0,758,0,96.912682056
2,"map(to: a)",4096,32,132,0,0,71,0,43.481029570
2,"map(to: a)",4096,32,132,0,0,2,0,35.131722689
2,"map(to: a)",4096,32,132,0,0,11,0,34.125708044
2,"map(to: a)",4096,32,132,0,0,28,0,38.010068238
2,"map(to: a)",4096,32,132,0,0,5042,0,439.547933638
2,"map(to: a)",4096,32,132,0,0,1218,0,131.523422897
2,"map(to: a)",4096,32,132,0,0,472,0,71.421451867
2,"map(to: a)",4096,32,132,0,1,4,0,32.726302743
2,"map(to: a)",4096,32,132,0,1,1,0,33.585727215
2,"map(to: a)",4096,32,132,0,1,17,0,33.529102802
2,"map(to: a)",4096,32,132,0,1,28,0,35.083852708
2,"map(to: a)",4096,32,132,0,1,11,0,34.104287624
2,"map(to: a)",4096,32,132,0,1,3140,0,285.615585744
2,"map(to: a)",4096,32,132,0,1,2,0,30.024722219
2,"map(to: a)",4096,32,132,0,1,758,0,94.448029995
2,"map(to: a)",4096,32,132,0,1,1218,0,134.364143014
2,"map(to: a)",4096,32,132,0,1,44,0,38.424320519
2,"map(to: a)",4096,32,132,0,1,71,0,40.838308632
2,"map(to: a)",4096,32,132,0,1,114,0,45.671686530
2,"map(to: a)",4096,32,132,0,1,294,0,58.719702065
2,"map(to: a)",4096,32,132,0,1,7,0,34.436210990
2,"map(to: a)",4096,32,132,0,1,183,0,51.341764629
2,"map(to: a)",4096,32,132,0,1,8096,0,683.741644025
2,"map(to: a)",4096,32,132,0,1,472,0,70.958212018
2,"map(to: a)",4096,32,132,0,1,1955,0,189.588405192
2,"map(to: a)",4096,32,132,0,1,3,0,31.264126301
2,"map(to: a)",4096,32,132,0,1,5042,0,439.207255840
2,"map(to: a)",4096,32,132,0,2,3,0,36.004744470
2,"map(to: a)",4096,32,132,0,2,44,0,41.209347546
2,"map(to: a)",4096,32,132,0,2,1,0,35.606510937
2,"map(to: a)",4096,32,132,0,2,183,0,47.124922276
2,"map(to: a)",4096,32,132,0,2,294,0,55.119954050
2,"map(to: a)",4096,32,132,0,2,5042,0,438.364595175
2,"map(to: a)",4096,32,132,0,2,7,0,32.531097531
2,"map(to: a)",4096,32,132,0,2,8096,0,683.012977242
2,"map(to: a)",4096,32,132,0,2,2,0,36.071985960
2,"map(to: a)",4096,32,132,0,2,114,0,44.932961464
2,"map(to: a)",4096,32,132,0,2,71,0,41.240639985
2,"map(to: a)",4096,32,132,0,2,1955,0,193.598307669
2,"map(to: a)",4096,32,132,0,2,17,0,39.539858699
2,"map(to: a)",4096,32,132,0,2,472,0,72.889588773
2,"map(to: a)",4096,32,132,0,2,11,0,31.875260174
2,"map(to: a)",4096,32,132,0,2,1218,0,132.295675576
2,"map(to: a)",4096,32,132,0,2,4,0,32.591819763
2,"map(to: a)",4096,32,132,0,2,3140,0,285.529904068
2,"map(to: a)",4096,32,132,0,2,758,0,95.732510090
2,"map(to: a)",4096,32,132,0,2,28,0,34.737028182
2,"map(to: a)",4096,32,132,0,3,11,0,32.989494503
2,"map(to: a)",4096,32,132,0,3,4,0,33.704377711
2,"map(to: a)",4096,32,132,0,3,5042,0,438.068993390
2,"map(to: a)",4096,32,132,0,3,183,0,49.148127437
2,"map(to: a)",4096,32,132,0,3,17,0,38.890540600
2,"map(to: a)",4096,32,132,0,3,3,0,35.886280239
2,"map(to: a)",4096,32,132,0,3,28,0,37.029944360
2,"map(to: a)",4096,32,132,0,3,1218,0,132.710672915
2,"map(to: a)",4096,32,132,0,3,114,0,45.625492930
2,"map(to: a)",4096,32,132,0,3,758,0,97.106583416
2,"map(to: a)",4096,32,132,0,3,1955,0,190.413929522
2,"map(to: a)",4096,32,132,0,3,472,0,71.214698255
2,"map(to: a)",4096,32,132,0,3,7,0,34.678913653
2,"map(to: a)",4096,32,132,0,3,44,0,36.959722638
2,"map(to: a)",4096,32,132,0,3,3140,0,284.334458411
2,"map(to: a)",4096,32,132,0,3,8096,0,685.321912169
2,"map(to: a)",4096,32,132,0,3,71,0,41.532516479
2,"map(to: a)",4096,32,132,0,3,1,0,37.859380245
2,"map(to: a)",4096,32,132,0,3,2,0,38.107112050
2,"map(to: a)",4096,32,132,0,3,294,0,59.557333589
2,"map(to: a)",4096,32,132,0,4,3,0,32.509490848
2,"map(to: a)",4096,32,132,0,4,8096,0,685.086101294
2,"map(to: a)",4096,32,132,0,4,1,0,30.948780477
2,"map(to: a)",4096,32,132,0,4,28,0,35.755708814
2,"map(to: a)",4096,32,132,0,4,17,0,33.303163946
2,"map(to: a)",4096,32,132,0,4,5042,0,438.247807324
2,"map(to: a)",4096,32,132,0,4,7,0,35.924650729
2,"map(to: a)",4096,32,132,0,4,114,0,44.008716941
2,"map(to: a)",4096,32,132,0,4,44,0,38.541294634
2,"map(to: a)",4096,32,132,0,4,2,0,34.737586975
2,"map(to: a)",4096,32,132,0,4,294,0,61.498209834
2,"map(to: a)",4096,32,132,0,4,758,0,97.483955324
2,"map(to: a)",4096,32,132,0,4,183,0,47.827884555
2,"map(to: a)",4096,32,132,0,4,4,0,38.431026042
2,"map(to: a)",4096,32,132,0,4,1218,0,131.293386221
2,"map(to: a)",4096,32,132,0,4,71,0,39.024278522
2,"map(to: a)",4096,32,132,0,4,1955,0,190.871022642
2,"map(to: a)",4096,32,132,0,4,11,0,33.891946077
2,"map(to: a)",4096,32,132,0,4,472,0,70.272944868
2,"map(to: a)",4096,32,132,0,4,3140,0,284.465029836
2,"map(to: a)",4096,32,132,1,0,2,0,32.788515091
2,"map(to: a)",4096,32,132,1,0,4,0,33.719092607
2,"map(to: a)",4096,32,132,1,0,472,0,71.546435356
2,"map(to: a)",4096,32,132,1,0,3140,0,285.594351590
2,"map(to: a)",4096,32,132,1,0,183,0,48.509985209
2,"map(to: a)",4096,32,132,1,0,28,0,37.759356201
2,"map(to: a)",4096,32,132,1,0,71,0,43.703243136
2,"map(to: a)",4096,32,132,1,0,1218,0,132.294744253
2,"map(to: a)",4096,32,132,1,0,294,0,59.973262250
2,"map(to: a)",4096,32,132,1,0,1,0,36.056898534
2,"map(to: a)",4096,32,132,1,0,7,0,34.511834383
2,"map(to: a)",4096,32,132,1,0,1955,0,191.651843488
2,"map(to: a)",4096,32,132,1,0,758,0,94.305351377
2,"map(to: a)",4096,32,132,1,0,114,0,43.885782361
2,"map(to: a)",4096,32,132,1,0,11,0,34.060142934
2,"map(to: a)",4096,32,132,1,0,3,0,35.679526627
2,"map(to: a)",4096,32,132,1,0,8096,0,682.356581092
2,"map(to: a)",4096,32,132,1,0,44,0,32.496266067
2,"map(to: a)",4096,32,132,1,0,17,0,32.593123615
2,"map(to: a)",4096,32,132,1,0,5042,0,439.617596567
2,"map(to: a)",4096,32,132,1,1,758,0,98.699145019
2,"map(to: a)",4096,32,132,1,1,3,0,32.467767596
2,"map(to: a)",4096,32,132,1,1,3140,0,285.063311458
2,"map(to: a)",4096,32,132,1,1,1955,0,189.741142094
2,"map(to: a)",4096,32,132,1,1,44,0,36.652013659
2,"map(to: a)",4096,32,132,1,1,17,0,36.224909127
2,"map(to: a)",4096,32,132,1,1,294,0,58.578141034
2,"map(to: a)",4096,32,132,1,1,28,0,35.861693323
2,"map(to: a)",4096,32,132,1,1,114,0,42.860955000
2,"map(to: a)",4096,32,132,1,1,2,0,33.931620419
2,"map(to: a)",4096,32,132,1,1,7,0,33.066049218
2,"map(to: a)",4096,32,132,1,1,183,0,47.543458641
2,"map(to: a)",4096,32,132,1,1,8096,0,684.673339128
2,"map(to: a)",4096,32,132,1,1,11,0,36.359950900
2,"map(to: a)",4096,32,132,1,1,1,0,36.094337702
2,"map(to: a)",4096,32,132,1,1,1218,0,133.163668215
2,"map(to: a)",4096,32,132,1,1,472,0,71.088597178
2,"map(to: a)",4096,32,132,1,1,71,0,37.856958807
2,"map(to: a)",4096,32,132,1,1,5042,0,438.573025167
2,"map(to: a)",4096,32,132,1,1,4,0,35.307742655
2,"map(to: a)",4096,32,132,1,2,2,0,31.139701605
2,"map(to: a)",4096,32,132,1,2,71,0,37.964992225
2,"map(to: a)",4096,32,132,1,2,17,0,35.376101732
2,"map(to: a)",4096,32,132,1,2,472,0,71.150809526
2,"map(to: a)",4096,32,132,1,2,5042,0,439.391657710
2,"map(to: a)",4096,32,132,1,2,28,0,36.485865712
2,"map(to: a)",4096,32,132,1,2,44,0,38.401037455
2,"map(to: a)",4096,32,132,1,2,1218,0,132.570229471
2,"map(to: a)",4096,32,132,1,2,4,0,37.293508649
2,"map(to: a)",4096,32,132,1,2,1955,0,192.722119391
2,"map(to: a)",4096,32,132,1,2,183,0,46.508945525
2,"map(to: a)",4096,32,132,1,2,7,0,32.762065530
2,"map(to: a)",4096,32,132,1,2,758,0,94.169750810
2,"map(to: a)",4096,32,132,1,2,1,0,32.663531601
2,"map(to: a)",4096,32,132,1,2,3140,0,284.937210381
2,"map(to: a)",4096,32,132,1,2,8096,0,683.911703527
2,"map(to: a)",4096,32,132,1,2,3,0,36.327540874
2,"map(to: a)",4096,32,132,1,2,114,0,44.354982674
2,"map(to: a)",4096,32,132,1,2,11,0,37.083588541
2,"map(to: a)",4096,32,132,1,2,294,0,59.115886688
2,"map(to: a)",4096,32,132,1,3,1,0,35.719014704
2,"map(to: a)",4096,32,132,1,3,17,0,38.525275886
2,"map(to: a)",4096,32,132,1,3,294,0,61.725638807
2,"map(to: a)",4096,32,132,1,3,5042,0,438.350252807
2,"map(to: a)",4096,32,132,1,3,114,0,41.030161083
2,"map(to: a)",4096,32,132,1,3,28,0,34.311972558
2,"map(to: a)",4096,32,132,1,3,1218,0,130.994245410
2,"map(to: a)",4096,32,132,1,3,2,0,32.080523670
2,"map(to: a)",4096,32,132,1,3,3,0,31.614489853
2,"map(to: a)",4096,32,132,1,3,4,0,31.872279942
2,"map(to: a)",4096,32,132,1,3,758,0,94.789639115
2,"map(to: a)",4096,32,132,1,3,11,0,33.477321267
2,"map(to: a)",4096,32,132,1,3,44,0,35.492889583
2,"map(to: a)",4096,32,132,1,3,472,0,70.481374860
2,"map(to: a)",4096,32,132,1,3,7,0,34.536421299
2,"map(to: a)",4096,32,132,1,3,1955,0,192.482396960
2,"map(to: a)",4096,32,132,1,3,71,0,39.900094271
2,"map(to: a)",4096,32,132,1,3,183,0,50.117447972
2,"map(to: a)",4096,32,132,1,3,8096,0,686.256214976
2,"map(to: a)",4096,32,132,1,3,3140,0,285.690091550
2,"map(to: a)",4096,32,132,1,4,472,0,71.043148637
2,"map(to: a)",4096,32,132,1,4,71,0,38.849189878
2,"map(to: a)",4096,32,132,1,4,1,0,33.075362444
2,"map(to: a)",4096,32,132,1,4,11,0,34.704990685
2,"map(to: a)",4096,32,132,1,4,4,0,29.316917062
2,"map(to: a)",4096,32,132,1,4,3140,0,288.102403283
2,"map(to: a)",4096,32,132,1,4,28,0,37.407875061
2,"map(to: a)",4096,32,132,1,4,1218,0,134.132057428
2,"map(to: a)",4096,32,132,1,4,2,0,36.442652345
2,"map(to: a)",4096,32,132,1,4,183,0,50.318427384
2,"map(to: a)",4096,32,132,1,4,5042,0,438.713841140
2,"map(to: a)",4096,32,132,1,4,114,0,43.704174459
2,"map(to: a)",4096,32,132,1,4,3,0,32.279454172
2,"map(to: a)",4096,32,132,1,4,44,0,37.183240056
2,"map(to: a)",4096,32,132,1,4,758,0,94.378553331
2,"map(to: a)",4096,32,132,1,4,8096,0,683.878734708
2,"map(to: a)",4096,32,132,1,4,1955,0,193.328224123
2,"map(to: a)",4096,32,132,1,4,294,0,57.619437575
2,"map(to: a)",4096,32,132,1,4,7,0,38.560293615
2,"map(to: a)",4096,32,132,1,4,17,0,35.335868597
2,"map(to: a)",8192,32,132,0,0,7,0,51.317922771
2,"map(to: a)",8192,32,132,0,0,114,0,58.655627072
2,"map(to: a)",8192,32,132,0,0,3,0,47.621317208
2,"map(to: a)",8192,32,132,0,0,17,0,52.182376385
2,"map(to: a)",8192,32,132,0,0,1,0,47.683529556
2,"map(to: a)",8192,32,132,0,0,44,0,50.304085016
2,"map(to: a)",8192,32,132,0,0,294,0,70.534460247
2,"map(to: a)",8192,32,132,0,0,3140,0,300.298258662
2,"map(to: a)",8192,32,132,0,0,4,0,46.999566257
2,"map(to: a)",8192,32,132,0,0,1955,0,204.718299210
2,"map(to: a)",8192,32,132,0,0,183,0,61.978586018
2,"map(to: a)",8192,32,132,0,0,8096,0,699.031725526
2,"map(to: a)",8192,32,132,0,0,758,0,111.108087003
2,"map(to: a)",8192,32,132,0,0,71,0,53.474493325
2,"map(to: a)",8192,32,132,0,0,2,0,52.023679018
2,"map(to: a)",8192,32,132,0,0,11,0,48.965774477
2,"map(to: a)",8192,32,132,0,0,28,0,47.729164362
2,"map(to: a)",8192,32,132,0,0,5042,0,452.827103436
2,"map(to: a)",8192,32,132,0,0,1218,0,145.552866161
2,"map(to: a)",8192,32,132,0,0,472,0,86.341425776
2,"map(to: a)",8192,32,132,0,1,4,0,47.161430120
2,"map(to: a)",8192,32,132,0,1,1,0,47.752633691
2,"map(to: a)",8192,32,132,0,1,17,0,48.498064280
2,"map(to: a)",8192,32,132,0,1,28,0,49.637258053
2,"map(to: a)",8192,32,132,0,1,11,0,45.625492930
2,"map(to: a)",8192,32,132,0,1,3140,0,298.673473299
2,"map(to: a)",8192,32,132,0,1,2,0,47.936476767
2,"map(to: a)",8192,32,132,0,1,758,0,111.398473382
2,"map(to: a)",8192,32,132,0,1,1218,0,147.890858352
2,"map(to: a)",8192,32,132,0,1,44,0,53.626671433
2,"map(to: a)",8192,32,132,0,1,71,0,56.731514633
2,"map(to: a)",8192,32,132,0,1,114,0,58.357045054
2,"map(to: a)",8192,32,132,0,1,294,0,75.470656157
2,"map(to: a)",8192,32,132,0,1,7,0,47.835335135
2,"map(to: a)",8192,32,132,0,1,183,0,62.751397491
2,"map(to: a)",8192,32,132,0,1,8096,0,698.125362396
2,"map(to: a)",8192,32,132,0,1,472,0,86.340494454
2,"map(to: a)",8192,32,132,0,1,1955,0,205.384008586
2,"map(to: a)",8192,32,132,0,1,3,0,45.215152204
2,"map(to: a)",8192,32,132,0,1,5042,0,454.710796475
2,"map(to: a)",8192,32,132,0,2,3,0,49.133412540
2,"map(to: a)",8192,32,132,0,2,44,0,56.798569858
2,"map(to: a)",8192,32,132,0,2,1,0,51.834620535
2,"map(to: a)",8192,32,132,0,2,183,0,61.541423202
2,"map(to: a)",8192,32,132,0,2,294,0,71.476399899
2,"map(to: a)",8192,32,132,0,2,5042,0,451.215542853
2,"map(to: a)",8192,32,132,0,2,7,0,46.811066568
2,"map(to: a)",8192,32,132,0,2,8096,0,697.236880660
2,"map(to: a)",8192,32,132,0,2,2,0,48.173777759
2,"map(to: a)",8192,32,132,0,2,114,0,58.905221522
2,"map(to: a)",8192,32,132,0,2,71,0,54.808519781
2,"map(to: a)",8192,32,132,0,2,1955,0,208.055600524
2,"map(to: a)",8192,32,132,0,2,17,0,51.715224981
2,"map(to: a)",8192,32,132,0,2,472,0,89.063495398
2,"map(to: a)",8192,32,132,0,2,11,0,47.558732331
2,"map(to: a)",8192,32,132,0,2,1218,0,144.085660577
2,"map(to: a)",8192,32,132,0,2,4,0,47.343038023
2,"map(to: a)",8192,32,132,0,2,3140,0,300.248153508
2,"map(to: a)",8192,32,132,0,2,758,0,108.394585550
2,"map(to: a)",8192,32,132,0,2,28,0,49.919635057
2,"map(to: a)",8192,32,132,0,3,11,0,46.833604574
2,"map(to: a)",8192,32,132,0,3,4,0,45.981816947
2,"map(to: a)",8192,32,132,0,3,5042,0,451.539456844
2,"map(to: a)",8192,32,132,0,3,183,0,63.891708851
2,"map(to: a)",8192,32,132,0,3,17,0,50.182081759
2,"map(to: a)",8192,32,132,0,3,3,0,49.909390509
2,"map(to: a)",8192,32,132,0,3,28,0,50.721131265
2,"map(to: a)",8192,32,132,0,3,1218,0,146.816484630
2,"map(to: a)",8192,32,132,0,3,114,0,59.460476041
2,"map(to: a)",8192,32,132,0,3,758,0,112.299434841
2,"map(to: a)",8192,32,132,0,3,1955,0,204.342417419
2,"map(to: a)",8192,32,132,0,3,472,0,84.857270122
2,"map(to: a)",8192,32,132,0,3,7,0,50.415284932
2,"map(to: a)",8192,32,132,0,3,44,0,51.385164261
2,"map(to: a)",8192,32,132,0,3,3140,0,300.732441247
2,"map(to: a)",8192,32,132,0,3,8096,0,697.657279670
2,"map(to: a)",8192,32,132,0,3,71,0,56.507997215
2,"map(to: a)",8192,32,132,0,3,1,0,47.690793872
2,"map(to: a)",8192,32,132,0,3,2,0,50.605833530
2,"map(to: a)",8192,32,132,0,3,294,0,75.730495155
2,"map(to: a)",8192,32,132,0,4,3,0,48.882886767
2,"map(to: a)",8192,32,132,0,4,8096,0,699.627026916
2,"map(to: a)",8192,32,132,0,4,1,0,45.411102474
2,"map(to: a)",8192,32,132,0,4,28,0,47.847069800
2,"map(to: a)",8192,32,132,0,4,17,0,48.808753490
2,"map(to: a)",8192,32,132,0,4,5042,0,452.132709324
2,"map(to: a)",8192,32,132,0,4,7,0,50.107203424
2,"map(to: a)",8192,32,132,0,4,114,0,58.619119227
2,"map(to: a)",8192,32,132,0,4,44,0,52.659027278
2,"map(to: a)",8192,32,132,0,4,2,0,48.632547259
2,"map(to: a)",8192,32,132,0,4,294,0,75.522623956
2,"map(to: a)",8192,32,132,0,4,758,0,109.054893255
2,"map(to: a)",8192,32,132,0,4,183,0,65.074861050
2,"map(to: a)",8192,32,132,0,4,4,0,46.834349632
2,"map(to: a)",8192,32,132,0,4,1218,0,143.056549132
2,"map(to: a)",8192,32,132,0,4,71,0,51.611848176
2,"map(to: a)",8192,32,132,0,4,1955,0,203.588232398
2,"map(to: a)",8192,32,132,0,4,11,0,42.763724923
2,"map(to: a)",8192,32,132,0,4,472,0,85.662864149
2,"map(to: a)",8192,32,132,0,4,3140,0,298.139639199
2,"map(to: a)",8192,32,132,1,0,2,0,43.299049139
2,"map(to: a)",8192,32,132,1,0,4,0,44.487603009
2,"map(to: a)",8192,32,132,1,0,472,0,83.215720952
2,"map(to: a)",8192,32,132,1,0,3140,0,299.867242575
2,"map(to: a)",8192,32,132,1,0,183,0,63.009373844
2,"map(to: a)",8192,32,132,1,0,28,0,50.969794393
2,"map(to: a)",8192,32,132,1,0,71,0,55.950693786
2,"map(to: a)",8192,32,132,1,0,1218,0,147.306546569
2,"map(to: a)",8192,32,132,1,0,294,0,70.018321276
2,"map(to: a)",8192,32,132,1,0,1,0,45.847333968
2,"map(to: a)",8192,32,132,1,0,7,0,46.521238983
2,"map(to: a)",8192,32,132,1,0,1955,0,204.742513597
2,"map(to: a)",8192,32,132,1,0,758,0,107.125937939
2,"map(to: a)",8192,32,132,1,0,114,0,55.085308850
2,"map(to: a)",8192,32,132,1,0,11,0,46.340934932
2,"map(to: a)",8192,32,132,1,0,3,0,46.512857080
2,"map(to: a)",8192,32,132,1,0,8096,0,697.272643447
2,"map(to: a)",8192,32,132,1,0,44,0,53.893588483
2,"map(to: a)",8192,32,132,1,0,17,0,48.901699483
2,"map(to: a)",8192,32,132,1,0,5042,0,452.172569931
2,"map(to: a)",8192,32,132,1,1,758,0,107.592344284
2,"map(to: a)",8192,32,132,1,1,3,0,45.951269567
2,"map(to: a)",8192,32,132,1,1,3140,0,300.327315927
2,"map(to: a)",8192,32,132,1,1,1955,0,201.819837093
2,"map(to: a)",8192,32,132,1,1,44,0,47.403946519
2,"map(to: a)",8192,32,132,1,1,17,0,45.501813293
2,"map(to: a)",8192,32,132,1,1,294,0,69.947354496
2,"map(to: a)",8192,32,132,1,1,28,0,50.701014698
2,"map(to: a)",8192,32,132,1,1,114,0,57.367980480
2,"map(to: a)",8192,32,132,1,1,2,0,50.153769553
2,"map(to: a)",8192,32,132,1,1,7,0,48.656575382
2,"map(to: a)",8192,32,132,1,1,183,0,64.342282712
2,"map(to: a)",8192,32,132,1,1,8096,0,698.163919151
2,"map(to: a)",8192,32,132,1,1,11,0,44.305995107
2,"map(to: a)",8192,32,132,1,1,1,0,46.096183360
2,"map(to: a)",8192,32,132,1,1,1218,0,142.940320075
2,"map(to: a)",8192,32,132,1,1,472,0,83.460658789
2,"map(to: a)",8192,32,132,1,1,71,0,51.090121269
2,"map(to: a)",8192,32,132,1,1,5042,0,450.890325010
2,"map(to: a)",8192,32,132,1,1,4,0,48.230402172
2,"map(to: a)",8192,32,132,1,2,2,0,49.077346921
2,"map(to: a)",8192,32,132,1,2,71,0,58.161281049
2,"map(to: a)",8192,32,132,1,2,17,0,49.371458590
2,"map(to: a)",8192,32,132,1,2,472,0,83.952955902
2,"map(to: a)",8192,32,132,1,2,5042,0,450.576283038
2,"map(to: a)",8192,32,132,1,2,28,0,48.376247287
2,"map(to: a)",8192,32,132,1,2,44,0,49.305893481
2,"map(to: a)",8192,32,132,1,2,1218,0,143.875554204
2,"map(to: a)",8192,32,132,1,2,4,0,45.182555914
2,"map(to: a)",8192,32,132,1,2,1955,0,201.482884586
2,"map(to: a)",8192,32,132,1,2,183,0,60.616992414
2,"map(to: a)",8192,32,132,1,2,7,0,45.458041131
2,"map(to: a)",8192,32,132,1,2,758,0,110.528990626
2,"map(to: a)",8192,32,132,1,2,1,0,49.053505063
2,"map(to: a)",8192,32,132,1,2,3140,0,300.816074014
2,"map(to: a)",8192,32,132,1,2,8096,0,695.707276464
2,"map(to: a)",8192,32,132,1,2,3,0,44.361501932
2,"map(to: a)",8192,32,132,1,2,114,0,54.892897606
2,"map(to: a)",8192,32,132,1,2,11,0,46.402029693
2,"map(to: a)",8192,32,132,1,2,294,0,69.223903120
2,"map(to: a)",8192,32,132,1,3,1,0,46.290829778
2,"map(to: a)",8192,32,132,1,3,17,0,48.393197358
2,"map(to: a)",8192,32,132,1,3,294,0,71.612559259
2,"map(to: a)",8192,32,132,1,3,5042,0,453.571602702
2,"map(to: a)",8192,32,132,1,3,114,0,53.738802671
2,"map(to: a)",8192,32,132,1,3,28,0,45.789405704
2,"map(to: a)",8192,32,132,1,3,1218,0,142.396427691
2,"map(to: a)",8192,32,132,1,3,2,0,44.774822891
2,"map(to: a)",8192,32,132,1,3,3,0,48.098899424
2,"map(to: a)",8192,32,132,1,3,4,0,45.332685113
2,"map(to: a)",8192,32,132,1,3,758,0,107.613950968
2,"map(to: a)",8192,32,132,1,3,11,0,46.474486589
2,"map(to: a)",8192,32,132,1,3,44,0,45.973993838
2,"map(to: a)",8192,32,132,1,3,472,0,84.415823221
2,"map(to: a)",8192,32,132,1,3,7,0,45.694597065
2,"map(to: a)",8192,32,132,1,3,1955,0,202.461332083
2,"map(to: a)",8192,32,132,1,3,71,0,49.278512597
2,"map(to: a)",8192,32,132,1,3,183,0,61.204843223
2,"map(to: a)",8192,32,132,1,3,8096,0,698.458403349
2,"map(to: a)",8192,32,132,1,3,3140,0,298.318266869
2,"map(to: a)",8192,32,132,1,4,472,0,85.529126227
2,"map(to: a)",8192,32,132,1,4,71,0,51.088817418
2,"map(to: a)",8192,32,132,1,4,1,0,46.246871352
2,"map(to: a)",8192,32,132,1,4,11,0,46.115554869
2,"map(to: a)",8192,32,132,1,4,4,0,45.234151185
2,"map(to: a)",8192,32,132,1,4,3140,0,298.738665879
2,"map(to: a)",8192,32,132,1,4,28,0,48.226118088
2,"map(to: a)",8192,32,132,1,4,1218,0,147.447548807
2,"map(to: a)",8192,32,132,1,4,2,0,47.947280109
2,"map(to: a)",8192,32,132,1,4,183,0,63.483975828
2,"map(to: a)",8192,32,132,1,4,5042,0,453.704968095
2,"map(to: a)",8192,32,132,1,4,114,0,55.463053286
2,"map(to: a)",8192,32,132,1,4,3,0,46.209432185
2,"map(to: a)",8192,32,132,1,4,44,0,52.315555513
2,"map(to: a)",8192,32,132,1,4,758,0,107.220560312
2,"map(to: a)",8192,32,132,1,4,8096,0,695.582851768
2,"map(to: a)",8192,32,132,1,4,1955,0,205.744989216
2,"map(to: a)",8192,32,132,1,4,294,0,72.052143514
2,"map(to: a)",8192,32,132,1,4,7,0,48.050284386
2,"map(to: a)",8192,32,132,1,4,17,0,50.510093570
2,"map(to: a)",16382,32,132,0,0,7,0,50.098262727
2,"map(to: a)",16382,32,132,0,0,114,0,59.277936816
2,"map(to: a)",16382,32,132,0,0,3,0,52.609853446
2,"map(to: a)",16382,32,132,0,0,17,0,54.730102420
2,"map(to: a)",16382,32,132,0,0,1,0,54.831430316
2,"map(to: a)",16382,32,132,0,0,44,0,58.577023447
2,"map(to: a)",16382,32,132,0,0,294,0,79.290568829
2,"map(to: a)",16382,32,132,0,0,3140,0,307.005457580
2,"map(to: a)",16382,32,132,0,0,4,0,52.460655570
2,"map(to: a)",16382,32,132,0,0,1955,0,210.774876177
2,"map(to: a)",16382,32,132,0,0,183,0,68.722851574
2,"map(to: a)",16382,32,132,0,0,8096,0,701.331347227
2,"map(to: a)",16382,32,132,0,0,758,0,110.515765846
2,"map(to: a)",16382,32,132,0,0,71,0,55.230408907
2,"map(to: a)",16382,32,132,0,0,2,0,50.161406398
2,"map(to: a)",16382,32,132,0,0,11,0,53.819641471
2,"map(to: a)",16382,32,132,0,0,28,0,57.967565954
2,"map(to: a)",16382,32,132,0,0,5042,0,458.004698157
2,"map(to: a)",16382,32,132,0,0,1218,0,147.997215390
2,"map(to: a)",16382,32,132,0,0,472,0,88.671036065
2,"map(to: a)",16382,32,132,0,1,4,0,51.438063383
2,"map(to: a)",16382,32,132,0,1,1,0,52.305310965
2,"map(to: a)",16382,32,132,0,1,17,0,52.389502525
2,"map(to: a)",16382,32,132,0,1,28,0,51.893852651
2,"map(to: a)",16382,32,132,0,1,11,0,52.597187459
2,"map(to: a)",16382,32,132,0,1,3140,0,303.903408349
2,"map(to: a)",16382,32,132,0,1,2,0,51.386281848
2,"map(to: a)",16382,32,132,0,1,758,0,111.345760524
2,"map(to: a)",16382,32,132,0,1,1218,0,149.128027260
2,"map(to: a)",16382,32,132,0,1,44,0,53.435191512
2,"map(to: a)",16382,32,132,0,1,71,0,56.384317577
2,"map(to: a)",16382,32,132,0,1,114,0,61.656348407
2,"map(to: a)",16382,32,132,0,1,294,0,77.124871314
2,"map(to: a)",16382,32,132,0,1,7,0,56.678988039
2,"map(to: a)",16382,32,132,0,1,183,0,67.146494985
2,"map(to: a)",16382,32,132,0,1,8096,0,703.870691359
2,"map(to: a)",16382,32,132,0,1,472,0,87.816081941
2,"map(to: a)",16382,32,132,0,1,1955,0,208.159163594
2,"map(to: a)",16382,32,132,0,1,3,0,53.923577070
2,"map(to: a)",16382,32,132,0,1,5042,0,457.181409001
2,"map(to: a)",16382,32,132,0,2,3,0,52.147358656
2,"map(to: a)",16382,32,132,0,2,44,0,53.931958973
2,"map(to: a)",16382,32,132,0,2,1,0,53.582340479
2,"map(to: a)",16382,32,132,0,2,183,0,69.268606603
2,"map(to: a)",16382,32,132,0,2,294,0,76.801888645
2,"map(to: a)",16382,32,132,0,2,5042,0,456.990860403
2,"map(to: a)",16382,32,132,0,2,7,0,52.231363952
2,"map(to: a)",16382,32,132,0,2,8096,0,700.875185430
2,"map(to: a)",16382,32,132,0,2,2,0,49.152411520
2,"map(to: a)",16382,32,132,0,2,114,0,61.263516545
2,"map(to: a)",16382,32,132,0,2,71,0,59.853307903
2,"map(to: a)",16382,32,132,0,2,1955,0,211.013667285
2,"map(to: a)",16382,32,132,0,2,17,0,55.186636746
2,"map(to: a)",16382,32,132,0,2,472,0,92.706084251
2,"map(to: a)",16382,32,132,0,2,11,0,49.284473062
2,"map(to: a)",16382,32,132,0,2,1218,0,147.228501737
2,"map(to: a)",16382,32,132,0,2,4,0,50.139985979
2,"map(to: a)",16382,32,132,0,2,3140,0,301.332212985
2,"map(to: a)",16382,32,132,0,2,758,0,111.624412239
2,"map(to: a)",16382,32,132,0,2,28,0,51.902420819
2,"map(to: a)",16382,32,132,0,3,11,0,49.753673375
2,"map(to: a)",16382,32,132,0,3,4,0,51.271729171
2,"map(to: a)",16382,32,132,0,3,5042,0,456.897728145
2,"map(to: a)",16382,32,132,0,3,183,0,67.548826337
2,"map(to: a)",16382,32,132,0,3,17,0,52.900239825
2,"map(to: a)",16382,32,132,0,3,3,0,51.636621356
2,"map(to: a)",16382,32,132,0,3,28,0,56.451186538
2,"map(to: a)",16382,32,132,0,3,1218,0,149.414315820
2,"map(to: a)",16382,32,132,0,3,114,0,58.625079691
2,"map(to: a)",16382,32,132,0,3,758,0,110.610015690
2,"map(to: a)",16382,32,132,0,3,1955,0,208.934023976
2,"map(to: a)",16382,32,132,0,3,472,0,88.642351329
2,"map(to: a)",16382,32,132,0,3,7,0,50.673633814
2,"map(to: a)",16382,32,132,0,3,44,0,50.676241517
2,"map(to: a)",16382,32,132,0,3,3140,0,302.619487047
2,"map(to: a)",16382,32,132,0,3,8096,0,702.429749072
2,"map(to: a)",16382,32,132,0,3,71,0,53.155794740
2,"map(to: a)",16382,32,132,0,3,1,0,47.565065324
2,"map(to: a)",16382,32,132,0,3,2,0,47.219358385
2,"map(to: a)",16382,32,132,0,3,294,0,75.218081474
2,"map(to: a)",16382,32,132,0,4,3,0,49.031712115
2,"map(to: a)",16382,32,132,0,4,8096,0,699.548237026
2,"map(to: a)",16382,32,132,0,4,1,0,52.678585052
2,"map(to: a)",16382,32,132,0,4,28,0,55.678002536
2,"map(to: a)",16382,32,132,0,4,17,0,51.638111472
2,"map(to: a)",16382,32,132,0,4,5042,0,457.814708352
2,"map(to: a)",16382,32,132,0,4,7,0,47.042034566
2,"map(to: a)",16382,32,132,0,4,114,0,60.132704675
2,"map(to: a)",16382,32,132,0,4,44,0,52.422098815
2,"map(to: a)",16382,32,132,0,4,2,0,49.768202007
2,"map(to: a)",16382,32,132,0,4,294,0,71.741640568
2,"map(to: a)",16382,32,132,0,4,758,0,112.099386752
2,"map(to: a)",16382,32,132,0,4,183,0,64.238347113
2,"map(to: a)",16382,32,132,0,4,4,0,49.742683768
2,"map(to: a)",16382,32,132,0,4,1218,0,148.097984493
2,"map(to: a)",16382,32,132,0,4,71,0,52.902474999
2,"map(to: a)",16382,32,132,0,4,1955,0,204.647332430
2,"map(to: a)",16382,32,132,0,4,11,0,50.668790936
2,"map(to: a)",16382,32,132,0,4,472,0,91.334618628
2,"map(to: a)",16382,32,132,0,4,3140,0,303.515605628
2,"map(to: a)",16382,32,132,1,0,2,0,53.556635976
2,"map(to: a)",16382,32,132,1,0,4,0,48.810616136
2,"map(to: a)",16382,32,132,1,0,472,0,85.422582924
2,"map(to: a)",16382,32,132,1,0,3140,0,301.447138190
2,"map(to: a)",16382,32,132,1,0,183,0,62.292814255
2,"map(to: a)",16382,32,132,1,0,28,0,50.981901586
2,"map(to: a)",16382,32,132,1,0,71,0,52.371621132
2,"map(to: a)",16382,32,132,1,0,1218,0,146.894901991
2,"map(to: a)",16382,32,132,1,0,294,0,71.679800749
2,"map(to: a)",16382,32,132,1,0,1,0,46.916306019
2,"map(to: a)",16382,32,132,1,0,7,0,46.307593584
2,"map(to: a)",16382,32,132,1,0,1955,0,207.409262657
2,"map(to: a)",16382,32,132,1,0,758,0,114.172697067
2,"map(to: a)",16382,32,132,1,0,114,0,60.689076781
2,"map(to: a)",16382,32,132,1,0,11,0,53.501874208
2,"map(to: a)",16382,32,132,1,0,3,0,53.438358009
2,"map(to: a)",16382,32,132,1,0,8096,0,700.986571610
2,"map(to: a)",16382,32,132,1,0,44,0,50.836056471
2,"map(to: a)",16382,32,132,1,0,17,0,48.816576600
2,"map(to: a)",16382,32,132,1,0,5042,0,455.068983138
2,"map(to: a)",16382,32,132,1,1,758,0,112.110935152
2,"map(to: a)",16382,32,132,1,1,3,0,53.604878485
2,"map(to: a)",16382,32,132,1,1,3140,0,303.062424064
2,"map(to: a)",16382,32,132,1,1,1955,0,206.047669053
2,"map(to: a)",16382,32,132,1,1,44,0,52.628293633
2,"map(to: a)",16382,32,132,1,1,17,0,49.162097275
2,"map(to: a)",16382,32,132,1,1,294,0,73.844753206
2,"map(to: a)",16382,32,132,1,1,28,0,48.952922225
2,"map(to: a)",16382,32,132,1,1,114,0,59.159845114
2,"map(to: a)",16382,32,132,1,1,2,0,49.673207104
2,"map(to: a)",16382,32,132,1,1,7,0,48.846378922
2,"map(to: a)",16382,32,132,1,1,183,0,63.366815448
2,"map(to: a)",16382,32,132,1,1,8096,0,702.398270369
2,"map(to: a)",16382,32,132,1,1,11,0,48.606656492
2,"map(to: a)",16382,32,132,1,1,1,0,49.604102969
2,"map(to: a)",16382,32,132,1,1,1218,0,147.177465260
2,"map(to: a)",16382,32,132,1,1,472,0,88.352337480
2,"map(to: a)",16382,32,132,1,1,71,0,56.834518909
2,"map(to: a)",16382,32,132,1,1,5042,0,455.723889172
2,"map(to: a)",16382,32,132,1,1,4,0,50.943531096
2,"map(to: a)",16382,32,132,1,2,2,0,49.439258873
2,"map(to: a)",16382,32,132,1,2,71,0,54.565258324
2,"map(to: a)",16382,32,132,1,2,17,0,49.193575978
2,"map(to: a)",16382,32,132,1,2,472,0,86.496211588
2,"map(to: a)",16382,32,132,1,2,5042,0,457.473658025
2,"map(to: a)",16382,32,132,1,2,28,0,56.430697441
2,"map(to: a)",16382,32,132,1,2,44,0,53.057074547
2,"map(to: a)",16382,32,132,1,2,1218,0,147.128105164
2,"map(to: a)",16382,32,132,1,2,4,0,50.484389067
2,"map(to: a)",16382,32,132,1,2,1955,0,208.810158074
2,"map(to: a)",16382,32,132,1,2,183,0,63.651800156
2,"map(to: a)",16382,32,132,1,2,7,0,48.675946891
2,"map(to: a)",16382,32,132,1,2,758,0,112.718529999
2,"map(to: a)",16382,32,132,1,2,1,0,48.944726586
2,"map(to: a)",16382,32,132,1,2,3140,0,301.804207265
2,"map(to: a)",16382,32,132,1,2,8096,0,702.629797161
2,"map(to: a)",16382,32,132,1,2,3,0,48.353895545
2,"map(to: a)",16382,32,132,1,2,114,0,56.777894497
2,"map(to: a)",16382,32,132,1,2,11,0,51.353499293
2,"map(to: a)",16382,32,132,1,2,294,0,73.684006929
2,"map(to: a)",16382,32,132,1,3,1,0,51.762163639
2,"map(to: a)",16382,32,132,1,3,17,0,51.010213792
2,"map(to: a)",16382,32,132,1,3,294,0,75.400248170
2,"map(to: a)",16382,32,132,1,3,5042,0,455.862283707
2,"map(to: a)",16382,32,132,1,3,114,0,56.801363826
2,"map(to: a)",16382,32,132,1,3,28,0,54.712221026
2,"map(to: a)",16382,32,132,1,3,1218,0,151.517987251
2,"map(to: a)",16382,32,132,1,3,2,0,51.472708583
2,"map(to: a)",16382,32,132,1,3,3,0,53.299032152
2,"map(to: a)",16382,32,132,1,3,4,0,57.015195489
2,"map(to: a)",16382,32,132,1,3,758,0,114.667601883
2,"map(to: a)",16382,32,132,1,3,11,0,56.265108287
2,"map(to: a)",16382,32,132,1,3,44,0,56.316703558
2,"map(to: a)",16382,32,132,1,3,472,0,84.581598639
2,"map(to: a)",16382,32,132,1,3,7,0,49.992837012
2,"map(to: a)",16382,32,132,1,3,1955,0,208.558142185
2,"map(to: a)",16382,32,132,1,3,71,0,55.437907577
2,"map(to: a)",16382,32,132,1,3,183,0,65.707787871
2,"map(to: a)",16382,32,132,1,3,8096,0,702.119059861
2,"map(to: a)",16382,32,132,1,3,3140,0,306.395441294
2,"map(to: a)",16382,32,132,1,4,472,0,93.336030841
2,"map(to: a)",16382,32,132,1,4,71,0,57.398341596
2,"map(to: a)",16382,32,132,1,4,1,0,48.989616334
2,"map(to: a)",16382,32,132,1,4,11,0,50.620362163
2,"map(to: a)",16382,32,132,1,4,4,0,50.738453865
2,"map(to: a)",16382,32,132,1,4,3140,0,302.341580391
2,"map(to: a)",16382,32,132,1,4,28,0,51.809661090
2,"map(to: a)",16382,32,132,1,4,1218,0,147.194601595
2,"map(to: a)",16382,32,132,1,4,2,0,51.059201360
2,"map(to: a)",16382,32,132,1,4,183,0,66.086091101
2,"map(to: a)",16382,32,132,1,4,5042,0,455.642864108
2,"map(to: a)",16382,32,132,1,4,114,0,62.703713775
2,"map(to: a)",16382,32,132,1,4,3,0,51.785074174
2,"map(to: a)",16382,32,132,1,4,44,0,57.812593877
2,"map(to: a)",16382,32,132,1,4,758,0,114.220567048
2,"map(to: a)",16382,32,132,1,4,8096,0,701.311789453
2,"map(to: a)",16382,32,132,1,4,1955,0,206.571072340
2,"map(to: a)",16382,32,132,1,4,294,0,72.057917714
2,"map(to: a)",16382,32,132,1,4,7,0,48.786401749
2,"map(to: a)",16382,32,132,1,4,17,0,48.022530973
2,"map(to: a)",32768,32,132,0,0,7,0,59.180520475
2,"map(to: a)",32768,32,132,0,0,114,0,67.789480090
2,"map(to: a)",32768,32,132,0,0,3,0,62.255747616
2,"map(to: a)",32768,32,132,0,0,17,0,63.153915107
2,"map(to: a)",32768,32,132,0,0,1,0,63.452683389
2,"map(to: a)",32768,32,132,0,0,44,0,65.479800105
2,"map(to: a)",32768,32,132,0,0,294,0,87.766163051
2,"map(to: a)",32768,32,132,0,0,3140,0,312.351249158
2,"map(to: a)",32768,32,132,0,0,4,0,59.209577739
2,"map(to: a)",32768,32,132,0,0,1955,0,216.581113636
2,"map(to: a)",32768,32,132,0,0,183,0,74.318796396
2,"map(to: a)",32768,32,132,0,0,8096,0,710.272043943
2,"map(to: a)",32768,32,132,0,0,758,0,123.251415789
2,"map(to: a)",32768,32,132,0,0,71,0,63.666328788
2,"map(to: a)",32768,32,132,0,0,2,0,56.539662182
2,"map(to: a)",32768,32,132,0,0,11,0,59.934519231
2,"map(to: a)",32768,32,132,0,0,28,0,59.636682272
2,"map(to: a)",32768,32,132,0,0,5042,0,461.863726377
2,"map(to: a)",32768,32,132,0,0,1218,0,157.835707068
2,"map(to: a)",32768,32,132,0,0,472,0,96.364878118
2,"map(to: a)",32768,32,132,0,1,4,0,55.895745754
2,"map(to: a)",32768,32,132,0,1,1,0,60.519389808
2,"map(to: a)",32768,32,132,0,1,17,0,62.710046768
2,"map(to: a)",32768,32,132,0,1,28,0,66.408887506
2,"map(to: a)",32768,32,132,0,1,11,0,62.688253820
2,"map(to: a)",32768,32,132,0,1,3140,0,316.329859197
2,"map(to: a)",32768,32,132,0,1,2,0,54.272077978
2,"map(to: a)",32768,32,132,0,1,758,0,119.147077203
2,"map(to: a)",32768,32,132,0,1,1218,0,158.024765551
2,"map(to: a)",32768,32,132,0,1,44,0,60.780346394
2,"map(to: a)",32768,32,132,0,1,71,0,65.346434712
2,"map(to: a)",32768,32,132,0,1,114,0,68.414770067
2,"map(to: a)",32768,32,132,0,1,294,0,81.662833691
2,"map(to: a)",32768,32,132,0,1,7,0,57.727470994
2,"map(to: a)",32768,32,132,0,1,183,0,73.894485831
2,"map(to: a)",32768,32,132,0,1,8096,0,710.813142359
2,"map(to: a)",32768,32,132,0,1,472,0,97.434222698
2,"map(to: a)",32768,32,132,0,1,1955,0,217.409059405
2,"map(to: a)",32768,32,132,0,1,3,0,58.349780738
2,"map(to: a)",32768,32,132,0,1,5042,0,464.129820466
2,"map(to: a)",32768,32,132,0,2,3,0,52.979588509
2,"map(to: a)",32768,32,132,0,2,44,0,58.207847178
2,"map(to: a)",32768,32,132,0,2,1,0,57.953782380
2,"map(to: a)",32768,32,132,0,2,183,0,75.610913336
2,"map(to: a)",32768,32,132,0,2,294,0,85.769221187
2,"map(to: a)",32768,32,132,0,2,5042,0,466.538406909
2,"map(to: a)",32768,32,132,0,2,7,0,59.911049902
2,"map(to: a)",32768,32,132,0,2,8096,0,709.779188037
2,"map(to: a)",32768,32,132,0,2,2,0,59.188902378
2,"map(to: a)",32768,32,132,0,2,114,0,71.216002107
2,"map(to: a)",32768,32,132,0,2,71,0,68.694911897
2,"map(to: a)",32768,32,132,0,2,1955,0,220.612622797
2,"map(to: a)",32768,32,132,0,2,17,0,63.934549689
2,"map(to: a)",32768,32,132,0,2,472,0,95.704384148
2,"map(to: a)",32768,32,132,0,2,11,0,57.242251933
2,"map(to: a)",32768,32,132,0,2,1218,0,157.196633518
2,"map(to: a)",32768,32,132,0,2,4,0,58.145634830
2,"map(to: a)",32768,32,132,0,2,3140,0,311.867706478
2,"map(to: a)",32768,32,132,0,2,758,0,119.765102863
2,"map(to: a)",32768,32,132,0,2,28,0,58.645009995
2,"map(to: a)",32768,32,132,0,3,11,0,55.863335729
2,"map(to: a)",32768,32,132,0,3,4,0,56.550651789
2,"map(to: a)",32768,32,132,0,3,5042,0,465.913861990
2,"map(to: a)",32768,32,132,0,3,183,0,77.217631042
2,"map(to: a)",32768,32,132,0,3,17,0,66.684372723
2,"map(to: a)",32768,32,132,0,3,3,0,59.632584453
2,"map(to: a)",32768,32,132,0,3,28,0,59.776380658
2,"map(to: a)",32768,32,132,0,3,1218,0,156.148709357
2,"map(to: a)",32768,32,132,0,3,114,0,69.018267095
2,"map(to: a)",32768,32,132,0,3,758,0,122.345611453
2,"map(to: a)",32768,32,132,0,3,1955,0,217.194296420
2,"map(to: a)",32768,32,132,0,3,472,0,96.734799445
2,"map(to: a)",32768,32,132,0,3,7,0,59.108249843
2,"map(to: a)",32768,32,132,0,3,44,0,62.898360193
2,"map(to: a)",32768,32,132,0,3,3140,0,313.051976264
2,"map(to: a)",32768,32,132,0,3,8096,0,711.178220809
2,"map(to: a)",32768,32,132,0,3,71,0,64.504891634
2,"map(to: a)",32768,32,132,0,3,1,0,59.859827161
2,"map(to: a)",32768,32,132,0,3,2,0,60.575455427
2,"map(to: a)",32768,32,132,0,3,294,0,81.913173199
2,"map(to: a)",32768,32,132,0,4,3,0,60.412473977
2,"map(to: a)",32768,32,132,0,4,8096,0,711.097754538
2,"map(to: a)",32768,32,132,0,4,1,0,64.803101122
2,"map(to: a)",32768,32,132,0,4,28,0,64.362213016
2,"map(to: a)",32768,32,132,0,4,17,0,57.531706989
2,"map(to: a)",32768,32,132,0,4,5042,0,464.107468724
2,"map(to: a)",32768,32,132,0,4,7,0,61.040744185
2,"map(to: a)",32768,32,132,0,4,114,0,67.034363747
2,"map(to: a)",32768,32,132,0,4,44,0,62.191113830
2,"map(to: a)",32768,32,132,0,4,2,0,58.252736926
2,"map(to: a)",32768,32,132,0,4,294,0,82.164630294
2,"map(to: a)",32768,32,132,0,4,758,0,119.977444410
2,"map(to: a)",32768,32,132,0,4,183,0,76.636672020
2,"map(to: a)",32768,32,132,0,4,4,0,62.028132379
2,"map(to: a)",32768,32,132,0,4,1218,0,159.025751054
2,"map(to: a)",32768,32,132,0,4,71,0,67.424215376
2,"map(to: a)",32768,32,132,0,4,1955,0,218.026153743
2,"map(to: a)",32768,32,132,0,4,11,0,60.281716287
2,"map(to: a)",32768,32,132,0,4,472,0,95.841102302
2,"map(to: a)",32768,32,132,0,4,3140,0,313.499942422
2,"map(to: a)",32768,32,132,1,0,2,0,56.068785489
2,"map(to: a)",32768,32,132,1,0,4,0,57.694129646
2,"map(to: a)",32768,32,132,1,0,472,0,96.384249628
2,"map(to: a)",32768,32,132,1,0,3140,0,310.440547764
2,"map(to: a)",32768,32,132,1,0,183,0,76.026655734
2,"map(to: a)",32768,32,132,1,0,28,0,64.595974982
2,"map(to: a)",32768,32,132,1,0,71,0,66.284462810
2,"map(to: a)",32768,32,132,1,0,1218,0,161.272846162
2,"map(to: a)",32768,32,132,1,0,294,0,86.428411305
2,"map(to: a)",32768,32,132,1,0,1,0,60.702674091
2,"map(to: a)",32768,32,132,1,0,7,0,55.363215506
2,"map(to: a)",32768,32,132,1,0,1955,0,216.143764555
2,"map(to: a)",32768,32,132,1,0,758,0,121.062248945
2,"map(to: a)",32768,32,132,1,0,114,0,70.063769817
2,"map(to: a)",32768,32,132,1,0,11,0,57.845935225
2,"map(to: a)",32768,32,132,1,0,3,0,57.316198945
2,"map(to: a)",32768,32,132,1,0,8096,0,710.274651647
2,"map(to: a)",32768,32,132,1,0,44,0,65.214559436
2,"map(to: a)",32768,32,132,1,0,17,0,64.539909363
2,"map(to: a)",32768,32,132,1,0,5042,0,465.152598917
2,"map(to: a)",32768,32,132,1,1,758,0,120.893120766
2,"map(to: a)",32768,32,132,1,1,3,0,59.504434466
2,"map(to: a)",32768,32,132,1,1,3140,0,311.698205769
2,"map(to: a)",32768,32,132,1,1,1955,0,217.911973596
2,"map(to: a)",32768,32,132,1,1,44,0,66.650100052
2,"map(to: a)",32768,32,132,1,1,17,0,65.305270255
2,"map(to: a)",32768,32,132,1,1,294,0,86.419843137
2,"map(to: a)",32768,32,132,1,1,28,0,65.725110471
2,"map(to: a)",32768,32,132,1,1,114,0,71.416236460
2,"map(to: a)",32768,32,132,1,1,2,0,60.192495584
2,"map(to: a)",32768,32,132,1,1,7,0,64.887851477
2,"map(to: a)",32768,32,132,1,1,183,0,73.619931936
2,"map(to: a)",32768,32,132,1,1,8096,0,709.758140147
2,"map(to: a)",32768,32,132,1,1,11,0,58.914907277
2,"map(to: a)",32768,32,132,1,1,1,0,57.011283934
2,"map(to: a)",32768,32,132,1,1,1218,0,156.284123659
2,"map(to: a)",32768,32,132,1,1,472,0,101.171992719
2,"map(to: a)",32768,32,132,1,1,71,0,68.243220448
2,"map(to: a)",32768,32,132,1,1,5042,0,466.511026025
2,"map(to: a)",32768,32,132,1,1,4,0,58.081187308
2,"map(to: a)",32768,32,132,1,2,2,0,58.372505009
2,"map(to: a)",32768,32,132,1,2,71,0,62.772259116
2,"map(to: a)",32768,32,132,1,2,17,0,59.013627470
2,"map(to: a)",32768,32,132,1,2,472,0,97.591802478
2,"map(to: a)",32768,32,132,1,2,5042,0,462.654419243
2,"map(to: a)",32768,32,132,1,2,28,0,62.898173928
2,"map(to: a)",32768,32,132,1,2,44,0,62.585435808
2,"map(to: a)",32768,32,132,1,2,1218,0,160.340592265
2,"map(to: a)",32768,32,132,1,2,4,0,62.712281942
2,"map(to: a)",32768,32,132,1,2,1955,0,218.820199370
2,"map(to: a)",32768,32,132,1,2,183,0,72.215497494
2,"map(to: a)",32768,32,132,1,2,7,0,55.935978889
2,"map(to: a)",32768,32,132,1,2,758,0,120.245106518
2,"map(to: a)",32768,32,132,1,2,1,0,59.960968792
2,"map(to: a)",32768,32,132,1,2,3140,0,312.096253037
2,"map(to: a)",32768,32,132,1,2,8096,0,709.585286677
2,"map(to: a)",32768,32,132,1,2,3,0,64.657628536
2,"map(to: a)",32768,32,132,1,2,114,0,68.650022149
2,"map(to: a)",32768,32,132,1,2,11,0,58.258138597
2,"map(to: a)",32768,32,132,1,2,294,0,80.542825162
2,"map(to: a)",32768,32,132,1,3,1,0,58.854557574
2,"map(to: a)",32768,32,132,1,3,17,0,59.027969837
2,"map(to: a)",32768,32,132,1,3,294,0,84.347277880
2,"map(to: a)",32768,32,132,1,3,5042,0,464.843027294
2,"map(to: a)",32768,32,132,1,3,114,0,65.870210528
2,"map(to: a)",32768,32,132,1,3,28,0,56.786276400
2,"map(to: a)",32768,32,132,1,3,1218,0,156.170688570
2,"map(to: a)",32768,32,132,1,3,2,0,62.251463532
2,"map(to: a)",32768,32,132,1,3,3,0,61.870925128
2,"map(to: a)",32768,32,132,1,3,4,0,64.296089113
2,"map(to: a)",32768,32,132,1,3,758,0,123.261660337
2,"map(to: a)",32768,32,132,1,3,11,0,64.557045698
2,"map(to: a)",32768,32,132,1,3,44,0,59.740617871
2,"map(to: a)",32768,32,132,1,3,472,0,96.034258604
2,"map(to: a)",32768,32,132,1,3,7,0,58.324821293
2,"map(to: a)",32768,32,132,1,3,1955,0,216.531567276
2,"map(to: a)",32768,32,132,1,3,71,0,63.064694405
2,"map(to: a)",32768,32,132,1,3,183,0,73.829852045
2,"map(to: a)",32768,32,132,1,3,8096,0,709.334015846
2,"map(to: a)",32768,32,132,1,3,3140,0,313.378684223
2,"map(to: a)",32768,32,132,1,4,472,0,97.152777016
2,"map(to: a)",32768,32,132,1,4,71,0,64.031407237
2,"map(to: a)",32768,32,132,1,4,1,0,62.616541982
2,"map(to: a)",32768,32,132,1,4,11,0,59.804879129
2,"map(to: a)",32768,32,132,1,4,4,0,56.907162070
2,"map(to: a)",32768,32,132,1,4,3140,0,311.444699764
2,"map(to: a)",32768,32,132,1,4,28,0,64.703449607
2,"map(to: a)",32768,32,132,1,4,1218,0,154.286995530
2,"map(to: a)",32768,32,132,1,4,2,0,61.339139938
2,"map(to: a)",32768,32,132,1,4,183,0,76.379440725
2,"map(to: a)",32768,32,132,1,4,5042,0,468.553230166
2,"map(to: a)",32768,32,132,1,4,114,0,65.126456320
2,"map(to: a)",32768,32,132,1,4,3,0,56.832842529
2,"map(to: a)",32768,32,132,1,4,44,0,61.916932464
2,"map(to: a)",32768,32,132,1,4,758,0,119.262561202
2,"map(to: a)",32768,32,132,1,4,8096,0,709.257461131
2,"map(to: a)",32768,32,132,1,4,1955,0,220.992229879
2,"map(to: a)",32768,32,132,1,4,294,0,85.332058370
2,"map(to: a)",32768,32,132,1,4,7,0,62.680430710
2,"map(to: a)",32768,32,132,1,4,17,0,59.796310961
2,"map(to: a)",65536,32,132,0,0,7,0,86.797028780
2,"map(to: a)",65536,32,132,0,0,114,0,87.906233966
2,"map(to: a)",65536,32,132,0,0,3,0,76.460465789
2,"map(to: a)",65536,32,132,0,0,17,0,79.660676420
2,"map(to: a)",65536,32,132,0,0,1,0,78.863464296
2,"map(to: a)",65536,32,132,0,0,44,0,83.795376122
2,"map(to: a)",65536,32,132,0,0,294,0,101.364590228
2,"map(to: a)",65536,32,132,0,0,3140,0,332.066789269
2,"map(to: a)",65536,32,132,0,0,4,0,80.085545778
2,"map(to: a)",65536,32,132,0,0,1955,0,234.027206898
2,"map(to: a)",65536,32,132,0,0,183,0,96.737593412
2,"map(to: a)",65536,32,132,0,0,8096,0,732.560083270
2,"map(to: a)",65536,32,132,0,0,758,0,138.951465487
2,"map(to: a)",65536,32,132,0,0,71,0,82.207284868
2,"map(to: a)",65536,32,132,0,0,2,0,79.372897744
2,"map(to: a)",65536,32,132,0,0,11,0,78.249163926
2,"map(to: a)",65536,32,132,0,0,28,0,79.379975796
2,"map(to: a)",65536,32,132,0,0,5042,0,486.246310174
2,"map(to: a)",65536,32,132,0,0,1218,0,188.250839710
2,"map(to: a)",65536,32,132,0,0,472,0,127.886608243
2,"map(to: a)",65536,32,132,0,1,4,0,78.723579645
2,"map(to: a)",65536,32,132,0,1,1,0,76.477602124
2,"map(to: a)",65536,32,132,0,1,17,0,79.781934619
2,"map(to: a)",65536,32,132,0,1,28,0,79.642422497
2,"map(to: a)",65536,32,132,0,1,11,0,80.085545778
2,"map(to: a)",65536,32,132,0,1,3140,0,331.402756274
2,"map(to: a)",65536,32,132,0,1,2,0,78.965909779
2,"map(to: a)",65536,32,132,0,1,758,0,139.684788883
2,"map(to: a)",65536,32,132,0,1,1218,0,182.991474867
2,"map(to: a)",65536,32,132,0,1,44,0,86.831673980
2,"map(to: a)",65536,32,132,0,1,71,0,86.738169193
2,"map(to: a)",65536,32,132,0,1,114,0,92.862173915
2,"map(to: a)",65536,32,132,0,1,294,0,106.650963426
2,"map(to: a)",65536,32,132,0,1,7,0,87.913684547
2,"map(to: a)",65536,32,132,0,1,183,0,98.553299904
2,"map(to: a)",65536,32,132,0,1,8096,0,730.063021183
2,"map(to: a)",65536,32,132,0,1,472,0,117.912702262
2,"map(to: a)",65536,32,132,0,1,1955,0,235.321372747
2,"map(to: a)",65536,32,132,0,1,3,0,76.955184340
2,"map(to: a)",65536,32,132,0,1,5042,0,488.269701600
2,"map(to: a)",65536,32,132,0,2,3,0,79.988874495
2,"map(to: a)",65536,32,132,0,2,44,0,83.326920867
2,"map(to: a)",65536,32,132,0,2,1,0,79.346261919
2,"map(to: a)",65536,32,132,0,2,183,0,93.614123762
2,"map(to: a)",65536,32,132,0,2,294,0,102.791562676
2,"map(to: a)",65536,32,132,0,2,5042,0,484.553351998
2,"map(to: a)",65536,32,132,0,2,7,0,74.763782322
2,"map(to: a)",65536,32,132,0,2,8096,0,730.666890740
2,"map(to: a)",65536,32,132,0,2,2,0,80.284476280
2,"map(to: a)",65536,32,132,0,2,114,0,94.222463667
2,"map(to: a)",65536,32,132,0,2,71,0,85.467845201
2,"map(to: a)",65536,32,132,0,2,1955,0,237.249769270
2,"map(to: a)",65536,32,132,0,2,17,0,79.626590014
2,"map(to: a)",65536,32,132,0,2,472,0,116.913765669
2,"map(to: a)",65536,32,132,0,2,11,0,80.823712051
2,"map(to: a)",65536,32,132,0,2,1218,0,177.709199488
2,"map(to: a)",65536,32,132,0,2,4,0,78.121200204
2,"map(to: a)",65536,32,132,0,2,3140,0,330.530107021
2,"map(to: a)",65536,32,132,0,2,758,0,144.715607166
2,"map(to: a)",65536,32,132,0,2,28,0,88.272057474
2,"map(to: a)",65536,32,132,0,3,11,0,82.444399595
2,"map(to: a)",65536,32,132,0,3,4,0,84.167532623
2,"map(to: a)",65536,32,132,0,3,5042,0,483.071431518
2,"map(to: a)",65536,32,132,0,3,183,0,95.477886498
2,"map(to: a)",65536,32,132,0,3,17,0,80.790184438
2,"map(to: a)",65536,32,132,0,3,3,0,80.501288176
2,"map(to: a)",65536,32,132,0,3,28,0,81.585533917
2,"map(to: a)",65536,32,132,0,3,1218,0,175.419636071
2,"map(to: a)",65536,32,132,0,3,114,0,84.727816284
2,"map(to: a)",65536,32,132,0,3,758,0,137.370638549
2,"map(to: a)",65536,32,132,0,3,1955,0,241.214409471
2,"map(to: a)",65536,32,132,0,3,472,0,122.084468603
2,"map(to: a)",65536,32,132,0,3,7,0,82.608312368
2,"map(to: a)",65536,32,132,0,3,44,0,84.293447435
2,"map(to: a)",65536,32,132,0,3,3140,0,331.348739564
2,"map(to: a)",65536,32,132,0,3,8096,0,729.999318719
2,"map(to: a)",65536,32,132,0,3,71,0,84.761902690
2,"map(to: a)",65536,32,132,0,3,1,0,80.614723265
2,"map(to: a)",65536,32,132,0,3,2,0,82.664377987
2,"map(to: a)",65536,32,132,0,3,294,0,105.825066566
2,"map(to: a)",65536,32,132,0,4,3,0,82.951039076
2,"map(to: a)",65536,32,132,0,4,8096,0,730.189494789
2,"map(to: a)",65536,32,132,0,4,1,0,78.400969505
2,"map(to: a)",65536,32,132,0,4,28,0,84.868445992
2,"map(to: a)",65536,32,132,0,4,17,0,80.440379679
2,"map(to: a)",65536,32,132,0,4,5042,0,484.389998019
2,"map(to: a)",65536,32,132,0,4,7,0,82.164816558
2,"map(to: a)",65536,32,132,0,4,114,0,93.677639961
2,"map(to: a)",65536,32,132,0,4,44,0,85.745379329
2,"map(to: a)",65536,32,132,0,4,2,0,84.959156811
2,"map(to: a)",65536,32,132,0,4,294,0,109.242275357
2,"map(to: a)",65536,32,132,0,4,758,0,145.513564348
2,"map(to: a)",65536,32,132,0,4,183,0,92.612206936
2,"map(to: a)",65536,32,132,0,4,4,0,79.709663987
2,"map(to: a)",65536,32,132,0,4,1218,0,176.553055644
2,"map(to: a)",65536,32,132,0,4,71,0,84.039755166
2,"map(to: a)",65536,32,132,0,4,1955,0,237.799435854
2,"map(to: a)",65536,32,132,0,4,11,0,79.027377069
2,"map(to: a)",65536,32,132,0,4,472,0,117.947533727
2,"map(to: a)",65536,32,132,0,4,3140,0,331.529974937
2,"map(to: a)",65536,32,132,1,0,2,0,82.611478865
2,"map(to: a)",65536,32,132,1,0,4,0,83.260238171
2,"map(to: a)",65536,32,132,1,0,472,0,120.854750276
2,"map(to: a)",65536,32,132,1,0,3140,0,334.688834846
2,"map(to: a)",65536,32,132,1,0,183,0,93.613564968
2,"map(to: a)",65536,32,132,1,0,28,0,80.806575716
2,"map(to: a)",65536,32,132,1,0,71,0,87.595544755
2,"map(to: a)",65536,32,132,1,0,1218,0,178.335420787
2,"map(to: a)",65536,32,132,1,0,294,0,104.602240026
2,"map(to: a)",65536,32,132,1,0,1,0,78.850239515
2,"map(to: a)",65536,32,132,1,0,7,0,80.126896501
2,"map(to: a)",65536,32,132,1,0,1955,0,237.339176238
2,"map(to: a)",65536,32,132,1,0,758,0,136.861763895
2,"map(to: a)",65536,32,132,1,0,114,0,92.409551144
2,"map(to: a)",65536,32,132,1,0,11,0,83.744525909
2,"map(to: a)",65536,32,132,1,0,3,0,82.511082292
2,"map(to: a)",65536,32,132,1,0,8096,0,732.309930027
2,"map(to: a)",65536,32,132,1,0,44,0,82.033686340
2,"map(to: a)",65536,32,132,1,0,17,0,81.961229444
2,"map(to: a)",65536,32,132,1,0,5042,0,485.644489527
2,"map(to: a)",65536,32,132,1,1,758,0,139.635801315
2,"map(to: a)",65536,32,132,1,1,3,0,85.389055312
2,"map(to: a)",65536,32,132,1,1,3140,0,334.799475968
2,"map(to: a)",65536,32,132,1,1,1955,0,238.856300712
2,"map(to: a)",65536,32,132,1,1,44,0,82.269497216
2,"map(to: a)",65536,32,132,1,1,17,0,81.984885037
2,"map(to: a)",65536,32,132,1,1,294,0,104.555115104
2,"map(to: a)",65536,32,132,1,1,28,0,81.368722022
2,"map(to: a)",65536,32,132,1,1,114,0,90.750865638
2,"map(to: a)",65536,32,132,1,1,2,0,80.574490130
2,"map(to: a)",65536,32,132,1,1,7,0,79.867430031
2,"map(to: a)",65536,32,132,1,1,183,0,93.730352819
2,"map(to: a)",65536,32,132,1,1,8096,0,731.779262424
2,"map(to: a)",65536,32,132,1,1,11,0,86.096860468
2,"map(to: a)",65536,32,132,1,1,1,0,82.881003618
2,"map(to: a)",65536,32,132,1,1,1218,0,178.152136505
2,"map(to: a)",65536,32,132,1,1,472,0,117.349065840
2,"map(to: a)",65536,32,132,1,1,71,0,88.927149773
2,"map(to: a)",65536,32,132,1,1,5042,0,483.291782439
2,"map(to: a)",65536,32,132,1,1,4,0,78.520737588
2,"map(to: a)",65536,32,132,1,2,2,0,78.270211816
2,"map(to: a)",65536,32,132,1,2,71,0,82.333385944
2,"map(to: a)",65536,32,132,1,2,17,0,81.822089851
2,"map(to: a)",65536,32,132,1,2,472,0,122.531689703
2,"map(to: a)",65536,32,132,1,2,5042,0,488.187000155
2,"map(to: a)",65536,32,132,1,2,28,0,82.208588719
2,"map(to: a)",65536,32,132,1,2,44,0,83.682686090
2,"map(to: a)",65536,32,132,1,2,1218,0,180.414505303
2,"map(to: a)",65536,32,132,1,2,4,0,78.783556819
2,"map(to: a)",65536,32,132,1,2,1955,0,238.933600485
2,"map(to: a)",65536,32,132,1,2,183,0,95.774047077
2,"map(to: a)",65536,32,132,1,2,7,0,80.302730203
2,"map(to: a)",65536,32,132,1,2,758,0,137.229822576
2,"map(to: a)",65536,32,132,1,2,1,0,78.092887998
2,"map(to: a)",65536,32,132,1,2,3140,0,335.077382624
2,"map(to: a)",65536,32,132,1,2,8096,0,733.689963818
2,"map(to: a)",65536,32,132,1,2,3,0,82.319229841
2,"map(to: a)",65536,32,132,1,2,114,0,90.269371867
2,"map(to: a)",65536,32,132,1,2,11,0,79.819187522
2,"map(to: a)",65536,32,132,1,2,294,0,104.267150164
2,"map(to: a)",65536,32,132,1,3,1,0,78.143365681
2,"map(to: a)",65536,32,132,1,3,17,0,82.219019532
2,"map(to: a)",65536,32,132,1,3,294,0,104.035250843
2,"map(to: a)",65536,32,132,1,3,5042,0,485.714711249
2,"map(to: a)",65536,32,132,1,3,114,0,91.719813645
2,"map(to: a)",65536,32,132,1,3,28,0,86.517259479
2,"map(to: a)",65536,32,132,1,3,1218,0,183.004513383
2,"map(to: a)",65536,32,132,1,3,2,0,78.262761235
2,"map(to: a)",65536,32,132,1,3,3,0,78.681856394
2,"map(to: a)",65536,32,132,1,3,4,0,81.210210919
2,"map(to: a)",65536,32,132,1,3,758,0,143.893063068
2,"map(to: a)",65536,32,132,1,3,11,0,82.192197442
2,"map(to: a)",65536,32,132,1,3,44,0,85.560604930
2,"map(to: a)",65536,32,132,1,3,472,0,116.777233779
2,"map(to: a)",65536,32,132,1,3,7,0,82.235224545
2,"map(to: a)",65536,32,132,1,3,1955,0,238.301977515
2,"map(to: a)",65536,32,132,1,3,71,0,86.488761008
2,"map(to: a)",65536,32,132,1,3,183,0,94.461813569
2,"map(to: a)",65536,32,132,1,3,8096,0,732.685439289
2,"map(to: a)",65536,32,132,1,3,3140,0,331.840477884
2,"map(to: a)",65536,32,132,1,4,472,0,120.632536709
2,"map(to: a)",65536,32,132,1,4,71,0,84.824860096
2,"map(to: a)",65536,32,132,1,4,1,0,78.448839486
2,"map(to: a)",65536,32,132,1,4,11,0,82.804262638
2,"map(to: a)",65536,32,132,1,4,4,0,81.056542695
2,"map(to: a)",65536,32,132,1,4,3140,0,333.618372679
2,"map(to: a)",65536,32,132,1,4,28,0,82.302093506
2,"map(to: a)",65536,32,132,1,4,1218,0,180.453620851
2,"map(to: a)",65536,32,132,1,4,2,0,84.309466183
2,"map(to: a)",65536,32,132,1,4,183,0,99.841505289
2,"map(to: a)",65536,32,132,1,4,5042,0,488.089211285
2,"map(to: a)",65536,32,132,1,4,114,0,88.984891772
2,"map(to: a)",65536,32,132,1,4,3,0,80.877542496
2,"map(to: a)",65536,32,132,1,4,44,0,87.085738778
2,"map(to: a)",65536,32,132,1,4,758,0,146.620348096
2,"map(to: a)",65536,32,132,1,4,8096,0,730.940885842
2,"map(to: a)",65536,32,132,1,4,1955,0,241.591408849
2,"map(to: a)",65536,32,132,1,4,294,0,108.242034912
2,"map(to: a)",65536,32,132,1,4,7,0,89.297257364
2,"map(to: a)",65536,32,132,1,4,17,0,84.161199629
3,"map(from: a)",1,32,132,0,0,7,0,40.130317211
3,"map(from: a)",1,32,132,0,0,114,0,52.844360471
3,"map(from: a)",1,32,132,0,0,3,0,43.741241097
3,"map(from: a)",1,32,132,0,0,17,0,43.099001050
3,"map(from: a)",1,32,132,0,0,1,0,42.656436563
3,"map(from: a)",1,32,132,0,0,44,0,49.129128456
3,"map(from: a)",1,32,132,0,0,294,0,68.003870547
3,"map(from: a)",1,32,132,0,0,3140,0,294.326059520
3,"map(from: a)",1,32,132,0,0,4,0,38.835592568
3,"map(from: a)",1,32,132,0,0,1955,0,197.548419237
3,"map(from: a)",1,32,132,0,0,183,0,56.429207325
3,"map(from: a)",1,32,132,0,0,8096,0,691.850110888
3,"map(from: a)",1,32,132,0,0,758,0,102.271325886
3,"map(from: a)",1,32,132,0,0,71,0,49.587152898
3,"map(from: a)",1,32,132,0,0,2,0,44.869445264
3,"map(from: a)",1,32,132,0,0,11,0,45.532174408
3,"map(from: a)",1,32,132,0,0,28,0,41.454471648
3,"map(from: a)",1,32,132,0,0,5042,0,446.393154562
3,"map(from: a)",1,32,132,0,0,1218,0,137.427635491
3,"map(from: a)",1,32,132,0,0,472,0,79.164281487
3,"map(from: a)",1,32,132,0,1,4,0,39.385259151
3,"map(from: a)",1,32,132,0,1,1,0,38.331747055
3,"map(from: a)",1,32,132,0,1,17,0,39.925053716
3,"map(from: a)",1,32,132,0,1,28,0,43.603591621
3,"map(from: a)",1,32,132,0,1,11,0,40.303915739
3,"map(from: a)",1,32,132,0,1,3140,0,291.373580694
3,"map(from: a)",1,32,132,0,1,2,0,42.699836195
3,"map(from: a)",1,32,132,0,1,758,0,104.373507202
3,"map(from: a)",1,32,132,0,1,1218,0,141.347385943
3,"map(from: a)",1,32,132,0,1,44,0,47.275237739
3,"map(from: a)",1,32,132,0,1,71,0,49.220770597
3,"map(from: a)",1,32,132,0,1,114,0,49.504637718
3,"map(from: a)",1,32,132,0,1,294,0,68.358331919
3,"map(from: a)",1,32,132,0,1,7,0,40.625594556
3,"map(from: a)",1,32,132,0,1,183,0,53.350999951
3,"map(from: a)",1,32,132,0,1,8096,0,691.319070756
3,"map(from: a)",1,32,132,0,1,472,0,76.509267092
3,"map(from: a)",1,32,132,0,1,1955,0,197.111442685
3,"map(from: a)",1,32,132,0,1,3,0,42.119808495
3,"map(from: a)",1,32,132,0,1,5042,0,448.784604669
3,"map(from: a)",1,32,132,0,2,3,0,39.036013186
3,"map(from: a)",1,32,132,0,2,44,0,42.342208326
3,"map(from: a)",1,32,132,0,2,1,0,39.203464985
3,"map(from: a)",1,32,132,0,2,183,0,54.267235100
3,"map(from: a)",1,32,132,0,2,294,0,62.521360815
3,"map(from: a)",1,32,132,0,2,5042,0,444.820895791
3,"map(from: a)",1,32,132,0,2,7,0,37.854909897
3,"map(from: a)",1,32,132,0,2,8096,0,692.776776850
3,"map(from: a)",1,32,132,0,2,2,0,42.486749589
3,"map(from: a)",1,32,132,0,2,114,0,51.757693291
3,"map(from: a)",1,32,132,0,2,71,0,45.587122440
3,"map(from: a)",1,32,132,0,2,1955,0,198.618322611
3,"map(from: a)",1,32,132,0,2,17,0,41.965581477
3,"map(from: a)",1,32,132,0,2,472,0,78.838132322
3,"map(from: a)",1,32,132,0,2,11,0,39.696507156
3,"map(from: a)",1,32,132,0,2,1218,0,136.687420309
3,"map(from: a)",1,32,132,0,2,4,0,39.816088974
3,"map(from: a)",1,32,132,0,2,3140,0,290.796533227
3,"map(from: a)",1,32,132,0,2,758,0,102.075748146
3,"map(from: a)",1,32,132,0,2,28,0,41.533634067
3,"map(from: a)",1,32,132,0,3,11,0,40.761567652
3,"map(from: a)",1,32,132,0,3,4,0,40.541402996
3,"map(from: a)",1,32,132,0,3,5042,0,446.891970932
3,"map(from: a)",1,32,132,0,3,183,0,54.287165403
3,"map(from: a)",1,32,132,0,3,17,0,38.463808596
3,"map(from: a)",1,32,132,0,3,3,0,39.761327207
3,"map(from: a)",1,32,132,0,3,28,0,41.111186147
3,"map(from: a)",1,32,132,0,3,1218,0,138.547271490
3,"map(from: a)",1,32,132,0,3,114,0,50.384737551
3,"map(from: a)",1,32,132,0,3,758,0,101.337954402
3,"map(from: a)",1,32,132,0,3,1955,0,198.696739972
3,"map(from: a)",1,32,132,0,3,472,0,78.786537051
3,"map(from: a)",1,32,132,0,3,7,0,41.496939957
3,"map(from: a)",1,32,132,0,3,44,0,43.742172420
3,"map(from: a)",1,32,132,0,3,3140,0,292.571075261
3,"map(from: a)",1,32,132,0,3,8096,0,692.758709192
3,"map(from: a)",1,32,132,0,3,71,0,47.747418284
3,"map(from: a)",1,32,132,0,3,1,0,41.095726192
3,"map(from: a)",1,32,132,0,3,2,0,42.501091957
3,"map(from: a)",1,32,132,0,3,294,0,65.301172435
3,"map(from: a)",1,32,132,0,4,3,0,38.952939212
3,"map(from: a)",1,32,132,0,4,8096,0,690.709985793
3,"map(from: a)",1,32,132,0,4,1,0,43.033435941
3,"map(from: a)",1,32,132,0,4,28,0,43.360516429
3,"map(from: a)",1,32,132,0,4,17,0,44.771097600
3,"map(from: a)",1,32,132,0,4,5042,0,448.921881616
3,"map(from: a)",1,32,132,0,4,7,0,42.050331831
3,"map(from: a)",1,32,132,0,4,114,0,47.261267900
3,"map(from: a)",1,32,132,0,4,44,0,44.040009379
3,"map(from: a)",1,32,132,0,4,2,0,39.681978524
3,"map(from: a)",1,32,132,0,4,294,0,65.959803760
3,"map(from: a)",1,32,132,0,4,758,0,103.296339512
3,"map(from: a)",1,32,132,0,4,183,0,56.139566004
3,"map(from: a)",1,32,132,0,4,4,0,42.404420674
3,"map(from: a)",1,32,132,0,4,1218,0,139.322876930
3,"map(from: a)",1,32,132,0,4,71,0,45.361183584
3,"map(from: a)",1,32,132,0,4,1955,0,199.253484607
3,"map(from: a)",1,32,132,0,4,11,0,42.567402124
3,"map(from: a)",1,32,132,0,4,472,0,79.393200576
3,"map(from: a)",1,32,132,0,4,3140,0,294.285826385
3,"map(from: a)",1,32,132,1,0,2,0,45.599415898
3,"map(from: a)",1,32,132,1,0,4,0,43.908506632
3,"map(from: a)",1,32,132,1,0,472,0,82.392431796
3,"map(from: a)",1,32,132,1,0,3140,0,296.806730330
3,"map(from: a)",1,32,132,1,0,183,0,55.431574583
3,"map(from: a)",1,32,132,1,0,28,0,42.509101331
3,"map(from: a)",1,32,132,1,0,71,0,45.322440565
3,"map(from: a)",1,32,132,1,0,1218,0,139.419361949
3,"map(from: a)",1,32,132,1,0,294,0,65.423548222
3,"map(from: a)",1,32,132,1,0,1,0,40.896050632
3,"map(from: a)",1,32,132,1,0,7,0,41.770376265
3,"map(from: a)",1,32,132,1,0,1955,0,199.995003641
3,"map(from: a)",1,32,132,1,0,758,0,103.782117367
3,"map(from: a)",1,32,132,1,0,114,0,49.444660544
3,"map(from: a)",1,32,132,1,0,11,0,42.962096632
3,"map(from: a)",1,32,132,1,0,3,0,42.889639735
3,"map(from: a)",1,32,132,1,0,8096,0,693.878158927
3,"map(from: a)",1,32,132,1,0,44,0,51.178038120
3,"map(from: a)",1,32,132,1,0,17,0,47.750212252
3,"map(from: a)",1,32,132,1,0,5042,0,447.656959295
3,"map(from: a)",1,32,132,1,1,758,0,104.957073927
3,"map(from: a)",1,32,132,1,1,3,0,42.108073831
3,"map(from: a)",1,32,132,1,1,3140,0,296.403653920
3,"map(from: a)",1,32,132,1,1,1955,0,201.043300331
3,"map(from: a)",1,32,132,1,1,44,0,46.707130969
3,"map(from: a)",1,32,132,1,1,17,0,45.323744416
3,"map(from: a)",1,32,132,1,1,294,0,66.816620529
3,"map(from: a)",1,32,132,1,1,28,0,42.206794024
3,"map(from: a)",1,32,132,1,1,114,0,50.636194646
3,"map(from: a)",1,32,132,1,1,2,0,40.752068162
3,"map(from: a)",1,32,132,1,1,7,0,41.844137013
3,"map(from: a)",1,32,132,1,1,183,0,55.275671184
3,"map(from: a)",1,32,132,1,1,8096,0,695.448555052
3,"map(from: a)",1,32,132,1,1,11,0,47.183968127
3,"map(from: a)",1,32,132,1,1,1,0,42.172893882
3,"map(from: a)",1,32,132,1,1,1218,0,140.780955553
3,"map(from: a)",1,32,132,1,1,472,0,82.843191922
3,"map(from: a)",1,32,132,1,1,71,0,51.389820874
3,"map(from: a)",1,32,132,1,1,5042,0,448.861904442
3,"map(from: a)",1,32,132,1,1,4,0,44.074468315
3,"map(from: a)",1,32,132,1,2,2,0,43.294019997
3,"map(from: a)",1,32,132,1,2,71,0,48.665888608
3,"map(from: a)",1,32,132,1,2,17,0,43.088942766
3,"map(from: a)",1,32,132,1,2,472,0,81.586092710
3,"map(from: a)",1,32,132,1,2,5042,0,447.280704975
3,"map(from: a)",1,32,132,1,2,28,0,49.609504640
3,"map(from: a)",1,32,132,1,2,44,0,48.258155584
3,"map(from: a)",1,32,132,1,2,1218,0,142.979063094
3,"map(from: a)",1,32,132,1,2,4,0,49.247778952
3,"map(from: a)",1,32,132,1,2,1955,0,202.041491866
3,"map(from: a)",1,32,132,1,2,183,0,58.938004076
3,"map(from: a)",1,32,132,1,2,7,0,44.682994485
3,"map(from: a)",1,32,132,1,2,758,0,102.622434497
3,"map(from: a)",1,32,132,1,2,1,0,43.154694140
3,"map(from: a)",1,32,132,1,2,3140,0,296.227820218
3,"map(from: a)",1,32,132,1,2,8096,0,694.232806563
3,"map(from: a)",1,32,132,1,2,3,0,39.771571755
3,"map(from: a)",1,32,132,1,2,114,0,49.411877990
3,"map(from: a)",1,32,132,1,2,11,0,40.861219168
3,"map(from: a)",1,32,132,1,2,294,0,65.506063402
3,"map(from: a)",1,32,132,1,3,1,0,40.380097926
3,"map(from: a)",1,32,132,1,3,17,0,44.929049909
3,"map(from: a)",1,32,132,1,3,294,0,67.875161767
3,"map(from: a)",1,32,132,1,3,5042,0,449.894741178
3,"map(from: a)",1,32,132,1,3,114,0,56.383758783
3,"map(from: a)",1,32,132,1,3,28,0,49.056112766
3,"map(from: a)",1,32,132,1,3,1218,0,142.356380820
3,"map(from: a)",1,32,132,1,3,2,0,42.596273124
3,"map(from: a)",1,32,132,1,3,3,0,42.062252760
3,"map(from: a)",1,32,132,1,3,4,0,42.177177966
3,"map(from: a)",1,32,132,1,3,758,0,106.059946120
3,"map(from: a)",1,32,132,1,3,11,0,44.851377606
3,"map(from: a)",1,32,132,1,3,44,0,46.963244677
3,"map(from: a)",1,32,132,1,3,472,0,83.525851369
3,"map(from: a)",1,32,132,1,3,7,0,43.727830052
3,"map(from: a)",1,32,132,1,3,1955,0,200.214795768
3,"map(from: a)",1,32,132,1,3,71,0,49.686059356
3,"map(from: a)",1,32,132,1,3,183,0,57.679414749
3,"map(from: a)",1,32,132,1,3,8096,0,694.564729929
3,"map(from: a)",1,32,132,1,3,3140,0,298.664346337
3,"map(from: a)",1,32,132,1,4,472,0,85.032545030
3,"map(from: a)",1,32,132,1,4,71,0,51.755271852
3,"map(from: a)",1,32,132,1,4,1,0,45.007653534
3,"map(from: a)",1,32,132,1,4,11,0,44.193305075
3,"map(from: a)",1,32,132,1,4,4,0,43.798051775
3,"map(from: a)",1,32,132,1,4,3140,0,296.478345990
3,"map(from: a)",1,32,132,1,4,28,0,46.338327229
3,"map(from: a)",1,32,132,1,4,1218,0,144.277140498
3,"map(from: a)",1,32,132,1,4,2,0,46.458281577
3,"map(from: a)",1,32,132,1,4,183,0,56.570582092
3,"map(from: a)",1,32,132,1,4,5042,0,449.693016708
3,"map(from: a)",1,32,132,1,4,114,0,53.325854242
3,"map(from: a)",1,32,132,1,4,3,0,44.152326882
3,"map(from: a)",1,32,132,1,4,44,0,44.517964125
3,"map(from: a)",1,32,132,1,4,758,0,102.560408413
3,"map(from: a)",1,32,132,1,4,8096,0,696.683488786
3,"map(from: a)",1,32,132,1,4,1955,0,199.764221907
3,"map(from: a)",1,32,132,1,4,294,0,67.041628063
3,"map(from: a)",1,32,132,1,4,7,0,43.204426765
3,"map(from: a)",1,32,132,1,4,17,0,44.514797628
3,"map(from: a)",4,32,132,0,0,7,0,42.223744094
3,"map(from: a)",4,32,132,0,0,114,0,50.988048315
3,"map(from: a)",4,32,132,0,0,3,0,42.706541717
3,"map(from: a)",4,32,132,0,0,17,0,45.083835721
3,"map(from: a)",4,32,132,0,0,1,0,43.280236423
3,"map(from: a)",4,32,132,0,0,44,0,47.475285828
3,"map(from: a)",4,32,132,0,0,294,0,66.784210503
3,"map(from: a)",4,32,132,0,0,3140,0,295.352563262
3,"map(from: a)",4,32,132,0,0,4,0,42.174570262
3,"map(from: a)",4,32,132,0,0,1955,0,199.915468693
3,"map(from: a)",4,32,132,0,0,183,0,54.592266679
3,"map(from: a)",4,32,132,0,0,8096,0,694.790668786
3,"map(from: a)",4,32,132,0,0,758,0,103.075802326
3,"map(from: a)",4,32,132,0,0,71,0,46.772882342
3,"map(from: a)",4,32,132,0,0,2,0,40.727853775
3,"map(from: a)",4,32,132,0,0,11,0,40.598213673
3,"map(from: a)",4,32,132,0,0,28,0,44.140033424
3,"map(from: a)",4,32,132,0,0,5042,0,447.960942984
3,"map(from: a)",4,32,132,0,0,1218,0,140.978768468
3,"map(from: a)",4,32,132,0,0,472,0,80.406107008
3,"map(from: a)",4,32,132,0,1,4,0,41.745230556
3,"map(from: a)",4,32,132,0,1,1,0,42.377226055
3,"map(from: a)",4,32,132,0,1,17,0,43.505802751
3,"map(from: a)",4,32,132,0,1,28,0,44.136866927
3,"map(from: a)",4,32,132,0,1,11,0,43.296441436
3,"map(from: a)",4,32,132,0,1,3140,0,295.858085155
3,"map(from: a)",4,32,132,0,1,2,0,43.783150613
3,"map(from: a)",4,32,132,0,1,758,0,104.962848127
3,"map(from: a)",4,32,132,0,1,1218,0,144.363939762
3,"map(from: a)",4,32,132,0,1,44,0,47.670677304
3,"map(from: a)",4,32,132,0,1,71,0,48.510730267
3,"map(from: a)",4,32,132,0,1,114,0,52.177906036
3,"map(from: a)",4,32,132,0,1,294,0,66.207908094
3,"map(from: a)",4,32,132,0,1,7,0,42.583979666
3,"map(from: a)",4,32,132,0,1,183,0,57.199783623
3,"map(from: a)",4,32,132,0,1,8096,0,692.405737936
3,"map(from: a)",4,32,132,0,1,472,0,80.453790724
3,"map(from: a)",4,32,132,0,1,1955,0,197.766534984
3,"map(from: a)",4,32,132,0,1,3,0,44.007971883
3,"map(from: a)",4,32,132,0,1,5042,0,451.076030731
3,"map(from: a)",4,32,132,0,2,3,0,42.537599802
3,"map(from: a)",4,32,132,0,2,44,0,44.168531895
3,"map(from: a)",4,32,132,0,2,1,0,47.332234681
3,"map(from: a)",4,32,132,0,2,183,0,59.032067657
3,"map(from: a)",4,32,132,0,2,294,0,65.245665610
3,"map(from: a)",4,32,132,0,2,5042,0,447.338819504
3,"map(from: a)",4,32,132,0,2,7,0,43.634697795
3,"map(from: a)",4,32,132,0,2,8096,0,693.408586085
3,"map(from: a)",4,32,132,0,2,2,0,46.720355749
3,"map(from: a)",4,32,132,0,2,114,0,52.290596068
3,"map(from: a)",4,32,132,0,2,71,0,50.813704729
3,"map(from: a)",4,32,132,0,2,1955,0,202.317908406
3,"map(from: a)",4,32,132,0,2,17,0,43.127499521
3,"map(from: a)",4,32,132,0,2,472,0,83.618424833
3,"map(from: a)",4,32,132,0,2,11,0,43.862126768
3,"map(from: a)",4,32,132,0,2,1218,0,140.487961471
3,"map(from: a)",4,32,132,0,2,4,0,41.759200394
3,"map(from: a)",4,32,132,0,2,3140,0,295.702368021
3,"map(from: a)",4,32,132,0,2,758,0,102.056935430
3,"map(from: a)",4,32,132,0,2,28,0,45.529007912
3,"map(from: a)",4,32,132,0,3,11,0,44.306740165
3,"map(from: a)",4,32,132,0,3,4,0,43.640471995
3,"map(from: a)",4,32,132,0,3,5042,0,448.113121092
3,"map(from: a)",4,32,132,0,3,183,0,55.765733123
3,"map(from: a)",4,32,132,0,3,17,0,43.416768312
3,"map(from: a)",4,32,132,0,3,3,0,42.344629765
3,"map(from: a)",4,32,132,0,3,28,0,47.568604350
3,"map(from: a)",4,32,132,0,3,1218,0,141.760520637
3,"map(from: a)",4,32,132,0,3,114,0,53.516030312
3,"map(from: a)",4,32,132,0,3,758,0,105.448067188
3,"map(from: a)",4,32,132,0,3,1955,0,203.354656696
3,"map(from: a)",4,32,132,0,3,472,0,82.889385521
3,"map(from: a)",4,32,132,0,3,7,0,43.907947838
3,"map(from: a)",4,32,132,0,3,44,0,46.042911708
3,"map(from: a)",4,32,132,0,3,3140,0,295.080803335
3,"map(from: a)",4,32,132,0,3,8096,0,691.572017968
3,"map(from: a)",4,32,132,0,3,71,0,46.268105507
3,"map(from: a)",4,32,132,0,3,1,0,40.763057768
3,"map(from: a)",4,32,132,0,3,2,0,42.512640357
3,"map(from: a)",4,32,132,0,3,294,0,68.683549762
3,"map(from: a)",4,32,132,0,4,3,0,46.694651246
3,"map(from: a)",4,32,132,0,4,8096,0,694.988481700
3,"map(from: a)",4,32,132,0,4,1,0,43.247640133
3,"map(from: a)",4,32,132,0,4,28,0,44.765882194
3,"map(from: a)",4,32,132,0,4,17,0,45.134499669
3,"map(from: a)",4,32,132,0,4,5042,0,447.430461645
3,"map(from: a)",4,32,132,0,4,7,0,42.906589806
3,"map(from: a)",4,32,132,0,4,114,0,51.544420421
3,"map(from: a)",4,32,132,0,4,44,0,46.393647790
3,"map(from: a)",4,32,132,0,4,2,0,40.225870907
3,"map(from: a)",4,32,132,0,4,294,0,64.162723720
3,"map(from: a)",4,32,132,0,4,758,0,100.360251963
3,"map(from: a)",4,32,132,0,4,183,0,55.494904518
3,"map(from: a)",4,32,132,0,4,4,0,43.781287968
3,"map(from: a)",4,32,132,0,4,1218,0,140.324980021
3,"map(from: a)",4,32,132,0,4,71,0,53.197145462
3,"map(from: a)",4,32,132,0,4,1955,0,200.571864843
3,"map(from: a)",4,32,132,0,4,11,0,45.804679394
3,"map(from: a)",4,32,132,0,4,472,0,82.619115710
3,"map(from: a)",4,32,132,0,4,3140,0,295.140035450
3,"map(from: a)",4,32,132,1,0,2,0,41.916035116
3,"map(from: a)",4,32,132,1,0,4,0,43.795630336
3,"map(from: a)",4,32,132,1,0,472,0,79.822167754
3,"map(from: a)",4,32,132,1,0,3140,0,295.648537576
3,"map(from: a)",4,32,132,1,0,183,0,57.103112340
3,"map(from: a)",4,32,132,1,0,28,0,45.611523092
3,"map(from: a)",4,32,132,1,0,71,0,48.139318824
3,"map(from: a)",4,32,132,1,0,1218,0,139.521062374
3,"map(from: a)",4,32,132,1,0,294,0,67.941099405
3,"map(from: a)",4,32,132,1,0,1,0,43.966993690
3,"map(from: a)",4,32,132,1,0,7,0,43.229013681
3,"map(from: a)",4,32,132,1,0,1955,0,200.259685516
3,"map(from: a)",4,32,132,1,0,758,0,104.399025440
3,"map(from: a)",4,32,132,1,0,114,0,51.798112690
3,"map(from: a)",4,32,132,1,0,11,0,45.923143625
3,"map(from: a)",4,32,132,1,0,3,0,45.487657189
3,"map(from: a)",4,32,132,1,0,8096,0,693.649984896
3,"map(from: a)",4,32,132,1,0,44,0,45.082531869
3,"map(from: a)",4,32,132,1,0,17,0,45.889616013
3,"map(from: a)",4,32,132,1,0,5042,0,449.842400849
3,"map(from: a)",4,32,132,1,1,758,0,106.107816100
3,"map(from: a)",4,32,132,1,1,3,0,43.257325888
3,"map(from: a)",4,32,132,1,1,3140,0,294.341892004
3,"map(from: a)",4,32,132,1,1,1955,0,200.674869120
3,"map(from: a)",4,32,132,1,1,44,0,49.534067512
3,"map(from: a)",4,32,132,1,1,17,0,46.498142183
3,"map(from: a)",4,32,132,1,1,294,0,69.293007255
3,"map(from: a)",4,32,132,1,1,28,0,47.999806702
3,"map(from: a)",4,32,132,1,1,114,0,56.364387274
3,"map(from: a)",4,32,132,1,1,2,0,44.362246990
3,"map(from: a)",4,32,132,1,1,7,0,45.134127140
3,"map(from: a)",4,32,132,1,1,183,0,61.902031302
3,"map(from: a)",4,32,132,1,1,8096,0,694.249197841
3,"map(from: a)",4,32,132,1,1,11,0,45.679137111
3,"map(from: a)",4,32,132,1,1,1,0,44.670514762
3,"map(from: a)",4,32,132,1,1,1218,0,141.581520438
3,"map(from: a)",4,32,132,1,1,472,0,81.846676767
3,"map(from: a)",4,32,132,1,1,71,0,46.993046999
3,"map(from: a)",4,32,132,1,1,5042,0,448.965653777
3,"map(from: a)",4,32,132,1,1,4,0,45.307725668
3,"map(from: a)",4,32,132,1,2,2,0,44.893845916
3,"map(from: a)",4,32,132,1,2,71,0,51.430240273
3,"map(from: a)",4,32,132,1,2,17,0,47.590397298
3,"map(from: a)",4,32,132,1,2,472,0,82.518346608
3,"map(from: a)",4,32,132,1,2,5042,0,448.566302657
3,"map(from: a)",4,32,132,1,2,28,0,45.371614397
3,"map(from: a)",4,32,132,1,2,44,0,47.414749861
3,"map(from: a)",4,32,132,1,2,1218,0,140.857696533
3,"map(from: a)",4,32,132,1,2,4,0,44.162571430
3,"map(from: a)",4,32,132,1,2,1955,0,199.966505170
3,"map(from: a)",4,32,132,1,2,183,0,57.279877365
3,"map(from: a)",4,32,132,1,2,7,0,43.769739568
3,"map(from: a)",4,32,132,1,2,758,0,104.378350079
3,"map(from: a)",4,32,132,1,2,1,0,44.001266360
3,"map(from: a)",4,32,132,1,2,3140,0,295.705161989
3,"map(from: a)",4,32,132,1,2,8096,0,695.865228772
3,"map(from: a)",4,32,132,1,2,3,0,42.896345258
3,"map(from: a)",4,32,132,1,2,114,0,50.838477910
3,"map(from: a)",4,32,132,1,2,11,0,42.710825801
3,"map(from: a)",4,32,132,1,2,294,0,67.345425487
3,"map(from: a)",4,32,132,1,3,1,0,43.849647045
3,"map(from: a)",4,32,132,1,3,17,0,43.057464063
3,"map(from: a)",4,32,132,1,3,294,0,67.067146301
3,"map(from: a)",4,32,132,1,3,5042,0,447.343848646
3,"map(from: a)",4,32,132,1,3,114,0,53.663924336
3,"map(from: a)",4,32,132,1,3,28,0,44.576078653
3,"map(from: a)",4,32,132,1,3,1218,0,140.420906246
3,"map(from: a)",4,32,132,1,3,2,0,42.189843953
3,"map(from: a)",4,32,132,1,3,3,0,42.379461229
3,"map(from: a)",4,32,132,1,3,4,0,44.024549425
3,"map(from: a)",4,32,132,1,3,758,0,106.501020491
3,"map(from: a)",4,32,132,1,3,11,0,46.072714031
3,"map(from: a)",4,32,132,1,3,44,0,48.648007214
3,"map(from: a)",4,32,132,1,3,472,0,83.418376744
3,"map(from: a)",4,32,132,1,3,7,0,46.095810831
3,"map(from: a)",4,32,132,1,3,1955,0,201.771594584
3,"map(from: a)",4,32,132,1,3,71,0,52.484869957
3,"map(from: a)",4,32,132,1,3,183,0,59.077329934
3,"map(from: a)",4,32,132,1,3,8096,0,692.558288574
3,"map(from: a)",4,32,132,1,3,3140,0,293.157808483
3,"map(from: a)",4,32,132,1,4,472,0,80.450624228
3,"map(from: a)",4,32,132,1,4,71,0,46.450644732
3,"map(from: a)",4,32,132,1,4,1,0,41.560456157
3,"map(from: a)",4,32,132,1,4,11,0,42.881444097
3,"map(from: a)",4,32,132,1,4,4,0,44.452771544
3,"map(from: a)",4,32,132,1,4,3140,0,297.905132174
3,"map(from: a)",4,32,132,1,4,28,0,48.634223640
3,"map(from: a)",4,32,132,1,4,1218,0,143.030099571
3,"map(from: a)",4,32,132,1,4,2,0,44.966489077
3,"map(from: a)",4,32,132,1,4,183,0,60.070306063
3,"map(from: a)",4,32,132,1,4,5042,0,448.363088071
3,"map(from: a)",4,32,132,1,4,114,0,50.764530897
3,"map(from: a)",4,32,132,1,4,3,0,41.403248906
3,"map(from: a)",4,32,132,1,4,44,0,46.771578491
3,"map(from: a)",4,32,132,1,4,758,0,103.624910116
3,"map(from: a)",4,32,132,1,4,8096,0,693.207234144
3,"map(from: a)",4,32,132,1,4,1955,0,203.318148851
3,"map(from: a)",4,32,132,1,4,294,0,66.366791725
3,"map(from: a)",4,32,132,1,4,7,0,42.081065476
3,"map(from: a)",4,32,132,1,4,17,0,46.873837709
3,"map(from: a)",16,32,132,0,0,7,0,39.968639612
3,"map(from: a)",16,32,132,0,0,114,0,50.365924835
3,"map(from: a)",16,32,132,0,0,3,0,38.845278323
3,"map(from: a)",16,32,132,0,0,17,0,39.155781269
3,"map(from: a)",16,32,132,0,0,1,0,38.869120181
3,"map(from: a)",16,32,132,0,0,44,0,41.684322059
3,"map(from: a)",16,32,132,0,0,294,0,63.255056739
3,"map(from: a)",16,32,132,0,0,3140,0,295.475311577
3,"map(from: a)",16,32,132,0,0,4,0,45.425631106
3,"map(from: a)",16,32,132,0,0,1955,0,201.649405062
3,"map(from: a)",16,32,132,0,0,183,0,54.601579905
3,"map(from: a)",16,32,132,0,0,8096,0,693.660229445
3,"map(from: a)",16,32,132,0,0,758,0,100.810825825
3,"map(from: a)",16,32,132,0,0,71,0,43.510831892
3,"map(from: a)",16,32,132,0,0,2,0,42.043812573
3,"map(from: a)",16,32,132,0,0,11,0,37.724338472
3,"map(from: a)",16,32,132,0,0,28,0,40.695257485
3,"map(from: a)",16,32,132,0,0,5042,0,447.823666036
3,"map(from: a)",16,32,132,0,0,1218,0,140.558183193
3,"map(from: a)",16,32,132,0,0,472,0,77.331997454
3,"map(from: a)",16,32,132,0,1,4,0,38.024969399
3,"map(from: a)",16,32,132,0,1,1,0,37.588179111
3,"map(from: a)",16,32,132,0,1,17,0,39.700791240
3,"map(from: a)",16,32,132,0,1,28,0,43.268874288
3,"map(from: a)",16,32,132,0,1,11,0,42.113475502
3,"map(from: a)",16,32,132,0,1,3140,0,292.857363820
3,"map(from: a)",16,32,132,0,1,2,0,38.521550596
3,"map(from: a)",16,32,132,0,1,758,0,101.199932396
3,"map(from: a)",16,32,132,0,1,1218,0,138.915702701
3,"map(from: a)",16,32,132,0,1,44,0,41.034817696
3,"map(from: a)",16,32,132,0,1,71,0,45.938231051
3,"map(from: a)",16,32,132,0,1,114,0,49.175694585
3,"map(from: a)",16,32,132,0,1,294,0,64.500607550
3,"map(from: a)",16,32,132,0,1,7,0,42.185932398
3,"map(from: a)",16,32,132,0,1,183,0,57.067722082
3,"map(from: a)",16,32,132,0,1,8096,0,692.085362971
3,"map(from: a)",16,32,132,0,1,472,0,77.907741070
3,"map(from: a)",16,32,132,0,1,1955,0,198.736228049
3,"map(from: a)",16,32,132,0,1,3,0,36.416389048
3,"map(from: a)",16,32,132,0,1,5042,0,446.753762662
3,"map(from: a)",16,32,132,0,2,3,0,43.956190348
3,"map(from: a)",16,32,132,0,2,44,0,46.588107944
3,"map(from: a)",16,32,132,0,2,1,0,45.144744217
3,"map(from: a)",16,32,132,0,2,183,0,56.769885123
3,"map(from: a)",16,32,132,0,2,294,0,67.094899714
3,"map(from: a)",16,32,132,0,2,5042,0,446.994975209
3,"map(from: a)",16,32,132,0,2,7,0,38.489885628
3,"map(from: a)",16,32,132,0,2,8096,0,693.825259805
3,"map(from: a)",16,32,132,0,2,2,0,44.073164463
3,"map(from: a)",16,32,132,0,2,114,0,51.561184227
3,"map(from: a)",16,32,132,0,2,71,0,49.743801355
3,"map(from: a)",16,32,132,0,2,1955,0,201.682746410
3,"map(from: a)",16,32,132,0,2,17,0,40.266662836
3,"map(from: a)",16,32,132,0,2,472,0,76.201371849
3,"map(from: a)",16,32,132,0,2,11,0,38.259476423
3,"map(from: a)",16,32,132,0,2,1218,0,138.355232775
3,"map(from: a)",16,32,132,0,2,4,0,37.910044193
3,"map(from: a)",16,32,132,0,2,3140,0,292.662531137
3,"map(from: a)",16,32,132,0,2,758,0,101.490691304
3,"map(from: a)",16,32,132,0,2,28,0,40.660984814
3,"map(from: a)",16,32,132,0,3,11,0,42.629800737
3,"map(from: a)",16,32,132,0,3,4,0,38.257241249
3,"map(from: a)",16,32,132,0,3,5042,0,445.734709501
3,"map(from: a)",16,32,132,0,3,183,0,61.752647161
3,"map(from: a)",16,32,132,0,3,17,0,44.599175453
3,"map(from: a)",16,32,132,0,3,3,0,42.019970715
3,"map(from: a)",16,32,132,0,3,28,0,40.242075920
3,"map(from: a)",16,32,132,0,3,1218,0,140.843726695
3,"map(from: a)",16,32,132,0,3,114,0,47.436542809
3,"map(from: a)",16,32,132,0,3,758,0,101.498700678
3,"map(from: a)",16,32,132,0,3,1955,0,197.550840676
3,"map(from: a)",16,32,132,0,3,472,0,79.102255404
3,"map(from: a)",16,32,132,0,3,7,0,39.793178439
3,"map(from: a)",16,32,132,0,3,44,0,41.721388698
3,"map(from: a)",16,32,132,0,3,3140,0,292.300991714
3,"map(from: a)",16,32,132,0,3,8096,0,692.917965353
3,"map(from: a)",16,32,132,0,3,71,0,44.832564890
3,"map(from: a)",16,32,132,0,3,1,0,38.915500045
3,"map(from: a)",16,32,132,0,3,2,0,40.643289685
3,"map(from: a)",16,32,132,0,3,294,0,66.055729985
3,"map(from: a)",16,32,132,0,4,3,0,39.759278297
3,"map(from: a)",16,32,132,0,4,8096,0,690.821371973
3,"map(from: a)",16,32,132,0,4,1,0,39.917230606
3,"map(from: a)",16,32,132,0,4,28,0,44.295191765
3,"map(from: a)",16,32,132,0,4,17,0,45.667961240
3,"map(from: a)",16,32,132,0,4,5042,0,448.712706566
3,"map(from: a)",16,32,132,0,4,7,0,43.168105185
3,"map(from: a)",16,32,132,0,4,114,0,51.304511726
3,"map(from: a)",16,32,132,0,4,44,0,44.159591198
3,"map(from: a)",16,32,132,0,4,2,0,40.157698095
3,"map(from: a)",16,32,132,0,4,294,0,66.536851227
3,"map(from: a)",16,32,132,0,4,758,0,104.563310742
3,"map(from: a)",16,32,132,0,4,183,0,55.086798966
3,"map(from: a)",16,32,132,0,4,4,0,40.997564793
3,"map(from: a)",16,32,132,0,4,1218,0,139.139220119
3,"map(from: a)",16,32,132,0,4,71,0,46.099722385
3,"map(from: a)",16,32,132,0,4,1955,0,197.879411280
3,"map(from: a)",16,32,132,0,4,11,0,41.057169437
3,"map(from: a)",16,32,132,0,4,472,0,78.371353447
3,"map(from: a)",16,32,132,0,4,3140,0,292.596407235
3,"map(from: a)",16,32,132,1,0,2,0,44.209510088
3,"map(from: a)",16,32,132,1,0,4,0,45.125745237
3,"map(from: a)",16,32,132,1,0,472,0,80.797262490
3,"map(from: a)",16,32,132,1,0,3140,0,296.337716281
3,"map(from: a)",16,32,132,1,0,183,0,54.371729493
3,"map(from: a)",16,32,132,1,0,28,0,40.009059012
3,"map(from: a)",16,32,132,1,0,71,0,46.704895794
3,"map(from: a)",16,32,132,1,0,1218,0,139.601528645
3,"map(from: a)",16,32,132,1,0,294,0,66.529959440
3,"map(from: a)",16,32,132,1,0,1,0,40.120258927
3,"map(from: a)",16,32,132,1,0,7,0,39.696693420
3,"map(from: a)",16,32,132,1,0,1955,0,198.795273900
3,"map(from: a)",16,32,132,1,0,758,0,103.134103119
3,"map(from: a)",16,32,132,1,0,114,0,51.162578166
3,"map(from: a)",16,32,132,1,0,11,0,41.032582521
3,"map(from: a)",16,32,132,1,0,3,0,40.468201041
3,"map(from: a)",16,32,132,1,0,8096,0,692.328624427
3,"map(from: a)",16,32,132,1,0,44,0,45.884959400
3,"map(from: a)",16,32,132,1,0,17,0,47.008506954
3,"map(from: a)",16,32,132,1,0,5042,0,446.734018624
3,"map(from: a)",16,32,132,1,1,758,0,103.659555316
3,"map(from: a)",16,32,132,1,1,3,0,41.881576180
3,"map(from: a)",16,32,132,1,1,3140,0,294.064730406
3,"map(from: a)",16,32,132,1,1,1955,0,198.056548834
3,"map(from: a)",16,32,132,1,1,44,0,44.727511704
3,"map(from: a)",16,32,132,1,1,17,0,43.621100485
3,"map(from: a)",16,32,132,1,1,294,0,65.801478922
3,"map(from: a)",16,32,132,1,1,28,0,45.153312385
3,"map(from: a)",16,32,132,1,1,114,0,53.548254073
3,"map(from: a)",16,32,132,1,1,2,0,43.998286128
3,"map(from: a)",16,32,132,1,1,7,0,42.136572301
3,"map(from: a)",16,32,132,1,1,183,0,59.116445482
3,"map(from: a)",16,32,132,1,1,8096,0,693.923793733
3,"map(from: a)",16,32,132,1,1,11,0,41.651166975
3,"map(from: a)",16,32,132,1,1,1,0,41.421875358
3,"map(from: a)",16,32,132,1,1,1218,0,141.964107752
3,"map(from: a)",16,32,132,1,1,472,0,80.026313663
3,"map(from: a)",16,32,132,1,1,71,0,44.388696551
3,"map(from: a)",16,32,132,1,1,5042,0,446.233525872
3,"map(from: a)",16,32,132,1,1,4,0,44.639036059
3,"map(from: a)",16,32,132,1,2,2,0,44.656172395
3,"map(from: a)",16,32,132,1,2,71,0,49.518793821
3,"map(from: a)",16,32,132,1,2,17,0,48.146396875
3,"map(from: a)",16,32,132,1,2,472,0,82.149729133
3,"map(from: a)",16,32,132,1,2,5042,0,447.813607752
3,"map(from: a)",16,32,132,1,2,28,0,43.240375817
3,"map(from: a)",16,32,132,1,2,44,0,43.500773609
3,"map(from: a)",16,32,132,1,2,1218,0,139.643996954
3,"map(from: a)",16,32,132,1,2,4,0,40.948577225
3,"map(from: a)",16,32,132,1,2,1955,0,199.966132641
3,"map(from: a)",16,32,132,1,2,183,0,56.809559464
3,"map(from: a)",16,32,132,1,2,7,0,42.027607560
3,"map(from: a)",16,32,132,1,2,758,0,101.987272501
3,"map(from: a)",16,32,132,1,2,1,0,39.914064109
3,"map(from: a)",16,32,132,1,2,3140,0,296.637974679
3,"map(from: a)",16,32,132,1,2,8096,0,693.326815963
3,"map(from: a)",16,32,132,1,2,3,0,43.489597738
3,"map(from: a)",16,32,132,1,2,114,0,52.666850388
3,"map(from: a)",16,32,132,1,2,11,0,42.986683547
3,"map(from: a)",16,32,132,1,2,294,0,67.579746246
3,"map(from: a)",16,32,132,1,3,1,0,38.908608258
3,"map(from: a)",16,32,132,1,3,17,0,39.434246719
3,"map(from: a)",16,32,132,1,3,294,0,66.597573459
3,"map(from: a)",16,32,132,1,3,5042,0,447.299703956
3,"map(from: a)",16,32,132,1,3,114,0,51.802210510
3,"map(from: a)",16,32,132,1,3,28,0,47.773495317
3,"map(from: a)",16,32,132,1,3,1218,0,142.198987305
3,"map(from: a)",16,32,132,1,3,2,0,47.363713384
3,"map(from: a)",16,32,132,1,3,3,0,45.794993639
3,"map(from: a)",16,32,132,1,3,4,0,44.000521302
3,"map(from: a)",16,32,132,1,3,758,0,105.737335980
3,"map(from: a)",16,32,132,1,3,11,0,45.035965741
3,"map(from: a)",16,32,132,1,3,44,0,45.526213944
3,"map(from: a)",16,32,132,1,3,472,0,79.489313066
3,"map(from: a)",16,32,132,1,3,7,0,39.525888860
3,"map(from: a)",16,32,132,1,3,1955,0,200.274400413
3,"map(from: a)",16,32,132,1,3,71,0,47.027692199
3,"map(from: a)",16,32,132,1,3,183,0,57.158805430
3,"map(from: a)",16,32,132,1,3,8096,0,693.497993052
3,"map(from: a)",16,32,132,1,3,3140,0,297.408178449
3,"map(from: a)",16,32,132,1,4,472,0,81.478059292
3,"map(from: a)",16,32,132,1,4,71,0,51.339343190
3,"map(from: a)",16,32,132,1,4,1,0,41.701272130
3,"map(from: a)",16,32,132,1,4,11,0,42.189843953
3,"map(from: a)",16,32,132,1,4,4,0,41.153468192
3,"map(from: a)",16,32,132,1,4,3140,0,294.542685151
3,"map(from: a)",16,32,132,1,4,28,0,42.266584933
3,"map(from: a)",16,32,132,1,4,1218,0,139.548629522
3,"map(from: a)",16,32,132,1,4,2,0,42.450614274
3,"map(from: a)",16,32,132,1,4,183,0,56.204944849
3,"map(from: a)",16,32,132,1,4,5042,0,448.027625680
3,"map(from: a)",16,32,132,1,4,114,0,50.450488925
3,"map(from: a)",16,32,132,1,4,3,0,43.678097427
3,"map(from: a)",16,32,132,1,4,44,0,47.751516104
3,"map(from: a)",16,32,132,1,4,758,0,107.170641422
3,"map(from: a)",16,32,132,1,4,8096,0,693.925470114
3,"map(from: a)",16,32,132,1,4,1955,0,198.833271861
3,"map(from: a)",16,32,132,1,4,294,0,65.530650318
3,"map(from: a)",16,32,132,1,4,7,0,41.560828686
3,"map(from: a)",16,32,132,1,4,17,0,42.242743075
3,"map(from: a)",64,32,132,0,0,7,0,46.760216355
3,"map(from: a)",64,32,132,0,0,114,0,53.160078824
3,"map(from: a)",64,32,132,0,0,3,0,42.981654406
3,"map(from: a)",64,32,132,0,0,17,0,44.921226799
3,"map(from: a)",64,32,132,0,0,1,0,44.023804367
3,"map(from: a)",64,32,132,0,0,44,0,48.851780593
3,"map(from: a)",64,32,132,0,0,294,0,69.181621075
3,"map(from: a)",64,32,132,0,0,3140,0,295.019522309
3,"map(from: a)",64,32,132,0,0,4,0,41.113421321
3,"map(from: a)",64,32,132,0,0,1955,0,201.484560966
3,"map(from: a)",64,32,132,0,0,183,0,55.604428053
3,"map(from: a)",64,32,132,0,0,8096,0,690.972246230
3,"map(from: a)",64,32,132,0,0,758,0,104.312598705
3,"map(from: a)",64,32,132,0,0,71,0,46.849623322
3,"map(from: a)",64,32,132,0,0,2,0,42.608007789
3,"map(from: a)",64,32,132,0,0,11,0,46.866759658
3,"map(from: a)",64,32,132,0,0,28,0,47.677569091
3,"map(from: a)",64,32,132,0,0,5042,0,449.663959444
3,"map(from: a)",64,32,132,0,0,1218,0,139.903277159
3,"map(from: a)",64,32,132,0,0,472,0,79.774484038
3,"map(from: a)",64,32,132,0,1,4,0,40.968134999
3,"map(from: a)",64,32,132,0,1,1,0,42.147748172
3,"map(from: a)",64,32,132,0,1,17,0,44.286623597
3,"map(from: a)",64,32,132,0,1,28,0,41.362270713
3,"map(from: a)",64,32,132,0,1,11,0,40.909275413
3,"map(from: a)",64,32,132,0,1,3140,0,295.269303024
3,"map(from: a)",64,32,132,0,1,2,0,41.597150266
3,"map(from: a)",64,32,132,0,1,758,0,104.118697345
3,"map(from: a)",64,32,132,0,1,1218,0,137.495063245
3,"map(from: a)",64,32,132,0,1,44,0,43.980777264
3,"map(from: a)",64,32,132,0,1,71,0,44.714473188
3,"map(from: a)",64,32,132,0,1,114,0,49.193017185
3,"map(from: a)",64,32,132,0,1,294,0,64.309500158
3,"map(from: a)",64,32,132,0,1,7,0,39.611384273
3,"map(from: a)",64,32,132,0,1,183,0,58.473646641
3,"map(from: a)",64,32,132,0,1,8096,0,694.970041513
3,"map(from: a)",64,32,132,0,1,472,0,80.926902592
3,"map(from: a)",64,32,132,0,1,1955,0,200.803950429
3,"map(from: a)",64,32,132,0,1,3,0,41.912682354
3,"map(from: a)",64,32,132,0,1,5042,0,447.669997811
3,"map(from: a)",64,32,132,0,2,3,0,42.336992919
3,"map(from: a)",64,32,132,0,2,44,0,46.591833234
3,"map(from: a)",64,32,132,0,2,1,0,39.888918400
3,"map(from: a)",64,32,132,0,2,183,0,54.574571550
3,"map(from: a)",64,32,132,0,2,294,0,67.720748484
3,"map(from: a)",64,32,132,0,2,5042,0,448.578596115
3,"map(from: a)",64,32,132,0,2,7,0,47.782436013
3,"map(from: a)",64,32,132,0,2,8096,0,693.209841847
3,"map(from: a)",64,32,132,0,2,2,0,40.525943041
3,"map(from: a)",64,32,132,0,2,114,0,52.355229855
3,"map(from: a)",64,32,132,0,2,71,0,46.296790242
3,"map(from: a)",64,32,132,0,2,1955,0,199.777074158
3,"map(from: a)",64,32,132,0,2,17,0,41.862018406
3,"map(from: a)",64,32,132,0,2,472,0,77.566690743
3,"map(from: a)",64,32,132,0,2,11,0,40.165707469
3,"map(from: a)",64,32,132,0,2,1218,0,138.345919549
3,"map(from: a)",64,32,132,0,2,4,0,39.329938591
3,"map(from: a)",64,32,132,0,2,3140,0,295.606814325
3,"map(from: a)",64,32,132,0,2,758,0,105.603784323
3,"map(from: a)",64,32,132,0,2,28,0,49.711763859
3,"map(from: a)",64,32,132,0,3,11,0,42.941980064
3,"map(from: a)",64,32,132,0,3,4,0,38.312003016
3,"map(from: a)",64,32,132,0,3,5042,0,445.834174752
3,"map(from: a)",64,32,132,0,3,183,0,54.290518165
3,"map(from: a)",64,32,132,0,3,17,0,43.149106205
3,"map(from: a)",64,32,132,0,3,3,0,41.437335312
3,"map(from: a)",64,32,132,0,3,28,0,41.308999062
3,"map(from: a)",64,32,132,0,3,1218,0,138.462148607
3,"map(from: a)",64,32,132,0,3,114,0,49.723498523
3,"map(from: a)",64,32,132,0,3,758,0,101.745314896
3,"map(from: a)",64,32,132,0,3,1955,0,198.813527822
3,"map(from: a)",64,32,132,0,3,472,0,83.129107952
3,"map(from: a)",64,32,132,0,3,7,0,42.351521552
3,"map(from: a)",64,32,132,0,3,44,0,46.154297888
3,"map(from: a)",64,32,132,0,3,3140,0,296.031497419
3,"map(from: a)",64,32,132,0,3,8096,0,691.633671522
3,"map(from: a)",64,32,132,0,3,71,0,47.192536294
3,"map(from: a)",64,32,132,0,3,1,0,40.570273995
3,"map(from: a)",64,32,132,0,3,2,0,41.838176548
3,"map(from: a)",64,32,132,0,3,294,0,65.680779517
3,"map(from: a)",64,32,132,0,4,3,0,40.149502456
3,"map(from: a)",64,32,132,0,4,8096,0,691.653229296
3,"map(from: a)",64,32,132,0,4,1,0,43.522194028
3,"map(from: a)",64,32,132,0,4,28,0,43.547898531
3,"map(from: a)",64,32,132,0,4,17,0,41.860528290
3,"map(from: a)",64,32,132,0,4,5042,0,446.371361613
3,"map(from: a)",64,32,132,0,4,7,0,40.769949555
3,"map(from: a)",64,32,132,0,4,114,0,50.019286573
3,"map(from: a)",64,32,132,0,4,44,0,43.497048318
3,"map(from: a)",64,32,132,0,4,2,0,40.725432336
3,"map(from: a)",64,32,132,0,4,294,0,63.662417233
3,"map(from: a)",64,32,132,0,4,758,0,101.549364626
3,"map(from: a)",64,32,132,0,4,183,0,54.443813860
3,"map(from: a)",64,32,132,0,4,4,0,37.534721196
3,"map(from: a)",64,32,132,0,4,1218,0,138.570368290
3,"map(from: a)",64,32,132,0,4,71,0,50.811097026
3,"map(from: a)",64,32,132,0,4,1955,0,201.855972409
3,"map(from: a)",64,32,132,0,4,11,0,46.343915164
3,"map(from: a)",64,32,132,0,4,472,0,82.900375128
3,"map(from: a)",64,32,132,0,4,3140,0,293.710641563
3,"map(from: a)",64,32,132,1,0,2,0,40.271878242
3,"map(from: a)",64,32,132,1,0,4,0,41.203014553
3,"map(from: a)",64,32,132,1,0,472,0,79.674087465
3,"map(from: a)",64,32,132,1,0,3140,0,294.500030577
3,"map(from: a)",64,32,132,1,0,183,0,55.896118283
3,"map(from: a)",64,32,132,1,0,28,0,41.390210390
3,"map(from: a)",64,32,132,1,0,71,0,45.060738921
3,"map(from: a)",64,32,132,1,0,1218,0,139.504112303
3,"map(from: a)",64,32,132,1,0,294,0,61.943009496
3,"map(from: a)",64,32,132,1,0,1,0,41.417405009
3,"map(from: a)",64,32,132,1,0,7,0,37.655606866
3,"map(from: a)",64,32,132,1,0,1955,0,197.291933000
3,"map(from: a)",64,32,132,1,0,758,0,103.681534529
3,"map(from: a)",64,32,132,1,0,114,0,53.891912103
3,"map(from: a)",64,32,132,1,0,11,0,45.683421195
3,"map(from: a)",64,32,132,1,0,3,0,44.129043818
3,"map(from: a)",64,32,132,1,0,8096,0,694.070197642
3,"map(from: a)",64,32,132,1,0,44,0,44.085457921
3,"map(from: a)",64,32,132,1,0,17,0,42.490288615
3,"map(from: a)",64,32,132,1,0,5042,0,445.494055748
3,"map(from: a)",64,32,132,1,1,758,0,100.695155561
3,"map(from: a)",64,32,132,1,1,3,0,41.299685836
3,"map(from: a)",64,32,132,1,1,3140,0,296.485424042
3,"map(from: a)",64,32,132,1,1,1955,0,200.902670622
3,"map(from: a)",64,32,132,1,1,44,0,50.138868392
3,"map(from: a)",64,32,132,1,1,17,0,45.477598906
3,"map(from: a)",64,32,132,1,1,294,0,68.161077797
3,"map(from: a)",64,32,132,1,1,28,0,46.188756824
3,"map(from: a)",64,32,132,1,1,114,0,51.222555339
3,"map(from: a)",64,32,132,1,1,2,0,34.912116826
3,"map(from: a)",64,32,132,1,1,7,0,39.754435420
3,"map(from: a)",64,32,132,1,1,183,0,55.429898202
3,"map(from: a)",64,32,132,1,1,8096,0,690.015032887
3,"map(from: a)",64,32,132,1,1,11,0,42.960979044
3,"map(from: a)",64,32,132,1,1,1,0,39.833970368
3,"map(from: a)",64,32,132,1,1,1218,0,138.897262514
3,"map(from: a)",64,32,132,1,1,472,0,78.539736569
3,"map(from: a)",64,32,132,1,1,71,0,44.828839600
3,"map(from: a)",64,32,132,1,1,5042,0,449.038855731
3,"map(from: a)",64,32,132,1,1,4,0,43.311901391
3,"map(from: a)",64,32,132,1,2,2,0,44.441223145
3,"map(from: a)",64,32,132,1,2,71,0,50.579570234
3,"map(from: a)",64,32,132,1,2,17,0,41.275843978
3,"map(from: a)",64,32,132,1,2,472,0,79.734250903
3,"map(from: a)",64,32,132,1,2,5042,0,445.127673447
3,"map(from: a)",64,32,132,1,2,28,0,40.654651821
3,"map(from: a)",64,32,132,1,2,44,0,44.514983892
3,"map(from: a)",64,32,132,1,2,1218,0,139.372050762
3,"map(from: a)",64,32,132,1,2,4,0,40.994212031
3,"map(from: a)",64,32,132,1,2,1955,0,197.637639940
3,"map(from: a)",64,32,132,1,2,183,0,55.963732302
3,"map(from: a)",64,32,132,1,2,7,0,40.306895971
3,"map(from: a)",64,32,132,1,2,758,0,104.659050703
3,"map(from: a)",64,32,132,1,2,1,0,39.408169687
3,"map(from: a)",64,32,132,1,2,3140,0,294.868275523
3,"map(from: a)",64,32,132,1,2,8096,0,692.694447935
3,"map(from: a)",64,32,132,1,2,3,0,40.077604353
3,"map(from: a)",64,32,132,1,2,114,0,52.352249622
3,"map(from: a)",64,32,132,1,2,11,0,42.770057917
3,"map(from: a)",64,32,132,1,2,294,0,63.906051219
3,"map(from: a)",64,32,132,1,3,1,0,40.560029447
3,"map(from: a)",64,32,132,1,3,17,0,45.078434050
3,"map(from: a)",64,32,132,1,3,294,0,65.605714917
3,"map(from: a)",64,32,132,1,3,5042,0,444.691069424
3,"map(from: a)",64,32,132,1,3,114,0,53.527951241
3,"map(from: a)",64,32,132,1,3,28,0,45.475177467
3,"map(from: a)",64,32,132,1,3,1218,0,143.137574196
3,"map(from: a)",64,32,132,1,3,2,0,43.085403740
3,"map(from: a)",64,32,132,1,3,3,0,43.022073805
3,"map(from: a)",64,32,132,1,3,4,0,43.958239257
3,"map(from: a)",64,32,132,1,3,758,0,104.793533683
3,"map(from: a)",64,32,132,1,3,11,0,38.569420576
3,"map(from: a)",64,32,132,1,3,44,0,40.932372212
3,"map(from: a)",64,32,132,1,3,472,0,78.788958490
3,"map(from: a)",64,32,132,1,3,7,0,40.547549725
3,"map(from: a)",64,32,132,1,3,1955,0,198.584794998
3,"map(from: a)",64,32,132,1,3,71,0,46.837329865
3,"map(from: a)",64,32,132,1,3,183,0,55.668130517
3,"map(from: a)",64,32,132,1,3,8096,0,691.902637482
3,"map(from: a)",64,32,132,1,3,3140,0,296.129472554
3,"map(from: a)",64,32,132,1,4,472,0,81.502832472
3,"map(from: a)",64,32,132,1,4,71,0,50.164945424
3,"map(from: a)",64,32,132,1,4,1,0,42.257271707
3,"map(from: a)",64,32,132,1,4,11,0,46.913884580
3,"map(from: a)",64,32,132,1,4,4,0,45.778229833
3,"map(from: a)",64,32,132,1,4,3140,0,292.852893472
3,"map(from: a)",64,32,132,1,4,28,0,41.844323277
3,"map(from: a)",64,32,132,1,4,1218,0,140.786729753
3,"map(from: a)",64,32,132,1,4,2,0,42.488239706
3,"map(from: a)",64,32,132,1,4,183,0,57.052075863
3,"map(from: a)",64,32,132,1,4,5042,0,446.087680757
3,"map(from: a)",64,32,132,1,4,114,0,49.145892262
3,"map(from: a)",64,32,132,1,4,3,0,40.022470057
3,"map(from: a)",64,32,132,1,4,44,0,42.645633221
3,"map(from: a)",64,32,132,1,4,758,0,102.111324668
3,"map(from: a)",64,32,132,1,4,8096,0,694.177113473
3,"map(from: a)",64,32,132,1,4,1955,0,198.904424906
3,"map(from: a)",64,32,132,1,4,294,0,65.905600786
3,"map(from: a)",64,32,132,1,4,7,0,42.263790965
3,"map(from: a)",64,32,132,1,4,17,0,44.918805361
3,"map(from: a)",256,32,132,0,0,7,0,40.625594556
3,"map(from: a)",256,32,132,0,0,114,0,49.972720444
3,"map(from: a)",256,32,132,0,0,3,0,39.513222873
3,"map(from: a)",256,32,132,0,0,17,0,42.976438999
3,"map(from: a)",256,32,132,0,0,1,0,39.552897215
3,"map(from: a)",256,32,132,0,0,44,0,41.467696428
3,"map(from: a)",256,32,132,0,0,294,0,60.255080462
3,"map(from: a)",256,32,132,0,0,3140,0,295.175611973
3,"map(from: a)",256,32,132,0,0,4,0,42.650662363
3,"map(from: a)",256,32,132,0,0,1955,0,200.010649860
3,"map(from: a)",256,32,132,0,0,183,0,58.088079095
3,"map(from: a)",256,32,132,0,0,8096,0,691.511109471
3,"map(from: a)",256,32,132,0,0,758,0,101.730786264
3,"map(from: a)",256,32,132,0,0,71,0,43.329410255
3,"map(from: a)",256,32,132,0,0,2,0,36.119483411
3,"map(from: a)",256,32,132,0,0,11,0,37.600286305
3,"map(from: a)",256,32,132,0,0,28,0,39.055943489
3,"map(from: a)",256,32,132,0,0,5042,0,447.826087475
3,"map(from: a)",256,32,132,0,0,1218,0,140.269286931
3,"map(from: a)",256,32,132,0,0,472,0,76.350569725
3,"map(from: a)",256,32,132,0,1,4,0,40.265545249
3,"map(from: a)",256,32,132,0,1,1,0,39.169378579
3,"map(from: a)",256,32,132,0,1,17,0,42.502023280
3,"map(from: a)",256,32,132,0,1,28,0,42.219273746
3,"map(from: a)",256,32,132,0,1,11,0,36.434456706
3,"map(from: a)",256,32,132,0,1,3140,0,293.223559856
3,"map(from: a)",256,32,132,0,1,2,0,39.326958358
3,"map(from: a)",256,32,132,0,1,758,0,99.780224264
3,"map(from: a)",256,32,132,0,1,1218,0,135.538540781
3,"map(from: a)",256,32,132,0,1,44,0,40.391087532
3,"map(from: a)",256,32,132,0,1,71,0,44.443272054
3,"map(from: a)",256,32,132,0,1,114,0,50.201639533
3,"map(from: a)",256,32,132,0,1,294,0,67.294016480
3,"map(from: a)",256,32,132,0,1,7,0,44.212490320
3,"map(from: a)",256,32,132,0,1,183,0,58.667548001
3,"map(from: a)",256,32,132,0,1,8096,0,690.810196102
3,"map(from: a)",256,32,132,0,1,472,0,78.431703150
3,"map(from: a)",256,32,132,0,1,1955,0,197.681412101
3,"map(from: a)",256,32,132,0,1,3,0,38.851983845
3,"map(from: a)",256,32,132,0,1,5042,0,444.607250392
3,"map(from: a)",256,32,132,0,2,3,0,39.922446012
3,"map(from: a)",256,32,132,0,2,44,0,49.006566405
3,"map(from: a)",256,32,132,0,2,1,0,44.941715896
3,"map(from: a)",256,32,132,0,2,183,0,55.312737823
3,"map(from: a)",256,32,132,0,2,294,0,69.286115468
3,"map(from: a)",256,32,132,0,2,5042,0,445.111840963
3,"map(from: a)",256,32,132,0,2,7,0,39.147213101
3,"map(from: a)",256,32,132,0,2,8096,0,691.885687411
3,"map(from: a)",256,32,132,0,2,2,0,41.523762047
3,"map(from: a)",256,32,132,0,2,114,0,52.481703460
3,"map(from: a)",256,32,132,0,2,71,0,48.812478781
3,"map(from: a)",256,32,132,0,2,1955,0,199.816189706
3,"map(from: a)",256,32,132,0,2,17,0,47.211907804
3,"map(from: a)",256,32,132,0,2,472,0,79.130195081
3,"map(from: a)",256,32,132,0,2,11,0,38.862973452
3,"map(from: a)",256,32,132,0,2,1218,0,139.049254358
3,"map(from: a)",256,32,132,0,2,4,0,40.371529758
3,"map(from: a)",256,32,132,0,2,3140,0,294.190831482
3,"map(from: a)",256,32,132,0,2,758,0,99.780410528
3,"map(from: a)",256,32,132,0,2,28,0,40.566734970
3,"map(from: a)",256,32,132,0,3,11,0,39.170309901
3,"map(from: a)",256,32,132,0,3,4,0,38.835033774
3,"map(from: a)",256,32,132,0,3,5042,0,445.842556655
3,"map(from: a)",256,32,132,0,3,183,0,56.767277420
3,"map(from: a)",256,32,132,0,3,17,0,43.702870607
3,"map(from: a)",256,32,132,0,3,3,0,46.283937991
3,"map(from: a)",256,32,132,0,3,28,0,47.498568892
3,"map(from: a)",256,32,132,0,3,1218,0,138.195045292
3,"map(from: a)",256,32,132,0,3,114,0,47.094561160
3,"map(from: a)",256,32,132,0,3,758,0,101.451948285
3,"map(from: a)",256,32,132,0,3,1955,0,197.572819889
3,"map(from: a)",256,32,132,0,3,472,0,77.415257692
3,"map(from: a)",256,32,132,0,3,7,0,40.269456804
3,"map(from: a)",256,32,132,0,3,44,0,43.606944382
3,"map(from: a)",256,32,132,0,3,3140,0,291.029363871
3,"map(from: a)",256,32,132,0,3,8096,0,692.920014262
3,"map(from: a)",256,32,132,0,3,71,0,44.945627451
3,"map(from: a)",256,32,132,0,3,1,0,38.189813495
3,"map(from: a)",256,32,132,0,3,2,0,38.006715477
3,"map(from: a)",256,32,132,0,3,294,0,65.001659095
3,"map(from: a)",256,32,132,0,4,3,0,39.813295007
3,"map(from: a)",256,32,132,0,4,8096,0,690.826401114
3,"map(from: a)",256,32,132,0,4,1,0,41.026994586
3,"map(from: a)",256,32,132,0,4,28,0,41.531398892
3,"map(from: a)",256,32,132,0,4,17,0,44.058635831
3,"map(from: a)",256,32,132,0,4,5042,0,447.558797896
3,"map(from: a)",256,32,132,0,4,7,0,37.913955748
3,"map(from: a)",256,32,132,0,4,114,0,48.663280904
3,"map(from: a)",256,32,132,0,4,44,0,41.949190199
3,"map(from: a)",256,32,132,0,4,2,0,38.480944932
3,"map(from: a)",256,32,132,0,4,294,0,64.054317772
3,"map(from: a)",256,32,132,0,4,758,0,102.994032204
3,"map(from: a)",256,32,132,0,4,183,0,55.546499789
3,"map(from: a)",256,32,132,0,4,4,0,40.692463517
3,"map(from: a)",256,32,132,0,4,1218,0,137.179531157
3,"map(from: a)",256,32,132,0,4,71,0,45.910850167
3,"map(from: a)",256,32,132,0,4,1955,0,197.802670300
3,"map(from: a)",256,32,132,0,4,11,0,37.615187466
3,"map(from: a)",256,32,132,0,4,472,0,75.283087790
3,"map(from: a)",256,32,132,0,4,3140,0,294.284895062
3,"map(from: a)",256,32,132,1,0,2,0,42.669661343
3,"map(from: a)",256,32,132,1,0,4,0,44.274888933
3,"map(from: a)",256,32,132,1,0,472,0,81.836432219
3,"map(from: a)",256,32,132,1,0,3140,0,293.779186904
3,"map(from: a)",256,32,132,1,0,183,0,54.966099560
3,"map(from: a)",256,32,132,1,0,28,0,42.183138430
3,"map(from: a)",256,32,132,1,0,71,0,46.458281577
3,"map(from: a)",256,32,132,1,0,1218,0,137.758255005
3,"map(from: a)",256,32,132,1,0,294,0,63.745491207
3,"map(from: a)",256,32,132,1,0,1,0,39.861351252
3,"map(from: a)",256,32,132,1,0,7,0,39.093010128
3,"map(from: a)",256,32,132,1,0,1955,0,197.743438184
3,"map(from: a)",256,32,132,1,0,758,0,101.131573319
3,"map(from: a)",256,32,132,1,0,114,0,48.113241792
3,"map(from: a)",256,32,132,1,0,11,0,38.645975292
3,"map(from: a)",256,32,132,1,0,3,0,40.955469012
3,"map(from: a)",256,32,132,1,0,8096,0,693.141482770
3,"map(from: a)",256,32,132,1,0,44,0,42.454712093
3,"map(from: a)",256,32,132,1,0,17,0,41.335076094
3,"map(from: a)",256,32,132,1,0,5042,0,445.906631649
3,"map(from: a)",256,32,132,1,1,758,0,101.651996374
3,"map(from: a)",256,32,132,1,1,3,0,37.649460137
3,"map(from: a)",256,32,132,1,1,3140,0,292.191095650
3,"map(from: a)",256,32,132,1,1,1955,0,199.939496815
3,"map(from: a)",256,32,132,1,1,44,0,44.016353786
3,"map(from: a)",256,32,132,1,1,17,0,45.867823064
3,"map(from: a)",256,32,132,1,1,294,0,67.892111838
3,"map(from: a)",256,32,132,1,1,28,0,41.173584759
3,"map(from: a)",256,32,132,1,1,114,0,53.907744586
3,"map(from: a)",256,32,132,1,1,2,0,44.460594654
3,"map(from: a)",256,32,132,1,1,7,0,41.766650975
3,"map(from: a)",256,32,132,1,1,183,0,54.089911282
3,"map(from: a)",256,32,132,1,1,8096,0,691.552273929
3,"map(from: a)",256,32,132,1,1,11,0,40.021538734
3,"map(from: a)",256,32,132,1,1,1,0,38.356706500
3,"map(from: a)",256,32,132,1,1,1218,0,137.561932206
3,"map(from: a)",256,32,132,1,1,472,0,78.975223005
3,"map(from: a)",256,32,132,1,1,71,0,49.455836415
3,"map(from: a)",256,32,132,1,1,5042,0,447.375513613
3,"map(from: a)",256,32,132,1,1,4,0,38.236379623
3,"map(from: a)",256,32,132,1,2,2,0,40.986388922
3,"map(from: a)",256,32,132,1,2,71,0,46.033225954
3,"map(from: a)",256,32,132,1,2,17,0,41.273236275
3,"map(from: a)",256,32,132,1,2,472,0,78.368186951
3,"map(from: a)",256,32,132,1,2,5042,0,446.695089340
3,"map(from: a)",256,32,132,1,2,28,0,41.503086686
3,"map(from: a)",256,32,132,1,2,44,0,43.656304479
3,"map(from: a)",256,32,132,1,2,1218,0,137.165002525
3,"map(from: a)",256,32,132,1,2,4,0,40.035881102
3,"map(from: a)",256,32,132,1,2,1955,0,197.435915470
3,"map(from: a)",256,32,132,1,2,183,0,58.187171817
3,"map(from: a)",256,32,132,1,2,7,0,43.298676610
3,"map(from: a)",256,32,132,1,2,758,0,104.703754187
3,"map(from: a)",256,32,132,1,2,1,0,42.663887143
3,"map(from: a)",256,32,132,1,2,3140,0,293.903611600
3,"map(from: a)",256,32,132,1,2,8096,0,692.328438163
3,"map(from: a)",256,32,132,1,2,3,0,38.465671241
3,"map(from: a)",256,32,132,1,2,114,0,48.217922449
3,"map(from: a)",256,32,132,1,2,11,0,39.959885180
3,"map(from: a)",256,32,132,1,2,294,0,62.847509980
3,"map(from: a)",256,32,132,1,3,1,0,39.048306644
3,"map(from: a)",256,32,132,1,3,17,0,41.321478784
3,"map(from: a)",256,32,132,1,3,294,0,64.963102341
3,"map(from: a)",256,32,132,1,3,5042,0,447.664037347
3,"map(from: a)",256,32,132,1,3,114,0,47.780573368
3,"map(from: a)",256,32,132,1,3,28,0,42.487494648
3,"map(from: a)",256,32,132,1,3,1218,0,138.067826629
3,"map(from: a)",256,32,132,1,3,2,0,39.767101407
3,"map(from: a)",256,32,132,1,3,3,0,41.128136218
3,"map(from: a)",256,32,132,1,3,4,0,40.666945279
3,"map(from: a)",256,32,132,1,3,758,0,103.332661092
3,"map(from: a)",256,32,132,1,3,11,0,41.059404612
3,"map(from: a)",256,32,132,1,3,44,0,43.170899153
3,"map(from: a)",256,32,132,1,3,472,0,79.885870218
3,"map(from: a)",256,32,132,1,3,7,0,39.855204523
3,"map(from: a)",256,32,132,1,3,1955,0,198.114849627
3,"map(from: a)",256,32,132,1,3,71,0,46.999938786
3,"map(from: a)",256,32,132,1,3,183,0,52.971206605
3,"map(from: a)",256,32,132,1,3,8096,0,693.227536976
3,"map(from: a)",256,32,132,1,3,3140,0,294.014811516
3,"map(from: a)",256,32,132,1,4,472,0,79.167447984
3,"map(from: a)",256,32,132,1,4,71,0,44.709630311
3,"map(from: a)",256,32,132,1,4,1,0,38.632564247
3,"map(from: a)",256,32,132,1,4,11,0,39.331428707
3,"map(from: a)",256,32,132,1,4,4,0,40.713697672
3,"map(from: a)",256,32,132,1,4,3140,0,295.445695519
3,"map(from: a)",256,32,132,1,4,28,0,42.951479554
3,"map(from: a)",256,32,132,1,4,1218,0,138.379260898
3,"map(from: a)",256,32,132,1,4,2,0,42.084231973
3,"map(from: a)",256,32,132,1,4,183,0,55.876374245
3,"map(from: a)",256,32,132,1,4,5042,0,448.343716562
3,"map(from: a)",256,32,132,1,4,114,0,45.756809413
3,"map(from: a)",256,32,132,1,4,3,0,38.019753993
3,"map(from: a)",256,32,132,1,4,44,0,43.301098049
3,"map(from: a)",256,32,132,1,4,758,0,102.276168764
3,"map(from: a)",256,32,132,1,4,8096,0,691.158138216
3,"map(from: a)",256,32,132,1,4,1955,0,197.598710656
3,"map(from: a)",256,32,132,1,4,294,0,64.579769969
3,"map(from: a)",256,32,132,1,4,7,0,44.676288962
3,"map(from: a)",256,32,132,1,4,17,0,45.921839774
3,"map(from: a)",1024,32,132,0,0,7,0,37.745200098
3,"map(from: a)",1024,32,132,0,0,114,0,47.588348389
3,"map(from: a)",1024,32,132,0,0,3,0,40.760636330
3,"map(from: a)",1024,32,132,0,0,17,0,47.530047596
3,"map(from: a)",1024,32,132,0,0,1,0,46.331249177
3,"map(from: a)",1024,32,132,0,0,44,0,45.131705701
3,"map(from: a)",1024,32,132,0,0,294,0,67.646242678
3,"map(from: a)",1024,32,132,0,0,3140,0,296.361371875
3,"map(from: a)",1024,32,132,0,0,4,0,40.756538510
3,"map(from: a)",1024,32,132,0,0,1955,0,198.754295707
3,"map(from: a)",1024,32,132,0,0,183,0,56.759081781
3,"map(from: a)",1024,32,132,0,0,8096,0,690.240412951
3,"map(from: a)",1024,32,132,0,0,758,0,103.303231299
3,"map(from: a)",1024,32,132,0,0,71,0,50.777569413
3,"map(from: a)",1024,32,132,0,0,2,0,42.968429625
3,"map(from: a)",1024,32,132,0,0,11,0,43.797865510
3,"map(from: a)",1024,32,132,0,0,28,0,45.236200094
3,"map(from: a)",1024,32,132,0,0,5042,0,448.099151254
3,"map(from: a)",1024,32,132,0,0,1218,0,138.824060559
3,"map(from: a)",1024,32,132,0,0,472,0,78.593008220
3,"map(from: a)",1024,32,132,0,1,4,0,40.203705430
3,"map(from: a)",1024,32,132,0,1,1,0,40.230341256
3,"map(from: a)",1024,32,132,0,1,17,0,40.788389742
3,"map(from: a)",1024,32,132,0,1,28,0,43.851323426
3,"map(from: a)",1024,32,132,0,1,11,0,40.126964450
3,"map(from: a)",1024,32,132,0,1,3140,0,291.824527085
3,"map(from: a)",1024,32,132,0,1,2,0,41.182152927
3,"map(from: a)",1024,32,132,0,1,758,0,103.709846735
3,"map(from: a)",1024,32,132,0,1,1218,0,141.687504947
3,"map(from: a)",1024,32,132,0,1,44,0,51.725842059
3,"map(from: a)",1024,32,132,0,1,71,0,49.093551934
3,"map(from: a)",1024,32,132,0,1,114,0,51.768124104
3,"map(from: a)",1024,32,132,0,1,294,0,68.449415267
3,"map(from: a)",1024,32,132,0,1,7,0,41.183829308
3,"map(from: a)",1024,32,132,0,1,183,0,53.591467440
3,"map(from: a)",1024,32,132,0,1,8096,0,691.321678460
3,"map(from: a)",1024,32,132,0,1,472,0,77.769532800
3,"map(from: a)",1024,32,132,0,1,1955,0,196.778215468
3,"map(from: a)",1024,32,132,0,1,3,0,38.657896221
3,"map(from: a)",1024,32,132,0,1,5042,0,448.469631374
3,"map(from: a)",1024,32,132,0,2,3,0,40.642917156
3,"map(from: a)",1024,32,132,0,2,44,0,41.251257062
3,"map(from: a)",1024,32,132,0,2,1,0,38.207881153
3,"map(from: a)",1024,32,132,0,2,183,0,55.078044534
3,"map(from: a)",1024,32,132,0,2,294,0,65.048597753
3,"map(from: a)",1024,32,132,0,2,5042,0,445.672683418
3,"map(from: a)",1024,32,132,0,2,7,0,41.091442108
3,"map(from: a)",1024,32,132,0,2,8096,0,693.118199706
3,"map(from: a)",1024,32,132,0,2,2,0,38.452073932
3,"map(from: a)",1024,32,132,0,2,114,0,49.093738198
3,"map(from: a)",1024,32,132,0,2,71,0,43.860264122
3,"map(from: a)",1024,32,132,0,2,1955,0,199.592113495
3,"map(from: a)",1024,32,132,0,2,17,0,43.108873069
3,"map(from: a)",1024,32,132,0,2,472,0,81.099756062
3,"map(from: a)",1024,32,132,0,2,11,0,39.297714829
3,"map(from: a)",1024,32,132,0,2,1218,0,139.282643795
3,"map(from: a)",1024,32,132,0,2,4,0,41.816011071
3,"map(from: a)",1024,32,132,0,2,3140,0,292.381457984
3,"map(from: a)",1024,32,132,0,2,758,0,102.035701275
3,"map(from: a)",1024,32,132,0,2,28,0,43.776445091
3,"map(from: a)",1024,32,132,0,3,11,0,43.571740389
3,"map(from: a)",1024,32,132,0,3,4,0,44.451281428
3,"map(from: a)",1024,32,132,0,3,5042,0,450.894422829
3,"map(from: a)",1024,32,132,0,3,183,0,56.322477758
3,"map(from: a)",1024,32,132,0,3,17,0,39.306655526
3,"map(from: a)",1024,32,132,0,3,3,0,37.548504770
3,"map(from: a)",1024,32,132,0,3,28,0,42.817369103
3,"map(from: a)",1024,32,132,0,3,1218,0,137.836113572
3,"map(from: a)",1024,32,132,0,3,114,0,48.295781016
3,"map(from: a)",1024,32,132,0,3,758,0,102.879479527
3,"map(from: a)",1024,32,132,0,3,1955,0,199.864991009
3,"map(from: a)",1024,32,132,0,3,472,0,79.372525215
3,"map(from: a)",1024,32,132,0,3,7,0,39.154663682
3,"map(from: a)",1024,32,132,0,3,44,0,41.828863323
3,"map(from: a)",1024,32,132,0,3,3140,0,294.637680054
3,"map(from: a)",1024,32,132,0,3,8096,0,693.462975323
3,"map(from: a)",1024,32,132,0,3,71,0,46.977400780
3,"map(from: a)",1024,32,132,0,3,1,0,42.028352618
3,"map(from: a)",1024,32,132,0,3,2,0,40.578655899
3,"map(from: a)",1024,32,132,0,3,294,0,67.009963095
3,"map(from: a)",1024,32,132,0,4,3,0,39.672665298
3,"map(from: a)",1024,32,132,0,4,8096,0,692.705065012
3,"map(from: a)",1024,32,132,0,4,1,0,46.152621508
3,"map(from: a)",1024,32,132,0,4,28,0,45.705400407
3,"map(from: a)",1024,32,132,0,4,17,0,44.398382306
3,"map(from: a)",1024,32,132,0,4,5042,0,450.212135911
3,"map(from: a)",1024,32,132,0,4,7,0,41.997246444
3,"map(from: a)",1024,32,132,0,4,114,0,49.165263772
3,"map(from: a)",1024,32,132,0,4,44,0,45.257806778
3,"map(from: a)",1024,32,132,0,4,2,0,42.283721268
3,"map(from: a)",1024,32,132,0,4,294,0,66.869147122
3,"map(from: a)",1024,32,132,0,4,758,0,103.711895645
3,"map(from: a)",1024,32,132,0,4,183,0,58.392435312
3,"map(from: a)",1024,32,132,0,4,4,0,42.421743274
3,"map(from: a)",1024,32,132,0,4,1218,0,138.355977833
3,"map(from: a)",1024,32,132,0,4,71,0,48.055872321
3,"map(from: a)",1024,32,132,0,4,1955,0,200.085714459
3,"map(from: a)",1024,32,132,0,4,11,0,43.889880180
3,"map(from: a)",1024,32,132,0,4,472,0,79.961307347
3,"map(from: a)",1024,32,132,0,4,3140,0,296.761281788
3,"map(from: a)",1024,32,132,1,0,2,0,44.780224562
3,"map(from: a)",1024,32,132,1,0,4,0,45.468658209
3,"map(from: a)",1024,32,132,1,0,472,0,84.286555648
3,"map(from: a)",1024,32,132,1,0,3140,0,297.048687935
3,"map(from: a)",1024,32,132,1,0,183,0,56.762062013
3,"map(from: a)",1024,32,132,1,0,28,0,45.931339264
3,"map(from: a)",1024,32,132,1,0,71,0,46.182237566
3,"map(from: a)",1024,32,132,1,0,1218,0,141.482241452
3,"map(from: a)",1024,32,132,1,0,294,0,66.502764821
3,"map(from: a)",1024,32,132,1,0,1,0,41.948817670
3,"map(from: a)",1024,32,132,1,0,7,0,41.957013309
3,"map(from: a)",1024,32,132,1,0,1955,0,200.928933918
3,"map(from: a)",1024,32,132,1,0,758,0,103.979557753
3,"map(from: a)",1024,32,132,1,0,114,0,51.303021610
3,"map(from: a)",1024,32,132,1,0,11,0,43.822824955
3,"map(from: a)",1024,32,132,1,0,3,0,42.446702719
3,"map(from: a)",1024,32,132,1,0,8096,0,693.697668612
3,"map(from: a)",1024,32,132,1,0,44,0,51.324255764
3,"map(from: a)",1024,32,132,1,0,17,0,43.850578368
3,"map(from: a)",1024,32,132,1,0,5042,0,450.018234551
3,"map(from: a)",1024,32,132,1,1,758,0,103.460066020
3,"map(from: a)",1024,32,132,1,1,3,0,41.403062642
3,"map(from: a)",1024,32,132,1,1,3140,0,294.852629304
3,"map(from: a)",1024,32,132,1,1,1955,0,200.339592993
3,"map(from: a)",1024,32,132,1,1,44,0,45.672431588
3,"map(from: a)",1024,32,132,1,1,17,0,42.664073408
3,"map(from: a)",1024,32,132,1,1,294,0,63.096545637
3,"map(from: a)",1024,32,132,1,1,28,0,43.524615467
3,"map(from: a)",1024,32,132,1,1,114,0,51.970966160
3,"map(from: a)",1024,32,132,1,1,2,0,43.532252312
3,"map(from: a)",1024,32,132,1,1,7,0,43.978169560
3,"map(from: a)",1024,32,132,1,1,183,0,62.381848693
3,"map(from: a)",1024,32,132,1,1,8096,0,695.294141769
3,"map(from: a)",1024,32,132,1,1,11,0,43.324753642
3,"map(from: a)",1024,32,132,1,1,1,0,45.781955123
3,"map(from: a)",1024,32,132,1,1,1218,0,140.541419387
3,"map(from: a)",1024,32,132,1,1,472,0,81.950612366
3,"map(from: a)",1024,32,132,1,1,71,0,47.697871923
3,"map(from: a)",1024,32,132,1,1,5042,0,448.873639107
3,"map(from: a)",1024,32,132,1,1,4,0,39.762072265
3,"map(from: a)",1024,32,132,1,2,2,0,40.739402175
3,"map(from: a)",1024,32,132,1,2,71,0,47.673657537
3,"map(from: a)",1024,32,132,1,2,17,0,43.698400259
3,"map(from: a)",1024,32,132,1,2,472,0,82.258507609
3,"map(from: a)",1024,32,132,1,2,5042,0,451.819039881
3,"map(from: a)",1024,32,132,1,2,28,0,45.545026660
3,"map(from: a)",1024,32,132,1,2,44,0,47.499500215
3,"map(from: a)",1024,32,132,1,2,1218,0,140.211731195
3,"map(from: a)",1024,32,132,1,2,4,0,43.370202184
3,"map(from: a)",1024,32,132,1,2,1955,0,202.914327383
3,"map(from: a)",1024,32,132,1,2,183,0,58.163888752
3,"map(from: a)",1024,32,132,1,2,7,0,42.056664824
3,"map(from: a)",1024,32,132,1,2,758,0,104.476511478
3,"map(from: a)",1024,32,132,1,2,1,0,45.093707740
3,"map(from: a)",1024,32,132,1,2,3140,0,295.382551849
3,"map(from: a)",1024,32,132,1,2,8096,0,695.543922484
3,"map(from: a)",1024,32,132,1,2,3,0,45.892409980
3,"map(from: a)",1024,32,132,1,2,114,0,50.904974341
3,"map(from: a)",1024,32,132,1,2,11,0,43.577514589
3,"map(from: a)",1024,32,132,1,2,294,0,64.955092967
3,"map(from: a)",1024,32,132,1,3,1,0,41.048787534
3,"map(from: a)",1024,32,132,1,3,17,0,43.263845146
3,"map(from: a)",1024,32,132,1,3,294,0,66.578201950
3,"map(from: a)",1024,32,132,1,3,5042,0,446.745753288
3,"map(from: a)",1024,32,132,1,3,114,0,51.243044436
3,"map(from: a)",1024,32,132,1,3,28,0,46.513043344
3,"map(from: a)",1024,32,132,1,3,1218,0,139.143504202
3,"map(from: a)",1024,32,132,1,3,2,0,42.016245425
3,"map(from: a)",1024,32,132,1,3,3,0,43.288618326
3,"map(from: a)",1024,32,132,1,3,4,0,41.134096682
3,"map(from: a)",1024,32,132,1,3,758,0,101.855956018
3,"map(from: a)",1024,32,132,1,3,11,0,41.493959725
3,"map(from: a)",1024,32,132,1,3,44,0,44.124387205
3,"map(from: a)",1024,32,132,1,3,472,0,82.517974079
3,"map(from: a)",1024,32,132,1,3,7,0,45.661069453
3,"map(from: a)",1024,32,132,1,3,1955,0,202.976167202
3,"map(from: a)",1024,32,132,1,3,71,0,52.090734243
3,"map(from: a)",1024,32,132,1,3,183,0,59.641338885
3,"map(from: a)",1024,32,132,1,3,8096,0,694.280676544
3,"map(from: a)",1024,32,132,1,3,3140,0,295.265391469
3,"map(from: a)",1024,32,132,1,4,472,0,82.340836525
3,"map(from: a)",1024,32,132,1,4,71,0,49.049220979
3,"map(from: a)",1024,32,132,1,4,1,0,40.813907981
3,"map(from: a)",1024,32,132,1,4,11,0,43.412111700
3,"map(from: a)",1024,32,132,1,4,4,0,49.372948706
3,"map(from: a)",1024,32,132,1,4,3140,0,296.675786376
3,"map(from: a)",1024,32,132,1,4,28,0,42.954832315
3,"map(from: a)",1024,32,132,1,4,1218,0,141.655653715
3,"map(from: a)",1024,32,132,1,4,2,0,40.623359382
3,"map(from: a)",1024,32,132,1,4,183,0,58.815255761
3,"map(from: a)",1024,32,132,1,4,5042,0,448.438525200
3,"map(from: a)",1024,32,132,1,4,114,0,50.670839846
3,"map(from: a)",1024,32,132,1,4,3,0,40.995515883
3,"map(from: a)",1024,32,132,1,4,44,0,46.089105308
3,"map(from: a)",1024,32,132,1,4,758,0,102.590210736
3,"map(from: a)",1024,32,132,1,4,8096,0,694.023258984
3,"map(from: a)",1024,32,132,1,4,1955,0,199.915841222
3,"map(from: a)",1024,32,132,1,4,294,0,66.469796002
3,"map(from: a)",1024,32,132,1,4,7,0,42.500905693
3,"map(from: a)",1024,32,132,1,4,17,0,43.217279017
3,"map(from: a)",4096,32,132,0,0,7,0,46.973861754
3,"map(from: a)",4096,32,132,0,0,114,0,55.154040456
3,"map(from: a)",4096,32,132,0,0,3,0,44.815056026
3,"map(from: a)",4096,32,132,0,0,17,0,46.456046402
3,"map(from: a)",4096,32,132,0,0,1,0,48.378296196
3,"map(from: a)",4096,32,132,0,0,44,0,49.665942788
3,"map(from: a)",4096,32,132,0,0,294,0,68.810954690
3,"map(from: a)",4096,32,132,0,0,3140,0,299.138389528
3,"map(from: a)",4096,32,132,0,0,4,0,50.909630954
3,"map(from: a)",4096,32,132,0,0,1955,0,207.299552858
3,"map(from: a)",4096,32,132,0,0,183,0,62.991119921
3,"map(from: a)",4096,32,132,0,0,8096,0,697.912834585
3,"map(from: a)",4096,32,132,0,0,758,0,109.205208719
3,"map(from: a)",4096,32,132,0,0,71,0,52.621401846
3,"map(from: a)",4096,32,132,0,0,2,0,47.574564815
3,"map(from: a)",4096,32,132,0,0,11,0,45.992620289
3,"map(from: a)",4096,32,132,0,0,28,0,47.367066145
3,"map(from: a)",4096,32,132,0,0,5042,0,451.125018299
3,"map(from: a)",4096,32,132,0,0,1218,0,148.442201316
3,"map(from: a)",4096,32,132,0,0,472,0,87.760016322
3,"map(from: a)",4096,32,132,0,1,4,0,50.576776266
3,"map(from: a)",4096,32,132,0,1,1,0,50.405599177
3,"map(from: a)",4096,32,132,0,1,17,0,51.317550242
3,"map(from: a)",4096,32,132,0,1,28,0,54.643675685
3,"map(from: a)",4096,32,132,0,1,11,0,47.512911260
3,"map(from: a)",4096,32,132,0,1,3140,0,299.027189612
3,"map(from: a)",4096,32,132,0,1,2,0,45.430846512
3,"map(from: a)",4096,32,132,0,1,758,0,107.742473483
3,"map(from: a)",4096,32,132,0,1,1218,0,142.673403025
3,"map(from: a)",4096,32,132,0,1,44,0,50.340034068
3,"map(from: a)",4096,32,132,0,1,71,0,51.394663751
3,"map(from: a)",4096,32,132,0,1,114,0,55.850483477
3,"map(from: a)",4096,32,132,0,1,294,0,70.375762880
3,"map(from: a)",4096,32,132,0,1,7,0,48.066116869
3,"map(from: a)",4096,32,132,0,1,183,0,61.116367579
3,"map(from: a)",4096,32,132,0,1,8096,0,699.539110065
3,"map(from: a)",4096,32,132,0,1,472,0,83.769299090
3,"map(from: a)",4096,32,132,0,1,1955,0,203.126296401
3,"map(from: a)",4096,32,132,0,1,3,0,47.081336379
3,"map(from: a)",4096,32,132,0,1,5042,0,452.700257301
3,"map(from: a)",4096,32,132,0,2,3,0,48.573315144
3,"map(from: a)",4096,32,132,0,2,44,0,48.815086484
3,"map(from: a)",4096,32,132,0,2,1,0,45.510940254
3,"map(from: a)",4096,32,132,0,2,183,0,62.225945294
3,"map(from: a)",4096,32,132,0,2,294,0,68.525783718
3,"map(from: a)",4096,32,132,0,2,5042,0,451.638735831
3,"map(from: a)",4096,32,132,0,2,7,0,53.006969392
3,"map(from: a)",4096,32,132,0,2,8096,0,698.125548661
3,"map(from: a)",4096,32,132,0,2,2,0,44.001266360
3,"map(from: a)",4096,32,132,0,2,114,0,55.814720690
3,"map(from: a)",4096,32,132,0,2,71,0,52.188150585
3,"map(from: a)",4096,32,132,0,2,1955,0,203.760154545
3,"map(from: a)",4096,32,132,0,2,17,0,46.970322728
3,"map(from: a)",4096,32,132,0,2,472,0,84.448792040
3,"map(from: a)",4096,32,132,0,2,11,0,45.486725867
3,"map(from: a)",4096,32,132,0,2,1218,0,144.169852138
3,"map(from: a)",4096,32,132,0,2,4,0,48.094615340
3,"map(from: a)",4096,32,132,0,2,3140,0,301.295332611
3,"map(from: a)",4096,32,132,0,2,758,0,111.117586493
3,"map(from: a)",4096,32,132,0,2,28,0,51.085464656
3,"map(from: a)",4096,32,132,0,3,11,0,44.563598931
3,"map(from: a)",4096,32,132,0,3,4,0,45.040622354
3,"map(from: a)",4096,32,132,0,3,5042,0,452.042371035
3,"map(from: a)",4096,32,132,0,3,183,0,62.766671181
3,"map(from: a)",4096,32,132,0,3,17,0,45.105069876
3,"map(from: a)",4096,32,132,0,3,3,0,43.263472617
3,"map(from: a)",4096,32,132,0,3,28,0,47.802180052
3,"map(from: a)",4096,32,132,0,3,1218,0,143.913738430
3,"map(from: a)",4096,32,132,0,3,114,0,55.774487555
3,"map(from: a)",4096,32,132,0,3,758,0,106.239877641
3,"map(from: a)",4096,32,132,0,3,1955,0,204.609334469
3,"map(from: a)",4096,32,132,0,3,472,0,88.399276137
3,"map(from: a)",4096,32,132,0,3,7,0,50.806067884
3,"map(from: a)",4096,32,132,0,3,44,0,52.446126938
3,"map(from: a)",4096,32,132,0,3,3140,0,300.772301853
3,"map(from: a)",4096,32,132,0,3,8096,0,696.377642453
3,"map(from: a)",4096,32,132,0,3,71,0,50.423853099
3,"map(from: a)",4096,32,132,0,3,1,0,45.487098396
3,"map(from: a)",4096,32,132,0,3,2,0,45.277550817
3,"map(from: a)",4096,32,132,0,3,294,0,70.357695222
3,"map(from: a)",4096,32,132,0,4,3,0,42.692013085
3,"map(from: a)",4096,32,132,0,4,8096,0,698.907487094
3,"map(from: a)",4096,32,132,0,4,1,0,46.135485172
3,"map(from: a)",4096,32,132,0,4,28,0,47.003105283
3,"map(from: a)",4096,32,132,0,4,17,0,45.338459313
3,"map(from: a)",4096,32,132,0,4,5042,0,450.526922941
3,"map(from: a)",4096,32,132,0,4,7,0,45.864284039
3,"map(from: a)",4096,32,132,0,4,114,0,53.992681205
3,"map(from: a)",4096,32,132,0,4,44,0,49.540027976
3,"map(from: a)",4096,32,132,0,4,2,0,46.359747648
3,"map(from: a)",4096,32,132,0,4,294,0,68.340636790
3,"map(from: a)",4096,32,132,0,4,758,0,104.071944952
3,"map(from: a)",4096,32,132,0,4,183,0,57.969428599
3,"map(from: a)",4096,32,132,0,4,4,0,46.558864415
3,"map(from: a)",4096,32,132,0,4,1218,0,145.693868399
3,"map(from: a)",4096,32,132,0,4,71,0,56.336075068
3,"map(from: a)",4096,32,132,0,4,1955,0,206.851586699
3,"map(from: a)",4096,32,132,0,4,11,0,49.810670316
3,"map(from: a)",4096,32,132,0,4,472,0,84.192119539
3,"map(from: a)",4096,32,132,0,4,3140,0,298.427417874
3,"map(from: a)",4096,32,132,1,0,2,0,46.495907009
3,"map(from: a)",4096,32,132,1,0,4,0,44.141337276
3,"map(from: a)",4096,32,132,1,0,472,0,83.167850971
3,"map(from: a)",4096,32,132,1,0,3140,0,298.196077347
3,"map(from: a)",4096,32,132,1,0,183,0,60.006044805
3,"map(from: a)",4096,32,132,1,0,28,0,46.154670417
3,"map(from: a)",4096,32,132,1,0,71,0,49.247592688
3,"map(from: a)",4096,32,132,1,0,1218,0,141.470134258
3,"map(from: a)",4096,32,132,1,0,294,0,69.162994623
3,"map(from: a)",4096,32,132,1,0,1,0,49.663335085
3,"map(from: a)",4096,32,132,1,0,7,0,49.670040607
3,"map(from: a)",4096,32,132,1,0,1955,0,206.566788256
3,"map(from: a)",4096,32,132,1,0,758,0,110.366381705
3,"map(from: a)",4096,32,132,1,0,114,0,55.199488997
3,"map(from: a)",4096,32,132,1,0,11,0,42.153522372
3,"map(from: a)",4096,32,132,1,0,3,0,44.044852257
3,"map(from: a)",4096,32,132,1,0,8096,0,694.725662470
3,"map(from: a)",4096,32,132,1,0,44,0,44.987536967
3,"map(from: a)",4096,32,132,1,0,17,0,44.186413288
3,"map(from: a)",4096,32,132,1,0,5042,0,450.702756643
3,"map(from: a)",4096,32,132,1,1,758,0,112.151540816
3,"map(from: a)",4096,32,132,1,1,3,0,48.481300473
3,"map(from: a)",4096,32,132,1,1,3140,0,297.615863383
3,"map(from: a)",4096,32,132,1,1,1955,0,203.003920615
3,"map(from: a)",4096,32,132,1,1,44,0,47.286972404
3,"map(from: a)",4096,32,132,1,1,17,0,45.362301171
3,"map(from: a)",4096,32,132,1,1,294,0,69.967284799
3,"map(from: a)",4096,32,132,1,1,28,0,47.136098146
3,"map(from: a)",4096,32,132,1,1,114,0,52.051991224
3,"map(from: a)",4096,32,132,1,1,2,0,45.801885426
3,"map(from: a)",4096,32,132,1,1,7,0,46.243332326
3,"map(from: a)",4096,32,132,1,1,183,0,58.544799685
3,"map(from: a)",4096,32,132,1,1,8096,0,697.168335319
3,"map(from: a)",4096,32,132,1,1,11,0,43.880194426
3,"map(from: a)",4096,32,132,1,1,1,0,43.157860637
3,"map(from: a)",4096,32,132,1,1,1218,0,143.184326589
3,"map(from: a)",4096,32,132,1,1,472,0,83.722732961
3,"map(from: a)",4096,32,132,1,1,71,0,50.173513591
3,"map(from: a)",4096,32,132,1,1,5042,0,450.793094933
3,"map(from: a)",4096,32,132,1,1,4,0,44.755823910
3,"map(from: a)",4096,32,132,1,2,2,0,41.821040213
3,"map(from: a)",4096,32,132,1,2,71,0,47.735497355
3,"map(from: a)",4096,32,132,1,2,17,0,43.426826596
3,"map(from: a)",4096,32,132,1,2,472,0,82.848966122
3,"map(from: a)",4096,32,132,1,2,5042,0,454.017147422
3,"map(from: a)",4096,32,132,1,2,28,0,47.026947141
3,"map(from: a)",4096,32,132,1,2,44,0,45.179948211
3,"map(from: a)",4096,32,132,1,2,1218,0,142.507441342
3,"map(from: a)",4096,32,132,1,2,4,0,46.048499644
3,"map(from: a)",4096,32,132,1,2,1955,0,202.715396881
3,"map(from: a)",4096,32,132,1,2,183,0,59.578008950
3,"map(from: a)",4096,32,132,1,2,7,0,46.013295650
3,"map(from: a)",4096,32,132,1,2,758,0,106.471404433
3,"map(from: a)",4096,32,132,1,2,1,0,42.185187340
3,"map(from: a)",4096,32,132,1,2,3140,0,296.801701188
3,"map(from: a)",4096,32,132,1,2,8096,0,697.566568851
3,"map(from: a)",4096,32,132,1,2,3,0,43.081305921
3,"map(from: a)",4096,32,132,1,2,114,0,54.524838924
3,"map(from: a)",4096,32,132,1,2,11,0,45.296922326
3,"map(from: a)",4096,32,132,1,2,294,0,70.312991738
3,"map(from: a)",4096,32,132,1,3,1,0,44.530816376
3,"map(from: a)",4096,32,132,1,3,17,0,44.099986553
3,"map(from: a)",4096,32,132,1,3,294,0,68.852677941
3,"map(from: a)",4096,32,132,1,3,5042,0,450.980477035
3,"map(from: a)",4096,32,132,1,3,114,0,56.902877986
3,"map(from: a)",4096,32,132,1,3,28,0,46.303123236
3,"map(from: a)",4096,32,132,1,3,1218,0,144.938752055
3,"map(from: a)",4096,32,132,1,3,2,0,50.618685782
3,"map(from: a)",4096,32,132,1,3,3,0,51.917694509
3,"map(from: a)",4096,32,132,1,3,4,0,46.809390187
3,"map(from: a)",4096,32,132,1,3,758,0,107.058882713
3,"map(from: a)",4096,32,132,1,3,11,0,47.833099961
3,"map(from: a)",4096,32,132,1,3,44,0,45.777112246
3,"map(from: a)",4096,32,132,1,3,472,0,81.055052578
3,"map(from: a)",4096,32,132,1,3,7,0,45.391544700
3,"map(from: a)",4096,32,132,1,3,1955,0,202.509947121
3,"map(from: a)",4096,32,132,1,3,71,0,51.734596491
3,"map(from: a)",4096,32,132,1,3,183,0,59.614330530
3,"map(from: a)",4096,32,132,1,3,8096,0,696.364231408
3,"map(from: a)",4096,32,132,1,3,3140,0,300.766341388
3,"map(from: a)",4096,32,132,1,4,472,0,81.251189113
3,"map(from: a)",4096,32,132,1,4,71,0,46.537443995
3,"map(from: a)",4096,32,132,1,4,1,0,42.947381735
3,"map(from: a)",4096,32,132,1,4,11,0,44.324621558
3,"map(from: a)",4096,32,132,1,4,4,0,45.617111027
3,"map(from: a)",4096,32,132,1,4,3140,0,296.848081052
3,"map(from: a)",4096,32,132,1,4,28,0,44.844672084
3,"map(from: a)",4096,32,132,1,4,1218,0,142.089836299
3,"map(from: a)",4096,32,132,1,4,2,0,41.706301272
3,"map(from: a)",4096,32,132,1,4,183,0,56.901946664
3,"map(from: a)",4096,32,132,1,4,5042,0,451.089814305
3,"map(from: a)",4096,32,132,1,4,114,0,58.830901980
3,"map(from: a)",4096,32,132,1,4,3,0,47.904066741
3,"map(from: a)",4096,32,132,1,4,44,0,47.451257706
3,"map(from: a)",4096,32,132,1,4,758,0,109.414570034
3,"map(from: a)",4096,32,132,1,4,8096,0,694.692879915
3,"map(from: a)",4096,32,132,1,4,1955,0,201.746821404
3,"map(from: a)",4096,32,132,1,4,294,0,70.120207965
3,"map(from: a)",4096,32,132,1,4,7,0,45.638717711
3,"map(from: a)",4096,32,132,1,4,17,0,50.159543753
3,"map(from: a)",8192,32,132,0,0,7,0,50.460547209
3,"map(from: a)",8192,32,132,0,0,114,0,56.467019022
3,"map(from: a)",8192,32,132,0,0,3,0,47.267600894
3,"map(from: a)",8192,32,132,0,0,17,0,52.602216601
3,"map(from: a)",8192,32,132,0,0,1,0,50.511583686
3,"map(from: a)",8192,32,132,0,0,44,0,52.384100854
3,"map(from: a)",8192,32,132,0,0,294,0,75.170956552
3,"map(from: a)",8192,32,132,0,0,3140,0,301.625765860
3,"map(from: a)",8192,32,132,0,0,4,0,46.749226749
3,"map(from: a)",8192,32,132,0,0,1955,0,206.707045436
3,"map(from: a)",8192,32,132,0,0,183,0,63.763372600
3,"map(from: a)",8192,32,132,0,0,8096,0,702.264718711
3,"map(from: a)",8192,32,132,0,0,758,0,112.452544272
3,"map(from: a)",8192,32,132,0,0,71,0,54.445117712
3,"map(from: a)",8192,32,132,0,0,2,0,46.501867473
3,"map(from: a)",8192,32,132,0,0,11,0,49.297139049
3,"map(from: a)",8192,32,132,0,0,28,0,51.240064204
3,"map(from: a)",8192,32,132,0,0,5042,0,454.674288630
3,"map(from: a)",8192,32,132,0,0,1218,0,148.662738502
3,"map(from: a)",8192,32,132,0,0,472,0,92.872045934
3,"map(from: a)",8192,32,132,0,1,4,0,53.330697119
3,"map(from: a)",8192,32,132,0,1,1,0,53.350441158
3,"map(from: a)",8192,32,132,0,1,17,0,52.422471344
3,"map(from: a)",8192,32,132,0,1,28,0,60.679204762
3,"map(from: a)",8192,32,132,0,1,11,0,53.861364722
3,"map(from: a)",8192,32,132,0,1,3140,0,299.518555403
3,"map(from: a)",8192,32,132,0,1,2,0,50.683319569
3,"map(from: a)",8192,32,132,0,1,758,0,112.684257329
3,"map(from: a)",8192,32,132,0,1,1218,0,148.233212531
3,"map(from: a)",8192,32,132,0,1,44,0,53.691864014
3,"map(from: a)",8192,32,132,0,1,71,0,54.937042296
3,"map(from: a)",8192,32,132,0,1,114,0,57.856552303
3,"map(from: a)",8192,32,132,0,1,294,0,75.255893171
3,"map(from: a)",8192,32,132,0,1,7,0,48.530474305
3,"map(from: a)",8192,32,132,0,1,183,0,63.011236489
3,"map(from: a)",8192,32,132,0,1,8096,0,699.095986784
3,"map(from: a)",8192,32,132,0,1,472,0,86.906924844
3,"map(from: a)",8192,32,132,0,1,1955,0,208.352319896
3,"map(from: a)",8192,32,132,0,1,3,0,51.690451801
3,"map(from: a)",8192,32,132,0,1,5042,0,454.587116838
3,"map(from: a)",8192,32,132,0,2,3,0,47.953799367
3,"map(from: a)",8192,32,132,0,2,44,0,53.986720741
3,"map(from: a)",8192,32,132,0,2,1,0,54.849497974
3,"map(from: a)",8192,32,132,0,2,183,0,69.834105670
3,"map(from: a)",8192,32,132,0,2,294,0,76.959095895
3,"map(from: a)",8192,32,132,0,2,5042,0,458.171218634
3,"map(from: a)",8192,32,132,0,2,7,0,50.228275359
3,"map(from: a)",8192,32,132,0,2,8096,0,700.029730797
3,"map(from: a)",8192,32,132,0,2,2,0,47.111697495
3,"map(from: a)",8192,32,132,0,2,114,0,56.597776711
3,"map(from: a)",8192,32,132,0,2,71,0,54.090842605
3,"map(from: a)",8192,32,132,0,2,1955,0,210.924446583
3,"map(from: a)",8192,32,132,0,2,17,0,56.453980505
3,"map(from: a)",8192,32,132,0,2,472,0,92.031806707
3,"map(from: a)",8192,32,132,0,2,11,0,57.252869010
3,"map(from: a)",8192,32,132,0,2,1218,0,150.554068387
3,"map(from: a)",8192,32,132,0,2,4,0,50.995498896
3,"map(from: a)",8192,32,132,0,2,3140,0,302.368588746
3,"map(from: a)",8192,32,132,0,2,758,0,110.956840217
3,"map(from: a)",8192,32,132,0,2,28,0,52.982941270
3,"map(from: a)",8192,32,132,0,3,11,0,52.099302411
3,"map(from: a)",8192,32,132,0,3,4,0,49.592927098
3,"map(from: a)",8192,32,132,0,3,5042,0,453.932955861
3,"map(from: a)",8192,32,132,0,3,183,0,69.747492671
3,"map(from: a)",8192,32,132,0,3,17,0,56.846998632
3,"map(from: a)",8192,32,132,0,3,3,0,53.394213319
3,"map(from: a)",8192,32,132,0,3,28,0,59.109926224
3,"map(from: a)",8192,32,132,0,3,1218,0,152.999907732
3,"map(from: a)",8192,32,132,0,3,114,0,60.661137104
3,"map(from: a)",8192,32,132,0,3,758,0,111.555680633
3,"map(from: a)",8192,32,132,0,3,1955,0,209.094956517
3,"map(from: a)",8192,32,132,0,3,472,0,88.698044419
3,"map(from: a)",8192,32,132,0,3,7,0,50.183571875
3,"map(from: a)",8192,32,132,0,3,44,0,55.774301291
3,"map(from: a)",8192,32,132,0,3,3140,0,302.281416953
3,"map(from: a)",8192,32,132,0,3,8096,0,701.087154448
3,"map(from: a)",8192,32,132,0,3,71,0,58.382004499
3,"map(from: a)",8192,32,132,0,3,1,0,48.808753490
3,"map(from: a)",8192,32,132,0,3,2,0,47.848373652
3,"map(from: a)",8192,32,132,0,3,294,0,72.855874896
3,"map(from: a)",8192,32,132,0,4,3,0,52.694231272
3,"map(from: a)",8192,32,132,0,4,8096,0,699.177943170
3,"map(from: a)",8192,32,132,0,4,1,0,49.336254597
3,"map(from: a)",8192,32,132,0,4,28,0,53.273327649
3,"map(from: a)",8192,32,132,0,4,17,0,51.987171173
3,"map(from: a)",8192,32,132,0,4,5042,0,454.959087074
3,"map(from: a)",8192,32,132,0,4,7,0,46.760402620
3,"map(from: a)",8192,32,132,0,4,114,0,56.913867593
3,"map(from: a)",8192,32,132,0,4,44,0,52.401237190
3,"map(from: a)",8192,32,132,0,4,2,0,49.991533160
3,"map(from: a)",8192,32,132,0,4,294,0,74.956007302
3,"map(from: a)",8192,32,132,0,4,758,0,112.374871969
3,"map(from: a)",8192,32,132,0,4,183,0,63.939392567
3,"map(from: a)",8192,32,132,0,4,4,0,52.736885846
3,"map(from: a)",8192,32,132,0,4,1218,0,148.921273649
3,"map(from: a)",8192,32,132,0,4,71,0,52.686035633
3,"map(from: a)",8192,32,132,0,4,1955,0,206.910073757
3,"map(from: a)",8192,32,132,0,4,11,0,48.729218543
3,"map(from: a)",8192,32,132,0,4,472,0,89.703686535
3,"map(from: a)",8192,32,132,0,4,3140,0,306.354090571
3,"map(from: a)",8192,32,132,1,0,2,0,55.738538504
3,"map(from: a)",8192,32,132,1,0,4,0,56.070648134
3,"map(from: a)",8192,32,132,1,0,472,0,86.166895926
3,"map(from: a)",8192,32,132,1,0,3140,0,303.426012397
3,"map(from: a)",8192,32,132,1,0,183,0,64.527429640
3,"map(from: a)",8192,32,132,1,0,28,0,50.066411495
3,"map(from: a)",8192,32,132,1,0,71,0,56.060217321
3,"map(from: a)",8192,32,132,1,0,1218,0,146.528147161
3,"map(from: a)",8192,32,132,1,0,294,0,74.305944145
3,"map(from: a)",8192,32,132,1,0,1,0,50.324574113
3,"map(from: a)",8192,32,132,1,0,7,0,48.496574163
3,"map(from: a)",8192,32,132,1,0,1955,0,210.592523217
3,"map(from: a)",8192,32,132,1,0,758,0,114.689953625
3,"map(from: a)",8192,32,132,1,0,114,0,61.947852373
3,"map(from: a)",8192,32,132,1,0,11,0,52.415393293
3,"map(from: a)",8192,32,132,1,0,3,0,54.300390184
3,"map(from: a)",8192,32,132,1,0,8096,0,701.248459518
3,"map(from: a)",8192,32,132,1,0,44,0,52.504241467
3,"map(from: a)",8192,32,132,1,0,17,0,52.152574062
3,"map(from: a)",8192,32,132,1,0,5042,0,455.419905484
3,"map(from: a)",8192,32,132,1,1,758,0,115.626119077
3,"map(from: a)",8192,32,132,1,1,3,0,53.302943707
3,"map(from: a)",8192,32,132,1,1,3140,0,306.145660579
3,"map(from: a)",8192,32,132,1,1,1955,0,206.849910319
3,"map(from: a)",8192,32,132,1,1,44,0,53.077936172
3,"map(from: a)",8192,32,132,1,1,17,0,50.969235599
3,"map(from: a)",8192,32,132,1,1,294,0,75.031444430
3,"map(from: a)",8192,32,132,1,1,28,0,51.294080913
3,"map(from: a)",8192,32,132,1,1,114,0,58.997422457
3,"map(from: a)",8192,32,132,1,1,2,0,48.907659948
3,"map(from: a)",8192,32,132,1,1,7,0,49.508549273
3,"map(from: a)",8192,32,132,1,1,183,0,63.746608794
3,"map(from: a)",8192,32,132,1,1,8096,0,701.704435050
3,"map(from: a)",8192,32,132,1,1,11,0,52.022002637
3,"map(from: a)",8192,32,132,1,1,1,0,50.490163267
3,"map(from: a)",8192,32,132,1,1,1218,0,147.037766874
3,"map(from: a)",8192,32,132,1,1,472,0,89.375488460
3,"map(from: a)",8192,32,132,1,1,71,0,55.299326777
3,"map(from: a)",8192,32,132,1,1,5042,0,454.776547849
3,"map(from: a)",8192,32,132,1,1,4,0,46.157464385
3,"map(from: a)",8192,32,132,1,2,2,0,46.549551189
3,"map(from: a)",8192,32,132,1,2,71,0,50.881132483
3,"map(from: a)",8192,32,132,1,2,17,0,48.486515880
3,"map(from: a)",8192,32,132,1,2,472,0,90.113654733
3,"map(from: a)",8192,32,132,1,2,5042,0,458.378158510
3,"map(from: a)",8192,32,132,1,2,28,0,50.654821098
3,"map(from: a)",8192,32,132,1,2,44,0,53.284130991
3,"map(from: a)",8192,32,132,1,2,1218,0,148.310884833
3,"map(from: a)",8192,32,132,1,2,4,0,50.119869411
3,"map(from: a)",8192,32,132,1,2,1955,0,207.669660449
3,"map(from: a)",8192,32,132,1,2,183,0,65.185502172
3,"map(from: a)",8192,32,132,1,2,7,0,49.536861479
3,"map(from: a)",8192,32,132,1,2,758,0,112.669914961
3,"map(from: a)",8192,32,132,1,2,1,0,47.982111573
3,"map(from: a)",8192,32,132,1,2,3140,0,301.259942353
3,"map(from: a)",8192,32,132,1,2,8096,0,699.933059514
3,"map(from: a)",8192,32,132,1,2,3,0,48.060901463
3,"map(from: a)",8192,32,132,1,2,114,0,58.969669044
3,"map(from: a)",8192,32,132,1,2,11,0,52.487850189
3,"map(from: a)",8192,32,132,1,2,294,0,74.508227408
3,"map(from: a)",8192,32,132,1,3,1,0,48.731267452
3,"map(from: a)",8192,32,132,1,3,17,0,51.041319966
3,"map(from: a)",8192,32,132,1,3,294,0,73.803216219
3,"map(from: a)",8192,32,132,1,3,5042,0,457.284972072
3,"map(from: a)",8192,32,132,1,3,114,0,63.818879426
3,"map(from: a)",8192,32,132,1,3,28,0,54.975971580
3,"map(from: a)",8192,32,132,1,3,1218,0,151.086598635
3,"map(from: a)",8192,32,132,1,3,2,0,55.571272969
3,"map(from: a)",8192,32,132,1,3,3,0,49.959123135
3,"map(from: a)",8192,32,132,1,3,4,0,49.847178161
3,"map(from: a)",8192,32,132,1,3,758,0,109.557248652
3,"map(from: a)",8192,32,132,1,3,11,0,51.116384566
3,"map(from: a)",8192,32,132,1,3,44,0,53.647346795
3,"map(from: a)",8192,32,132,1,3,472,0,88.077597320
3,"map(from: a)",8192,32,132,1,3,7,0,49.134157598
3,"map(from: a)",8192,32,132,1,3,1955,0,207.459740341
3,"map(from: a)",8192,32,132,1,3,71,0,54.922513664
3,"map(from: a)",8192,32,132,1,3,183,0,66.268816590
3,"map(from: a)",8192,32,132,1,3,8096,0,700.272805989
3,"map(from: a)",8192,32,132,1,3,3140,0,304.504297674
3,"map(from: a)",8192,32,132,1,4,472,0,88.475272059
3,"map(from: a)",8192,32,132,1,4,71,0,57.098641992
3,"map(from: a)",8192,32,132,1,4,1,0,49.901381135
3,"map(from: a)",8192,32,132,1,4,11,0,52.825361490
3,"map(from: a)",8192,32,132,1,4,4,0,51.237456501
3,"map(from: a)",8192,32,132,1,4,3140,0,301.684625447
3,"map(from: a)",8192,32,132,1,4,28,0,53.990818560
3,"map(from: a)",8192,32,132,1,4,1218,0,147.179514170
3,"map(from: a)",8192,32,132,1,4,2,0,50.644390285
3,"map(from: a)",8192,32,132,1,4,183,0,63.543953001
3,"map(from: a)",8192,32,132,1,4,5042,0,458.326749504
3,"map(from: a)",8192,32,132,1,4,114,0,61.701983213
3,"map(from: a)",8192,32,132,1,4,3,0,54.660066962
3,"map(from: a)",8192,32,132,1,4,44,0,58.846734464
3,"map(from: a)",8192,32,132,1,4,758,0,115.479901433
3,"map(from: a)",8192,32,132,1,4,8096,0,700.811855495
3,"map(from: a)",8192,32,132,1,4,1955,0,209.173746407
3,"map(from: a)",8192,32,132,1,4,294,0,76.247937977
3,"map(from: a)",8192,32,132,1,4,7,0,52.771531045
3,"map(from: a)",8192,32,132,1,4,17,0,52.777864039
3,"map(from: a)",16382,32,132,0,0,7,0,56.010857224
3,"map(from: a)",16382,32,132,0,0,114,0,63.456781209
3,"map(from: a)",16382,32,132,0,0,3,0,56.215189397
3,"map(from: a)",16382,32,132,0,0,17,0,51.349401474
3,"map(from: a)",16382,32,132,0,0,1,0,53.742900491
3,"map(from: a)",16382,32,132,0,0,44,0,58.807618916
3,"map(from: a)",16382,32,132,0,0,294,0,78.014284372
3,"map(from: a)",16382,32,132,0,0,3140,0,305.419415236
3,"map(from: a)",16382,32,132,0,0,4,0,58.087892830
3,"map(from: a)",16382,32,132,0,0,1955,0,216.330587864
3,"map(from: a)",16382,32,132,0,0,183,0,74.393674731
3,"map(from: a)",16382,32,132,0,0,8096,0,705.708377063
3,"map(from: a)",16382,32,132,0,0,758,0,116.940587759
3,"map(from: a)",16382,32,132,0,0,71,0,59.871189296
3,"map(from: a)",16382,32,132,0,0,2,0,54.281949997
3,"map(from: a)",16382,32,132,0,0,11,0,53.534843028
3,"map(from: a)",16382,32,132,0,0,28,0,56.701526046
3,"map(from: a)",16382,32,132,0,0,5042,0,460.719689727
3,"map(from: a)",16382,32,132,0,0,1218,0,157.750956714
3,"map(from: a)",16382,32,132,0,0,472,0,95.488503575
3,"map(from: a)",16382,32,132,0,1,4,0,59.854984283
3,"map(from: a)",16382,32,132,0,1,1,0,55.243074894
3,"map(from: a)",16382,32,132,0,1,17,0,56.647695601
3,"map(from: a)",16382,32,132,0,1,28,0,56.996196508
3,"map(from: a)",16382,32,132,0,1,11,0,53.709186614
3,"map(from: a)",16382,32,132,0,1,3140,0,307.072140276
3,"map(from: a)",16382,32,132,0,1,2,0,55.342912674
3,"map(from: a)",16382,32,132,0,1,758,0,118.338689208
3,"map(from: a)",16382,32,132,0,1,1218,0,153.386779130
3,"map(from: a)",16382,32,132,0,1,44,0,58.310106397
3,"map(from: a)",16382,32,132,0,1,71,0,59.069506824
3,"map(from: a)",16382,32,132,0,1,114,0,61.273388565
3,"map(from: a)",16382,32,132,0,1,294,0,76.826103032
3,"map(from: a)",16382,32,132,0,1,7,0,52.650645375
3,"map(from: a)",16382,32,132,0,1,183,0,69.711171091
3,"map(from: a)",16382,32,132,0,1,8096,0,708.413682878
3,"map(from: a)",16382,32,132,0,1,472,0,94.685330987
3,"map(from: a)",16382,32,132,0,1,1955,0,213.852711022
3,"map(from: a)",16382,32,132,0,1,3,0,53.924322128
3,"map(from: a)",16382,32,132,0,1,5042,0,459.067150950
3,"map(from: a)",16382,32,132,0,2,3,0,53.491629660
3,"map(from: a)",16382,32,132,0,2,44,0,57.339854538
3,"map(from: a)",16382,32,132,0,2,1,0,50.054304302
3,"map(from: a)",16382,32,132,0,2,183,0,69.109350443
3,"map(from: a)",16382,32,132,0,2,294,0,80.631487072
3,"map(from: a)",16382,32,132,0,2,5042,0,463.763065636
3,"map(from: a)",16382,32,132,0,2,7,0,54.080784321
3,"map(from: a)",16382,32,132,0,2,8096,0,706.000067294
3,"map(from: a)",16382,32,132,0,2,2,0,55.336207151
3,"map(from: a)",16382,32,132,0,2,114,0,63.005276024
3,"map(from: a)",16382,32,132,0,2,71,0,59.312582016
3,"map(from: a)",16382,32,132,0,2,1955,0,209.806300700
3,"map(from: a)",16382,32,132,0,2,17,0,54.402090609
3,"map(from: a)",16382,32,132,0,2,472,0,92.247314751
3,"map(from: a)",16382,32,132,0,2,11,0,58.127753437
3,"map(from: a)",16382,32,132,0,2,1218,0,156.703963876
3,"map(from: a)",16382,32,132,0,2,4,0,58.757513762
3,"map(from: a)",16382,32,132,0,2,3140,0,308.618694544
3,"map(from: a)",16382,32,132,0,2,758,0,114.619918168
3,"map(from: a)",16382,32,132,0,2,28,0,58.422237635
3,"map(from: a)",16382,32,132,0,3,11,0,57.693012059
3,"map(from: a)",16382,32,132,0,3,4,0,55.076740682
3,"map(from: a)",16382,32,132,0,3,5042,0,461.842305958
3,"map(from: a)",16382,32,132,0,3,183,0,71.596354246
3,"map(from: a)",16382,32,132,0,3,17,0,57.279318571
3,"map(from: a)",16382,32,132,0,3,3,0,52.475556731
3,"map(from: a)",16382,32,132,0,3,28,0,55.836886168
3,"map(from: a)",16382,32,132,0,3,1218,0,154.344551265
3,"map(from: a)",16382,32,132,0,3,114,0,66.654942930
3,"map(from: a)",16382,32,132,0,3,758,0,118.611752987
3,"map(from: a)",16382,32,132,0,3,1955,0,216.842256486
3,"map(from: a)",16382,32,132,0,3,472,0,92.387571931
3,"map(from: a)",16382,32,132,0,3,7,0,53.946301341
3,"map(from: a)",16382,32,132,0,3,44,0,57.005137205
3,"map(from: a)",16382,32,132,0,3,3140,0,308.863818645
3,"map(from: a)",16382,32,132,0,3,8096,0,705.139711499
3,"map(from: a)",16382,32,132,0,3,71,0,61.089545488
3,"map(from: a)",16382,32,132,0,3,1,0,57.814829051
3,"map(from: a)",16382,32,132,0,3,2,0,59.818103909
3,"map(from: a)",16382,32,132,0,3,294,0,82.625821233
3,"map(from: a)",16382,32,132,0,4,3,0,59.587694705
3,"map(from: a)",16382,32,132,0,4,8096,0,706.477649510
3,"map(from: a)",16382,32,132,0,4,1,0,53.711608052
3,"map(from: a)",16382,32,132,0,4,28,0,55.389106274
3,"map(from: a)",16382,32,132,0,4,17,0,56.443549693
3,"map(from: a)",16382,32,132,0,4,5042,0,460.629910231
3,"map(from: a)",16382,32,132,0,4,7,0,58.810040355
3,"map(from: a)",16382,32,132,0,4,114,0,65.613538027
3,"map(from: a)",16382,32,132,0,4,44,0,61.232596636
3,"map(from: a)",16382,32,132,0,4,2,0,59.926323593
3,"map(from: a)",16382,32,132,0,4,294,0,83.008222282
3,"map(from: a)",16382,32,132,0,4,758,0,118.571333587
3,"map(from: a)",16382,32,132,0,4,183,0,76.516158879
3,"map(from: a)",16382,32,132,0,4,4,0,57.343207300
3,"map(from: a)",16382,32,132,0,4,1218,0,151.644460857
3,"map(from: a)",16382,32,132,0,4,71,0,59.987790883
3,"map(from: a)",16382,32,132,0,4,1955,0,212.539732456
3,"map(from: a)",16382,32,132,0,4,11,0,55.416114628
3,"map(from: a)",16382,32,132,0,4,472,0,91.840699315
3,"map(from: a)",16382,32,132,0,4,3140,0,308.572128415
3,"map(from: a)",16382,32,132,1,0,2,0,56.529976428
3,"map(from: a)",16382,32,132,1,0,4,0,53.645297885
3,"map(from: a)",16382,32,132,1,0,472,0,89.484453201
3,"map(from: a)",16382,32,132,1,0,3140,0,309.583544731
3,"map(from: a)",16382,32,132,1,0,183,0,75.098313391
3,"map(from: a)",16382,32,132,1,0,28,0,63.677690923
3,"map(from: a)",16382,32,132,1,0,71,0,63.019059598
3,"map(from: a)",16382,32,132,1,0,1218,0,154.402479529
3,"map(from: a)",16382,32,132,1,0,294,0,75.666047633
3,"map(from: a)",16382,32,132,1,0,1,0,51.532126963
3,"map(from: a)",16382,32,132,1,0,7,0,54.773688316
3,"map(from: a)",16382,32,132,1,0,1955,0,211.786106229
3,"map(from: a)",16382,32,132,1,0,758,0,116.032175720
3,"map(from: a)",16382,32,132,1,0,114,0,63.954666257
3,"map(from: a)",16382,32,132,1,0,11,0,56.077912450
3,"map(from: a)",16382,32,132,1,0,3,0,54.030865431
3,"map(from: a)",16382,32,132,1,0,8096,0,707.483477890
3,"map(from: a)",16382,32,132,1,0,44,0,63.593685627
3,"map(from: a)",16382,32,132,1,0,17,0,54.175034165
3,"map(from: a)",16382,32,132,1,0,5042,0,460.051000118
3,"map(from: a)",16382,32,132,1,1,758,0,114.824250340
3,"map(from: a)",16382,32,132,1,1,3,0,54.163299501
3,"map(from: a)",16382,32,132,1,1,3140,0,308.320857584
3,"map(from: a)",16382,32,132,1,1,1955,0,209.539383650
3,"map(from: a)",16382,32,132,1,1,44,0,57.474523783
3,"map(from: a)",16382,32,132,1,1,17,0,58.312341571
3,"map(from: a)",16382,32,132,1,1,294,0,80.497935414
3,"map(from: a)",16382,32,132,1,1,28,0,61.846524477
3,"map(from: a)",16382,32,132,1,1,114,0,67.365169525
3,"map(from: a)",16382,32,132,1,1,2,0,57.669170201
3,"map(from: a)",16382,32,132,1,1,7,0,58.226101100
3,"map(from: a)",16382,32,132,1,1,183,0,75.238756835
3,"map(from: a)",16382,32,132,1,1,8096,0,706.517137587
3,"map(from: a)",16382,32,132,1,1,11,0,54.325163364
3,"map(from: a)",16382,32,132,1,1,1,0,54.168887436
3,"map(from: a)",16382,32,132,1,1,1218,0,152.406655252
3,"map(from: a)",16382,32,132,1,1,472,0,92.208944261
3,"map(from: a)",16382,32,132,1,1,71,0,57.635083795
3,"map(from: a)",16382,32,132,1,1,5042,0,461.868196726
3,"map(from: a)",16382,32,132,1,1,4,0,60.746259987
3,"map(from: a)",16382,32,132,1,2,2,0,56.582130492
3,"map(from: a)",16382,32,132,1,2,71,0,56.481733918
3,"map(from: a)",16382,32,132,1,2,17,0,54.793432355
3,"map(from: a)",16382,32,132,1,2,472,0,92.752091587
3,"map(from: a)",16382,32,132,1,2,5042,0,458.978861570
3,"map(from: a)",16382,32,132,1,2,28,0,55.235251784
3,"map(from: a)",16382,32,132,1,2,44,0,56.455656886
3,"map(from: a)",16382,32,132,1,2,1218,0,150.850974023
3,"map(from: a)",16382,32,132,1,2,4,0,50.451792777
3,"map(from: a)",16382,32,132,1,2,1955,0,211.768783629
3,"map(from: a)",16382,32,132,1,2,183,0,71.790441871
3,"map(from: a)",16382,32,132,1,2,7,0,58.780238032
3,"map(from: a)",16382,32,132,1,2,758,0,119.861401618
3,"map(from: a)",16382,32,132,1,2,1,0,58.596581221
3,"map(from: a)",16382,32,132,1,2,3140,0,310.368835926
3,"map(from: a)",16382,32,132,1,2,8096,0,704.155117273
3,"map(from: a)",16382,32,132,1,2,3,0,53.393468261
3,"map(from: a)",16382,32,132,1,2,114,0,63.038617373
3,"map(from: a)",16382,32,132,1,2,11,0,51.624327898
3,"map(from: a)",16382,32,132,1,2,294,0,78.994594514
3,"map(from: a)",16382,32,132,1,3,1,0,53.178519011
3,"map(from: a)",16382,32,132,1,3,17,0,56.857429445
3,"map(from: a)",16382,32,132,1,3,294,0,79.709477723
3,"map(from: a)",16382,32,132,1,3,5042,0,460.960157216
3,"map(from: a)",16382,32,132,1,3,114,0,62.867812812
3,"map(from: a)",16382,32,132,1,3,28,0,56.806392968
3,"map(from: a)",16382,32,132,1,3,1218,0,152.509287000
3,"map(from: a)",16382,32,132,1,3,2,0,55.517442524
3,"map(from: a)",16382,32,132,1,3,3,0,53.892843425
3,"map(from: a)",16382,32,132,1,3,4,0,55.383890867
3,"map(from: a)",16382,32,132,1,3,758,0,114.574283361
3,"map(from: a)",16382,32,132,1,3,11,0,54.759904742
3,"map(from: a)",16382,32,132,1,3,44,0,54.688006639
3,"map(from: a)",16382,32,132,1,3,472,0,92.150270939
3,"map(from: a)",16382,32,132,1,3,7,0,52.182190120
3,"map(from: a)",16382,32,132,1,3,1955,0,213.488377631
3,"map(from: a)",16382,32,132,1,3,71,0,64.104050398
3,"map(from: a)",16382,32,132,1,3,183,0,70.494599640
3,"map(from: a)",16382,32,132,1,3,8096,0,706.779584289
3,"map(from: a)",16382,32,132,1,3,3140,0,307.409279048
3,"map(from: a)",16382,32,132,1,4,472,0,92.303752899
3,"map(from: a)",16382,32,132,1,4,71,0,59.651397169
3,"map(from: a)",16382,32,132,1,4,1,0,52.991136909
3,"map(from: a)",16382,32,132,1,4,11,0,53.454935551
3,"map(from: a)",16382,32,132,1,4,4,0,57.831220329
3,"map(from: a)",16382,32,132,1,4,3140,0,308.940373361
3,"map(from: a)",16382,32,132,1,4,28,0,57.413801551
3,"map(from: a)",16382,32,132,1,4,1218,0,156.275928020
3,"map(from: a)",16382,32,132,1,4,2,0,52.665546536
3,"map(from: a)",16382,32,132,1,4,183,0,66.896341741
3,"map(from: a)",16382,32,132,1,4,5042,0,460.749305785
3,"map(from: a)",16382,32,132,1,4,114,0,60.540810227
3,"map(from: a)",16382,32,132,1,4,3,0,55.808573961
3,"map(from: a)",16382,32,132,1,4,44,0,57.656317949
3,"map(from: a)",16382,32,132,1,4,758,0,114.206410944
3,"map(from: a)",16382,32,132,1,4,8096,0,706.910341978
3,"map(from: a)",16382,32,132,1,4,1955,0,211.950391531
3,"map(from: a)",16382,32,132,1,4,294,0,80.700777471
3,"map(from: a)",16382,32,132,1,4,7,0,55.708177388
3,"map(from: a)",16382,32,132,1,4,17,0,54.917670786
3,"map(from: a)",32768,32,132,0,0,7,0,70.582702756
3,"map(from: a)",32768,32,132,0,0,114,0,82.720443606
3,"map(from: a)",32768,32,132,0,0,3,0,68.483315408
3,"map(from: a)",32768,32,132,0,0,17,0,69.272890687
3,"map(from: a)",32768,32,132,0,0,1,0,67.472830415
3,"map(from: a)",32768,32,132,0,0,44,0,71.724876761
3,"map(from: a)",32768,32,132,0,0,294,0,90.672262013
3,"map(from: a)",32768,32,132,0,0,3140,0,321.196392179
3,"map(from: a)",32768,32,132,0,0,4,0,71.349367499
3,"map(from: a)",32768,32,132,0,0,1955,0,230.900384486
3,"map(from: a)",32768,32,132,0,0,183,0,89.015625417
3,"map(from: a)",32768,32,132,0,0,8096,0,717.962346971
3,"map(from: a)",32768,32,132,0,0,758,0,129.458680749
3,"map(from: a)",32768,32,132,0,0,71,0,73.680467904
3,"map(from: a)",32768,32,132,0,0,2,0,62.599778175
3,"map(from: a)",32768,32,132,0,0,11,0,66.437758505
3,"map(from: a)",32768,32,132,0,0,28,0,70.238485932
3,"map(from: a)",32768,32,132,0,0,5042,0,479.751452804
3,"map(from: a)",32768,32,132,0,0,1218,0,165.152736008
3,"map(from: a)",32768,32,132,0,0,472,0,106.433592737
3,"map(from: a)",32768,32,132,0,1,4,0,67.348219454
3,"map(from: a)",32768,32,132,0,1,1,0,67.828968167
3,"map(from: a)",32768,32,132,0,1,17,0,68.751163781
3,"map(from: a)",32768,32,132,0,1,28,0,68.094953895
3,"map(from: a)",32768,32,132,0,1,11,0,69.506838918
3,"map(from: a)",32768,32,132,0,1,3140,0,320.647284389
3,"map(from: a)",32768,32,132,0,1,2,0,68.741664290
3,"map(from: a)",32768,32,132,0,1,758,0,130.612216890
3,"map(from: a)",32768,32,132,0,1,1218,0,168.143026531
3,"map(from: a)",32768,32,132,0,1,44,0,75.204111636
3,"map(from: a)",32768,32,132,0,1,71,0,79.577788711
3,"map(from: a)",32768,32,132,0,1,114,0,83.533674479
3,"map(from: a)",32768,32,132,0,1,294,0,92.145800591
3,"map(from: a)",32768,32,132,0,1,7,0,67.366473377
3,"map(from: a)",32768,32,132,0,1,183,0,83.508901298
3,"map(from: a)",32768,32,132,0,1,8096,0,721.037015319
3,"map(from: a)",32768,32,132,0,1,472,0,104.652531445
3,"map(from: a)",32768,32,132,0,1,1955,0,227.903388441
3,"map(from: a)",32768,32,132,0,1,3,0,75.631029904
3,"map(from: a)",32768,32,132,0,1,5042,0,477.134250104
3,"map(from: a)",32768,32,132,0,2,3,0,69.238059223
3,"map(from: a)",32768,32,132,0,2,44,0,70.716254413
3,"map(from: a)",32768,32,132,0,2,1,0,68.213790655
3,"map(from: a)",32768,32,132,0,2,183,0,84.597617388
3,"map(from: a)",32768,32,132,0,2,294,0,92.983618379
3,"map(from: a)",32768,32,132,0,2,5042,0,474.191457033
3,"map(from: a)",32768,32,132,0,2,7,0,67.970715463
3,"map(from: a)",32768,32,132,0,2,8096,0,722.580961883
3,"map(from: a)",32768,32,132,0,2,2,0,67.369453609
3,"map(from: a)",32768,32,132,0,2,114,0,78.524276614
3,"map(from: a)",32768,32,132,0,2,71,0,79.485960305
3,"map(from: a)",32768,32,132,0,2,1955,0,233.168527484
3,"map(from: a)",32768,32,132,0,2,17,0,87.667442858
3,"map(from: a)",32768,32,132,0,2,472,0,118.472613394
3,"map(from: a)",32768,32,132,0,2,11,0,77.793560922
3,"map(from: a)",32768,32,132,0,2,1218,0,181.331858039
3,"map(from: a)",32768,32,132,0,2,4,0,86.271949112
3,"map(from: a)",32768,32,132,0,2,3140,0,336.140580475
3,"map(from: a)",32768,32,132,0,2,758,0,147.647596896
3,"map(from: a)",32768,32,132,0,2,28,0,80.988928676
3,"map(from: a)",32768,32,132,0,3,11,0,82.751549780
3,"map(from: a)",32768,32,132,0,3,4,0,79.430267215
3,"map(from: a)",32768,32,132,0,3,5042,0,500.719249249
3,"map(from: a)",32768,32,132,0,3,183,0,108.421966434
3,"map(from: a)",32768,32,132,0,3,17,0,96.229277551
3,"map(from: a)",32768,32,132,0,3,3,0,82.986615598
3,"map(from: a)",32768,32,132,0,3,28,0,75.266882777
3,"map(from: a)",32768,32,132,0,3,1218,0,168.923661113
3,"map(from: a)",32768,32,132,0,3,114,0,84.240734577
3,"map(from: a)",32768,32,132,0,3,758,0,132.404454052
3,"map(from: a)",32768,32,132,0,3,1955,0,229.234062135
3,"map(from: a)",32768,32,132,0,3,472,0,110.349804163
3,"map(from: a)",32768,32,132,0,3,7,0,72.936899960
3,"map(from: a)",32768,32,132,0,3,44,0,75.352750719
3,"map(from: a)",32768,32,132,0,3,3140,0,323.330238461
3,"map(from: a)",32768,32,132,0,3,8096,0,731.708854437
3,"map(from: a)",32768,32,132,0,3,71,0,91.167166829
3,"map(from: a)",32768,32,132,0,3,1,0,80.933049321
3,"map(from: a)",32768,32,132,0,3,2,0,86.310692132
3,"map(from: a)",32768,32,132,0,3,294,0,111.143849790
3,"map(from: a)",32768,32,132,0,4,3,0,81.312470138
3,"map(from: a)",32768,32,132,0,4,8096,0,736.989639699
3,"map(from: a)",32768,32,132,0,4,1,0,85.644423962
3,"map(from: a)",32768,32,132,0,4,28,0,79.845264554
3,"map(from: a)",32768,32,132,0,4,17,0,78.058429062
3,"map(from: a)",32768,32,132,0,4,5042,0,482.027605176
3,"map(from: a)",32768,32,132,0,4,7,0,79.870223999
3,"map(from: a)",32768,32,132,0,4,114,0,85.827708244
3,"map(from: a)",32768,32,132,0,4,44,0,80.171786249
3,"map(from: a)",32768,32,132,0,4,2,0,75.175054371
3,"map(from: a)",32768,32,132,0,4,294,0,97.812525928
3,"map(from: a)",32768,32,132,0,4,758,0,135.582871735
3,"map(from: a)",32768,32,132,0,4,183,0,88.264234364
3,"map(from: a)",32768,32,132,0,4,4,0,72.793848813
3,"map(from: a)",32768,32,132,0,4,1218,0,172.306410968
3,"map(from: a)",32768,32,132,0,4,71,0,79.910829663
3,"map(from: a)",32768,32,132,0,4,1955,0,225.367955863
3,"map(from: a)",32768,32,132,0,4,11,0,58.367662132
3,"map(from: a)",32768,32,132,0,4,472,0,98.050199449
3,"map(from: a)",32768,32,132,0,4,3140,0,325.835496187
3,"map(from: a)",32768,32,132,1,0,2,0,68.144500256
3,"map(from: a)",32768,32,132,1,0,4,0,67.859701812
3,"map(from: a)",32768,32,132,1,0,472,0,100.129842758
3,"map(from: a)",32768,32,132,1,0,3140,0,321.043096483
3,"map(from: a)",32768,32,132,1,0,183,0,85.510127246
3,"map(from: a)",32768,32,132,1,0,28,0,70.914812386
3,"map(from: a)",32768,32,132,1,0,71,0,74.525922537
3,"map(from: a)",32768,32,132,1,0,1218,0,169.975496829
3,"map(from: a)",32768,32,132,1,0,294,0,91.452337801
3,"map(from: a)",32768,32,132,1,0,1,0,61.753578484
3,"map(from: a)",32768,32,132,1,0,7,0,60.289539397
3,"map(from: a)",32768,32,132,1,0,1955,0,216.690823436
3,"map(from: a)",32768,32,132,1,0,758,0,119.637697935
3,"map(from: a)",32768,32,132,1,0,114,0,68.818032742
3,"map(from: a)",32768,32,132,1,0,11,0,60.545280576
3,"map(from: a)",32768,32,132,1,0,3,0,64.902752638
3,"map(from: a)",32768,32,132,1,0,8096,0,719.682127237
3,"map(from: a)",32768,32,132,1,0,44,0,68.992376328
3,"map(from: a)",32768,32,132,1,0,17,0,65.970607102
3,"map(from: a)",32768,32,132,1,0,5042,0,475.691631436
3,"map(from: a)",32768,32,132,1,1,758,0,129.017792642
3,"map(from: a)",32768,32,132,1,1,3,0,70.442073047
3,"map(from: a)",32768,32,132,1,1,3140,0,321.078486741
3,"map(from: a)",32768,32,132,1,1,1955,0,225.689262152
3,"map(from: a)",32768,32,132,1,1,44,0,70.348381996
3,"map(from: a)",32768,32,132,1,1,17,0,71.843899786
3,"map(from: a)",32768,32,132,1,1,294,0,90.310350060
3,"map(from: a)",32768,32,132,1,1,28,0,71.541778743
3,"map(from: a)",32768,32,132,1,1,114,0,77.045708895
3,"map(from: a)",32768,32,132,1,1,2,0,69.912150502
3,"map(from: a)",32768,32,132,1,1,7,0,67.684799433
3,"map(from: a)",32768,32,132,1,1,183,0,83.733536303
3,"map(from: a)",32768,32,132,1,1,8096,0,718.442909420
3,"map(from: a)",32768,32,132,1,1,11,0,57.322718203
3,"map(from: a)",32768,32,132,1,1,1,0,57.607144117
3,"map(from: a)",32768,32,132,1,1,1218,0,154.549442232
3,"map(from: a)",32768,32,132,1,1,472,0,94.244442880
3,"map(from: a)",32768,32,132,1,1,71,0,62.513723969
3,"map(from: a)",32768,32,132,1,1,5042,0,465.573184192
3,"map(from: a)",32768,32,132,1,1,4,0,60.180202127
3,"map(from: a)",32768,32,132,1,2,2,0,60.324929655
3,"map(from: a)",32768,32,132,1,2,71,0,65.463781357
3,"map(from: a)",32768,32,132,1,2,17,0,69.029070437
3,"map(from: a)",32768,32,132,1,2,472,0,105.414539576
3,"map(from: a)",32768,32,132,1,2,5042,0,472.864694893
3,"map(from: a)",32768,32,132,1,2,28,0,73.383934796
3,"map(from: a)",32768,32,132,1,2,44,0,69.648958743
3,"map(from: a)",32768,32,132,1,2,1218,0,166.170485318
3,"map(from: a)",32768,32,132,1,2,4,0,67.749619484
3,"map(from: a)",32768,32,132,1,2,1955,0,227.835588157
3,"map(from: a)",32768,32,132,1,2,183,0,82.417018712
3,"map(from: a)",32768,32,132,1,2,7,0,67.349337041
3,"map(from: a)",32768,32,132,1,2,758,0,129.180774093
3,"map(from: a)",32768,32,132,1,2,1,0,66.369958222
3,"map(from: a)",32768,32,132,1,2,3140,0,319.450907409
3,"map(from: a)",32768,32,132,1,2,8096,0,723.652169108
3,"map(from: a)",32768,32,132,1,2,3,0,66.448189318
3,"map(from: a)",32768,32,132,1,2,114,0,70.987641811
3,"map(from: a)",32768,32,132,1,2,11,0,59.619732201
3,"map(from: a)",32768,32,132,1,2,294,0,80.371275544
3,"map(from: a)",32768,32,132,1,3,1,0,56.530721486
3,"map(from: a)",32768,32,132,1,3,17,0,58.417208493
3,"map(from: a)",32768,32,132,1,3,294,0,80.791488290
3,"map(from: a)",32768,32,132,1,3,5042,0,463.056936860
3,"map(from: a)",32768,32,132,1,3,114,0,65.767951310
3,"map(from: a)",32768,32,132,1,3,28,0,59.624761343
3,"map(from: a)",32768,32,132,1,3,1218,0,155.715458095
3,"map(from: a)",32768,32,132,1,3,2,0,56.914798915
3,"map(from: a)",32768,32,132,1,3,3,0,57.378597558
3,"map(from: a)",32768,32,132,1,3,4,0,56.910887361
3,"map(from: a)",32768,32,132,1,3,758,0,118.813104928
3,"map(from: a)",32768,32,132,1,3,11,0,58.159232140
3,"map(from: a)",32768,32,132,1,3,44,0,60.940533876
3,"map(from: a)",32768,32,132,1,3,472,0,95.870159566
3,"map(from: a)",32768,32,132,1,3,7,0,64.988434315
3,"map(from: a)",32768,32,132,1,3,1955,0,226.149708033
3,"map(from: a)",32768,32,132,1,3,71,0,71.824900806
3,"map(from: a)",32768,32,132,1,3,183,0,82.923471928
3,"map(from: a)",32768,32,132,1,3,8096,0,722.992233932
3,"map(from: a)",32768,32,132,1,3,3140,0,320.215523243
3,"map(from: a)",32768,32,132,1,4,472,0,95.735862851
3,"map(from: a)",32768,32,132,1,4,71,0,63.199922442
3,"map(from: a)",32768,32,132,1,4,1,0,58.380700648
3,"map(from: a)",32768,32,132,1,4,11,0,57.890079916
3,"map(from: a)",32768,32,132,1,4,4,0,59.072859585
3,"map(from: a)",32768,32,132,1,4,3140,0,309.475511312
3,"map(from: a)",32768,32,132,1,4,28,0,59.402547777
3,"map(from: a)",32768,32,132,1,4,1218,0,154.342502356
3,"map(from: a)",32768,32,132,1,4,2,0,56.932680309
3,"map(from: a)",32768,32,132,1,4,183,0,71.936845779
3,"map(from: a)",32768,32,132,1,4,5042,0,463.801622391
3,"map(from: a)",32768,32,132,1,4,114,0,67.147426307
3,"map(from: a)",32768,32,132,1,4,3,0,58.472156525
3,"map(from: a)",32768,32,132,1,4,44,0,62.995590270
3,"map(from: a)",32768,32,132,1,4,758,0,123.436376452
3,"map(from: a)",32768,32,132,1,4,8096,0,717.757269740
3,"map(from: a)",32768,32,132,1,4,1955,0,225.709378719
3,"map(from: a)",32768,32,132,1,4,294,0,90.080499649
3,"map(from: a)",32768,32,132,1,4,7,0,65.513327718
3,"map(from: a)",32768,32,132,1,4,17,0,66.267512739
3,"map(from: a)",65536,32,132,0,0,7,0,85.092708468
3,"map(from: a)",65536,32,132,0,0,114,0,94.510801136
3,"map(from: a)",65536,32,132,0,0,3,0,83.481520414
3,"map(from: a)",65536,32,132,0,0,17,0,84.879063070
3,"map(from: a)",65536,32,132,0,0,1,0,84.659457207
3,"map(from: a)",65536,32,132,0,0,44,0,87.290443480
3,"map(from: a)",65536,32,132,0,0,294,0,107.465125620
3,"map(from: a)",65536,32,132,0,0,3140,0,337.264314294
3,"map(from: a)",65536,32,132,0,0,4,0,84.462761879
3,"map(from: a)",65536,32,132,0,0,1955,0,240.840576589
3,"map(from: a)",65536,32,132,0,0,183,0,97.513012588
3,"map(from: a)",65536,32,132,0,0,8096,0,735.469907522
3,"map(from: a)",65536,32,132,0,0,758,0,144.517421722
3,"map(from: a)",65536,32,132,0,0,71,0,89.921616018
3,"map(from: a)",65536,32,132,0,0,2,0,84.874033928
3,"map(from: a)",65536,32,132,0,0,11,0,85.286237299
3,"map(from: a)",65536,32,132,0,0,28,0,85.865706205
3,"map(from: a)",65536,32,132,0,0,5042,0,490.258447826
3,"map(from: a)",65536,32,132,0,0,1218,0,181.755237281
3,"map(from: a)",65536,32,132,0,0,472,0,145.131163299
3,"map(from: a)",65536,32,132,0,1,4,0,106.083787978
3,"map(from: a)",65536,32,132,0,1,1,0,106.114149094
3,"map(from: a)",65536,32,132,0,1,17,0,107.429362833
3,"map(from: a)",65536,32,132,0,1,28,0,109.587423503
3,"map(from: a)",65536,32,132,0,1,11,0,108.255632222
3,"map(from: a)",65536,32,132,0,1,3140,0,360.687077045
3,"map(from: a)",65536,32,132,0,1,2,0,106.184557080
3,"map(from: a)",65536,32,132,0,1,758,0,169.061124325
3,"map(from: a)",65536,32,132,0,1,1218,0,206.289440393
3,"map(from: a)",65536,32,132,0,1,44,0,111.857056618
3,"map(from: a)",65536,32,132,0,1,71,0,114.294514060
3,"map(from: a)",65536,32,132,0,1,114,0,116.375461221
3,"map(from: a)",65536,32,132,0,1,294,0,130.260176957
3,"map(from: a)",65536,32,132,0,1,7,0,106.705725193
3,"map(from: a)",65536,32,132,0,1,183,0,120.991468430
3,"map(from: a)",65536,32,132,0,1,8096,0,757.600739598
3,"map(from: a)",65536,32,132,0,1,472,0,145.210511982
3,"map(from: a)",65536,32,132,0,1,1955,0,264.457426965
3,"map(from: a)",65536,32,132,0,1,3,0,108.962506056
3,"map(from: a)",65536,32,132,0,1,5042,0,513.462349772
3,"map(from: a)",65536,32,132,0,2,3,0,107.618421316
3,"map(from: a)",65536,32,132,0,2,44,0,111.002847552
3,"map(from: a)",65536,32,132,0,2,1,0,108.566321433
3,"map(from: a)",65536,32,132,0,2,183,0,123.878568411
3,"map(from: a)",65536,32,132,0,2,294,0,133.351422846
3,"map(from: a)",65536,32,132,0,2,5042,0,514.291413128
3,"map(from: a)",65536,32,132,0,2,7,0,106.789730489
3,"map(from: a)",65536,32,132,0,2,8096,0,759.393349290
3,"map(from: a)",65536,32,132,0,2,2,0,107.630901039
3,"map(from: a)",65536,32,132,0,2,114,0,115.829892457
3,"map(from: a)",65536,32,132,0,2,71,0,115.257315338
3,"map(from: a)",65536,32,132,0,2,1955,0,265.699066222
3,"map(from: a)",65536,32,132,0,2,17,0,108.424201608
3,"map(from: a)",65536,32,132,0,2,472,0,147.254765034
3,"map(from: a)",65536,32,132,0,2,11,0,110.335648060
3,"map(from: a)",65536,32,132,0,2,1218,0,206.206552684
3,"map(from: a)",65536,32,132,0,2,4,0,108.965858817
3,"map(from: a)",65536,32,132,0,2,3140,0,361.662916839
3,"map(from: a)",65536,32,132,0,2,758,0,169.297680259
3,"map(from: a)",65536,32,132,0,2,28,0,110.118836164
3,"map(from: a)",65536,32,132,0,3,11,0,108.822621405
3,"map(from: a)",65536,32,132,0,3,4,0,107.582658529
3,"map(from: a)",65536,32,132,0,3,5042,0,513.649173081
3,"map(from: a)",65536,32,132,0,3,183,0,122.207775712
3,"map(from: a)",65536,32,132,0,3,17,0,110.297277570
3,"map(from: a)",65536,32,132,0,3,3,0,103.480741382
3,"map(from: a)",65536,32,132,0,3,28,0,110.429897904
3,"map(from: a)",65536,32,132,0,3,1218,0,204.928591847
3,"map(from: a)",65536,32,132,0,3,114,0,114.476867020
3,"map(from: a)",65536,32,132,0,3,758,0,168.756768107
3,"map(from: a)",65536,32,132,0,3,1955,0,263.726338744
3,"map(from: a)",65536,32,132,0,3,472,0,145.029462874
3,"map(from: a)",65536,32,132,0,3,7,0,109.543278813
3,"map(from: a)",65536,32,132,0,3,44,0,112.274661660
3,"map(from: a)",65536,32,132,0,3,3140,0,359.974615276
3,"map(from: a)",65536,32,132,0,3,8096,0,758.122466505
3,"map(from: a)",65536,32,132,0,3,71,0,114.471279085
3,"map(from: a)",65536,32,132,0,3,1,0,107.724964619
3,"map(from: a)",65536,32,132,0,3,2,0,108.371302485
3,"map(from: a)",65536,32,132,0,3,294,0,132.729299366
3,"map(from: a)",65536,32,132,0,4,3,0,107.265077531
3,"map(from: a)",65536,32,132,0,4,8096,0,760.255567729
3,"map(from: a)",65536,32,132,0,4,1,0,108.966790140
3,"map(from: a)",65536,32,132,0,4,28,0,111.580453813
3,"map(from: a)",65536,32,132,0,4,17,0,109.322741628
3,"map(from: a)",65536,32,132,0,4,5042,0,515.566207469
3,"map(from: a)",65536,32,132,0,4,7,0,109.176523983
3,"map(from: a)",65536,32,132,0,4,114,0,118.460692465
3,"map(from: a)",65536,32,132,0,4,44,0,110.880471766
3,"map(from: a)",65536,32,132,0,4,2,0,109.384581447
3,"map(from: a)",65536,32,132,0,4,294,0,133.041478693
3,"map(from: a)",65536,32,132,0,4,758,0,168.132968247
3,"map(from: a)",65536,32,132,0,4,183,0,121.899694204
3,"map(from: a)",65536,32,132,0,4,4,0,106.794573367
3,"map(from: a)",65536,32,132,0,4,1218,0,206.265039742
3,"map(from: a)",65536,32,132,0,4,71,0,111.859664321
3,"map(from: a)",65536,32,132,0,4,1955,0,264.815799892
3,"map(from: a)",65536,32,132,0,4,11,0,109.341554344
3,"map(from: a)",65536,32,132,0,4,472,0,145.789422095
3,"map(from: a)",65536,32,132,0,4,3140,0,361.546128988
3,"map(from: a)",65536,32,132,1,0,2,0,108.105316758
3,"map(from: a)",65536,32,132,1,0,4,0,108.094327152
3,"map(from: a)",65536,32,132,1,0,472,0,146.540626884
3,"map(from: a)",65536,32,132,1,0,3140,0,361.330620944
3,"map(from: a)",65536,32,132,1,0,183,0,124.750286341
3,"map(from: a)",65536,32,132,1,0,28,0,111.605785787
3,"map(from: a)",65536,32,132,1,0,71,0,116.465240717
3,"map(from: a)",65536,32,132,1,0,1218,0,206.938199699
3,"map(from: a)",65536,32,132,1,0,294,0,132.083147764
3,"map(from: a)",65536,32,132,1,0,1,0,109.020620584
3,"map(from: a)",65536,32,132,1,0,7,0,108.343176544
3,"map(from: a)",65536,32,132,1,0,1955,0,265.989825130
3,"map(from: a)",65536,32,132,1,0,758,0,169.432349503
3,"map(from: a)",65536,32,132,1,0,114,0,118.258781731
3,"map(from: a)",65536,32,132,1,0,11,0,109.827704728
3,"map(from: a)",65536,32,132,1,0,3,0,109.216943383
3,"map(from: a)",65536,32,132,1,0,8096,0,759.388133883
3,"map(from: a)",65536,32,132,1,0,44,0,111.636333168
3,"map(from: a)",65536,32,132,1,0,17,0,110.244937241
3,"map(from: a)",65536,32,132,1,0,5042,0,513.521209359
3,"map(from: a)",65536,32,132,1,1,758,0,169.799104333
3,"map(from: a)",65536,32,132,1,1,3,0,108.986720443
3,"map(from: a)",65536,32,132,1,1,3140,0,363.452732563
3,"map(from: a)",65536,32,132,1,1,1955,0,265.472941101
3,"map(from: a)",65536,32,132,1,1,44,0,113.549456000
3,"map(from: a)",65536,32,132,1,1,17,0,109.330937266
3,"map(from: a)",65536,32,132,1,1,294,0,134.260766208
3,"map(from: a)",65536,32,132,1,1,28,0,113.075785339
3,"map(from: a)",65536,32,132,1,1,114,0,117.878802121
3,"map(from: a)",65536,32,132,1,1,2,0,109.576247633
3,"map(from: a)",65536,32,132,1,1,7,0,111.903622746
3,"map(from: a)",65536,32,132,1,1,183,0,126.571208239
3,"map(from: a)",65536,32,132,1,1,8096,0,768.754817545
3,"map(from: a)",65536,32,132,1,1,11,0,114.458799362
3,"map(from: a)",65536,32,132,1,1,1,0,113.282911479
3,"map(from: a)",65536,32,132,1,1,1218,0,211.022235453
3,"map(from: a)",65536,32,132,1,1,472,0,150.467269123
3,"map(from: a)",65536,32,132,1,1,71,0,114.677660167
3,"map(from: a)",65536,32,132,1,1,5042,0,516.410358250
3,"map(from: a)",65536,32,132,1,1,4,0,112.672708929
3,"map(from: a)",65536,32,132,1,2,2,0,111.755356193
3,"map(from: a)",65536,32,132,1,2,71,0,117.689371109
3,"map(from: a)",65536,32,132,1,2,17,0,114.304758608
3,"map(from: a)",65536,32,132,1,2,472,0,147.429481149
3,"map(from: a)",65536,32,132,1,2,5042,0,516.396574676
3,"map(from: a)",65536,32,132,1,2,28,0,115.048699081
3,"map(from: a)",65536,32,132,1,2,44,0,116.043165326
3,"map(from: a)",65536,32,132,1,2,1218,0,213.898904622
3,"map(from: a)",65536,32,132,1,2,4,0,115.579925478
3,"map(from: a)",65536,32,132,1,2,1955,0,267.730653286
3,"map(from: a)",65536,32,132,1,2,183,0,122.326612473
3,"map(from: a)",65536,32,132,1,2,7,0,108.403712511
3,"map(from: a)",65536,32,132,1,2,758,0,169.926509261
3,"map(from: a)",65536,32,132,1,2,1,0,110.448338091
3,"map(from: a)",65536,32,132,1,2,3140,0,360.377691686
3,"map(from: a)",65536,32,132,1,2,8096,0,758.806057274
3,"map(from: a)",65536,32,132,1,2,3,0,109.622068703
3,"map(from: a)",65536,32,132,1,2,114,0,118.249282241
3,"map(from: a)",65536,32,132,1,2,11,0,110.099837184
3,"map(from: a)",65536,32,132,1,2,294,0,133.784487844
3,"map(from: a)",65536,32,132,1,3,1,0,112.258456647
3,"map(from: a)",65536,32,132,1,3,17,0,114.864856005
3,"map(from: a)",65536,32,132,1,3,294,0,136.807002127
3,"map(from: a)",65536,32,132,1,3,5042,0,513.662584126
3,"map(from: a)",65536,32,132,1,3,114,0,123.071856797
3,"map(from: a)",65536,32,132,1,3,28,0,118.175894022
3,"map(from: a)",65536,32,132,1,3,1218,0,211.654044688
3,"map(from: a)",65536,32,132,1,3,2,0,112.364068627
3,"map(from: a)",65536,32,132,1,3,3,0,108.794867992
3,"map(from: a)",65536,32,132,1,3,4,0,107.487477362
3,"map(from: a)",65536,32,132,1,3,758,0,170.928239822
3,"map(from: a)",65536,32,132,1,3,11,0,114.427320659
3,"map(from: a)",65536,32,132,1,3,44,0,117.390789092
3,"map(from: a)",65536,32,132,1,3,472,0,152.361020446
3,"map(from: a)",65536,32,132,1,3,7,0,114.779919386
3,"map(from: a)",65536,32,132,1,3,1955,0,272.713601589
3,"map(from: a)",65536,32,132,1,3,71,0,117.885321379
3,"map(from: a)",65536,32,132,1,3,183,0,124.377198517
3,"map(from: a)",65536,32,132,1,3,8096,0,762.593001127
3,"map(from: a)",65536,32,132,1,3,3140,0,368.387997150
3,"map(from: a)",65536,32,132,1,4,472,0,152.886286378
3,"map(from: a)",65536,32,132,1,4,71,0,120.483338833
3,"map(from: a)",65536,32,132,1,4,1,0,118.210539222
3,"map(from: a)",65536,32,132,1,4,11,0,118.795409799
3,"map(from: a)",65536,32,132,1,4,4,0,115.725025535
3,"map(from: a)",65536,32,132,1,4,3140,0,363.858230412
3,"map(from: a)",65536,32,132,1,4,28,0,112.913176417
3,"map(from: a)",65536,32,132,1,4,1218,0,209.423340857
3,"map(from: a)",65536,32,132,1,4,2,0,110.736116767
3,"map(from: a)",65536,32,132,1,4,183,0,126.926973462
3,"map(from: a)",65536,32,132,1,4,5042,0,507.018528879
3,"map(from: a)",65536,32,132,1,4,114,0,120.013020933
3,"map(from: a)",65536,32,132,1,4,3,0,98.559074104
3,"map(from: a)",65536,32,132,1,4,44,0,103.031471372
3,"map(from: a)",65536,32,132,1,4,758,0,157.073326409
3,"map(from: a)",65536,32,132,1,4,8096,0,768.386200070
3,"map(from: a)",65536,32,132,1,4,1955,0,277.812965214
3,"map(from: a)",65536,32,132,1,4,294,0,146.262161434
3,"map(from: a)",65536,32,132,1,4,7,0,121.850520372
3,"map(from: a)",65536,32,132,1,4,17,0,123.874284327
4,"map(alloc: a)",1,32,132,0,0,7,0,34.954957664
4,"map(alloc: a)",1,32,132,0,0,114,0,44.814124703
4,"map(alloc: a)",1,32,132,0,0,3,0,35.849399865
4,"map(alloc: a)",1,32,132,0,0,17,0,36.988221109
4,"map(alloc: a)",1,32,132,0,0,1,0,35.680644214
4,"map(alloc: a)",1,32,132,0,0,44,0,38.476102054
4,"map(alloc: a)",1,32,132,0,0,294,0,58.535672724
4,"map(alloc: a)",1,32,132,0,0,3140,0,287.347286940
4,"map(alloc: a)",1,32,132,0,0,4,0,34.973211586
4,"map(alloc: a)",1,32,132,0,0,1955,0,190.457887948
4,"map(alloc: a)",1,32,132,0,0,183,0,48.232264817
4,"map(alloc: a)",1,32,132,0,0,8096,0,683.993473649
4,"map(alloc: a)",1,32,132,0,0,758,0,95.288828015
4,"map(alloc: a)",1,32,132,0,0,71,0,39.520300925
4,"map(alloc: a)",1,32,132,0,0,2,0,35.249814391
4,"map(alloc: a)",1,32,132,0,0,11,0,36.204606295
4,"map(alloc: a)",1,32,132,0,0,28,0,37.333555520
4,"map(alloc: a)",1,32,132,0,0,5042,0,440.787151456
4,"map(alloc: a)",1,32,132,0,0,1218,0,131.387077272
4,"map(alloc: a)",1,32,132,0,0,472,0,73.460862041
4,"map(alloc: a)",1,32,132,0,1,4,0,34.395605326
4,"map(alloc: a)",1,32,132,0,1,1,0,34.779310226
4,"map(alloc: a)",1,32,132,0,1,17,0,35.998411477
4,"map(alloc: a)",1,32,132,0,1,28,0,35.327486694
4,"map(alloc: a)",1,32,132,0,1,11,0,35.203434527
4,"map(alloc: a)",1,32,132,0,1,3140,0,286.702066660
4,"map(alloc: a)",1,32,132,0,1,2,0,33.202394843
4,"map(alloc: a)",1,32,132,0,1,758,0,95.527991652
4,"map(alloc: a)",1,32,132,0,1,1218,0,131.954438984
4,"map(alloc: a)",1,32,132,0,1,44,0,38.295611739
4,"map(alloc: a)",1,32,132,0,1,71,0,40.804781020
4,"map(alloc: a)",1,32,132,0,1,114,0,43.702311814
4,"map(alloc: a)",1,32,132,0,1,294,0,60.072727501
4,"map(alloc: a)",1,32,132,0,1,7,0,36.293268204
4,"map(alloc: a)",1,32,132,0,1,183,0,51.889382303
4,"map(alloc: a)",1,32,132,0,1,8096,0,685.988925397
4,"map(alloc: a)",1,32,132,0,1,472,0,74.119493365
4,"map(alloc: a)",1,32,132,0,1,1955,0,190.371461213
4,"map(alloc: a)",1,32,132,0,1,3,0,34.630298615
4,"map(alloc: a)",1,32,132,0,1,5042,0,439.123809338
4,"map(alloc: a)",1,32,132,0,2,3,0,34.538656473
4,"map(alloc: a)",1,32,132,0,2,44,0,37.578307092
4,"map(alloc: a)",1,32,132,0,2,1,0,32.763928175
4,"map(alloc: a)",1,32,132,0,2,183,0,47.651305795
4,"map(alloc: a)",1,32,132,0,2,294,0,55.551901460
4,"map(alloc: a)",1,32,132,0,2,5042,0,439.352355897
4,"map(alloc: a)",1,32,132,0,2,7,0,36.489963531
4,"map(alloc: a)",1,32,132,0,2,8096,0,684.048235416
4,"map(alloc: a)",1,32,132,0,2,2,0,32.836198807
4,"map(alloc: a)",1,32,132,0,2,114,0,41.909515858
4,"map(alloc: a)",1,32,132,0,2,71,0,38.073398173
4,"map(alloc: a)",1,32,132,0,2,1955,0,188.733451068
4,"map(alloc: a)",1,32,132,0,2,17,0,34.453906119
4,"map(alloc: a)",1,32,132,0,2,472,0,71.558170021
4,"map(alloc: a)",1,32,132,0,2,11,0,35.361386836
4,"map(alloc: a)",1,32,132,0,2,1218,0,132.708437741
4,"map(alloc: a)",1,32,132,0,2,4,0,35.000033677
4,"map(alloc: a)",1,32,132,0,2,3140,0,287.304818630
4,"map(alloc: a)",1,32,132,0,2,758,0,94.911828637
4,"map(alloc: a)",1,32,132,0,2,28,0,36.153942347
4,"map(alloc: a)",1,32,132,0,3,11,0,34.618005157
4,"map(alloc: a)",1,32,132,0,3,4,0,32.561458647
4,"map(alloc: a)",1,32,132,0,3,5042,0,440.902076662
4,"map(alloc: a)",1,32,132,0,3,183,0,49.042329192
4,"map(alloc: a)",1,32,132,0,3,17,0,33.251196146
4,"map(alloc: a)",1,32,132,0,3,3,0,33.101439476
4,"map(alloc: a)",1,32,132,0,3,28,0,35.727769136
4,"map(alloc: a)",1,32,132,0,3,1218,0,132.478773594
4,"map(alloc: a)",1,32,132,0,3,114,0,43.556652963
4,"map(alloc: a)",1,32,132,0,3,758,0,95.904059708
4,"map(alloc: a)",1,32,132,0,3,1955,0,192.568823695
4,"map(alloc: a)",1,32,132,0,3,472,0,72.536058724
4,"map(alloc: a)",1,32,132,0,3,7,0,23.828074336
4,"map(alloc: a)",1,32,132,0,3,44,0,27.980841696
4,"map(alloc: a)",1,32,132,0,3,3140,0,276.451930404
4,"map(alloc: a)",1,32,132,0,3,8096,0,674.868002534
4,"map(alloc: a)",1,32,132,0,3,71,0,28.706900775
4,"map(alloc: a)",1,32,132,0,3,1,0,22.912211716
4,"map(alloc: a)",1,32,132,0,3,2,0,22.904388607
4,"map(alloc: a)",1,32,132,0,3,294,0,46.747736633
4,"map(alloc: a)",1,32,132,0,4,3,0,23.683160543
4,"map(alloc: a)",1,32,132,0,4,8096,0,673.752836883
4,"map(alloc: a)",1,32,132,0,4,1,0,22.760406137
4,"map(alloc: a)",1,32,132,0,4,28,0,24.422816932
4,"map(alloc: a)",1,32,132,0,4,17,0,25.380775332
4,"map(alloc: a)",1,32,132,0,4,5042,0,429.419241846
4,"map(alloc: a)",1,32,132,0,4,7,0,24.650804698
4,"map(alloc: a)",1,32,132,0,4,114,0,32.117962837
4,"map(alloc: a)",1,32,132,0,4,44,0,27.001276612
4,"map(alloc: a)",1,32,132,0,4,2,0,23.108348250
4,"map(alloc: a)",1,32,132,0,4,294,0,46.017765999
4,"map(alloc: a)",1,32,132,0,4,758,0,83.769112825
4,"map(alloc: a)",1,32,132,0,4,183,0,37.118978798
4,"map(alloc: a)",1,32,132,0,4,4,0,22.877007723
4,"map(alloc: a)",1,32,132,0,4,1218,0,120.419636369
4,"map(alloc: a)",1,32,132,0,4,71,0,29.433891177
4,"map(alloc: a)",1,32,132,0,4,1955,0,180.552527308
4,"map(alloc: a)",1,32,132,0,4,11,0,23.204833269
4,"map(alloc: a)",1,32,132,0,4,472,0,60.625001788
4,"map(alloc: a)",1,32,132,0,4,3140,0,276.130437851
4,"map(alloc: a)",1,32,132,1,0,2,0,22.770278156
4,"map(alloc: a)",1,32,132,1,0,4,0,23.660995066
4,"map(alloc: a)",1,32,132,1,0,472,0,60.987472534
4,"map(alloc: a)",1,32,132,1,0,3140,0,275.011919439
4,"map(alloc: a)",1,32,132,1,0,183,0,37.523359060
4,"map(alloc: a)",1,32,132,1,0,28,0,24.954602122
4,"map(alloc: a)",1,32,132,1,0,71,0,28.321892023
4,"map(alloc: a)",1,32,132,1,0,1218,0,121.395476162
4,"map(alloc: a)",1,32,132,1,0,294,0,46.540796757
4,"map(alloc: a)",1,32,132,1,0,1,0,22.107921541
4,"map(alloc: a)",1,32,132,1,0,7,0,24.215318263
4,"map(alloc: a)",1,32,132,1,0,1955,0,180.242024362
4,"map(alloc: a)",1,32,132,1,0,758,0,84.628723562
4,"map(alloc: a)",1,32,132,1,0,114,0,31.829252839
4,"map(alloc: a)",1,32,132,1,0,11,0,23.248046637
4,"map(alloc: a)",1,32,132,1,0,3,0,22.547505796
4,"map(alloc: a)",1,32,132,1,0,8096,0,673.872977495
4,"map(alloc: a)",1,32,132,1,0,44,0,27.302652597
4,"map(alloc: a)",1,32,132,1,0,17,0,24.258717895
4,"map(alloc: a)",1,32,132,1,0,5042,0,428.000465035
4,"map(alloc: a)",1,32,132,1,1,758,0,83.713419735
4,"map(alloc: a)",1,32,132,1,1,3,0,23.732334375
4,"map(alloc: a)",1,32,132,1,1,3140,0,275.981053710
4,"map(alloc: a)",1,32,132,1,1,1955,0,180.032663047
4,"map(alloc: a)",1,32,132,1,1,44,0,26.596337557
4,"map(alloc: a)",1,32,132,1,1,17,0,24.064257741
4,"map(alloc: a)",1,32,132,1,1,294,0,46.446546912
4,"map(alloc: a)",1,32,132,1,1,28,0,25.048106909
4,"map(alloc: a)",1,32,132,1,1,114,0,32.037124038
4,"map(alloc: a)",1,32,132,1,1,2,0,22.383220494
4,"map(alloc: a)",1,32,132,1,1,7,0,23.458898067
4,"map(alloc: a)",1,32,132,1,1,183,0,37.303194404
4,"map(alloc: a)",1,32,132,1,1,8096,0,673.334859312
4,"map(alloc: a)",1,32,132,1,1,11,0,24.110265076
4,"map(alloc: a)",1,32,132,1,1,1,0,22.402778268
4,"map(alloc: a)",1,32,132,1,1,1218,0,121.979974210
4,"map(alloc: a)",1,32,132,1,1,472,0,61.120092869
4,"map(alloc: a)",1,32,132,1,1,71,0,28.549879789
4,"map(alloc: a)",1,32,132,1,1,5042,0,437.231548131
4,"map(alloc: a)",1,32,132,1,1,4,0,33.115781844
4,"map(alloc: a)",1,32,132,1,2,2,0,32.831728458
4,"map(alloc: a)",1,32,132,1,2,71,0,38.507767022
4,"map(alloc: a)",1,32,132,1,2,17,0,34.279748797
4,"map(alloc: a)",1,32,132,1,2,472,0,69.357454777
4,"map(alloc: a)",1,32,132,1,2,5042,0,437.405332923
4,"map(alloc: a)",1,32,132,1,2,28,0,34.515373409
4,"map(alloc: a)",1,32,132,1,2,44,0,35.754032433
4,"map(alloc: a)",1,32,132,1,2,1218,0,129.854306579
4,"map(alloc: a)",1,32,132,1,2,4,0,33.569335938
4,"map(alloc: a)",1,32,132,1,2,1955,0,190.979056060
4,"map(alloc: a)",1,32,132,1,2,183,0,47.312118113
4,"map(alloc: a)",1,32,132,1,2,7,0,32.567232847
4,"map(alloc: a)",1,32,132,1,2,758,0,94.360485673
4,"map(alloc: a)",1,32,132,1,2,1,0,33.394433558
4,"map(alloc: a)",1,32,132,1,2,3140,0,284.720771015
4,"map(alloc: a)",1,32,132,1,2,8096,0,682.760402560
4,"map(alloc: a)",1,32,132,1,2,3,0,32.555498183
4,"map(alloc: a)",1,32,132,1,2,114,0,41.790120304
4,"map(alloc: a)",1,32,132,1,2,11,0,33.973902464
4,"map(alloc: a)",1,32,132,1,2,294,0,55.674463511
4,"map(alloc: a)",1,32,132,1,3,1,0,32.760761678
4,"map(alloc: a)",1,32,132,1,3,17,0,34.892186522
4,"map(alloc: a)",1,32,132,1,3,294,0,55.690854788
4,"map(alloc: a)",1,32,132,1,3,5042,0,438.237003982
4,"map(alloc: a)",1,32,132,1,3,114,0,42.774714530
4,"map(alloc: a)",1,32,132,1,3,28,0,34.428946674
4,"map(alloc: a)",1,32,132,1,3,1218,0,130.383670330
4,"map(alloc: a)",1,32,132,1,3,2,0,33.480674028
4,"map(alloc: a)",1,32,132,1,3,3,0,33.323094249
4,"map(alloc: a)",1,32,132,1,3,4,0,32.190419734
4,"map(alloc: a)",1,32,132,1,3,758,0,92.682056129
4,"map(alloc: a)",1,32,132,1,3,11,0,33.018924296
4,"map(alloc: a)",1,32,132,1,3,44,0,35.797618330
4,"map(alloc: a)",1,32,132,1,3,472,0,69.740414619
4,"map(alloc: a)",1,32,132,1,3,7,0,34.625455737
4,"map(alloc: a)",1,32,132,1,3,1955,0,189.250707626
4,"map(alloc: a)",1,32,132,1,3,71,0,38.584694266
4,"map(alloc: a)",1,32,132,1,3,183,0,47.187879682
4,"map(alloc: a)",1,32,132,1,3,8096,0,683.203153312
4,"map(alloc: a)",1,32,132,1,3,3140,0,284.792110324
4,"map(alloc: a)",1,32,132,1,4,472,0,71.044825017
4,"map(alloc: a)",1,32,132,1,4,71,0,38.848444819
4,"map(alloc: a)",1,32,132,1,4,1,0,32.257847488
4,"map(alloc: a)",1,32,132,1,4,11,0,33.182092011
4,"map(alloc: a)",1,32,132,1,4,4,0,33.623725176
4,"map(alloc: a)",1,32,132,1,4,3140,0,284.605845809
4,"map(alloc: a)",1,32,132,1,4,28,0,37.201121449
4,"map(alloc: a)",1,32,132,1,4,1218,0,130.835361779
4,"map(alloc: a)",1,32,132,1,4,2,0,32.445974648
4,"map(alloc: a)",1,32,132,1,4,183,0,48.342719674
4,"map(alloc: a)",1,32,132,1,4,5042,0,438.419170678
4,"map(alloc: a)",1,32,132,1,4,114,0,42.738020420
4,"map(alloc: a)",1,32,132,1,4,3,0,32.899156213
4,"map(alloc: a)",1,32,132,1,4,44,0,36.065094173
4,"map(alloc: a)",1,32,132,1,4,758,0,92.660635710
4,"map(alloc: a)",1,32,132,1,4,8096,0,683.006457984
4,"map(alloc: a)",1,32,132,1,4,1955,0,190.299004316
4,"map(alloc: a)",1,32,132,1,4,294,0,56.236237288
4,"map(alloc: a)",1,32,132,1,4,7,0,32.863952219
4,"map(alloc: a)",1,32,132,1,4,17,0,34.399889410
4,"map(alloc: a)",4,32,132,0,0,7,0,33.390149474
4,"map(alloc: a)",4,32,132,0,0,114,0,41.791796684
4,"map(alloc: a)",4,32,132,0,0,3,0,33.026002347
4,"map(alloc: a)",4,32,132,0,0,17,0,34.735724330
4,"map(alloc: a)",4,32,132,0,0,1,0,32.514892519
4,"map(alloc: a)",4,32,132,0,0,44,0,35.940110683
4,"map(alloc: a)",4,32,132,0,0,294,0,57.518854737
4,"map(alloc: a)",4,32,132,0,0,3140,0,285.665504634
4,"map(alloc: a)",4,32,132,0,0,4,0,33.026561141
4,"map(alloc: a)",4,32,132,0,0,1955,0,191.106460989
4,"map(alloc: a)",4,32,132,0,0,183,0,48.361532390
4,"map(alloc: a)",4,32,132,0,0,8096,0,685.031525791
4,"map(alloc: a)",4,32,132,0,0,758,0,95.036812127
4,"map(alloc: a)",4,32,132,0,0,71,0,38.875639439
4,"map(alloc: a)",4,32,132,0,0,2,0,33.267587423
4,"map(alloc: a)",4,32,132,0,0,11,0,35.207159817
4,"map(alloc: a)",4,32,132,0,0,28,0,35.545974970
4,"map(alloc: a)",4,32,132,0,0,5042,0,438.450649381
4,"map(alloc: a)",4,32,132,0,0,1218,0,130.469165742
4,"map(alloc: a)",4,32,132,0,0,472,0,71.378983557
4,"map(alloc: a)",4,32,132,0,1,4,0,33.245980740
4,"map(alloc: a)",4,32,132,0,1,1,0,32.893754542
4,"map(alloc: a)",4,32,132,0,1,17,0,35.538524389
4,"map(alloc: a)",4,32,132,0,1,28,0,35.865046084
4,"map(alloc: a)",4,32,132,0,1,11,0,34.621730447
4,"map(alloc: a)",4,32,132,0,1,3140,0,285.703875124
4,"map(alloc: a)",4,32,132,0,1,2,0,33.241882920
4,"map(alloc: a)",4,32,132,0,1,758,0,93.816965818
4,"map(alloc: a)",4,32,132,0,1,1218,0,131.178647280
4,"map(alloc: a)",4,32,132,0,1,44,0,36.517530680
4,"map(alloc: a)",4,32,132,0,1,71,0,39.570778608
4,"map(alloc: a)",4,32,132,0,1,114,0,43.037906289
4,"map(alloc: a)",4,32,132,0,1,294,0,58.049708605
4,"map(alloc: a)",4,32,132,0,1,7,0,34.015253186
4,"map(alloc: a)",4,32,132,0,1,183,0,47.910399735
4,"map(alloc: a)",4,32,132,0,1,8096,0,683.905370533
4,"map(alloc: a)",4,32,132,0,1,472,0,70.873089135
4,"map(alloc: a)",4,32,132,0,1,1955,0,190.694816411
4,"map(alloc: a)",4,32,132,0,1,3,0,33.455155790
4,"map(alloc: a)",4,32,132,0,1,5042,0,437.173433602
4,"map(alloc: a)",4,32,132,0,2,3,0,32.193213701
4,"map(alloc: a)",4,32,132,0,2,44,0,36.747753620
4,"map(alloc: a)",4,32,132,0,2,1,0,33.189542592
4,"map(alloc: a)",4,32,132,0,2,183,0,47.425366938
4,"map(alloc: a)",4,32,132,0,2,294,0,56.720897555
4,"map(alloc: a)",4,32,132,0,2,5042,0,437.970459461
4,"map(alloc: a)",4,32,132,0,2,7,0,32.920949161
4,"map(alloc: a)",4,32,132,0,2,8096,0,686.262361705
4,"map(alloc: a)",4,32,132,0,2,2,0,36.301650107
4,"map(alloc: a)",4,32,132,0,2,114,0,45.151077211
4,"map(alloc: a)",4,32,132,0,2,71,0,43.510831892
4,"map(alloc: a)",4,32,132,0,2,1955,0,192.116573453
4,"map(alloc: a)",4,32,132,0,2,17,0,36.168470979
4,"map(alloc: a)",4,32,132,0,2,472,0,71.018002927
4,"map(alloc: a)",4,32,132,0,2,11,0,32.634288073
4,"map(alloc: a)",4,32,132,0,2,1218,0,129.926018417
4,"map(alloc: a)",4,32,132,0,2,4,0,33.821910620
4,"map(alloc: a)",4,32,132,0,2,3140,0,286.004692316
4,"map(alloc: a)",4,32,132,0,2,758,0,93.376077712
4,"map(alloc: a)",4,32,132,0,2,28,0,35.311654210
4,"map(alloc: a)",4,32,132,0,3,11,0,33.890642226
4,"map(alloc: a)",4,32,132,0,3,4,0,32.881461084
4,"map(alloc: a)",4,32,132,0,3,5042,0,437.632016838
4,"map(alloc: a)",4,32,132,0,3,183,0,47.401711345
4,"map(alloc: a)",4,32,132,0,3,17,0,35.400502384
4,"map(alloc: a)",4,32,132,0,3,3,0,33.659487963
4,"map(alloc: a)",4,32,132,0,3,28,0,34.811906517
4,"map(alloc: a)",4,32,132,0,3,1218,0,131.894275546
4,"map(alloc: a)",4,32,132,0,3,114,0,42.852386832
4,"map(alloc: a)",4,32,132,0,3,758,0,95.811672509
4,"map(alloc: a)",4,32,132,0,3,1955,0,192.898139358
4,"map(alloc: a)",4,32,132,0,3,472,0,73.661655188
4,"map(alloc: a)",4,32,132,0,3,7,0,36.473944783
4,"map(alloc: a)",4,32,132,0,3,44,0,39.246864617
4,"map(alloc: a)",4,32,132,0,3,3140,0,287.299230695
4,"map(alloc: a)",4,32,132,0,3,8096,0,682.081654668
4,"map(alloc: a)",4,32,132,0,3,71,0,38.781948388
4,"map(alloc: a)",4,32,132,0,3,1,0,33.025816083
4,"map(alloc: a)",4,32,132,0,3,2,0,34.488551319
4,"map(alloc: a)",4,32,132,0,3,294,0,58.703124523
4,"map(alloc: a)",4,32,132,0,4,3,0,36.257505417
4,"map(alloc: a)",4,32,132,0,4,8096,0,684.846006334
4,"map(alloc: a)",4,32,132,0,4,1,0,32.795965672
4,"map(alloc: a)",4,32,132,0,4,28,0,34.759379923
4,"map(alloc: a)",4,32,132,0,4,17,0,35.423226655
4,"map(alloc: a)",4,32,132,0,4,5042,0,438.904203475
4,"map(alloc: a)",4,32,132,0,4,7,0,32.587535679
4,"map(alloc: a)",4,32,132,0,4,114,0,41.260197759
4,"map(alloc: a)",4,32,132,0,4,44,0,36.207959056
4,"map(alloc: a)",4,32,132,0,4,2,0,32.857432961
4,"map(alloc: a)",4,32,132,0,4,294,0,56.426785886
4,"map(alloc: a)",4,32,132,0,4,758,0,92.587433755
4,"map(alloc: a)",4,32,132,0,4,183,0,48.042461276
4,"map(alloc: a)",4,32,132,0,4,4,0,32.759085298
4,"map(alloc: a)",4,32,132,0,4,1218,0,129.596702754
4,"map(alloc: a)",4,32,132,0,4,71,0,39.987638593
4,"map(alloc: a)",4,32,132,0,4,1955,0,188.983790576
4,"map(alloc: a)",4,32,132,0,4,11,0,34.296140075
4,"map(alloc: a)",4,32,132,0,4,472,0,71.252696216
4,"map(alloc: a)",4,32,132,0,4,3140,0,285.648368299
4,"map(alloc: a)",4,32,132,1,0,2,0,33.457204700
4,"map(alloc: a)",4,32,132,1,0,4,0,32.582506537
4,"map(alloc: a)",4,32,132,1,0,472,0,70.419162512
4,"map(alloc: a)",4,32,132,1,0,3140,0,284.576416016
4,"map(alloc: a)",4,32,132,1,0,183,0,49.379095435
4,"map(alloc: a)",4,32,132,1,0,28,0,36.464445293
4,"map(alloc: a)",4,32,132,1,0,71,0,40.710717440
4,"map(alloc: a)",4,32,132,1,0,1218,0,131.242722273
4,"map(alloc: a)",4,32,132,1,0,294,0,56.827068329
4,"map(alloc: a)",4,32,132,1,0,1,0,34.010037780
4,"map(alloc: a)",4,32,132,1,0,7,0,33.721700311
4,"map(alloc: a)",4,32,132,1,0,1955,0,191.062688828
4,"map(alloc: a)",4,32,132,1,0,758,0,94.064138830
4,"map(alloc: a)",4,32,132,1,0,114,0,42.443349957
4,"map(alloc: a)",4,32,132,1,0,11,0,34.868530929
4,"map(alloc: a)",4,32,132,1,0,3,0,33.660791814
4,"map(alloc: a)",4,32,132,1,0,8096,0,683.939643204
4,"map(alloc: a)",4,32,132,1,0,44,0,37.988461554
4,"map(alloc: a)",4,32,132,1,0,17,0,36.146864295
4,"map(alloc: a)",4,32,132,1,0,5042,0,437.491573393
4,"map(alloc: a)",4,32,132,1,1,758,0,94.355456531
4,"map(alloc: a)",4,32,132,1,1,3,0,35.025738180
4,"map(alloc: a)",4,32,132,1,1,3140,0,285.637937486
4,"map(alloc: a)",4,32,132,1,1,1955,0,190.582498908
4,"map(alloc: a)",4,32,132,1,1,44,0,35.842694342
4,"map(alloc: a)",4,32,132,1,1,17,0,33.649429679
4,"map(alloc: a)",4,32,132,1,1,294,0,56.276284158
4,"map(alloc: a)",4,32,132,1,1,28,0,34.665316343
4,"map(alloc: a)",4,32,132,1,1,114,0,42.378716171
4,"map(alloc: a)",4,32,132,1,1,2,0,31.750462949
4,"map(alloc: a)",4,32,132,1,1,7,0,32.491981983
4,"map(alloc: a)",4,32,132,1,1,183,0,46.012736857
4,"map(alloc: a)",4,32,132,1,1,8096,0,684.317760170
4,"map(alloc: a)",4,32,132,1,1,11,0,33.285282552
4,"map(alloc: a)",4,32,132,1,1,1,0,32.606907189
4,"map(alloc: a)",4,32,132,1,1,1218,0,130.718015134
4,"map(alloc: a)",4,32,132,1,1,472,0,70.912763476
4,"map(alloc: a)",4,32,132,1,1,71,0,38.985349238
4,"map(alloc: a)",4,32,132,1,1,5042,0,437.506847084
4,"map(alloc: a)",4,32,132,1,1,4,0,33.419393003
4,"map(alloc: a)",4,32,132,1,2,2,0,34.051574767
4,"map(alloc: a)",4,32,132,1,2,71,0,39.969198406
4,"map(alloc: a)",4,32,132,1,2,17,0,34.747645259
4,"map(alloc: a)",4,32,132,1,2,472,0,71.659125388
4,"map(alloc: a)",4,32,132,1,2,5042,0,438.060797751
4,"map(alloc: a)",4,32,132,1,2,28,0,35.074166954
4,"map(alloc: a)",4,32,132,1,2,44,0,37.271343172
4,"map(alloc: a)",4,32,132,1,2,1218,0,131.501629949
4,"map(alloc: a)",4,32,132,1,2,4,0,34.443661571
4,"map(alloc: a)",4,32,132,1,2,1955,0,189.665146172
4,"map(alloc: a)",4,32,132,1,2,183,0,48.414058983
4,"map(alloc: a)",4,32,132,1,2,7,0,33.391080797
4,"map(alloc: a)",4,32,132,1,2,758,0,93.300826848
4,"map(alloc: a)",4,32,132,1,2,1,0,33.844634891
4,"map(alloc: a)",4,32,132,1,2,3140,0,285.735353827
4,"map(alloc: a)",4,32,132,1,2,8096,0,684.431195259
4,"map(alloc: a)",4,32,132,1,2,3,0,33.107213676
4,"map(alloc: a)",4,32,132,1,2,114,0,42.560324073
4,"map(alloc: a)",4,32,132,1,2,11,0,33.468939364
4,"map(alloc: a)",4,32,132,1,2,294,0,57.168118656
4,"map(alloc: a)",4,32,132,1,3,1,0,34.158304334
4,"map(alloc: a)",4,32,132,1,3,17,0,35.266205668
4,"map(alloc: a)",4,32,132,1,3,294,0,56.976079941
4,"map(alloc: a)",4,32,132,1,3,5042,0,438.259914517
4,"map(alloc: a)",4,32,132,1,3,114,0,42.733550072
4,"map(alloc: a)",4,32,132,1,3,28,0,35.821832716
4,"map(alloc: a)",4,32,132,1,3,1218,0,130.477175117
4,"map(alloc: a)",4,32,132,1,3,2,0,33.996254206
4,"map(alloc: a)",4,32,132,1,3,3,0,33.395178616
4,"map(alloc: a)",4,32,132,1,3,4,0,35.580992699
4,"map(alloc: a)",4,32,132,1,3,758,0,96.049718559
4,"map(alloc: a)",4,32,132,1,3,11,0,37.093833089
4,"map(alloc: a)",4,32,132,1,3,44,0,37.418492138
4,"map(alloc: a)",4,32,132,1,3,472,0,72.108767927
4,"map(alloc: a)",4,32,132,1,3,7,0,35.445950925
4,"map(alloc: a)",4,32,132,1,3,1955,0,191.454589367
4,"map(alloc: a)",4,32,132,1,3,71,0,38.874708116
4,"map(alloc: a)",4,32,132,1,3,183,0,47.880783677
4,"map(alloc: a)",4,32,132,1,3,8096,0,684.901885688
4,"map(alloc: a)",4,32,132,1,3,3140,0,286.538712680
4,"map(alloc: a)",4,32,132,1,4,472,0,71.778334677
4,"map(alloc: a)",4,32,132,1,4,71,0,38.754940033
4,"map(alloc: a)",4,32,132,1,4,1,0,35.376660526
4,"map(alloc: a)",4,32,132,1,4,11,0,33.690594137
4,"map(alloc: a)",4,32,132,1,4,4,0,33.242627978
4,"map(alloc: a)",4,32,132,1,4,3140,0,285.053625703
4,"map(alloc: a)",4,32,132,1,4,28,0,36.070309579
4,"map(alloc: a)",4,32,132,1,4,1218,0,131.096318364
4,"map(alloc: a)",4,32,132,1,4,2,0,33.353082836
4,"map(alloc: a)",4,32,132,1,4,183,0,48.392079771
4,"map(alloc: a)",4,32,132,1,4,5042,0,438.157655299
4,"map(alloc: a)",4,32,132,1,4,114,0,42.076036334
4,"map(alloc: a)",4,32,132,1,4,3,0,34.538470209
4,"map(alloc: a)",4,32,132,1,4,44,0,36.933086812
4,"map(alloc: a)",4,32,132,1,4,758,0,95.799379051
4,"map(alloc: a)",4,32,132,1,4,8096,0,684.745237231
4,"map(alloc: a)",4,32,132,1,4,1955,0,189.913995564
4,"map(alloc: a)",4,32,132,1,4,294,0,58.944523335
4,"map(alloc: a)",4,32,132,1,4,7,0,34.888274968
4,"map(alloc: a)",4,32,132,1,4,17,0,36.375783384
4,"map(alloc: a)",16,32,132,0,0,7,0,34.720264375
4,"map(alloc: a)",16,32,132,0,0,114,0,45.512802899
4,"map(alloc: a)",16,32,132,0,0,3,0,35.856664181
4,"map(alloc: a)",16,32,132,0,0,17,0,37.189386785
4,"map(alloc: a)",16,32,132,0,0,1,0,35.395659506
4,"map(alloc: a)",16,32,132,0,0,44,0,37.883408368
4,"map(alloc: a)",16,32,132,0,0,294,0,58.194249868
4,"map(alloc: a)",16,32,132,0,0,3140,0,286.641158164
4,"map(alloc: a)",16,32,132,0,0,4,0,35.461038351
4,"map(alloc: a)",16,32,132,0,0,1955,0,192.051939666
4,"map(alloc: a)",16,32,132,0,0,183,0,49.195438623
4,"map(alloc: a)",16,32,132,0,0,8096,0,684.505887330
4,"map(alloc: a)",16,32,132,0,0,758,0,95.546618104
4,"map(alloc: a)",16,32,132,0,0,71,0,42.111799121
4,"map(alloc: a)",16,32,132,0,0,2,0,33.828057349
4,"map(alloc: a)",16,32,132,0,0,11,0,35.384856164
4,"map(alloc: a)",16,32,132,0,0,28,0,37.394836545
4,"map(alloc: a)",16,32,132,0,0,5042,0,439.873710275
4,"map(alloc: a)",16,32,132,0,0,1218,0,133.282877505
4,"map(alloc: a)",16,32,132,0,0,472,0,73.535926640
4,"map(alloc: a)",16,32,132,0,1,4,0,34.509412944
4,"map(alloc: a)",16,32,132,0,1,1,0,35.151466727
4,"map(alloc: a)",16,32,132,0,1,17,0,36.402605474
4,"map(alloc: a)",16,32,132,0,1,28,0,36.571174860
4,"map(alloc: a)",16,32,132,0,1,11,0,36.007165909
4,"map(alloc: a)",16,32,132,0,1,3140,0,287.403166294
4,"map(alloc: a)",16,32,132,0,1,2,0,36.077015102
4,"map(alloc: a)",16,32,132,0,1,758,0,96.250511706
4,"map(alloc: a)",16,32,132,0,1,1218,0,132.198445499
4,"map(alloc: a)",16,32,132,0,1,44,0,38.323365152
4,"map(alloc: a)",16,32,132,0,1,71,0,40.498934686
4,"map(alloc: a)",16,32,132,0,1,114,0,43.565966189
4,"map(alloc: a)",16,32,132,0,1,294,0,58.277323842
4,"map(alloc: a)",16,32,132,0,1,7,0,35.576336086
4,"map(alloc: a)",16,32,132,0,1,183,0,49.062818289
4,"map(alloc: a)",16,32,132,0,1,8096,0,684.163719416
4,"map(alloc: a)",16,32,132,0,1,472,0,72.630867362
4,"map(alloc: a)",16,32,132,0,1,1955,0,191.032141447
4,"map(alloc: a)",16,32,132,0,1,3,0,35.336986184
4,"map(alloc: a)",16,32,132,0,1,5042,0,438.705645502
4,"map(alloc: a)",16,32,132,0,2,3,0,35.214051604
4,"map(alloc: a)",16,32,132,0,2,44,0,38.752518594
4,"map(alloc: a)",16,32,132,0,2,1,0,35.152584314
4,"map(alloc: a)",16,32,132,0,2,183,0,48.425421119
4,"map(alloc: a)",16,32,132,0,2,294,0,58.557093143
4,"map(alloc: a)",16,32,132,0,2,5042,0,440.673157573
4,"map(alloc: a)",16,32,132,0,2,7,0,36.070682108
4,"map(alloc: a)",16,32,132,0,2,8096,0,685.076788068
4,"map(alloc: a)",16,32,132,0,2,2,0,35.036168993
4,"map(alloc: a)",16,32,132,0,2,114,0,44.208765030
4,"map(alloc: a)",16,32,132,0,2,71,0,41.503086686
4,"map(alloc: a)",16,32,132,0,2,1955,0,192.722491920
4,"map(alloc: a)",16,32,132,0,2,17,0,36.220252514
4,"map(alloc: a)",16,32,132,0,2,472,0,71.892514825
4,"map(alloc: a)",16,32,132,0,2,11,0,35.586580634
4,"map(alloc: a)",16,32,132,0,2,1218,0,131.658837199
4,"map(alloc: a)",16,32,132,0,2,4,0,34.192763269
4,"map(alloc: a)",16,32,132,0,2,3140,0,286.341086030
4,"map(alloc: a)",16,32,132,0,2,758,0,95.646269619
4,"map(alloc: a)",16,32,132,0,2,28,0,37.233717740
4,"map(alloc: a)",16,32,132,0,3,11,0,35.816617310
4,"map(alloc: a)",16,32,132,0,3,4,0,34.966878593
4,"map(alloc: a)",16,32,132,0,3,5042,0,439.269095659
4,"map(alloc: a)",16,32,132,0,3,183,0,49.083493650
4,"map(alloc: a)",16,32,132,0,3,17,0,35.328418016
4,"map(alloc: a)",16,32,132,0,3,3,0,34.901127219
4,"map(alloc: a)",16,32,132,0,3,28,0,37.032924592
4,"map(alloc: a)",16,32,132,0,3,1218,0,131.604075432
4,"map(alloc: a)",16,32,132,0,3,114,0,43.507665396
4,"map(alloc: a)",16,32,132,0,3,758,0,95.378421247
4,"map(alloc: a)",16,32,132,0,3,1955,0,191.708095372
4,"map(alloc: a)",16,32,132,0,3,472,0,73.702260852
4,"map(alloc: a)",16,32,132,0,3,7,0,35.400688648
4,"map(alloc: a)",16,32,132,0,3,44,0,37.799030542
4,"map(alloc: a)",16,32,132,0,3,3140,0,285.826250911
4,"map(alloc: a)",16,32,132,0,3,8096,0,684.632919729
4,"map(alloc: a)",16,32,132,0,3,71,0,39.948523045
4,"map(alloc: a)",16,32,132,0,3,1,0,33.522956073
4,"map(alloc: a)",16,32,132,0,3,2,0,33.823959529
4,"map(alloc: a)",16,32,132,0,3,294,0,57.511031628
4,"map(alloc: a)",16,32,132,0,4,3,0,33.111684024
4,"map(alloc: a)",16,32,132,0,4,8096,0,684.178993106
4,"map(alloc: a)",16,32,132,0,4,1,0,35.243108869
4,"map(alloc: a)",16,32,132,0,4,28,0,36.041438580
4,"map(alloc: a)",16,32,132,0,4,17,0,35.620853305
4,"map(alloc: a)",16,32,132,0,4,5042,0,439.222715795
4,"map(alloc: a)",16,32,132,0,4,7,0,35.810843110
4,"map(alloc: a)",16,32,132,0,4,114,0,43.934024870
4,"map(alloc: a)",16,32,132,0,4,44,0,37.910416722
4,"map(alloc: a)",16,32,132,0,4,2,0,34.553371370
4,"map(alloc: a)",16,32,132,0,4,294,0,58.107078075
4,"map(alloc: a)",16,32,132,0,4,758,0,96.180662513
4,"map(alloc: a)",16,32,132,0,4,183,0,49.486383796
4,"map(alloc: a)",16,32,132,0,4,4,0,34.558959305
4,"map(alloc: a)",16,32,132,0,4,1218,0,130.915082991
4,"map(alloc: a)",16,32,132,0,4,71,0,39.051100612
4,"map(alloc: a)",16,32,132,0,4,1955,0,191.689282656
4,"map(alloc: a)",16,32,132,0,4,11,0,36.170333624
4,"map(alloc: a)",16,32,132,0,4,472,0,72.123669088
4,"map(alloc: a)",16,32,132,0,4,3140,0,286.628119648
4,"map(alloc: a)",16,32,132,1,0,2,0,35.419501364
4,"map(alloc: a)",16,32,132,1,0,4,0,35.828165710
4,"map(alloc: a)",16,32,132,1,0,472,0,72.440505028
4,"map(alloc: a)",16,32,132,1,0,3140,0,286.513566971
4,"map(alloc: a)",16,32,132,1,0,183,0,49.509294331
4,"map(alloc: a)",16,32,132,1,0,28,0,36.339648068
4,"map(alloc: a)",16,32,132,1,0,71,0,39.311684668
4,"map(alloc: a)",16,32,132,1,0,1218,0,132.033042610
4,"map(alloc: a)",16,32,132,1,0,294,0,57.180039585
4,"map(alloc: a)",16,32,132,1,0,1,0,33.424235880
4,"map(alloc: a)",16,32,132,1,0,7,0,34.293904901
4,"map(alloc: a)",16,32,132,1,0,1955,0,192.038342357
4,"map(alloc: a)",16,32,132,1,0,758,0,96.185132861
4,"map(alloc: a)",16,32,132,1,0,114,0,43.269805610
4,"map(alloc: a)",16,32,132,1,0,11,0,34.637190402
4,"map(alloc: a)",16,32,132,1,0,3,0,35.393051803
4,"map(alloc: a)",16,32,132,1,0,8096,0,684.497691691
4,"map(alloc: a)",16,32,132,1,0,44,0,38.678944111
4,"map(alloc: a)",16,32,132,1,0,17,0,36.612153053
4,"map(alloc: a)",16,32,132,1,0,5042,0,439.626350999
4,"map(alloc: a)",16,32,132,1,1,758,0,95.470808446
4,"map(alloc: a)",16,32,132,1,1,3,0,35.384297371
4,"map(alloc: a)",16,32,132,1,1,3140,0,286.546908319
4,"map(alloc: a)",16,32,132,1,1,1955,0,192.366167903
4,"map(alloc: a)",16,32,132,1,1,44,0,39.384700358
4,"map(alloc: a)",16,32,132,1,1,17,0,35.860762000
4,"map(alloc: a)",16,32,132,1,1,294,0,59.749558568
4,"map(alloc: a)",16,32,132,1,1,28,0,37.811137736
4,"map(alloc: a)",16,32,132,1,1,114,0,44.305250049
4,"map(alloc: a)",16,32,132,1,1,2,0,35.199150443
4,"map(alloc: a)",16,32,132,1,1,7,0,34.479796886
4,"map(alloc: a)",16,32,132,1,1,183,0,49.945339561
4,"map(alloc: a)",16,32,132,1,1,8096,0,685.764290392
4,"map(alloc: a)",16,32,132,1,1,11,0,36.500208080
4,"map(alloc: a)",16,32,132,1,1,1,0,36.700442433
4,"map(alloc: a)",16,32,132,1,1,1218,0,131.756998599
4,"map(alloc: a)",16,32,132,1,1,472,0,72.336010635
4,"map(alloc: a)",16,32,132,1,1,71,0,41.633285582
4,"map(alloc: a)",16,32,132,1,1,5042,0,441.800430417
4,"map(alloc: a)",16,32,132,1,1,4,0,35.528093576
4,"map(alloc: a)",16,32,132,1,2,2,0,34.857727587
4,"map(alloc: a)",16,32,132,1,2,71,0,41.186623275
4,"map(alloc: a)",16,32,132,1,2,17,0,36.587566137
4,"map(alloc: a)",16,32,132,1,2,472,0,73.324516416
4,"map(alloc: a)",16,32,132,1,2,5042,0,439.838878810
4,"map(alloc: a)",16,32,132,1,2,28,0,37.353858352
4,"map(alloc: a)",16,32,132,1,2,44,0,38.883835077
4,"map(alloc: a)",16,32,132,1,2,1218,0,133.719481528
4,"map(alloc: a)",16,32,132,1,2,4,0,34.700520337
4,"map(alloc: a)",16,32,132,1,2,1955,0,191.649422050
4,"map(alloc: a)",16,32,132,1,2,183,0,50.775147974
4,"map(alloc: a)",16,32,132,1,2,7,0,35.755522549
4,"map(alloc: a)",16,32,132,1,2,758,0,96.120312810
4,"map(alloc: a)",16,32,132,1,2,1,0,34.739263356
4,"map(alloc: a)",16,32,132,1,2,3140,0,288.410857320
4,"map(alloc: a)",16,32,132,1,2,8096,0,686.069205403
4,"map(alloc: a)",16,32,132,1,2,3,0,35.115331411
4,"map(alloc: a)",16,32,132,1,2,114,0,44.147297740
4,"map(alloc: a)",16,32,132,1,2,11,0,35.594962537
4,"map(alloc: a)",16,32,132,1,2,294,0,58.960728347
4,"map(alloc: a)",16,32,132,1,3,1,0,34.602731466
4,"map(alloc: a)",16,32,132,1,3,17,0,36.890059710
4,"map(alloc: a)",16,32,132,1,3,294,0,57.165510952
4,"map(alloc: a)",16,32,132,1,3,5042,0,440.487079322
4,"map(alloc: a)",16,32,132,1,3,114,0,43.951719999
4,"map(alloc: a)",16,32,132,1,3,28,0,36.282837391
4,"map(alloc: a)",16,32,132,1,3,1218,0,132.870115340
4,"map(alloc: a)",16,32,132,1,3,2,0,35.430490971
4,"map(alloc: a)",16,32,132,1,3,3,0,34.325756133
4,"map(alloc: a)",16,32,132,1,3,4,0,35.488046706
4,"map(alloc: a)",16,32,132,1,3,758,0,95.794536173
4,"map(alloc: a)",16,32,132,1,3,11,0,35.591423512
4,"map(alloc: a)",16,32,132,1,3,44,0,36.983750761
4,"map(alloc: a)",16,32,132,1,3,472,0,72.989054024
4,"map(alloc: a)",16,32,132,1,3,7,0,35.040080547
4,"map(alloc: a)",16,32,132,1,3,1955,0,192.193686962
4,"map(alloc: a)",16,32,132,1,3,71,0,39.819814265
4,"map(alloc: a)",16,32,132,1,3,183,0,49.949623644
4,"map(alloc: a)",16,32,132,1,3,8096,0,684.494338930
4,"map(alloc: a)",16,32,132,1,3,3140,0,287.126563489
4,"map(alloc: a)",16,32,132,1,4,472,0,73.897093534
4,"map(alloc: a)",16,32,132,1,4,71,0,41.098147631
4,"map(alloc: a)",16,32,132,1,4,1,0,36.449916661
4,"map(alloc: a)",16,32,132,1,4,11,0,36.708079278
4,"map(alloc: a)",16,32,132,1,4,4,0,35.216286778
4,"map(alloc: a)",16,32,132,1,4,3140,0,286.449491978
4,"map(alloc: a)",16,32,132,1,4,28,0,36.559812725
4,"map(alloc: a)",16,32,132,1,4,1218,0,132.755190134
4,"map(alloc: a)",16,32,132,1,4,2,0,35.157613456
4,"map(alloc: a)",16,32,132,1,4,183,0,50.233863294
4,"map(alloc: a)",16,32,132,1,4,5042,0,440.748594701
4,"map(alloc: a)",16,32,132,1,4,114,0,44.482015073
4,"map(alloc: a)",16,32,132,1,4,3,0,34.805014729
4,"map(alloc: a)",16,32,132,1,4,44,0,39.017014205
4,"map(alloc: a)",16,32,132,1,4,758,0,97.718834877
4,"map(alloc: a)",16,32,132,1,4,8096,0,684.813968837
4,"map(alloc: a)",16,32,132,1,4,1955,0,191.825069487
4,"map(alloc: a)",16,32,132,1,4,294,0,59.411488473
4,"map(alloc: a)",16,32,132,1,4,7,0,35.338662565
4,"map(alloc: a)",16,32,132,1,4,17,0,36.014057696
4,"map(alloc: a)",64,32,132,0,0,7,0,34.475699067
4,"map(alloc: a)",64,32,132,0,0,114,0,42.903609574
4,"map(alloc: a)",64,32,132,0,0,3,0,33.212266862
4,"map(alloc: a)",64,32,132,0,0,17,0,35.001523793
4,"map(alloc: a)",64,32,132,0,0,1,0,33.967196941
4,"map(alloc: a)",64,32,132,0,0,44,0,36.123581231
4,"map(alloc: a)",64,32,132,0,0,294,0,58.458186686
4,"map(alloc: a)",64,32,132,0,0,3140,0,286.163762212
4,"map(alloc: a)",64,32,132,0,0,4,0,33.983401954
4,"map(alloc: a)",64,32,132,0,0,1955,0,191.068649292
4,"map(alloc: a)",64,32,132,0,0,183,0,49.309059978
4,"map(alloc: a)",64,32,132,0,0,8096,0,684.628449380
4,"map(alloc: a)",64,32,132,0,0,758,0,94.669498503
4,"map(alloc: a)",64,32,132,0,0,71,0,39.011053741
4,"map(alloc: a)",64,32,132,0,0,2,0,33.569894731
4,"map(alloc: a)",64,32,132,0,0,11,0,33.971853554
4,"map(alloc: a)",64,32,132,0,0,28,0,34.249573946
4,"map(alloc: a)",64,32,132,0,0,5042,0,437.248311937
4,"map(alloc: a)",64,32,132,0,0,1218,0,131.493061781
4,"map(alloc: a)",64,32,132,0,0,472,0,71.385875344
4,"map(alloc: a)",64,32,132,0,1,4,0,35.103224218
4,"map(alloc: a)",64,32,132,0,1,1,0,34.506805241
4,"map(alloc: a)",64,32,132,0,1,17,0,35.249441862
4,"map(alloc: a)",64,32,132,0,1,28,0,35.504437983
4,"map(alloc: a)",64,32,132,0,1,11,0,36.623142660
4,"map(alloc: a)",64,32,132,0,1,3140,0,285.920500755
4,"map(alloc: a)",64,32,132,0,1,2,0,33.578462899
4,"map(alloc: a)",64,32,132,0,1,758,0,95.164403319
4,"map(alloc: a)",64,32,132,0,1,1218,0,131.355226040
4,"map(alloc: a)",64,32,132,0,1,44,0,37.783198059
4,"map(alloc: a)",64,32,132,0,1,71,0,39.216130972
4,"map(alloc: a)",64,32,132,0,1,114,0,41.829235852
4,"map(alloc: a)",64,32,132,0,1,294,0,59.380754828
4,"map(alloc: a)",64,32,132,0,1,7,0,34.696236253
4,"map(alloc: a)",64,32,132,0,1,183,0,47.788769007
4,"map(alloc: a)",64,32,132,0,1,8096,0,685.507431626
4,"map(alloc: a)",64,32,132,0,1,472,0,71.964785457
4,"map(alloc: a)",64,32,132,0,1,1955,0,193.310342729
4,"map(alloc: a)",64,32,132,0,1,3,0,34.211762249
4,"map(alloc: a)",64,32,132,0,1,5042,0,438.860803843
4,"map(alloc: a)",64,32,132,0,2,3,0,34.494884312
4,"map(alloc: a)",64,32,132,0,2,44,0,37.213042378
4,"map(alloc: a)",64,32,132,0,2,1,0,34.456513822
4,"map(alloc: a)",64,32,132,0,2,183,0,49.267150462
4,"map(alloc: a)",64,32,132,0,2,294,0,54.876133800
4,"map(alloc: a)",64,32,132,0,2,5042,0,437.749549747
4,"map(alloc: a)",64,32,132,0,2,7,0,34.134648740
4,"map(alloc: a)",64,32,132,0,2,8096,0,684.910081327
4,"map(alloc: a)",64,32,132,0,2,2,0,33.405050635
4,"map(alloc: a)",64,32,132,0,2,114,0,43.601170182
4,"map(alloc: a)",64,32,132,0,2,71,0,39.323791862
4,"map(alloc: a)",64,32,132,0,2,1955,0,190.239585936
4,"map(alloc: a)",64,32,132,0,2,17,0,34.754350781
4,"map(alloc: a)",64,32,132,0,2,472,0,71.132928133
4,"map(alloc: a)",64,32,132,0,2,11,0,33.955276012
4,"map(alloc: a)",64,32,132,0,2,1218,0,131.705775857
4,"map(alloc: a)",64,32,132,0,2,4,0,33.996999264
4,"map(alloc: a)",64,32,132,0,2,3140,0,284.885801375
4,"map(alloc: a)",64,32,132,0,2,758,0,94.158947468
4,"map(alloc: a)",64,32,132,0,2,28,0,34.847669303
4,"map(alloc: a)",64,32,132,0,3,11,0,34.473650157
4,"map(alloc: a)",64,32,132,0,3,4,0,33.792480826
4,"map(alloc: a)",64,32,132,0,3,5042,0,438.949652016
4,"map(alloc: a)",64,32,132,0,3,183,0,47.619640827
4,"map(alloc: a)",64,32,132,0,3,17,0,35.405904055
4,"map(alloc: a)",64,32,132,0,3,3,0,33.158063889
4,"map(alloc: a)",64,32,132,0,3,28,0,36.479718983
4,"map(alloc: a)",64,32,132,0,3,1218,0,131.977535784
4,"map(alloc: a)",64,32,132,0,3,114,0,41.576661170
4,"map(alloc: a)",64,32,132,0,3,758,0,95.019675791
4,"map(alloc: a)",64,32,132,0,3,1955,0,191.095657647
4,"map(alloc: a)",64,32,132,0,3,472,0,70.497021079
4,"map(alloc: a)",64,32,132,0,3,7,0,33.470243216
4,"map(alloc: a)",64,32,132,0,3,44,0,36.449544132
4,"map(alloc: a)",64,32,132,0,3,3140,0,286.011211574
4,"map(alloc: a)",64,32,132,0,3,8096,0,684.010796249
4,"map(alloc: a)",64,32,132,0,3,71,0,39.324723184
4,"map(alloc: a)",64,32,132,0,3,1,0,33.467635512
4,"map(alloc: a)",64,32,132,0,3,2,0,34.045428038
4,"map(alloc: a)",64,32,132,0,3,294,0,57.883374393
4,"map(alloc: a)",64,32,132,0,4,3,0,33.864937723
4,"map(alloc: a)",64,32,132,0,4,8096,0,684.054009616
4,"map(alloc: a)",64,32,132,0,4,1,0,34.518726170
4,"map(alloc: a)",64,32,132,0,4,28,0,35.657733679
4,"map(alloc: a)",64,32,132,0,4,17,0,35.670027137
4,"map(alloc: a)",64,32,132,0,4,5042,0,440.251640975
4,"map(alloc: a)",64,32,132,0,4,7,0,35.102851689
4,"map(alloc: a)",64,32,132,0,4,114,0,43.348781765
4,"map(alloc: a)",64,32,132,0,4,44,0,38.707628846
4,"map(alloc: a)",64,32,132,0,4,2,0,34.137628973
4,"map(alloc: a)",64,32,132,0,4,294,0,57.062320411
4,"map(alloc: a)",64,32,132,0,4,758,0,94.317831099
4,"map(alloc: a)",64,32,132,0,4,183,0,47.769770026
4,"map(alloc: a)",64,32,132,0,4,4,0,33.170171082
4,"map(alloc: a)",64,32,132,0,4,1218,0,132.368505001
4,"map(alloc: a)",64,32,132,0,4,71,0,39.885379374
4,"map(alloc: a)",64,32,132,0,4,1955,0,191.880576313
4,"map(alloc: a)",64,32,132,0,4,11,0,35.341829062
4,"map(alloc: a)",64,32,132,0,4,472,0,71.613490582
4,"map(alloc: a)",64,32,132,0,4,3140,0,285.327993333
4,"map(alloc: a)",64,32,132,1,0,2,0,34.871883690
4,"map(alloc: a)",64,32,132,1,0,4,0,33.549591899
4,"map(alloc: a)",64,32,132,1,0,472,0,71.601383388
4,"map(alloc: a)",64,32,132,1,0,3140,0,284.640304744
4,"map(alloc: a)",64,32,132,1,0,183,0,48.581883311
4,"map(alloc: a)",64,32,132,1,0,28,0,35.934150219
4,"map(alloc: a)",64,32,132,1,0,71,0,38.535147905
4,"map(alloc: a)",64,32,132,1,0,1218,0,129.329785705
4,"map(alloc: a)",64,32,132,1,0,294,0,57.062692940
4,"map(alloc: a)",64,32,132,1,0,1,0,24.585984647
4,"map(alloc: a)",64,32,132,1,0,7,0,24.721026421
4,"map(alloc: a)",64,32,132,1,0,1955,0,183.181278408
4,"map(alloc: a)",64,32,132,1,0,758,0,87.379105389
4,"map(alloc: a)",64,32,132,1,0,114,0,34.524686635
4,"map(alloc: a)",64,32,132,1,0,11,0,26.695802808
4,"map(alloc: a)",64,32,132,1,0,3,0,30.097551644
4,"map(alloc: a)",64,32,132,1,0,8096,0,679.056532681
4,"map(alloc: a)",64,32,132,1,0,44,0,28.238259256
4,"map(alloc: a)",64,32,132,1,0,17,0,25.167129934
4,"map(alloc: a)",64,32,132,1,0,5042,0,431.872718036
4,"map(alloc: a)",64,32,132,1,1,758,0,86.509622633
4,"map(alloc: a)",64,32,132,1,1,3,0,24.213083088
4,"map(alloc: a)",64,32,132,1,1,3140,0,284.136086702
4,"map(alloc: a)",64,32,132,1,1,1955,0,187.035277486
4,"map(alloc: a)",64,32,132,1,1,44,0,27.710199356
4,"map(alloc: a)",64,32,132,1,1,17,0,27.091056108
4,"map(alloc: a)",64,32,132,1,1,294,0,49.844197929
4,"map(alloc: a)",64,32,132,1,1,28,0,27.150847018
4,"map(alloc: a)",64,32,132,1,1,114,0,35.078823566
4,"map(alloc: a)",64,32,132,1,1,2,0,25.060214102
4,"map(alloc: a)",64,32,132,1,1,7,0,24.933181703
4,"map(alloc: a)",64,32,132,1,1,183,0,41.410699487
4,"map(alloc: a)",64,32,132,1,1,8096,0,680.084340274
4,"map(alloc: a)",64,32,132,1,1,11,0,29.827654362
4,"map(alloc: a)",64,32,132,1,1,1,0,34.970790148
4,"map(alloc: a)",64,32,132,1,1,1218,0,130.209140480
4,"map(alloc: a)",64,32,132,1,1,472,0,71.219354868
4,"map(alloc: a)",64,32,132,1,1,71,0,40.617212653
4,"map(alloc: a)",64,32,132,1,1,5042,0,438.768416643
4,"map(alloc: a)",64,32,132,1,1,4,0,35.242363811
4,"map(alloc: a)",64,32,132,1,2,2,0,34.444592893
4,"map(alloc: a)",64,32,132,1,2,71,0,39.958395064
4,"map(alloc: a)",64,32,132,1,2,17,0,35.289302468
4,"map(alloc: a)",64,32,132,1,2,472,0,72.867795825
4,"map(alloc: a)",64,32,132,1,2,5042,0,439.012050629
4,"map(alloc: a)",64,32,132,1,2,28,0,36.272965372
4,"map(alloc: a)",64,32,132,1,2,44,0,36.262162030
4,"map(alloc: a)",64,32,132,1,2,1218,0,130.797922611
4,"map(alloc: a)",64,32,132,1,2,4,0,34.258700907
4,"map(alloc: a)",64,32,132,1,2,1955,0,191.889144480
4,"map(alloc: a)",64,32,132,1,2,183,0,48.371404409
4,"map(alloc: a)",64,32,132,1,2,7,0,34.284032881
4,"map(alloc: a)",64,32,132,1,2,758,0,94.745866954
4,"map(alloc: a)",64,32,132,1,2,1,0,33.338181674
4,"map(alloc: a)",64,32,132,1,2,3140,0,287.776626647
4,"map(alloc: a)",64,32,132,1,2,8096,0,684.704631567
4,"map(alloc: a)",64,32,132,1,2,3,0,33.637695014
4,"map(alloc: a)",64,32,132,1,2,114,0,43.617933989
4,"map(alloc: a)",64,32,132,1,2,11,0,35.485066473
4,"map(alloc: a)",64,32,132,1,2,294,0,57.544372976
4,"map(alloc: a)",64,32,132,1,3,1,0,35.263970494
4,"map(alloc: a)",64,32,132,1,3,17,0,34.549646080
4,"map(alloc: a)",64,32,132,1,3,294,0,58.584287763
4,"map(alloc: a)",64,32,132,1,3,5042,0,440.290756524
4,"map(alloc: a)",64,32,132,1,3,114,0,45.249797404
4,"map(alloc: a)",64,32,132,1,3,28,0,37.004984915
4,"map(alloc: a)",64,32,132,1,3,1218,0,132.989883423
4,"map(alloc: a)",64,32,132,1,3,2,0,35.107880831
4,"map(alloc: a)",64,32,132,1,3,3,0,34.840404987
4,"map(alloc: a)",64,32,132,1,3,4,0,35.396404564
4,"map(alloc: a)",64,32,132,1,3,758,0,94.870291650
4,"map(alloc: a)",64,32,132,1,3,11,0,35.412609577
4,"map(alloc: a)",64,32,132,1,3,44,0,38.162246346
4,"map(alloc: a)",64,32,132,1,3,472,0,73.615089059
4,"map(alloc: a)",64,32,132,1,3,7,0,35.274215043
4,"map(alloc: a)",64,32,132,1,3,1955,0,191.492028534
4,"map(alloc: a)",64,32,132,1,3,71,0,40.957145393
4,"map(alloc: a)",64,32,132,1,3,183,0,48.412010074
4,"map(alloc: a)",64,32,132,1,3,8096,0,684.866681695
4,"map(alloc: a)",64,32,132,1,3,3140,0,285.609811544
4,"map(alloc: a)",64,32,132,1,4,472,0,73.832273483
4,"map(alloc: a)",64,32,132,1,4,71,0,41.329860687
4,"map(alloc: a)",64,32,132,1,4,1,0,34.917891026
4,"map(alloc: a)",64,32,132,1,4,11,0,36.927871406
4,"map(alloc: a)",64,32,132,1,4,4,0,35.512447357
4,"map(alloc: a)",64,32,132,1,4,3140,0,285.763479769
4,"map(alloc: a)",64,32,132,1,4,28,0,34.756213427
4,"map(alloc: a)",64,32,132,1,4,1218,0,131.022185087
4,"map(alloc: a)",64,32,132,1,4,2,0,32.487511635
4,"map(alloc: a)",64,32,132,1,4,183,0,46.771764755
4,"map(alloc: a)",64,32,132,1,4,5042,0,438.353233039
4,"map(alloc: a)",64,32,132,1,4,114,0,43.357163668
4,"map(alloc: a)",64,32,132,1,4,3,0,33.818185329
4,"map(alloc: a)",64,32,132,1,4,44,0,39.473176003
4,"map(alloc: a)",64,32,132,1,4,758,0,95.904618502
4,"map(alloc: a)",64,32,132,1,4,8096,0,684.837251902
4,"map(alloc: a)",64,32,132,1,4,1955,0,190.839171410
4,"map(alloc: a)",64,32,132,1,4,294,0,56.306272745
4,"map(alloc: a)",64,32,132,1,4,7,0,33.424794674
4,"map(alloc: a)",64,32,132,1,4,17,0,35.316124558
4,"map(alloc: a)",256,32,132,0,0,7,0,31.988136470
4,"map(alloc: a)",256,32,132,0,0,114,0,42.618624866
4,"map(alloc: a)",256,32,132,0,0,3,0,34.223869443
4,"map(alloc: a)",256,32,132,0,0,17,0,34.565851092
4,"map(alloc: a)",256,32,132,0,0,1,0,31.934492290
4,"map(alloc: a)",256,32,132,0,0,44,0,37.057511508
4,"map(alloc: a)",256,32,132,0,0,294,0,57.358294725
4,"map(alloc: a)",256,32,132,0,0,3140,0,284.742750227
4,"map(alloc: a)",256,32,132,0,0,4,0,32.371096313
4,"map(alloc: a)",256,32,132,0,0,1955,0,189.217180014
4,"map(alloc: a)",256,32,132,0,0,183,0,47.077238560
4,"map(alloc: a)",256,32,132,0,0,8096,0,683.886557817
4,"map(alloc: a)",256,32,132,0,0,758,0,93.546882272
4,"map(alloc: a)",256,32,132,0,0,71,0,37.831068039
4,"map(alloc: a)",256,32,132,0,0,2,0,33.292733133
4,"map(alloc: a)",256,32,132,0,0,11,0,34.266896546
4,"map(alloc: a)",256,32,132,0,0,28,0,34.470483661
4,"map(alloc: a)",256,32,132,0,0,5042,0,438.579916954
4,"map(alloc: a)",256,32,132,0,0,1218,0,131.002627313
4,"map(alloc: a)",256,32,132,0,0,472,0,71.901455522
4,"map(alloc: a)",256,32,132,0,1,4,0,33.068470657
4,"map(alloc: a)",256,32,132,0,1,1,0,33.644773066
4,"map(alloc: a)",256,32,132,0,1,17,0,34.160725772
4,"map(alloc: a)",256,32,132,0,1,28,0,34.348480403
4,"map(alloc: a)",256,32,132,0,1,11,0,33.198669553
4,"map(alloc: a)",256,32,132,0,1,3140,0,285.093858838
4,"map(alloc: a)",256,32,132,0,1,2,0,32.964162529
4,"map(alloc: a)",256,32,132,0,1,758,0,93.003176153
4,"map(alloc: a)",256,32,132,0,1,1218,0,132.119283080
4,"map(alloc: a)",256,32,132,0,1,44,0,37.813559175
4,"map(alloc: a)",256,32,132,0,1,71,0,38.575753570
4,"map(alloc: a)",256,32,132,0,1,114,0,42.087025940
4,"map(alloc: a)",256,32,132,0,1,294,0,57.163834572
4,"map(alloc: a)",256,32,132,0,1,7,0,33.077411354
4,"map(alloc: a)",256,32,132,0,1,183,0,46.535953879
4,"map(alloc: a)",256,32,132,0,1,8096,0,684.282369912
4,"map(alloc: a)",256,32,132,0,1,472,0,70.576183498
4,"map(alloc: a)",256,32,132,0,1,1955,0,189.868547022
4,"map(alloc: a)",256,32,132,0,1,3,0,32.070279121
4,"map(alloc: a)",256,32,132,0,1,5042,0,437.189638615
4,"map(alloc: a)",256,32,132,0,2,3,0,35.894848406
4,"map(alloc: a)",256,32,132,0,2,44,0,37.565082312
4,"map(alloc: a)",256,32,132,0,2,1,0,32.453797758
4,"map(alloc: a)",256,32,132,0,2,183,0,48.080645502
4,"map(alloc: a)",256,32,132,0,2,294,0,56.746974587
4,"map(alloc: a)",256,32,132,0,2,5042,0,438.644364476
4,"map(alloc: a)",256,32,132,0,2,7,0,33.370964229
4,"map(alloc: a)",256,32,132,0,2,8096,0,681.473687291
4,"map(alloc: a)",256,32,132,0,2,2,0,21.549314260
4,"map(alloc: a)",256,32,132,0,2,114,0,34.730508924
4,"map(alloc: a)",256,32,132,0,2,71,0,36.206468940
4,"map(alloc: a)",256,32,132,0,2,1955,0,187.694095075
4,"map(alloc: a)",256,32,132,0,2,17,0,33.958442509
4,"map(alloc: a)",256,32,132,0,2,472,0,71.039795876
4,"map(alloc: a)",256,32,132,0,2,11,0,34.460239112
4,"map(alloc: a)",256,32,132,0,2,1218,0,131.277926266
4,"map(alloc: a)",256,32,132,0,2,4,0,32.903254032
4,"map(alloc: a)",256,32,132,0,2,3140,0,284.704007208
4,"map(alloc: a)",256,32,132,0,2,758,0,91.811642051
4,"map(alloc: a)",256,32,132,0,2,28,0,36.549009383
4,"map(alloc: a)",256,32,132,0,3,11,0,33.690594137
4,"map(alloc: a)",256,32,132,0,3,4,0,33.347681165
4,"map(alloc: a)",256,32,132,0,3,5042,0,438.563711941
4,"map(alloc: a)",256,32,132,0,3,183,0,47.711655498
4,"map(alloc: a)",256,32,132,0,3,17,0,33.886358142
4,"map(alloc: a)",256,32,132,0,3,3,0,33.523701131
4,"map(alloc: a)",256,32,132,0,3,28,0,36.766007543
4,"map(alloc: a)",256,32,132,0,3,1218,0,130.623206496
4,"map(alloc: a)",256,32,132,0,3,114,0,42.294152081
4,"map(alloc: a)",256,32,132,0,3,758,0,95.429830253
4,"map(alloc: a)",256,32,132,0,3,1955,0,190.270692110
4,"map(alloc: a)",256,32,132,0,3,472,0,70.974417031
4,"map(alloc: a)",256,32,132,0,3,7,0,33.255293965
4,"map(alloc: a)",256,32,132,0,3,44,0,36.172755063
4,"map(alloc: a)",256,32,132,0,3,3140,0,283.467397094
4,"map(alloc: a)",256,32,132,0,3,8096,0,683.044828475
4,"map(alloc: a)",256,32,132,0,3,71,0,38.198009133
4,"map(alloc: a)",256,32,132,0,3,1,0,33.445656300
4,"map(alloc: a)",256,32,132,0,3,2,0,33.115036786
4,"map(alloc: a)",256,32,132,0,3,294,0,57.851709425
4,"map(alloc: a)",256,32,132,0,4,3,0,33.821165562
4,"map(alloc: a)",256,32,132,0,4,8096,0,681.075081229
4,"map(alloc: a)",256,32,132,0,4,1,0,32.195262611
4,"map(alloc: a)",256,32,132,0,4,28,0,35.990215838
4,"map(alloc: a)",256,32,132,0,4,17,0,33.428706229
4,"map(alloc: a)",256,32,132,0,4,5042,0,437.554903328
4,"map(alloc: a)",256,32,132,0,4,7,0,34.103170037
4,"map(alloc: a)",256,32,132,0,4,114,0,41.595101357
4,"map(alloc: a)",256,32,132,0,4,44,0,36.690197885
4,"map(alloc: a)",256,32,132,0,4,2,0,31.902268529
4,"map(alloc: a)",256,32,132,0,4,294,0,55.567733943
4,"map(alloc: a)",256,32,132,0,4,758,0,93.909539282
4,"map(alloc: a)",256,32,132,0,4,183,0,48.060528934
4,"map(alloc: a)",256,32,132,0,4,4,0,32.889097929
4,"map(alloc: a)",256,32,132,0,4,1218,0,131.422467530
4,"map(alloc: a)",256,32,132,0,4,71,0,38.791261613
4,"map(alloc: a)",256,32,132,0,4,1955,0,190.426222980
4,"map(alloc: a)",256,32,132,0,4,11,0,34.253299236
4,"map(alloc: a)",256,32,132,0,4,472,0,71.051716805
4,"map(alloc: a)",256,32,132,0,4,3140,0,283.831357956
4,"map(alloc: a)",256,32,132,1,0,2,0,32.098032534
4,"map(alloc: a)",256,32,132,1,0,4,0,31.484477222
4,"map(alloc: a)",256,32,132,1,0,472,0,68.767741323
4,"map(alloc: a)",256,32,132,1,0,3140,0,283.774919808
4,"map(alloc: a)",256,32,132,1,0,183,0,47.754868865
4,"map(alloc: a)",256,32,132,1,0,28,0,35.601109266
4,"map(alloc: a)",256,32,132,1,0,71,0,37.576630712
4,"map(alloc: a)",256,32,132,1,0,1218,0,129.739940166
4,"map(alloc: a)",256,32,132,1,0,294,0,56.760571897
4,"map(alloc: a)",256,32,132,1,0,1,0,34.544616938
4,"map(alloc: a)",256,32,132,1,0,7,0,35.310350358
4,"map(alloc: a)",256,32,132,1,0,1955,0,191.024690866
4,"map(alloc: a)",256,32,132,1,0,758,0,93.795172870
4,"map(alloc: a)",256,32,132,1,0,114,0,41.306763887
4,"map(alloc: a)",256,32,132,1,0,11,0,35.747326910
4,"map(alloc: a)",256,32,132,1,0,3,0,33.655017614
4,"map(alloc: a)",256,32,132,1,0,8096,0,683.461129665
4,"map(alloc: a)",256,32,132,1,0,44,0,37.055090070
4,"map(alloc: a)",256,32,132,1,0,17,0,34.513883293
4,"map(alloc: a)",256,32,132,1,0,5042,0,438.022986054
4,"map(alloc: a)",256,32,132,1,1,758,0,96.088275313
4,"map(alloc: a)",256,32,132,1,1,3,0,33.455155790
4,"map(alloc: a)",256,32,132,1,1,3140,0,284.780561924
4,"map(alloc: a)",256,32,132,1,1,1955,0,191.080756485
4,"map(alloc: a)",256,32,132,1,1,44,0,36.580860615
4,"map(alloc: a)",256,32,132,1,1,17,0,32.291188836
4,"map(alloc: a)",256,32,132,1,1,294,0,55.086798966
4,"map(alloc: a)",256,32,132,1,1,28,0,34.395232797
4,"map(alloc: a)",256,32,132,1,1,114,0,41.607022285
4,"map(alloc: a)",256,32,132,1,1,2,0,33.106282353
4,"map(alloc: a)",256,32,132,1,1,7,0,33.233314753
4,"map(alloc: a)",256,32,132,1,1,183,0,48.627890646
4,"map(alloc: a)",256,32,132,1,1,8096,0,681.278109550
4,"map(alloc: a)",256,32,132,1,1,11,0,33.582188189
4,"map(alloc: a)",256,32,132,1,1,1,0,32.263994217
4,"map(alloc: a)",256,32,132,1,1,1218,0,129.627436399
4,"map(alloc: a)",256,32,132,1,1,472,0,70.222653449
4,"map(alloc: a)",256,32,132,1,1,71,0,37.947110832
4,"map(alloc: a)",256,32,132,1,1,5042,0,436.892732978
4,"map(alloc: a)",256,32,132,1,1,4,0,34.769997001
4,"map(alloc: a)",256,32,132,1,2,2,0,34.355744720
4,"map(alloc: a)",256,32,132,1,2,71,0,39.505399764
4,"map(alloc: a)",256,32,132,1,2,17,0,35.415776074
4,"map(alloc: a)",256,32,132,1,2,472,0,71.799010038
4,"map(alloc: a)",256,32,132,1,2,5042,0,438.216701150
4,"map(alloc: a)",256,32,132,1,2,28,0,36.570057273
4,"map(alloc: a)",256,32,132,1,2,44,0,37.078745663
4,"map(alloc: a)",256,32,132,1,2,1218,0,132.816098630
4,"map(alloc: a)",256,32,132,1,2,4,0,33.657625318
4,"map(alloc: a)",256,32,132,1,2,1955,0,190.346688032
4,"map(alloc: a)",256,32,132,1,2,183,0,47.073513269
4,"map(alloc: a)",256,32,132,1,2,7,0,32.202899456
4,"map(alloc: a)",256,32,132,1,2,758,0,93.285180628
4,"map(alloc: a)",256,32,132,1,2,1,0,33.525004983
4,"map(alloc: a)",256,32,132,1,2,3140,0,285.250693560
4,"map(alloc: a)",256,32,132,1,2,8096,0,683.891214430
4,"map(alloc: a)",256,32,132,1,2,3,0,33.923983574
4,"map(alloc: a)",256,32,132,1,2,114,0,43.679215014
4,"map(alloc: a)",256,32,132,1,2,11,0,32.947398722
4,"map(alloc: a)",256,32,132,1,2,294,0,56.453980505
4,"map(alloc: a)",256,32,132,1,3,1,0,32.135657966
4,"map(alloc: a)",256,32,132,1,3,17,0,34.297816455
4,"map(alloc: a)",256,32,132,1,3,294,0,57.063065469
4,"map(alloc: a)",256,32,132,1,3,5042,0,437.295250595
4,"map(alloc: a)",256,32,132,1,3,114,0,41.574798524
4,"map(alloc: a)",256,32,132,1,3,28,0,36.286003888
4,"map(alloc: a)",256,32,132,1,3,1218,0,130.595266819
4,"map(alloc: a)",256,32,132,1,3,2,0,31.146407127
4,"map(alloc: a)",256,32,132,1,3,3,0,32.238475978
4,"map(alloc: a)",256,32,132,1,3,4,0,31.700916588
4,"map(alloc: a)",256,32,132,1,3,758,0,93.681365252
4,"map(alloc: a)",256,32,132,1,3,11,0,33.428519964
4,"map(alloc: a)",256,32,132,1,3,44,0,36.809779704
4,"map(alloc: a)",256,32,132,1,3,472,0,71.222335100
4,"map(alloc: a)",256,32,132,1,3,7,0,32.525695860
4,"map(alloc: a)",256,32,132,1,3,1955,0,190.148502588
4,"map(alloc: a)",256,32,132,1,3,71,0,39.577111602
4,"map(alloc: a)",256,32,132,1,3,183,0,47.590397298
4,"map(alloc: a)",256,32,132,1,3,8096,0,683.358497918
4,"map(alloc: a)",256,32,132,1,3,3140,0,284.758955240
4,"map(alloc: a)",256,32,132,1,4,472,0,70.739910007
4,"map(alloc: a)",256,32,132,1,4,71,0,39.814598858
4,"map(alloc: a)",256,32,132,1,4,1,0,32.425485551
4,"map(alloc: a)",256,32,132,1,4,11,0,33.318437636
4,"map(alloc: a)",256,32,132,1,4,4,0,33.733434975
4,"map(alloc: a)",256,32,132,1,4,3140,0,286.358408630
4,"map(alloc: a)",256,32,132,1,4,28,0,35.534426570
4,"map(alloc: a)",256,32,132,1,4,1218,0,130.774453282
4,"map(alloc: a)",256,32,132,1,4,2,0,33.904798329
4,"map(alloc: a)",256,32,132,1,4,183,0,47.793053091
4,"map(alloc: a)",256,32,132,1,4,5042,0,438.047014177
4,"map(alloc: a)",256,32,132,1,4,114,0,41.628628969
4,"map(alloc: a)",256,32,132,1,4,3,0,33.451989293
4,"map(alloc: a)",256,32,132,1,4,44,0,37.427432835
4,"map(alloc: a)",256,32,132,1,4,758,0,94.988755882
4,"map(alloc: a)",256,32,132,1,4,8096,0,681.905262172
4,"map(alloc: a)",256,32,132,1,4,1955,0,191.948935390
4,"map(alloc: a)",256,32,132,1,4,294,0,56.386552751
4,"map(alloc: a)",256,32,132,1,4,7,0,33.744610846
4,"map(alloc: a)",256,32,132,1,4,17,0,34.138746560
4,"map(alloc: a)",1024,32,132,0,0,7,0,33.978000283
4,"map(alloc: a)",1024,32,132,0,0,114,0,41.958689690
4,"map(alloc: a)",1024,32,132,0,0,3,0,35.203061998
4,"map(alloc: a)",1024,32,132,0,0,17,0,35.178288817
4,"map(alloc: a)",1024,32,132,0,0,1,0,34.422054887
4,"map(alloc: a)",1024,32,132,0,0,44,0,36.916136742
4,"map(alloc: a)",1024,32,132,0,0,294,0,56.604668498
4,"map(alloc: a)",1024,32,132,0,0,3140,0,285.830162466
4,"map(alloc: a)",1024,32,132,0,0,4,0,32.165832818
4,"map(alloc: a)",1024,32,132,0,0,1955,0,189.000368118
4,"map(alloc: a)",1024,32,132,0,0,183,0,45.887939632
4,"map(alloc: a)",1024,32,132,0,0,8096,0,684.523023665
4,"map(alloc: a)",1024,32,132,0,0,758,0,94.551965594
4,"map(alloc: a)",1024,32,132,0,0,71,0,39.172917604
4,"map(alloc: a)",1024,32,132,0,0,2,0,32.710283995
4,"map(alloc: a)",1024,32,132,0,0,11,0,34.248270094
4,"map(alloc: a)",1024,32,132,0,0,28,0,35.571679473
4,"map(alloc: a)",1024,32,132,0,0,5042,0,437.322445214
4,"map(alloc: a)",1024,32,132,0,0,1218,0,130.633264780
4,"map(alloc: a)",1024,32,132,0,0,472,0,69.449841976
4,"map(alloc: a)",1024,32,132,0,1,4,0,32.656826079
4,"map(alloc: a)",1024,32,132,0,1,1,0,32.678619027
4,"map(alloc: a)",1024,32,132,0,1,17,0,33.374316990
4,"map(alloc: a)",1024,32,132,0,1,28,0,35.475380719
4,"map(alloc: a)",1024,32,132,0,1,11,0,33.567845821
4,"map(alloc: a)",1024,32,132,0,1,3140,0,285.305455327
4,"map(alloc: a)",1024,32,132,0,1,2,0,34.068524837
4,"map(alloc: a)",1024,32,132,0,1,758,0,94.604119658
4,"map(alloc: a)",1024,32,132,0,1,1218,0,131.732970476
4,"map(alloc: a)",1024,32,132,0,1,44,0,38.449279964
4,"map(alloc: a)",1024,32,132,0,1,71,0,38.713775575
4,"map(alloc: a)",1024,32,132,0,1,114,0,42.578391731
4,"map(alloc: a)",1024,32,132,0,1,294,0,56.778080761
4,"map(alloc: a)",1024,32,132,0,1,7,0,32.325088978
4,"map(alloc: a)",1024,32,132,0,1,183,0,47.215819359
4,"map(alloc: a)",1024,32,132,0,1,8096,0,682.496465743
4,"map(alloc: a)",1024,32,132,0,1,472,0,72.221271694
4,"map(alloc: a)",1024,32,132,0,1,1955,0,190.713442862
4,"map(alloc: a)",1024,32,132,0,1,3,0,33.929944038
4,"map(alloc: a)",1024,32,132,0,1,5042,0,437.790341675
4,"map(alloc: a)",1024,32,132,0,2,3,0,34.571066499
4,"map(alloc: a)",1024,32,132,0,2,44,0,36.172941327
4,"map(alloc: a)",1024,32,132,0,2,1,0,33.859349787
4,"map(alloc: a)",1024,32,132,0,2,183,0,47.405064106
4,"map(alloc: a)",1024,32,132,0,2,294,0,56.211091578
4,"map(alloc: a)",1024,32,132,0,2,5042,0,438.575632870
4,"map(alloc: a)",1024,32,132,0,2,7,0,33.858418465
4,"map(alloc: a)",1024,32,132,0,2,8096,0,682.254321873
4,"map(alloc: a)",1024,32,132,0,2,2,0,32.467395067
4,"map(alloc: a)",1024,32,132,0,2,114,0,42.673945427
4,"map(alloc: a)",1024,32,132,0,2,71,0,39.226934314
4,"map(alloc: a)",1024,32,132,0,2,1955,0,191.894732416
4,"map(alloc: a)",1024,32,132,0,2,17,0,35.179220140
4,"map(alloc: a)",1024,32,132,0,2,472,0,71.843527257
4,"map(alloc: a)",1024,32,132,0,2,11,0,34.335441887
4,"map(alloc: a)",1024,32,132,0,2,1218,0,131.655111909
4,"map(alloc: a)",1024,32,132,0,2,4,0,32.477453351
4,"map(alloc: a)",1024,32,132,0,2,3140,0,284.281186759
4,"map(alloc: a)",1024,32,132,0,2,758,0,92.330388725
4,"map(alloc: a)",1024,32,132,0,2,28,0,33.789314330
4,"map(alloc: a)",1024,32,132,0,3,11,0,33.025257289
4,"map(alloc: a)",1024,32,132,0,3,4,0,32.152980566
4,"map(alloc: a)",1024,32,132,0,3,5042,0,438.518449664
4,"map(alloc: a)",1024,32,132,0,3,183,0,47.650560737
4,"map(alloc: a)",1024,32,132,0,3,17,0,32.416544855
4,"map(alloc: a)",1024,32,132,0,3,3,0,32.993406057
4,"map(alloc: a)",1024,32,132,0,3,28,0,35.954266787
4,"map(alloc: a)",1024,32,132,0,3,1218,0,130.746513605
4,"map(alloc: a)",1024,32,132,0,3,114,0,41.351281106
4,"map(alloc: a)",1024,32,132,0,3,758,0,94.815529883
4,"map(alloc: a)",1024,32,132,0,3,1955,0,190.531462431
4,"map(alloc: a)",1024,32,132,0,3,472,0,70.802494884
4,"map(alloc: a)",1024,32,132,0,3,7,0,33.583305776
4,"map(alloc: a)",1024,32,132,0,3,44,0,35.764276981
4,"map(alloc: a)",1024,32,132,0,3,3140,0,286.538898945
4,"map(alloc: a)",1024,32,132,0,3,8096,0,683.609768748
4,"map(alloc: a)",1024,32,132,0,3,71,0,38.089975715
4,"map(alloc: a)",1024,32,132,0,3,1,0,33.439509571
4,"map(alloc: a)",1024,32,132,0,3,2,0,33.132918179
4,"map(alloc: a)",1024,32,132,0,3,294,0,56.721456349
4,"map(alloc: a)",1024,32,132,0,4,3,0,33.246912062
4,"map(alloc: a)",1024,32,132,0,4,8096,0,682.866387069
4,"map(alloc: a)",1024,32,132,0,4,1,0,33.124536276
4,"map(alloc: a)",1024,32,132,0,4,28,0,34.755282104
4,"map(alloc: a)",1024,32,132,0,4,17,0,34.492462873
4,"map(alloc: a)",1024,32,132,0,4,5042,0,437.566824257
4,"map(alloc: a)",1024,32,132,0,4,7,0,31.549483538
4,"map(alloc: a)",1024,32,132,0,4,114,0,42.268447578
4,"map(alloc: a)",1024,32,132,0,4,44,0,35.715103149
4,"map(alloc: a)",1024,32,132,0,4,2,0,33.025071025
4,"map(alloc: a)",1024,32,132,0,4,294,0,56.371465325
4,"map(alloc: a)",1024,32,132,0,4,758,0,93.465670943
4,"map(alloc: a)",1024,32,132,0,4,183,0,46.375021338
4,"map(alloc: a)",1024,32,132,0,4,4,0,33.765286207
4,"map(alloc: a)",1024,32,132,0,4,1218,0,130.664557219
4,"map(alloc: a)",1024,32,132,0,4,71,0,39.470382035
4,"map(alloc: a)",1024,32,132,0,4,1955,0,189.913995564
4,"map(alloc: a)",1024,32,132,0,4,11,0,33.865496516
4,"map(alloc: a)",1024,32,132,0,4,472,0,69.786608219
4,"map(alloc: a)",1024,32,132,0,4,3140,0,285.967066884
4,"map(alloc: a)",1024,32,132,1,0,2,0,33.404678106
4,"map(alloc: a)",1024,32,132,1,0,4,0,31.502358615
4,"map(alloc: a)",1024,32,132,1,0,472,0,71.092136204
4,"map(alloc: a)",1024,32,132,1,0,3140,0,285.337492824
4,"map(alloc: a)",1024,32,132,1,0,183,0,48.313289881
4,"map(alloc: a)",1024,32,132,1,0,28,0,35.169906914
4,"map(alloc: a)",1024,32,132,1,0,71,0,37.300586700
4,"map(alloc: a)",1024,32,132,1,0,1218,0,131.064094603
4,"map(alloc: a)",1024,32,132,1,0,294,0,55.474787951
4,"map(alloc: a)",1024,32,132,1,0,1,0,33.417344093
4,"map(alloc: a)",1024,32,132,1,0,7,0,33.771432936
4,"map(alloc: a)",1024,32,132,1,0,1955,0,190.220214427
4,"map(alloc: a)",1024,32,132,1,0,758,0,92.304125428
4,"map(alloc: a)",1024,32,132,1,0,114,0,41.118636727
4,"map(alloc: a)",1024,32,132,1,0,11,0,31.899102032
4,"map(alloc: a)",1024,32,132,1,0,3,0,32.232701778
4,"map(alloc: a)",1024,32,132,1,0,8096,0,683.718174696
4,"map(alloc: a)",1024,32,132,1,0,44,0,37.629157305
4,"map(alloc: a)",1024,32,132,1,0,17,0,34.367293119
4,"map(alloc: a)",1024,32,132,1,0,5042,0,438.020192087
4,"map(alloc: a)",1024,32,132,1,1,758,0,93.778036535
4,"map(alloc: a)",1024,32,132,1,1,3,0,32.064132392
4,"map(alloc: a)",1024,32,132,1,1,3140,0,285.080634058
4,"map(alloc: a)",1024,32,132,1,1,1955,0,190.084986389
4,"map(alloc: a)",1024,32,132,1,1,44,0,35.743601620
4,"map(alloc: a)",1024,32,132,1,1,17,0,33.235363662
4,"map(alloc: a)",1024,32,132,1,1,294,0,57.213753462
4,"map(alloc: a)",1024,32,132,1,1,28,0,35.692006350
4,"map(alloc: a)",1024,32,132,1,1,114,0,42.898580432
4,"map(alloc: a)",1024,32,132,1,1,2,0,33.863633871
4,"map(alloc: a)",1024,32,132,1,1,7,0,34.275464714
4,"map(alloc: a)",1024,32,132,1,1,183,0,47.124363482
4,"map(alloc: a)",1024,32,132,1,1,8096,0,683.069787920
4,"map(alloc: a)",1024,32,132,1,1,11,0,34.593604505
4,"map(alloc: a)",1024,32,132,1,1,1,0,33.710338175
4,"map(alloc: a)",1024,32,132,1,1,1218,0,131.305493414
4,"map(alloc: a)",1024,32,132,1,1,472,0,70.496089756
4,"map(alloc: a)",1024,32,132,1,1,71,0,38.316473365
4,"map(alloc: a)",1024,32,132,1,1,5042,0,437.872298062
4,"map(alloc: a)",1024,32,132,1,1,4,0,33.133290708
4,"map(alloc: a)",1024,32,132,1,2,2,0,31.654164195
4,"map(alloc: a)",1024,32,132,1,2,71,0,38.731284440
4,"map(alloc: a)",1024,32,132,1,2,17,0,34.417025745
4,"map(alloc: a)",1024,32,132,1,2,472,0,69.866701961
4,"map(alloc: a)",1024,32,132,1,2,5042,0,437.719933689
4,"map(alloc: a)",1024,32,132,1,2,28,0,35.380199552
4,"map(alloc: a)",1024,32,132,1,2,44,0,38.550794125
4,"map(alloc: a)",1024,32,132,1,2,1218,0,132.544897497
4,"map(alloc: a)",1024,32,132,1,2,4,0,34.388713539
4,"map(alloc: a)",1024,32,132,1,2,1955,0,191.214494407
4,"map(alloc: a)",1024,32,132,1,2,183,0,47.492049634
4,"map(alloc: a)",1024,32,132,1,2,7,0,34.641288221
4,"map(alloc: a)",1024,32,132,1,2,758,0,94.385072589
4,"map(alloc: a)",1024,32,132,1,2,1,0,34.518912435
4,"map(alloc: a)",1024,32,132,1,2,3140,0,284.152477980
4,"map(alloc: a)",1024,32,132,1,2,8096,0,684.628821909
4,"map(alloc: a)",1024,32,132,1,2,3,0,33.019296825
4,"map(alloc: a)",1024,32,132,1,2,114,0,41.649118066
4,"map(alloc: a)",1024,32,132,1,2,11,0,33.729337156
4,"map(alloc: a)",1024,32,132,1,2,294,0,55.238232017
4,"map(alloc: a)",1024,32,132,1,3,1,0,31.821243465
4,"map(alloc: a)",1024,32,132,1,3,17,0,32.948888838
4,"map(alloc: a)",1024,32,132,1,3,294,0,55.125914514
4,"map(alloc: a)",1024,32,132,1,3,5042,0,437.472946942
4,"map(alloc: a)",1024,32,132,1,3,114,0,44.031627476
4,"map(alloc: a)",1024,32,132,1,3,28,0,35.828351974
4,"map(alloc: a)",1024,32,132,1,3,1218,0,131.038203835
4,"map(alloc: a)",1024,32,132,1,3,2,0,32.899715006
4,"map(alloc: a)",1024,32,132,1,3,3,0,34.373626113
4,"map(alloc: a)",1024,32,132,1,3,4,0,33.367983997
4,"map(alloc: a)",1024,32,132,1,3,758,0,93.811005354
4,"map(alloc: a)",1024,32,132,1,3,11,0,34.278444946
4,"map(alloc: a)",1024,32,132,1,3,44,0,36.834925413
4,"map(alloc: a)",1024,32,132,1,3,472,0,70.707686245
4,"map(alloc: a)",1024,32,132,1,3,7,0,33.018924296
4,"map(alloc: a)",1024,32,132,1,3,1955,0,189.202651381
4,"map(alloc: a)",1024,32,132,1,3,71,0,38.698874414
4,"map(alloc: a)",1024,32,132,1,3,183,0,47.057494521
4,"map(alloc: a)",1024,32,132,1,3,8096,0,681.520812213
4,"map(alloc: a)",1024,32,132,1,3,3140,0,287.070497870
4,"map(alloc: a)",1024,32,132,1,4,472,0,71.206502616
4,"map(alloc: a)",1024,32,132,1,4,71,0,39.796531200
4,"map(alloc: a)",1024,32,132,1,4,1,0,34.745410085
4,"map(alloc: a)",1024,32,132,1,4,11,0,33.847801387
4,"map(alloc: a)",1024,32,132,1,4,4,0,32.517872751
4,"map(alloc: a)",1024,32,132,1,4,3140,0,284.578837454
4,"map(alloc: a)",1024,32,132,1,4,28,0,33.948197961
4,"map(alloc: a)",1024,32,132,1,4,1218,0,129.208341241
4,"map(alloc: a)",1024,32,132,1,4,2,0,32.565370202
4,"map(alloc: a)",1024,32,132,1,4,183,0,47.226436436
4,"map(alloc: a)",1024,32,132,1,4,5042,0,437.179580331
4,"map(alloc: a)",1024,32,132,1,4,114,0,41.434168816
4,"map(alloc: a)",1024,32,132,1,4,3,0,33.239088953
4,"map(alloc: a)",1024,32,132,1,4,44,0,36.590918899
4,"map(alloc: a)",1024,32,132,1,4,758,0,93.325227499
4,"map(alloc: a)",1024,32,132,1,4,8096,0,683.174654841
4,"map(alloc: a)",1024,32,132,1,4,1955,0,189.599208534
4,"map(alloc: a)",1024,32,132,1,4,294,0,55.894441903
4,"map(alloc: a)",1024,32,132,1,4,7,0,32.924488187
4,"map(alloc: a)",1024,32,132,1,4,17,0,33.946335316
4,"map(alloc: a)",4096,32,132,0,0,7,0,33.682398498
4,"map(alloc: a)",4096,32,132,0,0,114,0,44.689327478
4,"map(alloc: a)",4096,32,132,0,0,3,0,35.636872053
4,"map(alloc: a)",4096,32,132,0,0,17,0,36.021508276
4,"map(alloc: a)",4096,32,132,0,0,1,0,34.749321640
4,"map(alloc: a)",4096,32,132,0,0,44,0,37.424825132
4,"map(alloc: a)",4096,32,132,0,0,294,0,58.697722852
4,"map(alloc: a)",4096,32,132,0,0,3140,0,286.315008998
4,"map(alloc: a)",4096,32,132,0,0,4,0,34.855864942
4,"map(alloc: a)",4096,32,132,0,0,1955,0,190.527550876
4,"map(alloc: a)",4096,32,132,0,0,183,0,45.986659825
4,"map(alloc: a)",4096,32,132,0,0,8096,0,682.525895536
4,"map(alloc: a)",4096,32,132,0,0,758,0,94.190053642
4,"map(alloc: a)",4096,32,132,0,0,71,0,38.537569344
4,"map(alloc: a)",4096,32,132,0,0,2,0,33.288262784
4,"map(alloc: a)",4096,32,132,0,0,11,0,33.070519567
4,"map(alloc: a)",4096,32,132,0,0,28,0,34.440122545
4,"map(alloc: a)",4096,32,132,0,0,5042,0,435.765832663
4,"map(alloc: a)",4096,32,132,0,0,1218,0,129.872001708
4,"map(alloc: a)",4096,32,132,0,0,472,0,69.273263216
4,"map(alloc: a)",4096,32,132,0,1,4,0,31.360052526
4,"map(alloc: a)",4096,32,132,0,1,1,0,32.230839133
4,"map(alloc: a)",4096,32,132,0,1,17,0,32.979063690
4,"map(alloc: a)",4096,32,132,0,1,28,0,33.521465957
4,"map(alloc: a)",4096,32,132,0,1,11,0,33.410824835
4,"map(alloc: a)",4096,32,132,0,1,3140,0,285.893492401
4,"map(alloc: a)",4096,32,132,0,1,2,0,32.021850348
4,"map(alloc: a)",4096,32,132,0,1,758,0,97.767636180
4,"map(alloc: a)",4096,32,132,0,1,1218,0,131.393224001
4,"map(alloc: a)",4096,32,132,0,1,44,0,37.933886051
4,"map(alloc: a)",4096,32,132,0,1,71,0,40.041655302
4,"map(alloc: a)",4096,32,132,0,1,114,0,42.459927499
4,"map(alloc: a)",4096,32,132,0,1,294,0,56.952610612
4,"map(alloc: a)",4096,32,132,0,1,7,0,31.998381019
4,"map(alloc: a)",4096,32,132,0,1,183,0,44.938176870
4,"map(alloc: a)",4096,32,132,0,1,8096,0,682.663731277
4,"map(alloc: a)",4096,32,132,0,1,472,0,69.485418499
4,"map(alloc: a)",4096,32,132,0,1,1955,0,188.439339399
4,"map(alloc: a)",4096,32,132,0,1,3,0,31.669810414
4,"map(alloc: a)",4096,32,132,0,1,5042,0,436.720997095
4,"map(alloc: a)",4096,32,132,0,2,3,0,31.390599906
4,"map(alloc: a)",4096,32,132,0,2,44,0,33.219158649
4,"map(alloc: a)",4096,32,132,0,2,1,0,28.871931136
4,"map(alloc: a)",4096,32,132,0,2,183,0,45.302696526
4,"map(alloc: a)",4096,32,132,0,2,294,0,53.990632296
4,"map(alloc: a)",4096,32,132,0,2,5042,0,436.504930258
4,"map(alloc: a)",4096,32,132,0,2,7,0,33.040903509
4,"map(alloc: a)",4096,32,132,0,2,8096,0,682.630389929
4,"map(alloc: a)",4096,32,132,0,2,2,0,31.664222479
4,"map(alloc: a)",4096,32,132,0,2,114,0,38.830004632
4,"map(alloc: a)",4096,32,132,0,2,71,0,27.923658490
4,"map(alloc: a)",4096,32,132,0,2,1955,0,179.984048009
4,"map(alloc: a)",4096,32,132,0,2,17,0,23.973174393
4,"map(alloc: a)",4096,32,132,0,2,472,0,61.157159507
4,"map(alloc: a)",4096,32,132,0,2,11,0,22.725015879
4,"map(alloc: a)",4096,32,132,0,2,1218,0,125.323422253
4,"map(alloc: a)",4096,32,132,0,2,4,0,26.594847441
4,"map(alloc: a)",4096,32,132,0,2,3140,0,283.478759229
4,"map(alloc: a)",4096,32,132,0,2,758,0,91.661699116
4,"map(alloc: a)",4096,32,132,0,2,28,0,34.596212208
4,"map(alloc: a)",4096,32,132,0,3,11,0,31.414814293
4,"map(alloc: a)",4096,32,132,0,3,4,0,31.069293618
4,"map(alloc: a)",4096,32,132,0,3,5042,0,434.995070100
4,"map(alloc: a)",4096,32,132,0,3,183,0,43.899938464
4,"map(alloc: a)",4096,32,132,0,3,17,0,31.616166234
4,"map(alloc: a)",4096,32,132,0,3,3,0,30.480138958
4,"map(alloc: a)",4096,32,132,0,3,28,0,33.801421523
4,"map(alloc: a)",4096,32,132,0,3,1218,0,128.362886608
4,"map(alloc: a)",4096,32,132,0,3,114,0,41.765347123
4,"map(alloc: a)",4096,32,132,0,3,758,0,91.905146837
4,"map(alloc: a)",4096,32,132,0,3,1955,0,188.037194312
4,"map(alloc: a)",4096,32,132,0,3,472,0,68.568252027
4,"map(alloc: a)",4096,32,132,0,3,7,0,32.152235508
4,"map(alloc: a)",4096,32,132,0,3,44,0,34.918263555
4,"map(alloc: a)",4096,32,132,0,3,3140,0,284.160673618
4,"map(alloc: a)",4096,32,132,0,3,8096,0,683.313049376
4,"map(alloc: a)",4096,32,132,0,3,71,0,36.660954356
4,"map(alloc: a)",4096,32,132,0,3,1,0,31.360611320
4,"map(alloc: a)",4096,32,132,0,3,2,0,31.149014831
4,"map(alloc: a)",4096,32,132,0,3,294,0,55.634602904
4,"map(alloc: a)",4096,32,132,0,4,3,0,32.428279519
4,"map(alloc: a)",4096,32,132,0,4,8096,0,681.473128498
4,"map(alloc: a)",4096,32,132,0,4,1,0,30.747614801
4,"map(alloc: a)",4096,32,132,0,4,28,0,35.178288817
4,"map(alloc: a)",4096,32,132,0,4,17,0,33.117458224
4,"map(alloc: a)",4096,32,132,0,4,5042,0,436.351075768
4,"map(alloc: a)",4096,32,132,0,4,7,0,29.646046460
4,"map(alloc: a)",4096,32,132,0,4,114,0,38.286298513
4,"map(alloc: a)",4096,32,132,0,4,44,0,35.313144326
4,"map(alloc: a)",4096,32,132,0,4,2,0,30.269287527
4,"map(alloc: a)",4096,32,132,0,4,294,0,57.769007981
4,"map(alloc: a)",4096,32,132,0,4,758,0,94.833597541
4,"map(alloc: a)",4096,32,132,0,4,183,0,47.738663852
4,"map(alloc: a)",4096,32,132,0,4,4,0,36.260113120
4,"map(alloc: a)",4096,32,132,0,4,1218,0,133.665092289
4,"map(alloc: a)",4096,32,132,0,4,71,0,41.728839278
4,"map(alloc: a)",4096,32,132,0,4,1955,0,188.766233623
4,"map(alloc: a)",4096,32,132,0,4,11,0,32.667070627
4,"map(alloc: a)",4096,32,132,0,4,472,0,69.848448038
4,"map(alloc: a)",4096,32,132,0,4,3140,0,284.367613494
4,"map(alloc: a)",4096,32,132,1,0,2,0,30.913576484
4,"map(alloc: a)",4096,32,132,1,0,4,0,30.696019530
4,"map(alloc: a)",4096,32,132,1,0,472,0,68.942829967
4,"map(alloc: a)",4096,32,132,1,0,3140,0,283.017568290
4,"map(alloc: a)",4096,32,132,1,0,183,0,45.360438526
4,"map(alloc: a)",4096,32,132,1,0,28,0,32.778084278
4,"map(alloc: a)",4096,32,132,1,0,71,0,36.281533539
4,"map(alloc: a)",4096,32,132,1,0,1218,0,129.101425409
4,"map(alloc: a)",4096,32,132,1,0,294,0,55.077113211
4,"map(alloc: a)",4096,32,132,1,0,1,0,31.572394073
4,"map(alloc: a)",4096,32,132,1,0,7,0,33.902376890
4,"map(alloc: a)",4096,32,132,1,0,1955,0,186.265259981
4,"map(alloc: a)",4096,32,132,1,0,758,0,92.253461480
4,"map(alloc: a)",4096,32,132,1,0,114,0,41.747279465
4,"map(alloc: a)",4096,32,132,1,0,11,0,33.516064286
4,"map(alloc: a)",4096,32,132,1,0,3,0,29.722973704
4,"map(alloc: a)",4096,32,132,1,0,8096,0,682.996585965
4,"map(alloc: a)",4096,32,132,1,0,44,0,34.298934042
4,"map(alloc: a)",4096,32,132,1,0,17,0,34.042447805
4,"map(alloc: a)",4096,32,132,1,0,5042,0,436.677783728
4,"map(alloc: a)",4096,32,132,1,1,758,0,91.881863773
4,"map(alloc: a)",4096,32,132,1,1,3,0,31.701661646
4,"map(alloc: a)",4096,32,132,1,1,3140,0,284.990854561
4,"map(alloc: a)",4096,32,132,1,1,1955,0,188.414007425
4,"map(alloc: a)",4096,32,132,1,1,44,0,34.213438630
4,"map(alloc: a)",4096,32,132,1,1,17,0,27.950853109
4,"map(alloc: a)",4096,32,132,1,1,294,0,46.369619668
4,"map(alloc: a)",4096,32,132,1,1,28,0,24.879723787
4,"map(alloc: a)",4096,32,132,1,1,114,0,31.139701605
4,"map(alloc: a)",4096,32,132,1,1,2,0,25.803036988
4,"map(alloc: a)",4096,32,132,1,1,7,0,31.473673880
4,"map(alloc: a)",4096,32,132,1,1,183,0,45.582279563
4,"map(alloc: a)",4096,32,132,1,1,8096,0,682.837143540
4,"map(alloc: a)",4096,32,132,1,1,11,0,34.257583320
4,"map(alloc: a)",4096,32,132,1,1,1,0,34.346245229
4,"map(alloc: a)",4096,32,132,1,1,1218,0,130.463205278
4,"map(alloc: a)",4096,32,132,1,1,472,0,72.265975177
4,"map(alloc: a)",4096,32,132,1,1,71,0,38.453005254
4,"map(alloc: a)",4096,32,132,1,1,5042,0,437.169522047
4,"map(alloc: a)",4096,32,132,1,1,4,0,33.944658935
4,"map(alloc: a)",4096,32,132,1,2,2,0,32.883323729
4,"map(alloc: a)",4096,32,132,1,2,71,0,37.195906043
4,"map(alloc: a)",4096,32,132,1,2,17,0,32.944791019
4,"map(alloc: a)",4096,32,132,1,2,472,0,68.751163781
4,"map(alloc: a)",4096,32,132,1,2,5042,0,438.180752099
4,"map(alloc: a)",4096,32,132,1,2,28,0,33.730827272
4,"map(alloc: a)",4096,32,132,1,2,44,0,35.666301847
4,"map(alloc: a)",4096,32,132,1,2,1218,0,130.136869848
4,"map(alloc: a)",4096,32,132,1,2,4,0,31.838193536
4,"map(alloc: a)",4096,32,132,1,2,1955,0,189.040042460
4,"map(alloc: a)",4096,32,132,1,2,183,0,46.656839550
4,"map(alloc: a)",4096,32,132,1,2,7,0,32.059848309
4,"map(alloc: a)",4096,32,132,1,2,758,0,93.240290880
4,"map(alloc: a)",4096,32,132,1,2,1,0,33.753551543
4,"map(alloc: a)",4096,32,132,1,2,3140,0,283.563137054
4,"map(alloc: a)",4096,32,132,1,2,8096,0,681.803748012
4,"map(alloc: a)",4096,32,132,1,2,3,0,29.470026493
4,"map(alloc: a)",4096,32,132,1,2,114,0,40.833093226
4,"map(alloc: a)",4096,32,132,1,2,11,0,30.880980194
4,"map(alloc: a)",4096,32,132,1,2,294,0,54.822675884
4,"map(alloc: a)",4096,32,132,1,3,1,0,32.451190054
4,"map(alloc: a)",4096,32,132,1,3,17,0,33.621862531
4,"map(alloc: a)",4096,32,132,1,3,294,0,56.202523410
4,"map(alloc: a)",4096,32,132,1,3,5042,0,436.724536121
4,"map(alloc: a)",4096,32,132,1,3,114,0,40.886923671
4,"map(alloc: a)",4096,32,132,1,3,28,0,33.004209399
4,"map(alloc: a)",4096,32,132,1,3,1218,0,128.966011107
4,"map(alloc: a)",4096,32,132,1,3,2,0,30.422210693
4,"map(alloc: a)",4096,32,132,1,3,3,0,29.712915421
4,"map(alloc: a)",4096,32,132,1,3,4,0,30.315108597
4,"map(alloc: a)",4096,32,132,1,3,758,0,91.081485152
4,"map(alloc: a)",4096,32,132,1,3,11,0,30.998513103
4,"map(alloc: a)",4096,32,132,1,3,44,0,33.851154149
4,"map(alloc: a)",4096,32,132,1,3,472,0,69.566071033
4,"map(alloc: a)",4096,32,132,1,3,7,0,31.753629446
4,"map(alloc: a)",4096,32,132,1,3,1955,0,188.784301281
4,"map(alloc: a)",4096,32,132,1,3,71,0,38.129463792
4,"map(alloc: a)",4096,32,132,1,3,183,0,47.826580703
4,"map(alloc: a)",4096,32,132,1,3,8096,0,682.812742889
4,"map(alloc: a)",4096,32,132,1,3,3140,0,284.868292511
4,"map(alloc: a)",4096,32,132,1,4,472,0,69.089420140
4,"map(alloc: a)",4096,32,132,1,4,71,0,36.927871406
4,"map(alloc: a)",4096,32,132,1,4,1,0,32.913498580
4,"map(alloc: a)",4096,32,132,1,4,11,0,32.057426870
4,"map(alloc: a)",4096,32,132,1,4,4,0,32.564811409
4,"map(alloc: a)",4096,32,132,1,4,3140,0,284.796021879
4,"map(alloc: a)",4096,32,132,1,4,28,0,33.622048795
4,"map(alloc: a)",4096,32,132,1,4,1218,0,128.823332489
4,"map(alloc: a)",4096,32,132,1,4,2,0,29.960274696
4,"map(alloc: a)",4096,32,132,1,4,183,0,45.135617256
4,"map(alloc: a)",4096,32,132,1,4,5042,0,436.239689589
4,"map(alloc: a)",4096,32,132,1,4,114,0,40.879659355
4,"map(alloc: a)",4096,32,132,1,4,3,0,31.762756407
4,"map(alloc: a)",4096,32,132,1,4,44,0,35.487115383
4,"map(alloc: a)",4096,32,132,1,4,758,0,93.055330217
4,"map(alloc: a)",4096,32,132,1,4,8096,0,682.232528925
4,"map(alloc: a)",4096,32,132,1,4,1955,0,190.622545779
4,"map(alloc: a)",4096,32,132,1,4,294,0,56.897103786
4,"map(alloc: a)",4096,32,132,1,4,7,0,33.595040441
4,"map(alloc: a)",4096,32,132,1,4,17,0,34.298561513
4,"map(alloc: a)",8192,32,132,0,0,7,0,31.838938594
4,"map(alloc: a)",8192,32,132,0,0,114,0,42.449496686
4,"map(alloc: a)",8192,32,132,0,0,3,0,32.728351653
4,"map(alloc: a)",8192,32,132,0,0,17,0,35.021267831
4,"map(alloc: a)",8192,32,132,0,0,1,0,33.882074058
4,"map(alloc: a)",8192,32,132,0,0,44,0,36.999024451
4,"map(alloc: a)",8192,32,132,0,0,294,0,56.672841311
4,"map(alloc: a)",8192,32,132,0,0,3140,0,285.526178777
4,"map(alloc: a)",8192,32,132,0,0,4,0,33.779256046
4,"map(alloc: a)",8192,32,132,0,0,1955,0,189.101137221
4,"map(alloc: a)",8192,32,132,0,0,183,0,48.732757568
4,"map(alloc: a)",8192,32,132,0,0,8096,0,682.353042066
4,"map(alloc: a)",8192,32,132,0,0,758,0,92.533417046
4,"map(alloc: a)",8192,32,132,0,0,71,0,37.912093103
4,"map(alloc: a)",8192,32,132,0,0,2,0,33.495388925
4,"map(alloc: a)",8192,32,132,0,0,11,0,33.677369356
4,"map(alloc: a)",8192,32,132,0,0,28,0,36.260858178
4,"map(alloc: a)",8192,32,132,0,0,5042,0,438.296794891
4,"map(alloc: a)",8192,32,132,0,0,1218,0,130.676291883
4,"map(alloc: a)",8192,32,132,0,0,472,0,70.208124816
4,"map(alloc: a)",8192,32,132,0,1,4,0,33.256597817
4,"map(alloc: a)",8192,32,132,0,1,1,0,32.776594162
4,"map(alloc: a)",8192,32,132,0,1,17,0,32.479502261
4,"map(alloc: a)",8192,32,132,0,1,28,0,34.961849451
4,"map(alloc: a)",8192,32,132,0,1,11,0,32.719224691
4,"map(alloc: a)",8192,32,132,0,1,3140,0,285.938382149
4,"map(alloc: a)",8192,32,132,0,1,2,0,32.536685467
4,"map(alloc: a)",8192,32,132,0,1,758,0,93.206204474
4,"map(alloc: a)",8192,32,132,0,1,1218,0,130.249746144
4,"map(alloc: a)",8192,32,132,0,1,44,0,37.553720176
4,"map(alloc: a)",8192,32,132,0,1,71,0,39.458833635
4,"map(alloc: a)",8192,32,132,0,1,114,0,41.539222002
4,"map(alloc: a)",8192,32,132,0,1,294,0,56.874752045
4,"map(alloc: a)",8192,32,132,0,1,7,0,32.858550549
4,"map(alloc: a)",8192,32,132,0,1,183,0,47.628954053
4,"map(alloc: a)",8192,32,132,0,1,8096,0,682.457536459
4,"map(alloc: a)",8192,32,132,0,1,472,0,70.967897773
4,"map(alloc: a)",8192,32,132,0,1,1955,0,191.979296505
4,"map(alloc: a)",8192,32,132,0,1,3,0,32.836571336
4,"map(alloc: a)",8192,32,132,0,1,5042,0,437.534786761
4,"map(alloc: a)",8192,32,132,0,2,3,0,34.626573324
4,"map(alloc: a)",8192,32,132,0,2,44,0,36.619231105
4,"map(alloc: a)",8192,32,132,0,2,1,0,33.312849700
4,"map(alloc: a)",8192,32,132,0,2,183,0,47.383271158
4,"map(alloc: a)",8192,32,132,0,2,294,0,53.780525923
4,"map(alloc: a)",8192,32,132,0,2,5042,0,438.297539949
4,"map(alloc: a)",8192,32,132,0,2,7,0,35.339593887
4,"map(alloc: a)",8192,32,132,0,2,8096,0,683.284178376
4,"map(alloc: a)",8192,32,132,0,2,2,0,34.574419260
4,"map(alloc: a)",8192,32,132,0,2,114,0,40.399096906
4,"map(alloc: a)",8192,32,132,0,2,71,0,38.921833038
4,"map(alloc: a)",8192,32,132,0,2,1955,0,190.616771579
4,"map(alloc: a)",8192,32,132,0,2,17,0,34.162215889
4,"map(alloc: a)",8192,32,132,0,2,472,0,71.327947080
4,"map(alloc: a)",8192,32,132,0,2,11,0,32.642483711
4,"map(alloc: a)",8192,32,132,0,2,1218,0,130.387209356
4,"map(alloc: a)",8192,32,132,0,2,4,0,33.298507333
4,"map(alloc: a)",8192,32,132,0,2,3140,0,285.365991294
4,"map(alloc: a)",8192,32,132,0,2,758,0,93.874521554
4,"map(alloc: a)",8192,32,132,0,2,28,0,34.225732088
4,"map(alloc: a)",8192,32,132,0,3,11,0,34.033879638
4,"map(alloc: a)",8192,32,132,0,3,4,0,32.894685864
4,"map(alloc: a)",8192,32,132,0,3,5042,0,437.695533037
4,"map(alloc: a)",8192,32,132,0,3,183,0,49.345567822
4,"map(alloc: a)",8192,32,132,0,3,17,0,33.986754715
4,"map(alloc: a)",8192,32,132,0,3,3,0,34.505873919
4,"map(alloc: a)",8192,32,132,0,3,28,0,36.016292870
4,"map(alloc: a)",8192,32,132,0,3,1218,0,132.199749351
4,"map(alloc: a)",8192,32,132,0,3,114,0,41.926279664
4,"map(alloc: a)",8192,32,132,0,3,758,0,95.264241099
4,"map(alloc: a)",8192,32,132,0,3,1955,0,190.348178148
4,"map(alloc: a)",8192,32,132,0,3,472,0,70.392526686
4,"map(alloc: a)",8192,32,132,0,3,7,0,33.353269100
4,"map(alloc: a)",8192,32,132,0,3,44,0,35.219267011
4,"map(alloc: a)",8192,32,132,0,3,3140,0,285.069644451
4,"map(alloc: a)",8192,32,132,0,3,8096,0,683.195516467
4,"map(alloc: a)",8192,32,132,0,3,71,0,37.449039519
4,"map(alloc: a)",8192,32,132,0,3,1,0,30.678324401
4,"map(alloc: a)",8192,32,132,0,3,2,0,33.487938344
4,"map(alloc: a)",8192,32,132,0,3,294,0,56.366063654
4,"map(alloc: a)",8192,32,132,0,4,3,0,32.682344317
4,"map(alloc: a)",8192,32,132,0,4,8096,0,682.452507317
4,"map(alloc: a)",8192,32,132,0,4,1,0,33.172219992
4,"map(alloc: a)",8192,32,132,0,4,28,0,34.789368510
4,"map(alloc: a)",8192,32,132,0,4,17,0,31.849928200
4,"map(alloc: a)",8192,32,132,0,4,5042,0,437.380559742
4,"map(alloc: a)",8192,32,132,0,4,7,0,31.859613955
4,"map(alloc: a)",8192,32,132,0,4,114,0,42.579695582
4,"map(alloc: a)",8192,32,132,0,4,44,0,34.976005554
4,"map(alloc: a)",8192,32,132,0,4,2,0,31.644478440
4,"map(alloc: a)",8192,32,132,0,4,294,0,57.456828654
4,"map(alloc: a)",8192,32,132,0,4,758,0,94.400346279
4,"map(alloc: a)",8192,32,132,0,4,183,0,46.724081039
4,"map(alloc: a)",8192,32,132,0,4,4,0,34.805946052
4,"map(alloc: a)",8192,32,132,0,4,1218,0,131.093896925
4,"map(alloc: a)",8192,32,132,0,4,71,0,39.551965892
4,"map(alloc: a)",8192,32,132,0,4,1955,0,191.128626466
4,"map(alloc: a)",8192,32,132,0,4,11,0,33.991597593
4,"map(alloc: a)",8192,32,132,0,4,472,0,69.857202470
4,"map(alloc: a)",8192,32,132,0,4,3140,0,282.893888652
4,"map(alloc: a)",8192,32,132,1,0,2,0,31.085684896
4,"map(alloc: a)",8192,32,132,1,0,4,0,31.610392034
4,"map(alloc: a)",8192,32,132,1,0,472,0,70.529989898
4,"map(alloc: a)",8192,32,132,1,0,3140,0,284.050032496
4,"map(alloc: a)",8192,32,132,1,0,183,0,48.058480024
4,"map(alloc: a)",8192,32,132,1,0,28,0,34.284777939
4,"map(alloc: a)",8192,32,132,1,0,71,0,38.139522076
4,"map(alloc: a)",8192,32,132,1,0,1218,0,129.593536258
4,"map(alloc: a)",8192,32,132,1,0,294,0,56.036002934
4,"map(alloc: a)",8192,32,132,1,0,1,0,32.281130552
4,"map(alloc: a)",8192,32,132,1,0,7,0,32.832473516
4,"map(alloc: a)",8192,32,132,1,0,1955,0,188.970007002
4,"map(alloc: a)",8192,32,132,1,0,758,0,93.455053866
4,"map(alloc: a)",8192,32,132,1,0,114,0,42.108260095
4,"map(alloc: a)",8192,32,132,1,0,11,0,31.350739300
4,"map(alloc: a)",8192,32,132,1,0,3,0,32.429583371
4,"map(alloc: a)",8192,32,132,1,0,8096,0,683.844834566
4,"map(alloc: a)",8192,32,132,1,0,44,0,35.178288817
4,"map(alloc: a)",8192,32,132,1,0,17,0,33.286586404
4,"map(alloc: a)",8192,32,132,1,0,5042,0,438.491441309
4,"map(alloc: a)",8192,32,132,1,1,758,0,93.835033476
4,"map(alloc: a)",8192,32,132,1,1,3,0,33.042952418
4,"map(alloc: a)",8192,32,132,1,1,3140,0,284.087844193
4,"map(alloc: a)",8192,32,132,1,1,1955,0,189.328566194
4,"map(alloc: a)",8192,32,132,1,1,44,0,34.676492214
4,"map(alloc: a)",8192,32,132,1,1,17,0,30.773691833
4,"map(alloc: a)",8192,32,132,1,1,294,0,55.633299053
4,"map(alloc: a)",8192,32,132,1,1,28,0,31.412392855
4,"map(alloc: a)",8192,32,132,1,1,114,0,39.454735816
4,"map(alloc: a)",8192,32,132,1,1,2,0,32.799504697
4,"map(alloc: a)",8192,32,132,1,1,7,0,33.396854997
4,"map(alloc: a)",8192,32,132,1,1,183,0,47.320313752
4,"map(alloc: a)",8192,32,132,1,1,8096,0,682.079046965
4,"map(alloc: a)",8192,32,132,1,1,11,0,33.813156188
4,"map(alloc: a)",8192,32,132,1,1,1,0,33.048540354
4,"map(alloc: a)",8192,32,132,1,1,1218,0,129.396095872
4,"map(alloc: a)",8192,32,132,1,1,472,0,70.361793041
4,"map(alloc: a)",8192,32,132,1,1,71,0,37.548877299
4,"map(alloc: a)",8192,32,132,1,1,5042,0,436.688214540
4,"map(alloc: a)",8192,32,132,1,1,4,0,31.143054366
4,"map(alloc: a)",8192,32,132,1,2,2,0,30.854903162
4,"map(alloc: a)",8192,32,132,1,2,71,0,37.126243114
4,"map(alloc: a)",8192,32,132,1,2,17,0,33.295899630
4,"map(alloc: a)",8192,32,132,1,2,472,0,69.985911250
4,"map(alloc: a)",8192,32,132,1,2,5042,0,438.580662012
4,"map(alloc: a)",8192,32,132,1,2,28,0,36.274082959
4,"map(alloc: a)",8192,32,132,1,2,44,0,37.888251245
4,"map(alloc: a)",8192,32,132,1,2,1218,0,131.664238870
4,"map(alloc: a)",8192,32,132,1,2,4,0,35.083666444
4,"map(alloc: a)",8192,32,132,1,2,1955,0,189.997628331
4,"map(alloc: a)",8192,32,132,1,2,183,0,46.967901289
4,"map(alloc: a)",8192,32,132,1,2,7,0,32.849796116
4,"map(alloc: a)",8192,32,132,1,2,758,0,93.394890428
4,"map(alloc: a)",8192,32,132,1,2,1,0,32.586418092
4,"map(alloc: a)",8192,32,132,1,2,3140,0,284.673273563
4,"map(alloc: a)",8192,32,132,1,2,8096,0,684.281811118
4,"map(alloc: a)",8192,32,132,1,2,3,0,33.311918378
4,"map(alloc: a)",8192,32,132,1,2,114,0,42.038224638
4,"map(alloc: a)",8192,32,132,1,2,11,0,33.893249929
4,"map(alloc: a)",8192,32,132,1,2,294,0,55.854395032
4,"map(alloc: a)",8192,32,132,1,3,1,0,33.456832170
4,"map(alloc: a)",8192,32,132,1,3,17,0,33.809430897
4,"map(alloc: a)",8192,32,132,1,3,294,0,56.750699878
4,"map(alloc: a)",8192,32,132,1,3,5042,0,437.395833433
4,"map(alloc: a)",8192,32,132,1,3,114,0,41.883252561
4,"map(alloc: a)",8192,32,132,1,3,28,0,32.948330045
4,"map(alloc: a)",8192,32,132,1,3,1218,0,130.665674806
4,"map(alloc: a)",8192,32,132,1,3,2,0,32.386742532
4,"map(alloc: a)",8192,32,132,1,3,3,0,31.234882772
4,"map(alloc: a)",8192,32,132,1,3,4,0,33.324770629
4,"map(alloc: a)",8192,32,132,1,3,758,0,95.771253109
4,"map(alloc: a)",8192,32,132,1,3,11,0,34.116208553
4,"map(alloc: a)",8192,32,132,1,3,44,0,36.573410034
4,"map(alloc: a)",8192,32,132,1,3,472,0,72.701647878
4,"map(alloc: a)",8192,32,132,1,3,7,0,32.878294587
4,"map(alloc: a)",8192,32,132,1,3,1955,0,188.925489783
4,"map(alloc: a)",8192,32,132,1,3,71,0,39.416737854
4,"map(alloc: a)",8192,32,132,1,3,183,0,47.583505511
4,"map(alloc: a)",8192,32,132,1,3,8096,0,683.056563139
4,"map(alloc: a)",8192,32,132,1,3,3140,0,284.011848271
4,"map(alloc: a)",8192,32,132,1,4,472,0,73.017366230
4,"map(alloc: a)",8192,32,132,1,4,71,0,39.218366146
4,"map(alloc: a)",8192,32,132,1,4,1,0,31.200610101
4,"map(alloc: a)",8192,32,132,1,4,11,0,33.239088953
4,"map(alloc: a)",8192,32,132,1,4,4,0,33.091939986
4,"map(alloc: a)",8192,32,132,1,4,3140,0,284.832902253
4,"map(alloc: a)",8192,32,132,1,4,28,0,35.818479955
4,"map(alloc: a)",8192,32,132,1,4,1218,0,130.512937903
4,"map(alloc: a)",8192,32,132,1,4,2,0,30.726753175
4,"map(alloc: a)",8192,32,132,1,4,183,0,47.427229583
4,"map(alloc: a)",8192,32,132,1,4,5042,0,437.294505537
4,"map(alloc: a)",8192,32,132,1,4,114,0,41.830912232
4,"map(alloc: a)",8192,32,132,1,4,3,0,34.071505070
4,"map(alloc: a)",8192,32,132,1,4,44,0,35.735033453
4,"map(alloc: a)",8192,32,132,1,4,758,0,93.206018209
4,"map(alloc: a)",8192,32,132,1,4,8096,0,684.442184865
4,"map(alloc: a)",8192,32,132,1,4,1955,0,191.226787865
4,"map(alloc: a)",8192,32,132,1,4,294,0,59.056654572
4,"map(alloc: a)",8192,32,132,1,4,7,0,34.641660750
4,"map(alloc: a)",8192,32,132,1,4,17,0,34.005567431
4,"map(alloc: a)",16382,32,132,0,0,7,0,32.451190054
4,"map(alloc: a)",16382,32,132,0,0,114,0,41.840970516
4,"map(alloc: a)",16382,32,132,0,0,3,0,32.620318234
4,"map(alloc: a)",16382,32,132,0,0,17,0,33.337995410
4,"map(alloc: a)",16382,32,132,0,0,1,0,31.840801239
4,"map(alloc: a)",16382,32,132,0,0,44,0,35.694241524
4,"map(alloc: a)",16382,32,132,0,0,294,0,56.085176766
4,"map(alloc: a)",16382,32,132,0,0,3140,0,284.378044307
4,"map(alloc: a)",16382,32,132,0,0,4,0,32.254867256
4,"map(alloc: a)",16382,32,132,0,0,1955,0,189.642980695
4,"map(alloc: a)",16382,32,132,0,0,183,0,48.994831741
4,"map(alloc: a)",16382,32,132,0,0,8096,0,683.560594916
4,"map(alloc: a)",16382,32,132,0,0,758,0,93.124620616
4,"map(alloc: a)",16382,32,132,0,0,71,0,37.905387580
4,"map(alloc: a)",16382,32,132,0,0,2,0,33.575482666
4,"map(alloc: a)",16382,32,132,0,0,11,0,33.599510789
4,"map(alloc: a)",16382,32,132,0,0,28,0,34.897588193
4,"map(alloc: a)",16382,32,132,0,0,5042,0,436.891429126
4,"map(alloc: a)",16382,32,132,0,0,1218,0,130.492635071
4,"map(alloc: a)",16382,32,132,0,0,472,0,71.320310235
4,"map(alloc: a)",16382,32,132,0,1,4,0,32.365880907
4,"map(alloc: a)",16382,32,132,0,1,1,0,31.519867480
4,"map(alloc: a)",16382,32,132,0,1,17,0,32.343156636
4,"map(alloc: a)",16382,32,132,0,1,28,0,34.165196121
4,"map(alloc: a)",16382,32,132,0,1,11,0,33.245980740
4,"map(alloc: a)",16382,32,132,0,1,3140,0,284.266658127
4,"map(alloc: a)",16382,32,132,0,1,2,0,33.383443952
4,"map(alloc: a)",16382,32,132,0,1,758,0,93.298219144
4,"map(alloc: a)",16382,32,132,0,1,1218,0,131.173245609
4,"map(alloc: a)",16382,32,132,0,1,44,0,36.944821477
4,"map(alloc: a)",16382,32,132,0,1,71,0,37.115626037
4,"map(alloc: a)",16382,32,132,0,1,114,0,40.921568871
4,"map(alloc: a)",16382,32,132,0,1,294,0,54.783187807
4,"map(alloc: a)",16382,32,132,0,1,7,0,33.271685243
4,"map(alloc: a)",16382,32,132,0,1,183,0,46.792067587
4,"map(alloc: a)",16382,32,132,0,1,8096,0,683.328323066
4,"map(alloc: a)",16382,32,132,0,1,472,0,70.263817906
4,"map(alloc: a)",16382,32,132,0,1,1955,0,189.190916717
4,"map(alloc: a)",16382,32,132,0,1,3,0,31.617842615
4,"map(alloc: a)",16382,32,132,0,1,5042,0,437.592528760
4,"map(alloc: a)",16382,32,132,0,2,3,0,28.811208904
4,"map(alloc: a)",16382,32,132,0,2,44,0,35.759247839
4,"map(alloc: a)",16382,32,132,0,2,1,0,30.365213752
4,"map(alloc: a)",16382,32,132,0,2,183,0,45.824795961
4,"map(alloc: a)",16382,32,132,0,2,294,0,55.627897382
4,"map(alloc: a)",16382,32,132,0,2,5042,0,436.948798597
4,"map(alloc: a)",16382,32,132,0,2,7,0,31.813234091
4,"map(alloc: a)",16382,32,132,0,2,8096,0,685.002282262
4,"map(alloc: a)",16382,32,132,0,2,2,0,32.895430923
4,"map(alloc: a)",16382,32,132,0,2,114,0,40.852278471
4,"map(alloc: a)",16382,32,132,0,2,71,0,38.517639041
4,"map(alloc: a)",16382,32,132,0,2,1955,0,189.430266619
4,"map(alloc: a)",16382,32,132,0,2,17,0,34.220516682
4,"map(alloc: a)",16382,32,132,0,2,472,0,69.794431329
4,"map(alloc: a)",16382,32,132,0,2,11,0,33.710151911
4,"map(alloc: a)",16382,32,132,0,2,1218,0,129.909254611
4,"map(alloc: a)",16382,32,132,0,2,4,0,32.570026815
4,"map(alloc: a)",16382,32,132,0,2,3140,0,283.697806299
4,"map(alloc: a)",16382,32,132,0,2,758,0,92.566944659
4,"map(alloc: a)",16382,32,132,0,2,28,0,34.618377686
4,"map(alloc: a)",16382,32,132,0,3,11,0,33.461116254
4,"map(alloc: a)",16382,32,132,0,3,4,0,33.902376890
4,"map(alloc: a)",16382,32,132,0,3,5042,0,438.130088151
4,"map(alloc: a)",16382,32,132,0,3,183,0,46.608038247
4,"map(alloc: a)",16382,32,132,0,3,17,0,33.899769187
4,"map(alloc: a)",16382,32,132,0,3,3,0,33.083185554
4,"map(alloc: a)",16382,32,132,0,3,28,0,34.494511783
4,"map(alloc: a)",16382,32,132,0,3,1218,0,129.603594542
4,"map(alloc: a)",16382,32,132,0,3,114,0,41.958689690
4,"map(alloc: a)",16382,32,132,0,3,758,0,93.810446560
4,"map(alloc: a)",16382,32,132,0,3,1955,0,189.709663391
4,"map(alloc: a)",16382,32,132,0,3,472,0,69.735199213
4,"map(alloc: a)",16382,32,132,0,3,7,0,30.811876059
4,"map(alloc: a)",16382,32,132,0,3,44,0,34.658424556
4,"map(alloc: a)",16382,32,132,0,3,3140,0,283.330492675
4,"map(alloc: a)",16382,32,132,0,3,8096,0,682.643800974
4,"map(alloc: a)",16382,32,132,0,3,71,0,40.707737207
4,"map(alloc: a)",16382,32,132,0,3,1,0,32.460130751
4,"map(alloc: a)",16382,32,132,0,3,2,0,33.380277455
4,"map(alloc: a)",16382,32,132,0,3,294,0,55.931508541
4,"map(alloc: a)",16382,32,132,0,4,3,0,33.324211836
4,"map(alloc: a)",16382,32,132,0,4,8096,0,681.872479618
4,"map(alloc: a)",16382,32,132,0,4,1,0,33.097155392
4,"map(alloc: a)",16382,32,132,0,4,28,0,34.400448203
4,"map(alloc: a)",16382,32,132,0,4,17,0,34.750066698
4,"map(alloc: a)",16382,32,132,0,4,5042,0,436.173379421
4,"map(alloc: a)",16382,32,132,0,4,7,0,33.099949360
4,"map(alloc: a)",16382,32,132,0,4,114,0,41.715428233
4,"map(alloc: a)",16382,32,132,0,4,44,0,36.631524563
4,"map(alloc: a)",16382,32,132,0,4,2,0,32.821483910
4,"map(alloc: a)",16382,32,132,0,4,294,0,55.629573762
4,"map(alloc: a)",16382,32,132,0,4,758,0,94.155780971
4,"map(alloc: a)",16382,32,132,0,4,183,0,47.005899251
4,"map(alloc: a)",16382,32,132,0,4,4,0,32.998248935
4,"map(alloc: a)",16382,32,132,0,4,1218,0,129.902362823
4,"map(alloc: a)",16382,32,132,0,4,71,0,37.302076817
4,"map(alloc: a)",16382,32,132,0,4,1955,0,190.247967839
4,"map(alloc: a)",16382,32,132,0,4,11,0,33.492036164
4,"map(alloc: a)",16382,32,132,0,4,472,0,70.085935295
4,"map(alloc: a)",16382,32,132,0,4,3140,0,285.310670733
4,"map(alloc: a)",16382,32,132,1,0,2,0,31.393952668
4,"map(alloc: a)",16382,32,132,1,0,4,0,33.518485725
4,"map(alloc: a)",16382,32,132,1,0,472,0,68.919919431
4,"map(alloc: a)",16382,32,132,1,0,3140,0,286.352261901
4,"map(alloc: a)",16382,32,132,1,0,183,0,48.386678100
4,"map(alloc: a)",16382,32,132,1,0,28,0,36.349333823
4,"map(alloc: a)",16382,32,132,1,0,71,0,38.699246943
4,"map(alloc: a)",16382,32,132,1,0,1218,0,131.489709020
4,"map(alloc: a)",16382,32,132,1,0,294,0,57.576224208
4,"map(alloc: a)",16382,32,132,1,0,1,0,33.522583544
4,"map(alloc: a)",16382,32,132,1,0,7,0,33.508986235
4,"map(alloc: a)",16382,32,132,1,0,1955,0,190.306082368
4,"map(alloc: a)",16382,32,132,1,0,758,0,94.391778111
4,"map(alloc: a)",16382,32,132,1,0,114,0,43.201074004
4,"map(alloc: a)",16382,32,132,1,0,11,0,33.842027187
4,"map(alloc: a)",16382,32,132,1,0,3,0,32.628886402
4,"map(alloc: a)",16382,32,132,1,0,8096,0,684.265233576
4,"map(alloc: a)",16382,32,132,1,0,44,0,38.486719131
4,"map(alloc: a)",16382,32,132,1,0,17,0,35.194307566
4,"map(alloc: a)",16382,32,132,1,0,5042,0,438.796728849
4,"map(alloc: a)",16382,32,132,1,1,758,0,95.240399241
4,"map(alloc: a)",16382,32,132,1,1,3,0,32.818876207
4,"map(alloc: a)",16382,32,132,1,1,3140,0,285.703130066
4,"map(alloc: a)",16382,32,132,1,1,1955,0,191.157869995
4,"map(alloc: a)",16382,32,132,1,1,44,0,37.596374750
4,"map(alloc: a)",16382,32,132,1,1,17,0,35.008043051
4,"map(alloc: a)",16382,32,132,1,1,294,0,57.584233582
4,"map(alloc: a)",16382,32,132,1,1,28,0,36.168470979
4,"map(alloc: a)",16382,32,132,1,1,114,0,41.557103395
4,"map(alloc: a)",16382,32,132,1,1,2,0,32.352283597
4,"map(alloc: a)",16382,32,132,1,1,7,0,31.895563006
4,"map(alloc: a)",16382,32,132,1,1,183,0,47.851726413
4,"map(alloc: a)",16382,32,132,1,1,8096,0,685.274973512
4,"map(alloc: a)",16382,32,132,1,1,11,0,34.721568227
4,"map(alloc: a)",16382,32,132,1,1,1,0,33.097341657
4,"map(alloc: a)",16382,32,132,1,1,1218,0,130.185857415
4,"map(alloc: a)",16382,32,132,1,1,472,0,72.717666626
4,"map(alloc: a)",16382,32,132,1,1,71,0,38.898922503
4,"map(alloc: a)",16382,32,132,1,1,5042,0,438.289344311
4,"map(alloc: a)",16382,32,132,1,1,4,0,34.043751657
4,"map(alloc: a)",16382,32,132,1,2,2,0,33.255293965
4,"map(alloc: a)",16382,32,132,1,2,71,0,38.571283221
4,"map(alloc: a)",16382,32,132,1,2,17,0,33.773481846
4,"map(alloc: a)",16382,32,132,1,2,472,0,71.829557419
4,"map(alloc: a)",16382,32,132,1,2,5042,0,440.058112144
4,"map(alloc: a)",16382,32,132,1,2,28,0,36.088936031
4,"map(alloc: a)",16382,32,132,1,2,44,0,37.096627057
4,"map(alloc: a)",16382,32,132,1,2,1218,0,131.770223379
4,"map(alloc: a)",16382,32,132,1,2,4,0,35.000778735
4,"map(alloc: a)",16382,32,132,1,2,1955,0,191.642343998
4,"map(alloc: a)",16382,32,132,1,2,183,0,48.451870680
4,"map(alloc: a)",16382,32,132,1,2,7,0,35.167299211
4,"map(alloc: a)",16382,32,132,1,2,758,0,93.411467969
4,"map(alloc: a)",16382,32,132,1,2,1,0,33.518299460
4,"map(alloc: a)",16382,32,132,1,2,3140,0,285.021588206
4,"map(alloc: a)",16382,32,132,1,2,8096,0,682.615302503
4,"map(alloc: a)",16382,32,132,1,2,3,0,33.760443330
4,"map(alloc: a)",16382,32,132,1,2,114,0,44.658966362
4,"map(alloc: a)",16382,32,132,1,2,11,0,36.476738751
4,"map(alloc: a)",16382,32,132,1,2,294,0,58.494508266
4,"map(alloc: a)",16382,32,132,1,3,1,0,33.991411328
4,"map(alloc: a)",16382,32,132,1,3,17,0,36.638788879
4,"map(alloc: a)",16382,32,132,1,3,294,0,58.610364795
4,"map(alloc: a)",16382,32,132,1,3,5042,0,438.098981977
4,"map(alloc: a)",16382,32,132,1,3,114,0,44.769048691
4,"map(alloc: a)",16382,32,132,1,3,28,0,35.968422890
4,"map(alloc: a)",16382,32,132,1,3,1218,0,132.349133492
4,"map(alloc: a)",16382,32,132,1,3,2,0,32.665580511
4,"map(alloc: a)",16382,32,132,1,3,3,0,33.122859895
4,"map(alloc: a)",16382,32,132,1,3,4,0,34.225732088
4,"map(alloc: a)",16382,32,132,1,3,758,0,93.076005578
4,"map(alloc: a)",16382,32,132,1,3,11,0,34.309178591
4,"map(alloc: a)",16382,32,132,1,3,44,0,37.109665573
4,"map(alloc: a)",16382,32,132,1,3,472,0,72.337314487
4,"map(alloc: a)",16382,32,132,1,3,7,0,33.434294164
4,"map(alloc: a)",16382,32,132,1,3,1955,0,192.575342953
4,"map(alloc: a)",16382,32,132,1,3,71,0,41.302107275
4,"map(alloc: a)",16382,32,132,1,3,183,0,49.484893680
4,"map(alloc: a)",16382,32,132,1,3,8096,0,684.351846576
4,"map(alloc: a)",16382,32,132,1,3,3140,0,287.008471787
4,"map(alloc: a)",16382,32,132,1,4,472,0,71.405991912
4,"map(alloc: a)",16382,32,132,1,4,71,0,39.607100189
4,"map(alloc: a)",16382,32,132,1,4,1,0,32.103247941
4,"map(alloc: a)",16382,32,132,1,4,11,0,33.204816282
4,"map(alloc: a)",16382,32,132,1,4,4,0,32.741762698
4,"map(alloc: a)",16382,32,132,1,4,3140,0,283.517688513
4,"map(alloc: a)",16382,32,132,1,4,28,0,35.933405161
4,"map(alloc: a)",16382,32,132,1,4,1218,0,130.305252969
4,"map(alloc: a)",16382,32,132,1,4,2,0,33.080950379
4,"map(alloc: a)",16382,32,132,1,4,183,0,47.430582345
4,"map(alloc: a)",16382,32,132,1,4,5042,0,439.907982945
4,"map(alloc: a)",16382,32,132,1,4,114,0,45.291706920
4,"map(alloc: a)",16382,32,132,1,4,3,0,33.841468394
4,"map(alloc: a)",16382,32,132,1,4,44,0,37.486106157
4,"map(alloc: a)",16382,32,132,1,4,758,0,94.382651150
4,"map(alloc: a)",16382,32,132,1,4,8096,0,684.221088886
4,"map(alloc: a)",16382,32,132,1,4,1955,0,191.381573677
4,"map(alloc: a)",16382,32,132,1,4,294,0,56.270509958
4,"map(alloc: a)",16382,32,132,1,4,7,0,35.078264773
4,"map(alloc: a)",16382,32,132,1,4,17,0,34.588202834
4,"map(alloc: a)",32768,32,132,0,0,7,0,32.217614353
4,"map(alloc: a)",32768,32,132,0,0,114,0,41.454657912
4,"map(alloc: a)",32768,32,132,0,0,3,0,32.185018063
4,"map(alloc: a)",32768,32,132,0,0,17,0,31.414628029
4,"map(alloc: a)",32768,32,132,0,0,1,0,30.534714460
4,"map(alloc: a)",32768,32,132,0,0,44,0,34.696981311
4,"map(alloc: a)",32768,32,132,0,0,294,0,55.447779596
4,"map(alloc: a)",32768,32,132,0,0,3140,0,283.757410944
4,"map(alloc: a)",32768,32,132,0,0,4,0,33.726915717
4,"map(alloc: a)",32768,32,132,0,0,1955,0,189.860910177
4,"map(alloc: a)",32768,32,132,0,0,183,0,46.448037028
4,"map(alloc: a)",32768,32,132,0,0,8096,0,680.619664490
4,"map(alloc: a)",32768,32,132,0,0,758,0,92.691928148
4,"map(alloc: a)",32768,32,132,0,0,71,0,38.256868720
4,"map(alloc: a)",32768,32,132,0,0,2,0,32.868422568
4,"map(alloc: a)",32768,32,132,0,0,11,0,33.420510590
4,"map(alloc: a)",32768,32,132,0,0,28,0,33.639743924
4,"map(alloc: a)",32768,32,132,0,0,5042,0,437.141209841
4,"map(alloc: a)",32768,32,132,0,0,1218,0,131.473504007
4,"map(alloc: a)",32768,32,132,0,0,472,0,62.979385257
4,"map(alloc: a)",32768,32,132,0,1,4,0,22.740475833
4,"map(alloc: a)",32768,32,132,0,1,1,0,22.883340716
4,"map(alloc: a)",32768,32,132,0,1,17,0,23.853965104
4,"map(alloc: a)",32768,32,132,0,1,28,0,25.222823024
4,"map(alloc: a)",32768,32,132,0,1,11,0,23.408979177
4,"map(alloc: a)",32768,32,132,0,1,3140,0,278.235785663
4,"map(alloc: a)",32768,32,132,0,1,2,0,32.443925738
4,"map(alloc: a)",32768,32,132,0,1,758,0,91.955997050
4,"map(alloc: a)",32768,32,132,0,1,1218,0,129.984691739
4,"map(alloc: a)",32768,32,132,0,1,44,0,34.033879638
4,"map(alloc: a)",32768,32,132,0,1,71,0,37.335976958
4,"map(alloc: a)",32768,32,132,0,1,114,0,41.551329195
4,"map(alloc: a)",32768,32,132,0,1,294,0,54.658018053
4,"map(alloc: a)",32768,32,132,0,1,7,0,32.898411155
4,"map(alloc: a)",32768,32,132,0,1,183,0,46.513415873
4,"map(alloc: a)",32768,32,132,0,1,8096,0,682.521611452
4,"map(alloc: a)",32768,32,132,0,1,472,0,69.997832179
4,"map(alloc: a)",32768,32,132,0,1,1955,0,187.508575618
4,"map(alloc: a)",32768,32,132,0,1,3,0,29.228441417
4,"map(alloc: a)",32768,32,132,0,1,5042,0,437.570363283
4,"map(alloc: a)",32768,32,132,0,2,3,0,31.094811857
4,"map(alloc: a)",32768,32,132,0,2,44,0,36.864914000
4,"map(alloc: a)",32768,32,132,0,2,1,0,35.201571882
4,"map(alloc: a)",32768,32,132,0,2,183,0,48.679485917
4,"map(alloc: a)",32768,32,132,0,2,294,0,58.536417782
4,"map(alloc: a)",32768,32,132,0,2,5042,0,439.795851707
4,"map(alloc: a)",32768,32,132,0,2,7,0,34.554488957
4,"map(alloc: a)",32768,32,132,0,2,8096,0,684.588402510
4,"map(alloc: a)",32768,32,132,0,2,2,0,35.065598786
4,"map(alloc: a)",32768,32,132,0,2,114,0,44.636614621
4,"map(alloc: a)",32768,32,132,0,2,71,0,39.327144623
4,"map(alloc: a)",32768,32,132,0,2,1955,0,191.655382514
4,"map(alloc: a)",32768,32,132,0,2,17,0,35.580433905
4,"map(alloc: a)",32768,32,132,0,2,472,0,69.247931242
4,"map(alloc: a)",32768,32,132,0,2,11,0,29.586814344
4,"map(alloc: a)",32768,32,132,0,2,1218,0,131.051428616
4,"map(alloc: a)",32768,32,132,0,2,4,0,33.188425004
4,"map(alloc: a)",32768,32,132,0,2,3140,0,286.442413926
4,"map(alloc: a)",32768,32,132,0,2,758,0,93.966908753
4,"map(alloc: a)",32768,32,132,0,2,28,0,32.709352672
4,"map(alloc: a)",32768,32,132,0,3,11,0,31.843781471
4,"map(alloc: a)",32768,32,132,0,3,4,0,29.833801091
4,"map(alloc: a)",32768,32,132,0,3,5042,0,439.039058983
4,"map(alloc: a)",32768,32,132,0,3,183,0,47.946162522
4,"map(alloc: a)",32768,32,132,0,3,17,0,34.617632627
4,"map(alloc: a)",32768,32,132,0,3,3,0,34.285522997
4,"map(alloc: a)",32768,32,132,0,3,28,0,35.179778934
4,"map(alloc: a)",32768,32,132,0,3,1218,0,132.826715708
4,"map(alloc: a)",32768,32,132,0,3,114,0,42.464025319
4,"map(alloc: a)",32768,32,132,0,3,758,0,94.727613032
4,"map(alloc: a)",32768,32,132,0,3,1955,0,188.636407256
4,"map(alloc: a)",32768,32,132,0,3,472,0,67.956373096
4,"map(alloc: a)",32768,32,132,0,3,7,0,31.599402428
4,"map(alloc: a)",32768,32,132,0,3,44,0,33.086538315
4,"map(alloc: a)",32768,32,132,0,3,3140,0,283.781625330
4,"map(alloc: a)",32768,32,132,0,3,8096,0,682.430155575
4,"map(alloc: a)",32768,32,132,0,3,71,0,37.290155888
4,"map(alloc: a)",32768,32,132,0,3,1,0,32.283738256
4,"map(alloc: a)",32768,32,132,0,3,2,0,31.418539584
4,"map(alloc: a)",32768,32,132,0,3,294,0,55.281631649
4,"map(alloc: a)",32768,32,132,0,4,3,0,31.484104693
4,"map(alloc: a)",32768,32,132,0,4,8096,0,683.237798512
4,"map(alloc: a)",32768,32,132,0,4,1,0,31.546317041
4,"map(alloc: a)",32768,32,132,0,4,28,0,34.205429256
4,"map(alloc: a)",32768,32,132,0,4,17,0,32.350420952
4,"map(alloc: a)",32768,32,132,0,4,5042,0,438.460893929
4,"map(alloc: a)",32768,32,132,0,4,7,0,32.675266266
4,"map(alloc: a)",32768,32,132,0,4,114,0,42.186118662
4,"map(alloc: a)",32768,32,132,0,4,44,0,35.041570663
4,"map(alloc: a)",32768,32,132,0,4,2,0,30.461139977
4,"map(alloc: a)",32768,32,132,0,4,294,0,54.882839322
4,"map(alloc: a)",32768,32,132,0,4,758,0,92.246197164
4,"map(alloc: a)",32768,32,132,0,4,183,0,46.472996473
4,"map(alloc: a)",32768,32,132,0,4,4,0,22.877939045
4,"map(alloc: a)",32768,32,132,0,4,1218,0,121.708028018
4,"map(alloc: a)",32768,32,132,0,4,71,0,29.187090695
4,"map(alloc: a)",32768,32,132,0,4,1955,0,180.550664663
4,"map(alloc: a)",32768,32,132,0,4,11,0,23.703277111
4,"map(alloc: a)",32768,32,132,0,4,472,0,61.646103859
4,"map(alloc: a)",32768,32,132,0,4,3140,0,283.020362258
4,"map(alloc: a)",32768,32,132,1,0,2,0,32.221339643
4,"map(alloc: a)",32768,32,132,1,0,4,0,33.343769610
4,"map(alloc: a)",32768,32,132,1,0,472,0,70.251710713
4,"map(alloc: a)",32768,32,132,1,0,3140,0,284.382700920
4,"map(alloc: a)",32768,32,132,1,0,183,0,45.561417937
4,"map(alloc: a)",32768,32,132,1,0,28,0,31.584687531
4,"map(alloc: a)",32768,32,132,1,0,71,0,35.849772394
4,"map(alloc: a)",32768,32,132,1,0,1218,0,129.486061633
4,"map(alloc: a)",32768,32,132,1,0,294,0,55.060721934
4,"map(alloc: a)",32768,32,132,1,0,1,0,31.325779855
4,"map(alloc: a)",32768,32,132,1,0,7,0,31.659007072
4,"map(alloc: a)",32768,32,132,1,0,1955,0,188.596919179
4,"map(alloc: a)",32768,32,132,1,0,758,0,92.503987253
4,"map(alloc: a)",32768,32,132,1,0,114,0,40.854327381
4,"map(alloc: a)",32768,32,132,1,0,11,0,32.713823020
4,"map(alloc: a)",32768,32,132,1,0,3,0,31.586363912
4,"map(alloc: a)",32768,32,132,1,0,8096,0,681.509263813
4,"map(alloc: a)",32768,32,132,1,0,44,0,40.255673230
4,"map(alloc: a)",32768,32,132,1,0,17,0,38.245879114
4,"map(alloc: a)",32768,32,132,1,0,5042,0,439.651310444
4,"map(alloc: a)",32768,32,132,1,1,758,0,98.935700953
4,"map(alloc: a)",32768,32,132,1,1,3,0,36.112591624
4,"map(alloc: a)",32768,32,132,1,1,3140,0,286.049395800
4,"map(alloc: a)",32768,32,132,1,1,1955,0,191.410444677
4,"map(alloc: a)",32768,32,132,1,1,44,0,37.745013833
4,"map(alloc: a)",32768,32,132,1,1,17,0,34.319609404
4,"map(alloc: a)",32768,32,132,1,1,294,0,58.129243553
4,"map(alloc: a)",32768,32,132,1,1,28,0,36.258809268
4,"map(alloc: a)",32768,32,132,1,1,114,0,43.028220534
4,"map(alloc: a)",32768,32,132,1,1,2,0,34.704804420
4,"map(alloc: a)",32768,32,132,1,1,7,0,35.392306745
4,"map(alloc: a)",32768,32,132,1,1,183,0,48.260018229
4,"map(alloc: a)",32768,32,132,1,1,8096,0,687.152519822
4,"map(alloc: a)",32768,32,132,1,1,11,0,35.364925861
4,"map(alloc: a)",32768,32,132,1,1,1,0,34.196674824
4,"map(alloc: a)",32768,32,132,1,1,1218,0,132.207386196
4,"map(alloc: a)",32768,32,132,1,1,472,0,70.311874151
4,"map(alloc: a)",32768,32,132,1,1,71,0,38.640201092
4,"map(alloc: a)",32768,32,132,1,1,5042,0,438.651628792
4,"map(alloc: a)",32768,32,132,1,1,4,0,34.046918154
4,"map(alloc: a)",32768,32,132,1,2,2,0,32.472237945
4,"map(alloc: a)",32768,32,132,1,2,71,0,41.117519140
4,"map(alloc: a)",32768,32,132,1,2,17,0,36.060065031
4,"map(alloc: a)",32768,32,132,1,2,472,0,72.617083788
4,"map(alloc: a)",32768,32,132,1,2,5042,0,436.260364950
4,"map(alloc: a)",32768,32,132,1,2,28,0,33.981911838
4,"map(alloc: a)",32768,32,132,1,2,44,0,34.720078111
4,"map(alloc: a)",32768,32,132,1,2,1218,0,129.884108901
4,"map(alloc: a)",32768,32,132,1,2,4,0,30.998513103
4,"map(alloc: a)",32768,32,132,1,2,1955,0,188.202410936
4,"map(alloc: a)",32768,32,132,1,2,183,0,46.239979565
4,"map(alloc: a)",32768,32,132,1,2,7,0,31.231343746
4,"map(alloc: a)",32768,32,132,1,2,758,0,91.329403222
4,"map(alloc: a)",32768,32,132,1,2,1,0,31.556747854
4,"map(alloc: a)",32768,32,132,1,2,3140,0,283.162668347
4,"map(alloc: a)",32768,32,132,1,2,8096,0,682.920217514
4,"map(alloc: a)",32768,32,132,1,2,3,0,29.606744647
4,"map(alloc: a)",32768,32,132,1,2,114,0,39.588101208
4,"map(alloc: a)",32768,32,132,1,2,11,0,32.791495323
4,"map(alloc: a)",32768,32,132,1,2,294,0,53.971819580
4,"map(alloc: a)",32768,32,132,1,3,1,0,29.888749123
4,"map(alloc: a)",32768,32,132,1,3,17,0,31.762011349
4,"map(alloc: a)",32768,32,132,1,3,294,0,56.518241763
4,"map(alloc: a)",32768,32,132,1,3,5042,0,436.763279140
4,"map(alloc: a)",32768,32,132,1,3,114,0,42.378716171
4,"map(alloc: a)",32768,32,132,1,3,28,0,34.018605947
4,"map(alloc: a)",32768,32,132,1,3,1218,0,131.480209529
4,"map(alloc: a)",32768,32,132,1,3,2,0,32.477453351
4,"map(alloc: a)",32768,32,132,1,3,3,0,31.003542244
4,"map(alloc: a)",32768,32,132,1,3,4,0,32.195262611
4,"map(alloc: a)",32768,32,132,1,3,758,0,89.276768267
4,"map(alloc: a)",32768,32,132,1,3,11,0,22.780522704
4,"map(alloc: a)",32768,32,132,1,3,44,0,26.220642030
4,"map(alloc: a)",32768,32,132,1,3,472,0,62.555819750
4,"map(alloc: a)",32768,32,132,1,3,7,0,33.803097904
4,"map(alloc: a)",32768,32,132,1,3,1955,0,188.667699695
4,"map(alloc: a)",32768,32,132,1,3,71,0,37.983991206
4,"map(alloc: a)",32768,32,132,1,3,183,0,45.610591769
4,"map(alloc: a)",32768,32,132,1,3,8096,0,681.822374463
4,"map(alloc: a)",32768,32,132,1,3,3140,0,284.324586391
4,"map(alloc: a)",32768,32,132,1,4,472,0,70.454180241
4,"map(alloc: a)",32768,32,132,1,4,71,0,38.173981011
4,"map(alloc: a)",32768,32,132,1,4,1,0,32.797083259
4,"map(alloc: a)",32768,32,132,1,4,11,0,33.396668732
4,"map(alloc: a)",32768,32,132,1,4,4,0,33.313222229
4,"map(alloc: a)",32768,32,132,1,4,3140,0,284.925661981
4,"map(alloc: a)",32768,32,132,1,4,28,0,33.510662615
4,"map(alloc: a)",32768,32,132,1,4,1218,0,128.598324955
4,"map(alloc: a)",32768,32,132,1,4,2,0,33.270567656
4,"map(alloc: a)",32768,32,132,1,4,183,0,46.567991376
4,"map(alloc: a)",32768,32,132,1,4,5042,0,437.344610691
4,"map(alloc: a)",32768,32,132,1,4,114,0,43.101422489
4,"map(alloc: a)",32768,32,132,1,4,3,0,34.625083208
4,"map(alloc: a)",32768,32,132,1,4,44,0,37.174113095
4,"map(alloc: a)",32768,32,132,1,4,758,0,92.507340014
4,"map(alloc: a)",32768,32,132,1,4,8096,0,682.309642434
4,"map(alloc: a)",32768,32,132,1,4,1955,0,189.682282507
4,"map(alloc: a)",32768,32,132,1,4,294,0,57.037919760
4,"map(alloc: a)",32768,32,132,1,4,7,0,32.796710730
4,"map(alloc: a)",32768,32,132,1,4,17,0,34.026987851
4,"map(alloc: a)",65536,32,132,0,0,7,0,33.050961792
4,"map(alloc: a)",65536,32,132,0,0,114,0,41.691027582
4,"map(alloc: a)",65536,32,132,0,0,3,0,32.704323530
4,"map(alloc: a)",65536,32,132,0,0,17,0,34.672766924
4,"map(alloc: a)",65536,32,132,0,0,1,0,34.181401134
4,"map(alloc: a)",65536,32,132,0,0,44,0,36.305189133
4,"map(alloc: a)",65536,32,132,0,0,294,0,54.986961186
4,"map(alloc: a)",65536,32,132,0,0,3140,0,283.411331475
4,"map(alloc: a)",65536,32,132,0,0,4,0,32.073631883
4,"map(alloc: a)",65536,32,132,0,0,1955,0,189.425423741
4,"map(alloc: a)",65536,32,132,0,0,183,0,45.846402645
4,"map(alloc: a)",65536,32,132,0,0,8096,0,682.637840509
4,"map(alloc: a)",65536,32,132,0,0,758,0,93.323737383
4,"map(alloc: a)",65536,32,132,0,0,71,0,38.324296474
4,"map(alloc: a)",65536,32,132,0,0,2,0,31.495280564
4,"map(alloc: a)",65536,32,132,0,0,11,0,33.843331039
4,"map(alloc: a)",65536,32,132,0,0,28,0,32.782554626
4,"map(alloc: a)",65536,32,132,0,0,5042,0,437.399744987
4,"map(alloc: a)",65536,32,132,0,0,1218,0,130.050815642
4,"map(alloc: a)",65536,32,132,0,0,472,0,72.000920773
4,"map(alloc: a)",65536,32,132,0,1,4,0,33.242814243
4,"map(alloc: a)",65536,32,132,0,1,1,0,31.164661050
4,"map(alloc: a)",65536,32,132,0,1,17,0,32.074004412
4,"map(alloc: a)",65536,32,132,0,1,28,0,32.618641853
4,"map(alloc: a)",65536,32,132,0,1,11,0,33.192895353
4,"map(alloc: a)",65536,32,132,0,1,3140,0,283.069536090
4,"map(alloc: a)",65536,32,132,0,1,2,0,32.238475978
4,"map(alloc: a)",65536,32,132,0,1,758,0,92.905573547
4,"map(alloc: a)",65536,32,132,0,1,1218,0,129.130668938
4,"map(alloc: a)",65536,32,132,0,1,44,0,34.442730248
4,"map(alloc: a)",65536,32,132,0,1,71,0,38.345530629
4,"map(alloc: a)",65536,32,132,0,1,114,0,41.846930981
4,"map(alloc: a)",65536,32,132,0,1,294,0,56.376680732
4,"map(alloc: a)",65536,32,132,0,1,7,0,33.431686461
4,"map(alloc: a)",65536,32,132,0,1,183,0,47.822296619
4,"map(alloc: a)",65536,32,132,0,1,8096,0,682.100094855
4,"map(alloc: a)",65536,32,132,0,1,472,0,69.687701762
4,"map(alloc: a)",65536,32,132,0,1,1955,0,189.134478569
4,"map(alloc: a)",65536,32,132,0,1,3,0,31.995959580
4,"map(alloc: a)",65536,32,132,0,1,5042,0,436.881557107
4,"map(alloc: a)",65536,32,132,0,2,3,0,33.295527101
4,"map(alloc: a)",65536,32,132,0,2,44,0,37.307105958
4,"map(alloc: a)",65536,32,132,0,2,1,0,32.492727041
4,"map(alloc: a)",65536,32,132,0,2,183,0,47.912076116
4,"map(alloc: a)",65536,32,132,0,2,294,0,56.522712111
4,"map(alloc: a)",65536,32,132,0,2,5042,0,437.844358385
4,"map(alloc: a)",65536,32,132,0,2,7,0,32.212212682
4,"map(alloc: a)",65536,32,132,0,2,8096,0,682.204030454
4,"map(alloc: a)",65536,32,132,0,2,2,0,31.048245728
4,"map(alloc: a)",65536,32,132,0,2,114,0,40.654093027
4,"map(alloc: a)",65536,32,132,0,2,71,0,38.135610521
4,"map(alloc: a)",65536,32,132,0,2,1955,0,188.630633056
4,"map(alloc: a)",65536,32,132,0,2,17,0,34.347362816
4,"map(alloc: a)",65536,32,132,0,2,472,0,70.455670357
4,"map(alloc: a)",65536,32,132,0,2,11,0,32.201036811
4,"map(alloc: a)",65536,32,132,0,2,1218,0,129.702687263
4,"map(alloc: a)",65536,32,132,0,2,4,0,32.123178244
4,"map(alloc: a)",65536,32,132,0,2,3140,0,284.421257675
4,"map(alloc: a)",65536,32,132,0,2,758,0,92.890858650
4,"map(alloc: a)",65536,32,132,0,2,28,0,34.388154745
4,"map(alloc: a)",65536,32,132,0,3,11,0,33.488124609
4,"map(alloc: a)",65536,32,132,0,3,4,0,33.565983176
4,"map(alloc: a)",65536,32,132,0,3,5042,0,436.239503324
4,"map(alloc: a)",65536,32,132,0,3,183,0,47.581642866
4,"map(alloc: a)",65536,32,132,0,3,17,0,35.714358091
4,"map(alloc: a)",65536,32,132,0,3,3,0,32.985210419
4,"map(alloc: a)",65536,32,132,0,3,28,0,35.023316741
4,"map(alloc: a)",65536,32,132,0,3,1218,0,131.546147168
4,"map(alloc: a)",65536,32,132,0,3,114,0,41.763298213
4,"map(alloc: a)",65536,32,132,0,3,758,0,94.453245401
4,"map(alloc: a)",65536,32,132,0,3,1955,0,190.011411905
4,"map(alloc: a)",65536,32,132,0,3,472,0,71.391463280
4,"map(alloc: a)",65536,32,132,0,3,7,0,32.235309482
4,"map(alloc: a)",65536,32,132,0,3,44,0,36.255270243
4,"map(alloc: a)",65536,32,132,0,3,3140,0,284.524261951
4,"map(alloc: a)",65536,32,132,0,3,8096,0,683.624111116
4,"map(alloc: a)",65536,32,132,0,3,71,0,36.902353168
4,"map(alloc: a)",65536,32,132,0,3,1,0,33.127889037
4,"map(alloc: a)",65536,32,132,0,3,2,0,32.697059214
4,"map(alloc: a)",65536,32,132,0,3,294,0,57.760067284
4,"map(alloc: a)",65536,32,132,0,4,3,0,32.003968954
4,"map(alloc: a)",65536,32,132,0,4,8096,0,683.129765093
4,"map(alloc: a)",65536,32,132,0,4,1,0,33.067911863
4,"map(alloc: a)",65536,32,132,0,4,28,0,33.757090569
4,"map(alloc: a)",65536,32,132,0,4,17,0,33.121183515
4,"map(alloc: a)",65536,32,132,0,4,5042,0,436.525605619
4,"map(alloc: a)",65536,32,132,0,4,7,0,33.231638372
4,"map(alloc: a)",65536,32,132,0,4,114,0,42.108818889
4,"map(alloc: a)",65536,32,132,0,4,44,0,37.364289165
4,"map(alloc: a)",65536,32,132,0,4,2,0,33.009983599
4,"map(alloc: a)",65536,32,132,0,4,294,0,57.228654623
4,"map(alloc: a)",65536,32,132,0,4,758,0,92.059001327
4,"map(alloc: a)",65536,32,132,0,4,183,0,48.283301294
4,"map(alloc: a)",65536,32,132,0,4,4,0,33.661350608
4,"map(alloc: a)",65536,32,132,0,4,1218,0,132.657401264
4,"map(alloc: a)",65536,32,132,0,4,71,0,39.618089795
4,"map(alloc: a)",65536,32,132,0,4,1955,0,189.937837422
4,"map(alloc: a)",65536,32,132,0,4,11,0,31.918659806
4,"map(alloc: a)",65536,32,132,0,4,472,0,69.717131555
4,"map(alloc: a)",65536,32,132,0,4,3140,0,283.674523234
4,"map(alloc: a)",65536,32,132,1,0,2,0,31.571090221
4,"map(alloc: a)",65536,32,132,1,0,4,0,32.487511635
4,"map(alloc: a)",65536,32,132,1,0,472,0,69.550611079
4,"map(alloc: a)",65536,32,132,1,0,3140,0,285.130552948
4,"map(alloc: a)",65536,32,132,1,0,183,0,47.703646123
4,"map(alloc: a)",65536,32,132,1,0,28,0,34.795328975
4,"map(alloc: a)",65536,32,132,1,0,71,0,38.689933717
4,"map(alloc: a)",65536,32,132,1,0,1218,0,129.818357527
4,"map(alloc: a)",65536,32,132,1,0,294,0,55.158510804
4,"map(alloc: a)",65536,32,132,1,0,1,0,32.320804894
4,"map(alloc: a)",65536,32,132,1,0,7,0,33.311359584
4,"map(alloc: a)",65536,32,132,1,0,1955,0,190.195068717
4,"map(alloc: a)",65536,32,132,1,0,758,0,93.996152282
4,"map(alloc: a)",65536,32,132,1,0,114,0,40.879659355
4,"map(alloc: a)",65536,32,132,1,0,11,0,34.396164119
4,"map(alloc: a)",65536,32,132,1,0,3,0,33.666193485
4,"map(alloc: a)",65536,32,132,1,0,8096,0,682.593882084
4,"map(alloc: a)",65536,32,132,1,0,44,0,36.204792559
4,"map(alloc: a)",65536,32,132,1,0,17,0,33.281557262
4,"map(alloc: a)",65536,32,132,1,0,5042,0,437.546148896
4,"map(alloc: a)",65536,32,132,1,1,758,0,93.948096037
4,"map(alloc: a)",65536,32,132,1,1,3,0,33.886544406
4,"map(alloc: a)",65536,32,132,1,1,3140,0,286.597013474
4,"map(alloc: a)",65536,32,132,1,1,1955,0,189.623981714
4,"map(alloc: a)",65536,32,132,1,1,44,0,34.870021045
4,"map(alloc: a)",65536,32,132,1,1,17,0,33.294036984
4,"map(alloc: a)",65536,32,132,1,1,294,0,56.500919163
4,"map(alloc: a)",65536,32,132,1,1,28,0,35.025924444
4,"map(alloc: a)",65536,32,132,1,1,114,0,43.239444494
4,"map(alloc: a)",65536,32,132,1,1,2,0,33.479370177
4,"map(alloc: a)",65536,32,132,1,1,7,0,33.277459443
4,"map(alloc: a)",65536,32,132,1,1,183,0,47.298520803
4,"map(alloc: a)",65536,32,132,1,1,8096,0,683.505833149
4,"map(alloc: a)",65536,32,132,1,1,11,0,33.700466156
4,"map(alloc: a)",65536,32,132,1,1,1,0,33.492222428
4,"map(alloc: a)",65536,32,132,1,1,1218,0,130.785629153
4,"map(alloc: a)",65536,32,132,1,1,472,0,70.402957499
4,"map(alloc: a)",65536,32,132,1,1,71,0,35.999156535
4,"map(alloc: a)",65536,32,132,1,1,5042,0,437.609851360
4,"map(alloc: a)",65536,32,132,1,1,4,0,32.235868275
4,"map(alloc: a)",65536,32,132,1,2,2,0,33.666566014
4,"map(alloc: a)",65536,32,132,1,2,71,0,38.781389594
4,"map(alloc: a)",65536,32,132,1,2,17,0,33.803097904
4,"map(alloc: a)",65536,32,132,1,2,472,0,71.298703551
4,"map(alloc: a)",65536,32,132,1,2,5042,0,438.019447029
4,"map(alloc: a)",65536,32,132,1,2,28,0,35.044364631
4,"map(alloc: a)",65536,32,132,1,2,44,0,34.872256219
4,"map(alloc: a)",65536,32,132,1,2,1218,0,129.778683186
4,"map(alloc: a)",65536,32,132,1,2,4,0,32.365694642
4,"map(alloc: a)",65536,32,132,1,2,1955,0,188.688747585
4,"map(alloc: a)",65536,32,132,1,2,183,0,47.231465578
4,"map(alloc: a)",65536,32,132,1,2,7,0,33.174827695
4,"map(alloc: a)",65536,32,132,1,2,758,0,94.236806035
4,"map(alloc: a)",65536,32,132,1,2,1,0,33.684261143
4,"map(alloc: a)",65536,32,132,1,2,3140,0,286.883674562
4,"map(alloc: a)",65536,32,132,1,2,8096,0,683.783739805
4,"map(alloc: a)",65536,32,132,1,2,3,0,34.233555198
4,"map(alloc: a)",65536,32,132,1,2,114,0,41.382014751
4,"map(alloc: a)",65536,32,132,1,2,11,0,33.201649785
4,"map(alloc: a)",65536,32,132,1,2,294,0,55.751763284
4,"map(alloc: a)",65536,32,132,1,3,1,0,32.773613930
4,"map(alloc: a)",65536,32,132,1,3,17,0,33.302418888
4,"map(alloc: a)",65536,32,132,1,3,294,0,55.991858244
4,"map(alloc: a)",65536,32,132,1,3,5042,0,438.843108714
4,"map(alloc: a)",65536,32,132,1,3,114,0,41.134655476
4,"map(alloc: a)",65536,32,132,1,3,28,0,32.292306423
4,"map(alloc: a)",65536,32,132,1,3,1218,0,132.064707577
4,"map(alloc: a)",65536,32,132,1,3,2,0,32.829679549
4,"map(alloc: a)",65536,32,132,1,3,3,0,32.993219793
4,"map(alloc: a)",65536,32,132,1,3,4,0,34.424476326
4,"map(alloc: a)",65536,32,132,1,3,758,0,94.549171627
4,"map(alloc: a)",65536,32,132,1,3,11,0,34.412741661
4,"map(alloc: a)",65536,32,132,1,3,44,0,38.420408964
4,"map(alloc: a)",65536,32,132,1,3,472,0,71.235932410
4,"map(alloc: a)",65536,32,132,1,3,7,0,32.419897616
4,"map(alloc: a)",65536,32,132,1,3,1955,0,188.214145601
4,"map(alloc: a)",65536,32,132,1,3,71,0,37.077255547
4,"map(alloc: a)",65536,32,132,1,3,183,0,46.822614968
4,"map(alloc: a)",65536,32,132,1,3,8096,0,682.093016803
4,"map(alloc: a)",65536,32,132,1,3,3140,0,285.666435957
4,"map(alloc: a)",65536,32,132,1,4,472,0,71.718543768
4,"map(alloc: a)",65536,32,132,1,4,71,0,38.380920887
4,"map(alloc: a)",65536,32,132,1,4,1,0,32.690539956
4,"map(alloc: a)",65536,32,132,1,4,11,0,34.872628748
4,"map(alloc: a)",65536,32,132,1,4,4,0,33.465586603
4,"map(alloc: a)",65536,32,132,1,4,3140,0,286.066904664
4,"map(alloc: a)",65536,32,132,1,4,28,0,34.421682358
4,"map(alloc: a)",65536,32,132,1,4,1218,0,131.267309189
4,"map(alloc: a)",65536,32,132,1,4,2,0,32.739713788
4,"map(alloc: a)",65536,32,132,1,4,183,0,48.169121146
4,"map(alloc: a)",65536,32,132,1,4,5042,0,435.926020145
4,"map(alloc: a)",65536,32,132,1,4,114,0,43.360888958
4,"map(alloc: a)",65536,32,132,1,4,3,0,33.678673208
4,"map(alloc: a)",65536,32,132,1,4,44,0,36.194175482
4,"map(alloc: a)",65536,32,132,1,4,758,0,93.659758568
4,"map(alloc: a)",65536,32,132,1,4,8096,0,683.401338756
4,"map(alloc: a)",65536,32,132,1,4,1955,0,190.306827426
4,"map(alloc: a)",65536,32,132,1,4,294,0,56.301243603
4,"map(alloc: a)",65536,32,132,1,4,7,0,33.796392381
4,"map(alloc: a)",65536,32,132,1,4,17,0,33.119507134
