method_id,method_name,N,thread_count,team_count,set,run,delaylength,outerreps,exec_time_us
1,"map(tofrom: a)",1,64,104,0,0,7,0,471.043586731
1,"map(tofrom: a)",1,64,104,0,0,7,1,473.940372467
1,"map(tofrom: a)",1,64,104,0,0,7,2,473.105907440
1,"map(tofrom: a)",1,64,104,0,0,7,3,473.105907440
1,"map(tofrom: a)",1,64,104,0,0,7,4,473.046302795
1,"map(tofrom: a)",1,64,104,0,0,7,5,472.104549408
1,"map(tofrom: a)",1,64,104,0,0,7,6,472.557544708
1,"map(tofrom: a)",1,64,104,0,0,7,7,472.497940063
1,"map(tofrom: a)",1,64,104,0,0,7,8,472.104549408
1,"map(tofrom: a)",1,64,104,0,0,7,9,472.450256348
1,"map(tofrom: a)",1,64,104,0,0,114,0,565.850734711
1,"map(tofrom: a)",1,64,104,0,0,114,1,565.397739410
1,"map(tofrom: a)",1,64,104,0,0,114,2,567.555427551
1,"map(tofrom: a)",1,64,104,0,0,114,3,564.646720886
1,"map(tofrom: a)",1,64,104,0,0,114,4,567.054748535
1,"map(tofrom: a)",1,64,104,0,0,114,5,567.495822906
1,"map(tofrom: a)",1,64,104,0,0,114,6,566.041469574
1,"map(tofrom: a)",1,64,104,0,0,114,7,567.805767059
1,"map(tofrom: a)",1,64,104,0,0,114,8,568.854808807
1,"map(tofrom: a)",1,64,104,0,0,114,9,565.707683563
1,"map(tofrom: a)",1,64,104,0,0,3,0,469.553470612
1,"map(tofrom: a)",1,64,104,0,0,3,1,468.707084656
1,"map(tofrom: a)",1,64,104,0,0,3,2,469.195842743
1,"map(tofrom: a)",1,64,104,0,0,3,3,469.195842743
1,"map(tofrom: a)",1,64,104,0,0,3,4,469.398498535
1,"map(tofrom: a)",1,64,104,0,0,3,5,469.648838043
1,"map(tofrom: a)",1,64,104,0,0,3,6,469.005107880
1,"map(tofrom: a)",1,64,104,0,0,3,7,469.052791595
1,"map(tofrom: a)",1,64,104,0,0,3,8,468.850135803
1,"map(tofrom: a)",1,64,104,0,0,3,9,468.492507935
1,"map(tofrom: a)",1,64,104,0,0,17,0,482.094287872
1,"map(tofrom: a)",1,64,104,0,0,17,1,481.998920441
1,"map(tofrom: a)",1,64,104,0,0,17,2,482.153892517
1,"map(tofrom: a)",1,64,104,0,0,17,3,482.654571533
1,"map(tofrom: a)",1,64,104,0,0,17,4,482.654571533
1,"map(tofrom: a)",1,64,104,0,0,17,5,481.843948364
1,"map(tofrom: a)",1,64,104,0,0,17,6,482.606887817
1,"map(tofrom: a)",1,64,104,0,0,17,7,482.797622681
1,"map(tofrom: a)",1,64,104,0,0,17,8,482.857227325
1,"map(tofrom: a)",1,64,104,0,0,17,9,482.594966888
1,"map(tofrom: a)",1,64,104,0,0,1,0,468.456745148
1,"map(tofrom: a)",1,64,104,0,0,1,1,468.003749847
1,"map(tofrom: a)",1,64,104,0,0,1,2,468.099117279
1,"map(tofrom: a)",1,64,104,0,0,1,3,468.695163727
1,"map(tofrom: a)",1,64,104,0,0,1,4,469.005107880
1,"map(tofrom: a)",1,64,104,0,0,1,5,468.051433563
1,"map(tofrom: a)",1,64,104,0,0,1,6,468.051433563
1,"map(tofrom: a)",1,64,104,0,0,1,7,468.051433563
1,"map(tofrom: a)",1,64,104,0,0,1,8,467.753410339
1,"map(tofrom: a)",1,64,104,0,0,1,9,467.801094055
1,"map(tofrom: a)",1,64,104,0,0,44,0,505.602359772
1,"map(tofrom: a)",1,64,104,0,0,44,1,504.839420319
1,"map(tofrom: a)",1,64,104,0,0,44,2,505.900382996
1,"map(tofrom: a)",1,64,104,0,0,44,3,505.244731903
1,"map(tofrom: a)",1,64,104,0,0,44,4,505.697727203
1,"map(tofrom: a)",1,64,104,0,0,44,5,505.495071411
1,"map(tofrom: a)",1,64,104,0,0,44,6,505.948066711
1,"map(tofrom: a)",1,64,104,0,0,44,7,506.293773651
1,"map(tofrom: a)",1,64,104,0,0,44,8,505.948066711
1,"map(tofrom: a)",1,64,104,0,0,44,9,505.399703979
1,"map(tofrom: a)",1,64,104,0,0,294,0,728.547573090
1,"map(tofrom: a)",1,64,104,0,0,294,1,721.096992493
1,"map(tofrom: a)",1,64,104,0,0,294,2,726.997852325
1,"map(tofrom: a)",1,64,104,0,0,294,3,728.404521942
1,"map(tofrom: a)",1,64,104,0,0,294,4,724.744796753
1,"map(tofrom: a)",1,64,104,0,0,294,5,728.106498718
1,"map(tofrom: a)",1,64,104,0,0,294,6,731.050968170
1,"map(tofrom: a)",1,64,104,0,0,294,7,717.496871948
1,"map(tofrom: a)",1,64,104,0,0,294,8,721.597671509
1,"map(tofrom: a)",1,64,104,0,0,294,9,718.450546265
1,"map(tofrom: a)",1,64,104,0,0,3140,0,3168.046474457
1,"map(tofrom: a)",1,64,104,0,0,3140,1,3159.558773041
1,"map(tofrom: a)",1,64,104,0,0,3140,2,3165.042400360
1,"map(tofrom: a)",1,64,104,0,0,3140,3,3180.050849915
1,"map(tofrom: a)",1,64,104,0,0,3140,4,3178.954124451
1,"map(tofrom: a)",1,64,104,0,0,3140,5,3170.990943909
1,"map(tofrom: a)",1,64,104,0,0,3140,6,3229.451179504
1,"map(tofrom: a)",1,64,104,0,0,3140,7,3159.248828888
1,"map(tofrom: a)",1,64,104,0,0,3140,8,3202.092647552
1,"map(tofrom: a)",1,64,104,0,0,3140,9,3226.649761200
1,"map(tofrom: a)",1,64,104,0,0,4,0,470.447540283
1,"map(tofrom: a)",1,64,104,0,0,4,1,470.554828644
1,"map(tofrom: a)",1,64,104,0,0,4,2,471.508502960
1,"map(tofrom: a)",1,64,104,0,0,4,3,470.495223999
1,"map(tofrom: a)",1,64,104,0,0,4,4,471.842288971
1,"map(tofrom: a)",1,64,104,0,0,4,5,471.043586731
1,"map(tofrom: a)",1,64,104,0,0,4,6,470.900535583
1,"map(tofrom: a)",1,64,104,0,0,4,7,471.699237823
1,"map(tofrom: a)",1,64,104,0,0,4,8,470.745563507
1,"map(tofrom: a)",1,64,104,0,0,4,9,470.697879791
1,"map(tofrom: a)",1,64,104,0,0,1955,0,2143.859863281
1,"map(tofrom: a)",1,64,104,0,0,1955,1,2134.656906128
1,"map(tofrom: a)",1,64,104,0,0,1955,2,2165.949344635
1,"map(tofrom: a)",1,64,104,0,0,1955,3,2120.649814606
1,"map(tofrom: a)",1,64,104,0,0,1955,4,2163.505554199
1,"map(tofrom: a)",1,64,104,0,0,1955,5,2167.892456055
1,"map(tofrom: a)",1,64,104,0,0,1955,6,2147.352695465
1,"map(tofrom: a)",1,64,104,0,0,1955,7,2162.599563599
1,"map(tofrom: a)",1,64,104,0,0,1955,8,2188.098430634
1,"map(tofrom: a)",1,64,104,0,0,1955,9,2139.091491699
1,"map(tofrom: a)",1,64,104,0,0,183,0,629.150867462
1,"map(tofrom: a)",1,64,104,0,0,183,1,627.100467682
1,"map(tofrom: a)",1,64,104,0,0,183,2,627.946853638
1,"map(tofrom: a)",1,64,104,0,0,183,3,628.542900085
1,"map(tofrom: a)",1,64,104,0,0,183,4,628.101825714
1,"map(tofrom: a)",1,64,104,0,0,183,5,629.389286041
1,"map(tofrom: a)",1,64,104,0,0,183,6,629.401206970
1,"map(tofrom: a)",1,64,104,0,0,183,7,629.198551178
1,"map(tofrom: a)",1,64,104,0,0,183,8,631.403923035
1,"map(tofrom: a)",1,64,104,0,0,183,9,622.200965881
1,"map(tofrom: a)",1,64,104,0,0,8096,0,7442.903518677
1,"map(tofrom: a)",1,64,104,0,0,8096,1,7469.451427460
1,"map(tofrom: a)",1,64,104,0,0,8096,2,7376.492023468
1,"map(tofrom: a)",1,64,104,0,0,8096,3,7433.950901031
1,"map(tofrom: a)",1,64,104,0,0,8096,4,7531.344890594
1,"map(tofrom: a)",1,64,104,0,0,8096,5,7366.049289703
1,"map(tofrom: a)",1,64,104,0,0,8096,6,7563.209533691
1,"map(tofrom: a)",1,64,104,0,0,8096,7,7447.099685669
1,"map(tofrom: a)",1,64,104,0,0,8096,8,7505.691051483
1,"map(tofrom: a)",1,64,104,0,0,8096,9,7522.749900818
1,"map(tofrom: a)",1,64,104,0,0,758,0,1127.254962921
1,"map(tofrom: a)",1,64,104,0,0,758,1,1129.305362701
1,"map(tofrom: a)",1,64,104,0,0,758,2,1129.245758057
1,"map(tofrom: a)",1,64,104,0,0,758,3,1125.204563141
1,"map(tofrom: a)",1,64,104,0,0,758,4,1142.692565918
1,"map(tofrom: a)",1,64,104,0,0,758,5,1124.703884125
1,"map(tofrom: a)",1,64,104,0,0,758,6,1136.398315430
1,"map(tofrom: a)",1,64,104,0,0,758,7,1141.345500946
1,"map(tofrom: a)",1,64,104,0,0,758,8,1131.904125214
1,"map(tofrom: a)",1,64,104,0,0,758,9,1129.996776581
1,"map(tofrom: a)",1,64,104,0,0,71,0,529.491901398
1,"map(tofrom: a)",1,64,104,0,0,71,1,526.905059814
1,"map(tofrom: a)",1,64,104,0,0,71,2,528.848171234
1,"map(tofrom: a)",1,64,104,0,0,71,3,528.943538666
1,"map(tofrom: a)",1,64,104,0,0,71,4,528.895854950
1,"map(tofrom: a)",1,64,104,0,0,71,5,528.502464294
1,"map(tofrom: a)",1,64,104,0,0,71,6,533.902645111
1,"map(tofrom: a)",1,64,104,0,0,71,7,529.599189758
1,"map(tofrom: a)",1,64,104,0,0,71,8,529.301166534
1,"map(tofrom: a)",1,64,104,0,0,71,9,528.299808502
1,"map(tofrom: a)",1,64,104,0,0,2,0,468.552112579
1,"map(tofrom: a)",1,64,104,0,0,2,1,467.908382416
1,"map(tofrom: a)",1,64,104,0,0,2,2,468.051433563
1,"map(tofrom: a)",1,64,104,0,0,2,3,468.158721924
1,"map(tofrom: a)",1,64,104,0,0,2,4,467.741489410
1,"map(tofrom: a)",1,64,104,0,0,2,5,468.647480011
1,"map(tofrom: a)",1,64,104,0,0,2,6,468.444824219
1,"map(tofrom: a)",1,64,104,0,0,2,7,468.301773071
1,"map(tofrom: a)",1,64,104,0,0,2,8,468.695163727
1,"map(tofrom: a)",1,64,104,0,0,2,9,468.397140503
1,"map(tofrom: a)",1,64,104,0,0,11,0,476.002693176
1,"map(tofrom: a)",1,64,104,0,0,11,1,475.645065308
1,"map(tofrom: a)",1,64,104,0,0,11,2,475.299358368
1,"map(tofrom: a)",1,64,104,0,0,11,3,475.347042084
1,"map(tofrom: a)",1,64,104,0,0,11,4,475.454330444
1,"map(tofrom: a)",1,64,104,0,0,11,5,475.096702576
1,"map(tofrom: a)",1,64,104,0,0,11,6,475.847721100
1,"map(tofrom: a)",1,64,104,0,0,11,7,475.549697876
1,"map(tofrom: a)",1,64,104,0,0,11,8,476.157665253
1,"map(tofrom: a)",1,64,104,0,0,11,9,476.002693176
1,"map(tofrom: a)",1,64,104,0,0,28,0,491.094589233
1,"map(tofrom: a)",1,64,104,0,0,28,1,490.999221802
1,"map(tofrom: a)",1,64,104,0,0,28,2,491.249561310
1,"map(tofrom: a)",1,64,104,0,0,28,3,491.297245026
1,"map(tofrom: a)",1,64,104,0,0,28,4,491.499900818
1,"map(tofrom: a)",1,64,104,0,0,28,5,491.452217102
1,"map(tofrom: a)",1,64,104,0,0,28,6,490.856170654
1,"map(tofrom: a)",1,64,104,0,0,28,7,491.392612457
1,"map(tofrom: a)",1,64,104,0,0,28,8,492.048263550
1,"map(tofrom: a)",1,64,104,0,0,28,9,491.702556610
1,"map(tofrom: a)",1,64,104,0,0,5042,0,4947.745800018
1,"map(tofrom: a)",1,64,104,0,0,5042,1,4780.340194702
1,"map(tofrom: a)",1,64,104,0,0,5042,2,4852.545261383
1,"map(tofrom: a)",1,64,104,0,0,5042,3,4745.852947235
1,"map(tofrom: a)",1,64,104,0,0,5042,4,4823.601245880
1,"map(tofrom: a)",1,64,104,0,0,5042,5,4830.050468445
1,"map(tofrom: a)",1,64,104,0,0,5042,6,4774.653911591
1,"map(tofrom: a)",1,64,104,0,0,5042,7,4827.451705933
1,"map(tofrom: a)",1,64,104,0,0,5042,8,4892.396926880
1,"map(tofrom: a)",1,64,104,0,0,5042,9,4789.149761200
1,"map(tofrom: a)",1,64,104,0,0,1218,0,1533.448696136
1,"map(tofrom: a)",1,64,104,0,0,1218,1,1520.001888275
1,"map(tofrom: a)",1,64,104,0,0,1218,2,1524.353027344
1,"map(tofrom: a)",1,64,104,0,0,1218,3,1529.943943024
1,"map(tofrom: a)",1,64,104,0,0,1218,4,1528.346538544
1,"map(tofrom: a)",1,64,104,0,0,1218,5,1533.651351929
1,"map(tofrom: a)",1,64,104,0,0,1218,6,1534.354686737
1,"map(tofrom: a)",1,64,104,0,0,1218,7,1528.108119965
1,"map(tofrom: a)",1,64,104,0,0,1218,8,1552.605628967
1,"map(tofrom: a)",1,64,104,0,0,1218,9,1526.558399200
1,"map(tofrom: a)",1,64,104,0,0,472,0,887.548923492
1,"map(tofrom: a)",1,64,104,0,0,472,1,889.241695404
1,"map(tofrom: a)",1,64,104,0,0,472,2,867.247581482
1,"map(tofrom: a)",1,64,104,0,0,472,3,872.397422791
1,"map(tofrom: a)",1,64,104,0,0,472,4,877.046585083
1,"map(tofrom: a)",1,64,104,0,0,472,5,867.307186127
1,"map(tofrom: a)",1,64,104,0,0,472,6,877.654552460
1,"map(tofrom: a)",1,64,104,0,0,472,7,871.598720551
1,"map(tofrom: a)",1,64,104,0,0,472,8,874.757766724
1,"map(tofrom: a)",1,64,104,0,0,472,9,875.544548035
1,"map(tofrom: a)",2,64,104,0,0,7,0,471.341609955
1,"map(tofrom: a)",2,64,104,0,0,7,1,473.904609680
1,"map(tofrom: a)",2,64,104,0,0,7,2,472.843647003
1,"map(tofrom: a)",2,64,104,0,0,7,3,472.855567932
1,"map(tofrom: a)",2,64,104,0,0,7,4,472.950935364
1,"map(tofrom: a)",2,64,104,0,0,7,5,471.949577332
1,"map(tofrom: a)",2,64,104,0,0,7,6,473.451614380
1,"map(tofrom: a)",2,64,104,0,0,7,7,472.903251648
1,"map(tofrom: a)",2,64,104,0,0,7,8,472.390651703
1,"map(tofrom: a)",2,64,104,0,0,7,9,473.403930664
1,"map(tofrom: a)",2,64,104,0,0,114,0,566.196441650
1,"map(tofrom: a)",2,64,104,0,0,114,1,563.144683838
1,"map(tofrom: a)",2,64,104,0,0,114,2,566.852092743
1,"map(tofrom: a)",2,64,104,0,0,114,3,564.849376678
1,"map(tofrom: a)",2,64,104,0,0,114,4,565.397739410
1,"map(tofrom: a)",2,64,104,0,0,114,5,565.445423126
1,"map(tofrom: a)",2,64,104,0,0,114,6,567.054748535
1,"map(tofrom: a)",2,64,104,0,0,114,7,566.148757935
1,"map(tofrom: a)",2,64,104,0,0,114,8,566.303730011
1,"map(tofrom: a)",2,64,104,0,0,114,9,566.208362579
1,"map(tofrom: a)",2,64,104,0,0,3,0,470.340251923
1,"map(tofrom: a)",2,64,104,0,0,3,1,468.790531158
1,"map(tofrom: a)",2,64,104,0,0,3,2,469.052791595
1,"map(tofrom: a)",2,64,104,0,0,3,3,469.791889191
1,"map(tofrom: a)",2,64,104,0,0,3,4,468.754768372
1,"map(tofrom: a)",2,64,104,0,0,3,5,468.850135803
1,"map(tofrom: a)",2,64,104,0,0,3,6,468.754768372
1,"map(tofrom: a)",2,64,104,0,0,3,7,468.754768372
1,"map(tofrom: a)",2,64,104,0,0,3,8,469.040870667
1,"map(tofrom: a)",2,64,104,0,0,3,9,468.802452087
1,"map(tofrom: a)",2,64,104,0,0,17,0,482.654571533
1,"map(tofrom: a)",2,64,104,0,0,17,1,481.843948364
1,"map(tofrom: a)",2,64,104,0,0,17,2,482.141971588
1,"map(tofrom: a)",2,64,104,0,0,17,3,482.046604156
1,"map(tofrom: a)",2,64,104,0,0,17,4,482.249259949
1,"map(tofrom: a)",2,64,104,0,0,17,5,481.796264648
1,"map(tofrom: a)",2,64,104,0,0,17,6,482.606887817
1,"map(tofrom: a)",2,64,104,0,0,17,7,481.855869293
1,"map(tofrom: a)",2,64,104,0,0,17,8,482.940673828
1,"map(tofrom: a)",2,64,104,0,0,17,9,482.797622681
1,"map(tofrom: a)",2,64,104,0,0,1,0,467.598438263
1,"map(tofrom: a)",2,64,104,0,0,1,1,467.503070831
1,"map(tofrom: a)",2,64,104,0,0,1,2,468.146800995
1,"map(tofrom: a)",2,64,104,0,0,1,3,467.991828918
1,"map(tofrom: a)",2,64,104,0,0,1,4,468.206405640
1,"map(tofrom: a)",2,64,104,0,0,1,5,468.242168427
1,"map(tofrom: a)",2,64,104,0,0,1,6,468.206405640
1,"map(tofrom: a)",2,64,104,0,0,1,7,467.944145203
1,"map(tofrom: a)",2,64,104,0,0,1,8,468.754768372
1,"map(tofrom: a)",2,64,104,0,0,1,9,468.504428864
1,"map(tofrom: a)",2,64,104,0,0,44,0,506.496429443
1,"map(tofrom: a)",2,64,104,0,0,44,1,505.089759827
1,"map(tofrom: a)",2,64,104,0,0,44,2,505.304336548
1,"map(tofrom: a)",2,64,104,0,0,44,3,504.601001740
1,"map(tofrom: a)",2,64,104,0,0,44,4,505.650043488
1,"map(tofrom: a)",2,64,104,0,0,44,5,505.006313324
1,"map(tofrom: a)",2,64,104,0,0,44,6,504.803657532
1,"map(tofrom: a)",2,64,104,0,0,44,7,505.089759827
1,"map(tofrom: a)",2,64,104,0,0,44,8,506.448745728
1,"map(tofrom: a)",2,64,104,0,0,44,9,505.208969116
1,"map(tofrom: a)",2,64,104,0,0,294,0,724.804401398
1,"map(tofrom: a)",2,64,104,0,0,294,1,721.502304077
1,"map(tofrom: a)",2,64,104,0,0,294,2,722.694396973
1,"map(tofrom: a)",2,64,104,0,0,294,3,723.850727081
1,"map(tofrom: a)",2,64,104,0,0,294,4,724.244117737
1,"map(tofrom: a)",2,64,104,0,0,294,5,724.995136261
1,"map(tofrom: a)",2,64,104,0,0,294,6,725.305080414
1,"map(tofrom: a)",2,64,104,0,0,294,7,723.850727081
1,"map(tofrom: a)",2,64,104,0,0,294,8,729.501247406
1,"map(tofrom: a)",2,64,104,0,0,294,9,723.052024841
1,"map(tofrom: a)",2,64,104,0,0,3140,0,3262.948989868
1,"map(tofrom: a)",2,64,104,0,0,3140,1,3273.403644562
1,"map(tofrom: a)",2,64,104,0,0,3140,2,3127.753734589
1,"map(tofrom: a)",2,64,104,0,0,3140,3,3157.091140747
1,"map(tofrom: a)",2,64,104,0,0,3140,4,3191.244602203
1,"map(tofrom: a)",2,64,104,0,0,3140,5,3127.801418304
1,"map(tofrom: a)",2,64,104,0,0,3140,6,3193.700313568
1,"map(tofrom: a)",2,64,104,0,0,3140,7,3155.601024628
1,"map(tofrom: a)",2,64,104,0,0,3140,8,3175.950050354
1,"map(tofrom: a)",2,64,104,0,0,3140,9,3179.597854614
1,"map(tofrom: a)",2,64,104,0,0,4,0,470.101833344
1,"map(tofrom: a)",2,64,104,0,0,4,1,470.292568207
1,"map(tofrom: a)",2,64,104,0,0,4,2,470.757484436
1,"map(tofrom: a)",2,64,104,0,0,4,3,470.805168152
1,"map(tofrom: a)",2,64,104,0,0,4,4,471.556186676
1,"map(tofrom: a)",2,64,104,0,0,4,5,471.043586731
1,"map(tofrom: a)",2,64,104,0,0,4,6,470.745563507
1,"map(tofrom: a)",2,64,104,0,0,4,7,470.745563507
1,"map(tofrom: a)",2,64,104,0,0,4,8,470.244884491
1,"map(tofrom: a)",2,64,104,0,0,4,9,471.055507660
1,"map(tofrom: a)",2,64,104,0,0,1955,0,2211.046218872
1,"map(tofrom: a)",2,64,104,0,0,1955,1,2165.949344635
1,"map(tofrom: a)",2,64,104,0,0,1955,2,2207.207679749
1,"map(tofrom: a)",2,64,104,0,0,1955,3,2129.805088043
1,"map(tofrom: a)",2,64,104,0,0,1955,4,2134.501934052
1,"map(tofrom: a)",2,64,104,0,0,1955,5,2144.396305084
1,"map(tofrom: a)",2,64,104,0,0,1955,6,2146.196365356
1,"map(tofrom: a)",2,64,104,0,0,1955,7,2143.442630768
1,"map(tofrom: a)",2,64,104,0,0,1955,8,2146.208286285
1,"map(tofrom: a)",2,64,104,0,0,1955,9,2144.348621368
1,"map(tofrom: a)",2,64,104,0,0,183,0,628.006458282
1,"map(tofrom: a)",2,64,104,0,0,183,1,623.452663422
1,"map(tofrom: a)",2,64,104,0,0,183,2,627.040863037
1,"map(tofrom: a)",2,64,104,0,0,183,3,628.256797791
1,"map(tofrom: a)",2,64,104,0,0,183,4,624.692440033
1,"map(tofrom: a)",2,64,104,0,0,183,5,627.243518829
1,"map(tofrom: a)",2,64,104,0,0,183,6,628.900527954
1,"map(tofrom: a)",2,64,104,0,0,183,7,624.704360962
1,"map(tofrom: a)",2,64,104,0,0,183,8,630.557537079
1,"map(tofrom: a)",2,64,104,0,0,183,9,627.756118774
1,"map(tofrom: a)",2,64,104,0,0,8096,0,7607.793807983
1,"map(tofrom: a)",2,64,104,0,0,8096,1,7621.300220490
1,"map(tofrom: a)",2,64,104,0,0,8096,2,7643.902301788
1,"map(tofrom: a)",2,64,104,0,0,8096,3,7575.798034668
1,"map(tofrom: a)",2,64,104,0,0,8096,4,7404.851913452
1,"map(tofrom: a)",2,64,104,0,0,8096,5,7362.496852875
1,"map(tofrom: a)",2,64,104,0,0,8096,6,7536.101341248
1,"map(tofrom: a)",2,64,104,0,0,8096,7,7316.100597382
1,"map(tofrom: a)",2,64,104,0,0,8096,8,7471.394538879
1,"map(tofrom: a)",2,64,104,0,0,8096,9,7490.801811218
1,"map(tofrom: a)",2,64,104,0,0,758,0,1116.347312927
1,"map(tofrom: a)",2,64,104,0,0,758,1,1124.048233032
1,"map(tofrom: a)",2,64,104,0,0,758,2,1131.951808929
1,"map(tofrom: a)",2,64,104,0,0,758,3,1116.347312927
1,"map(tofrom: a)",2,64,104,0,0,758,4,1132.702827454
1,"map(tofrom: a)",2,64,104,0,0,758,5,1123.702526093
1,"map(tofrom: a)",2,64,104,0,0,758,6,1127.052307129
1,"map(tofrom: a)",2,64,104,0,0,758,7,1129.901409149
1,"map(tofrom: a)",2,64,104,0,0,758,8,1129.853725433
1,"map(tofrom: a)",2,64,104,0,0,758,9,1133.501529694
1,"map(tofrom: a)",2,64,104,0,0,71,0,530.350208282
1,"map(tofrom: a)",2,64,104,0,0,71,1,529.253482819
1,"map(tofrom: a)",2,64,104,0,0,71,2,531.554222107
1,"map(tofrom: a)",2,64,104,0,0,71,3,529.789924622
1,"map(tofrom: a)",2,64,104,0,0,71,4,530.445575714
1,"map(tofrom: a)",2,64,104,0,0,71,5,528.860092163
1,"map(tofrom: a)",2,64,104,0,0,71,6,528.395175934
1,"map(tofrom: a)",2,64,104,0,0,71,7,528.252124786
1,"map(tofrom: a)",2,64,104,0,0,71,8,529.348850250
1,"map(tofrom: a)",2,64,104,0,0,71,9,527.489185333
1,"map(tofrom: a)",2,64,104,0,0,2,0,468.003749847
1,"map(tofrom: a)",2,64,104,0,0,2,1,467.801094055
1,"map(tofrom: a)",2,64,104,0,0,2,2,468.003749847
1,"map(tofrom: a)",2,64,104,0,0,2,3,467.860698700
1,"map(tofrom: a)",2,64,104,0,0,2,4,468.301773071
1,"map(tofrom: a)",2,64,104,0,0,2,5,468.206405640
1,"map(tofrom: a)",2,64,104,0,0,2,6,468.409061432
1,"map(tofrom: a)",2,64,104,0,0,2,7,467.896461487
1,"map(tofrom: a)",2,64,104,0,0,2,8,468.397140503
1,"map(tofrom: a)",2,64,104,0,0,2,9,468.099117279
1,"map(tofrom: a)",2,64,104,0,0,11,0,476.157665253
1,"map(tofrom: a)",2,64,104,0,0,11,1,476.801395416
1,"map(tofrom: a)",2,64,104,0,0,11,2,476.050376892
1,"map(tofrom: a)",2,64,104,0,0,11,3,476.002693176
1,"map(tofrom: a)",2,64,104,0,0,11,4,477.242469788
1,"map(tofrom: a)",2,64,104,0,0,11,5,475.454330444
1,"map(tofrom: a)",2,64,104,0,0,11,6,476.789474487
1,"map(tofrom: a)",2,64,104,0,0,11,7,475.859642029
1,"map(tofrom: a)",2,64,104,0,0,11,8,476.002693176
1,"map(tofrom: a)",2,64,104,0,0,11,9,475.597381592
1,"map(tofrom: a)",2,64,104,0,0,28,0,490.403175354
1,"map(tofrom: a)",2,64,104,0,0,28,1,490.939617157
1,"map(tofrom: a)",2,64,104,0,0,28,2,491.142272949
1,"map(tofrom: a)",2,64,104,0,0,28,3,491.452217102
1,"map(tofrom: a)",2,64,104,0,0,28,4,491.547584534
1,"map(tofrom: a)",2,64,104,0,0,28,5,490.605831146
1,"map(tofrom: a)",2,64,104,0,0,28,6,490.844249725
1,"map(tofrom: a)",2,64,104,0,0,28,7,492.250919342
1,"map(tofrom: a)",2,64,104,0,0,28,8,490.903854370
1,"map(tofrom: a)",2,64,104,0,0,28,9,491.607189178
1,"map(tofrom: a)",2,64,104,0,0,5042,0,4949.152469635
1,"map(tofrom: a)",2,64,104,0,0,5042,1,4828.953742981
1,"map(tofrom: a)",2,64,104,0,0,5042,2,4970.097541809
1,"map(tofrom: a)",2,64,104,0,0,5042,3,4914.450645447
1,"map(tofrom: a)",2,64,104,0,0,5042,4,4923.808574677
1,"map(tofrom: a)",2,64,104,0,0,5042,5,4951.655864716
1,"map(tofrom: a)",2,64,104,0,0,5042,6,4778.301715851
1,"map(tofrom: a)",2,64,104,0,0,5042,7,4791.259765625
1,"map(tofrom: a)",2,64,104,0,0,5042,8,4804.348945618
1,"map(tofrom: a)",2,64,104,0,0,5042,9,4780.209064484
1,"map(tofrom: a)",2,64,104,0,0,1218,0,1524.949073792
1,"map(tofrom: a)",2,64,104,0,0,1218,1,1495.659351349
1,"map(tofrom: a)",2,64,104,0,0,1218,2,1522.302627563
1,"map(tofrom: a)",2,64,104,0,0,1218,3,1525.306701660
1,"map(tofrom: a)",2,64,104,0,0,1218,4,1512.742042542
1,"map(tofrom: a)",2,64,104,0,0,1218,5,1523.339748383
1,"map(tofrom: a)",2,64,104,0,0,1218,6,1540.255546570
1,"map(tofrom: a)",2,64,104,0,0,1218,7,1506.197452545
1,"map(tofrom: a)",2,64,104,0,0,1218,8,1539.909839630
1,"map(tofrom: a)",2,64,104,0,0,1218,9,1523.602008820
1,"map(tofrom: a)",2,64,104,0,0,472,0,880.444049835
1,"map(tofrom: a)",2,64,104,0,0,472,1,881.505012512
1,"map(tofrom: a)",2,64,104,0,0,472,2,881.946086884
1,"map(tofrom: a)",2,64,104,0,0,472,3,883.197784424
1,"map(tofrom: a)",2,64,104,0,0,472,4,883.305072784
1,"map(tofrom: a)",2,64,104,0,0,472,5,881.993770599
1,"map(tofrom: a)",2,64,104,0,0,472,6,889.456272125
1,"map(tofrom: a)",2,64,104,0,0,472,7,865.352153778
1,"map(tofrom: a)",2,64,104,0,0,472,8,872.957706451
1,"map(tofrom: a)",2,64,104,0,0,472,9,874.543190002
1,"map(tofrom: a)",4,64,104,0,0,7,0,471.246242523
1,"map(tofrom: a)",4,64,104,0,0,7,1,472.450256348
1,"map(tofrom: a)",4,64,104,0,0,7,2,472.748279572
1,"map(tofrom: a)",4,64,104,0,0,7,3,471.746921539
1,"map(tofrom: a)",4,64,104,0,0,7,4,472.450256348
1,"map(tofrom: a)",4,64,104,0,0,7,5,472.342967987
1,"map(tofrom: a)",4,64,104,0,0,7,6,472.056865692
1,"map(tofrom: a)",4,64,104,0,0,7,7,472.545623779
1,"map(tofrom: a)",4,64,104,0,0,7,8,472.390651703
1,"map(tofrom: a)",4,64,104,0,0,7,9,473.392009735
1,"map(tofrom: a)",4,64,104,0,0,114,0,567.555427551
1,"map(tofrom: a)",4,64,104,0,0,114,1,568.139553070
1,"map(tofrom: a)",4,64,104,0,0,114,2,569.999217987
1,"map(tofrom: a)",4,64,104,0,0,114,3,567.746162415
1,"map(tofrom: a)",4,64,104,0,0,114,4,566.494464874
1,"map(tofrom: a)",4,64,104,0,0,114,5,565.958023071
1,"map(tofrom: a)",4,64,104,0,0,114,6,564.157962799
1,"map(tofrom: a)",4,64,104,0,0,114,7,565.600395203
1,"map(tofrom: a)",4,64,104,0,0,114,8,566.804409027
1,"map(tofrom: a)",4,64,104,0,0,114,9,564.348697662
1,"map(tofrom: a)",4,64,104,0,0,3,0,468.599796295
1,"map(tofrom: a)",4,64,104,0,0,3,1,468.754768372
1,"map(tofrom: a)",4,64,104,0,0,3,2,468.754768372
1,"map(tofrom: a)",4,64,104,0,0,3,3,468.552112579
1,"map(tofrom: a)",4,64,104,0,0,3,4,468.599796295
1,"map(tofrom: a)",4,64,104,0,0,3,5,468.647480011
1,"map(tofrom: a)",4,64,104,0,0,3,6,468.599796295
1,"map(tofrom: a)",4,64,104,0,0,3,7,468.897819519
1,"map(tofrom: a)",4,64,104,0,0,3,8,469.446182251
1,"map(tofrom: a)",4,64,104,0,0,3,9,468.754768372
1,"map(tofrom: a)",4,64,104,0,0,17,0,482.451915741
1,"map(tofrom: a)",4,64,104,0,0,17,1,483.596324921
1,"map(tofrom: a)",4,64,104,0,0,17,2,482.845306396
1,"map(tofrom: a)",4,64,104,0,0,17,3,482.904911041
1,"map(tofrom: a)",4,64,104,0,0,17,4,483.250617981
1,"map(tofrom: a)",4,64,104,0,0,17,5,482.296943665
1,"map(tofrom: a)",4,64,104,0,0,17,6,482.308864594
1,"map(tofrom: a)",4,64,104,0,0,17,7,482.702255249
1,"map(tofrom: a)",4,64,104,0,0,17,8,481.951236725
1,"map(tofrom: a)",4,64,104,0,0,17,9,482.058525085
1,"map(tofrom: a)",4,64,104,0,0,1,0,468.051433563
1,"map(tofrom: a)",4,64,104,0,0,1,1,468.099117279
1,"map(tofrom: a)",4,64,104,0,0,1,2,468.051433563
1,"map(tofrom: a)",4,64,104,0,0,1,3,467.443466187
1,"map(tofrom: a)",4,64,104,0,0,1,4,467.753410339
1,"map(tofrom: a)",4,64,104,0,0,1,5,467.848777771
1,"map(tofrom: a)",4,64,104,0,0,1,6,468.647480011
1,"map(tofrom: a)",4,64,104,0,0,1,7,468.349456787
1,"map(tofrom: a)",4,64,104,0,0,1,8,468.158721924
1,"map(tofrom: a)",4,64,104,0,0,1,9,471.293926239
1,"map(tofrom: a)",4,64,104,0,0,44,0,507.545471191
1,"map(tofrom: a)",4,64,104,0,0,44,1,506.055355072
1,"map(tofrom: a)",4,64,104,0,0,44,2,507.450103760
1,"map(tofrom: a)",4,64,104,0,0,44,3,507.593154907
1,"map(tofrom: a)",4,64,104,0,0,44,4,507.140159607
1,"map(tofrom: a)",4,64,104,0,0,44,5,507.605075836
1,"map(tofrom: a)",4,64,104,0,0,44,6,505.602359772
1,"map(tofrom: a)",4,64,104,0,0,44,7,505.793094635
1,"map(tofrom: a)",4,64,104,0,0,44,8,505.554676056
1,"map(tofrom: a)",4,64,104,0,0,44,9,505.900382996
1,"map(tofrom: a)",4,64,104,0,0,294,0,723.445415497
1,"map(tofrom: a)",4,64,104,0,0,294,1,716.209411621
1,"map(tofrom: a)",4,64,104,0,0,294,2,722.551345825
1,"map(tofrom: a)",4,64,104,0,0,294,3,724.196434021
1,"map(tofrom: a)",4,64,104,0,0,294,4,721.943378448
1,"map(tofrom: a)",4,64,104,0,0,294,5,722.801685333
1,"map(tofrom: a)",4,64,104,0,0,294,6,727.450847626
1,"map(tofrom: a)",4,64,104,0,0,294,7,718.700885773
1,"map(tofrom: a)",4,64,104,0,0,294,8,727.355480194
1,"map(tofrom: a)",4,64,104,0,0,294,9,722.849369049
1,"map(tofrom: a)",4,64,104,0,0,3140,0,3217.649459839
1,"map(tofrom: a)",4,64,104,0,0,3140,1,3226.041793823
1,"map(tofrom: a)",4,64,104,0,0,3140,2,3229.105472565
1,"map(tofrom: a)",4,64,104,0,0,3140,3,3237.092494965
1,"map(tofrom: a)",4,64,104,0,0,3140,4,3237.605094910
1,"map(tofrom: a)",4,64,104,0,0,3140,5,3228.902816772
1,"map(tofrom: a)",4,64,104,0,0,3140,6,3273.844718933
1,"map(tofrom: a)",4,64,104,0,0,3140,7,3119.504451752
1,"map(tofrom: a)",4,64,104,0,0,3140,8,3167.498111725
1,"map(tofrom: a)",4,64,104,0,0,3140,9,3182.399272919
1,"map(tofrom: a)",4,64,104,0,0,4,0,470.554828644
1,"map(tofrom: a)",4,64,104,0,0,4,1,470.507144928
1,"map(tofrom: a)",4,64,104,0,0,4,2,470.602512360
1,"map(tofrom: a)",4,64,104,0,0,4,3,470.399856567
1,"map(tofrom: a)",4,64,104,0,0,4,4,470.697879791
1,"map(tofrom: a)",4,64,104,0,0,4,5,471.651554108
1,"map(tofrom: a)",4,64,104,0,0,4,6,470.709800720
1,"map(tofrom: a)",4,64,104,0,0,4,7,471.353530884
1,"map(tofrom: a)",4,64,104,0,0,4,8,471.198558807
1,"map(tofrom: a)",4,64,104,0,0,4,9,471.198558807
1,"map(tofrom: a)",4,64,104,0,0,1955,0,2173.745632172
1,"map(tofrom: a)",4,64,104,0,0,1955,1,2162.897586823
1,"map(tofrom: a)",4,64,104,0,0,1955,2,2209.150791168
1,"map(tofrom: a)",4,64,104,0,0,1955,3,2162.051200867
1,"map(tofrom: a)",4,64,104,0,0,1955,4,2191.638946533
1,"map(tofrom: a)",4,64,104,0,0,1955,5,2202.951908112
1,"map(tofrom: a)",4,64,104,0,0,1955,6,2183.043956757
1,"map(tofrom: a)",4,64,104,0,0,1955,7,2175.354957581
1,"map(tofrom: a)",4,64,104,0,0,1955,8,2156.996726990
1,"map(tofrom: a)",4,64,104,0,0,1955,9,2109.909057617
1,"map(tofrom: a)",4,64,104,0,0,183,0,627.446174622
1,"map(tofrom: a)",4,64,104,0,0,183,1,624.597072601
1,"map(tofrom: a)",4,64,104,0,0,183,2,625.491142273
1,"map(tofrom: a)",4,64,104,0,0,183,3,625.443458557
1,"map(tofrom: a)",4,64,104,0,0,183,4,625.753402710
1,"map(tofrom: a)",4,64,104,0,0,183,5,625.908374786
1,"map(tofrom: a)",4,64,104,0,0,183,6,626.897811890
1,"map(tofrom: a)",4,64,104,0,0,183,7,625.991821289
1,"map(tofrom: a)",4,64,104,0,0,183,8,629.341602325
1,"map(tofrom: a)",4,64,104,0,0,183,9,624.752044678
1,"map(tofrom: a)",4,64,104,0,0,8096,0,7574.248313904
1,"map(tofrom: a)",4,64,104,0,0,8096,1,7613.444328308
1,"map(tofrom: a)",4,64,104,0,0,8096,2,7489.752769470
1,"map(tofrom: a)",4,64,104,0,0,8096,3,7607.042789459
1,"map(tofrom: a)",4,64,104,0,0,8096,4,7671.940326691
1,"map(tofrom: a)",4,64,104,0,0,8096,5,7507.097721100
1,"map(tofrom: a)",4,64,104,0,0,8096,6,7721.447944641
1,"map(tofrom: a)",4,64,104,0,0,8096,7,7637.405395508
1,"map(tofrom: a)",4,64,104,0,0,8096,8,7505.404949188
1,"map(tofrom: a)",4,64,104,0,0,8096,9,7407.844066620
1,"map(tofrom: a)",4,64,104,0,0,758,0,1120.150089264
1,"map(tofrom: a)",4,64,104,0,0,758,1,1123.809814453
1,"map(tofrom: a)",4,64,104,0,0,758,2,1119.709014893
1,"map(tofrom: a)",4,64,104,0,0,758,3,1118.159294128
1,"map(tofrom: a)",4,64,104,0,0,758,4,1134.300231934
1,"map(tofrom: a)",4,64,104,0,0,758,5,1114.749908447
1,"map(tofrom: a)",4,64,104,0,0,758,6,1131.594181061
1,"map(tofrom: a)",4,64,104,0,0,758,7,1132.547855377
1,"map(tofrom: a)",4,64,104,0,0,758,8,1122.307777405
1,"map(tofrom: a)",4,64,104,0,0,758,9,1125.645637512
1,"map(tofrom: a)",4,64,104,0,0,71,0,530.898571014
1,"map(tofrom: a)",4,64,104,0,0,71,1,528.848171234
1,"map(tofrom: a)",4,64,104,0,0,71,2,531.351566315
1,"map(tofrom: a)",4,64,104,0,0,71,3,535.261631012
1,"map(tofrom: a)",4,64,104,0,0,71,4,533.556938171
1,"map(tofrom: a)",4,64,104,0,0,71,5,534.904003143
1,"map(tofrom: a)",4,64,104,0,0,71,6,533.199310303
1,"map(tofrom: a)",4,64,104,0,0,71,7,536.203384399
1,"map(tofrom: a)",4,64,104,0,0,71,8,535.404682159
1,"map(tofrom: a)",4,64,104,0,0,71,9,533.044338226
1,"map(tofrom: a)",4,64,104,0,0,2,0,472.843647003
1,"map(tofrom: a)",4,64,104,0,0,2,1,475.609302521
1,"map(tofrom: a)",4,64,104,0,0,2,2,472.199916840
1,"map(tofrom: a)",4,64,104,0,0,2,3,474.357604980
1,"map(tofrom: a)",4,64,104,0,0,2,4,473.749637604
1,"map(tofrom: a)",4,64,104,0,0,2,5,471.341609955
1,"map(tofrom: a)",4,64,104,0,0,2,6,474.452972412
1,"map(tofrom: a)",4,64,104,0,0,2,7,470.006465912
1,"map(tofrom: a)",4,64,104,0,0,2,8,565.600395203
1,"map(tofrom: a)",4,64,104,0,0,2,9,474.452972412
1,"map(tofrom: a)",4,64,104,0,0,11,0,480.997562408
1,"map(tofrom: a)",4,64,104,0,0,11,1,481.343269348
1,"map(tofrom: a)",4,64,104,0,0,11,2,478.851795197
1,"map(tofrom: a)",4,64,104,0,0,11,3,482.451915741
1,"map(tofrom: a)",4,64,104,0,0,11,4,482.606887817
1,"map(tofrom: a)",4,64,104,0,0,11,5,482.499599457
1,"map(tofrom: a)",4,64,104,0,0,11,6,482.010841370
1,"map(tofrom: a)",4,64,104,0,0,11,7,481.307506561
1,"map(tofrom: a)",4,64,104,0,0,11,8,481.390953064
1,"map(tofrom: a)",4,64,104,0,0,11,9,481.200218201
1,"map(tofrom: a)",4,64,104,0,0,28,0,495.553016663
1,"map(tofrom: a)",4,64,104,0,0,28,1,494.349002838
1,"map(tofrom: a)",4,64,104,0,0,28,2,495.302677155
1,"map(tofrom: a)",4,64,104,0,0,28,3,497.853755951
1,"map(tofrom: a)",4,64,104,0,0,28,4,496.244430542
1,"map(tofrom: a)",4,64,104,0,0,28,5,496.602058411
1,"map(tofrom: a)",4,64,104,0,0,28,6,496.256351471
1,"map(tofrom: a)",4,64,104,0,0,28,7,492.894649506
1,"map(tofrom: a)",4,64,104,0,0,28,8,495.803356171
1,"map(tofrom: a)",4,64,104,0,0,28,9,496.351718903
1,"map(tofrom: a)",4,64,104,0,0,5042,0,4876.601696014
1,"map(tofrom: a)",4,64,104,0,0,5042,1,4826.605319977
1,"map(tofrom: a)",4,64,104,0,0,5042,2,4933.249950409
1,"map(tofrom: a)",4,64,104,0,0,5042,3,4815.602302551
1,"map(tofrom: a)",4,64,104,0,0,5042,4,4914.855957031
1,"map(tofrom: a)",4,64,104,0,0,5042,5,4939.055442810
1,"map(tofrom: a)",4,64,104,0,0,5042,6,4867.398738861
1,"map(tofrom: a)",4,64,104,0,0,5042,7,4917.800426483
1,"map(tofrom: a)",4,64,104,0,0,5042,8,4974.496364594
1,"map(tofrom: a)",4,64,104,0,0,5042,9,4868.900775909
1,"map(tofrom: a)",4,64,104,0,0,1218,0,1552.748680115
1,"map(tofrom: a)",4,64,104,0,0,1218,1,1507.496833801
1,"map(tofrom: a)",4,64,104,0,0,1218,2,1508.152484894
1,"map(tofrom: a)",4,64,104,0,0,1218,3,1514.947414398
1,"map(tofrom: a)",4,64,104,0,0,1218,4,1514.697074890
1,"map(tofrom: a)",4,64,104,0,0,1218,5,1513.946056366
1,"map(tofrom: a)",4,64,104,0,0,1218,6,1516.950130463
1,"map(tofrom: a)",4,64,104,0,0,1218,7,1515.150070190
1,"map(tofrom: a)",4,64,104,0,0,1218,8,1537.549495697
1,"map(tofrom: a)",4,64,104,0,0,1218,9,1509.439945221
1,"map(tofrom: a)",4,64,104,0,0,472,0,884.604454041
1,"map(tofrom: a)",4,64,104,0,0,472,1,884.842872620
1,"map(tofrom: a)",4,64,104,0,0,472,2,877.046585083
1,"map(tofrom: a)",4,64,104,0,0,472,3,884.354114532
1,"map(tofrom: a)",4,64,104,0,0,472,4,890.254974365
1,"map(tofrom: a)",4,64,104,0,0,472,5,878.345966339
1,"map(tofrom: a)",4,64,104,0,0,472,6,890.505313873
1,"map(tofrom: a)",4,64,104,0,0,472,7,883.293151855
1,"map(tofrom: a)",4,64,104,0,0,472,8,886.952877045
1,"map(tofrom: a)",4,64,104,0,0,472,9,888.502597809
1,"map(tofrom: a)",8,64,104,0,0,7,0,471.198558807
1,"map(tofrom: a)",8,64,104,0,0,7,1,473.952293396
1,"map(tofrom: a)",8,64,104,0,0,7,2,472.342967987
1,"map(tofrom: a)",8,64,104,0,0,7,3,472.354888916
1,"map(tofrom: a)",8,64,104,0,0,7,4,472.807884216
1,"map(tofrom: a)",8,64,104,0,0,7,5,472.307205200
1,"map(tofrom: a)",8,64,104,0,0,7,6,473.499298096
1,"map(tofrom: a)",8,64,104,0,0,7,7,472.652912140
1,"map(tofrom: a)",8,64,104,0,0,7,8,472.092628479
1,"map(tofrom: a)",8,64,104,0,0,7,9,472.700595856
1,"map(tofrom: a)",8,64,104,0,0,114,0,568.461418152
1,"map(tofrom: a)",8,64,104,0,0,114,1,565.648078918
1,"map(tofrom: a)",8,64,104,0,0,114,2,569.093227386
1,"map(tofrom: a)",8,64,104,0,0,114,3,567.305088043
1,"map(tofrom: a)",8,64,104,0,0,114,4,568.091869354
1,"map(tofrom: a)",8,64,104,0,0,114,5,568.246841431
1,"map(tofrom: a)",8,64,104,0,0,114,6,568.449497223
1,"map(tofrom: a)",8,64,104,0,0,114,7,568.401813507
1,"map(tofrom: a)",8,64,104,0,0,114,8,568.747520447
1,"map(tofrom: a)",8,64,104,0,0,114,9,564.801692963
1,"map(tofrom: a)",8,64,104,0,0,3,0,468.754768372
1,"map(tofrom: a)",8,64,104,0,0,3,1,469.601154327
1,"map(tofrom: a)",8,64,104,0,0,3,2,468.742847443
1,"map(tofrom: a)",8,64,104,0,0,3,3,469.052791595
1,"map(tofrom: a)",8,64,104,0,0,3,4,468.659400940
1,"map(tofrom: a)",8,64,104,0,0,3,5,468.492507935
1,"map(tofrom: a)",8,64,104,0,0,3,6,469.493865967
1,"map(tofrom: a)",8,64,104,0,0,3,7,468.659400940
1,"map(tofrom: a)",8,64,104,0,0,3,8,468.897819519
1,"map(tofrom: a)",8,64,104,0,0,3,9,468.707084656
1,"map(tofrom: a)",8,64,104,0,0,17,0,483.000278473
1,"map(tofrom: a)",8,64,104,0,0,17,1,482.749938965
1,"map(tofrom: a)",8,64,104,0,0,17,2,482.594966888
1,"map(tofrom: a)",8,64,104,0,0,17,3,482.547283173
1,"map(tofrom: a)",8,64,104,0,0,17,4,482.451915741
1,"map(tofrom: a)",8,64,104,0,0,17,5,482.249259949
1,"map(tofrom: a)",8,64,104,0,0,17,6,482.797622681
1,"map(tofrom: a)",8,64,104,0,0,17,7,482.797622681
1,"map(tofrom: a)",8,64,104,0,0,17,8,482.499599457
1,"map(tofrom: a)",8,64,104,0,0,17,9,482.845306396
1,"map(tofrom: a)",8,64,104,0,0,1,0,468.051433563
1,"map(tofrom: a)",8,64,104,0,0,1,1,467.705726624
1,"map(tofrom: a)",8,64,104,0,0,1,2,467.145442963
1,"map(tofrom: a)",8,64,104,0,0,1,3,467.848777771
1,"map(tofrom: a)",8,64,104,0,0,1,4,467.491149902
1,"map(tofrom: a)",8,64,104,0,0,1,5,467.848777771
1,"map(tofrom: a)",8,64,104,0,0,1,6,467.693805695
1,"map(tofrom: a)",8,64,104,0,0,1,7,468.051433563
1,"map(tofrom: a)",8,64,104,0,0,1,8,467.598438263
1,"map(tofrom: a)",8,64,104,0,0,1,9,468.599796295
1,"map(tofrom: a)",8,64,104,0,0,44,0,505.745410919
1,"map(tofrom: a)",8,64,104,0,0,44,1,505.399703979
1,"map(tofrom: a)",8,64,104,0,0,44,2,506.496429443
1,"map(tofrom: a)",8,64,104,0,0,44,3,505.447387695
1,"map(tofrom: a)",8,64,104,0,0,44,4,505.959987640
1,"map(tofrom: a)",8,64,104,0,0,44,5,506.949424744
1,"map(tofrom: a)",8,64,104,0,0,44,6,505.948066711
1,"map(tofrom: a)",8,64,104,0,0,44,7,506.699085236
1,"map(tofrom: a)",8,64,104,0,0,44,8,507.199764252
1,"map(tofrom: a)",8,64,104,0,0,44,9,506.293773651
1,"map(tofrom: a)",8,64,104,0,0,294,0,729.203224182
1,"map(tofrom: a)",8,64,104,0,0,294,1,717.699527740
1,"map(tofrom: a)",8,64,104,0,0,294,2,719.106197357
1,"map(tofrom: a)",8,64,104,0,0,294,3,720.596313477
1,"map(tofrom: a)",8,64,104,0,0,294,4,719.654560089
1,"map(tofrom: a)",8,64,104,0,0,294,5,719.952583313
1,"map(tofrom: a)",8,64,104,0,0,294,6,720.298290253
1,"map(tofrom: a)",8,64,104,0,0,294,7,719.904899597
1,"map(tofrom: a)",8,64,104,0,0,294,8,725.054740906
1,"map(tofrom: a)",8,64,104,0,0,294,9,718.450546265
1,"map(tofrom: a)",8,64,104,0,0,3140,0,3209.054470062
1,"map(tofrom: a)",8,64,104,0,0,3140,1,3215.301036835
1,"map(tofrom: a)",8,64,104,0,0,3140,2,3167.653083801
1,"map(tofrom: a)",8,64,104,0,0,3140,3,3207.898139954
1,"map(tofrom: a)",8,64,104,0,0,3140,4,3247.404098511
1,"map(tofrom: a)",8,64,104,0,0,3140,5,3168.952465057
1,"map(tofrom: a)",8,64,104,0,0,3140,6,3260.207176208
1,"map(tofrom: a)",8,64,104,0,0,3140,7,3213.846683502
1,"map(tofrom: a)",8,64,104,0,0,3140,8,3234.839439392
1,"map(tofrom: a)",8,64,104,0,0,3140,9,3244.900703430
1,"map(tofrom: a)",8,64,104,0,0,4,0,470.995903015
1,"map(tofrom: a)",8,64,104,0,0,4,1,470.650196075
1,"map(tofrom: a)",8,64,104,0,0,4,2,470.149517059
1,"map(tofrom: a)",8,64,104,0,0,4,3,470.852851868
1,"map(tofrom: a)",8,64,104,0,0,4,4,470.948219299
1,"map(tofrom: a)",8,64,104,0,0,4,5,470.256805420
1,"map(tofrom: a)",8,64,104,0,0,4,6,470.304489136
1,"map(tofrom: a)",8,64,104,0,0,4,7,470.054149628
1,"map(tofrom: a)",8,64,104,0,0,4,8,470.793247223
1,"map(tofrom: a)",8,64,104,0,0,4,9,470.995903015
1,"map(tofrom: a)",8,64,104,0,0,1955,0,2179.908752441
1,"map(tofrom: a)",8,64,104,0,0,1955,1,2140.748500824
1,"map(tofrom: a)",8,64,104,0,0,1955,2,2185.356616974
1,"map(tofrom: a)",8,64,104,0,0,1955,3,2158.641815186
1,"map(tofrom: a)",8,64,104,0,0,1955,4,2169.096469879
1,"map(tofrom: a)",8,64,104,0,0,1955,5,2179.646492004
1,"map(tofrom: a)",8,64,104,0,0,1955,6,2172.398567200
1,"map(tofrom: a)",8,64,104,0,0,1955,7,2186.000347137
1,"map(tofrom: a)",8,64,104,0,0,1955,8,2187.049388885
1,"map(tofrom: a)",8,64,104,0,0,1955,9,2174.246311188
1,"map(tofrom: a)",8,64,104,0,0,183,0,632.393360138
1,"map(tofrom: a)",8,64,104,0,0,183,1,627.994537354
1,"map(tofrom: a)",8,64,104,0,0,183,2,626.695156097
1,"map(tofrom: a)",8,64,104,0,0,183,3,624.847412109
1,"map(tofrom: a)",8,64,104,0,0,183,4,623.357295990
1,"map(tofrom: a)",8,64,104,0,0,183,5,624.060630798
1,"map(tofrom: a)",8,64,104,0,0,183,6,626.504421234
1,"map(tofrom: a)",8,64,104,0,0,183,7,622.594356537
1,"map(tofrom: a)",8,64,104,0,0,183,8,627.398490906
1,"map(tofrom: a)",8,64,104,0,0,183,9,624.954700470
1,"map(tofrom: a)",8,64,104,0,0,8096,0,7495.403289795
1,"map(tofrom: a)",8,64,104,0,0,8096,1,7518.255710602
1,"map(tofrom: a)",8,64,104,0,0,8096,2,7504.904270172
1,"map(tofrom: a)",8,64,104,0,0,8096,3,7514.643669128
1,"map(tofrom: a)",8,64,104,0,0,8096,4,7522.201538086
1,"map(tofrom: a)",8,64,104,0,0,8096,5,7468.295097351
1,"map(tofrom: a)",8,64,104,0,0,8096,6,7658.696174622
1,"map(tofrom: a)",8,64,104,0,0,8096,7,7477.653026581
1,"map(tofrom: a)",8,64,104,0,0,8096,8,7634.544372559
1,"map(tofrom: a)",8,64,104,0,0,8096,9,7646.703720093
1,"map(tofrom: a)",8,64,104,0,0,758,0,1129.341125488
1,"map(tofrom: a)",8,64,104,0,0,758,1,1138.305664062
1,"map(tofrom: a)",8,64,104,0,0,758,2,1146.054267883
1,"map(tofrom: a)",8,64,104,0,0,758,3,1112.198829651
1,"map(tofrom: a)",8,64,104,0,0,758,4,1122.200489044
1,"map(tofrom: a)",8,64,104,0,0,758,5,1115.047931671
1,"map(tofrom: a)",8,64,104,0,0,758,6,1118.803024292
1,"map(tofrom: a)",8,64,104,0,0,758,7,1117.849349976
1,"map(tofrom: a)",8,64,104,0,0,758,8,1118.004322052
1,"map(tofrom: a)",8,64,104,0,0,758,9,1121.199131012
1,"map(tofrom: a)",8,64,104,0,0,71,0,529.801845551
1,"map(tofrom: a)",8,64,104,0,0,71,1,528.752803802
1,"map(tofrom: a)",8,64,104,0,0,71,2,530.600547791
1,"map(tofrom: a)",8,64,104,0,0,71,3,529.849529266
1,"map(tofrom: a)",8,64,104,0,0,71,4,528.895854950
1,"map(tofrom: a)",8,64,104,0,0,71,5,530.147552490
1,"map(tofrom: a)",8,64,104,0,0,71,6,528.049468994
1,"map(tofrom: a)",8,64,104,0,0,71,7,530.445575714
1,"map(tofrom: a)",8,64,104,0,0,71,8,531.399250031
1,"map(tofrom: a)",8,64,104,0,0,71,9,528.359413147
1,"map(tofrom: a)",8,64,104,0,0,2,0,469.207763672
1,"map(tofrom: a)",8,64,104,0,0,2,1,468.301773071
1,"map(tofrom: a)",8,64,104,0,0,2,2,474.250316620
1,"map(tofrom: a)",8,64,104,0,0,2,3,470.399856567
1,"map(tofrom: a)",8,64,104,0,0,2,4,469.350814819
1,"map(tofrom: a)",8,64,104,0,0,2,5,468.051433563
1,"map(tofrom: a)",8,64,104,0,0,2,6,468.444824219
1,"map(tofrom: a)",8,64,104,0,0,2,7,468.051433563
1,"map(tofrom: a)",8,64,104,0,0,2,8,468.540191650
1,"map(tofrom: a)",8,64,104,0,0,2,9,467.848777771
1,"map(tofrom: a)",8,64,104,0,0,11,0,475.955009460
1,"map(tofrom: a)",8,64,104,0,0,11,1,476.098060608
1,"map(tofrom: a)",8,64,104,0,0,11,2,476.098060608
1,"map(tofrom: a)",8,64,104,0,0,11,3,476.050376892
1,"map(tofrom: a)",8,64,104,0,0,11,4,476.205348969
1,"map(tofrom: a)",8,64,104,0,0,11,5,476.002693176
1,"map(tofrom: a)",8,64,104,0,0,11,6,476.396083832
1,"map(tofrom: a)",8,64,104,0,0,11,7,476.908683777
1,"map(tofrom: a)",8,64,104,0,0,11,8,476.658344269
1,"map(tofrom: a)",8,64,104,0,0,11,9,476.503372192
1,"map(tofrom: a)",8,64,104,0,0,28,0,491.845607758
1,"map(tofrom: a)",8,64,104,0,0,28,1,494.444370270
1,"map(tofrom: a)",8,64,104,0,0,28,2,493.192672729
1,"map(tofrom: a)",8,64,104,0,0,28,3,492.000579834
1,"map(tofrom: a)",8,64,104,0,0,28,4,492.405891418
1,"map(tofrom: a)",8,64,104,0,0,28,5,490.796566010
1,"map(tofrom: a)",8,64,104,0,0,28,6,491.452217102
1,"map(tofrom: a)",8,64,104,0,0,28,7,491.547584534
1,"map(tofrom: a)",8,64,104,0,0,28,8,490.999221802
1,"map(tofrom: a)",8,64,104,0,0,28,9,490.951538086
1,"map(tofrom: a)",8,64,104,0,0,5042,0,4870.450496674
1,"map(tofrom: a)",8,64,104,0,0,5042,1,4772.949218750
1,"map(tofrom: a)",8,64,104,0,0,5042,2,4892.706871033
1,"map(tofrom: a)",8,64,104,0,0,5042,3,4820.799827576
1,"map(tofrom: a)",8,64,104,0,0,5042,4,4855.751991272
1,"map(tofrom: a)",8,64,104,0,0,5042,5,4872.345924377
1,"map(tofrom: a)",8,64,104,0,0,5042,6,4851.806163788
1,"map(tofrom: a)",8,64,104,0,0,5042,7,4880.201816559
1,"map(tofrom: a)",8,64,104,0,0,5042,8,4886.054992676
1,"map(tofrom: a)",8,64,104,0,0,5042,9,4847.943782806
1,"map(tofrom: a)",8,64,104,0,0,1218,0,1551.151275635
1,"map(tofrom: a)",8,64,104,0,0,1218,1,1524.245738983
1,"map(tofrom: a)",8,64,104,0,0,1218,2,1542.603969574
1,"map(tofrom: a)",8,64,104,0,0,1218,3,1548.802852631
1,"map(tofrom: a)",8,64,104,0,0,1218,4,1537.203788757
1,"map(tofrom: a)",8,64,104,0,0,1218,5,1530.849933624
1,"map(tofrom: a)",8,64,104,0,0,1218,6,1517.999172211
1,"map(tofrom: a)",8,64,104,0,0,1218,7,1491.594314575
1,"map(tofrom: a)",8,64,104,0,0,1218,8,1523.542404175
1,"map(tofrom: a)",8,64,104,0,0,1218,9,1507.890224457
1,"map(tofrom: a)",8,64,104,0,0,472,0,872.945785522
1,"map(tofrom: a)",8,64,104,0,0,472,1,874.507427216
1,"map(tofrom: a)",8,64,104,0,0,472,2,875.496864319
1,"map(tofrom: a)",8,64,104,0,0,472,3,876.605510712
1,"map(tofrom: a)",8,64,104,0,0,472,4,877.892971039
1,"map(tofrom: a)",8,64,104,0,0,472,5,874.745845795
1,"map(tofrom: a)",8,64,104,0,0,472,6,882.792472839
1,"map(tofrom: a)",8,64,104,0,0,472,7,871.253013611
1,"map(tofrom: a)",8,64,104,0,0,472,8,880.599021912
1,"map(tofrom: a)",8,64,104,0,0,472,9,882.995128632
1,"map(tofrom: a)",16,64,104,0,0,7,0,470.852851868
1,"map(tofrom: a)",16,64,104,0,0,7,1,473.499298096
1,"map(tofrom: a)",16,64,104,0,0,7,2,472.509860992
1,"map(tofrom: a)",16,64,104,0,0,7,3,471.651554108
1,"map(tofrom: a)",16,64,104,0,0,7,4,471.699237823
1,"map(tofrom: a)",16,64,104,0,0,7,5,472.640991211
1,"map(tofrom: a)",16,64,104,0,0,7,6,471.949577332
1,"map(tofrom: a)",16,64,104,0,0,7,7,472.295284271
1,"map(tofrom: a)",16,64,104,0,0,7,8,471.341609955
1,"map(tofrom: a)",16,64,104,0,0,7,9,471.854209900
1,"map(tofrom: a)",16,64,104,0,0,114,0,567.853450775
1,"map(tofrom: a)",16,64,104,0,0,114,1,565.600395203
1,"map(tofrom: a)",16,64,104,0,0,114,2,568.199157715
1,"map(tofrom: a)",16,64,104,0,0,114,3,565.302371979
1,"map(tofrom: a)",16,64,104,0,0,114,4,566.649436951
1,"map(tofrom: a)",16,64,104,0,0,114,5,567.293167114
1,"map(tofrom: a)",16,64,104,0,0,114,6,566.756725311
1,"map(tofrom: a)",16,64,104,0,0,114,7,567.996501923
1,"map(tofrom: a)",16,64,104,0,0,114,8,568.890571594
1,"map(tofrom: a)",16,64,104,0,0,114,9,565.946102142
1,"map(tofrom: a)",16,64,104,0,0,3,0,469.350814819
1,"map(tofrom: a)",16,64,104,0,0,3,1,469.195842743
1,"map(tofrom: a)",16,64,104,0,0,3,2,469.243526459
1,"map(tofrom: a)",16,64,104,0,0,3,3,469.040870667
1,"map(tofrom: a)",16,64,104,0,0,3,4,469.195842743
1,"map(tofrom: a)",16,64,104,0,0,3,5,468.599796295
1,"map(tofrom: a)",16,64,104,0,0,3,6,469.052791595
1,"map(tofrom: a)",16,64,104,0,0,3,7,469.303131104
1,"map(tofrom: a)",16,64,104,0,0,3,8,469.398498535
1,"map(tofrom: a)",16,64,104,0,0,3,9,468.599796295
1,"map(tofrom: a)",16,64,104,0,0,17,0,483.059883118
1,"map(tofrom: a)",16,64,104,0,0,17,1,483.047962189
1,"map(tofrom: a)",16,64,104,0,0,17,2,482.499599457
1,"map(tofrom: a)",16,64,104,0,0,17,3,483.357906342
1,"map(tofrom: a)",16,64,104,0,0,17,4,483.095645905
1,"map(tofrom: a)",16,64,104,0,0,17,5,482.559204102
1,"map(tofrom: a)",16,64,104,0,0,17,6,483.250617981
1,"map(tofrom: a)",16,64,104,0,0,17,7,483.751296997
1,"map(tofrom: a)",16,64,104,0,0,17,8,482.952594757
1,"map(tofrom: a)",16,64,104,0,0,17,9,483.989715576
1,"map(tofrom: a)",16,64,104,0,0,1,0,467.646121979
1,"map(tofrom: a)",16,64,104,0,0,1,1,469.052791595
1,"map(tofrom: a)",16,64,104,0,0,1,2,468.993186951
1,"map(tofrom: a)",16,64,104,0,0,1,3,468.599796295
1,"map(tofrom: a)",16,64,104,0,0,1,4,468.897819519
1,"map(tofrom: a)",16,64,104,0,0,1,5,468.456745148
1,"map(tofrom: a)",16,64,104,0,0,1,6,468.754768372
1,"map(tofrom: a)",16,64,104,0,0,1,7,468.647480011
1,"map(tofrom: a)",16,64,104,0,0,1,8,468.242168427
1,"map(tofrom: a)",16,64,104,0,0,1,9,468.647480011
1,"map(tofrom: a)",16,64,104,0,0,44,0,505.757331848
1,"map(tofrom: a)",16,64,104,0,0,44,1,505.793094635
1,"map(tofrom: a)",16,64,104,0,0,44,2,506.103038788
1,"map(tofrom: a)",16,64,104,0,0,44,3,506.007671356
1,"map(tofrom: a)",16,64,104,0,0,44,4,506.353378296
1,"map(tofrom: a)",16,64,104,0,0,44,5,506.389141083
1,"map(tofrom: a)",16,64,104,0,0,44,6,505.959987640
1,"map(tofrom: a)",16,64,104,0,0,44,7,506.901741028
1,"map(tofrom: a)",16,64,104,0,0,44,8,506.997108459
1,"map(tofrom: a)",16,64,104,0,0,44,9,506.305694580
1,"map(tofrom: a)",16,64,104,0,0,294,0,730.097293854
1,"map(tofrom: a)",16,64,104,0,0,294,1,722.801685333
1,"map(tofrom: a)",16,64,104,0,0,294,2,727.701187134
1,"map(tofrom: a)",16,64,104,0,0,294,3,729.894638062
1,"map(tofrom: a)",16,64,104,0,0,294,4,725.793838501
1,"map(tofrom: a)",16,64,104,0,0,294,5,724.697113037
1,"map(tofrom: a)",16,64,104,0,0,294,6,723.409652710
1,"map(tofrom: a)",16,64,104,0,0,294,7,715.303421021
1,"map(tofrom: a)",16,64,104,0,0,294,8,723.302364349
1,"map(tofrom: a)",16,64,104,0,0,294,9,719.296932220
1,"map(tofrom: a)",16,64,104,0,0,3140,0,3161.799907684
1,"map(tofrom: a)",16,64,104,0,0,3140,1,3172.004222870
1,"map(tofrom: a)",16,64,104,0,0,3140,2,3176.653385162
1,"map(tofrom: a)",16,64,104,0,0,3140,3,3187.096118927
1,"map(tofrom: a)",16,64,104,0,0,3140,4,3193.998336792
1,"map(tofrom: a)",16,64,104,0,0,3140,5,3180.146217346
1,"map(tofrom: a)",16,64,104,0,0,3140,6,3230.500221252
1,"map(tofrom: a)",16,64,104,0,0,3140,7,3154.993057251
1,"map(tofrom: a)",16,64,104,0,0,3140,8,3216.660022736
1,"map(tofrom: a)",16,64,104,0,0,3140,9,3229.749202728
1,"map(tofrom: a)",16,64,104,0,0,4,0,471.055507660
1,"map(tofrom: a)",16,64,104,0,0,4,1,471.103191376
1,"map(tofrom: a)",16,64,104,0,0,4,2,471.246242523
1,"map(tofrom: a)",16,64,104,0,0,4,3,471.293926239
1,"map(tofrom: a)",16,64,104,0,0,4,4,471.949577332
1,"map(tofrom: a)",16,64,104,0,0,4,5,470.697879791
1,"map(tofrom: a)",16,64,104,0,0,4,6,471.603870392
1,"map(tofrom: a)",16,64,104,0,0,4,7,471.448898315
1,"map(tofrom: a)",16,64,104,0,0,4,8,471.639633179
1,"map(tofrom: a)",16,64,104,0,0,4,9,470.244884491
1,"map(tofrom: a)",16,64,104,0,0,1955,0,2142.441272736
1,"map(tofrom: a)",16,64,104,0,0,1955,1,2136.254310608
1,"map(tofrom: a)",16,64,104,0,0,1955,2,2175.247669220
1,"map(tofrom: a)",16,64,104,0,0,1955,3,2128.458023071
1,"map(tofrom: a)",16,64,104,0,0,1955,4,2170.491218567
1,"map(tofrom: a)",16,64,104,0,0,1955,5,2175.056934357
1,"map(tofrom: a)",16,64,104,0,0,1955,6,2151.107788086
1,"map(tofrom: a)",16,64,104,0,0,1955,7,2163.505554199
1,"map(tofrom: a)",16,64,104,0,0,1955,8,2186.346054077
1,"map(tofrom: a)",16,64,104,0,0,1955,9,2142.405509949
1,"map(tofrom: a)",16,64,104,0,0,183,0,630.402565002
1,"map(tofrom: a)",16,64,104,0,0,183,1,627.744197845
1,"map(tofrom: a)",16,64,104,0,0,183,2,628.459453583
1,"map(tofrom: a)",16,64,104,0,0,183,3,629.198551178
1,"map(tofrom: a)",16,64,104,0,0,183,4,629.305839539
1,"map(tofrom: a)",16,64,104,0,0,183,5,630.140304565
1,"map(tofrom: a)",16,64,104,0,0,183,6,630.605220795
1,"map(tofrom: a)",16,64,104,0,0,183,7,624.251365662
1,"map(tofrom: a)",16,64,104,0,0,183,8,626.599788666
1,"map(tofrom: a)",16,64,104,0,0,183,9,622.642040253
1,"map(tofrom: a)",16,64,104,0,0,8096,0,7449.305057526
1,"map(tofrom: a)",16,64,104,0,0,8096,1,7457.053661346
1,"map(tofrom: a)",16,64,104,0,0,8096,2,7379.198074341
1,"map(tofrom: a)",16,64,104,0,0,8096,3,7458.746433258
1,"map(tofrom: a)",16,64,104,0,0,8096,4,7566.452026367
1,"map(tofrom: a)",16,64,104,0,0,8096,5,7395.744323730
1,"map(tofrom: a)",16,64,104,0,0,8096,6,7570.600509644
1,"map(tofrom: a)",16,64,104,0,0,8096,7,7481.396198273
1,"map(tofrom: a)",16,64,104,0,0,8096,8,7512.760162354
1,"map(tofrom: a)",16,64,104,0,0,8096,9,7534.897327423
1,"map(tofrom: a)",16,64,104,0,0,758,0,1128.947734833
1,"map(tofrom: a)",16,64,104,0,0,758,1,1132.392883301
1,"map(tofrom: a)",16,64,104,0,0,758,2,1133.394241333
1,"map(tofrom: a)",16,64,104,0,0,758,3,1127.803325653
1,"map(tofrom: a)",16,64,104,0,0,758,4,1143.360137939
1,"map(tofrom: a)",16,64,104,0,0,758,5,1129.305362701
1,"map(tofrom: a)",16,64,104,0,0,758,6,1142.644882202
1,"map(tofrom: a)",16,64,104,0,0,758,7,1145.052909851
1,"map(tofrom: a)",16,64,104,0,0,758,8,1110.649108887
1,"map(tofrom: a)",16,64,104,0,0,758,9,1117.646694183
1,"map(tofrom: a)",16,64,104,0,0,71,0,529.849529266
1,"map(tofrom: a)",16,64,104,0,0,71,1,528.502464294
1,"map(tofrom: a)",16,64,104,0,0,71,2,530.648231506
1,"map(tofrom: a)",16,64,104,0,0,71,3,528.299808502
1,"map(tofrom: a)",16,64,104,0,0,71,4,529.098510742
1,"map(tofrom: a)",16,64,104,0,0,71,5,530.099868774
1,"map(tofrom: a)",16,64,104,0,0,71,6,530.254840851
1,"map(tofrom: a)",16,64,104,0,0,71,7,529.694557190
1,"map(tofrom: a)",16,64,104,0,0,71,8,531.148910522
1,"map(tofrom: a)",16,64,104,0,0,71,9,529.646873474
1,"map(tofrom: a)",16,64,104,0,0,2,0,468.790531158
1,"map(tofrom: a)",16,64,104,0,0,2,1,469.148159027
1,"map(tofrom: a)",16,64,104,0,0,2,2,468.897819519
1,"map(tofrom: a)",16,64,104,0,0,2,3,469.195842743
1,"map(tofrom: a)",16,64,104,0,0,2,4,468.349456787
1,"map(tofrom: a)",16,64,104,0,0,2,5,468.504428864
1,"map(tofrom: a)",16,64,104,0,0,2,6,468.957424164
1,"map(tofrom: a)",16,64,104,0,0,2,7,468.993186951
1,"map(tofrom: a)",16,64,104,0,0,2,8,468.695163727
1,"map(tofrom: a)",16,64,104,0,0,2,9,468.742847443
1,"map(tofrom: a)",16,64,104,0,0,11,0,476.205348969
1,"map(tofrom: a)",16,64,104,0,0,11,1,476.193428040
1,"map(tofrom: a)",16,64,104,0,0,11,2,476.551055908
1,"map(tofrom: a)",16,64,104,0,0,11,3,476.658344269
1,"map(tofrom: a)",16,64,104,0,0,11,4,476.396083832
1,"map(tofrom: a)",16,64,104,0,0,11,5,476.455688477
1,"map(tofrom: a)",16,64,104,0,0,11,6,476.348400116
1,"map(tofrom: a)",16,64,104,0,0,11,7,476.408004761
1,"map(tofrom: a)",16,64,104,0,0,11,8,476.551055908
1,"map(tofrom: a)",16,64,104,0,0,11,9,476.741790771
1,"map(tofrom: a)",16,64,104,0,0,28,0,491.201877594
1,"map(tofrom: a)",16,64,104,0,0,28,1,492.703914642
1,"map(tofrom: a)",16,64,104,0,0,28,2,491.809844971
1,"map(tofrom: a)",16,64,104,0,0,28,3,491.642951965
1,"map(tofrom: a)",16,64,104,0,0,28,4,492.644309998
1,"map(tofrom: a)",16,64,104,0,0,28,5,491.845607758
1,"map(tofrom: a)",16,64,104,0,0,28,6,492.596626282
1,"map(tofrom: a)",16,64,104,0,0,28,7,492.894649506
1,"map(tofrom: a)",16,64,104,0,0,28,8,493.156909943
1,"map(tofrom: a)",16,64,104,0,0,28,9,491.201877594
1,"map(tofrom: a)",16,64,104,0,0,5042,0,4792.702198029
1,"map(tofrom: a)",16,64,104,0,0,5042,1,4765.653610229
1,"map(tofrom: a)",16,64,104,0,0,5042,2,4875.802993774
1,"map(tofrom: a)",16,64,104,0,0,5042,3,4743.552207947
1,"map(tofrom: a)",16,64,104,0,0,5042,4,4838.597774506
1,"map(tofrom: a)",16,64,104,0,0,5042,5,4843.902587891
1,"map(tofrom: a)",16,64,104,0,0,5042,6,4800.856113434
1,"map(tofrom: a)",16,64,104,0,0,5042,7,4843.306541443
1,"map(tofrom: a)",16,64,104,0,0,5042,8,4902.195930481
1,"map(tofrom: a)",16,64,104,0,0,5042,9,4796.898365021
1,"map(tofrom: a)",16,64,104,0,0,1218,0,1536.500453949
1,"map(tofrom: a)",16,64,104,0,0,1218,1,1518.297195435
1,"map(tofrom: a)",16,64,104,0,0,1218,2,1526.248455048
1,"map(tofrom: a)",16,64,104,0,0,1218,3,1532.340049744
1,"map(tofrom: a)",16,64,104,0,0,1218,4,1529.502868652
1,"map(tofrom: a)",16,64,104,0,0,1218,5,1536.202430725
1,"map(tofrom: a)",16,64,104,0,0,1218,6,1536.905765533
1,"map(tofrom: a)",16,64,104,0,0,1218,7,1529.097557068
1,"map(tofrom: a)",16,64,104,0,0,1218,8,1558.101177216
1,"map(tofrom: a)",16,64,104,0,0,1218,9,1532.006263733
1,"map(tofrom: a)",16,64,104,0,0,472,0,878.345966339
1,"map(tofrom: a)",16,64,104,0,0,472,1,873.196125031
1,"map(tofrom: a)",16,64,104,0,0,472,2,868.344306946
1,"map(tofrom: a)",16,64,104,0,0,472,3,872.945785522
1,"map(tofrom: a)",16,64,104,0,0,472,4,876.498222351
1,"map(tofrom: a)",16,64,104,0,0,472,5,866.997241974
1,"map(tofrom: a)",16,64,104,0,0,472,6,878.345966339
1,"map(tofrom: a)",16,64,104,0,0,472,7,873.303413391
1,"map(tofrom: a)",16,64,104,0,0,472,8,875.890254974
1,"map(tofrom: a)",16,64,104,0,0,472,9,877.642631531
1,"map(tofrom: a)",32,64,104,0,0,7,0,471.556186676
1,"map(tofrom: a)",32,64,104,0,0,7,1,473.904609680
1,"map(tofrom: a)",32,64,104,0,0,7,2,473.093986511
1,"map(tofrom: a)",32,64,104,0,0,7,3,472.903251648
1,"map(tofrom: a)",32,64,104,0,0,7,4,472.950935364
1,"map(tofrom: a)",32,64,104,0,0,7,5,472.843647003
1,"map(tofrom: a)",32,64,104,0,0,7,6,472.700595856
1,"map(tofrom: a)",32,64,104,0,0,7,7,472.950935364
1,"map(tofrom: a)",32,64,104,0,0,7,8,472.700595856
1,"map(tofrom: a)",32,64,104,0,0,7,9,472.700595856
1,"map(tofrom: a)",32,64,104,0,0,114,0,567.352771759
1,"map(tofrom: a)",32,64,104,0,0,114,1,564.491748810
1,"map(tofrom: a)",32,64,104,0,0,114,2,566.840171814
1,"map(tofrom: a)",32,64,104,0,0,114,3,565.052032471
1,"map(tofrom: a)",32,64,104,0,0,114,4,566.697120667
1,"map(tofrom: a)",32,64,104,0,0,114,5,566.649436951
1,"map(tofrom: a)",32,64,104,0,0,114,6,566.458702087
1,"map(tofrom: a)",32,64,104,0,0,114,7,566.589832306
1,"map(tofrom: a)",32,64,104,0,0,114,8,567.042827606
1,"map(tofrom: a)",32,64,104,0,0,114,9,566.005706787
1,"map(tofrom: a)",32,64,104,0,0,3,0,469.195842743
1,"map(tofrom: a)",32,64,104,0,0,3,1,469.303131104
1,"map(tofrom: a)",32,64,104,0,0,3,2,469.303131104
1,"map(tofrom: a)",32,64,104,0,0,3,3,469.851493835
1,"map(tofrom: a)",32,64,104,0,0,3,4,468.695163727
1,"map(tofrom: a)",32,64,104,0,0,3,5,469.851493835
1,"map(tofrom: a)",32,64,104,0,0,3,6,469.350814819
1,"map(tofrom: a)",32,64,104,0,0,3,7,470.054149628
1,"map(tofrom: a)",32,64,104,0,0,3,8,469.958782196
1,"map(tofrom: a)",32,64,104,0,0,3,9,469.052791595
1,"map(tofrom: a)",32,64,104,0,0,17,0,482.201576233
1,"map(tofrom: a)",32,64,104,0,0,17,1,481.843948364
1,"map(tofrom: a)",32,64,104,0,0,17,2,482.904911041
1,"map(tofrom: a)",32,64,104,0,0,17,3,482.201576233
1,"map(tofrom: a)",32,64,104,0,0,17,4,482.451915741
1,"map(tofrom: a)",32,64,104,0,0,17,5,481.998920441
1,"map(tofrom: a)",32,64,104,0,0,17,6,482.606887817
1,"map(tofrom: a)",32,64,104,0,0,17,7,481.998920441
1,"map(tofrom: a)",32,64,104,0,0,17,8,483.095645905
1,"map(tofrom: a)",32,64,104,0,0,17,9,482.904911041
1,"map(tofrom: a)",32,64,104,0,0,1,0,469.303131104
1,"map(tofrom: a)",32,64,104,0,0,1,1,468.945503235
1,"map(tofrom: a)",32,64,104,0,0,1,2,469.601154327
1,"map(tofrom: a)",32,64,104,0,0,1,3,468.051433563
1,"map(tofrom: a)",32,64,104,0,0,1,4,469.195842743
1,"map(tofrom: a)",32,64,104,0,0,1,5,468.194484711
1,"map(tofrom: a)",32,64,104,0,0,1,6,468.850135803
1,"map(tofrom: a)",32,64,104,0,0,1,7,468.897819519
1,"map(tofrom: a)",32,64,104,0,0,1,8,468.599796295
1,"map(tofrom: a)",32,64,104,0,0,1,9,468.599796295
1,"map(tofrom: a)",32,64,104,0,0,44,0,505.006313324
1,"map(tofrom: a)",32,64,104,0,0,44,1,505.805015564
1,"map(tofrom: a)",32,64,104,0,0,44,2,506.043434143
1,"map(tofrom: a)",32,64,104,0,0,44,3,505.197048187
1,"map(tofrom: a)",32,64,104,0,0,44,4,505.447387695
1,"map(tofrom: a)",32,64,104,0,0,44,5,506.448745728
1,"map(tofrom: a)",32,64,104,0,0,44,6,505.352020264
1,"map(tofrom: a)",32,64,104,0,0,44,7,505.959987640
1,"map(tofrom: a)",32,64,104,0,0,44,8,507.545471191
1,"map(tofrom: a)",32,64,104,0,0,44,9,505.447387695
1,"map(tofrom: a)",32,64,104,0,0,294,0,726.449489594
1,"map(tofrom: a)",32,64,104,0,0,294,1,721.502304077
1,"map(tofrom: a)",32,64,104,0,0,294,2,723.600387573
1,"map(tofrom: a)",32,64,104,0,0,294,3,725.746154785
1,"map(tofrom: a)",32,64,104,0,0,294,4,724.351406097
1,"map(tofrom: a)",32,64,104,0,0,294,5,726.842880249
1,"map(tofrom: a)",32,64,104,0,0,294,6,726.497173309
1,"map(tofrom: a)",32,64,104,0,0,294,7,724.852085114
1,"map(tofrom: a)",32,64,104,0,0,294,8,732.195377350
1,"map(tofrom: a)",32,64,104,0,0,294,9,725.257396698
1,"map(tofrom: a)",32,64,104,0,0,3140,0,3198.754787445
1,"map(tofrom: a)",32,64,104,0,0,3140,1,3169.739246368
1,"map(tofrom: a)",32,64,104,0,0,3140,2,3135.001659393
1,"map(tofrom: a)",32,64,104,0,0,3140,3,3164.756298065
1,"map(tofrom: a)",32,64,104,0,0,3140,4,3191.208839417
1,"map(tofrom: a)",32,64,104,0,0,3140,5,3128.194808960
1,"map(tofrom: a)",32,64,104,0,0,3140,6,3205.049037933
1,"map(tofrom: a)",32,64,104,0,0,3140,7,3170.752525330
1,"map(tofrom: a)",32,64,104,0,0,3140,8,3186.595439911
1,"map(tofrom: a)",32,64,104,0,0,3140,9,3196.692466736
1,"map(tofrom: a)",32,64,104,0,0,4,0,472.748279572
1,"map(tofrom: a)",32,64,104,0,0,4,1,471.246242523
1,"map(tofrom: a)",32,64,104,0,0,4,2,470.852851868
1,"map(tofrom: a)",32,64,104,0,0,4,3,471.854209900
1,"map(tofrom: a)",32,64,104,0,0,4,4,472.092628479
1,"map(tofrom: a)",32,64,104,0,0,4,5,470.852851868
1,"map(tofrom: a)",32,64,104,0,0,4,6,471.293926239
1,"map(tofrom: a)",32,64,104,0,0,4,7,471.591949463
1,"map(tofrom: a)",32,64,104,0,0,4,8,471.198558807
1,"map(tofrom: a)",32,64,104,0,0,4,9,471.150875092
1,"map(tofrom: a)",32,64,104,0,0,1955,0,2220.344543457
1,"map(tofrom: a)",32,64,104,0,0,1955,1,2126.359939575
1,"map(tofrom: a)",32,64,104,0,0,1955,2,2160.656452179
1,"map(tofrom: a)",32,64,104,0,0,1955,3,2135.944366455
1,"map(tofrom: a)",32,64,104,0,0,1955,4,2149.343490601
1,"map(tofrom: a)",32,64,104,0,0,1955,5,2144.503593445
1,"map(tofrom: a)",32,64,104,0,0,1955,6,2147.197723389
1,"map(tofrom: a)",32,64,104,0,0,1955,7,2153.348922729
1,"map(tofrom: a)",32,64,104,0,0,1955,8,2154.648303986
1,"map(tofrom: a)",32,64,104,0,0,1955,9,2148.497104645
1,"map(tofrom: a)",32,64,104,0,0,183,0,628.042221069
1,"map(tofrom: a)",32,64,104,0,0,183,1,624.048709869
1,"map(tofrom: a)",32,64,104,0,0,183,2,787.305831909
1,"map(tofrom: a)",32,64,104,0,0,183,3,628.006458282
1,"map(tofrom: a)",32,64,104,0,0,183,4,625.455379486
1,"map(tofrom: a)",32,64,104,0,0,183,5,628.340244293
1,"map(tofrom: a)",32,64,104,0,0,183,6,630.998611450
1,"map(tofrom: a)",32,64,104,0,0,183,7,630.497932434
1,"map(tofrom: a)",32,64,104,0,0,183,8,630.903244019
1,"map(tofrom: a)",32,64,104,0,0,183,9,628.852844238
1,"map(tofrom: a)",32,64,104,0,0,8096,0,7615.399360657
1,"map(tofrom: a)",32,64,104,0,0,8096,1,7659.745216370
1,"map(tofrom: a)",32,64,104,0,0,8096,2,7382.357120514
1,"map(tofrom: a)",32,64,104,0,0,8096,3,7403.290271759
1,"map(tofrom: a)",32,64,104,0,0,8096,4,7427.597045898
1,"map(tofrom: a)",32,64,104,0,0,8096,5,7382.702827454
1,"map(tofrom: a)",32,64,104,0,0,8096,6,7520.353794098
1,"map(tofrom: a)",32,64,104,0,0,8096,7,7329.654693604
1,"map(tofrom: a)",32,64,104,0,0,8096,8,7499.897480011
1,"map(tofrom: a)",32,64,104,0,0,8096,9,7519.292831421
1,"map(tofrom: a)",32,64,104,0,0,758,0,1118.946075439
1,"map(tofrom: a)",32,64,104,0,0,758,1,1126.050949097
1,"map(tofrom: a)",32,64,104,0,0,758,2,1135.349273682
1,"map(tofrom: a)",32,64,104,0,0,758,3,1113.998889923
1,"map(tofrom: a)",32,64,104,0,0,758,4,1136.147975922
1,"map(tofrom: a)",32,64,104,0,0,758,5,1125.347614288
1,"map(tofrom: a)",32,64,104,0,0,758,6,1134.598255157
1,"map(tofrom: a)",32,64,104,0,0,758,7,1134.002208710
1,"map(tofrom: a)",32,64,104,0,0,758,8,1133.441925049
1,"map(tofrom: a)",32,64,104,0,0,758,9,1136.195659637
1,"map(tofrom: a)",32,64,104,0,0,71,0,530.946254730
1,"map(tofrom: a)",32,64,104,0,0,71,1,530.695915222
1,"map(tofrom: a)",32,64,104,0,0,71,2,531.303882599
1,"map(tofrom: a)",32,64,104,0,0,71,3,528.097152710
1,"map(tofrom: a)",32,64,104,0,0,71,4,529.658794403
1,"map(tofrom: a)",32,64,104,0,0,71,5,528.597831726
1,"map(tofrom: a)",32,64,104,0,0,71,6,528.895854950
1,"map(tofrom: a)",32,64,104,0,0,71,7,529.003143311
1,"map(tofrom: a)",32,64,104,0,0,71,8,529.801845551
1,"map(tofrom: a)",32,64,104,0,0,71,9,527.393817902
1,"map(tofrom: a)",32,64,104,0,0,2,0,468.599796295
1,"map(tofrom: a)",32,64,104,0,0,2,1,468.051433563
1,"map(tofrom: a)",32,64,104,0,0,2,2,468.945503235
1,"map(tofrom: a)",32,64,104,0,0,2,3,468.540191650
1,"map(tofrom: a)",32,64,104,0,0,2,4,468.242168427
1,"map(tofrom: a)",32,64,104,0,0,2,5,468.993186951
1,"map(tofrom: a)",32,64,104,0,0,2,6,468.957424164
1,"map(tofrom: a)",32,64,104,0,0,2,7,468.051433563
1,"map(tofrom: a)",32,64,104,0,0,2,8,469.398498535
1,"map(tofrom: a)",32,64,104,0,0,2,9,468.301773071
1,"map(tofrom: a)",32,64,104,0,0,11,0,476.694107056
1,"map(tofrom: a)",32,64,104,0,0,11,1,476.658344269
1,"map(tofrom: a)",32,64,104,0,0,11,2,476.253032684
1,"map(tofrom: a)",32,64,104,0,0,11,3,476.050376892
1,"map(tofrom: a)",32,64,104,0,0,11,4,475.847721100
1,"map(tofrom: a)",32,64,104,0,0,11,5,475.895404816
1,"map(tofrom: a)",32,64,104,0,0,11,6,476.455688477
1,"map(tofrom: a)",32,64,104,0,0,11,7,476.396083832
1,"map(tofrom: a)",32,64,104,0,0,11,8,475.800037384
1,"map(tofrom: a)",32,64,104,0,0,11,9,476.300716400
1,"map(tofrom: a)",32,64,104,0,0,28,0,491.356849670
1,"map(tofrom: a)",32,64,104,0,0,28,1,491.297245026
1,"map(tofrom: a)",32,64,104,0,0,28,2,491.607189178
1,"map(tofrom: a)",32,64,104,0,0,28,3,491.201877594
1,"map(tofrom: a)",32,64,104,0,0,28,4,492.250919342
1,"map(tofrom: a)",32,64,104,0,0,28,5,491.452217102
1,"map(tofrom: a)",32,64,104,0,0,28,6,492.298603058
1,"map(tofrom: a)",32,64,104,0,0,28,7,492.453575134
1,"map(tofrom: a)",32,64,104,0,0,28,8,491.499900818
1,"map(tofrom: a)",32,64,104,0,0,28,9,491.654872894
1,"map(tofrom: a)",32,64,104,0,0,5042,0,4956.257343292
1,"map(tofrom: a)",32,64,104,0,0,5042,1,4861.056804657
1,"map(tofrom: a)",32,64,104,0,0,5042,2,4989.695549011
1,"map(tofrom: a)",32,64,104,0,0,5042,3,4936.051368713
1,"map(tofrom: a)",32,64,104,0,0,5042,4,4854.547977448
1,"map(tofrom: a)",32,64,104,0,0,5042,5,4796.004295349
1,"map(tofrom: a)",32,64,104,0,0,5042,6,4797.661304474
1,"map(tofrom: a)",32,64,104,0,0,5042,7,4824.399948120
1,"map(tofrom: a)",32,64,104,0,0,5042,8,4802.346229553
1,"map(tofrom: a)",32,64,104,0,0,5042,9,4790.651798248
1,"map(tofrom: a)",32,64,104,0,0,1218,0,1531.207561493
1,"map(tofrom: a)",32,64,104,0,0,1218,1,1501.357555389
1,"map(tofrom: a)",32,64,104,0,0,1218,2,1526.594161987
1,"map(tofrom: a)",32,64,104,0,0,1218,3,1529.848575592
1,"map(tofrom: a)",32,64,104,0,0,1218,4,1516.497135162
1,"map(tofrom: a)",32,64,104,0,0,1218,5,1524.150371552
1,"map(tofrom: a)",32,64,104,0,0,1218,6,1539.659500122
1,"map(tofrom: a)",32,64,104,0,0,1218,7,1509.702205658
1,"map(tofrom: a)",32,64,104,0,0,1218,8,1545.846462250
1,"map(tofrom: a)",32,64,104,0,0,1218,9,1527.297496796
1,"map(tofrom: a)",32,64,104,0,0,472,0,881.540775299
1,"map(tofrom: a)",32,64,104,0,0,472,1,884.246826172
1,"map(tofrom: a)",32,64,104,0,0,472,2,884.449481964
1,"map(tofrom: a)",32,64,104,0,0,472,3,886.046886444
1,"map(tofrom: a)",32,64,104,0,0,472,4,886.404514313
1,"map(tofrom: a)",32,64,104,0,0,472,5,870.704650879
1,"map(tofrom: a)",32,64,104,0,0,472,6,877.094268799
1,"map(tofrom: a)",32,64,104,0,0,472,7,867.450237274
1,"map(tofrom: a)",32,64,104,0,0,472,8,874.304771423
1,"map(tofrom: a)",32,64,104,0,0,472,9,875.401496887
1,"map(tofrom: a)",64,64,104,0,0,7,0,470.495223999
1,"map(tofrom: a)",64,64,104,0,0,7,1,473.260879517
1,"map(tofrom: a)",64,64,104,0,0,7,2,472.605228424
1,"map(tofrom: a)",64,64,104,0,0,7,3,472.402572632
1,"map(tofrom: a)",64,64,104,0,0,7,4,473.046302795
1,"map(tofrom: a)",64,64,104,0,0,7,5,472.390651703
1,"map(tofrom: a)",64,64,104,0,0,7,6,472.652912140
1,"map(tofrom: a)",64,64,104,0,0,7,7,472.199916840
1,"map(tofrom: a)",64,64,104,0,0,7,8,472.700595856
1,"map(tofrom: a)",64,64,104,0,0,7,9,472.700595856
1,"map(tofrom: a)",64,64,104,0,0,114,0,568.556785583
1,"map(tofrom: a)",64,64,104,0,0,114,1,567.650794983
1,"map(tofrom: a)",64,64,104,0,0,114,2,569.546222687
1,"map(tofrom: a)",64,64,104,0,0,114,3,563.502311707
1,"map(tofrom: a)",64,64,104,0,0,114,4,564.897060394
1,"map(tofrom: a)",64,64,104,0,0,114,5,565.350055695
1,"map(tofrom: a)",64,64,104,0,0,114,6,565.147399902
1,"map(tofrom: a)",64,64,104,0,0,114,7,565.445423126
1,"map(tofrom: a)",64,64,104,0,0,114,8,566.208362579
1,"map(tofrom: a)",64,64,104,0,0,114,9,564.694404602
1,"map(tofrom: a)",64,64,104,0,0,3,0,469.303131104
1,"map(tofrom: a)",64,64,104,0,0,3,1,468.647480011
1,"map(tofrom: a)",64,64,104,0,0,3,2,469.005107880
1,"map(tofrom: a)",64,64,104,0,0,3,3,468.444824219
1,"map(tofrom: a)",64,64,104,0,0,3,4,468.301773071
1,"map(tofrom: a)",64,64,104,0,0,3,5,468.349456787
1,"map(tofrom: a)",64,64,104,0,0,3,6,468.599796295
1,"map(tofrom: a)",64,64,104,0,0,3,7,468.897819519
1,"map(tofrom: a)",64,64,104,0,0,3,8,468.742847443
1,"map(tofrom: a)",64,64,104,0,0,3,9,469.195842743
1,"map(tofrom: a)",64,64,104,0,0,17,0,482.559204102
1,"map(tofrom: a)",64,64,104,0,0,17,1,482.952594757
1,"map(tofrom: a)",64,64,104,0,0,17,2,482.106208801
1,"map(tofrom: a)",64,64,104,0,0,17,3,482.547283173
1,"map(tofrom: a)",64,64,104,0,0,17,4,481.843948364
1,"map(tofrom: a)",64,64,104,0,0,17,5,481.295585632
1,"map(tofrom: a)",64,64,104,0,0,17,6,482.499599457
1,"map(tofrom: a)",64,64,104,0,0,17,7,481.605529785
1,"map(tofrom: a)",64,64,104,0,0,17,8,481.593608856
1,"map(tofrom: a)",64,64,104,0,0,17,9,481.700897217
1,"map(tofrom: a)",64,64,104,0,0,1,0,467.503070831
1,"map(tofrom: a)",64,64,104,0,0,1,1,467.646121979
1,"map(tofrom: a)",64,64,104,0,0,1,2,467.395782471
1,"map(tofrom: a)",64,64,104,0,0,1,3,467.348098755
1,"map(tofrom: a)",64,64,104,0,0,1,4,467.896461487
1,"map(tofrom: a)",64,64,104,0,0,1,5,467.705726624
1,"map(tofrom: a)",64,64,104,0,0,1,6,467.956066132
1,"map(tofrom: a)",64,64,104,0,0,1,7,468.301773071
1,"map(tofrom: a)",64,64,104,0,0,1,8,467.395782471
1,"map(tofrom: a)",64,64,104,0,0,1,9,468.599796295
1,"map(tofrom: a)",64,64,104,0,0,44,0,505.959987640
1,"map(tofrom: a)",64,64,104,0,0,44,1,506.699085236
1,"map(tofrom: a)",64,64,104,0,0,44,2,507.104396820
1,"map(tofrom: a)",64,64,104,0,0,44,3,506.854057312
1,"map(tofrom: a)",64,64,104,0,0,44,4,505.304336548
1,"map(tofrom: a)",64,64,104,0,0,44,5,504.708290100
1,"map(tofrom: a)",64,64,104,0,0,44,6,505.244731903
1,"map(tofrom: a)",64,64,104,0,0,44,7,504.899024963
1,"map(tofrom: a)",64,64,104,0,0,44,8,504.291057587
1,"map(tofrom: a)",64,64,104,0,0,44,9,504.350662231
1,"map(tofrom: a)",64,64,104,0,0,294,0,724.351406097
1,"map(tofrom: a)",64,64,104,0,0,294,1,716.793537140
1,"map(tofrom: a)",64,64,104,0,0,294,2,723.242759705
1,"map(tofrom: a)",64,64,104,0,0,294,3,724.160671234
1,"map(tofrom: a)",64,64,104,0,0,294,4,720.703601837
1,"map(tofrom: a)",64,64,104,0,0,294,5,722.694396973
1,"map(tofrom: a)",64,64,104,0,0,294,6,726.449489594
1,"map(tofrom: a)",64,64,104,0,0,294,7,719.046592712
1,"map(tofrom: a)",64,64,104,0,0,294,8,727.999210358
1,"map(tofrom: a)",64,64,104,0,0,294,9,723.552703857
1,"map(tofrom: a)",64,64,104,0,0,3140,0,3220.355510712
1,"map(tofrom: a)",64,64,104,0,0,3140,1,3232.097625732
1,"map(tofrom: a)",64,64,104,0,0,3140,2,3233.540058136
1,"map(tofrom: a)",64,64,104,0,0,3140,3,3242.099285126
1,"map(tofrom: a)",64,64,104,0,0,3140,4,3249.299526215
1,"map(tofrom: a)",64,64,104,0,0,3140,5,3143.894672394
1,"map(tofrom: a)",64,64,104,0,0,3140,6,3188.097476959
1,"map(tofrom: a)",64,64,104,0,0,3140,7,3126.895427704
1,"map(tofrom: a)",64,64,104,0,0,3140,8,3171.002864838
1,"map(tofrom: a)",64,64,104,0,0,3140,9,3175.103664398
1,"map(tofrom: a)",64,64,104,0,0,4,0,469.803810120
1,"map(tofrom: a)",64,64,104,0,0,4,1,470.304489136
1,"map(tofrom: a)",64,64,104,0,0,4,2,470.602512360
1,"map(tofrom: a)",64,64,104,0,0,4,3,469.994544983
1,"map(tofrom: a)",64,64,104,0,0,4,4,470.197200775
1,"map(tofrom: a)",64,64,104,0,0,4,5,470.352172852
1,"map(tofrom: a)",64,64,104,0,0,4,6,470.495223999
1,"map(tofrom: a)",64,64,104,0,0,4,7,471.007823944
1,"map(tofrom: a)",64,64,104,0,0,4,8,470.697879791
1,"map(tofrom: a)",64,64,104,0,0,4,9,471.055507660
1,"map(tofrom: a)",64,64,104,0,0,1955,0,2183.294296265
1,"map(tofrom: a)",64,64,104,0,0,1955,1,2170.801162720
1,"map(tofrom: a)",64,64,104,0,0,1955,2,2211.296558380
1,"map(tofrom: a)",64,64,104,0,0,1955,3,2169.299125671
1,"map(tofrom: a)",64,64,104,0,0,1955,4,2202.451229095
1,"map(tofrom: a)",64,64,104,0,0,1955,5,2211.439609528
1,"map(tofrom: a)",64,64,104,0,0,1955,6,2125.549316406
1,"map(tofrom: a)",64,64,104,0,0,1955,7,2140.605449677
1,"map(tofrom: a)",64,64,104,0,0,1955,8,2161.800861359
1,"map(tofrom: a)",64,64,104,0,0,1955,9,2124.190330505
1,"map(tofrom: a)",64,64,104,0,0,183,0,625.896453857
1,"map(tofrom: a)",64,64,104,0,0,183,1,623.250007629
1,"map(tofrom: a)",64,64,104,0,0,183,2,625.097751617
1,"map(tofrom: a)",64,64,104,0,0,183,3,625.753402710
1,"map(tofrom: a)",64,64,104,0,0,183,4,624.942779541
1,"map(tofrom: a)",64,64,104,0,0,183,5,625.741481781
1,"map(tofrom: a)",64,64,104,0,0,183,6,627.052783966
1,"map(tofrom: a)",64,64,104,0,0,183,7,624.406337738
1,"map(tofrom: a)",64,64,104,0,0,183,8,628.852844238
1,"map(tofrom: a)",64,64,104,0,0,183,9,624.954700470
1,"map(tofrom: a)",64,64,104,0,0,8096,0,7594.954967499
1,"map(tofrom: a)",64,64,104,0,0,8096,1,7630.705833435
1,"map(tofrom: a)",64,64,104,0,0,8096,2,7522.654533386
1,"map(tofrom: a)",64,64,104,0,0,8096,3,7599.103450775
1,"map(tofrom: a)",64,64,104,0,0,8096,4,7688.307762146
1,"map(tofrom: a)",64,64,104,0,0,8096,5,7521.903514862
1,"map(tofrom: a)",64,64,104,0,0,8096,6,7682.693004608
1,"map(tofrom: a)",64,64,104,0,0,8096,7,7376.146316528
1,"map(tofrom: a)",64,64,104,0,0,8096,8,7378.900051117
1,"map(tofrom: a)",64,64,104,0,0,8096,9,7432.198524475
1,"map(tofrom: a)",64,64,104,0,0,758,0,1120.495796204
1,"map(tofrom: a)",64,64,104,0,0,758,1,1117.849349976
1,"map(tofrom: a)",64,64,104,0,0,758,2,1119.005680084
1,"map(tofrom: a)",64,64,104,0,0,758,3,1117.706298828
1,"map(tofrom: a)",64,64,104,0,0,758,4,1131.701469421
1,"map(tofrom: a)",64,64,104,0,0,758,5,1114.296913147
1,"map(tofrom: a)",64,64,104,0,0,758,6,1128.804683685
1,"map(tofrom: a)",64,64,104,0,0,758,7,1130.795478821
1,"map(tofrom: a)",64,64,104,0,0,758,8,1118.946075439
1,"map(tofrom: a)",64,64,104,0,0,758,9,1129.150390625
1,"map(tofrom: a)",64,64,104,0,0,71,0,530.898571014
1,"map(tofrom: a)",64,64,104,0,0,71,1,528.693199158
1,"map(tofrom: a)",64,64,104,0,0,71,2,530.648231506
1,"map(tofrom: a)",64,64,104,0,0,71,3,529.301166534
1,"map(tofrom: a)",64,64,104,0,0,71,4,531.005859375
1,"map(tofrom: a)",64,64,104,0,0,71,5,531.256198883
1,"map(tofrom: a)",64,64,104,0,0,71,6,530.695915222
1,"map(tofrom: a)",64,64,104,0,0,71,7,529.742240906
1,"map(tofrom: a)",64,64,104,0,0,71,8,528.144836426
1,"map(tofrom: a)",64,64,104,0,0,71,9,527.846813202
1,"map(tofrom: a)",64,64,104,0,0,2,0,468.409061432
1,"map(tofrom: a)",64,64,104,0,0,2,1,467.252731323
1,"map(tofrom: a)",64,64,104,0,0,2,2,467.705726624
1,"map(tofrom: a)",64,64,104,0,0,2,3,467.908382416
1,"map(tofrom: a)",64,64,104,0,0,2,4,468.206405640
1,"map(tofrom: a)",64,64,104,0,0,2,5,468.349456787
1,"map(tofrom: a)",64,64,104,0,0,2,6,467.848777771
1,"map(tofrom: a)",64,64,104,0,0,2,7,467.348098755
1,"map(tofrom: a)",64,64,104,0,0,2,8,467.753410339
1,"map(tofrom: a)",64,64,104,0,0,2,9,468.146800995
1,"map(tofrom: a)",64,64,104,0,0,11,0,475.752353668
1,"map(tofrom: a)",64,64,104,0,0,11,1,476.753711700
1,"map(tofrom: a)",64,64,104,0,0,11,2,476.098060608
1,"map(tofrom: a)",64,64,104,0,0,11,3,475.752353668
1,"map(tofrom: a)",64,64,104,0,0,11,4,475.907325745
1,"map(tofrom: a)",64,64,104,0,0,11,5,476.002693176
1,"map(tofrom: a)",64,64,104,0,0,11,6,476.706027985
1,"map(tofrom: a)",64,64,104,0,0,11,7,476.408004761
1,"map(tofrom: a)",64,64,104,0,0,11,8,475.645065308
1,"map(tofrom: a)",64,64,104,0,0,11,9,475.800037384
1,"map(tofrom: a)",64,64,104,0,0,28,0,490.701198578
1,"map(tofrom: a)",64,64,104,0,0,28,1,490.152835846
1,"map(tofrom: a)",64,64,104,0,0,28,2,490.498542786
1,"map(tofrom: a)",64,64,104,0,0,28,3,490.248203278
1,"map(tofrom: a)",64,64,104,0,0,28,4,491.046905518
1,"map(tofrom: a)",64,64,104,0,0,28,5,490.951538086
1,"map(tofrom: a)",64,64,104,0,0,28,6,490.844249725
1,"map(tofrom: a)",64,64,104,0,0,28,7,490.546226501
1,"map(tofrom: a)",64,64,104,0,0,28,8,490.796566010
1,"map(tofrom: a)",64,64,104,0,0,28,9,490.951538086
1,"map(tofrom: a)",64,64,104,0,0,5042,0,4866.600036621
1,"map(tofrom: a)",64,64,104,0,0,5042,1,4832.804203033
1,"map(tofrom: a)",64,64,104,0,0,5042,2,4951.345920563
1,"map(tofrom: a)",64,64,104,0,0,5042,3,4837.250709534
1,"map(tofrom: a)",64,64,104,0,0,5042,4,4935.848712921
1,"map(tofrom: a)",64,64,104,0,0,5042,5,4944.205284119
1,"map(tofrom: a)",64,64,104,0,0,5042,6,4885.005950928
1,"map(tofrom: a)",64,64,104,0,0,5042,7,4942.393302917
1,"map(tofrom: a)",64,64,104,0,0,5042,8,4994.451999664
1,"map(tofrom: a)",64,64,104,0,0,5042,9,4766.798019409
1,"map(tofrom: a)",64,64,104,0,0,1218,0,1519.048213959
1,"map(tofrom: a)",64,64,104,0,0,1218,1,1507.043838501
1,"map(tofrom: a)",64,64,104,0,0,1218,2,1513.004302979
1,"map(tofrom: a)",64,64,104,0,0,1218,3,1511.394977570
1,"map(tofrom: a)",64,64,104,0,0,1218,4,1511.096954346
1,"map(tofrom: a)",64,64,104,0,0,1218,5,1517.844200134
1,"map(tofrom: a)",64,64,104,0,0,1218,6,1517.796516418
1,"map(tofrom: a)",64,64,104,0,0,1218,7,1514.101028442
1,"map(tofrom: a)",64,64,104,0,0,1218,8,1536.595821381
1,"map(tofrom: a)",64,64,104,0,0,1218,9,1510.953903198
1,"map(tofrom: a)",64,64,104,0,0,472,0,878.298282623
1,"map(tofrom: a)",64,64,104,0,0,472,1,880.658626556
1,"map(tofrom: a)",64,64,104,0,0,472,2,875.103473663
1,"map(tofrom: a)",64,64,104,0,0,472,3,880.300998688
1,"map(tofrom: a)",64,64,104,0,0,472,4,885.951519012
1,"map(tofrom: a)",64,64,104,0,0,472,5,873.994827271
1,"map(tofrom: a)",64,64,104,0,0,472,6,887.906551361
1,"map(tofrom: a)",64,64,104,0,0,472,7,881.803035736
1,"map(tofrom: a)",64,64,104,0,0,472,8,883.245468140
1,"map(tofrom: a)",64,64,104,0,0,472,9,886.046886444
1,"map(tofrom: a)",128,64,104,0,0,7,0,471.401214600
1,"map(tofrom: a)",128,64,104,0,0,7,1,472.855567932
1,"map(tofrom: a)",128,64,104,0,0,7,2,472.497940063
1,"map(tofrom: a)",128,64,104,0,0,7,3,472.605228424
1,"map(tofrom: a)",128,64,104,0,0,7,4,472.760200500
1,"map(tofrom: a)",128,64,104,0,0,7,5,472.295284271
1,"map(tofrom: a)",128,64,104,0,0,7,6,472.354888916
1,"map(tofrom: a)",128,64,104,0,0,7,7,472.652912140
1,"map(tofrom: a)",128,64,104,0,0,7,8,472.605228424
1,"map(tofrom: a)",128,64,104,0,0,7,9,472.557544708
1,"map(tofrom: a)",128,64,104,0,0,114,0,568.902492523
1,"map(tofrom: a)",128,64,104,0,0,114,1,565.409660339
1,"map(tofrom: a)",128,64,104,0,0,114,2,568.854808807
1,"map(tofrom: a)",128,64,104,0,0,114,3,567.257404327
1,"map(tofrom: a)",128,64,104,0,0,114,4,567.948818207
1,"map(tofrom: a)",128,64,104,0,0,114,5,569.105148315
1,"map(tofrom: a)",128,64,104,0,0,114,6,570.440292358
1,"map(tofrom: a)",128,64,104,0,0,114,7,567.793846130
1,"map(tofrom: a)",128,64,104,0,0,114,8,565.350055695
1,"map(tofrom: a)",128,64,104,0,0,114,9,564.801692963
1,"map(tofrom: a)",128,64,104,0,0,3,0,469.553470612
1,"map(tofrom: a)",128,64,104,0,0,3,1,469.601154327
1,"map(tofrom: a)",128,64,104,0,0,3,2,468.695163727
1,"map(tofrom: a)",128,64,104,0,0,3,3,468.349456787
1,"map(tofrom: a)",128,64,104,0,0,3,4,468.850135803
1,"map(tofrom: a)",128,64,104,0,0,3,5,469.255447388
1,"map(tofrom: a)",128,64,104,0,0,3,6,468.707084656
1,"map(tofrom: a)",128,64,104,0,0,3,7,468.909740448
1,"map(tofrom: a)",128,64,104,0,0,3,8,469.052791595
1,"map(tofrom: a)",128,64,104,0,0,3,9,469.398498535
1,"map(tofrom: a)",128,64,104,0,0,17,0,482.749938965
1,"map(tofrom: a)",128,64,104,0,0,17,1,482.606887817
1,"map(tofrom: a)",128,64,104,0,0,17,2,482.797622681
1,"map(tofrom: a)",128,64,104,0,0,17,3,482.439994812
1,"map(tofrom: a)",128,64,104,0,0,17,4,482.642650604
1,"map(tofrom: a)",128,64,104,0,0,17,5,482.892990112
1,"map(tofrom: a)",128,64,104,0,0,17,6,482.892990112
1,"map(tofrom: a)",128,64,104,0,0,17,7,481.903553009
1,"map(tofrom: a)",128,64,104,0,0,17,8,482.141971588
1,"map(tofrom: a)",128,64,104,0,0,17,9,482.189655304
1,"map(tofrom: a)",128,64,104,0,0,1,0,467.801094055
1,"map(tofrom: a)",128,64,104,0,0,1,1,467.503070831
1,"map(tofrom: a)",128,64,104,0,0,1,2,468.051433563
1,"map(tofrom: a)",128,64,104,0,0,1,3,467.205047607
1,"map(tofrom: a)",128,64,104,0,0,1,4,468.146800995
1,"map(tofrom: a)",128,64,104,0,0,1,5,468.647480011
1,"map(tofrom: a)",128,64,104,0,0,1,6,467.956066132
1,"map(tofrom: a)",128,64,104,0,0,1,7,467.753410339
1,"map(tofrom: a)",128,64,104,0,0,1,8,467.693805695
1,"map(tofrom: a)",128,64,104,0,0,1,9,468.003749847
1,"map(tofrom: a)",128,64,104,0,0,44,0,506.651401520
1,"map(tofrom: a)",128,64,104,0,0,44,1,504.946708679
1,"map(tofrom: a)",128,64,104,0,0,44,2,506.401062012
1,"map(tofrom: a)",128,64,104,0,0,44,3,505.352020264
1,"map(tofrom: a)",128,64,104,0,0,44,4,506.603717804
1,"map(tofrom: a)",128,64,104,0,0,44,5,506.544113159
1,"map(tofrom: a)",128,64,104,0,0,44,6,506.293773651
1,"map(tofrom: a)",128,64,104,0,0,44,7,506.544113159
1,"map(tofrom: a)",128,64,104,0,0,44,8,506.842136383
1,"map(tofrom: a)",128,64,104,0,0,44,9,504.696369171
1,"map(tofrom: a)",128,64,104,0,0,294,0,721.204280853
1,"map(tofrom: a)",128,64,104,0,0,294,1,718.545913696
1,"map(tofrom: a)",128,64,104,0,0,294,2,720.453262329
1,"map(tofrom: a)",128,64,104,0,0,294,3,720.095634460
1,"map(tofrom: a)",128,64,104,0,0,294,4,719.356536865
1,"map(tofrom: a)",128,64,104,0,0,294,5,721.156597137
1,"map(tofrom: a)",128,64,104,0,0,294,6,720.846652985
1,"map(tofrom: a)",128,64,104,0,0,294,7,719.952583313
1,"map(tofrom: a)",128,64,104,0,0,294,8,725.841522217
1,"map(tofrom: a)",128,64,104,0,0,294,9,719.404220581
1,"map(tofrom: a)",128,64,104,0,0,3140,0,3201.448917389
1,"map(tofrom: a)",128,64,104,0,0,3140,1,3217.852115631
1,"map(tofrom: a)",128,64,104,0,0,3140,2,3180.646896362
1,"map(tofrom: a)",128,64,104,0,0,3140,3,3219.449520111
1,"map(tofrom: a)",128,64,104,0,0,3140,4,3254.246711731
1,"map(tofrom: a)",128,64,104,0,0,3140,5,3177.797794342
1,"map(tofrom: a)",128,64,104,0,0,3140,6,3264.653682709
1,"map(tofrom: a)",128,64,104,0,0,3140,7,3224.349021912
1,"map(tofrom: a)",128,64,104,0,0,3140,8,3238.403797150
1,"map(tofrom: a)",128,64,104,0,0,3140,9,3254.342079163
1,"map(tofrom: a)",128,64,104,0,0,4,0,470.042228699
1,"map(tofrom: a)",128,64,104,0,0,4,1,470.304489136
1,"map(tofrom: a)",128,64,104,0,0,4,2,470.900535583
1,"map(tofrom: a)",128,64,104,0,0,4,3,470.542907715
1,"map(tofrom: a)",128,64,104,0,0,4,4,470.495223999
1,"map(tofrom: a)",128,64,104,0,0,4,5,470.101833344
1,"map(tofrom: a)",128,64,104,0,0,4,6,470.447540283
1,"map(tofrom: a)",128,64,104,0,0,4,7,471.103191376
1,"map(tofrom: a)",128,64,104,0,0,4,8,470.495223999
1,"map(tofrom: a)",128,64,104,0,0,4,9,470.602512360
1,"map(tofrom: a)",128,64,104,0,0,1955,0,2188.408374786
1,"map(tofrom: a)",128,64,104,0,0,1955,1,2136.647701263
1,"map(tofrom: a)",128,64,104,0,0,1955,2,2191.150188446
1,"map(tofrom: a)",128,64,104,0,0,1955,3,2166.950702667
1,"map(tofrom: a)",128,64,104,0,0,1955,4,2176.344394684
1,"map(tofrom: a)",128,64,104,0,0,1955,5,2185.356616974
1,"map(tofrom: a)",128,64,104,0,0,1955,6,2181.541919708
1,"map(tofrom: a)",128,64,104,0,0,1955,7,2190.697193146
1,"map(tofrom: a)",128,64,104,0,0,1955,8,2193.045616150
1,"map(tofrom: a)",128,64,104,0,0,1955,9,2187.800407410
1,"map(tofrom: a)",128,64,104,0,0,183,0,631.546974182
1,"map(tofrom: a)",128,64,104,0,0,183,1,621.902942657
1,"map(tofrom: a)",128,64,104,0,0,183,2,625.503063202
1,"map(tofrom: a)",128,64,104,0,0,183,3,625.598430634
1,"map(tofrom: a)",128,64,104,0,0,183,4,622.999668121
1,"map(tofrom: a)",128,64,104,0,0,183,5,625.097751617
1,"map(tofrom: a)",128,64,104,0,0,183,6,626.945495605
1,"map(tofrom: a)",128,64,104,0,0,183,7,623.190402985
1,"map(tofrom: a)",128,64,104,0,0,183,8,628.197193146
1,"map(tofrom: a)",128,64,104,0,0,183,9,625.348091125
1,"map(tofrom: a)",128,64,104,0,0,8096,0,7507.598400116
1,"map(tofrom: a)",128,64,104,0,0,8096,1,7531.046867371
1,"map(tofrom: a)",128,64,104,0,0,8096,2,7497.704029083
1,"map(tofrom: a)",128,64,104,0,0,8096,3,7543.504238129
1,"map(tofrom: a)",128,64,104,0,0,8096,4,7553.446292877
1,"map(tofrom: a)",128,64,104,0,0,8096,5,7494.795322418
1,"map(tofrom: a)",128,64,104,0,0,8096,6,7686.698436737
1,"map(tofrom: a)",128,64,104,0,0,8096,7,7507.443428040
1,"map(tofrom: a)",128,64,104,0,0,8096,8,7624.697685242
1,"map(tofrom: a)",128,64,104,0,0,8096,9,7670.199871063
1,"map(tofrom: a)",128,64,104,0,0,758,0,1132.047176361
1,"map(tofrom: a)",128,64,104,0,0,758,1,1130.354404449
1,"map(tofrom: a)",128,64,104,0,0,758,2,1121.997833252
1,"map(tofrom: a)",128,64,104,0,0,758,3,1105.856895447
1,"map(tofrom: a)",128,64,104,0,0,758,4,1126.098632812
1,"map(tofrom: a)",128,64,104,0,0,758,5,1114.952564240
1,"map(tofrom: a)",128,64,104,0,0,758,6,1117.444038391
1,"map(tofrom: a)",128,64,104,0,0,758,7,1119.852066040
1,"map(tofrom: a)",128,64,104,0,0,758,8,1120.746135712
1,"map(tofrom: a)",128,64,104,0,0,758,9,1123.607158661
1,"map(tofrom: a)",128,64,104,0,0,71,0,534.701347351
1,"map(tofrom: a)",128,64,104,0,0,71,1,528.252124786
1,"map(tofrom: a)",128,64,104,0,0,71,2,530.850887299
1,"map(tofrom: a)",128,64,104,0,0,71,3,528.597831726
1,"map(tofrom: a)",128,64,104,0,0,71,4,530.195236206
1,"map(tofrom: a)",128,64,104,0,0,71,5,530.505180359
1,"map(tofrom: a)",128,64,104,0,0,71,6,529.241561890
1,"map(tofrom: a)",128,64,104,0,0,71,7,530.099868774
1,"map(tofrom: a)",128,64,104,0,0,71,8,530.600547791
1,"map(tofrom: a)",128,64,104,0,0,71,9,530.099868774
1,"map(tofrom: a)",128,64,104,0,0,2,0,468.289852142
1,"map(tofrom: a)",128,64,104,0,0,2,1,468.492507935
1,"map(tofrom: a)",128,64,104,0,0,2,2,467.801094055
1,"map(tofrom: a)",128,64,104,0,0,2,3,467.896461487
1,"map(tofrom: a)",128,64,104,0,0,2,4,467.753410339
1,"map(tofrom: a)",128,64,104,0,0,2,5,467.455387115
1,"map(tofrom: a)",128,64,104,0,0,2,6,467.550754547
1,"map(tofrom: a)",128,64,104,0,0,2,7,467.848777771
1,"map(tofrom: a)",128,64,104,0,0,2,8,468.206405640
1,"map(tofrom: a)",128,64,104,0,0,2,9,468.146800995
1,"map(tofrom: a)",128,64,104,0,0,11,0,475.406646729
1,"map(tofrom: a)",128,64,104,0,0,11,1,476.002693176
1,"map(tofrom: a)",128,64,104,0,0,11,2,476.491451263
1,"map(tofrom: a)",128,64,104,0,0,11,3,476.300716400
1,"map(tofrom: a)",128,64,104,0,0,11,4,475.800037384
1,"map(tofrom: a)",128,64,104,0,0,11,5,475.656986237
1,"map(tofrom: a)",128,64,104,0,0,11,6,476.193428040
1,"map(tofrom: a)",128,64,104,0,0,11,7,475.990772247
1,"map(tofrom: a)",128,64,104,0,0,11,8,476.646423340
1,"map(tofrom: a)",128,64,104,0,0,11,9,478.351116180
1,"map(tofrom: a)",128,64,104,0,0,28,0,493.097305298
1,"map(tofrom: a)",128,64,104,0,0,28,1,492.048263550
1,"map(tofrom: a)",128,64,104,0,0,28,2,491.452217102
1,"map(tofrom: a)",128,64,104,0,0,28,3,490.307807922
1,"map(tofrom: a)",128,64,104,0,0,28,4,490.808486938
1,"map(tofrom: a)",128,64,104,0,0,28,5,490.903854370
1,"map(tofrom: a)",128,64,104,0,0,28,6,490.355491638
1,"map(tofrom: a)",128,64,104,0,0,28,7,491.154193878
1,"map(tofrom: a)",128,64,104,0,0,28,8,489.902496338
1,"map(tofrom: a)",128,64,104,0,0,28,9,490.450859070
1,"map(tofrom: a)",128,64,104,0,0,5042,0,4894.745349884
1,"map(tofrom: a)",128,64,104,0,0,5042,1,4788.601398468
1,"map(tofrom: a)",128,64,104,0,0,5042,2,4897.689819336
1,"map(tofrom: a)",128,64,104,0,0,5042,3,4841.756820679
1,"map(tofrom: a)",128,64,104,0,0,5042,4,4860.258102417
1,"map(tofrom: a)",128,64,104,0,0,5042,5,4875.802993774
1,"map(tofrom: a)",128,64,104,0,0,5042,6,4875.195026398
1,"map(tofrom: a)",128,64,104,0,0,5042,7,4897.201061249
1,"map(tofrom: a)",128,64,104,0,0,5042,8,4906.797409058
1,"map(tofrom: a)",128,64,104,0,0,5042,9,4874.658584595
1,"map(tofrom: a)",128,64,104,0,0,1218,0,1552.498340607
1,"map(tofrom: a)",128,64,104,0,0,1218,1,1528.346538544
1,"map(tofrom: a)",128,64,104,0,0,1218,2,1549.994945526
1,"map(tofrom: a)",128,64,104,0,0,1218,3,1553.952693939
1,"map(tofrom: a)",128,64,104,0,0,1218,4,1498.901844025
1,"map(tofrom: a)",128,64,104,0,0,1218,5,1510.250568390
1,"map(tofrom: a)",128,64,104,0,0,1218,6,1521.801948547
1,"map(tofrom: a)",128,64,104,0,0,1218,7,1498.842239380
1,"map(tofrom: a)",128,64,104,0,0,1218,8,1524.400711060
1,"map(tofrom: a)",128,64,104,0,0,1218,9,1508.355140686
1,"map(tofrom: a)",128,64,104,0,0,472,0,874.197483063
1,"map(tofrom: a)",128,64,104,0,0,472,1,875.699520111
1,"map(tofrom: a)",128,64,104,0,0,472,2,876.092910767
1,"map(tofrom: a)",128,64,104,0,0,472,3,877.046585083
1,"map(tofrom: a)",128,64,104,0,0,472,4,879.144668579
1,"map(tofrom: a)",128,64,104,0,0,472,5,873.458385468
1,"map(tofrom: a)",128,64,104,0,0,472,6,884.997844696
1,"map(tofrom: a)",128,64,104,0,0,472,7,873.756408691
1,"map(tofrom: a)",128,64,104,0,0,472,8,882.506370544
1,"map(tofrom: a)",128,64,104,0,0,472,9,884.795188904
1,"map(tofrom: a)",256,64,104,0,0,7,0,471.854209900
1,"map(tofrom: a)",256,64,104,0,0,7,1,474.095344543
1,"map(tofrom: a)",256,64,104,0,0,7,2,473.093986511
1,"map(tofrom: a)",256,64,104,0,0,7,3,472.295284271
1,"map(tofrom: a)",256,64,104,0,0,7,4,472.891330719
1,"map(tofrom: a)",256,64,104,0,0,7,5,472.843647003
1,"map(tofrom: a)",256,64,104,0,0,7,6,472.402572632
1,"map(tofrom: a)",256,64,104,0,0,7,7,472.760200500
1,"map(tofrom: a)",256,64,104,0,0,7,8,472.402572632
1,"map(tofrom: a)",256,64,104,0,0,7,9,472.593307495
1,"map(tofrom: a)",256,64,104,0,0,114,0,567.007064819
1,"map(tofrom: a)",256,64,104,0,0,114,1,566.351413727
1,"map(tofrom: a)",256,64,104,0,0,114,2,569.152832031
1,"map(tofrom: a)",256,64,104,0,0,114,3,565.302371979
1,"map(tofrom: a)",256,64,104,0,0,114,4,567.746162415
1,"map(tofrom: a)",256,64,104,0,0,114,5,568.699836731
1,"map(tofrom: a)",256,64,104,0,0,114,6,566.542148590
1,"map(tofrom: a)",256,64,104,0,0,114,7,568.699836731
1,"map(tofrom: a)",256,64,104,0,0,114,8,575.208663940
1,"map(tofrom: a)",256,64,104,0,0,114,9,566.947460175
1,"map(tofrom: a)",256,64,104,0,0,3,0,469.493865967
1,"map(tofrom: a)",256,64,104,0,0,3,1,469.207763672
1,"map(tofrom: a)",256,64,104,0,0,3,2,469.148159027
1,"map(tofrom: a)",256,64,104,0,0,3,3,469.696521759
1,"map(tofrom: a)",256,64,104,0,0,3,4,468.504428864
1,"map(tofrom: a)",256,64,104,0,0,3,5,469.303131104
1,"map(tofrom: a)",256,64,104,0,0,3,6,469.541549683
1,"map(tofrom: a)",256,64,104,0,0,3,7,468.599796295
1,"map(tofrom: a)",256,64,104,0,0,3,8,468.742847443
1,"map(tofrom: a)",256,64,104,0,0,3,9,469.100475311
1,"map(tofrom: a)",256,64,104,0,0,17,0,482.392311096
1,"map(tofrom: a)",256,64,104,0,0,17,1,482.404232025
1,"map(tofrom: a)",256,64,104,0,0,17,2,482.046604156
1,"map(tofrom: a)",256,64,104,0,0,17,3,483.345985413
1,"map(tofrom: a)",256,64,104,0,0,17,4,482.559204102
1,"map(tofrom: a)",256,64,104,0,0,17,5,482.249259949
1,"map(tofrom: a)",256,64,104,0,0,17,6,483.250617981
1,"map(tofrom: a)",256,64,104,0,0,17,7,482.559204102
1,"map(tofrom: a)",256,64,104,0,0,17,8,482.308864594
1,"map(tofrom: a)",256,64,104,0,0,17,9,482.892990112
1,"map(tofrom: a)",256,64,104,0,0,1,0,468.254089355
1,"map(tofrom: a)",256,64,104,0,0,1,1,468.349456787
1,"map(tofrom: a)",256,64,104,0,0,1,2,467.956066132
1,"map(tofrom: a)",256,64,104,0,0,1,3,468.003749847
1,"map(tofrom: a)",256,64,104,0,0,1,4,467.944145203
1,"map(tofrom: a)",256,64,104,0,0,1,5,468.051433563
1,"map(tofrom: a)",256,64,104,0,0,1,6,468.099117279
1,"map(tofrom: a)",256,64,104,0,0,1,7,468.099117279
1,"map(tofrom: a)",256,64,104,0,0,1,8,467.550754547
1,"map(tofrom: a)",256,64,104,0,0,1,9,467.944145203
1,"map(tofrom: a)",256,64,104,0,0,44,0,506.210327148
1,"map(tofrom: a)",256,64,104,0,0,44,1,504.755973816
1,"map(tofrom: a)",256,64,104,0,0,44,2,505.900382996
1,"map(tofrom: a)",256,64,104,0,0,44,3,505.495071411
1,"map(tofrom: a)",256,64,104,0,0,44,4,505.757331848
1,"map(tofrom: a)",256,64,104,0,0,44,5,506.246089935
1,"map(tofrom: a)",256,64,104,0,0,44,6,506.746768951
1,"map(tofrom: a)",256,64,104,0,0,44,7,506.699085236
1,"map(tofrom: a)",256,64,104,0,0,44,8,506.043434143
1,"map(tofrom: a)",256,64,104,0,0,44,9,506.293773651
1,"map(tofrom: a)",256,64,104,0,0,294,0,729.954242706
1,"map(tofrom: a)",256,64,104,0,0,294,1,723.898410797
1,"map(tofrom: a)",256,64,104,0,0,294,2,729.250907898
1,"map(tofrom: a)",256,64,104,0,0,294,3,730.240345001
1,"map(tofrom: a)",256,64,104,0,0,294,4,716.757774353
1,"map(tofrom: a)",256,64,104,0,0,294,5,719.547271729
1,"map(tofrom: a)",256,64,104,0,0,294,6,722.551345825
1,"map(tofrom: a)",256,64,104,0,0,294,7,716.841220856
1,"map(tofrom: a)",256,64,104,0,0,294,8,722.455978394
1,"map(tofrom: a)",256,64,104,0,0,294,9,718.855857849
1,"map(tofrom: a)",256,64,104,0,0,3140,0,3177.154064178
1,"map(tofrom: a)",256,64,104,0,0,3140,1,3182.351589203
1,"map(tofrom: a)",256,64,104,0,0,3140,2,3183.841705322
1,"map(tofrom: a)",256,64,104,0,0,3140,3,3194.296360016
1,"map(tofrom: a)",256,64,104,0,0,3140,4,3208.553791046
1,"map(tofrom: a)",256,64,104,0,0,3140,5,3167.700767517
1,"map(tofrom: a)",256,64,104,0,0,3140,6,3245.055675507
1,"map(tofrom: a)",256,64,104,0,0,3140,7,3168.797492981
1,"map(tofrom: a)",256,64,104,0,0,3140,8,3228.700160980
1,"map(tofrom: a)",256,64,104,0,0,3140,9,3240.799903870
1,"map(tofrom: a)",256,64,104,0,0,4,0,470.542907715
1,"map(tofrom: a)",256,64,104,0,0,4,1,471.198558807
1,"map(tofrom: a)",256,64,104,0,0,4,2,471.055507660
1,"map(tofrom: a)",256,64,104,0,0,4,3,470.399856567
1,"map(tofrom: a)",256,64,104,0,0,4,4,471.043586731
1,"map(tofrom: a)",256,64,104,0,0,4,5,470.554828644
1,"map(tofrom: a)",256,64,104,0,0,4,6,470.101833344
1,"map(tofrom: a)",256,64,104,0,0,4,7,470.495223999
1,"map(tofrom: a)",256,64,104,0,0,4,8,470.459461212
1,"map(tofrom: a)",256,64,104,0,0,4,9,470.495223999
1,"map(tofrom: a)",256,64,104,0,0,1955,0,2148.556709290
1,"map(tofrom: a)",256,64,104,0,0,1955,1,2144.753932953
1,"map(tofrom: a)",256,64,104,0,0,1955,2,2180.445194244
1,"map(tofrom: a)",256,64,104,0,0,1955,3,2137.947082520
1,"map(tofrom: a)",256,64,104,0,0,1955,4,2175.009250641
1,"map(tofrom: a)",256,64,104,0,0,1955,5,2178.597450256
1,"map(tofrom: a)",256,64,104,0,0,1955,6,2145.552635193
1,"map(tofrom: a)",256,64,104,0,0,1955,7,2172.946929932
1,"map(tofrom: a)",256,64,104,0,0,1955,8,2193.593978882
1,"map(tofrom: a)",256,64,104,0,0,1955,9,2150.452136993
1,"map(tofrom: a)",256,64,104,0,0,183,0,630.307197571
1,"map(tofrom: a)",256,64,104,0,0,183,1,627.541542053
1,"map(tofrom: a)",256,64,104,0,0,183,2,629.258155823
1,"map(tofrom: a)",256,64,104,0,0,183,3,629.043579102
1,"map(tofrom: a)",256,64,104,0,0,183,4,629.448890686
1,"map(tofrom: a)",256,64,104,0,0,183,5,628.149509430
1,"map(tofrom: a)",256,64,104,0,0,183,6,623.846054077
1,"map(tofrom: a)",256,64,104,0,0,183,7,622.296333313
1,"map(tofrom: a)",256,64,104,0,0,183,8,627.052783966
1,"map(tofrom: a)",256,64,104,0,0,183,9,622.141361237
1,"map(tofrom: a)",256,64,104,0,0,8096,0,7475.495338440
1,"map(tofrom: a)",256,64,104,0,0,8096,1,7485.949993134
1,"map(tofrom: a)",256,64,104,0,0,8096,2,7417.142391205
1,"map(tofrom: a)",256,64,104,0,0,8096,3,7488.501071930
1,"map(tofrom: a)",256,64,104,0,0,8096,4,7580.840587616
1,"map(tofrom: a)",256,64,104,0,0,8096,5,7422.149181366
1,"map(tofrom: a)",256,64,104,0,0,8096,6,7592.499256134
1,"map(tofrom: a)",256,64,104,0,0,8096,7,7474.899291992
1,"map(tofrom: a)",256,64,104,0,0,8096,8,7527.053356171
1,"map(tofrom: a)",256,64,104,0,0,8096,9,7566.893100739
1,"map(tofrom: a)",256,64,104,0,0,758,0,1129.257678986
1,"map(tofrom: a)",256,64,104,0,0,758,1,1134.097576141
1,"map(tofrom: a)",256,64,104,0,0,758,2,1134.693622589
1,"map(tofrom: a)",256,64,104,0,0,758,3,1129.245758057
1,"map(tofrom: a)",256,64,104,0,0,758,4,1146.054267883
1,"map(tofrom: a)",256,64,104,0,0,758,5,1130.652427673
1,"map(tofrom: a)",256,64,104,0,0,758,6,1126.098632812
1,"map(tofrom: a)",256,64,104,0,0,758,7,1118.397712708
1,"map(tofrom: a)",256,64,104,0,0,758,8,1111.543178558
1,"map(tofrom: a)",256,64,104,0,0,758,9,1119.959354401
1,"map(tofrom: a)",256,64,104,0,0,71,0,529.551506042
1,"map(tofrom: a)",256,64,104,0,0,71,1,527.608394623
1,"map(tofrom: a)",256,64,104,0,0,71,2,529.491901398
1,"map(tofrom: a)",256,64,104,0,0,71,3,529.503822327
1,"map(tofrom: a)",256,64,104,0,0,71,4,529.456138611
1,"map(tofrom: a)",256,64,104,0,0,71,5,530.099868774
1,"map(tofrom: a)",256,64,104,0,0,71,6,529.444217682
1,"map(tofrom: a)",256,64,104,0,0,71,7,529.348850250
1,"map(tofrom: a)",256,64,104,0,0,71,8,529.348850250
1,"map(tofrom: a)",256,64,104,0,0,71,9,529.301166534
1,"map(tofrom: a)",256,64,104,0,0,2,0,468.397140503
1,"map(tofrom: a)",256,64,104,0,0,2,1,468.194484711
1,"map(tofrom: a)",256,64,104,0,0,2,2,468.289852142
1,"map(tofrom: a)",256,64,104,0,0,2,3,468.051433563
1,"map(tofrom: a)",256,64,104,0,0,2,4,468.301773071
1,"map(tofrom: a)",256,64,104,0,0,2,5,469.553470612
1,"map(tofrom: a)",256,64,104,0,0,2,6,468.301773071
1,"map(tofrom: a)",256,64,104,0,0,2,7,468.194484711
1,"map(tofrom: a)",256,64,104,0,0,2,8,468.599796295
1,"map(tofrom: a)",256,64,104,0,0,2,9,468.754768372
1,"map(tofrom: a)",256,64,104,0,0,11,0,476.348400116
1,"map(tofrom: a)",256,64,104,0,0,11,1,476.300716400
1,"map(tofrom: a)",256,64,104,0,0,11,2,475.656986237
1,"map(tofrom: a)",256,64,104,0,0,11,3,476.098060608
1,"map(tofrom: a)",256,64,104,0,0,11,4,476.145744324
1,"map(tofrom: a)",256,64,104,0,0,11,5,475.955009460
1,"map(tofrom: a)",256,64,104,0,0,11,6,476.503372192
1,"map(tofrom: a)",256,64,104,0,0,11,7,475.549697876
1,"map(tofrom: a)",256,64,104,0,0,11,8,476.145744324
1,"map(tofrom: a)",256,64,104,0,0,11,9,476.503372192
1,"map(tofrom: a)",256,64,104,0,0,28,0,491.142272949
1,"map(tofrom: a)",256,64,104,0,0,28,1,491.249561310
1,"map(tofrom: a)",256,64,104,0,0,28,2,492.203235626
1,"map(tofrom: a)",256,64,104,0,0,28,3,491.702556610
1,"map(tofrom: a)",256,64,104,0,0,28,4,492.250919342
1,"map(tofrom: a)",256,64,104,0,0,28,5,492.298603058
1,"map(tofrom: a)",256,64,104,0,0,28,6,491.547584534
1,"map(tofrom: a)",256,64,104,0,0,28,7,492.000579834
1,"map(tofrom: a)",256,64,104,0,0,28,8,490.403175354
1,"map(tofrom: a)",256,64,104,0,0,28,9,491.201877594
1,"map(tofrom: a)",256,64,104,0,0,5042,0,4808.747768402
1,"map(tofrom: a)",256,64,104,0,0,5042,1,4778.945446014
1,"map(tofrom: a)",256,64,104,0,0,5042,2,4864.847660065
1,"map(tofrom: a)",256,64,104,0,0,5042,3,4747.045040131
1,"map(tofrom: a)",256,64,104,0,0,5042,4,4851.996898651
1,"map(tofrom: a)",256,64,104,0,0,5042,5,4865.241050720
1,"map(tofrom: a)",256,64,104,0,0,5042,6,4816.496372223
1,"map(tofrom: a)",256,64,104,0,0,5042,7,4856.050014496
1,"map(tofrom: a)",256,64,104,0,0,5042,8,4925.048351288
1,"map(tofrom: a)",256,64,104,0,0,5042,9,4782.354831696
1,"map(tofrom: a)",256,64,104,0,0,1218,0,1540.446281433
1,"map(tofrom: a)",256,64,104,0,0,1218,1,1523.292064667
1,"map(tofrom: a)",256,64,104,0,0,1218,2,1531.898975372
1,"map(tofrom: a)",256,64,104,0,0,1218,3,1536.989212036
1,"map(tofrom: a)",256,64,104,0,0,1218,4,1536.297798157
1,"map(tofrom: a)",256,64,104,0,0,1218,5,1540.756225586
1,"map(tofrom: a)",256,64,104,0,0,1218,6,1540.803909302
1,"map(tofrom: a)",256,64,104,0,0,1218,7,1537.549495697
1,"map(tofrom: a)",256,64,104,0,0,1218,8,1553.452014923
1,"map(tofrom: a)",256,64,104,0,0,1218,9,1494.407653809
1,"map(tofrom: a)",256,64,104,0,0,472,0,872.790813446
1,"map(tofrom: a)",256,64,104,0,0,472,1,875.496864319
1,"map(tofrom: a)",256,64,104,0,0,472,2,869.095325470
1,"map(tofrom: a)",256,64,104,0,0,472,3,872.051715851
1,"map(tofrom: a)",256,64,104,0,0,472,4,877.606868744
1,"map(tofrom: a)",256,64,104,0,0,472,5,869.500637054
1,"map(tofrom: a)",256,64,104,0,0,472,6,881.350040436
1,"map(tofrom: a)",256,64,104,0,0,472,7,873.947143555
1,"map(tofrom: a)",256,64,104,0,0,472,8,876.855850220
1,"map(tofrom: a)",256,64,104,0,0,472,9,878.703594208
1,"map(tofrom: a)",512,64,104,0,0,7,0,471.103191376
1,"map(tofrom: a)",512,64,104,0,0,7,1,472.891330719
1,"map(tofrom: a)",512,64,104,0,0,7,2,472.903251648
1,"map(tofrom: a)",512,64,104,0,0,7,3,472.593307495
1,"map(tofrom: a)",512,64,104,0,0,7,4,472.807884216
1,"map(tofrom: a)",512,64,104,0,0,7,5,472.450256348
1,"map(tofrom: a)",512,64,104,0,0,7,6,472.998619080
1,"map(tofrom: a)",512,64,104,0,0,7,7,472.557544708
1,"map(tofrom: a)",512,64,104,0,0,7,8,472.354888916
1,"map(tofrom: a)",512,64,104,0,0,7,9,472.152233124
1,"map(tofrom: a)",512,64,104,0,0,114,0,565.993785858
1,"map(tofrom: a)",512,64,104,0,0,114,1,563.693046570
1,"map(tofrom: a)",512,64,104,0,0,114,2,567.150115967
1,"map(tofrom: a)",512,64,104,0,0,114,3,565.695762634
1,"map(tofrom: a)",512,64,104,0,0,114,4,565.850734711
1,"map(tofrom: a)",512,64,104,0,0,114,5,566.196441650
1,"map(tofrom: a)",512,64,104,0,0,114,6,565.910339355
1,"map(tofrom: a)",512,64,104,0,0,114,7,566.995143890
1,"map(tofrom: a)",512,64,104,0,0,114,8,567.102432251
1,"map(tofrom: a)",512,64,104,0,0,114,9,566.494464874
1,"map(tofrom: a)",512,64,104,0,0,3,0,469.398498535
1,"map(tofrom: a)",512,64,104,0,0,3,1,469.207763672
1,"map(tofrom: a)",512,64,104,0,0,3,2,469.100475311
1,"map(tofrom: a)",512,64,104,0,0,3,3,469.243526459
1,"map(tofrom: a)",512,64,104,0,0,3,4,469.398498535
1,"map(tofrom: a)",512,64,104,0,0,3,5,469.756126404
1,"map(tofrom: a)",512,64,104,0,0,3,6,469.052791595
1,"map(tofrom: a)",512,64,104,0,0,3,7,469.493865967
1,"map(tofrom: a)",512,64,104,0,0,3,8,468.504428864
1,"map(tofrom: a)",512,64,104,0,0,3,9,469.052791595
1,"map(tofrom: a)",512,64,104,0,0,17,0,482.499599457
1,"map(tofrom: a)",512,64,104,0,0,17,1,482.451915741
1,"map(tofrom: a)",512,64,104,0,0,17,2,482.511520386
1,"map(tofrom: a)",512,64,104,0,0,17,3,482.559204102
1,"map(tofrom: a)",512,64,104,0,0,17,4,483.095645905
1,"map(tofrom: a)",512,64,104,0,0,17,5,481.903553009
1,"map(tofrom: a)",512,64,104,0,0,17,6,482.702255249
1,"map(tofrom: a)",512,64,104,0,0,17,7,481.748580933
1,"map(tofrom: a)",512,64,104,0,0,17,8,483.298301697
1,"map(tofrom: a)",512,64,104,0,0,17,9,482.857227325
1,"map(tofrom: a)",512,64,104,0,0,1,0,468.003749847
1,"map(tofrom: a)",512,64,104,0,0,1,1,468.957424164
1,"map(tofrom: a)",512,64,104,0,0,1,2,467.789173126
1,"map(tofrom: a)",512,64,104,0,0,1,3,467.944145203
1,"map(tofrom: a)",512,64,104,0,0,1,4,468.349456787
1,"map(tofrom: a)",512,64,104,0,0,1,5,469.756126404
1,"map(tofrom: a)",512,64,104,0,0,1,6,468.444824219
1,"map(tofrom: a)",512,64,104,0,0,1,7,468.540191650
1,"map(tofrom: a)",512,64,104,0,0,1,8,467.848777771
1,"map(tofrom: a)",512,64,104,0,0,1,9,468.695163727
1,"map(tofrom: a)",512,64,104,0,0,44,0,504.899024963
1,"map(tofrom: a)",512,64,104,0,0,44,1,505.506992340
1,"map(tofrom: a)",512,64,104,0,0,44,2,508.153438568
1,"map(tofrom: a)",512,64,104,0,0,44,3,505.399703979
1,"map(tofrom: a)",512,64,104,0,0,44,4,507.199764252
1,"map(tofrom: a)",512,64,104,0,0,44,5,506.746768951
1,"map(tofrom: a)",512,64,104,0,0,44,6,505.852699280
1,"map(tofrom: a)",512,64,104,0,0,44,7,506.460666656
1,"map(tofrom: a)",512,64,104,0,0,44,8,507.807731628
1,"map(tofrom: a)",512,64,104,0,0,44,9,505.506992340
1,"map(tofrom: a)",512,64,104,0,0,294,0,727.450847626
1,"map(tofrom: a)",512,64,104,0,0,294,1,723.195075989
1,"map(tofrom: a)",512,64,104,0,0,294,2,725.257396698
1,"map(tofrom: a)",512,64,104,0,0,294,3,726.795196533
1,"map(tofrom: a)",512,64,104,0,0,294,4,725.746154785
1,"map(tofrom: a)",512,64,104,0,0,294,5,727.152824402
1,"map(tofrom: a)",512,64,104,0,0,294,6,727.450847626
1,"map(tofrom: a)",512,64,104,0,0,294,7,726.091861725
1,"map(tofrom: a)",512,64,104,0,0,294,8,730.597972870
1,"map(tofrom: a)",512,64,104,0,0,294,9,715.899467468
1,"map(tofrom: a)",512,64,104,0,0,3140,0,3166.997432709
1,"map(tofrom: a)",512,64,104,0,0,3140,1,3179.848194122
1,"map(tofrom: a)",512,64,104,0,0,3140,2,3143.155574799
1,"map(tofrom: a)",512,64,104,0,0,3140,3,3162.252902985
1,"map(tofrom: a)",512,64,104,0,0,3140,4,3199.243545532
1,"map(tofrom: a)",512,64,104,0,0,3140,5,3142.750263214
1,"map(tofrom: a)",512,64,104,0,0,3140,6,3216.445446014
1,"map(tofrom: a)",512,64,104,0,0,3140,7,3174.304962158
1,"map(tofrom: a)",512,64,104,0,0,3140,8,3192.996978760
1,"map(tofrom: a)",512,64,104,0,0,3140,9,3202.044963837
1,"map(tofrom: a)",512,64,104,0,0,4,0,471.150875092
1,"map(tofrom: a)",512,64,104,0,0,4,1,470.602512360
1,"map(tofrom: a)",512,64,104,0,0,4,2,471.496582031
1,"map(tofrom: a)",512,64,104,0,0,4,3,470.244884491
1,"map(tofrom: a)",512,64,104,0,0,4,4,471.794605255
1,"map(tofrom: a)",512,64,104,0,0,4,5,470.900535583
1,"map(tofrom: a)",512,64,104,0,0,4,6,471.508502960
1,"map(tofrom: a)",512,64,104,0,0,4,7,470.995903015
1,"map(tofrom: a)",512,64,104,0,0,4,8,471.603870392
1,"map(tofrom: a)",512,64,104,0,0,4,9,471.007823944
1,"map(tofrom: a)",512,64,104,0,0,1955,0,2156.758308411
1,"map(tofrom: a)",512,64,104,0,0,1955,1,2111.792564392
1,"map(tofrom: a)",512,64,104,0,0,1955,2,2165.448665619
1,"map(tofrom: a)",512,64,104,0,0,1955,3,2136.552333832
1,"map(tofrom: a)",512,64,104,0,0,1955,4,2146.947383881
1,"map(tofrom: a)",512,64,104,0,0,1955,5,2151.453495026
1,"map(tofrom: a)",512,64,104,0,0,1955,6,2156.400680542
1,"map(tofrom: a)",512,64,104,0,0,1955,7,2157.855033875
1,"map(tofrom: a)",512,64,104,0,0,1955,8,2164.649963379
1,"map(tofrom: a)",512,64,104,0,0,1955,9,2155.041694641
1,"map(tofrom: a)",512,64,104,0,0,183,0,628.650188446
1,"map(tofrom: a)",512,64,104,0,0,183,1,624.191761017
1,"map(tofrom: a)",512,64,104,0,0,183,2,628.602504730
1,"map(tofrom: a)",512,64,104,0,0,183,3,629.198551178
1,"map(tofrom: a)",512,64,104,0,0,183,4,626.397132874
1,"map(tofrom: a)",512,64,104,0,0,183,5,629.603862762
1,"map(tofrom: a)",512,64,104,0,0,183,6,630.104541779
1,"map(tofrom: a)",512,64,104,0,0,183,7,626.945495605
1,"map(tofrom: a)",512,64,104,0,0,183,8,631.999969482
1,"map(tofrom: a)",512,64,104,0,0,183,9,629.806518555
1,"map(tofrom: a)",512,64,104,0,0,8096,0,7502.400875092
1,"map(tofrom: a)",512,64,104,0,0,8096,1,7409.250736237
1,"map(tofrom: a)",512,64,104,0,0,8096,2,7411.348819733
1,"map(tofrom: a)",512,64,104,0,0,8096,3,7452.905178070
1,"map(tofrom: a)",512,64,104,0,0,8096,4,7419.097423553
1,"map(tofrom: a)",512,64,104,0,0,8096,5,7398.450374603
1,"map(tofrom: a)",512,64,104,0,0,8096,6,7553.648948669
1,"map(tofrom: a)",512,64,104,0,0,8096,7,7357.656955719
1,"map(tofrom: a)",512,64,104,0,0,8096,8,7524.645328522
1,"map(tofrom: a)",512,64,104,0,0,8096,9,7547.950744629
1,"map(tofrom: a)",512,64,104,0,0,758,0,1121.354103088
1,"map(tofrom: a)",512,64,104,0,0,758,1,1126.849651337
1,"map(tofrom: a)",512,64,104,0,0,758,2,1135.599613190
1,"map(tofrom: a)",512,64,104,0,0,758,3,1117.050647736
1,"map(tofrom: a)",512,64,104,0,0,758,4,1139.247417450
1,"map(tofrom: a)",512,64,104,0,0,758,5,1128.602027893
1,"map(tofrom: a)",512,64,104,0,0,758,6,1132.357120514
1,"map(tofrom: a)",512,64,104,0,0,758,7,1135.706901550
1,"map(tofrom: a)",512,64,104,0,0,758,8,1135.253906250
1,"map(tofrom: a)",512,64,104,0,0,758,9,1137.244701385
1,"map(tofrom: a)",512,64,104,0,0,71,0,530.445575714
1,"map(tofrom: a)",512,64,104,0,0,71,1,528.395175934
1,"map(tofrom: a)",512,64,104,0,0,71,2,529.396533966
1,"map(tofrom: a)",512,64,104,0,0,71,3,527.191162109
1,"map(tofrom: a)",512,64,104,0,0,71,4,530.457496643
1,"map(tofrom: a)",512,64,104,0,0,71,5,529.301166534
1,"map(tofrom: a)",512,64,104,0,0,71,6,528.252124786
1,"map(tofrom: a)",512,64,104,0,0,71,7,529.646873474
1,"map(tofrom: a)",512,64,104,0,0,71,8,530.695915222
1,"map(tofrom: a)",512,64,104,0,0,71,9,528.609752655
1,"map(tofrom: a)",512,64,104,0,0,2,0,468.349456787
1,"map(tofrom: a)",512,64,104,0,0,2,1,468.301773071
1,"map(tofrom: a)",512,64,104,0,0,2,2,468.540191650
1,"map(tofrom: a)",512,64,104,0,0,2,3,469.291210175
1,"map(tofrom: a)",512,64,104,0,0,2,4,468.003749847
1,"map(tofrom: a)",512,64,104,0,0,2,5,468.099117279
1,"map(tofrom: a)",512,64,104,0,0,2,6,468.957424164
1,"map(tofrom: a)",512,64,104,0,0,2,7,468.504428864
1,"map(tofrom: a)",512,64,104,0,0,2,8,468.802452087
1,"map(tofrom: a)",512,64,104,0,0,2,9,469.398498535
1,"map(tofrom: a)",512,64,104,0,0,11,0,476.598739624
1,"map(tofrom: a)",512,64,104,0,0,11,1,476.658344269
1,"map(tofrom: a)",512,64,104,0,0,11,2,475.049018860
1,"map(tofrom: a)",512,64,104,0,0,11,3,475.752353668
1,"map(tofrom: a)",512,64,104,0,0,11,4,475.740432739
1,"map(tofrom: a)",512,64,104,0,0,11,5,476.193428040
1,"map(tofrom: a)",512,64,104,0,0,11,6,476.551055908
1,"map(tofrom: a)",512,64,104,0,0,11,7,475.358963013
1,"map(tofrom: a)",512,64,104,0,0,11,8,475.609302521
1,"map(tofrom: a)",512,64,104,0,0,11,9,475.752353668
1,"map(tofrom: a)",512,64,104,0,0,28,0,490.844249725
1,"map(tofrom: a)",512,64,104,0,0,28,1,491.499900818
1,"map(tofrom: a)",512,64,104,0,0,28,2,490.999221802
1,"map(tofrom: a)",512,64,104,0,0,28,3,491.499900818
1,"map(tofrom: a)",512,64,104,0,0,28,4,491.499900818
1,"map(tofrom: a)",512,64,104,0,0,28,5,490.605831146
1,"map(tofrom: a)",512,64,104,0,0,28,6,491.654872894
1,"map(tofrom: a)",512,64,104,0,0,28,7,492.048263550
1,"map(tofrom: a)",512,64,104,0,0,28,8,491.392612457
1,"map(tofrom: a)",512,64,104,0,0,28,9,491.940975189
1,"map(tofrom: a)",512,64,104,0,0,5042,0,4971.802234650
1,"map(tofrom: a)",512,64,104,0,0,5042,1,4869.103431702
1,"map(tofrom: a)",512,64,104,0,0,5042,2,4969.406127930
1,"map(tofrom: a)",512,64,104,0,0,5042,3,4777.538776398
1,"map(tofrom: a)",512,64,104,0,0,5042,4,4779.160022736
1,"map(tofrom: a)",512,64,104,0,0,5042,5,4813.396930695
1,"map(tofrom: a)",512,64,104,0,0,5042,6,4805.397987366
1,"map(tofrom: a)",512,64,104,0,0,5042,7,4811.203479767
1,"map(tofrom: a)",512,64,104,0,0,5042,8,4818.451404572
1,"map(tofrom: a)",512,64,104,0,0,5042,9,4811.298847198
1,"map(tofrom: a)",512,64,104,0,0,1218,0,1533.854007721
1,"map(tofrom: a)",512,64,104,0,0,1218,1,1506.900787354
1,"map(tofrom: a)",512,64,104,0,0,1218,2,1529.455184937
1,"map(tofrom: a)",512,64,104,0,0,1218,3,1532.399654388
1,"map(tofrom: a)",512,64,104,0,0,1218,4,1513.457298279
1,"map(tofrom: a)",512,64,104,0,0,1218,5,1529.204845428
1,"map(tofrom: a)",512,64,104,0,0,1218,6,1544.106006622
1,"map(tofrom: a)",512,64,104,0,0,1218,7,1514.005661011
1,"map(tofrom: a)",512,64,104,0,0,1218,8,1549.446582794
1,"map(tofrom: a)",512,64,104,0,0,1218,9,1531.147956848
1,"map(tofrom: a)",512,64,104,0,0,472,0,883.400440216
1,"map(tofrom: a)",512,64,104,0,0,472,1,885.498523712
1,"map(tofrom: a)",512,64,104,0,0,472,2,886.046886444
1,"map(tofrom: a)",512,64,104,0,0,472,3,880.897045135
1,"map(tofrom: a)",512,64,104,0,0,472,4,871.300697327
1,"map(tofrom: a)",512,64,104,0,0,472,5,868.749618530
1,"map(tofrom: a)",512,64,104,0,0,472,6,879.204273224
1,"map(tofrom: a)",512,64,104,0,0,472,7,867.152214050
1,"map(tofrom: a)",512,64,104,0,0,472,8,876.343250275
1,"map(tofrom: a)",512,64,104,0,0,472,9,876.641273499
1,"map(tofrom: a)",1024,64,104,0,0,7,0,471.806526184
1,"map(tofrom: a)",1024,64,104,0,0,7,1,473.392009735
1,"map(tofrom: a)",1024,64,104,0,0,7,2,473.105907440
1,"map(tofrom: a)",1024,64,104,0,0,7,3,473.093986511
1,"map(tofrom: a)",1024,64,104,0,0,7,4,474.047660828
1,"map(tofrom: a)",1024,64,104,0,0,7,5,473.606586456
1,"map(tofrom: a)",1024,64,104,0,0,7,6,472.855567932
1,"map(tofrom: a)",1024,64,104,0,0,7,7,473.141670227
1,"map(tofrom: a)",1024,64,104,0,0,7,8,473.940372467
1,"map(tofrom: a)",1024,64,104,0,0,7,9,473.403930664
1,"map(tofrom: a)",1024,64,104,0,0,114,0,569.558143616
1,"map(tofrom: a)",1024,64,104,0,0,114,1,565.946102142
1,"map(tofrom: a)",1024,64,104,0,0,114,2,567.245483398
1,"map(tofrom: a)",1024,64,104,0,0,114,3,569.748878479
1,"map(tofrom: a)",1024,64,104,0,0,114,4,566.291809082
1,"map(tofrom: a)",1024,64,104,0,0,114,5,567.150115967
1,"map(tofrom: a)",1024,64,104,0,0,114,6,564.956665039
1,"map(tofrom: a)",1024,64,104,0,0,114,7,566.792488098
1,"map(tofrom: a)",1024,64,104,0,0,114,8,567.948818207
1,"map(tofrom: a)",1024,64,104,0,0,114,9,566.196441650
1,"map(tofrom: a)",1024,64,104,0,0,3,0,469.446182251
1,"map(tofrom: a)",1024,64,104,0,0,3,1,469.648838043
1,"map(tofrom: a)",1024,64,104,0,0,3,2,470.197200775
1,"map(tofrom: a)",1024,64,104,0,0,3,3,469.493865967
1,"map(tofrom: a)",1024,64,104,0,0,3,4,469.243526459
1,"map(tofrom: a)",1024,64,104,0,0,3,5,469.648838043
1,"map(tofrom: a)",1024,64,104,0,0,3,6,469.851493835
1,"map(tofrom: a)",1024,64,104,0,0,3,7,469.148159027
1,"map(tofrom: a)",1024,64,104,0,0,3,8,469.601154327
1,"map(tofrom: a)",1024,64,104,0,0,3,9,469.946861267
1,"map(tofrom: a)",1024,64,104,0,0,17,0,483.000278473
1,"map(tofrom: a)",1024,64,104,0,0,17,1,483.548641205
1,"map(tofrom: a)",1024,64,104,0,0,17,2,482.404232025
1,"map(tofrom: a)",1024,64,104,0,0,17,3,482.749938965
1,"map(tofrom: a)",1024,64,104,0,0,17,4,482.654571533
1,"map(tofrom: a)",1024,64,104,0,0,17,5,482.046604156
1,"map(tofrom: a)",1024,64,104,0,0,17,6,482.952594757
1,"map(tofrom: a)",1024,64,104,0,0,17,7,482.547283173
1,"map(tofrom: a)",1024,64,104,0,0,17,8,482.642650604
1,"map(tofrom: a)",1024,64,104,0,0,17,9,482.404232025
1,"map(tofrom: a)",1024,64,104,0,0,1,0,467.908382416
1,"map(tofrom: a)",1024,64,104,0,0,1,1,468.349456787
1,"map(tofrom: a)",1024,64,104,0,0,1,2,468.504428864
1,"map(tofrom: a)",1024,64,104,0,0,1,3,468.790531158
1,"map(tofrom: a)",1024,64,104,0,0,1,4,468.242168427
1,"map(tofrom: a)",1024,64,104,0,0,1,5,468.647480011
1,"map(tofrom: a)",1024,64,104,0,0,1,6,469.505786896
1,"map(tofrom: a)",1024,64,104,0,0,1,7,469.148159027
1,"map(tofrom: a)",1024,64,104,0,0,1,8,468.504428864
1,"map(tofrom: a)",1024,64,104,0,0,1,9,468.957424164
1,"map(tofrom: a)",1024,64,104,0,0,44,0,508.606433868
1,"map(tofrom: a)",1024,64,104,0,0,44,1,506.055355072
1,"map(tofrom: a)",1024,64,104,0,0,44,2,507.998466492
1,"map(tofrom: a)",1024,64,104,0,0,44,3,505.399703979
1,"map(tofrom: a)",1024,64,104,0,0,44,4,505.244731903
1,"map(tofrom: a)",1024,64,104,0,0,44,5,506.150722504
1,"map(tofrom: a)",1024,64,104,0,0,44,6,506.043434143
1,"map(tofrom: a)",1024,64,104,0,0,44,7,505.304336548
1,"map(tofrom: a)",1024,64,104,0,0,44,8,505.542755127
1,"map(tofrom: a)",1024,64,104,0,0,44,9,506.508350372
1,"map(tofrom: a)",1024,64,104,0,0,294,0,725.841522217
1,"map(tofrom: a)",1024,64,104,0,0,294,1,719.749927521
1,"map(tofrom: a)",1024,64,104,0,0,294,2,725.305080414
1,"map(tofrom: a)",1024,64,104,0,0,294,3,725.698471069
1,"map(tofrom: a)",1024,64,104,0,0,294,4,721.108913422
1,"map(tofrom: a)",1024,64,104,0,0,294,5,724.804401398
1,"map(tofrom: a)",1024,64,104,0,0,294,6,728.845596313
1,"map(tofrom: a)",1024,64,104,0,0,294,7,721.395015717
1,"map(tofrom: a)",1024,64,104,0,0,294,8,730.454921722
1,"map(tofrom: a)",1024,64,104,0,0,294,9,724.995136261
1,"map(tofrom: a)",1024,64,104,0,0,3140,0,3236.091136932
1,"map(tofrom: a)",1024,64,104,0,0,3140,1,3245.401382446
1,"map(tofrom: a)",1024,64,104,0,0,3140,2,3254.199028015
1,"map(tofrom: a)",1024,64,104,0,0,3140,3,3217.101097107
1,"map(tofrom: a)",1024,64,104,0,0,3140,4,3154.301643372
1,"map(tofrom: a)",1024,64,104,0,0,3140,5,3137.791156769
1,"map(tofrom: a)",1024,64,104,0,0,3140,6,3204.345703125
1,"map(tofrom: a)",1024,64,104,0,0,3140,7,3124.904632568
1,"map(tofrom: a)",1024,64,104,0,0,3140,8,3184.998035431
1,"map(tofrom: a)",1024,64,104,0,0,3140,9,3188.300132751
1,"map(tofrom: a)",1024,64,104,0,0,4,0,471.401214600
1,"map(tofrom: a)",1024,64,104,0,0,4,1,471.496582031
1,"map(tofrom: a)",1024,64,104,0,0,4,2,470.995903015
1,"map(tofrom: a)",1024,64,104,0,0,4,3,471.341609955
1,"map(tofrom: a)",1024,64,104,0,0,4,4,471.746921539
1,"map(tofrom: a)",1024,64,104,0,0,4,5,471.949577332
1,"map(tofrom: a)",1024,64,104,0,0,4,6,471.854209900
1,"map(tofrom: a)",1024,64,104,0,0,4,7,471.448898315
1,"map(tofrom: a)",1024,64,104,0,0,4,8,471.842288971
1,"map(tofrom: a)",1024,64,104,0,0,4,9,471.651554108
1,"map(tofrom: a)",1024,64,104,0,0,1955,0,2187.895774841
1,"map(tofrom: a)",1024,64,104,0,0,1955,1,2175.498008728
1,"map(tofrom: a)",1024,64,104,0,0,1955,2,2218.604087830
1,"map(tofrom: a)",1024,64,104,0,0,1955,3,2178.299427032
1,"map(tofrom: a)",1024,64,104,0,0,1955,4,2165.699005127
1,"map(tofrom: a)",1024,64,104,0,0,1955,5,2147.901058197
1,"map(tofrom: a)",1024,64,104,0,0,1955,6,2127.552032471
1,"map(tofrom: a)",1024,64,104,0,0,1955,7,2146.542072296
1,"map(tofrom: a)",1024,64,104,0,0,1955,8,2164.101600647
1,"map(tofrom: a)",1024,64,104,0,0,1955,9,2122.890949249
1,"map(tofrom: a)",1024,64,104,0,0,183,0,628.352165222
1,"map(tofrom: a)",1024,64,104,0,0,183,1,626.099109650
1,"map(tofrom: a)",1024,64,104,0,0,183,2,626.695156097
1,"map(tofrom: a)",1024,64,104,0,0,183,3,628.149509430
1,"map(tofrom: a)",1024,64,104,0,0,183,4,627.100467682
1,"map(tofrom: a)",1024,64,104,0,0,183,5,627.648830414
1,"map(tofrom: a)",1024,64,104,0,0,183,6,628.101825714
1,"map(tofrom: a)",1024,64,104,0,0,183,7,625.896453857
1,"map(tofrom: a)",1024,64,104,0,0,183,8,630.843639374
1,"map(tofrom: a)",1024,64,104,0,0,183,9,626.397132874
1,"map(tofrom: a)",1024,64,104,0,0,8096,0,7635.653018951
1,"map(tofrom: a)",1024,64,104,0,0,8096,1,7649.743556976
1,"map(tofrom: a)",1024,64,104,0,0,8096,2,7554.805278778
1,"map(tofrom: a)",1024,64,104,0,0,8096,3,7646.298408508
1,"map(tofrom: a)",1024,64,104,0,0,8096,4,7731.699943542
1,"map(tofrom: a)",1024,64,104,0,0,8096,5,7364.547252655
1,"map(tofrom: a)",1024,64,104,0,0,8096,6,7483.541965485
1,"map(tofrom: a)",1024,64,104,0,0,8096,7,7398.951053619
1,"map(tofrom: a)",1024,64,104,0,0,8096,8,7441.151142120
1,"map(tofrom: a)",1024,64,104,0,0,8096,9,7425.999641418
1,"map(tofrom: a)",1024,64,104,0,0,758,0,1119.053363800
1,"map(tofrom: a)",1024,64,104,0,0,758,1,1122.939586639
1,"map(tofrom: a)",1024,64,104,0,0,758,2,1123.344898224
1,"map(tofrom: a)",1024,64,104,0,0,758,3,1120.603084564
1,"map(tofrom: a)",1024,64,104,0,0,758,4,1134.598255157
1,"map(tofrom: a)",1024,64,104,0,0,758,5,1118.206977844
1,"map(tofrom: a)",1024,64,104,0,0,758,6,1128.149032593
1,"map(tofrom: a)",1024,64,104,0,0,758,7,1132.249832153
1,"map(tofrom: a)",1024,64,104,0,0,758,8,1122.748851776
1,"map(tofrom: a)",1024,64,104,0,0,758,9,1132.345199585
1,"map(tofrom: a)",1024,64,104,0,0,71,0,531.792640686
1,"map(tofrom: a)",1024,64,104,0,0,71,1,529.992580414
1,"map(tofrom: a)",1024,64,104,0,0,71,2,531.852245331
1,"map(tofrom: a)",1024,64,104,0,0,71,3,531.351566315
1,"map(tofrom: a)",1024,64,104,0,0,71,4,530.993938446
1,"map(tofrom: a)",1024,64,104,0,0,71,5,531.899929047
1,"map(tofrom: a)",1024,64,104,0,0,71,6,528.705120087
1,"map(tofrom: a)",1024,64,104,0,0,71,7,529.348850250
1,"map(tofrom: a)",1024,64,104,0,0,71,8,528.955459595
1,"map(tofrom: a)",1024,64,104,0,0,71,9,530.004501343
1,"map(tofrom: a)",1024,64,104,0,0,2,0,468.647480011
1,"map(tofrom: a)",1024,64,104,0,0,2,1,468.397140503
1,"map(tofrom: a)",1024,64,104,0,0,2,2,468.492507935
1,"map(tofrom: a)",1024,64,104,0,0,2,3,468.599796295
1,"map(tofrom: a)",1024,64,104,0,0,2,4,468.957424164
1,"map(tofrom: a)",1024,64,104,0,0,2,5,468.349456787
1,"map(tofrom: a)",1024,64,104,0,0,2,6,468.850135803
1,"map(tofrom: a)",1024,64,104,0,0,2,7,468.349456787
1,"map(tofrom: a)",1024,64,104,0,0,2,8,469.100475311
1,"map(tofrom: a)",1024,64,104,0,0,2,9,469.160079956
1,"map(tofrom: a)",1024,64,104,0,0,11,0,477.349758148
1,"map(tofrom: a)",1024,64,104,0,0,11,1,477.600097656
1,"map(tofrom: a)",1024,64,104,0,0,11,2,476.396083832
1,"map(tofrom: a)",1024,64,104,0,0,11,3,477.099418640
1,"map(tofrom: a)",1024,64,104,0,0,11,4,477.898120880
1,"map(tofrom: a)",1024,64,104,0,0,11,5,477.290153503
1,"map(tofrom: a)",1024,64,104,0,0,11,6,477.743148804
1,"map(tofrom: a)",1024,64,104,0,0,11,7,476.050376892
1,"map(tofrom: a)",1024,64,104,0,0,11,8,476.753711700
1,"map(tofrom: a)",1024,64,104,0,0,11,9,476.551055908
1,"map(tofrom: a)",1024,64,104,0,0,28,0,491.249561310
1,"map(tofrom: a)",1024,64,104,0,0,28,1,491.845607758
1,"map(tofrom: a)",1024,64,104,0,0,28,2,491.499900818
1,"map(tofrom: a)",1024,64,104,0,0,28,3,491.607189178
1,"map(tofrom: a)",1024,64,104,0,0,28,4,493.097305298
1,"map(tofrom: a)",1024,64,104,0,0,28,5,491.905212402
1,"map(tofrom: a)",1024,64,104,0,0,28,6,491.499900818
1,"map(tofrom: a)",1024,64,104,0,0,28,7,491.940975189
1,"map(tofrom: a)",1024,64,104,0,0,28,8,492.358207703
1,"map(tofrom: a)",1024,64,104,0,0,28,9,492.691993713
1,"map(tofrom: a)",1024,64,104,0,0,5042,0,4888.391494751
1,"map(tofrom: a)",1024,64,104,0,0,5042,1,4849.660396576
1,"map(tofrom: a)",1024,64,104,0,0,5042,2,4971.301555634
1,"map(tofrom: a)",1024,64,104,0,0,5042,3,4860.210418701
1,"map(tofrom: a)",1024,64,104,0,0,5042,4,4933.500289917
1,"map(tofrom: a)",1024,64,104,0,0,5042,5,4961.049556732
1,"map(tofrom: a)",1024,64,104,0,0,5042,6,4903.793334961
1,"map(tofrom: a)",1024,64,104,0,0,5042,7,4885.601997375
1,"map(tofrom: a)",1024,64,104,0,0,5042,8,4835.045337677
1,"map(tofrom: a)",1024,64,104,0,0,5042,9,4725.658893585
1,"map(tofrom: a)",1024,64,104,0,0,1218,0,1525.151729584
1,"map(tofrom: a)",1024,64,104,0,0,1218,1,1508.498191833
1,"map(tofrom: a)",1024,64,104,0,0,1218,2,1511.645317078
1,"map(tofrom: a)",1024,64,104,0,0,1218,3,1516.151428223
1,"map(tofrom: a)",1024,64,104,0,0,1218,4,1517.796516418
1,"map(tofrom: a)",1024,64,104,0,0,1218,5,1521.801948547
1,"map(tofrom: a)",1024,64,104,0,0,1218,6,1525.497436523
1,"map(tofrom: a)",1024,64,104,0,0,1218,7,1519.501209259
1,"map(tofrom: a)",1024,64,104,0,0,1218,8,1538.896560669
1,"map(tofrom: a)",1024,64,104,0,0,1218,9,1509.940624237
1,"map(tofrom: a)",1024,64,104,0,0,472,0,881.803035736
1,"map(tofrom: a)",1024,64,104,0,0,472,1,883.698463440
1,"map(tofrom: a)",1024,64,104,0,0,472,2,877.249240875
1,"map(tofrom: a)",1024,64,104,0,0,472,3,883.853435516
1,"map(tofrom: a)",1024,64,104,0,0,472,4,887.799263000
1,"map(tofrom: a)",1024,64,104,0,0,472,5,878.095626831
1,"map(tofrom: a)",1024,64,104,0,0,472,6,890.004634857
1,"map(tofrom: a)",1024,64,104,0,0,472,7,884.795188904
1,"map(tofrom: a)",1024,64,104,0,0,472,8,878.655910492
1,"map(tofrom: a)",1024,64,104,0,0,472,9,870.943069458
1,"map(tofrom: a)",2048,64,104,0,0,7,0,472.640991211
1,"map(tofrom: a)",2048,64,104,0,0,7,1,474.095344543
1,"map(tofrom: a)",2048,64,104,0,0,7,2,473.248958588
1,"map(tofrom: a)",2048,64,104,0,0,7,3,473.594665527
1,"map(tofrom: a)",2048,64,104,0,0,7,4,473.999977112
1,"map(tofrom: a)",2048,64,104,0,0,7,5,474.250316620
1,"map(tofrom: a)",2048,64,104,0,0,7,6,473.904609680
1,"map(tofrom: a)",2048,64,104,0,0,7,7,473.856925964
1,"map(tofrom: a)",2048,64,104,0,0,7,8,473.594665527
1,"map(tofrom: a)",2048,64,104,0,0,7,9,803.148746490
1,"map(tofrom: a)",2048,64,104,0,0,114,0,571.203231812
1,"map(tofrom: a)",2048,64,104,0,0,114,1,567.197799683
1,"map(tofrom: a)",2048,64,104,0,0,114,2,571.203231812
1,"map(tofrom: a)",2048,64,104,0,0,114,3,569.498538971
1,"map(tofrom: a)",2048,64,104,0,0,114,4,570.201873779
1,"map(tofrom: a)",2048,64,104,0,0,114,5,570.297241211
1,"map(tofrom: a)",2048,64,104,0,0,114,6,566.256046295
1,"map(tofrom: a)",2048,64,104,0,0,114,7,566.506385803
1,"map(tofrom: a)",2048,64,104,0,0,114,8,567.293167114
1,"map(tofrom: a)",2048,64,104,0,0,114,9,567.197799683
1,"map(tofrom: a)",2048,64,104,0,0,3,0,471.043586731
1,"map(tofrom: a)",2048,64,104,0,0,3,1,470.340251923
1,"map(tofrom: a)",2048,64,104,0,0,3,2,470.101833344
1,"map(tofrom: a)",2048,64,104,0,0,3,3,470.602512360
1,"map(tofrom: a)",2048,64,104,0,0,3,4,471.305847168
1,"map(tofrom: a)",2048,64,104,0,0,3,5,470.852851868
1,"map(tofrom: a)",2048,64,104,0,0,3,6,470.447540283
1,"map(tofrom: a)",2048,64,104,0,0,3,7,470.590591431
1,"map(tofrom: a)",2048,64,104,0,0,3,8,470.900535583
1,"map(tofrom: a)",2048,64,104,0,0,3,9,471.007823944
1,"map(tofrom: a)",2048,64,104,0,0,17,0,484.848022461
1,"map(tofrom: a)",2048,64,104,0,0,17,1,484.502315521
1,"map(tofrom: a)",2048,64,104,0,0,17,2,483.953952789
1,"map(tofrom: a)",2048,64,104,0,0,17,3,484.299659729
1,"map(tofrom: a)",2048,64,104,0,0,17,4,484.144687653
1,"map(tofrom: a)",2048,64,104,0,0,17,5,484.454631805
1,"map(tofrom: a)",2048,64,104,0,0,17,6,484.395027161
1,"map(tofrom: a)",2048,64,104,0,0,17,7,483.953952789
1,"map(tofrom: a)",2048,64,104,0,0,17,8,483.798980713
1,"map(tofrom: a)",2048,64,104,0,0,17,9,484.204292297
1,"map(tofrom: a)",2048,64,104,0,0,1,0,469.088554382
1,"map(tofrom: a)",2048,64,104,0,0,1,1,470.042228699
1,"map(tofrom: a)",2048,64,104,0,0,1,2,469.291210175
1,"map(tofrom: a)",2048,64,104,0,0,1,3,469.958782196
1,"map(tofrom: a)",2048,64,104,0,0,1,4,469.243526459
1,"map(tofrom: a)",2048,64,104,0,0,1,5,469.791889191
1,"map(tofrom: a)",2048,64,104,0,0,1,6,469.100475311
1,"map(tofrom: a)",2048,64,104,0,0,1,7,469.744205475
1,"map(tofrom: a)",2048,64,104,0,0,1,8,469.744205475
1,"map(tofrom: a)",2048,64,104,0,0,1,9,470.244884491
1,"map(tofrom: a)",2048,64,104,0,0,44,0,508.403778076
1,"map(tofrom: a)",2048,64,104,0,0,44,1,507.998466492
1,"map(tofrom: a)",2048,64,104,0,0,44,2,509.047508240
1,"map(tofrom: a)",2048,64,104,0,0,44,3,507.247447968
1,"map(tofrom: a)",2048,64,104,0,0,44,4,508.296489716
1,"map(tofrom: a)",2048,64,104,0,0,44,5,508.654117584
1,"map(tofrom: a)",2048,64,104,0,0,44,6,507.545471191
1,"map(tofrom: a)",2048,64,104,0,0,44,7,508.105754852
1,"map(tofrom: a)",2048,64,104,0,0,44,8,506.842136383
1,"map(tofrom: a)",2048,64,104,0,0,44,9,505.459308624
1,"map(tofrom: a)",2048,64,104,0,0,294,0,724.697113037
1,"map(tofrom: a)",2048,64,104,0,0,294,1,720.191001892
1,"map(tofrom: a)",2048,64,104,0,0,294,2,720.500946045
1,"map(tofrom: a)",2048,64,104,0,0,294,3,722.455978394
1,"map(tofrom: a)",2048,64,104,0,0,294,4,722.444057465
1,"map(tofrom: a)",2048,64,104,0,0,294,5,723.493099213
1,"map(tofrom: a)",2048,64,104,0,0,294,6,724.506378174
1,"map(tofrom: a)",2048,64,104,0,0,294,7,721.955299377
1,"map(tofrom: a)",2048,64,104,0,0,294,8,727.999210358
1,"map(tofrom: a)",2048,64,104,0,0,294,9,720.596313477
1,"map(tofrom: a)",2048,64,104,0,0,3140,0,3218.698501587
1,"map(tofrom: a)",2048,64,104,0,0,3140,1,3230.798244476
1,"map(tofrom: a)",2048,64,104,0,0,3140,2,3193.354606628
1,"map(tofrom: a)",2048,64,104,0,0,3140,3,3234.505653381
1,"map(tofrom: a)",2048,64,104,0,0,3140,4,3259.146213531
1,"map(tofrom: a)",2048,64,104,0,0,3140,5,3194.642066956
1,"map(tofrom: a)",2048,64,104,0,0,3140,6,3274.941444397
1,"map(tofrom: a)",2048,64,104,0,0,3140,7,3240.454196930
1,"map(tofrom: a)",2048,64,104,0,0,3140,8,3199.255466461
1,"map(tofrom: a)",2048,64,104,0,0,3140,9,3153.157234192
1,"map(tofrom: a)",2048,64,104,0,0,4,0,471.699237823
1,"map(tofrom: a)",2048,64,104,0,0,4,1,471.842288971
1,"map(tofrom: a)",2048,64,104,0,0,4,2,472.199916840
1,"map(tofrom: a)",2048,64,104,0,0,4,3,471.401214600
1,"map(tofrom: a)",2048,64,104,0,0,4,4,472.152233124
1,"map(tofrom: a)",2048,64,104,0,0,4,5,471.949577332
1,"map(tofrom: a)",2048,64,104,0,0,4,6,471.556186676
1,"map(tofrom: a)",2048,64,104,0,0,4,7,472.402572632
1,"map(tofrom: a)",2048,64,104,0,0,4,8,471.901893616
1,"map(tofrom: a)",2048,64,104,0,0,4,9,472.390651703
1,"map(tofrom: a)",2048,64,104,0,0,1955,0,2188.050746918
1,"map(tofrom: a)",2048,64,104,0,0,1955,1,2142.500877380
1,"map(tofrom: a)",2048,64,104,0,0,1955,2,2199.804782867
1,"map(tofrom: a)",2048,64,104,0,0,1955,3,2172.255516052
1,"map(tofrom: a)",2048,64,104,0,0,1955,4,2180.540561676
1,"map(tofrom: a)",2048,64,104,0,0,1955,5,2189.350128174
1,"map(tofrom: a)",2048,64,104,0,0,1955,6,2186.942100525
1,"map(tofrom: a)",2048,64,104,0,0,1955,7,2197.396755219
1,"map(tofrom: a)",2048,64,104,0,0,1955,8,2199.900150299
1,"map(tofrom: a)",2048,64,104,0,0,1955,9,2134.358882904
1,"map(tofrom: a)",2048,64,104,0,0,183,0,627.493858337
1,"map(tofrom: a)",2048,64,104,0,0,183,1,623.595714569
1,"map(tofrom: a)",2048,64,104,0,0,183,2,627.100467682
1,"map(tofrom: a)",2048,64,104,0,0,183,3,626.492500305
1,"map(tofrom: a)",2048,64,104,0,0,183,4,624.990463257
1,"map(tofrom: a)",2048,64,104,0,0,183,5,626.850128174
1,"map(tofrom: a)",2048,64,104,0,0,183,6,629.353523254
1,"map(tofrom: a)",2048,64,104,0,0,183,7,624.942779541
1,"map(tofrom: a)",2048,64,104,0,0,183,8,629.293918610
1,"map(tofrom: a)",2048,64,104,0,0,183,9,627.100467682
1,"map(tofrom: a)",2048,64,104,0,0,8096,0,7511.746883392
1,"map(tofrom: a)",2048,64,104,0,0,8096,1,7535.898685455
1,"map(tofrom: a)",2048,64,104,0,0,8096,2,7533.442974091
1,"map(tofrom: a)",2048,64,104,0,0,8096,3,7571.101188660
1,"map(tofrom: a)",2048,64,104,0,0,8096,4,7585.847377777
1,"map(tofrom: a)",2048,64,104,0,0,8096,5,7534.646987915
1,"map(tofrom: a)",2048,64,104,0,0,8096,6,7698.595523834
1,"map(tofrom: a)",2048,64,104,0,0,8096,7,7537.198066711
1,"map(tofrom: a)",2048,64,104,0,0,8096,8,7682.108879089
1,"map(tofrom: a)",2048,64,104,0,0,8096,9,7707.798480988
1,"map(tofrom: a)",2048,64,104,0,0,758,0,1111.352443695
1,"map(tofrom: a)",2048,64,104,0,0,758,1,1118.254661560
1,"map(tofrom: a)",2048,64,104,0,0,758,2,1125.442981720
1,"map(tofrom: a)",2048,64,104,0,0,758,3,1111.853122711
1,"map(tofrom: a)",2048,64,104,0,0,758,4,1126.742362976
1,"map(tofrom: a)",2048,64,104,0,0,758,5,1117.002964020
1,"map(tofrom: a)",2048,64,104,0,0,758,6,1122.653484344
1,"map(tofrom: a)",2048,64,104,0,0,758,7,1123.607158661
1,"map(tofrom: a)",2048,64,104,0,0,758,8,1124.548912048
1,"map(tofrom: a)",2048,64,104,0,0,758,9,1126.551628113
1,"map(tofrom: a)",2048,64,104,0,0,71,0,531.649589539
1,"map(tofrom: a)",2048,64,104,0,0,71,1,530.350208282
1,"map(tofrom: a)",2048,64,104,0,0,71,2,532.698631287
1,"map(tofrom: a)",2048,64,104,0,0,71,3,535.452365875
1,"map(tofrom: a)",2048,64,104,0,0,71,4,533.199310303
1,"map(tofrom: a)",2048,64,104,0,0,71,5,532.400608063
1,"map(tofrom: a)",2048,64,104,0,0,71,6,530.600547791
1,"map(tofrom: a)",2048,64,104,0,0,71,7,531.995296478
1,"map(tofrom: a)",2048,64,104,0,0,71,8,532.841682434
1,"map(tofrom: a)",2048,64,104,0,0,71,9,530.850887299
1,"map(tofrom: a)",2048,64,104,0,0,2,0,470.352172852
1,"map(tofrom: a)",2048,64,104,0,0,2,1,469.660758972
1,"map(tofrom: a)",2048,64,104,0,0,2,2,470.101833344
1,"map(tofrom: a)",2048,64,104,0,0,2,3,469.696521759
1,"map(tofrom: a)",2048,64,104,0,0,2,4,469.756126404
1,"map(tofrom: a)",2048,64,104,0,0,2,5,469.899177551
1,"map(tofrom: a)",2048,64,104,0,0,2,6,469.100475311
1,"map(tofrom: a)",2048,64,104,0,0,2,7,469.708442688
1,"map(tofrom: a)",2048,64,104,0,0,2,8,470.149517059
1,"map(tofrom: a)",2048,64,104,0,0,2,9,469.255447388
1,"map(tofrom: a)",2048,64,104,0,0,11,0,477.147102356
1,"map(tofrom: a)",2048,64,104,0,0,11,1,477.850437164
1,"map(tofrom: a)",2048,64,104,0,0,11,2,476.944446564
1,"map(tofrom: a)",2048,64,104,0,0,11,3,477.302074432
1,"map(tofrom: a)",2048,64,104,0,0,11,4,477.445125580
1,"map(tofrom: a)",2048,64,104,0,0,11,5,477.254390717
1,"map(tofrom: a)",2048,64,104,0,0,11,6,478.005409241
1,"map(tofrom: a)",2048,64,104,0,0,11,7,477.349758148
1,"map(tofrom: a)",2048,64,104,0,0,11,8,477.349758148
1,"map(tofrom: a)",2048,64,104,0,0,11,9,477.850437164
1,"map(tofrom: a)",2048,64,104,0,0,28,0,493.443012238
1,"map(tofrom: a)",2048,64,104,0,0,28,1,493.252277374
1,"map(tofrom: a)",2048,64,104,0,0,28,2,492.203235626
1,"map(tofrom: a)",2048,64,104,0,0,28,3,490.951538086
1,"map(tofrom: a)",2048,64,104,0,0,28,4,492.501258850
1,"map(tofrom: a)",2048,64,104,0,0,28,5,491.344928741
1,"map(tofrom: a)",2048,64,104,0,0,28,6,491.893291473
1,"map(tofrom: a)",2048,64,104,0,0,28,7,492.203235626
1,"map(tofrom: a)",2048,64,104,0,0,28,8,491.499900818
1,"map(tofrom: a)",2048,64,104,0,0,28,9,492.346286774
1,"map(tofrom: a)",2048,64,104,0,0,5042,0,4905.295372009
1,"map(tofrom: a)",2048,64,104,0,0,5042,1,4798.591136932
1,"map(tofrom: a)",2048,64,104,0,0,5042,2,4911.196231842
1,"map(tofrom: a)",2048,64,104,0,0,5042,3,4838.597774506
1,"map(tofrom: a)",2048,64,104,0,0,5042,4,4871.547222137
1,"map(tofrom: a)",2048,64,104,0,0,5042,5,4897.451400757
1,"map(tofrom: a)",2048,64,104,0,0,5042,6,4885.351657867
1,"map(tofrom: a)",2048,64,104,0,0,5042,7,4914.605617523
1,"map(tofrom: a)",2048,64,104,0,0,5042,8,4915.797710419
1,"map(tofrom: a)",2048,64,104,0,0,5042,9,4880.702495575
1,"map(tofrom: a)",2048,64,104,0,0,1218,0,1558.351516724
1,"map(tofrom: a)",2048,64,104,0,0,1218,1,1533.198356628
1,"map(tofrom: a)",2048,64,104,0,0,1218,2,1525.902748108
1,"map(tofrom: a)",2048,64,104,0,0,1218,3,1514.899730682
1,"map(tofrom: a)",2048,64,104,0,0,1218,4,1501.750946045
1,"map(tofrom: a)",2048,64,104,0,0,1218,5,1512.551307678
1,"map(tofrom: a)",2048,64,104,0,0,1218,6,1523.005962372
1,"map(tofrom: a)",2048,64,104,0,0,1218,7,1499.450206757
1,"map(tofrom: a)",2048,64,104,0,0,1218,8,1528.298854828
1,"map(tofrom: a)",2048,64,104,0,0,1218,9,1515.352725983
1,"map(tofrom: a)",2048,64,104,0,0,472,0,877.153873444
1,"map(tofrom: a)",2048,64,104,0,0,472,1,879.096984863
1,"map(tofrom: a)",2048,64,104,0,0,472,2,878.095626831
1,"map(tofrom: a)",2048,64,104,0,0,472,3,879.347324371
1,"map(tofrom: a)",2048,64,104,0,0,472,4,879.549980164
1,"map(tofrom: a)",2048,64,104,0,0,472,5,877.058506012
1,"map(tofrom: a)",2048,64,104,0,0,472,6,888.156890869
1,"map(tofrom: a)",2048,64,104,0,0,472,7,876.748561859
1,"map(tofrom: a)",2048,64,104,0,0,472,8,885.999202728
1,"map(tofrom: a)",2048,64,104,0,0,472,9,886.547565460
1,"map(tofrom: a)",4096,64,104,0,0,7,0,471.198558807
1,"map(tofrom: a)",4096,64,104,0,0,7,1,473.546981812
1,"map(tofrom: a)",4096,64,104,0,0,7,2,473.356246948
1,"map(tofrom: a)",4096,64,104,0,0,7,3,472.939014435
1,"map(tofrom: a)",4096,64,104,0,0,7,4,473.296642303
1,"map(tofrom: a)",4096,64,104,0,0,7,5,472.402572632
1,"map(tofrom: a)",4096,64,104,0,0,7,6,473.403930664
1,"map(tofrom: a)",4096,64,104,0,0,7,7,473.499298096
1,"map(tofrom: a)",4096,64,104,0,0,7,8,473.701953888
1,"map(tofrom: a)",4096,64,104,0,0,7,9,473.105907440
1,"map(tofrom: a)",4096,64,104,0,0,114,0,567.448139191
1,"map(tofrom: a)",4096,64,104,0,0,114,1,569.355487823
1,"map(tofrom: a)",4096,64,104,0,0,114,2,569.999217987
1,"map(tofrom: a)",4096,64,104,0,0,114,3,566.196441650
1,"map(tofrom: a)",4096,64,104,0,0,114,4,568.652153015
1,"map(tofrom: a)",4096,64,104,0,0,114,5,569.188594818
1,"map(tofrom: a)",4096,64,104,0,0,114,6,567.054748535
1,"map(tofrom: a)",4096,64,104,0,0,114,7,568.652153015
1,"map(tofrom: a)",4096,64,104,0,0,114,8,571.000576019
1,"map(tofrom: a)",4096,64,104,0,0,114,9,567.102432251
1,"map(tofrom: a)",4096,64,104,0,0,3,0,469.803810120
1,"map(tofrom: a)",4096,64,104,0,0,3,1,469.350814819
1,"map(tofrom: a)",4096,64,104,0,0,3,2,468.957424164
1,"map(tofrom: a)",4096,64,104,0,0,3,3,469.100475311
1,"map(tofrom: a)",4096,64,104,0,0,3,4,470.149517059
1,"map(tofrom: a)",4096,64,104,0,0,3,5,470.209121704
1,"map(tofrom: a)",4096,64,104,0,0,3,6,469.052791595
1,"map(tofrom: a)",4096,64,104,0,0,3,7,469.398498535
1,"map(tofrom: a)",4096,64,104,0,0,3,8,469.505786896
1,"map(tofrom: a)",4096,64,104,0,0,3,9,470.149517059
1,"map(tofrom: a)",4096,64,104,0,0,17,0,482.904911041
1,"map(tofrom: a)",4096,64,104,0,0,17,1,484.144687653
1,"map(tofrom: a)",4096,64,104,0,0,17,2,482.749938965
1,"map(tofrom: a)",4096,64,104,0,0,17,3,483.107566833
1,"map(tofrom: a)",4096,64,104,0,0,17,4,483.202934265
1,"map(tofrom: a)",4096,64,104,0,0,17,5,482.749938965
1,"map(tofrom: a)",4096,64,104,0,0,17,6,484.049320221
1,"map(tofrom: a)",4096,64,104,0,0,17,7,483.310222626
1,"map(tofrom: a)",4096,64,104,0,0,17,8,483.453273773
1,"map(tofrom: a)",4096,64,104,0,0,17,9,484.061241150
1,"map(tofrom: a)",4096,64,104,0,0,1,0,468.349456787
1,"map(tofrom: a)",4096,64,104,0,0,1,1,468.957424164
1,"map(tofrom: a)",4096,64,104,0,0,1,2,468.051433563
1,"map(tofrom: a)",4096,64,104,0,0,1,3,468.301773071
1,"map(tofrom: a)",4096,64,104,0,0,1,4,468.301773071
1,"map(tofrom: a)",4096,64,104,0,0,1,5,468.897819519
1,"map(tofrom: a)",4096,64,104,0,0,1,6,468.599796295
1,"map(tofrom: a)",4096,64,104,0,0,1,7,467.956066132
1,"map(tofrom: a)",4096,64,104,0,0,1,8,469.052791595
1,"map(tofrom: a)",4096,64,104,0,0,1,9,468.397140503
1,"map(tofrom: a)",4096,64,104,0,0,44,0,506.746768951
1,"map(tofrom: a)",4096,64,104,0,0,44,1,505.352020264
1,"map(tofrom: a)",4096,64,104,0,0,44,2,506.949424744
1,"map(tofrom: a)",4096,64,104,0,0,44,3,506.246089935
1,"map(tofrom: a)",4096,64,104,0,0,44,4,506.758689880
1,"map(tofrom: a)",4096,64,104,0,0,44,5,506.854057312
1,"map(tofrom: a)",4096,64,104,0,0,44,6,506.591796875
1,"map(tofrom: a)",4096,64,104,0,0,44,7,507.104396820
1,"map(tofrom: a)",4096,64,104,0,0,44,8,507.354736328
1,"map(tofrom: a)",4096,64,104,0,0,44,9,507.199764252
1,"map(tofrom: a)",4096,64,104,0,0,294,0,731.849670410
1,"map(tofrom: a)",4096,64,104,0,0,294,1,725.507736206
1,"map(tofrom: a)",4096,64,104,0,0,294,2,724.148750305
1,"map(tofrom: a)",4096,64,104,0,0,294,3,720.858573914
1,"map(tofrom: a)",4096,64,104,0,0,294,4,717.949867249
1,"map(tofrom: a)",4096,64,104,0,0,294,5,720.751285553
1,"map(tofrom: a)",4096,64,104,0,0,294,6,722.897052765
1,"map(tofrom: a)",4096,64,104,0,0,294,7,716.948509216
1,"map(tofrom: a)",4096,64,104,0,0,294,8,724.446773529
1,"map(tofrom: a)",4096,64,104,0,0,294,9,721.299648285
1,"map(tofrom: a)",4096,64,104,0,0,3140,0,3189.051151276
1,"map(tofrom: a)",4096,64,104,0,0,3140,1,3198.242187500
1,"map(tofrom: a)",4096,64,104,0,0,3140,2,3190.898895264
1,"map(tofrom: a)",4096,64,104,0,0,3140,3,3200.101852417
1,"map(tofrom: a)",4096,64,104,0,0,3140,4,3202.092647552
1,"map(tofrom: a)",4096,64,104,0,0,3140,5,3181.946277618
1,"map(tofrom: a)",4096,64,104,0,0,3140,6,3255.701065063
1,"map(tofrom: a)",4096,64,104,0,0,3140,7,3181.660175323
1,"map(tofrom: a)",4096,64,104,0,0,3140,8,3243.553638458
1,"map(tofrom: a)",4096,64,104,0,0,3140,9,3246.200084686
1,"map(tofrom: a)",4096,64,104,0,0,4,0,471.639633179
1,"map(tofrom: a)",4096,64,104,0,0,4,1,471.591949463
1,"map(tofrom: a)",4096,64,104,0,0,4,2,471.448898315
1,"map(tofrom: a)",4096,64,104,0,0,4,3,471.091270447
1,"map(tofrom: a)",4096,64,104,0,0,4,4,470.852851868
1,"map(tofrom: a)",4096,64,104,0,0,4,5,471.353530884
1,"map(tofrom: a)",4096,64,104,0,0,4,6,471.889972687
1,"map(tofrom: a)",4096,64,104,0,0,4,7,471.448898315
1,"map(tofrom: a)",4096,64,104,0,0,4,8,471.091270447
1,"map(tofrom: a)",4096,64,104,0,0,4,9,471.603870392
1,"map(tofrom: a)",4096,64,104,0,0,1955,0,2156.090736389
1,"map(tofrom: a)",4096,64,104,0,0,1955,1,2149.891853333
1,"map(tofrom: a)",4096,64,104,0,0,1955,2,2185.845375061
1,"map(tofrom: a)",4096,64,104,0,0,1955,3,2146.542072296
1,"map(tofrom: a)",4096,64,104,0,0,1955,4,2171.659469604
1,"map(tofrom: a)",4096,64,104,0,0,1955,5,2180.647850037
1,"map(tofrom: a)",4096,64,104,0,0,1955,6,2154.791355133
1,"map(tofrom: a)",4096,64,104,0,0,1955,7,2180.051803589
1,"map(tofrom: a)",4096,64,104,0,0,1955,8,2199.852466583
1,"map(tofrom: a)",4096,64,104,0,0,1955,9,2155.447006226
1,"map(tofrom: a)",4096,64,104,0,0,183,0,631.642341614
1,"map(tofrom: a)",4096,64,104,0,0,183,1,630.199909210
1,"map(tofrom: a)",4096,64,104,0,0,183,2,629.854202271
1,"map(tofrom: a)",4096,64,104,0,0,183,3,630.807876587
1,"map(tofrom: a)",4096,64,104,0,0,183,4,624.859333038
1,"map(tofrom: a)",4096,64,104,0,0,183,5,624.644756317
1,"map(tofrom: a)",4096,64,104,0,0,183,6,624.954700470
1,"map(tofrom: a)",4096,64,104,0,0,183,7,623.953342438
1,"map(tofrom: a)",4096,64,104,0,0,183,8,627.851486206
1,"map(tofrom: a)",4096,64,104,0,0,183,9,623.559951782
1,"map(tofrom: a)",4096,64,104,0,0,8096,0,7500.052452087
1,"map(tofrom: a)",4096,64,104,0,0,8096,1,7521.402835846
1,"map(tofrom: a)",4096,64,104,0,0,8096,2,7442.951202393
1,"map(tofrom: a)",4096,64,104,0,0,8096,3,7508.492469788
1,"map(tofrom: a)",4096,64,104,0,0,8096,4,7616.806030273
1,"map(tofrom: a)",4096,64,104,0,0,8096,5,7387.948036194
1,"map(tofrom: a)",4096,64,104,0,0,8096,6,7621.657848358
1,"map(tofrom: a)",4096,64,104,0,0,8096,7,7508.301734924
1,"map(tofrom: a)",4096,64,104,0,0,8096,8,7564.842700958
1,"map(tofrom: a)",4096,64,104,0,0,8096,9,7595.002651215
1,"map(tofrom: a)",4096,64,104,0,0,758,0,1135.647296906
1,"map(tofrom: a)",4096,64,104,0,0,758,1,1138.448715210
1,"map(tofrom: a)",4096,64,104,0,0,758,2,1139.008998871
1,"map(tofrom: a)",4096,64,104,0,0,758,3,1136.398315430
1,"map(tofrom: a)",4096,64,104,0,0,758,4,1147.401332855
1,"map(tofrom: a)",4096,64,104,0,0,758,5,1110.041141510
1,"map(tofrom: a)",4096,64,104,0,0,758,6,1121.401786804
1,"map(tofrom: a)",4096,64,104,0,0,758,7,1125.299930573
1,"map(tofrom: a)",4096,64,104,0,0,758,8,1115.953922272
1,"map(tofrom: a)",4096,64,104,0,0,758,9,1121.807098389
1,"map(tofrom: a)",4096,64,104,0,0,71,0,532.150268555
1,"map(tofrom: a)",4096,64,104,0,0,71,1,530.755519867
1,"map(tofrom: a)",4096,64,104,0,0,71,2,533.306598663
1,"map(tofrom: a)",4096,64,104,0,0,71,3,531.101226807
1,"map(tofrom: a)",4096,64,104,0,0,71,4,532.460212708
1,"map(tofrom: a)",4096,64,104,0,0,71,5,532.150268555
1,"map(tofrom: a)",4096,64,104,0,0,71,6,531.899929047
1,"map(tofrom: a)",4096,64,104,0,0,71,7,533.103942871
1,"map(tofrom: a)",4096,64,104,0,0,71,8,531.947612762
1,"map(tofrom: a)",4096,64,104,0,0,71,9,532.341003418
1,"map(tofrom: a)",4096,64,104,0,0,2,0,469.994544983
1,"map(tofrom: a)",4096,64,104,0,0,2,1,468.707084656
1,"map(tofrom: a)",4096,64,104,0,0,2,2,468.790531158
1,"map(tofrom: a)",4096,64,104,0,0,2,3,469.410419464
1,"map(tofrom: a)",4096,64,104,0,0,2,4,468.802452087
1,"map(tofrom: a)",4096,64,104,0,0,2,5,468.552112579
1,"map(tofrom: a)",4096,64,104,0,0,2,6,468.957424164
1,"map(tofrom: a)",4096,64,104,0,0,2,7,468.552112579
1,"map(tofrom: a)",4096,64,104,0,0,2,8,469.195842743
1,"map(tofrom: a)",4096,64,104,0,0,2,9,468.552112579
1,"map(tofrom: a)",4096,64,104,0,0,11,0,476.551055908
1,"map(tofrom: a)",4096,64,104,0,0,11,1,476.348400116
1,"map(tofrom: a)",4096,64,104,0,0,11,2,476.300716400
1,"map(tofrom: a)",4096,64,104,0,0,11,3,478.291511536
1,"map(tofrom: a)",4096,64,104,0,0,11,4,477.004051208
1,"map(tofrom: a)",4096,64,104,0,0,11,5,477.159023285
1,"map(tofrom: a)",4096,64,104,0,0,11,6,477.898120880
1,"map(tofrom: a)",4096,64,104,0,0,11,7,478.601455688
1,"map(tofrom: a)",4096,64,104,0,0,11,8,477.206707001
1,"map(tofrom: a)",4096,64,104,0,0,11,9,478.398799896
1,"map(tofrom: a)",4096,64,104,0,0,28,0,492.095947266
1,"map(tofrom: a)",4096,64,104,0,0,28,1,493.049621582
1,"map(tofrom: a)",4096,64,104,0,0,28,2,492.453575134
1,"map(tofrom: a)",4096,64,104,0,0,28,3,493.192672729
1,"map(tofrom: a)",4096,64,104,0,0,28,4,494.050979614
1,"map(tofrom: a)",4096,64,104,0,0,28,5,493.001937866
1,"map(tofrom: a)",4096,64,104,0,0,28,6,492.238998413
1,"map(tofrom: a)",4096,64,104,0,0,28,7,491.845607758
1,"map(tofrom: a)",4096,64,104,0,0,28,8,491.797924042
1,"map(tofrom: a)",4096,64,104,0,0,28,9,491.404533386
1,"map(tofrom: a)",4096,64,104,0,0,5042,0,4803.049564362
1,"map(tofrom: a)",4096,64,104,0,0,5042,1,4792.201519012
1,"map(tofrom: a)",4096,64,104,0,0,5042,2,4887.557029724
1,"map(tofrom: a)",4096,64,104,0,0,5042,3,4765.141010284
1,"map(tofrom: a)",4096,64,104,0,0,5042,4,4870.140552521
1,"map(tofrom: a)",4096,64,104,0,0,5042,5,4883.003234863
1,"map(tofrom: a)",4096,64,104,0,0,5042,6,4830.253124237
1,"map(tofrom: a)",4096,64,104,0,0,5042,7,4861.199855804
1,"map(tofrom: a)",4096,64,104,0,0,5042,8,4924.452304840
1,"map(tofrom: a)",4096,64,104,0,0,5042,9,4800.593852997
1,"map(tofrom: a)",4096,64,104,0,0,1218,0,1548.349857330
1,"map(tofrom: a)",4096,64,104,0,0,1218,1,1529.502868652
1,"map(tofrom: a)",4096,64,104,0,0,1218,2,1537.001132965
1,"map(tofrom: a)",4096,64,104,0,0,1218,3,1541.554927826
1,"map(tofrom: a)",4096,64,104,0,0,1218,4,1541.495323181
1,"map(tofrom: a)",4096,64,104,0,0,1218,5,1545.655727386
1,"map(tofrom: a)",4096,64,104,0,0,1218,6,1548.194885254
1,"map(tofrom: a)",4096,64,104,0,0,1218,7,1506.900787354
1,"map(tofrom: a)",4096,64,104,0,0,1218,8,1525.139808655
1,"map(tofrom: a)",4096,64,104,0,0,1218,9,1499.903202057
1,"map(tofrom: a)",4096,64,104,0,0,472,0,876.247882843
1,"map(tofrom: a)",4096,64,104,0,0,472,1,877.046585083
1,"map(tofrom: a)",4096,64,104,0,0,472,2,871.694087982
1,"map(tofrom: a)",4096,64,104,0,0,472,3,876.951217651
1,"map(tofrom: a)",4096,64,104,0,0,472,4,883.603096008
1,"map(tofrom: a)",4096,64,104,0,0,472,5,873.851776123
1,"map(tofrom: a)",4096,64,104,0,0,472,6,884.342193604
1,"map(tofrom: a)",4096,64,104,0,0,472,7,879.299640656
1,"map(tofrom: a)",4096,64,104,0,0,472,8,879.752635956
1,"map(tofrom: a)",4096,64,104,0,0,472,9,882.542133331
1,"map(tofrom: a)",16382,64,104,0,0,7,0,479.698181152
1,"map(tofrom: a)",16382,64,104,0,0,7,1,481.796264648
1,"map(tofrom: a)",16382,64,104,0,0,7,2,482.451915741
1,"map(tofrom: a)",16382,64,104,0,0,7,3,481.307506561
1,"map(tofrom: a)",16382,64,104,0,0,7,4,482.010841370
1,"map(tofrom: a)",16382,64,104,0,0,7,5,481.402873993
1,"map(tofrom: a)",16382,64,104,0,0,7,6,480.556488037
1,"map(tofrom: a)",16382,64,104,0,0,7,7,480.997562408
1,"map(tofrom: a)",16382,64,104,0,0,7,8,480.246543884
1,"map(tofrom: a)",16382,64,104,0,0,7,9,481.045246124
1,"map(tofrom: a)",16382,64,104,0,0,114,0,575.399398804
1,"map(tofrom: a)",16382,64,104,0,0,114,1,574.100017548
1,"map(tofrom: a)",16382,64,104,0,0,114,2,576.353073120
1,"map(tofrom: a)",16382,64,104,0,0,114,3,574.195384979
1,"map(tofrom: a)",16382,64,104,0,0,114,4,574.898719788
1,"map(tofrom: a)",16382,64,104,0,0,114,5,575.852394104
1,"map(tofrom: a)",16382,64,104,0,0,114,6,575.804710388
1,"map(tofrom: a)",16382,64,104,0,0,114,7,575.447082520
1,"map(tofrom: a)",16382,64,104,0,0,114,8,576.102733612
1,"map(tofrom: a)",16382,64,104,0,0,114,9,574.958324432
1,"map(tofrom: a)",16382,64,104,0,0,3,0,478.303432465
1,"map(tofrom: a)",16382,64,104,0,0,3,1,477.552413940
1,"map(tofrom: a)",16382,64,104,0,0,3,2,477.552413940
1,"map(tofrom: a)",16382,64,104,0,0,3,3,477.540493011
1,"map(tofrom: a)",16382,64,104,0,0,3,4,477.850437164
1,"map(tofrom: a)",16382,64,104,0,0,3,5,477.755069733
1,"map(tofrom: a)",16382,64,104,0,0,3,6,477.552413940
1,"map(tofrom: a)",16382,64,104,0,0,3,7,477.349758148
1,"map(tofrom: a)",16382,64,104,0,0,3,8,477.898120880
1,"map(tofrom: a)",16382,64,104,0,0,3,9,479.757785797
1,"map(tofrom: a)",16382,64,104,0,0,17,0,490.951538086
1,"map(tofrom: a)",16382,64,104,0,0,17,1,491.404533386
1,"map(tofrom: a)",16382,64,104,0,0,17,2,491.344928741
1,"map(tofrom: a)",16382,64,104,0,0,17,3,491.952896118
1,"map(tofrom: a)",16382,64,104,0,0,17,4,491.404533386
1,"map(tofrom: a)",16382,64,104,0,0,17,5,490.999221802
1,"map(tofrom: a)",16382,64,104,0,0,17,6,492.095947266
1,"map(tofrom: a)",16382,64,104,0,0,17,7,490.903854370
1,"map(tofrom: a)",16382,64,104,0,0,17,8,491.654872894
1,"map(tofrom: a)",16382,64,104,0,0,17,9,492.250919342
1,"map(tofrom: a)",16382,64,104,0,0,1,0,477.051734924
1,"map(tofrom: a)",16382,64,104,0,0,1,1,476.896762848
1,"map(tofrom: a)",16382,64,104,0,0,1,2,477.194786072
1,"map(tofrom: a)",16382,64,104,0,0,1,3,478.100776672
1,"map(tofrom: a)",16382,64,104,0,0,1,4,477.445125580
1,"map(tofrom: a)",16382,64,104,0,0,1,5,477.445125580
1,"map(tofrom: a)",16382,64,104,0,0,1,6,476.646423340
1,"map(tofrom: a)",16382,64,104,0,0,1,7,476.849079132
1,"map(tofrom: a)",16382,64,104,0,0,1,8,477.051734924
1,"map(tofrom: a)",16382,64,104,0,0,1,9,477.206707001
1,"map(tofrom: a)",16382,64,104,0,0,44,0,513.696670532
1,"map(tofrom: a)",16382,64,104,0,0,44,1,513.005256653
1,"map(tofrom: a)",16382,64,104,0,0,44,2,514.197349548
1,"map(tofrom: a)",16382,64,104,0,0,44,3,513.255596161
1,"map(tofrom: a)",16382,64,104,0,0,44,4,514.853000641
1,"map(tofrom: a)",16382,64,104,0,0,44,5,514.304637909
1,"map(tofrom: a)",16382,64,104,0,0,44,6,513.648986816
1,"map(tofrom: a)",16382,64,104,0,0,44,7,514.900684357
1,"map(tofrom: a)",16382,64,104,0,0,44,8,515.699386597
1,"map(tofrom: a)",16382,64,104,0,0,44,9,513.601303101
1,"map(tofrom: a)",16382,64,104,0,0,294,0,737.357139587
1,"map(tofrom: a)",16382,64,104,0,0,294,1,732.696056366
1,"map(tofrom: a)",16382,64,104,0,0,294,2,733.947753906
1,"map(tofrom: a)",16382,64,104,0,0,294,3,735.402107239
1,"map(tofrom: a)",16382,64,104,0,0,294,4,735.354423523
1,"map(tofrom: a)",16382,64,104,0,0,294,5,736.296176910
1,"map(tofrom: a)",16382,64,104,0,0,294,6,736.546516418
1,"map(tofrom: a)",16382,64,104,0,0,294,7,726.652145386
1,"map(tofrom: a)",16382,64,104,0,0,294,8,730.907917023
1,"map(tofrom: a)",16382,64,104,0,0,294,9,725.495815277
1,"map(tofrom: a)",16382,64,104,0,0,3140,0,3181.600570679
1,"map(tofrom: a)",16382,64,104,0,0,3140,1,3185.451030731
1,"map(tofrom: a)",16382,64,104,0,0,3140,2,3148.603439331
1,"map(tofrom: a)",16382,64,104,0,0,3140,3,3181.350231171
1,"map(tofrom: a)",16382,64,104,0,0,3140,4,3223.598003387
1,"map(tofrom: a)",16382,64,104,0,0,3140,5,3162.658214569
1,"map(tofrom: a)",16382,64,104,0,0,3140,6,3228.545188904
1,"map(tofrom: a)",16382,64,104,0,0,3140,7,3197.753429413
1,"map(tofrom: a)",16382,64,104,0,0,3140,8,3201.246261597
1,"map(tofrom: a)",16382,64,104,0,0,3140,9,3214.299678802
1,"map(tofrom: a)",16382,64,104,0,0,4,0,479.054450989
1,"map(tofrom: a)",16382,64,104,0,0,4,1,479.960441589
1,"map(tofrom: a)",16382,64,104,0,0,4,2,479.245185852
1,"map(tofrom: a)",16382,64,104,0,0,4,3,479.459762573
1,"map(tofrom: a)",16382,64,104,0,0,4,4,479.745864868
1,"map(tofrom: a)",16382,64,104,0,0,4,5,479.245185852
1,"map(tofrom: a)",16382,64,104,0,0,4,6,479.149818420
1,"map(tofrom: a)",16382,64,104,0,0,4,7,479.698181152
1,"map(tofrom: a)",16382,64,104,0,0,4,8,479.495525360
1,"map(tofrom: a)",16382,64,104,0,0,4,9,478.649139404
1,"map(tofrom: a)",16382,64,104,0,0,1955,0,2171.099185944
1,"map(tofrom: a)",16382,64,104,0,0,1955,1,2133.655548096
1,"map(tofrom: a)",16382,64,104,0,0,1955,2,2171.552181244
1,"map(tofrom: a)",16382,64,104,0,0,1955,3,2146.339416504
1,"map(tofrom: a)",16382,64,104,0,0,1955,4,2164.208889008
1,"map(tofrom: a)",16382,64,104,0,0,1955,5,2166.152000427
1,"map(tofrom: a)",16382,64,104,0,0,1955,6,2167.642116547
1,"map(tofrom: a)",16382,64,104,0,0,1955,7,2170.848846436
1,"map(tofrom: a)",16382,64,104,0,0,1955,8,2179.753780365
1,"map(tofrom: a)",16382,64,104,0,0,1955,9,2153.456211090
1,"map(tofrom: a)",16382,64,104,0,0,183,0,637.555122375
1,"map(tofrom: a)",16382,64,104,0,0,183,1,633.239746094
1,"map(tofrom: a)",16382,64,104,0,0,183,2,637.447834015
1,"map(tofrom: a)",16382,64,104,0,0,183,3,638.091564178
1,"map(tofrom: a)",16382,64,104,0,0,183,4,635.457038879
1,"map(tofrom: a)",16382,64,104,0,0,183,5,637.340545654
1,"map(tofrom: a)",16382,64,104,0,0,183,6,639.545917511
1,"map(tofrom: a)",16382,64,104,0,0,183,7,635.147094727
1,"map(tofrom: a)",16382,64,104,0,0,183,8,639.200210571
1,"map(tofrom: a)",16382,64,104,0,0,183,9,632.894039154
1,"map(tofrom: a)",16382,64,104,0,0,8096,0,7389.700412750
1,"map(tofrom: a)",16382,64,104,0,0,8096,1,7443.249225616
1,"map(tofrom: a)",16382,64,104,0,0,8096,2,7430.946826935
1,"map(tofrom: a)",16382,64,104,0,0,8096,3,7440.507411957
1,"map(tofrom: a)",16382,64,104,0,0,8096,4,7452.106475830
1,"map(tofrom: a)",16382,64,104,0,0,8096,5,7440.245151520
1,"map(tofrom: a)",16382,64,104,0,0,8096,6,7583.796977997
1,"map(tofrom: a)",16382,64,104,0,0,8096,7,7401.800155640
1,"map(tofrom: a)",16382,64,104,0,0,8096,8,7553.505897522
1,"map(tofrom: a)",16382,64,104,0,0,8096,9,7571.804523468
1,"map(tofrom: a)",16382,64,104,0,0,758,0,1127.350330353
1,"map(tofrom: a)",16382,64,104,0,0,758,1,1137.197017670
1,"map(tofrom: a)",16382,64,104,0,0,758,2,1146.543025970
1,"map(tofrom: a)",16382,64,104,0,0,758,3,1128.005981445
1,"map(tofrom: a)",16382,64,104,0,0,758,4,1150.047779083
1,"map(tofrom: a)",16382,64,104,0,0,758,5,1138.699054718
1,"map(tofrom: a)",16382,64,104,0,0,758,6,1143.550872803
1,"map(tofrom: a)",16382,64,104,0,0,758,7,1145.851612091
1,"map(tofrom: a)",16382,64,104,0,0,758,8,1148.045063019
1,"map(tofrom: a)",16382,64,104,0,0,758,9,1139.593124390
1,"map(tofrom: a)",16382,64,104,0,0,71,0,537.645816803
1,"map(tofrom: a)",16382,64,104,0,0,71,1,536.000728607
1,"map(tofrom: a)",16382,64,104,0,0,71,2,538.659095764
1,"map(tofrom: a)",16382,64,104,0,0,71,3,536.751747131
1,"map(tofrom: a)",16382,64,104,0,0,71,4,537.204742432
1,"map(tofrom: a)",16382,64,104,0,0,71,5,537.848472595
1,"map(tofrom: a)",16382,64,104,0,0,71,6,537.049770355
1,"map(tofrom: a)",16382,64,104,0,0,71,7,537.943840027
1,"map(tofrom: a)",16382,64,104,0,0,71,8,538.945198059
1,"map(tofrom: a)",16382,64,104,0,0,71,9,536.942481995
1,"map(tofrom: a)",16382,64,104,0,0,2,0,476.896762848
1,"map(tofrom: a)",16382,64,104,0,0,2,1,476.455688477
1,"map(tofrom: a)",16382,64,104,0,0,2,2,476.753711700
1,"map(tofrom: a)",16382,64,104,0,0,2,3,477.099418640
1,"map(tofrom: a)",16382,64,104,0,0,2,4,477.159023285
1,"map(tofrom: a)",16382,64,104,0,0,2,5,476.646423340
1,"map(tofrom: a)",16382,64,104,0,0,2,6,476.503372192
1,"map(tofrom: a)",16382,64,104,0,0,2,7,477.004051208
1,"map(tofrom: a)",16382,64,104,0,0,2,8,477.147102356
1,"map(tofrom: a)",16382,64,104,0,0,2,9,477.600097656
1,"map(tofrom: a)",16382,64,104,0,0,11,0,485.050678253
1,"map(tofrom: a)",16382,64,104,0,0,11,1,484.693050385
1,"map(tofrom: a)",16382,64,104,0,0,11,2,484.454631805
1,"map(tofrom: a)",16382,64,104,0,0,11,3,484.097003937
1,"map(tofrom: a)",16382,64,104,0,0,11,4,485.098361969
1,"map(tofrom: a)",16382,64,104,0,0,11,5,484.490394592
1,"map(tofrom: a)",16382,64,104,0,0,11,6,484.752655029
1,"map(tofrom: a)",16382,64,104,0,0,11,7,484.943389893
1,"map(tofrom: a)",16382,64,104,0,0,11,8,484.251976013
1,"map(tofrom: a)",16382,64,104,0,0,11,9,484.740734100
1,"map(tofrom: a)",16382,64,104,0,0,28,0,500.702857971
1,"map(tofrom: a)",16382,64,104,0,0,28,1,500.154495239
1,"map(tofrom: a)",16382,64,104,0,0,28,2,501.203536987
1,"map(tofrom: a)",16382,64,104,0,0,28,3,499.296188354
1,"map(tofrom: a)",16382,64,104,0,0,28,4,500.297546387
1,"map(tofrom: a)",16382,64,104,0,0,28,5,499.796867371
1,"map(tofrom: a)",16382,64,104,0,0,28,6,500.154495239
1,"map(tofrom: a)",16382,64,104,0,0,28,7,500.345230103
1,"map(tofrom: a)",16382,64,104,0,0,28,8,499.951839447
1,"map(tofrom: a)",16382,64,104,0,0,28,9,500.345230103
1,"map(tofrom: a)",16382,64,104,0,0,5042,0,5006.110668182
1,"map(tofrom: a)",16382,64,104,0,0,5042,1,4777.503013611
1,"map(tofrom: a)",16382,64,104,0,0,5042,2,4851.305484772
1,"map(tofrom: a)",16382,64,104,0,0,5042,3,4798.400402069
1,"map(tofrom: a)",16382,64,104,0,0,5042,4,4823.851585388
1,"map(tofrom: a)",16382,64,104,0,0,5042,5,4815.840721130
1,"map(tofrom: a)",16382,64,104,0,0,5042,6,4818.058013916
1,"map(tofrom: a)",16382,64,104,0,0,5042,7,4844.701290131
1,"map(tofrom: a)",16382,64,104,0,0,5042,8,4844.498634338
1,"map(tofrom: a)",16382,64,104,0,0,5042,9,4829.204082489
1,"map(tofrom: a)",16382,64,104,0,0,1218,0,1546.549797058
1,"map(tofrom: a)",16382,64,104,0,0,1218,1,1519.906520844
1,"map(tofrom: a)",16382,64,104,0,0,1218,2,1535.046100616
1,"map(tofrom: a)",16382,64,104,0,0,1218,3,1542.103290558
1,"map(tofrom: a)",16382,64,104,0,0,1218,4,1527.047157288
1,"map(tofrom: a)",16382,64,104,0,0,1218,5,1542.055606842
1,"map(tofrom: a)",16382,64,104,0,0,1218,6,1556.897163391
1,"map(tofrom: a)",16382,64,104,0,0,1218,7,1525.652408600
1,"map(tofrom: a)",16382,64,104,0,0,1218,8,1559.603214264
1,"map(tofrom: a)",16382,64,104,0,0,1218,9,1544.106006622
1,"map(tofrom: a)",16382,64,104,0,0,472,0,893.449783325
1,"map(tofrom: a)",16382,64,104,0,0,472,1,894.844532013
1,"map(tofrom: a)",16382,64,104,0,0,472,2,878.846645355
1,"map(tofrom: a)",16382,64,104,0,0,472,3,879.955291748
1,"map(tofrom: a)",16382,64,104,0,0,472,4,882.053375244
1,"map(tofrom: a)",16382,64,104,0,0,472,5,878.703594208
1,"map(tofrom: a)",16382,64,104,0,0,472,6,887.203216553
1,"map(tofrom: a)",16382,64,104,0,0,472,7,876.355171204
1,"map(tofrom: a)",16382,64,104,0,0,472,8,885.999202728
1,"map(tofrom: a)",16382,64,104,0,0,472,9,887.107849121
1,"map(tofrom: a)",16382,64,104,0,0,7,0,480.008125305
1,"map(tofrom: a)",16382,64,104,0,0,7,1,482.094287872
1,"map(tofrom: a)",16382,64,104,0,0,7,2,481.402873993
1,"map(tofrom: a)",16382,64,104,0,0,7,3,481.450557709
1,"map(tofrom: a)",16382,64,104,0,0,7,4,482.451915741
1,"map(tofrom: a)",16382,64,104,0,0,7,5,481.450557709
1,"map(tofrom: a)",16382,64,104,0,0,7,6,481.247901917
1,"map(tofrom: a)",16382,64,104,0,0,7,7,481.843948364
1,"map(tofrom: a)",16382,64,104,0,0,7,8,481.545925140
1,"map(tofrom: a)",16382,64,104,0,0,7,9,480.949878693
1,"map(tofrom: a)",16382,64,104,0,0,114,0,573.801994324
1,"map(tofrom: a)",16382,64,104,0,0,114,1,573.301315308
1,"map(tofrom: a)",16382,64,104,0,0,114,2,575.447082520
1,"map(tofrom: a)",16382,64,104,0,0,114,3,572.800636292
1,"map(tofrom: a)",16382,64,104,0,0,114,4,574.803352356
1,"map(tofrom: a)",16382,64,104,0,0,114,5,574.457645416
1,"map(tofrom: a)",16382,64,104,0,0,114,6,573.503971100
1,"map(tofrom: a)",16382,64,104,0,0,114,7,574.648380280
1,"map(tofrom: a)",16382,64,104,0,0,114,8,576.102733612
1,"map(tofrom: a)",16382,64,104,0,0,114,9,573.897361755
1,"map(tofrom: a)",16382,64,104,0,0,3,0,478.303432465
1,"map(tofrom: a)",16382,64,104,0,0,3,1,477.552413940
1,"map(tofrom: a)",16382,64,104,0,0,3,2,477.695465088
1,"map(tofrom: a)",16382,64,104,0,0,3,3,478.148460388
1,"map(tofrom: a)",16382,64,104,0,0,3,4,477.600097656
1,"map(tofrom: a)",16382,64,104,0,0,3,5,477.755069733
1,"map(tofrom: a)",16382,64,104,0,0,3,6,477.492809296
1,"map(tofrom: a)",16382,64,104,0,0,3,7,477.898120880
1,"map(tofrom: a)",16382,64,104,0,0,3,8,478.053092957
1,"map(tofrom: a)",16382,64,104,0,0,3,9,477.850437164
1,"map(tofrom: a)",16382,64,104,0,0,17,0,491.642951965
1,"map(tofrom: a)",16382,64,104,0,0,17,1,490.701198578
1,"map(tofrom: a)",16382,64,104,0,0,17,2,491.094589233
1,"map(tofrom: a)",16382,64,104,0,0,17,3,490.701198578
1,"map(tofrom: a)",16382,64,104,0,0,17,4,490.891933441
1,"map(tofrom: a)",16382,64,104,0,0,17,5,490.355491638
1,"map(tofrom: a)",16382,64,104,0,0,17,6,491.011142731
1,"map(tofrom: a)",16382,64,104,0,0,17,7,491.046905518
1,"map(tofrom: a)",16382,64,104,0,0,17,8,491.046905518
1,"map(tofrom: a)",16382,64,104,0,0,17,9,490.903854370
1,"map(tofrom: a)",16382,64,104,0,0,1,0,476.551055908
1,"map(tofrom: a)",16382,64,104,0,0,1,1,476.503372192
1,"map(tofrom: a)",16382,64,104,0,0,1,2,477.051734924
1,"map(tofrom: a)",16382,64,104,0,0,1,3,476.300716400
1,"map(tofrom: a)",16382,64,104,0,0,1,4,477.397441864
1,"map(tofrom: a)",16382,64,104,0,0,1,5,476.443767548
1,"map(tofrom: a)",16382,64,104,0,0,1,6,476.801395416
1,"map(tofrom: a)",16382,64,104,0,0,1,7,477.647781372
1,"map(tofrom: a)",16382,64,104,0,0,1,8,476.753711700
1,"map(tofrom: a)",16382,64,104,0,0,1,9,477.111339569
1,"map(tofrom: a)",16382,64,104,0,0,44,0,515.544414520
1,"map(tofrom: a)",16382,64,104,0,0,44,1,513.601303101
1,"map(tofrom: a)",16382,64,104,0,0,44,2,514.304637909
1,"map(tofrom: a)",16382,64,104,0,0,44,3,514.447689056
1,"map(tofrom: a)",16382,64,104,0,0,44,4,513.243675232
1,"map(tofrom: a)",16382,64,104,0,0,44,5,514.054298401
1,"map(tofrom: a)",16382,64,104,0,0,44,6,514.543056488
1,"map(tofrom: a)",16382,64,104,0,0,44,7,513.255596161
1,"map(tofrom: a)",16382,64,104,0,0,44,8,514.447689056
1,"map(tofrom: a)",16382,64,104,0,0,44,9,513.505935669
1,"map(tofrom: a)",16382,64,104,0,0,294,0,735.104084015
1,"map(tofrom: a)",16382,64,104,0,0,294,1,728.297233582
1,"map(tofrom: a)",16382,64,104,0,0,294,2,731.551647186
1,"map(tofrom: a)",16382,64,104,0,0,294,3,733.399391174
1,"map(tofrom: a)",16382,64,104,0,0,294,4,730.049610138
1,"map(tofrom: a)",16382,64,104,0,0,294,5,733.602046967
1,"map(tofrom: a)",16382,64,104,0,0,294,6,736.999511719
1,"map(tofrom: a)",16382,64,104,0,0,294,7,729.656219482
1,"map(tofrom: a)",16382,64,104,0,0,294,8,738.143920898
1,"map(tofrom: a)",16382,64,104,0,0,294,9,734.496116638
1,"map(tofrom: a)",16382,64,104,0,0,3140,0,3250.098228455
1,"map(tofrom: a)",16382,64,104,0,0,3140,1,3263.843059540
1,"map(tofrom: a)",16382,64,104,0,0,3140,2,3156.054019928
1,"map(tofrom: a)",16382,64,104,0,0,3140,3,3161.549568176
1,"map(tofrom: a)",16382,64,104,0,0,3140,4,3172.802925110
1,"map(tofrom: a)",16382,64,104,0,0,3140,5,3151.547908783
1,"map(tofrom: a)",16382,64,104,0,0,3140,6,3206.598758698
1,"map(tofrom: a)",16382,64,104,0,0,3140,7,3135.800361633
1,"map(tofrom: a)",16382,64,104,0,0,3140,8,3201.651573181
1,"map(tofrom: a)",16382,64,104,0,0,3140,9,3211.152553558
1,"map(tofrom: a)",16382,64,104,0,0,4,0,479.102134705
1,"map(tofrom: a)",16382,64,104,0,0,4,1,479.090213776
1,"map(tofrom: a)",16382,64,104,0,0,4,2,479.102134705
1,"map(tofrom: a)",16382,64,104,0,0,4,3,478.553771973
1,"map(tofrom: a)",16382,64,104,0,0,4,4,479.698181152
1,"map(tofrom: a)",16382,64,104,0,0,4,5,479.745864868
1,"map(tofrom: a)",16382,64,104,0,0,4,6,479.996204376
1,"map(tofrom: a)",16382,64,104,0,0,4,7,479.996204376
1,"map(tofrom: a)",16382,64,104,0,0,4,8,479.292869568
1,"map(tofrom: a)",16382,64,104,0,0,4,9,479.602813721
1,"map(tofrom: a)",16382,64,104,0,0,1955,0,2201.795578003
1,"map(tofrom: a)",16382,64,104,0,0,1955,1,2196.550369263
1,"map(tofrom: a)",16382,64,104,0,0,1955,2,2220.892906189
1,"map(tofrom: a)",16382,64,104,0,0,1955,3,2125.108242035
1,"map(tofrom: a)",16382,64,104,0,0,1955,4,2156.758308411
1,"map(tofrom: a)",16382,64,104,0,0,1955,5,2161.657810211
1,"map(tofrom: a)",16382,64,104,0,0,1955,6,2142.655849457
1,"map(tofrom: a)",16382,64,104,0,0,1955,7,2154.695987701
1,"map(tofrom: a)",16382,64,104,0,0,1955,8,2176.606655121
1,"map(tofrom: a)",16382,64,104,0,0,1955,9,2139.258384705
1,"map(tofrom: a)",16382,64,104,0,0,183,0,636.744499207
1,"map(tofrom: a)",16382,64,104,0,0,183,1,634.050369263
1,"map(tofrom: a)",16382,64,104,0,0,183,2,635.254383087
1,"map(tofrom: a)",16382,64,104,0,0,183,3,635.552406311
1,"map(tofrom: a)",16382,64,104,0,0,183,4,635.659694672
1,"map(tofrom: a)",16382,64,104,0,0,183,5,636.506080627
1,"map(tofrom: a)",16382,64,104,0,0,183,6,636.744499207
1,"map(tofrom: a)",16382,64,104,0,0,183,7,634.956359863
1,"map(tofrom: a)",16382,64,104,0,0,183,8,639.498233795
1,"map(tofrom: a)",16382,64,104,0,0,183,9,635.755062103
1,"map(tofrom: a)",16382,64,104,0,0,8096,0,7634.854316711
1,"map(tofrom: a)",16382,64,104,0,0,8096,1,7679.045200348
1,"map(tofrom: a)",16382,64,104,0,0,8096,2,7587.051391602
1,"map(tofrom: a)",16382,64,104,0,0,8096,3,7558.858394623
1,"map(tofrom: a)",16382,64,104,0,0,8096,4,7478.499412537
1,"map(tofrom: a)",16382,64,104,0,0,8096,5,7301.497459412
1,"map(tofrom: a)",16382,64,104,0,0,8096,6,7519.555091858
1,"map(tofrom: a)",16382,64,104,0,0,8096,7,7410.097122192
1,"map(tofrom: a)",16382,64,104,0,0,8096,8,7433.247566223
1,"map(tofrom: a)",16382,64,104,0,0,8096,9,7461.249828339
1,"map(tofrom: a)",16382,64,104,0,0,758,0,1129.901409149
1,"map(tofrom: a)",16382,64,104,0,0,758,1,1132.047176361
1,"map(tofrom: a)",16382,64,104,0,0,758,2,1134.490966797
1,"map(tofrom: a)",16382,64,104,0,0,758,3,1130.259037018
1,"map(tofrom: a)",16382,64,104,0,0,758,4,1142.549514771
1,"map(tofrom: a)",16382,64,104,0,0,758,5,1124.906539917
1,"map(tofrom: a)",16382,64,104,0,0,758,6,1139.390468597
1,"map(tofrom: a)",16382,64,104,0,0,758,7,1142.907142639
1,"map(tofrom: a)",16382,64,104,0,0,758,8,1133.489608765
1,"map(tofrom: a)",16382,64,104,0,0,758,9,1143.300533295
1,"map(tofrom: a)",16382,64,104,0,0,71,0,539.100170135
1,"map(tofrom: a)",16382,64,104,0,0,71,1,538.444519043
1,"map(tofrom: a)",16382,64,104,0,0,71,2,540.006160736
1,"map(tofrom: a)",16382,64,104,0,0,71,3,538.849830627
1,"map(tofrom: a)",16382,64,104,0,0,71,4,537.705421448
1,"map(tofrom: a)",16382,64,104,0,0,71,5,537.455081940
1,"map(tofrom: a)",16382,64,104,0,0,71,6,536.942481995
1,"map(tofrom: a)",16382,64,104,0,0,71,7,536.859035492
1,"map(tofrom: a)",16382,64,104,0,0,71,8,537.347793579
1,"map(tofrom: a)",16382,64,104,0,0,71,9,536.894798279
1,"map(tofrom: a)",16382,64,104,0,0,2,0,476.896762848
1,"map(tofrom: a)",16382,64,104,0,0,2,1,476.241111755
1,"map(tofrom: a)",16382,64,104,0,0,2,2,476.491451263
1,"map(tofrom: a)",16382,64,104,0,0,2,3,476.539134979
1,"map(tofrom: a)",16382,64,104,0,0,2,4,476.551055908
1,"map(tofrom: a)",16382,64,104,0,0,2,5,477.397441864
1,"map(tofrom: a)",16382,64,104,0,0,2,6,476.658344269
1,"map(tofrom: a)",16382,64,104,0,0,2,7,477.349758148
1,"map(tofrom: a)",16382,64,104,0,0,2,8,477.540493011
1,"map(tofrom: a)",16382,64,104,0,0,2,9,477.290153503
1,"map(tofrom: a)",16382,64,104,0,0,11,0,484.645366669
1,"map(tofrom: a)",16382,64,104,0,0,11,1,484.454631805
1,"map(tofrom: a)",16382,64,104,0,0,11,2,485.301017761
1,"map(tofrom: a)",16382,64,104,0,0,11,3,485.193729401
1,"map(tofrom: a)",16382,64,104,0,0,11,4,485.050678253
1,"map(tofrom: a)",16382,64,104,0,0,11,5,484.144687653
1,"map(tofrom: a)",16382,64,104,0,0,11,6,485.193729401
1,"map(tofrom: a)",16382,64,104,0,0,11,7,484.299659729
1,"map(tofrom: a)",16382,64,104,0,0,11,8,484.693050385
1,"map(tofrom: a)",16382,64,104,0,0,11,9,484.895706177
1,"map(tofrom: a)",16382,64,104,0,0,28,0,499.260425568
1,"map(tofrom: a)",16382,64,104,0,0,28,1,499.606132507
1,"map(tofrom: a)",16382,64,104,0,0,28,2,499.701499939
1,"map(tofrom: a)",16382,64,104,0,0,28,3,499.296188354
1,"map(tofrom: a)",16382,64,104,0,0,28,4,499.892234802
1,"map(tofrom: a)",16382,64,104,0,0,28,5,499.200820923
1,"map(tofrom: a)",16382,64,104,0,0,28,6,499.999523163
1,"map(tofrom: a)",16382,64,104,0,0,28,7,499.951839447
1,"map(tofrom: a)",16382,64,104,0,0,28,8,501.751899719
1,"map(tofrom: a)",16382,64,104,0,0,28,9,499.904155731
1,"map(tofrom: a)",16382,64,104,0,0,5042,0,4915.261268616
1,"map(tofrom: a)",16382,64,104,0,0,5042,1,4883.396625519
1,"map(tofrom: a)",16382,64,104,0,0,5042,2,4985.606670380
1,"map(tofrom: a)",16382,64,104,0,0,5042,3,4884.397983551
1,"map(tofrom: a)",16382,64,104,0,0,5042,4,4974.651336670
1,"map(tofrom: a)",16382,64,104,0,0,5042,5,4991.352558136
1,"map(tofrom: a)",16382,64,104,0,0,5042,6,4764.199256897
1,"map(tofrom: a)",16382,64,104,0,0,5042,7,4809.105396271
1,"map(tofrom: a)",16382,64,104,0,0,5042,8,4859.149456024
1,"map(tofrom: a)",16382,64,104,0,0,5042,9,4767.954349518
1,"map(tofrom: a)",16382,64,104,0,0,1218,0,1532.804965973
1,"map(tofrom: a)",16382,64,104,0,0,1218,1,1517.105102539
1,"map(tofrom: a)",16382,64,104,0,0,1218,2,1525.545120239
1,"map(tofrom: a)",16382,64,104,0,0,1218,3,1527.547836304
1,"map(tofrom: a)",16382,64,104,0,0,1218,4,1528.549194336
1,"map(tofrom: a)",16382,64,104,0,0,1218,5,1532.256603241
1,"map(tofrom: a)",16382,64,104,0,0,1218,6,1537.501811981
1,"map(tofrom: a)",16382,64,104,0,0,1218,7,1521.944999695
1,"map(tofrom: a)",16382,64,104,0,0,1218,8,1550.841331482
1,"map(tofrom: a)",16382,64,104,0,0,1218,9,1522.052288055
1,"map(tofrom: a)",16382,64,104,0,0,472,0,890.648365021
1,"map(tofrom: a)",16382,64,104,0,0,472,1,893.259048462
1,"map(tofrom: a)",16382,64,104,0,0,472,2,887.191295624
1,"map(tofrom: a)",16382,64,104,0,0,472,3,891.745090485
1,"map(tofrom: a)",16382,64,104,0,0,472,4,897.097587585
1,"map(tofrom: a)",16382,64,104,0,0,472,5,886.642932892
1,"map(tofrom: a)",16382,64,104,0,0,472,6,896.501541138
1,"map(tofrom: a)",16382,64,104,0,0,472,7,877.451896667
1,"map(tofrom: a)",16382,64,104,0,0,472,8,878.310203552
1,"map(tofrom: a)",16382,64,104,0,0,472,9,881.099700928
1,"map(tofrom: a)",16382,64,104,0,0,7,0,480.246543884
1,"map(tofrom: a)",16382,64,104,0,0,7,1,481.605529785
1,"map(tofrom: a)",16382,64,104,0,0,7,2,480.699539185
1,"map(tofrom: a)",16382,64,104,0,0,7,3,480.949878693
1,"map(tofrom: a)",16382,64,104,0,0,7,4,481.903553009
1,"map(tofrom: a)",16382,64,104,0,0,7,5,480.902194977
1,"map(tofrom: a)",16382,64,104,0,0,7,6,481.545925140
1,"map(tofrom: a)",16382,64,104,0,0,7,7,480.890274048
1,"map(tofrom: a)",16382,64,104,0,0,7,8,481.259822845
1,"map(tofrom: a)",16382,64,104,0,0,7,9,481.557846069
1,"map(tofrom: a)",16382,64,104,0,0,114,0,577.807426453
1,"map(tofrom: a)",16382,64,104,0,0,114,1,575.554370880
1,"map(tofrom: a)",16382,64,104,0,0,114,2,578.296184540
1,"map(tofrom: a)",16382,64,104,0,0,114,3,576.758384705
1,"map(tofrom: a)",16382,64,104,0,0,114,4,575.339794159
1,"map(tofrom: a)",16382,64,104,0,0,114,5,573.301315308
1,"map(tofrom: a)",16382,64,104,0,0,114,6,573.503971100
1,"map(tofrom: a)",16382,64,104,0,0,114,7,574.493408203
1,"map(tofrom: a)",16382,64,104,0,0,114,8,574.505329132
1,"map(tofrom: a)",16382,64,104,0,0,114,9,573.801994324
1,"map(tofrom: a)",16382,64,104,0,0,3,0,477.051734924
1,"map(tofrom: a)",16382,64,104,0,0,3,1,477.802753448
1,"map(tofrom: a)",16382,64,104,0,0,3,2,477.302074432
1,"map(tofrom: a)",16382,64,104,0,0,3,3,478.303432465
1,"map(tofrom: a)",16382,64,104,0,0,3,4,477.552413940
1,"map(tofrom: a)",16382,64,104,0,0,3,5,477.850437164
1,"map(tofrom: a)",16382,64,104,0,0,3,6,477.945804596
1,"map(tofrom: a)",16382,64,104,0,0,3,7,476.849079132
1,"map(tofrom: a)",16382,64,104,0,0,3,8,478.053092957
1,"map(tofrom: a)",16382,64,104,0,0,3,9,477.552413940
1,"map(tofrom: a)",16382,64,104,0,0,17,0,491.011142731
1,"map(tofrom: a)",16382,64,104,0,0,17,1,491.154193878
1,"map(tofrom: a)",16382,64,104,0,0,17,2,491.690635681
1,"map(tofrom: a)",16382,64,104,0,0,17,3,491.499900818
1,"map(tofrom: a)",16382,64,104,0,0,17,4,491.046905518
1,"map(tofrom: a)",16382,64,104,0,0,17,5,490.701198578
1,"map(tofrom: a)",16382,64,104,0,0,17,6,491.094589233
1,"map(tofrom: a)",16382,64,104,0,0,17,7,490.999221802
1,"map(tofrom: a)",16382,64,104,0,0,17,8,491.094589233
1,"map(tofrom: a)",16382,64,104,0,0,17,9,490.856170654
1,"map(tofrom: a)",16382,64,104,0,0,1,0,477.051734924
1,"map(tofrom: a)",16382,64,104,0,0,1,1,476.408004761
1,"map(tofrom: a)",16382,64,104,0,0,1,2,476.098060608
1,"map(tofrom: a)",16382,64,104,0,0,1,3,475.955009460
1,"map(tofrom: a)",16382,64,104,0,0,1,4,476.098060608
1,"map(tofrom: a)",16382,64,104,0,0,1,5,476.455688477
1,"map(tofrom: a)",16382,64,104,0,0,1,6,475.955009460
1,"map(tofrom: a)",16382,64,104,0,0,1,7,476.348400116
1,"map(tofrom: a)",16382,64,104,0,0,1,8,476.253032684
1,"map(tofrom: a)",16382,64,104,0,0,1,9,477.397441864
1,"map(tofrom: a)",16382,64,104,0,0,44,0,514.888763428
1,"map(tofrom: a)",16382,64,104,0,0,44,1,514.197349548
1,"map(tofrom: a)",16382,64,104,0,0,44,2,515.997409821
1,"map(tofrom: a)",16382,64,104,0,0,44,3,515.043735504
1,"map(tofrom: a)",16382,64,104,0,0,44,4,515.902042389
1,"map(tofrom: a)",16382,64,104,0,0,44,5,516.247749329
1,"map(tofrom: a)",16382,64,104,0,0,44,6,513.851642609
1,"map(tofrom: a)",16382,64,104,0,0,44,7,513.851642609
1,"map(tofrom: a)",16382,64,104,0,0,44,8,514.698028564
1,"map(tofrom: a)",16382,64,104,0,0,44,9,513.446331024
1,"map(tofrom: a)",16382,64,104,0,0,294,0,731.146335602
1,"map(tofrom: a)",16382,64,104,0,0,294,1,727.403163910
1,"map(tofrom: a)",16382,64,104,0,0,294,2,729.191303253
1,"map(tofrom: a)",16382,64,104,0,0,294,3,730.502605438
1,"map(tofrom: a)",16382,64,104,0,0,294,4,729.894638062
1,"map(tofrom: a)",16382,64,104,0,0,294,5,731.098651886
1,"map(tofrom: a)",16382,64,104,0,0,294,6,732.100009918
1,"map(tofrom: a)",16382,64,104,0,0,294,7,728.404521942
1,"map(tofrom: a)",16382,64,104,0,0,294,8,735.747814178
1,"map(tofrom: a)",16382,64,104,0,0,294,9,729.143619537
1,"map(tofrom: a)",16382,64,104,0,0,3140,0,3235.244750977
1,"map(tofrom: a)",16382,64,104,0,0,3140,1,3249.394893646
1,"map(tofrom: a)",16382,64,104,0,0,3140,2,3210.902214050
1,"map(tofrom: a)",16382,64,104,0,0,3140,3,3240.299224854
1,"map(tofrom: a)",16382,64,104,0,0,3140,4,3276.550769806
1,"map(tofrom: a)",16382,64,104,0,0,3140,5,3206.706047058
1,"map(tofrom: a)",16382,64,104,0,0,3140,6,3272.354602814
1,"map(tofrom: a)",16382,64,104,0,0,3140,7,3146.696090698
1,"map(tofrom: a)",16382,64,104,0,0,3140,8,3154.253959656
1,"map(tofrom: a)",16382,64,104,0,0,3140,9,3172.707557678
1,"map(tofrom: a)",16382,64,104,0,0,4,0,479.245185852
1,"map(tofrom: a)",16382,64,104,0,0,4,1,478.899478912
1,"map(tofrom: a)",16382,64,104,0,0,4,2,478.851795197
1,"map(tofrom: a)",16382,64,104,0,0,4,3,478.649139404
1,"map(tofrom: a)",16382,64,104,0,0,4,4,479.400157928
1,"map(tofrom: a)",16382,64,104,0,0,4,5,478.851795197
1,"map(tofrom: a)",16382,64,104,0,0,4,6,478.994846344
1,"map(tofrom: a)",16382,64,104,0,0,4,7,480.258464813
1,"map(tofrom: a)",16382,64,104,0,0,4,8,479.304790497
1,"map(tofrom: a)",16382,64,104,0,0,4,9,479.257106781
1,"map(tofrom: a)",16382,64,104,0,0,1955,0,2202.498912811
1,"map(tofrom: a)",16382,64,104,0,0,1955,1,2158.200740814
1,"map(tofrom: a)",16382,64,104,0,0,1955,2,2212.095260620
1,"map(tofrom: a)",16382,64,104,0,0,1955,3,2187.144756317
1,"map(tofrom: a)",16382,64,104,0,0,1955,4,2197.146415710
1,"map(tofrom: a)",16382,64,104,0,0,1955,5,2202.451229095
1,"map(tofrom: a)",16382,64,104,0,0,1955,6,2205.955982208
1,"map(tofrom: a)",16382,64,104,0,0,1955,7,2190.649509430
1,"map(tofrom: a)",16382,64,104,0,0,1955,8,2148.354053497
1,"map(tofrom: a)",16382,64,104,0,0,1955,9,2136.349678040
1,"map(tofrom: a)",16382,64,104,0,0,183,0,635.254383087
1,"map(tofrom: a)",16382,64,104,0,0,183,1,631.201267242
1,"map(tofrom: a)",16382,64,104,0,0,183,2,633.847713470
1,"map(tofrom: a)",16382,64,104,0,0,183,3,634.253025055
1,"map(tofrom: a)",16382,64,104,0,0,183,4,632.250308990
1,"map(tofrom: a)",16382,64,104,0,0,183,5,634.050369263
1,"map(tofrom: a)",16382,64,104,0,0,183,6,635.945796967
1,"map(tofrom: a)",16382,64,104,0,0,183,7,632.905960083
1,"map(tofrom: a)",16382,64,104,0,0,183,8,637.245178223
1,"map(tofrom: a)",16382,64,104,0,0,183,9,634.002685547
1,"map(tofrom: a)",16382,64,104,0,0,8096,0,7532.703876495
1,"map(tofrom: a)",16382,64,104,0,0,8096,1,7574.653625488
1,"map(tofrom: a)",16382,64,104,0,0,8096,2,7556.402683258
1,"map(tofrom: a)",16382,64,104,0,0,8096,3,7601.249217987
1,"map(tofrom: a)",16382,64,104,0,0,8096,4,7605.946063995
1,"map(tofrom: a)",16382,64,104,0,0,8096,5,7551.348209381
1,"map(tofrom: a)",16382,64,104,0,0,8096,6,7736.206054688
1,"map(tofrom: a)",16382,64,104,0,0,8096,7,7571.899890900
1,"map(tofrom: a)",16382,64,104,0,0,8096,8,7524.549961090
1,"map(tofrom: a)",16382,64,104,0,0,8096,9,7452.142238617
1,"map(tofrom: a)",16382,64,104,0,0,758,0,1119.601726532
1,"map(tofrom: a)",16382,64,104,0,0,758,1,1126.551628113
1,"map(tofrom: a)",16382,64,104,0,0,758,2,1132.142543793
1,"map(tofrom: a)",16382,64,104,0,0,758,3,1118.040084839
1,"map(tofrom: a)",16382,64,104,0,0,758,4,1136.159896851
1,"map(tofrom: a)",16382,64,104,0,0,758,5,1127.743721008
1,"map(tofrom: a)",16382,64,104,0,0,758,6,1131.951808929
1,"map(tofrom: a)",16382,64,104,0,0,758,7,1134.300231934
1,"map(tofrom: a)",16382,64,104,0,0,758,8,1132.690906525
1,"map(tofrom: a)",16382,64,104,0,0,758,9,1135.146617889
1,"map(tofrom: a)",16382,64,104,0,0,71,0,538.098812103
1,"map(tofrom: a)",16382,64,104,0,0,71,1,537.598133087
1,"map(tofrom: a)",16382,64,104,0,0,71,2,539.302825928
1,"map(tofrom: a)",16382,64,104,0,0,71,3,537.550449371
1,"map(tofrom: a)",16382,64,104,0,0,71,4,538.539886475
1,"map(tofrom: a)",16382,64,104,0,0,71,5,538.706779480
1,"map(tofrom: a)",16382,64,104,0,0,71,6,537.705421448
1,"map(tofrom: a)",16382,64,104,0,0,71,7,539.851188660
1,"map(tofrom: a)",16382,64,104,0,0,71,8,539.851188660
1,"map(tofrom: a)",16382,64,104,0,0,71,9,536.251068115
1,"map(tofrom: a)",16382,64,104,0,0,2,0,476.694107056
1,"map(tofrom: a)",16382,64,104,0,0,2,1,476.610660553
1,"map(tofrom: a)",16382,64,104,0,0,2,2,476.253032684
1,"map(tofrom: a)",16382,64,104,0,0,2,3,476.956367493
1,"map(tofrom: a)",16382,64,104,0,0,2,4,476.753711700
1,"map(tofrom: a)",16382,64,104,0,0,2,5,476.348400116
1,"map(tofrom: a)",16382,64,104,0,0,2,6,477.397441864
1,"map(tofrom: a)",16382,64,104,0,0,2,7,477.004051208
1,"map(tofrom: a)",16382,64,104,0,0,2,8,477.051734924
1,"map(tofrom: a)",16382,64,104,0,0,2,9,477.397441864
1,"map(tofrom: a)",16382,64,104,0,0,11,0,484.848022461
1,"map(tofrom: a)",16382,64,104,0,0,11,1,485.050678253
1,"map(tofrom: a)",16382,64,104,0,0,11,2,485.599040985
1,"map(tofrom: a)",16382,64,104,0,0,11,3,485.801696777
1,"map(tofrom: a)",16382,64,104,0,0,11,4,485.348701477
1,"map(tofrom: a)",16382,64,104,0,0,11,5,484.752655029
1,"map(tofrom: a)",16382,64,104,0,0,11,6,484.597682953
1,"map(tofrom: a)",16382,64,104,0,0,11,7,485.193729401
1,"map(tofrom: a)",16382,64,104,0,0,11,8,484.800338745
1,"map(tofrom: a)",16382,64,104,0,0,11,9,484.752655029
1,"map(tofrom: a)",16382,64,104,0,0,28,0,498.950481415
1,"map(tofrom: a)",16382,64,104,0,0,28,1,499.391555786
1,"map(tofrom: a)",16382,64,104,0,0,28,2,498.902797699
1,"map(tofrom: a)",16382,64,104,0,0,28,3,499.594211578
1,"map(tofrom: a)",16382,64,104,0,0,28,4,499.546527863
1,"map(tofrom: a)",16382,64,104,0,0,28,5,499.451160431
1,"map(tofrom: a)",16382,64,104,0,0,28,6,499.904155731
1,"map(tofrom: a)",16382,64,104,0,0,28,7,499.796867371
1,"map(tofrom: a)",16382,64,104,0,0,28,8,498.998165131
1,"map(tofrom: a)",16382,64,104,0,0,28,9,499.594211578
1,"map(tofrom: a)",16382,64,104,0,0,5042,0,4932.355880737
1,"map(tofrom: a)",16382,64,104,0,0,5042,1,4789.805412292
1,"map(tofrom: a)",16382,64,104,0,0,5042,2,4935.956001282
1,"map(tofrom: a)",16382,64,104,0,0,5042,3,4865.550994873
1,"map(tofrom: a)",16382,64,104,0,0,5042,4,4900.801181793
1,"map(tofrom: a)",16382,64,104,0,0,5042,5,4919.350147247
1,"map(tofrom: a)",16382,64,104,0,0,5042,6,4918.003082275
1,"map(tofrom: a)",16382,64,104,0,0,5042,7,4934.096336365
1,"map(tofrom: a)",16382,64,104,0,0,5042,8,4938.995838165
1,"map(tofrom: a)",16382,64,104,0,0,5042,9,4922.902584076
1,"map(tofrom: a)",16382,64,104,0,0,1218,0,1563.143730164
1,"map(tofrom: a)",16382,64,104,0,0,1218,1,1503.646373749
1,"map(tofrom: a)",16382,64,104,0,0,1218,2,1522.302627563
1,"map(tofrom: a)",16382,64,104,0,0,1218,3,1526.546478271
1,"map(tofrom: a)",16382,64,104,0,0,1218,4,1513.004302979
1,"map(tofrom: a)",16382,64,104,0,0,1218,5,1520.144939423
1,"map(tofrom: a)",16382,64,104,0,0,1218,6,1534.104347229
1,"map(tofrom: a)",16382,64,104,0,0,1218,7,1512.098312378
1,"map(tofrom: a)",16382,64,104,0,0,1218,8,1540.291309357
1,"map(tofrom: a)",16382,64,104,0,0,1218,9,1524.007320404
1,"map(tofrom: a)",16382,64,104,0,0,472,0,885.355472565
1,"map(tofrom: a)",16382,64,104,0,0,472,1,887.095928192
1,"map(tofrom: a)",16382,64,104,0,0,472,2,884.902477264
1,"map(tofrom: a)",16382,64,104,0,0,472,3,887.501239777
1,"map(tofrom: a)",16382,64,104,0,0,472,4,888.693332672
1,"map(tofrom: a)",16382,64,104,0,0,472,5,885.295867920
1,"map(tofrom: a)",16382,64,104,0,0,472,6,897.049903870
1,"map(tofrom: a)",16382,64,104,0,0,472,7,885.558128357
1,"map(tofrom: a)",16382,64,104,0,0,472,8,892.853736877
1,"map(tofrom: a)",16382,64,104,0,0,472,9,895.392894745
2,"map(to: a)",1,64,104,0,0,7,0,463.545322418
2,"map(to: a)",1,64,104,0,0,7,1,465.655326843
2,"map(to: a)",1,64,104,0,0,7,2,464.797019958
2,"map(to: a)",1,64,104,0,0,7,3,464.391708374
2,"map(to: a)",1,64,104,0,0,7,4,465.559959412
2,"map(to: a)",1,64,104,0,0,7,5,464.701652527
2,"map(to: a)",1,64,104,0,0,7,6,465.404987335
2,"map(to: a)",1,64,104,0,0,7,7,464.999675751
2,"map(to: a)",1,64,104,0,0,7,8,464.797019958
2,"map(to: a)",1,64,104,0,0,7,9,465.500354767
2,"map(to: a)",1,64,104,0,0,114,0,559.747219086
2,"map(to: a)",1,64,104,0,0,114,1,559.246540070
2,"map(to: a)",1,64,104,0,0,114,2,561.654567719
2,"map(to: a)",1,64,104,0,0,114,3,558.948516846
2,"map(to: a)",1,64,104,0,0,114,4,561.594963074
2,"map(to: a)",1,64,104,0,0,114,5,561.106204987
2,"map(to: a)",1,64,104,0,0,114,6,560.247898102
2,"map(to: a)",1,64,104,0,0,114,7,561.952590942
2,"map(to: a)",1,64,104,0,0,114,8,562.858581543
2,"map(to: a)",1,64,104,0,0,114,9,556.755065918
2,"map(to: a)",1,64,104,0,0,3,0,462.102890015
2,"map(to: a)",1,64,104,0,0,3,1,461.590290070
2,"map(to: a)",1,64,104,0,0,3,2,461.399555206
2,"map(to: a)",1,64,104,0,0,3,3,461.351871490
2,"map(to: a)",1,64,104,0,0,3,4,461.208820343
2,"map(to: a)",1,64,104,0,0,3,5,462.150573730
2,"map(to: a)",1,64,104,0,0,3,6,461.649894714
2,"map(to: a)",1,64,104,0,0,3,7,460.851192474
2,"map(to: a)",1,64,104,0,0,3,8,462.007522583
2,"map(to: a)",1,64,104,0,0,3,9,461.196899414
2,"map(to: a)",1,64,104,0,0,17,0,475.203990936
2,"map(to: a)",1,64,104,0,0,17,1,475.597381592
2,"map(to: a)",1,64,104,0,0,17,2,475.394725800
2,"map(to: a)",1,64,104,0,0,17,3,475.502014160
2,"map(to: a)",1,64,104,0,0,17,4,475.752353668
2,"map(to: a)",1,64,104,0,0,17,5,475.144386292
2,"map(to: a)",1,64,104,0,0,17,6,476.253032684
2,"map(to: a)",1,64,104,0,0,17,7,475.656986237
2,"map(to: a)",1,64,104,0,0,17,8,476.002693176
2,"map(to: a)",1,64,104,0,0,17,9,475.454330444
2,"map(to: a)",1,64,104,0,0,1,0,459.957122803
2,"map(to: a)",1,64,104,0,0,1,1,460.946559906
2,"map(to: a)",1,64,104,0,0,1,2,460.195541382
2,"map(to: a)",1,64,104,0,0,1,3,460.302829742
2,"map(to: a)",1,64,104,0,0,1,4,460.958480835
2,"map(to: a)",1,64,104,0,0,1,5,459.897518158
2,"map(to: a)",1,64,104,0,0,1,6,460.541248322
2,"map(to: a)",1,64,104,0,0,1,7,460.648536682
2,"map(to: a)",1,64,104,0,0,1,8,460.898876190
2,"map(to: a)",1,64,104,0,0,1,9,460.851192474
2,"map(to: a)",1,64,104,0,0,44,0,499.498844147
2,"map(to: a)",1,64,104,0,0,44,1,497.996807098
2,"map(to: a)",1,64,104,0,0,44,2,499.594211578
2,"map(to: a)",1,64,104,0,0,44,3,498.449802399
2,"map(to: a)",1,64,104,0,0,44,4,498.747825623
2,"map(to: a)",1,64,104,0,0,44,5,499.248504639
2,"map(to: a)",1,64,104,0,0,44,6,498.652458191
2,"map(to: a)",1,64,104,0,0,44,7,499.200820923
2,"map(to: a)",1,64,104,0,0,44,8,500.249862671
2,"map(to: a)",1,64,104,0,0,44,9,498.902797699
2,"map(to: a)",1,64,104,0,0,294,0,722.599029541
2,"map(to: a)",1,64,104,0,0,294,1,708.603858948
2,"map(to: a)",1,64,104,0,0,294,2,712.752342224
2,"map(to: a)",1,64,104,0,0,294,3,714.600086212
2,"map(to: a)",1,64,104,0,0,294,4,710.797309875
2,"map(to: a)",1,64,104,0,0,294,5,712.549686432
2,"map(to: a)",1,64,104,0,0,294,6,716.006755829
2,"map(to: a)",1,64,104,0,0,294,7,710.797309875
2,"map(to: a)",1,64,104,0,0,294,8,717.902183533
2,"map(to: a)",1,64,104,0,0,294,9,713.992118835
2,"map(to: a)",1,64,104,0,0,3140,0,3185.296058655
2,"map(to: a)",1,64,104,0,0,3140,1,3195.703029633
2,"map(to: a)",1,64,104,0,0,3140,2,3179.907798767
2,"map(to: a)",1,64,104,0,0,3140,3,3201.055526733
2,"map(to: a)",1,64,104,0,0,3140,4,3206.598758698
2,"map(to: a)",1,64,104,0,0,3140,5,3181.946277618
2,"map(to: a)",1,64,104,0,0,3140,6,3258.645534515
2,"map(to: a)",1,64,104,0,0,3140,7,3186.500072479
2,"map(to: a)",1,64,104,0,0,3140,8,3231.608867645
2,"map(to: a)",1,64,104,0,0,3140,9,3249.502182007
2,"map(to: a)",1,64,104,0,0,4,0,463.151931763
2,"map(to: a)",1,64,104,0,0,4,1,463.294982910
2,"map(to: a)",1,64,104,0,0,4,2,463.449954987
2,"map(to: a)",1,64,104,0,0,4,3,462.794303894
2,"map(to: a)",1,64,104,0,0,4,4,463.795661926
2,"map(to: a)",1,64,104,0,0,4,5,462.651252747
2,"map(to: a)",1,64,104,0,0,4,6,463.402271271
2,"map(to: a)",1,64,104,0,0,4,7,463.199615479
2,"map(to: a)",1,64,104,0,0,4,8,463.247299194
2,"map(to: a)",1,64,104,0,0,4,9,463.449954987
2,"map(to: a)",1,64,104,0,0,1955,0,2156.388759613
2,"map(to: a)",1,64,104,0,0,1955,1,2147.841453552
2,"map(to: a)",1,64,104,0,0,1955,2,2180.802822113
2,"map(to: a)",1,64,104,0,0,1955,3,2134.251594543
2,"map(to: a)",1,64,104,0,0,1955,4,2173.054218292
2,"map(to: a)",1,64,104,0,0,1955,5,2181.100845337
2,"map(to: a)",1,64,104,0,0,1955,6,2154.552936554
2,"map(to: a)",1,64,104,0,0,1955,7,2181.303501129
2,"map(to: a)",1,64,104,0,0,1955,8,2195.644378662
2,"map(to: a)",1,64,104,0,0,1955,9,2159.440517426
2,"map(to: a)",1,64,104,0,0,183,0,624.299049377
2,"map(to: a)",1,64,104,0,0,183,1,622.594356537
2,"map(to: a)",1,64,104,0,0,183,2,619.006156921
2,"map(to: a)",1,64,104,0,0,183,3,617.194175720
2,"map(to: a)",1,64,104,0,0,183,4,617.253780365
2,"map(to: a)",1,64,104,0,0,183,5,618.255138397
2,"map(to: a)",1,64,104,0,0,183,6,616.598129272
2,"map(to: a)",1,64,104,0,0,183,7,616.645812988
2,"map(to: a)",1,64,104,0,0,183,8,620.448589325
2,"map(to: a)",1,64,104,0,0,183,9,615.644454956
2,"map(to: a)",1,64,104,0,0,8096,0,7518.851757050
2,"map(to: a)",1,64,104,0,0,8096,1,7542.204856873
2,"map(to: a)",1,64,104,0,0,8096,2,7455.205917358
2,"map(to: a)",1,64,104,0,0,8096,3,7502.698898315
2,"map(to: a)",1,64,104,0,0,8096,4,7603.049278259
2,"map(to: a)",1,64,104,0,0,8096,5,7404.947280884
2,"map(to: a)",1,64,104,0,0,8096,6,7643.949985504
2,"map(to: a)",1,64,104,0,0,8096,7,7521.152496338
2,"map(to: a)",1,64,104,0,0,8096,8,7572.758197784
2,"map(to: a)",1,64,104,0,0,8096,9,7605.040073395
2,"map(to: a)",1,64,104,0,0,758,0,1128.399372101
2,"map(to: a)",1,64,104,0,0,758,1,1130.855083466
2,"map(to: a)",1,64,104,0,0,758,2,1132.249832153
2,"map(to: a)",1,64,104,0,0,758,3,1107.394695282
2,"map(to: a)",1,64,104,0,0,758,4,1117.444038391
2,"map(to: a)",1,64,104,0,0,758,5,1102.554798126
2,"map(to: a)",1,64,104,0,0,758,6,1113.343238831
2,"map(to: a)",1,64,104,0,0,758,7,1114.153862000
2,"map(to: a)",1,64,104,0,0,758,8,1105.093955994
2,"map(to: a)",1,64,104,0,0,758,9,1113.045215607
2,"map(to: a)",1,64,104,0,0,71,0,521.945953369
2,"map(to: a)",1,64,104,0,0,71,1,520.145893097
2,"map(to: a)",1,64,104,0,0,71,2,522.506237030
2,"map(to: a)",1,64,104,0,0,71,3,521.159172058
2,"map(to: a)",1,64,104,0,0,71,4,522.398948669
2,"map(to: a)",1,64,104,0,0,71,5,523.054599762
2,"map(to: a)",1,64,104,0,0,71,6,522.398948669
2,"map(to: a)",1,64,104,0,0,71,7,522.994995117
2,"map(to: a)",1,64,104,0,0,71,8,522.696971893
2,"map(to: a)",1,64,104,0,0,71,9,521.707534790
2,"map(to: a)",1,64,104,0,0,2,0,460.755825043
2,"map(to: a)",1,64,104,0,0,2,1,460.445880890
2,"map(to: a)",1,64,104,0,0,2,2,460.600852966
2,"map(to: a)",1,64,104,0,0,2,3,460.946559906
2,"map(to: a)",1,64,104,0,0,2,4,460.255146027
2,"map(to: a)",1,64,104,0,0,2,5,460.100173950
2,"map(to: a)",1,64,104,0,0,2,6,460.147857666
2,"map(to: a)",1,64,104,0,0,2,7,460.791587830
2,"map(to: a)",1,64,104,0,0,2,8,460.255146027
2,"map(to: a)",1,64,104,0,0,2,9,460.302829742
2,"map(to: a)",1,64,104,0,0,11,0,468.552112579
2,"map(to: a)",1,64,104,0,0,11,1,468.456745148
2,"map(to: a)",1,64,104,0,0,11,2,468.254089355
2,"map(to: a)",1,64,104,0,0,11,3,468.742847443
2,"map(to: a)",1,64,104,0,0,11,4,468.361377716
2,"map(to: a)",1,64,104,0,0,11,5,468.707084656
2,"map(to: a)",1,64,104,0,0,11,6,468.206405640
2,"map(to: a)",1,64,104,0,0,11,7,468.695163727
2,"map(to: a)",1,64,104,0,0,11,8,468.397140503
2,"map(to: a)",1,64,104,0,0,11,9,469.648838043
2,"map(to: a)",1,64,104,0,0,28,0,483.548641205
2,"map(to: a)",1,64,104,0,0,28,1,484.549999237
2,"map(to: a)",1,64,104,0,0,28,2,484.502315521
2,"map(to: a)",1,64,104,0,0,28,3,483.250617981
2,"map(to: a)",1,64,104,0,0,28,4,485.002994537
2,"map(to: a)",1,64,104,0,0,28,5,482.809543610
2,"map(to: a)",1,64,104,0,0,28,6,483.250617981
2,"map(to: a)",1,64,104,0,0,28,7,483.202934265
2,"map(to: a)",1,64,104,0,0,28,8,483.405590057
2,"map(to: a)",1,64,104,0,0,28,9,483.548641205
2,"map(to: a)",1,64,104,0,0,5042,0,4811.751842499
2,"map(to: a)",1,64,104,0,0,5042,1,4804.801940918
2,"map(to: a)",1,64,104,0,0,5042,2,4893.648624420
2,"map(to: a)",1,64,104,0,0,5042,3,4779.946804047
2,"map(to: a)",1,64,104,0,0,5042,4,4874.944686890
2,"map(to: a)",1,64,104,0,0,5042,5,4887.104034424
2,"map(to: a)",1,64,104,0,0,5042,6,4808.998107910
2,"map(to: a)",1,64,104,0,0,5042,7,4874.253273010
2,"map(to: a)",1,64,104,0,0,5042,8,4933.595657349
2,"map(to: a)",1,64,104,0,0,5042,9,4810.845851898
2,"map(to: a)",1,64,104,0,0,1218,0,1542.353630066
2,"map(to: a)",1,64,104,0,0,1218,1,1523.792743683
2,"map(to: a)",1,64,104,0,0,1218,2,1532.649993896
2,"map(to: a)",1,64,104,0,0,1218,3,1536.309719086
2,"map(to: a)",1,64,104,0,0,1218,4,1538.801193237
2,"map(to: a)",1,64,104,0,0,1218,5,1525.604724884
2,"map(to: a)",1,64,104,0,0,1218,6,1500.701904297
2,"map(to: a)",1,64,104,0,0,1218,7,1494.050025940
2,"map(to: a)",1,64,104,0,0,1218,8,1519.751548767
2,"map(to: a)",1,64,104,0,0,1218,9,1489.293575287
2,"map(to: a)",1,64,104,0,0,472,0,867.855548859
2,"map(to: a)",1,64,104,0,0,472,1,869.607925415
2,"map(to: a)",1,64,104,0,0,472,2,863.802433014
2,"map(to: a)",1,64,104,0,0,472,3,868.201255798
2,"map(to: a)",1,64,104,0,0,472,4,874.352455139
2,"map(to: a)",1,64,104,0,0,472,5,864.303112030
2,"map(to: a)",1,64,104,0,0,472,6,875.556468964
2,"map(to: a)",1,64,104,0,0,472,7,869.548320770
2,"map(to: a)",1,64,104,0,0,472,8,871.503353119
2,"map(to: a)",1,64,104,0,0,472,9,873.804092407
2,"map(to: a)",2,64,104,0,0,7,0,464.296340942
2,"map(to: a)",2,64,104,0,0,7,1,465.548038483
2,"map(to: a)",2,64,104,0,0,7,2,465.953350067
2,"map(to: a)",2,64,104,0,0,7,3,464.844703674
2,"map(to: a)",2,64,104,0,0,7,4,464.761257172
2,"map(to: a)",2,64,104,0,0,7,5,464.701652527
2,"map(to: a)",2,64,104,0,0,7,6,464.749336243
2,"map(to: a)",2,64,104,0,0,7,7,465.250015259
2,"map(to: a)",2,64,104,0,0,7,8,464.701652527
2,"map(to: a)",2,64,104,0,0,7,9,465.106964111
2,"map(to: a)",2,64,104,0,0,114,0,560.343265533
2,"map(to: a)",2,64,104,0,0,114,1,557.303428650
2,"map(to: a)",2,64,104,0,0,114,2,560.343265533
2,"map(to: a)",2,64,104,0,0,114,3,558.745861053
2,"map(to: a)",2,64,104,0,0,114,4,559.353828430
2,"map(to: a)",2,64,104,0,0,114,5,560.200214386
2,"map(to: a)",2,64,104,0,0,114,6,559.198856354
2,"map(to: a)",2,64,104,0,0,114,7,560.450553894
2,"map(to: a)",2,64,104,0,0,114,8,560.140609741
2,"map(to: a)",2,64,104,0,0,114,9,559.949874878
2,"map(to: a)",2,64,104,0,0,3,0,461.804866791
2,"map(to: a)",2,64,104,0,0,3,1,461.447238922
2,"map(to: a)",2,64,104,0,0,3,2,461.351871490
2,"map(to: a)",2,64,104,0,0,3,3,461.399555206
2,"map(to: a)",2,64,104,0,0,3,4,461.244583130
2,"map(to: a)",2,64,104,0,0,3,5,461.006164551
2,"map(to: a)",2,64,104,0,0,3,6,460.553169250
2,"map(to: a)",2,64,104,0,0,3,7,460.958480835
2,"map(to: a)",2,64,104,0,0,3,8,461.304187775
2,"map(to: a)",2,64,104,0,0,3,9,460.350513458
2,"map(to: a)",2,64,104,0,0,17,0,474.441051483
2,"map(to: a)",2,64,104,0,0,17,1,474.393367767
2,"map(to: a)",2,64,104,0,0,17,2,475.049018860
2,"map(to: a)",2,64,104,0,0,17,3,474.596023560
2,"map(to: a)",2,64,104,0,0,17,4,475.108623505
2,"map(to: a)",2,64,104,0,0,17,5,475.049018860
2,"map(to: a)",2,64,104,0,0,17,6,475.347042084
2,"map(to: a)",2,64,104,0,0,17,7,474.691390991
2,"map(to: a)",2,64,104,0,0,17,8,475.049018860
2,"map(to: a)",2,64,104,0,0,17,9,475.502014160
2,"map(to: a)",2,64,104,0,0,1,0,460.910797119
2,"map(to: a)",2,64,104,0,0,1,1,461.041927338
2,"map(to: a)",2,64,104,0,0,1,2,460.505485535
2,"map(to: a)",2,64,104,0,0,1,3,460.290908813
2,"map(to: a)",2,64,104,0,0,1,4,460.541248322
2,"map(to: a)",2,64,104,0,0,1,5,460.791587830
2,"map(to: a)",2,64,104,0,0,1,6,460.052490234
2,"map(to: a)",2,64,104,0,0,1,7,460.457801819
2,"map(to: a)",2,64,104,0,0,1,8,460.803508759
2,"map(to: a)",2,64,104,0,0,1,9,460.600852966
2,"map(to: a)",2,64,104,0,0,44,0,498.056411743
2,"map(to: a)",2,64,104,0,0,44,1,497.543811798
2,"map(to: a)",2,64,104,0,0,44,2,498.592853546
2,"map(to: a)",2,64,104,0,0,44,3,497.388839722
2,"map(to: a)",2,64,104,0,0,44,4,498.998165131
2,"map(to: a)",2,64,104,0,0,44,5,499.701499939
2,"map(to: a)",2,64,104,0,0,44,6,497.949123383
2,"map(to: a)",2,64,104,0,0,44,7,498.747825623
2,"map(to: a)",2,64,104,0,0,44,8,499.403476715
2,"map(to: a)",2,64,104,0,0,44,9,497.949123383
2,"map(to: a)",2,64,104,0,0,294,0,721.895694733
2,"map(to: a)",2,64,104,0,0,294,1,717.151165009
2,"map(to: a)",2,64,104,0,0,294,2,719.559192657
2,"map(to: a)",2,64,104,0,0,294,3,721.049308777
2,"map(to: a)",2,64,104,0,0,294,4,720.906257629
2,"map(to: a)",2,64,104,0,0,294,5,717.604160309
2,"map(to: a)",2,64,104,0,0,294,6,711.655616760
2,"map(to: a)",2,64,104,0,0,294,7,709.843635559
2,"map(to: a)",2,64,104,0,0,294,8,716.257095337
2,"map(to: a)",2,64,104,0,0,294,9,708.746910095
2,"map(to: a)",2,64,104,0,0,3140,0,3177.201747894
2,"map(to: a)",2,64,104,0,0,3140,1,3181.302547455
2,"map(to: a)",2,64,104,0,0,3140,2,3147.602081299
2,"map(to: a)",2,64,104,0,0,3140,3,3178.203105927
2,"map(to: a)",2,64,104,0,0,3140,4,3212.952613831
2,"map(to: a)",2,64,104,0,0,3140,5,3150.892257690
2,"map(to: a)",2,64,104,0,0,3140,6,3221.046924591
2,"map(to: a)",2,64,104,0,0,3140,7,3178.858757019
2,"map(to: a)",2,64,104,0,0,3140,8,3194.248676300
2,"map(to: a)",2,64,104,0,0,3140,9,3211.998939514
2,"map(to: a)",2,64,104,0,0,4,0,463.640689850
2,"map(to: a)",2,64,104,0,0,4,1,464.153289795
2,"map(to: a)",2,64,104,0,0,4,2,463.354587555
2,"map(to: a)",2,64,104,0,0,4,3,463.557243347
2,"map(to: a)",2,64,104,0,0,4,4,464.200973511
2,"map(to: a)",2,64,104,0,0,4,5,463.497638702
2,"map(to: a)",2,64,104,0,0,4,6,463.998317719
2,"map(to: a)",2,64,104,0,0,4,7,463.700294495
2,"map(to: a)",2,64,104,0,0,4,8,463.545322418
2,"map(to: a)",2,64,104,0,0,4,9,463.092327118
2,"map(to: a)",2,64,104,0,0,1955,0,2156.352996826
2,"map(to: a)",2,64,104,0,0,1955,1,2115.845680237
2,"map(to: a)",2,64,104,0,0,1955,2,2163.004875183
2,"map(to: a)",2,64,104,0,0,1955,3,2140.045166016
2,"map(to: a)",2,64,104,0,0,1955,4,2153.992652893
2,"map(to: a)",2,64,104,0,0,1955,5,2160.203456879
2,"map(to: a)",2,64,104,0,0,1955,6,2157.998085022
2,"map(to: a)",2,64,104,0,0,1955,7,2159.643173218
2,"map(to: a)",2,64,104,0,0,1955,8,2160.859107971
2,"map(to: a)",2,64,104,0,0,1955,9,2148.556709290
2,"map(to: a)",2,64,104,0,0,183,0,622.606277466
2,"map(to: a)",2,64,104,0,0,183,1,618.696212769
2,"map(to: a)",2,64,104,0,0,183,2,622.248649597
2,"map(to: a)",2,64,104,0,0,183,3,623.250007629
2,"map(to: a)",2,64,104,0,0,183,4,620.603561401
2,"map(to: a)",2,64,104,0,0,183,5,622.498989105
2,"map(to: a)",2,64,104,0,0,183,6,623.905658722
2,"map(to: a)",2,64,104,0,0,183,7,616.145133972
2,"map(to: a)",2,64,104,0,0,183,8,618.803501129
2,"map(to: a)",2,64,104,0,0,183,9,616.347789764
2,"map(to: a)",2,64,104,0,0,8096,0,7434.749603271
2,"map(to: a)",2,64,104,0,0,8096,1,7420.349121094
2,"map(to: a)",2,64,104,0,0,8096,2,7424.700260162
2,"map(to: a)",2,64,104,0,0,8096,3,7467.150688171
2,"map(to: a)",2,64,104,0,0,8096,4,7466.757297516
2,"map(to: a)",2,64,104,0,0,8096,5,7442.140579224
2,"map(to: a)",2,64,104,0,0,8096,6,7592.701911926
2,"map(to: a)",2,64,104,0,0,8096,7,7419.848442078
2,"map(to: a)",2,64,104,0,0,8096,8,7520.902156830
2,"map(to: a)",2,64,104,0,0,8096,9,7562.208175659
2,"map(to: a)",2,64,104,0,0,758,0,1114.749908447
2,"map(to: a)",2,64,104,0,0,758,1,1124.501228333
2,"map(to: a)",2,64,104,0,0,758,2,1132.392883301
2,"map(to: a)",2,64,104,0,0,758,3,1112.842559814
2,"map(to: a)",2,64,104,0,0,758,4,1135.849952698
2,"map(to: a)",2,64,104,0,0,758,5,1125.895977020
2,"map(to: a)",2,64,104,0,0,758,6,1128.649711609
2,"map(to: a)",2,64,104,0,0,758,7,1133.048534393
2,"map(to: a)",2,64,104,0,0,758,8,1106.750965118
2,"map(to: a)",2,64,104,0,0,758,9,1108.598709106
2,"map(to: a)",2,64,104,0,0,71,0,521.254539490
2,"map(to: a)",2,64,104,0,0,71,1,520.694255829
2,"map(to: a)",2,64,104,0,0,71,2,521.457195282
2,"map(to: a)",2,64,104,0,0,71,3,520.610809326
2,"map(to: a)",2,64,104,0,0,71,4,522.446632385
2,"map(to: a)",2,64,104,0,0,71,5,522.649288177
2,"map(to: a)",2,64,104,0,0,71,6,520.551204681
2,"map(to: a)",2,64,104,0,0,71,7,522.148609161
2,"map(to: a)",2,64,104,0,0,71,8,523.352622986
2,"map(to: a)",2,64,104,0,0,71,9,521.695613861
2,"map(to: a)",2,64,104,0,0,2,0,460.994243622
2,"map(to: a)",2,64,104,0,0,2,1,461.041927338
2,"map(to: a)",2,64,104,0,0,2,2,461.399555206
2,"map(to: a)",2,64,104,0,0,2,3,460.851192474
2,"map(to: a)",2,64,104,0,0,2,4,460.493564606
2,"map(to: a)",2,64,104,0,0,2,5,460.898876190
2,"map(to: a)",2,64,104,0,0,2,6,461.196899414
2,"map(to: a)",2,64,104,0,0,2,7,460.851192474
2,"map(to: a)",2,64,104,0,0,2,8,461.149215698
2,"map(to: a)",2,64,104,0,0,2,9,461.506843567
2,"map(to: a)",2,64,104,0,0,11,0,468.850135803
2,"map(to: a)",2,64,104,0,0,11,1,468.599796295
2,"map(to: a)",2,64,104,0,0,11,2,468.099117279
2,"map(to: a)",2,64,104,0,0,11,3,468.742847443
2,"map(to: a)",2,64,104,0,0,11,4,468.492507935
2,"map(to: a)",2,64,104,0,0,11,5,468.897819519
2,"map(to: a)",2,64,104,0,0,11,6,468.647480011
2,"map(to: a)",2,64,104,0,0,11,7,468.647480011
2,"map(to: a)",2,64,104,0,0,11,8,468.552112579
2,"map(to: a)",2,64,104,0,0,11,9,469.100475311
2,"map(to: a)",2,64,104,0,0,28,0,484.406948090
2,"map(to: a)",2,64,104,0,0,28,1,484.144687653
2,"map(to: a)",2,64,104,0,0,28,2,484.097003937
2,"map(to: a)",2,64,104,0,0,28,3,484.144687653
2,"map(to: a)",2,64,104,0,0,28,4,484.609603882
2,"map(to: a)",2,64,104,0,0,28,5,484.251976013
2,"map(to: a)",2,64,104,0,0,28,6,484.549999237
2,"map(to: a)",2,64,104,0,0,28,7,484.943389893
2,"map(to: a)",2,64,104,0,0,28,8,484.406948090
2,"map(to: a)",2,64,104,0,0,28,9,484.049320221
2,"map(to: a)",2,64,104,0,0,5042,0,4828.000068665
2,"map(to: a)",2,64,104,0,0,5042,1,4718.649387360
2,"map(to: a)",2,64,104,0,0,5042,2,4853.796958923
2,"map(to: a)",2,64,104,0,0,5042,3,4785.203933716
2,"map(to: a)",2,64,104,0,0,5042,4,4800.009727478
2,"map(to: a)",2,64,104,0,0,5042,5,4817.998409271
2,"map(to: a)",2,64,104,0,0,5042,6,4826.295375824
2,"map(to: a)",2,64,104,0,0,5042,7,4839.193820953
2,"map(to: a)",2,64,104,0,0,5042,8,4852.557182312
2,"map(to: a)",2,64,104,0,0,5042,9,4830.706119537
2,"map(to: a)",2,64,104,0,0,1218,0,1531.755924225
2,"map(to: a)",2,64,104,0,0,1218,1,1502.454280853
2,"map(to: a)",2,64,104,0,0,1218,2,1525.449752808
2,"map(to: a)",2,64,104,0,0,1218,3,1530.098915100
2,"map(to: a)",2,64,104,0,0,1218,4,1515.352725983
2,"map(to: a)",2,64,104,0,0,1218,5,1531.600952148
2,"map(to: a)",2,64,104,0,0,1218,6,1541.650295258
2,"map(to: a)",2,64,104,0,0,1218,7,1516.294479370
2,"map(to: a)",2,64,104,0,0,1218,8,1547.408103943
2,"map(to: a)",2,64,104,0,0,1218,9,1534.044742584
2,"map(to: a)",2,64,104,0,0,472,0,870.800018311
2,"map(to: a)",2,64,104,0,0,472,1,863.707065582
2,"map(to: a)",2,64,104,0,0,472,2,864.005088806
2,"map(to: a)",2,64,104,0,0,472,3,866.496562958
2,"map(to: a)",2,64,104,0,0,472,4,864.493846893
2,"map(to: a)",2,64,104,0,0,472,5,862.848758698
2,"map(to: a)",2,64,104,0,0,472,6,872.552394867
2,"map(to: a)",2,64,104,0,0,472,7,861.001014709
2,"map(to: a)",2,64,104,0,0,472,8,870.597362518
2,"map(to: a)",2,64,104,0,0,472,9,872.242450714
2,"map(to: a)",4,64,104,0,0,7,0,463.950634003
2,"map(to: a)",4,64,104,0,0,7,1,465.750694275
2,"map(to: a)",4,64,104,0,0,7,2,465.404987335
2,"map(to: a)",4,64,104,0,0,7,3,464.951992035
2,"map(to: a)",4,64,104,0,0,7,4,465.297698975
2,"map(to: a)",4,64,104,0,0,7,5,465.655326843
2,"map(to: a)",4,64,104,0,0,7,6,464.749336243
2,"map(to: a)",4,64,104,0,0,7,7,465.059280396
2,"map(to: a)",4,64,104,0,0,7,8,464.844703674
2,"map(to: a)",4,64,104,0,0,7,9,465.106964111
2,"map(to: a)",4,64,104,0,0,114,0,558.543205261
2,"map(to: a)",4,64,104,0,0,114,1,557.494163513
2,"map(to: a)",4,64,104,0,0,114,2,559.294223785
2,"map(to: a)",4,64,104,0,0,114,3,556.552410126
2,"map(to: a)",4,64,104,0,0,114,4,558.745861053
2,"map(to: a)",4,64,104,0,0,114,5,559.306144714
2,"map(to: a)",4,64,104,0,0,114,6,558.292865753
2,"map(to: a)",4,64,104,0,0,114,7,558.948516846
2,"map(to: a)",4,64,104,0,0,114,8,560.295581818
2,"map(to: a)",4,64,104,0,0,114,9,557.649135590
2,"map(to: a)",4,64,104,0,0,3,0,462.055206299
2,"map(to: a)",4,64,104,0,0,3,1,462.198257446
2,"map(to: a)",4,64,104,0,0,3,2,461.852550507
2,"map(to: a)",4,64,104,0,0,3,3,461.745262146
2,"map(to: a)",4,64,104,0,0,3,4,461.351871490
2,"map(to: a)",4,64,104,0,0,3,5,461.995601654
2,"map(to: a)",4,64,104,0,0,3,6,461.995601654
2,"map(to: a)",4,64,104,0,0,3,7,462.150573730
2,"map(to: a)",4,64,104,0,0,3,8,461.399555206
2,"map(to: a)",4,64,104,0,0,3,9,461.745262146
2,"map(to: a)",4,64,104,0,0,17,0,475.001335144
2,"map(to: a)",4,64,104,0,0,17,1,475.299358368
2,"map(to: a)",4,64,104,0,0,17,2,474.345684052
2,"map(to: a)",4,64,104,0,0,17,3,474.655628204
2,"map(to: a)",4,64,104,0,0,17,4,475.001335144
2,"map(to: a)",4,64,104,0,0,17,5,474.798679352
2,"map(to: a)",4,64,104,0,0,17,6,475.740432739
2,"map(to: a)",4,64,104,0,0,17,7,474.655628204
2,"map(to: a)",4,64,104,0,0,17,8,474.202632904
2,"map(to: a)",4,64,104,0,0,17,9,475.347042084
2,"map(to: a)",4,64,104,0,0,1,0,460.445880890
2,"map(to: a)",4,64,104,0,0,1,1,461.542606354
2,"map(to: a)",4,64,104,0,0,1,2,460.946559906
2,"map(to: a)",4,64,104,0,0,1,3,460.708141327
2,"map(to: a)",4,64,104,0,0,1,4,460.648536682
2,"map(to: a)",4,64,104,0,0,1,5,460.457801819
2,"map(to: a)",4,64,104,0,0,1,6,461.292266846
2,"map(to: a)",4,64,104,0,0,1,7,460.946559906
2,"map(to: a)",4,64,104,0,0,1,8,460.898876190
2,"map(to: a)",4,64,104,0,0,1,9,460.898876190
2,"map(to: a)",4,64,104,0,0,44,0,499.200820923
2,"map(to: a)",4,64,104,0,0,44,1,496.792793274
2,"map(to: a)",4,64,104,0,0,44,2,498.545169830
2,"map(to: a)",4,64,104,0,0,44,3,497.698783875
2,"map(to: a)",4,64,104,0,0,44,4,497.949123383
2,"map(to: a)",4,64,104,0,0,44,5,497.949123383
2,"map(to: a)",4,64,104,0,0,44,6,498.747825623
2,"map(to: a)",4,64,104,0,0,44,7,498.545169830
2,"map(to: a)",4,64,104,0,0,44,8,498.700141907
2,"map(to: a)",4,64,104,0,0,44,9,498.247146606
2,"map(to: a)",4,64,104,0,0,294,0,719.153881073
2,"map(to: a)",4,64,104,0,0,294,1,711.953639984
2,"map(to: a)",4,64,104,0,0,294,2,717.902183533
2,"map(to: a)",4,64,104,0,0,294,3,719.296932220
2,"map(to: a)",4,64,104,0,0,294,4,714.790821075
2,"map(to: a)",4,64,104,0,0,294,5,719.809532166
2,"map(to: a)",4,64,104,0,0,294,6,721.251964569
2,"map(to: a)",4,64,104,0,0,294,7,715.792179108
2,"map(to: a)",4,64,104,0,0,294,8,723.302364349
2,"map(to: a)",4,64,104,0,0,294,9,719.690322876
2,"map(to: a)",4,64,104,0,0,3140,0,3192.555904388
2,"map(to: a)",4,64,104,0,0,3140,1,3145.897388458
2,"map(to: a)",4,64,104,0,0,3140,2,3151.202201843
2,"map(to: a)",4,64,104,0,0,3140,3,3165.698051453
2,"map(to: a)",4,64,104,0,0,3140,4,3151.452541351
2,"map(to: a)",4,64,104,0,0,3140,5,3141.796588898
2,"map(to: a)",4,64,104,0,0,3140,6,3205.704689026
2,"map(to: a)",4,64,104,0,0,3140,7,3130.149841309
2,"map(to: a)",4,64,104,0,0,3140,8,3195.595741272
2,"map(to: a)",4,64,104,0,0,3140,9,3205.752372742
2,"map(to: a)",4,64,104,0,0,4,0,463.092327118
2,"map(to: a)",4,64,104,0,0,4,1,463.247299194
2,"map(to: a)",4,64,104,0,0,4,2,463.640689850
2,"map(to: a)",4,64,104,0,0,4,3,463.247299194
2,"map(to: a)",4,64,104,0,0,4,4,464.451313019
2,"map(to: a)",4,64,104,0,0,4,5,463.652610779
2,"map(to: a)",4,64,104,0,0,4,6,463.855266571
2,"map(to: a)",4,64,104,0,0,4,7,463.557243347
2,"map(to: a)",4,64,104,0,0,4,8,463.855266571
2,"map(to: a)",4,64,104,0,0,4,9,463.843345642
2,"map(to: a)",4,64,104,0,0,1955,0,2192.795276642
2,"map(to: a)",4,64,104,0,0,1955,1,2128.505706787
2,"map(to: a)",4,64,104,0,0,1955,2,2156.102657318
2,"map(to: a)",4,64,104,0,0,1955,3,2115.046977997
2,"map(to: a)",4,64,104,0,0,1955,4,2143.895626068
2,"map(to: a)",4,64,104,0,0,1955,5,2145.946025848
2,"map(to: a)",4,64,104,0,0,1955,6,2126.407623291
2,"map(to: a)",4,64,104,0,0,1955,7,2145.040035248
2,"map(to: a)",4,64,104,0,0,1955,8,2172.696590424
2,"map(to: a)",4,64,104,0,0,1955,9,2129.697799683
2,"map(to: a)",4,64,104,0,0,183,0,621.104240417
2,"map(to: a)",4,64,104,0,0,183,1,618.398189545
2,"map(to: a)",4,64,104,0,0,183,2,619.244575500
2,"map(to: a)",4,64,104,0,0,183,3,620.949268341
2,"map(to: a)",4,64,104,0,0,183,4,619.852542877
2,"map(to: a)",4,64,104,0,0,183,5,621.402263641
2,"map(to: a)",4,64,104,0,0,183,6,621.545314789
2,"map(to: a)",4,64,104,0,0,183,7,619.494915009
2,"map(to: a)",4,64,104,0,0,183,8,623.643398285
2,"map(to: a)",4,64,104,0,0,183,9,619.947910309
2,"map(to: a)",4,64,104,0,0,8096,0,7675.552368164
2,"map(to: a)",4,64,104,0,0,8096,1,7700.049877167
2,"map(to: a)",4,64,104,0,0,8096,2,7336.544990540
2,"map(to: a)",4,64,104,0,0,8096,3,7409.143447876
2,"map(to: a)",4,64,104,0,0,8096,4,7496.547698975
2,"map(to: a)",4,64,104,0,0,8096,5,7343.947887421
2,"map(to: a)",4,64,104,0,0,8096,6,7505.297660828
2,"map(to: a)",4,64,104,0,0,8096,7,7400.596141815
2,"map(to: a)",4,64,104,0,0,8096,8,7458.055019379
2,"map(to: a)",4,64,104,0,0,8096,9,7471.752166748
2,"map(to: a)",4,64,104,0,0,758,0,1117.646694183
2,"map(to: a)",4,64,104,0,0,758,1,1120.400428772
2,"map(to: a)",4,64,104,0,0,758,2,1122.844219208
2,"map(to: a)",4,64,104,0,0,758,3,1113.545894623
2,"map(to: a)",4,64,104,0,0,758,4,1131.498813629
2,"map(to: a)",4,64,104,0,0,758,5,1113.605499268
2,"map(to: a)",4,64,104,0,0,758,6,1127.147674561
2,"map(to: a)",4,64,104,0,0,758,7,1130.902767181
2,"map(to: a)",4,64,104,0,0,758,8,1121.902465820
2,"map(to: a)",4,64,104,0,0,758,9,1128.947734833
2,"map(to: a)",4,64,104,0,0,71,0,525.248050690
2,"map(to: a)",4,64,104,0,0,71,1,523.245334625
2,"map(to: a)",4,64,104,0,0,71,2,525.796413422
2,"map(to: a)",4,64,104,0,0,71,3,523.197650909
2,"map(to: a)",4,64,104,0,0,71,4,522.804260254
2,"map(to: a)",4,64,104,0,0,71,5,522.398948669
2,"map(to: a)",4,64,104,0,0,71,6,523.602962494
2,"map(to: a)",4,64,104,0,0,71,7,522.291660309
2,"map(to: a)",4,64,104,0,0,71,8,521.850585938
2,"map(to: a)",4,64,104,0,0,71,9,521.755218506
2,"map(to: a)",4,64,104,0,0,2,0,462.055206299
2,"map(to: a)",4,64,104,0,0,2,1,461.709499359
2,"map(to: a)",4,64,104,0,0,2,2,461.602210999
2,"map(to: a)",4,64,104,0,0,2,3,462.400913239
2,"map(to: a)",4,64,104,0,0,2,4,461.649894714
2,"map(to: a)",4,64,104,0,0,2,5,461.590290070
2,"map(to: a)",4,64,104,0,0,2,6,461.900234222
2,"map(to: a)",4,64,104,0,0,2,7,461.244583130
2,"map(to: a)",4,64,104,0,0,2,8,462.257862091
2,"map(to: a)",4,64,104,0,0,2,9,461.947917938
2,"map(to: a)",4,64,104,0,0,11,0,469.493865967
2,"map(to: a)",4,64,104,0,0,11,1,469.744205475
2,"map(to: a)",4,64,104,0,0,11,2,469.398498535
2,"map(to: a)",4,64,104,0,0,11,3,469.243526459
2,"map(to: a)",4,64,104,0,0,11,4,469.303131104
2,"map(to: a)",4,64,104,0,0,11,5,468.647480011
2,"map(to: a)",4,64,104,0,0,11,6,472.295284271
2,"map(to: a)",4,64,104,0,0,11,7,468.707084656
2,"map(to: a)",4,64,104,0,0,11,8,469.005107880
2,"map(to: a)",4,64,104,0,0,11,9,469.040870667
2,"map(to: a)",4,64,104,0,0,28,0,483.846664429
2,"map(to: a)",4,64,104,0,0,28,1,484.645366669
2,"map(to: a)",4,64,104,0,0,28,2,484.800338745
2,"map(to: a)",4,64,104,0,0,28,3,484.049320221
2,"map(to: a)",4,64,104,0,0,28,4,484.800338745
2,"map(to: a)",4,64,104,0,0,28,5,485.253334045
2,"map(to: a)",4,64,104,0,0,28,6,484.800338745
2,"map(to: a)",4,64,104,0,0,28,7,485.098361969
2,"map(to: a)",4,64,104,0,0,28,8,484.204292297
2,"map(to: a)",4,64,104,0,0,28,9,484.895706177
2,"map(to: a)",4,64,104,0,0,5042,0,4910.039901733
2,"map(to: a)",4,64,104,0,0,5042,1,4874.944686890
2,"map(to: a)",4,64,104,0,0,5042,2,4988.896846771
2,"map(to: a)",4,64,104,0,0,5042,3,4885.852336884
2,"map(to: a)",4,64,104,0,0,5042,4,4857.456684113
2,"map(to: a)",4,64,104,0,0,5042,5,4812.645912170
2,"map(to: a)",4,64,104,0,0,5042,6,4757.440090179
2,"map(to: a)",4,64,104,0,0,5042,7,4802.203178406
2,"map(to: a)",4,64,104,0,0,5042,8,4844.748973846
2,"map(to: a)",4,64,104,0,0,5042,9,4748.153686523
2,"map(to: a)",4,64,104,0,0,1218,0,1521.241664886
2,"map(to: a)",4,64,104,0,0,1218,1,1507.842540741
2,"map(to: a)",4,64,104,0,0,1218,2,1514.148712158
2,"map(to: a)",4,64,104,0,0,1218,3,1517.653465271
2,"map(to: a)",4,64,104,0,0,1218,4,1515.400409698
2,"map(to: a)",4,64,104,0,0,1218,5,1519.548892975
2,"map(to: a)",4,64,104,0,0,1218,6,1518.940925598
2,"map(to: a)",4,64,104,0,0,1218,7,1512.300968170
2,"map(to: a)",4,64,104,0,0,1218,8,1540.648937225
2,"map(to: a)",4,64,104,0,0,1218,9,1512.098312378
2,"map(to: a)",4,64,104,0,0,472,0,877.749919891
2,"map(to: a)",4,64,104,0,0,472,1,878.298282623
2,"map(to: a)",4,64,104,0,0,472,2,873.708724976
2,"map(to: a)",4,64,104,0,0,472,3,879.204273224
2,"map(to: a)",4,64,104,0,0,472,4,883.901119232
2,"map(to: a)",4,64,104,0,0,472,5,861.155986786
2,"map(to: a)",4,64,104,0,0,472,6,870.203971863
2,"map(to: a)",4,64,104,0,0,472,7,864.160060883
2,"map(to: a)",4,64,104,0,0,472,8,866.353511810
2,"map(to: a)",4,64,104,0,0,472,9,865.900516510
2,"map(to: a)",8,64,104,0,0,7,0,464.606285095
2,"map(to: a)",8,64,104,0,0,7,1,466.144084930
2,"map(to: a)",8,64,104,0,0,7,2,465.905666351
2,"map(to: a)",8,64,104,0,0,7,3,465.345382690
2,"map(to: a)",8,64,104,0,0,7,4,465.655326843
2,"map(to: a)",8,64,104,0,0,7,5,465.595722198
2,"map(to: a)",8,64,104,0,0,7,6,465.393066406
2,"map(to: a)",8,64,104,0,0,7,7,465.500354767
2,"map(to: a)",8,64,104,0,0,7,8,465.250015259
2,"map(to: a)",8,64,104,0,0,7,9,465.345382690
2,"map(to: a)",8,64,104,0,0,114,0,563.645362854
2,"map(to: a)",8,64,104,0,0,114,1,559.747219086
2,"map(to: a)",8,64,104,0,0,114,2,563.192367554
2,"map(to: a)",8,64,104,0,0,114,3,557.255744934
2,"map(to: a)",8,64,104,0,0,114,4,558.209419250
2,"map(to: a)",8,64,104,0,0,114,5,558.495521545
2,"map(to: a)",8,64,104,0,0,114,6,558.102130890
2,"map(to: a)",8,64,104,0,0,114,7,557.994842529
2,"map(to: a)",8,64,104,0,0,114,8,558.698177338
2,"map(to: a)",8,64,104,0,0,114,9,557.899475098
2,"map(to: a)",8,64,104,0,0,3,0,461.804866791
2,"map(to: a)",8,64,104,0,0,3,1,461.745262146
2,"map(to: a)",8,64,104,0,0,3,2,461.602210999
2,"map(to: a)",8,64,104,0,0,3,3,462.758541107
2,"map(to: a)",8,64,104,0,0,3,4,461.804866791
2,"map(to: a)",8,64,104,0,0,3,5,461.757183075
2,"map(to: a)",8,64,104,0,0,3,6,461.745262146
2,"map(to: a)",8,64,104,0,0,3,7,461.649894714
2,"map(to: a)",8,64,104,0,0,3,8,462.496280670
2,"map(to: a)",8,64,104,0,0,3,9,461.649894714
2,"map(to: a)",8,64,104,0,0,17,0,475.859642029
2,"map(to: a)",8,64,104,0,0,17,1,475.752353668
2,"map(to: a)",8,64,104,0,0,17,2,475.454330444
2,"map(to: a)",8,64,104,0,0,17,3,475.394725800
2,"map(to: a)",8,64,104,0,0,17,4,474.858283997
2,"map(to: a)",8,64,104,0,0,17,5,474.703311920
2,"map(to: a)",8,64,104,0,0,17,6,475.299358368
2,"map(to: a)",8,64,104,0,0,17,7,474.596023560
2,"map(to: a)",8,64,104,0,0,17,8,475.001335144
2,"map(to: a)",8,64,104,0,0,17,9,475.299358368
2,"map(to: a)",8,64,104,0,0,1,0,460.803508759
2,"map(to: a)",8,64,104,0,0,1,1,460.600852966
2,"map(to: a)",8,64,104,0,0,1,2,460.898876190
2,"map(to: a)",8,64,104,0,0,1,3,461.053848267
2,"map(to: a)",8,64,104,0,0,1,4,460.302829742
2,"map(to: a)",8,64,104,0,0,1,5,460.648536682
2,"map(to: a)",8,64,104,0,0,1,6,460.851192474
2,"map(to: a)",8,64,104,0,0,1,7,460.851192474
2,"map(to: a)",8,64,104,0,0,1,8,460.898876190
2,"map(to: a)",8,64,104,0,0,1,9,460.994243622
2,"map(to: a)",8,64,104,0,0,44,0,498.700141907
2,"map(to: a)",8,64,104,0,0,44,1,498.640537262
2,"map(to: a)",8,64,104,0,0,44,2,499.653816223
2,"map(to: a)",8,64,104,0,0,44,3,498.604774475
2,"map(to: a)",8,64,104,0,0,44,4,498.259067535
2,"map(to: a)",8,64,104,0,0,44,5,497.400760651
2,"map(to: a)",8,64,104,0,0,44,6,497.293472290
2,"map(to: a)",8,64,104,0,0,44,7,498.199462891
2,"map(to: a)",8,64,104,0,0,44,8,498.092174530
2,"map(to: a)",8,64,104,0,0,44,9,497.305393219
2,"map(to: a)",8,64,104,0,0,294,0,716.149806976
2,"map(to: a)",8,64,104,0,0,294,1,713.551044464
2,"map(to: a)",8,64,104,0,0,294,2,714.850425720
2,"map(to: a)",8,64,104,0,0,294,3,716.197490692
2,"map(to: a)",8,64,104,0,0,294,4,715.506076813
2,"map(to: a)",8,64,104,0,0,294,5,716.042518616
2,"map(to: a)",8,64,104,0,0,294,6,716.507434845
2,"map(to: a)",8,64,104,0,0,294,7,714.206695557
2,"map(to: a)",8,64,104,0,0,294,8,721.645355225
2,"map(to: a)",8,64,104,0,0,294,9,714.147090912
2,"map(to: a)",8,64,104,0,0,3140,0,3236.258029938
2,"map(to: a)",8,64,104,0,0,3140,1,3238.892555237
2,"map(to: a)",8,64,104,0,0,3140,2,3205.800056458
2,"map(to: a)",8,64,104,0,0,3140,3,3245.496749878
2,"map(to: a)",8,64,104,0,0,3140,4,3276.693820953
2,"map(to: a)",8,64,104,0,0,3140,5,3123.950958252
2,"map(to: a)",8,64,104,0,0,3140,6,3180.551528931
2,"map(to: a)",8,64,104,0,0,3140,7,3139.650821686
2,"map(to: a)",8,64,104,0,0,3140,8,3162.252902985
2,"map(to: a)",8,64,104,0,0,3140,9,3155.744075775
2,"map(to: a)",8,64,104,0,0,4,0,462.901592255
2,"map(to: a)",8,64,104,0,0,4,1,463.449954987
2,"map(to: a)",8,64,104,0,0,4,2,463.104248047
2,"map(to: a)",8,64,104,0,0,4,3,463.509559631
2,"map(to: a)",8,64,104,0,0,4,4,463.497638702
2,"map(to: a)",8,64,104,0,0,4,5,463.151931763
2,"map(to: a)",8,64,104,0,0,4,6,463.998317719
2,"map(to: a)",8,64,104,0,0,4,7,463.998317719
2,"map(to: a)",8,64,104,0,0,4,8,463.604927063
2,"map(to: a)",8,64,104,0,0,4,9,463.950634003
2,"map(to: a)",8,64,104,0,0,1955,0,2192.354202271
2,"map(to: a)",8,64,104,0,0,1955,1,2147.698402405
2,"map(to: a)",8,64,104,0,0,1955,2,2201.092243195
2,"map(to: a)",8,64,104,0,0,1955,3,2178.299427032
2,"map(to: a)",8,64,104,0,0,1955,4,2183.139324188
2,"map(to: a)",8,64,104,0,0,1955,5,2194.142341614
2,"map(to: a)",8,64,104,0,0,1955,6,2126.896381378
2,"map(to: a)",8,64,104,0,0,1955,7,2132.046222687
2,"map(to: a)",8,64,104,0,0,1955,8,2137.851715088
2,"map(to: a)",8,64,104,0,0,1955,9,2126.097679138
2,"map(to: a)",8,64,104,0,0,183,0,619.351863861
2,"map(to: a)",8,64,104,0,0,183,1,615.096092224
2,"map(to: a)",8,64,104,0,0,183,2,618.946552277
2,"map(to: a)",8,64,104,0,0,183,3,619.649887085
2,"map(to: a)",8,64,104,0,0,183,4,618.600845337
2,"map(to: a)",8,64,104,0,0,183,5,618.696212769
2,"map(to: a)",8,64,104,0,0,183,6,621.950626373
2,"map(to: a)",8,64,104,0,0,183,7,616.550445557
2,"map(to: a)",8,64,104,0,0,183,8,621.688365936
2,"map(to: a)",8,64,104,0,0,183,9,618.851184845
2,"map(to: a)",8,64,104,0,0,8096,0,7555.103302002
2,"map(to: a)",8,64,104,0,0,8096,1,7587.552070618
2,"map(to: a)",8,64,104,0,0,8096,2,7583.904266357
2,"map(to: a)",8,64,104,0,0,8096,3,7608.044147491
2,"map(to: a)",8,64,104,0,0,8096,4,7616.603374481
2,"map(to: a)",8,64,104,0,0,8096,5,7592.558860779
2,"map(to: a)",8,64,104,0,0,8096,6,7704.138755798
2,"map(to: a)",8,64,104,0,0,8096,7,7311.153411865
2,"map(to: a)",8,64,104,0,0,8096,8,7433.247566223
2,"map(to: a)",8,64,104,0,0,8096,9,7465.398311615
2,"map(to: a)",8,64,104,0,0,758,0,1105.856895447
2,"map(to: a)",8,64,104,0,0,758,1,1110.148429871
2,"map(to: a)",8,64,104,0,0,758,2,1118.743419647
2,"map(to: a)",8,64,104,0,0,758,3,1105.797290802
2,"map(to: a)",8,64,104,0,0,758,4,1123.559474945
2,"map(to: a)",8,64,104,0,0,758,5,1113.295555115
2,"map(to: a)",8,64,104,0,0,758,6,1117.646694183
2,"map(to: a)",8,64,104,0,0,758,7,1120.543479919
2,"map(to: a)",8,64,104,0,0,758,8,1116.454601288
2,"map(to: a)",8,64,104,0,0,758,9,1121.342182159
2,"map(to: a)",8,64,104,0,0,71,0,521.445274353
2,"map(to: a)",8,64,104,0,0,71,1,522.148609161
2,"map(to: a)",8,64,104,0,0,71,2,524.246692657
2,"map(to: a)",8,64,104,0,0,71,3,521.850585938
2,"map(to: a)",8,64,104,0,0,71,4,523.746013641
2,"map(to: a)",8,64,104,0,0,71,5,524.294376373
2,"map(to: a)",8,64,104,0,0,71,6,523.149967194
2,"map(to: a)",8,64,104,0,0,71,7,523.102283478
2,"map(to: a)",8,64,104,0,0,71,8,521.945953369
2,"map(to: a)",8,64,104,0,0,71,9,520.300865173
2,"map(to: a)",8,64,104,0,0,2,0,460.803508759
2,"map(to: a)",8,64,104,0,0,2,1,460.851192474
2,"map(to: a)",8,64,104,0,0,2,2,460.195541382
2,"map(to: a)",8,64,104,0,0,2,3,460.946559906
2,"map(to: a)",8,64,104,0,0,2,4,461.053848267
2,"map(to: a)",8,64,104,0,0,2,5,460.898876190
2,"map(to: a)",8,64,104,0,0,2,6,460.743904114
2,"map(to: a)",8,64,104,0,0,2,7,460.755825043
2,"map(to: a)",8,64,104,0,0,2,8,460.600852966
2,"map(to: a)",8,64,104,0,0,2,9,461.304187775
2,"map(to: a)",8,64,104,0,0,11,0,469.505786896
2,"map(to: a)",8,64,104,0,0,11,1,469.505786896
2,"map(to: a)",8,64,104,0,0,11,2,468.802452087
2,"map(to: a)",8,64,104,0,0,11,3,468.850135803
2,"map(to: a)",8,64,104,0,0,11,4,468.909740448
2,"map(to: a)",8,64,104,0,0,11,5,468.552112579
2,"map(to: a)",8,64,104,0,0,11,6,469.195842743
2,"map(to: a)",8,64,104,0,0,11,7,469.148159027
2,"map(to: a)",8,64,104,0,0,11,8,469.052791595
2,"map(to: a)",8,64,104,0,0,11,9,468.397140503
2,"map(to: a)",8,64,104,0,0,28,0,484.049320221
2,"map(to: a)",8,64,104,0,0,28,1,484.299659729
2,"map(to: a)",8,64,104,0,0,28,2,483.345985413
2,"map(to: a)",8,64,104,0,0,28,3,484.049320221
2,"map(to: a)",8,64,104,0,0,28,4,483.751296997
2,"map(to: a)",8,64,104,0,0,28,5,483.703613281
2,"map(to: a)",8,64,104,0,0,28,6,484.347343445
2,"map(to: a)",8,64,104,0,0,28,7,484.061241150
2,"map(to: a)",8,64,104,0,0,28,8,484.406948090
2,"map(to: a)",8,64,104,0,0,28,9,484.156608582
2,"map(to: a)",8,64,104,0,0,5042,0,4915.142059326
2,"map(to: a)",8,64,104,0,0,5042,1,4792.249202728
2,"map(to: a)",8,64,104,0,0,5042,2,4940.891265869
2,"map(to: a)",8,64,104,0,0,5042,3,4863.750934601
2,"map(to: a)",8,64,104,0,0,5042,4,4895.448684692
2,"map(to: a)",8,64,104,0,0,5042,5,4914.200305939
2,"map(to: a)",8,64,104,0,0,5042,6,4915.153980255
2,"map(to: a)",8,64,104,0,0,5042,7,4930.555820465
2,"map(to: a)",8,64,104,0,0,5042,8,4940.903186798
2,"map(to: a)",8,64,104,0,0,5042,9,4773.139953613
2,"map(to: a)",8,64,104,0,0,1218,0,1514.351367950
2,"map(to: a)",8,64,104,0,0,1218,1,1491.391658783
2,"map(to: a)",8,64,104,0,0,1218,2,1508.343219757
2,"map(to: a)",8,64,104,0,0,1218,3,1510.393619537
2,"map(to: a)",8,64,104,0,0,1218,4,1495.945453644
2,"map(to: a)",8,64,104,0,0,1218,5,1508.450508118
2,"map(to: a)",8,64,104,0,0,1218,6,1524.353027344
2,"map(to: a)",8,64,104,0,0,1218,7,1501.047611237
2,"map(to: a)",8,64,104,0,0,1218,8,1526.951789856
2,"map(to: a)",8,64,104,0,0,1218,9,1514.506340027
2,"map(to: a)",8,64,104,0,0,472,0,869.691371918
2,"map(to: a)",8,64,104,0,0,472,1,872.051715851
2,"map(to: a)",8,64,104,0,0,472,2,871.050357819
2,"map(to: a)",8,64,104,0,0,472,3,873.601436615
2,"map(to: a)",8,64,104,0,0,472,4,874.793529510
2,"map(to: a)",8,64,104,0,0,472,5,871.801376343
2,"map(to: a)",8,64,104,0,0,472,6,881.803035736
2,"map(to: a)",8,64,104,0,0,472,7,871.956348419
2,"map(to: a)",8,64,104,0,0,472,8,879.299640656
2,"map(to: a)",8,64,104,0,0,472,9,881.898403168
2,"map(to: a)",16,64,104,0,0,7,0,464.093685150
2,"map(to: a)",16,64,104,0,0,7,1,466.346740723
2,"map(to: a)",16,64,104,0,0,7,2,465.297698975
2,"map(to: a)",16,64,104,0,0,7,3,465.095043182
2,"map(to: a)",16,64,104,0,0,7,4,465.393066406
2,"map(to: a)",16,64,104,0,0,7,5,464.951992035
2,"map(to: a)",16,64,104,0,0,7,6,466.108322144
2,"map(to: a)",16,64,104,0,0,7,7,465.500354767
2,"map(to: a)",16,64,104,0,0,7,8,464.892387390
2,"map(to: a)",16,64,104,0,0,7,9,465.548038483
2,"map(to: a)",16,64,104,0,0,114,0,560.307502747
2,"map(to: a)",16,64,104,0,0,114,1,559.699535370
2,"map(to: a)",16,64,104,0,0,114,2,562.691688538
2,"map(to: a)",16,64,104,0,0,114,3,560.104846954
2,"map(to: a)",16,64,104,0,0,114,4,561.356544495
2,"map(to: a)",16,64,104,0,0,114,5,562.250614166
2,"map(to: a)",16,64,104,0,0,114,6,560.498237610
2,"map(to: a)",16,64,104,0,0,114,7,559.794902802
2,"map(to: a)",16,64,104,0,0,114,8,559.103488922
2,"map(to: a)",16,64,104,0,0,114,9,556.349754333
2,"map(to: a)",16,64,104,0,0,3,0,462.150573730
2,"map(to: a)",16,64,104,0,0,3,1,461.196899414
2,"map(to: a)",16,64,104,0,0,3,2,461.947917938
2,"map(to: a)",16,64,104,0,0,3,3,461.196899414
2,"map(to: a)",16,64,104,0,0,3,4,461.900234222
2,"map(to: a)",16,64,104,0,0,3,5,461.494922638
2,"map(to: a)",16,64,104,0,0,3,6,461.602210999
2,"map(to: a)",16,64,104,0,0,3,7,461.196899414
2,"map(to: a)",16,64,104,0,0,3,8,461.351871490
2,"map(to: a)",16,64,104,0,0,3,9,461.494922638
2,"map(to: a)",16,64,104,0,0,17,0,475.299358368
2,"map(to: a)",16,64,104,0,0,17,1,476.002693176
2,"map(to: a)",16,64,104,0,0,17,2,475.096702576
2,"map(to: a)",16,64,104,0,0,17,3,475.740432739
2,"map(to: a)",16,64,104,0,0,17,4,475.394725800
2,"map(to: a)",16,64,104,0,0,17,5,475.406646729
2,"map(to: a)",16,64,104,0,0,17,6,475.955009460
2,"map(to: a)",16,64,104,0,0,17,7,475.490093231
2,"map(to: a)",16,64,104,0,0,17,8,475.704669952
2,"map(to: a)",16,64,104,0,0,17,9,475.096702576
2,"map(to: a)",16,64,104,0,0,1,0,460.851192474
2,"map(to: a)",16,64,104,0,0,1,1,461.399555206
2,"map(to: a)",16,64,104,0,0,1,2,460.541248322
2,"map(to: a)",16,64,104,0,0,1,3,460.946559906
2,"map(to: a)",16,64,104,0,0,1,4,460.755825043
2,"map(to: a)",16,64,104,0,0,1,5,461.196899414
2,"map(to: a)",16,64,104,0,0,1,6,460.696220398
2,"map(to: a)",16,64,104,0,0,1,7,460.803508759
2,"map(to: a)",16,64,104,0,0,1,8,460.708141327
2,"map(to: a)",16,64,104,0,0,1,9,461.399555206
2,"map(to: a)",16,64,104,0,0,44,0,500.845909119
2,"map(to: a)",16,64,104,0,0,44,1,497.949123383
2,"map(to: a)",16,64,104,0,0,44,2,501.298904419
2,"map(to: a)",16,64,104,0,0,44,3,499.260425568
2,"map(to: a)",16,64,104,0,0,44,4,499.200820923
2,"map(to: a)",16,64,104,0,0,44,5,499.141216278
2,"map(to: a)",16,64,104,0,0,44,6,500.547885895
2,"map(to: a)",16,64,104,0,0,44,7,500.106811523
2,"map(to: a)",16,64,104,0,0,44,8,500.500202179
2,"map(to: a)",16,64,104,0,0,44,9,497.901439667
2,"map(to: a)",16,64,104,0,0,294,0,715.398788452
2,"map(to: a)",16,64,104,0,0,294,1,709.450244904
2,"map(to: a)",16,64,104,0,0,294,2,713.849067688
2,"map(to: a)",16,64,104,0,0,294,3,714.159011841
2,"map(to: a)",16,64,104,0,0,294,4,710.749626160
2,"map(to: a)",16,64,104,0,0,294,5,713.646411896
2,"map(to: a)",16,64,104,0,0,294,6,717.699527740
2,"map(to: a)",16,64,104,0,0,294,7,711.810588837
2,"map(to: a)",16,64,104,0,0,294,8,718.295574188
2,"map(to: a)",16,64,104,0,0,294,9,715.005397797
2,"map(to: a)",16,64,104,0,0,3140,0,3186.357021332
2,"map(to: a)",16,64,104,0,0,3140,1,3200.554847717
2,"map(to: a)",16,64,104,0,0,3140,2,3194.451332092
2,"map(to: a)",16,64,104,0,0,3140,3,3213.047981262
2,"map(to: a)",16,64,104,0,0,3140,4,3219.652175903
2,"map(to: a)",16,64,104,0,0,3140,5,3198.206424713
2,"map(to: a)",16,64,104,0,0,3140,6,3264.546394348
2,"map(to: a)",16,64,104,0,0,3140,7,3195.548057556
2,"map(to: a)",16,64,104,0,0,3140,8,3251.707553864
2,"map(to: a)",16,64,104,0,0,3140,9,3264.701366425
2,"map(to: a)",16,64,104,0,0,4,0,463.306903839
2,"map(to: a)",16,64,104,0,0,4,1,462.555885315
2,"map(to: a)",16,64,104,0,0,4,2,462.949275970
2,"map(to: a)",16,64,104,0,0,4,3,462.853908539
2,"map(to: a)",16,64,104,0,0,4,4,463.652610779
2,"map(to: a)",16,64,104,0,0,4,5,463.747978210
2,"map(to: a)",16,64,104,0,0,4,6,463.044643402
2,"map(to: a)",16,64,104,0,0,4,7,463.199615479
2,"map(to: a)",16,64,104,0,0,4,8,463.545322418
2,"map(to: a)",16,64,104,0,0,4,9,463.652610779
2,"map(to: a)",16,64,104,0,0,1955,0,2165.246009827
2,"map(to: a)",16,64,104,0,0,1955,1,2138.495445251
2,"map(to: a)",16,64,104,0,0,1955,2,2186.453342438
2,"map(to: a)",16,64,104,0,0,1955,3,2142.643928528
2,"map(to: a)",16,64,104,0,0,1955,4,2178.800106049
2,"map(to: a)",16,64,104,0,0,1955,5,2188.503742218
2,"map(to: a)",16,64,104,0,0,1955,6,2161.991596222
2,"map(to: a)",16,64,104,0,0,1955,7,2180.695533752
2,"map(to: a)",16,64,104,0,0,1955,8,2201.747894287
2,"map(to: a)",16,64,104,0,0,1955,9,2161.848545074
2,"map(to: a)",16,64,104,0,0,183,0,624.048709869
2,"map(to: a)",16,64,104,0,0,183,1,616.347789764
2,"map(to: a)",16,64,104,0,0,183,2,616.693496704
2,"map(to: a)",16,64,104,0,0,183,3,618.040561676
2,"map(to: a)",16,64,104,0,0,183,4,617.647171021
2,"map(to: a)",16,64,104,0,0,183,5,617.706775665
2,"map(to: a)",16,64,104,0,0,183,6,617.647171021
2,"map(to: a)",16,64,104,0,0,183,7,618.159770966
2,"map(to: a)",16,64,104,0,0,183,8,620.794296265
2,"map(to: a)",16,64,104,0,0,183,9,616.896152496
2,"map(to: a)",16,64,104,0,0,8096,0,7541.143894196
2,"map(to: a)",16,64,104,0,0,8096,1,7558.453083038
2,"map(to: a)",16,64,104,0,0,8096,2,7433.652877808
2,"map(to: a)",16,64,104,0,0,8096,3,7538.199424744
2,"map(to: a)",16,64,104,0,0,8096,4,7635.700702667
2,"map(to: a)",16,64,104,0,0,8096,5,7438.457012177
2,"map(to: a)",16,64,104,0,0,8096,6,7673.001289368
2,"map(to: a)",16,64,104,0,0,8096,7,7553.696632385
2,"map(to: a)",16,64,104,0,0,8096,8,7606.744766235
2,"map(to: a)",16,64,104,0,0,8096,9,7631.301879883
2,"map(to: a)",16,64,104,0,0,758,0,1132.798194885
2,"map(to: a)",16,64,104,0,0,758,1,1123.845577240
2,"map(to: a)",16,64,104,0,0,758,2,1108.503341675
2,"map(to: a)",16,64,104,0,0,758,3,1104.807853699
2,"map(to: a)",16,64,104,0,0,758,4,1120.495796204
2,"map(to: a)",16,64,104,0,0,758,5,1101.446151733
2,"map(to: a)",16,64,104,0,0,758,6,1116.096973419
2,"map(to: a)",16,64,104,0,0,758,7,1117.205619812
2,"map(to: a)",16,64,104,0,0,758,8,1110.351085663
2,"map(to: a)",16,64,104,0,0,758,9,1116.704940796
2,"map(to: a)",16,64,104,0,0,71,0,523.400306702
2,"map(to: a)",16,64,104,0,0,71,1,520.658493042
2,"map(to: a)",16,64,104,0,0,71,2,522.899627686
2,"map(to: a)",16,64,104,0,0,71,3,522.792339325
2,"map(to: a)",16,64,104,0,0,71,4,523.054599762
2,"map(to: a)",16,64,104,0,0,71,5,524.044036865
2,"map(to: a)",16,64,104,0,0,71,6,523.102283478
2,"map(to: a)",16,64,104,0,0,71,7,523.853302002
2,"map(to: a)",16,64,104,0,0,71,8,522.243976593
2,"map(to: a)",16,64,104,0,0,71,9,522.351264954
2,"map(to: a)",16,64,104,0,0,2,0,461.447238922
2,"map(to: a)",16,64,104,0,0,2,1,461.459159851
2,"map(to: a)",16,64,104,0,0,2,2,460.946559906
2,"map(to: a)",16,64,104,0,0,2,3,460.696220398
2,"map(to: a)",16,64,104,0,0,2,4,460.553169250
2,"map(to: a)",16,64,104,0,0,2,5,461.196899414
2,"map(to: a)",16,64,104,0,0,2,6,460.541248322
2,"map(to: a)",16,64,104,0,0,2,7,460.743904114
2,"map(to: a)",16,64,104,0,0,2,8,460.946559906
2,"map(to: a)",16,64,104,0,0,2,9,461.196899414
2,"map(to: a)",16,64,104,0,0,11,0,468.695163727
2,"map(to: a)",16,64,104,0,0,11,1,468.444824219
2,"map(to: a)",16,64,104,0,0,11,2,469.100475311
2,"map(to: a)",16,64,104,0,0,11,3,468.802452087
2,"map(to: a)",16,64,104,0,0,11,4,469.350814819
2,"map(to: a)",16,64,104,0,0,11,5,468.599796295
2,"map(to: a)",16,64,104,0,0,11,6,469.446182251
2,"map(to: a)",16,64,104,0,0,11,7,469.446182251
2,"map(to: a)",16,64,104,0,0,11,8,474.500656128
2,"map(to: a)",16,64,104,0,0,11,9,469.052791595
2,"map(to: a)",16,64,104,0,0,28,0,485.050678253
2,"map(to: a)",16,64,104,0,0,28,1,484.454631805
2,"map(to: a)",16,64,104,0,0,28,2,484.955310822
2,"map(to: a)",16,64,104,0,0,28,3,483.453273773
2,"map(to: a)",16,64,104,0,0,28,4,483.298301697
2,"map(to: a)",16,64,104,0,0,28,5,484.049320221
2,"map(to: a)",16,64,104,0,0,28,6,484.192371368
2,"map(to: a)",16,64,104,0,0,28,7,483.250617981
2,"map(to: a)",16,64,104,0,0,28,8,483.453273773
2,"map(to: a)",16,64,104,0,0,28,9,483.250617981
2,"map(to: a)",16,64,104,0,0,5042,0,4829.454421997
2,"map(to: a)",16,64,104,0,0,5042,1,4813.945293427
2,"map(to: a)",16,64,104,0,0,5042,2,4908.347129822
2,"map(to: a)",16,64,104,0,0,5042,3,4800.558090210
2,"map(to: a)",16,64,104,0,0,5042,4,4863.750934601
2,"map(to: a)",16,64,104,0,0,5042,5,4889.297485352
2,"map(to: a)",16,64,104,0,0,5042,6,4830.098152161
2,"map(to: a)",16,64,104,0,0,5042,7,4891.192913055
2,"map(to: a)",16,64,104,0,0,5042,8,4946.506023407
2,"map(to: a)",16,64,104,0,0,5042,9,4824.304580688
2,"map(to: a)",16,64,104,0,0,1218,0,1544.308662415
2,"map(to: a)",16,64,104,0,0,1218,1,1528.847217560
2,"map(to: a)",16,64,104,0,0,1218,2,1534.044742584
2,"map(to: a)",16,64,104,0,0,1218,3,1539.993286133
2,"map(to: a)",16,64,104,0,0,1218,4,1498.353481293
2,"map(to: a)",16,64,104,0,0,1218,5,1500.451564789
2,"map(to: a)",16,64,104,0,0,1218,6,1504.790782928
2,"map(to: a)",16,64,104,0,0,1218,7,1497.602462769
2,"map(to: a)",16,64,104,0,0,1218,8,1518.547534943
2,"map(to: a)",16,64,104,0,0,1218,9,1490.354537964
2,"map(to: a)",16,64,104,0,0,472,0,869.750976562
2,"map(to: a)",16,64,104,0,0,472,1,871.050357819
2,"map(to: a)",16,64,104,0,0,472,2,866.055488586
2,"map(to: a)",16,64,104,0,0,472,3,870.454311371
2,"map(to: a)",16,64,104,0,0,472,4,876.009464264
2,"map(to: a)",16,64,104,0,0,472,5,863.897800446
2,"map(to: a)",16,64,104,0,0,472,6,876.998901367
2,"map(to: a)",16,64,104,0,0,472,7,870.907306671
2,"map(to: a)",16,64,104,0,0,472,8,873.303413391
2,"map(to: a)",16,64,104,0,0,472,9,875.794887543
2,"map(to: a)",32,64,104,0,0,7,0,464.498996735
2,"map(to: a)",32,64,104,0,0,7,1,466.752052307
2,"map(to: a)",32,64,104,0,0,7,2,466.001033783
2,"map(to: a)",32,64,104,0,0,7,3,465.309619904
2,"map(to: a)",32,64,104,0,0,7,4,465.404987335
2,"map(to: a)",32,64,104,0,0,7,5,464.999675751
2,"map(to: a)",32,64,104,0,0,7,6,465.345382690
2,"map(to: a)",32,64,104,0,0,7,7,465.703010559
2,"map(to: a)",32,64,104,0,0,7,8,465.798377991
2,"map(to: a)",32,64,104,0,0,7,9,465.345382690
2,"map(to: a)",32,64,104,0,0,114,0,561.046600342
2,"map(to: a)",32,64,104,0,0,114,1,558.257102966
2,"map(to: a)",32,64,104,0,0,114,2,561.404228210
2,"map(to: a)",32,64,104,0,0,114,3,559.604167938
2,"map(to: a)",32,64,104,0,0,114,4,559.949874878
2,"map(to: a)",32,64,104,0,0,114,5,561.296939850
2,"map(to: a)",32,64,104,0,0,114,6,560.200214386
2,"map(to: a)",32,64,104,0,0,114,7,561.141967773
2,"map(to: a)",32,64,104,0,0,114,8,561.404228210
2,"map(to: a)",32,64,104,0,0,114,9,560.438632965
2,"map(to: a)",32,64,104,0,0,3,0,462.400913239
2,"map(to: a)",32,64,104,0,0,3,1,462.603569031
2,"map(to: a)",32,64,104,0,0,3,2,461.745262146
2,"map(to: a)",32,64,104,0,0,3,3,461.649894714
2,"map(to: a)",32,64,104,0,0,3,4,461.649894714
2,"map(to: a)",32,64,104,0,0,3,5,461.602210999
2,"map(to: a)",32,64,104,0,0,3,6,463.044643402
2,"map(to: a)",32,64,104,0,0,3,7,461.494922638
2,"map(to: a)",32,64,104,0,0,3,8,462.305545807
2,"map(to: a)",32,64,104,0,0,3,9,461.959838867
2,"map(to: a)",32,64,104,0,0,17,0,475.740432739
2,"map(to: a)",32,64,104,0,0,17,1,475.800037384
2,"map(to: a)",32,64,104,0,0,17,2,475.299358368
2,"map(to: a)",32,64,104,0,0,17,3,475.597381592
2,"map(to: a)",32,64,104,0,0,17,4,475.502014160
2,"map(to: a)",32,64,104,0,0,17,5,475.347042084
2,"map(to: a)",32,64,104,0,0,17,6,475.692749023
2,"map(to: a)",32,64,104,0,0,17,7,475.490093231
2,"map(to: a)",32,64,104,0,0,17,8,475.645065308
2,"map(to: a)",32,64,104,0,0,17,9,475.752353668
2,"map(to: a)",32,64,104,0,0,1,0,461.101531982
2,"map(to: a)",32,64,104,0,0,1,1,462.603569031
2,"map(to: a)",32,64,104,0,0,1,2,461.208820343
2,"map(to: a)",32,64,104,0,0,1,3,460.803508759
2,"map(to: a)",32,64,104,0,0,1,4,460.648536682
2,"map(to: a)",32,64,104,0,0,1,5,461.041927338
2,"map(to: a)",32,64,104,0,0,1,6,461.256504059
2,"map(to: a)",32,64,104,0,0,1,7,461.447238922
2,"map(to: a)",32,64,104,0,0,1,8,460.541248322
2,"map(to: a)",32,64,104,0,0,1,9,461.292266846
2,"map(to: a)",32,64,104,0,0,44,0,498.449802399
2,"map(to: a)",32,64,104,0,0,44,1,498.354434967
2,"map(to: a)",32,64,104,0,0,44,2,500.154495239
2,"map(to: a)",32,64,104,0,0,44,3,498.700141907
2,"map(to: a)",32,64,104,0,0,44,4,499.093532562
2,"map(to: a)",32,64,104,0,0,44,5,499.141216278
2,"map(to: a)",32,64,104,0,0,44,6,499.451160431
2,"map(to: a)",32,64,104,0,0,44,7,499.105453491
2,"map(to: a)",32,64,104,0,0,44,8,500.094890594
2,"map(to: a)",32,64,104,0,0,44,9,499.105453491
2,"map(to: a)",32,64,104,0,0,294,0,722.360610962
2,"map(to: a)",32,64,104,0,0,294,1,718.891620636
2,"map(to: a)",32,64,104,0,0,294,2,720.357894897
2,"map(to: a)",32,64,104,0,0,294,3,721.395015717
2,"map(to: a)",32,64,104,0,0,294,4,711.655616760
2,"map(to: a)",32,64,104,0,0,294,5,712.144374847
2,"map(to: a)",32,64,104,0,0,294,6,713.300704956
2,"map(to: a)",32,64,104,0,0,294,7,711.250305176
2,"map(to: a)",32,64,104,0,0,294,8,715.494155884
2,"map(to: a)",32,64,104,0,0,294,9,709.903240204
2,"map(to: a)",32,64,104,0,0,3140,0,3186.893463135
2,"map(to: a)",32,64,104,0,0,3140,1,3196.597099304
2,"map(to: a)",32,64,104,0,0,3140,2,3159.451484680
2,"map(to: a)",32,64,104,0,0,3140,3,3185.939788818
2,"map(to: a)",32,64,104,0,0,3140,4,3227.007389069
2,"map(to: a)",32,64,104,0,0,3140,5,3142.905235291
2,"map(to: a)",32,64,104,0,0,3140,6,3231.453895569
2,"map(to: a)",32,64,104,0,0,3140,7,3193.449974060
2,"map(to: a)",32,64,104,0,0,3140,8,3207.254409790
2,"map(to: a)",32,64,104,0,0,3140,9,3222.596645355
2,"map(to: a)",32,64,104,0,0,4,0,463.700294495
2,"map(to: a)",32,64,104,0,0,4,1,464.153289795
2,"map(to: a)",32,64,104,0,0,4,2,464.653968811
2,"map(to: a)",32,64,104,0,0,4,3,463.557243347
2,"map(to: a)",32,64,104,0,0,4,4,464.296340942
2,"map(to: a)",32,64,104,0,0,4,5,462.996959686
2,"map(to: a)",32,64,104,0,0,4,6,463.151931763
2,"map(to: a)",32,64,104,0,0,4,7,463.652610779
2,"map(to: a)",32,64,104,0,0,4,8,463.247299194
2,"map(to: a)",32,64,104,0,0,4,9,463.342666626
2,"map(to: a)",32,64,104,0,0,1955,0,2162.253856659
2,"map(to: a)",32,64,104,0,0,1955,1,2123.904228210
2,"map(to: a)",32,64,104,0,0,1955,2,2171.540260315
2,"map(to: a)",32,64,104,0,0,1955,3,2144.193649292
2,"map(to: a)",32,64,104,0,0,1955,4,2157.044410706
2,"map(to: a)",32,64,104,0,0,1955,5,2162.992954254
2,"map(to: a)",32,64,104,0,0,1955,6,2154.850959778
2,"map(to: a)",32,64,104,0,0,1955,7,2165.901660919
2,"map(to: a)",32,64,104,0,0,1955,8,2168.202400208
2,"map(to: a)",32,64,104,0,0,1955,9,2153.754234314
2,"map(to: a)",32,64,104,0,0,183,0,623.393058777
2,"map(to: a)",32,64,104,0,0,183,1,619.947910309
2,"map(to: a)",32,64,104,0,0,183,2,622.451305389
2,"map(to: a)",32,64,104,0,0,183,3,623.750686646
2,"map(to: a)",32,64,104,0,0,183,4,620.996952057
2,"map(to: a)",32,64,104,0,0,183,5,620.508193970
2,"map(to: a)",32,64,104,0,0,183,6,618.398189545
2,"map(to: a)",32,64,104,0,0,183,7,614.154338837
2,"map(to: a)",32,64,104,0,0,183,8,619.506835938
2,"map(to: a)",32,64,104,0,0,183,9,616.848468781
2,"map(to: a)",32,64,104,0,0,8096,0,7418.560981750
2,"map(to: a)",32,64,104,0,0,8096,1,7446.038722992
2,"map(to: a)",32,64,104,0,0,8096,2,7459.354400635
2,"map(to: a)",32,64,104,0,0,8096,3,7481.944561005
2,"map(to: a)",32,64,104,0,0,8096,4,7503.509521484
2,"map(to: a)",32,64,104,0,0,8096,5,7468.795776367
2,"map(to: a)",32,64,104,0,0,8096,6,7596.552371979
2,"map(to: a)",32,64,104,0,0,8096,7,7402.253150940
2,"map(to: a)",32,64,104,0,0,8096,8,7562.148571014
2,"map(to: a)",32,64,104,0,0,8096,9,7593.142986298
2,"map(to: a)",32,64,104,0,0,758,0,1117.599010468
2,"map(to: a)",32,64,104,0,0,758,1,1127.791404724
2,"map(to: a)",32,64,104,0,0,758,2,1134.252548218
2,"map(to: a)",32,64,104,0,0,758,3,1118.552684784
2,"map(to: a)",32,64,104,0,0,758,4,1138.246059418
2,"map(to: a)",32,64,104,0,0,758,5,1129.150390625
2,"map(to: a)",32,64,104,0,0,758,6,1119.899749756
2,"map(to: a)",32,64,104,0,0,758,7,1107.895374298
2,"map(to: a)",32,64,104,0,0,758,8,1109.445095062
2,"map(to: a)",32,64,104,0,0,758,9,1113.152503967
2,"map(to: a)",32,64,104,0,0,71,0,521.910190582
2,"map(to: a)",32,64,104,0,0,71,1,521.445274353
2,"map(to: a)",32,64,104,0,0,71,2,522.196292877
2,"map(to: a)",32,64,104,0,0,71,3,520.455837250
2,"map(to: a)",32,64,104,0,0,71,4,521.349906921
2,"map(to: a)",32,64,104,0,0,71,5,522.243976593
2,"map(to: a)",32,64,104,0,0,71,6,522.351264954
2,"map(to: a)",32,64,104,0,0,71,7,522.255897522
2,"map(to: a)",32,64,104,0,0,71,8,523.102283478
2,"map(to: a)",32,64,104,0,0,71,9,521.552562714
2,"map(to: a)",32,64,104,0,0,2,0,461.053848267
2,"map(to: a)",32,64,104,0,0,2,1,461.244583130
2,"map(to: a)",32,64,104,0,0,2,2,461.304187775
2,"map(to: a)",32,64,104,0,0,2,3,461.196899414
2,"map(to: a)",32,64,104,0,0,2,4,461.006164551
2,"map(to: a)",32,64,104,0,0,2,5,460.958480835
2,"map(to: a)",32,64,104,0,0,2,6,461.149215698
2,"map(to: a)",32,64,104,0,0,2,7,460.600852966
2,"map(to: a)",32,64,104,0,0,2,8,460.803508759
2,"map(to: a)",32,64,104,0,0,2,9,461.459159851
2,"map(to: a)",32,64,104,0,0,11,0,468.599796295
2,"map(to: a)",32,64,104,0,0,11,1,469.207763672
2,"map(to: a)",32,64,104,0,0,11,2,468.504428864
2,"map(to: a)",32,64,104,0,0,11,3,468.504428864
2,"map(to: a)",32,64,104,0,0,11,4,469.601154327
2,"map(to: a)",32,64,104,0,0,11,5,468.897819519
2,"map(to: a)",32,64,104,0,0,11,6,468.957424164
2,"map(to: a)",32,64,104,0,0,11,7,468.146800995
2,"map(to: a)",32,64,104,0,0,11,8,468.695163727
2,"map(to: a)",32,64,104,0,0,11,9,468.945503235
2,"map(to: a)",32,64,104,0,0,28,0,484.848022461
2,"map(to: a)",32,64,104,0,0,28,1,484.752655029
2,"map(to: a)",32,64,104,0,0,28,2,484.859943390
2,"map(to: a)",32,64,104,0,0,28,3,483.751296997
2,"map(to: a)",32,64,104,0,0,28,4,485.599040985
2,"map(to: a)",32,64,104,0,0,28,5,484.645366669
2,"map(to: a)",32,64,104,0,0,28,6,485.491752625
2,"map(to: a)",32,64,104,0,0,28,7,485.050678253
2,"map(to: a)",32,64,104,0,0,28,8,483.345985413
2,"map(to: a)",32,64,104,0,0,28,9,484.144687653
2,"map(to: a)",32,64,104,0,0,5042,0,4842.758178711
2,"map(to: a)",32,64,104,0,0,5042,1,4751.443862915
2,"map(to: a)",32,64,104,0,0,5042,2,4850.995540619
2,"map(to: a)",32,64,104,0,0,5042,3,4787.600040436
2,"map(to: a)",32,64,104,0,0,5042,4,4822.707176208
2,"map(to: a)",32,64,104,0,0,5042,5,4831.349849701
2,"map(to: a)",32,64,104,0,0,5042,6,4834.294319153
2,"map(to: a)",32,64,104,0,0,5042,7,4849.207401276
2,"map(to: a)",32,64,104,0,0,5042,8,4872.298240662
2,"map(to: a)",32,64,104,0,0,5042,9,4808.402061462
2,"map(to: a)",32,64,104,0,0,1218,0,1535.391807556
2,"map(to: a)",32,64,104,0,0,1218,1,1506.352424622
2,"map(to: a)",32,64,104,0,0,1218,2,1529.908180237
2,"map(to: a)",32,64,104,0,0,1218,3,1534.354686737
2,"map(to: a)",32,64,104,0,0,1218,4,1519.954204559
2,"map(to: a)",32,64,104,0,0,1218,5,1531.553268433
2,"map(to: a)",32,64,104,0,0,1218,6,1546.502113342
2,"map(to: a)",32,64,104,0,0,1218,7,1517.999172211
2,"map(to: a)",32,64,104,0,0,1218,8,1543.307304382
2,"map(to: a)",32,64,104,0,0,1218,9,1495.504379272
2,"map(to: a)",32,64,104,0,0,472,0,862.741470337
2,"map(to: a)",32,64,104,0,0,472,1,865.745544434
2,"map(to: a)",32,64,104,0,0,472,2,865.602493286
2,"map(to: a)",32,64,104,0,0,472,3,865.244865417
2,"map(to: a)",32,64,104,0,0,472,4,865.995883942
2,"map(to: a)",32,64,104,0,0,472,5,865.793228149
2,"map(to: a)",32,64,104,0,0,472,6,874.698162079
2,"map(to: a)",32,64,104,0,0,472,7,863.051414490
2,"map(to: a)",32,64,104,0,0,472,8,872.850418091
2,"map(to: a)",32,64,104,0,0,472,9,873.649120331
2,"map(to: a)",64,64,104,0,0,7,0,464.797019958
2,"map(to: a)",64,64,104,0,0,7,1,466.752052307
2,"map(to: a)",64,64,104,0,0,7,2,465.500354767
2,"map(to: a)",64,64,104,0,0,7,3,465.810298920
2,"map(to: a)",64,64,104,0,0,7,4,466.108322144
2,"map(to: a)",64,64,104,0,0,7,5,465.595722198
2,"map(to: a)",64,64,104,0,0,7,6,465.846061707
2,"map(to: a)",64,64,104,0,0,7,7,464.701652527
2,"map(to: a)",64,64,104,0,0,7,8,465.393066406
2,"map(to: a)",64,64,104,0,0,7,9,465.655326843
2,"map(to: a)",64,64,104,0,0,114,0,557.804107666
2,"map(to: a)",64,64,104,0,0,114,1,557.148456573
2,"map(to: a)",64,64,104,0,0,114,2,559.747219086
2,"map(to: a)",64,64,104,0,0,114,3,556.910037994
2,"map(to: a)",64,64,104,0,0,114,4,559.306144714
2,"map(to: a)",64,64,104,0,0,114,5,560.450553894
2,"map(to: a)",64,64,104,0,0,114,6,558.805465698
2,"map(to: a)",64,64,104,0,0,114,7,559.246540070
2,"map(to: a)",64,64,104,0,0,114,8,560.605525970
2,"map(to: a)",64,64,104,0,0,114,9,558.555126190
2,"map(to: a)",64,64,104,0,0,3,0,462.460517883
2,"map(to: a)",64,64,104,0,0,3,1,462.245941162
2,"map(to: a)",64,64,104,0,0,3,2,461.339950562
2,"map(to: a)",64,64,104,0,0,3,3,461.852550507
2,"map(to: a)",64,64,104,0,0,3,4,461.649894714
2,"map(to: a)",64,64,104,0,0,3,5,462.293624878
2,"map(to: a)",64,64,104,0,0,3,6,461.900234222
2,"map(to: a)",64,64,104,0,0,3,7,461.900234222
2,"map(to: a)",64,64,104,0,0,3,8,461.697578430
2,"map(to: a)",64,64,104,0,0,3,9,461.947917938
2,"map(to: a)",64,64,104,0,0,17,0,475.096702576
2,"map(to: a)",64,64,104,0,0,17,1,475.502014160
2,"map(to: a)",64,64,104,0,0,17,2,474.953651428
2,"map(to: a)",64,64,104,0,0,17,3,474.989414215
2,"map(to: a)",64,64,104,0,0,17,4,475.442409515
2,"map(to: a)",64,64,104,0,0,17,5,474.941730499
2,"map(to: a)",64,64,104,0,0,17,6,475.358963013
2,"map(to: a)",64,64,104,0,0,17,7,474.703311920
2,"map(to: a)",64,64,104,0,0,17,8,475.704669952
2,"map(to: a)",64,64,104,0,0,17,9,475.299358368
2,"map(to: a)",64,64,104,0,0,1,0,461.006164551
2,"map(to: a)",64,64,104,0,0,1,1,461.900234222
2,"map(to: a)",64,64,104,0,0,1,2,460.803508759
2,"map(to: a)",64,64,104,0,0,1,3,461.149215698
2,"map(to: a)",64,64,104,0,0,1,4,461.494922638
2,"map(to: a)",64,64,104,0,0,1,5,461.554527283
2,"map(to: a)",64,64,104,0,0,1,6,461.196899414
2,"map(to: a)",64,64,104,0,0,1,7,461.649894714
2,"map(to: a)",64,64,104,0,0,1,8,460.851192474
2,"map(to: a)",64,64,104,0,0,1,9,461.041927338
2,"map(to: a)",64,64,104,0,0,44,0,498.747825623
2,"map(to: a)",64,64,104,0,0,44,1,498.092174530
2,"map(to: a)",64,64,104,0,0,44,2,498.843193054
2,"map(to: a)",64,64,104,0,0,44,3,497.901439667
2,"map(to: a)",64,64,104,0,0,44,4,498.247146606
2,"map(to: a)",64,64,104,0,0,44,5,498.652458191
2,"map(to: a)",64,64,104,0,0,44,6,498.700141907
2,"map(to: a)",64,64,104,0,0,44,7,498.855113983
2,"map(to: a)",64,64,104,0,0,44,8,499.153137207
2,"map(to: a)",64,64,104,0,0,44,9,499.355792999
2,"map(to: a)",64,64,104,0,0,294,0,720.751285553
2,"map(to: a)",64,64,104,0,0,294,1,713.992118835
2,"map(to: a)",64,64,104,0,0,294,2,719.451904297
2,"map(to: a)",64,64,104,0,0,294,3,720.500946045
2,"map(to: a)",64,64,104,0,0,294,4,716.102123260
2,"map(to: a)",64,64,104,0,0,294,5,719.702243805
2,"map(to: a)",64,64,104,0,0,294,6,723.648071289
2,"map(to: a)",64,64,104,0,0,294,7,716.495513916
2,"map(to: a)",64,64,104,0,0,294,8,722.348690033
2,"map(to: a)",64,64,104,0,0,294,9,710.797309875
2,"map(to: a)",64,64,104,0,0,3140,0,3139.495849609
2,"map(to: a)",64,64,104,0,0,3140,1,3158.009052277
2,"map(to: a)",64,64,104,0,0,3140,2,3158.199787140
2,"map(to: a)",64,64,104,0,0,3140,3,3155.553340912
2,"map(to: a)",64,64,104,0,0,3140,4,3161.847591400
2,"map(to: a)",64,64,104,0,0,3140,5,3155.958652496
2,"map(to: a)",64,64,104,0,0,3140,6,3213.798999786
2,"map(to: a)",64,64,104,0,0,3140,7,3144.252300262
2,"map(to: a)",64,64,104,0,0,3140,8,3205.204010010
2,"map(to: a)",64,64,104,0,0,3140,9,3211.557865143
2,"map(to: a)",64,64,104,0,0,4,0,463.700294495
2,"map(to: a)",64,64,104,0,0,4,1,464.010238647
2,"map(to: a)",64,64,104,0,0,4,2,464.153289795
2,"map(to: a)",64,64,104,0,0,4,3,463.354587555
2,"map(to: a)",64,64,104,0,0,4,4,464.308261871
2,"map(to: a)",64,64,104,0,0,4,5,463.545322418
2,"map(to: a)",64,64,104,0,0,4,6,464.296340942
2,"map(to: a)",64,64,104,0,0,4,7,464.093685150
2,"map(to: a)",64,64,104,0,0,4,8,463.545322418
2,"map(to: a)",64,64,104,0,0,4,9,464.344024658
2,"map(to: a)",64,64,104,0,0,1955,0,2131.807804108
2,"map(to: a)",64,64,104,0,0,1955,1,2121.400833130
2,"map(to: a)",64,64,104,0,0,1955,2,2164.459228516
2,"map(to: a)",64,64,104,0,0,1955,3,2113.902568817
2,"map(to: a)",64,64,104,0,0,1955,4,2148.950099945
2,"map(to: a)",64,64,104,0,0,1955,5,2152.156829834
2,"map(to: a)",64,64,104,0,0,1955,6,2135.741710663
2,"map(to: a)",64,64,104,0,0,1955,7,2151.596546173
2,"map(to: a)",64,64,104,0,0,1955,8,2175.056934357
2,"map(to: a)",64,64,104,0,0,1955,9,2133.655548096
2,"map(to: a)",64,64,104,0,0,183,0,621.449947357
2,"map(to: a)",64,64,104,0,0,183,1,618.600845337
2,"map(to: a)",64,64,104,0,0,183,2,619.804859161
2,"map(to: a)",64,64,104,0,0,183,3,621.056556702
2,"map(to: a)",64,64,104,0,0,183,4,620.496273041
2,"map(to: a)",64,64,104,0,0,183,5,622.498989105
2,"map(to: a)",64,64,104,0,0,183,6,621.843338013
2,"map(to: a)",64,64,104,0,0,183,7,620.961189270
2,"map(to: a)",64,64,104,0,0,183,8,624.847412109
2,"map(to: a)",64,64,104,0,0,183,9,621.008872986
2,"map(to: a)",64,64,104,0,0,8096,0,7510.054111481
2,"map(to: a)",64,64,104,0,0,8096,1,7438.290119171
2,"map(to: a)",64,64,104,0,0,8096,2,7349.002361298
2,"map(to: a)",64,64,104,0,0,8096,3,7422.053813934
2,"map(to: a)",64,64,104,0,0,8096,4,7490.551471710
2,"map(to: a)",64,64,104,0,0,8096,5,7335.507869720
2,"map(to: a)",64,64,104,0,0,8096,6,7526.838779449
2,"map(to: a)",64,64,104,0,0,8096,7,7438.850402832
2,"map(to: a)",64,64,104,0,0,8096,8,7483.744621277
2,"map(to: a)",64,64,104,0,0,8096,9,7506.048679352
2,"map(to: a)",64,64,104,0,0,758,0,1117.944717407
2,"map(to: a)",64,64,104,0,0,758,1,1119.351387024
2,"map(to: a)",64,64,104,0,0,758,2,1120.352745056
2,"map(to: a)",64,64,104,0,0,758,3,1115.858554840
2,"map(to: a)",64,64,104,0,0,758,4,1133.549213409
2,"map(to: a)",64,64,104,0,0,758,5,1115.906238556
2,"map(to: a)",64,64,104,0,0,758,6,1130.139827728
2,"map(to: a)",64,64,104,0,0,758,7,1131.105422974
2,"map(to: a)",64,64,104,0,0,758,8,1123.547554016
2,"map(to: a)",64,64,104,0,0,758,9,1131.904125214
2,"map(to: a)",64,64,104,0,0,71,0,525.140762329
2,"map(to: a)",64,64,104,0,0,71,1,520.896911621
2,"map(to: a)",64,64,104,0,0,71,2,522.553920746
2,"map(to: a)",64,64,104,0,0,71,3,522.053241730
2,"map(to: a)",64,64,104,0,0,71,4,522.208213806
2,"map(to: a)",64,64,104,0,0,71,5,520.801544189
2,"map(to: a)",64,64,104,0,0,71,6,520.956516266
2,"map(to: a)",64,64,104,0,0,71,7,522.148609161
2,"map(to: a)",64,64,104,0,0,71,8,522.303581238
2,"map(to: a)",64,64,104,0,0,71,9,521.159172058
2,"map(to: a)",64,64,104,0,0,2,0,461.292266846
2,"map(to: a)",64,64,104,0,0,2,1,461.149215698
2,"map(to: a)",64,64,104,0,0,2,2,461.256504059
2,"map(to: a)",64,64,104,0,0,2,3,461.900234222
2,"map(to: a)",64,64,104,0,0,2,4,461.447238922
2,"map(to: a)",64,64,104,0,0,2,5,461.757183075
2,"map(to: a)",64,64,104,0,0,2,6,462.305545807
2,"map(to: a)",64,64,104,0,0,2,7,461.208820343
2,"map(to: a)",64,64,104,0,0,2,8,461.101531982
2,"map(to: a)",64,64,104,0,0,2,9,461.757183075
2,"map(to: a)",64,64,104,0,0,11,0,469.303131104
2,"map(to: a)",64,64,104,0,0,11,1,469.899177551
2,"map(to: a)",64,64,104,0,0,11,2,469.100475311
2,"map(to: a)",64,64,104,0,0,11,3,468.599796295
2,"map(to: a)",64,64,104,0,0,11,4,468.707084656
2,"map(to: a)",64,64,104,0,0,11,5,469.398498535
2,"map(to: a)",64,64,104,0,0,11,6,469.791889191
2,"map(to: a)",64,64,104,0,0,11,7,468.540191650
2,"map(to: a)",64,64,104,0,0,11,8,468.993186951
2,"map(to: a)",64,64,104,0,0,11,9,469.398498535
2,"map(to: a)",64,64,104,0,0,28,0,484.454631805
2,"map(to: a)",64,64,104,0,0,28,1,484.204292297
2,"map(to: a)",64,64,104,0,0,28,2,484.752655029
2,"map(to: a)",64,64,104,0,0,28,3,483.989715576
2,"map(to: a)",64,64,104,0,0,28,4,485.157966614
2,"map(to: a)",64,64,104,0,0,28,5,484.251976013
2,"map(to: a)",64,64,104,0,0,28,6,484.502315521
2,"map(to: a)",64,64,104,0,0,28,7,484.097003937
2,"map(to: a)",64,64,104,0,0,28,8,484.955310822
2,"map(to: a)",64,64,104,0,0,28,9,484.955310822
2,"map(to: a)",64,64,104,0,0,5042,0,4923.748970032
2,"map(to: a)",64,64,104,0,0,5042,1,4908.394813538
2,"map(to: a)",64,64,104,0,0,5042,2,4977.941513062
2,"map(to: a)",64,64,104,0,0,5042,3,4732.739925385
2,"map(to: a)",64,64,104,0,0,5042,4,4808.950424194
2,"map(to: a)",64,64,104,0,0,5042,5,4828.500747681
2,"map(to: a)",64,64,104,0,0,5042,6,4770.052433014
2,"map(to: a)",64,64,104,0,0,5042,7,4799.103736877
2,"map(to: a)",64,64,104,0,0,5042,8,4858.756065369
2,"map(to: a)",64,64,104,0,0,5042,9,4769.003391266
2,"map(to: a)",64,64,104,0,0,1218,0,1524.841785431
2,"map(to: a)",64,64,104,0,0,1218,1,1509.499549866
2,"map(to: a)",64,64,104,0,0,1218,2,1515.698432922
2,"map(to: a)",64,64,104,0,0,1218,3,1520.347595215
2,"map(to: a)",64,64,104,0,0,1218,4,1513.910293579
2,"map(to: a)",64,64,104,0,0,1218,5,1522.147655487
2,"map(to: a)",64,64,104,0,0,1218,6,1524.305343628
2,"map(to: a)",64,64,104,0,0,1218,7,1514.959335327
2,"map(to: a)",64,64,104,0,0,1218,8,1544.499397278
2,"map(to: a)",64,64,104,0,0,1218,9,1515.257358551
2,"map(to: a)",64,64,104,0,0,472,0,876.951217651
2,"map(to: a)",64,64,104,0,0,472,1,879.549980164
2,"map(to: a)",64,64,104,0,0,472,2,874.507427216
2,"map(to: a)",64,64,104,0,0,472,3,873.005390167
2,"map(to: a)",64,64,104,0,0,472,4,868.546962738
2,"map(to: a)",64,64,104,0,0,472,5,857.448577881
2,"map(to: a)",64,64,104,0,0,472,6,870.954990387
2,"map(to: a)",64,64,104,0,0,472,7,863.444805145
2,"map(to: a)",64,64,104,0,0,472,8,865.650177002
2,"map(to: a)",64,64,104,0,0,472,9,867.104530334
2,"map(to: a)",128,64,104,0,0,7,0,463.807582855
2,"map(to: a)",128,64,104,0,0,7,1,466.549396515
2,"map(to: a)",128,64,104,0,0,7,2,465.202331543
2,"map(to: a)",128,64,104,0,0,7,3,465.905666351
2,"map(to: a)",128,64,104,0,0,7,4,466.454029083
2,"map(to: a)",128,64,104,0,0,7,5,465.250015259
2,"map(to: a)",128,64,104,0,0,7,6,465.488433838
2,"map(to: a)",128,64,104,0,0,7,7,465.691089630
2,"map(to: a)",128,64,104,0,0,7,8,466.156005859
2,"map(to: a)",128,64,104,0,0,7,9,466.048717499
2,"map(to: a)",128,64,104,0,0,114,0,562.703609467
2,"map(to: a)",128,64,104,0,0,114,1,556.993484497
2,"map(to: a)",128,64,104,0,0,114,2,564.396381378
2,"map(to: a)",128,64,104,0,0,114,3,557.601451874
2,"map(to: a)",128,64,104,0,0,114,4,558.257102966
2,"map(to: a)",128,64,104,0,0,114,5,558.602809906
2,"map(to: a)",128,64,104,0,0,114,6,558.698177338
2,"map(to: a)",128,64,104,0,0,114,7,558.650493622
2,"map(to: a)",128,64,104,0,0,114,8,558.793544769
2,"map(to: a)",128,64,104,0,0,114,9,559.401512146
2,"map(to: a)",128,64,104,0,0,3,0,462.055206299
2,"map(to: a)",128,64,104,0,0,3,1,461.602210999
2,"map(to: a)",128,64,104,0,0,3,2,462.102890015
2,"map(to: a)",128,64,104,0,0,3,3,462.150573730
2,"map(to: a)",128,64,104,0,0,3,4,461.649894714
2,"map(to: a)",128,64,104,0,0,3,5,462.055206299
2,"map(to: a)",128,64,104,0,0,3,6,462.150573730
2,"map(to: a)",128,64,104,0,0,3,7,462.245941162
2,"map(to: a)",128,64,104,0,0,3,8,462.448596954
2,"map(to: a)",128,64,104,0,0,3,9,462.400913239
2,"map(to: a)",128,64,104,0,0,17,0,475.251674652
2,"map(to: a)",128,64,104,0,0,17,1,476.348400116
2,"map(to: a)",128,64,104,0,0,17,2,476.002693176
2,"map(to: a)",128,64,104,0,0,17,3,475.144386292
2,"map(to: a)",128,64,104,0,0,17,4,475.156307220
2,"map(to: a)",128,64,104,0,0,17,5,474.750995636
2,"map(to: a)",128,64,104,0,0,17,6,475.847721100
2,"map(to: a)",128,64,104,0,0,17,7,474.452972412
2,"map(to: a)",128,64,104,0,0,17,8,475.299358368
2,"map(to: a)",128,64,104,0,0,17,9,476.408004761
2,"map(to: a)",128,64,104,0,0,1,0,459.897518158
2,"map(to: a)",128,64,104,0,0,1,1,460.696220398
2,"map(to: a)",128,64,104,0,0,1,2,460.743904114
2,"map(to: a)",128,64,104,0,0,1,3,460.898876190
2,"map(to: a)",128,64,104,0,0,1,4,460.994243622
2,"map(to: a)",128,64,104,0,0,1,5,460.553169250
2,"map(to: a)",128,64,104,0,0,1,6,460.946559906
2,"map(to: a)",128,64,104,0,0,1,7,460.398197174
2,"map(to: a)",128,64,104,0,0,1,8,461.101531982
2,"map(to: a)",128,64,104,0,0,1,9,461.161136627
2,"map(to: a)",128,64,104,0,0,44,0,499.296188354
2,"map(to: a)",128,64,104,0,0,44,1,499.200820923
2,"map(to: a)",128,64,104,0,0,44,2,499.594211578
2,"map(to: a)",128,64,104,0,0,44,3,497.591495514
2,"map(to: a)",128,64,104,0,0,44,4,497.591495514
2,"map(to: a)",128,64,104,0,0,44,5,498.306751251
2,"map(to: a)",128,64,104,0,0,44,6,497.496128082
2,"map(to: a)",128,64,104,0,0,44,7,497.853755951
2,"map(to: a)",128,64,104,0,0,44,8,497.996807098
2,"map(to: a)",128,64,104,0,0,44,9,497.138500214
2,"map(to: a)",128,64,104,0,0,294,0,717.151165009
2,"map(to: a)",128,64,104,0,0,294,1,713.002681732
2,"map(to: a)",128,64,104,0,0,294,2,715.553760529
2,"map(to: a)",128,64,104,0,0,294,3,716.447830200
2,"map(to: a)",128,64,104,0,0,294,4,714.147090912
2,"map(to: a)",128,64,104,0,0,294,5,716.352462769
2,"map(to: a)",128,64,104,0,0,294,6,717.353820801
2,"map(to: a)",128,64,104,0,0,294,7,715.005397797
2,"map(to: a)",128,64,104,0,0,294,8,722.038745880
2,"map(to: a)",128,64,104,0,0,294,9,714.755058289
2,"map(to: a)",128,64,104,0,0,3140,0,3230.750560760
2,"map(to: a)",128,64,104,0,0,3140,1,3248.405456543
2,"map(to: a)",128,64,104,0,0,3140,2,3217.959403992
2,"map(to: a)",128,64,104,0,0,3140,3,3203.856945038
2,"map(to: a)",128,64,104,0,0,3140,4,3173.303604126
2,"map(to: a)",128,64,104,0,0,3140,5,3101.253509521
2,"map(to: a)",128,64,104,0,0,3140,6,3187.108039856
2,"map(to: a)",128,64,104,0,0,3140,7,3141.343593597
2,"map(to: a)",128,64,104,0,0,3140,8,3157.901763916
2,"map(to: a)",128,64,104,0,0,3140,9,3164.696693420
2,"map(to: a)",128,64,104,0,0,4,0,462.806224823
2,"map(to: a)",128,64,104,0,0,4,1,463.259220123
2,"map(to: a)",128,64,104,0,0,4,2,463.497638702
2,"map(to: a)",128,64,104,0,0,4,3,462.901592255
2,"map(to: a)",128,64,104,0,0,4,4,463.247299194
2,"map(to: a)",128,64,104,0,0,4,5,464.141368866
2,"map(to: a)",128,64,104,0,0,4,6,463.891029358
2,"map(to: a)",128,64,104,0,0,4,7,463.747978210
2,"map(to: a)",128,64,104,0,0,4,8,463.449954987
2,"map(to: a)",128,64,104,0,0,4,9,463.950634003
2,"map(to: a)",128,64,104,0,0,1955,0,2194.499969482
2,"map(to: a)",128,64,104,0,0,1955,1,2158.796787262
2,"map(to: a)",128,64,104,0,0,1955,2,2207.756042480
2,"map(to: a)",128,64,104,0,0,1955,3,2186.954021454
2,"map(to: a)",128,64,104,0,0,1955,4,2154.850959778
2,"map(to: a)",128,64,104,0,0,1955,5,2132.749557495
2,"map(to: a)",128,64,104,0,0,1955,6,2133.798599243
2,"map(to: a)",128,64,104,0,0,1955,7,2143.299579620
2,"map(to: a)",128,64,104,0,0,1955,8,2133.953571320
2,"map(to: a)",128,64,104,0,0,1955,9,2129.900455475
2,"map(to: a)",128,64,104,0,0,183,0,620.210170746
2,"map(to: a)",128,64,104,0,0,183,1,615.501403809
2,"map(to: a)",128,64,104,0,0,183,2,619.602203369
2,"map(to: a)",128,64,104,0,0,183,3,619.304180145
2,"map(to: a)",128,64,104,0,0,183,4,617.444515228
2,"map(to: a)",128,64,104,0,0,183,5,619.304180145
2,"map(to: a)",128,64,104,0,0,183,6,621.592998505
2,"map(to: a)",128,64,104,0,0,183,7,616.800785065
2,"map(to: a)",128,64,104,0,0,183,8,622.701644897
2,"map(to: a)",128,64,104,0,0,183,9,619.351863861
2,"map(to: a)",128,64,104,0,0,8096,0,7570.600509644
2,"map(to: a)",128,64,104,0,0,8096,1,7600.855827332
2,"map(to: a)",128,64,104,0,0,8096,2,7600.343227386
2,"map(to: a)",128,64,104,0,0,8096,3,7625.949382782
2,"map(to: a)",128,64,104,0,0,8096,4,7642.996311188
2,"map(to: a)",128,64,104,0,0,8096,5,7371.807098389
2,"map(to: a)",128,64,104,0,0,8096,6,7488.358020782
2,"map(to: a)",128,64,104,0,0,8096,7,7327.997684479
2,"map(to: a)",128,64,104,0,0,8096,8,7446.992397308
2,"map(to: a)",128,64,104,0,0,8096,9,7455.551624298
2,"map(to: a)",128,64,104,0,0,758,0,1105.105876923
2,"map(to: a)",128,64,104,0,0,758,1,1113.343238831
2,"map(to: a)",128,64,104,0,0,758,2,1123.392581940
2,"map(to: a)",128,64,104,0,0,758,3,1108.205318451
2,"map(to: a)",128,64,104,0,0,758,4,1124.346256256
2,"map(to: a)",128,64,104,0,0,758,5,1116.096973419
2,"map(to: a)",128,64,104,0,0,758,6,1117.801666260
2,"map(to: a)",128,64,104,0,0,758,7,1121.449470520
2,"map(to: a)",128,64,104,0,0,758,8,1119.697093964
2,"map(to: a)",128,64,104,0,0,758,9,1124.298572540
2,"map(to: a)",128,64,104,0,0,71,0,522.351264954
2,"map(to: a)",128,64,104,0,0,71,1,521.910190582
2,"map(to: a)",128,64,104,0,0,71,2,523.996353149
2,"map(to: a)",128,64,104,0,0,71,3,523.054599762
2,"map(to: a)",128,64,104,0,0,71,4,524.199008942
2,"map(to: a)",128,64,104,0,0,71,5,523.853302002
2,"map(to: a)",128,64,104,0,0,71,6,520.944595337
2,"map(to: a)",128,64,104,0,0,71,7,520.348548889
2,"map(to: a)",128,64,104,0,0,71,8,521.707534790
2,"map(to: a)",128,64,104,0,0,71,9,520.396232605
2,"map(to: a)",128,64,104,0,0,2,0,460.553169250
2,"map(to: a)",128,64,104,0,0,2,1,460.493564606
2,"map(to: a)",128,64,104,0,0,2,2,460.708141327
2,"map(to: a)",128,64,104,0,0,2,3,460.898876190
2,"map(to: a)",128,64,104,0,0,2,4,460.147857666
2,"map(to: a)",128,64,104,0,0,2,5,460.398197174
2,"map(to: a)",128,64,104,0,0,2,6,461.447238922
2,"map(to: a)",128,64,104,0,0,2,7,460.803508759
2,"map(to: a)",128,64,104,0,0,2,8,460.994243622
2,"map(to: a)",128,64,104,0,0,2,9,460.553169250
2,"map(to: a)",128,64,104,0,0,11,0,468.695163727
2,"map(to: a)",128,64,104,0,0,11,1,469.350814819
2,"map(to: a)",128,64,104,0,0,11,2,468.599796295
2,"map(to: a)",128,64,104,0,0,11,3,469.207763672
2,"map(to: a)",128,64,104,0,0,11,4,469.601154327
2,"map(to: a)",128,64,104,0,0,11,5,469.052791595
2,"map(to: a)",128,64,104,0,0,11,6,469.052791595
2,"map(to: a)",128,64,104,0,0,11,7,468.504428864
2,"map(to: a)",128,64,104,0,0,11,8,469.493865967
2,"map(to: a)",128,64,104,0,0,11,9,468.993186951
2,"map(to: a)",128,64,104,0,0,28,0,483.393669128
2,"map(to: a)",128,64,104,0,0,28,1,483.596324921
2,"map(to: a)",128,64,104,0,0,28,2,483.644008636
2,"map(to: a)",128,64,104,0,0,28,3,484.001636505
2,"map(to: a)",128,64,104,0,0,28,4,484.049320221
2,"map(to: a)",128,64,104,0,0,28,5,483.548641205
2,"map(to: a)",128,64,104,0,0,28,6,483.989715576
2,"map(to: a)",128,64,104,0,0,28,7,484.597682953
2,"map(to: a)",128,64,104,0,0,28,8,483.703613281
2,"map(to: a)",128,64,104,0,0,28,9,484.442710876
2,"map(to: a)",128,64,104,0,0,5042,0,4932.999610901
2,"map(to: a)",128,64,104,0,0,5042,1,4810.500144958
2,"map(to: a)",128,64,104,0,0,5042,2,4955.852031708
2,"map(to: a)",128,64,104,0,0,5042,3,4882.252216339
2,"map(to: a)",128,64,104,0,0,5042,4,4915.201663971
2,"map(to: a)",128,64,104,0,0,5042,5,4931.104183197
2,"map(to: a)",128,64,104,0,0,5042,6,4942.548274994
2,"map(to: a)",128,64,104,0,0,5042,7,4884.994029999
2,"map(to: a)",128,64,104,0,0,5042,8,4785.847663879
2,"map(to: a)",128,64,104,0,0,5042,9,4761.803150177
2,"map(to: a)",128,64,104,0,0,1218,0,1520.299911499
2,"map(to: a)",128,64,104,0,0,1218,1,1489.496231079
2,"map(to: a)",128,64,104,0,0,1218,2,1511.895656586
2,"map(to: a)",128,64,104,0,0,1218,3,1514.101028442
2,"map(to: a)",128,64,104,0,0,1218,4,1501.393318176
2,"map(to: a)",128,64,104,0,0,1218,5,1513.195037842
2,"map(to: a)",128,64,104,0,0,1218,6,1526.248455048
2,"map(to: a)",128,64,104,0,0,1218,7,1502.954959869
2,"map(to: a)",128,64,104,0,0,1218,8,1529.502868652
2,"map(to: a)",128,64,104,0,0,1218,9,1512.944698334
2,"map(to: a)",128,64,104,0,0,472,0,871.098041534
2,"map(to: a)",128,64,104,0,0,472,1,874.650478363
2,"map(to: a)",128,64,104,0,0,472,2,871.908664703
2,"map(to: a)",128,64,104,0,0,472,3,875.794887543
2,"map(to: a)",128,64,104,0,0,472,4,875.902175903
2,"map(to: a)",128,64,104,0,0,472,5,872.743129730
2,"map(to: a)",128,64,104,0,0,472,6,883.257389069
2,"map(to: a)",128,64,104,0,0,472,7,872.802734375
2,"map(to: a)",128,64,104,0,0,472,8,870.454311371
2,"map(to: a)",128,64,104,0,0,472,9,866.401195526
2,"map(to: a)",256,64,104,0,0,7,0,464.391708374
2,"map(to: a)",256,64,104,0,0,7,1,466.442108154
2,"map(to: a)",256,64,104,0,0,7,2,465.703010559
2,"map(to: a)",256,64,104,0,0,7,3,465.846061707
2,"map(to: a)",256,64,104,0,0,7,4,466.847419739
2,"map(to: a)",256,64,104,0,0,7,5,465.595722198
2,"map(to: a)",256,64,104,0,0,7,6,466.203689575
2,"map(to: a)",256,64,104,0,0,7,7,466.251373291
2,"map(to: a)",256,64,104,0,0,7,8,465.250015259
2,"map(to: a)",256,64,104,0,0,7,9,465.190410614
2,"map(to: a)",256,64,104,0,0,114,0,560.402870178
2,"map(to: a)",256,64,104,0,0,114,1,560.402870178
2,"map(to: a)",256,64,104,0,0,114,2,563.049316406
2,"map(to: a)",256,64,104,0,0,114,3,559.854507446
2,"map(to: a)",256,64,104,0,0,114,4,561.702251434
2,"map(to: a)",256,64,104,0,0,114,5,562.489032745
2,"map(to: a)",256,64,104,0,0,114,6,557.351112366
2,"map(to: a)",256,64,104,0,0,114,7,557.446479797
2,"map(to: a)",256,64,104,0,0,114,8,558.996200562
2,"map(to: a)",256,64,104,0,0,114,9,557.744503021
2,"map(to: a)",256,64,104,0,0,3,0,462.102890015
2,"map(to: a)",256,64,104,0,0,3,1,462.102890015
2,"map(to: a)",256,64,104,0,0,3,2,461.900234222
2,"map(to: a)",256,64,104,0,0,3,3,461.554527283
2,"map(to: a)",256,64,104,0,0,3,4,461.852550507
2,"map(to: a)",256,64,104,0,0,3,5,461.900234222
2,"map(to: a)",256,64,104,0,0,3,6,462.901592255
2,"map(to: a)",256,64,104,0,0,3,7,461.947917938
2,"map(to: a)",256,64,104,0,0,3,8,462.007522583
2,"map(to: a)",256,64,104,0,0,3,9,462.043285370
2,"map(to: a)",256,64,104,0,0,17,0,475.895404816
2,"map(to: a)",256,64,104,0,0,17,1,476.205348969
2,"map(to: a)",256,64,104,0,0,17,2,475.847721100
2,"map(to: a)",256,64,104,0,0,17,3,475.752353668
2,"map(to: a)",256,64,104,0,0,17,4,476.396083832
2,"map(to: a)",256,64,104,0,0,17,5,476.396083832
2,"map(to: a)",256,64,104,0,0,17,6,476.455688477
2,"map(to: a)",256,64,104,0,0,17,7,475.001335144
2,"map(to: a)",256,64,104,0,0,17,8,474.846363068
2,"map(to: a)",256,64,104,0,0,17,9,475.645065308
2,"map(to: a)",256,64,104,0,0,1,0,461.101531982
2,"map(to: a)",256,64,104,0,0,1,1,461.351871490
2,"map(to: a)",256,64,104,0,0,1,2,460.600852966
2,"map(to: a)",256,64,104,0,0,1,3,461.590290070
2,"map(to: a)",256,64,104,0,0,1,4,461.399555206
2,"map(to: a)",256,64,104,0,0,1,5,461.494922638
2,"map(to: a)",256,64,104,0,0,1,6,461.101531982
2,"map(to: a)",256,64,104,0,0,1,7,461.459159851
2,"map(to: a)",256,64,104,0,0,1,8,460.648536682
2,"map(to: a)",256,64,104,0,0,1,9,461.351871490
2,"map(to: a)",256,64,104,0,0,44,0,500.404834747
2,"map(to: a)",256,64,104,0,0,44,1,498.700141907
2,"map(to: a)",256,64,104,0,0,44,2,499.808788300
2,"map(to: a)",256,64,104,0,0,44,3,499.296188354
2,"map(to: a)",256,64,104,0,0,44,4,499.892234802
2,"map(to: a)",256,64,104,0,0,44,5,499.796867371
2,"map(to: a)",256,64,104,0,0,44,6,499.844551086
2,"map(to: a)",256,64,104,0,0,44,7,499.308109283
2,"map(to: a)",256,64,104,0,0,44,8,498.259067535
2,"map(to: a)",256,64,104,0,0,44,9,498.008728027
2,"map(to: a)",256,64,104,0,0,294,0,716.996192932
2,"map(to: a)",256,64,104,0,0,294,1,709.295272827
2,"map(to: a)",256,64,104,0,0,294,2,714.898109436
2,"map(to: a)",256,64,104,0,0,294,3,715.100765228
2,"map(to: a)",256,64,104,0,0,294,4,712.549686432
2,"map(to: a)",256,64,104,0,0,294,5,715.243816376
2,"map(to: a)",256,64,104,0,0,294,6,718.498229980
2,"map(to: a)",256,64,104,0,0,294,7,712.299346924
2,"map(to: a)",256,64,104,0,0,294,8,719.499588013
2,"map(to: a)",256,64,104,0,0,294,9,715.196132660
2,"map(to: a)",256,64,104,0,0,3140,0,3194.308280945
2,"map(to: a)",256,64,104,0,0,3140,1,3213.298320770
2,"map(to: a)",256,64,104,0,0,3140,2,3200.900554657
2,"map(to: a)",256,64,104,0,0,3140,3,3223.049640656
2,"map(to: a)",256,64,104,0,0,3140,4,3225.100040436
2,"map(to: a)",256,64,104,0,0,3140,5,3204.095363617
2,"map(to: a)",256,64,104,0,0,3140,6,3274.297714233
2,"map(to: a)",256,64,104,0,0,3140,7,3207.600116730
2,"map(to: a)",256,64,104,0,0,3140,8,3189.599514008
2,"map(to: a)",256,64,104,0,0,3140,9,3159.606456757
2,"map(to: a)",256,64,104,0,0,4,0,463.509559631
2,"map(to: a)",256,64,104,0,0,4,1,463.795661926
2,"map(to: a)",256,64,104,0,0,4,2,463.652610779
2,"map(to: a)",256,64,104,0,0,4,3,463.402271271
2,"map(to: a)",256,64,104,0,0,4,4,464.105606079
2,"map(to: a)",256,64,104,0,0,4,5,463.449954987
2,"map(to: a)",256,64,104,0,0,4,6,463.807582855
2,"map(to: a)",256,64,104,0,0,4,7,463.950634003
2,"map(to: a)",256,64,104,0,0,4,8,464.999675751
2,"map(to: a)",256,64,104,0,0,4,9,464.200973511
2,"map(to: a)",256,64,104,0,0,1955,0,2161.300182343
2,"map(to: a)",256,64,104,0,0,1955,1,2147.746086121
2,"map(to: a)",256,64,104,0,0,1955,2,2194.452285767
2,"map(to: a)",256,64,104,0,0,1955,3,2150.154113770
2,"map(to: a)",256,64,104,0,0,1955,4,2188.551425934
2,"map(to: a)",256,64,104,0,0,1955,5,2191.102504730
2,"map(to: a)",256,64,104,0,0,1955,6,2168.452739716
2,"map(to: a)",256,64,104,0,0,1955,7,2190.995216370
2,"map(to: a)",256,64,104,0,0,1955,8,2210.450172424
2,"map(to: a)",256,64,104,0,0,1955,9,2122.151851654
2,"map(to: a)",256,64,104,0,0,183,0,618.445873260
2,"map(to: a)",256,64,104,0,0,183,1,616.657733917
2,"map(to: a)",256,64,104,0,0,183,2,618.100166321
2,"map(to: a)",256,64,104,0,0,183,3,617.897510529
2,"map(to: a)",256,64,104,0,0,183,4,617.349147797
2,"map(to: a)",256,64,104,0,0,183,5,618.588924408
2,"map(to: a)",256,64,104,0,0,183,6,618.648529053
2,"map(to: a)",256,64,104,0,0,183,7,617.909431458
2,"map(to: a)",256,64,104,0,0,183,8,621.402263641
2,"map(to: a)",256,64,104,0,0,183,9,618.147850037
2,"map(to: a)",256,64,104,0,0,8096,0,7521.307468414
2,"map(to: a)",256,64,104,0,0,8096,1,7563.257217407
2,"map(to: a)",256,64,104,0,0,8096,2,7467.544078827
2,"map(to: a)",256,64,104,0,0,8096,3,7565.104961395
2,"map(to: a)",256,64,104,0,0,8096,4,7654.309272766
2,"map(to: a)",256,64,104,0,0,8096,5,7455.742359161
2,"map(to: a)",256,64,104,0,0,8096,6,7680.344581604
2,"map(to: a)",256,64,104,0,0,8096,7,7578.551769257
2,"map(to: a)",256,64,104,0,0,8096,8,7613.742351532
2,"map(to: a)",256,64,104,0,0,8096,9,7653.999328613
2,"map(to: a)",256,64,104,0,0,758,0,1107.597351074
2,"map(to: a)",256,64,104,0,0,758,1,1107.943058014
2,"map(to: a)",256,64,104,0,0,758,2,1111.698150635
2,"map(to: a)",256,64,104,0,0,758,3,1106.595993042
2,"map(to: a)",256,64,104,0,0,758,4,1119.601726532
2,"map(to: a)",256,64,104,0,0,758,5,1102.101802826
2,"map(to: a)",256,64,104,0,0,758,6,1119.148731232
2,"map(to: a)",256,64,104,0,0,758,7,1120.591163635
2,"map(to: a)",256,64,104,0,0,758,8,1111.650466919
2,"map(to: a)",256,64,104,0,0,758,9,1118.052005768
2,"map(to: a)",256,64,104,0,0,71,0,522.804260254
2,"map(to: a)",256,64,104,0,0,71,1,521.147251129
2,"map(to: a)",256,64,104,0,0,71,2,524.091720581
2,"map(to: a)",256,64,104,0,0,71,3,523.304939270
2,"map(to: a)",256,64,104,0,0,71,4,523.197650909
2,"map(to: a)",256,64,104,0,0,71,5,524.449348450
2,"map(to: a)",256,64,104,0,0,71,6,522.541999817
2,"map(to: a)",256,64,104,0,0,71,7,523.400306702
2,"map(to: a)",256,64,104,0,0,71,8,524.103641510
2,"map(to: a)",256,64,104,0,0,71,9,523.304939270
2,"map(to: a)",256,64,104,0,0,2,0,465.595722198
2,"map(to: a)",256,64,104,0,0,2,1,460.505485535
2,"map(to: a)",256,64,104,0,0,2,2,461.161136627
2,"map(to: a)",256,64,104,0,0,2,3,461.494922638
2,"map(to: a)",256,64,104,0,0,2,4,460.803508759
2,"map(to: a)",256,64,104,0,0,2,5,461.399555206
2,"map(to: a)",256,64,104,0,0,2,6,461.101531982
2,"map(to: a)",256,64,104,0,0,2,7,461.208820343
2,"map(to: a)",256,64,104,0,0,2,8,460.898876190
2,"map(to: a)",256,64,104,0,0,2,9,460.803508759
2,"map(to: a)",256,64,104,0,0,11,0,468.945503235
2,"map(to: a)",256,64,104,0,0,11,1,468.897819519
2,"map(to: a)",256,64,104,0,0,11,2,468.647480011
2,"map(to: a)",256,64,104,0,0,11,3,469.505786896
2,"map(to: a)",256,64,104,0,0,11,4,469.052791595
2,"map(to: a)",256,64,104,0,0,11,5,469.148159027
2,"map(to: a)",256,64,104,0,0,11,6,469.839572906
2,"map(to: a)",256,64,104,0,0,11,7,468.850135803
2,"map(to: a)",256,64,104,0,0,11,8,469.958782196
2,"map(to: a)",256,64,104,0,0,11,9,470.101833344
2,"map(to: a)",256,64,104,0,0,28,0,484.454631805
2,"map(to: a)",256,64,104,0,0,28,1,484.049320221
2,"map(to: a)",256,64,104,0,0,28,2,484.442710876
2,"map(to: a)",256,64,104,0,0,28,3,482.845306396
2,"map(to: a)",256,64,104,0,0,28,4,484.347343445
2,"map(to: a)",256,64,104,0,0,28,5,483.357906342
2,"map(to: a)",256,64,104,0,0,28,6,484.156608582
2,"map(to: a)",256,64,104,0,0,28,7,485.050678253
2,"map(to: a)",256,64,104,0,0,28,8,484.502315521
2,"map(to: a)",256,64,104,0,0,28,9,484.108924866
2,"map(to: a)",256,64,104,0,0,5042,0,4853.391647339
2,"map(to: a)",256,64,104,0,0,5042,1,4830.551147461
2,"map(to: a)",256,64,104,0,0,5042,2,4910.600185394
2,"map(to: a)",256,64,104,0,0,5042,3,4790.544509888
2,"map(to: a)",256,64,104,0,0,5042,4,4889.953136444
2,"map(to: a)",256,64,104,0,0,5042,5,4909.193515778
2,"map(to: a)",256,64,104,0,0,5042,6,4848.694801331
2,"map(to: a)",256,64,104,0,0,5042,7,4914.140701294
2,"map(to: a)",256,64,104,0,0,5042,8,4954.099655151
2,"map(to: a)",256,64,104,0,0,5042,9,4851.698875427
2,"map(to: a)",256,64,104,0,0,1218,0,1547.801494598
2,"map(to: a)",256,64,104,0,0,1218,1,1534.795761108
2,"map(to: a)",256,64,104,0,0,1218,2,1518.499851227
2,"map(to: a)",256,64,104,0,0,1218,3,1500.105857849
2,"map(to: a)",256,64,104,0,0,1218,4,1502.501964569
2,"map(to: a)",256,64,104,0,0,1218,5,1507.806777954
2,"map(to: a)",256,64,104,0,0,1218,6,1503.098011017
2,"map(to: a)",256,64,104,0,0,1218,7,1498.842239380
2,"map(to: a)",256,64,104,0,0,1218,8,1523.053646088
2,"map(to: a)",256,64,104,0,0,1218,9,1494.598388672
2,"map(to: a)",256,64,104,0,0,472,0,871.694087982
2,"map(to: a)",256,64,104,0,0,472,1,873.148441315
2,"map(to: a)",256,64,104,0,0,472,2,867.140293121
2,"map(to: a)",256,64,104,0,0,472,3,869.894027710
2,"map(to: a)",256,64,104,0,0,472,4,875.592231750
2,"map(to: a)",256,64,104,0,0,472,5,864.791870117
2,"map(to: a)",256,64,104,0,0,472,6,878.846645355
2,"map(to: a)",256,64,104,0,0,472,7,872.397422791
2,"map(to: a)",256,64,104,0,0,472,8,874.102115631
2,"map(to: a)",256,64,104,0,0,472,9,876.343250275
2,"map(to: a)",512,64,104,0,0,7,0,463.497638702
2,"map(to: a)",512,64,104,0,0,7,1,466.048717499
2,"map(to: a)",512,64,104,0,0,7,2,465.047359467
2,"map(to: a)",512,64,104,0,0,7,3,464.594364166
2,"map(to: a)",512,64,104,0,0,7,4,465.595722198
2,"map(to: a)",512,64,104,0,0,7,5,464.594364166
2,"map(to: a)",512,64,104,0,0,7,6,465.154647827
2,"map(to: a)",512,64,104,0,0,7,7,464.594364166
2,"map(to: a)",512,64,104,0,0,7,8,465.202331543
2,"map(to: a)",512,64,104,0,0,7,9,464.904308319
2,"map(to: a)",512,64,104,0,0,114,0,560.748577118
2,"map(to: a)",512,64,104,0,0,114,1,557.649135590
2,"map(to: a)",512,64,104,0,0,114,2,561.904907227
2,"map(to: a)",512,64,104,0,0,114,3,559.401512146
2,"map(to: a)",512,64,104,0,0,114,4,560.653209686
2,"map(to: a)",512,64,104,0,0,114,5,560.903549194
2,"map(to: a)",512,64,104,0,0,114,6,560.092926025
2,"map(to: a)",512,64,104,0,0,114,7,561.308860779
2,"map(to: a)",512,64,104,0,0,114,8,561.451911926
2,"map(to: a)",512,64,104,0,0,114,9,561.249256134
2,"map(to: a)",512,64,104,0,0,3,0,462.543964386
2,"map(to: a)",512,64,104,0,0,3,1,461.649894714
2,"map(to: a)",512,64,104,0,0,3,2,462.198257446
2,"map(to: a)",512,64,104,0,0,3,3,461.745262146
2,"map(to: a)",512,64,104,0,0,3,4,461.256504059
2,"map(to: a)",512,64,104,0,0,3,5,461.351871490
2,"map(to: a)",512,64,104,0,0,3,6,461.447238922
2,"map(to: a)",512,64,104,0,0,3,7,461.506843567
2,"map(to: a)",512,64,104,0,0,3,8,461.900234222
2,"map(to: a)",512,64,104,0,0,3,9,462.043285370
2,"map(to: a)",512,64,104,0,0,17,0,474.905967712
2,"map(to: a)",512,64,104,0,0,17,1,475.704669952
2,"map(to: a)",512,64,104,0,0,17,2,475.096702576
2,"map(to: a)",512,64,104,0,0,17,3,475.800037384
2,"map(to: a)",512,64,104,0,0,17,4,475.907325745
2,"map(to: a)",512,64,104,0,0,17,5,475.299358368
2,"map(to: a)",512,64,104,0,0,17,6,476.145744324
2,"map(to: a)",512,64,104,0,0,17,7,475.800037384
2,"map(to: a)",512,64,104,0,0,17,8,475.549697876
2,"map(to: a)",512,64,104,0,0,17,9,476.348400116
2,"map(to: a)",512,64,104,0,0,1,0,460.743904114
2,"map(to: a)",512,64,104,0,0,1,1,461.244583130
2,"map(to: a)",512,64,104,0,0,1,2,463.545322418
2,"map(to: a)",512,64,104,0,0,1,3,460.648536682
2,"map(to: a)",512,64,104,0,0,1,4,461.757183075
2,"map(to: a)",512,64,104,0,0,1,5,461.292266846
2,"map(to: a)",512,64,104,0,0,1,6,461.041927338
2,"map(to: a)",512,64,104,0,0,1,7,461.208820343
2,"map(to: a)",512,64,104,0,0,1,8,460.791587830
2,"map(to: a)",512,64,104,0,0,1,9,461.351871490
2,"map(to: a)",512,64,104,0,0,44,0,499.105453491
2,"map(to: a)",512,64,104,0,0,44,1,498.902797699
2,"map(to: a)",512,64,104,0,0,44,2,499.558448792
2,"map(to: a)",512,64,104,0,0,44,3,498.759746552
2,"map(to: a)",512,64,104,0,0,44,4,499.403476715
2,"map(to: a)",512,64,104,0,0,44,5,499.045848846
2,"map(to: a)",512,64,104,0,0,44,6,498.950481415
2,"map(to: a)",512,64,104,0,0,44,7,499.451160431
2,"map(to: a)",512,64,104,0,0,44,8,499.796867371
2,"map(to: a)",512,64,104,0,0,44,9,498.890876770
2,"map(to: a)",512,64,104,0,0,294,0,724.399089813
2,"map(to: a)",512,64,104,0,0,294,1,720.250606537
2,"map(to: a)",512,64,104,0,0,294,2,716.054439545
2,"map(to: a)",512,64,104,0,0,294,3,712.144374847
2,"map(to: a)",512,64,104,0,0,294,4,712.049007416
2,"map(to: a)",512,64,104,0,0,294,5,713.253021240
2,"map(to: a)",512,64,104,0,0,294,6,712.645053864
2,"map(to: a)",512,64,104,0,0,294,7,710.999965668
2,"map(to: a)",512,64,104,0,0,294,8,717.294216156
2,"map(to: a)",512,64,104,0,0,294,9,710.201263428
2,"map(to: a)",512,64,104,0,0,3140,0,3194.451332092
2,"map(to: a)",512,64,104,0,0,3140,1,3203.499317169
2,"map(to: a)",512,64,104,0,0,3140,2,3164.851665497
2,"map(to: a)",512,64,104,0,0,3140,3,3185.653686523
2,"map(to: a)",512,64,104,0,0,3140,4,3223.252296448
2,"map(to: a)",512,64,104,0,0,3140,5,3150.153160095
2,"map(to: a)",512,64,104,0,0,3140,6,3241.407871246
2,"map(to: a)",512,64,104,0,0,3140,7,3198.099136353
2,"map(to: a)",512,64,104,0,0,3140,8,3212.153911591
2,"map(to: a)",512,64,104,0,0,3140,9,3225.445747375
2,"map(to: a)",512,64,104,0,0,4,0,463.545322418
2,"map(to: a)",512,64,104,0,0,4,1,463.891029358
2,"map(to: a)",512,64,104,0,0,4,2,463.342666626
2,"map(to: a)",512,64,104,0,0,4,3,463.402271271
2,"map(to: a)",512,64,104,0,0,4,4,464.046001434
2,"map(to: a)",512,64,104,0,0,4,5,463.294982910
2,"map(to: a)",512,64,104,0,0,4,6,464.344024658
2,"map(to: a)",512,64,104,0,0,4,7,463.247299194
2,"map(to: a)",512,64,104,0,0,4,8,463.402271271
2,"map(to: a)",512,64,104,0,0,4,9,463.402271271
2,"map(to: a)",512,64,104,0,0,1955,0,2170.598506927
2,"map(to: a)",512,64,104,0,0,1955,1,2129.495143890
2,"map(to: a)",512,64,104,0,0,1955,2,2172.052860260
2,"map(to: a)",512,64,104,0,0,1955,3,2150.702476501
2,"map(to: a)",512,64,104,0,0,1955,4,2158.451080322
2,"map(to: a)",512,64,104,0,0,1955,5,2163.910865784
2,"map(to: a)",512,64,104,0,0,1955,6,2162.706851959
2,"map(to: a)",512,64,104,0,0,1955,7,2172.446250916
2,"map(to: a)",512,64,104,0,0,1955,8,2176.249027252
2,"map(to: a)",512,64,104,0,0,1955,9,2163.851261139
2,"map(to: a)",512,64,104,0,0,183,0,623.953342438
2,"map(to: a)",512,64,104,0,0,183,1,620.698928833
2,"map(to: a)",512,64,104,0,0,183,2,623.548030853
2,"map(to: a)",512,64,104,0,0,183,3,624.799728394
2,"map(to: a)",512,64,104,0,0,183,4,615.501403809
2,"map(to: a)",512,64,104,0,0,183,5,617.146492004
2,"map(to: a)",512,64,104,0,0,183,6,619.304180145
2,"map(to: a)",512,64,104,0,0,183,7,616.252422333
2,"map(to: a)",512,64,104,0,0,183,8,620.102882385
2,"map(to: a)",512,64,104,0,0,183,9,617.456436157
2,"map(to: a)",512,64,104,0,0,8096,0,7456.493377686
2,"map(to: a)",512,64,104,0,0,8096,1,7469.296455383
2,"map(to: a)",512,64,104,0,0,8096,2,7474.696636200
2,"map(to: a)",512,64,104,0,0,8096,3,7499.146461487
2,"map(to: a)",512,64,104,0,0,8096,4,7536.399364471
2,"map(to: a)",512,64,104,0,0,8096,5,7433.199882507
2,"map(to: a)",512,64,104,0,0,8096,6,7624.161243439
2,"map(to: a)",512,64,104,0,0,8096,7,7432.997226715
2,"map(to: a)",512,64,104,0,0,8096,8,7585.847377777
2,"map(to: a)",512,64,104,0,0,8096,9,7619.500160217
2,"map(to: a)",512,64,104,0,0,758,0,1120.507717133
2,"map(to: a)",512,64,104,0,0,758,1,1128.196716309
2,"map(to: a)",512,64,104,0,0,758,2,1136.660575867
2,"map(to: a)",512,64,104,0,0,758,3,1119.446754456
2,"map(to: a)",512,64,104,0,0,758,4,1135.647296906
2,"map(to: a)",512,64,104,0,0,758,5,1106.548309326
2,"map(to: a)",512,64,104,0,0,758,6,1107.144355774
2,"map(to: a)",512,64,104,0,0,758,7,1111.102104187
2,"map(to: a)",512,64,104,0,0,758,8,1110.959053040
2,"map(to: a)",512,64,104,0,0,758,9,1110.804080963
2,"map(to: a)",512,64,104,0,0,71,0,522.148609161
2,"map(to: a)",512,64,104,0,0,71,1,521.397590637
2,"map(to: a)",512,64,104,0,0,71,2,522.994995117
2,"map(to: a)",512,64,104,0,0,71,3,521.850585938
2,"map(to: a)",512,64,104,0,0,71,4,522.398948669
2,"map(to: a)",512,64,104,0,0,71,5,522.899627686
2,"map(to: a)",512,64,104,0,0,71,6,520.896911621
2,"map(to: a)",512,64,104,0,0,71,7,523.555278778
2,"map(to: a)",512,64,104,0,0,71,8,523.400306702
2,"map(to: a)",512,64,104,0,0,71,9,522.303581238
2,"map(to: a)",512,64,104,0,0,2,0,461.208820343
2,"map(to: a)",512,64,104,0,0,2,1,461.196899414
2,"map(to: a)",512,64,104,0,0,2,2,461.041927338
2,"map(to: a)",512,64,104,0,0,2,3,461.149215698
2,"map(to: a)",512,64,104,0,0,2,4,461.196899414
2,"map(to: a)",512,64,104,0,0,2,5,461.459159851
2,"map(to: a)",512,64,104,0,0,2,6,460.851192474
2,"map(to: a)",512,64,104,0,0,2,7,460.410118103
2,"map(to: a)",512,64,104,0,0,2,8,460.946559906
2,"map(to: a)",512,64,104,0,0,2,9,461.506843567
2,"map(to: a)",512,64,104,0,0,11,0,468.599796295
2,"map(to: a)",512,64,104,0,0,11,1,468.540191650
2,"map(to: a)",512,64,104,0,0,11,2,468.301773071
2,"map(to: a)",512,64,104,0,0,11,3,468.945503235
2,"map(to: a)",512,64,104,0,0,11,4,469.398498535
2,"map(to: a)",512,64,104,0,0,11,5,468.695163727
2,"map(to: a)",512,64,104,0,0,11,6,469.541549683
2,"map(to: a)",512,64,104,0,0,11,7,469.744205475
2,"map(to: a)",512,64,104,0,0,11,8,469.052791595
2,"map(to: a)",512,64,104,0,0,11,9,469.255447388
2,"map(to: a)",512,64,104,0,0,28,0,484.251976013
2,"map(to: a)",512,64,104,0,0,28,1,484.502315521
2,"map(to: a)",512,64,104,0,0,28,2,484.657287598
2,"map(to: a)",512,64,104,0,0,28,3,484.549999237
2,"map(to: a)",512,64,104,0,0,28,4,485.301017761
2,"map(to: a)",512,64,104,0,0,28,5,484.597682953
2,"map(to: a)",512,64,104,0,0,28,6,483.858585358
2,"map(to: a)",512,64,104,0,0,28,7,483.644008636
2,"map(to: a)",512,64,104,0,0,28,8,483.345985413
2,"map(to: a)",512,64,104,0,0,28,9,483.739376068
2,"map(to: a)",512,64,104,0,0,5042,0,4844.403266907
2,"map(to: a)",512,64,104,0,0,5042,1,4747.402667999
2,"map(to: a)",512,64,104,0,0,5042,2,4867.494106293
2,"map(to: a)",512,64,104,0,0,5042,3,4812.347888947
2,"map(to: a)",512,64,104,0,0,5042,4,4839.897155762
2,"map(to: a)",512,64,104,0,0,5042,5,4854.249954224
2,"map(to: a)",512,64,104,0,0,5042,6,4846.000671387
2,"map(to: a)",512,64,104,0,0,5042,7,4859.197139740
2,"map(to: a)",512,64,104,0,0,5042,8,4861.497879028
2,"map(to: a)",512,64,104,0,0,5042,9,4830.300807953
2,"map(to: a)",512,64,104,0,0,1218,0,1540.708541870
2,"map(to: a)",512,64,104,0,0,1218,1,1511.502265930
2,"map(to: a)",512,64,104,0,0,1218,2,1535.499095917
2,"map(to: a)",512,64,104,0,0,1218,3,1536.405086517
2,"map(to: a)",512,64,104,0,0,1218,4,1525.306701660
2,"map(to: a)",512,64,104,0,0,1218,5,1538.848876953
2,"map(to: a)",512,64,104,0,0,1218,6,1551.651954651
2,"map(to: a)",512,64,104,0,0,1218,7,1493.096351624
2,"map(to: a)",512,64,104,0,0,1218,8,1514.101028442
2,"map(to: a)",512,64,104,0,0,1218,9,1498.889923096
2,"map(to: a)",512,64,104,0,0,472,0,866.401195526
2,"map(to: a)",512,64,104,0,0,472,1,865.697860718
2,"map(to: a)",512,64,104,0,0,472,2,865.995883942
2,"map(to: a)",512,64,104,0,0,472,3,867.497920990
2,"map(to: a)",512,64,104,0,0,472,4,867.998600006
2,"map(to: a)",512,64,104,0,0,472,5,866.401195526
2,"map(to: a)",512,64,104,0,0,472,6,875.151157379
2,"map(to: a)",512,64,104,0,0,472,7,865.650177002
2,"map(to: a)",512,64,104,0,0,472,8,872.111320496
2,"map(to: a)",512,64,104,0,0,472,9,874.650478363
2,"map(to: a)",1024,64,104,0,0,7,0,464.594364166
2,"map(to: a)",1024,64,104,0,0,7,1,467.252731323
2,"map(to: a)",1024,64,104,0,0,7,2,466.644763947
2,"map(to: a)",1024,64,104,0,0,7,3,466.001033783
2,"map(to: a)",1024,64,104,0,0,7,4,466.454029083
2,"map(to: a)",1024,64,104,0,0,7,5,466.597080231
2,"map(to: a)",1024,64,104,0,0,7,6,465.607643127
2,"map(to: a)",1024,64,104,0,0,7,7,465.691089630
2,"map(to: a)",1024,64,104,0,0,7,8,465.905666351
2,"map(to: a)",1024,64,104,0,0,7,9,465.607643127
2,"map(to: a)",1024,64,104,0,0,114,0,559.246540070
2,"map(to: a)",1024,64,104,0,0,114,1,558.650493622
2,"map(to: a)",1024,64,104,0,0,114,2,561.296939850
2,"map(to: a)",1024,64,104,0,0,114,3,558.650493622
2,"map(to: a)",1024,64,104,0,0,114,4,560.605525970
2,"map(to: a)",1024,64,104,0,0,114,5,560.891628265
2,"map(to: a)",1024,64,104,0,0,114,6,558.948516846
2,"map(to: a)",1024,64,104,0,0,114,7,560.653209686
2,"map(to: a)",1024,64,104,0,0,114,8,561.952590942
2,"map(to: a)",1024,64,104,0,0,114,9,558.805465698
2,"map(to: a)",1024,64,104,0,0,3,0,462.603569031
2,"map(to: a)",1024,64,104,0,0,3,1,462.305545807
2,"map(to: a)",1024,64,104,0,0,3,2,462.949275970
2,"map(to: a)",1024,64,104,0,0,3,3,463.008880615
2,"map(to: a)",1024,64,104,0,0,3,4,462.150573730
2,"map(to: a)",1024,64,104,0,0,3,5,462.806224823
2,"map(to: a)",1024,64,104,0,0,3,6,461.900234222
2,"map(to: a)",1024,64,104,0,0,3,7,462.090969086
2,"map(to: a)",1024,64,104,0,0,3,8,462.353229523
2,"map(to: a)",1024,64,104,0,0,3,9,462.651252747
2,"map(to: a)",1024,64,104,0,0,17,0,475.251674652
2,"map(to: a)",1024,64,104,0,0,17,1,476.002693176
2,"map(to: a)",1024,64,104,0,0,17,2,475.096702576
2,"map(to: a)",1024,64,104,0,0,17,3,476.050376892
2,"map(to: a)",1024,64,104,0,0,17,4,475.502014160
2,"map(to: a)",1024,64,104,0,0,17,5,476.002693176
2,"map(to: a)",1024,64,104,0,0,17,6,476.241111755
2,"map(to: a)",1024,64,104,0,0,17,7,475.955009460
2,"map(to: a)",1024,64,104,0,0,17,8,475.704669952
2,"map(to: a)",1024,64,104,0,0,17,9,475.847721100
2,"map(to: a)",1024,64,104,0,0,1,0,461.292266846
2,"map(to: a)",1024,64,104,0,0,1,1,462.198257446
2,"map(to: a)",1024,64,104,0,0,1,2,462.055206299
2,"map(to: a)",1024,64,104,0,0,1,3,461.506843567
2,"map(to: a)",1024,64,104,0,0,1,4,461.602210999
2,"map(to: a)",1024,64,104,0,0,1,5,461.649894714
2,"map(to: a)",1024,64,104,0,0,1,6,462.007522583
2,"map(to: a)",1024,64,104,0,0,1,7,462.305545807
2,"map(to: a)",1024,64,104,0,0,1,8,461.208820343
2,"map(to: a)",1024,64,104,0,0,1,9,461.792945862
2,"map(to: a)",1024,64,104,0,0,44,0,499.093532562
2,"map(to: a)",1024,64,104,0,0,44,1,497.853755951
2,"map(to: a)",1024,64,104,0,0,44,2,498.902797699
2,"map(to: a)",1024,64,104,0,0,44,3,500.059127808
2,"map(to: a)",1024,64,104,0,0,44,4,499.653816223
2,"map(to: a)",1024,64,104,0,0,44,5,499.057769775
2,"map(to: a)",1024,64,104,0,0,44,6,498.950481415
2,"map(to: a)",1024,64,104,0,0,44,7,499.403476715
2,"map(to: a)",1024,64,104,0,0,44,8,499.594211578
2,"map(to: a)",1024,64,104,0,0,44,9,498.998165131
2,"map(to: a)",1024,64,104,0,0,294,0,722.098350525
2,"map(to: a)",1024,64,104,0,0,294,1,714.850425720
2,"map(to: a)",1024,64,104,0,0,294,2,720.894336700
2,"map(to: a)",1024,64,104,0,0,294,3,720.906257629
2,"map(to: a)",1024,64,104,0,0,294,4,718.295574188
2,"map(to: a)",1024,64,104,0,0,294,5,721.502304077
2,"map(to: a)",1024,64,104,0,0,294,6,724.053382874
2,"map(to: a)",1024,64,104,0,0,294,7,710.201263428
2,"map(to: a)",1024,64,104,0,0,294,8,715.446472168
2,"map(to: a)",1024,64,104,0,0,294,9,711.596012115
2,"map(to: a)",1024,64,104,0,0,3140,0,3162.348270416
2,"map(to: a)",1024,64,104,0,0,3140,1,3155.601024628
2,"map(to: a)",1024,64,104,0,0,3140,2,3161.454200745
2,"map(to: a)",1024,64,104,0,0,3140,3,3170.752525330
2,"map(to: a)",1024,64,104,0,0,3140,4,3172.957897186
2,"map(to: a)",1024,64,104,0,0,3140,5,3162.455558777
2,"map(to: a)",1024,64,104,0,0,3140,6,3222.441673279
2,"map(to: a)",1024,64,104,0,0,3140,7,3157.103061676
2,"map(to: a)",1024,64,104,0,0,3140,8,3200.209140778
2,"map(to: a)",1024,64,104,0,0,3140,9,3214.240074158
2,"map(to: a)",1024,64,104,0,0,4,0,463.807582855
2,"map(to: a)",1024,64,104,0,0,4,1,463.557243347
2,"map(to: a)",1024,64,104,0,0,4,2,464.105606079
2,"map(to: a)",1024,64,104,0,0,4,3,464.856624603
2,"map(to: a)",1024,64,104,0,0,4,4,464.344024658
2,"map(to: a)",1024,64,104,0,0,4,5,464.451313019
2,"map(to: a)",1024,64,104,0,0,4,6,464.344024658
2,"map(to: a)",1024,64,104,0,0,4,7,464.248657227
2,"map(to: a)",1024,64,104,0,0,4,8,463.294982910
2,"map(to: a)",1024,64,104,0,0,4,9,463.795661926
2,"map(to: a)",1024,64,104,0,0,1955,0,2138.400077820
2,"map(to: a)",1024,64,104,0,0,1955,1,2126.598358154
2,"map(to: a)",1024,64,104,0,0,1955,2,2159.750461578
2,"map(to: a)",1024,64,104,0,0,1955,3,2113.699913025
2,"map(to: a)",1024,64,104,0,0,1955,4,2155.601978302
2,"map(to: a)",1024,64,104,0,0,1955,5,2160.644531250
2,"map(to: a)",1024,64,104,0,0,1955,6,2141.296863556
2,"map(to: a)",1024,64,104,0,0,1955,7,2157.199382782
2,"map(to: a)",1024,64,104,0,0,1955,8,2183.842658997
2,"map(to: a)",1024,64,104,0,0,1955,9,2128.255367279
2,"map(to: a)",1024,64,104,0,0,183,0,622.498989105
2,"map(to: a)",1024,64,104,0,0,183,1,619.590282440
2,"map(to: a)",1024,64,104,0,0,183,2,621.199607849
2,"map(to: a)",1024,64,104,0,0,183,3,621.700286865
2,"map(to: a)",1024,64,104,0,0,183,4,624.549388885
2,"map(to: a)",1024,64,104,0,0,183,5,622.093677521
2,"map(to: a)",1024,64,104,0,0,183,6,622.892379761
2,"map(to: a)",1024,64,104,0,0,183,7,620.996952057
2,"map(to: a)",1024,64,104,0,0,183,8,623.893737793
2,"map(to: a)",1024,64,104,0,0,183,9,614.845752716
2,"map(to: a)",1024,64,104,0,0,8096,0,7434.248924255
2,"map(to: a)",1024,64,104,0,0,8096,1,7467.699050903
2,"map(to: a)",1024,64,104,0,0,8096,2,7372.653484344
2,"map(to: a)",1024,64,104,0,0,8096,3,7419.049739838
2,"map(to: a)",1024,64,104,0,0,8096,4,7515.192031860
2,"map(to: a)",1024,64,104,0,0,8096,5,7370.257377625
2,"map(to: a)",1024,64,104,0,0,8096,6,7557.654380798
2,"map(to: a)",1024,64,104,0,0,8096,7,7451.653480530
2,"map(to: a)",1024,64,104,0,0,8096,8,7498.896121979
2,"map(to: a)",1024,64,104,0,0,8096,9,7522.857189178
2,"map(to: a)",1024,64,104,0,0,758,0,1116.299629211
2,"map(to: a)",1024,64,104,0,0,758,1,1122.093200684
2,"map(to: a)",1024,64,104,0,0,758,2,1122.593879700
2,"map(to: a)",1024,64,104,0,0,758,3,1117.396354675
2,"map(to: a)",1024,64,104,0,0,758,4,1135.706901550
2,"map(to: a)",1024,64,104,0,0,758,5,1118.600368500
2,"map(to: a)",1024,64,104,0,0,758,6,1129.400730133
2,"map(to: a)",1024,64,104,0,0,758,7,1133.406162262
2,"map(to: a)",1024,64,104,0,0,758,8,1125.741004944
2,"map(to: a)",1024,64,104,0,0,758,9,1122.653484344
2,"map(to: a)",1024,64,104,0,0,71,0,522.196292877
2,"map(to: a)",1024,64,104,0,0,71,1,521.051883698
2,"map(to: a)",1024,64,104,0,0,71,2,522.601604462
2,"map(to: a)",1024,64,104,0,0,71,3,522.053241730
2,"map(to: a)",1024,64,104,0,0,71,4,522.208213806
2,"map(to: a)",1024,64,104,0,0,71,5,522.553920746
2,"map(to: a)",1024,64,104,0,0,71,6,521.707534790
2,"map(to: a)",1024,64,104,0,0,71,7,522.100925446
2,"map(to: a)",1024,64,104,0,0,71,8,521.957874298
2,"map(to: a)",1024,64,104,0,0,71,9,522.851943970
2,"map(to: a)",1024,64,104,0,0,2,0,461.542606354
2,"map(to: a)",1024,64,104,0,0,2,1,460.708141327
2,"map(to: a)",1024,64,104,0,0,2,2,460.898876190
2,"map(to: a)",1024,64,104,0,0,2,3,461.304187775
2,"map(to: a)",1024,64,104,0,0,2,4,461.244583130
2,"map(to: a)",1024,64,104,0,0,2,5,461.304187775
2,"map(to: a)",1024,64,104,0,0,2,6,460.898876190
2,"map(to: a)",1024,64,104,0,0,2,7,461.053848267
2,"map(to: a)",1024,64,104,0,0,2,8,461.804866791
2,"map(to: a)",1024,64,104,0,0,2,9,461.292266846
2,"map(to: a)",1024,64,104,0,0,11,0,468.599796295
2,"map(to: a)",1024,64,104,0,0,11,1,469.100475311
2,"map(to: a)",1024,64,104,0,0,11,2,469.446182251
2,"map(to: a)",1024,64,104,0,0,11,3,468.754768372
2,"map(to: a)",1024,64,104,0,0,11,4,468.540191650
2,"map(to: a)",1024,64,104,0,0,11,5,468.552112579
2,"map(to: a)",1024,64,104,0,0,11,6,468.897819519
2,"map(to: a)",1024,64,104,0,0,11,7,468.790531158
2,"map(to: a)",1024,64,104,0,0,11,8,469.005107880
2,"map(to: a)",1024,64,104,0,0,11,9,469.052791595
2,"map(to: a)",1024,64,104,0,0,28,0,483.500957489
2,"map(to: a)",1024,64,104,0,0,28,1,484.204292297
2,"map(to: a)",1024,64,104,0,0,28,2,484.359264374
2,"map(to: a)",1024,64,104,0,0,28,3,484.347343445
2,"map(to: a)",1024,64,104,0,0,28,4,484.955310822
2,"map(to: a)",1024,64,104,0,0,28,5,484.549999237
2,"map(to: a)",1024,64,104,0,0,28,6,485.050678253
2,"map(to: a)",1024,64,104,0,0,28,7,484.454631805
2,"map(to: a)",1024,64,104,0,0,28,8,485.146045685
2,"map(to: a)",1024,64,104,0,0,28,9,484.490394592
2,"map(to: a)",1024,64,104,0,0,5042,0,4942.548274994
2,"map(to: a)",1024,64,104,0,0,5042,1,4772.949218750
2,"map(to: a)",1024,64,104,0,0,5042,2,4844.546318054
2,"map(to: a)",1024,64,104,0,0,5042,3,4744.303226471
2,"map(to: a)",1024,64,104,0,0,5042,4,4817.700386047
2,"map(to: a)",1024,64,104,0,0,5042,5,4824.256896973
2,"map(to: a)",1024,64,104,0,0,5042,6,4767.107963562
2,"map(to: a)",1024,64,104,0,0,5042,7,4816.651344299
2,"map(to: a)",1024,64,104,0,0,5042,8,4882.597923279
2,"map(to: a)",1024,64,104,0,0,5042,9,4786.145687103
2,"map(to: a)",1024,64,104,0,0,1218,0,1526.606082916
2,"map(to: a)",1024,64,104,0,0,1218,1,1513.803005219
2,"map(to: a)",1024,64,104,0,0,1218,2,1515.698432922
2,"map(to: a)",1024,64,104,0,0,1218,3,1524.102687836
2,"map(to: a)",1024,64,104,0,0,1218,4,1518.893241882
2,"map(to: a)",1024,64,104,0,0,1218,5,1526.546478271
2,"map(to: a)",1024,64,104,0,0,1218,6,1529.252529144
2,"map(to: a)",1024,64,104,0,0,1218,7,1521.599292755
2,"map(to: a)",1024,64,104,0,0,1218,8,1546.108722687
2,"map(to: a)",1024,64,104,0,0,1218,9,1519.703865051
2,"map(to: a)",1024,64,104,0,0,472,0,879.395008087
2,"map(to: a)",1024,64,104,0,0,472,1,881.803035736
2,"map(to: a)",1024,64,104,0,0,472,2,861.191749573
2,"map(to: a)",1024,64,104,0,0,472,3,863.993167877
2,"map(to: a)",1024,64,104,0,0,472,4,869.596004486
2,"map(to: a)",1024,64,104,0,0,472,5,860.846042633
2,"map(to: a)",1024,64,104,0,0,472,6,870.156288147
2,"map(to: a)",1024,64,104,0,0,472,7,863.647460938
2,"map(to: a)",1024,64,104,0,0,472,8,867.700576782
2,"map(to: a)",1024,64,104,0,0,472,9,868.546962738
2,"map(to: a)",2048,64,104,0,0,7,0,464.844703674
2,"map(to: a)",2048,64,104,0,0,7,1,466.656684875
2,"map(to: a)",2048,64,104,0,0,7,2,466.597080231
2,"map(to: a)",2048,64,104,0,0,7,3,465.905666351
2,"map(to: a)",2048,64,104,0,0,7,4,466.299057007
2,"map(to: a)",2048,64,104,0,0,7,5,465.798377991
2,"map(to: a)",2048,64,104,0,0,7,6,466.549396515
2,"map(to: a)",2048,64,104,0,0,7,7,466.310977936
2,"map(to: a)",2048,64,104,0,0,7,8,466.156005859
2,"map(to: a)",2048,64,104,0,0,7,9,466.609001160
2,"map(to: a)",2048,64,104,0,0,114,0,560.200214386
2,"map(to: a)",2048,64,104,0,0,114,1,557.506084442
2,"map(to: a)",2048,64,104,0,0,114,2,561.046600342
2,"map(to: a)",2048,64,104,0,0,114,3,558.042526245
2,"map(to: a)",2048,64,104,0,0,114,4,558.400154114
2,"map(to: a)",2048,64,104,0,0,114,5,558.853149414
2,"map(to: a)",2048,64,104,0,0,114,6,559.496879578
2,"map(to: a)",2048,64,104,0,0,114,7,559.794902802
2,"map(to: a)",2048,64,104,0,0,114,8,559.854507446
2,"map(to: a)",2048,64,104,0,0,114,9,559.043884277
2,"map(to: a)",2048,64,104,0,0,3,0,462.746620178
2,"map(to: a)",2048,64,104,0,0,3,1,462.257862091
2,"map(to: a)",2048,64,104,0,0,3,2,462.543964386
2,"map(to: a)",2048,64,104,0,0,3,3,462.949275970
2,"map(to: a)",2048,64,104,0,0,3,4,462.305545807
2,"map(to: a)",2048,64,104,0,0,3,5,462.400913239
2,"map(to: a)",2048,64,104,0,0,3,6,462.353229523
2,"map(to: a)",2048,64,104,0,0,3,7,462.245941162
2,"map(to: a)",2048,64,104,0,0,3,8,462.758541107
2,"map(to: a)",2048,64,104,0,0,3,9,462.746620178
2,"map(to: a)",2048,64,104,0,0,17,0,475.704669952
2,"map(to: a)",2048,64,104,0,0,17,1,475.394725800
2,"map(to: a)",2048,64,104,0,0,17,2,477.051734924
2,"map(to: a)",2048,64,104,0,0,17,3,476.348400116
2,"map(to: a)",2048,64,104,0,0,17,4,475.847721100
2,"map(to: a)",2048,64,104,0,0,17,5,474.953651428
2,"map(to: a)",2048,64,104,0,0,17,6,476.002693176
2,"map(to: a)",2048,64,104,0,0,17,7,475.203990936
2,"map(to: a)",2048,64,104,0,0,17,8,476.443767548
2,"map(to: a)",2048,64,104,0,0,17,9,475.955009460
2,"map(to: a)",2048,64,104,0,0,1,0,460.898876190
2,"map(to: a)",2048,64,104,0,0,1,1,461.602210999
2,"map(to: a)",2048,64,104,0,0,1,2,461.900234222
2,"map(to: a)",2048,64,104,0,0,1,3,461.542606354
2,"map(to: a)",2048,64,104,0,0,1,4,461.542606354
2,"map(to: a)",2048,64,104,0,0,1,5,461.256504059
2,"map(to: a)",2048,64,104,0,0,1,6,461.995601654
2,"map(to: a)",2048,64,104,0,0,1,7,461.590290070
2,"map(to: a)",2048,64,104,0,0,1,8,462.293624878
2,"map(to: a)",2048,64,104,0,0,1,9,462.043285370
2,"map(to: a)",2048,64,104,0,0,44,0,500.106811523
2,"map(to: a)",2048,64,104,0,0,44,1,498.056411743
2,"map(to: a)",2048,64,104,0,0,44,2,499.796867371
2,"map(to: a)",2048,64,104,0,0,44,3,498.640537262
2,"map(to: a)",2048,64,104,0,0,44,4,498.592853546
2,"map(to: a)",2048,64,104,0,0,44,5,500.345230103
2,"map(to: a)",2048,64,104,0,0,44,6,498.008728027
2,"map(to: a)",2048,64,104,0,0,44,7,499.296188354
2,"map(to: a)",2048,64,104,0,0,44,8,499.558448792
2,"map(to: a)",2048,64,104,0,0,44,9,498.640537262
2,"map(to: a)",2048,64,104,0,0,294,0,718.641281128
2,"map(to: a)",2048,64,104,0,0,294,1,716.245174408
2,"map(to: a)",2048,64,104,0,0,294,2,716.447830200
2,"map(to: a)",2048,64,104,0,0,294,3,717.949867249
2,"map(to: a)",2048,64,104,0,0,294,4,716.900825500
2,"map(to: a)",2048,64,104,0,0,294,5,719.058513641
2,"map(to: a)",2048,64,104,0,0,294,6,719.153881073
2,"map(to: a)",2048,64,104,0,0,294,7,717.496871948
2,"map(to: a)",2048,64,104,0,0,294,8,723.850727081
2,"map(to: a)",2048,64,104,0,0,294,9,716.698169708
2,"map(to: a)",2048,64,104,0,0,3140,0,3251.290321350
2,"map(to: a)",2048,64,104,0,0,3140,1,3265.094757080
2,"map(to: a)",2048,64,104,0,0,3140,2,3129.446506500
2,"map(to: a)",2048,64,104,0,0,3140,3,3151.297569275
2,"map(to: a)",2048,64,104,0,0,3140,4,3185.403347015
2,"map(to: a)",2048,64,104,0,0,3140,5,3124.248981476
2,"map(to: a)",2048,64,104,0,0,3140,6,3185.951709747
2,"map(to: a)",2048,64,104,0,0,3140,7,3144.955635071
2,"map(to: a)",2048,64,104,0,0,3140,8,3172.445297241
2,"map(to: a)",2048,64,104,0,0,3140,9,3175.806999207
2,"map(to: a)",2048,64,104,0,0,4,0,463.950634003
2,"map(to: a)",2048,64,104,0,0,4,1,464.308261871
2,"map(to: a)",2048,64,104,0,0,4,2,464.653968811
2,"map(to: a)",2048,64,104,0,0,4,3,464.105606079
2,"map(to: a)",2048,64,104,0,0,4,4,464.153289795
2,"map(to: a)",2048,64,104,0,0,4,5,463.902950287
2,"map(to: a)",2048,64,104,0,0,4,6,464.344024658
2,"map(to: a)",2048,64,104,0,0,4,7,464.546680450
2,"map(to: a)",2048,64,104,0,0,4,8,464.403629303
2,"map(to: a)",2048,64,104,0,0,4,9,464.403629303
2,"map(to: a)",2048,64,104,0,0,1955,0,2201.402187347
2,"map(to: a)",2048,64,104,0,0,1955,1,2161.097526550
2,"map(to: a)",2048,64,104,0,0,1955,2,2200.794219971
2,"map(to: a)",2048,64,104,0,0,1955,3,2126.348018646
2,"map(to: a)",2048,64,104,0,0,1955,4,2126.359939575
2,"map(to: a)",2048,64,104,0,0,1955,5,2140.355110168
2,"map(to: a)",2048,64,104,0,0,1955,6,2137.541770935
2,"map(to: a)",2048,64,104,0,0,1955,7,2139.699459076
2,"map(to: a)",2048,64,104,0,0,1955,8,2142.357826233
2,"map(to: a)",2048,64,104,0,0,1955,9,2142.500877380
2,"map(to: a)",2048,64,104,0,0,183,0,621.557235718
2,"map(to: a)",2048,64,104,0,0,183,1,617.504119873
2,"map(to: a)",2048,64,104,0,0,183,2,620.508193970
2,"map(to: a)",2048,64,104,0,0,183,3,621.354579926
2,"map(to: a)",2048,64,104,0,0,183,4,618.600845337
2,"map(to: a)",2048,64,104,0,0,183,5,620.996952057
2,"map(to: a)",2048,64,104,0,0,183,6,623.154640198
2,"map(to: a)",2048,64,104,0,0,183,7,618.004798889
2,"map(to: a)",2048,64,104,0,0,183,8,624.656677246
2,"map(to: a)",2048,64,104,0,0,183,9,620.949268341
2,"map(to: a)",2048,64,104,0,0,8096,0,7606.101036072
2,"map(to: a)",2048,64,104,0,0,8096,1,7631.444931030
2,"map(to: a)",2048,64,104,0,0,8096,2,7651.257514954
2,"map(to: a)",2048,64,104,0,0,8096,3,7558.095455170
2,"map(to: a)",2048,64,104,0,0,8096,4,7398.748397827
2,"map(to: a)",2048,64,104,0,0,8096,5,7356.798648834
2,"map(to: a)",2048,64,104,0,0,8096,6,7524.394989014
2,"map(to: a)",2048,64,104,0,0,8096,7,7322.061061859
2,"map(to: a)",2048,64,104,0,0,8096,8,7473.707199097
2,"map(to: a)",2048,64,104,0,0,8096,9,7484.900951385
2,"map(to: a)",2048,64,104,0,0,758,0,1109.695434570
2,"map(to: a)",2048,64,104,0,0,758,1,1117.038726807
2,"map(to: a)",2048,64,104,0,0,758,2,1124.703884125
2,"map(to: a)",2048,64,104,0,0,758,3,1110.458374023
2,"map(to: a)",2048,64,104,0,0,758,4,1126.599311829
2,"map(to: a)",2048,64,104,0,0,758,5,1117.396354675
2,"map(to: a)",2048,64,104,0,0,758,6,1120.448112488
2,"map(to: a)",2048,64,104,0,0,758,7,1125.454902649
2,"map(to: a)",2048,64,104,0,0,758,8,1122.403144836
2,"map(to: a)",2048,64,104,0,0,758,9,1127.600669861
2,"map(to: a)",2048,64,104,0,0,71,0,523.400306702
2,"map(to: a)",2048,64,104,0,0,71,1,523.948669434
2,"map(to: a)",2048,64,104,0,0,71,2,525.546073914
2,"map(to: a)",2048,64,104,0,0,71,3,523.543357849
2,"map(to: a)",2048,64,104,0,0,71,4,523.102283478
2,"map(to: a)",2048,64,104,0,0,71,5,521.457195282
2,"map(to: a)",2048,64,104,0,0,71,6,521.254539490
2,"map(to: a)",2048,64,104,0,0,71,7,522.053241730
2,"map(to: a)",2048,64,104,0,0,71,8,522.649288177
2,"map(to: a)",2048,64,104,0,0,71,9,521.099567413
2,"map(to: a)",2048,64,104,0,0,2,0,461.542606354
2,"map(to: a)",2048,64,104,0,0,2,1,461.649894714
2,"map(to: a)",2048,64,104,0,0,2,2,467.157363892
2,"map(to: a)",2048,64,104,0,0,2,3,461.602210999
2,"map(to: a)",2048,64,104,0,0,2,4,461.602210999
2,"map(to: a)",2048,64,104,0,0,2,5,461.697578430
2,"map(to: a)",2048,64,104,0,0,2,6,461.649894714
2,"map(to: a)",2048,64,104,0,0,2,7,461.900234222
2,"map(to: a)",2048,64,104,0,0,2,8,462.150573730
2,"map(to: a)",2048,64,104,0,0,2,9,461.196899414
2,"map(to: a)",2048,64,104,0,0,11,0,469.541549683
2,"map(to: a)",2048,64,104,0,0,11,1,469.696521759
2,"map(to: a)",2048,64,104,0,0,11,2,469.958782196
2,"map(to: a)",2048,64,104,0,0,11,3,469.648838043
2,"map(to: a)",2048,64,104,0,0,11,4,469.410419464
2,"map(to: a)",2048,64,104,0,0,11,5,468.850135803
2,"map(to: a)",2048,64,104,0,0,11,6,468.802452087
2,"map(to: a)",2048,64,104,0,0,11,7,468.409061432
2,"map(to: a)",2048,64,104,0,0,11,8,469.052791595
2,"map(to: a)",2048,64,104,0,0,11,9,469.708442688
2,"map(to: a)",2048,64,104,0,0,28,0,483.751296997
2,"map(to: a)",2048,64,104,0,0,28,1,484.395027161
2,"map(to: a)",2048,64,104,0,0,28,2,484.347343445
2,"map(to: a)",2048,64,104,0,0,28,3,483.441352844
2,"map(to: a)",2048,64,104,0,0,28,4,485.002994537
2,"map(to: a)",2048,64,104,0,0,28,5,484.204292297
2,"map(to: a)",2048,64,104,0,0,28,6,484.502315521
2,"map(to: a)",2048,64,104,0,0,28,7,484.454631805
2,"map(to: a)",2048,64,104,0,0,28,8,483.953952789
2,"map(to: a)",2048,64,104,0,0,28,9,484.800338745
2,"map(to: a)",2048,64,104,0,0,5042,0,4948.353767395
2,"map(to: a)",2048,64,104,0,0,5042,1,4823.195934296
2,"map(to: a)",2048,64,104,0,0,5042,2,4963.850975037
2,"map(to: a)",2048,64,104,0,0,5042,3,4900.550842285
2,"map(to: a)",2048,64,104,0,0,5042,4,4922.449588776
2,"map(to: a)",2048,64,104,0,0,5042,5,4947.650432587
2,"map(to: a)",2048,64,104,0,0,5042,6,4777.848720551
2,"map(to: a)",2048,64,104,0,0,5042,7,4787.600040436
2,"map(to: a)",2048,64,104,0,0,5042,8,4803.395271301
2,"map(to: a)",2048,64,104,0,0,5042,9,4772.245883942
2,"map(to: a)",2048,64,104,0,0,1218,0,1518.797874451
2,"map(to: a)",2048,64,104,0,0,1218,1,1491.200923920
2,"map(to: a)",2048,64,104,0,0,1218,2,1517.403125763
2,"map(to: a)",2048,64,104,0,0,1218,3,1520.788669586
2,"map(to: a)",2048,64,104,0,0,1218,4,1506.400108337
2,"map(to: a)",2048,64,104,0,0,1218,5,1516.246795654
2,"map(to: a)",2048,64,104,0,0,1218,6,1532.053947449
2,"map(to: a)",2048,64,104,0,0,1218,7,1499.950885773
2,"map(to: a)",2048,64,104,0,0,1218,8,1534.247398376
2,"map(to: a)",2048,64,104,0,0,1218,9,1518.940925598
2,"map(to: a)",2048,64,104,0,0,472,0,873.649120331
2,"map(to: a)",2048,64,104,0,0,472,1,876.498222351
2,"map(to: a)",2048,64,104,0,0,472,2,874.352455139
2,"map(to: a)",2048,64,104,0,0,472,3,877.344608307
2,"map(to: a)",2048,64,104,0,0,472,4,877.857208252
2,"map(to: a)",2048,64,104,0,0,472,5,876.700878143
2,"map(to: a)",2048,64,104,0,0,472,6,882.291793823
2,"map(to: a)",2048,64,104,0,0,472,7,859.153270721
2,"map(to: a)",2048,64,104,0,0,472,8,866.794586182
2,"map(to: a)",2048,64,104,0,0,472,9,868.701934814
2,"map(to: a)",4096,64,104,0,0,7,0,465.393066406
2,"map(to: a)",4096,64,104,0,0,7,1,466.704368591
2,"map(to: a)",4096,64,104,0,0,7,2,466.454029083
2,"map(to: a)",4096,64,104,0,0,7,3,466.740131378
2,"map(to: a)",4096,64,104,0,0,7,4,466.847419739
2,"map(to: a)",4096,64,104,0,0,7,5,466.454029083
2,"map(to: a)",4096,64,104,0,0,7,6,466.549396515
2,"map(to: a)",4096,64,104,0,0,7,7,466.752052307
2,"map(to: a)",4096,64,104,0,0,7,8,466.799736023
2,"map(to: a)",4096,64,104,0,0,7,9,466.406345367
2,"map(to: a)",4096,64,104,0,0,114,0,562.107563019
2,"map(to: a)",4096,64,104,0,0,114,1,561.892986298
2,"map(to: a)",4096,64,104,0,0,114,2,564.301013947
2,"map(to: a)",4096,64,104,0,0,114,3,561.559200287
2,"map(to: a)",4096,64,104,0,0,114,4,560.498237610
2,"map(to: a)",4096,64,104,0,0,114,5,560.343265533
2,"map(to: a)",4096,64,104,0,0,114,6,558.400154114
2,"map(to: a)",4096,64,104,0,0,114,7,559.401512146
2,"map(to: a)",4096,64,104,0,0,114,8,560.843944550
2,"map(to: a)",4096,64,104,0,0,114,9,558.507442474
2,"map(to: a)",4096,64,104,0,0,3,0,463.151931763
2,"map(to: a)",4096,64,104,0,0,3,1,463.807582855
2,"map(to: a)",4096,64,104,0,0,3,2,462.806224823
2,"map(to: a)",4096,64,104,0,0,3,3,463.390350342
2,"map(to: a)",4096,64,104,0,0,3,4,463.247299194
2,"map(to: a)",4096,64,104,0,0,3,5,463.056564331
2,"map(to: a)",4096,64,104,0,0,3,6,463.008880615
2,"map(to: a)",4096,64,104,0,0,3,7,463.199615479
2,"map(to: a)",4096,64,104,0,0,3,8,463.402271271
2,"map(to: a)",4096,64,104,0,0,3,9,462.794303894
2,"map(to: a)",4096,64,104,0,0,17,0,476.694107056
2,"map(to: a)",4096,64,104,0,0,17,1,478.851795197
2,"map(to: a)",4096,64,104,0,0,17,2,477.695465088
2,"map(to: a)",4096,64,104,0,0,17,3,477.254390717
2,"map(to: a)",4096,64,104,0,0,17,4,478.899478912
2,"map(to: a)",4096,64,104,0,0,17,5,476.896762848
2,"map(to: a)",4096,64,104,0,0,17,6,477.993488312
2,"map(to: a)",4096,64,104,0,0,17,7,476.646423340
2,"map(to: a)",4096,64,104,0,0,17,8,476.849079132
2,"map(to: a)",4096,64,104,0,0,17,9,476.801395416
2,"map(to: a)",4096,64,104,0,0,1,0,462.150573730
2,"map(to: a)",4096,64,104,0,0,1,1,461.804866791
2,"map(to: a)",4096,64,104,0,0,1,2,463.199615479
2,"map(to: a)",4096,64,104,0,0,1,3,462.293624878
2,"map(to: a)",4096,64,104,0,0,1,4,463.247299194
2,"map(to: a)",4096,64,104,0,0,1,5,462.710857391
2,"map(to: a)",4096,64,104,0,0,1,6,462.949275970
2,"map(to: a)",4096,64,104,0,0,1,7,463.294982910
2,"map(to: a)",4096,64,104,0,0,1,8,464.200973511
2,"map(to: a)",4096,64,104,0,0,1,9,462.853908539
2,"map(to: a)",4096,64,104,0,0,44,0,501.346588135
2,"map(to: a)",4096,64,104,0,0,44,1,500.452518463
2,"map(to: a)",4096,64,104,0,0,44,2,501.692295074
2,"map(to: a)",4096,64,104,0,0,44,3,500.798225403
2,"map(to: a)",4096,64,104,0,0,44,4,502.252578735
2,"map(to: a)",4096,64,104,0,0,44,5,501.751899719
2,"map(to: a)",4096,64,104,0,0,44,6,499.999523163
2,"map(to: a)",4096,64,104,0,0,44,7,499.749183655
2,"map(to: a)",4096,64,104,0,0,44,8,500.047206879
2,"map(to: a)",4096,64,104,0,0,44,9,499.105453491
2,"map(to: a)",4096,64,104,0,0,294,0,718.092918396
2,"map(to: a)",4096,64,104,0,0,294,1,710.356235504
2,"map(to: a)",4096,64,104,0,0,294,2,717.198848724
2,"map(to: a)",4096,64,104,0,0,294,3,718.092918396
2,"map(to: a)",4096,64,104,0,0,294,4,714.707374573
2,"map(to: a)",4096,64,104,0,0,294,5,718.498229980
2,"map(to: a)",4096,64,104,0,0,294,6,722.157955170
2,"map(to: a)",4096,64,104,0,0,294,7,713.109970093
2,"map(to: a)",4096,64,104,0,0,294,8,721.693038940
2,"map(to: a)",4096,64,104,0,0,294,9,718.140602112
2,"map(to: a)",4096,64,104,0,0,3140,0,3208.351135254
2,"map(to: a)",4096,64,104,0,0,3140,1,3223.049640656
2,"map(to: a)",4096,64,104,0,0,3140,2,3217.852115631
2,"map(to: a)",4096,64,104,0,0,3140,3,3231.298923492
2,"map(to: a)",4096,64,104,0,0,3140,4,3235.101699829
2,"map(to: a)",4096,64,104,0,0,3140,5,3226.399421692
2,"map(to: a)",4096,64,104,0,0,3140,6,3266.954421997
2,"map(to: a)",4096,64,104,0,0,3140,7,3111.147880554
2,"map(to: a)",4096,64,104,0,0,3140,8,3162.395954132
2,"map(to: a)",4096,64,104,0,0,3140,9,3170.597553253
2,"map(to: a)",4096,64,104,0,0,4,0,464.701652527
2,"map(to: a)",4096,64,104,0,0,4,1,464.856624603
2,"map(to: a)",4096,64,104,0,0,4,2,465.452671051
2,"map(to: a)",4096,64,104,0,0,4,3,465.345382690
2,"map(to: a)",4096,64,104,0,0,4,4,465.202331543
2,"map(to: a)",4096,64,104,0,0,4,5,465.452671051
2,"map(to: a)",4096,64,104,0,0,4,6,465.106964111
2,"map(to: a)",4096,64,104,0,0,4,7,465.750694275
2,"map(to: a)",4096,64,104,0,0,4,8,465.106964111
2,"map(to: a)",4096,64,104,0,0,4,9,465.798377991
2,"map(to: a)",4096,64,104,0,0,1955,0,2170.002460480
2,"map(to: a)",4096,64,104,0,0,1955,1,2154.946327209
2,"map(to: a)",4096,64,104,0,0,1955,2,2201.795578003
2,"map(to: a)",4096,64,104,0,0,1955,3,2158.892154694
2,"map(to: a)",4096,64,104,0,0,1955,4,2187.752723694
2,"map(to: a)",4096,64,104,0,0,1955,5,2198.755741119
2,"map(to: a)",4096,64,104,0,0,1955,6,2176.105976105
2,"map(to: a)",4096,64,104,0,0,1955,7,2169.394493103
2,"map(to: a)",4096,64,104,0,0,1955,8,2148.652076721
2,"map(to: a)",4096,64,104,0,0,1955,9,2106.344699860
2,"map(to: a)",4096,64,104,0,0,183,0,621.056556702
2,"map(to: a)",4096,64,104,0,0,183,1,618.493556976
2,"map(to: a)",4096,64,104,0,0,183,2,619.101524353
2,"map(to: a)",4096,64,104,0,0,183,3,619.208812714
2,"map(to: a)",4096,64,104,0,0,183,4,620.448589325
2,"map(to: a)",4096,64,104,0,0,183,5,620.102882385
2,"map(to: a)",4096,64,104,0,0,183,6,620.651245117
2,"map(to: a)",4096,64,104,0,0,183,7,619.745254517
2,"map(to: a)",4096,64,104,0,0,183,8,623.297691345
2,"map(to: a)",4096,64,104,0,0,183,9,618.410110474
2,"map(to: a)",4096,64,104,0,0,8096,0,7561.445236206
2,"map(to: a)",4096,64,104,0,0,8096,1,7594.442367554
2,"map(to: a)",4096,64,104,0,0,8096,2,7497.000694275
2,"map(to: a)",4096,64,104,0,0,8096,3,7604.050636292
2,"map(to: a)",4096,64,104,0,0,8096,4,7668.352127075
2,"map(to: a)",4096,64,104,0,0,8096,5,7502.603530884
2,"map(to: a)",4096,64,104,0,0,8096,6,7706.701755524
2,"map(to: a)",4096,64,104,0,0,8096,7,7620.000839233
2,"map(to: a)",4096,64,104,0,0,8096,8,7514.643669128
2,"map(to: a)",4096,64,104,0,0,8096,9,7396.399974823
2,"map(to: a)",4096,64,104,0,0,758,0,1111.459732056
2,"map(to: a)",4096,64,104,0,0,758,1,1114.606857300
2,"map(to: a)",4096,64,104,0,0,758,2,1110.947132111
2,"map(to: a)",4096,64,104,0,0,758,3,1108.598709106
2,"map(to: a)",4096,64,104,0,0,758,4,1123.607158661
2,"map(to: a)",4096,64,104,0,0,758,5,1106.154918671
2,"map(to: a)",4096,64,104,0,0,758,6,1124.048233032
2,"map(to: a)",4096,64,104,0,0,758,7,1124.250888824
2,"map(to: a)",4096,64,104,0,0,758,8,1114.594936371
2,"map(to: a)",4096,64,104,0,0,758,9,1119.697093964
2,"map(to: a)",4096,64,104,0,0,71,0,524.151325226
2,"map(to: a)",4096,64,104,0,0,71,1,523.149967194
2,"map(to: a)",4096,64,104,0,0,71,2,525.450706482
2,"map(to: a)",4096,64,104,0,0,71,3,523.543357849
2,"map(to: a)",4096,64,104,0,0,71,4,524.246692657
2,"map(to: a)",4096,64,104,0,0,71,5,524.699687958
2,"map(to: a)",4096,64,104,0,0,71,6,524.854660034
2,"map(to: a)",4096,64,104,0,0,71,7,525.200366974
2,"map(to: a)",4096,64,104,0,0,71,8,525.248050690
2,"map(to: a)",4096,64,104,0,0,71,9,522.899627686
2,"map(to: a)",4096,64,104,0,0,2,0,462.543964386
2,"map(to: a)",4096,64,104,0,0,2,1,462.651252747
2,"map(to: a)",4096,64,104,0,0,2,2,462.353229523
2,"map(to: a)",4096,64,104,0,0,2,3,462.448596954
2,"map(to: a)",4096,64,104,0,0,2,4,461.947917938
2,"map(to: a)",4096,64,104,0,0,2,5,462.245941162
2,"map(to: a)",4096,64,104,0,0,2,6,462.508201599
2,"map(to: a)",4096,64,104,0,0,2,7,462.996959686
2,"map(to: a)",4096,64,104,0,0,2,8,462.698936462
2,"map(to: a)",4096,64,104,0,0,2,9,462.758541107
2,"map(to: a)",4096,64,104,0,0,11,0,470.459461212
2,"map(to: a)",4096,64,104,0,0,11,1,470.197200775
2,"map(to: a)",4096,64,104,0,0,11,2,470.995903015
2,"map(to: a)",4096,64,104,0,0,11,3,470.304489136
2,"map(to: a)",4096,64,104,0,0,11,4,470.697879791
2,"map(to: a)",4096,64,104,0,0,11,5,470.304489136
2,"map(to: a)",4096,64,104,0,0,11,6,472.795963287
2,"map(to: a)",4096,64,104,0,0,11,7,471.198558807
2,"map(to: a)",4096,64,104,0,0,11,8,470.650196075
2,"map(to: a)",4096,64,104,0,0,11,9,471.091270447
2,"map(to: a)",4096,64,104,0,0,28,0,485.801696777
2,"map(to: a)",4096,64,104,0,0,28,1,485.301017761
2,"map(to: a)",4096,64,104,0,0,28,2,486.445426941
2,"map(to: a)",4096,64,104,0,0,28,3,485.050678253
2,"map(to: a)",4096,64,104,0,0,28,4,485.944747925
2,"map(to: a)",4096,64,104,0,0,28,5,485.205650330
2,"map(to: a)",4096,64,104,0,0,28,6,485.742092133
2,"map(to: a)",4096,64,104,0,0,28,7,486.505031586
2,"map(to: a)",4096,64,104,0,0,28,8,486.159324646
2,"map(to: a)",4096,64,104,0,0,28,9,485.801696777
2,"map(to: a)",4096,64,104,0,0,5042,0,4874.658584595
2,"map(to: a)",4096,64,104,0,0,5042,1,4811.108112335
2,"map(to: a)",4096,64,104,0,0,5042,2,4930.198192596
2,"map(to: a)",4096,64,104,0,0,5042,3,4813.504219055
2,"map(to: a)",4096,64,104,0,0,5042,4,4906.845092773
2,"map(to: a)",4096,64,104,0,0,5042,5,4926.896095276
2,"map(to: a)",4096,64,104,0,0,5042,6,4866.993427277
2,"map(to: a)",4096,64,104,0,0,5042,7,4914.498329163
2,"map(to: a)",4096,64,104,0,0,5042,8,4970.395565033
2,"map(to: a)",4096,64,104,0,0,5042,9,4858.899116516
2,"map(to: a)",4096,64,104,0,0,1218,0,1545.250415802
2,"map(to: a)",4096,64,104,0,0,1218,1,1497.650146484
2,"map(to: a)",4096,64,104,0,0,1218,2,1500.201225281
2,"map(to: a)",4096,64,104,0,0,1218,3,1506.650447845
2,"map(to: a)",4096,64,104,0,0,1218,4,1506.352424622
2,"map(to: a)",4096,64,104,0,0,1218,5,1505.196094513
2,"map(to: a)",4096,64,104,0,0,1218,6,1508.402824402
2,"map(to: a)",4096,64,104,0,0,1218,7,1505.804061890
2,"map(to: a)",4096,64,104,0,0,1218,8,1528.310775757
2,"map(to: a)",4096,64,104,0,0,1218,9,1501.500606537
2,"map(to: a)",4096,64,104,0,0,472,0,875.091552734
2,"map(to: a)",4096,64,104,0,0,472,1,875.592231750
2,"map(to: a)",4096,64,104,0,0,472,2,867.652893066
2,"map(to: a)",4096,64,104,0,0,472,3,873.446464539
2,"map(to: a)",4096,64,104,0,0,472,4,878.393650055
2,"map(to: a)",4096,64,104,0,0,472,5,868.010520935
2,"map(to: a)",4096,64,104,0,0,472,6,881.898403168
2,"map(to: a)",4096,64,104,0,0,472,7,875.294208527
2,"map(to: a)",4096,64,104,0,0,472,8,877.702236176
2,"map(to: a)",4096,64,104,0,0,472,9,879.609584808
2,"map(to: a)",16382,64,104,0,0,7,0,467.395782471
2,"map(to: a)",16382,64,104,0,0,7,1,469.744205475
2,"map(to: a)",16382,64,104,0,0,7,2,469.350814819
2,"map(to: a)",16382,64,104,0,0,7,3,468.850135803
2,"map(to: a)",16382,64,104,0,0,7,4,469.493865967
2,"map(to: a)",16382,64,104,0,0,7,5,469.100475311
2,"map(to: a)",16382,64,104,0,0,7,6,469.100475311
2,"map(to: a)",16382,64,104,0,0,7,7,469.994544983
2,"map(to: a)",16382,64,104,0,0,7,8,469.148159027
2,"map(to: a)",16382,64,104,0,0,7,9,469.398498535
2,"map(to: a)",16382,64,104,0,0,114,0,564.789772034
2,"map(to: a)",16382,64,104,0,0,114,1,562.500953674
2,"map(to: a)",16382,64,104,0,0,114,2,565.445423126
2,"map(to: a)",16382,64,104,0,0,114,3,564.551353455
2,"map(to: a)",16382,64,104,0,0,114,4,564.301013947
2,"map(to: a)",16382,64,104,0,0,114,5,564.992427826
2,"map(to: a)",16382,64,104,0,0,114,6,564.849376678
2,"map(to: a)",16382,64,104,0,0,114,7,565.803050995
2,"map(to: a)",16382,64,104,0,0,114,8,565.600395203
2,"map(to: a)",16382,64,104,0,0,114,9,561.344623566
2,"map(to: a)",16382,64,104,0,0,3,0,465.595722198
2,"map(to: a)",16382,64,104,0,0,3,1,465.297698975
2,"map(to: a)",16382,64,104,0,0,3,2,465.452671051
2,"map(to: a)",16382,64,104,0,0,3,3,466.251373291
2,"map(to: a)",16382,64,104,0,0,3,4,465.703010559
2,"map(to: a)",16382,64,104,0,0,3,5,465.798377991
2,"map(to: a)",16382,64,104,0,0,3,6,466.346740723
2,"map(to: a)",16382,64,104,0,0,3,7,466.406345367
2,"map(to: a)",16382,64,104,0,0,3,8,466.501712799
2,"map(to: a)",16382,64,104,0,0,3,9,466.346740723
2,"map(to: a)",16382,64,104,0,0,17,0,478.744506836
2,"map(to: a)",16382,64,104,0,0,17,1,479.507446289
2,"map(to: a)",16382,64,104,0,0,17,2,480.246543884
2,"map(to: a)",16382,64,104,0,0,17,3,479.948520660
2,"map(to: a)",16382,64,104,0,0,17,4,479.757785797
2,"map(to: a)",16382,64,104,0,0,17,5,479.054450989
2,"map(to: a)",16382,64,104,0,0,17,6,479.650497437
2,"map(to: a)",16382,64,104,0,0,17,7,479.602813721
2,"map(to: a)",16382,64,104,0,0,17,8,480.353832245
2,"map(to: a)",16382,64,104,0,0,17,9,480.139255524
2,"map(to: a)",16382,64,104,0,0,1,0,465.095043182
2,"map(to: a)",16382,64,104,0,0,1,1,465.250015259
2,"map(to: a)",16382,64,104,0,0,1,2,465.202331543
2,"map(to: a)",16382,64,104,0,0,1,3,465.059280396
2,"map(to: a)",16382,64,104,0,0,1,4,464.904308319
2,"map(to: a)",16382,64,104,0,0,1,5,465.154647827
2,"map(to: a)",16382,64,104,0,0,1,6,464.904308319
2,"map(to: a)",16382,64,104,0,0,1,7,464.892387390
2,"map(to: a)",16382,64,104,0,0,1,8,464.999675751
2,"map(to: a)",16382,64,104,0,0,1,9,465.440750122
2,"map(to: a)",16382,64,104,0,0,44,0,502.598285675
2,"map(to: a)",16382,64,104,0,0,44,1,502.789020538
2,"map(to: a)",16382,64,104,0,0,44,2,504.350662231
2,"map(to: a)",16382,64,104,0,0,44,3,503.301620483
2,"map(to: a)",16382,64,104,0,0,44,4,503.504276276
2,"map(to: a)",16382,64,104,0,0,44,5,504.696369171
2,"map(to: a)",16382,64,104,0,0,44,6,503.206253052
2,"map(to: a)",16382,64,104,0,0,44,7,504.350662231
2,"map(to: a)",16382,64,104,0,0,44,8,504.195690155
2,"map(to: a)",16382,64,104,0,0,44,9,502.598285675
2,"map(to: a)",16382,64,104,0,0,294,0,726.306438446
2,"map(to: a)",16382,64,104,0,0,294,1,715.351104736
2,"map(to: a)",16382,64,104,0,0,294,2,715.398788452
2,"map(to: a)",16382,64,104,0,0,294,3,717.294216156
2,"map(to: a)",16382,64,104,0,0,294,4,717.055797577
2,"map(to: a)",16382,64,104,0,0,294,5,716.698169708
2,"map(to: a)",16382,64,104,0,0,294,6,717.389583588
2,"map(to: a)",16382,64,104,0,0,294,7,717.699527740
2,"map(to: a)",16382,64,104,0,0,294,8,722.455978394
2,"map(to: a)",16382,64,104,0,0,294,9,715.351104736
2,"map(to: a)",16382,64,104,0,0,3140,0,3209.400177002
2,"map(to: a)",16382,64,104,0,0,3140,1,3213.250637054
2,"map(to: a)",16382,64,104,0,0,3140,2,3161.060810089
2,"map(to: a)",16382,64,104,0,0,3140,3,3206.193447113
2,"map(to: a)",16382,64,104,0,0,3140,4,3239.703178406
2,"map(to: a)",16382,64,104,0,0,3140,5,3169.345855713
2,"map(to: a)",16382,64,104,0,0,3140,6,3257.250785828
2,"map(to: a)",16382,64,104,0,0,3140,7,3214.347362518
2,"map(to: a)",16382,64,104,0,0,3140,8,3231.704235077
2,"map(to: a)",16382,64,104,0,0,3140,9,3240.406513214
2,"map(to: a)",16382,64,104,0,0,4,0,467.658042908
2,"map(to: a)",16382,64,104,0,0,4,1,468.695163727
2,"map(to: a)",16382,64,104,0,0,4,2,467.944145203
2,"map(to: a)",16382,64,104,0,0,4,3,467.848777771
2,"map(to: a)",16382,64,104,0,0,4,4,467.360019684
2,"map(to: a)",16382,64,104,0,0,4,5,467.801094055
2,"map(to: a)",16382,64,104,0,0,4,6,467.503070831
2,"map(to: a)",16382,64,104,0,0,4,7,467.550754547
2,"map(to: a)",16382,64,104,0,0,4,8,467.300415039
2,"map(to: a)",16382,64,104,0,0,4,9,467.753410339
2,"map(to: a)",16382,64,104,0,0,1955,0,2179.002761841
2,"map(to: a)",16382,64,104,0,0,1955,1,2137.351036072
2,"map(to: a)",16382,64,104,0,0,1955,2,2181.851863861
2,"map(to: a)",16382,64,104,0,0,1955,3,2152.848243713
2,"map(to: a)",16382,64,104,0,0,1955,4,2165.448665619
2,"map(to: a)",16382,64,104,0,0,1955,5,2176.201343536
2,"map(to: a)",16382,64,104,0,0,1955,6,2170.693874359
2,"map(to: a)",16382,64,104,0,0,1955,7,2181.553840637
2,"map(to: a)",16382,64,104,0,0,1955,8,2182.698249817
2,"map(to: a)",16382,64,104,0,0,1955,9,2169.501781464
2,"map(to: a)",16382,64,104,0,0,183,0,628.745555878
2,"map(to: a)",16382,64,104,0,0,183,1,624.394416809
2,"map(to: a)",16382,64,104,0,0,183,2,623.500347137
2,"map(to: a)",16382,64,104,0,0,183,3,621.950626373
2,"map(to: a)",16382,64,104,0,0,183,4,620.198249817
2,"map(to: a)",16382,64,104,0,0,183,5,622.344017029
2,"map(to: a)",16382,64,104,0,0,183,6,623.154640198
2,"map(to: a)",16382,64,104,0,0,183,7,619.339942932
2,"map(to: a)",16382,64,104,0,0,183,8,623.953342438
2,"map(to: a)",16382,64,104,0,0,183,9,622.308254242
2,"map(to: a)",16382,64,104,0,0,8096,0,7486.701011658
2,"map(to: a)",16382,64,104,0,0,8096,1,7511.055469513
2,"map(to: a)",16382,64,104,0,0,8096,2,7496.094703674
2,"map(to: a)",16382,64,104,0,0,8096,3,7522.392272949
2,"map(to: a)",16382,64,104,0,0,8096,4,7525.300979614
2,"map(to: a)",16382,64,104,0,0,8096,5,7477.807998657
2,"map(to: a)",16382,64,104,0,0,8096,6,7663.500308990
2,"map(to: a)",16382,64,104,0,0,8096,7,7472.801208496
2,"map(to: a)",16382,64,104,0,0,8096,8,7634.103298187
2,"map(to: a)",16382,64,104,0,0,8096,9,7639.145851135
2,"map(to: a)",16382,64,104,0,0,758,0,1131.510734558
2,"map(to: a)",16382,64,104,0,0,758,1,1140.499114990
2,"map(to: a)",16382,64,104,0,0,758,2,1147.794723511
2,"map(to: a)",16382,64,104,0,0,758,3,1110.994815826
2,"map(to: a)",16382,64,104,0,0,758,4,1125.299930573
2,"map(to: a)",16382,64,104,0,0,758,5,1114.559173584
2,"map(to: a)",16382,64,104,0,0,758,6,1119.601726532
2,"map(to: a)",16382,64,104,0,0,758,7,1121.950149536
2,"map(to: a)",16382,64,104,0,0,758,8,1120.495796204
2,"map(to: a)",16382,64,104,0,0,758,9,1121.854782104
2,"map(to: a)",16382,64,104,0,0,71,0,527.143478394
2,"map(to: a)",16382,64,104,0,0,71,1,525.450706482
2,"map(to: a)",16382,64,104,0,0,71,2,526.511669159
2,"map(to: a)",16382,64,104,0,0,71,3,525.593757629
2,"map(to: a)",16382,64,104,0,0,71,4,527.644157410
2,"map(to: a)",16382,64,104,0,0,71,5,527.751445770
2,"map(to: a)",16382,64,104,0,0,71,6,525.510311127
2,"map(to: a)",16382,64,104,0,0,71,7,527.393817902
2,"map(to: a)",16382,64,104,0,0,71,8,528.156757355
2,"map(to: a)",16382,64,104,0,0,71,9,526.189804077
2,"map(to: a)",16382,64,104,0,0,2,0,465.142726898
2,"map(to: a)",16382,64,104,0,0,2,1,465.750694275
2,"map(to: a)",16382,64,104,0,0,2,2,466.001033783
2,"map(to: a)",16382,64,104,0,0,2,3,465.202331543
2,"map(to: a)",16382,64,104,0,0,2,4,464.403629303
2,"map(to: a)",16382,64,104,0,0,2,5,465.154647827
2,"map(to: a)",16382,64,104,0,0,2,6,464.749336243
2,"map(to: a)",16382,64,104,0,0,2,7,464.951992035
2,"map(to: a)",16382,64,104,0,0,2,8,465.297698975
2,"map(to: a)",16382,64,104,0,0,2,9,464.749336243
2,"map(to: a)",16382,64,104,0,0,11,0,472.903251648
2,"map(to: a)",16382,64,104,0,0,11,1,473.248958588
2,"map(to: a)",16382,64,104,0,0,11,2,472.247600555
2,"map(to: a)",16382,64,104,0,0,11,3,472.748279572
2,"map(to: a)",16382,64,104,0,0,11,4,473.141670227
2,"map(to: a)",16382,64,104,0,0,11,5,472.342967987
2,"map(to: a)",16382,64,104,0,0,11,6,473.248958588
2,"map(to: a)",16382,64,104,0,0,11,7,473.046302795
2,"map(to: a)",16382,64,104,0,0,11,8,473.046302795
2,"map(to: a)",16382,64,104,0,0,11,9,473.141670227
2,"map(to: a)",16382,64,104,0,0,28,0,488.102436066
2,"map(to: a)",16382,64,104,0,0,28,1,489.354133606
2,"map(to: a)",16382,64,104,0,0,28,2,488.340854645
2,"map(to: a)",16382,64,104,0,0,28,3,488.352775574
2,"map(to: a)",16382,64,104,0,0,28,4,488.996505737
2,"map(to: a)",16382,64,104,0,0,28,5,487.244129181
2,"map(to: a)",16382,64,104,0,0,28,6,487.351417542
2,"map(to: a)",16382,64,104,0,0,28,7,487.554073334
2,"map(to: a)",16382,64,104,0,0,28,8,487.148761749
2,"map(to: a)",16382,64,104,0,0,28,9,487.446784973
2,"map(to: a)",16382,64,104,0,0,5042,0,4863.393306732
2,"map(to: a)",16382,64,104,0,0,5042,1,4774.296283722
2,"map(to: a)",16382,64,104,0,0,5042,2,4889.953136444
2,"map(to: a)",16382,64,104,0,0,5042,3,4824.042320251
2,"map(to: a)",16382,64,104,0,0,5042,4,4852.247238159
2,"map(to: a)",16382,64,104,0,0,5042,5,4868.447780609
2,"map(to: a)",16382,64,104,0,0,5042,6,4843.699932098
2,"map(to: a)",16382,64,104,0,0,5042,7,4878.246784210
2,"map(to: a)",16382,64,104,0,0,5042,8,4885.900020599
2,"map(to: a)",16382,64,104,0,0,5042,9,4849.195480347
2,"map(to: a)",16382,64,104,0,0,1218,0,1548.302173615
2,"map(to: a)",16382,64,104,0,0,1218,1,1523.852348328
2,"map(to: a)",16382,64,104,0,0,1218,2,1541.149616241
2,"map(to: a)",16382,64,104,0,0,1218,3,1548.302173615
2,"map(to: a)",16382,64,104,0,0,1218,4,1535.892486572
2,"map(to: a)",16382,64,104,0,0,1218,5,1530.098915100
2,"map(to: a)",16382,64,104,0,0,1218,6,1519.846916199
2,"map(to: a)",16382,64,104,0,0,1218,7,1491.200923920
2,"map(to: a)",16382,64,104,0,0,1218,8,1524.400711060
2,"map(to: a)",16382,64,104,0,0,1218,9,1506.698131561
2,"map(to: a)",16382,64,104,0,0,472,0,870.442390442
2,"map(to: a)",16382,64,104,0,0,472,1,870.597362518
2,"map(to: a)",16382,64,104,0,0,472,2,872.004032135
2,"map(to: a)",16382,64,104,0,0,472,3,872.397422791
2,"map(to: a)",16382,64,104,0,0,472,4,873.601436615
2,"map(to: a)",16382,64,104,0,0,472,5,873.208045959
2,"map(to: a)",16382,64,104,0,0,472,6,879.800319672
2,"map(to: a)",16382,64,104,0,0,472,7,868.308544159
2,"map(to: a)",16382,64,104,0,0,472,8,877.702236176
2,"map(to: a)",16382,64,104,0,0,472,9,880.658626556
2,"map(to: a)",16382,64,104,0,0,7,0,468.456745148
2,"map(to: a)",16382,64,104,0,0,7,1,470.554828644
2,"map(to: a)",16382,64,104,0,0,7,2,469.791889191
2,"map(to: a)",16382,64,104,0,0,7,3,468.993186951
2,"map(to: a)",16382,64,104,0,0,7,4,469.255447388
2,"map(to: a)",16382,64,104,0,0,7,5,469.946861267
2,"map(to: a)",16382,64,104,0,0,7,6,469.696521759
2,"map(to: a)",16382,64,104,0,0,7,7,469.350814819
2,"map(to: a)",16382,64,104,0,0,7,8,469.851493835
2,"map(to: a)",16382,64,104,0,0,7,9,469.255447388
2,"map(to: a)",16382,64,104,0,0,114,0,563.049316406
2,"map(to: a)",16382,64,104,0,0,114,1,563.597679138
2,"map(to: a)",16382,64,104,0,0,114,2,565.195083618
2,"map(to: a)",16382,64,104,0,0,114,3,563.800334930
2,"map(to: a)",16382,64,104,0,0,114,4,564.551353455
2,"map(to: a)",16382,64,104,0,0,114,5,564.956665039
2,"map(to: a)",16382,64,104,0,0,114,6,563.192367554
2,"map(to: a)",16382,64,104,0,0,114,7,564.444065094
2,"map(to: a)",16382,64,104,0,0,114,8,566.256046295
2,"map(to: a)",16382,64,104,0,0,114,9,563.299655914
2,"map(to: a)",16382,64,104,0,0,3,0,466.299057007
2,"map(to: a)",16382,64,104,0,0,3,1,466.740131378
2,"map(to: a)",16382,64,104,0,0,3,2,466.501712799
2,"map(to: a)",16382,64,104,0,0,3,3,466.942787170
2,"map(to: a)",16382,64,104,0,0,3,4,465.095043182
2,"map(to: a)",16382,64,104,0,0,3,5,465.703010559
2,"map(to: a)",16382,64,104,0,0,3,6,464.797019958
2,"map(to: a)",16382,64,104,0,0,3,7,465.452671051
2,"map(to: a)",16382,64,104,0,0,3,8,465.095043182
2,"map(to: a)",16382,64,104,0,0,3,9,464.594364166
2,"map(to: a)",16382,64,104,0,0,17,0,478.744506836
2,"map(to: a)",16382,64,104,0,0,17,1,478.649139404
2,"map(to: a)",16382,64,104,0,0,17,2,478.208065033
2,"map(to: a)",16382,64,104,0,0,17,3,478.696823120
2,"map(to: a)",16382,64,104,0,0,17,4,480.401515961
2,"map(to: a)",16382,64,104,0,0,17,5,478.100776672
2,"map(to: a)",16382,64,104,0,0,17,6,479.197502136
2,"map(to: a)",16382,64,104,0,0,17,7,478.398799896
2,"map(to: a)",16382,64,104,0,0,17,8,479.197502136
2,"map(to: a)",16382,64,104,0,0,17,9,479.102134705
2,"map(to: a)",16382,64,104,0,0,1,0,464.498996735
2,"map(to: a)",16382,64,104,0,0,1,1,464.808940887
2,"map(to: a)",16382,64,104,0,0,1,2,464.749336243
2,"map(to: a)",16382,64,104,0,0,1,3,463.998317719
2,"map(to: a)",16382,64,104,0,0,1,4,464.546680450
2,"map(to: a)",16382,64,104,0,0,1,5,463.998317719
2,"map(to: a)",16382,64,104,0,0,1,6,463.497638702
2,"map(to: a)",16382,64,104,0,0,1,7,464.153289795
2,"map(to: a)",16382,64,104,0,0,1,8,463.950634003
2,"map(to: a)",16382,64,104,0,0,1,9,465.655326843
2,"map(to: a)",16382,64,104,0,0,44,0,501.799583435
2,"map(to: a)",16382,64,104,0,0,44,1,501.608848572
2,"map(to: a)",16382,64,104,0,0,44,2,502.300262451
2,"map(to: a)",16382,64,104,0,0,44,3,501.751899719
2,"map(to: a)",16382,64,104,0,0,44,4,503.349304199
2,"map(to: a)",16382,64,104,0,0,44,5,504.100322723
2,"map(to: a)",16382,64,104,0,0,44,6,502.896308899
2,"map(to: a)",16382,64,104,0,0,44,7,502.896308899
2,"map(to: a)",16382,64,104,0,0,44,8,502.753257751
2,"map(to: a)",16382,64,104,0,0,44,9,502.347946167
2,"map(to: a)",16382,64,104,0,0,294,0,725.996494293
2,"map(to: a)",16382,64,104,0,0,294,1,718.843936920
2,"map(to: a)",16382,64,104,0,0,294,2,723.195075989
2,"map(to: a)",16382,64,104,0,0,294,3,725.400447845
2,"map(to: a)",16382,64,104,0,0,294,4,721.549987793
2,"map(to: a)",16382,64,104,0,0,294,5,720.894336700
2,"map(to: a)",16382,64,104,0,0,294,6,717.902183533
2,"map(to: a)",16382,64,104,0,0,294,7,711.643695831
2,"map(to: a)",16382,64,104,0,0,294,8,719.940662384
2,"map(to: a)",16382,64,104,0,0,294,9,714.838504791
2,"map(to: a)",16382,64,104,0,0,3140,0,3161.692619324
2,"map(to: a)",16382,64,104,0,0,3140,1,3169.798851013
2,"map(to: a)",16382,64,104,0,0,3140,2,3177.452087402
2,"map(to: a)",16382,64,104,0,0,3140,3,3179.693222046
2,"map(to: a)",16382,64,104,0,0,3140,4,3189.349174500
2,"map(to: a)",16382,64,104,0,0,3140,5,3174.054622650
2,"map(to: a)",16382,64,104,0,0,3140,6,3229.010105133
2,"map(to: a)",16382,64,104,0,0,3140,7,3152.346611023
2,"map(to: a)",16382,64,104,0,0,3140,8,3216.159343719
2,"map(to: a)",16382,64,104,0,0,3140,9,3229.439258575
2,"map(to: a)",16382,64,104,0,0,4,0,467.956066132
2,"map(to: a)",16382,64,104,0,0,4,1,467.252731323
2,"map(to: a)",16382,64,104,0,0,4,2,467.252731323
2,"map(to: a)",16382,64,104,0,0,4,3,467.753410339
2,"map(to: a)",16382,64,104,0,0,4,4,467.896461487
2,"map(to: a)",16382,64,104,0,0,4,5,467.598438263
2,"map(to: a)",16382,64,104,0,0,4,6,467.205047607
2,"map(to: a)",16382,64,104,0,0,4,7,467.097759247
2,"map(to: a)",16382,64,104,0,0,4,8,466.990470886
2,"map(to: a)",16382,64,104,0,0,4,9,467.097759247
2,"map(to: a)",16382,64,104,0,0,1955,0,2139.198780060
2,"map(to: a)",16382,64,104,0,0,1955,1,2134.203910828
2,"map(to: a)",16382,64,104,0,0,1955,2,2171.504497528
2,"map(to: a)",16382,64,104,0,0,1955,3,2124.094963074
2,"map(to: a)",16382,64,104,0,0,1955,4,2164.399623871
2,"map(to: a)",16382,64,104,0,0,1955,5,2170.646190643
2,"map(to: a)",16382,64,104,0,0,1955,6,2148.759365082
2,"map(to: a)",16382,64,104,0,0,1955,7,2160.489559174
2,"map(to: a)",16382,64,104,0,0,1955,8,2184.951305389
2,"map(to: a)",16382,64,104,0,0,1955,9,2138.102054596
2,"map(to: a)",16382,64,104,0,0,183,0,626.754760742
2,"map(to: a)",16382,64,104,0,0,183,1,623.607635498
2,"map(to: a)",16382,64,104,0,0,183,2,624.597072601
2,"map(to: a)",16382,64,104,0,0,183,3,625.598430634
2,"map(to: a)",16382,64,104,0,0,183,4,625.693798065
2,"map(to: a)",16382,64,104,0,0,183,5,626.242160797
2,"map(to: a)",16382,64,104,0,0,183,6,626.444816589
2,"map(to: a)",16382,64,104,0,0,183,7,620.150566101
2,"map(to: a)",16382,64,104,0,0,183,8,622.344017029
2,"map(to: a)",16382,64,104,0,0,183,9,618.851184845
2,"map(to: a)",16382,64,104,0,0,8096,0,7451.438903809
2,"map(to: a)",16382,64,104,0,0,8096,1,7460.606098175
2,"map(to: a)",16382,64,104,0,0,8096,2,7370.305061340
2,"map(to: a)",16382,64,104,0,0,8096,3,7455.456256866
2,"map(to: a)",16382,64,104,0,0,8096,4,7561.099529266
2,"map(to: a)",16382,64,104,0,0,8096,5,7403.993606567
2,"map(to: a)",16382,64,104,0,0,8096,6,7576.406002045
2,"map(to: a)",16382,64,104,0,0,8096,7,7493.257522583
2,"map(to: a)",16382,64,104,0,0,8096,8,7506.358623505
2,"map(to: a)",16382,64,104,0,0,8096,9,7540.845870972
2,"map(to: a)",16382,64,104,0,0,758,0,1127.398014069
2,"map(to: a)",16382,64,104,0,0,758,1,1131.701469421
2,"map(to: a)",16382,64,104,0,0,758,2,1133.751869202
2,"map(to: a)",16382,64,104,0,0,758,3,1129.245758057
2,"map(to: a)",16382,64,104,0,0,758,4,1145.243644714
2,"map(to: a)",16382,64,104,0,0,758,5,1128.292083740
2,"map(to: a)",16382,64,104,0,0,758,6,1140.749454498
2,"map(to: a)",16382,64,104,0,0,758,7,1144.850254059
2,"map(to: a)",16382,64,104,0,0,758,8,1110.959053040
2,"map(to: a)",16382,64,104,0,0,758,9,1116.192340851
2,"map(to: a)",16382,64,104,0,0,71,0,525.152683258
2,"map(to: a)",16382,64,104,0,0,71,1,524.747371674
2,"map(to: a)",16382,64,104,0,0,71,2,526.905059814
2,"map(to: a)",16382,64,104,0,0,71,3,525.045394897
2,"map(to: a)",16382,64,104,0,0,71,4,524.699687958
2,"map(to: a)",16382,64,104,0,0,71,5,525.653362274
2,"map(to: a)",16382,64,104,0,0,71,6,526.058673859
2,"map(to: a)",16382,64,104,0,0,71,7,526.845455170
2,"map(to: a)",16382,64,104,0,0,71,8,526.452064514
2,"map(to: a)",16382,64,104,0,0,71,9,524.950027466
2,"map(to: a)",16382,64,104,0,0,2,0,464.498996735
2,"map(to: a)",16382,64,104,0,0,2,1,464.892387390
2,"map(to: a)",16382,64,104,0,0,2,2,464.439392090
2,"map(to: a)",16382,64,104,0,0,2,3,465.500354767
2,"map(to: a)",16382,64,104,0,0,2,4,465.798377991
2,"map(to: a)",16382,64,104,0,0,2,5,464.940071106
2,"map(to: a)",16382,64,104,0,0,2,6,465.643405914
2,"map(to: a)",16382,64,104,0,0,2,7,465.011596680
2,"map(to: a)",16382,64,104,0,0,2,8,464.999675751
2,"map(to: a)",16382,64,104,0,0,2,9,465.905666351
2,"map(to: a)",16382,64,104,0,0,11,0,472.199916840
2,"map(to: a)",16382,64,104,0,0,11,1,472.748279572
2,"map(to: a)",16382,64,104,0,0,11,2,472.700595856
2,"map(to: a)",16382,64,104,0,0,11,3,472.450256348
2,"map(to: a)",16382,64,104,0,0,11,4,472.700595856
2,"map(to: a)",16382,64,104,0,0,11,5,472.402572632
2,"map(to: a)",16382,64,104,0,0,11,6,472.903251648
2,"map(to: a)",16382,64,104,0,0,11,7,472.307205200
2,"map(to: a)",16382,64,104,0,0,11,8,472.593307495
2,"map(to: a)",16382,64,104,0,0,11,9,473.546981812
2,"map(to: a)",16382,64,104,0,0,28,0,487.291812897
2,"map(to: a)",16382,64,104,0,0,28,1,488.293170929
2,"map(to: a)",16382,64,104,0,0,28,2,489.008426666
2,"map(to: a)",16382,64,104,0,0,28,3,487.947463989
2,"map(to: a)",16382,64,104,0,0,28,4,488.400459290
2,"map(to: a)",16382,64,104,0,0,28,5,488.150119781
2,"map(to: a)",16382,64,104,0,0,28,6,488.853454590
2,"map(to: a)",16382,64,104,0,0,28,7,489.199161530
2,"map(to: a)",16382,64,104,0,0,28,8,488.305091858
2,"map(to: a)",16382,64,104,0,0,28,9,487.792491913
2,"map(to: a)",16382,64,104,0,0,5042,0,4790.449142456
2,"map(to: a)",16382,64,104,0,0,5042,1,4764.044284821
2,"map(to: a)",16382,64,104,0,0,5042,2,4869.401454926
2,"map(to: a)",16382,64,104,0,0,5042,3,4744.994640350
2,"map(to: a)",16382,64,104,0,0,5042,4,4838.395118713
2,"map(to: a)",16382,64,104,0,0,5042,5,4844.903945923
2,"map(to: a)",16382,64,104,0,0,5042,6,4791.998863220
2,"map(to: a)",16382,64,104,0,0,5042,7,4839.193820953
2,"map(to: a)",16382,64,104,0,0,5042,8,4896.354675293
2,"map(to: a)",16382,64,104,0,0,5042,9,4797.840118408
2,"map(to: a)",16382,64,104,0,0,1218,0,1533.138751984
2,"map(to: a)",16382,64,104,0,0,1218,1,1518.392562866
2,"map(to: a)",16382,64,104,0,0,1218,2,1526.701450348
2,"map(to: a)",16382,64,104,0,0,1218,3,1533.901691437
2,"map(to: a)",16382,64,104,0,0,1218,4,1528.048515320
2,"map(to: a)",16382,64,104,0,0,1218,5,1533.639431000
2,"map(to: a)",16382,64,104,0,0,1218,6,1534.295082092
2,"map(to: a)",16382,64,104,0,0,1218,7,1526.296138763
2,"map(to: a)",16382,64,104,0,0,1218,8,1553.750038147
2,"map(to: a)",16382,64,104,0,0,1218,9,1527.607440948
2,"map(to: a)",16382,64,104,0,0,472,0,874.054431915
2,"map(to: a)",16382,64,104,0,0,472,1,869.894027710
2,"map(to: a)",16382,64,104,0,0,472,2,865.697860718
2,"map(to: a)",16382,64,104,0,0,472,3,869.500637054
2,"map(to: a)",16382,64,104,0,0,472,4,873.398780823
2,"map(to: a)",16382,64,104,0,0,472,5,863.850116730
2,"map(to: a)",16382,64,104,0,0,472,6,875.246524811
2,"map(to: a)",16382,64,104,0,0,472,7,870.347023010
2,"map(to: a)",16382,64,104,0,0,472,8,873.243808746
2,"map(to: a)",16382,64,104,0,0,472,9,874.698162079
2,"map(to: a)",16382,64,104,0,0,7,0,467.658042908
2,"map(to: a)",16382,64,104,0,0,7,1,469.899177551
2,"map(to: a)",16382,64,104,0,0,7,2,469.648838043
2,"map(to: a)",16382,64,104,0,0,7,3,469.398498535
2,"map(to: a)",16382,64,104,0,0,7,4,469.958782196
2,"map(to: a)",16382,64,104,0,0,7,5,469.303131104
2,"map(to: a)",16382,64,104,0,0,7,6,469.505786896
2,"map(to: a)",16382,64,104,0,0,7,7,469.696521759
2,"map(to: a)",16382,64,104,0,0,7,8,469.052791595
2,"map(to: a)",16382,64,104,0,0,7,9,469.195842743
2,"map(to: a)",16382,64,104,0,0,114,0,562.942028046
2,"map(to: a)",16382,64,104,0,0,114,1,561.296939850
2,"map(to: a)",16382,64,104,0,0,114,2,563.049316406
2,"map(to: a)",16382,64,104,0,0,114,3,561.249256134
2,"map(to: a)",16382,64,104,0,0,114,4,562.596321106
2,"map(to: a)",16382,64,104,0,0,114,5,562.703609467
2,"map(to: a)",16382,64,104,0,0,114,6,563.049316406
2,"map(to: a)",16382,64,104,0,0,114,7,562.846660614
2,"map(to: a)",16382,64,104,0,0,114,8,563.859939575
2,"map(to: a)",16382,64,104,0,0,114,9,562.751293182
2,"map(to: a)",16382,64,104,0,0,3,0,466.096401215
2,"map(to: a)",16382,64,104,0,0,3,1,465.404987335
2,"map(to: a)",16382,64,104,0,0,3,2,465.345382690
2,"map(to: a)",16382,64,104,0,0,3,3,465.691089630
2,"map(to: a)",16382,64,104,0,0,3,4,465.607643127
2,"map(to: a)",16382,64,104,0,0,3,5,465.846061707
2,"map(to: a)",16382,64,104,0,0,3,6,466.299057007
2,"map(to: a)",16382,64,104,0,0,3,7,465.500354767
2,"map(to: a)",16382,64,104,0,0,3,8,465.953350067
2,"map(to: a)",16382,64,104,0,0,3,9,465.250015259
2,"map(to: a)",16382,64,104,0,0,17,0,478.851795197
2,"map(to: a)",16382,64,104,0,0,17,1,478.994846344
2,"map(to: a)",16382,64,104,0,0,17,2,479.245185852
2,"map(to: a)",16382,64,104,0,0,17,3,478.947162628
2,"map(to: a)",16382,64,104,0,0,17,4,479.006767273
2,"map(to: a)",16382,64,104,0,0,17,5,478.708744049
2,"map(to: a)",16382,64,104,0,0,17,6,479.054450989
2,"map(to: a)",16382,64,104,0,0,17,7,478.792190552
2,"map(to: a)",16382,64,104,0,0,17,8,478.804111481
2,"map(to: a)",16382,64,104,0,0,17,9,479.209423065
2,"map(to: a)",16382,64,104,0,0,1,0,464.248657227
2,"map(to: a)",16382,64,104,0,0,1,1,464.999675751
2,"map(to: a)",16382,64,104,0,0,1,2,465.309619904
2,"map(to: a)",16382,64,104,0,0,1,3,464.904308319
2,"map(to: a)",16382,64,104,0,0,1,4,464.653968811
2,"map(to: a)",16382,64,104,0,0,1,5,464.153289795
2,"map(to: a)",16382,64,104,0,0,1,6,464.653968811
2,"map(to: a)",16382,64,104,0,0,1,7,464.999675751
2,"map(to: a)",16382,64,104,0,0,1,8,464.439392090
2,"map(to: a)",16382,64,104,0,0,1,9,464.653968811
2,"map(to: a)",16382,64,104,0,0,44,0,501.501560211
2,"map(to: a)",16382,64,104,0,0,44,1,501.596927643
2,"map(to: a)",16382,64,104,0,0,44,2,502.908229828
2,"map(to: a)",16382,64,104,0,0,44,3,501.549243927
2,"map(to: a)",16382,64,104,0,0,44,4,502.097606659
2,"map(to: a)",16382,64,104,0,0,44,5,502.347946167
2,"map(to: a)",16382,64,104,0,0,44,6,502.896308899
2,"map(to: a)",16382,64,104,0,0,44,7,502.908229828
2,"map(to: a)",16382,64,104,0,0,44,8,502.741336823
2,"map(to: a)",16382,64,104,0,0,44,9,501.644611359
2,"map(to: a)",16382,64,104,0,0,294,0,723.350048065
2,"map(to: a)",16382,64,104,0,0,294,1,719.106197357
2,"map(to: a)",16382,64,104,0,0,294,2,719.642639160
2,"map(to: a)",16382,64,104,0,0,294,3,721.800327301
2,"map(to: a)",16382,64,104,0,0,294,4,720.345973969
2,"map(to: a)",16382,64,104,0,0,294,5,722.396373749
2,"map(to: a)",16382,64,104,0,0,294,6,722.897052765
2,"map(to: a)",16382,64,104,0,0,294,7,721.001625061
2,"map(to: a)",16382,64,104,0,0,294,8,727.593898773
2,"map(to: a)",16382,64,104,0,0,294,9,720.798969269
2,"map(to: a)",16382,64,104,0,0,3140,0,3191.339969635
2,"map(to: a)",16382,64,104,0,0,3140,1,3163.540363312
2,"map(to: a)",16382,64,104,0,0,3140,2,3130.102157593
2,"map(to: a)",16382,64,104,0,0,3140,3,3159.654140472
2,"map(to: a)",16382,64,104,0,0,3140,4,3187.799453735
2,"map(to: a)",16382,64,104,0,0,3140,5,3121.745586395
2,"map(to: a)",16382,64,104,0,0,3140,6,3198.146820068
2,"map(to: a)",16382,64,104,0,0,3140,7,3162.050247192
2,"map(to: a)",16382,64,104,0,0,3140,8,3185.296058655
2,"map(to: a)",16382,64,104,0,0,3140,9,3195.798397064
2,"map(to: a)",16382,64,104,0,0,4,0,467.395782471
2,"map(to: a)",16382,64,104,0,0,4,1,467.109680176
2,"map(to: a)",16382,64,104,0,0,4,2,467.658042908
2,"map(to: a)",16382,64,104,0,0,4,3,467.693805695
2,"map(to: a)",16382,64,104,0,0,4,4,467.693805695
2,"map(to: a)",16382,64,104,0,0,4,5,467.705726624
2,"map(to: a)",16382,64,104,0,0,4,6,467.395782471
2,"map(to: a)",16382,64,104,0,0,4,7,468.099117279
2,"map(to: a)",16382,64,104,0,0,4,8,467.157363892
2,"map(to: a)",16382,64,104,0,0,4,9,467.145442963
2,"map(to: a)",16382,64,104,0,0,1955,0,2213.704586029
2,"map(to: a)",16382,64,104,0,0,1955,1,2125.597000122
2,"map(to: a)",16382,64,104,0,0,1955,2,2153.396606445
2,"map(to: a)",16382,64,104,0,0,1955,3,2133.393287659
2,"map(to: a)",16382,64,104,0,0,1955,4,2144.205570221
2,"map(to: a)",16382,64,104,0,0,1955,5,2140.247821808
2,"map(to: a)",16382,64,104,0,0,1955,6,2141.153812408
2,"map(to: a)",16382,64,104,0,0,1955,7,2152.049541473
2,"map(to: a)",16382,64,104,0,0,1955,8,2151.298522949
2,"map(to: a)",16382,64,104,0,0,1955,9,2145.457267761
2,"map(to: a)",16382,64,104,0,0,183,0,625.550746918
2,"map(to: a)",16382,64,104,0,0,183,1,620.651245117
2,"map(to: a)",16382,64,104,0,0,183,2,623.345375061
2,"map(to: a)",16382,64,104,0,0,183,3,624.299049377
2,"map(to: a)",16382,64,104,0,0,183,4,622.153282166
2,"map(to: a)",16382,64,104,0,0,183,5,624.656677246
2,"map(to: a)",16382,64,104,0,0,183,6,626.754760742
2,"map(to: a)",16382,64,104,0,0,183,7,621.807575226
2,"map(to: a)",16382,64,104,0,0,183,8,627.601146698
2,"map(to: a)",16382,64,104,0,0,183,9,624.907016754
2,"map(to: a)",16382,64,104,0,0,8096,0,7616.448402405
2,"map(to: a)",16382,64,104,0,0,8096,1,7656.502723694
2,"map(to: a)",16382,64,104,0,0,8096,2,7384.157180786
2,"map(to: a)",16382,64,104,0,0,8096,3,7401.347160339
2,"map(to: a)",16382,64,104,0,0,8096,4,7429.194450378
2,"map(to: a)",16382,64,104,0,0,8096,5,7379.698753357
2,"map(to: a)",16382,64,104,0,0,8096,6,7515.597343445
2,"map(to: a)",16382,64,104,0,0,8096,7,7335.352897644
2,"map(to: a)",16382,64,104,0,0,8096,8,7505.404949188
2,"map(to: a)",16382,64,104,0,0,8096,9,7528.603076935
2,"map(to: a)",16382,64,104,0,0,758,0,1119.196414948
2,"map(to: a)",16382,64,104,0,0,758,1,1125.442981720
2,"map(to: a)",16382,64,104,0,0,758,2,1135.003566742
2,"map(to: a)",16382,64,104,0,0,758,3,1114.749908447
2,"map(to: a)",16382,64,104,0,0,758,4,1136.350631714
2,"map(to: a)",16382,64,104,0,0,758,5,1127.648353577
2,"map(to: a)",16382,64,104,0,0,758,6,1131.093502045
2,"map(to: a)",16382,64,104,0,0,758,7,1134.395599365
2,"map(to: a)",16382,64,104,0,0,758,8,1130.509376526
2,"map(to: a)",16382,64,104,0,0,758,9,1132.357120514
2,"map(to: a)",16382,64,104,0,0,71,0,527.596473694
2,"map(to: a)",16382,64,104,0,0,71,1,526.642799377
2,"map(to: a)",16382,64,104,0,0,71,2,527.703762054
2,"map(to: a)",16382,64,104,0,0,71,3,523.555278778
2,"map(to: a)",16382,64,104,0,0,71,4,524.854660034
2,"map(to: a)",16382,64,104,0,0,71,5,525.403022766
2,"map(to: a)",16382,64,104,0,0,71,6,525.450706482
2,"map(to: a)",16382,64,104,0,0,71,7,525.057315826
2,"map(to: a)",16382,64,104,0,0,71,8,526.309013367
2,"map(to: a)",16382,64,104,0,0,71,9,525.057315826
2,"map(to: a)",16382,64,104,0,0,2,0,464.844703674
2,"map(to: a)",16382,64,104,0,0,2,1,464.797019958
2,"map(to: a)",16382,64,104,0,0,2,2,464.498996735
2,"map(to: a)",16382,64,104,0,0,2,3,465.106964111
2,"map(to: a)",16382,64,104,0,0,2,4,464.808940887
2,"map(to: a)",16382,64,104,0,0,2,5,465.393066406
2,"map(to: a)",16382,64,104,0,0,2,6,465.106964111
2,"map(to: a)",16382,64,104,0,0,2,7,464.999675751
2,"map(to: a)",16382,64,104,0,0,2,8,465.595722198
2,"map(to: a)",16382,64,104,0,0,2,9,465.095043182
2,"map(to: a)",16382,64,104,0,0,11,0,473.153591156
2,"map(to: a)",16382,64,104,0,0,11,1,473.093986511
2,"map(to: a)",16382,64,104,0,0,11,2,472.593307495
2,"map(to: a)",16382,64,104,0,0,11,3,472.950935364
2,"map(to: a)",16382,64,104,0,0,11,4,472.557544708
2,"map(to: a)",16382,64,104,0,0,11,5,472.152233124
2,"map(to: a)",16382,64,104,0,0,11,6,473.344326019
2,"map(to: a)",16382,64,104,0,0,11,7,472.545623779
2,"map(to: a)",16382,64,104,0,0,11,8,472.843647003
2,"map(to: a)",16382,64,104,0,0,11,9,472.152233124
2,"map(to: a)",16382,64,104,0,0,28,0,488.555431366
2,"map(to: a)",16382,64,104,0,0,28,1,487.947463989
2,"map(to: a)",16382,64,104,0,0,28,2,488.507747650
2,"map(to: a)",16382,64,104,0,0,28,3,487.601757050
2,"map(to: a)",16382,64,104,0,0,28,4,488.853454590
2,"map(to: a)",16382,64,104,0,0,28,5,487.947463989
2,"map(to: a)",16382,64,104,0,0,28,6,487.697124481
2,"map(to: a)",16382,64,104,0,0,28,7,488.448143005
2,"map(to: a)",16382,64,104,0,0,28,8,487.744808197
2,"map(to: a)",16382,64,104,0,0,28,9,487.995147705
2,"map(to: a)",16382,64,104,0,0,5042,0,4958.152770996
2,"map(to: a)",16382,64,104,0,0,5042,1,4855.251312256
2,"map(to: a)",16382,64,104,0,0,5042,2,4982.948303223
2,"map(to: a)",16382,64,104,0,0,5042,3,4926.943778992
2,"map(to: a)",16382,64,104,0,0,5042,4,4862.403869629
2,"map(to: a)",16382,64,104,0,0,5042,5,4789.054393768
2,"map(to: a)",16382,64,104,0,0,5042,6,4796.850681305
2,"map(to: a)",16382,64,104,0,0,5042,7,4820.299148560
2,"map(to: a)",16382,64,104,0,0,5042,8,4798.448085785
2,"map(to: a)",16382,64,104,0,0,5042,9,4783.344268799
2,"map(to: a)",16382,64,104,0,0,1218,0,1527.452468872
2,"map(to: a)",16382,64,104,0,0,1218,1,1500.999927521
2,"map(to: a)",16382,64,104,0,0,1218,2,1527.297496796
2,"map(to: a)",16382,64,104,0,0,1218,3,1531.600952148
2,"map(to: a)",16382,64,104,0,0,1218,4,1516.056060791
2,"map(to: a)",16382,64,104,0,0,1218,5,1524.198055267
2,"map(to: a)",16382,64,104,0,0,1218,6,1538.193225861
2,"map(to: a)",16382,64,104,0,0,1218,7,1510.548591614
2,"map(to: a)",16382,64,104,0,0,1218,8,1545.643806458
2,"map(to: a)",16382,64,104,0,0,1218,9,1528.847217560
2,"map(to: a)",16382,64,104,0,0,472,0,878.953933716
2,"map(to: a)",16382,64,104,0,0,472,1,879.955291748
2,"map(to: a)",16382,64,104,0,0,472,2,879.454612732
2,"map(to: a)",16382,64,104,0,0,472,3,881.993770599
2,"map(to: a)",16382,64,104,0,0,472,4,882.947444916
2,"map(to: a)",16382,64,104,0,0,472,5,867.295265198
2,"map(to: a)",16382,64,104,0,0,472,6,873.255729675
2,"map(to: a)",16382,64,104,0,0,472,7,863.504409790
2,"map(to: a)",16382,64,104,0,0,472,8,870.800018311
2,"map(to: a)",16382,64,104,0,0,472,9,871.145725250
3,"map(from: a)",1,64,104,0,0,7,0,463.700294495
3,"map(from: a)",1,64,104,0,0,7,1,466.692447662
3,"map(from: a)",1,64,104,0,0,7,2,465.357303619
3,"map(from: a)",1,64,104,0,0,7,3,465.297698975
3,"map(from: a)",1,64,104,0,0,7,4,466.156005859
3,"map(from: a)",1,64,104,0,0,7,5,465.607643127
3,"map(from: a)",1,64,104,0,0,7,6,465.643405914
3,"map(from: a)",1,64,104,0,0,7,7,467.360019684
3,"map(from: a)",1,64,104,0,0,7,8,465.393066406
3,"map(from: a)",1,64,104,0,0,7,9,466.299057007
3,"map(from: a)",1,64,104,0,0,114,0,562.191009521
3,"map(from: a)",1,64,104,0,0,114,1,561.499595642
3,"map(from: a)",1,64,104,0,0,114,2,562.548637390
3,"map(from: a)",1,64,104,0,0,114,3,556.957721710
3,"map(from: a)",1,64,104,0,0,114,4,558.698177338
3,"map(from: a)",1,64,104,0,0,114,5,558.900833130
3,"map(from: a)",1,64,104,0,0,114,6,557.601451874
3,"map(from: a)",1,64,104,0,0,114,7,558.352470398
3,"map(from: a)",1,64,104,0,0,114,8,559.890270233
3,"map(from: a)",1,64,104,0,0,114,9,558.197498322
3,"map(from: a)",1,64,104,0,0,3,0,461.900234222
3,"map(from: a)",1,64,104,0,0,3,1,462.400913239
3,"map(from: a)",1,64,104,0,0,3,2,462.555885315
3,"map(from: a)",1,64,104,0,0,3,3,462.150573730
3,"map(from: a)",1,64,104,0,0,3,4,462.102890015
3,"map(from: a)",1,64,104,0,0,3,5,463.008880615
3,"map(from: a)",1,64,104,0,0,3,6,462.794303894
3,"map(from: a)",1,64,104,0,0,3,7,461.852550507
3,"map(from: a)",1,64,104,0,0,3,8,462.496280670
3,"map(from: a)",1,64,104,0,0,3,9,461.649894714
3,"map(from: a)",1,64,104,0,0,17,0,476.503372192
3,"map(from: a)",1,64,104,0,0,17,1,476.455688477
3,"map(from: a)",1,64,104,0,0,17,2,476.002693176
3,"map(from: a)",1,64,104,0,0,17,3,476.050376892
3,"map(from: a)",1,64,104,0,0,17,4,475.251674652
3,"map(from: a)",1,64,104,0,0,17,5,474.500656128
3,"map(from: a)",1,64,104,0,0,17,6,475.800037384
3,"map(from: a)",1,64,104,0,0,17,7,474.655628204
3,"map(from: a)",1,64,104,0,0,17,8,475.144386292
3,"map(from: a)",1,64,104,0,0,17,9,475.096702576
3,"map(from: a)",1,64,104,0,0,1,0,460.946559906
3,"map(from: a)",1,64,104,0,0,1,1,461.351871490
3,"map(from: a)",1,64,104,0,0,1,2,461.101531982
3,"map(from: a)",1,64,104,0,0,1,3,461.053848267
3,"map(from: a)",1,64,104,0,0,1,4,461.649894714
3,"map(from: a)",1,64,104,0,0,1,5,460.898876190
3,"map(from: a)",1,64,104,0,0,1,6,461.602210999
3,"map(from: a)",1,64,104,0,0,1,7,461.006164551
3,"map(from: a)",1,64,104,0,0,1,8,461.101531982
3,"map(from: a)",1,64,104,0,0,1,9,463.402271271
3,"map(from: a)",1,64,104,0,0,44,0,499.653816223
3,"map(from: a)",1,64,104,0,0,44,1,498.950481415
3,"map(from: a)",1,64,104,0,0,44,2,500.297546387
3,"map(from: a)",1,64,104,0,0,44,3,499.296188354
3,"map(from: a)",1,64,104,0,0,44,4,498.604774475
3,"map(from: a)",1,64,104,0,0,44,5,497.901439667
3,"map(from: a)",1,64,104,0,0,44,6,497.853755951
3,"map(from: a)",1,64,104,0,0,44,7,498.807430267
3,"map(from: a)",1,64,104,0,0,44,8,498.950481415
3,"map(from: a)",1,64,104,0,0,44,9,497.853755951
3,"map(from: a)",1,64,104,0,0,294,0,717.544555664
3,"map(from: a)",1,64,104,0,0,294,1,710.046291351
3,"map(from: a)",1,64,104,0,0,294,2,715.994834900
3,"map(from: a)",1,64,104,0,0,294,3,717.306137085
3,"map(from: a)",1,64,104,0,0,294,4,714.397430420
3,"map(from: a)",1,64,104,0,0,294,5,716.054439545
3,"map(from: a)",1,64,104,0,0,294,6,719.141960144
3,"map(from: a)",1,64,104,0,0,294,7,711.953639984
3,"map(from: a)",1,64,104,0,0,294,8,720.846652985
3,"map(from: a)",1,64,104,0,0,294,9,717.043876648
3,"map(from: a)",1,64,104,0,0,3140,0,3211.748600006
3,"map(from: a)",1,64,104,0,0,3140,1,3226.852416992
3,"map(from: a)",1,64,104,0,0,3140,2,3221.750259399
3,"map(from: a)",1,64,104,0,0,3140,3,3238.248825073
3,"map(from: a)",1,64,104,0,0,3140,4,3243.994712830
3,"map(from: a)",1,64,104,0,0,3140,5,3139.293193817
3,"map(from: a)",1,64,104,0,0,3140,6,3182.899951935
3,"map(from: a)",1,64,104,0,0,3140,7,3117.907047272
3,"map(from: a)",1,64,104,0,0,3140,8,3165.447711945
3,"map(from: a)",1,64,104,0,0,3140,9,3167.009353638
3,"map(from: a)",1,64,104,0,0,4,0,463.354587555
3,"map(from: a)",1,64,104,0,0,4,1,464.355945587
3,"map(from: a)",1,64,104,0,0,4,2,463.294982910
3,"map(from: a)",1,64,104,0,0,4,3,463.294982910
3,"map(from: a)",1,64,104,0,0,4,4,463.700294495
3,"map(from: a)",1,64,104,0,0,4,5,463.402271271
3,"map(from: a)",1,64,104,0,0,4,6,463.950634003
3,"map(from: a)",1,64,104,0,0,4,7,463.998317719
3,"map(from: a)",1,64,104,0,0,4,8,463.294982910
3,"map(from: a)",1,64,104,0,0,4,9,463.747978210
3,"map(from: a)",1,64,104,0,0,1955,0,2175.951004028
3,"map(from: a)",1,64,104,0,0,1955,1,2162.694931030
3,"map(from: a)",1,64,104,0,0,1955,2,2202.749252319
3,"map(from: a)",1,64,104,0,0,1955,3,2163.505554199
3,"map(from: a)",1,64,104,0,0,1955,4,2198.410034180
3,"map(from: a)",1,64,104,0,0,1955,5,2205.097675323
3,"map(from: a)",1,64,104,0,0,1955,6,2116.906642914
3,"map(from: a)",1,64,104,0,0,1955,7,2134.251594543
3,"map(from: a)",1,64,104,0,0,1955,8,2153.444290161
3,"map(from: a)",1,64,104,0,0,1955,9,2117.049694061
3,"map(from: a)",1,64,104,0,0,183,0,619.590282440
3,"map(from: a)",1,64,104,0,0,183,1,616.800785065
3,"map(from: a)",1,64,104,0,0,183,2,618.100166321
3,"map(from: a)",1,64,104,0,0,183,3,618.851184845
3,"map(from: a)",1,64,104,0,0,183,4,619.053840637
3,"map(from: a)",1,64,104,0,0,183,5,619.149208069
3,"map(from: a)",1,64,104,0,0,183,6,620.007514954
3,"map(from: a)",1,64,104,0,0,183,7,617.957115173
3,"map(from: a)",1,64,104,0,0,183,8,622.498989105
3,"map(from: a)",1,64,104,0,0,183,9,618.147850037
3,"map(from: a)",1,64,104,0,0,8096,0,7583.999633789
3,"map(from: a)",1,64,104,0,0,8096,1,7615.804672241
3,"map(from: a)",1,64,104,0,0,8096,2,7520.651817322
3,"map(from: a)",1,64,104,0,0,8096,3,7597.255706787
3,"map(from: a)",1,64,104,0,0,8096,4,7688.295841217
3,"map(from: a)",1,64,104,0,0,8096,5,7508.444786072
3,"map(from: a)",1,64,104,0,0,8096,6,7675.695419312
3,"map(from: a)",1,64,104,0,0,8096,7,7359.957695007
3,"map(from: a)",1,64,104,0,0,8096,8,7376.801967621
3,"map(from: a)",1,64,104,0,0,8096,9,7423.341274261
3,"map(from: a)",1,64,104,0,0,758,0,1111.447811127
3,"map(from: a)",1,64,104,0,0,758,1,1110.196113586
3,"map(from: a)",1,64,104,0,0,758,2,1112.759113312
3,"map(from: a)",1,64,104,0,0,758,3,1110.708713531
3,"map(from: a)",1,64,104,0,0,758,4,1125.001907349
3,"map(from: a)",1,64,104,0,0,758,5,1108.396053314
3,"map(from: a)",1,64,104,0,0,758,6,1122.307777405
3,"map(from: a)",1,64,104,0,0,758,7,1123.893260956
3,"map(from: a)",1,64,104,0,0,758,8,1111.650466919
3,"map(from: a)",1,64,104,0,0,758,9,1121.854782104
3,"map(from: a)",1,64,104,0,0,71,0,523.352622986
3,"map(from: a)",1,64,104,0,0,71,1,522.053241730
3,"map(from: a)",1,64,104,0,0,71,2,523.948669434
3,"map(from: a)",1,64,104,0,0,71,3,523.447990417
3,"map(from: a)",1,64,104,0,0,71,4,523.543357849
3,"map(from: a)",1,64,104,0,0,71,5,523.805618286
3,"map(from: a)",1,64,104,0,0,71,6,523.209571838
3,"map(from: a)",1,64,104,0,0,71,7,522.947311401
3,"map(from: a)",1,64,104,0,0,71,8,521.552562714
3,"map(from: a)",1,64,104,0,0,71,9,520.503520966
3,"map(from: a)",1,64,104,0,0,2,0,461.494922638
3,"map(from: a)",1,64,104,0,0,2,1,460.600852966
3,"map(from: a)",1,64,104,0,0,2,2,460.958480835
3,"map(from: a)",1,64,104,0,0,2,3,460.445880890
3,"map(from: a)",1,64,104,0,0,2,4,460.803508759
3,"map(from: a)",1,64,104,0,0,2,5,461.149215698
3,"map(from: a)",1,64,104,0,0,2,6,460.696220398
3,"map(from: a)",1,64,104,0,0,2,7,461.101531982
3,"map(from: a)",1,64,104,0,0,2,8,461.304187775
3,"map(from: a)",1,64,104,0,0,2,9,461.447238922
3,"map(from: a)",1,64,104,0,0,11,0,468.850135803
3,"map(from: a)",1,64,104,0,0,11,1,469.207763672
3,"map(from: a)",1,64,104,0,0,11,2,469.291210175
3,"map(from: a)",1,64,104,0,0,11,3,469.195842743
3,"map(from: a)",1,64,104,0,0,11,4,469.291210175
3,"map(from: a)",1,64,104,0,0,11,5,469.207763672
3,"map(from: a)",1,64,104,0,0,11,6,469.350814819
3,"map(from: a)",1,64,104,0,0,11,7,469.148159027
3,"map(from: a)",1,64,104,0,0,11,8,468.993186951
3,"map(from: a)",1,64,104,0,0,11,9,469.005107880
3,"map(from: a)",1,64,104,0,0,28,0,483.548641205
3,"map(from: a)",1,64,104,0,0,28,1,483.942031860
3,"map(from: a)",1,64,104,0,0,28,2,483.691692352
3,"map(from: a)",1,64,104,0,0,28,3,483.298301697
3,"map(from: a)",1,64,104,0,0,28,4,483.942031860
3,"map(from: a)",1,64,104,0,0,28,5,484.299659729
3,"map(from: a)",1,64,104,0,0,28,6,483.906269073
3,"map(from: a)",1,64,104,0,0,28,7,484.299659729
3,"map(from: a)",1,64,104,0,0,28,8,483.596324921
3,"map(from: a)",1,64,104,0,0,28,9,484.097003937
3,"map(from: a)",1,64,104,0,0,5042,0,4860.246181488
3,"map(from: a)",1,64,104,0,0,5042,1,4830.157756805
3,"map(from: a)",1,64,104,0,0,5042,2,4946.053028107
3,"map(from: a)",1,64,104,0,0,5042,3,4827.105998993
3,"map(from: a)",1,64,104,0,0,5042,4,4927.456378937
3,"map(from: a)",1,64,104,0,0,5042,5,4930.746555328
3,"map(from: a)",1,64,104,0,0,5042,6,4883.849620819
3,"map(from: a)",1,64,104,0,0,5042,7,4939.794540405
3,"map(from: a)",1,64,104,0,0,5042,8,4991.996288300
3,"map(from: a)",1,64,104,0,0,5042,9,4753.100872040
3,"map(from: a)",1,64,104,0,0,1218,0,1514.291763306
3,"map(from: a)",1,64,104,0,0,1218,1,1498.699188232
3,"map(from: a)",1,64,104,0,0,1218,2,1506.555080414
3,"map(from: a)",1,64,104,0,0,1218,3,1504.302024841
3,"map(from: a)",1,64,104,0,0,1218,4,1505.994796753
3,"map(from: a)",1,64,104,0,0,1218,5,1510.405540466
3,"map(from: a)",1,64,104,0,0,1218,6,1510.941982269
3,"map(from: a)",1,64,104,0,0,1218,7,1506.900787354
3,"map(from: a)",1,64,104,0,0,1218,8,1530.146598816
3,"map(from: a)",1,64,104,0,0,1218,9,1507.544517517
3,"map(from: a)",1,64,104,0,0,472,0,871.694087982
3,"map(from: a)",1,64,104,0,0,472,1,874.590873718
3,"map(from: a)",1,64,104,0,0,472,2,868.201255798
3,"map(from: a)",1,64,104,0,0,472,3,874.209403992
3,"map(from: a)",1,64,104,0,0,472,4,879.299640656
3,"map(from: a)",1,64,104,0,0,472,5,868.189334869
3,"map(from: a)",1,64,104,0,0,472,6,881.195068359
3,"map(from: a)",1,64,104,0,0,472,7,876.152515411
3,"map(from: a)",1,64,104,0,0,472,8,876.498222351
3,"map(from: a)",1,64,104,0,0,472,9,880.205631256
3,"map(from: a)",2,64,104,0,0,7,0,464.355945587
3,"map(from: a)",2,64,104,0,0,7,1,465.595722198
3,"map(from: a)",2,64,104,0,0,7,2,465.404987335
3,"map(from: a)",2,64,104,0,0,7,3,466.048717499
3,"map(from: a)",2,64,104,0,0,7,4,465.548038483
3,"map(from: a)",2,64,104,0,0,7,5,465.643405914
3,"map(from: a)",2,64,104,0,0,7,6,466.251373291
3,"map(from: a)",2,64,104,0,0,7,7,465.655326843
3,"map(from: a)",2,64,104,0,0,7,8,465.798377991
3,"map(from: a)",2,64,104,0,0,7,9,465.846061707
3,"map(from: a)",2,64,104,0,0,114,0,561.594963074
3,"map(from: a)",2,64,104,0,0,114,1,558.805465698
3,"map(from: a)",2,64,104,0,0,114,2,562.393665314
3,"map(from: a)",2,64,104,0,0,114,3,560.593605042
3,"map(from: a)",2,64,104,0,0,114,4,561.451911926
3,"map(from: a)",2,64,104,0,0,114,5,561.749935150
3,"map(from: a)",2,64,104,0,0,114,6,561.857223511
3,"map(from: a)",2,64,104,0,0,114,7,560.653209686
3,"map(from: a)",2,64,104,0,0,114,8,558.257102966
3,"map(from: a)",2,64,104,0,0,114,9,557.041168213
3,"map(from: a)",2,64,104,0,0,3,0,462.055206299
3,"map(from: a)",2,64,104,0,0,3,1,461.947917938
3,"map(from: a)",2,64,104,0,0,3,2,461.852550507
3,"map(from: a)",2,64,104,0,0,3,3,461.840629578
3,"map(from: a)",2,64,104,0,0,3,4,461.649894714
3,"map(from: a)",2,64,104,0,0,3,5,462.257862091
3,"map(from: a)",2,64,104,0,0,3,6,461.542606354
3,"map(from: a)",2,64,104,0,0,3,7,461.745262146
3,"map(from: a)",2,64,104,0,0,3,8,462.305545807
3,"map(from: a)",2,64,104,0,0,3,9,461.995601654
3,"map(from: a)",2,64,104,0,0,17,0,475.704669952
3,"map(from: a)",2,64,104,0,0,17,1,476.050376892
3,"map(from: a)",2,64,104,0,0,17,2,476.145744324
3,"map(from: a)",2,64,104,0,0,17,3,475.847721100
3,"map(from: a)",2,64,104,0,0,17,4,475.847721100
3,"map(from: a)",2,64,104,0,0,17,5,475.895404816
3,"map(from: a)",2,64,104,0,0,17,6,475.943088531
3,"map(from: a)",2,64,104,0,0,17,7,476.253032684
3,"map(from: a)",2,64,104,0,0,17,8,474.750995636
3,"map(from: a)",2,64,104,0,0,17,9,475.406646729
3,"map(from: a)",2,64,104,0,0,1,0,461.244583130
3,"map(from: a)",2,64,104,0,0,1,1,461.494922638
3,"map(from: a)",2,64,104,0,0,1,2,461.399555206
3,"map(from: a)",2,64,104,0,0,1,3,460.898876190
3,"map(from: a)",2,64,104,0,0,1,4,461.149215698
3,"map(from: a)",2,64,104,0,0,1,5,461.757183075
3,"map(from: a)",2,64,104,0,0,1,6,461.053848267
3,"map(from: a)",2,64,104,0,0,1,7,461.697578430
3,"map(from: a)",2,64,104,0,0,1,8,460.553169250
3,"map(from: a)",2,64,104,0,0,1,9,461.709499359
3,"map(from: a)",2,64,104,0,0,44,0,499.105453491
3,"map(from: a)",2,64,104,0,0,44,1,498.557090759
3,"map(from: a)",2,64,104,0,0,44,2,499.749183655
3,"map(from: a)",2,64,104,0,0,44,3,498.747825623
3,"map(from: a)",2,64,104,0,0,44,4,499.105453491
3,"map(from: a)",2,64,104,0,0,44,5,499.510765076
3,"map(from: a)",2,64,104,0,0,44,6,499.498844147
3,"map(from: a)",2,64,104,0,0,44,7,499.653816223
3,"map(from: a)",2,64,104,0,0,44,8,500.798225403
3,"map(from: a)",2,64,104,0,0,44,9,497.651100159
3,"map(from: a)",2,64,104,0,0,294,0,715.196132660
3,"map(from: a)",2,64,104,0,0,294,1,711.798667908
3,"map(from: a)",2,64,104,0,0,294,2,713.098049164
3,"map(from: a)",2,64,104,0,0,294,3,712.704658508
3,"map(from: a)",2,64,104,0,0,294,4,712.490081787
3,"map(from: a)",2,64,104,0,0,294,5,713.789463043
3,"map(from: a)",2,64,104,0,0,294,6,714.850425720
3,"map(from: a)",2,64,104,0,0,294,7,713.241100311
3,"map(from: a)",2,64,104,0,0,294,8,718.998908997
3,"map(from: a)",2,64,104,0,0,294,9,713.551044464
3,"map(from: a)",2,64,104,0,0,3140,0,3198.552131653
3,"map(from: a)",2,64,104,0,0,3140,1,3214.693069458
3,"map(from: a)",2,64,104,0,0,3140,2,3170.108795166
3,"map(from: a)",2,64,104,0,0,3140,3,3211.402893066
3,"map(from: a)",2,64,104,0,0,3140,4,3243.601322174
3,"map(from: a)",2,64,104,0,0,3140,5,3171.288967133
3,"map(from: a)",2,64,104,0,0,3140,6,3258.752822876
3,"map(from: a)",2,64,104,0,0,3140,7,3221.797943115
3,"map(from: a)",2,64,104,0,0,3140,8,3229.558467865
3,"map(from: a)",2,64,104,0,0,3140,9,3246.939182281
3,"map(from: a)",2,64,104,0,0,4,0,463.449954987
3,"map(from: a)",2,64,104,0,0,4,1,463.402271271
3,"map(from: a)",2,64,104,0,0,4,2,463.795661926
3,"map(from: a)",2,64,104,0,0,4,3,463.402271271
3,"map(from: a)",2,64,104,0,0,4,4,464.594364166
3,"map(from: a)",2,64,104,0,0,4,5,463.008880615
3,"map(from: a)",2,64,104,0,0,4,6,464.546680450
3,"map(from: a)",2,64,104,0,0,4,7,463.342666626
3,"map(from: a)",2,64,104,0,0,4,8,463.950634003
3,"map(from: a)",2,64,104,0,0,4,9,463.950634003
3,"map(from: a)",2,64,104,0,0,1955,0,2183.651924133
3,"map(from: a)",2,64,104,0,0,1955,1,2128.493785858
3,"map(from: a)",2,64,104,0,0,1955,2,2184.891700745
3,"map(from: a)",2,64,104,0,0,1955,3,2156.400680542
3,"map(from: a)",2,64,104,0,0,1955,4,2170.693874359
3,"map(from: a)",2,64,104,0,0,1955,5,2178.454399109
3,"map(from: a)",2,64,104,0,0,1955,6,2177.047729492
3,"map(from: a)",2,64,104,0,0,1955,7,2183.246612549
3,"map(from: a)",2,64,104,0,0,1955,8,2184.510231018
3,"map(from: a)",2,64,104,0,0,1955,9,2178.597450256
3,"map(from: a)",2,64,104,0,0,183,0,624.001026154
3,"map(from: a)",2,64,104,0,0,183,1,614.798069000
3,"map(from: a)",2,64,104,0,0,183,2,617.694854736
3,"map(from: a)",2,64,104,0,0,183,3,618.302822113
3,"map(from: a)",2,64,104,0,0,183,4,616.550445557
3,"map(from: a)",2,64,104,0,0,183,5,617.945194244
3,"map(from: a)",2,64,104,0,0,183,6,619.447231293
3,"map(from: a)",2,64,104,0,0,183,7,616.347789764
3,"map(from: a)",2,64,104,0,0,183,8,621.092319489
3,"map(from: a)",2,64,104,0,0,183,9,618.410110474
3,"map(from: a)",2,64,104,0,0,8096,0,7493.352890015
3,"map(from: a)",2,64,104,0,0,8096,1,7520.055770874
3,"map(from: a)",2,64,104,0,0,8096,2,7480.049133301
3,"map(from: a)",2,64,104,0,0,8096,3,7535.946369171
3,"map(from: a)",2,64,104,0,0,8096,4,7547.843456268
3,"map(from: a)",2,64,104,0,0,8096,5,7486.951351166
3,"map(from: a)",2,64,104,0,0,8096,6,7680.141925812
3,"map(from: a)",2,64,104,0,0,8096,7,7494.401931763
3,"map(from: a)",2,64,104,0,0,8096,8,7611.358165741
3,"map(from: a)",2,64,104,0,0,8096,9,7657.051086426
3,"map(from: a)",2,64,104,0,0,758,0,1125.550270081
3,"map(from: a)",2,64,104,0,0,758,1,1121.950149536
3,"map(from: a)",2,64,104,0,0,758,2,1115.453243256
3,"map(from: a)",2,64,104,0,0,758,3,1098.704338074
3,"map(from: a)",2,64,104,0,0,758,4,1119.196414948
3,"map(from: a)",2,64,104,0,0,758,5,1107.299327850
3,"map(from: a)",2,64,104,0,0,758,6,1111.149787903
3,"map(from: a)",2,64,104,0,0,758,7,1114.547252655
3,"map(from: a)",2,64,104,0,0,758,8,1115.143299103
3,"map(from: a)",2,64,104,0,0,758,9,1116.144657135
3,"map(from: a)",2,64,104,0,0,71,0,521.993637085
3,"map(from: a)",2,64,104,0,0,71,1,521.695613861
3,"map(from: a)",2,64,104,0,0,71,2,523.197650909
3,"map(from: a)",2,64,104,0,0,71,3,521.099567413
3,"map(from: a)",2,64,104,0,0,71,4,523.257255554
3,"map(from: a)",2,64,104,0,0,71,5,523.996353149
3,"map(from: a)",2,64,104,0,0,71,6,522.696971893
3,"map(from: a)",2,64,104,0,0,71,7,523.746013641
3,"map(from: a)",2,64,104,0,0,71,8,524.604320526
3,"map(from: a)",2,64,104,0,0,71,9,522.804260254
3,"map(from: a)",2,64,104,0,0,2,0,462.043285370
3,"map(from: a)",2,64,104,0,0,2,1,461.351871490
3,"map(from: a)",2,64,104,0,0,2,2,461.351871490
3,"map(from: a)",2,64,104,0,0,2,3,461.649894714
3,"map(from: a)",2,64,104,0,0,2,4,461.697578430
3,"map(from: a)",2,64,104,0,0,2,5,461.256504059
3,"map(from: a)",2,64,104,0,0,2,6,462.007522583
3,"map(from: a)",2,64,104,0,0,2,7,460.898876190
3,"map(from: a)",2,64,104,0,0,2,8,462.150573730
3,"map(from: a)",2,64,104,0,0,2,9,461.399555206
3,"map(from: a)",2,64,104,0,0,11,0,469.446182251
3,"map(from: a)",2,64,104,0,0,11,1,469.398498535
3,"map(from: a)",2,64,104,0,0,11,2,469.052791595
3,"map(from: a)",2,64,104,0,0,11,3,468.802452087
3,"map(from: a)",2,64,104,0,0,11,4,469.553470612
3,"map(from: a)",2,64,104,0,0,11,5,469.100475311
3,"map(from: a)",2,64,104,0,0,11,6,469.601154327
3,"map(from: a)",2,64,104,0,0,11,7,469.446182251
3,"map(from: a)",2,64,104,0,0,11,8,469.243526459
3,"map(from: a)",2,64,104,0,0,11,9,469.899177551
3,"map(from: a)",2,64,104,0,0,28,0,485.050678253
3,"map(from: a)",2,64,104,0,0,28,1,484.442710876
3,"map(from: a)",2,64,104,0,0,28,2,484.955310822
3,"map(from: a)",2,64,104,0,0,28,3,483.906269073
3,"map(from: a)",2,64,104,0,0,28,4,484.108924866
3,"map(from: a)",2,64,104,0,0,28,5,483.751296997
3,"map(from: a)",2,64,104,0,0,28,6,483.751296997
3,"map(from: a)",2,64,104,0,0,28,7,484.061241150
3,"map(from: a)",2,64,104,0,0,28,8,483.441352844
3,"map(from: a)",2,64,104,0,0,28,9,483.906269073
3,"map(from: a)",2,64,104,0,0,5042,0,4883.050918579
3,"map(from: a)",2,64,104,0,0,5042,1,4786.753654480
3,"map(from: a)",2,64,104,0,0,5042,2,4892.945289612
3,"map(from: a)",2,64,104,0,0,5042,3,4840.099811554
3,"map(from: a)",2,64,104,0,0,5042,4,4847.753047943
3,"map(from: a)",2,64,104,0,0,5042,5,4868.853092194
3,"map(from: a)",2,64,104,0,0,5042,6,4860.746860504
3,"map(from: a)",2,64,104,0,0,5042,7,4889.643192291
3,"map(from: a)",2,64,104,0,0,5042,8,4900.908470154
3,"map(from: a)",2,64,104,0,0,5042,9,4869.341850281
3,"map(from: a)",2,64,104,0,0,1218,0,1546.442508698
3,"map(from: a)",2,64,104,0,0,1218,1,1520.252227783
3,"map(from: a)",2,64,104,0,0,1218,2,1540.899276733
3,"map(from: a)",2,64,104,0,0,1218,3,1546.442508698
3,"map(from: a)",2,64,104,0,0,1218,4,1493.000984192
3,"map(from: a)",2,64,104,0,0,1218,5,1501.750946045
3,"map(from: a)",2,64,104,0,0,1218,6,1516.401767731
3,"map(from: a)",2,64,104,0,0,1218,7,1492.094993591
3,"map(from: a)",2,64,104,0,0,1218,8,1516.294479370
3,"map(from: a)",2,64,104,0,0,1218,9,1500.046253204
3,"map(from: a)",2,64,104,0,0,472,0,867.950916290
3,"map(from: a)",2,64,104,0,0,472,1,868.654251099
3,"map(from: a)",2,64,104,0,0,472,2,868.952274323
3,"map(from: a)",2,64,104,0,0,472,3,870.251655579
3,"map(from: a)",2,64,104,0,0,472,4,872.743129730
3,"map(from: a)",2,64,104,0,0,472,5,865.459442139
3,"map(from: a)",2,64,104,0,0,472,6,877.749919891
3,"map(from: a)",2,64,104,0,0,472,7,866.508483887
3,"map(from: a)",2,64,104,0,0,472,8,875.604152679
3,"map(from: a)",2,64,104,0,0,472,9,877.857208252
3,"map(from: a)",4,64,104,0,0,7,0,463.843345642
3,"map(from: a)",4,64,104,0,0,7,1,465.857982635
3,"map(from: a)",4,64,104,0,0,7,2,465.154647827
3,"map(from: a)",4,64,104,0,0,7,3,465.250015259
3,"map(from: a)",4,64,104,0,0,7,4,465.345382690
3,"map(from: a)",4,64,104,0,0,7,5,464.797019958
3,"map(from: a)",4,64,104,0,0,7,6,464.999675751
3,"map(from: a)",4,64,104,0,0,7,7,465.106964111
3,"map(from: a)",4,64,104,0,0,7,8,464.999675751
3,"map(from: a)",4,64,104,0,0,7,9,465.595722198
3,"map(from: a)",4,64,104,0,0,114,0,559.294223785
3,"map(from: a)",4,64,104,0,0,114,1,559.294223785
3,"map(from: a)",4,64,104,0,0,114,2,560.653209686
3,"map(from: a)",4,64,104,0,0,114,3,557.744503021
3,"map(from: a)",4,64,104,0,0,114,4,560.498237610
3,"map(from: a)",4,64,104,0,0,114,5,560.891628265
3,"map(from: a)",4,64,104,0,0,114,6,559.055805206
3,"map(from: a)",4,64,104,0,0,114,7,561.249256134
3,"map(from: a)",4,64,104,0,0,114,8,561.749935150
3,"map(from: a)",4,64,104,0,0,114,9,560.045242310
3,"map(from: a)",4,64,104,0,0,3,0,462.758541107
3,"map(from: a)",4,64,104,0,0,3,1,462.043285370
3,"map(from: a)",4,64,104,0,0,3,2,463.342666626
3,"map(from: a)",4,64,104,0,0,3,3,462.102890015
3,"map(from: a)",4,64,104,0,0,3,4,462.400913239
3,"map(from: a)",4,64,104,0,0,3,5,461.995601654
3,"map(from: a)",4,64,104,0,0,3,6,461.745262146
3,"map(from: a)",4,64,104,0,0,3,7,461.554527283
3,"map(from: a)",4,64,104,0,0,3,8,462.090969086
3,"map(from: a)",4,64,104,0,0,3,9,462.305545807
3,"map(from: a)",4,64,104,0,0,17,0,475.156307220
3,"map(from: a)",4,64,104,0,0,17,1,479.352474213
3,"map(from: a)",4,64,104,0,0,17,2,474.750995636
3,"map(from: a)",4,64,104,0,0,17,3,475.859642029
3,"map(from: a)",4,64,104,0,0,17,4,476.098060608
3,"map(from: a)",4,64,104,0,0,17,5,475.800037384
3,"map(from: a)",4,64,104,0,0,17,6,476.193428040
3,"map(from: a)",4,64,104,0,0,17,7,475.597381592
3,"map(from: a)",4,64,104,0,0,17,8,476.002693176
3,"map(from: a)",4,64,104,0,0,17,9,475.752353668
3,"map(from: a)",4,64,104,0,0,1,0,461.542606354
3,"map(from: a)",4,64,104,0,0,1,1,461.399555206
3,"map(from: a)",4,64,104,0,0,1,2,461.196899414
3,"map(from: a)",4,64,104,0,0,1,3,461.709499359
3,"map(from: a)",4,64,104,0,0,1,4,460.946559906
3,"map(from: a)",4,64,104,0,0,1,5,460.398197174
3,"map(from: a)",4,64,104,0,0,1,6,461.053848267
3,"map(from: a)",4,64,104,0,0,1,7,461.852550507
3,"map(from: a)",4,64,104,0,0,1,8,460.755825043
3,"map(from: a)",4,64,104,0,0,1,9,461.447238922
3,"map(from: a)",4,64,104,0,0,44,0,500.297546387
3,"map(from: a)",4,64,104,0,0,44,1,498.449802399
3,"map(from: a)",4,64,104,0,0,44,2,499.296188354
3,"map(from: a)",4,64,104,0,0,44,3,499.105453491
3,"map(from: a)",4,64,104,0,0,44,4,498.700141907
3,"map(from: a)",4,64,104,0,0,44,5,499.498844147
3,"map(from: a)",4,64,104,0,0,44,6,498.902797699
3,"map(from: a)",4,64,104,0,0,44,7,499.105453491
3,"map(from: a)",4,64,104,0,0,44,8,499.296188354
3,"map(from: a)",4,64,104,0,0,44,9,499.200820923
3,"map(from: a)",4,64,104,0,0,294,0,723.445415497
3,"map(from: a)",4,64,104,0,0,294,1,716.602802277
3,"map(from: a)",4,64,104,0,0,294,2,721.693038940
3,"map(from: a)",4,64,104,0,0,294,3,723.254680634
3,"map(from: a)",4,64,104,0,0,294,4,709.950923920
3,"map(from: a)",4,64,104,0,0,294,5,711.655616760
3,"map(from: a)",4,64,104,0,0,294,6,714.755058289
3,"map(from: a)",4,64,104,0,0,294,7,709.295272827
3,"map(from: a)",4,64,104,0,0,294,8,716.197490692
3,"map(from: a)",4,64,104,0,0,294,9,711.703300476
3,"map(from: a)",4,64,104,0,0,3140,0,3173.446655273
3,"map(from: a)",4,64,104,0,0,3140,1,3175.461292267
3,"map(from: a)",4,64,104,0,0,3140,2,3179.097175598
3,"map(from: a)",4,64,104,0,0,3140,3,3184.700012207
3,"map(from: a)",4,64,104,0,0,3140,4,3199.207782745
3,"map(from: a)",4,64,104,0,0,3140,5,3156.900405884
3,"map(from: a)",4,64,104,0,0,3140,6,3234.398365021
3,"map(from: a)",4,64,104,0,0,3140,7,3161.692619324
3,"map(from: a)",4,64,104,0,0,3140,8,3220.891952515
3,"map(from: a)",4,64,104,0,0,3140,9,3234.696388245
3,"map(from: a)",4,64,104,0,0,4,0,463.640689850
3,"map(from: a)",4,64,104,0,0,4,1,463.652610779
3,"map(from: a)",4,64,104,0,0,4,2,463.998317719
3,"map(from: a)",4,64,104,0,0,4,3,464.105606079
3,"map(from: a)",4,64,104,0,0,4,4,464.010238647
3,"map(from: a)",4,64,104,0,0,4,5,464.057922363
3,"map(from: a)",4,64,104,0,0,4,6,463.604927063
3,"map(from: a)",4,64,104,0,0,4,7,463.402271271
3,"map(from: a)",4,64,104,0,0,4,8,463.104248047
3,"map(from: a)",4,64,104,0,0,4,9,463.843345642
3,"map(from: a)",4,64,104,0,0,1955,0,2141.797542572
3,"map(from: a)",4,64,104,0,0,1955,1,2138.352394104
3,"map(from: a)",4,64,104,0,0,1955,2,2173.042297363
3,"map(from: a)",4,64,104,0,0,1955,3,2128.851413727
3,"map(from: a)",4,64,104,0,0,1955,4,2165.555953979
3,"map(from: a)",4,64,104,0,0,1955,5,2169.954776764
3,"map(from: a)",4,64,104,0,0,1955,6,2139.997482300
3,"map(from: a)",4,64,104,0,0,1955,7,2165.246009827
3,"map(from: a)",4,64,104,0,0,1955,8,2188.706398010
3,"map(from: a)",4,64,104,0,0,1955,9,2140.796184540
3,"map(from: a)",4,64,104,0,0,183,0,623.190402985
3,"map(from: a)",4,64,104,0,0,183,1,620.996952057
3,"map(from: a)",4,64,104,0,0,183,2,622.153282166
3,"map(from: a)",4,64,104,0,0,183,3,622.892379761
3,"map(from: a)",4,64,104,0,0,183,4,622.498989105
3,"map(from: a)",4,64,104,0,0,183,5,620.698928833
3,"map(from: a)",4,64,104,0,0,183,6,616.955757141
3,"map(from: a)",4,64,104,0,0,183,7,615.942478180
3,"map(from: a)",4,64,104,0,0,183,8,620.198249817
3,"map(from: a)",4,64,104,0,0,183,9,615.704059601
3,"map(from: a)",4,64,104,0,0,8096,0,7471.895217896
3,"map(from: a)",4,64,104,0,0,8096,1,7482.695579529
3,"map(from: a)",4,64,104,0,0,8096,2,7399.153709412
3,"map(from: a)",4,64,104,0,0,8096,3,7474.148273468
3,"map(from: a)",4,64,104,0,0,8096,4,7564.008235931
3,"map(from: a)",4,64,104,0,0,8096,5,7407.546043396
3,"map(from: a)",4,64,104,0,0,8096,6,7583.844661713
3,"map(from: a)",4,64,104,0,0,8096,7,7477.045059204
3,"map(from: a)",4,64,104,0,0,8096,8,7514.154911041
3,"map(from: a)",4,64,104,0,0,8096,9,7561.802864075
3,"map(from: a)",4,64,104,0,0,758,0,1121.699810028
3,"map(from: a)",4,64,104,0,0,758,1,1126.909255981
3,"map(from: a)",4,64,104,0,0,758,2,1127.350330353
3,"map(from: a)",4,64,104,0,0,758,3,1123.261451721
3,"map(from: a)",4,64,104,0,0,758,4,1139.354705811
3,"map(from: a)",4,64,104,0,0,758,5,1122.999191284
3,"map(from: a)",4,64,104,0,0,758,6,1118.755340576
3,"map(from: a)",4,64,104,0,0,758,7,1111.650466919
3,"map(from: a)",4,64,104,0,0,758,8,1104.247570038
3,"map(from: a)",4,64,104,0,0,758,9,1111.197471619
3,"map(from: a)",4,64,104,0,0,71,0,521.755218506
3,"map(from: a)",4,64,104,0,0,71,1,520.706176758
3,"map(from: a)",4,64,104,0,0,71,2,522.947311401
3,"map(from: a)",4,64,104,0,0,71,3,522.053241730
3,"map(from: a)",4,64,104,0,0,71,4,521.540641785
3,"map(from: a)",4,64,104,0,0,71,5,522.303581238
3,"map(from: a)",4,64,104,0,0,71,6,523.006916046
3,"map(from: a)",4,64,104,0,0,71,7,524.353981018
3,"map(from: a)",4,64,104,0,0,71,8,523.149967194
3,"map(from: a)",4,64,104,0,0,71,9,522.446632385
3,"map(from: a)",4,64,104,0,0,2,0,461.506843567
3,"map(from: a)",4,64,104,0,0,2,1,462.055206299
3,"map(from: a)",4,64,104,0,0,2,2,461.351871490
3,"map(from: a)",4,64,104,0,0,2,3,460.946559906
3,"map(from: a)",4,64,104,0,0,2,4,461.399555206
3,"map(from: a)",4,64,104,0,0,2,5,462.245941162
3,"map(from: a)",4,64,104,0,0,2,6,460.946559906
3,"map(from: a)",4,64,104,0,0,2,7,461.244583130
3,"map(from: a)",4,64,104,0,0,2,8,460.743904114
3,"map(from: a)",4,64,104,0,0,2,9,460.898876190
3,"map(from: a)",4,64,104,0,0,11,0,468.599796295
3,"map(from: a)",4,64,104,0,0,11,1,468.802452087
3,"map(from: a)",4,64,104,0,0,11,2,468.599796295
3,"map(from: a)",4,64,104,0,0,11,3,469.100475311
3,"map(from: a)",4,64,104,0,0,11,4,470.447540283
3,"map(from: a)",4,64,104,0,0,11,5,468.659400940
3,"map(from: a)",4,64,104,0,0,11,6,468.850135803
3,"map(from: a)",4,64,104,0,0,11,7,469.696521759
3,"map(from: a)",4,64,104,0,0,11,8,469.648838043
3,"map(from: a)",4,64,104,0,0,11,9,468.599796295
3,"map(from: a)",4,64,104,0,0,28,0,484.097003937
3,"map(from: a)",4,64,104,0,0,28,1,484.395027161
3,"map(from: a)",4,64,104,0,0,28,2,486.147403717
3,"map(from: a)",4,64,104,0,0,28,3,483.500957489
3,"map(from: a)",4,64,104,0,0,28,4,484.955310822
3,"map(from: a)",4,64,104,0,0,28,5,484.144687653
3,"map(from: a)",4,64,104,0,0,28,6,486.052036285
3,"map(from: a)",4,64,104,0,0,28,7,484.991073608
3,"map(from: a)",4,64,104,0,0,28,8,483.047962189
3,"map(from: a)",4,64,104,0,0,28,9,483.548641205
3,"map(from: a)",4,64,104,0,0,5042,0,4801.201820374
3,"map(from: a)",4,64,104,0,0,5042,1,4770.743846893
3,"map(from: a)",4,64,104,0,0,5042,2,4856.300354004
3,"map(from: a)",4,64,104,0,0,5042,3,4743.504524231
3,"map(from: a)",4,64,104,0,0,5042,4,4849.445819855
3,"map(from: a)",4,64,104,0,0,5042,5,4863.488674164
3,"map(from: a)",4,64,104,0,0,5042,6,4804.694652557
3,"map(from: a)",4,64,104,0,0,5042,7,4846.894741058
3,"map(from: a)",4,64,104,0,0,5042,8,4912.149906158
3,"map(from: a)",4,64,104,0,0,5042,9,4779.398441315
3,"map(from: a)",4,64,104,0,0,1218,0,1535.749435425
3,"map(from: a)",4,64,104,0,0,1218,1,1518.201828003
3,"map(from: a)",4,64,104,0,0,1218,2,1524.055004120
3,"map(from: a)",4,64,104,0,0,1218,3,1529.645919800
3,"map(from: a)",4,64,104,0,0,1218,4,1527.440547943
3,"map(from: a)",4,64,104,0,0,1218,5,1533.198356628
3,"map(from: a)",4,64,104,0,0,1218,6,1534.807682037
3,"map(from: a)",4,64,104,0,0,1218,7,1532.149314880
3,"map(from: a)",4,64,104,0,0,1218,8,1546.442508698
3,"map(from: a)",4,64,104,0,0,1218,9,1487.040519714
3,"map(from: a)",4,64,104,0,0,472,0,866.949558258
3,"map(from: a)",4,64,104,0,0,472,1,867.998600006
3,"map(from: a)",4,64,104,0,0,472,2,862.491130829
3,"map(from: a)",4,64,104,0,0,472,3,866.293907166
3,"map(from: a)",4,64,104,0,0,472,4,873.541831970
3,"map(from: a)",4,64,104,0,0,472,5,864.446163177
3,"map(from: a)",4,64,104,0,0,472,6,875.747203827
3,"map(from: a)",4,64,104,0,0,472,7,868.856906891
3,"map(from: a)",4,64,104,0,0,472,8,871.849060059
3,"map(from: a)",4,64,104,0,0,472,9,872.051715851
3,"map(from: a)",8,64,104,0,0,7,0,464.296340942
3,"map(from: a)",8,64,104,0,0,7,1,467.789173126
3,"map(from: a)",8,64,104,0,0,7,2,466.549396515
3,"map(from: a)",8,64,104,0,0,7,3,466.156005859
3,"map(from: a)",8,64,104,0,0,7,4,467.503070831
3,"map(from: a)",8,64,104,0,0,7,5,465.655326843
3,"map(from: a)",8,64,104,0,0,7,6,466.156005859
3,"map(from: a)",8,64,104,0,0,7,7,465.857982635
3,"map(from: a)",8,64,104,0,0,7,8,465.393066406
3,"map(from: a)",8,64,104,0,0,7,9,465.404987335
3,"map(from: a)",8,64,104,0,0,114,0,559.806823730
3,"map(from: a)",8,64,104,0,0,114,1,556.755065918
3,"map(from: a)",8,64,104,0,0,114,2,559.902191162
3,"map(from: a)",8,64,104,0,0,114,3,559.639930725
3,"map(from: a)",8,64,104,0,0,114,4,559.651851654
3,"map(from: a)",8,64,104,0,0,114,5,560.104846954
3,"map(from: a)",8,64,104,0,0,114,6,559.055805206
3,"map(from: a)",8,64,104,0,0,114,7,559.902191162
3,"map(from: a)",8,64,104,0,0,114,8,560.498237610
3,"map(from: a)",8,64,104,0,0,114,9,558.507442474
3,"map(from: a)",8,64,104,0,0,3,0,462.150573730
3,"map(from: a)",8,64,104,0,0,3,1,462.150573730
3,"map(from: a)",8,64,104,0,0,3,2,462.448596954
3,"map(from: a)",8,64,104,0,0,3,3,462.448596954
3,"map(from: a)",8,64,104,0,0,3,4,462.198257446
3,"map(from: a)",8,64,104,0,0,3,5,462.448596954
3,"map(from: a)",8,64,104,0,0,3,6,462.102890015
3,"map(from: a)",8,64,104,0,0,3,7,461.697578430
3,"map(from: a)",8,64,104,0,0,3,8,462.400913239
3,"map(from: a)",8,64,104,0,0,3,9,462.055206299
3,"map(from: a)",8,64,104,0,0,17,0,475.347042084
3,"map(from: a)",8,64,104,0,0,17,1,475.549697876
3,"map(from: a)",8,64,104,0,0,17,2,475.406646729
3,"map(from: a)",8,64,104,0,0,17,3,474.798679352
3,"map(from: a)",8,64,104,0,0,17,4,476.098060608
3,"map(from: a)",8,64,104,0,0,17,5,475.001335144
3,"map(from: a)",8,64,104,0,0,17,6,475.442409515
3,"map(from: a)",8,64,104,0,0,17,7,475.299358368
3,"map(from: a)",8,64,104,0,0,17,8,475.597381592
3,"map(from: a)",8,64,104,0,0,17,9,475.239753723
3,"map(from: a)",8,64,104,0,0,1,0,461.399555206
3,"map(from: a)",8,64,104,0,0,1,1,461.304187775
3,"map(from: a)",8,64,104,0,0,1,2,461.542606354
3,"map(from: a)",8,64,104,0,0,1,3,461.399555206
3,"map(from: a)",8,64,104,0,0,1,4,461.292266846
3,"map(from: a)",8,64,104,0,0,1,5,461.351871490
3,"map(from: a)",8,64,104,0,0,1,6,461.339950562
3,"map(from: a)",8,64,104,0,0,1,7,461.196899414
3,"map(from: a)",8,64,104,0,0,1,8,461.089611053
3,"map(from: a)",8,64,104,0,0,1,9,460.600852966
3,"map(from: a)",8,64,104,0,0,44,0,497.996807098
3,"map(from: a)",8,64,104,0,0,44,1,498.056411743
3,"map(from: a)",8,64,104,0,0,44,2,498.592853546
3,"map(from: a)",8,64,104,0,0,44,3,497.448444366
3,"map(from: a)",8,64,104,0,0,44,4,498.402118683
3,"map(from: a)",8,64,104,0,0,44,5,498.890876770
3,"map(from: a)",8,64,104,0,0,44,6,498.151779175
3,"map(from: a)",8,64,104,0,0,44,7,499.451160431
3,"map(from: a)",8,64,104,0,0,44,8,499.391555786
3,"map(from: a)",8,64,104,0,0,44,9,498.151779175
3,"map(from: a)",8,64,104,0,0,294,0,720.846652985
3,"map(from: a)",8,64,104,0,0,294,1,717.008113861
3,"map(from: a)",8,64,104,0,0,294,2,717.449188232
3,"map(from: a)",8,64,104,0,0,294,3,719.606876373
3,"map(from: a)",8,64,104,0,0,294,4,718.498229980
3,"map(from: a)",8,64,104,0,0,294,5,720.250606537
3,"map(from: a)",8,64,104,0,0,294,6,721.240043640
3,"map(from: a)",8,64,104,0,0,294,7,719.654560089
3,"map(from: a)",8,64,104,0,0,294,8,723.147392273
3,"map(from: a)",8,64,104,0,0,294,9,708.401203156
3,"map(from: a)",8,64,104,0,0,3140,0,3161.048889160
3,"map(from: a)",8,64,104,0,0,3140,1,3170.549869537
3,"map(from: a)",8,64,104,0,0,3140,2,3137.099742889
3,"map(from: a)",8,64,104,0,0,3140,3,3156.948089600
3,"map(from: a)",8,64,104,0,0,3140,4,3193.855285645
3,"map(from: a)",8,64,104,0,0,3140,5,3131.592273712
3,"map(from: a)",8,64,104,0,0,3140,6,3208.351135254
3,"map(from: a)",8,64,104,0,0,3140,7,3164.446353912
3,"map(from: a)",8,64,104,0,0,3140,8,3186.202049255
3,"map(from: a)",8,64,104,0,0,3140,9,3196.597099304
3,"map(from: a)",8,64,104,0,0,4,0,463.747978210
3,"map(from: a)",8,64,104,0,0,4,1,463.747978210
3,"map(from: a)",8,64,104,0,0,4,2,464.200973511
3,"map(from: a)",8,64,104,0,0,4,3,464.046001434
3,"map(from: a)",8,64,104,0,0,4,4,464.355945587
3,"map(from: a)",8,64,104,0,0,4,5,464.153289795
3,"map(from: a)",8,64,104,0,0,4,6,463.747978210
3,"map(from: a)",8,64,104,0,0,4,7,464.260578156
3,"map(from: a)",8,64,104,0,0,4,8,463.998317719
3,"map(from: a)",8,64,104,0,0,4,9,463.700294495
3,"map(from: a)",8,64,104,0,0,1955,0,2147.150039673
3,"map(from: a)",8,64,104,0,0,1955,1,2104.806900024
3,"map(from: a)",8,64,104,0,0,1955,2,2157.199382782
3,"map(from: a)",8,64,104,0,0,1955,3,2130.794525146
3,"map(from: a)",8,64,104,0,0,1955,4,2136.802673340
3,"map(from: a)",8,64,104,0,0,1955,5,2143.251895905
3,"map(from: a)",8,64,104,0,0,1955,6,2147.591114044
3,"map(from: a)",8,64,104,0,0,1955,7,2152.645587921
3,"map(from: a)",8,64,104,0,0,1955,8,2157.199382782
3,"map(from: a)",8,64,104,0,0,1955,9,2148.950099945
3,"map(from: a)",8,64,104,0,0,183,0,622.153282166
3,"map(from: a)",8,64,104,0,0,183,1,616.955757141
3,"map(from: a)",8,64,104,0,0,183,2,620.698928833
3,"map(from: a)",8,64,104,0,0,183,3,621.950626373
3,"map(from: a)",8,64,104,0,0,183,4,619.101524353
3,"map(from: a)",8,64,104,0,0,183,5,621.950626373
3,"map(from: a)",8,64,104,0,0,183,6,624.001026154
3,"map(from: a)",8,64,104,0,0,183,7,619.947910309
3,"map(from: a)",8,64,104,0,0,183,8,624.656677246
3,"map(from: a)",8,64,104,0,0,183,9,622.355937958
3,"map(from: a)",8,64,104,0,0,8096,0,7510.852813721
3,"map(from: a)",8,64,104,0,0,8096,1,7394.158840179
3,"map(from: a)",8,64,104,0,0,8096,2,7408.046722412
3,"map(from: a)",8,64,104,0,0,8096,3,7444.345951080
3,"map(from: a)",8,64,104,0,0,8096,4,7408.404350281
3,"map(from: a)",8,64,104,0,0,8096,5,7383.942604065
3,"map(from: a)",8,64,104,0,0,8096,6,7545.351982117
3,"map(from: a)",8,64,104,0,0,8096,7,7353.949546814
3,"map(from: a)",8,64,104,0,0,8096,8,7521.700859070
3,"map(from: a)",8,64,104,0,0,8096,9,7544.195652008
3,"map(from: a)",8,64,104,0,0,758,0,1113.402843475
3,"map(from: a)",8,64,104,0,0,758,1,1118.099689484
3,"map(from: a)",8,64,104,0,0,758,2,1126.897335052
3,"map(from: a)",8,64,104,0,0,758,3,1109.802722931
3,"map(from: a)",8,64,104,0,0,758,4,1131.951808929
3,"map(from: a)",8,64,104,0,0,758,5,1121.246814728
3,"map(from: a)",8,64,104,0,0,758,6,1124.441623688
3,"map(from: a)",8,64,104,0,0,758,7,1127.600669861
3,"map(from: a)",8,64,104,0,0,758,8,1126.992702484
3,"map(from: a)",8,64,104,0,0,758,9,1130.700111389
3,"map(from: a)",8,64,104,0,0,71,0,524.497032166
3,"map(from: a)",8,64,104,0,0,71,1,520.896911621
3,"map(from: a)",8,64,104,0,0,71,2,521.647930145
3,"map(from: a)",8,64,104,0,0,71,3,520.598888397
3,"map(from: a)",8,64,104,0,0,71,4,521.647930145
3,"map(from: a)",8,64,104,0,0,71,5,522.053241730
3,"map(from: a)",8,64,104,0,0,71,6,520.849227905
3,"map(from: a)",8,64,104,0,0,71,7,522.398948669
3,"map(from: a)",8,64,104,0,0,71,8,523.352622986
3,"map(from: a)",8,64,104,0,0,71,9,520.503520966
3,"map(from: a)",8,64,104,0,0,2,0,461.995601654
3,"map(from: a)",8,64,104,0,0,2,1,460.791587830
3,"map(from: a)",8,64,104,0,0,2,2,461.447238922
3,"map(from: a)",8,64,104,0,0,2,3,461.947917938
3,"map(from: a)",8,64,104,0,0,2,4,461.757183075
3,"map(from: a)",8,64,104,0,0,2,5,461.196899414
3,"map(from: a)",8,64,104,0,0,2,6,461.494922638
3,"map(from: a)",8,64,104,0,0,2,7,460.946559906
3,"map(from: a)",8,64,104,0,0,2,8,460.958480835
3,"map(from: a)",8,64,104,0,0,2,9,462.007522583
3,"map(from: a)",8,64,104,0,0,11,0,469.553470612
3,"map(from: a)",8,64,104,0,0,11,1,469.851493835
3,"map(from: a)",8,64,104,0,0,11,2,468.504428864
3,"map(from: a)",8,64,104,0,0,11,3,468.993186951
3,"map(from: a)",8,64,104,0,0,11,4,468.897819519
3,"map(from: a)",8,64,104,0,0,11,5,469.005107880
3,"map(from: a)",8,64,104,0,0,11,6,468.945503235
3,"map(from: a)",8,64,104,0,0,11,7,468.444824219
3,"map(from: a)",8,64,104,0,0,11,8,468.909740448
3,"map(from: a)",8,64,104,0,0,11,9,469.052791595
3,"map(from: a)",8,64,104,0,0,28,0,484.097003937
3,"map(from: a)",8,64,104,0,0,28,1,484.359264374
3,"map(from: a)",8,64,104,0,0,28,2,483.894348145
3,"map(from: a)",8,64,104,0,0,28,3,483.751296997
3,"map(from: a)",8,64,104,0,0,28,4,485.193729401
3,"map(from: a)",8,64,104,0,0,28,5,484.251976013
3,"map(from: a)",8,64,104,0,0,28,6,484.704971313
3,"map(from: a)",8,64,104,0,0,28,7,484.991073608
3,"map(from: a)",8,64,104,0,0,28,8,484.395027161
3,"map(from: a)",8,64,104,0,0,28,9,484.490394592
3,"map(from: a)",8,64,104,0,0,5042,0,4969.441890717
3,"map(from: a)",8,64,104,0,0,5042,1,4857.361316681
3,"map(from: a)",8,64,104,0,0,5042,2,4961.049556732
3,"map(from: a)",8,64,104,0,0,5042,3,4763.901233673
3,"map(from: a)",8,64,104,0,0,5042,4,4774.796962738
3,"map(from: a)",8,64,104,0,0,5042,5,4804.110527039
3,"map(from: a)",8,64,104,0,0,5042,6,4801.940917969
3,"map(from: a)",8,64,104,0,0,5042,7,4798.293113708
3,"map(from: a)",8,64,104,0,0,5042,8,4809.606075287
3,"map(from: a)",8,64,104,0,0,5042,9,4800.105094910
3,"map(from: a)",8,64,104,0,0,1218,0,1526.701450348
3,"map(from: a)",8,64,104,0,0,1218,1,1500.451564789
3,"map(from: a)",8,64,104,0,0,1218,2,1523.208618164
3,"map(from: a)",8,64,104,0,0,1218,3,1526.153087616
3,"map(from: a)",8,64,104,0,0,1218,4,1504.850387573
3,"map(from: a)",8,64,104,0,0,1218,5,1522.254943848
3,"map(from: a)",8,64,104,0,0,1218,6,1535.344123840
3,"map(from: a)",8,64,104,0,0,1218,7,1508.653163910
3,"map(from: a)",8,64,104,0,0,1218,8,1542.139053345
3,"map(from: a)",8,64,104,0,0,1218,9,1525.998115540
3,"map(from: a)",8,64,104,0,0,472,0,876.903533936
3,"map(from: a)",8,64,104,0,0,472,1,878.202915192
3,"map(from: a)",8,64,104,0,0,472,2,878.846645355
3,"map(from: a)",8,64,104,0,0,472,3,874.006748199
3,"map(from: a)",8,64,104,0,0,472,4,864.243507385
3,"map(from: a)",8,64,104,0,0,472,5,861.144065857
3,"map(from: a)",8,64,104,0,0,472,6,872.647762299
3,"map(from: a)",8,64,104,0,0,472,7,859.749317169
3,"map(from: a)",8,64,104,0,0,472,8,867.950916290
3,"map(from: a)",8,64,104,0,0,472,9,868.940353394
3,"map(from: a)",16,64,104,0,0,7,0,463.402271271
3,"map(from: a)",16,64,104,0,0,7,1,465.941429138
3,"map(from: a)",16,64,104,0,0,7,2,465.703010559
3,"map(from: a)",16,64,104,0,0,7,3,464.999675751
3,"map(from: a)",16,64,104,0,0,7,4,466.001033783
3,"map(from: a)",16,64,104,0,0,7,5,465.655326843
3,"map(from: a)",16,64,104,0,0,7,6,465.750694275
3,"map(from: a)",16,64,104,0,0,7,7,465.202331543
3,"map(from: a)",16,64,104,0,0,7,8,465.190410614
3,"map(from: a)",16,64,104,0,0,7,9,465.393066406
3,"map(from: a)",16,64,104,0,0,114,0,561.451911926
3,"map(from: a)",16,64,104,0,0,114,1,557.255744934
3,"map(from: a)",16,64,104,0,0,114,2,558.996200562
3,"map(from: a)",16,64,104,0,0,114,3,556.898117065
3,"map(from: a)",16,64,104,0,0,114,4,558.507442474
3,"map(from: a)",16,64,104,0,0,114,5,558.590888977
3,"map(from: a)",16,64,104,0,0,114,6,556.898117065
3,"map(from: a)",16,64,104,0,0,114,7,558.352470398
3,"map(from: a)",16,64,104,0,0,114,8,560.045242310
3,"map(from: a)",16,64,104,0,0,114,9,558.090209961
3,"map(from: a)",16,64,104,0,0,3,0,461.697578430
3,"map(from: a)",16,64,104,0,0,3,1,461.959838867
3,"map(from: a)",16,64,104,0,0,3,2,461.900234222
3,"map(from: a)",16,64,104,0,0,3,3,461.900234222
3,"map(from: a)",16,64,104,0,0,3,4,462.400913239
3,"map(from: a)",16,64,104,0,0,3,5,462.007522583
3,"map(from: a)",16,64,104,0,0,3,6,461.900234222
3,"map(from: a)",16,64,104,0,0,3,7,461.697578430
3,"map(from: a)",16,64,104,0,0,3,8,461.900234222
3,"map(from: a)",16,64,104,0,0,3,9,462.257862091
3,"map(from: a)",16,64,104,0,0,17,0,475.800037384
3,"map(from: a)",16,64,104,0,0,17,1,476.205348969
3,"map(from: a)",16,64,104,0,0,17,2,474.548339844
3,"map(from: a)",16,64,104,0,0,17,3,474.989414215
3,"map(from: a)",16,64,104,0,0,17,4,475.704669952
3,"map(from: a)",16,64,104,0,0,17,5,474.798679352
3,"map(from: a)",16,64,104,0,0,17,6,475.502014160
3,"map(from: a)",16,64,104,0,0,17,7,474.894046783
3,"map(from: a)",16,64,104,0,0,17,8,475.597381592
3,"map(from: a)",16,64,104,0,0,17,9,475.299358368
3,"map(from: a)",16,64,104,0,0,1,0,460.755825043
3,"map(from: a)",16,64,104,0,0,1,1,461.447238922
3,"map(from: a)",16,64,104,0,0,1,2,461.149215698
3,"map(from: a)",16,64,104,0,0,1,3,461.101531982
3,"map(from: a)",16,64,104,0,0,1,4,461.649894714
3,"map(from: a)",16,64,104,0,0,1,5,461.149215698
3,"map(from: a)",16,64,104,0,0,1,6,460.946559906
3,"map(from: a)",16,64,104,0,0,1,7,461.554527283
3,"map(from: a)",16,64,104,0,0,1,8,460.898876190
3,"map(from: a)",16,64,104,0,0,1,9,461.256504059
3,"map(from: a)",16,64,104,0,0,44,0,501.048564911
3,"map(from: a)",16,64,104,0,0,44,1,498.700141907
3,"map(from: a)",16,64,104,0,0,44,2,499.892234802
3,"map(from: a)",16,64,104,0,0,44,3,497.698783875
3,"map(from: a)",16,64,104,0,0,44,4,497.651100159
3,"map(from: a)",16,64,104,0,0,44,5,498.151779175
3,"map(from: a)",16,64,104,0,0,44,6,497.698783875
3,"map(from: a)",16,64,104,0,0,44,7,498.449802399
3,"map(from: a)",16,64,104,0,0,44,8,498.294830322
3,"map(from: a)",16,64,104,0,0,44,9,498.795509338
3,"map(from: a)",16,64,104,0,0,294,0,718.450546265
3,"map(from: a)",16,64,104,0,0,294,1,711.297988892
3,"map(from: a)",16,64,104,0,0,294,2,717.198848724
3,"map(from: a)",16,64,104,0,0,294,3,717.997550964
3,"map(from: a)",16,64,104,0,0,294,4,712.656974792
3,"map(from: a)",16,64,104,0,0,294,5,717.747211456
3,"map(from: a)",16,64,104,0,0,294,6,720.393657684
3,"map(from: a)",16,64,104,0,0,294,7,713.849067688
3,"map(from: a)",16,64,104,0,0,294,8,722.205638885
3,"map(from: a)",16,64,104,0,0,294,9,717.651844025
3,"map(from: a)",16,64,104,0,0,3140,0,3226.995468140
3,"map(from: a)",16,64,104,0,0,3140,1,3235.089778900
3,"map(from: a)",16,64,104,0,0,3140,2,3242.659568787
3,"map(from: a)",16,64,104,0,0,3140,3,3213.191032410
3,"map(from: a)",16,64,104,0,0,3140,4,3144.955635071
3,"map(from: a)",16,64,104,0,0,3140,5,3127.658367157
3,"map(from: a)",16,64,104,0,0,3140,6,3196.597099304
3,"map(from: a)",16,64,104,0,0,3140,7,3115.892410278
3,"map(from: a)",16,64,104,0,0,3140,8,3172.695636749
3,"map(from: a)",16,64,104,0,0,3140,9,3175.902366638
3,"map(from: a)",16,64,104,0,0,4,0,464.606285095
3,"map(from: a)",16,64,104,0,0,4,1,464.153289795
3,"map(from: a)",16,64,104,0,0,4,2,462.949275970
3,"map(from: a)",16,64,104,0,0,4,3,462.901592255
3,"map(from: a)",16,64,104,0,0,4,4,464.606285095
3,"map(from: a)",16,64,104,0,0,4,5,463.652610779
3,"map(from: a)",16,64,104,0,0,4,6,464.105606079
3,"map(from: a)",16,64,104,0,0,4,7,463.795661926
3,"map(from: a)",16,64,104,0,0,4,8,464.642047882
3,"map(from: a)",16,64,104,0,0,4,9,463.497638702
3,"map(from: a)",16,64,104,0,0,1955,0,2178.800106049
3,"map(from: a)",16,64,104,0,0,1955,1,2165.746688843
3,"map(from: a)",16,64,104,0,0,1955,2,2209.401130676
3,"map(from: a)",16,64,104,0,0,1955,3,2169.299125671
3,"map(from: a)",16,64,104,0,0,1955,4,2158.641815186
3,"map(from: a)",16,64,104,0,0,1955,5,2140.200138092
3,"map(from: a)",16,64,104,0,0,1955,6,2119.553089142
3,"map(from: a)",16,64,104,0,0,1955,7,2137.601375580
3,"map(from: a)",16,64,104,0,0,1955,8,2157.151699066
3,"map(from: a)",16,64,104,0,0,1955,9,2117.300033569
3,"map(from: a)",16,64,104,0,0,183,0,619.399547577
3,"map(from: a)",16,64,104,0,0,183,1,617.802143097
3,"map(from: a)",16,64,104,0,0,183,2,618.696212769
3,"map(from: a)",16,64,104,0,0,183,3,619.602203369
3,"map(from: a)",16,64,104,0,0,183,4,618.803501129
3,"map(from: a)",16,64,104,0,0,183,5,620.245933533
3,"map(from: a)",16,64,104,0,0,183,6,619.602203369
3,"map(from: a)",16,64,104,0,0,183,7,618.052482605
3,"map(from: a)",16,64,104,0,0,183,8,623.047351837
3,"map(from: a)",16,64,104,0,0,183,9,618.195533752
3,"map(from: a)",16,64,104,0,0,8096,0,7623.004913330
3,"map(from: a)",16,64,104,0,0,8096,1,7627.344131470
3,"map(from: a)",16,64,104,0,0,8096,2,7550.799846649
3,"map(from: a)",16,64,104,0,0,8096,3,7641.804218292
3,"map(from: a)",16,64,104,0,0,8096,4,7726.049423218
3,"map(from: a)",16,64,104,0,0,8096,5,7341.957092285
3,"map(from: a)",16,64,104,0,0,8096,6,7478.344440460
3,"map(from: a)",16,64,104,0,0,8096,7,7378.709316254
3,"map(from: a)",16,64,104,0,0,8096,8,7433.044910431
3,"map(from: a)",16,64,104,0,0,8096,9,7417.798042297
3,"map(from: a)",16,64,104,0,0,758,0,1111.459732056
3,"map(from: a)",16,64,104,0,0,758,1,1113.700866699
3,"map(from: a)",16,64,104,0,0,758,2,1114.749908447
3,"map(from: a)",16,64,104,0,0,758,3,1112.842559814
3,"map(from: a)",16,64,104,0,0,758,4,1125.752925873
3,"map(from: a)",16,64,104,0,0,758,5,1110.351085663
3,"map(from: a)",16,64,104,0,0,758,6,1120.507717133
3,"map(from: a)",16,64,104,0,0,758,7,1125.252246857
3,"map(from: a)",16,64,104,0,0,758,8,1115.000247955
3,"map(from: a)",16,64,104,0,0,758,9,1124.155521393
3,"map(from: a)",16,64,104,0,0,71,0,523.090362549
3,"map(from: a)",16,64,104,0,0,71,1,521.445274353
3,"map(from: a)",16,64,104,0,0,71,2,524.747371674
3,"map(from: a)",16,64,104,0,0,71,3,523.900985718
3,"map(from: a)",16,64,104,0,0,71,4,527.453422546
3,"map(from: a)",16,64,104,0,0,71,5,523.650646210
3,"map(from: a)",16,64,104,0,0,71,6,520.992279053
3,"map(from: a)",16,64,104,0,0,71,7,521.147251129
3,"map(from: a)",16,64,104,0,0,71,8,520.849227905
3,"map(from: a)",16,64,104,0,0,71,9,520.551204681
3,"map(from: a)",16,64,104,0,0,2,0,461.447238922
3,"map(from: a)",16,64,104,0,0,2,1,460.898876190
3,"map(from: a)",16,64,104,0,0,2,2,460.851192474
3,"map(from: a)",16,64,104,0,0,2,3,460.553169250
3,"map(from: a)",16,64,104,0,0,2,4,460.600852966
3,"map(from: a)",16,64,104,0,0,2,5,460.696220398
3,"map(from: a)",16,64,104,0,0,2,6,461.351871490
3,"map(from: a)",16,64,104,0,0,2,7,460.445880890
3,"map(from: a)",16,64,104,0,0,2,8,461.041927338
3,"map(from: a)",16,64,104,0,0,2,9,460.553169250
3,"map(from: a)",16,64,104,0,0,11,0,468.993186951
3,"map(from: a)",16,64,104,0,0,11,1,469.005107880
3,"map(from: a)",16,64,104,0,0,11,2,468.552112579
3,"map(from: a)",16,64,104,0,0,11,3,469.160079956
3,"map(from: a)",16,64,104,0,0,11,4,469.493865967
3,"map(from: a)",16,64,104,0,0,11,5,468.397140503
3,"map(from: a)",16,64,104,0,0,11,6,469.553470612
3,"map(from: a)",16,64,104,0,0,11,7,468.349456787
3,"map(from: a)",16,64,104,0,0,11,8,468.444824219
3,"map(from: a)",16,64,104,0,0,11,9,468.146800995
3,"map(from: a)",16,64,104,0,0,28,0,483.107566833
3,"map(from: a)",16,64,104,0,0,28,1,483.644008636
3,"map(from: a)",16,64,104,0,0,28,2,483.405590057
3,"map(from: a)",16,64,104,0,0,28,3,482.797622681
3,"map(from: a)",16,64,104,0,0,28,4,483.655929565
3,"map(from: a)",16,64,104,0,0,28,5,483.691692352
3,"map(from: a)",16,64,104,0,0,28,6,484.001636505
3,"map(from: a)",16,64,104,0,0,28,7,484.454631805
3,"map(from: a)",16,64,104,0,0,28,8,484.097003937
3,"map(from: a)",16,64,104,0,0,28,9,483.846664429
3,"map(from: a)",16,64,104,0,0,5042,0,4879.152774811
3,"map(from: a)",16,64,104,0,0,5042,1,4841.542243958
3,"map(from: a)",16,64,104,0,0,5042,2,4961.597919464
3,"map(from: a)",16,64,104,0,0,5042,3,4845.392704010
3,"map(from: a)",16,64,104,0,0,5042,4,4919.147491455
3,"map(from: a)",16,64,104,0,0,5042,5,4947.090148926
3,"map(from: a)",16,64,104,0,0,5042,6,4900.801181793
3,"map(from: a)",16,64,104,0,0,5042,7,4876.160621643
3,"map(from: a)",16,64,104,0,0,5042,8,4830.002784729
3,"map(from: a)",16,64,104,0,0,5042,9,4712.653160095
3,"map(from: a)",16,64,104,0,0,1218,0,1516.652107239
3,"map(from: a)",16,64,104,0,0,1218,1,1498.806476593
3,"map(from: a)",16,64,104,0,0,1218,2,1504.552364349
3,"map(from: a)",16,64,104,0,0,1218,3,1508.152484894
3,"map(from: a)",16,64,104,0,0,1218,4,1510.846614838
3,"map(from: a)",16,64,104,0,0,1218,5,1511.943340302
3,"map(from: a)",16,64,104,0,0,1218,6,1515.448093414
3,"map(from: a)",16,64,104,0,0,1218,7,1509.857177734
3,"map(from: a)",16,64,104,0,0,1218,8,1530.659198761
3,"map(from: a)",16,64,104,0,0,1218,9,1501.345634460
3,"map(from: a)",16,64,104,0,0,472,0,874.054431915
3,"map(from: a)",16,64,104,0,0,472,1,875.592231750
3,"map(from: a)",16,64,104,0,0,472,2,869.154930115
3,"map(from: a)",16,64,104,0,0,472,3,875.854492188
3,"map(from: a)",16,64,104,0,0,472,4,879.251956940
3,"map(from: a)",16,64,104,0,0,472,5,870.048999786
3,"map(from: a)",16,64,104,0,0,472,6,882.649421692
3,"map(from: a)",16,64,104,0,0,472,7,877.296924591
3,"map(from: a)",16,64,104,0,0,472,8,870.048999786
3,"map(from: a)",16,64,104,0,0,472,9,863.945484161
3,"map(from: a)",32,64,104,0,0,7,0,463.700294495
3,"map(from: a)",32,64,104,0,0,7,1,465.154647827
3,"map(from: a)",32,64,104,0,0,7,2,465.095043182
3,"map(from: a)",32,64,104,0,0,7,3,465.500354767
3,"map(from: a)",32,64,104,0,0,7,4,465.095043182
3,"map(from: a)",32,64,104,0,0,7,5,464.797019958
3,"map(from: a)",32,64,104,0,0,7,6,465.357303619
3,"map(from: a)",32,64,104,0,0,7,7,465.953350067
3,"map(from: a)",32,64,104,0,0,7,8,465.357303619
3,"map(from: a)",32,64,104,0,0,7,9,465.500354767
3,"map(from: a)",32,64,104,0,0,114,0,561.404228210
3,"map(from: a)",32,64,104,0,0,114,1,558.638572693
3,"map(from: a)",32,64,104,0,0,114,2,561.952590942
3,"map(from: a)",32,64,104,0,0,114,3,561.106204987
3,"map(from: a)",32,64,104,0,0,114,4,560.855865479
3,"map(from: a)",32,64,104,0,0,114,5,561.559200287
3,"map(from: a)",32,64,104,0,0,114,6,557.649135590
3,"map(from: a)",32,64,104,0,0,114,7,557.994842529
3,"map(from: a)",32,64,104,0,0,114,8,557.744503021
3,"map(from: a)",32,64,104,0,0,114,9,556.957721710
3,"map(from: a)",32,64,104,0,0,3,0,461.304187775
3,"map(from: a)",32,64,104,0,0,3,1,460.898876190
3,"map(from: a)",32,64,104,0,0,3,2,461.399555206
3,"map(from: a)",32,64,104,0,0,3,3,461.804866791
3,"map(from: a)",32,64,104,0,0,3,4,460.851192474
3,"map(from: a)",32,64,104,0,0,3,5,461.053848267
3,"map(from: a)",32,64,104,0,0,3,6,461.852550507
3,"map(from: a)",32,64,104,0,0,3,7,461.649894714
3,"map(from: a)",32,64,104,0,0,3,8,462.043285370
3,"map(from: a)",32,64,104,0,0,3,9,461.447238922
3,"map(from: a)",32,64,104,0,0,17,0,474.607944489
3,"map(from: a)",32,64,104,0,0,17,1,475.144386292
3,"map(from: a)",32,64,104,0,0,17,2,474.643707275
3,"map(from: a)",32,64,104,0,0,17,3,475.251674652
3,"map(from: a)",32,64,104,0,0,17,4,475.299358368
3,"map(from: a)",32,64,104,0,0,17,5,475.192070007
3,"map(from: a)",32,64,104,0,0,17,6,476.205348969
3,"map(from: a)",32,64,104,0,0,17,7,473.797321320
3,"map(from: a)",32,64,104,0,0,17,8,474.202632904
3,"map(from: a)",32,64,104,0,0,17,9,474.047660828
3,"map(from: a)",32,64,104,0,0,1,0,460.851192474
3,"map(from: a)",32,64,104,0,0,1,1,460.505485535
3,"map(from: a)",32,64,104,0,0,1,2,459.945201874
3,"map(from: a)",32,64,104,0,0,1,3,460.052490234
3,"map(from: a)",32,64,104,0,0,1,4,460.398197174
3,"map(from: a)",32,64,104,0,0,1,5,460.255146027
3,"map(from: a)",32,64,104,0,0,1,6,461.053848267
3,"map(from: a)",32,64,104,0,0,1,7,460.648536682
3,"map(from: a)",32,64,104,0,0,1,8,459.957122803
3,"map(from: a)",32,64,104,0,0,1,9,460.648536682
3,"map(from: a)",32,64,104,0,0,44,0,498.247146606
3,"map(from: a)",32,64,104,0,0,44,1,497.853755951
3,"map(from: a)",32,64,104,0,0,44,2,499.343872070
3,"map(from: a)",32,64,104,0,0,44,3,498.592853546
3,"map(from: a)",32,64,104,0,0,44,4,501.799583435
3,"map(from: a)",32,64,104,0,0,44,5,499.546527863
3,"map(from: a)",32,64,104,0,0,44,6,499.296188354
3,"map(from: a)",32,64,104,0,0,44,7,498.151779175
3,"map(from: a)",32,64,104,0,0,44,8,498.700141907
3,"map(from: a)",32,64,104,0,0,44,9,496.995449066
3,"map(from: a)",32,64,104,0,0,294,0,715.756416321
3,"map(from: a)",32,64,104,0,0,294,1,710.892677307
3,"map(from: a)",32,64,104,0,0,294,2,712.144374847
3,"map(from: a)",32,64,104,0,0,294,3,713.145732880
3,"map(from: a)",32,64,104,0,0,294,4,713.300704956
3,"map(from: a)",32,64,104,0,0,294,5,714.099407196
3,"map(from: a)",32,64,104,0,0,294,6,715.506076813
3,"map(from: a)",32,64,104,0,0,294,7,713.205337524
3,"map(from: a)",32,64,104,0,0,294,8,718.653202057
3,"map(from: a)",32,64,104,0,0,294,9,711.703300476
3,"map(from: a)",32,64,104,0,0,3140,0,3211.653232574
3,"map(from: a)",32,64,104,0,0,3140,1,3225.505352020
3,"map(from: a)",32,64,104,0,0,3140,2,3180.599212646
3,"map(from: a)",32,64,104,0,0,3140,3,3224.694728851
3,"map(from: a)",32,64,104,0,0,3140,4,3247.654438019
3,"map(from: a)",32,64,104,0,0,3140,5,3188.753128052
3,"map(from: a)",32,64,104,0,0,3140,6,3269.350528717
3,"map(from: a)",32,64,104,0,0,3140,7,3234.302997589
3,"map(from: a)",32,64,104,0,0,3140,8,3183.698654175
3,"map(from: a)",32,64,104,0,0,3140,9,3146.743774414
3,"map(from: a)",32,64,104,0,0,4,0,463.008880615
3,"map(from: a)",32,64,104,0,0,4,1,463.497638702
3,"map(from: a)",32,64,104,0,0,4,2,462.758541107
3,"map(from: a)",32,64,104,0,0,4,3,462.591648102
3,"map(from: a)",32,64,104,0,0,4,4,463.843345642
3,"map(from: a)",32,64,104,0,0,4,5,462.353229523
3,"map(from: a)",32,64,104,0,0,4,6,463.700294495
3,"map(from: a)",32,64,104,0,0,4,7,463.151931763
3,"map(from: a)",32,64,104,0,0,4,8,462.591648102
3,"map(from: a)",32,64,104,0,0,4,9,463.247299194
3,"map(from: a)",32,64,104,0,0,1955,0,2180.242538452
3,"map(from: a)",32,64,104,0,0,1955,1,2136.743068695
3,"map(from: a)",32,64,104,0,0,1955,2,2191.543579102
3,"map(from: a)",32,64,104,0,0,1955,3,2161.407470703
3,"map(from: a)",32,64,104,0,0,1955,4,2172.958850861
3,"map(from: a)",32,64,104,0,0,1955,5,2181.005477905
3,"map(from: a)",32,64,104,0,0,1955,6,2181.792259216
3,"map(from: a)",32,64,104,0,0,1955,7,2187.049388885
3,"map(from: a)",32,64,104,0,0,1955,8,2191.448211670
3,"map(from: a)",32,64,104,0,0,1955,9,2125.442028046
3,"map(from: a)",32,64,104,0,0,183,0,618.898868561
3,"map(from: a)",32,64,104,0,0,183,1,614.655017853
3,"map(from: a)",32,64,104,0,0,183,2,617.551803589
3,"map(from: a)",32,64,104,0,0,183,3,617.742538452
3,"map(from: a)",32,64,104,0,0,183,4,615.704059601
3,"map(from: a)",32,64,104,0,0,183,5,617.551803589
3,"map(from: a)",32,64,104,0,0,183,6,620.496273041
3,"map(from: a)",32,64,104,0,0,183,7,617.051124573
3,"map(from: a)",32,64,104,0,0,183,8,620.448589325
3,"map(from: a)",32,64,104,0,0,183,9,619.244575500
3,"map(from: a)",32,64,104,0,0,8096,0,7494.699954987
3,"map(from: a)",32,64,104,0,0,8096,1,7527.697086334
3,"map(from: a)",32,64,104,0,0,8096,2,7514.047622681
3,"map(from: a)",32,64,104,0,0,8096,3,7562.243938446
3,"map(from: a)",32,64,104,0,0,8096,4,7579.302787781
3,"map(from: a)",32,64,104,0,0,8096,5,7528.996467590
3,"map(from: a)",32,64,104,0,0,8096,6,7694.256305695
3,"map(from: a)",32,64,104,0,0,8096,7,7520.151138306
3,"map(from: a)",32,64,104,0,0,8096,8,7660.353183746
3,"map(from: a)",32,64,104,0,0,8096,9,7698.047161102
3,"map(from: a)",32,64,104,0,0,758,0,1103.794574738
3,"map(from: a)",32,64,104,0,0,758,1,1108.753681183
3,"map(from: a)",32,64,104,0,0,758,2,1117.146015167
3,"map(from: a)",32,64,104,0,0,758,3,1102.495193481
3,"map(from: a)",32,64,104,0,0,758,4,1117.098331451
3,"map(from: a)",32,64,104,0,0,758,5,1107.549667358
3,"map(from: a)",32,64,104,0,0,758,6,1113.998889923
3,"map(from: a)",32,64,104,0,0,758,7,1115.047931671
3,"map(from: a)",32,64,104,0,0,758,8,1115.548610687
3,"map(from: a)",32,64,104,0,0,758,9,1118.052005768
3,"map(from: a)",32,64,104,0,0,71,0,522.553920746
3,"map(from: a)",32,64,104,0,0,71,1,521.194934845
3,"map(from: a)",32,64,104,0,0,71,2,522.851943970
3,"map(from: a)",32,64,104,0,0,71,3,521.004199982
3,"map(from: a)",32,64,104,0,0,71,4,522.208213806
3,"map(from: a)",32,64,104,0,0,71,5,523.543357849
3,"map(from: a)",32,64,104,0,0,71,6,521.302223206
3,"map(from: a)",32,64,104,0,0,71,7,522.947311401
3,"map(from: a)",32,64,104,0,0,71,8,523.948669434
3,"map(from: a)",32,64,104,0,0,71,9,522.100925446
3,"map(from: a)",32,64,104,0,0,2,0,460.696220398
3,"map(from: a)",32,64,104,0,0,2,1,460.505485535
3,"map(from: a)",32,64,104,0,0,2,2,460.648536682
3,"map(from: a)",32,64,104,0,0,2,3,460.994243622
3,"map(from: a)",32,64,104,0,0,2,4,460.600852966
3,"map(from: a)",32,64,104,0,0,2,5,460.290908813
3,"map(from: a)",32,64,104,0,0,2,6,460.147857666
3,"map(from: a)",32,64,104,0,0,2,7,460.302829742
3,"map(from: a)",32,64,104,0,0,2,8,460.600852966
3,"map(from: a)",32,64,104,0,0,2,9,461.053848267
3,"map(from: a)",32,64,104,0,0,11,0,468.099117279
3,"map(from: a)",32,64,104,0,0,11,1,469.005107880
3,"map(from: a)",32,64,104,0,0,11,2,468.349456787
3,"map(from: a)",32,64,104,0,0,11,3,469.148159027
3,"map(from: a)",32,64,104,0,0,11,4,469.100475311
3,"map(from: a)",32,64,104,0,0,11,5,468.349456787
3,"map(from: a)",32,64,104,0,0,11,6,468.850135803
3,"map(from: a)",32,64,104,0,0,11,7,468.456745148
3,"map(from: a)",32,64,104,0,0,11,8,469.350814819
3,"map(from: a)",32,64,104,0,0,11,9,469.601154327
3,"map(from: a)",32,64,104,0,0,28,0,484.752655029
3,"map(from: a)",32,64,104,0,0,28,1,483.405590057
3,"map(from: a)",32,64,104,0,0,28,2,483.345985413
3,"map(from: a)",32,64,104,0,0,28,3,483.143329620
3,"map(from: a)",32,64,104,0,0,28,4,483.691692352
3,"map(from: a)",32,64,104,0,0,28,5,482.845306396
3,"map(from: a)",32,64,104,0,0,28,6,483.453273773
3,"map(from: a)",32,64,104,0,0,28,7,483.357906342
3,"map(from: a)",32,64,104,0,0,28,8,483.310222626
3,"map(from: a)",32,64,104,0,0,28,9,483.596324921
3,"map(from: a)",32,64,104,0,0,5042,0,4892.098903656
3,"map(from: a)",32,64,104,0,0,5042,1,4792.451858521
3,"map(from: a)",32,64,104,0,0,5042,2,4902.338981628
3,"map(from: a)",32,64,104,0,0,5042,3,4839.301109314
3,"map(from: a)",32,64,104,0,0,5042,4,4859.292507172
3,"map(from: a)",32,64,104,0,0,5042,5,4888.796806335
3,"map(from: a)",32,64,104,0,0,5042,6,4871.857166290
3,"map(from: a)",32,64,104,0,0,5042,7,4905.450344086
3,"map(from: a)",32,64,104,0,0,5042,8,4908.752441406
3,"map(from: a)",32,64,104,0,0,5042,9,4875.695705414
3,"map(from: a)",32,64,104,0,0,1218,0,1549.756526947
3,"map(from: a)",32,64,104,0,0,1218,1,1523.995399475
3,"map(from: a)",32,64,104,0,0,1218,2,1517.057418823
3,"map(from: a)",32,64,104,0,0,1218,3,1505.947113037
3,"map(from: a)",32,64,104,0,0,1218,4,1493.394374847
3,"map(from: a)",32,64,104,0,0,1218,5,1504.397392273
3,"map(from: a)",32,64,104,0,0,1218,6,1515.245437622
3,"map(from: a)",32,64,104,0,0,1218,7,1489.698886871
3,"map(from: a)",32,64,104,0,0,1218,8,1519.405841827
3,"map(from: a)",32,64,104,0,0,1218,9,1505.756378174
3,"map(from: a)",32,64,104,0,0,472,0,868.749618530
3,"map(from: a)",32,64,104,0,0,472,1,874.495506287
3,"map(from: a)",32,64,104,0,0,472,2,869.953632355
3,"map(from: a)",32,64,104,0,0,472,3,870.597362518
3,"map(from: a)",32,64,104,0,0,472,4,871.050357819
3,"map(from: a)",32,64,104,0,0,472,5,867.104530334
3,"map(from: a)",32,64,104,0,0,472,6,878.190994263
3,"map(from: a)",32,64,104,0,0,472,7,868.546962738
3,"map(from: a)",32,64,104,0,0,472,8,876.998901367
3,"map(from: a)",32,64,104,0,0,472,9,878.047943115
3,"map(from: a)",64,64,104,0,0,7,0,464.498996735
3,"map(from: a)",64,64,104,0,0,7,1,464.999675751
3,"map(from: a)",64,64,104,0,0,7,2,465.059280396
3,"map(from: a)",64,64,104,0,0,7,3,464.999675751
3,"map(from: a)",64,64,104,0,0,7,4,464.856624603
3,"map(from: a)",64,64,104,0,0,7,5,465.404987335
3,"map(from: a)",64,64,104,0,0,7,6,464.797019958
3,"map(from: a)",64,64,104,0,0,7,7,465.452671051
3,"map(from: a)",64,64,104,0,0,7,8,464.606285095
3,"map(from: a)",64,64,104,0,0,7,9,464.951992035
3,"map(from: a)",64,64,104,0,0,114,0,560.009479523
3,"map(from: a)",64,64,104,0,0,114,1,557.351112366
3,"map(from: a)",64,64,104,0,0,114,2,560.903549194
3,"map(from: a)",64,64,104,0,0,114,3,558.304786682
3,"map(from: a)",64,64,104,0,0,114,4,560.450553894
3,"map(from: a)",64,64,104,0,0,114,5,562.000274658
3,"map(from: a)",64,64,104,0,0,114,6,559.556484222
3,"map(from: a)",64,64,104,0,0,114,7,560.903549194
3,"map(from: a)",64,64,104,0,0,114,8,562.298297882
3,"map(from: a)",64,64,104,0,0,114,9,559.043884277
3,"map(from: a)",64,64,104,0,0,3,0,461.494922638
3,"map(from: a)",64,64,104,0,0,3,1,466.644763947
3,"map(from: a)",64,64,104,0,0,3,2,461.649894714
3,"map(from: a)",64,64,104,0,0,3,3,461.351871490
3,"map(from: a)",64,64,104,0,0,3,4,461.101531982
3,"map(from: a)",64,64,104,0,0,3,5,461.244583130
3,"map(from: a)",64,64,104,0,0,3,6,461.399555206
3,"map(from: a)",64,64,104,0,0,3,7,461.208820343
3,"map(from: a)",64,64,104,0,0,3,8,461.041927338
3,"map(from: a)",64,64,104,0,0,3,9,461.697578430
3,"map(from: a)",64,64,104,0,0,17,0,475.251674652
3,"map(from: a)",64,64,104,0,0,17,1,475.001335144
3,"map(from: a)",64,64,104,0,0,17,2,474.750995636
3,"map(from: a)",64,64,104,0,0,17,3,474.703311920
3,"map(from: a)",64,64,104,0,0,17,4,475.597381592
3,"map(from: a)",64,64,104,0,0,17,5,474.846363068
3,"map(from: a)",64,64,104,0,0,17,6,475.096702576
3,"map(from: a)",64,64,104,0,0,17,7,474.607944489
3,"map(from: a)",64,64,104,0,0,17,8,475.609302521
3,"map(from: a)",64,64,104,0,0,17,9,475.752353668
3,"map(from: a)",64,64,104,0,0,1,0,460.350513458
3,"map(from: a)",64,64,104,0,0,1,1,461.006164551
3,"map(from: a)",64,64,104,0,0,1,2,460.302829742
3,"map(from: a)",64,64,104,0,0,1,3,460.851192474
3,"map(from: a)",64,64,104,0,0,1,4,460.708141327
3,"map(from: a)",64,64,104,0,0,1,5,459.849834442
3,"map(from: a)",64,64,104,0,0,1,6,460.040569305
3,"map(from: a)",64,64,104,0,0,1,7,460.803508759
3,"map(from: a)",64,64,104,0,0,1,8,461.149215698
3,"map(from: a)",64,64,104,0,0,1,9,460.600852966
3,"map(from: a)",64,64,104,0,0,44,0,498.497486115
3,"map(from: a)",64,64,104,0,0,44,1,497.496128082
3,"map(from: a)",64,64,104,0,0,44,2,498.807430267
3,"map(from: a)",64,64,104,0,0,44,3,497.853755951
3,"map(from: a)",64,64,104,0,0,44,4,498.402118683
3,"map(from: a)",64,64,104,0,0,44,5,499.045848846
3,"map(from: a)",64,64,104,0,0,44,6,498.342514038
3,"map(from: a)",64,64,104,0,0,44,7,499.105453491
3,"map(from: a)",64,64,104,0,0,44,8,498.998165131
3,"map(from: a)",64,64,104,0,0,44,9,498.902797699
3,"map(from: a)",64,64,104,0,0,294,0,723.552703857
3,"map(from: a)",64,64,104,0,0,294,1,717.651844025
3,"map(from: a)",64,64,104,0,0,294,2,715.756416321
3,"map(from: a)",64,64,104,0,0,294,3,713.002681732
3,"map(from: a)",64,64,104,0,0,294,4,709.450244904
3,"map(from: a)",64,64,104,0,0,294,5,712.096691132
3,"map(from: a)",64,64,104,0,0,294,6,715.601444244
3,"map(from: a)",64,64,104,0,0,294,7,708.699226379
3,"map(from: a)",64,64,104,0,0,294,8,716.245174408
3,"map(from: a)",64,64,104,0,0,294,9,712.943077087
3,"map(from: a)",64,64,104,0,0,3140,0,3182.542324066
3,"map(from: a)",64,64,104,0,0,3140,1,3189.754486084
3,"map(from: a)",64,64,104,0,0,3140,2,3186.297416687
3,"map(from: a)",64,64,104,0,0,3140,3,3189.945220947
3,"map(from: a)",64,64,104,0,0,3140,4,3192.543983459
3,"map(from: a)",64,64,104,0,0,3140,5,3171.455860138
3,"map(from: a)",64,64,104,0,0,3140,6,3246.390819550
3,"map(from: a)",64,64,104,0,0,3140,7,3176.093101501
3,"map(from: a)",64,64,104,0,0,3140,8,3235.900402069
3,"map(from: a)",64,64,104,0,0,3140,9,3240.597248077
3,"map(from: a)",64,64,104,0,0,4,0,463.294982910
3,"map(from: a)",64,64,104,0,0,4,1,463.199615479
3,"map(from: a)",64,64,104,0,0,4,2,463.497638702
3,"map(from: a)",64,64,104,0,0,4,3,463.449954987
3,"map(from: a)",64,64,104,0,0,4,4,462.901592255
3,"map(from: a)",64,64,104,0,0,4,5,462.591648102
3,"map(from: a)",64,64,104,0,0,4,6,463.557243347
3,"map(from: a)",64,64,104,0,0,4,7,463.294982910
3,"map(from: a)",64,64,104,0,0,4,8,462.889671326
3,"map(from: a)",64,64,104,0,0,4,9,463.104248047
3,"map(from: a)",64,64,104,0,0,1955,0,2147.996425629
3,"map(from: a)",64,64,104,0,0,1955,1,2141.809463501
3,"map(from: a)",64,64,104,0,0,1955,2,2178.645133972
3,"map(from: a)",64,64,104,0,0,1955,3,2137.100696564
3,"map(from: a)",64,64,104,0,0,1955,4,2161.538600922
3,"map(from: a)",64,64,104,0,0,1955,5,2171.742916107
3,"map(from: a)",64,64,104,0,0,1955,6,2148.008346558
3,"map(from: a)",64,64,104,0,0,1955,7,2171.993255615
3,"map(from: a)",64,64,104,0,0,1955,8,2194.404602051
3,"map(from: a)",64,64,104,0,0,1955,9,2146.005630493
3,"map(from: a)",64,64,104,0,0,183,0,623.893737793
3,"map(from: a)",64,64,104,0,0,183,1,620.996952057
3,"map(from: a)",64,64,104,0,0,183,2,621.759891510
3,"map(from: a)",64,64,104,0,0,183,3,622.653961182
3,"map(from: a)",64,64,104,0,0,183,4,616.490840912
3,"map(from: a)",64,64,104,0,0,183,5,616.455078125
3,"map(from: a)",64,64,104,0,0,183,6,617.504119873
3,"map(from: a)",64,64,104,0,0,183,7,615.799427032
3,"map(from: a)",64,64,104,0,0,183,8,619.256496429
3,"map(from: a)",64,64,104,0,0,183,9,615.549087524
3,"map(from: a)",64,64,104,0,0,8096,0,7498.550415039
3,"map(from: a)",64,64,104,0,0,8096,1,7520.043849945
3,"map(from: a)",64,64,104,0,0,8096,2,7426.500320435
3,"map(from: a)",64,64,104,0,0,8096,3,7493.197917938
3,"map(from: a)",64,64,104,0,0,8096,4,7598.102092743
3,"map(from: a)",64,64,104,0,0,8096,5,7385.396957397
3,"map(from: a)",64,64,104,0,0,8096,6,7609.355449677
3,"map(from: a)",64,64,104,0,0,8096,7,7510.495185852
3,"map(from: a)",64,64,104,0,0,8096,8,7549.357414246
3,"map(from: a)",64,64,104,0,0,8096,9,7587.707042694
3,"map(from: a)",64,64,104,0,0,758,0,1125.049591064
3,"map(from: a)",64,64,104,0,0,758,1,1128.494739532
3,"map(from: a)",64,64,104,0,0,758,2,1130.044460297
3,"map(from: a)",64,64,104,0,0,758,3,1127.147674561
3,"map(from: a)",64,64,104,0,0,758,4,1137.351989746
3,"map(from: a)",64,64,104,0,0,758,5,1100.397109985
3,"map(from: a)",64,64,104,0,0,758,6,1112.544536591
3,"map(from: a)",64,64,104,0,0,758,7,1114.451885223
3,"map(from: a)",64,64,104,0,0,758,8,1105.844974518
3,"map(from: a)",64,64,104,0,0,758,9,1110.899448395
3,"map(from: a)",64,64,104,0,0,71,0,521.945953369
3,"map(from: a)",64,64,104,0,0,71,1,520.408153534
3,"map(from: a)",64,64,104,0,0,71,2,522.708892822
3,"map(from: a)",64,64,104,0,0,71,3,521.552562714
3,"map(from: a)",64,64,104,0,0,71,4,521.445274353
3,"map(from: a)",64,64,104,0,0,71,5,522.446632385
3,"map(from: a)",64,64,104,0,0,71,6,521.850585938
3,"map(from: a)",64,64,104,0,0,71,7,522.649288177
3,"map(from: a)",64,64,104,0,0,71,8,522.303581238
3,"map(from: a)",64,64,104,0,0,71,9,522.148609161
3,"map(from: a)",64,64,104,0,0,2,0,461.459159851
3,"map(from: a)",64,64,104,0,0,2,1,461.149215698
3,"map(from: a)",64,64,104,0,0,2,2,460.994243622
3,"map(from: a)",64,64,104,0,0,2,3,461.101531982
3,"map(from: a)",64,64,104,0,0,2,4,460.851192474
3,"map(from: a)",64,64,104,0,0,2,5,460.791587830
3,"map(from: a)",64,64,104,0,0,2,6,460.553169250
3,"map(from: a)",64,64,104,0,0,2,7,461.196899414
3,"map(from: a)",64,64,104,0,0,2,8,460.398197174
3,"map(from: a)",64,64,104,0,0,2,9,461.351871490
3,"map(from: a)",64,64,104,0,0,11,0,468.051433563
3,"map(from: a)",64,64,104,0,0,11,1,468.456745148
3,"map(from: a)",64,64,104,0,0,11,2,468.707084656
3,"map(from: a)",64,64,104,0,0,11,3,468.802452087
3,"map(from: a)",64,64,104,0,0,11,4,468.695163727
3,"map(from: a)",64,64,104,0,0,11,5,468.993186951
3,"map(from: a)",64,64,104,0,0,11,6,469.744205475
3,"map(from: a)",64,64,104,0,0,11,7,468.349456787
3,"map(from: a)",64,64,104,0,0,11,8,469.350814819
3,"map(from: a)",64,64,104,0,0,11,9,468.802452087
3,"map(from: a)",64,64,104,0,0,28,0,483.298301697
3,"map(from: a)",64,64,104,0,0,28,1,484.454631805
3,"map(from: a)",64,64,104,0,0,28,2,484.061241150
3,"map(from: a)",64,64,104,0,0,28,3,484.049320221
3,"map(from: a)",64,64,104,0,0,28,4,484.597682953
3,"map(from: a)",64,64,104,0,0,28,5,483.644008636
3,"map(from: a)",64,64,104,0,0,28,6,488.603115082
3,"map(from: a)",64,64,104,0,0,28,7,483.906269073
3,"map(from: a)",64,64,104,0,0,28,8,482.904911041
3,"map(from: a)",64,64,104,0,0,28,9,483.202934265
3,"map(from: a)",64,64,104,0,0,5042,0,4794.347286224
3,"map(from: a)",64,64,104,0,0,5042,1,4779.148101807
3,"map(from: a)",64,64,104,0,0,5042,2,4879.045486450
3,"map(from: a)",64,64,104,0,0,5042,3,4760.205745697
3,"map(from: a)",64,64,104,0,0,5042,4,4863.846302032
3,"map(from: a)",64,64,104,0,0,5042,5,4879.057407379
3,"map(from: a)",64,64,104,0,0,5042,6,4815.852642059
3,"map(from: a)",64,64,104,0,0,5042,7,4849.100112915
3,"map(from: a)",64,64,104,0,0,5042,8,4907.548427582
3,"map(from: a)",64,64,104,0,0,5042,9,4794.692993164
3,"map(from: a)",64,64,104,0,0,1218,0,1538.300514221
3,"map(from: a)",64,64,104,0,0,1218,1,1521.396636963
3,"map(from: a)",64,64,104,0,0,1218,2,1526.105403900
3,"map(from: a)",64,64,104,0,0,1218,3,1531.457901001
3,"map(from: a)",64,64,104,0,0,1218,4,1529.896259308
3,"map(from: a)",64,64,104,0,0,1218,5,1536.047458649
3,"map(from: a)",64,64,104,0,0,1218,6,1538.395881653
3,"map(from: a)",64,64,104,0,0,1218,7,1497.709751129
3,"map(from: a)",64,64,104,0,0,1218,8,1514.601707458
3,"map(from: a)",64,64,104,0,0,1218,9,1490.044593811
3,"map(from: a)",64,64,104,0,0,472,0,866.103172302
3,"map(from: a)",64,64,104,0,0,472,1,866.794586182
3,"map(from: a)",64,64,104,0,0,472,2,861.954689026
3,"map(from: a)",64,64,104,0,0,472,3,867.247581482
3,"map(from: a)",64,64,104,0,0,472,4,873.100757599
3,"map(from: a)",64,64,104,0,0,472,5,862.801074982
3,"map(from: a)",64,64,104,0,0,472,6,873.804092407
3,"map(from: a)",64,64,104,0,0,472,7,868.105888367
3,"map(from: a)",64,64,104,0,0,472,8,869.655609131
3,"map(from: a)",64,64,104,0,0,472,9,871.860980988
3,"map(from: a)",128,64,104,0,0,7,0,464.856624603
3,"map(from: a)",128,64,104,0,0,7,1,465.798377991
3,"map(from: a)",128,64,104,0,0,7,2,466.454029083
3,"map(from: a)",128,64,104,0,0,7,3,465.345382690
3,"map(from: a)",128,64,104,0,0,7,4,466.156005859
3,"map(from: a)",128,64,104,0,0,7,5,464.904308319
3,"map(from: a)",128,64,104,0,0,7,6,465.154647827
3,"map(from: a)",128,64,104,0,0,7,7,465.250015259
3,"map(from: a)",128,64,104,0,0,7,8,464.951992035
3,"map(from: a)",128,64,104,0,0,7,9,465.691089630
3,"map(from: a)",128,64,104,0,0,114,0,559.198856354
3,"map(from: a)",128,64,104,0,0,114,1,557.196140289
3,"map(from: a)",128,64,104,0,0,114,2,559.747219086
3,"map(from: a)",128,64,104,0,0,114,3,558.745861053
3,"map(from: a)",128,64,104,0,0,114,4,558.447837830
3,"map(from: a)",128,64,104,0,0,114,5,559.401512146
3,"map(from: a)",128,64,104,0,0,114,6,559.258460999
3,"map(from: a)",128,64,104,0,0,114,7,559.854507446
3,"map(from: a)",128,64,104,0,0,114,8,559.902191162
3,"map(from: a)",128,64,104,0,0,114,9,558.698177338
3,"map(from: a)",128,64,104,0,0,3,0,461.757183075
3,"map(from: a)",128,64,104,0,0,3,1,461.995601654
3,"map(from: a)",128,64,104,0,0,3,2,462.007522583
3,"map(from: a)",128,64,104,0,0,3,3,462.055206299
3,"map(from: a)",128,64,104,0,0,3,4,461.196899414
3,"map(from: a)",128,64,104,0,0,3,5,461.351871490
3,"map(from: a)",128,64,104,0,0,3,6,461.792945862
3,"map(from: a)",128,64,104,0,0,3,7,461.757183075
3,"map(from: a)",128,64,104,0,0,3,8,461.149215698
3,"map(from: a)",128,64,104,0,0,3,9,461.304187775
3,"map(from: a)",128,64,104,0,0,17,0,474.298000336
3,"map(from: a)",128,64,104,0,0,17,1,474.798679352
3,"map(from: a)",128,64,104,0,0,17,2,474.905967712
3,"map(from: a)",128,64,104,0,0,17,3,474.894046783
3,"map(from: a)",128,64,104,0,0,17,4,476.694107056
3,"map(from: a)",128,64,104,0,0,17,5,475.251674652
3,"map(from: a)",128,64,104,0,0,17,6,475.358963013
3,"map(from: a)",128,64,104,0,0,17,7,475.645065308
3,"map(from: a)",128,64,104,0,0,17,8,474.798679352
3,"map(from: a)",128,64,104,0,0,17,9,477.397441864
3,"map(from: a)",128,64,104,0,0,1,0,461.256504059
3,"map(from: a)",128,64,104,0,0,1,1,461.292266846
3,"map(from: a)",128,64,104,0,0,1,2,461.399555206
3,"map(from: a)",128,64,104,0,0,1,3,461.447238922
3,"map(from: a)",128,64,104,0,0,1,4,461.649894714
3,"map(from: a)",128,64,104,0,0,1,5,460.851192474
3,"map(from: a)",128,64,104,0,0,1,6,461.101531982
3,"map(from: a)",128,64,104,0,0,1,7,461.554527283
3,"map(from: a)",128,64,104,0,0,1,8,460.457801819
3,"map(from: a)",128,64,104,0,0,1,9,460.648536682
3,"map(from: a)",128,64,104,0,0,44,0,498.294830322
3,"map(from: a)",128,64,104,0,0,44,1,498.044490814
3,"map(from: a)",128,64,104,0,0,44,2,499.105453491
3,"map(from: a)",128,64,104,0,0,44,3,497.758388519
3,"map(from: a)",128,64,104,0,0,44,4,498.998165131
3,"map(from: a)",128,64,104,0,0,44,5,498.843193054
3,"map(from: a)",128,64,104,0,0,44,6,498.354434967
3,"map(from: a)",128,64,104,0,0,44,7,498.950481415
3,"map(from: a)",128,64,104,0,0,44,8,499.248504639
3,"map(from: a)",128,64,104,0,0,44,9,498.092174530
3,"map(from: a)",128,64,104,0,0,294,0,720.989704132
3,"map(from: a)",128,64,104,0,0,294,1,716.960430145
3,"map(from: a)",128,64,104,0,0,294,2,718.605518341
3,"map(from: a)",128,64,104,0,0,294,3,719.499588013
3,"map(from: a)",128,64,104,0,0,294,4,719.451904297
3,"map(from: a)",128,64,104,0,0,294,5,721.001625061
3,"map(from: a)",128,64,104,0,0,294,6,721.001625061
3,"map(from: a)",128,64,104,0,0,294,7,711.393356323
3,"map(from: a)",128,64,104,0,0,294,8,715.243816376
3,"map(from: a)",128,64,104,0,0,294,9,709.199905396
3,"map(from: a)",128,64,104,0,0,3140,0,3164.708614349
3,"map(from: a)",128,64,104,0,0,3140,1,3167.140483856
3,"map(from: a)",128,64,104,0,0,3140,2,3137.457370758
3,"map(from: a)",128,64,104,0,0,3140,3,3167.450428009
3,"map(from: a)",128,64,104,0,0,3140,4,3210.651874542
3,"map(from: a)",128,64,104,0,0,3140,5,3143.894672394
3,"map(from: a)",128,64,104,0,0,3140,6,3212.451934814
3,"map(from: a)",128,64,104,0,0,3140,7,3176.152706146
3,"map(from: a)",128,64,104,0,0,3140,8,3189.504146576
3,"map(from: a)",128,64,104,0,0,3140,9,3198.146820068
3,"map(from: a)",128,64,104,0,0,4,0,464.451313019
3,"map(from: a)",128,64,104,0,0,4,1,464.344024658
3,"map(from: a)",128,64,104,0,0,4,2,463.891029358
3,"map(from: a)",128,64,104,0,0,4,3,463.902950287
3,"map(from: a)",128,64,104,0,0,4,4,463.902950287
3,"map(from: a)",128,64,104,0,0,4,5,464.057922363
3,"map(from: a)",128,64,104,0,0,4,6,463.747978210
3,"map(from: a)",128,64,104,0,0,4,7,464.606285095
3,"map(from: a)",128,64,104,0,0,4,8,463.652610779
3,"map(from: a)",128,64,104,0,0,4,9,463.902950287
3,"map(from: a)",128,64,104,0,0,1955,0,2153.944969177
3,"map(from: a)",128,64,104,0,0,1955,1,2118.349075317
3,"map(from: a)",128,64,104,0,0,1955,2,2156.949043274
3,"map(from: a)",128,64,104,0,0,1955,3,2131.855487823
3,"map(from: a)",128,64,104,0,0,1955,4,2146.041393280
3,"map(from: a)",128,64,104,0,0,1955,5,2149.796485901
3,"map(from: a)",128,64,104,0,0,1955,6,2150.356769562
3,"map(from: a)",128,64,104,0,0,1955,7,2156.293392181
3,"map(from: a)",128,64,104,0,0,1955,8,2165.555953979
3,"map(from: a)",128,64,104,0,0,1955,9,2142.500877380
3,"map(from: a)",128,64,104,0,0,183,0,622.999668121
3,"map(from: a)",128,64,104,0,0,183,1,617.849826813
3,"map(from: a)",128,64,104,0,0,183,2,621.449947357
3,"map(from: a)",128,64,104,0,0,183,3,622.892379761
3,"map(from: a)",128,64,104,0,0,183,4,621.294975281
3,"map(from: a)",128,64,104,0,0,183,5,622.355937958
3,"map(from: a)",128,64,104,0,0,183,6,624.001026154
3,"map(from: a)",128,64,104,0,0,183,7,619.649887085
3,"map(from: a)",128,64,104,0,0,183,8,624.048709869
3,"map(from: a)",128,64,104,0,0,183,9,616.192817688
3,"map(from: a)",128,64,104,0,0,8096,0,7379.603385925
3,"map(from: a)",128,64,104,0,0,8096,1,7425.200939178
3,"map(from: a)",128,64,104,0,0,8096,2,7422.804832458
3,"map(from: a)",128,64,104,0,0,8096,3,7414.948940277
3,"map(from: a)",128,64,104,0,0,8096,4,7435.202598572
3,"map(from: a)",128,64,104,0,0,8096,5,7420.647144318
3,"map(from: a)",128,64,104,0,0,8096,6,7566.452026367
3,"map(from: a)",128,64,104,0,0,8096,7,7389.843463898
3,"map(from: a)",128,64,104,0,0,8096,8,7545.399665833
3,"map(from: a)",128,64,104,0,0,8096,9,7558.548450470
3,"map(from: a)",128,64,104,0,0,758,0,1110.398769379
3,"map(from: a)",128,64,104,0,0,758,1,1121.354103088
3,"map(from: a)",128,64,104,0,0,758,2,1129.341125488
3,"map(from: a)",128,64,104,0,0,758,3,1112.353801727
3,"map(from: a)",128,64,104,0,0,758,4,1134.550571442
3,"map(from: a)",128,64,104,0,0,758,5,1123.702526093
3,"map(from: a)",128,64,104,0,0,758,6,1127.803325653
3,"map(from: a)",128,64,104,0,0,758,7,1129.651069641
3,"map(from: a)",128,64,104,0,0,758,8,1130.902767181
3,"map(from: a)",128,64,104,0,0,758,9,1124.596595764
3,"map(from: a)",128,64,104,0,0,71,0,520.896911621
3,"map(from: a)",128,64,104,0,0,71,1,520.348548889
3,"map(from: a)",128,64,104,0,0,71,2,521.647930145
3,"map(from: a)",128,64,104,0,0,71,3,520.002841949
3,"map(from: a)",128,64,104,0,0,71,4,521.600246429
3,"map(from: a)",128,64,104,0,0,71,5,521.457195282
3,"map(from: a)",128,64,104,0,0,71,6,520.801544189
3,"map(from: a)",128,64,104,0,0,71,7,521.254539490
3,"map(from: a)",128,64,104,0,0,71,8,523.054599762
3,"map(from: a)",128,64,104,0,0,71,9,520.789623260
3,"map(from: a)",128,64,104,0,0,2,0,461.149215698
3,"map(from: a)",128,64,104,0,0,2,1,460.696220398
3,"map(from: a)",128,64,104,0,0,2,2,460.696220398
3,"map(from: a)",128,64,104,0,0,2,3,461.351871490
3,"map(from: a)",128,64,104,0,0,2,4,460.398197174
3,"map(from: a)",128,64,104,0,0,2,5,460.851192474
3,"map(from: a)",128,64,104,0,0,2,6,460.648536682
3,"map(from: a)",128,64,104,0,0,2,7,460.898876190
3,"map(from: a)",128,64,104,0,0,2,8,460.910797119
3,"map(from: a)",128,64,104,0,0,2,9,460.600852966
3,"map(from: a)",128,64,104,0,0,11,0,469.648838043
3,"map(from: a)",128,64,104,0,0,11,1,468.349456787
3,"map(from: a)",128,64,104,0,0,11,2,468.146800995
3,"map(from: a)",128,64,104,0,0,11,3,468.397140503
3,"map(from: a)",128,64,104,0,0,11,4,468.707084656
3,"map(from: a)",128,64,104,0,0,11,5,468.254089355
3,"map(from: a)",128,64,104,0,0,11,6,468.695163727
3,"map(from: a)",128,64,104,0,0,11,7,468.599796295
3,"map(from: a)",128,64,104,0,0,11,8,468.194484711
3,"map(from: a)",128,64,104,0,0,11,9,468.301773071
3,"map(from: a)",128,64,104,0,0,28,0,483.691692352
3,"map(from: a)",128,64,104,0,0,28,1,483.953952789
3,"map(from: a)",128,64,104,0,0,28,2,484.156608582
3,"map(from: a)",128,64,104,0,0,28,3,483.405590057
3,"map(from: a)",128,64,104,0,0,28,4,484.800338745
3,"map(from: a)",128,64,104,0,0,28,5,484.108924866
3,"map(from: a)",128,64,104,0,0,28,6,484.144687653
3,"map(from: a)",128,64,104,0,0,28,7,484.645366669
3,"map(from: a)",128,64,104,0,0,28,8,484.549999237
3,"map(from: a)",128,64,104,0,0,28,9,484.848022461
3,"map(from: a)",128,64,104,0,0,5042,0,4992.449283600
3,"map(from: a)",128,64,104,0,0,5042,1,4753.148555756
3,"map(from: a)",128,64,104,0,0,5042,2,4839.646816254
3,"map(from: a)",128,64,104,0,0,5042,3,4777.050018311
3,"map(from: a)",128,64,104,0,0,5042,4,4811.000823975
3,"map(from: a)",128,64,104,0,0,5042,5,4800.450801849
3,"map(from: a)",128,64,104,0,0,5042,6,4808.402061462
3,"map(from: a)",128,64,104,0,0,5042,7,4822.456836700
3,"map(from: a)",128,64,104,0,0,5042,8,4826.259613037
3,"map(from: a)",128,64,104,0,0,5042,9,4811.501502991
3,"map(from: a)",128,64,104,0,0,1218,0,1529.693603516
3,"map(from: a)",128,64,104,0,0,1218,1,1504.945755005
3,"map(from: a)",128,64,104,0,0,1218,2,1520.895957947
3,"map(from: a)",128,64,104,0,0,1218,3,1528.298854828
3,"map(from: a)",128,64,104,0,0,1218,4,1510.596275330
3,"map(from: a)",128,64,104,0,0,1218,5,1526.844501495
3,"map(from: a)",128,64,104,0,0,1218,6,1538.801193237
3,"map(from: a)",128,64,104,0,0,1218,7,1510.643959045
3,"map(from: a)",128,64,104,0,0,1218,8,1543.903350830
3,"map(from: a)",128,64,104,0,0,1218,9,1529.455184937
3,"map(from: a)",128,64,104,0,0,472,0,876.009464264
3,"map(from: a)",128,64,104,0,0,472,1,878.846645355
3,"map(from: a)",128,64,104,0,0,472,2,862.753391266
3,"map(from: a)",128,64,104,0,0,472,3,863.802433014
3,"map(from: a)",128,64,104,0,0,472,4,865.399837494
3,"map(from: a)",128,64,104,0,0,472,5,863.039493561
3,"map(from: a)",128,64,104,0,0,472,6,870.501995087
3,"map(from: a)",128,64,104,0,0,472,7,859.296321869
3,"map(from: a)",128,64,104,0,0,472,8,869.393348694
3,"map(from: a)",128,64,104,0,0,472,9,871.050357819
3,"map(from: a)",256,64,104,0,0,7,0,463.497638702
3,"map(from: a)",256,64,104,0,0,7,1,465.297698975
3,"map(from: a)",256,64,104,0,0,7,2,465.559959412
3,"map(from: a)",256,64,104,0,0,7,3,464.653968811
3,"map(from: a)",256,64,104,0,0,7,4,465.393066406
3,"map(from: a)",256,64,104,0,0,7,5,465.452671051
3,"map(from: a)",256,64,104,0,0,7,6,465.250015259
3,"map(from: a)",256,64,104,0,0,7,7,465.345382690
3,"map(from: a)",256,64,104,0,0,7,8,464.844703674
3,"map(from: a)",256,64,104,0,0,7,9,465.250015259
3,"map(from: a)",256,64,104,0,0,114,0,557.649135590
3,"map(from: a)",256,64,104,0,0,114,1,556.397438049
3,"map(from: a)",256,64,104,0,0,114,2,559.151172638
3,"map(from: a)",256,64,104,0,0,114,3,556.492805481
3,"map(from: a)",256,64,104,0,0,114,4,558.698177338
3,"map(from: a)",256,64,104,0,0,114,5,558.400154114
3,"map(from: a)",256,64,104,0,0,114,6,557.601451874
3,"map(from: a)",256,64,104,0,0,114,7,558.650493622
3,"map(from: a)",256,64,104,0,0,114,8,560.057163239
3,"map(from: a)",256,64,104,0,0,114,9,557.553768158
3,"map(from: a)",256,64,104,0,0,3,0,462.055206299
3,"map(from: a)",256,64,104,0,0,3,1,460.910797119
3,"map(from: a)",256,64,104,0,0,3,2,461.459159851
3,"map(from: a)",256,64,104,0,0,3,3,461.852550507
3,"map(from: a)",256,64,104,0,0,3,4,461.339950562
3,"map(from: a)",256,64,104,0,0,3,5,461.399555206
3,"map(from: a)",256,64,104,0,0,3,6,461.995601654
3,"map(from: a)",256,64,104,0,0,3,7,461.649894714
3,"map(from: a)",256,64,104,0,0,3,8,471.246242523
3,"map(from: a)",256,64,104,0,0,3,9,462.496280670
3,"map(from: a)",256,64,104,0,0,17,0,475.800037384
3,"map(from: a)",256,64,104,0,0,17,1,475.549697876
3,"map(from: a)",256,64,104,0,0,17,2,475.239753723
3,"map(from: a)",256,64,104,0,0,17,3,476.050376892
3,"map(from: a)",256,64,104,0,0,17,4,475.192070007
3,"map(from: a)",256,64,104,0,0,17,5,475.203990936
3,"map(from: a)",256,64,104,0,0,17,6,475.597381592
3,"map(from: a)",256,64,104,0,0,17,7,475.096702576
3,"map(from: a)",256,64,104,0,0,17,8,475.347042084
3,"map(from: a)",256,64,104,0,0,17,9,475.203990936
3,"map(from: a)",256,64,104,0,0,1,0,463.557243347
3,"map(from: a)",256,64,104,0,0,1,1,461.602210999
3,"map(from: a)",256,64,104,0,0,1,2,461.041927338
3,"map(from: a)",256,64,104,0,0,1,3,461.649894714
3,"map(from: a)",256,64,104,0,0,1,4,461.804866791
3,"map(from: a)",256,64,104,0,0,1,5,462.198257446
3,"map(from: a)",256,64,104,0,0,1,6,461.804866791
3,"map(from: a)",256,64,104,0,0,1,7,461.649894714
3,"map(from: a)",256,64,104,0,0,1,8,461.745262146
3,"map(from: a)",256,64,104,0,0,1,9,461.697578430
3,"map(from: a)",256,64,104,0,0,44,0,501.048564911
3,"map(from: a)",256,64,104,0,0,44,1,498.843193054
3,"map(from: a)",256,64,104,0,0,44,2,498.747825623
3,"map(from: a)",256,64,104,0,0,44,3,498.449802399
3,"map(from: a)",256,64,104,0,0,44,4,498.950481415
3,"map(from: a)",256,64,104,0,0,44,5,497.949123383
3,"map(from: a)",256,64,104,0,0,44,6,497.949123383
3,"map(from: a)",256,64,104,0,0,44,7,499.594211578
3,"map(from: a)",256,64,104,0,0,44,8,499.296188354
3,"map(from: a)",256,64,104,0,0,44,9,498.449802399
3,"map(from: a)",256,64,104,0,0,294,0,719.344615936
3,"map(from: a)",256,64,104,0,0,294,1,713.050365448
3,"map(from: a)",256,64,104,0,0,294,2,717.103481293
3,"map(from: a)",256,64,104,0,0,294,3,719.058513641
3,"map(from: a)",256,64,104,0,0,294,4,715.899467468
3,"map(from: a)",256,64,104,0,0,294,5,717.949867249
3,"map(from: a)",256,64,104,0,0,294,6,721.299648285
3,"map(from: a)",256,64,104,0,0,294,7,714.099407196
3,"map(from: a)",256,64,104,0,0,294,8,723.052024841
3,"map(from: a)",256,64,104,0,0,294,9,719.940662384
3,"map(from: a)",256,64,104,0,0,3140,0,3228.855133057
3,"map(from: a)",256,64,104,0,0,3140,1,3247.547149658
3,"map(from: a)",256,64,104,0,0,3140,2,3138.053417206
3,"map(from: a)",256,64,104,0,0,3140,3,3145.599365234
3,"map(from: a)",256,64,104,0,0,3140,4,3155.589103699
3,"map(from: a)",256,64,104,0,0,3140,5,3137.600421906
3,"map(from: a)",256,64,104,0,0,3140,6,3191.399574280
3,"map(from: a)",256,64,104,0,0,3140,7,3116.452693939
3,"map(from: a)",256,64,104,0,0,3140,8,3183.102607727
3,"map(from: a)",256,64,104,0,0,3140,9,3192.746639252
3,"map(from: a)",256,64,104,0,0,4,0,463.593006134
3,"map(from: a)",256,64,104,0,0,4,1,463.390350342
3,"map(from: a)",256,64,104,0,0,4,2,463.545322418
3,"map(from: a)",256,64,104,0,0,4,3,464.010238647
3,"map(from: a)",256,64,104,0,0,4,4,463.998317719
3,"map(from: a)",256,64,104,0,0,4,5,463.700294495
3,"map(from: a)",256,64,104,0,0,4,6,464.904308319
3,"map(from: a)",256,64,104,0,0,4,7,463.950634003
3,"map(from: a)",256,64,104,0,0,4,8,463.354587555
3,"map(from: a)",256,64,104,0,0,4,9,463.199615479
3,"map(from: a)",256,64,104,0,0,1955,0,2184.557914734
3,"map(from: a)",256,64,104,0,0,1955,1,2178.549766541
3,"map(from: a)",256,64,104,0,0,1955,2,2206.039428711
3,"map(from: a)",256,64,104,0,0,1955,3,2110.743522644
3,"map(from: a)",256,64,104,0,0,1955,4,2140.152454376
3,"map(from: a)",256,64,104,0,0,1955,5,2148.652076721
3,"map(from: a)",256,64,104,0,0,1955,6,2125.859260559
3,"map(from: a)",256,64,104,0,0,1955,7,2136.898040771
3,"map(from: a)",256,64,104,0,0,1955,8,2159.655094147
3,"map(from: a)",256,64,104,0,0,1955,9,2124.404907227
3,"map(from: a)",256,64,104,0,0,183,0,620.496273041
3,"map(from: a)",256,64,104,0,0,183,1,617.909431458
3,"map(from: a)",256,64,104,0,0,183,2,619.506835938
3,"map(from: a)",256,64,104,0,0,183,3,620.245933533
3,"map(from: a)",256,64,104,0,0,183,4,618.851184845
3,"map(from: a)",256,64,104,0,0,183,5,622.045993805
3,"map(from: a)",256,64,104,0,0,183,6,620.448589325
3,"map(from: a)",256,64,104,0,0,183,7,619.101524353
3,"map(from: a)",256,64,104,0,0,183,8,623.893737793
3,"map(from: a)",256,64,104,0,0,183,9,619.149208069
3,"map(from: a)",256,64,104,0,0,8096,0,7610.201835632
3,"map(from: a)",256,64,104,0,0,8096,1,7655.751705170
3,"map(from: a)",256,64,104,0,0,8096,2,7577.407360077
3,"map(from: a)",256,64,104,0,0,8096,3,7541.799545288
3,"map(from: a)",256,64,104,0,0,8096,4,7468.307018280
3,"map(from: a)",256,64,104,0,0,8096,5,7281.100749969
3,"map(from: a)",256,64,104,0,0,8096,6,7502.806186676
3,"map(from: a)",256,64,104,0,0,8096,7,7384.943962097
3,"map(from: a)",256,64,104,0,0,8096,8,7426.297664642
3,"map(from: a)",256,64,104,0,0,8096,9,7445.704936981
3,"map(from: a)",256,64,104,0,0,758,0,1115.000247955
3,"map(from: a)",256,64,104,0,0,758,1,1116.299629211
3,"map(from: a)",256,64,104,0,0,758,2,1118.242740631
3,"map(from: a)",256,64,104,0,0,758,3,1114.451885223
3,"map(from: a)",256,64,104,0,0,758,4,1127.505302429
3,"map(from: a)",256,64,104,0,0,758,5,1110.041141510
3,"map(from: a)",256,64,104,0,0,758,6,1124.894618988
3,"map(from: a)",256,64,104,0,0,758,7,1128.041744232
3,"map(from: a)",256,64,104,0,0,758,8,1117.098331451
3,"map(from: a)",256,64,104,0,0,758,9,1127.207279205
3,"map(from: a)",256,64,104,0,0,71,0,522.744655609
3,"map(from: a)",256,64,104,0,0,71,1,523.054599762
3,"map(from: a)",256,64,104,0,0,71,2,524.795055389
3,"map(from: a)",256,64,104,0,0,71,3,523.495674133
3,"map(from: a)",256,64,104,0,0,71,4,521.349906921
3,"map(from: a)",256,64,104,0,0,71,5,520.801544189
3,"map(from: a)",256,64,104,0,0,71,6,520.896911621
3,"map(from: a)",256,64,104,0,0,71,7,521.647930145
3,"map(from: a)",256,64,104,0,0,71,8,521.850585938
3,"map(from: a)",256,64,104,0,0,71,9,520.443916321
3,"map(from: a)",256,64,104,0,0,2,0,461.149215698
3,"map(from: a)",256,64,104,0,0,2,1,461.244583130
3,"map(from: a)",256,64,104,0,0,2,2,460.803508759
3,"map(from: a)",256,64,104,0,0,2,3,460.803508759
3,"map(from: a)",256,64,104,0,0,2,4,460.648536682
3,"map(from: a)",256,64,104,0,0,2,5,461.542606354
3,"map(from: a)",256,64,104,0,0,2,6,461.852550507
3,"map(from: a)",256,64,104,0,0,2,7,461.399555206
3,"map(from: a)",256,64,104,0,0,2,8,461.196899414
3,"map(from: a)",256,64,104,0,0,2,9,460.946559906
3,"map(from: a)",256,64,104,0,0,11,0,468.707084656
3,"map(from: a)",256,64,104,0,0,11,1,468.802452087
3,"map(from: a)",256,64,104,0,0,11,2,469.291210175
3,"map(from: a)",256,64,104,0,0,11,3,469.303131104
3,"map(from: a)",256,64,104,0,0,11,4,469.148159027
3,"map(from: a)",256,64,104,0,0,11,5,468.599796295
3,"map(from: a)",256,64,104,0,0,11,6,468.659400940
3,"map(from: a)",256,64,104,0,0,11,7,468.599796295
3,"map(from: a)",256,64,104,0,0,11,8,468.206405640
3,"map(from: a)",256,64,104,0,0,11,9,468.397140503
3,"map(from: a)",256,64,104,0,0,28,0,483.155250549
3,"map(from: a)",256,64,104,0,0,28,1,483.596324921
3,"map(from: a)",256,64,104,0,0,28,2,484.049320221
3,"map(from: a)",256,64,104,0,0,28,3,483.155250549
3,"map(from: a)",256,64,104,0,0,28,4,484.156608582
3,"map(from: a)",256,64,104,0,0,28,5,483.953952789
3,"map(from: a)",256,64,104,0,0,28,6,483.846664429
3,"map(from: a)",256,64,104,0,0,28,7,484.502315521
3,"map(from: a)",256,64,104,0,0,28,8,483.989715576
3,"map(from: a)",256,64,104,0,0,28,9,484.251976013
3,"map(from: a)",256,64,104,0,0,5042,0,4900.503158569
3,"map(from: a)",256,64,104,0,0,5042,1,4869.496822357
3,"map(from: a)",256,64,104,0,0,5042,2,4971.647262573
3,"map(from: a)",256,64,104,0,0,5042,3,4863.452911377
3,"map(from: a)",256,64,104,0,0,5042,4,4951.047897339
3,"map(from: a)",256,64,104,0,0,5042,5,4973.053932190
3,"map(from: a)",256,64,104,0,0,5042,6,4753.601551056
3,"map(from: a)",256,64,104,0,0,5042,7,4790.496826172
3,"map(from: a)",256,64,104,0,0,5042,8,4847.097396851
3,"map(from: a)",256,64,104,0,0,5042,9,4749.345779419
3,"map(from: a)",256,64,104,0,0,1218,0,1515.245437622
3,"map(from: a)",256,64,104,0,0,1218,1,1499.247550964
3,"map(from: a)",256,64,104,0,0,1218,2,1510.608196259
3,"map(from: a)",256,64,104,0,0,1218,3,1512.455940247
3,"map(from: a)",256,64,104,0,0,1218,4,1512.753963470
3,"map(from: a)",256,64,104,0,0,1218,5,1515.400409698
3,"map(from: a)",256,64,104,0,0,1218,6,1520.550251007
3,"map(from: a)",256,64,104,0,0,1218,7,1504.254341125
3,"map(from: a)",256,64,104,0,0,1218,8,1534.354686737
3,"map(from: a)",256,64,104,0,0,1218,9,1506.102085114
3,"map(from: a)",256,64,104,0,0,472,0,875.151157379
3,"map(from: a)",256,64,104,0,0,472,1,877.702236176
3,"map(from: a)",256,64,104,0,0,472,2,871.145725250
3,"map(from: a)",256,64,104,0,0,472,3,875.949859619
3,"map(from: a)",256,64,104,0,0,472,4,881.052017212
3,"map(from: a)",256,64,104,0,0,472,5,870.597362518
3,"map(from: a)",256,64,104,0,0,472,6,881.099700928
3,"map(from: a)",256,64,104,0,0,472,7,862.503051758
3,"map(from: a)",256,64,104,0,0,472,8,862.300395966
3,"map(from: a)",256,64,104,0,0,472,9,866.103172302
3,"map(from: a)",512,64,104,0,0,7,0,464.200973511
3,"map(from: a)",512,64,104,0,0,7,1,465.953350067
3,"map(from: a)",512,64,104,0,0,7,2,465.202331543
3,"map(from: a)",512,64,104,0,0,7,3,464.749336243
3,"map(from: a)",512,64,104,0,0,7,4,465.106964111
3,"map(from: a)",512,64,104,0,0,7,5,465.250015259
3,"map(from: a)",512,64,104,0,0,7,6,465.953350067
3,"map(from: a)",512,64,104,0,0,7,7,465.941429138
3,"map(from: a)",512,64,104,0,0,7,8,465.095043182
3,"map(from: a)",512,64,104,0,0,7,9,465.357303619
3,"map(from: a)",512,64,104,0,0,114,0,561.749935150
3,"map(from: a)",512,64,104,0,0,114,1,559.151172638
3,"map(from: a)",512,64,104,0,0,114,2,562.596321106
3,"map(from: a)",512,64,104,0,0,114,3,561.642646790
3,"map(from: a)",512,64,104,0,0,114,4,559.496879578
3,"map(from: a)",512,64,104,0,0,114,5,558.102130890
3,"map(from: a)",512,64,104,0,0,114,6,557.398796082
3,"map(from: a)",512,64,104,0,0,114,7,558.495521545
3,"map(from: a)",512,64,104,0,0,114,8,558.149814606
3,"map(from: a)",512,64,104,0,0,114,9,557.255744934
3,"map(from: a)",512,64,104,0,0,3,0,461.757183075
3,"map(from: a)",512,64,104,0,0,3,1,461.292266846
3,"map(from: a)",512,64,104,0,0,3,2,461.554527283
3,"map(from: a)",512,64,104,0,0,3,3,462.102890015
3,"map(from: a)",512,64,104,0,0,3,4,461.089611053
3,"map(from: a)",512,64,104,0,0,3,5,462.400913239
3,"map(from: a)",512,64,104,0,0,3,6,461.947917938
3,"map(from: a)",512,64,104,0,0,3,7,461.351871490
3,"map(from: a)",512,64,104,0,0,3,8,461.804866791
3,"map(from: a)",512,64,104,0,0,3,9,463.402271271
3,"map(from: a)",512,64,104,0,0,17,0,475.096702576
3,"map(from: a)",512,64,104,0,0,17,1,475.704669952
3,"map(from: a)",512,64,104,0,0,17,2,475.549697876
3,"map(from: a)",512,64,104,0,0,17,3,475.192070007
3,"map(from: a)",512,64,104,0,0,17,4,475.549697876
3,"map(from: a)",512,64,104,0,0,17,5,474.250316620
3,"map(from: a)",512,64,104,0,0,17,6,475.192070007
3,"map(from: a)",512,64,104,0,0,17,7,474.309921265
3,"map(from: a)",512,64,104,0,0,17,8,474.548339844
3,"map(from: a)",512,64,104,0,0,17,9,475.049018860
3,"map(from: a)",512,64,104,0,0,1,0,460.243225098
3,"map(from: a)",512,64,104,0,0,1,1,460.457801819
3,"map(from: a)",512,64,104,0,0,1,2,460.290908813
3,"map(from: a)",512,64,104,0,0,1,3,460.755825043
3,"map(from: a)",512,64,104,0,0,1,4,461.697578430
3,"map(from: a)",512,64,104,0,0,1,5,460.600852966
3,"map(from: a)",512,64,104,0,0,1,6,460.803508759
3,"map(from: a)",512,64,104,0,0,1,7,460.648536682
3,"map(from: a)",512,64,104,0,0,1,8,460.851192474
3,"map(from: a)",512,64,104,0,0,1,9,460.708141327
3,"map(from: a)",512,64,104,0,0,44,0,498.950481415
3,"map(from: a)",512,64,104,0,0,44,1,499.200820923
3,"map(from: a)",512,64,104,0,0,44,2,499.355792999
3,"map(from: a)",512,64,104,0,0,44,3,499.343872070
3,"map(from: a)",512,64,104,0,0,44,4,498.902797699
3,"map(from: a)",512,64,104,0,0,44,5,499.796867371
3,"map(from: a)",512,64,104,0,0,44,6,497.055053711
3,"map(from: a)",512,64,104,0,0,44,7,498.056411743
3,"map(from: a)",512,64,104,0,0,44,8,498.104095459
3,"map(from: a)",512,64,104,0,0,44,9,497.496128082
3,"map(from: a)",512,64,104,0,0,294,0,715.541839600
3,"map(from: a)",512,64,104,0,0,294,1,711.047649384
3,"map(from: a)",512,64,104,0,0,294,2,713.551044464
3,"map(from: a)",512,64,104,0,0,294,3,713.908672333
3,"map(from: a)",512,64,104,0,0,294,4,714.659690857
3,"map(from: a)",512,64,104,0,0,294,5,715.398788452
3,"map(from: a)",512,64,104,0,0,294,6,716.257095337
3,"map(from: a)",512,64,104,0,0,294,7,712.144374847
3,"map(from: a)",512,64,104,0,0,294,8,720.000267029
3,"map(from: a)",512,64,104,0,0,294,9,712.895393372
3,"map(from: a)",512,64,104,0,0,3140,0,3220.748901367
3,"map(from: a)",512,64,104,0,0,3140,1,3236.889839172
3,"map(from: a)",512,64,104,0,0,3140,2,3194.141387939
3,"map(from: a)",512,64,104,0,0,3140,3,3226.542472839
3,"map(from: a)",512,64,104,0,0,3140,4,3262.495994568
3,"map(from: a)",512,64,104,0,0,3140,5,3194.642066956
3,"map(from: a)",512,64,104,0,0,3140,6,3259.396553040
3,"map(from: a)",512,64,104,0,0,3140,7,3137.540817261
3,"map(from: a)",512,64,104,0,0,3140,8,3138.101100922
3,"map(from: a)",512,64,104,0,0,3140,9,3160.047531128
3,"map(from: a)",512,64,104,0,0,4,0,463.604927063
3,"map(from: a)",512,64,104,0,0,4,1,464.403629303
3,"map(from: a)",512,64,104,0,0,4,2,463.306903839
3,"map(from: a)",512,64,104,0,0,4,3,463.902950287
3,"map(from: a)",512,64,104,0,0,4,4,463.342666626
3,"map(from: a)",512,64,104,0,0,4,5,464.355945587
3,"map(from: a)",512,64,104,0,0,4,6,463.902950287
3,"map(from: a)",512,64,104,0,0,4,7,464.248657227
3,"map(from: a)",512,64,104,0,0,4,8,463.807582855
3,"map(from: a)",512,64,104,0,0,4,9,464.749336243
3,"map(from: a)",512,64,104,0,0,1955,0,2191.042900085
3,"map(from: a)",512,64,104,0,0,1955,1,2142.751216888
3,"map(from: a)",512,64,104,0,0,1955,2,2199.053764343
3,"map(from: a)",512,64,104,0,0,1955,3,2169.704437256
3,"map(from: a)",512,64,104,0,0,1955,4,2184.057235718
3,"map(from: a)",512,64,104,0,0,1955,5,2188.098430634
3,"map(from: a)",512,64,104,0,0,1955,6,2192.699909210
3,"map(from: a)",512,64,104,0,0,1955,7,2169.895172119
3,"map(from: a)",512,64,104,0,0,1955,8,2131.199836731
3,"map(from: a)",512,64,104,0,0,1955,9,2121.543884277
3,"map(from: a)",512,64,104,0,0,183,0,620.055198669
3,"map(from: a)",512,64,104,0,0,183,1,615.298748016
3,"map(from: a)",512,64,104,0,0,183,2,618.648529053
3,"map(from: a)",512,64,104,0,0,183,3,619.089603424
3,"map(from: a)",512,64,104,0,0,183,4,616.848468781
3,"map(from: a)",512,64,104,0,0,183,5,618.898868561
3,"map(from: a)",512,64,104,0,0,183,6,620.901584625
3,"map(from: a)",512,64,104,0,0,183,7,616.896152496
3,"map(from: a)",512,64,104,0,0,183,8,621.855258942
3,"map(from: a)",512,64,104,0,0,183,9,618.946552277
3,"map(from: a)",512,64,104,0,0,8096,0,7514.107227325
3,"map(from: a)",512,64,104,0,0,8096,1,7561.647891998
3,"map(from: a)",512,64,104,0,0,8096,2,7534.551620483
3,"map(from: a)",512,64,104,0,0,8096,3,7589.900493622
3,"map(from: a)",512,64,104,0,0,8096,4,7594.907283783
3,"map(from: a)",512,64,104,0,0,8096,5,7542.347908020
3,"map(from: a)",512,64,104,0,0,8096,6,7722.103595734
3,"map(from: a)",512,64,104,0,0,8096,7,7551.538944244
3,"map(from: a)",512,64,104,0,0,8096,8,7505.595684052
3,"map(from: a)",512,64,104,0,0,8096,9,7431.697845459
3,"map(from: a)",512,64,104,0,0,758,0,1104.855537415
3,"map(from: a)",512,64,104,0,0,758,1,1111.400127411
3,"map(from: a)",512,64,104,0,0,758,2,1118.147373199
3,"map(from: a)",512,64,104,0,0,758,3,1102.209091187
3,"map(from: a)",512,64,104,0,0,758,4,1121.544837952
3,"map(from: a)",512,64,104,0,0,758,5,1111.948490143
3,"map(from: a)",512,64,104,0,0,758,6,1117.253303528
3,"map(from: a)",512,64,104,0,0,758,7,1119.446754456
3,"map(from: a)",512,64,104,0,0,758,8,1118.147373199
3,"map(from: a)",512,64,104,0,0,758,9,1119.554042816
3,"map(from: a)",512,64,104,0,0,71,0,522.506237030
3,"map(from: a)",512,64,104,0,0,71,1,521.850585938
3,"map(from: a)",512,64,104,0,0,71,2,524.199008942
3,"map(from: a)",512,64,104,0,0,71,3,521.349906921
3,"map(from: a)",512,64,104,0,0,71,4,523.245334625
3,"map(from: a)",512,64,104,0,0,71,5,524.556636810
3,"map(from: a)",512,64,104,0,0,71,6,523.602962494
3,"map(from: a)",512,64,104,0,0,71,7,523.757934570
3,"map(from: a)",512,64,104,0,0,71,8,523.602962494
3,"map(from: a)",512,64,104,0,0,71,9,521.349906921
3,"map(from: a)",512,64,104,0,0,2,0,461.101531982
3,"map(from: a)",512,64,104,0,0,2,1,460.946559906
3,"map(from: a)",512,64,104,0,0,2,2,460.553169250
3,"map(from: a)",512,64,104,0,0,2,3,460.946559906
3,"map(from: a)",512,64,104,0,0,2,4,460.350513458
3,"map(from: a)",512,64,104,0,0,2,5,460.803508759
3,"map(from: a)",512,64,104,0,0,2,6,460.755825043
3,"map(from: a)",512,64,104,0,0,2,7,460.851192474
3,"map(from: a)",512,64,104,0,0,2,8,460.898876190
3,"map(from: a)",512,64,104,0,0,2,9,461.149215698
3,"map(from: a)",512,64,104,0,0,11,0,468.742847443
3,"map(from: a)",512,64,104,0,0,11,1,468.945503235
3,"map(from: a)",512,64,104,0,0,11,2,468.552112579
3,"map(from: a)",512,64,104,0,0,11,3,468.897819519
3,"map(from: a)",512,64,104,0,0,11,4,469.255447388
3,"map(from: a)",512,64,104,0,0,11,5,468.850135803
3,"map(from: a)",512,64,104,0,0,11,6,469.994544983
3,"map(from: a)",512,64,104,0,0,11,7,469.160079956
3,"map(from: a)",512,64,104,0,0,11,8,468.957424164
3,"map(from: a)",512,64,104,0,0,11,9,469.255447388
3,"map(from: a)",512,64,104,0,0,28,0,483.000278473
3,"map(from: a)",512,64,104,0,0,28,1,483.357906342
3,"map(from: a)",512,64,104,0,0,28,2,483.906269073
3,"map(from: a)",512,64,104,0,0,28,3,483.298301697
3,"map(from: a)",512,64,104,0,0,28,4,483.989715576
3,"map(from: a)",512,64,104,0,0,28,5,483.000278473
3,"map(from: a)",512,64,104,0,0,28,6,483.846664429
3,"map(from: a)",512,64,104,0,0,28,7,484.549999237
3,"map(from: a)",512,64,104,0,0,28,8,483.298301697
3,"map(from: a)",512,64,104,0,0,28,9,483.500957489
3,"map(from: a)",512,64,104,0,0,5042,0,4913.198947906
3,"map(from: a)",512,64,104,0,0,5042,1,4779.958724976
3,"map(from: a)",512,64,104,0,0,5042,2,4920.399188995
3,"map(from: a)",512,64,104,0,0,5042,3,4858.446121216
3,"map(from: a)",512,64,104,0,0,5042,4,4881.799221039
3,"map(from: a)",512,64,104,0,0,5042,5,4906.547069550
3,"map(from: a)",512,64,104,0,0,5042,6,4897.499084473
3,"map(from: a)",512,64,104,0,0,5042,7,4919.803142548
3,"map(from: a)",512,64,104,0,0,5042,8,4925.906658173
3,"map(from: a)",512,64,104,0,0,5042,9,4911.744594574
3,"map(from: a)",512,64,104,0,0,1218,0,1546.394824982
3,"map(from: a)",512,64,104,0,0,1218,1,1486.599445343
3,"map(from: a)",512,64,104,0,0,1218,2,1507.198810577
3,"map(from: a)",512,64,104,0,0,1218,3,1510.393619537
3,"map(from: a)",512,64,104,0,0,1218,4,1497.495174408
3,"map(from: a)",512,64,104,0,0,1218,5,1504.850387573
3,"map(from: a)",512,64,104,0,0,1218,6,1519.906520844
3,"map(from: a)",512,64,104,0,0,1218,7,1495.945453644
3,"map(from: a)",512,64,104,0,0,1218,8,1524.949073792
3,"map(from: a)",512,64,104,0,0,1218,9,1507.496833801
3,"map(from: a)",512,64,104,0,0,472,0,869.750976562
3,"map(from: a)",512,64,104,0,0,472,1,871.896743774
3,"map(from: a)",512,64,104,0,0,472,2,869.703292847
3,"map(from: a)",512,64,104,0,0,472,3,872.850418091
3,"map(from: a)",512,64,104,0,0,472,4,873.303413391
3,"map(from: a)",512,64,104,0,0,472,5,869.345664978
3,"map(from: a)",512,64,104,0,0,472,6,880.694389343
3,"map(from: a)",512,64,104,0,0,472,7,870.144367218
3,"map(from: a)",512,64,104,0,0,472,8,877.451896667
3,"map(from: a)",512,64,104,0,0,472,9,880.098342896
3,"map(from: a)",1024,64,104,0,0,7,0,463.998317719
3,"map(from: a)",1024,64,104,0,0,7,1,466.394424438
3,"map(from: a)",1024,64,104,0,0,7,2,465.643405914
3,"map(from: a)",1024,64,104,0,0,7,3,465.095043182
3,"map(from: a)",1024,64,104,0,0,7,4,465.810298920
3,"map(from: a)",1024,64,104,0,0,7,5,465.893745422
3,"map(from: a)",1024,64,104,0,0,7,6,466.144084930
3,"map(from: a)",1024,64,104,0,0,7,7,465.703010559
3,"map(from: a)",1024,64,104,0,0,7,8,465.798377991
3,"map(from: a)",1024,64,104,0,0,7,9,465.452671051
3,"map(from: a)",1024,64,104,0,0,114,0,559.902191162
3,"map(from: a)",1024,64,104,0,0,114,1,559.043884277
3,"map(from: a)",1024,64,104,0,0,114,2,561.654567719
3,"map(from: a)",1024,64,104,0,0,114,3,558.948516846
3,"map(from: a)",1024,64,104,0,0,114,4,561.392307281
3,"map(from: a)",1024,64,104,0,0,114,5,561.749935150
3,"map(from: a)",1024,64,104,0,0,114,6,560.390949249
3,"map(from: a)",1024,64,104,0,0,114,7,562.155246735
3,"map(from: a)",1024,64,104,0,0,114,8,562.906265259
3,"map(from: a)",1024,64,104,0,0,114,9,556.993484497
3,"map(from: a)",1024,64,104,0,0,3,0,463.008880615
3,"map(from: a)",1024,64,104,0,0,3,1,461.649894714
3,"map(from: a)",1024,64,104,0,0,3,2,462.460517883
3,"map(from: a)",1024,64,104,0,0,3,3,462.055206299
3,"map(from: a)",1024,64,104,0,0,3,4,462.150573730
3,"map(from: a)",1024,64,104,0,0,3,5,461.697578430
3,"map(from: a)",1024,64,104,0,0,3,6,461.649894714
3,"map(from: a)",1024,64,104,0,0,3,7,461.196899414
3,"map(from: a)",1024,64,104,0,0,3,8,462.794303894
3,"map(from: a)",1024,64,104,0,0,3,9,461.947917938
3,"map(from: a)",1024,64,104,0,0,17,0,475.203990936
3,"map(from: a)",1024,64,104,0,0,17,1,475.656986237
3,"map(from: a)",1024,64,104,0,0,17,2,474.941730499
3,"map(from: a)",1024,64,104,0,0,17,3,475.943088531
3,"map(from: a)",1024,64,104,0,0,17,4,476.300716400
3,"map(from: a)",1024,64,104,0,0,17,5,475.895404816
3,"map(from: a)",1024,64,104,0,0,17,6,476.145744324
3,"map(from: a)",1024,64,104,0,0,17,7,475.239753723
3,"map(from: a)",1024,64,104,0,0,17,8,476.706027985
3,"map(from: a)",1024,64,104,0,0,17,9,475.502014160
3,"map(from: a)",1024,64,104,0,0,1,0,461.196899414
3,"map(from: a)",1024,64,104,0,0,1,1,460.755825043
3,"map(from: a)",1024,64,104,0,0,1,2,461.196899414
3,"map(from: a)",1024,64,104,0,0,1,3,461.447238922
3,"map(from: a)",1024,64,104,0,0,1,4,461.053848267
3,"map(from: a)",1024,64,104,0,0,1,5,460.505485535
3,"map(from: a)",1024,64,104,0,0,1,6,461.256504059
3,"map(from: a)",1024,64,104,0,0,1,7,460.755825043
3,"map(from: a)",1024,64,104,0,0,1,8,461.101531982
3,"map(from: a)",1024,64,104,0,0,1,9,460.553169250
3,"map(from: a)",1024,64,104,0,0,44,0,498.843193054
3,"map(from: a)",1024,64,104,0,0,44,1,497.794151306
3,"map(from: a)",1024,64,104,0,0,44,2,499.606132507
3,"map(from: a)",1024,64,104,0,0,44,3,499.153137207
3,"map(from: a)",1024,64,104,0,0,44,4,499.701499939
3,"map(from: a)",1024,64,104,0,0,44,5,499.439239502
3,"map(from: a)",1024,64,104,0,0,44,6,498.950481415
3,"map(from: a)",1024,64,104,0,0,44,7,499.606132507
3,"map(from: a)",1024,64,104,0,0,44,8,499.904155731
3,"map(from: a)",1024,64,104,0,0,44,9,500.297546387
3,"map(from: a)",1024,64,104,0,0,294,0,723.648071289
3,"map(from: a)",1024,64,104,0,0,294,1,708.544254303
3,"map(from: a)",1024,64,104,0,0,294,2,712.752342224
3,"map(from: a)",1024,64,104,0,0,294,3,714.600086212
3,"map(from: a)",1024,64,104,0,0,294,4,710.999965668
3,"map(from: a)",1024,64,104,0,0,294,5,712.800025940
3,"map(from: a)",1024,64,104,0,0,294,6,716.555118561
3,"map(from: a)",1024,64,104,0,0,294,7,710.296630859
3,"map(from: a)",1024,64,104,0,0,294,8,717.890262604
3,"map(from: a)",1024,64,104,0,0,294,9,714.004039764
3,"map(from: a)",1024,64,104,0,0,3140,0,3186.810016632
3,"map(from: a)",1024,64,104,0,0,3140,1,3197.801113129
3,"map(from: a)",1024,64,104,0,0,3140,2,3183.889389038
3,"map(from: a)",1024,64,104,0,0,3140,3,3202.354907990
3,"map(from: a)",1024,64,104,0,0,3140,4,3207.159042358
3,"map(from: a)",1024,64,104,0,0,3140,5,3180.992603302
3,"map(from: a)",1024,64,104,0,0,3140,6,3259.098529816
3,"map(from: a)",1024,64,104,0,0,3140,7,3188.800811768
3,"map(from: a)",1024,64,104,0,0,3140,8,3233.098983765
3,"map(from: a)",1024,64,104,0,0,3140,9,3252.851963043
3,"map(from: a)",1024,64,104,0,0,4,0,464.403629303
3,"map(from: a)",1024,64,104,0,0,4,1,463.950634003
3,"map(from: a)",1024,64,104,0,0,4,2,463.807582855
3,"map(from: a)",1024,64,104,0,0,4,3,463.700294495
3,"map(from: a)",1024,64,104,0,0,4,4,464.153289795
3,"map(from: a)",1024,64,104,0,0,4,5,464.546680450
3,"map(from: a)",1024,64,104,0,0,4,6,463.795661926
3,"map(from: a)",1024,64,104,0,0,4,7,463.902950287
3,"map(from: a)",1024,64,104,0,0,4,8,464.344024658
3,"map(from: a)",1024,64,104,0,0,4,9,464.248657227
3,"map(from: a)",1024,64,104,0,0,1955,0,2158.200740814
3,"map(from: a)",1024,64,104,0,0,1955,1,2149.546146393
3,"map(from: a)",1024,64,104,0,0,1955,2,2181.553840637
3,"map(from: a)",1024,64,104,0,0,1955,3,2133.703231812
3,"map(from: a)",1024,64,104,0,0,1955,4,2172.255516052
3,"map(from: a)",1024,64,104,0,0,1955,5,2179.896831512
3,"map(from: a)",1024,64,104,0,0,1955,6,2156.293392181
3,"map(from: a)",1024,64,104,0,0,1955,7,2181.243896484
3,"map(from: a)",1024,64,104,0,0,1955,8,2201.604843140
3,"map(from: a)",1024,64,104,0,0,1955,9,2158.594131470
3,"map(from: a)",1024,64,104,0,0,183,0,624.692440033
3,"map(from: a)",1024,64,104,0,0,183,1,622.749328613
3,"map(from: a)",1024,64,104,0,0,183,2,619.852542877
3,"map(from: a)",1024,64,104,0,0,183,3,617.456436157
3,"map(from: a)",1024,64,104,0,0,183,4,618.100166321
3,"map(from: a)",1024,64,104,0,0,183,5,617.802143097
3,"map(from: a)",1024,64,104,0,0,183,6,617.599487305
3,"map(from: a)",1024,64,104,0,0,183,7,617.504119873
3,"map(from: a)",1024,64,104,0,0,183,8,620.746612549
3,"map(from: a)",1024,64,104,0,0,183,9,616.550445557
3,"map(from: a)",1024,64,104,0,0,8096,0,7523.298263550
3,"map(from: a)",1024,64,104,0,0,8096,1,7546.091079712
3,"map(from: a)",1024,64,104,0,0,8096,2,7446.599006653
3,"map(from: a)",1024,64,104,0,0,8096,3,7499.241828918
3,"map(from: a)",1024,64,104,0,0,8096,4,7592.296600342
3,"map(from: a)",1024,64,104,0,0,8096,5,7409.596443176
3,"map(from: a)",1024,64,104,0,0,8096,6,7640.850543976
3,"map(from: a)",1024,64,104,0,0,8096,7,7530.641555786
3,"map(from: a)",1024,64,104,0,0,8096,8,7566.750049591
3,"map(from: a)",1024,64,104,0,0,8096,9,7599.651813507
3,"map(from: a)",1024,64,104,0,0,758,0,1127.707958221
3,"map(from: a)",1024,64,104,0,0,758,1,1131.153106689
3,"map(from: a)",1024,64,104,0,0,758,2,1132.357120514
3,"map(from: a)",1024,64,104,0,0,758,3,1107.394695282
3,"map(from: a)",1024,64,104,0,0,758,4,1118.755340576
3,"map(from: a)",1024,64,104,0,0,758,5,1102.650165558
3,"map(from: a)",1024,64,104,0,0,758,6,1113.593578339
3,"map(from: a)",1024,64,104,0,0,758,7,1114.559173584
3,"map(from: a)",1024,64,104,0,0,758,8,1107.096672058
3,"map(from: a)",1024,64,104,0,0,758,9,1114.594936371
3,"map(from: a)",1024,64,104,0,0,71,0,523.304939270
3,"map(from: a)",1024,64,104,0,0,71,1,521.552562714
3,"map(from: a)",1024,64,104,0,0,71,2,523.209571838
3,"map(from: a)",1024,64,104,0,0,71,3,521.695613861
3,"map(from: a)",1024,64,104,0,0,71,4,523.102283478
3,"map(from: a)",1024,64,104,0,0,71,5,523.352622986
3,"map(from: a)",1024,64,104,0,0,71,6,523.996353149
3,"map(from: a)",1024,64,104,0,0,71,7,523.400306702
3,"map(from: a)",1024,64,104,0,0,71,8,524.497032166
3,"map(from: a)",1024,64,104,0,0,71,9,522.899627686
3,"map(from: a)",1024,64,104,0,0,2,0,461.602210999
3,"map(from: a)",1024,64,104,0,0,2,1,461.602210999
3,"map(from: a)",1024,64,104,0,0,2,2,461.852550507
3,"map(from: a)",1024,64,104,0,0,2,3,461.947917938
3,"map(from: a)",1024,64,104,0,0,2,4,461.304187775
3,"map(from: a)",1024,64,104,0,0,2,5,461.208820343
3,"map(from: a)",1024,64,104,0,0,2,6,461.804866791
3,"map(from: a)",1024,64,104,0,0,2,7,462.245941162
3,"map(from: a)",1024,64,104,0,0,2,8,461.792945862
3,"map(from: a)",1024,64,104,0,0,2,9,461.351871490
3,"map(from: a)",1024,64,104,0,0,11,0,469.398498535
3,"map(from: a)",1024,64,104,0,0,11,1,469.160079956
3,"map(from: a)",1024,64,104,0,0,11,2,468.897819519
3,"map(from: a)",1024,64,104,0,0,11,3,469.195842743
3,"map(from: a)",1024,64,104,0,0,11,4,469.243526459
3,"map(from: a)",1024,64,104,0,0,11,5,469.100475311
3,"map(from: a)",1024,64,104,0,0,11,6,469.708442688
3,"map(from: a)",1024,64,104,0,0,11,7,469.458103180
3,"map(from: a)",1024,64,104,0,0,11,8,470.149517059
3,"map(from: a)",1024,64,104,0,0,11,9,469.851493835
3,"map(from: a)",1024,64,104,0,0,28,0,484.704971313
3,"map(from: a)",1024,64,104,0,0,28,1,485.455989838
3,"map(from: a)",1024,64,104,0,0,28,2,485.503673553
3,"map(from: a)",1024,64,104,0,0,28,3,484.895706177
3,"map(from: a)",1024,64,104,0,0,28,4,485.205650330
3,"map(from: a)",1024,64,104,0,0,28,5,484.406948090
3,"map(from: a)",1024,64,104,0,0,28,6,483.548641205
3,"map(from: a)",1024,64,104,0,0,28,7,484.049320221
3,"map(from: a)",1024,64,104,0,0,28,8,484.251976013
3,"map(from: a)",1024,64,104,0,0,28,9,484.251976013
3,"map(from: a)",1024,64,104,0,0,5042,0,4810.595512390
3,"map(from: a)",1024,64,104,0,0,5042,1,4800.748825073
3,"map(from: a)",1024,64,104,0,0,5042,2,4892.456531525
3,"map(from: a)",1024,64,104,0,0,5042,3,4789.745807648
3,"map(from: a)",1024,64,104,0,0,5042,4,4880.845546722
3,"map(from: a)",1024,64,104,0,0,5042,5,4889.845848083
3,"map(from: a)",1024,64,104,0,0,5042,6,4804.539680481
3,"map(from: a)",1024,64,104,0,0,5042,7,4874.455928802
3,"map(from: a)",1024,64,104,0,0,5042,8,4928.243160248
3,"map(from: a)",1024,64,104,0,0,5042,9,4816.198348999
3,"map(from: a)",1024,64,104,0,0,1218,0,1543.056964874
3,"map(from: a)",1024,64,104,0,0,1218,1,1526.200771332
3,"map(from: a)",1024,64,104,0,0,1218,2,1532.697677612
3,"map(from: a)",1024,64,104,0,0,1218,3,1535.654067993
3,"map(from: a)",1024,64,104,0,0,1218,4,1537.740230560
3,"map(from: a)",1024,64,104,0,0,1218,5,1527.547836304
3,"map(from: a)",1024,64,104,0,0,1218,6,1501.047611237
3,"map(from: a)",1024,64,104,0,0,1218,7,1494.801044464
3,"map(from: a)",1024,64,104,0,0,1218,8,1521.360874176
3,"map(from: a)",1024,64,104,0,0,1218,9,1489.698886871
3,"map(from: a)",1024,64,104,0,0,472,0,868.010520935
3,"map(from: a)",1024,64,104,0,0,472,1,869.095325470
3,"map(from: a)",1024,64,104,0,0,472,2,865.149497986
3,"map(from: a)",1024,64,104,0,0,472,3,869.345664978
3,"map(from: a)",1024,64,104,0,0,472,4,874.757766724
3,"map(from: a)",1024,64,104,0,0,472,5,864.493846893
3,"map(from: a)",1024,64,104,0,0,472,6,875.544548035
3,"map(from: a)",1024,64,104,0,0,472,7,868.749618530
3,"map(from: a)",1024,64,104,0,0,472,8,871.646404266
3,"map(from: a)",1024,64,104,0,0,472,9,874.340534210
3,"map(from: a)",2048,64,104,0,0,7,0,464.749336243
3,"map(from: a)",2048,64,104,0,0,7,1,467.002391815
3,"map(from: a)",2048,64,104,0,0,7,2,466.394424438
3,"map(from: a)",2048,64,104,0,0,7,3,465.404987335
3,"map(from: a)",2048,64,104,0,0,7,4,465.846061707
3,"map(from: a)",2048,64,104,0,0,7,5,465.703010559
3,"map(from: a)",2048,64,104,0,0,7,6,465.548038483
3,"map(from: a)",2048,64,104,0,0,7,7,466.001033783
3,"map(from: a)",2048,64,104,0,0,7,8,465.941429138
3,"map(from: a)",2048,64,104,0,0,7,9,465.548038483
3,"map(from: a)",2048,64,104,0,0,114,0,560.700893402
3,"map(from: a)",2048,64,104,0,0,114,1,557.899475098
3,"map(from: a)",2048,64,104,0,0,114,2,561.296939850
3,"map(from: a)",2048,64,104,0,0,114,3,559.306144714
3,"map(from: a)",2048,64,104,0,0,114,4,559.794902802
3,"map(from: a)",2048,64,104,0,0,114,5,560.200214386
3,"map(from: a)",2048,64,104,0,0,114,6,559.949874878
3,"map(from: a)",2048,64,104,0,0,114,7,561.153888702
3,"map(from: a)",2048,64,104,0,0,114,8,561.654567719
3,"map(from: a)",2048,64,104,0,0,114,9,560.450553894
3,"map(from: a)",2048,64,104,0,0,3,0,462.853908539
3,"map(from: a)",2048,64,104,0,0,3,1,462.698936462
3,"map(from: a)",2048,64,104,0,0,3,2,462.496280670
3,"map(from: a)",2048,64,104,0,0,3,3,463.652610779
3,"map(from: a)",2048,64,104,0,0,3,4,461.840629578
3,"map(from: a)",2048,64,104,0,0,3,5,462.794303894
3,"map(from: a)",2048,64,104,0,0,3,6,462.150573730
3,"map(from: a)",2048,64,104,0,0,3,7,462.102890015
3,"map(from: a)",2048,64,104,0,0,3,8,462.210178375
3,"map(from: a)",2048,64,104,0,0,3,9,461.447238922
3,"map(from: a)",2048,64,104,0,0,17,0,475.740432739
3,"map(from: a)",2048,64,104,0,0,17,1,475.597381592
3,"map(from: a)",2048,64,104,0,0,17,2,476.002693176
3,"map(from: a)",2048,64,104,0,0,17,3,475.704669952
3,"map(from: a)",2048,64,104,0,0,17,4,476.253032684
3,"map(from: a)",2048,64,104,0,0,17,5,475.251674652
3,"map(from: a)",2048,64,104,0,0,17,6,476.849079132
3,"map(from: a)",2048,64,104,0,0,17,7,475.740432739
3,"map(from: a)",2048,64,104,0,0,17,8,476.491451263
3,"map(from: a)",2048,64,104,0,0,17,9,476.145744324
3,"map(from: a)",2048,64,104,0,0,1,0,461.459159851
3,"map(from: a)",2048,64,104,0,0,1,1,462.007522583
3,"map(from: a)",2048,64,104,0,0,1,2,461.447238922
3,"map(from: a)",2048,64,104,0,0,1,3,461.351871490
3,"map(from: a)",2048,64,104,0,0,1,4,461.542606354
3,"map(from: a)",2048,64,104,0,0,1,5,461.351871490
3,"map(from: a)",2048,64,104,0,0,1,6,461.149215698
3,"map(from: a)",2048,64,104,0,0,1,7,461.244583130
3,"map(from: a)",2048,64,104,0,0,1,8,461.447238922
3,"map(from: a)",2048,64,104,0,0,1,9,461.745262146
3,"map(from: a)",2048,64,104,0,0,44,0,498.652458191
3,"map(from: a)",2048,64,104,0,0,44,1,498.902797699
3,"map(from: a)",2048,64,104,0,0,44,2,499.391555786
3,"map(from: a)",2048,64,104,0,0,44,3,498.402118683
3,"map(from: a)",2048,64,104,0,0,44,4,499.296188354
3,"map(from: a)",2048,64,104,0,0,44,5,499.653816223
3,"map(from: a)",2048,64,104,0,0,44,6,498.700141907
3,"map(from: a)",2048,64,104,0,0,44,7,499.200820923
3,"map(from: a)",2048,64,104,0,0,44,8,499.999523163
3,"map(from: a)",2048,64,104,0,0,44,9,498.950481415
3,"map(from: a)",2048,64,104,0,0,294,0,722.348690033
3,"map(from: a)",2048,64,104,0,0,294,1,719.249248505
3,"map(from: a)",2048,64,104,0,0,294,2,720.345973969
3,"map(from: a)",2048,64,104,0,0,294,3,721.251964569
3,"map(from: a)",2048,64,104,0,0,294,4,721.359252930
3,"map(from: a)",2048,64,104,0,0,294,5,718.450546265
3,"map(from: a)",2048,64,104,0,0,294,6,712.597370148
3,"map(from: a)",2048,64,104,0,0,294,7,710.344314575
3,"map(from: a)",2048,64,104,0,0,294,8,716.805458069
3,"map(from: a)",2048,64,104,0,0,294,9,709.843635559
3,"map(from: a)",2048,64,104,0,0,3140,0,3173.995018005
3,"map(from: a)",2048,64,104,0,0,3140,1,3178.203105927
3,"map(from: a)",2048,64,104,0,0,3140,2,3150.904178619
3,"map(from: a)",2048,64,104,0,0,3140,3,3178.989887238
3,"map(from: a)",2048,64,104,0,0,3140,4,3215.360641479
3,"map(from: a)",2048,64,104,0,0,3140,5,3148.400783539
3,"map(from: a)",2048,64,104,0,0,3140,6,3220.450878143
3,"map(from: a)",2048,64,104,0,0,3140,7,3174.090385437
3,"map(from: a)",2048,64,104,0,0,3140,8,3194.749355316
3,"map(from: a)",2048,64,104,0,0,3140,9,3211.402893066
3,"map(from: a)",2048,64,104,0,0,4,0,464.999675751
3,"map(from: a)",2048,64,104,0,0,4,1,464.844703674
3,"map(from: a)",2048,64,104,0,0,4,2,464.046001434
3,"map(from: a)",2048,64,104,0,0,4,3,464.439392090
3,"map(from: a)",2048,64,104,0,0,4,4,464.391708374
3,"map(from: a)",2048,64,104,0,0,4,5,463.998317719
3,"map(from: a)",2048,64,104,0,0,4,6,464.141368866
3,"map(from: a)",2048,64,104,0,0,4,7,463.855266571
3,"map(from: a)",2048,64,104,0,0,4,8,464.260578156
3,"map(from: a)",2048,64,104,0,0,4,9,464.498996735
3,"map(from: a)",2048,64,104,0,0,1955,0,2154.850959778
3,"map(from: a)",2048,64,104,0,0,1955,1,2116.990089417
3,"map(from: a)",2048,64,104,0,0,1955,2,2164.244651794
3,"map(from: a)",2048,64,104,0,0,1955,3,2142.953872681
3,"map(from: a)",2048,64,104,0,0,1955,4,2153.491973877
3,"map(from: a)",2048,64,104,0,0,1955,5,2160.108089447
3,"map(from: a)",2048,64,104,0,0,1955,6,2155.005931854
3,"map(from: a)",2048,64,104,0,0,1955,7,2161.347866058
3,"map(from: a)",2048,64,104,0,0,1955,8,2161.943912506
3,"map(from: a)",2048,64,104,0,0,1955,9,2149.951457977
3,"map(from: a)",2048,64,104,0,0,183,0,623.750686646
3,"map(from: a)",2048,64,104,0,0,183,1,619.196891785
3,"map(from: a)",2048,64,104,0,0,183,2,622.701644897
3,"map(from: a)",2048,64,104,0,0,183,3,623.297691345
3,"map(from: a)",2048,64,104,0,0,183,4,621.497631073
3,"map(from: a)",2048,64,104,0,0,183,5,623.607635498
3,"map(from: a)",2048,64,104,0,0,183,6,626.242160797
3,"map(from: a)",2048,64,104,0,0,183,7,616.204738617
3,"map(from: a)",2048,64,104,0,0,183,8,619.697570801
3,"map(from: a)",2048,64,104,0,0,183,9,616.955757141
3,"map(from: a)",2048,64,104,0,0,8096,0,7435.703277588
3,"map(from: a)",2048,64,104,0,0,8096,1,7420.504093170
3,"map(from: a)",2048,64,104,0,0,8096,2,7433.795928955
3,"map(from: a)",2048,64,104,0,0,8096,3,7456.648349762
3,"map(from: a)",2048,64,104,0,0,8096,4,7462.251186371
3,"map(from: a)",2048,64,104,0,0,8096,5,7439.494132996
3,"map(from: a)",2048,64,104,0,0,8096,6,7589.602470398
3,"map(from: a)",2048,64,104,0,0,8096,7,7425.749301910
3,"map(from: a)",2048,64,104,0,0,8096,8,7527.804374695
3,"map(from: a)",2048,64,104,0,0,8096,9,7568.156719208
3,"map(from: a)",2048,64,104,0,0,758,0,1115.703582764
3,"map(from: a)",2048,64,104,0,0,758,1,1129.198074341
3,"map(from: a)",2048,64,104,0,0,758,2,1132.857799530
3,"map(from: a)",2048,64,104,0,0,758,3,1115.655899048
3,"map(from: a)",2048,64,104,0,0,758,4,1136.195659637
3,"map(from: a)",2048,64,104,0,0,758,5,1128.292083740
3,"map(from: a)",2048,64,104,0,0,758,6,1129.651069641
3,"map(from: a)",2048,64,104,0,0,758,7,1133.394241333
3,"map(from: a)",2048,64,104,0,0,758,8,1107.895374298
3,"map(from: a)",2048,64,104,0,0,758,9,1109.790802002
3,"map(from: a)",2048,64,104,0,0,71,0,522.506237030
3,"map(from: a)",2048,64,104,0,0,71,1,521.492958069
3,"map(from: a)",2048,64,104,0,0,71,2,523.304939270
3,"map(from: a)",2048,64,104,0,0,71,3,521.051883698
3,"map(from: a)",2048,64,104,0,0,71,4,522.089004517
3,"map(from: a)",2048,64,104,0,0,71,5,523.257255554
3,"map(from: a)",2048,64,104,0,0,71,6,521.945953369
3,"map(from: a)",2048,64,104,0,0,71,7,522.744655609
3,"map(from: a)",2048,64,104,0,0,71,8,524.055957794
3,"map(from: a)",2048,64,104,0,0,71,9,522.255897522
3,"map(from: a)",2048,64,104,0,0,2,0,462.448596954
3,"map(from: a)",2048,64,104,0,0,2,1,461.649894714
3,"map(from: a)",2048,64,104,0,0,2,2,461.554527283
3,"map(from: a)",2048,64,104,0,0,2,3,461.792945862
3,"map(from: a)",2048,64,104,0,0,2,4,461.256504059
3,"map(from: a)",2048,64,104,0,0,2,5,462.138652802
3,"map(from: a)",2048,64,104,0,0,2,6,461.804866791
3,"map(from: a)",2048,64,104,0,0,2,7,461.006164551
3,"map(from: a)",2048,64,104,0,0,2,8,461.947917938
3,"map(from: a)",2048,64,104,0,0,2,9,461.757183075
3,"map(from: a)",2048,64,104,0,0,11,0,468.945503235
3,"map(from: a)",2048,64,104,0,0,11,1,468.790531158
3,"map(from: a)",2048,64,104,0,0,11,2,468.897819519
3,"map(from: a)",2048,64,104,0,0,11,3,469.100475311
3,"map(from: a)",2048,64,104,0,0,11,4,469.350814819
3,"map(from: a)",2048,64,104,0,0,11,5,468.456745148
3,"map(from: a)",2048,64,104,0,0,11,6,469.255447388
3,"map(from: a)",2048,64,104,0,0,11,7,469.446182251
3,"map(from: a)",2048,64,104,0,0,11,8,469.052791595
3,"map(from: a)",2048,64,104,0,0,11,9,469.601154327
3,"map(from: a)",2048,64,104,0,0,28,0,483.846664429
3,"map(from: a)",2048,64,104,0,0,28,1,484.502315521
3,"map(from: a)",2048,64,104,0,0,28,2,484.347343445
3,"map(from: a)",2048,64,104,0,0,28,3,484.204292297
3,"map(from: a)",2048,64,104,0,0,28,4,485.694408417
3,"map(from: a)",2048,64,104,0,0,28,5,484.549999237
3,"map(from: a)",2048,64,104,0,0,28,6,485.146045685
3,"map(from: a)",2048,64,104,0,0,28,7,485.193729401
3,"map(from: a)",2048,64,104,0,0,28,8,484.299659729
3,"map(from: a)",2048,64,104,0,0,28,9,484.204292297
3,"map(from: a)",2048,64,104,0,0,5042,0,4830.598831177
3,"map(from: a)",2048,64,104,0,0,5042,1,4714.453220367
3,"map(from: a)",2048,64,104,0,0,5042,2,4853.200912476
3,"map(from: a)",2048,64,104,0,0,5042,3,4780.149459839
3,"map(from: a)",2048,64,104,0,0,5042,4,4805.350303650
3,"map(from: a)",2048,64,104,0,0,5042,5,4818.451404572
3,"map(from: a)",2048,64,104,0,0,5042,6,4831.957817078
3,"map(from: a)",2048,64,104,0,0,5042,7,4835.653305054
3,"map(from: a)",2048,64,104,0,0,5042,8,4850.554466248
3,"map(from: a)",2048,64,104,0,0,5042,9,4826.700687408
3,"map(from: a)",2048,64,104,0,0,1218,0,1531.696319580
3,"map(from: a)",2048,64,104,0,0,1218,1,1502.895355225
3,"map(from: a)",2048,64,104,0,0,1218,2,1526.546478271
3,"map(from: a)",2048,64,104,0,0,1218,3,1531.851291656
3,"map(from: a)",2048,64,104,0,0,1218,4,1515.150070190
3,"map(from: a)",2048,64,104,0,0,1218,5,1533.091068268
3,"map(from: a)",2048,64,104,0,0,1218,6,1540.744304657
3,"map(from: a)",2048,64,104,0,0,1218,7,1518.261432648
3,"map(from: a)",2048,64,104,0,0,1218,8,1549.398899078
3,"map(from: a)",2048,64,104,0,0,1218,9,1536.250114441
3,"map(from: a)",2048,64,104,0,0,472,0,870.501995087
3,"map(from: a)",2048,64,104,0,0,472,1,865.101814270
3,"map(from: a)",2048,64,104,0,0,472,2,864.851474762
3,"map(from: a)",2048,64,104,0,0,472,3,867.903232574
3,"map(from: a)",2048,64,104,0,0,472,4,865.042209625
3,"map(from: a)",2048,64,104,0,0,472,5,863.850116730
3,"map(from: a)",2048,64,104,0,0,472,6,873.804092407
3,"map(from: a)",2048,64,104,0,0,472,7,861.656665802
3,"map(from: a)",2048,64,104,0,0,472,8,871.801376343
3,"map(from: a)",2048,64,104,0,0,472,9,873.053073883
3,"map(from: a)",4096,64,104,0,0,7,0,465.345382690
3,"map(from: a)",4096,64,104,0,0,7,1,466.954708099
3,"map(from: a)",4096,64,104,0,0,7,2,467.348098755
3,"map(from: a)",4096,64,104,0,0,7,3,466.597080231
3,"map(from: a)",4096,64,104,0,0,7,4,466.752052307
3,"map(from: a)",4096,64,104,0,0,7,5,466.644763947
3,"map(from: a)",4096,64,104,0,0,7,6,466.597080231
3,"map(from: a)",4096,64,104,0,0,7,7,466.799736023
3,"map(from: a)",4096,64,104,0,0,7,8,466.656684875
3,"map(from: a)",4096,64,104,0,0,7,9,466.048717499
3,"map(from: a)",4096,64,104,0,0,114,0,558.900833130
3,"map(from: a)",4096,64,104,0,0,114,1,558.853149414
3,"map(from: a)",4096,64,104,0,0,114,2,560.891628265
3,"map(from: a)",4096,64,104,0,0,114,3,558.447837830
3,"map(from: a)",4096,64,104,0,0,114,4,560.343265533
3,"map(from: a)",4096,64,104,0,0,114,5,560.903549194
3,"map(from: a)",4096,64,104,0,0,114,6,559.544563293
3,"map(from: a)",4096,64,104,0,0,114,7,560.355186462
3,"map(from: a)",4096,64,104,0,0,114,8,562.202930450
3,"map(from: a)",4096,64,104,0,0,114,9,558.257102966
3,"map(from: a)",4096,64,104,0,0,3,0,463.795661926
3,"map(from: a)",4096,64,104,0,0,3,1,462.555885315
3,"map(from: a)",4096,64,104,0,0,3,2,462.543964386
3,"map(from: a)",4096,64,104,0,0,3,3,462.996959686
3,"map(from: a)",4096,64,104,0,0,3,4,462.698936462
3,"map(from: a)",4096,64,104,0,0,3,5,463.402271271
3,"map(from: a)",4096,64,104,0,0,3,6,462.746620178
3,"map(from: a)",4096,64,104,0,0,3,7,462.400913239
3,"map(from: a)",4096,64,104,0,0,3,8,463.008880615
3,"map(from: a)",4096,64,104,0,0,3,9,462.353229523
3,"map(from: a)",4096,64,104,0,0,17,0,475.907325745
3,"map(from: a)",4096,64,104,0,0,17,1,475.955009460
3,"map(from: a)",4096,64,104,0,0,17,2,475.656986237
3,"map(from: a)",4096,64,104,0,0,17,3,476.145744324
3,"map(from: a)",4096,64,104,0,0,17,4,475.990772247
3,"map(from: a)",4096,64,104,0,0,17,5,475.859642029
3,"map(from: a)",4096,64,104,0,0,17,6,476.098060608
3,"map(from: a)",4096,64,104,0,0,17,7,475.406646729
3,"map(from: a)",4096,64,104,0,0,17,8,475.907325745
3,"map(from: a)",4096,64,104,0,0,17,9,475.943088531
3,"map(from: a)",4096,64,104,0,0,1,0,461.852550507
3,"map(from: a)",4096,64,104,0,0,1,1,461.852550507
3,"map(from: a)",4096,64,104,0,0,1,2,462.293624878
3,"map(from: a)",4096,64,104,0,0,1,3,461.745262146
3,"map(from: a)",4096,64,104,0,0,1,4,462.257862091
3,"map(from: a)",4096,64,104,0,0,1,5,462.055206299
3,"map(from: a)",4096,64,104,0,0,1,6,461.804866791
3,"map(from: a)",4096,64,104,0,0,1,7,462.806224823
3,"map(from: a)",4096,64,104,0,0,1,8,461.900234222
3,"map(from: a)",4096,64,104,0,0,1,9,462.043285370
3,"map(from: a)",4096,64,104,0,0,44,0,500.154495239
3,"map(from: a)",4096,64,104,0,0,44,1,498.056411743
3,"map(from: a)",4096,64,104,0,0,44,2,499.808788300
3,"map(from: a)",4096,64,104,0,0,44,3,498.557090759
3,"map(from: a)",4096,64,104,0,0,44,4,499.153137207
3,"map(from: a)",4096,64,104,0,0,44,5,499.439239502
3,"map(from: a)",4096,64,104,0,0,44,6,499.510765076
3,"map(from: a)",4096,64,104,0,0,44,7,499.594211578
3,"map(from: a)",4096,64,104,0,0,44,8,499.844551086
3,"map(from: a)",4096,64,104,0,0,44,9,499.248504639
3,"map(from: a)",4096,64,104,0,0,294,0,720.441341400
3,"map(from: a)",4096,64,104,0,0,294,1,713.491439819
3,"map(from: a)",4096,64,104,0,0,294,2,718.998908997
3,"map(from: a)",4096,64,104,0,0,294,3,720.095634460
3,"map(from: a)",4096,64,104,0,0,294,4,716.543197632
3,"map(from: a)",4096,64,104,0,0,294,5,720.298290253
3,"map(from: a)",4096,64,104,0,0,294,6,722.396373749
3,"map(from: a)",4096,64,104,0,0,294,7,717.639923096
3,"map(from: a)",4096,64,104,0,0,294,8,725.293159485
3,"map(from: a)",4096,64,104,0,0,294,9,721.001625061
3,"map(from: a)",4096,64,104,0,0,3140,0,3185.153007507
3,"map(from: a)",4096,64,104,0,0,3140,1,3147.351741791
3,"map(from: a)",4096,64,104,0,0,3140,2,3148.698806763
3,"map(from: a)",4096,64,104,0,0,3140,3,3165.400028229
3,"map(from: a)",4096,64,104,0,0,3140,4,3153.502941132
3,"map(from: a)",4096,64,104,0,0,3140,5,3146.350383759
3,"map(from: a)",4096,64,104,0,0,3140,6,3206.253051758
3,"map(from: a)",4096,64,104,0,0,3140,7,3128.552436829
3,"map(from: a)",4096,64,104,0,0,3140,8,3194.093704224
3,"map(from: a)",4096,64,104,0,0,3140,9,3203.749656677
3,"map(from: a)",4096,64,104,0,0,4,0,465.202331543
3,"map(from: a)",4096,64,104,0,0,4,1,464.749336243
3,"map(from: a)",4096,64,104,0,0,4,2,464.904308319
3,"map(from: a)",4096,64,104,0,0,4,3,464.308261871
3,"map(from: a)",4096,64,104,0,0,4,4,464.761257172
3,"map(from: a)",4096,64,104,0,0,4,5,464.546680450
3,"map(from: a)",4096,64,104,0,0,4,6,464.355945587
3,"map(from: a)",4096,64,104,0,0,4,7,464.999675751
3,"map(from: a)",4096,64,104,0,0,4,8,465.297698975
3,"map(from: a)",4096,64,104,0,0,4,9,465.643405914
3,"map(from: a)",4096,64,104,0,0,1955,0,2193.140983582
3,"map(from: a)",4096,64,104,0,0,1955,1,2128.303050995
3,"map(from: a)",4096,64,104,0,0,1955,2,2155.196666718
3,"map(from: a)",4096,64,104,0,0,1955,3,2116.096019745
3,"map(from: a)",4096,64,104,0,0,1955,4,2144.050598145
3,"map(from: a)",4096,64,104,0,0,1955,5,2147.305011749
3,"map(from: a)",4096,64,104,0,0,1955,6,2125.048637390
3,"map(from: a)",4096,64,104,0,0,1955,7,2144.646644592
3,"map(from: a)",4096,64,104,0,0,1955,8,2169.549465179
3,"map(from: a)",4096,64,104,0,0,1955,9,2132.499217987
3,"map(from: a)",4096,64,104,0,0,183,0,621.902942657
3,"map(from: a)",4096,64,104,0,0,183,1,620.210170746
3,"map(from: a)",4096,64,104,0,0,183,2,620.603561401
3,"map(from: a)",4096,64,104,0,0,183,3,621.545314789
3,"map(from: a)",4096,64,104,0,0,183,4,621.151924133
3,"map(from: a)",4096,64,104,0,0,183,5,621.998310089
3,"map(from: a)",4096,64,104,0,0,183,6,622.200965881
3,"map(from: a)",4096,64,104,0,0,183,7,621.342658997
3,"map(from: a)",4096,64,104,0,0,183,8,624.907016754
3,"map(from: a)",4096,64,104,0,0,183,9,620.806217194
3,"map(from: a)",4096,64,104,0,0,8096,0,7663.154602051
3,"map(from: a)",4096,64,104,0,0,8096,1,7698.798179626
3,"map(from: a)",4096,64,104,0,0,8096,2,7346.904277802
3,"map(from: a)",4096,64,104,0,0,8096,3,7405.948638916
3,"map(from: a)",4096,64,104,0,0,8096,4,7495.439052582
3,"map(from: a)",4096,64,104,0,0,8096,5,7338.094711304
3,"map(from: a)",4096,64,104,0,0,8096,6,7495.641708374
3,"map(from: a)",4096,64,104,0,0,8096,7,7392.501831055
3,"map(from: a)",4096,64,104,0,0,8096,8,7464.253902435
3,"map(from: a)",4096,64,104,0,0,8096,9,7471.799850464
3,"map(from: a)",4096,64,104,0,0,758,0,1117.300987244
3,"map(from: a)",4096,64,104,0,0,758,1,1121.342182159
3,"map(from: a)",4096,64,104,0,0,758,2,1122.450828552
3,"map(from: a)",4096,64,104,0,0,758,3,1112.055778503
3,"map(from: a)",4096,64,104,0,0,758,4,1130.402088165
3,"map(from: a)",4096,64,104,0,0,758,5,1113.653182983
3,"map(from: a)",4096,64,104,0,0,758,6,1128.304004669
3,"map(from: a)",4096,64,104,0,0,758,7,1131.844520569
3,"map(from: a)",4096,64,104,0,0,758,8,1120.901107788
3,"map(from: a)",4096,64,104,0,0,758,9,1128.196716309
3,"map(from: a)",4096,64,104,0,0,71,0,525.903701782
3,"map(from: a)",4096,64,104,0,0,71,1,523.650646210
3,"map(from: a)",4096,64,104,0,0,71,2,525.355339050
3,"map(from: a)",4096,64,104,0,0,71,3,521.802902222
3,"map(from: a)",4096,64,104,0,0,71,4,521.600246429
3,"map(from: a)",4096,64,104,0,0,71,5,522.947311401
3,"map(from: a)",4096,64,104,0,0,71,6,521.993637085
3,"map(from: a)",4096,64,104,0,0,71,7,522.851943970
3,"map(from: a)",4096,64,104,0,0,71,8,522.303581238
3,"map(from: a)",4096,64,104,0,0,71,9,522.041320801
3,"map(from: a)",4096,64,104,0,0,2,0,462.698936462
3,"map(from: a)",4096,64,104,0,0,2,1,462.055206299
3,"map(from: a)",4096,64,104,0,0,2,2,461.745262146
3,"map(from: a)",4096,64,104,0,0,2,3,461.840629578
3,"map(from: a)",4096,64,104,0,0,2,4,461.459159851
3,"map(from: a)",4096,64,104,0,0,2,5,462.400913239
3,"map(from: a)",4096,64,104,0,0,2,6,462.746620178
3,"map(from: a)",4096,64,104,0,0,2,7,462.603569031
3,"map(from: a)",4096,64,104,0,0,2,8,462.949275970
3,"map(from: a)",4096,64,104,0,0,2,9,461.900234222
3,"map(from: a)",4096,64,104,0,0,11,0,470.101833344
3,"map(from: a)",4096,64,104,0,0,11,1,470.507144928
3,"map(from: a)",4096,64,104,0,0,11,2,470.101833344
3,"map(from: a)",4096,64,104,0,0,11,3,469.946861267
3,"map(from: a)",4096,64,104,0,0,11,4,470.006465912
3,"map(from: a)",4096,64,104,0,0,11,5,470.149517059
3,"map(from: a)",4096,64,104,0,0,11,6,470.697879791
3,"map(from: a)",4096,64,104,0,0,11,7,471.794605255
3,"map(from: a)",4096,64,104,0,0,11,8,469.696521759
3,"map(from: a)",4096,64,104,0,0,11,9,469.899177551
3,"map(from: a)",4096,64,104,0,0,28,0,484.693050385
3,"map(from: a)",4096,64,104,0,0,28,1,484.800338745
3,"map(from: a)",4096,64,104,0,0,28,2,485.050678253
3,"map(from: a)",4096,64,104,0,0,28,3,489.246845245
3,"map(from: a)",4096,64,104,0,0,28,4,485.944747925
3,"map(from: a)",4096,64,104,0,0,28,5,485.455989838
3,"map(from: a)",4096,64,104,0,0,28,6,486.195087433
3,"map(from: a)",4096,64,104,0,0,28,7,485.801696777
3,"map(from: a)",4096,64,104,0,0,28,8,485.658645630
3,"map(from: a)",4096,64,104,0,0,28,9,485.503673553
3,"map(from: a)",4096,64,104,0,0,5042,0,4912.006855011
3,"map(from: a)",4096,64,104,0,0,5042,1,4877.746105194
3,"map(from: a)",4096,64,104,0,0,5042,2,4988.849163055
3,"map(from: a)",4096,64,104,0,0,5042,3,4883.050918579
3,"map(from: a)",4096,64,104,0,0,5042,4,4854.798316956
3,"map(from: a)",4096,64,104,0,0,5042,5,4808.998107910
3,"map(from: a)",4096,64,104,0,0,5042,6,4758.405685425
3,"map(from: a)",4096,64,104,0,0,5042,7,4805.290699005
3,"map(from: a)",4096,64,104,0,0,5042,8,4848.706722260
3,"map(from: a)",4096,64,104,0,0,5042,9,4745.554924011
3,"map(from: a)",4096,64,104,0,0,1218,0,1520.860195160
3,"map(from: a)",4096,64,104,0,0,1218,1,1507.246494293
3,"map(from: a)",4096,64,104,0,0,1218,2,1515.305042267
3,"map(from: a)",4096,64,104,0,0,1218,3,1519.501209259
3,"map(from: a)",4096,64,104,0,0,1218,4,1517.093181610
3,"map(from: a)",4096,64,104,0,0,1218,5,1518.952846527
3,"map(from: a)",4096,64,104,0,0,1218,6,1519.846916199
3,"map(from: a)",4096,64,104,0,0,1218,7,1511.144638062
3,"map(from: a)",4096,64,104,0,0,1218,8,1540.601253510
3,"map(from: a)",4096,64,104,0,0,1218,9,1512.598991394
3,"map(from: a)",4096,64,104,0,0,472,0,878.894329071
3,"map(from: a)",4096,64,104,0,0,472,1,879.704952240
3,"map(from: a)",4096,64,104,0,0,472,2,874.292850494
3,"map(from: a)",4096,64,104,0,0,472,3,878.846645355
3,"map(from: a)",4096,64,104,0,0,472,4,884.151458740
3,"map(from: a)",4096,64,104,0,0,472,5,862.157344818
3,"map(from: a)",4096,64,104,0,0,472,6,869.047641754
3,"map(from: a)",4096,64,104,0,0,472,7,864.398479462
3,"map(from: a)",4096,64,104,0,0,472,8,866.901874542
3,"map(from: a)",4096,64,104,0,0,472,9,866.949558258
3,"map(from: a)",16382,64,104,0,0,7,0,466.692447662
3,"map(from: a)",16382,64,104,0,0,7,1,468.707084656
3,"map(from: a)",16382,64,104,0,0,7,2,468.552112579
3,"map(from: a)",16382,64,104,0,0,7,3,468.051433563
3,"map(from: a)",16382,64,104,0,0,7,4,468.301773071
3,"map(from: a)",16382,64,104,0,0,7,5,467.741489410
3,"map(from: a)",16382,64,104,0,0,7,6,468.146800995
3,"map(from: a)",16382,64,104,0,0,7,7,468.742847443
3,"map(from: a)",16382,64,104,0,0,7,8,468.194484711
3,"map(from: a)",16382,64,104,0,0,7,9,469.160079956
3,"map(from: a)",16382,64,104,0,0,114,0,564.706325531
3,"map(from: a)",16382,64,104,0,0,114,1,562.703609467
3,"map(from: a)",16382,64,104,0,0,114,2,565.052032471
3,"map(from: a)",16382,64,104,0,0,114,3,560.998916626
3,"map(from: a)",16382,64,104,0,0,114,4,560.200214386
3,"map(from: a)",16382,64,104,0,0,114,5,561.404228210
3,"map(from: a)",16382,64,104,0,0,114,6,560.748577118
3,"map(from: a)",16382,64,104,0,0,114,7,560.891628265
3,"map(from: a)",16382,64,104,0,0,114,8,561.344623566
3,"map(from: a)",16382,64,104,0,0,114,9,560.605525970
3,"map(from: a)",16382,64,104,0,0,3,0,464.701652527
3,"map(from: a)",16382,64,104,0,0,3,1,464.999675751
3,"map(from: a)",16382,64,104,0,0,3,2,464.797019958
3,"map(from: a)",16382,64,104,0,0,3,3,464.904308319
3,"map(from: a)",16382,64,104,0,0,3,4,466.704368591
3,"map(from: a)",16382,64,104,0,0,3,5,464.940071106
3,"map(from: a)",16382,64,104,0,0,3,6,465.238094330
3,"map(from: a)",16382,64,104,0,0,3,7,464.701652527
3,"map(from: a)",16382,64,104,0,0,3,8,465.643405914
3,"map(from: a)",16382,64,104,0,0,3,9,464.797019958
3,"map(from: a)",16382,64,104,0,0,17,0,479.042530060
3,"map(from: a)",16382,64,104,0,0,17,1,478.851795197
3,"map(from: a)",16382,64,104,0,0,17,2,478.148460388
3,"map(from: a)",16382,64,104,0,0,17,3,478.196144104
3,"map(from: a)",16382,64,104,0,0,17,4,478.148460388
3,"map(from: a)",16382,64,104,0,0,17,5,478.649139404
3,"map(from: a)",16382,64,104,0,0,17,6,478.398799896
3,"map(from: a)",16382,64,104,0,0,17,7,478.196144104
3,"map(from: a)",16382,64,104,0,0,17,8,478.100776672
3,"map(from: a)",16382,64,104,0,0,17,9,478.851795197
3,"map(from: a)",16382,64,104,0,0,1,0,463.497638702
3,"map(from: a)",16382,64,104,0,0,1,1,464.296340942
3,"map(from: a)",16382,64,104,0,0,1,2,463.795661926
3,"map(from: a)",16382,64,104,0,0,1,3,463.855266571
3,"map(from: a)",16382,64,104,0,0,1,4,464.546680450
3,"map(from: a)",16382,64,104,0,0,1,5,463.449954987
3,"map(from: a)",16382,64,104,0,0,1,6,464.057922363
3,"map(from: a)",16382,64,104,0,0,1,7,464.344024658
3,"map(from: a)",16382,64,104,0,0,1,8,464.344024658
3,"map(from: a)",16382,64,104,0,0,1,9,464.403629303
3,"map(from: a)",16382,64,104,0,0,44,0,502.407550812
3,"map(from: a)",16382,64,104,0,0,44,1,502.347946167
3,"map(from: a)",16382,64,104,0,0,44,2,503.301620483
3,"map(from: a)",16382,64,104,0,0,44,3,501.942634583
3,"map(from: a)",16382,64,104,0,0,44,4,501.799583435
3,"map(from: a)",16382,64,104,0,0,44,5,500.798225403
3,"map(from: a)",16382,64,104,0,0,44,6,500.607490540
3,"map(from: a)",16382,64,104,0,0,44,7,500.500202179
3,"map(from: a)",16382,64,104,0,0,44,8,501.751899719
3,"map(from: a)",16382,64,104,0,0,44,9,500.202178955
3,"map(from: a)",16382,64,104,0,0,294,0,719.356536865
3,"map(from: a)",16382,64,104,0,0,294,1,715.804100037
3,"map(from: a)",16382,64,104,0,0,294,2,717.949867249
3,"map(from: a)",16382,64,104,0,0,294,3,718.951225281
3,"map(from: a)",16382,64,104,0,0,294,4,718.390941620
3,"map(from: a)",16382,64,104,0,0,294,5,718.593597412
3,"map(from: a)",16382,64,104,0,0,294,6,718.855857849
3,"map(from: a)",16382,64,104,0,0,294,7,716.948509216
3,"map(from: a)",16382,64,104,0,0,294,8,723.803043365
3,"map(from: a)",16382,64,104,0,0,294,9,716.805458069
3,"map(from: a)",16382,64,104,0,0,3140,0,3238.749504089
3,"map(from: a)",16382,64,104,0,0,3140,1,3244.054317474
3,"map(from: a)",16382,64,104,0,0,3140,2,3206.253051758
3,"map(from: a)",16382,64,104,0,0,3140,3,3243.398666382
3,"map(from: a)",16382,64,104,0,0,3140,4,3276.002407074
3,"map(from: a)",16382,64,104,0,0,3140,5,3133.499622345
3,"map(from: a)",16382,64,104,0,0,3140,6,3180.348873138
3,"map(from: a)",16382,64,104,0,0,3140,7,3146.696090698
3,"map(from: a)",16382,64,104,0,0,3140,8,3162.646293640
3,"map(from: a)",16382,64,104,0,0,3140,9,3157.103061676
3,"map(from: a)",16382,64,104,0,0,4,0,466.144084930
3,"map(from: a)",16382,64,104,0,0,4,1,466.096401215
3,"map(from: a)",16382,64,104,0,0,4,2,466.549396515
3,"map(from: a)",16382,64,104,0,0,4,3,466.299057007
3,"map(from: a)",16382,64,104,0,0,4,4,467.252731323
3,"map(from: a)",16382,64,104,0,0,4,5,466.644763947
3,"map(from: a)",16382,64,104,0,0,4,6,466.096401215
3,"map(from: a)",16382,64,104,0,0,4,7,466.454029083
3,"map(from: a)",16382,64,104,0,0,4,8,466.942787170
3,"map(from: a)",16382,64,104,0,0,4,9,467.240810394
3,"map(from: a)",16382,64,104,0,0,1955,0,2197.194099426
3,"map(from: a)",16382,64,104,0,0,1955,1,2148.306369781
3,"map(from: a)",16382,64,104,0,0,1955,2,2203.309535980
3,"map(from: a)",16382,64,104,0,0,1955,3,2178.645133972
3,"map(from: a)",16382,64,104,0,0,1955,4,2186.548709869
3,"map(from: a)",16382,64,104,0,0,1955,5,2196.145057678
3,"map(from: a)",16382,64,104,0,0,1955,6,2130.651473999
3,"map(from: a)",16382,64,104,0,0,1955,7,2133.500576019
3,"map(from: a)",16382,64,104,0,0,1955,8,2140.343189240
3,"map(from: a)",16382,64,104,0,0,1955,9,2128.851413727
3,"map(from: a)",16382,64,104,0,0,183,0,622.642040253
3,"map(from: a)",16382,64,104,0,0,183,1,618.648529053
3,"map(from: a)",16382,64,104,0,0,183,2,622.606277466
3,"map(from: a)",16382,64,104,0,0,183,3,623.250007629
3,"map(from: a)",16382,64,104,0,0,183,4,620.698928833
3,"map(from: a)",16382,64,104,0,0,183,5,622.999668121
3,"map(from: a)",16382,64,104,0,0,183,6,624.740123749
3,"map(from: a)",16382,64,104,0,0,183,7,620.496273041
3,"map(from: a)",16382,64,104,0,0,183,8,625.097751617
3,"map(from: a)",16382,64,104,0,0,183,9,622.606277466
3,"map(from: a)",16382,64,104,0,0,8096,0,7552.051544189
3,"map(from: a)",16382,64,104,0,0,8096,1,7590.198516846
3,"map(from: a)",16382,64,104,0,0,8096,2,7574.796676636
3,"map(from: a)",16382,64,104,0,0,8096,3,7612.049579620
3,"map(from: a)",16382,64,104,0,0,8096,4,7621.657848358
3,"map(from: a)",16382,64,104,0,0,8096,5,7599.306106567
3,"map(from: a)",16382,64,104,0,0,8096,6,7700.300216675
3,"map(from: a)",16382,64,104,0,0,8096,7,7307.493686676
3,"map(from: a)",16382,64,104,0,0,8096,8,7438.397407532
3,"map(from: a)",16382,64,104,0,0,8096,9,7458.901405334
3,"map(from: a)",16382,64,104,0,0,758,0,1109.755039215
3,"map(from: a)",16382,64,104,0,0,758,1,1116.704940796
3,"map(from: a)",16382,64,104,0,0,758,2,1125.741004944
3,"map(from: a)",16382,64,104,0,0,758,3,1111.102104187
3,"map(from: a)",16382,64,104,0,0,758,4,1128.804683685
3,"map(from: a)",16382,64,104,0,0,758,5,1117.849349976
3,"map(from: a)",16382,64,104,0,0,758,6,1123.309135437
3,"map(from: a)",16382,64,104,0,0,758,7,1126.503944397
3,"map(from: a)",16382,64,104,0,0,758,8,1122.903823853
3,"map(from: a)",16382,64,104,0,0,758,9,1127.552986145
3,"map(from: a)",16382,64,104,0,0,71,0,526.201725006
3,"map(from: a)",16382,64,104,0,0,71,1,525.891780853
3,"map(from: a)",16382,64,104,0,0,71,2,527.608394623
3,"map(from: a)",16382,64,104,0,0,71,3,525.403022766
3,"map(from: a)",16382,64,104,0,0,71,4,527.393817902
3,"map(from: a)",16382,64,104,0,0,71,5,527.548789978
3,"map(from: a)",16382,64,104,0,0,71,6,526.201725006
3,"map(from: a)",16382,64,104,0,0,71,7,525.295734406
3,"map(from: a)",16382,64,104,0,0,71,8,524.997711182
3,"map(from: a)",16382,64,104,0,0,71,9,523.149967194
3,"map(from: a)",16382,64,104,0,0,2,0,463.652610779
3,"map(from: a)",16382,64,104,0,0,2,1,464.344024658
3,"map(from: a)",16382,64,104,0,0,2,2,463.759899139
3,"map(from: a)",16382,64,104,0,0,2,3,463.998317719
3,"map(from: a)",16382,64,104,0,0,2,4,464.904308319
3,"map(from: a)",16382,64,104,0,0,2,5,464.344024658
3,"map(from: a)",16382,64,104,0,0,2,6,463.950634003
3,"map(from: a)",16382,64,104,0,0,2,7,464.046001434
3,"map(from: a)",16382,64,104,0,0,2,8,464.546680450
3,"map(from: a)",16382,64,104,0,0,2,9,464.355945587
3,"map(from: a)",16382,64,104,0,0,11,0,472.843647003
3,"map(from: a)",16382,64,104,0,0,11,1,472.009181976
3,"map(from: a)",16382,64,104,0,0,11,2,471.901893616
3,"map(from: a)",16382,64,104,0,0,11,3,472.199916840
3,"map(from: a)",16382,64,104,0,0,11,4,472.402572632
3,"map(from: a)",16382,64,104,0,0,11,5,472.199916840
3,"map(from: a)",16382,64,104,0,0,11,6,472.402572632
3,"map(from: a)",16382,64,104,0,0,11,7,472.104549408
3,"map(from: a)",16382,64,104,0,0,11,8,472.354888916
3,"map(from: a)",16382,64,104,0,0,11,9,471.746921539
3,"map(from: a)",16382,64,104,0,0,28,0,485.897064209
3,"map(from: a)",16382,64,104,0,0,28,1,487.196445465
3,"map(from: a)",16382,64,104,0,0,28,2,486.993789673
3,"map(from: a)",16382,64,104,0,0,28,3,486.600399017
3,"map(from: a)",16382,64,104,0,0,28,4,486.898422241
3,"map(from: a)",16382,64,104,0,0,28,5,486.552715302
3,"map(from: a)",16382,64,104,0,0,28,6,487.101078033
3,"map(from: a)",16382,64,104,0,0,28,7,487.256050110
3,"map(from: a)",16382,64,104,0,0,28,8,486.850738525
3,"map(from: a)",16382,64,104,0,0,28,9,487.899780273
3,"map(from: a)",16382,64,104,0,0,5042,0,4910.647869110
3,"map(from: a)",16382,64,104,0,0,5042,1,4797.101020813
3,"map(from: a)",16382,64,104,0,0,5042,2,4940.509796143
3,"map(from: a)",16382,64,104,0,0,5042,3,4871.344566345
3,"map(from: a)",16382,64,104,0,0,5042,4,4894.447326660
3,"map(from: a)",16382,64,104,0,0,5042,5,4915.499687195
3,"map(from: a)",16382,64,104,0,0,5042,6,4909.956455231
3,"map(from: a)",16382,64,104,0,0,5042,7,4935.503005981
3,"map(from: a)",16382,64,104,0,0,5042,8,4944.550991058
3,"map(from: a)",16382,64,104,0,0,5042,9,4777.395725250
3,"map(from: a)",16382,64,104,0,0,1218,0,1520.097255707
3,"map(from: a)",16382,64,104,0,0,1218,1,1496.291160583
3,"map(from: a)",16382,64,104,0,0,1218,2,1514.196395874
3,"map(from: a)",16382,64,104,0,0,1218,3,1514.506340027
3,"map(from: a)",16382,64,104,0,0,1218,4,1502.704620361
3,"map(from: a)",16382,64,104,0,0,1218,5,1514.804363251
3,"map(from: a)",16382,64,104,0,0,1218,6,1530.754566193
3,"map(from: a)",16382,64,104,0,0,1218,7,1504.707336426
3,"map(from: a)",16382,64,104,0,0,1218,8,1531.505584717
3,"map(from: a)",16382,64,104,0,0,1218,9,1518.201828003
3,"map(from: a)",16382,64,104,0,0,472,0,874.495506287
3,"map(from: a)",16382,64,104,0,0,472,1,874.650478363
3,"map(from: a)",16382,64,104,0,0,472,2,874.900817871
3,"map(from: a)",16382,64,104,0,0,472,3,877.201557159
3,"map(from: a)",16382,64,104,0,0,472,4,877.594947815
3,"map(from: a)",16382,64,104,0,0,472,5,874.698162079
3,"map(from: a)",16382,64,104,0,0,472,6,885.152816772
3,"map(from: a)",16382,64,104,0,0,472,7,875.794887543
3,"map(from: a)",16382,64,104,0,0,472,8,883.793830872
3,"map(from: a)",16382,64,104,0,0,472,9,886.094570160
3,"map(from: a)",16382,64,104,0,0,7,0,466.644763947
3,"map(from: a)",16382,64,104,0,0,7,1,469.040870667
3,"map(from: a)",16382,64,104,0,0,7,2,468.552112579
3,"map(from: a)",16382,64,104,0,0,7,3,468.194484711
3,"map(from: a)",16382,64,104,0,0,7,4,468.742847443
3,"map(from: a)",16382,64,104,0,0,7,5,468.707084656
3,"map(from: a)",16382,64,104,0,0,7,6,468.301773071
3,"map(from: a)",16382,64,104,0,0,7,7,468.540191650
3,"map(from: a)",16382,64,104,0,0,7,8,468.552112579
3,"map(from: a)",16382,64,104,0,0,7,9,468.695163727
3,"map(from: a)",16382,64,104,0,0,114,0,563.752651215
3,"map(from: a)",16382,64,104,0,0,114,1,562.644004822
3,"map(from: a)",16382,64,104,0,0,114,2,565.505027771
3,"map(from: a)",16382,64,104,0,0,114,3,562.655925751
3,"map(from: a)",16382,64,104,0,0,114,4,564.503669739
3,"map(from: a)",16382,64,104,0,0,114,5,565.302371979
3,"map(from: a)",16382,64,104,0,0,114,6,563.251972198
3,"map(from: a)",16382,64,104,0,0,114,7,563.800334930
3,"map(from: a)",16382,64,104,0,0,114,8,566.101074219
3,"map(from: a)",16382,64,104,0,0,114,9,562.453269958
3,"map(from: a)",16382,64,104,0,0,3,0,465.393066406
3,"map(from: a)",16382,64,104,0,0,3,1,465.595722198
3,"map(from: a)",16382,64,104,0,0,3,2,464.904308319
3,"map(from: a)",16382,64,104,0,0,3,3,465.452671051
3,"map(from: a)",16382,64,104,0,0,3,4,465.500354767
3,"map(from: a)",16382,64,104,0,0,3,5,465.500354767
3,"map(from: a)",16382,64,104,0,0,3,6,465.703010559
3,"map(from: a)",16382,64,104,0,0,3,7,466.108322144
3,"map(from: a)",16382,64,104,0,0,3,8,465.953350067
3,"map(from: a)",16382,64,104,0,0,3,9,466.203689575
3,"map(from: a)",16382,64,104,0,0,17,0,479.054450989
3,"map(from: a)",16382,64,104,0,0,17,1,479.543209076
3,"map(from: a)",16382,64,104,0,0,17,2,478.851795197
3,"map(from: a)",16382,64,104,0,0,17,3,479.698181152
3,"map(from: a)",16382,64,104,0,0,17,4,479.400157928
3,"map(from: a)",16382,64,104,0,0,17,5,479.006767273
3,"map(from: a)",16382,64,104,0,0,17,6,480.055809021
3,"map(from: a)",16382,64,104,0,0,17,7,478.899478912
3,"map(from: a)",16382,64,104,0,0,17,8,478.851795197
3,"map(from: a)",16382,64,104,0,0,17,9,478.100776672
3,"map(from: a)",16382,64,104,0,0,1,0,464.689731598
3,"map(from: a)",16382,64,104,0,0,1,1,463.855266571
3,"map(from: a)",16382,64,104,0,0,1,2,464.653968811
3,"map(from: a)",16382,64,104,0,0,1,3,464.260578156
3,"map(from: a)",16382,64,104,0,0,1,4,464.892387390
3,"map(from: a)",16382,64,104,0,0,1,5,464.558601379
3,"map(from: a)",16382,64,104,0,0,1,6,464.105606079
3,"map(from: a)",16382,64,104,0,0,1,7,464.856624603
3,"map(from: a)",16382,64,104,0,0,1,8,464.653968811
3,"map(from: a)",16382,64,104,0,0,1,9,464.844703674
3,"map(from: a)",16382,64,104,0,0,44,0,502.896308899
3,"map(from: a)",16382,64,104,0,0,44,1,501.847267151
3,"map(from: a)",16382,64,104,0,0,44,2,503.706932068
3,"map(from: a)",16382,64,104,0,0,44,3,502.443313599
3,"map(from: a)",16382,64,104,0,0,44,4,502.550601959
3,"map(from: a)",16382,64,104,0,0,44,5,503.098964691
3,"map(from: a)",16382,64,104,0,0,44,6,503.945350647
3,"map(from: a)",16382,64,104,0,0,44,7,507.903099060
3,"map(from: a)",16382,64,104,0,0,44,8,503.396987915
3,"map(from: a)",16382,64,104,0,0,44,9,500.941276550
3,"map(from: a)",16382,64,104,0,0,294,0,719.094276428
3,"map(from: a)",16382,64,104,0,0,294,1,712.704658508
3,"map(from: a)",16382,64,104,0,0,294,2,716.447830200
3,"map(from: a)",16382,64,104,0,0,294,3,717.449188232
3,"map(from: a)",16382,64,104,0,0,294,4,714.159011841
3,"map(from: a)",16382,64,104,0,0,294,5,717.854499817
3,"map(from: a)",16382,64,104,0,0,294,6,721.549987793
3,"map(from: a)",16382,64,104,0,0,294,7,714.755058289
3,"map(from: a)",16382,64,104,0,0,294,8,721.943378448
3,"map(from: a)",16382,64,104,0,0,294,9,717.949867249
3,"map(from: a)",16382,64,104,0,0,3140,0,3191.351890564
3,"map(from: a)",16382,64,104,0,0,3140,1,3200.995922089
3,"map(from: a)",16382,64,104,0,0,3140,2,3201.246261597
3,"map(from: a)",16382,64,104,0,0,3140,3,3214.597702026
3,"map(from: a)",16382,64,104,0,0,3140,4,3220.701217651
3,"map(from: a)",16382,64,104,0,0,3140,5,3203.701972961
3,"map(from: a)",16382,64,104,0,0,3140,6,3264.605998993
3,"map(from: a)",16382,64,104,0,0,3140,7,3201.091289520
3,"map(from: a)",16382,64,104,0,0,3140,8,3258.299827576
3,"map(from: a)",16382,64,104,0,0,3140,9,3268.003463745
3,"map(from: a)",16382,64,104,0,0,4,0,466.752052307
3,"map(from: a)",16382,64,104,0,0,4,1,467.205047607
3,"map(from: a)",16382,64,104,0,0,4,2,467.801094055
3,"map(from: a)",16382,64,104,0,0,4,3,466.907024384
3,"map(from: a)",16382,64,104,0,0,4,4,467.097759247
3,"map(from: a)",16382,64,104,0,0,4,5,466.656684875
3,"map(from: a)",16382,64,104,0,0,4,6,466.704368591
3,"map(from: a)",16382,64,104,0,0,4,7,467.646121979
3,"map(from: a)",16382,64,104,0,0,4,8,467.002391815
3,"map(from: a)",16382,64,104,0,0,4,9,467.002391815
3,"map(from: a)",16382,64,104,0,0,1955,0,2168.750762939
3,"map(from: a)",16382,64,104,0,0,1955,1,2143.800258636
3,"map(from: a)",16382,64,104,0,0,1955,2,2189.755439758
3,"map(from: a)",16382,64,104,0,0,1955,3,2143.859863281
3,"map(from: a)",16382,64,104,0,0,1955,4,2180.850505829
3,"map(from: a)",16382,64,104,0,0,1955,5,2189.254760742
3,"map(from: a)",16382,64,104,0,0,1955,6,2166.008949280
3,"map(from: a)",16382,64,104,0,0,1955,7,2184.748649597
3,"map(from: a)",16382,64,104,0,0,1955,8,2206.647396088
3,"map(from: a)",16382,64,104,0,0,1955,9,2162.647247314
3,"map(from: a)",16382,64,104,0,0,183,0,627.243518829
3,"map(from: a)",16382,64,104,0,0,183,1,619.852542877
3,"map(from: a)",16382,64,104,0,0,183,2,619.757175446
3,"map(from: a)",16382,64,104,0,0,183,3,620.841979980
3,"map(from: a)",16382,64,104,0,0,183,4,620.698928833
3,"map(from: a)",16382,64,104,0,0,183,5,620.698928833
3,"map(from: a)",16382,64,104,0,0,183,6,621.044635773
3,"map(from: a)",16382,64,104,0,0,183,7,620.651245117
3,"map(from: a)",16382,64,104,0,0,183,8,624.597072601
3,"map(from: a)",16382,64,104,0,0,183,9,619.947910309
3,"map(from: a)",16382,64,104,0,0,8096,0,7548.749446869
3,"map(from: a)",16382,64,104,0,0,8096,1,7560.896873474
3,"map(from: a)",16382,64,104,0,0,8096,2,7428.455352783
3,"map(from: a)",16382,64,104,0,0,8096,3,7539.844512939
3,"map(from: a)",16382,64,104,0,0,8096,4,7627.809047699
3,"map(from: a)",16382,64,104,0,0,8096,5,7448.244094849
3,"map(from: a)",16382,64,104,0,0,8096,6,7671.904563904
3,"map(from: a)",16382,64,104,0,0,8096,7,7566.595077515
3,"map(from: a)",16382,64,104,0,0,8096,8,7607.257366180
3,"map(from: a)",16382,64,104,0,0,8096,9,7627.260684967
3,"map(from: a)",16382,64,104,0,0,758,0,1137.149333954
3,"map(from: a)",16382,64,104,0,0,758,1,1129.901409149
3,"map(from: a)",16382,64,104,0,0,758,2,1113.545894623
3,"map(from: a)",16382,64,104,0,0,758,3,1109.147071838
3,"map(from: a)",16382,64,104,0,0,758,4,1126.194000244
3,"map(from: a)",16382,64,104,0,0,758,5,1107.096672058
3,"map(from: a)",16382,64,104,0,0,758,6,1119.840145111
3,"map(from: a)",16382,64,104,0,0,758,7,1120.853424072
3,"map(from: a)",16382,64,104,0,0,758,8,1115.202903748
3,"map(from: a)",16382,64,104,0,0,758,9,1121.604442596
3,"map(from: a)",16382,64,104,0,0,71,0,526.750087738
3,"map(from: a)",16382,64,104,0,0,71,1,523.948669434
3,"map(from: a)",16382,64,104,0,0,71,2,526.201725006
3,"map(from: a)",16382,64,104,0,0,71,3,524.902343750
3,"map(from: a)",16382,64,104,0,0,71,4,525.498390198
3,"map(from: a)",16382,64,104,0,0,71,5,525.951385498
3,"map(from: a)",16382,64,104,0,0,71,6,525.450706482
3,"map(from: a)",16382,64,104,0,0,71,7,526.201725006
3,"map(from: a)",16382,64,104,0,0,71,8,525.605678558
3,"map(from: a)",16382,64,104,0,0,71,9,525.951385498
3,"map(from: a)",16382,64,104,0,0,2,0,464.904308319
3,"map(from: a)",16382,64,104,0,0,2,1,463.998317719
3,"map(from: a)",16382,64,104,0,0,2,2,463.902950287
3,"map(from: a)",16382,64,104,0,0,2,3,463.998317719
3,"map(from: a)",16382,64,104,0,0,2,4,463.855266571
3,"map(from: a)",16382,64,104,0,0,2,5,463.950634003
3,"map(from: a)",16382,64,104,0,0,2,6,470.900535583
3,"map(from: a)",16382,64,104,0,0,2,7,464.689731598
3,"map(from: a)",16382,64,104,0,0,2,8,464.797019958
3,"map(from: a)",16382,64,104,0,0,2,9,464.153289795
3,"map(from: a)",16382,64,104,0,0,11,0,472.104549408
3,"map(from: a)",16382,64,104,0,0,11,1,471.997261047
3,"map(from: a)",16382,64,104,0,0,11,2,471.746921539
3,"map(from: a)",16382,64,104,0,0,11,3,472.652912140
3,"map(from: a)",16382,64,104,0,0,11,4,472.390651703
3,"map(from: a)",16382,64,104,0,0,11,5,472.402572632
3,"map(from: a)",16382,64,104,0,0,11,6,473.105907440
3,"map(from: a)",16382,64,104,0,0,11,7,472.807884216
3,"map(from: a)",16382,64,104,0,0,11,8,472.950935364
3,"map(from: a)",16382,64,104,0,0,11,9,473.499298096
3,"map(from: a)",16382,64,104,0,0,28,0,487.852096558
3,"map(from: a)",16382,64,104,0,0,28,1,488.245487213
3,"map(from: a)",16382,64,104,0,0,28,2,489.199161530
3,"map(from: a)",16382,64,104,0,0,28,3,487.148761749
3,"map(from: a)",16382,64,104,0,0,28,4,487.196445465
3,"map(from: a)",16382,64,104,0,0,28,5,487.256050110
3,"map(from: a)",16382,64,104,0,0,28,6,487.697124481
3,"map(from: a)",16382,64,104,0,0,28,7,488.150119781
3,"map(from: a)",16382,64,104,0,0,28,8,487.053394318
3,"map(from: a)",16382,64,104,0,0,28,9,487.601757050
3,"map(from: a)",16382,64,104,0,0,5042,0,4829.859733582
3,"map(from: a)",16382,64,104,0,0,5042,1,4814.946651459
3,"map(from: a)",16382,64,104,0,0,5042,2,4908.859729767
3,"map(from: a)",16382,64,104,0,0,5042,3,4808.104038239
3,"map(from: a)",16382,64,104,0,0,5042,4,4872.107505798
3,"map(from: a)",16382,64,104,0,0,5042,5,4896.545410156
3,"map(from: a)",16382,64,104,0,0,5042,6,4830.849170685
3,"map(from: a)",16382,64,104,0,0,5042,7,4894.006252289
3,"map(from: a)",16382,64,104,0,0,5042,8,4945.600032806
3,"map(from: a)",16382,64,104,0,0,5042,9,4831.445217133
3,"map(from: a)",16382,64,104,0,0,1218,0,1547.992229462
3,"map(from: a)",16382,64,104,0,0,1218,1,1536.047458649
3,"map(from: a)",16382,64,104,0,0,1218,2,1539.099216461
3,"map(from: a)",16382,64,104,0,0,1218,3,1546.192169189
3,"map(from: a)",16382,64,104,0,0,1218,4,1503.050327301
3,"map(from: a)",16382,64,104,0,0,1218,5,1506.900787354
3,"map(from: a)",16382,64,104,0,0,1218,6,1511.251926422
3,"map(from: a)",16382,64,104,0,0,1218,7,1503.658294678
3,"map(from: a)",16382,64,104,0,0,1218,8,1524.639129639
3,"map(from: a)",16382,64,104,0,0,1218,9,1495.552062988
3,"map(from: a)",16382,64,104,0,0,472,0,873.756408691
3,"map(from: a)",16382,64,104,0,0,472,1,874.853134155
3,"map(from: a)",16382,64,104,0,0,472,2,869.643688202
3,"map(from: a)",16382,64,104,0,0,472,3,873.351097107
3,"map(from: a)",16382,64,104,0,0,472,4,880.360603333
3,"map(from: a)",16382,64,104,0,0,472,5,867.295265198
3,"map(from: a)",16382,64,104,0,0,472,6,880.348682404
3,"map(from: a)",16382,64,104,0,0,472,7,875.401496887
3,"map(from: a)",16382,64,104,0,0,472,8,876.748561859
3,"map(from: a)",16382,64,104,0,0,472,9,879.251956940
3,"map(from: a)",16382,64,104,0,0,7,0,467.646121979
3,"map(from: a)",16382,64,104,0,0,7,1,469.458103180
3,"map(from: a)",16382,64,104,0,0,7,2,469.350814819
3,"map(from: a)",16382,64,104,0,0,7,3,468.051433563
3,"map(from: a)",16382,64,104,0,0,7,4,468.301773071
3,"map(from: a)",16382,64,104,0,0,7,5,468.349456787
3,"map(from: a)",16382,64,104,0,0,7,6,468.444824219
3,"map(from: a)",16382,64,104,0,0,7,7,468.754768372
3,"map(from: a)",16382,64,104,0,0,7,8,468.444824219
3,"map(from: a)",16382,64,104,0,0,7,9,468.552112579
3,"map(from: a)",16382,64,104,0,0,114,0,564.455986023
3,"map(from: a)",16382,64,104,0,0,114,1,561.308860779
3,"map(from: a)",16382,64,104,0,0,114,2,564.396381378
3,"map(from: a)",16382,64,104,0,0,114,3,562.000274658
3,"map(from: a)",16382,64,104,0,0,114,4,562.798976898
3,"map(from: a)",16382,64,104,0,0,114,5,563.549995422
3,"map(from: a)",16382,64,104,0,0,114,6,564.348697662
3,"map(from: a)",16382,64,104,0,0,114,7,564.193725586
3,"map(from: a)",16382,64,104,0,0,114,8,564.646720886
3,"map(from: a)",16382,64,104,0,0,114,9,564.193725586
3,"map(from: a)",16382,64,104,0,0,3,0,465.846061707
3,"map(from: a)",16382,64,104,0,0,3,1,465.548038483
3,"map(from: a)",16382,64,104,0,0,3,2,465.655326843
3,"map(from: a)",16382,64,104,0,0,3,3,465.106964111
3,"map(from: a)",16382,64,104,0,0,3,4,464.999675751
3,"map(from: a)",16382,64,104,0,0,3,5,465.798377991
3,"map(from: a)",16382,64,104,0,0,3,6,465.297698975
3,"map(from: a)",16382,64,104,0,0,3,7,465.857982635
3,"map(from: a)",16382,64,104,0,0,3,8,465.750694275
3,"map(from: a)",16382,64,104,0,0,3,9,464.999675751
3,"map(from: a)",16382,64,104,0,0,17,0,478.959083557
3,"map(from: a)",16382,64,104,0,0,17,1,478.744506836
3,"map(from: a)",16382,64,104,0,0,17,2,478.291511536
3,"map(from: a)",16382,64,104,0,0,17,3,479.006767273
3,"map(from: a)",16382,64,104,0,0,17,4,478.792190552
3,"map(from: a)",16382,64,104,0,0,17,5,478.804111481
3,"map(from: a)",16382,64,104,0,0,17,6,479.853153229
3,"map(from: a)",16382,64,104,0,0,17,7,478.994846344
3,"map(from: a)",16382,64,104,0,0,17,8,479.042530060
3,"map(from: a)",16382,64,104,0,0,17,9,479.197502136
3,"map(from: a)",16382,64,104,0,0,1,0,464.904308319
3,"map(from: a)",16382,64,104,0,0,1,1,465.846061707
3,"map(from: a)",16382,64,104,0,0,1,2,465.297698975
3,"map(from: a)",16382,64,104,0,0,1,3,464.546680450
3,"map(from: a)",16382,64,104,0,0,1,4,464.403629303
3,"map(from: a)",16382,64,104,0,0,1,5,464.296340942
3,"map(from: a)",16382,64,104,0,0,1,6,464.105606079
3,"map(from: a)",16382,64,104,0,0,1,7,464.439392090
3,"map(from: a)",16382,64,104,0,0,1,8,464.093685150
3,"map(from: a)",16382,64,104,0,0,1,9,464.606285095
3,"map(from: a)",16382,64,104,0,0,44,0,502.252578735
3,"map(from: a)",16382,64,104,0,0,44,1,501.346588135
3,"map(from: a)",16382,64,104,0,0,44,2,502.598285675
3,"map(from: a)",16382,64,104,0,0,44,3,501.906871796
3,"map(from: a)",16382,64,104,0,0,44,4,502.598285675
3,"map(from: a)",16382,64,104,0,0,44,5,503.098964691
3,"map(from: a)",16382,64,104,0,0,44,6,502.204895020
3,"map(from: a)",16382,64,104,0,0,44,7,503.146648407
3,"map(from: a)",16382,64,104,0,0,44,8,503.444671631
3,"map(from: a)",16382,64,104,0,0,44,9,502.097606659
3,"map(from: a)",16382,64,104,0,0,294,0,725.996494293
3,"map(from: a)",16382,64,104,0,0,294,1,722.694396973
3,"map(from: a)",16382,64,104,0,0,294,2,722.455978394
3,"map(from: a)",16382,64,104,0,0,294,3,724.649429321
3,"map(from: a)",16382,64,104,0,0,294,4,714.600086212
3,"map(from: a)",16382,64,104,0,0,294,5,714.945793152
3,"map(from: a)",16382,64,104,0,0,294,6,716.745853424
3,"map(from: a)",16382,64,104,0,0,294,7,713.908672333
3,"map(from: a)",16382,64,104,0,0,294,8,719.547271729
3,"map(from: a)",16382,64,104,0,0,294,9,713.098049164
3,"map(from: a)",16382,64,104,0,0,3140,0,3187.108039856
3,"map(from: a)",16382,64,104,0,0,3140,1,3194.844722748
3,"map(from: a)",16382,64,104,0,0,3140,2,3165.447711945
3,"map(from: a)",16382,64,104,0,0,3140,3,3189.194202423
3,"map(from: a)",16382,64,104,0,0,3140,4,3232.502937317
3,"map(from: a)",16382,64,104,0,0,3140,5,3142.845630646
3,"map(from: a)",16382,64,104,0,0,3140,6,3235.054016113
3,"map(from: a)",16382,64,104,0,0,3140,7,3189.706802368
3,"map(from: a)",16382,64,104,0,0,3140,8,3212.451934814
3,"map(from: a)",16382,64,104,0,0,3140,9,3224.849700928
3,"map(from: a)",16382,64,104,0,0,4,0,466.704368591
3,"map(from: a)",16382,64,104,0,0,4,1,467.598438263
3,"map(from: a)",16382,64,104,0,0,4,2,467.598438263
3,"map(from: a)",16382,64,104,0,0,4,3,467.097759247
3,"map(from: a)",16382,64,104,0,0,4,4,467.145442963
3,"map(from: a)",16382,64,104,0,0,4,5,467.145442963
3,"map(from: a)",16382,64,104,0,0,4,6,466.203689575
3,"map(from: a)",16382,64,104,0,0,4,7,466.549396515
3,"map(from: a)",16382,64,104,0,0,4,8,466.549396515
3,"map(from: a)",16382,64,104,0,0,4,9,466.799736023
3,"map(from: a)",16382,64,104,0,0,1955,0,2164.149284363
3,"map(from: a)",16382,64,104,0,0,1955,1,2128.696441650
3,"map(from: a)",16382,64,104,0,0,1955,2,2174.055576324
3,"map(from: a)",16382,64,104,0,0,1955,3,2148.652076721
3,"map(from: a)",16382,64,104,0,0,1955,4,2159.547805786
3,"map(from: a)",16382,64,104,0,0,1955,5,2166.640758514
3,"map(from: a)",16382,64,104,0,0,1955,6,2156.496047974
3,"map(from: a)",16382,64,104,0,0,1955,7,2168.905735016
3,"map(from: a)",16382,64,104,0,0,1955,8,2172.005176544
3,"map(from: a)",16382,64,104,0,0,1955,9,2157.354354858
3,"map(from: a)",16382,64,104,0,0,183,0,627.338886261
3,"map(from: a)",16382,64,104,0,0,183,1,622.451305389
3,"map(from: a)",16382,64,104,0,0,183,2,625.002384186
3,"map(from: a)",16382,64,104,0,0,183,3,627.052783966
3,"map(from: a)",16382,64,104,0,0,183,4,624.859333038
3,"map(from: a)",16382,64,104,0,0,183,5,623.345375061
3,"map(from: a)",16382,64,104,0,0,183,6,621.998310089
3,"map(from: a)",16382,64,104,0,0,183,7,617.539882660
3,"map(from: a)",16382,64,104,0,0,183,8,622.797012329
3,"map(from: a)",16382,64,104,0,0,183,9,619.697570801
3,"map(from: a)",16382,64,104,0,0,8096,0,7430.207729340
3,"map(from: a)",16382,64,104,0,0,8096,1,7451.403141022
3,"map(from: a)",16382,64,104,0,0,8096,2,7471.549510956
3,"map(from: a)",16382,64,104,0,0,8096,3,7480.096817017
3,"map(from: a)",16382,64,104,0,0,8096,4,7505.202293396
3,"map(from: a)",16382,64,104,0,0,8096,5,7468.152046204
3,"map(from: a)",16382,64,104,0,0,8096,6,7602.643966675
3,"map(from: a)",16382,64,104,0,0,8096,7,7411.956787109
3,"map(from: a)",16382,64,104,0,0,8096,8,7571.208477020
3,"map(from: a)",16382,64,104,0,0,8096,9,7602.298259735
3,"map(from: a)",16382,64,104,0,0,758,0,1121.044158936
3,"map(from: a)",16382,64,104,0,0,758,1,1130.950450897
3,"map(from: a)",16382,64,104,0,0,758,2,1137.852668762
3,"map(from: a)",16382,64,104,0,0,758,3,1122.403144836
3,"map(from: a)",16382,64,104,0,0,758,4,1141.750812531
3,"map(from: a)",16382,64,104,0,0,758,5,1133.501529694
3,"map(from: a)",16382,64,104,0,0,758,6,1121.246814728
3,"map(from: a)",16382,64,104,0,0,758,7,1113.307476044
3,"map(from: a)",16382,64,104,0,0,758,8,1112.401485443
3,"map(from: a)",16382,64,104,0,0,758,9,1116.645336151
3,"map(from: a)",16382,64,104,0,0,71,0,524.950027466
3,"map(from: a)",16382,64,104,0,0,71,1,524.497032166
3,"map(from: a)",16382,64,104,0,0,71,2,526.189804077
3,"map(from: a)",16382,64,104,0,0,71,3,524.401664734
3,"map(from: a)",16382,64,104,0,0,71,4,525.999069214
3,"map(from: a)",16382,64,104,0,0,71,5,526.404380798
3,"map(from: a)",16382,64,104,0,0,71,6,524.592399597
3,"map(from: a)",16382,64,104,0,0,71,7,525.796413422
3,"map(from: a)",16382,64,104,0,0,71,8,526.249408722
3,"map(from: a)",16382,64,104,0,0,71,9,525.307655334
3,"map(from: a)",16382,64,104,0,0,2,0,464.344024658
3,"map(from: a)",16382,64,104,0,0,2,1,464.749336243
3,"map(from: a)",16382,64,104,0,0,2,2,463.998317719
3,"map(from: a)",16382,64,104,0,0,2,3,464.951992035
3,"map(from: a)",16382,64,104,0,0,2,4,464.642047882
3,"map(from: a)",16382,64,104,0,0,2,5,464.904308319
3,"map(from: a)",16382,64,104,0,0,2,6,465.297698975
3,"map(from: a)",16382,64,104,0,0,2,7,464.189052582
3,"map(from: a)",16382,64,104,0,0,2,8,464.403629303
3,"map(from: a)",16382,64,104,0,0,2,9,464.451313019
3,"map(from: a)",16382,64,104,0,0,11,0,472.199916840
3,"map(from: a)",16382,64,104,0,0,11,1,472.700595856
3,"map(from: a)",16382,64,104,0,0,11,2,471.842288971
3,"map(from: a)",16382,64,104,0,0,11,3,472.199916840
3,"map(from: a)",16382,64,104,0,0,11,4,473.153591156
3,"map(from: a)",16382,64,104,0,0,11,5,472.056865692
3,"map(from: a)",16382,64,104,0,0,11,6,472.247600555
3,"map(from: a)",16382,64,104,0,0,11,7,472.652912140
3,"map(from: a)",16382,64,104,0,0,11,8,472.354888916
3,"map(from: a)",16382,64,104,0,0,11,9,472.855567932
3,"map(from: a)",16382,64,104,0,0,28,0,487.244129181
3,"map(from: a)",16382,64,104,0,0,28,1,487.697124481
3,"map(from: a)",16382,64,104,0,0,28,2,487.399101257
3,"map(from: a)",16382,64,104,0,0,28,3,487.709045410
3,"map(from: a)",16382,64,104,0,0,28,4,488.305091858
3,"map(from: a)",16382,64,104,0,0,28,5,488.209724426
3,"map(from: a)",16382,64,104,0,0,28,6,488.400459290
3,"map(from: a)",16382,64,104,0,0,28,7,487.792491913
3,"map(from: a)",16382,64,104,0,0,28,8,486.755371094
3,"map(from: a)",16382,64,104,0,0,28,9,486.254692078
3,"map(from: a)",16382,64,104,0,0,5042,0,4851.055145264
3,"map(from: a)",16382,64,104,0,0,5042,1,4753.053188324
3,"map(from: a)",16382,64,104,0,0,5042,2,4851.245880127
3,"map(from: a)",16382,64,104,0,0,5042,3,4786.252975464
3,"map(from: a)",16382,64,104,0,0,5042,4,4832.041263580
3,"map(from: a)",16382,64,104,0,0,5042,5,4837.346076965
3,"map(from: a)",16382,64,104,0,0,5042,6,4842.197895050
3,"map(from: a)",16382,64,104,0,0,5042,7,4851.043224335
3,"map(from: a)",16382,64,104,0,0,5042,8,4874.396324158
3,"map(from: a)",16382,64,104,0,0,5042,9,4807.150363922
3,"map(from: a)",16382,64,104,0,0,1218,0,1538.002490997
3,"map(from: a)",16382,64,104,0,0,1218,1,1511.597633362
3,"map(from: a)",16382,64,104,0,0,1218,2,1534.950733185
3,"map(from: a)",16382,64,104,0,0,1218,3,1541.054248810
3,"map(from: a)",16382,64,104,0,0,1218,4,1524.901390076
3,"map(from: a)",16382,64,104,0,0,1218,5,1536.846160889
3,"map(from: a)",16382,64,104,0,0,1218,6,1547.503471375
3,"map(from: a)",16382,64,104,0,0,1218,7,1522.803306580
3,"map(from: a)",16382,64,104,0,0,1218,8,1546.800136566
3,"map(from: a)",16382,64,104,0,0,1218,9,1500.749588013
3,"map(from: a)",16382,64,104,0,0,472,0,866.246223450
3,"map(from: a)",16382,64,104,0,0,472,1,868.940353394
3,"map(from: a)",16382,64,104,0,0,472,2,868.403911591
3,"map(from: a)",16382,64,104,0,0,472,3,868.797302246
3,"map(from: a)",16382,64,104,0,0,472,4,869.798660278
3,"map(from: a)",16382,64,104,0,0,472,5,868.999958038
3,"map(from: a)",16382,64,104,0,0,472,6,877.249240875
3,"map(from: a)",16382,64,104,0,0,472,7,866.699218750
3,"map(from: a)",16382,64,104,0,0,472,8,875.639915466
3,"map(from: a)",16382,64,104,0,0,472,9,876.402854919
4,"map(alloc: a)",1,64,104,0,0,7,0,202.739238739
4,"map(alloc: a)",1,64,104,0,0,7,1,203.096866608
4,"map(alloc: a)",1,64,104,0,0,7,2,203.251838684
4,"map(alloc: a)",1,64,104,0,0,7,3,203.597545624
4,"map(alloc: a)",1,64,104,0,0,7,4,203.549861908
4,"map(alloc: a)",1,64,104,0,0,7,5,203.454494476
4,"map(alloc: a)",1,64,104,0,0,7,6,202.751159668
4,"map(alloc: a)",1,64,104,0,0,7,7,202.941894531
4,"map(alloc: a)",1,64,104,0,0,7,8,203.156471252
4,"map(alloc: a)",1,64,104,0,0,7,9,202.953815460
4,"map(alloc: a)",1,64,104,0,0,114,0,301.003456116
4,"map(alloc: a)",1,64,104,0,0,114,1,301.051139832
4,"map(alloc: a)",1,64,104,0,0,114,2,303.244590759
4,"map(alloc: a)",1,64,104,0,0,114,3,300.300121307
4,"map(alloc: a)",1,64,104,0,0,114,4,302.696228027
4,"map(alloc: a)",1,64,104,0,0,114,5,302.803516388
4,"map(alloc: a)",1,64,104,0,0,114,6,301.790237427
4,"map(alloc: a)",1,64,104,0,0,114,7,302.553176880
4,"map(alloc: a)",1,64,104,0,0,114,8,304.198265076
4,"map(alloc: a)",1,64,104,0,0,114,9,301.349163055
4,"map(alloc: a)",1,64,104,0,0,3,0,199.794769287
4,"map(alloc: a)",1,64,104,0,0,3,1,199.699401855
4,"map(alloc: a)",1,64,104,0,0,3,2,199.604034424
4,"map(alloc: a)",1,64,104,0,0,3,3,199.496746063
4,"map(alloc: a)",1,64,104,0,0,3,4,199.806690216
4,"map(alloc: a)",1,64,104,0,0,3,5,199.449062347
4,"map(alloc: a)",1,64,104,0,0,3,6,199.604034424
4,"map(alloc: a)",1,64,104,0,0,3,7,199.341773987
4,"map(alloc: a)",1,64,104,0,0,3,8,199.449062347
4,"map(alloc: a)",1,64,104,0,0,3,9,199.353694916
4,"map(alloc: a)",1,64,104,0,0,17,0,218.141078949
4,"map(alloc: a)",1,64,104,0,0,17,1,217.902660370
4,"map(alloc: a)",1,64,104,0,0,17,2,217.747688293
4,"map(alloc: a)",1,64,104,0,0,17,3,217.902660370
4,"map(alloc: a)",1,64,104,0,0,17,4,218.152999878
4,"map(alloc: a)",1,64,104,0,0,17,5,217.652320862
4,"map(alloc: a)",1,64,104,0,0,17,6,218.200683594
4,"map(alloc: a)",1,64,104,0,0,17,7,218.093395233
4,"map(alloc: a)",1,64,104,0,0,17,8,218.260288239
4,"map(alloc: a)",1,64,104,0,0,17,9,218.355655670
4,"map(alloc: a)",1,64,104,0,0,1,0,198.650360107
4,"map(alloc: a)",1,64,104,0,0,1,1,198.590755463
4,"map(alloc: a)",1,64,104,0,0,1,2,198.507308960
4,"map(alloc: a)",1,64,104,0,0,1,3,198.745727539
4,"map(alloc: a)",1,64,104,0,0,1,4,198.853015900
4,"map(alloc: a)",1,64,104,0,0,1,5,198.757648468
4,"map(alloc: a)",1,64,104,0,0,1,6,198.304653168
4,"map(alloc: a)",1,64,104,0,0,1,7,198.554992676
4,"map(alloc: a)",1,64,104,0,0,1,8,198.447704315
4,"map(alloc: a)",1,64,104,0,0,1,9,198.149681091
4,"map(alloc: a)",1,64,104,0,0,44,0,241.649150848
4,"map(alloc: a)",1,64,104,0,0,44,1,240.695476532
4,"map(alloc: a)",1,64,104,0,0,44,2,241.696834564
4,"map(alloc: a)",1,64,104,0,0,44,3,240.743160248
4,"map(alloc: a)",1,64,104,0,0,44,4,241.291522980
4,"map(alloc: a)",1,64,104,0,0,44,5,241.208076477
4,"map(alloc: a)",1,64,104,0,0,44,6,241.303443909
4,"map(alloc: a)",1,64,104,0,0,44,7,241.303443909
4,"map(alloc: a)",1,64,104,0,0,44,8,241.899490356
4,"map(alloc: a)",1,64,104,0,0,44,9,241.243839264
4,"map(alloc: a)",1,64,104,0,0,294,0,463.354587555
4,"map(alloc: a)",1,64,104,0,0,294,1,457.346439362
4,"map(alloc: a)",1,64,104,0,0,294,2,462.746620178
4,"map(alloc: a)",1,64,104,0,0,294,3,463.294982910
4,"map(alloc: a)",1,64,104,0,0,294,4,459.194183350
4,"map(alloc: a)",1,64,104,0,0,294,5,462.198257446
4,"map(alloc: a)",1,64,104,0,0,294,6,465.404987335
4,"map(alloc: a)",1,64,104,0,0,294,7,459.349155426
4,"map(alloc: a)",1,64,104,0,0,294,8,465.452671051
4,"map(alloc: a)",1,64,104,0,0,294,9,454.199314117
4,"map(alloc: a)",1,64,104,0,0,3140,0,2892.005443573
4,"map(alloc: a)",1,64,104,0,0,3140,1,2902.698516846
4,"map(alloc: a)",1,64,104,0,0,3140,2,2912.199497223
4,"map(alloc: a)",1,64,104,0,0,3140,3,2904.260158539
4,"map(alloc: a)",1,64,104,0,0,3140,4,2912.855148315
4,"map(alloc: a)",1,64,104,0,0,3140,5,2910.101413727
4,"map(alloc: a)",1,64,104,0,0,3140,6,2958.893775940
4,"map(alloc: a)",1,64,104,0,0,3140,7,2891.802787781
4,"map(alloc: a)",1,64,104,0,0,3140,8,2955.293655396
4,"map(alloc: a)",1,64,104,0,0,3140,9,2952.897548676
4,"map(alloc: a)",1,64,104,0,0,4,0,201.046466827
4,"map(alloc: a)",1,64,104,0,0,4,1,201.141834259
4,"map(alloc: a)",1,64,104,0,0,4,2,201.559066772
4,"map(alloc: a)",1,64,104,0,0,4,3,201.308727264
4,"map(alloc: a)",1,64,104,0,0,4,4,201.499462128
4,"map(alloc: a)",1,64,104,0,0,4,5,200.951099396
4,"map(alloc: a)",1,64,104,0,0,4,6,201.296806335
4,"map(alloc: a)",1,64,104,0,0,4,7,201.451778412
4,"map(alloc: a)",1,64,104,0,0,4,8,201.559066772
4,"map(alloc: a)",1,64,104,0,0,4,9,201.201438904
4,"map(alloc: a)",1,64,104,0,0,1955,0,1874.899864197
4,"map(alloc: a)",1,64,104,0,0,1955,1,1870.048046112
4,"map(alloc: a)",1,64,104,0,0,1955,2,1905.453205109
4,"map(alloc: a)",1,64,104,0,0,1955,3,1858.496665955
4,"map(alloc: a)",1,64,104,0,0,1955,4,1899.552345276
4,"map(alloc: a)",1,64,104,0,0,1955,5,1898.348331451
4,"map(alloc: a)",1,64,104,0,0,1955,6,1878.452301025
4,"map(alloc: a)",1,64,104,0,0,1955,7,1896.643638611
4,"map(alloc: a)",1,64,104,0,0,1955,8,1918.804645538
4,"map(alloc: a)",1,64,104,0,0,1955,9,1878.690719604
4,"map(alloc: a)",1,64,104,0,0,183,0,364.995002747
4,"map(alloc: a)",1,64,104,0,0,183,1,361.859798431
4,"map(alloc: a)",1,64,104,0,0,183,2,363.004207611
4,"map(alloc: a)",1,64,104,0,0,183,3,363.838672638
4,"map(alloc: a)",1,64,104,0,0,183,4,363.552570343
4,"map(alloc: a)",1,64,104,0,0,183,5,364.696979523
4,"map(alloc: a)",1,64,104,0,0,183,6,365.054607391
4,"map(alloc: a)",1,64,104,0,0,183,7,363.898277283
4,"map(alloc: a)",1,64,104,0,0,183,8,367.796421051
4,"map(alloc: a)",1,64,104,0,0,183,9,363.647937775
4,"map(alloc: a)",1,64,104,0,0,8096,0,7258.403301239
4,"map(alloc: a)",1,64,104,0,0,8096,1,7159.948348999
4,"map(alloc: a)",1,64,104,0,0,8096,2,7119.250297546
4,"map(alloc: a)",1,64,104,0,0,8096,3,7160.305976868
4,"map(alloc: a)",1,64,104,0,0,8096,4,7241.845130920
4,"map(alloc: a)",1,64,104,0,0,8096,5,7080.447673798
4,"map(alloc: a)",1,64,104,0,0,8096,6,7255.697250366
4,"map(alloc: a)",1,64,104,0,0,8096,7,7172.942161560
4,"map(alloc: a)",1,64,104,0,0,8096,8,7243.597507477
4,"map(alloc: a)",1,64,104,0,0,8096,9,7240.748405457
4,"map(alloc: a)",1,64,104,0,0,758,0,861.954689026
4,"map(alloc: a)",1,64,104,0,0,758,1,862.503051758
4,"map(alloc: a)",1,64,104,0,0,758,2,863.099098206
4,"map(alloc: a)",1,64,104,0,0,758,3,858.759880066
4,"map(alloc: a)",1,64,104,0,0,758,4,875.902175903
4,"map(alloc: a)",1,64,104,0,0,758,5,858.843326569
4,"map(alloc: a)",1,64,104,0,0,758,6,873.339176178
4,"map(alloc: a)",1,64,104,0,0,758,7,875.389575958
4,"map(alloc: a)",1,64,104,0,0,758,8,865.900516510
4,"map(alloc: a)",1,64,104,0,0,758,9,874.304771423
4,"map(alloc: a)",1,64,104,0,0,71,0,266.790390015
4,"map(alloc: a)",1,64,104,0,0,71,1,264.060497284
4,"map(alloc: a)",1,64,104,0,0,71,2,264.704227448
4,"map(alloc: a)",1,64,104,0,0,71,3,264.000892639
4,"map(alloc: a)",1,64,104,0,0,71,4,264.203548431
4,"map(alloc: a)",1,64,104,0,0,71,5,264.346599579
4,"map(alloc: a)",1,64,104,0,0,71,6,263.893604279
4,"map(alloc: a)",1,64,104,0,0,71,7,264.608860016
4,"map(alloc: a)",1,64,104,0,0,71,8,264.906883240
4,"map(alloc: a)",1,64,104,0,0,71,9,264.203548431
4,"map(alloc: a)",1,64,104,0,0,2,0,198.554992676
4,"map(alloc: a)",1,64,104,0,0,2,1,198.447704315
4,"map(alloc: a)",1,64,104,0,0,2,2,198.400020599
4,"map(alloc: a)",1,64,104,0,0,2,3,198.447704315
4,"map(alloc: a)",1,64,104,0,0,2,4,198.495388031
4,"map(alloc: a)",1,64,104,0,0,2,5,198.543071747
4,"map(alloc: a)",1,64,104,0,0,2,6,198.745727539
4,"map(alloc: a)",1,64,104,0,0,2,7,198.495388031
4,"map(alloc: a)",1,64,104,0,0,2,8,198.793411255
4,"map(alloc: a)",1,64,104,0,0,2,9,198.841094971
4,"map(alloc: a)",1,64,104,0,0,11,0,211.751461029
4,"map(alloc: a)",1,64,104,0,0,11,1,211.548805237
4,"map(alloc: a)",1,64,104,0,0,11,2,211.000442505
4,"map(alloc: a)",1,64,104,0,0,11,3,210.905075073
4,"map(alloc: a)",1,64,104,0,0,11,4,211.048126221
4,"map(alloc: a)",1,64,104,0,0,11,5,211.203098297
4,"map(alloc: a)",1,64,104,0,0,11,6,211.250782013
4,"map(alloc: a)",1,64,104,0,0,11,7,210.845470428
4,"map(alloc: a)",1,64,104,0,0,11,8,211.548805237
4,"map(alloc: a)",1,64,104,0,0,11,9,211.358070374
4,"map(alloc: a)",1,64,104,0,0,28,0,226.950645447
4,"map(alloc: a)",1,64,104,0,0,28,1,226.747989655
4,"map(alloc: a)",1,64,104,0,0,28,2,227.093696594
4,"map(alloc: a)",1,64,104,0,0,28,3,226.747989655
4,"map(alloc: a)",1,64,104,0,0,28,4,227.606296539
4,"map(alloc: a)",1,64,104,0,0,28,5,226.998329163
4,"map(alloc: a)",1,64,104,0,0,28,6,227.200984955
4,"map(alloc: a)",1,64,104,0,0,28,7,227.499008179
4,"map(alloc: a)",1,64,104,0,0,28,8,226.807594299
4,"map(alloc: a)",1,64,104,0,0,28,9,227.451324463
4,"map(alloc: a)",1,64,104,0,0,5042,0,4665.398597717
4,"map(alloc: a)",1,64,104,0,0,5042,1,4657.101631165
4,"map(alloc: a)",1,64,104,0,0,5042,2,4708.254337311
4,"map(alloc: a)",1,64,104,0,0,5042,3,4469.549655914
4,"map(alloc: a)",1,64,104,0,0,5042,4,4557.001590729
4,"map(alloc: a)",1,64,104,0,0,5042,5,4553.198814392
4,"map(alloc: a)",1,64,104,0,0,5042,6,4525.744915009
4,"map(alloc: a)",1,64,104,0,0,5042,7,4537.856578827
4,"map(alloc: a)",1,64,104,0,0,5042,8,4603.195190430
4,"map(alloc: a)",1,64,104,0,0,5042,9,4507.195949554
4,"map(alloc: a)",1,64,104,0,0,1218,0,1268.506050110
4,"map(alloc: a)",1,64,104,0,0,1218,1,1249.551773071
4,"map(alloc: a)",1,64,104,0,0,1218,2,1261.401176453
4,"map(alloc: a)",1,64,104,0,0,1218,3,1262.450218201
4,"map(alloc: a)",1,64,104,0,0,1218,4,1258.659362793
4,"map(alloc: a)",1,64,104,0,0,1218,5,1266.145706177
4,"map(alloc: a)",1,64,104,0,0,1218,6,1267.492771149
4,"map(alloc: a)",1,64,104,0,0,1218,7,1258.552074432
4,"map(alloc: a)",1,64,104,0,0,1218,8,1287.245750427
4,"map(alloc: a)",1,64,104,0,0,1218,9,1258.695125580
4,"map(alloc: a)",1,64,104,0,0,472,0,620.555877686
4,"map(alloc: a)",1,64,104,0,0,472,1,623.500347137
4,"map(alloc: a)",1,64,104,0,0,472,2,618.100166321
4,"map(alloc: a)",1,64,104,0,0,472,3,615.906715393
4,"map(alloc: a)",1,64,104,0,0,472,4,611.245632172
4,"map(alloc: a)",1,64,104,0,0,472,5,600.695610046
4,"map(alloc: a)",1,64,104,0,0,472,6,613.057613373
4,"map(alloc: a)",1,64,104,0,0,472,7,607.299804688
4,"map(alloc: a)",1,64,104,0,0,472,8,608.444213867
4,"map(alloc: a)",1,64,104,0,0,472,9,610.554218292
4,"map(alloc: a)",2,64,104,0,0,7,0,202.846527100
4,"map(alloc: a)",2,64,104,0,0,7,1,203.251838684
4,"map(alloc: a)",2,64,104,0,0,7,2,203.156471252
4,"map(alloc: a)",2,64,104,0,0,7,3,202.751159668
4,"map(alloc: a)",2,64,104,0,0,7,4,202.953815460
4,"map(alloc: a)",2,64,104,0,0,7,5,203.001499176
4,"map(alloc: a)",2,64,104,0,0,7,6,203.001499176
4,"map(alloc: a)",2,64,104,0,0,7,7,203.251838684
4,"map(alloc: a)",2,64,104,0,0,7,8,203.406810760
4,"map(alloc: a)",2,64,104,0,0,7,9,202.953815460
4,"map(alloc: a)",2,64,104,0,0,114,0,305.795669556
4,"map(alloc: a)",2,64,104,0,0,114,1,300.204753876
4,"map(alloc: a)",2,64,104,0,0,114,2,301.802158356
4,"map(alloc: a)",2,64,104,0,0,114,3,300.407409668
4,"map(alloc: a)",2,64,104,0,0,114,4,301.194190979
4,"map(alloc: a)",2,64,104,0,0,114,5,301.301479340
4,"map(alloc: a)",2,64,104,0,0,114,6,300.753116608
4,"map(alloc: a)",2,64,104,0,0,114,7,301.647186279
4,"map(alloc: a)",2,64,104,0,0,114,8,301.599502563
4,"map(alloc: a)",2,64,104,0,0,114,9,301.396846771
4,"map(alloc: a)",2,64,104,0,0,3,0,199.353694916
4,"map(alloc: a)",2,64,104,0,0,3,1,199.198722839
4,"map(alloc: a)",2,64,104,0,0,3,2,199.246406555
4,"map(alloc: a)",2,64,104,0,0,3,3,199.246406555
4,"map(alloc: a)",2,64,104,0,0,3,4,199.401378632
4,"map(alloc: a)",2,64,104,0,0,3,5,199.401378632
4,"map(alloc: a)",2,64,104,0,0,3,6,199.806690216
4,"map(alloc: a)",2,64,104,0,0,3,7,199.151039124
4,"map(alloc: a)",2,64,104,0,0,3,8,199.449062347
4,"map(alloc: a)",2,64,104,0,0,3,9,199.449062347
4,"map(alloc: a)",2,64,104,0,0,17,0,218.403339386
4,"map(alloc: a)",2,64,104,0,0,17,1,218.653678894
4,"map(alloc: a)",2,64,104,0,0,17,2,217.604637146
4,"map(alloc: a)",2,64,104,0,0,17,3,217.497348785
4,"map(alloc: a)",2,64,104,0,0,17,4,217.795372009
4,"map(alloc: a)",2,64,104,0,0,17,5,217.843055725
4,"map(alloc: a)",2,64,104,0,0,17,6,218.045711517
4,"map(alloc: a)",2,64,104,0,0,17,7,217.449665070
4,"map(alloc: a)",2,64,104,0,0,17,8,217.700004578
4,"map(alloc: a)",2,64,104,0,0,17,9,217.795372009
4,"map(alloc: a)",2,64,104,0,0,1,0,198.292732239
4,"map(alloc: a)",2,64,104,0,0,1,1,198.292732239
4,"map(alloc: a)",2,64,104,0,0,1,2,198.757648468
4,"map(alloc: a)",2,64,104,0,0,1,3,198.447704315
4,"map(alloc: a)",2,64,104,0,0,1,4,198.960304260
4,"map(alloc: a)",2,64,104,0,0,1,5,199.055671692
4,"map(alloc: a)",2,64,104,0,0,1,6,198.554992676
4,"map(alloc: a)",2,64,104,0,0,1,7,198.948383331
4,"map(alloc: a)",2,64,104,0,0,1,8,198.340415955
4,"map(alloc: a)",2,64,104,0,0,1,9,198.805332184
4,"map(alloc: a)",2,64,104,0,0,44,0,242.447853088
4,"map(alloc: a)",2,64,104,0,0,44,1,242.197513580
4,"map(alloc: a)",2,64,104,0,0,44,2,242.590904236
4,"map(alloc: a)",2,64,104,0,0,44,3,240.409374237
4,"map(alloc: a)",2,64,104,0,0,44,4,241.410732269
4,"map(alloc: a)",2,64,104,0,0,44,5,241.398811340
4,"map(alloc: a)",2,64,104,0,0,44,6,240.707397461
4,"map(alloc: a)",2,64,104,0,0,44,7,240.743160248
4,"map(alloc: a)",2,64,104,0,0,44,8,241.649150848
4,"map(alloc: a)",2,64,104,0,0,44,9,240.743160248
4,"map(alloc: a)",2,64,104,0,0,294,0,460.493564606
4,"map(alloc: a)",2,64,104,0,0,294,1,456.500053406
4,"map(alloc: a)",2,64,104,0,0,294,2,458.157062531
4,"map(alloc: a)",2,64,104,0,0,294,3,459.504127502
4,"map(alloc: a)",2,64,104,0,0,294,4,458.645820618
4,"map(alloc: a)",2,64,104,0,0,294,5,460.100173950
4,"map(alloc: a)",2,64,104,0,0,294,6,461.196899414
4,"map(alloc: a)",2,64,104,0,0,294,7,458.204746246
4,"map(alloc: a)",2,64,104,0,0,294,8,465.559959412
4,"map(alloc: a)",2,64,104,0,0,294,9,458.753108978
4,"map(alloc: a)",2,64,104,0,0,3140,0,2986.860275269
4,"map(alloc: a)",2,64,104,0,0,3140,1,2993.655204773
4,"map(alloc: a)",2,64,104,0,0,3140,2,2973.389625549
4,"map(alloc: a)",2,64,104,0,0,3140,3,2948.451042175
4,"map(alloc: a)",2,64,104,0,0,3140,4,2922.201156616
4,"map(alloc: a)",2,64,104,0,0,3140,5,2856.397628784
4,"map(alloc: a)",2,64,104,0,0,3140,6,2932.703495026
4,"map(alloc: a)",2,64,104,0,0,3140,7,2894.651889801
4,"map(alloc: a)",2,64,104,0,0,3140,8,2908.396720886
4,"map(alloc: a)",2,64,104,0,0,3140,9,2909.350395203
4,"map(alloc: a)",2,64,104,0,0,4,0,202.298164368
4,"map(alloc: a)",2,64,104,0,0,4,1,201.201438904
4,"map(alloc: a)",2,64,104,0,0,4,2,201.094150543
4,"map(alloc: a)",2,64,104,0,0,4,3,201.249122620
4,"map(alloc: a)",2,64,104,0,0,4,4,201.547145844
4,"map(alloc: a)",2,64,104,0,0,4,5,200.951099396
4,"map(alloc: a)",2,64,104,0,0,4,6,201.046466827
4,"map(alloc: a)",2,64,104,0,0,4,7,201.141834259
4,"map(alloc: a)",2,64,104,0,0,4,8,201.058387756
4,"map(alloc: a)",2,64,104,0,0,4,9,201.094150543
4,"map(alloc: a)",2,64,104,0,0,1955,0,1942.253112793
4,"map(alloc: a)",2,64,104,0,0,1955,1,1905.405521393
4,"map(alloc: a)",2,64,104,0,0,1955,2,1951.646804810
4,"map(alloc: a)",2,64,104,0,0,1955,3,1927.053928375
4,"map(alloc: a)",2,64,104,0,0,1955,4,1910.102367401
4,"map(alloc: a)",2,64,104,0,0,1955,5,1879.048347473
4,"map(alloc: a)",2,64,104,0,0,1955,6,1877.605915070
4,"map(alloc: a)",2,64,104,0,0,1955,7,1889.240741730
4,"map(alloc: a)",2,64,104,0,0,1955,8,1878.094673157
4,"map(alloc: a)",2,64,104,0,0,1955,9,1873.910427094
4,"map(alloc: a)",2,64,104,0,0,183,0,364.351272583
4,"map(alloc: a)",2,64,104,0,0,183,1,359.058380127
4,"map(alloc: a)",2,64,104,0,0,183,2,362.551212311
4,"map(alloc: a)",2,64,104,0,0,183,3,363.492965698
4,"map(alloc: a)",2,64,104,0,0,183,4,361.144542694
4,"map(alloc: a)",2,64,104,0,0,183,5,362.551212311
4,"map(alloc: a)",2,64,104,0,0,183,6,364.148616791
4,"map(alloc: a)",2,64,104,0,0,183,7,360.095500946
4,"map(alloc: a)",2,64,104,0,0,183,8,365.746021271
4,"map(alloc: a)",2,64,104,0,0,183,9,363.254547119
4,"map(alloc: a)",2,64,104,0,0,8096,0,7318.699359894
4,"map(alloc: a)",2,64,104,0,0,8096,1,7330.596446991
4,"map(alloc: a)",2,64,104,0,0,8096,2,7358.849048615
4,"map(alloc: a)",2,64,104,0,0,8096,3,7365.548610687
4,"map(alloc: a)",2,64,104,0,0,8096,4,7392.692565918
4,"map(alloc: a)",2,64,104,0,0,8096,5,7126.057147980
4,"map(alloc: a)",2,64,104,0,0,8096,6,7225.358486176
4,"map(alloc: a)",2,64,104,0,0,8096,7,7070.899009705
4,"map(alloc: a)",2,64,104,0,0,8096,8,7199.597358704
4,"map(alloc: a)",2,64,104,0,0,8096,9,7178.401947021
4,"map(alloc: a)",2,64,104,0,0,758,0,848.805904388
4,"map(alloc: a)",2,64,104,0,0,758,1,856.649875641
4,"map(alloc: a)",2,64,104,0,0,758,2,866.758823395
4,"map(alloc: a)",2,64,104,0,0,758,3,850.701332092
4,"map(alloc: a)",2,64,104,0,0,758,4,867.342948914
4,"map(alloc: a)",2,64,104,0,0,758,5,858.747959137
4,"map(alloc: a)",2,64,104,0,0,758,6,861.644744873
4,"map(alloc: a)",2,64,104,0,0,758,7,863.647460938
4,"map(alloc: a)",2,64,104,0,0,758,8,863.802433014
4,"map(alloc: a)",2,64,104,0,0,758,9,867.402553558
4,"map(alloc: a)",2,64,104,0,0,71,0,265.955924988
4,"map(alloc: a)",2,64,104,0,0,71,1,265.240669250
4,"map(alloc: a)",2,64,104,0,0,71,2,267.100334167
4,"map(alloc: a)",2,64,104,0,0,71,3,265.645980835
4,"map(alloc: a)",2,64,104,0,0,71,4,266.802310944
4,"map(alloc: a)",2,64,104,0,0,71,5,266.754627228
4,"map(alloc: a)",2,64,104,0,0,71,6,263.559818268
4,"map(alloc: a)",2,64,104,0,0,71,7,264.298915863
4,"map(alloc: a)",2,64,104,0,0,71,8,264.859199524
4,"map(alloc: a)",2,64,104,0,0,71,9,263.309478760
4,"map(alloc: a)",2,64,104,0,0,2,0,198.447704315
4,"map(alloc: a)",2,64,104,0,0,2,1,198.256969452
4,"map(alloc: a)",2,64,104,0,0,2,2,198.853015900
4,"map(alloc: a)",2,64,104,0,0,2,3,198.554992676
4,"map(alloc: a)",2,64,104,0,0,2,4,198.495388031
4,"map(alloc: a)",2,64,104,0,0,2,5,198.245048523
4,"map(alloc: a)",2,64,104,0,0,2,6,198.543071747
4,"map(alloc: a)",2,64,104,0,0,2,7,198.554992676
4,"map(alloc: a)",2,64,104,0,0,2,8,198.805332184
4,"map(alloc: a)",2,64,104,0,0,2,9,198.650360107
4,"map(alloc: a)",2,64,104,0,0,11,0,211.846828461
4,"map(alloc: a)",2,64,104,0,0,11,1,211.942195892
4,"map(alloc: a)",2,64,104,0,0,11,2,211.501121521
4,"map(alloc: a)",2,64,104,0,0,11,3,212.109088898
4,"map(alloc: a)",2,64,104,0,0,11,4,211.894512177
4,"map(alloc: a)",2,64,104,0,0,11,5,211.346149445
4,"map(alloc: a)",2,64,104,0,0,11,6,211.906433105
4,"map(alloc: a)",2,64,104,0,0,11,7,211.048126221
4,"map(alloc: a)",2,64,104,0,0,11,8,211.155414581
4,"map(alloc: a)",2,64,104,0,0,11,9,211.107730865
4,"map(alloc: a)",2,64,104,0,0,28,0,226.593017578
4,"map(alloc: a)",2,64,104,0,0,28,1,226.354598999
4,"map(alloc: a)",2,64,104,0,0,28,2,226.402282715
4,"map(alloc: a)",2,64,104,0,0,28,3,226.449966431
4,"map(alloc: a)",2,64,104,0,0,28,4,226.700305939
4,"map(alloc: a)",2,64,104,0,0,28,5,226.199626923
4,"map(alloc: a)",2,64,104,0,0,28,6,226.998329163
4,"map(alloc: a)",2,64,104,0,0,28,7,227.093696594
4,"map(alloc: a)",2,64,104,0,0,28,8,226.402282715
4,"map(alloc: a)",2,64,104,0,0,28,9,227.046012878
4,"map(alloc: a)",2,64,104,0,0,5042,0,4667.353630066
4,"map(alloc: a)",2,64,104,0,0,5042,1,4559.803009033
4,"map(alloc: a)",2,64,104,0,0,5042,2,4684.448242188
4,"map(alloc: a)",2,64,104,0,0,5042,3,4627.048969269
4,"map(alloc: a)",2,64,104,0,0,5042,4,4660.153388977
4,"map(alloc: a)",2,64,104,0,0,5042,5,4655.003547668
4,"map(alloc: a)",2,64,104,0,0,5042,6,4691.052436829
4,"map(alloc: a)",2,64,104,0,0,5042,7,4625.904560089
4,"map(alloc: a)",2,64,104,0,0,5042,8,4527.103900909
4,"map(alloc: a)",2,64,104,0,0,5042,9,4502.797126770
4,"map(alloc: a)",2,64,104,0,0,1218,0,1263.701915741
4,"map(alloc: a)",2,64,104,0,0,1218,1,1232.457160950
4,"map(alloc: a)",2,64,104,0,0,1218,2,1254.153251648
4,"map(alloc: a)",2,64,104,0,0,1218,3,1257.252693176
4,"map(alloc: a)",2,64,104,0,0,1218,4,1245.808601379
4,"map(alloc: a)",2,64,104,0,0,1218,5,1256.406307220
4,"map(alloc: a)",2,64,104,0,0,1218,6,1270.842552185
4,"map(alloc: a)",2,64,104,0,0,1218,7,1244.795322418
4,"map(alloc: a)",2,64,104,0,0,1218,8,1272.201538086
4,"map(alloc: a)",2,64,104,0,0,1218,9,1254.200935364
4,"map(alloc: a)",2,64,104,0,0,472,0,614.047050476
4,"map(alloc: a)",2,64,104,0,0,472,1,616.407394409
4,"map(alloc: a)",2,64,104,0,0,472,2,615.596771240
4,"map(alloc: a)",2,64,104,0,0,472,3,618.243217468
4,"map(alloc: a)",2,64,104,0,0,472,4,618.147850037
4,"map(alloc: a)",2,64,104,0,0,472,5,615.203380585
4,"map(alloc: a)",2,64,104,0,0,472,6,625.646114349
4,"map(alloc: a)",2,64,104,0,0,472,7,616.300106049
4,"map(alloc: a)",2,64,104,0,0,472,8,613.999366760
4,"map(alloc: a)",2,64,104,0,0,472,9,609.159469604
4,"map(alloc: a)",4,64,104,0,0,7,0,202.155113220
4,"map(alloc: a)",4,64,104,0,0,7,1,202.798843384
4,"map(alloc: a)",4,64,104,0,0,7,2,203.049182892
4,"map(alloc: a)",4,64,104,0,0,7,3,202.798843384
4,"map(alloc: a)",4,64,104,0,0,7,4,203.096866608
4,"map(alloc: a)",4,64,104,0,0,7,5,202.643871307
4,"map(alloc: a)",4,64,104,0,0,7,6,203.001499176
4,"map(alloc: a)",4,64,104,0,0,7,7,203.001499176
4,"map(alloc: a)",4,64,104,0,0,7,8,203.442573547
4,"map(alloc: a)",4,64,104,0,0,7,9,203.192234039
4,"map(alloc: a)",4,64,104,0,0,114,0,303.602218628
4,"map(alloc: a)",4,64,104,0,0,114,1,302.493572235
4,"map(alloc: a)",4,64,104,0,0,114,2,305.449962616
4,"map(alloc: a)",4,64,104,0,0,114,3,302.946567535
4,"map(alloc: a)",4,64,104,0,0,114,4,304.591655731
4,"map(alloc: a)",4,64,104,0,0,114,5,305.545330048
4,"map(alloc: a)",4,64,104,0,0,114,6,300.347805023
4,"map(alloc: a)",4,64,104,0,0,114,7,300.943851471
4,"map(alloc: a)",4,64,104,0,0,114,8,302.052497864
4,"map(alloc: a)",4,64,104,0,0,114,9,299.954414368
4,"map(alloc: a)",4,64,104,0,0,3,0,199.246406555
4,"map(alloc: a)",4,64,104,0,0,3,1,199.043750763
4,"map(alloc: a)",4,64,104,0,0,3,2,199.246406555
4,"map(alloc: a)",4,64,104,0,0,3,3,199.449062347
4,"map(alloc: a)",4,64,104,0,0,3,4,199.401378632
4,"map(alloc: a)",4,64,104,0,0,3,5,199.294090271
4,"map(alloc: a)",4,64,104,0,0,3,6,199.246406555
4,"map(alloc: a)",4,64,104,0,0,3,7,199.401378632
4,"map(alloc: a)",4,64,104,0,0,3,8,199.604034424
4,"map(alloc: a)",4,64,104,0,0,3,9,199.604034424
4,"map(alloc: a)",4,64,104,0,0,17,0,218.343734741
4,"map(alloc: a)",4,64,104,0,0,17,1,218.546390533
4,"map(alloc: a)",4,64,104,0,0,17,2,217.854976654
4,"map(alloc: a)",4,64,104,0,0,17,3,218.546390533
4,"map(alloc: a)",4,64,104,0,0,17,4,219.047069550
4,"map(alloc: a)",4,64,104,0,0,17,5,218.141078949
4,"map(alloc: a)",4,64,104,0,0,17,6,218.760967255
4,"map(alloc: a)",4,64,104,0,0,17,7,217.604637146
4,"map(alloc: a)",4,64,104,0,0,17,8,217.497348785
4,"map(alloc: a)",4,64,104,0,0,17,9,217.401981354
4,"map(alloc: a)",4,64,104,0,0,1,0,198.554992676
4,"map(alloc: a)",4,64,104,0,0,1,1,198.352336884
4,"map(alloc: a)",4,64,104,0,0,1,2,198.197364807
4,"map(alloc: a)",4,64,104,0,0,1,3,198.495388031
4,"map(alloc: a)",4,64,104,0,0,1,4,198.400020599
4,"map(alloc: a)",4,64,104,0,0,1,5,198.304653168
4,"map(alloc: a)",4,64,104,0,0,1,6,198.650360107
4,"map(alloc: a)",4,64,104,0,0,1,7,198.650360107
4,"map(alloc: a)",4,64,104,0,0,1,8,198.447704315
4,"map(alloc: a)",4,64,104,0,0,1,9,198.590755463
4,"map(alloc: a)",4,64,104,0,0,44,0,242.102146149
4,"map(alloc: a)",4,64,104,0,0,44,1,241.148471832
4,"map(alloc: a)",4,64,104,0,0,44,2,242.698192596
4,"map(alloc: a)",4,64,104,0,0,44,3,241.696834564
4,"map(alloc: a)",4,64,104,0,0,44,4,242.102146149
4,"map(alloc: a)",4,64,104,0,0,44,5,242.304801941
4,"map(alloc: a)",4,64,104,0,0,44,6,242.054462433
4,"map(alloc: a)",4,64,104,0,0,44,7,241.708755493
4,"map(alloc: a)",4,64,104,0,0,44,8,240.600109100
4,"map(alloc: a)",4,64,104,0,0,44,9,240.647792816
4,"map(alloc: a)",4,64,104,0,0,294,0,459.802150726
4,"map(alloc: a)",4,64,104,0,0,294,1,451.958179474
4,"map(alloc: a)",4,64,104,0,0,294,2,457.000732422
4,"map(alloc: a)",4,64,104,0,0,294,3,457.501411438
4,"map(alloc: a)",4,64,104,0,0,294,4,455.200672150
4,"map(alloc: a)",4,64,104,0,0,294,5,457.298755646
4,"map(alloc: a)",4,64,104,0,0,294,6,461.256504059
4,"map(alloc: a)",4,64,104,0,0,294,7,455.009937286
4,"map(alloc: a)",4,64,104,0,0,294,8,461.804866791
4,"map(alloc: a)",4,64,104,0,0,294,9,457.155704498
4,"map(alloc: a)",4,64,104,0,0,3140,0,2946.352958679
4,"map(alloc: a)",4,64,104,0,0,3140,1,2953.505516052
4,"map(alloc: a)",4,64,104,0,0,3140,2,2962.100505829
4,"map(alloc: a)",4,64,104,0,0,3140,3,2965.903282166
4,"map(alloc: a)",4,64,104,0,0,3140,4,2972.650527954
4,"map(alloc: a)",4,64,104,0,0,3140,5,2953.600883484
4,"map(alloc: a)",4,64,104,0,0,3140,6,3016.650676727
4,"map(alloc: a)",4,64,104,0,0,3140,7,2956.151962280
4,"map(alloc: a)",4,64,104,0,0,3140,8,2942.800521851
4,"map(alloc: a)",4,64,104,0,0,3140,9,2905.452251434
4,"map(alloc: a)",4,64,104,0,0,4,0,201.499462128
4,"map(alloc: a)",4,64,104,0,0,4,1,201.189517975
4,"map(alloc: a)",4,64,104,0,0,4,2,200.688838959
4,"map(alloc: a)",4,64,104,0,0,4,3,200.545787811
4,"map(alloc: a)",4,64,104,0,0,4,4,200.951099396
4,"map(alloc: a)",4,64,104,0,0,4,5,201.106071472
4,"map(alloc: a)",4,64,104,0,0,4,6,200.951099396
4,"map(alloc: a)",4,64,104,0,0,4,7,201.153755188
4,"map(alloc: a)",4,64,104,0,0,4,8,200.855731964
4,"map(alloc: a)",4,64,104,0,0,4,9,200.951099396
4,"map(alloc: a)",4,64,104,0,0,1955,0,1905.155181885
4,"map(alloc: a)",4,64,104,0,0,1955,1,1896.345615387
4,"map(alloc: a)",4,64,104,0,0,1955,2,1945.602893829
4,"map(alloc: a)",4,64,104,0,0,1955,3,1891.946792603
4,"map(alloc: a)",4,64,104,0,0,1955,4,1933.300495148
4,"map(alloc: a)",4,64,104,0,0,1955,5,1933.753490448
4,"map(alloc: a)",4,64,104,0,0,1955,6,1915.955543518
4,"map(alloc: a)",4,64,104,0,0,1955,7,1937.305927277
4,"map(alloc: a)",4,64,104,0,0,1955,8,1959.848403931
4,"map(alloc: a)",4,64,104,0,0,1955,9,1866.853237152
4,"map(alloc: a)",4,64,104,0,0,183,0,362.205505371
4,"map(alloc: a)",4,64,104,0,0,183,1,359.654426575
4,"map(alloc: a)",4,64,104,0,0,183,2,360.953807831
4,"map(alloc: a)",4,64,104,0,0,183,3,360.596179962
4,"map(alloc: a)",4,64,104,0,0,183,4,360.810756683
4,"map(alloc: a)",4,64,104,0,0,183,5,361.597537994
4,"map(alloc: a)",4,64,104,0,0,183,6,361.597537994
4,"map(alloc: a)",4,64,104,0,0,183,7,360.989570618
4,"map(alloc: a)",4,64,104,0,0,183,8,364.005565643
4,"map(alloc: a)",4,64,104,0,0,183,9,360.202789307
4,"map(alloc: a)",4,64,104,0,0,8096,0,7283.496856689
4,"map(alloc: a)",4,64,104,0,0,8096,1,7293.653488159
4,"map(alloc: a)",4,64,104,0,0,8096,2,7226.848602295
4,"map(alloc: a)",4,64,104,0,0,8096,3,7299.852371216
4,"map(alloc: a)",4,64,104,0,0,8096,4,7388.556003571
4,"map(alloc: a)",4,64,104,0,0,8096,5,7212.650775909
4,"map(alloc: a)",4,64,104,0,0,8096,6,7416.749000549
4,"map(alloc: a)",4,64,104,0,0,8096,7,7330.048084259
4,"map(alloc: a)",4,64,104,0,0,8096,8,7359.945774078
4,"map(alloc: a)",4,64,104,0,0,8096,9,7374.143600464
4,"map(alloc: a)",4,64,104,0,0,758,0,849.652290344
4,"map(alloc: a)",4,64,104,0,0,758,1,851.452350616
4,"map(alloc: a)",4,64,104,0,0,758,2,853.896141052
4,"map(alloc: a)",4,64,104,0,0,758,3,849.556922913
4,"map(alloc: a)",4,64,104,0,0,758,4,862.407684326
4,"map(alloc: a)",4,64,104,0,0,758,5,845.158100128
4,"map(alloc: a)",4,64,104,0,0,758,6,860.190391541
4,"map(alloc: a)",4,64,104,0,0,758,7,862.145423889
4,"map(alloc: a)",4,64,104,0,0,758,8,855.505466461
4,"map(alloc: a)",4,64,104,0,0,758,9,861.144065857
4,"map(alloc: a)",4,64,104,0,0,71,0,266.289710999
4,"map(alloc: a)",4,64,104,0,0,71,1,263.941287994
4,"map(alloc: a)",4,64,104,0,0,71,2,266.253948212
4,"map(alloc: a)",4,64,104,0,0,71,3,264.549255371
4,"map(alloc: a)",4,64,104,0,0,71,4,265.502929688
4,"map(alloc: a)",4,64,104,0,0,71,5,265.705585480
4,"map(alloc: a)",4,64,104,0,0,71,6,265.657901764
4,"map(alloc: a)",4,64,104,0,0,71,7,266.444683075
4,"map(alloc: a)",4,64,104,0,0,71,8,266.194343567
4,"map(alloc: a)",4,64,104,0,0,71,9,265.550613403
4,"map(alloc: a)",4,64,104,0,0,2,0,198.543071747
4,"map(alloc: a)",4,64,104,0,0,2,1,198.256969452
4,"map(alloc: a)",4,64,104,0,0,2,2,198.197364807
4,"map(alloc: a)",4,64,104,0,0,2,3,197.994709015
4,"map(alloc: a)",4,64,104,0,0,2,4,198.507308960
4,"map(alloc: a)",4,64,104,0,0,2,5,198.352336884
4,"map(alloc: a)",4,64,104,0,0,2,6,198.400020599
4,"map(alloc: a)",4,64,104,0,0,2,7,198.101997375
4,"map(alloc: a)",4,64,104,0,0,2,8,198.602676392
4,"map(alloc: a)",4,64,104,0,0,2,9,198.245048523
4,"map(alloc: a)",4,64,104,0,0,11,0,211.203098297
4,"map(alloc: a)",4,64,104,0,0,11,1,211.691856384
4,"map(alloc: a)",4,64,104,0,0,11,2,211.107730865
4,"map(alloc: a)",4,64,104,0,0,11,3,211.203098297
4,"map(alloc: a)",4,64,104,0,0,11,4,211.501121521
4,"map(alloc: a)",4,64,104,0,0,11,5,211.644172668
4,"map(alloc: a)",4,64,104,0,0,11,6,211.846828461
4,"map(alloc: a)",4,64,104,0,0,11,7,211.155414581
4,"map(alloc: a)",4,64,104,0,0,11,8,211.656093597
4,"map(alloc: a)",4,64,104,0,0,11,9,211.596488953
4,"map(alloc: a)",4,64,104,0,0,28,0,227.010250092
4,"map(alloc: a)",4,64,104,0,0,28,1,226.843357086
4,"map(alloc: a)",4,64,104,0,0,28,2,226.354598999
4,"map(alloc: a)",4,64,104,0,0,28,3,225.949287415
4,"map(alloc: a)",4,64,104,0,0,28,4,226.843357086
4,"map(alloc: a)",4,64,104,0,0,28,5,226.855278015
4,"map(alloc: a)",4,64,104,0,0,28,6,226.402282715
4,"map(alloc: a)",4,64,104,0,0,28,7,226.652622223
4,"map(alloc: a)",4,64,104,0,0,28,8,226.557254791
4,"map(alloc: a)",4,64,104,0,0,28,9,226.902961731
4,"map(alloc: a)",4,64,104,0,0,5042,0,4587.888717651
4,"map(alloc: a)",4,64,104,0,0,5042,1,4568.409919739
4,"map(alloc: a)",4,64,104,0,0,5042,2,4642.641544342
4,"map(alloc: a)",4,64,104,0,0,5042,3,4529.249668121
4,"map(alloc: a)",4,64,104,0,0,5042,4,4635.596275330
4,"map(alloc: a)",4,64,104,0,0,5042,5,4641.699790955
4,"map(alloc: a)",4,64,104,0,0,5042,6,4596.495628357
4,"map(alloc: a)",4,64,104,0,0,5042,7,4642.152786255
4,"map(alloc: a)",4,64,104,0,0,5042,8,4689.300060272
4,"map(alloc: a)",4,64,104,0,0,5042,9,4599.606990814
4,"map(alloc: a)",4,64,104,0,0,1218,0,1292.049884796
4,"map(alloc: a)",4,64,104,0,0,1218,1,1278.054714203
4,"map(alloc: a)",4,64,104,0,0,1218,2,1259.803771973
4,"map(alloc: a)",4,64,104,0,0,1218,3,1244.950294495
4,"map(alloc: a)",4,64,104,0,0,1218,4,1245.248317719
4,"map(alloc: a)",4,64,104,0,0,1218,5,1250.255107880
4,"map(alloc: a)",4,64,104,0,0,1218,6,1246.047019958
4,"map(alloc: a)",4,64,104,0,0,1218,7,1242.947578430
4,"map(alloc: a)",4,64,104,0,0,1218,8,1265.203952789
4,"map(alloc: a)",4,64,104,0,0,1218,9,1237.154006958
4,"map(alloc: a)",4,64,104,0,0,472,0,613.939762115
4,"map(alloc: a)",4,64,104,0,0,472,1,615.406036377
4,"map(alloc: a)",4,64,104,0,0,472,2,610.351562500
4,"map(alloc: a)",4,64,104,0,0,472,3,613.296031952
4,"map(alloc: a)",4,64,104,0,0,472,4,619.304180145
4,"map(alloc: a)",4,64,104,0,0,472,5,607.407093048
4,"map(alloc: a)",4,64,104,0,0,472,6,621.700286865
4,"map(alloc: a)",4,64,104,0,0,472,7,614.404678345
4,"map(alloc: a)",4,64,104,0,0,472,8,617.349147797
4,"map(alloc: a)",4,64,104,0,0,472,9,619.149208069
4,"map(alloc: a)",8,64,104,0,0,7,0,202.393531799
4,"map(alloc: a)",8,64,104,0,0,7,1,203.144550323
4,"map(alloc: a)",8,64,104,0,0,7,2,202.751159668
4,"map(alloc: a)",8,64,104,0,0,7,3,202.846527100
4,"map(alloc: a)",8,64,104,0,0,7,4,203.204154968
4,"map(alloc: a)",8,64,104,0,0,7,5,202.453136444
4,"map(alloc: a)",8,64,104,0,0,7,6,203.299522400
4,"map(alloc: a)",8,64,104,0,0,7,7,203.156471252
4,"map(alloc: a)",8,64,104,0,0,7,8,202.894210815
4,"map(alloc: a)",8,64,104,0,0,7,9,203.394889832
4,"map(alloc: a)",8,64,104,0,0,114,0,303.995609283
4,"map(alloc: a)",8,64,104,0,0,114,1,300.908088684
4,"map(alloc: a)",8,64,104,0,0,114,2,304.698944092
4,"map(alloc: a)",8,64,104,0,0,114,3,302.243232727
4,"map(alloc: a)",8,64,104,0,0,114,4,303.304195404
4,"map(alloc: a)",8,64,104,0,0,114,5,303.852558136
4,"map(alloc: a)",8,64,104,0,0,114,6,303.494930267
4,"map(alloc: a)",8,64,104,0,0,114,7,304.150581360
4,"map(alloc: a)",8,64,104,0,0,114,8,303.995609283
4,"map(alloc: a)",8,64,104,0,0,114,9,303.792953491
4,"map(alloc: a)",8,64,104,0,0,3,0,199.496746063
4,"map(alloc: a)",8,64,104,0,0,3,1,199.151039124
4,"map(alloc: a)",8,64,104,0,0,3,2,199.151039124
4,"map(alloc: a)",8,64,104,0,0,3,3,199.055671692
4,"map(alloc: a)",8,64,104,0,0,3,4,199.294090271
4,"map(alloc: a)",8,64,104,0,0,3,5,199.258327484
4,"map(alloc: a)",8,64,104,0,0,3,6,199.258327484
4,"map(alloc: a)",8,64,104,0,0,3,7,199.043750763
4,"map(alloc: a)",8,64,104,0,0,3,8,199.353694916
4,"map(alloc: a)",8,64,104,0,0,3,9,199.091434479
4,"map(alloc: a)",8,64,104,0,0,17,0,218.057632446
4,"map(alloc: a)",8,64,104,0,0,17,1,218.200683594
4,"map(alloc: a)",8,64,104,0,0,17,2,217.807292938
4,"map(alloc: a)",8,64,104,0,0,17,3,217.890739441
4,"map(alloc: a)",8,64,104,0,0,17,4,218.248367310
4,"map(alloc: a)",8,64,104,0,0,17,5,217.854976654
4,"map(alloc: a)",8,64,104,0,0,17,6,218.546390533
4,"map(alloc: a)",8,64,104,0,0,17,7,217.604637146
4,"map(alloc: a)",8,64,104,0,0,17,8,218.510627747
4,"map(alloc: a)",8,64,104,0,0,17,9,218.558311462
4,"map(alloc: a)",8,64,104,0,0,1,0,198.495388031
4,"map(alloc: a)",8,64,104,0,0,1,1,198.304653168
4,"map(alloc: a)",8,64,104,0,0,1,2,198.340415955
4,"map(alloc: a)",8,64,104,0,0,1,3,198.400020599
4,"map(alloc: a)",8,64,104,0,0,1,4,198.507308960
4,"map(alloc: a)",8,64,104,0,0,1,5,198.245048523
4,"map(alloc: a)",8,64,104,0,0,1,6,198.507308960
4,"map(alloc: a)",8,64,104,0,0,1,7,198.352336884
4,"map(alloc: a)",8,64,104,0,0,1,8,198.650360107
4,"map(alloc: a)",8,64,104,0,0,1,9,198.400020599
4,"map(alloc: a)",8,64,104,0,0,44,0,241.398811340
4,"map(alloc: a)",8,64,104,0,0,44,1,240.850448608
4,"map(alloc: a)",8,64,104,0,0,44,2,242.257118225
4,"map(alloc: a)",8,64,104,0,0,44,3,240.755081177
4,"map(alloc: a)",8,64,104,0,0,44,4,242.006778717
4,"map(alloc: a)",8,64,104,0,0,44,5,242.352485657
4,"map(alloc: a)",8,64,104,0,0,44,6,241.649150848
4,"map(alloc: a)",8,64,104,0,0,44,7,242.209434509
4,"map(alloc: a)",8,64,104,0,0,44,8,242.447853088
4,"map(alloc: a)",8,64,104,0,0,44,9,242.149829865
4,"map(alloc: a)",8,64,104,0,0,294,0,466.549396515
4,"map(alloc: a)",8,64,104,0,0,294,1,463.449954987
4,"map(alloc: a)",8,64,104,0,0,294,2,458.502769470
4,"map(alloc: a)",8,64,104,0,0,294,3,454.950332642
4,"map(alloc: a)",8,64,104,0,0,294,4,455.546379089
4,"map(alloc: a)",8,64,104,0,0,294,5,457.143783569
4,"map(alloc: a)",8,64,104,0,0,294,6,455.498695374
4,"map(alloc: a)",8,64,104,0,0,294,7,454.747676849
4,"map(alloc: a)",8,64,104,0,0,294,8,460.350513458
4,"map(alloc: a)",8,64,104,0,0,294,9,453.150272369
4,"map(alloc: a)",8,64,104,0,0,3140,0,2947.247028351
4,"map(alloc: a)",8,64,104,0,0,3140,1,2945.804595947
4,"map(alloc: a)",8,64,104,0,0,3140,2,2927.148342133
4,"map(alloc: a)",8,64,104,0,0,3140,3,2934.205532074
4,"map(alloc: a)",8,64,104,0,0,3140,4,2976.357936859
4,"map(alloc: a)",8,64,104,0,0,3140,5,2901.446819305
4,"map(alloc: a)",8,64,104,0,0,3140,6,2989.053726196
4,"map(alloc: a)",8,64,104,0,0,3140,7,2943.444252014
4,"map(alloc: a)",8,64,104,0,0,3140,8,2967.953681946
4,"map(alloc: a)",8,64,104,0,0,3140,9,2970.790863037
4,"map(alloc: a)",8,64,104,0,0,4,0,202.095508575
4,"map(alloc: a)",8,64,104,0,0,4,1,201.344490051
4,"map(alloc: a)",8,64,104,0,0,4,2,201.296806335
4,"map(alloc: a)",8,64,104,0,0,4,3,201.094150543
4,"map(alloc: a)",8,64,104,0,0,4,4,201.106071472
4,"map(alloc: a)",8,64,104,0,0,4,5,201.094150543
4,"map(alloc: a)",8,64,104,0,0,4,6,201.058387756
4,"map(alloc: a)",8,64,104,0,0,4,7,201.094150543
4,"map(alloc: a)",8,64,104,0,0,4,8,200.939178467
4,"map(alloc: a)",8,64,104,0,0,4,9,201.106071472
4,"map(alloc: a)",8,64,104,0,0,1955,0,1914.644241333
4,"map(alloc: a)",8,64,104,0,0,1955,1,1882.958412170
4,"map(alloc: a)",8,64,104,0,0,1955,2,1915.252208710
4,"map(alloc: a)",8,64,104,0,0,1955,3,1900.804042816
4,"map(alloc: a)",8,64,104,0,0,1955,4,1908.040046692
4,"map(alloc: a)",8,64,104,0,0,1955,5,1910.340785980
4,"map(alloc: a)",8,64,104,0,0,1955,6,1911.854743958
4,"map(alloc: a)",8,64,104,0,0,1955,7,1918.256282806
4,"map(alloc: a)",8,64,104,0,0,1955,8,1921.606063843
4,"map(alloc: a)",8,64,104,0,0,1955,9,1912.403106689
4,"map(alloc: a)",8,64,104,0,0,183,0,367.999076843
4,"map(alloc: a)",8,64,104,0,0,183,1,363.147258759
4,"map(alloc: a)",8,64,104,0,0,183,2,366.103649139
4,"map(alloc: a)",8,64,104,0,0,183,3,366.747379303
4,"map(alloc: a)",8,64,104,0,0,183,4,358.700752258
4,"map(alloc: a)",8,64,104,0,0,183,5,360.095500946
4,"map(alloc: a)",8,64,104,0,0,183,6,361.704826355
4,"map(alloc: a)",8,64,104,0,0,183,7,358.295440674
4,"map(alloc: a)",8,64,104,0,0,183,8,362.288951874
4,"map(alloc: a)",8,64,104,0,0,183,9,359.702110291
4,"map(alloc: a)",8,64,104,0,0,8096,0,7220.399379730
4,"map(alloc: a)",8,64,104,0,0,8096,1,7201.850414276
4,"map(alloc: a)",8,64,104,0,0,8096,2,7250.046730042
4,"map(alloc: a)",8,64,104,0,0,8096,3,7229.995727539
4,"map(alloc: a)",8,64,104,0,0,8096,4,7280.147075653
4,"map(alloc: a)",8,64,104,0,0,8096,5,7179.450988770
4,"map(alloc: a)",8,64,104,0,0,8096,6,7354.152202606
4,"map(alloc: a)",8,64,104,0,0,8096,7,7180.905342102
4,"map(alloc: a)",8,64,104,0,0,8096,8,7345.294952393
4,"map(alloc: a)",8,64,104,0,0,8096,9,7352.447509766
4,"map(alloc: a)",8,64,104,0,0,758,0,863.349437714
4,"map(alloc: a)",8,64,104,0,0,758,1,870.347023010
4,"map(alloc: a)",8,64,104,0,0,758,2,878.500938416
4,"map(alloc: a)",8,64,104,0,0,758,3,862.801074982
4,"map(alloc: a)",8,64,104,0,0,758,4,878.000259399
4,"map(alloc: a)",8,64,104,0,0,758,5,849.401950836
4,"map(alloc: a)",8,64,104,0,0,758,6,849.652290344
4,"map(alloc: a)",8,64,104,0,0,758,7,854.551792145
4,"map(alloc: a)",8,64,104,0,0,758,8,853.204727173
4,"map(alloc: a)",8,64,104,0,0,758,9,854.396820068
4,"map(alloc: a)",8,64,104,0,0,71,0,264.501571655
4,"map(alloc: a)",8,64,104,0,0,71,1,264.501571655
4,"map(alloc: a)",8,64,104,0,0,71,2,265.204906464
4,"map(alloc: a)",8,64,104,0,0,71,3,263.857841492
4,"map(alloc: a)",8,64,104,0,0,71,4,265.455245972
4,"map(alloc: a)",8,64,104,0,0,71,5,265.705585480
4,"map(alloc: a)",8,64,104,0,0,71,6,264.608860016
4,"map(alloc: a)",8,64,104,0,0,71,7,265.598297119
4,"map(alloc: a)",8,64,104,0,0,71,8,266.504287720
4,"map(alloc: a)",8,64,104,0,0,71,9,264.453887939
4,"map(alloc: a)",8,64,104,0,0,2,0,198.793411255
4,"map(alloc: a)",8,64,104,0,0,2,1,198.304653168
4,"map(alloc: a)",8,64,104,0,0,2,2,198.793411255
4,"map(alloc: a)",8,64,104,0,0,2,3,198.698043823
4,"map(alloc: a)",8,64,104,0,0,2,4,198.543071747
4,"map(alloc: a)",8,64,104,0,0,2,5,198.554992676
4,"map(alloc: a)",8,64,104,0,0,2,6,198.459625244
4,"map(alloc: a)",8,64,104,0,0,2,7,198.650360107
4,"map(alloc: a)",8,64,104,0,0,2,8,198.757648468
4,"map(alloc: a)",8,64,104,0,0,2,9,198.304653168
4,"map(alloc: a)",8,64,104,0,0,11,0,210.857391357
4,"map(alloc: a)",8,64,104,0,0,11,1,211.346149445
4,"map(alloc: a)",8,64,104,0,0,11,2,211.501121521
4,"map(alloc: a)",8,64,104,0,0,11,3,211.298465729
4,"map(alloc: a)",8,64,104,0,0,11,4,211.703777313
4,"map(alloc: a)",8,64,104,0,0,11,5,211.095809937
4,"map(alloc: a)",8,64,104,0,0,11,6,211.501121521
4,"map(alloc: a)",8,64,104,0,0,11,7,211.203098297
4,"map(alloc: a)",8,64,104,0,0,11,8,211.548805237
4,"map(alloc: a)",8,64,104,0,0,11,9,211.691856384
4,"map(alloc: a)",8,64,104,0,0,28,0,227.141380310
4,"map(alloc: a)",8,64,104,0,0,28,1,227.153301239
4,"map(alloc: a)",8,64,104,0,0,28,2,227.105617523
4,"map(alloc: a)",8,64,104,0,0,28,3,227.260589600
4,"map(alloc: a)",8,64,104,0,0,28,4,227.892398834
4,"map(alloc: a)",8,64,104,0,0,28,5,227.403640747
4,"map(alloc: a)",8,64,104,0,0,28,6,227.057933807
4,"map(alloc: a)",8,64,104,0,0,28,7,226.545333862
4,"map(alloc: a)",8,64,104,0,0,28,8,226.294994354
4,"map(alloc: a)",8,64,104,0,0,28,9,226.199626923
4,"map(alloc: a)",8,64,104,0,0,5042,0,4587.244987488
4,"map(alloc: a)",8,64,104,0,0,5042,1,4486.095905304
4,"map(alloc: a)",8,64,104,0,0,5042,2,4595.696926117
4,"map(alloc: a)",8,64,104,0,0,5042,3,4544.806480408
4,"map(alloc: a)",8,64,104,0,0,5042,4,4588.449001312
4,"map(alloc: a)",8,64,104,0,0,5042,5,4585.993289948
4,"map(alloc: a)",8,64,104,0,0,5042,6,4602.849483490
4,"map(alloc: a)",8,64,104,0,0,5042,7,4590.594768524
4,"map(alloc: a)",8,64,104,0,0,5042,8,4600.453376770
4,"map(alloc: a)",8,64,104,0,0,5042,9,4569.292068481
4,"map(alloc: a)",8,64,104,0,0,1218,0,1282.691955566
4,"map(alloc: a)",8,64,104,0,0,1218,1,1254.999637604
4,"map(alloc: a)",8,64,104,0,0,1218,2,1277.506351471
4,"map(alloc: a)",8,64,104,0,0,1218,3,1280.605792999
4,"map(alloc: a)",8,64,104,0,0,1218,4,1267.302036285
4,"map(alloc: a)",8,64,104,0,0,1218,5,1280.701160431
4,"map(alloc: a)",8,64,104,0,0,1218,6,1293.289661407
4,"map(alloc: a)",8,64,104,0,0,1218,7,1238.453388214
4,"map(alloc: a)",8,64,104,0,0,1218,8,1256.144046783
4,"map(alloc: a)",8,64,104,0,0,1218,9,1243.948936462
4,"map(alloc: a)",8,64,104,0,0,472,0,608.754158020
4,"map(alloc: a)",8,64,104,0,0,472,1,608.205795288
4,"map(alloc: a)",8,64,104,0,0,472,2,608.146190643
4,"map(alloc: a)",8,64,104,0,0,472,3,610.804557800
4,"map(alloc: a)",8,64,104,0,0,472,4,611.102581024
4,"map(alloc: a)",8,64,104,0,0,472,5,609.552860260
4,"map(alloc: a)",8,64,104,0,0,472,6,619.256496429
4,"map(alloc: a)",8,64,104,0,0,472,7,608.503818512
4,"map(alloc: a)",8,64,104,0,0,472,8,614.202022552
4,"map(alloc: a)",8,64,104,0,0,472,9,616.455078125
4,"map(alloc: a)",16,64,104,0,0,7,0,202.548503876
4,"map(alloc: a)",16,64,104,0,0,7,1,203.049182892
4,"map(alloc: a)",16,64,104,0,0,7,2,203.549861908
4,"map(alloc: a)",16,64,104,0,0,7,3,203.001499176
4,"map(alloc: a)",16,64,104,0,0,7,4,203.108787537
4,"map(alloc: a)",16,64,104,0,0,7,5,202.500820160
4,"map(alloc: a)",16,64,104,0,0,7,6,202.500820160
4,"map(alloc: a)",16,64,104,0,0,7,7,202.894210815
4,"map(alloc: a)",16,64,104,0,0,7,8,202.393531799
4,"map(alloc: a)",16,64,104,0,0,7,9,202.751159668
4,"map(alloc: a)",16,64,104,0,0,114,0,301.158428192
4,"map(alloc: a)",16,64,104,0,0,114,1,301.444530487
4,"map(alloc: a)",16,64,104,0,0,114,2,303.649902344
4,"map(alloc: a)",16,64,104,0,0,114,3,300.800800323
4,"map(alloc: a)",16,64,104,0,0,114,4,302.553176880
4,"map(alloc: a)",16,64,104,0,0,114,5,303.542613983
4,"map(alloc: a)",16,64,104,0,0,114,6,301.396846771
4,"map(alloc: a)",16,64,104,0,0,114,7,302.994251251
4,"map(alloc: a)",16,64,104,0,0,114,8,304.603576660
4,"map(alloc: a)",16,64,104,0,0,114,9,301.444530487
4,"map(alloc: a)",16,64,104,0,0,3,0,199.508666992
4,"map(alloc: a)",16,64,104,0,0,3,1,199.246406555
4,"map(alloc: a)",16,64,104,0,0,3,2,199.496746063
4,"map(alloc: a)",16,64,104,0,0,3,3,199.699401855
4,"map(alloc: a)",16,64,104,0,0,3,4,199.604034424
4,"map(alloc: a)",16,64,104,0,0,3,5,199.341773987
4,"map(alloc: a)",16,64,104,0,0,3,6,199.246406555
4,"map(alloc: a)",16,64,104,0,0,3,7,199.294090271
4,"map(alloc: a)",16,64,104,0,0,3,8,199.401378632
4,"map(alloc: a)",16,64,104,0,0,3,9,198.948383331
4,"map(alloc: a)",16,64,104,0,0,17,0,217.700004578
4,"map(alloc: a)",16,64,104,0,0,17,1,218.045711517
4,"map(alloc: a)",16,64,104,0,0,17,2,217.700004578
4,"map(alloc: a)",16,64,104,0,0,17,3,217.747688293
4,"map(alloc: a)",16,64,104,0,0,17,4,218.307971954
4,"map(alloc: a)",16,64,104,0,0,17,5,217.449665070
4,"map(alloc: a)",16,64,104,0,0,17,6,217.998027802
4,"map(alloc: a)",16,64,104,0,0,17,7,218.403339386
4,"map(alloc: a)",16,64,104,0,0,17,8,218.403339386
4,"map(alloc: a)",16,64,104,0,0,17,9,218.605995178
4,"map(alloc: a)",16,64,104,0,0,1,0,198.745727539
4,"map(alloc: a)",16,64,104,0,0,1,1,198.698043823
4,"map(alloc: a)",16,64,104,0,0,1,2,198.554992676
4,"map(alloc: a)",16,64,104,0,0,1,3,198.900699615
4,"map(alloc: a)",16,64,104,0,0,1,4,198.853015900
4,"map(alloc: a)",16,64,104,0,0,1,5,198.459625244
4,"map(alloc: a)",16,64,104,0,0,1,6,198.400020599
4,"map(alloc: a)",16,64,104,0,0,1,7,198.400020599
4,"map(alloc: a)",16,64,104,0,0,1,8,198.400020599
4,"map(alloc: a)",16,64,104,0,0,1,9,198.304653168
4,"map(alloc: a)",16,64,104,0,0,44,0,241.899490356
4,"map(alloc: a)",16,64,104,0,0,44,1,240.147113800
4,"map(alloc: a)",16,64,104,0,0,44,2,241.649150848
4,"map(alloc: a)",16,64,104,0,0,44,3,241.410732269
4,"map(alloc: a)",16,64,104,0,0,44,4,241.494178772
4,"map(alloc: a)",16,64,104,0,0,44,5,241.959095001
4,"map(alloc: a)",16,64,104,0,0,44,6,241.756439209
4,"map(alloc: a)",16,64,104,0,0,44,7,241.649150848
4,"map(alloc: a)",16,64,104,0,0,44,8,241.792201996
4,"map(alloc: a)",16,64,104,0,0,44,9,240.945816040
4,"map(alloc: a)",16,64,104,0,0,294,0,464.498996735
4,"map(alloc: a)",16,64,104,0,0,294,1,457.394123077
4,"map(alloc: a)",16,64,104,0,0,294,2,463.557243347
4,"map(alloc: a)",16,64,104,0,0,294,3,463.891029358
4,"map(alloc: a)",16,64,104,0,0,294,4,460.302829742
4,"map(alloc: a)",16,64,104,0,0,294,5,463.640689850
4,"map(alloc: a)",16,64,104,0,0,294,6,466.597080231
4,"map(alloc: a)",16,64,104,0,0,294,7,453.197956085
4,"map(alloc: a)",16,64,104,0,0,294,8,457.549095154
4,"map(alloc: a)",16,64,104,0,0,294,9,454.342365265
4,"map(alloc: a)",16,64,104,0,0,3140,0,2913.999557495
4,"map(alloc: a)",16,64,104,0,0,3140,1,2897.799015045
4,"map(alloc: a)",16,64,104,0,0,3140,2,2915.239334106
4,"map(alloc: a)",16,64,104,0,0,3140,3,2918.148040771
4,"map(alloc: a)",16,64,104,0,0,3140,4,2923.202514648
4,"map(alloc: a)",16,64,104,0,0,3140,5,2916.145324707
4,"map(alloc: a)",16,64,104,0,0,3140,6,2966.749668121
4,"map(alloc: a)",16,64,104,0,0,3140,7,2904.701232910
4,"map(alloc: a)",16,64,104,0,0,3140,8,2948.546409607
4,"map(alloc: a)",16,64,104,0,0,3140,9,2952.897548676
4,"map(alloc: a)",16,64,104,0,0,4,0,200.998783112
4,"map(alloc: a)",16,64,104,0,0,4,1,201.141834259
4,"map(alloc: a)",16,64,104,0,0,4,2,201.249122620
4,"map(alloc: a)",16,64,104,0,0,4,3,200.903415680
4,"map(alloc: a)",16,64,104,0,0,4,4,201.404094696
4,"map(alloc: a)",16,64,104,0,0,4,5,201.344490051
4,"map(alloc: a)",16,64,104,0,0,4,6,201.249122620
4,"map(alloc: a)",16,64,104,0,0,4,7,201.296806335
4,"map(alloc: a)",16,64,104,0,0,4,8,201.010704041
4,"map(alloc: a)",16,64,104,0,0,4,9,200.891494751
4,"map(alloc: a)",16,64,104,0,0,1955,0,1881.408691406
4,"map(alloc: a)",16,64,104,0,0,1955,1,1870.989799500
4,"map(alloc: a)",16,64,104,0,0,1955,2,1903.700828552
4,"map(alloc: a)",16,64,104,0,0,1955,3,1861.107349396
4,"map(alloc: a)",16,64,104,0,0,1955,4,1904.499530792
4,"map(alloc: a)",16,64,104,0,0,1955,5,1908.648014069
4,"map(alloc: a)",16,64,104,0,0,1955,6,1890.242099762
4,"map(alloc: a)",16,64,104,0,0,1955,7,1900.947093964
4,"map(alloc: a)",16,64,104,0,0,1955,8,1925.992965698
4,"map(alloc: a)",16,64,104,0,0,1955,9,1873.099803925
4,"map(alloc: a)",16,64,104,0,0,183,0,364.947319031
4,"map(alloc: a)",16,64,104,0,0,183,1,363.051891327
4,"map(alloc: a)",16,64,104,0,0,183,2,363.445281982
4,"map(alloc: a)",16,64,104,0,0,183,3,364.851951599
4,"map(alloc: a)",16,64,104,0,0,183,4,363.850593567
4,"map(alloc: a)",16,64,104,0,0,183,5,365.352630615
4,"map(alloc: a)",16,64,104,0,0,183,6,365.495681763
4,"map(alloc: a)",16,64,104,0,0,183,7,364.744663239
4,"map(alloc: a)",16,64,104,0,0,183,8,366.854667664
4,"map(alloc: a)",16,64,104,0,0,183,9,357.747077942
4,"map(alloc: a)",16,64,104,0,0,8096,0,7182.705402374
4,"map(alloc: a)",16,64,104,0,0,8096,1,7185.554504395
4,"map(alloc: a)",16,64,104,0,0,8096,2,7142.043113708
4,"map(alloc: a)",16,64,104,0,0,8096,3,7160.758972168
4,"map(alloc: a)",16,64,104,0,0,8096,4,7266.092300415
4,"map(alloc: a)",16,64,104,0,0,8096,5,7112.002372742
4,"map(alloc: a)",16,64,104,0,0,8096,6,7290.792465210
4,"map(alloc: a)",16,64,104,0,0,8096,7,7185.399532318
4,"map(alloc: a)",16,64,104,0,0,8096,8,7253.599166870
4,"map(alloc: a)",16,64,104,0,0,8096,9,7253.849506378
4,"map(alloc: a)",16,64,104,0,0,758,0,860.595703125
4,"map(alloc: a)",16,64,104,0,0,758,1,865.101814270
4,"map(alloc: a)",16,64,104,0,0,758,2,866.103172302
4,"map(alloc: a)",16,64,104,0,0,758,3,859.701633453
4,"map(alloc: a)",16,64,104,0,0,758,4,878.202915192
4,"map(alloc: a)",16,64,104,0,0,758,5,861.358642578
4,"map(alloc: a)",16,64,104,0,0,758,6,872.755050659
4,"map(alloc: a)",16,64,104,0,0,758,7,876.605510712
4,"map(alloc: a)",16,64,104,0,0,758,8,868.153572083
4,"map(alloc: a)",16,64,104,0,0,758,9,865.399837494
4,"map(alloc: a)",16,64,104,0,0,71,0,264.954566956
4,"map(alloc: a)",16,64,104,0,0,71,1,263.392925262
4,"map(alloc: a)",16,64,104,0,0,71,2,265.252590179
4,"map(alloc: a)",16,64,104,0,0,71,3,264.096260071
4,"map(alloc: a)",16,64,104,0,0,71,4,263.893604279
4,"map(alloc: a)",16,64,104,0,0,71,5,264.549255371
4,"map(alloc: a)",16,64,104,0,0,71,6,264.906883240
4,"map(alloc: a)",16,64,104,0,0,71,7,264.894962311
4,"map(alloc: a)",16,64,104,0,0,71,8,265.145301819
4,"map(alloc: a)",16,64,104,0,0,71,9,264.549255371
4,"map(alloc: a)",16,64,104,0,0,2,0,198.793411255
4,"map(alloc: a)",16,64,104,0,0,2,1,198.650360107
4,"map(alloc: a)",16,64,104,0,0,2,2,198.900699615
4,"map(alloc: a)",16,64,104,0,0,2,3,198.650360107
4,"map(alloc: a)",16,64,104,0,0,2,4,198.245048523
4,"map(alloc: a)",16,64,104,0,0,2,5,198.650360107
4,"map(alloc: a)",16,64,104,0,0,2,6,198.602676392
4,"map(alloc: a)",16,64,104,0,0,2,7,198.698043823
4,"map(alloc: a)",16,64,104,0,0,2,8,198.805332184
4,"map(alloc: a)",16,64,104,0,0,2,9,198.304653168
4,"map(alloc: a)",16,64,104,0,0,11,0,211.751461029
4,"map(alloc: a)",16,64,104,0,0,11,1,211.250782013
4,"map(alloc: a)",16,64,104,0,0,11,2,211.000442505
4,"map(alloc: a)",16,64,104,0,0,11,3,211.143493652
4,"map(alloc: a)",16,64,104,0,0,11,4,211.250782013
4,"map(alloc: a)",16,64,104,0,0,11,5,210.952758789
4,"map(alloc: a)",16,64,104,0,0,11,6,211.191177368
4,"map(alloc: a)",16,64,104,0,0,11,7,210.845470428
4,"map(alloc: a)",16,64,104,0,0,11,8,211.143493652
4,"map(alloc: a)",16,64,104,0,0,11,9,211.298465729
4,"map(alloc: a)",16,64,104,0,0,28,0,226.640701294
4,"map(alloc: a)",16,64,104,0,0,28,1,226.700305939
4,"map(alloc: a)",16,64,104,0,0,28,2,226.902961731
4,"map(alloc: a)",16,64,104,0,0,28,3,226.545333862
4,"map(alloc: a)",16,64,104,0,0,28,4,227.200984955
4,"map(alloc: a)",16,64,104,0,0,28,5,227.200984955
4,"map(alloc: a)",16,64,104,0,0,28,6,227.105617523
4,"map(alloc: a)",16,64,104,0,0,28,7,227.200984955
4,"map(alloc: a)",16,64,104,0,0,28,8,227.296352386
4,"map(alloc: a)",16,64,104,0,0,28,9,227.248668671
4,"map(alloc: a)",16,64,104,0,0,5042,0,4676.592350006
4,"map(alloc: a)",16,64,104,0,0,5042,1,4516.541957855
4,"map(alloc: a)",16,64,104,0,0,5042,2,4578.495025635
4,"map(alloc: a)",16,64,104,0,0,5042,3,4481.995105743
4,"map(alloc: a)",16,64,104,0,0,5042,4,4561.901092529
4,"map(alloc: a)",16,64,104,0,0,5042,5,4548.954963684
4,"map(alloc: a)",16,64,104,0,0,5042,6,4525.399208069
4,"map(alloc: a)",16,64,104,0,0,5042,7,4553.461074829
4,"map(alloc: a)",16,64,104,0,0,5042,8,4627.299308777
4,"map(alloc: a)",16,64,104,0,0,5042,9,4526.495933533
4,"map(alloc: a)",16,64,104,0,0,1218,0,1270.902156830
4,"map(alloc: a)",16,64,104,0,0,1218,1,1255.440711975
4,"map(alloc: a)",16,64,104,0,0,1218,2,1261.949539185
4,"map(alloc: a)",16,64,104,0,0,1218,3,1264.047622681
4,"map(alloc: a)",16,64,104,0,0,1218,4,1263.248920441
4,"map(alloc: a)",16,64,104,0,0,1218,5,1269.459724426
4,"map(alloc: a)",16,64,104,0,0,1218,6,1271.498203278
4,"map(alloc: a)",16,64,104,0,0,1218,7,1266.002655029
4,"map(alloc: a)",16,64,104,0,0,1218,8,1288.402080536
4,"map(alloc: a)",16,64,104,0,0,1218,9,1261.997222900
4,"map(alloc: a)",16,64,104,0,0,472,0,623.357295990
4,"map(alloc: a)",16,64,104,0,0,472,1,624.954700470
4,"map(alloc: a)",16,64,104,0,0,472,2,603.556632996
4,"map(alloc: a)",16,64,104,0,0,472,3,607.848167419
4,"map(alloc: a)",16,64,104,0,0,472,4,612.604618073
4,"map(alloc: a)",16,64,104,0,0,472,5,603.806972504
4,"map(alloc: a)",16,64,104,0,0,472,6,613.093376160
4,"map(alloc: a)",16,64,104,0,0,472,7,607.252120972
4,"map(alloc: a)",16,64,104,0,0,472,8,610.494613647
4,"map(alloc: a)",16,64,104,0,0,472,9,610.649585724
4,"map(alloc: a)",32,64,104,0,0,7,0,202.798843384
4,"map(alloc: a)",32,64,104,0,0,7,1,203.645229340
4,"map(alloc: a)",32,64,104,0,0,7,2,203.347206116
4,"map(alloc: a)",32,64,104,0,0,7,3,202.989578247
4,"map(alloc: a)",32,64,104,0,0,7,4,203.442573547
4,"map(alloc: a)",32,64,104,0,0,7,5,203.001499176
4,"map(alloc: a)",32,64,104,0,0,7,6,203.597545624
4,"map(alloc: a)",32,64,104,0,0,7,7,203.597545624
4,"map(alloc: a)",32,64,104,0,0,7,8,203.108787537
4,"map(alloc: a)",32,64,104,0,0,7,9,202.798843384
4,"map(alloc: a)",32,64,104,0,0,114,0,301.790237427
4,"map(alloc: a)",32,64,104,0,0,114,1,299.251079559
4,"map(alloc: a)",32,64,104,0,0,114,2,302.445888519
4,"map(alloc: a)",32,64,104,0,0,114,3,300.848484039
4,"map(alloc: a)",32,64,104,0,0,114,4,300.991535187
4,"map(alloc: a)",32,64,104,0,0,114,5,301.444530487
4,"map(alloc: a)",32,64,104,0,0,114,6,302.004814148
4,"map(alloc: a)",32,64,104,0,0,114,7,302.040576935
4,"map(alloc: a)",32,64,104,0,0,114,8,302.147865295
4,"map(alloc: a)",32,64,104,0,0,114,9,301.599502563
4,"map(alloc: a)",32,64,104,0,0,3,0,199.651718140
4,"map(alloc: a)",32,64,104,0,0,3,1,199.258327484
4,"map(alloc: a)",32,64,104,0,0,3,2,199.294090271
4,"map(alloc: a)",32,64,104,0,0,3,3,199.353694916
4,"map(alloc: a)",32,64,104,0,0,3,4,199.449062347
4,"map(alloc: a)",32,64,104,0,0,3,5,199.449062347
4,"map(alloc: a)",32,64,104,0,0,3,6,199.449062347
4,"map(alloc: a)",32,64,104,0,0,3,7,199.544429779
4,"map(alloc: a)",32,64,104,0,0,3,8,199.401378632
4,"map(alloc: a)",32,64,104,0,0,3,9,199.198722839
4,"map(alloc: a)",32,64,104,0,0,17,0,217.640399933
4,"map(alloc: a)",32,64,104,0,0,17,1,217.306613922
4,"map(alloc: a)",32,64,104,0,0,17,2,217.211246490
4,"map(alloc: a)",32,64,104,0,0,17,3,217.509269714
4,"map(alloc: a)",32,64,104,0,0,17,4,217.795372009
4,"map(alloc: a)",32,64,104,0,0,17,5,217.354297638
4,"map(alloc: a)",32,64,104,0,0,17,6,217.759609222
4,"map(alloc: a)",32,64,104,0,0,17,7,217.449665070
4,"map(alloc: a)",32,64,104,0,0,17,8,218.248367310
4,"map(alloc: a)",32,64,104,0,0,17,9,217.902660370
4,"map(alloc: a)",32,64,104,0,0,1,0,198.543071747
4,"map(alloc: a)",32,64,104,0,0,1,1,198.554992676
4,"map(alloc: a)",32,64,104,0,0,1,2,198.554992676
4,"map(alloc: a)",32,64,104,0,0,1,3,198.245048523
4,"map(alloc: a)",32,64,104,0,0,1,4,198.698043823
4,"map(alloc: a)",32,64,104,0,0,1,5,198.650360107
4,"map(alloc: a)",32,64,104,0,0,1,6,198.245048523
4,"map(alloc: a)",32,64,104,0,0,1,7,198.495388031
4,"map(alloc: a)",32,64,104,0,0,1,8,198.900699615
4,"map(alloc: a)",32,64,104,0,0,1,9,198.590755463
4,"map(alloc: a)",32,64,104,0,0,44,0,242.400169373
4,"map(alloc: a)",32,64,104,0,0,44,1,240.695476532
4,"map(alloc: a)",32,64,104,0,0,44,2,241.255760193
4,"map(alloc: a)",32,64,104,0,0,44,3,240.945816040
4,"map(alloc: a)",32,64,104,0,0,44,4,241.303443909
4,"map(alloc: a)",32,64,104,0,0,44,5,241.100788116
4,"map(alloc: a)",32,64,104,0,0,44,6,240.552425385
4,"map(alloc: a)",32,64,104,0,0,44,7,241.255760193
4,"map(alloc: a)",32,64,104,0,0,44,8,241.804122925
4,"map(alloc: a)",32,64,104,0,0,44,9,240.898132324
4,"map(alloc: a)",32,64,104,0,0,294,0,460.755825043
4,"map(alloc: a)",32,64,104,0,0,294,1,457.549095154
4,"map(alloc: a)",32,64,104,0,0,294,2,458.657741547
4,"map(alloc: a)",32,64,104,0,0,294,3,459.444522858
4,"map(alloc: a)",32,64,104,0,0,294,4,459.754467010
4,"map(alloc: a)",32,64,104,0,0,294,5,461.149215698
4,"map(alloc: a)",32,64,104,0,0,294,6,461.602210999
4,"map(alloc: a)",32,64,104,0,0,294,7,459.206104279
4,"map(alloc: a)",32,64,104,0,0,294,8,465.500354767
4,"map(alloc: a)",32,64,104,0,0,294,9,459.754467010
4,"map(alloc: a)",32,64,104,0,0,3140,0,3005.850315094
4,"map(alloc: a)",32,64,104,0,0,3140,1,3007.543087006
4,"map(alloc: a)",32,64,104,0,0,3140,2,2881.002426147
4,"map(alloc: a)",32,64,104,0,0,3140,3,2897.596359253
4,"map(alloc: a)",32,64,104,0,0,3140,4,2932.143211365
4,"map(alloc: a)",32,64,104,0,0,3140,5,2876.996994019
4,"map(alloc: a)",32,64,104,0,0,3140,6,2932.751178741
4,"map(alloc: a)",32,64,104,0,0,3140,7,2896.702289581
4,"map(alloc: a)",32,64,104,0,0,3140,8,2922.749519348
4,"map(alloc: a)",32,64,104,0,0,3140,9,2917.897701263
4,"map(alloc: a)",32,64,104,0,0,4,0,201.201438904
4,"map(alloc: a)",32,64,104,0,0,4,1,200.903415680
4,"map(alloc: a)",32,64,104,0,0,4,2,200.891494751
4,"map(alloc: a)",32,64,104,0,0,4,3,201.499462128
4,"map(alloc: a)",32,64,104,0,0,4,4,201.404094696
4,"map(alloc: a)",32,64,104,0,0,4,5,201.356410980
4,"map(alloc: a)",32,64,104,0,0,4,6,201.153755188
4,"map(alloc: a)",32,64,104,0,0,4,7,201.296806335
4,"map(alloc: a)",32,64,104,0,0,4,8,201.106071472
4,"map(alloc: a)",32,64,104,0,0,4,9,201.451778412
4,"map(alloc: a)",32,64,104,0,0,1955,0,1947.057247162
4,"map(alloc: a)",32,64,104,0,0,1955,1,1906.204223633
4,"map(alloc: a)",32,64,104,0,0,1955,2,1947.557926178
4,"map(alloc: a)",32,64,104,0,0,1955,3,1866.102218628
4,"map(alloc: a)",32,64,104,0,0,1955,4,1871.550083160
4,"map(alloc: a)",32,64,104,0,0,1955,5,1883.554458618
4,"map(alloc: a)",32,64,104,0,0,1955,6,1888.906955719
4,"map(alloc: a)",32,64,104,0,0,1955,7,1882.398128510
4,"map(alloc: a)",32,64,104,0,0,1955,8,1889.550685883
4,"map(alloc: a)",32,64,104,0,0,1955,9,1882.755756378
4,"map(alloc: a)",32,64,104,0,0,183,0,363.945960999
4,"map(alloc: a)",32,64,104,0,0,183,1,359.654426575
4,"map(alloc: a)",32,64,104,0,0,183,2,363.445281982
4,"map(alloc: a)",32,64,104,0,0,183,3,363.743305206
4,"map(alloc: a)",32,64,104,0,0,183,4,360.500812531
4,"map(alloc: a)",32,64,104,0,0,183,5,363.254547119
4,"map(alloc: a)",32,64,104,0,0,183,6,365.054607391
4,"map(alloc: a)",32,64,104,0,0,183,7,360.655784607
4,"map(alloc: a)",32,64,104,0,0,183,8,366.151332855
4,"map(alloc: a)",32,64,104,0,0,183,9,363.445281982
4,"map(alloc: a)",32,64,104,0,0,8096,0,7358.646392822
4,"map(alloc: a)",32,64,104,0,0,8096,1,7348.453998566
4,"map(alloc: a)",32,64,104,0,0,8096,2,7406.449317932
4,"map(alloc: a)",32,64,104,0,0,8096,3,7302.260398865
4,"map(alloc: a)",32,64,104,0,0,8096,4,7143.151760101
4,"map(alloc: a)",32,64,104,0,0,8096,5,7104.897499084
4,"map(alloc: a)",32,64,104,0,0,8096,6,7262.194156647
4,"map(alloc: a)",32,64,104,0,0,8096,7,7061.409950256
4,"map(alloc: a)",32,64,104,0,0,8096,8,7220.005989075
4,"map(alloc: a)",32,64,104,0,0,8096,9,7207.155227661
4,"map(alloc: a)",32,64,104,0,0,758,0,853.157043457
4,"map(alloc: a)",32,64,104,0,0,758,1,858.843326569
4,"map(alloc: a)",32,64,104,0,0,758,2,867.605209351
4,"map(alloc: a)",32,64,104,0,0,758,3,851.905345917
4,"map(alloc: a)",32,64,104,0,0,758,4,868.844985962
4,"map(alloc: a)",32,64,104,0,0,758,5,858.104228973
4,"map(alloc: a)",32,64,104,0,0,758,6,862.646102905
4,"map(alloc: a)",32,64,104,0,0,758,7,866.901874542
4,"map(alloc: a)",32,64,104,0,0,758,8,865.304470062
4,"map(alloc: a)",32,64,104,0,0,758,9,869.500637054
4,"map(alloc: a)",32,64,104,0,0,71,0,265.645980835
4,"map(alloc: a)",32,64,104,0,0,71,1,265.550613403
4,"map(alloc: a)",32,64,104,0,0,71,2,267.446041107
4,"map(alloc: a)",32,64,104,0,0,71,3,265.896320343
4,"map(alloc: a)",32,64,104,0,0,71,4,264.954566956
4,"map(alloc: a)",32,64,104,0,0,71,5,264.000892639
4,"map(alloc: a)",32,64,104,0,0,71,6,263.392925262
4,"map(alloc: a)",32,64,104,0,0,71,7,264.298915863
4,"map(alloc: a)",32,64,104,0,0,71,8,264.549255371
4,"map(alloc: a)",32,64,104,0,0,71,9,263.357162476
4,"map(alloc: a)",32,64,104,0,0,2,0,198.400020599
4,"map(alloc: a)",32,64,104,0,0,2,1,198.805332184
4,"map(alloc: a)",32,64,104,0,0,2,2,198.507308960
4,"map(alloc: a)",32,64,104,0,0,2,3,198.400020599
4,"map(alloc: a)",32,64,104,0,0,2,4,198.352336884
4,"map(alloc: a)",32,64,104,0,0,2,5,198.352336884
4,"map(alloc: a)",32,64,104,0,0,2,6,198.340415955
4,"map(alloc: a)",32,64,104,0,0,2,7,198.745727539
4,"map(alloc: a)",32,64,104,0,0,2,8,198.805332184
4,"map(alloc: a)",32,64,104,0,0,2,9,198.495388031
4,"map(alloc: a)",32,64,104,0,0,11,0,211.501121521
4,"map(alloc: a)",32,64,104,0,0,11,1,211.596488953
4,"map(alloc: a)",32,64,104,0,0,11,2,211.656093597
4,"map(alloc: a)",32,64,104,0,0,11,3,211.703777313
4,"map(alloc: a)",32,64,104,0,0,11,4,211.894512177
4,"map(alloc: a)",32,64,104,0,0,11,5,211.107730865
4,"map(alloc: a)",32,64,104,0,0,11,6,211.644172668
4,"map(alloc: a)",32,64,104,0,0,11,7,211.346149445
4,"map(alloc: a)",32,64,104,0,0,11,8,211.346149445
4,"map(alloc: a)",32,64,104,0,0,11,9,211.107730865
4,"map(alloc: a)",32,64,104,0,0,28,0,226.497650146
4,"map(alloc: a)",32,64,104,0,0,28,1,226.700305939
4,"map(alloc: a)",32,64,104,0,0,28,2,226.747989655
4,"map(alloc: a)",32,64,104,0,0,28,3,226.545333862
4,"map(alloc: a)",32,64,104,0,0,28,4,226.759910583
4,"map(alloc: a)",32,64,104,0,0,28,5,226.509571075
4,"map(alloc: a)",32,64,104,0,0,28,6,226.855278015
4,"map(alloc: a)",32,64,104,0,0,28,7,227.248668671
4,"map(alloc: a)",32,64,104,0,0,28,8,226.950645447
4,"map(alloc: a)",32,64,104,0,0,28,9,227.093696594
4,"map(alloc: a)",32,64,104,0,0,5042,0,4679.799079895
4,"map(alloc: a)",32,64,104,0,0,5042,1,4569.852352142
4,"map(alloc: a)",32,64,104,0,0,5042,2,4697.751998901
4,"map(alloc: a)",32,64,104,0,0,5042,3,4643.106460571
4,"map(alloc: a)",32,64,104,0,0,5042,4,4662.156105042
4,"map(alloc: a)",32,64,104,0,0,5042,5,4675.197601318
4,"map(alloc: a)",32,64,104,0,0,5042,6,4525.101184845
4,"map(alloc: a)",32,64,104,0,0,5042,7,4526.197910309
4,"map(alloc: a)",32,64,104,0,0,5042,8,4541.647434235
4,"map(alloc: a)",32,64,104,0,0,5042,9,4515.206813812
4,"map(alloc: a)",32,64,104,0,0,1218,0,1261.544227600
4,"map(alloc: a)",32,64,104,0,0,1218,1,1232.647895813
4,"map(alloc: a)",32,64,104,0,0,1218,2,1258.397102356
4,"map(alloc: a)",32,64,104,0,0,1218,3,1261.794567108
4,"map(alloc: a)",32,64,104,0,0,1218,4,1249.551773071
4,"map(alloc: a)",32,64,104,0,0,1218,5,1259.040832520
4,"map(alloc: a)",32,64,104,0,0,1218,6,1276.159286499
4,"map(alloc: a)",32,64,104,0,0,1218,7,1241.099834442
4,"map(alloc: a)",32,64,104,0,0,1218,8,1276.648044586
4,"map(alloc: a)",32,64,104,0,0,1218,9,1259.398460388
4,"map(alloc: a)",32,64,104,0,0,472,0,616.395473480
4,"map(alloc: a)",32,64,104,0,0,472,1,617.897510529
4,"map(alloc: a)",32,64,104,0,0,472,2,617.647171021
4,"map(alloc: a)",32,64,104,0,0,472,3,619.399547577
4,"map(alloc: a)",32,64,104,0,0,472,4,620.150566101
4,"map(alloc: a)",32,64,104,0,0,472,5,618.255138397
4,"map(alloc: a)",32,64,104,0,0,472,6,624.847412109
4,"map(alloc: a)",32,64,104,0,0,472,7,601.696968079
4,"map(alloc: a)",32,64,104,0,0,472,8,608.658790588
4,"map(alloc: a)",32,64,104,0,0,472,9,610.554218292
4,"map(alloc: a)",64,64,104,0,0,7,0,202.357769012
4,"map(alloc: a)",64,64,104,0,0,7,1,204.658508301
4,"map(alloc: a)",64,64,104,0,0,7,2,202.858448029
4,"map(alloc: a)",64,64,104,0,0,7,3,202.846527100
4,"map(alloc: a)",64,64,104,0,0,7,4,203.454494476
4,"map(alloc: a)",64,64,104,0,0,7,5,202.703475952
4,"map(alloc: a)",64,64,104,0,0,7,6,203.001499176
4,"map(alloc: a)",64,64,104,0,0,7,7,202.953815460
4,"map(alloc: a)",64,64,104,0,0,7,8,202.751159668
4,"map(alloc: a)",64,64,104,0,0,7,9,203.096866608
4,"map(alloc: a)",64,64,104,0,0,114,0,304.055213928
4,"map(alloc: a)",64,64,104,0,0,114,1,303.041934967
4,"map(alloc: a)",64,64,104,0,0,114,2,305.593013763
4,"map(alloc: a)",64,64,104,0,0,114,3,303.304195404
4,"map(alloc: a)",64,64,104,0,0,114,4,303.852558136
4,"map(alloc: a)",64,64,104,0,0,114,5,301.444530487
4,"map(alloc: a)",64,64,104,0,0,114,6,300.192832947
4,"map(alloc: a)",64,64,104,0,0,114,7,301.706790924
4,"map(alloc: a)",64,64,104,0,0,114,8,302.338600159
4,"map(alloc: a)",64,64,104,0,0,114,9,299.751758575
4,"map(alloc: a)",64,64,104,0,0,3,0,199.103355408
4,"map(alloc: a)",64,64,104,0,0,3,1,199.508666992
4,"map(alloc: a)",64,64,104,0,0,3,2,199.294090271
4,"map(alloc: a)",64,64,104,0,0,3,3,199.449062347
4,"map(alloc: a)",64,64,104,0,0,3,4,199.246406555
4,"map(alloc: a)",64,64,104,0,0,3,5,199.246406555
4,"map(alloc: a)",64,64,104,0,0,3,6,199.306011200
4,"map(alloc: a)",64,64,104,0,0,3,7,199.699401855
4,"map(alloc: a)",64,64,104,0,0,3,8,199.604034424
4,"map(alloc: a)",64,64,104,0,0,3,9,199.449062347
4,"map(alloc: a)",64,64,104,0,0,17,0,217.998027802
4,"map(alloc: a)",64,64,104,0,0,17,1,218.307971954
4,"map(alloc: a)",64,64,104,0,0,17,2,218.451023102
4,"map(alloc: a)",64,64,104,0,0,17,3,218.546390533
4,"map(alloc: a)",64,64,104,0,0,17,4,218.796730042
4,"map(alloc: a)",64,64,104,0,0,17,5,217.747688293
4,"map(alloc: a)",64,64,104,0,0,17,6,218.152999878
4,"map(alloc: a)",64,64,104,0,0,17,7,217.807292938
4,"map(alloc: a)",64,64,104,0,0,17,8,217.759609222
4,"map(alloc: a)",64,64,104,0,0,17,9,217.449665070
4,"map(alloc: a)",64,64,104,0,0,1,0,198.400020599
4,"map(alloc: a)",64,64,104,0,0,1,1,198.698043823
4,"map(alloc: a)",64,64,104,0,0,1,2,198.602676392
4,"map(alloc: a)",64,64,104,0,0,1,3,198.757648468
4,"map(alloc: a)",64,64,104,0,0,1,4,198.650360107
4,"map(alloc: a)",64,64,104,0,0,1,5,198.447704315
4,"map(alloc: a)",64,64,104,0,0,1,6,198.543071747
4,"map(alloc: a)",64,64,104,0,0,1,7,198.757648468
4,"map(alloc: a)",64,64,104,0,0,1,8,198.745727539
4,"map(alloc: a)",64,64,104,0,0,1,9,198.853015900
4,"map(alloc: a)",64,64,104,0,0,44,0,242.805480957
4,"map(alloc: a)",64,64,104,0,0,44,1,241.208076477
4,"map(alloc: a)",64,64,104,0,0,44,2,242.650508881
4,"map(alloc: a)",64,64,104,0,0,44,3,242.650508881
4,"map(alloc: a)",64,64,104,0,0,44,4,242.352485657
4,"map(alloc: a)",64,64,104,0,0,44,5,242.495536804
4,"map(alloc: a)",64,64,104,0,0,44,6,241.100788116
4,"map(alloc: a)",64,64,104,0,0,44,7,240.850448608
4,"map(alloc: a)",64,64,104,0,0,44,8,241.351127625
4,"map(alloc: a)",64,64,104,0,0,44,9,240.850448608
4,"map(alloc: a)",64,64,104,0,0,294,0,459.241867065
4,"map(alloc: a)",64,64,104,0,0,294,1,452.351570129
4,"map(alloc: a)",64,64,104,0,0,294,2,458.443164825
4,"map(alloc: a)",64,64,104,0,0,294,3,459.504127502
4,"map(alloc: a)",64,64,104,0,0,294,4,456.309318542
4,"map(alloc: a)",64,64,104,0,0,294,5,458.598136902
4,"map(alloc: a)",64,64,104,0,0,294,6,462.543964386
4,"map(alloc: a)",64,64,104,0,0,294,7,454.604625702
4,"map(alloc: a)",64,64,104,0,0,294,8,463.151931763
4,"map(alloc: a)",64,64,104,0,0,294,9,458.896160126
4,"map(alloc: a)",64,64,104,0,0,3140,0,2962.696552277
4,"map(alloc: a)",64,64,104,0,0,3140,1,2963.650226593
4,"map(alloc: a)",64,64,104,0,0,3140,2,2977.204322815
4,"map(alloc: a)",64,64,104,0,0,3140,3,2975.749969482
4,"map(alloc: a)",64,64,104,0,0,3140,4,2981.400489807
4,"map(alloc: a)",64,64,104,0,0,3140,5,2974.748611450
4,"map(alloc: a)",64,64,104,0,0,3140,6,3010.749816895
4,"map(alloc: a)",64,64,104,0,0,3140,7,2862.656116486
4,"map(alloc: a)",64,64,104,0,0,3140,8,2913.904190063
4,"map(alloc: a)",64,64,104,0,0,3140,9,2912.843227386
4,"map(alloc: a)",64,64,104,0,0,4,0,201.201438904
4,"map(alloc: a)",64,64,104,0,0,4,1,201.153755188
4,"map(alloc: a)",64,64,104,0,0,4,2,201.106071472
4,"map(alloc: a)",64,64,104,0,0,4,3,200.653076172
4,"map(alloc: a)",64,64,104,0,0,4,4,201.046466827
4,"map(alloc: a)",64,64,104,0,0,4,5,200.903415680
4,"map(alloc: a)",64,64,104,0,0,4,6,201.153755188
4,"map(alloc: a)",64,64,104,0,0,4,7,201.201438904
4,"map(alloc: a)",64,64,104,0,0,4,8,201.094150543
4,"map(alloc: a)",64,64,104,0,0,4,9,201.046466827
4,"map(alloc: a)",64,64,104,0,0,1955,0,1916.658878326
4,"map(alloc: a)",64,64,104,0,0,1955,1,1901.149749756
4,"map(alloc: a)",64,64,104,0,0,1955,2,1944.291591644
4,"map(alloc: a)",64,64,104,0,0,1955,3,1896.142959595
4,"map(alloc: a)",64,64,104,0,0,1955,4,1927.649974823
4,"map(alloc: a)",64,64,104,0,0,1955,5,1939.690113068
4,"map(alloc: a)",64,64,104,0,0,1955,6,1919.949054718
4,"map(alloc: a)",64,64,104,0,0,1955,7,1911.592483521
4,"map(alloc: a)",64,64,104,0,0,1955,8,1890.492439270
4,"map(alloc: a)",64,64,104,0,0,1955,9,1847.898960114
4,"map(alloc: a)",64,64,104,0,0,183,0,362.551212311
4,"map(alloc: a)",64,64,104,0,0,183,1,359.356403351
4,"map(alloc: a)",64,64,104,0,0,183,2,360.345840454
4,"map(alloc: a)",64,64,104,0,0,183,3,360.703468323
4,"map(alloc: a)",64,64,104,0,0,183,4,361.609458923
4,"map(alloc: a)",64,64,104,0,0,183,5,361.299514771
4,"map(alloc: a)",64,64,104,0,0,183,6,362.050533295
4,"map(alloc: a)",64,64,104,0,0,183,7,361.156463623
4,"map(alloc: a)",64,64,104,0,0,183,8,364.696979523
4,"map(alloc: a)",64,64,104,0,0,183,9,360.000133514
4,"map(alloc: a)",64,64,104,0,0,8096,0,7318.496704102
4,"map(alloc: a)",64,64,104,0,0,8096,1,7328.152656555
4,"map(alloc: a)",64,64,104,0,0,8096,2,7256.543636322
4,"map(alloc: a)",64,64,104,0,0,8096,3,7331.800460815
4,"map(alloc: a)",64,64,104,0,0,8096,4,7404.506206512
4,"map(alloc: a)",64,64,104,0,0,8096,5,7260.251045227
4,"map(alloc: a)",64,64,104,0,0,8096,6,7443.296909332
4,"map(alloc: a)",64,64,104,0,0,8096,7,7369.756698608
4,"map(alloc: a)",64,64,104,0,0,8096,8,7249.248027802
4,"map(alloc: a)",64,64,104,0,0,8096,9,7131.350040436
4,"map(alloc: a)",64,64,104,0,0,758,0,852.704048157
4,"map(alloc: a)",64,64,104,0,0,758,1,856.101512909
4,"map(alloc: a)",64,64,104,0,0,758,2,852.894783020
4,"map(alloc: a)",64,64,104,0,0,758,3,850.749015808
4,"map(alloc: a)",64,64,104,0,0,758,4,865.507125854
4,"map(alloc: a)",64,64,104,0,0,758,5,847.101211548
4,"map(alloc: a)",64,64,104,0,0,758,6,862.908363342
4,"map(alloc: a)",64,64,104,0,0,758,7,864.946842194
4,"map(alloc: a)",64,64,104,0,0,758,8,856.852531433
4,"map(alloc: a)",64,64,104,0,0,758,9,861.442089081
4,"map(alloc: a)",64,64,104,0,0,71,0,266.349315643
4,"map(alloc: a)",64,64,104,0,0,71,1,264.453887939
4,"map(alloc: a)",64,64,104,0,0,71,2,266.599655151
4,"map(alloc: a)",64,64,104,0,0,71,3,265.145301819
4,"map(alloc: a)",64,64,104,0,0,71,4,265.538692474
4,"map(alloc: a)",64,64,104,0,0,71,5,265.848636627
4,"map(alloc: a)",64,64,104,0,0,71,6,266.206264496
4,"map(alloc: a)",64,64,104,0,0,71,7,266.146659851
4,"map(alloc: a)",64,64,104,0,0,71,8,266.349315643
4,"map(alloc: a)",64,64,104,0,0,71,9,263.750553131
4,"map(alloc: a)",64,64,104,0,0,2,0,198.602676392
4,"map(alloc: a)",64,64,104,0,0,2,1,198.507308960
4,"map(alloc: a)",64,64,104,0,0,2,2,198.709964752
4,"map(alloc: a)",64,64,104,0,0,2,3,198.709964752
4,"map(alloc: a)",64,64,104,0,0,2,4,198.400020599
4,"map(alloc: a)",64,64,104,0,0,2,5,198.900699615
4,"map(alloc: a)",64,64,104,0,0,2,6,198.745727539
4,"map(alloc: a)",64,64,104,0,0,2,7,198.745727539
4,"map(alloc: a)",64,64,104,0,0,2,8,198.996067047
4,"map(alloc: a)",64,64,104,0,0,2,9,198.745727539
4,"map(alloc: a)",64,64,104,0,0,11,0,211.489200592
4,"map(alloc: a)",64,64,104,0,0,11,1,211.608409882
4,"map(alloc: a)",64,64,104,0,0,11,2,211.095809937
4,"map(alloc: a)",64,64,104,0,0,11,3,211.310386658
4,"map(alloc: a)",64,64,104,0,0,11,4,211.405754089
4,"map(alloc: a)",64,64,104,0,0,11,5,211.894512177
4,"map(alloc: a)",64,64,104,0,0,11,6,211.954116821
4,"map(alloc: a)",64,64,104,0,0,11,7,211.656093597
4,"map(alloc: a)",64,64,104,0,0,11,8,211.393833160
4,"map(alloc: a)",64,64,104,0,0,11,9,211.751461029
4,"map(alloc: a)",64,64,104,0,0,28,0,226.199626923
4,"map(alloc: a)",64,64,104,0,0,28,1,225.996971130
4,"map(alloc: a)",64,64,104,0,0,28,2,226.199626923
4,"map(alloc: a)",64,64,104,0,0,28,3,226.247310638
4,"map(alloc: a)",64,64,104,0,0,28,4,226.700305939
4,"map(alloc: a)",64,64,104,0,0,28,5,225.949287415
4,"map(alloc: a)",64,64,104,0,0,28,6,226.557254791
4,"map(alloc: a)",64,64,104,0,0,28,7,226.449966431
4,"map(alloc: a)",64,64,104,0,0,28,8,226.593017578
4,"map(alloc: a)",64,64,104,0,0,28,9,226.497650146
4,"map(alloc: a)",64,64,104,0,0,5042,0,4611.253738403
4,"map(alloc: a)",64,64,104,0,0,5042,1,4548.096656799
4,"map(alloc: a)",64,64,104,0,0,5042,2,4656.898975372
4,"map(alloc: a)",64,64,104,0,0,5042,3,4548.609256744
4,"map(alloc: a)",64,64,104,0,0,5042,4,4653.644561768
4,"map(alloc: a)",64,64,104,0,0,5042,5,4656.052589417
4,"map(alloc: a)",64,64,104,0,0,5042,6,4612.851142883
4,"map(alloc: a)",64,64,104,0,0,5042,7,4643.249511719
4,"map(alloc: a)",64,64,104,0,0,5042,8,4702.901840210
4,"map(alloc: a)",64,64,104,0,0,5042,9,4603.147506714
4,"map(alloc: a)",64,64,104,0,0,1218,0,1286.196708679
4,"map(alloc: a)",64,64,104,0,0,1218,1,1239.597797394
4,"map(alloc: a)",64,64,104,0,0,1218,2,1240.754127502
4,"map(alloc: a)",64,64,104,0,0,1218,3,1248.300075531
4,"map(alloc: a)",64,64,104,0,0,1218,4,1245.939731598
4,"map(alloc: a)",64,64,104,0,0,1218,5,1247.596740723
4,"map(alloc: a)",64,64,104,0,0,1218,6,1249.551773071
4,"map(alloc: a)",64,64,104,0,0,1218,7,1247.942447662
4,"map(alloc: a)",64,64,104,0,0,1218,8,1269.853115082
4,"map(alloc: a)",64,64,104,0,0,1218,9,1241.755485535
4,"map(alloc: a)",64,64,104,0,0,472,0,615.251064301
4,"map(alloc: a)",64,64,104,0,0,472,1,616.002082825
4,"map(alloc: a)",64,64,104,0,0,472,2,608.646869659
4,"map(alloc: a)",64,64,104,0,0,472,3,615.048408508
4,"map(alloc: a)",64,64,104,0,0,472,4,620.996952057
4,"map(alloc: a)",64,64,104,0,0,472,5,608.944892883
4,"map(alloc: a)",64,64,104,0,0,472,6,622.904300690
4,"map(alloc: a)",64,64,104,0,0,472,7,615.847110748
4,"map(alloc: a)",64,64,104,0,0,472,8,619.244575500
4,"map(alloc: a)",64,64,104,0,0,472,9,620.496273041
4,"map(alloc: a)",128,64,104,0,0,7,0,203.108787537
4,"map(alloc: a)",128,64,104,0,0,7,1,203.144550323
4,"map(alloc: a)",128,64,104,0,0,7,2,202.751159668
4,"map(alloc: a)",128,64,104,0,0,7,3,202.500820160
4,"map(alloc: a)",128,64,104,0,0,7,4,203.001499176
4,"map(alloc: a)",128,64,104,0,0,7,5,203.096866608
4,"map(alloc: a)",128,64,104,0,0,7,6,202.953815460
4,"map(alloc: a)",128,64,104,0,0,7,7,203.347206116
4,"map(alloc: a)",128,64,104,0,0,7,8,203.895568848
4,"map(alloc: a)",128,64,104,0,0,7,9,203.001499176
4,"map(alloc: a)",128,64,104,0,0,114,0,303.900241852
4,"map(alloc: a)",128,64,104,0,0,114,1,300.693511963
4,"map(alloc: a)",128,64,104,0,0,114,2,304.555892944
4,"map(alloc: a)",128,64,104,0,0,114,3,302.553176880
4,"map(alloc: a)",128,64,104,0,0,114,4,303.292274475
4,"map(alloc: a)",128,64,104,0,0,114,5,304.043292999
4,"map(alloc: a)",128,64,104,0,0,114,6,304.198265076
4,"map(alloc: a)",128,64,104,0,0,114,7,304.400920868
4,"map(alloc: a)",128,64,104,0,0,114,8,304.496288300
4,"map(alloc: a)",128,64,104,0,0,114,9,300.550460815
4,"map(alloc: a)",128,64,104,0,0,3,0,199.449062347
4,"map(alloc: a)",128,64,104,0,0,3,1,199.151039124
4,"map(alloc: a)",128,64,104,0,0,3,2,199.353694916
4,"map(alloc: a)",128,64,104,0,0,3,3,199.449062347
4,"map(alloc: a)",128,64,104,0,0,3,4,198.948383331
4,"map(alloc: a)",128,64,104,0,0,3,5,199.353694916
4,"map(alloc: a)",128,64,104,0,0,3,6,199.604034424
4,"map(alloc: a)",128,64,104,0,0,3,7,199.151039124
4,"map(alloc: a)",128,64,104,0,0,3,8,199.449062347
4,"map(alloc: a)",128,64,104,0,0,3,9,199.544429779
4,"map(alloc: a)",128,64,104,0,0,17,0,218.152999878
4,"map(alloc: a)",128,64,104,0,0,17,1,218.701362610
4,"map(alloc: a)",128,64,104,0,0,17,2,220.656394958
4,"map(alloc: a)",128,64,104,0,0,17,3,218.296051025
4,"map(alloc: a)",128,64,104,0,0,17,4,218.152999878
4,"map(alloc: a)",128,64,104,0,0,17,5,217.950344086
4,"map(alloc: a)",128,64,104,0,0,17,6,218.403339386
4,"map(alloc: a)",128,64,104,0,0,17,7,218.141078949
4,"map(alloc: a)",128,64,104,0,0,17,8,218.105316162
4,"map(alloc: a)",128,64,104,0,0,17,9,218.856334686
4,"map(alloc: a)",128,64,104,0,0,1,0,198.352336884
4,"map(alloc: a)",128,64,104,0,0,1,1,198.006629944
4,"map(alloc: a)",128,64,104,0,0,1,2,198.197364807
4,"map(alloc: a)",128,64,104,0,0,1,3,198.507308960
4,"map(alloc: a)",128,64,104,0,0,1,4,198.400020599
4,"map(alloc: a)",128,64,104,0,0,1,5,198.149681091
4,"map(alloc: a)",128,64,104,0,0,1,6,198.256969452
4,"map(alloc: a)",128,64,104,0,0,1,7,198.292732239
4,"map(alloc: a)",128,64,104,0,0,1,8,198.197364807
4,"map(alloc: a)",128,64,104,0,0,1,9,198.602676392
4,"map(alloc: a)",128,64,104,0,0,44,0,241.744518280
4,"map(alloc: a)",128,64,104,0,0,44,1,241.005420685
4,"map(alloc: a)",128,64,104,0,0,44,2,242.447853088
4,"map(alloc: a)",128,64,104,0,0,44,3,241.100788116
4,"map(alloc: a)",128,64,104,0,0,44,4,241.792201996
4,"map(alloc: a)",128,64,104,0,0,44,5,242.197513580
4,"map(alloc: a)",128,64,104,0,0,44,6,241.494178772
4,"map(alloc: a)",128,64,104,0,0,44,7,242.304801941
4,"map(alloc: a)",128,64,104,0,0,44,8,242.900848389
4,"map(alloc: a)",128,64,104,0,0,44,9,241.696834564
4,"map(alloc: a)",128,64,104,0,0,294,0,465.047359467
4,"map(alloc: a)",128,64,104,0,0,294,1,453.495979309
4,"map(alloc: a)",128,64,104,0,0,294,2,453.805923462
4,"map(alloc: a)",128,64,104,0,0,294,3,456.047058105
4,"map(alloc: a)",128,64,104,0,0,294,4,455.152988434
4,"map(alloc: a)",128,64,104,0,0,294,5,455.749034882
4,"map(alloc: a)",128,64,104,0,0,294,6,456.345081329
4,"map(alloc: a)",128,64,104,0,0,294,7,455.796718597
4,"map(alloc: a)",128,64,104,0,0,294,8,461.149215698
4,"map(alloc: a)",128,64,104,0,0,294,9,454.199314117
4,"map(alloc: a)",128,64,104,0,0,3140,0,2954.494953156
4,"map(alloc: a)",128,64,104,0,0,3140,1,2953.147888184
4,"map(alloc: a)",128,64,104,0,0,3140,2,2918.744087219
4,"map(alloc: a)",128,64,104,0,0,3140,3,2946.102619171
4,"map(alloc: a)",128,64,104,0,0,3140,4,2989.590167999
4,"map(alloc: a)",128,64,104,0,0,3140,5,2915.000915527
4,"map(alloc: a)",128,64,104,0,0,3140,6,2997.446060181
4,"map(alloc: a)",128,64,104,0,0,3140,7,2955.603599548
4,"map(alloc: a)",128,64,104,0,0,3140,8,2982.056140900
4,"map(alloc: a)",128,64,104,0,0,3140,9,2979.600429535
4,"map(alloc: a)",128,64,104,0,0,4,0,201.451778412
4,"map(alloc: a)",128,64,104,0,0,4,1,201.249122620
4,"map(alloc: a)",128,64,104,0,0,4,2,200.998783112
4,"map(alloc: a)",128,64,104,0,0,4,3,201.153755188
4,"map(alloc: a)",128,64,104,0,0,4,4,201.106071472
4,"map(alloc: a)",128,64,104,0,0,4,5,200.748443604
4,"map(alloc: a)",128,64,104,0,0,4,6,201.094150543
4,"map(alloc: a)",128,64,104,0,0,4,7,201.058387756
4,"map(alloc: a)",128,64,104,0,0,4,8,201.153755188
4,"map(alloc: a)",128,64,104,0,0,4,9,201.046466827
4,"map(alloc: a)",128,64,104,0,0,1955,0,1917.660236359
4,"map(alloc: a)",128,64,104,0,0,1955,1,1878.249645233
4,"map(alloc: a)",128,64,104,0,0,1955,2,1921.796798706
4,"map(alloc: a)",128,64,104,0,0,1955,3,1896.309852600
4,"map(alloc: a)",128,64,104,0,0,1955,4,1910.150051117
4,"map(alloc: a)",128,64,104,0,0,1955,5,1917.755603790
4,"map(alloc: a)",128,64,104,0,0,1955,6,1913.702487946
4,"map(alloc: a)",128,64,104,0,0,1955,7,1924.943923950
4,"map(alloc: a)",128,64,104,0,0,1955,8,1925.253868103
4,"map(alloc: a)",128,64,104,0,0,1955,9,1910.293102264
4,"map(alloc: a)",128,64,104,0,0,183,0,367.653369904
4,"map(alloc: a)",128,64,104,0,0,183,1,363.397598267
4,"map(alloc: a)",128,64,104,0,0,183,2,362.443923950
4,"map(alloc: a)",128,64,104,0,0,183,3,360.596179962
4,"map(alloc: a)",128,64,104,0,0,183,4,358.593463898
4,"map(alloc: a)",128,64,104,0,0,183,5,360.298156738
4,"map(alloc: a)",128,64,104,0,0,183,6,362.098217010
4,"map(alloc: a)",128,64,104,0,0,183,7,357.902050018
4,"map(alloc: a)",128,64,104,0,0,183,8,362.741947174
4,"map(alloc: a)",128,64,104,0,0,183,9,360.751152039
4,"map(alloc: a)",128,64,104,0,0,8096,0,7241.451740265
4,"map(alloc: a)",128,64,104,0,0,8096,1,7237.601280212
4,"map(alloc: a)",128,64,104,0,0,8096,2,7265.603542328
4,"map(alloc: a)",128,64,104,0,0,8096,3,7245.254516602
4,"map(alloc: a)",128,64,104,0,0,8096,4,7250.642776489
4,"map(alloc: a)",128,64,104,0,0,8096,5,7211.196422577
4,"map(alloc: a)",128,64,104,0,0,8096,6,7388.007640839
4,"map(alloc: a)",128,64,104,0,0,8096,7,7212.150096893
4,"map(alloc: a)",128,64,104,0,0,8096,8,7380.402088165
4,"map(alloc: a)",128,64,104,0,0,8096,9,7370.197772980
4,"map(alloc: a)",128,64,104,0,0,758,0,866.246223450
4,"map(alloc: a)",128,64,104,0,0,758,1,873.899459839
4,"map(alloc: a)",128,64,104,0,0,758,2,881.898403168
4,"map(alloc: a)",128,64,104,0,0,758,3,848.495960236
4,"map(alloc: a)",128,64,104,0,0,758,4,859.248638153
4,"map(alloc: a)",128,64,104,0,0,758,5,850.605964661
4,"map(alloc: a)",128,64,104,0,0,758,6,854.146480560
4,"map(alloc: a)",128,64,104,0,0,758,7,852.453708649
4,"map(alloc: a)",128,64,104,0,0,758,8,853.848457336
4,"map(alloc: a)",128,64,104,0,0,758,9,857.448577881
4,"map(alloc: a)",128,64,104,0,0,71,0,264.394283295
4,"map(alloc: a)",128,64,104,0,0,71,1,264.155864716
4,"map(alloc: a)",128,64,104,0,0,71,2,265.550613403
4,"map(alloc: a)",128,64,104,0,0,71,3,264.251232147
4,"map(alloc: a)",128,64,104,0,0,71,4,265.347957611
4,"map(alloc: a)",128,64,104,0,0,71,5,265.550613403
4,"map(alloc: a)",128,64,104,0,0,71,6,264.644622803
4,"map(alloc: a)",128,64,104,0,0,71,7,265.550613403
4,"map(alloc: a)",128,64,104,0,0,71,8,266.802310944
4,"map(alloc: a)",128,64,104,0,0,71,9,264.191627502
4,"map(alloc: a)",128,64,104,0,0,2,0,198.602676392
4,"map(alloc: a)",128,64,104,0,0,2,1,198.698043823
4,"map(alloc: a)",128,64,104,0,0,2,2,198.554992676
4,"map(alloc: a)",128,64,104,0,0,2,3,198.650360107
4,"map(alloc: a)",128,64,104,0,0,2,4,198.447704315
4,"map(alloc: a)",128,64,104,0,0,2,5,198.400020599
4,"map(alloc: a)",128,64,104,0,0,2,6,198.400020599
4,"map(alloc: a)",128,64,104,0,0,2,7,198.459625244
4,"map(alloc: a)",128,64,104,0,0,2,8,198.459625244
4,"map(alloc: a)",128,64,104,0,0,2,9,198.090076447
4,"map(alloc: a)",128,64,104,0,0,11,0,211.250782013
4,"map(alloc: a)",128,64,104,0,0,11,1,211.501121521
4,"map(alloc: a)",128,64,104,0,0,11,2,211.298465729
4,"map(alloc: a)",128,64,104,0,0,11,3,211.095809937
4,"map(alloc: a)",128,64,104,0,0,11,4,211.358070374
4,"map(alloc: a)",128,64,104,0,0,11,5,211.060047150
4,"map(alloc: a)",128,64,104,0,0,11,6,211.548805237
4,"map(alloc: a)",128,64,104,0,0,11,7,211.596488953
4,"map(alloc: a)",128,64,104,0,0,11,8,211.393833160
4,"map(alloc: a)",128,64,104,0,0,11,9,211.799144745
4,"map(alloc: a)",128,64,104,0,0,28,0,226.795673370
4,"map(alloc: a)",128,64,104,0,0,28,1,227.344036102
4,"map(alloc: a)",128,64,104,0,0,28,2,227.701663971
4,"map(alloc: a)",128,64,104,0,0,28,3,227.200984955
4,"map(alloc: a)",128,64,104,0,0,28,4,227.546691895
4,"map(alloc: a)",128,64,104,0,0,28,5,225.996971130
4,"map(alloc: a)",128,64,104,0,0,28,6,226.545333862
4,"map(alloc: a)",128,64,104,0,0,28,7,226.652622223
4,"map(alloc: a)",128,64,104,0,0,28,8,226.008892059
4,"map(alloc: a)",128,64,104,0,0,28,9,226.640701294
4,"map(alloc: a)",128,64,104,0,0,5042,0,4602.253437042
4,"map(alloc: a)",128,64,104,0,0,5042,1,4506.289958954
4,"map(alloc: a)",128,64,104,0,0,5042,2,4617.846012115
4,"map(alloc: a)",128,64,104,0,0,5042,3,4552.400112152
4,"map(alloc: a)",128,64,104,0,0,5042,4,4594.504833221
4,"map(alloc: a)",128,64,104,0,0,5042,5,4595.899581909
4,"map(alloc: a)",128,64,104,0,0,5042,6,4599.499702454
4,"map(alloc: a)",128,64,104,0,0,5042,7,4605.650901794
4,"map(alloc: a)",128,64,104,0,0,5042,8,4621.148109436
4,"map(alloc: a)",128,64,104,0,0,5042,9,4586.446285248
4,"map(alloc: a)",128,64,104,0,0,1218,0,1286.995410919
4,"map(alloc: a)",128,64,104,0,0,1218,1,1259.756088257
4,"map(alloc: a)",128,64,104,0,0,1218,2,1277.804374695
4,"map(alloc: a)",128,64,104,0,0,1218,3,1284.396648407
4,"map(alloc: a)",128,64,104,0,0,1218,4,1270.401477814
4,"map(alloc: a)",128,64,104,0,0,1218,5,1266.205310822
4,"map(alloc: a)",128,64,104,0,0,1218,6,1253.950595856
4,"map(alloc: a)",128,64,104,0,0,1218,7,1227.200031281
4,"map(alloc: a)",128,64,104,0,0,1218,8,1260.745525360
4,"map(alloc: a)",128,64,104,0,0,1218,9,1243.543624878
4,"map(alloc: a)",128,64,104,0,0,472,0,608.205795288
4,"map(alloc: a)",128,64,104,0,0,472,1,609.791278839
4,"map(alloc: a)",128,64,104,0,0,472,2,610.649585724
4,"map(alloc: a)",128,64,104,0,0,472,3,612.199306488
4,"map(alloc: a)",128,64,104,0,0,472,4,613.045692444
4,"map(alloc: a)",128,64,104,0,0,472,5,611.150264740
4,"map(alloc: a)",128,64,104,0,0,472,6,619.101524353
4,"map(alloc: a)",128,64,104,0,0,472,7,607.144832611
4,"map(alloc: a)",128,64,104,0,0,472,8,616.800785065
4,"map(alloc: a)",128,64,104,0,0,472,9,618.553161621
4,"map(alloc: a)",256,64,104,0,0,7,0,203.359127045
4,"map(alloc: a)",256,64,104,0,0,7,1,203.645229340
4,"map(alloc: a)",256,64,104,0,0,7,2,202.941894531
4,"map(alloc: a)",256,64,104,0,0,7,3,202.655792236
4,"map(alloc: a)",256,64,104,0,0,7,4,202.596187592
4,"map(alloc: a)",256,64,104,0,0,7,5,202.655792236
4,"map(alloc: a)",256,64,104,0,0,7,6,204.050540924
4,"map(alloc: a)",256,64,104,0,0,7,7,202.953815460
4,"map(alloc: a)",256,64,104,0,0,7,8,202.548503876
4,"map(alloc: a)",256,64,104,0,0,7,9,202.548503876
4,"map(alloc: a)",256,64,104,0,0,114,0,301.647186279
4,"map(alloc: a)",256,64,104,0,0,114,1,300.943851471
4,"map(alloc: a)",256,64,104,0,0,114,2,303.804874420
4,"map(alloc: a)",256,64,104,0,0,114,3,301.349163055
4,"map(alloc: a)",256,64,104,0,0,114,4,302.648544312
4,"map(alloc: a)",256,64,104,0,0,114,5,303.292274475
4,"map(alloc: a)",256,64,104,0,0,114,6,301.754474640
4,"map(alloc: a)",256,64,104,0,0,114,7,303.149223328
4,"map(alloc: a)",256,64,104,0,0,114,8,304.758548737
4,"map(alloc: a)",256,64,104,0,0,114,9,301.349163055
4,"map(alloc: a)",256,64,104,0,0,3,0,199.401378632
4,"map(alloc: a)",256,64,104,0,0,3,1,199.401378632
4,"map(alloc: a)",256,64,104,0,0,3,2,199.401378632
4,"map(alloc: a)",256,64,104,0,0,3,3,199.592113495
4,"map(alloc: a)",256,64,104,0,0,3,4,199.103355408
4,"map(alloc: a)",256,64,104,0,0,3,5,199.198722839
4,"map(alloc: a)",256,64,104,0,0,3,6,199.198722839
4,"map(alloc: a)",256,64,104,0,0,3,7,199.294090271
4,"map(alloc: a)",256,64,104,0,0,3,8,199.198722839
4,"map(alloc: a)",256,64,104,0,0,3,9,199.091434479
4,"map(alloc: a)",256,64,104,0,0,17,0,217.950344086
4,"map(alloc: a)",256,64,104,0,0,17,1,218.248367310
4,"map(alloc: a)",256,64,104,0,0,17,2,217.747688293
4,"map(alloc: a)",256,64,104,0,0,17,3,217.700004578
4,"map(alloc: a)",256,64,104,0,0,17,4,218.152999878
4,"map(alloc: a)",256,64,104,0,0,17,5,217.652320862
4,"map(alloc: a)",256,64,104,0,0,17,6,218.296051025
4,"map(alloc: a)",256,64,104,0,0,17,7,218.355655670
4,"map(alloc: a)",256,64,104,0,0,17,8,218.296051025
4,"map(alloc: a)",256,64,104,0,0,17,9,218.605995178
4,"map(alloc: a)",256,64,104,0,0,1,0,198.197364807
4,"map(alloc: a)",256,64,104,0,0,1,1,198.650360107
4,"map(alloc: a)",256,64,104,0,0,1,2,198.805332184
4,"map(alloc: a)",256,64,104,0,0,1,3,198.805332184
4,"map(alloc: a)",256,64,104,0,0,1,4,198.602676392
4,"map(alloc: a)",256,64,104,0,0,1,5,198.292732239
4,"map(alloc: a)",256,64,104,0,0,1,6,198.650360107
4,"map(alloc: a)",256,64,104,0,0,1,7,198.495388031
4,"map(alloc: a)",256,64,104,0,0,1,8,198.149681091
4,"map(alloc: a)",256,64,104,0,0,1,9,198.447704315
4,"map(alloc: a)",256,64,104,0,0,44,0,241.708755493
4,"map(alloc: a)",256,64,104,0,0,44,1,241.053104401
4,"map(alloc: a)",256,64,104,0,0,44,2,241.947174072
4,"map(alloc: a)",256,64,104,0,0,44,3,241.255760193
4,"map(alloc: a)",256,64,104,0,0,44,4,241.398811340
4,"map(alloc: a)",256,64,104,0,0,44,5,241.756439209
4,"map(alloc: a)",256,64,104,0,0,44,6,241.601467133
4,"map(alloc: a)",256,64,104,0,0,44,7,242.006778717
4,"map(alloc: a)",256,64,104,0,0,44,8,242.149829865
4,"map(alloc: a)",256,64,104,0,0,44,9,241.744518280
4,"map(alloc: a)",256,64,104,0,0,294,0,465.345382690
4,"map(alloc: a)",256,64,104,0,0,294,1,458.860397339
4,"map(alloc: a)",256,64,104,0,0,294,2,462.996959686
4,"map(alloc: a)",256,64,104,0,0,294,3,464.642047882
4,"map(alloc: a)",256,64,104,0,0,294,4,461.149215698
4,"map(alloc: a)",256,64,104,0,0,294,5,460.398197174
4,"map(alloc: a)",256,64,104,0,0,294,6,457.060337067
4,"map(alloc: a)",256,64,104,0,0,294,7,450.801849365
4,"map(alloc: a)",256,64,104,0,0,294,8,458.693504333
4,"map(alloc: a)",256,64,104,0,0,294,9,454.950332642
4,"map(alloc: a)",256,64,104,0,0,3140,0,2908.146381378
4,"map(alloc: a)",256,64,104,0,0,3140,1,2909.100055695
4,"map(alloc: a)",256,64,104,0,0,3140,2,2929.496765137
4,"map(alloc: a)",256,64,104,0,0,3140,3,2925.503253937
4,"map(alloc: a)",256,64,104,0,0,3140,4,2937.602996826
4,"map(alloc: a)",256,64,104,0,0,3140,5,2926.301956177
4,"map(alloc: a)",256,64,104,0,0,3140,6,2969.956398010
4,"map(alloc: a)",256,64,104,0,0,3140,7,2897.441387177
4,"map(alloc: a)",256,64,104,0,0,3140,8,2963.697910309
4,"map(alloc: a)",256,64,104,0,0,3140,9,2966.201305389
4,"map(alloc: a)",256,64,104,0,0,4,0,201.499462128
4,"map(alloc: a)",256,64,104,0,0,4,1,201.249122620
4,"map(alloc: a)",256,64,104,0,0,4,2,201.106071472
4,"map(alloc: a)",256,64,104,0,0,4,3,201.344490051
4,"map(alloc: a)",256,64,104,0,0,4,4,201.451778412
4,"map(alloc: a)",256,64,104,0,0,4,5,200.903415680
4,"map(alloc: a)",256,64,104,0,0,4,6,201.106071472
4,"map(alloc: a)",256,64,104,0,0,4,7,200.843811035
4,"map(alloc: a)",256,64,104,0,0,4,8,200.593471527
4,"map(alloc: a)",256,64,104,0,0,4,9,200.796127319
4,"map(alloc: a)",256,64,104,0,0,1955,0,1879.394054413
4,"map(alloc: a)",256,64,104,0,0,1955,1,1869.654655457
4,"map(alloc: a)",256,64,104,0,0,1955,2,1914.250850677
4,"map(alloc: a)",256,64,104,0,0,1955,3,1868.510246277
4,"map(alloc: a)",256,64,104,0,0,1955,4,1907.444000244
4,"map(alloc: a)",256,64,104,0,0,1955,5,1910.650730133
4,"map(alloc: a)",256,64,104,0,0,1955,6,1893.901824951
4,"map(alloc: a)",256,64,104,0,0,1955,7,1897.096633911
4,"map(alloc: a)",256,64,104,0,0,1955,8,1922.249794006
4,"map(alloc: a)",256,64,104,0,0,1955,9,1881.754398346
4,"map(alloc: a)",256,64,104,0,0,183,0,365.245342255
4,"map(alloc: a)",256,64,104,0,0,183,1,363.147258759
4,"map(alloc: a)",256,64,104,0,0,183,2,363.600254059
4,"map(alloc: a)",256,64,104,0,0,183,3,364.756584167
4,"map(alloc: a)",256,64,104,0,0,183,4,364.243984222
4,"map(alloc: a)",256,64,104,0,0,183,5,365.293025970
4,"map(alloc: a)",256,64,104,0,0,183,6,365.555286407
4,"map(alloc: a)",256,64,104,0,0,183,7,359.344482422
4,"map(alloc: a)",256,64,104,0,0,183,8,362.002849579
4,"map(alloc: a)",256,64,104,0,0,183,9,358.402729034
4,"map(alloc: a)",256,64,104,0,0,8096,0,7199.394702911
4,"map(alloc: a)",256,64,104,0,0,8096,1,7177.650928497
4,"map(alloc: a)",256,64,104,0,0,8096,2,7140.398025513
4,"map(alloc: a)",256,64,104,0,0,8096,3,7185.995578766
4,"map(alloc: a)",256,64,104,0,0,8096,4,7305.705547333
4,"map(alloc: a)",256,64,104,0,0,8096,5,7129.395008087
4,"map(alloc: a)",256,64,104,0,0,8096,6,7295.799255371
4,"map(alloc: a)",256,64,104,0,0,8096,7,7217.752933502
4,"map(alloc: a)",256,64,104,0,0,8096,8,7252.550125122
4,"map(alloc: a)",256,64,104,0,0,8096,9,7254.898548126
4,"map(alloc: a)",256,64,104,0,0,758,0,863.945484161
4,"map(alloc: a)",256,64,104,0,0,758,1,869.905948639
4,"map(alloc: a)",256,64,104,0,0,758,2,868.844985962
4,"map(alloc: a)",256,64,104,0,0,758,3,863.397121429
4,"map(alloc: a)",256,64,104,0,0,758,4,878.894329071
4,"map(alloc: a)",256,64,104,0,0,758,5,862.741470337
4,"map(alloc: a)",256,64,104,0,0,758,6,877.547264099
4,"map(alloc: a)",256,64,104,0,0,758,7,880.050659180
4,"map(alloc: a)",256,64,104,0,0,758,8,845.754146576
4,"map(alloc: a)",256,64,104,0,0,758,9,854.504108429
4,"map(alloc: a)",256,64,104,0,0,71,0,264.954566956
4,"map(alloc: a)",256,64,104,0,0,71,1,263.607501984
4,"map(alloc: a)",256,64,104,0,0,71,2,265.002250671
4,"map(alloc: a)",256,64,104,0,0,71,3,264.251232147
4,"map(alloc: a)",256,64,104,0,0,71,4,264.704227448
4,"map(alloc: a)",256,64,104,0,0,71,5,264.656543732
4,"map(alloc: a)",256,64,104,0,0,71,6,264.751911163
4,"map(alloc: a)",256,64,104,0,0,71,7,264.954566956
4,"map(alloc: a)",256,64,104,0,0,71,8,265.252590179
4,"map(alloc: a)",256,64,104,0,0,71,9,264.549255371
4,"map(alloc: a)",256,64,104,0,0,2,0,198.793411255
4,"map(alloc: a)",256,64,104,0,0,2,1,198.805332184
4,"map(alloc: a)",256,64,104,0,0,2,2,198.805332184
4,"map(alloc: a)",256,64,104,0,0,2,3,198.793411255
4,"map(alloc: a)",256,64,104,0,0,2,4,198.554992676
4,"map(alloc: a)",256,64,104,0,0,2,5,198.805332184
4,"map(alloc: a)",256,64,104,0,0,2,6,198.853015900
4,"map(alloc: a)",256,64,104,0,0,2,7,198.698043823
4,"map(alloc: a)",256,64,104,0,0,2,8,198.793411255
4,"map(alloc: a)",256,64,104,0,0,2,9,198.447704315
4,"map(alloc: a)",256,64,104,0,0,11,0,211.191177368
4,"map(alloc: a)",256,64,104,0,0,11,1,211.143493652
4,"map(alloc: a)",256,64,104,0,0,11,2,211.310386658
4,"map(alloc: a)",256,64,104,0,0,11,3,211.191177368
4,"map(alloc: a)",256,64,104,0,0,11,4,211.048126221
4,"map(alloc: a)",256,64,104,0,0,11,5,211.298465729
4,"map(alloc: a)",256,64,104,0,0,11,6,211.346149445
4,"map(alloc: a)",256,64,104,0,0,11,7,211.191177368
4,"map(alloc: a)",256,64,104,0,0,11,8,211.453437805
4,"map(alloc: a)",256,64,104,0,0,11,9,211.751461029
4,"map(alloc: a)",256,64,104,0,0,28,0,226.700305939
4,"map(alloc: a)",256,64,104,0,0,28,1,226.998329163
4,"map(alloc: a)",256,64,104,0,0,28,2,227.046012878
4,"map(alloc: a)",256,64,104,0,0,28,3,226.652622223
4,"map(alloc: a)",256,64,104,0,0,28,4,227.153301239
4,"map(alloc: a)",256,64,104,0,0,28,5,226.795673370
4,"map(alloc: a)",256,64,104,0,0,28,6,227.046012878
4,"map(alloc: a)",256,64,104,0,0,28,7,227.296352386
4,"map(alloc: a)",256,64,104,0,0,28,8,226.998329163
4,"map(alloc: a)",256,64,104,0,0,28,9,226.998329163
4,"map(alloc: a)",256,64,104,0,0,5042,0,4526.245594025
4,"map(alloc: a)",256,64,104,0,0,5042,1,4502.999782562
4,"map(alloc: a)",256,64,104,0,0,5042,2,4599.845409393
4,"map(alloc: a)",256,64,104,0,0,5042,3,4474.854469299
4,"map(alloc: a)",256,64,104,0,0,5042,4,4573.893547058
4,"map(alloc: a)",256,64,104,0,0,5042,5,4565.799236298
4,"map(alloc: a)",256,64,104,0,0,5042,6,4546.642303467
4,"map(alloc: a)",256,64,104,0,0,5042,7,4570.496082306
4,"map(alloc: a)",256,64,104,0,0,5042,8,4634.904861450
4,"map(alloc: a)",256,64,104,0,0,5042,9,4532.301425934
4,"map(alloc: a)",256,64,104,0,0,1218,0,1271.748542786
4,"map(alloc: a)",256,64,104,0,0,1218,1,1254.248619080
4,"map(alloc: a)",256,64,104,0,0,1218,2,1261.901855469
4,"map(alloc: a)",256,64,104,0,0,1218,3,1268.255710602
4,"map(alloc: a)",256,64,104,0,0,1218,4,1265.740394592
4,"map(alloc: a)",256,64,104,0,0,1218,5,1272.249221802
4,"map(alloc: a)",256,64,104,0,0,1218,6,1272.857189178
4,"map(alloc: a)",256,64,104,0,0,1218,7,1264.548301697
4,"map(alloc: a)",256,64,104,0,0,1218,8,1292.991638184
4,"map(alloc: a)",256,64,104,0,0,1218,9,1267.600059509
4,"map(alloc: a)",256,64,104,0,0,472,0,613.498687744
4,"map(alloc: a)",256,64,104,0,0,472,1,608.789920807
4,"map(alloc: a)",256,64,104,0,0,472,2,604.403018951
4,"map(alloc: a)",256,64,104,0,0,472,3,608.396530151
4,"map(alloc: a)",256,64,104,0,0,472,4,612.056255341
4,"map(alloc: a)",256,64,104,0,0,472,5,602.841377258
4,"map(alloc: a)",256,64,104,0,0,472,6,614.249706268
4,"map(alloc: a)",256,64,104,0,0,472,7,609.600543976
4,"map(alloc: a)",256,64,104,0,0,472,8,611.639022827
4,"map(alloc: a)",256,64,104,0,0,472,9,613.641738892
4,"map(alloc: a)",512,64,104,0,0,7,0,202.846527100
4,"map(alloc: a)",512,64,104,0,0,7,1,203.502178192
4,"map(alloc: a)",512,64,104,0,0,7,2,203.204154968
4,"map(alloc: a)",512,64,104,0,0,7,3,202.798843384
4,"map(alloc: a)",512,64,104,0,0,7,4,203.347206116
4,"map(alloc: a)",512,64,104,0,0,7,5,203.156471252
4,"map(alloc: a)",512,64,104,0,0,7,6,203.156471252
4,"map(alloc: a)",512,64,104,0,0,7,7,203.454494476
4,"map(alloc: a)",512,64,104,0,0,7,8,202.655792236
4,"map(alloc: a)",512,64,104,0,0,7,9,202.894210815
4,"map(alloc: a)",512,64,104,0,0,114,0,302.493572235
4,"map(alloc: a)",512,64,104,0,0,114,1,300.049781799
4,"map(alloc: a)",512,64,104,0,0,114,2,302.147865295
4,"map(alloc: a)",512,64,104,0,0,114,3,300.705432892
4,"map(alloc: a)",512,64,104,0,0,114,4,301.599502563
4,"map(alloc: a)",512,64,104,0,0,114,5,301.909446716
4,"map(alloc: a)",512,64,104,0,0,114,6,301.754474640
4,"map(alloc: a)",512,64,104,0,0,114,7,302.243232727
4,"map(alloc: a)",512,64,104,0,0,114,8,302.541255951
4,"map(alloc: a)",512,64,104,0,0,114,9,301.456451416
4,"map(alloc: a)",512,64,104,0,0,3,0,199.651718140
4,"map(alloc: a)",512,64,104,0,0,3,1,199.556350708
4,"map(alloc: a)",512,64,104,0,0,3,2,199.449062347
4,"map(alloc: a)",512,64,104,0,0,3,3,199.496746063
4,"map(alloc: a)",512,64,104,0,0,3,4,199.341773987
4,"map(alloc: a)",512,64,104,0,0,3,5,199.496746063
4,"map(alloc: a)",512,64,104,0,0,3,6,199.604034424
4,"map(alloc: a)",512,64,104,0,0,3,7,199.294090271
4,"map(alloc: a)",512,64,104,0,0,3,8,199.401378632
4,"map(alloc: a)",512,64,104,0,0,3,9,199.198722839
4,"map(alloc: a)",512,64,104,0,0,17,0,217.604637146
4,"map(alloc: a)",512,64,104,0,0,17,1,217.843055725
4,"map(alloc: a)",512,64,104,0,0,17,2,217.843055725
4,"map(alloc: a)",512,64,104,0,0,17,3,217.843055725
4,"map(alloc: a)",512,64,104,0,0,17,4,217.556953430
4,"map(alloc: a)",512,64,104,0,0,17,5,218.701362610
4,"map(alloc: a)",512,64,104,0,0,17,6,218.152999878
4,"map(alloc: a)",512,64,104,0,0,17,7,217.700004578
4,"map(alloc: a)",512,64,104,0,0,17,8,217.998027802
4,"map(alloc: a)",512,64,104,0,0,17,9,218.546390533
4,"map(alloc: a)",512,64,104,0,0,1,0,198.340415955
4,"map(alloc: a)",512,64,104,0,0,1,1,198.543071747
4,"map(alloc: a)",512,64,104,0,0,1,2,198.447704315
4,"map(alloc: a)",512,64,104,0,0,1,3,198.447704315
4,"map(alloc: a)",512,64,104,0,0,1,4,198.554992676
4,"map(alloc: a)",512,64,104,0,0,1,5,198.745727539
4,"map(alloc: a)",512,64,104,0,0,1,6,198.650360107
4,"map(alloc: a)",512,64,104,0,0,1,7,198.793411255
4,"map(alloc: a)",512,64,104,0,0,1,8,198.602676392
4,"map(alloc: a)",512,64,104,0,0,1,9,198.447704315
4,"map(alloc: a)",512,64,104,0,0,44,0,240.898132324
4,"map(alloc: a)",512,64,104,0,0,44,1,240.397453308
4,"map(alloc: a)",512,64,104,0,0,44,2,241.446495056
4,"map(alloc: a)",512,64,104,0,0,44,3,241.196155548
4,"map(alloc: a)",512,64,104,0,0,44,4,241.506099701
4,"map(alloc: a)",512,64,104,0,0,44,5,241.088867188
4,"map(alloc: a)",512,64,104,0,0,44,6,240.647792816
4,"map(alloc: a)",512,64,104,0,0,44,7,241.446495056
4,"map(alloc: a)",512,64,104,0,0,44,8,242.042541504
4,"map(alloc: a)",512,64,104,0,0,44,9,240.910053253
4,"map(alloc: a)",512,64,104,0,0,294,0,461.745262146
4,"map(alloc: a)",512,64,104,0,0,294,1,457.358360291
4,"map(alloc: a)",512,64,104,0,0,294,2,459.754467010
4,"map(alloc: a)",512,64,104,0,0,294,3,460.743904114
4,"map(alloc: a)",512,64,104,0,0,294,4,459.754467010
4,"map(alloc: a)",512,64,104,0,0,294,5,461.757183075
4,"map(alloc: a)",512,64,104,0,0,294,6,461.804866791
4,"map(alloc: a)",512,64,104,0,0,294,7,459.909439087
4,"map(alloc: a)",512,64,104,0,0,294,8,466.799736023
4,"map(alloc: a)",512,64,104,0,0,294,9,460.100173950
4,"map(alloc: a)",512,64,104,0,0,3140,0,2941.799163818
4,"map(alloc: a)",512,64,104,0,0,3140,1,2906.107902527
4,"map(alloc: a)",512,64,104,0,0,3140,2,2887.392044067
4,"map(alloc: a)",512,64,104,0,0,3140,3,2901.506423950
4,"map(alloc: a)",512,64,104,0,0,3140,4,2932.250499725
4,"map(alloc: a)",512,64,104,0,0,3140,5,2875.149250031
4,"map(alloc: a)",512,64,104,0,0,3140,6,2941.596508026
4,"map(alloc: a)",512,64,104,0,0,3140,7,2911.746501923
4,"map(alloc: a)",512,64,104,0,0,3140,8,2933.490276337
4,"map(alloc: a)",512,64,104,0,0,3140,9,2932.095527649
4,"map(alloc: a)",512,64,104,0,0,4,0,201.702117920
4,"map(alloc: a)",512,64,104,0,0,4,1,200.951099396
4,"map(alloc: a)",512,64,104,0,0,4,2,201.153755188
4,"map(alloc: a)",512,64,104,0,0,4,3,201.094150543
4,"map(alloc: a)",512,64,104,0,0,4,4,201.642513275
4,"map(alloc: a)",512,64,104,0,0,4,5,201.094150543
4,"map(alloc: a)",512,64,104,0,0,4,6,201.249122620
4,"map(alloc: a)",512,64,104,0,0,4,7,201.392173767
4,"map(alloc: a)",512,64,104,0,0,4,8,201.308727264
4,"map(alloc: a)",512,64,104,0,0,4,9,201.499462128
4,"map(alloc: a)",512,64,104,0,0,1955,0,1952.648162842
4,"map(alloc: a)",512,64,104,0,0,1955,1,1862.859725952
4,"map(alloc: a)",512,64,104,0,0,1955,2,1896.154880524
4,"map(alloc: a)",512,64,104,0,0,1955,3,1870.238780975
4,"map(alloc: a)",512,64,104,0,0,1955,4,1889.455318451
4,"map(alloc: a)",512,64,104,0,0,1955,5,1885.247230530
4,"map(alloc: a)",512,64,104,0,0,1955,6,1882.851123810
4,"map(alloc: a)",512,64,104,0,0,1955,7,1892.340183258
4,"map(alloc: a)",512,64,104,0,0,1955,8,1896.560192108
4,"map(alloc: a)",512,64,104,0,0,1955,9,1884.949207306
4,"map(alloc: a)",512,64,104,0,0,183,0,364.756584167
4,"map(alloc: a)",512,64,104,0,0,183,1,360.548496246
4,"map(alloc: a)",512,64,104,0,0,183,2,363.004207611
4,"map(alloc: a)",512,64,104,0,0,183,3,363.945960999
4,"map(alloc: a)",512,64,104,0,0,183,4,361.645221710
4,"map(alloc: a)",512,64,104,0,0,183,5,363.802909851
4,"map(alloc: a)",512,64,104,0,0,183,6,365.602970123
4,"map(alloc: a)",512,64,104,0,0,183,7,361.156463623
4,"map(alloc: a)",512,64,104,0,0,183,8,366.699695587
4,"map(alloc: a)",512,64,104,0,0,183,9,364.553928375
4,"map(alloc: a)",512,64,104,0,0,8096,0,7359.552383423
4,"map(alloc: a)",512,64,104,0,0,8096,1,7382.905483246
4,"map(alloc: a)",512,64,104,0,0,8096,2,7139.647006989
4,"map(alloc: a)",512,64,104,0,0,8096,3,7122.099399567
4,"map(alloc: a)",512,64,104,0,0,8096,4,7166.552543640
4,"map(alloc: a)",512,64,104,0,0,8096,5,7126.152515411
4,"map(alloc: a)",512,64,104,0,0,8096,6,7244.646549225
4,"map(alloc: a)",512,64,104,0,0,8096,7,7058.143615723
4,"map(alloc: a)",512,64,104,0,0,8096,8,7246.351242065
4,"map(alloc: a)",512,64,104,0,0,8096,9,7251.799106598
4,"map(alloc: a)",512,64,104,0,0,758,0,855.004787445
4,"map(alloc: a)",512,64,104,0,0,758,1,861.060619354
4,"map(alloc: a)",512,64,104,0,0,758,2,870.907306671
4,"map(alloc: a)",512,64,104,0,0,758,3,849.449634552
4,"map(alloc: a)",512,64,104,0,0,758,4,871.801376343
4,"map(alloc: a)",512,64,104,0,0,758,5,860.691070557
4,"map(alloc: a)",512,64,104,0,0,758,6,866.043567657
4,"map(alloc: a)",512,64,104,0,0,758,7,869.405269623
4,"map(alloc: a)",512,64,104,0,0,758,8,868.952274323
4,"map(alloc: a)",512,64,104,0,0,758,9,871.396064758
4,"map(alloc: a)",512,64,104,0,0,71,0,266.051292419
4,"map(alloc: a)",512,64,104,0,0,71,1,266.098976135
4,"map(alloc: a)",512,64,104,0,0,71,2,266.849994659
4,"map(alloc: a)",512,64,104,0,0,71,3,263.345241547
4,"map(alloc: a)",512,64,104,0,0,71,4,264.000892639
4,"map(alloc: a)",512,64,104,0,0,71,5,264.549255371
4,"map(alloc: a)",512,64,104,0,0,71,6,264.000892639
4,"map(alloc: a)",512,64,104,0,0,71,7,263.798236847
4,"map(alloc: a)",512,64,104,0,0,71,8,265.204906464
4,"map(alloc: a)",512,64,104,0,0,71,9,263.702869415
4,"map(alloc: a)",512,64,104,0,0,2,0,198.197364807
4,"map(alloc: a)",512,64,104,0,0,2,1,198.292732239
4,"map(alloc: a)",512,64,104,0,0,2,2,198.400020599
4,"map(alloc: a)",512,64,104,0,0,2,3,198.793411255
4,"map(alloc: a)",512,64,104,0,0,2,4,198.340415955
4,"map(alloc: a)",512,64,104,0,0,2,5,198.197364807
4,"map(alloc: a)",512,64,104,0,0,2,6,198.495388031
4,"map(alloc: a)",512,64,104,0,0,2,7,198.543071747
4,"map(alloc: a)",512,64,104,0,0,2,8,198.948383331
4,"map(alloc: a)",512,64,104,0,0,2,9,198.459625244
4,"map(alloc: a)",512,64,104,0,0,11,0,211.608409882
4,"map(alloc: a)",512,64,104,0,0,11,1,211.644172668
4,"map(alloc: a)",512,64,104,0,0,11,2,211.501121521
4,"map(alloc: a)",512,64,104,0,0,11,3,211.453437805
4,"map(alloc: a)",512,64,104,0,0,11,4,211.060047150
4,"map(alloc: a)",512,64,104,0,0,11,5,211.000442505
4,"map(alloc: a)",512,64,104,0,0,11,6,211.548805237
4,"map(alloc: a)",512,64,104,0,0,11,7,211.155414581
4,"map(alloc: a)",512,64,104,0,0,11,8,211.298465729
4,"map(alloc: a)",512,64,104,0,0,11,9,211.250782013
4,"map(alloc: a)",512,64,104,0,0,28,0,226.700305939
4,"map(alloc: a)",512,64,104,0,0,28,1,226.509571075
4,"map(alloc: a)",512,64,104,0,0,28,2,226.998329163
4,"map(alloc: a)",512,64,104,0,0,28,3,226.497650146
4,"map(alloc: a)",512,64,104,0,0,28,4,227.403640747
4,"map(alloc: a)",512,64,104,0,0,28,5,226.199626923
4,"map(alloc: a)",512,64,104,0,0,28,6,227.046012878
4,"map(alloc: a)",512,64,104,0,0,28,7,227.451324463
4,"map(alloc: a)",512,64,104,0,0,28,8,226.855278015
4,"map(alloc: a)",512,64,104,0,0,28,9,227.403640747
4,"map(alloc: a)",512,64,104,0,0,5042,0,4689.347743988
4,"map(alloc: a)",512,64,104,0,0,5042,1,4600.155353546
4,"map(alloc: a)",512,64,104,0,0,5042,2,4714.000225067
4,"map(alloc: a)",512,64,104,0,0,5042,3,4667.448997498
4,"map(alloc: a)",512,64,104,0,0,5042,4,4592.955112457
4,"map(alloc: a)",512,64,104,0,0,5042,5,4519.641399384
4,"map(alloc: a)",512,64,104,0,0,5042,6,4544.591903687
4,"map(alloc: a)",512,64,104,0,0,5042,7,4549.849033356
4,"map(alloc: a)",512,64,104,0,0,5042,8,4535.901546478
4,"map(alloc: a)",512,64,104,0,0,5042,9,4527.056217194
4,"map(alloc: a)",512,64,104,0,0,1218,0,1264.894008636
4,"map(alloc: a)",512,64,104,0,0,1218,1,1237.106323242
4,"map(alloc: a)",512,64,104,0,0,1218,2,1262.199878693
4,"map(alloc: a)",512,64,104,0,0,1218,3,1265.251636505
4,"map(alloc: a)",512,64,104,0,0,1218,4,1252.257823944
4,"map(alloc: a)",512,64,104,0,0,1218,5,1259.803771973
4,"map(alloc: a)",512,64,104,0,0,1218,6,1274.847984314
4,"map(alloc: a)",512,64,104,0,0,1218,7,1247.799396515
4,"map(alloc: a)",512,64,104,0,0,1218,8,1283.204555511
4,"map(alloc: a)",512,64,104,0,0,1218,9,1262.795925140
4,"map(alloc: a)",512,64,104,0,0,472,0,617.444515228
4,"map(alloc: a)",512,64,104,0,0,472,1,619.304180145
4,"map(alloc: a)",512,64,104,0,0,472,2,619.292259216
4,"map(alloc: a)",512,64,104,0,0,472,3,620.698928833
4,"map(alloc: a)",512,64,104,0,0,472,4,621.449947357
4,"map(alloc: a)",512,64,104,0,0,472,5,605.797767639
4,"map(alloc: a)",512,64,104,0,0,472,6,612.545013428
4,"map(alloc: a)",512,64,104,0,0,472,7,603.151321411
4,"map(alloc: a)",512,64,104,0,0,472,8,610.446929932
4,"map(alloc: a)",512,64,104,0,0,472,9,610.852241516
4,"map(alloc: a)",1024,64,104,0,0,7,0,202.596187592
4,"map(alloc: a)",1024,64,104,0,0,7,1,203.299522400
4,"map(alloc: a)",1024,64,104,0,0,7,2,203.502178192
4,"map(alloc: a)",1024,64,104,0,0,7,3,202.906131744
4,"map(alloc: a)",1024,64,104,0,0,7,4,203.394889832
4,"map(alloc: a)",1024,64,104,0,0,7,5,202.751159668
4,"map(alloc: a)",1024,64,104,0,0,7,6,202.906131744
4,"map(alloc: a)",1024,64,104,0,0,7,7,203.156471252
4,"map(alloc: a)",1024,64,104,0,0,7,8,203.204154968
4,"map(alloc: a)",1024,64,104,0,0,7,9,203.299522400
4,"map(alloc: a)",1024,64,104,0,0,114,0,304.102897644
4,"map(alloc: a)",1024,64,104,0,0,114,1,303.494930267
4,"map(alloc: a)",1024,64,104,0,0,114,2,305.092334747
4,"map(alloc: a)",1024,64,104,0,0,114,3,299.549102783
4,"map(alloc: a)",1024,64,104,0,0,114,4,301.051139832
4,"map(alloc: a)",1024,64,104,0,0,114,5,301.456451416
4,"map(alloc: a)",1024,64,104,0,0,114,6,300.693511963
4,"map(alloc: a)",1024,64,104,0,0,114,7,301.146507263
4,"map(alloc: a)",1024,64,104,0,0,114,8,302.100181580
4,"map(alloc: a)",1024,64,104,0,0,114,9,300.097465515
4,"map(alloc: a)",1024,64,104,0,0,3,0,199.556350708
4,"map(alloc: a)",1024,64,104,0,0,3,1,199.198722839
4,"map(alloc: a)",1024,64,104,0,0,3,2,199.353694916
4,"map(alloc: a)",1024,64,104,0,0,3,3,199.401378632
4,"map(alloc: a)",1024,64,104,0,0,3,4,199.103355408
4,"map(alloc: a)",1024,64,104,0,0,3,5,199.258327484
4,"map(alloc: a)",1024,64,104,0,0,3,6,199.401378632
4,"map(alloc: a)",1024,64,104,0,0,3,7,199.449062347
4,"map(alloc: a)",1024,64,104,0,0,3,8,199.604034424
4,"map(alloc: a)",1024,64,104,0,0,3,9,199.401378632
4,"map(alloc: a)",1024,64,104,0,0,17,0,218.403339386
4,"map(alloc: a)",1024,64,104,0,0,17,1,218.296051025
4,"map(alloc: a)",1024,64,104,0,0,17,2,218.200683594
4,"map(alloc: a)",1024,64,104,0,0,17,3,217.998027802
4,"map(alloc: a)",1024,64,104,0,0,17,4,217.592716217
4,"map(alloc: a)",1024,64,104,0,0,17,5,217.509269714
4,"map(alloc: a)",1024,64,104,0,0,17,6,218.260288239
4,"map(alloc: a)",1024,64,104,0,0,17,7,217.449665070
4,"map(alloc: a)",1024,64,104,0,0,17,8,217.497348785
4,"map(alloc: a)",1024,64,104,0,0,17,9,217.843055725
4,"map(alloc: a)",1024,64,104,0,0,1,0,198.698043823
4,"map(alloc: a)",1024,64,104,0,0,1,1,198.447704315
4,"map(alloc: a)",1024,64,104,0,0,1,2,198.590755463
4,"map(alloc: a)",1024,64,104,0,0,1,3,198.400020599
4,"map(alloc: a)",1024,64,104,0,0,1,4,198.543071747
4,"map(alloc: a)",1024,64,104,0,0,1,5,198.602676392
4,"map(alloc: a)",1024,64,104,0,0,1,6,198.745727539
4,"map(alloc: a)",1024,64,104,0,0,1,7,198.698043823
4,"map(alloc: a)",1024,64,104,0,0,1,8,198.650360107
4,"map(alloc: a)",1024,64,104,0,0,1,9,198.709964752
4,"map(alloc: a)",1024,64,104,0,0,44,0,242.745876312
4,"map(alloc: a)",1024,64,104,0,0,44,1,242.054462433
4,"map(alloc: a)",1024,64,104,0,0,44,2,242.996215820
4,"map(alloc: a)",1024,64,104,0,0,44,3,242.447853088
4,"map(alloc: a)",1024,64,104,0,0,44,4,241.649150848
4,"map(alloc: a)",1024,64,104,0,0,44,5,241.053104401
4,"map(alloc: a)",1024,64,104,0,0,44,6,241.255760193
4,"map(alloc: a)",1024,64,104,0,0,44,7,241.446495056
4,"map(alloc: a)",1024,64,104,0,0,44,8,241.053104401
4,"map(alloc: a)",1024,64,104,0,0,44,9,241.053104401
4,"map(alloc: a)",1024,64,104,0,0,294,0,460.302829742
4,"map(alloc: a)",1024,64,104,0,0,294,1,453.400611877
4,"map(alloc: a)",1024,64,104,0,0,294,2,459.492206573
4,"map(alloc: a)",1024,64,104,0,0,294,3,460.004806519
4,"map(alloc: a)",1024,64,104,0,0,294,4,457.155704498
4,"map(alloc: a)",1024,64,104,0,0,294,5,458.741188049
4,"map(alloc: a)",1024,64,104,0,0,294,6,462.591648102
4,"map(alloc: a)",1024,64,104,0,0,294,7,455.343723297
4,"map(alloc: a)",1024,64,104,0,0,294,8,463.950634003
4,"map(alloc: a)",1024,64,104,0,0,294,9,459.504127502
4,"map(alloc: a)",1024,64,104,0,0,3140,0,2967.345714569
4,"map(alloc: a)",1024,64,104,0,0,3140,1,2970.445156097
4,"map(alloc: a)",1024,64,104,0,0,3140,2,2985.250949860
4,"map(alloc: a)",1024,64,104,0,0,3140,3,2981.448173523
4,"map(alloc: a)",1024,64,104,0,0,3140,4,2992.594242096
4,"map(alloc: a)",1024,64,104,0,0,3140,5,2888.894081116
4,"map(alloc: a)",1024,64,104,0,0,3140,6,2931.845188141
4,"map(alloc: a)",1024,64,104,0,0,3140,7,2869.343757629
4,"map(alloc: a)",1024,64,104,0,0,3140,8,2919.197082520
4,"map(alloc: a)",1024,64,104,0,0,3140,9,2914.404869080
4,"map(alloc: a)",1024,64,104,0,0,4,0,201.606750488
4,"map(alloc: a)",1024,64,104,0,0,4,1,201.046466827
4,"map(alloc: a)",1024,64,104,0,0,4,2,201.308727264
4,"map(alloc: a)",1024,64,104,0,0,4,3,201.106071472
4,"map(alloc: a)",1024,64,104,0,0,4,4,201.249122620
4,"map(alloc: a)",1024,64,104,0,0,4,5,201.249122620
4,"map(alloc: a)",1024,64,104,0,0,4,6,201.201438904
4,"map(alloc: a)",1024,64,104,0,0,4,7,201.594829559
4,"map(alloc: a)",1024,64,104,0,0,4,8,201.296806335
4,"map(alloc: a)",1024,64,104,0,0,4,9,200.951099396
4,"map(alloc: a)",1024,64,104,0,0,1955,0,1923.251152039
4,"map(alloc: a)",1024,64,104,0,0,1955,1,1911.389827728
4,"map(alloc: a)",1024,64,104,0,0,1955,2,1950.407028198
4,"map(alloc: a)",1024,64,104,0,0,1955,3,1908.457279205
4,"map(alloc: a)",1024,64,104,0,0,1955,4,1938.700675964
4,"map(alloc: a)",1024,64,104,0,0,1955,5,1945.400238037
4,"map(alloc: a)",1024,64,104,0,0,1955,6,1865.601539612
4,"map(alloc: a)",1024,64,104,0,0,1955,7,1876.306533813
4,"map(alloc: a)",1024,64,104,0,0,1955,8,1902.401447296
4,"map(alloc: a)",1024,64,104,0,0,1955,9,1860.547065735
4,"map(alloc: a)",1024,64,104,0,0,183,0,362.098217010
4,"map(alloc: a)",1024,64,104,0,0,183,1,359.404087067
4,"map(alloc: a)",1024,64,104,0,0,183,2,361.347198486
4,"map(alloc: a)",1024,64,104,0,0,183,3,361.442565918
4,"map(alloc: a)",1024,64,104,0,0,183,4,361.549854279
4,"map(alloc: a)",1024,64,104,0,0,183,5,362.300872803
4,"map(alloc: a)",1024,64,104,0,0,183,6,362.956523895
4,"map(alloc: a)",1024,64,104,0,0,183,7,360.190868378
4,"map(alloc: a)",1024,64,104,0,0,183,8,365.197658539
4,"map(alloc: a)",1024,64,104,0,0,183,9,360.751152039
4,"map(alloc: a)",1024,64,104,0,0,8096,0,7343.447208405
4,"map(alloc: a)",1024,64,104,0,0,8096,1,7350.003719330
4,"map(alloc: a)",1024,64,104,0,0,8096,2,7283.699512482
4,"map(alloc: a)",1024,64,104,0,0,8096,3,7330.906391144
4,"map(alloc: a)",1024,64,104,0,0,8096,4,7426.249980927
4,"map(alloc: a)",1024,64,104,0,0,8096,5,7266.855239868
4,"map(alloc: a)",1024,64,104,0,0,8096,6,7420.897483826
4,"map(alloc: a)",1024,64,104,0,0,8096,7,7115.745544434
4,"map(alloc: a)",1024,64,104,0,0,8096,8,7126.748561859
4,"map(alloc: a)",1024,64,104,0,0,8096,9,7155.454158783
4,"map(alloc: a)",1024,64,104,0,0,758,0,853.240489960
4,"map(alloc: a)",1024,64,104,0,0,758,1,853.800773621
4,"map(alloc: a)",1024,64,104,0,0,758,2,854.802131653
4,"map(alloc: a)",1024,64,104,0,0,758,3,854.158401489
4,"map(alloc: a)",1024,64,104,0,0,758,4,867.247581482
4,"map(alloc: a)",1024,64,104,0,0,758,5,850.296020508
4,"map(alloc: a)",1024,64,104,0,0,758,6,864.505767822
4,"map(alloc: a)",1024,64,104,0,0,758,7,866.246223450
4,"map(alloc: a)",1024,64,104,0,0,758,8,854.396820068
4,"map(alloc: a)",1024,64,104,0,0,758,9,864.541530609
4,"map(alloc: a)",1024,64,104,0,0,71,0,266.706943512
4,"map(alloc: a)",1024,64,104,0,0,71,1,264.549255371
4,"map(alloc: a)",1024,64,104,0,0,71,2,266.742706299
4,"map(alloc: a)",1024,64,104,0,0,71,3,265.395641327
4,"map(alloc: a)",1024,64,104,0,0,71,4,266.194343567
4,"map(alloc: a)",1024,64,104,0,0,71,5,266.301631927
4,"map(alloc: a)",1024,64,104,0,0,71,6,266.349315643
4,"map(alloc: a)",1024,64,104,0,0,71,7,265.395641327
4,"map(alloc: a)",1024,64,104,0,0,71,8,264.108181000
4,"map(alloc: a)",1024,64,104,0,0,71,9,263.893604279
4,"map(alloc: a)",1024,64,104,0,0,2,0,198.650360107
4,"map(alloc: a)",1024,64,104,0,0,2,1,198.256969452
4,"map(alloc: a)",1024,64,104,0,0,2,2,198.352336884
4,"map(alloc: a)",1024,64,104,0,0,2,3,198.459625244
4,"map(alloc: a)",1024,64,104,0,0,2,4,198.495388031
4,"map(alloc: a)",1024,64,104,0,0,2,5,198.853015900
4,"map(alloc: a)",1024,64,104,0,0,2,6,198.698043823
4,"map(alloc: a)",1024,64,104,0,0,2,7,198.340415955
4,"map(alloc: a)",1024,64,104,0,0,2,8,198.698043823
4,"map(alloc: a)",1024,64,104,0,0,2,9,198.841094971
4,"map(alloc: a)",1024,64,104,0,0,11,0,211.799144745
4,"map(alloc: a)",1024,64,104,0,0,11,1,211.846828461
4,"map(alloc: a)",1024,64,104,0,0,11,2,211.703777313
4,"map(alloc: a)",1024,64,104,0,0,11,3,211.799144745
4,"map(alloc: a)",1024,64,104,0,0,11,4,211.596488953
4,"map(alloc: a)",1024,64,104,0,0,11,5,211.799144745
4,"map(alloc: a)",1024,64,104,0,0,11,6,212.001800537
4,"map(alloc: a)",1024,64,104,0,0,11,7,211.310386658
4,"map(alloc: a)",1024,64,104,0,0,11,8,211.298465729
4,"map(alloc: a)",1024,64,104,0,0,11,9,211.191177368
4,"map(alloc: a)",1024,64,104,0,0,28,0,226.652622223
4,"map(alloc: a)",1024,64,104,0,0,28,1,226.247310638
4,"map(alloc: a)",1024,64,104,0,0,28,2,227.105617523
4,"map(alloc: a)",1024,64,104,0,0,28,3,225.901603699
4,"map(alloc: a)",1024,64,104,0,0,28,4,226.700305939
4,"map(alloc: a)",1024,64,104,0,0,28,5,226.497650146
4,"map(alloc: a)",1024,64,104,0,0,28,6,227.105617523
4,"map(alloc: a)",1024,64,104,0,0,28,7,226.950645447
4,"map(alloc: a)",1024,64,104,0,0,28,8,226.700305939
4,"map(alloc: a)",1024,64,104,0,0,28,9,227.308273315
4,"map(alloc: a)",1024,64,104,0,0,5042,0,4598.605632782
4,"map(alloc: a)",1024,64,104,0,0,5042,1,4568.457603455
4,"map(alloc: a)",1024,64,104,0,0,5042,2,4678.642749786
4,"map(alloc: a)",1024,64,104,0,0,5042,3,4569.458961487
4,"map(alloc: a)",1024,64,104,0,0,5042,4,4673.945903778
4,"map(alloc: a)",1024,64,104,0,0,5042,5,4667.353630066
4,"map(alloc: a)",1024,64,104,0,0,5042,6,4632.043838501
4,"map(alloc: a)",1024,64,104,0,0,5042,7,4667.854309082
4,"map(alloc: a)",1024,64,104,0,0,5042,8,4728.305339813
4,"map(alloc: a)",1024,64,104,0,0,5042,9,4502.403736115
4,"map(alloc: a)",1024,64,104,0,0,1218,0,1256.000995636
4,"map(alloc: a)",1024,64,104,0,0,1218,1,1242.303848267
4,"map(alloc: a)",1024,64,104,0,0,1218,2,1249.694824219
4,"map(alloc: a)",1024,64,104,0,0,1218,3,1246.798038483
4,"map(alloc: a)",1024,64,104,0,0,1218,4,1247.394084930
4,"map(alloc: a)",1024,64,104,0,0,1218,5,1253.497600555
4,"map(alloc: a)",1024,64,104,0,0,1218,6,1253.199577332
4,"map(alloc: a)",1024,64,104,0,0,1218,7,1249.897480011
4,"map(alloc: a)",1024,64,104,0,0,1218,8,1272.559165955
4,"map(alloc: a)",1024,64,104,0,0,1218,9,1248.097419739
4,"map(alloc: a)",1024,64,104,0,0,472,0,614.202022552
4,"map(alloc: a)",1024,64,104,0,0,472,1,616.347789764
4,"map(alloc: a)",1024,64,104,0,0,472,2,611.090660095
4,"map(alloc: a)",1024,64,104,0,0,472,3,616.800785065
4,"map(alloc: a)",1024,64,104,0,0,472,4,622.296333313
4,"map(alloc: a)",1024,64,104,0,0,472,5,610.148906708
4,"map(alloc: a)",1024,64,104,0,0,472,6,623.703002930
4,"map(alloc: a)",1024,64,104,0,0,472,7,618.004798889
4,"map(alloc: a)",1024,64,104,0,0,472,8,619.649887085
4,"map(alloc: a)",1024,64,104,0,0,472,9,621.700286865
4,"map(alloc: a)",2048,64,104,0,0,7,0,202.298164368
4,"map(alloc: a)",2048,64,104,0,0,7,1,202.906131744
4,"map(alloc: a)",2048,64,104,0,0,7,2,202.798843384
4,"map(alloc: a)",2048,64,104,0,0,7,3,202.846527100
4,"map(alloc: a)",2048,64,104,0,0,7,4,203.001499176
4,"map(alloc: a)",2048,64,104,0,0,7,5,202.655792236
4,"map(alloc: a)",2048,64,104,0,0,7,6,202.894210815
4,"map(alloc: a)",2048,64,104,0,0,7,7,203.049182892
4,"map(alloc: a)",2048,64,104,0,0,7,8,202.751159668
4,"map(alloc: a)",2048,64,104,0,0,7,9,203.502178192
4,"map(alloc: a)",2048,64,104,0,0,114,0,304.853916168
4,"map(alloc: a)",2048,64,104,0,0,114,1,301.694869995
4,"map(alloc: a)",2048,64,104,0,0,114,2,305.294990540
4,"map(alloc: a)",2048,64,104,0,0,114,3,302.839279175
4,"map(alloc: a)",2048,64,104,0,0,114,4,304.245948792
4,"map(alloc: a)",2048,64,104,0,0,114,5,304.758548737
4,"map(alloc: a)",2048,64,104,0,0,114,6,304.543972015
4,"map(alloc: a)",2048,64,104,0,0,114,7,303.351879120
4,"map(alloc: a)",2048,64,104,0,0,114,8,301.253795624
4,"map(alloc: a)",2048,64,104,0,0,114,9,300.395488739
4,"map(alloc: a)",2048,64,104,0,0,3,0,199.556350708
4,"map(alloc: a)",2048,64,104,0,0,3,1,199.091434479
4,"map(alloc: a)",2048,64,104,0,0,3,2,199.306011200
4,"map(alloc: a)",2048,64,104,0,0,3,3,199.401378632
4,"map(alloc: a)",2048,64,104,0,0,3,4,199.544429779
4,"map(alloc: a)",2048,64,104,0,0,3,5,199.449062347
4,"map(alloc: a)",2048,64,104,0,0,3,6,199.604034424
4,"map(alloc: a)",2048,64,104,0,0,3,7,199.246406555
4,"map(alloc: a)",2048,64,104,0,0,3,8,199.639797211
4,"map(alloc: a)",2048,64,104,0,0,3,9,199.496746063
4,"map(alloc: a)",2048,64,104,0,0,17,0,217.950344086
4,"map(alloc: a)",2048,64,104,0,0,17,1,218.403339386
4,"map(alloc: a)",2048,64,104,0,0,17,2,218.343734741
4,"map(alloc: a)",2048,64,104,0,0,17,3,218.200683594
4,"map(alloc: a)",2048,64,104,0,0,17,4,218.558311462
4,"map(alloc: a)",2048,64,104,0,0,17,5,218.796730042
4,"map(alloc: a)",2048,64,104,0,0,17,6,218.856334686
4,"map(alloc: a)",2048,64,104,0,0,17,7,218.200683594
4,"map(alloc: a)",2048,64,104,0,0,17,8,217.950344086
4,"map(alloc: a)",2048,64,104,0,0,17,9,217.950344086
4,"map(alloc: a)",2048,64,104,0,0,1,0,198.543071747
4,"map(alloc: a)",2048,64,104,0,0,1,1,198.400020599
4,"map(alloc: a)",2048,64,104,0,0,1,2,198.590755463
4,"map(alloc: a)",2048,64,104,0,0,1,3,198.400020599
4,"map(alloc: a)",2048,64,104,0,0,1,4,198.554992676
4,"map(alloc: a)",2048,64,104,0,0,1,5,198.805332184
4,"map(alloc: a)",2048,64,104,0,0,1,6,198.495388031
4,"map(alloc: a)",2048,64,104,0,0,1,7,198.495388031
4,"map(alloc: a)",2048,64,104,0,0,1,8,198.853015900
4,"map(alloc: a)",2048,64,104,0,0,1,9,198.745727539
4,"map(alloc: a)",2048,64,104,0,0,44,0,241.851806641
4,"map(alloc: a)",2048,64,104,0,0,44,1,241.351127625
4,"map(alloc: a)",2048,64,104,0,0,44,2,242.257118225
4,"map(alloc: a)",2048,64,104,0,0,44,3,241.506099701
4,"map(alloc: a)",2048,64,104,0,0,44,4,242.507457733
4,"map(alloc: a)",2048,64,104,0,0,44,5,242.602825165
4,"map(alloc: a)",2048,64,104,0,0,44,6,242.352485657
4,"map(alloc: a)",2048,64,104,0,0,44,7,242.352485657
4,"map(alloc: a)",2048,64,104,0,0,44,8,242.495536804
4,"map(alloc: a)",2048,64,104,0,0,44,9,240.850448608
4,"map(alloc: a)",2048,64,104,0,0,294,0,457.346439362
4,"map(alloc: a)",2048,64,104,0,0,294,1,454.497337341
4,"map(alloc: a)",2048,64,104,0,0,294,2,456.047058105
4,"map(alloc: a)",2048,64,104,0,0,294,3,455.844402313
4,"map(alloc: a)",2048,64,104,0,0,294,4,455.451011658
4,"map(alloc: a)",2048,64,104,0,0,294,5,457.048416138
4,"map(alloc: a)",2048,64,104,0,0,294,6,457.251071930
4,"map(alloc: a)",2048,64,104,0,0,294,7,456.142425537
4,"map(alloc: a)",2048,64,104,0,0,294,8,461.840629578
4,"map(alloc: a)",2048,64,104,0,0,294,9,455.451011658
4,"map(alloc: a)",2048,64,104,0,0,3140,0,2948.498725891
4,"map(alloc: a)",2048,64,104,0,0,3140,1,2953.600883484
4,"map(alloc: a)",2048,64,104,0,0,3140,2,2931.249141693
4,"map(alloc: a)",2048,64,104,0,0,3140,3,2958.250045776
4,"map(alloc: a)",2048,64,104,0,0,3140,4,2996.003627777
4,"map(alloc: a)",2048,64,104,0,0,3140,5,2921.104431152
4,"map(alloc: a)",2048,64,104,0,0,3140,6,3002.905845642
4,"map(alloc: a)",2048,64,104,0,0,3140,7,2966.248989105
4,"map(alloc: a)",2048,64,104,0,0,3140,8,2979.850769043
4,"map(alloc: a)",2048,64,104,0,0,3140,9,2993.202209473
4,"map(alloc: a)",2048,64,104,0,0,4,0,203.204154968
4,"map(alloc: a)",2048,64,104,0,0,4,1,200.843811035
4,"map(alloc: a)",2048,64,104,0,0,4,2,200.998783112
4,"map(alloc: a)",2048,64,104,0,0,4,3,200.998783112
4,"map(alloc: a)",2048,64,104,0,0,4,4,200.855731964
4,"map(alloc: a)",2048,64,104,0,0,4,5,200.796127319
4,"map(alloc: a)",2048,64,104,0,0,4,6,201.094150543
4,"map(alloc: a)",2048,64,104,0,0,4,7,201.058387756
4,"map(alloc: a)",2048,64,104,0,0,4,8,201.153755188
4,"map(alloc: a)",2048,64,104,0,0,4,9,200.998783112
4,"map(alloc: a)",2048,64,104,0,0,1955,0,1925.742626190
4,"map(alloc: a)",2048,64,104,0,0,1955,1,1874.208450317
4,"map(alloc: a)",2048,64,104,0,0,1955,2,1929.748058319
4,"map(alloc: a)",2048,64,104,0,0,1955,3,1902.496814728
4,"map(alloc: a)",2048,64,104,0,0,1955,4,1915.049552917
4,"map(alloc: a)",2048,64,104,0,0,1955,5,1922.357082367
4,"map(alloc: a)",2048,64,104,0,0,1955,6,1921.606063843
4,"map(alloc: a)",2048,64,104,0,0,1955,7,1921.904087067
4,"map(alloc: a)",2048,64,104,0,0,1955,8,1931.095123291
4,"map(alloc: a)",2048,64,104,0,0,1955,9,1925.802230835
4,"map(alloc: a)",2048,64,104,0,0,183,0,367.403030396
4,"map(alloc: a)",2048,64,104,0,0,183,1,357.794761658
4,"map(alloc: a)",2048,64,104,0,0,183,2,360.906124115
4,"map(alloc: a)",2048,64,104,0,0,183,3,361.549854279
4,"map(alloc: a)",2048,64,104,0,0,183,4,359.249114990
4,"map(alloc: a)",2048,64,104,0,0,183,5,360.453128815
4,"map(alloc: a)",2048,64,104,0,0,183,6,362.801551819
4,"map(alloc: a)",2048,64,104,0,0,183,7,359.046459198
4,"map(alloc: a)",2048,64,104,0,0,183,8,363.695621490
4,"map(alloc: a)",2048,64,104,0,0,183,9,360.906124115
4,"map(alloc: a)",2048,64,104,0,0,8096,0,7250.797748566
4,"map(alloc: a)",2048,64,104,0,0,8096,1,7252.252101898
4,"map(alloc: a)",2048,64,104,0,0,8096,2,7259.154319763
4,"map(alloc: a)",2048,64,104,0,0,8096,3,7267.999649048
4,"map(alloc: a)",2048,64,104,0,0,8096,4,7283.997535706
4,"map(alloc: a)",2048,64,104,0,0,8096,5,7236.945629120
4,"map(alloc: a)",2048,64,104,0,0,8096,6,7409.608364105
4,"map(alloc: a)",2048,64,104,0,0,8096,7,7243.096828461
4,"map(alloc: a)",2048,64,104,0,0,8096,8,7373.154163361
4,"map(alloc: a)",2048,64,104,0,0,8096,9,7387.900352478
4,"map(alloc: a)",2048,64,104,0,0,758,0,868.141651154
4,"map(alloc: a)",2048,64,104,0,0,758,1,865.006446838
4,"map(alloc: a)",2048,64,104,0,0,758,2,857.603549957
4,"map(alloc: a)",2048,64,104,0,0,758,3,841.009616852
4,"map(alloc: a)",2048,64,104,0,0,758,4,861.251354218
4,"map(alloc: a)",2048,64,104,0,0,758,5,851.249694824
4,"map(alloc: a)",2048,64,104,0,0,758,6,853.157043457
4,"map(alloc: a)",2048,64,104,0,0,758,7,855.946540833
4,"map(alloc: a)",2048,64,104,0,0,758,8,857.400894165
4,"map(alloc: a)",2048,64,104,0,0,758,9,859.510898590
4,"map(alloc: a)",2048,64,104,0,0,71,0,265.240669250
4,"map(alloc: a)",2048,64,104,0,0,71,1,264.906883240
4,"map(alloc: a)",2048,64,104,0,0,71,2,266.206264496
4,"map(alloc: a)",2048,64,104,0,0,71,3,263.941287994
4,"map(alloc: a)",2048,64,104,0,0,71,4,265.657901764
4,"map(alloc: a)",2048,64,104,0,0,71,5,265.800952911
4,"map(alloc: a)",2048,64,104,0,0,71,6,265.157222748
4,"map(alloc: a)",2048,64,104,0,0,71,7,266.301631927
4,"map(alloc: a)",2048,64,104,0,0,71,8,266.849994659
4,"map(alloc: a)",2048,64,104,0,0,71,9,265.252590179
4,"map(alloc: a)",2048,64,104,0,0,2,0,198.805332184
4,"map(alloc: a)",2048,64,104,0,0,2,1,198.447704315
4,"map(alloc: a)",2048,64,104,0,0,2,2,198.352336884
4,"map(alloc: a)",2048,64,104,0,0,2,3,198.400020599
4,"map(alloc: a)",2048,64,104,0,0,2,4,198.304653168
4,"map(alloc: a)",2048,64,104,0,0,2,5,198.304653168
4,"map(alloc: a)",2048,64,104,0,0,2,6,198.650360107
4,"map(alloc: a)",2048,64,104,0,0,2,7,198.256969452
4,"map(alloc: a)",2048,64,104,0,0,2,8,198.459625244
4,"map(alloc: a)",2048,64,104,0,0,2,9,198.256969452
4,"map(alloc: a)",2048,64,104,0,0,11,0,211.203098297
4,"map(alloc: a)",2048,64,104,0,0,11,1,211.048126221
4,"map(alloc: a)",2048,64,104,0,0,11,2,211.596488953
4,"map(alloc: a)",2048,64,104,0,0,11,3,211.203098297
4,"map(alloc: a)",2048,64,104,0,0,11,4,211.548805237
4,"map(alloc: a)",2048,64,104,0,0,11,5,211.358070374
4,"map(alloc: a)",2048,64,104,0,0,11,6,211.703777313
4,"map(alloc: a)",2048,64,104,0,0,11,7,211.644172668
4,"map(alloc: a)",2048,64,104,0,0,11,8,211.644172668
4,"map(alloc: a)",2048,64,104,0,0,11,9,211.656093597
4,"map(alloc: a)",2048,64,104,0,0,28,0,227.296352386
4,"map(alloc: a)",2048,64,104,0,0,28,1,227.355957031
4,"map(alloc: a)",2048,64,104,0,0,28,2,227.594375610
4,"map(alloc: a)",2048,64,104,0,0,28,3,226.402282715
4,"map(alloc: a)",2048,64,104,0,0,28,4,226.700305939
4,"map(alloc: a)",2048,64,104,0,0,28,5,226.402282715
4,"map(alloc: a)",2048,64,104,0,0,28,6,226.950645447
4,"map(alloc: a)",2048,64,104,0,0,28,7,226.593017578
4,"map(alloc: a)",2048,64,104,0,0,28,8,226.247310638
4,"map(alloc: a)",2048,64,104,0,0,28,9,226.700305939
4,"map(alloc: a)",2048,64,104,0,0,5042,0,4627.096652985
4,"map(alloc: a)",2048,64,104,0,0,5042,1,4525.339603424
4,"map(alloc: a)",2048,64,104,0,0,5042,2,4620.897769928
4,"map(alloc: a)",2048,64,104,0,0,5042,3,4571.092128754
4,"map(alloc: a)",2048,64,104,0,0,5042,4,4599.297046661
4,"map(alloc: a)",2048,64,104,0,0,5042,5,4594.802856445
4,"map(alloc: a)",2048,64,104,0,0,5042,6,4618.191719055
4,"map(alloc: a)",2048,64,104,0,0,5042,7,4623.150825500
4,"map(alloc: a)",2048,64,104,0,0,5042,8,4636.609554291
4,"map(alloc: a)",2048,64,104,0,0,5042,9,4607.951641083
4,"map(alloc: a)",2048,64,104,0,0,1218,0,1287.841796875
4,"map(alloc: a)",2048,64,104,0,0,1218,1,1263.546943665
4,"map(alloc: a)",2048,64,104,0,0,1218,2,1285.195350647
4,"map(alloc: a)",2048,64,104,0,0,1218,3,1289.045810699
4,"map(alloc: a)",2048,64,104,0,0,1218,4,1234.102249146
4,"map(alloc: a)",2048,64,104,0,0,1218,5,1245.093345642
4,"map(alloc: a)",2048,64,104,0,0,1218,6,1257.443428040
4,"map(alloc: a)",2048,64,104,0,0,1218,7,1236.152648926
4,"map(alloc: a)",2048,64,104,0,0,1218,8,1259.350776672
4,"map(alloc: a)",2048,64,104,0,0,1218,9,1243.793964386
4,"map(alloc: a)",2048,64,104,0,0,472,0,610.244274139
4,"map(alloc: a)",2048,64,104,0,0,472,1,611.245632172
4,"map(alloc: a)",2048,64,104,0,0,472,2,611.507892609
4,"map(alloc: a)",2048,64,104,0,0,472,3,612.747669220
4,"map(alloc: a)",2048,64,104,0,0,472,4,614.905357361
4,"map(alloc: a)",2048,64,104,0,0,472,5,609.040260315
4,"map(alloc: a)",2048,64,104,0,0,472,6,620.353221893
4,"map(alloc: a)",2048,64,104,0,0,472,7,609.552860260
4,"map(alloc: a)",2048,64,104,0,0,472,8,617.992877960
4,"map(alloc: a)",2048,64,104,0,0,472,9,620.138645172
4,"map(alloc: a)",4096,64,104,0,0,7,0,203.049182892
4,"map(alloc: a)",4096,64,104,0,0,7,1,203.394889832
4,"map(alloc: a)",4096,64,104,0,0,7,2,203.001499176
4,"map(alloc: a)",4096,64,104,0,0,7,3,202.798843384
4,"map(alloc: a)",4096,64,104,0,0,7,4,203.001499176
4,"map(alloc: a)",4096,64,104,0,0,7,5,202.846527100
4,"map(alloc: a)",4096,64,104,0,0,7,6,203.049182892
4,"map(alloc: a)",4096,64,104,0,0,7,7,202.810764313
4,"map(alloc: a)",4096,64,104,0,0,7,8,203.204154968
4,"map(alloc: a)",4096,64,104,0,0,7,9,203.049182892
4,"map(alloc: a)",4096,64,104,0,0,114,0,302.243232727
4,"map(alloc: a)",4096,64,104,0,0,114,1,302.100181580
4,"map(alloc: a)",4096,64,104,0,0,114,2,303.995609283
4,"map(alloc: a)",4096,64,104,0,0,114,3,301.456451416
4,"map(alloc: a)",4096,64,104,0,0,114,4,303.351879120
4,"map(alloc: a)",4096,64,104,0,0,114,5,303.804874420
4,"map(alloc: a)",4096,64,104,0,0,114,6,302.350521088
4,"map(alloc: a)",4096,64,104,0,0,114,7,303.709506989
4,"map(alloc: a)",4096,64,104,0,0,114,8,304.758548737
4,"map(alloc: a)",4096,64,104,0,0,114,9,302.398204803
4,"map(alloc: a)",4096,64,104,0,0,3,0,199.556350708
4,"map(alloc: a)",4096,64,104,0,0,3,1,199.151039124
4,"map(alloc: a)",4096,64,104,0,0,3,2,199.401378632
4,"map(alloc: a)",4096,64,104,0,0,3,3,199.055671692
4,"map(alloc: a)",4096,64,104,0,0,3,4,199.306011200
4,"map(alloc: a)",4096,64,104,0,0,3,5,199.151039124
4,"map(alloc: a)",4096,64,104,0,0,3,6,199.449062347
4,"map(alloc: a)",4096,64,104,0,0,3,7,199.103355408
4,"map(alloc: a)",4096,64,104,0,0,3,8,199.151039124
4,"map(alloc: a)",4096,64,104,0,0,3,9,199.198722839
4,"map(alloc: a)",4096,64,104,0,0,17,0,217.795372009
4,"map(alloc: a)",4096,64,104,0,0,17,1,218.141078949
4,"map(alloc: a)",4096,64,104,0,0,17,2,217.807292938
4,"map(alloc: a)",4096,64,104,0,0,17,3,217.902660370
4,"map(alloc: a)",4096,64,104,0,0,17,4,218.152999878
4,"map(alloc: a)",4096,64,104,0,0,17,5,217.604637146
4,"map(alloc: a)",4096,64,104,0,0,17,6,218.248367310
4,"map(alloc: a)",4096,64,104,0,0,17,7,218.152999878
4,"map(alloc: a)",4096,64,104,0,0,17,8,217.902660370
4,"map(alloc: a)",4096,64,104,0,0,17,9,218.105316162
4,"map(alloc: a)",4096,64,104,0,0,1,0,198.650360107
4,"map(alloc: a)",4096,64,104,0,0,1,1,198.602676392
4,"map(alloc: a)",4096,64,104,0,0,1,2,198.554992676
4,"map(alloc: a)",4096,64,104,0,0,1,3,198.304653168
4,"map(alloc: a)",4096,64,104,0,0,1,4,198.149681091
4,"map(alloc: a)",4096,64,104,0,0,1,5,198.543071747
4,"map(alloc: a)",4096,64,104,0,0,1,6,198.554992676
4,"map(alloc: a)",4096,64,104,0,0,1,7,198.400020599
4,"map(alloc: a)",4096,64,104,0,0,1,8,198.209285736
4,"map(alloc: a)",4096,64,104,0,0,1,9,198.245048523
4,"map(alloc: a)",4096,64,104,0,0,44,0,241.899490356
4,"map(alloc: a)",4096,64,104,0,0,44,1,241.196155548
4,"map(alloc: a)",4096,64,104,0,0,44,2,241.839885712
4,"map(alloc: a)",4096,64,104,0,0,44,3,241.148471832
4,"map(alloc: a)",4096,64,104,0,0,44,4,241.351127625
4,"map(alloc: a)",4096,64,104,0,0,44,5,241.708755493
4,"map(alloc: a)",4096,64,104,0,0,44,6,242.102146149
4,"map(alloc: a)",4096,64,104,0,0,44,7,242.054462433
4,"map(alloc: a)",4096,64,104,0,0,44,8,242.245197296
4,"map(alloc: a)",4096,64,104,0,0,44,9,241.601467133
4,"map(alloc: a)",4096,64,104,0,0,294,0,465.691089630
4,"map(alloc: a)",4096,64,104,0,0,294,1,459.909439087
4,"map(alloc: a)",4096,64,104,0,0,294,2,465.106964111
4,"map(alloc: a)",4096,64,104,0,0,294,3,466.001033783
4,"map(alloc: a)",4096,64,104,0,0,294,4,452.649593353
4,"map(alloc: a)",4096,64,104,0,0,294,5,455.343723297
4,"map(alloc: a)",4096,64,104,0,0,294,6,458.252429962
4,"map(alloc: a)",4096,64,104,0,0,294,7,452.947616577
4,"map(alloc: a)",4096,64,104,0,0,294,8,458.598136902
4,"map(alloc: a)",4096,64,104,0,0,294,9,454.699993134
4,"map(alloc: a)",4096,64,104,0,0,3140,0,2923.405170441
4,"map(alloc: a)",4096,64,104,0,0,3140,1,2918.303012848
4,"map(alloc: a)",4096,64,104,0,0,3140,2,2936.244010925
4,"map(alloc: a)",4096,64,104,0,0,3140,3,2928.900718689
4,"map(alloc: a)",4096,64,104,0,0,3140,4,2952.349185944
4,"map(alloc: a)",4096,64,104,0,0,3140,5,2914.547920227
4,"map(alloc: a)",4096,64,104,0,0,3140,6,2979.946136475
4,"map(alloc: a)",4096,64,104,0,0,3140,7,2910.995483398
4,"map(alloc: a)",4096,64,104,0,0,3140,8,2974.998950958
4,"map(alloc: a)",4096,64,104,0,0,3140,9,2976.500988007
4,"map(alloc: a)",4096,64,104,0,0,4,0,202.751159668
4,"map(alloc: a)",4096,64,104,0,0,4,1,201.344490051
4,"map(alloc: a)",4096,64,104,0,0,4,2,201.451778412
4,"map(alloc: a)",4096,64,104,0,0,4,3,201.296806335
4,"map(alloc: a)",4096,64,104,0,0,4,4,201.344490051
4,"map(alloc: a)",4096,64,104,0,0,4,5,201.201438904
4,"map(alloc: a)",4096,64,104,0,0,4,6,200.951099396
4,"map(alloc: a)",4096,64,104,0,0,4,7,200.891494751
4,"map(alloc: a)",4096,64,104,0,0,4,8,201.153755188
4,"map(alloc: a)",4096,64,104,0,0,4,9,201.189517975
4,"map(alloc: a)",4096,64,104,0,0,1955,0,1887.452602386
4,"map(alloc: a)",4096,64,104,0,0,1955,1,1886.606216431
4,"map(alloc: a)",4096,64,104,0,0,1955,2,1919.102668762
4,"map(alloc: a)",4096,64,104,0,0,1955,3,1876.652240753
4,"map(alloc: a)",4096,64,104,0,0,1955,4,1917.648315430
4,"map(alloc: a)",4096,64,104,0,0,1955,5,1914.405822754
4,"map(alloc: a)",4096,64,104,0,0,1955,6,1884.210109711
4,"map(alloc: a)",4096,64,104,0,0,1955,7,1909.351348877
4,"map(alloc: a)",4096,64,104,0,0,1955,8,1930.797100067
4,"map(alloc: a)",4096,64,104,0,0,1955,9,1892.900466919
4,"map(alloc: a)",4096,64,104,0,0,183,0,366.103649139
4,"map(alloc: a)",4096,64,104,0,0,183,1,363.600254059
4,"map(alloc: a)",4096,64,104,0,0,183,2,364.959239960
4,"map(alloc: a)",4096,64,104,0,0,183,3,365.209579468
4,"map(alloc: a)",4096,64,104,0,0,183,4,365.257263184
4,"map(alloc: a)",4096,64,104,0,0,183,5,363.445281982
4,"map(alloc: a)",4096,64,104,0,0,183,6,361.549854279
4,"map(alloc: a)",4096,64,104,0,0,183,7,358.557701111
4,"map(alloc: a)",4096,64,104,0,0,183,8,362.503528595
4,"map(alloc: a)",4096,64,104,0,0,183,9,358.152389526
4,"map(alloc: a)",4096,64,104,0,0,8096,0,7220.244407654
4,"map(alloc: a)",4096,64,104,0,0,8096,1,7206.249237061
4,"map(alloc: a)",4096,64,104,0,0,8096,2,7175.493240356
4,"map(alloc: a)",4096,64,104,0,0,8096,3,7213.544845581
4,"map(alloc: a)",4096,64,104,0,0,8096,4,7317.149639130
4,"map(alloc: a)",4096,64,104,0,0,8096,5,7153.892517090
4,"map(alloc: a)",4096,64,104,0,0,8096,6,7317.852973938
4,"map(alloc: a)",4096,64,104,0,0,8096,7,7208.490371704
4,"map(alloc: a)",4096,64,104,0,0,8096,8,7270.646095276
4,"map(alloc: a)",4096,64,104,0,0,8096,9,7287.549972534
4,"map(alloc: a)",4096,64,104,0,0,758,0,865.352153778
4,"map(alloc: a)",4096,64,104,0,0,758,1,869.405269623
4,"map(alloc: a)",4096,64,104,0,0,758,2,869.405269623
4,"map(alloc: a)",4096,64,104,0,0,758,3,864.338874817
4,"map(alloc: a)",4096,64,104,0,0,758,4,881.791114807
4,"map(alloc: a)",4096,64,104,0,0,758,5,866.103172302
4,"map(alloc: a)",4096,64,104,0,0,758,6,861.847400665
4,"map(alloc: a)",4096,64,104,0,0,758,7,854.992866516
4,"map(alloc: a)",4096,64,104,0,0,758,8,846.755504608
4,"map(alloc: a)",4096,64,104,0,0,758,9,853.896141052
4,"map(alloc: a)",4096,64,104,0,0,71,0,265.145301819
4,"map(alloc: a)",4096,64,104,0,0,71,1,263.452529907
4,"map(alloc: a)",4096,64,104,0,0,71,2,265.145301819
4,"map(alloc: a)",4096,64,104,0,0,71,3,264.358520508
4,"map(alloc: a)",4096,64,104,0,0,71,4,264.501571655
4,"map(alloc: a)",4096,64,104,0,0,71,5,264.847278595
4,"map(alloc: a)",4096,64,104,0,0,71,6,264.894962311
4,"map(alloc: a)",4096,64,104,0,0,71,7,265.157222748
4,"map(alloc: a)",4096,64,104,0,0,71,8,265.204906464
4,"map(alloc: a)",4096,64,104,0,0,71,9,264.954566956
4,"map(alloc: a)",4096,64,104,0,0,2,0,198.853015900
4,"map(alloc: a)",4096,64,104,0,0,2,1,198.698043823
4,"map(alloc: a)",4096,64,104,0,0,2,2,198.543071747
4,"map(alloc: a)",4096,64,104,0,0,2,3,198.495388031
4,"map(alloc: a)",4096,64,104,0,0,2,4,198.650360107
4,"map(alloc: a)",4096,64,104,0,0,2,5,198.745727539
4,"map(alloc: a)",4096,64,104,0,0,2,6,198.650360107
4,"map(alloc: a)",4096,64,104,0,0,2,7,198.400020599
4,"map(alloc: a)",4096,64,104,0,0,2,8,198.554992676
4,"map(alloc: a)",4096,64,104,0,0,2,9,198.554992676
4,"map(alloc: a)",4096,64,104,0,0,11,0,211.250782013
4,"map(alloc: a)",4096,64,104,0,0,11,1,211.250782013
4,"map(alloc: a)",4096,64,104,0,0,11,2,211.298465729
4,"map(alloc: a)",4096,64,104,0,0,11,3,211.405754089
4,"map(alloc: a)",4096,64,104,0,0,11,4,211.453437805
4,"map(alloc: a)",4096,64,104,0,0,11,5,211.501121521
4,"map(alloc: a)",4096,64,104,0,0,11,6,211.596488953
4,"map(alloc: a)",4096,64,104,0,0,11,7,211.143493652
4,"map(alloc: a)",4096,64,104,0,0,11,8,211.393833160
4,"map(alloc: a)",4096,64,104,0,0,11,9,211.548805237
4,"map(alloc: a)",4096,64,104,0,0,28,0,226.902961731
4,"map(alloc: a)",4096,64,104,0,0,28,1,227.141380310
4,"map(alloc: a)",4096,64,104,0,0,28,2,227.200984955
4,"map(alloc: a)",4096,64,104,0,0,28,3,226.795673370
4,"map(alloc: a)",4096,64,104,0,0,28,4,227.499008179
4,"map(alloc: a)",4096,64,104,0,0,28,5,227.594375610
4,"map(alloc: a)",4096,64,104,0,0,28,6,227.451324463
4,"map(alloc: a)",4096,64,104,0,0,28,7,227.642059326
4,"map(alloc: a)",4096,64,104,0,0,28,8,226.402282715
4,"map(alloc: a)",4096,64,104,0,0,28,9,226.509571075
4,"map(alloc: a)",4096,64,104,0,0,5042,0,4540.705680847
4,"map(alloc: a)",4096,64,104,0,0,5042,1,4510.045051575
4,"map(alloc: a)",4096,64,104,0,0,5042,2,4588.651657104
4,"map(alloc: a)",4096,64,104,0,0,5042,3,4476.952552795
4,"map(alloc: a)",4096,64,104,0,0,5042,4,4590.153694153
4,"map(alloc: a)",4096,64,104,0,0,5042,5,4587.507247925
4,"map(alloc: a)",4096,64,104,0,0,5042,6,4563.701152802
4,"map(alloc: a)",4096,64,104,0,0,5042,7,4582.548141479
4,"map(alloc: a)",4096,64,104,0,0,5042,8,4658.949375153
4,"map(alloc: a)",4096,64,104,0,0,5042,9,4520.046710968
4,"map(alloc: a)",4096,64,104,0,0,1218,0,1277.005672455
4,"map(alloc: a)",4096,64,104,0,0,1218,1,1259.708404541
4,"map(alloc: a)",4096,64,104,0,0,1218,2,1268.100738525
4,"map(alloc: a)",4096,64,104,0,0,1218,3,1272.940635681
4,"map(alloc: a)",4096,64,104,0,0,1218,4,1273.155212402
4,"map(alloc: a)",4096,64,104,0,0,1218,5,1276.242733002
4,"map(alloc: a)",4096,64,104,0,0,1218,6,1277.101039886
4,"map(alloc: a)",4096,64,104,0,0,1218,7,1272.952556610
4,"map(alloc: a)",4096,64,104,0,0,1218,8,1290.297508240
4,"map(alloc: a)",4096,64,104,0,0,1218,9,1230.752468109
4,"map(alloc: a)",4096,64,104,0,0,472,0,609.195232391
4,"map(alloc: a)",4096,64,104,0,0,472,1,611.007213593
4,"map(alloc: a)",4096,64,104,0,0,472,2,605.690479279
4,"map(alloc: a)",4096,64,104,0,0,472,3,608.646869659
4,"map(alloc: a)",4096,64,104,0,0,472,4,613.546371460
4,"map(alloc: a)",4096,64,104,0,0,472,5,605.344772339
4,"map(alloc: a)",4096,64,104,0,0,472,6,616.097450256
4,"map(alloc: a)",4096,64,104,0,0,472,7,609.803199768
4,"map(alloc: a)",4096,64,104,0,0,472,8,612.699985504
4,"map(alloc: a)",4096,64,104,0,0,472,9,614.249706268
4,"map(alloc: a)",16382,64,104,0,0,7,0,202.846527100
4,"map(alloc: a)",16382,64,104,0,0,7,1,203.454494476
4,"map(alloc: a)",16382,64,104,0,0,7,2,202.906131744
4,"map(alloc: a)",16382,64,104,0,0,7,3,203.394889832
4,"map(alloc: a)",16382,64,104,0,0,7,4,203.299522400
4,"map(alloc: a)",16382,64,104,0,0,7,5,202.941894531
4,"map(alloc: a)",16382,64,104,0,0,7,6,202.894210815
4,"map(alloc: a)",16382,64,104,0,0,7,7,202.655792236
4,"map(alloc: a)",16382,64,104,0,0,7,8,202.798843384
4,"map(alloc: a)",16382,64,104,0,0,7,9,203.156471252
4,"map(alloc: a)",16382,64,104,0,0,114,0,302.302837372
4,"map(alloc: a)",16382,64,104,0,0,114,1,299.704074860
4,"map(alloc: a)",16382,64,104,0,0,114,2,302.898883820
4,"map(alloc: a)",16382,64,104,0,0,114,3,301.647186279
4,"map(alloc: a)",16382,64,104,0,0,114,4,301.945209503
4,"map(alloc: a)",16382,64,104,0,0,114,5,302.302837372
4,"map(alloc: a)",16382,64,104,0,0,114,6,301.802158356
4,"map(alloc: a)",16382,64,104,0,0,114,7,303.149223328
4,"map(alloc: a)",16382,64,104,0,0,114,8,302.457809448
4,"map(alloc: a)",16382,64,104,0,0,114,9,302.147865295
4,"map(alloc: a)",16382,64,104,0,0,3,0,199.699401855
4,"map(alloc: a)",16382,64,104,0,0,3,1,199.449062347
4,"map(alloc: a)",16382,64,104,0,0,3,2,199.806690216
4,"map(alloc: a)",16382,64,104,0,0,3,3,199.460983276
4,"map(alloc: a)",16382,64,104,0,0,3,4,199.544429779
4,"map(alloc: a)",16382,64,104,0,0,3,5,199.651718140
4,"map(alloc: a)",16382,64,104,0,0,3,6,199.699401855
4,"map(alloc: a)",16382,64,104,0,0,3,7,199.556350708
4,"map(alloc: a)",16382,64,104,0,0,3,8,199.389457703
4,"map(alloc: a)",16382,64,104,0,0,3,9,199.592113495
4,"map(alloc: a)",16382,64,104,0,0,17,0,217.652320862
4,"map(alloc: a)",16382,64,104,0,0,17,1,217.747688293
4,"map(alloc: a)",16382,64,104,0,0,17,2,217.390060425
4,"map(alloc: a)",16382,64,104,0,0,17,3,217.759609222
4,"map(alloc: a)",16382,64,104,0,0,17,4,218.093395233
4,"map(alloc: a)",16382,64,104,0,0,17,5,217.998027802
4,"map(alloc: a)",16382,64,104,0,0,17,6,218.307971954
4,"map(alloc: a)",16382,64,104,0,0,17,7,217.390060425
4,"map(alloc: a)",16382,64,104,0,0,17,8,218.200683594
4,"map(alloc: a)",16382,64,104,0,0,17,9,218.391418457
4,"map(alloc: a)",16382,64,104,0,0,1,0,198.948383331
4,"map(alloc: a)",16382,64,104,0,0,1,1,198.745727539
4,"map(alloc: a)",16382,64,104,0,0,1,2,198.698043823
4,"map(alloc: a)",16382,64,104,0,0,1,3,198.650360107
4,"map(alloc: a)",16382,64,104,0,0,1,4,198.805332184
4,"map(alloc: a)",16382,64,104,0,0,1,5,198.900699615
4,"map(alloc: a)",16382,64,104,0,0,1,6,198.602676392
4,"map(alloc: a)",16382,64,104,0,0,1,7,198.996067047
4,"map(alloc: a)",16382,64,104,0,0,1,8,198.447704315
4,"map(alloc: a)",16382,64,104,0,0,1,9,198.602676392
4,"map(alloc: a)",16382,64,104,0,0,44,0,240.898132324
4,"map(alloc: a)",16382,64,104,0,0,44,1,240.755081177
4,"map(alloc: a)",16382,64,104,0,0,44,2,241.696834564
4,"map(alloc: a)",16382,64,104,0,0,44,3,240.504741669
4,"map(alloc: a)",16382,64,104,0,0,44,4,241.804122925
4,"map(alloc: a)",16382,64,104,0,0,44,5,241.851806641
4,"map(alloc: a)",16382,64,104,0,0,44,6,241.053104401
4,"map(alloc: a)",16382,64,104,0,0,44,7,241.398811340
4,"map(alloc: a)",16382,64,104,0,0,44,8,242.304801941
4,"map(alloc: a)",16382,64,104,0,0,44,9,240.945816040
4,"map(alloc: a)",16382,64,104,0,0,294,0,462.853908539
4,"map(alloc: a)",16382,64,104,0,0,294,1,458.455085754
4,"map(alloc: a)",16382,64,104,0,0,294,2,460.851192474
4,"map(alloc: a)",16382,64,104,0,0,294,3,461.542606354
4,"map(alloc: a)",16382,64,104,0,0,294,4,461.602210999
4,"map(alloc: a)",16382,64,104,0,0,294,5,462.746620178
4,"map(alloc: a)",16382,64,104,0,0,294,6,462.949275970
4,"map(alloc: a)",16382,64,104,0,0,294,7,462.043285370
4,"map(alloc: a)",16382,64,104,0,0,294,8,465.846061707
4,"map(alloc: a)",16382,64,104,0,0,294,9,451.898574829
4,"map(alloc: a)",16382,64,104,0,0,3140,0,2914.309501648
4,"map(alloc: a)",16382,64,104,0,0,3140,1,2916.848659515
4,"map(alloc: a)",16382,64,104,0,0,3140,2,2894.949913025
4,"map(alloc: a)",16382,64,104,0,0,3140,3,2901.494503021
4,"map(alloc: a)",16382,64,104,0,0,3140,4,2942.144870758
4,"map(alloc: a)",16382,64,104,0,0,3140,5,2888.643741608
4,"map(alloc: a)",16382,64,104,0,0,3140,6,2954.804897308
4,"map(alloc: a)",16382,64,104,0,0,3140,7,2916.157245636
4,"map(alloc: a)",16382,64,104,0,0,3140,8,2937.495708466
4,"map(alloc: a)",16382,64,104,0,0,3140,9,2939.903736115
4,"map(alloc: a)",16382,64,104,0,0,4,0,201.249122620
4,"map(alloc: a)",16382,64,104,0,0,4,1,200.951099396
4,"map(alloc: a)",16382,64,104,0,0,4,2,200.998783112
4,"map(alloc: a)",16382,64,104,0,0,4,3,201.106071472
4,"map(alloc: a)",16382,64,104,0,0,4,4,201.356410980
4,"map(alloc: a)",16382,64,104,0,0,4,5,201.046466827
4,"map(alloc: a)",16382,64,104,0,0,4,6,201.654434204
4,"map(alloc: a)",16382,64,104,0,0,4,7,201.201438904
4,"map(alloc: a)",16382,64,104,0,0,4,8,201.094150543
4,"map(alloc: a)",16382,64,104,0,0,4,9,201.153755188
4,"map(alloc: a)",16382,64,104,0,0,1955,0,1895.749568939
4,"map(alloc: a)",16382,64,104,0,0,1955,1,1852.750778198
4,"map(alloc: a)",16382,64,104,0,0,1955,2,1900.506019592
4,"map(alloc: a)",16382,64,104,0,0,1955,3,1876.592636108
4,"map(alloc: a)",16382,64,104,0,0,1955,4,1887.345314026
4,"map(alloc: a)",16382,64,104,0,0,1955,5,1892.304420471
4,"map(alloc: a)",16382,64,104,0,0,1955,6,1895.141601562
4,"map(alloc: a)",16382,64,104,0,0,1955,7,1893.603801727
4,"map(alloc: a)",16382,64,104,0,0,1955,8,1899.755001068
4,"map(alloc: a)",16382,64,104,0,0,1955,9,1892.352104187
4,"map(alloc: a)",16382,64,104,0,0,183,0,364.851951599
4,"map(alloc: a)",16382,64,104,0,0,183,1,360.047817230
4,"map(alloc: a)",16382,64,104,0,0,183,2,363.898277283
4,"map(alloc: a)",16382,64,104,0,0,183,3,365.006923676
4,"map(alloc: a)",16382,64,104,0,0,183,4,362.408161163
4,"map(alloc: a)",16382,64,104,0,0,183,5,364.553928375
4,"map(alloc: a)",16382,64,104,0,0,183,6,365.853309631
4,"map(alloc: a)",16382,64,104,0,0,183,7,362.646579742
4,"map(alloc: a)",16382,64,104,0,0,183,8,367.152690887
4,"map(alloc: a)",16382,64,104,0,0,183,9,365.102291107
4,"map(alloc: a)",16382,64,104,0,0,8096,0,7250.452041626
4,"map(alloc: a)",16382,64,104,0,0,8096,1,7140.946388245
4,"map(alloc: a)",16382,64,104,0,0,8096,2,7172.358036041
4,"map(alloc: a)",16382,64,104,0,0,8096,3,7181.441783905
4,"map(alloc: a)",16382,64,104,0,0,8096,4,7157.695293427
4,"map(alloc: a)",16382,64,104,0,0,8096,5,7146.751880646
4,"map(alloc: a)",16382,64,104,0,0,8096,6,7280.349731445
4,"map(alloc: a)",16382,64,104,0,0,8096,7,7084.596157074
4,"map(alloc: a)",16382,64,104,0,0,8096,8,7273.340225220
4,"map(alloc: a)",16382,64,104,0,0,8096,9,7268.905639648
4,"map(alloc: a)",16382,64,104,0,0,758,0,857.150554657
4,"map(alloc: a)",16382,64,104,0,0,758,1,861.203670502
4,"map(alloc: a)",16382,64,104,0,0,758,2,871.002674103
4,"map(alloc: a)",16382,64,104,0,0,758,3,852.501392365
4,"map(alloc: a)",16382,64,104,0,0,758,4,874.853134155
4,"map(alloc: a)",16382,64,104,0,0,758,5,863.289833069
4,"map(alloc: a)",16382,64,104,0,0,758,6,868.248939514
4,"map(alloc: a)",16382,64,104,0,0,758,7,870.096683502
4,"map(alloc: a)",16382,64,104,0,0,758,8,871.002674103
4,"map(alloc: a)",16382,64,104,0,0,758,9,874.745845795
4,"map(alloc: a)",16382,64,104,0,0,71,0,266.349315643
4,"map(alloc: a)",16382,64,104,0,0,71,1,264.155864716
4,"map(alloc: a)",16382,64,104,0,0,71,2,265.240669250
4,"map(alloc: a)",16382,64,104,0,0,71,3,263.750553131
4,"map(alloc: a)",16382,64,104,0,0,71,4,264.346599579
4,"map(alloc: a)",16382,64,104,0,0,71,5,264.704227448
4,"map(alloc: a)",16382,64,104,0,0,71,6,263.655185699
4,"map(alloc: a)",16382,64,104,0,0,71,7,264.739990234
4,"map(alloc: a)",16382,64,104,0,0,71,8,265.741348267
4,"map(alloc: a)",16382,64,104,0,0,71,9,263.941287994
4,"map(alloc: a)",16382,64,104,0,0,2,0,198.543071747
4,"map(alloc: a)",16382,64,104,0,0,2,1,198.650360107
4,"map(alloc: a)",16382,64,104,0,0,2,2,198.745727539
4,"map(alloc: a)",16382,64,104,0,0,2,3,198.948383331
4,"map(alloc: a)",16382,64,104,0,0,2,4,198.447704315
4,"map(alloc: a)",16382,64,104,0,0,2,5,198.650360107
4,"map(alloc: a)",16382,64,104,0,0,2,6,198.495388031
4,"map(alloc: a)",16382,64,104,0,0,2,7,198.590755463
4,"map(alloc: a)",16382,64,104,0,0,2,8,198.853015900
4,"map(alloc: a)",16382,64,104,0,0,2,9,198.650360107
4,"map(alloc: a)",16382,64,104,0,0,11,0,211.501121521
4,"map(alloc: a)",16382,64,104,0,0,11,1,211.858749390
4,"map(alloc: a)",16382,64,104,0,0,11,2,211.143493652
4,"map(alloc: a)",16382,64,104,0,0,11,3,211.000442505
4,"map(alloc: a)",16382,64,104,0,0,11,4,211.048126221
4,"map(alloc: a)",16382,64,104,0,0,11,5,211.095809937
4,"map(alloc: a)",16382,64,104,0,0,11,6,211.298465729
4,"map(alloc: a)",16382,64,104,0,0,11,7,211.000442505
4,"map(alloc: a)",16382,64,104,0,0,11,8,211.060047150
4,"map(alloc: a)",16382,64,104,0,0,11,9,211.453437805
4,"map(alloc: a)",16382,64,104,0,0,28,0,226.497650146
4,"map(alloc: a)",16382,64,104,0,0,28,1,226.902961731
4,"map(alloc: a)",16382,64,104,0,0,28,2,227.046012878
4,"map(alloc: a)",16382,64,104,0,0,28,3,226.497650146
4,"map(alloc: a)",16382,64,104,0,0,28,4,227.200984955
4,"map(alloc: a)",16382,64,104,0,0,28,5,226.604938507
4,"map(alloc: a)",16382,64,104,0,0,28,6,227.355957031
4,"map(alloc: a)",16382,64,104,0,0,28,7,227.749347687
4,"map(alloc: a)",16382,64,104,0,0,28,8,226.902961731
4,"map(alloc: a)",16382,64,104,0,0,28,9,227.200984955
4,"map(alloc: a)",16382,64,104,0,0,5042,0,4703.402519226
4,"map(alloc: a)",16382,64,104,0,0,5042,1,4603.993892670
4,"map(alloc: a)",16382,64,104,0,0,5042,2,4693.400859833
4,"map(alloc: a)",16382,64,104,0,0,5042,3,4515.302181244
4,"map(alloc: a)",16382,64,104,0,0,5042,4,4517.245292664
4,"map(alloc: a)",16382,64,104,0,0,5042,5,4542.458057404
4,"map(alloc: a)",16382,64,104,0,0,5042,6,4550.099372864
4,"map(alloc: a)",16382,64,104,0,0,5042,7,4537.844657898
4,"map(alloc: a)",16382,64,104,0,0,5042,8,4550.302028656
4,"map(alloc: a)",16382,64,104,0,0,5042,9,4546.689987183
4,"map(alloc: a)",16382,64,104,0,0,1218,0,1269.853115082
4,"map(alloc: a)",16382,64,104,0,0,1218,1,1242.005825043
4,"map(alloc: a)",16382,64,104,0,0,1218,2,1265.251636505
4,"map(alloc: a)",16382,64,104,0,0,1218,3,1267.898082733
4,"map(alloc: a)",16382,64,104,0,0,1218,4,1249.158382416
4,"map(alloc: a)",16382,64,104,0,0,1218,5,1264.810562134
4,"map(alloc: a)",16382,64,104,0,0,1218,6,1280.701160431
4,"map(alloc: a)",16382,64,104,0,0,1218,7,1249.694824219
4,"map(alloc: a)",16382,64,104,0,0,1218,8,1284.849643707
4,"map(alloc: a)",16382,64,104,0,0,1218,9,1267.004013062
4,"map(alloc: a)",16382,64,104,0,0,472,0,619.947910309
4,"map(alloc: a)",16382,64,104,0,0,472,1,620.806217194
4,"map(alloc: a)",16382,64,104,0,0,472,2,621.700286865
4,"map(alloc: a)",16382,64,104,0,0,472,3,616.252422333
4,"map(alloc: a)",16382,64,104,0,0,472,4,606.799125671
4,"map(alloc: a)",16382,64,104,0,0,472,5,604.546070099
4,"map(alloc: a)",16382,64,104,0,0,472,6,614.547729492
4,"map(alloc: a)",16382,64,104,0,0,472,7,602.090358734
4,"map(alloc: a)",16382,64,104,0,0,472,8,610.852241516
4,"map(alloc: a)",16382,64,104,0,0,472,9,612.199306488
4,"map(alloc: a)",16382,64,104,0,0,7,0,202.500820160
4,"map(alloc: a)",16382,64,104,0,0,7,1,203.108787537
4,"map(alloc: a)",16382,64,104,0,0,7,2,203.597545624
4,"map(alloc: a)",16382,64,104,0,0,7,3,203.156471252
4,"map(alloc: a)",16382,64,104,0,0,7,4,203.645229340
4,"map(alloc: a)",16382,64,104,0,0,7,5,203.502178192
4,"map(alloc: a)",16382,64,104,0,0,7,6,203.156471252
4,"map(alloc: a)",16382,64,104,0,0,7,7,203.549861908
4,"map(alloc: a)",16382,64,104,0,0,7,8,203.347206116
4,"map(alloc: a)",16382,64,104,0,0,7,9,203.251838684
4,"map(alloc: a)",16382,64,104,0,0,114,0,305.044651031
4,"map(alloc: a)",16382,64,104,0,0,114,1,300.848484039
4,"map(alloc: a)",16382,64,104,0,0,114,2,302.195549011
4,"map(alloc: a)",16382,64,104,0,0,114,3,299.847126007
4,"map(alloc: a)",16382,64,104,0,0,114,4,301.599502563
4,"map(alloc: a)",16382,64,104,0,0,114,5,302.004814148
4,"map(alloc: a)",16382,64,104,0,0,114,6,300.347805023
4,"map(alloc: a)",16382,64,104,0,0,114,7,301.599502563
4,"map(alloc: a)",16382,64,104,0,0,114,8,303.101539612
4,"map(alloc: a)",16382,64,104,0,0,114,9,300.908088684
4,"map(alloc: a)",16382,64,104,0,0,3,0,199.353694916
4,"map(alloc: a)",16382,64,104,0,0,3,1,199.592113495
4,"map(alloc: a)",16382,64,104,0,0,3,2,199.401378632
4,"map(alloc: a)",16382,64,104,0,0,3,3,199.592113495
4,"map(alloc: a)",16382,64,104,0,0,3,4,199.401378632
4,"map(alloc: a)",16382,64,104,0,0,3,5,199.496746063
4,"map(alloc: a)",16382,64,104,0,0,3,6,199.544429779
4,"map(alloc: a)",16382,64,104,0,0,3,7,199.496746063
4,"map(alloc: a)",16382,64,104,0,0,3,8,199.651718140
4,"map(alloc: a)",16382,64,104,0,0,3,9,199.556350708
4,"map(alloc: a)",16382,64,104,0,0,17,0,218.141078949
4,"map(alloc: a)",16382,64,104,0,0,17,1,218.653678894
4,"map(alloc: a)",16382,64,104,0,0,17,2,217.103958130
4,"map(alloc: a)",16382,64,104,0,0,17,3,217.545032501
4,"map(alloc: a)",16382,64,104,0,0,17,4,217.354297638
4,"map(alloc: a)",16382,64,104,0,0,17,5,217.294692993
4,"map(alloc: a)",16382,64,104,0,0,17,6,218.307971954
4,"map(alloc: a)",16382,64,104,0,0,17,7,217.199325562
4,"map(alloc: a)",16382,64,104,0,0,17,8,217.449665070
4,"map(alloc: a)",16382,64,104,0,0,17,9,217.795372009
4,"map(alloc: a)",16382,64,104,0,0,1,0,198.304653168
4,"map(alloc: a)",16382,64,104,0,0,1,1,198.352336884
4,"map(alloc: a)",16382,64,104,0,0,1,2,198.602676392
4,"map(alloc: a)",16382,64,104,0,0,1,3,198.590755463
4,"map(alloc: a)",16382,64,104,0,0,1,4,198.447704315
4,"map(alloc: a)",16382,64,104,0,0,1,5,198.650360107
4,"map(alloc: a)",16382,64,104,0,0,1,6,198.698043823
4,"map(alloc: a)",16382,64,104,0,0,1,7,198.698043823
4,"map(alloc: a)",16382,64,104,0,0,1,8,198.400020599
4,"map(alloc: a)",16382,64,104,0,0,1,9,198.650360107
4,"map(alloc: a)",16382,64,104,0,0,44,0,242.698192596
4,"map(alloc: a)",16382,64,104,0,0,44,1,241.649150848
4,"map(alloc: a)",16382,64,104,0,0,44,2,242.555141449
4,"map(alloc: a)",16382,64,104,0,0,44,3,240.790843964
4,"map(alloc: a)",16382,64,104,0,0,44,4,240.790843964
4,"map(alloc: a)",16382,64,104,0,0,44,5,241.303443909
4,"map(alloc: a)",16382,64,104,0,0,44,6,240.945816040
4,"map(alloc: a)",16382,64,104,0,0,44,7,240.850448608
4,"map(alloc: a)",16382,64,104,0,0,44,8,241.303443909
4,"map(alloc: a)",16382,64,104,0,0,44,9,240.945816040
4,"map(alloc: a)",16382,64,104,0,0,294,0,460.803508759
4,"map(alloc: a)",16382,64,104,0,0,294,1,454.258918762
4,"map(alloc: a)",16382,64,104,0,0,294,2,459.909439087
4,"map(alloc: a)",16382,64,104,0,0,294,3,460.505485535
4,"map(alloc: a)",16382,64,104,0,0,294,4,456.047058105
4,"map(alloc: a)",16382,64,104,0,0,294,5,459.802150726
4,"map(alloc: a)",16382,64,104,0,0,294,6,463.652610779
4,"map(alloc: a)",16382,64,104,0,0,294,7,456.297397614
4,"map(alloc: a)",16382,64,104,0,0,294,8,464.904308319
4,"map(alloc: a)",16382,64,104,0,0,294,9,460.147857666
4,"map(alloc: a)",16382,64,104,0,0,3140,0,2980.196475983
4,"map(alloc: a)",16382,64,104,0,0,3140,1,2979.147434235
4,"map(alloc: a)",16382,64,104,0,0,3140,2,3001.904487610
4,"map(alloc: a)",16382,64,104,0,0,3140,3,2954.602241516
4,"map(alloc: a)",16382,64,104,0,0,3140,4,2897.393703461
4,"map(alloc: a)",16382,64,104,0,0,3140,5,2882.754802704
4,"map(alloc: a)",16382,64,104,0,0,3140,6,2940.702438354
4,"map(alloc: a)",16382,64,104,0,0,3140,7,2866.899967194
4,"map(alloc: a)",16382,64,104,0,0,3140,8,2929.496765137
4,"map(alloc: a)",16382,64,104,0,0,3140,9,2924.108505249
4,"map(alloc: a)",16382,64,104,0,0,4,0,201.594829559
4,"map(alloc: a)",16382,64,104,0,0,4,1,201.201438904
4,"map(alloc: a)",16382,64,104,0,0,4,2,201.296806335
4,"map(alloc: a)",16382,64,104,0,0,4,3,201.046466827
4,"map(alloc: a)",16382,64,104,0,0,4,4,201.356410980
4,"map(alloc: a)",16382,64,104,0,0,4,5,201.344490051
4,"map(alloc: a)",16382,64,104,0,0,4,6,201.189517975
4,"map(alloc: a)",16382,64,104,0,0,4,7,201.451778412
4,"map(alloc: a)",16382,64,104,0,0,4,8,201.344490051
4,"map(alloc: a)",16382,64,104,0,0,4,9,201.344490051
4,"map(alloc: a)",16382,64,104,0,0,1955,0,1924.300193787
4,"map(alloc: a)",16382,64,104,0,0,1955,1,1910.090446472
4,"map(alloc: a)",16382,64,104,0,0,1955,2,1953.697204590
4,"map(alloc: a)",16382,64,104,0,0,1955,3,1911.759376526
4,"map(alloc: a)",16382,64,104,0,0,1955,4,1905.798912048
4,"map(alloc: a)",16382,64,104,0,0,1955,5,1884.102821350
4,"map(alloc: a)",16382,64,104,0,0,1955,6,1867.091655731
4,"map(alloc: a)",16382,64,104,0,0,1955,7,1880.550384521
4,"map(alloc: a)",16382,64,104,0,0,1955,8,1898.050308228
4,"map(alloc: a)",16382,64,104,0,0,1955,9,1863.098144531
4,"map(alloc: a)",16382,64,104,0,0,183,0,363.051891327
4,"map(alloc: a)",16382,64,104,0,0,183,1,360.751152039
4,"map(alloc: a)",16382,64,104,0,0,183,2,362.145900726
4,"map(alloc: a)",16382,64,104,0,0,183,3,362.658500671
4,"map(alloc: a)",16382,64,104,0,0,183,4,362.551212311
4,"map(alloc: a)",16382,64,104,0,0,183,5,362.455844879
4,"map(alloc: a)",16382,64,104,0,0,183,6,362.753868103
4,"map(alloc: a)",16382,64,104,0,0,183,7,361.347198486
4,"map(alloc: a)",16382,64,104,0,0,183,8,365.805625916
4,"map(alloc: a)",16382,64,104,0,0,183,9,361.645221710
4,"map(alloc: a)",16382,64,104,0,0,8096,0,7378.351688385
4,"map(alloc: a)",16382,64,104,0,0,8096,1,7368.147373199
4,"map(alloc: a)",16382,64,104,0,0,8096,2,7312.405109406
4,"map(alloc: a)",16382,64,104,0,0,8096,3,7369.601726532
4,"map(alloc: a)",16382,64,104,0,0,8096,4,7467.496395111
4,"map(alloc: a)",16382,64,104,0,0,8096,5,7102.644443512
4,"map(alloc: a)",16382,64,104,0,0,8096,6,7209.444046021
4,"map(alloc: a)",16382,64,104,0,0,8096,7,7132.506370544
4,"map(alloc: a)",16382,64,104,0,0,8096,8,7187.497615814
4,"map(alloc: a)",16382,64,104,0,0,8096,9,7144.749164581
4,"map(alloc: a)",16382,64,104,0,0,758,0,853.955745697
4,"map(alloc: a)",16382,64,104,0,0,758,1,857.758522034
4,"map(alloc: a)",16382,64,104,0,0,758,2,857.603549957
4,"map(alloc: a)",16382,64,104,0,0,758,3,855.255126953
4,"map(alloc: a)",16382,64,104,0,0,758,4,869.345664978
4,"map(alloc: a)",16382,64,104,0,0,758,5,853.395462036
4,"map(alloc: a)",16382,64,104,0,0,758,6,862.848758698
4,"map(alloc: a)",16382,64,104,0,0,758,7,866.305828094
4,"map(alloc: a)",16382,64,104,0,0,758,8,857.651233673
4,"map(alloc: a)",16382,64,104,0,0,758,9,866.997241974
4,"map(alloc: a)",16382,64,104,0,0,71,0,267.148017883
4,"map(alloc: a)",16382,64,104,0,0,71,1,264.394283295
4,"map(alloc: a)",16382,64,104,0,0,71,2,267.207622528
4,"map(alloc: a)",16382,64,104,0,0,71,3,265.991687775
4,"map(alloc: a)",16382,64,104,0,0,71,4,266.206264496
4,"map(alloc: a)",16382,64,104,0,0,71,5,266.301631927
4,"map(alloc: a)",16382,64,104,0,0,71,6,263.702869415
4,"map(alloc: a)",16382,64,104,0,0,71,7,263.857841492
4,"map(alloc: a)",16382,64,104,0,0,71,8,264.155864716
4,"map(alloc: a)",16382,64,104,0,0,71,9,263.547897339
4,"map(alloc: a)",16382,64,104,0,0,2,0,198.400020599
4,"map(alloc: a)",16382,64,104,0,0,2,1,200.152397156
4,"map(alloc: a)",16382,64,104,0,0,2,2,198.543071747
4,"map(alloc: a)",16382,64,104,0,0,2,3,198.352336884
4,"map(alloc: a)",16382,64,104,0,0,2,4,198.495388031
4,"map(alloc: a)",16382,64,104,0,0,2,5,198.507308960
4,"map(alloc: a)",16382,64,104,0,0,2,6,198.507308960
4,"map(alloc: a)",16382,64,104,0,0,2,7,198.304653168
4,"map(alloc: a)",16382,64,104,0,0,2,8,198.709964752
4,"map(alloc: a)",16382,64,104,0,0,2,9,198.745727539
4,"map(alloc: a)",16382,64,104,0,0,11,0,211.858749390
4,"map(alloc: a)",16382,64,104,0,0,11,1,211.596488953
4,"map(alloc: a)",16382,64,104,0,0,11,2,211.393833160
4,"map(alloc: a)",16382,64,104,0,0,11,3,211.644172668
4,"map(alloc: a)",16382,64,104,0,0,11,4,211.858749390
4,"map(alloc: a)",16382,64,104,0,0,11,5,211.656093597
4,"map(alloc: a)",16382,64,104,0,0,11,6,212.049484253
4,"map(alloc: a)",16382,64,104,0,0,11,7,211.310386658
4,"map(alloc: a)",16382,64,104,0,0,11,8,211.703777313
4,"map(alloc: a)",16382,64,104,0,0,11,9,211.691856384
4,"map(alloc: a)",16382,64,104,0,0,28,0,226.449966431
4,"map(alloc: a)",16382,64,104,0,0,28,1,226.593017578
4,"map(alloc: a)",16382,64,104,0,0,28,2,226.843357086
4,"map(alloc: a)",16382,64,104,0,0,28,3,226.449966431
4,"map(alloc: a)",16382,64,104,0,0,28,4,227.046012878
4,"map(alloc: a)",16382,64,104,0,0,28,5,226.354598999
4,"map(alloc: a)",16382,64,104,0,0,28,6,226.449966431
4,"map(alloc: a)",16382,64,104,0,0,28,7,226.747989655
4,"map(alloc: a)",16382,64,104,0,0,28,8,226.795673370
4,"map(alloc: a)",16382,64,104,0,0,28,9,227.248668671
4,"map(alloc: a)",16382,64,104,0,0,5042,0,4619.801044464
4,"map(alloc: a)",16382,64,104,0,0,5042,1,4585.099220276
4,"map(alloc: a)",16382,64,104,0,0,5042,2,4692.995548248
4,"map(alloc: a)",16382,64,104,0,0,5042,3,4589.700698853
4,"map(alloc: a)",16382,64,104,0,0,5042,4,4670.095443726
4,"map(alloc: a)",16382,64,104,0,0,5042,5,4679.405689240
4,"map(alloc: a)",16382,64,104,0,0,5042,6,4647.445678711
4,"map(alloc: a)",16382,64,104,0,0,5042,7,4607.844352722
4,"map(alloc: a)",16382,64,104,0,0,5042,8,4566.156864166
4,"map(alloc: a)",16382,64,104,0,0,5042,9,4460.549354553
4,"map(alloc: a)",16382,64,104,0,0,1218,0,1259.398460388
4,"map(alloc: a)",16382,64,104,0,0,1218,1,1243.352890015
4,"map(alloc: a)",16382,64,104,0,0,1218,2,1246.798038483
4,"map(alloc: a)",16382,64,104,0,0,1218,3,1252.448558807
4,"map(alloc: a)",16382,64,104,0,0,1218,4,1253.247261047
4,"map(alloc: a)",16382,64,104,0,0,1218,5,1256.346702576
4,"map(alloc: a)",16382,64,104,0,0,1218,6,1259.350776672
4,"map(alloc: a)",16382,64,104,0,0,1218,7,1254.296302795
4,"map(alloc: a)",16382,64,104,0,0,1218,8,1273.548603058
4,"map(alloc: a)",16382,64,104,0,0,1218,9,1244.604587555
4,"map(alloc: a)",16382,64,104,0,0,472,0,616.645812988
4,"map(alloc: a)",16382,64,104,0,0,472,1,618.445873260
4,"map(alloc: a)",16382,64,104,0,0,472,2,612.747669220
4,"map(alloc: a)",16382,64,104,0,0,472,3,619.006156921
4,"map(alloc: a)",16382,64,104,0,0,472,4,622.701644897
4,"map(alloc: a)",16382,64,104,0,0,472,5,613.296031952
4,"map(alloc: a)",16382,64,104,0,0,472,6,625.300407410
4,"map(alloc: a)",16382,64,104,0,0,472,7,619.840621948
4,"map(alloc: a)",16382,64,104,0,0,472,8,613.546371460
4,"map(alloc: a)",16382,64,104,0,0,472,9,606.656074524
4,"map(alloc: a)",16382,64,104,0,0,7,0,202.298164368
4,"map(alloc: a)",16382,64,104,0,0,7,1,203.001499176
4,"map(alloc: a)",16382,64,104,0,0,7,2,202.846527100
4,"map(alloc: a)",16382,64,104,0,0,7,3,202.643871307
4,"map(alloc: a)",16382,64,104,0,0,7,4,203.049182892
4,"map(alloc: a)",16382,64,104,0,0,7,5,203.192234039
4,"map(alloc: a)",16382,64,104,0,0,7,6,202.906131744
4,"map(alloc: a)",16382,64,104,0,0,7,7,203.001499176
4,"map(alloc: a)",16382,64,104,0,0,7,8,202.941894531
4,"map(alloc: a)",16382,64,104,0,0,7,9,203.049182892
4,"map(alloc: a)",16382,64,104,0,0,114,0,305.044651031
4,"map(alloc: a)",16382,64,104,0,0,114,1,301.349163055
4,"map(alloc: a)",16382,64,104,0,0,114,2,305.151939392
4,"map(alloc: a)",16382,64,104,0,0,114,3,303.304195404
4,"map(alloc: a)",16382,64,104,0,0,114,4,304.102897644
4,"map(alloc: a)",16382,64,104,0,0,114,5,304.698944092
4,"map(alloc: a)",16382,64,104,0,0,114,6,300.443172455
4,"map(alloc: a)",16382,64,104,0,0,114,7,301.051139832
4,"map(alloc: a)",16382,64,104,0,0,114,8,301.146507263
4,"map(alloc: a)",16382,64,104,0,0,114,9,300.598144531
4,"map(alloc: a)",16382,64,104,0,0,3,0,199.294090271
4,"map(alloc: a)",16382,64,104,0,0,3,1,199.151039124
4,"map(alloc: a)",16382,64,104,0,0,3,2,199.401378632
4,"map(alloc: a)",16382,64,104,0,0,3,3,199.198722839
4,"map(alloc: a)",16382,64,104,0,0,3,4,199.246406555
4,"map(alloc: a)",16382,64,104,0,0,3,5,199.341773987
4,"map(alloc: a)",16382,64,104,0,0,3,6,199.198722839
4,"map(alloc: a)",16382,64,104,0,0,3,7,199.341773987
4,"map(alloc: a)",16382,64,104,0,0,3,8,199.508666992
4,"map(alloc: a)",16382,64,104,0,0,3,9,199.604034424
4,"map(alloc: a)",16382,64,104,0,0,17,0,218.200683594
4,"map(alloc: a)",16382,64,104,0,0,17,1,218.105316162
4,"map(alloc: a)",16382,64,104,0,0,17,2,218.152999878
4,"map(alloc: a)",16382,64,104,0,0,17,3,218.451023102
4,"map(alloc: a)",16382,64,104,0,0,17,4,218.641757965
4,"map(alloc: a)",16382,64,104,0,0,17,5,218.355655670
4,"map(alloc: a)",16382,64,104,0,0,17,6,218.653678894
4,"map(alloc: a)",16382,64,104,0,0,17,7,217.652320862
4,"map(alloc: a)",16382,64,104,0,0,17,8,218.057632446
4,"map(alloc: a)",16382,64,104,0,0,17,9,218.296051025
4,"map(alloc: a)",16382,64,104,0,0,1,0,198.447704315
4,"map(alloc: a)",16382,64,104,0,0,1,1,198.602676392
4,"map(alloc: a)",16382,64,104,0,0,1,2,198.554992676
4,"map(alloc: a)",16382,64,104,0,0,1,3,198.554992676
4,"map(alloc: a)",16382,64,104,0,0,1,4,198.554992676
4,"map(alloc: a)",16382,64,104,0,0,1,5,198.745727539
4,"map(alloc: a)",16382,64,104,0,0,1,6,198.400020599
4,"map(alloc: a)",16382,64,104,0,0,1,7,198.793411255
4,"map(alloc: a)",16382,64,104,0,0,1,8,198.554992676
4,"map(alloc: a)",16382,64,104,0,0,1,9,199.055671692
4,"map(alloc: a)",16382,64,104,0,0,44,0,242.292881012
4,"map(alloc: a)",16382,64,104,0,0,44,1,241.649150848
4,"map(alloc: a)",16382,64,104,0,0,44,2,242.853164673
4,"map(alloc: a)",16382,64,104,0,0,44,3,241.458415985
4,"map(alloc: a)",16382,64,104,0,0,44,4,242.507457733
4,"map(alloc: a)",16382,64,104,0,0,44,5,242.650508881
4,"map(alloc: a)",16382,64,104,0,0,44,6,242.149829865
4,"map(alloc: a)",16382,64,104,0,0,44,7,241.804122925
4,"map(alloc: a)",16382,64,104,0,0,44,8,241.243839264
4,"map(alloc: a)",16382,64,104,0,0,44,9,240.397453308
4,"map(alloc: a)",16382,64,104,0,0,294,0,458.455085754
4,"map(alloc: a)",16382,64,104,0,0,294,1,454.556941986
4,"map(alloc: a)",16382,64,104,0,0,294,2,455.594062805
4,"map(alloc: a)",16382,64,104,0,0,294,3,456.202030182
4,"map(alloc: a)",16382,64,104,0,0,294,4,457.096099854
4,"map(alloc: a)",16382,64,104,0,0,294,5,458.347797394
4,"map(alloc: a)",16382,64,104,0,0,294,6,458.800792694
4,"map(alloc: a)",16382,64,104,0,0,294,7,457.549095154
4,"map(alloc: a)",16382,64,104,0,0,294,8,462.198257446
4,"map(alloc: a)",16382,64,104,0,0,294,9,454.890727997
4,"map(alloc: a)",16382,64,104,0,0,3140,0,2962.946891785
4,"map(alloc: a)",16382,64,104,0,0,3140,1,2966.892719269
4,"map(alloc: a)",16382,64,104,0,0,3140,2,2944.350242615
4,"map(alloc: a)",16382,64,104,0,0,3140,3,2970.802783966
4,"map(alloc: a)",16382,64,104,0,0,3140,4,3001.201152802
4,"map(alloc: a)",16382,64,104,0,0,3140,5,2940.404415131
4,"map(alloc: a)",16382,64,104,0,0,3140,6,3010.201454163
4,"map(alloc: a)",16382,64,104,0,0,3140,7,2981.197834015
4,"map(alloc: a)",16382,64,104,0,0,3140,8,2944.910526276
4,"map(alloc: a)",16382,64,104,0,0,3140,9,2889.800071716
4,"map(alloc: a)",16382,64,104,0,0,4,0,201.106071472
4,"map(alloc: a)",16382,64,104,0,0,4,1,200.748443604
4,"map(alloc: a)",16382,64,104,0,0,4,2,200.998783112
4,"map(alloc: a)",16382,64,104,0,0,4,3,200.951099396
4,"map(alloc: a)",16382,64,104,0,0,4,4,200.951099396
4,"map(alloc: a)",16382,64,104,0,0,4,5,200.998783112
4,"map(alloc: a)",16382,64,104,0,0,4,6,201.058387756
4,"map(alloc: a)",16382,64,104,0,0,4,7,201.046466827
4,"map(alloc: a)",16382,64,104,0,0,4,8,201.094150543
4,"map(alloc: a)",16382,64,104,0,0,4,9,201.201438904
4,"map(alloc: a)",16382,64,104,0,0,1955,0,1924.693584442
4,"map(alloc: a)",16382,64,104,0,0,1955,1,1882.541179657
4,"map(alloc: a)",16382,64,104,0,0,1955,2,1937.246322632
4,"map(alloc: a)",16382,64,104,0,0,1955,3,1904.547214508
4,"map(alloc: a)",16382,64,104,0,0,1955,4,1919.555664062
4,"map(alloc: a)",16382,64,104,0,0,1955,5,1923.394203186
4,"map(alloc: a)",16382,64,104,0,0,1955,6,1926.541328430
4,"map(alloc: a)",16382,64,104,0,0,1955,7,1930.105686188
4,"map(alloc: a)",16382,64,104,0,0,1955,8,1938.700675964
4,"map(alloc: a)",16382,64,104,0,0,1955,9,1870.298385620
4,"map(alloc: a)",16382,64,104,0,0,183,0,362.348556519
4,"map(alloc: a)",16382,64,104,0,0,183,1,358.498096466
4,"map(alloc: a)",16382,64,104,0,0,183,2,361.061096191
4,"map(alloc: a)",16382,64,104,0,0,183,3,361.204147339
4,"map(alloc: a)",16382,64,104,0,0,183,4,359.249114990
4,"map(alloc: a)",16382,64,104,0,0,183,5,360.906124115
4,"map(alloc: a)",16382,64,104,0,0,183,6,363.850593567
4,"map(alloc: a)",16382,64,104,0,0,183,7,359.344482422
4,"map(alloc: a)",16382,64,104,0,0,183,8,363.600254059
4,"map(alloc: a)",16382,64,104,0,0,183,9,361.359119415
4,"map(alloc: a)",16382,64,104,0,0,8096,0,7260.549068451
4,"map(alloc: a)",16382,64,104,0,0,8096,1,7254.898548126
4,"map(alloc: a)",16382,64,104,0,0,8096,2,7292.950153351
4,"map(alloc: a)",16382,64,104,0,0,8096,3,7300.150394440
4,"map(alloc: a)",16382,64,104,0,0,8096,4,7322.502136230
4,"map(alloc: a)",16382,64,104,0,0,8096,5,7276.296615601
4,"map(alloc: a)",16382,64,104,0,0,8096,6,7419.192790985
4,"map(alloc: a)",16382,64,104,0,0,8096,7,7270.693778992
4,"map(alloc: a)",16382,64,104,0,0,8096,8,7426.393032074
4,"map(alloc: a)",16382,64,104,0,0,8096,9,7426.953315735
4,"map(alloc: a)",16382,64,104,0,0,758,0,845.789909363
4,"map(alloc: a)",16382,64,104,0,0,758,1,852.453708649
4,"map(alloc: a)",16382,64,104,0,0,758,2,860.047340393
4,"map(alloc: a)",16382,64,104,0,0,758,3,846.147537231
4,"map(alloc: a)",16382,64,104,0,0,758,4,861.394405365
4,"map(alloc: a)",16382,64,104,0,0,758,5,851.249694824
4,"map(alloc: a)",16382,64,104,0,0,758,6,856.947898865
4,"map(alloc: a)",16382,64,104,0,0,758,7,858.259201050
4,"map(alloc: a)",16382,64,104,0,0,758,8,858.545303345
4,"map(alloc: a)",16382,64,104,0,0,758,9,860.953330994
4,"map(alloc: a)",16382,64,104,0,0,71,0,265.502929688
4,"map(alloc: a)",16382,64,104,0,0,71,1,264.501571655
4,"map(alloc: a)",16382,64,104,0,0,71,2,266.349315643
4,"map(alloc: a)",16382,64,104,0,0,71,3,264.394283295
4,"map(alloc: a)",16382,64,104,0,0,71,4,265.955924988
4,"map(alloc: a)",16382,64,104,0,0,71,5,266.396999359
4,"map(alloc: a)",16382,64,104,0,0,71,6,265.407562256
4,"map(alloc: a)",16382,64,104,0,0,71,7,266.301631927
4,"map(alloc: a)",16382,64,104,0,0,71,8,267.350673676
4,"map(alloc: a)",16382,64,104,0,0,71,9,265.097618103
4,"map(alloc: a)",16382,64,104,0,0,2,0,199.007987976
4,"map(alloc: a)",16382,64,104,0,0,2,1,198.495388031
4,"map(alloc: a)",16382,64,104,0,0,2,2,198.447704315
4,"map(alloc: a)",16382,64,104,0,0,2,3,198.304653168
4,"map(alloc: a)",16382,64,104,0,0,2,4,198.745727539
4,"map(alloc: a)",16382,64,104,0,0,2,5,198.447704315
4,"map(alloc: a)",16382,64,104,0,0,2,6,198.400020599
4,"map(alloc: a)",16382,64,104,0,0,2,7,198.698043823
4,"map(alloc: a)",16382,64,104,0,0,2,8,198.602676392
4,"map(alloc: a)",16382,64,104,0,0,2,9,198.495388031
4,"map(alloc: a)",16382,64,104,0,0,11,0,211.405754089
4,"map(alloc: a)",16382,64,104,0,0,11,1,211.739540100
4,"map(alloc: a)",16382,64,104,0,0,11,2,211.250782013
4,"map(alloc: a)",16382,64,104,0,0,11,3,211.608409882
4,"map(alloc: a)",16382,64,104,0,0,11,4,211.501121521
4,"map(alloc: a)",16382,64,104,0,0,11,5,211.107730865
4,"map(alloc: a)",16382,64,104,0,0,11,6,211.858749390
4,"map(alloc: a)",16382,64,104,0,0,11,7,211.548805237
4,"map(alloc: a)",16382,64,104,0,0,11,8,211.954116821
4,"map(alloc: a)",16382,64,104,0,0,11,9,211.799144745
4,"map(alloc: a)",16382,64,104,0,0,28,0,227.344036102
4,"map(alloc: a)",16382,64,104,0,0,28,1,226.891040802
4,"map(alloc: a)",16382,64,104,0,0,28,2,226.247310638
4,"map(alloc: a)",16382,64,104,0,0,28,3,226.104259491
4,"map(alloc: a)",16382,64,104,0,0,28,4,226.700305939
4,"map(alloc: a)",16382,64,104,0,0,28,5,225.996971130
4,"map(alloc: a)",16382,64,104,0,0,28,6,226.449966431
4,"map(alloc: a)",16382,64,104,0,0,28,7,226.402282715
4,"map(alloc: a)",16382,64,104,0,0,28,8,226.151943207
4,"map(alloc: a)",16382,64,104,0,0,28,9,226.557254791
4,"map(alloc: a)",16382,64,104,0,0,5042,0,4634.797573090
4,"map(alloc: a)",16382,64,104,0,0,5042,1,4533.553123474
4,"map(alloc: a)",16382,64,104,0,0,5042,2,4636.502265930
4,"map(alloc: a)",16382,64,104,0,0,5042,3,4568.195343018
4,"map(alloc: a)",16382,64,104,0,0,5042,4,4606.056213379
4,"map(alloc: a)",16382,64,104,0,0,5042,5,4617.643356323
4,"map(alloc: a)",16382,64,104,0,0,5042,6,4630.005359650
4,"map(alloc: a)",16382,64,104,0,0,5042,7,4643.344879150
4,"map(alloc: a)",16382,64,104,0,0,5042,8,4646.706581116
4,"map(alloc: a)",16382,64,104,0,0,5042,9,4616.403579712
4,"map(alloc: a)",16382,64,104,0,0,1218,0,1293.599605560
4,"map(alloc: a)",16382,64,104,0,0,1218,1,1267.099380493
4,"map(alloc: a)",16382,64,104,0,0,1218,2,1260.340213776
4,"map(alloc: a)",16382,64,104,0,0,1218,3,1248.204708099
4,"map(alloc: a)",16382,64,104,0,0,1218,4,1237.142086029
4,"map(alloc: a)",16382,64,104,0,0,1218,5,1247.453689575
4,"map(alloc: a)",16382,64,104,0,0,1218,6,1257.753372192
4,"map(alloc: a)",16382,64,104,0,0,1218,7,1234.400272369
4,"map(alloc: a)",16382,64,104,0,0,1218,8,1263.201236725
4,"map(alloc: a)",16382,64,104,0,0,1218,9,1250.100135803
4,"map(alloc: a)",16382,64,104,0,0,472,0,612.306594849
4,"map(alloc: a)",16382,64,104,0,0,472,1,613.200664520
4,"map(alloc: a)",16382,64,104,0,0,472,2,613.200664520
4,"map(alloc: a)",16382,64,104,0,0,472,3,613.856315613
4,"map(alloc: a)",16382,64,104,0,0,472,4,613.999366760
4,"map(alloc: a)",16382,64,104,0,0,472,5,611.197948456
4,"map(alloc: a)",16382,64,104,0,0,472,6,622.308254242
4,"map(alloc: a)",16382,64,104,0,0,472,7,610.852241516
4,"map(alloc: a)",16382,64,104,0,0,472,8,620.305538177
4,"map(alloc: a)",16382,64,104,0,0,472,9,620.949268341
