method_id,method_name,N,thread_count,team_count,set,run,delaylength,outerreps,exec_time_us
1,"map(tofrom: a)",1,64,104,0,0,7,0,485.658645630
1,"map(tofrom: a)",1,64,104,0,0,114,0,581.097602844
1,"map(tofrom: a)",1,64,104,0,0,3,0,483.250617981
1,"map(tofrom: a)",1,64,104,0,0,17,0,496.447086334
1,"map(tofrom: a)",1,64,104,0,0,1,0,473.403930664
1,"map(tofrom: a)",1,64,104,0,0,44,0,506.746768951
1,"map(tofrom: a)",1,64,104,0,0,294,0,724.196434021
1,"map(tofrom: a)",1,64,104,0,0,3140,0,3202.450275421
1,"map(tofrom: a)",1,64,104,0,0,4,0,471.305847168
1,"map(tofrom: a)",1,64,104,0,0,1955,0,2169.799804688
1,"map(tofrom: a)",1,64,104,0,0,183,0,628.602504730
1,"map(tofrom: a)",1,64,104,0,0,8096,0,7437.801361084
1,"map(tofrom: a)",1,64,104,0,0,758,0,1133.549213409
1,"map(tofrom: a)",1,64,104,0,0,71,0,529.849529266
1,"map(tofrom: a)",1,64,104,0,0,2,0,469.458103180
1,"map(tofrom: a)",1,64,104,0,0,11,0,476.801395416
1,"map(tofrom: a)",1,64,104,0,0,28,0,492.501258850
1,"map(tofrom: a)",1,64,104,0,0,5042,0,4890.954494476
1,"map(tofrom: a)",1,64,104,0,0,1218,0,1532.304286957
1,"map(tofrom: a)",1,64,104,0,0,472,0,872.945785522
1,"map(tofrom: a)",1,64,104,0,1,4,0,471.603870392
1,"map(tofrom: a)",1,64,104,0,1,1,0,469.446182251
1,"map(tofrom: a)",1,64,104,0,1,17,0,482.749938965
1,"map(tofrom: a)",1,64,104,0,1,28,0,492.942333221
1,"map(tofrom: a)",1,64,104,0,1,11,0,476.348400116
1,"map(tofrom: a)",1,64,104,0,1,3140,0,3180.396556854
1,"map(tofrom: a)",1,64,104,0,1,2,0,469.398498535
1,"map(tofrom: a)",1,64,104,0,1,758,0,1118.493080139
1,"map(tofrom: a)",1,64,104,0,1,1218,0,1534.354686737
1,"map(tofrom: a)",1,64,104,0,1,44,0,506.997108459
1,"map(tofrom: a)",1,64,104,0,1,71,0,530.004501343
1,"map(tofrom: a)",1,64,104,0,1,114,0,568.103790283
1,"map(tofrom: a)",1,64,104,0,1,294,0,721.597671509
1,"map(tofrom: a)",1,64,104,0,1,7,0,473.296642303
1,"map(tofrom: a)",1,64,104,0,1,183,0,628.006458282
1,"map(tofrom: a)",1,64,104,0,1,8096,0,7454.848289490
1,"map(tofrom: a)",1,64,104,0,1,472,0,886.750221252
1,"map(tofrom: a)",1,64,104,0,1,1955,0,2159.655094147
1,"map(tofrom: a)",1,64,104,0,1,3,0,469.446182251
1,"map(tofrom: a)",1,64,104,0,1,5042,0,4890.799522400
1,"map(tofrom: a)",1,64,104,0,2,3,0,469.493865967
1,"map(tofrom: a)",1,64,104,0,2,44,0,506.651401520
1,"map(tofrom: a)",1,64,104,0,2,1,0,469.350814819
1,"map(tofrom: a)",1,64,104,0,2,183,0,626.301765442
1,"map(tofrom: a)",1,64,104,0,2,294,0,728.845596313
1,"map(tofrom: a)",1,64,104,0,2,5042,0,4827.249050140
1,"map(tofrom: a)",1,64,104,0,2,7,0,472.605228424
1,"map(tofrom: a)",1,64,104,0,2,8096,0,7506.799697876
1,"map(tofrom: a)",1,64,104,0,2,2,0,468.742847443
1,"map(tofrom: a)",1,64,104,0,2,114,0,567.305088043
1,"map(tofrom: a)",1,64,104,0,2,71,0,530.707836151
1,"map(tofrom: a)",1,64,104,0,2,1955,0,2147.197723389
1,"map(tofrom: a)",1,64,104,0,2,17,0,483.751296997
1,"map(tofrom: a)",1,64,104,0,2,472,0,873.351097107
1,"map(tofrom: a)",1,64,104,0,2,11,0,476.396083832
1,"map(tofrom: a)",1,64,104,0,2,1218,0,1534.104347229
1,"map(tofrom: a)",1,64,104,0,2,4,0,471.949577332
1,"map(tofrom: a)",1,64,104,0,2,3140,0,3195.691108704
1,"map(tofrom: a)",1,64,104,0,2,758,0,1134.657859802
1,"map(tofrom: a)",1,64,104,0,2,28,0,491.702556610
1,"map(tofrom: a)",1,64,104,0,3,11,0,477.051734924
1,"map(tofrom: a)",1,64,104,0,3,4,0,471.746921539
1,"map(tofrom: a)",1,64,104,0,3,5042,0,4869.461059570
1,"map(tofrom: a)",1,64,104,0,3,183,0,629.591941833
1,"map(tofrom: a)",1,64,104,0,3,17,0,483.202934265
1,"map(tofrom: a)",1,64,104,0,3,3,0,469.803810120
1,"map(tofrom: a)",1,64,104,0,3,28,0,492.954254150
1,"map(tofrom: a)",1,64,104,0,3,1218,0,1504.755020142
1,"map(tofrom: a)",1,64,104,0,3,114,0,569.903850555
1,"map(tofrom: a)",1,64,104,0,3,758,0,1121.091842651
1,"map(tofrom: a)",1,64,104,0,3,1955,0,2162.349224091
1,"map(tofrom: a)",1,64,104,0,3,472,0,880.300998688
1,"map(tofrom: a)",1,64,104,0,3,7,0,472.855567932
1,"map(tofrom: a)",1,64,104,0,3,44,0,507.199764252
1,"map(tofrom: a)",1,64,104,0,3,3140,0,3203.654289246
1,"map(tofrom: a)",1,64,104,0,3,8096,0,7448.101043701
1,"map(tofrom: a)",1,64,104,0,3,71,0,531.589984894
1,"map(tofrom: a)",1,64,104,0,3,1,0,468.993186951
1,"map(tofrom: a)",1,64,104,0,3,2,0,469.052791595
1,"map(tofrom: a)",1,64,104,0,3,294,0,726.091861725
1,"map(tofrom: a)",1,64,104,0,4,3,0,469.899177551
1,"map(tofrom: a)",1,64,104,0,4,8096,0,7547.807693481
1,"map(tofrom: a)",1,64,104,0,4,1,0,469.446182251
1,"map(tofrom: a)",1,64,104,0,4,28,0,491.845607758
1,"map(tofrom: a)",1,64,104,0,4,17,0,483.751296997
1,"map(tofrom: a)",1,64,104,0,4,5042,0,4859.495162964
1,"map(tofrom: a)",1,64,104,0,4,7,0,473.546981812
1,"map(tofrom: a)",1,64,104,0,4,114,0,568.497180939
1,"map(tofrom: a)",1,64,104,0,4,44,0,506.603717804
1,"map(tofrom: a)",1,64,104,0,4,2,0,469.541549683
1,"map(tofrom: a)",1,64,104,0,4,294,0,725.698471069
1,"map(tofrom: a)",1,64,104,0,4,758,0,1120.305061340
1,"map(tofrom: a)",1,64,104,0,4,183,0,630.450248718
1,"map(tofrom: a)",1,64,104,0,4,4,0,472.056865692
1,"map(tofrom: a)",1,64,104,0,4,1218,0,1526.844501495
1,"map(tofrom: a)",1,64,104,0,4,71,0,531.196594238
1,"map(tofrom: a)",1,64,104,0,4,1955,0,2154.648303986
1,"map(tofrom: a)",1,64,104,0,4,11,0,477.445125580
1,"map(tofrom: a)",1,64,104,0,4,472,0,881.445407867
1,"map(tofrom: a)",1,64,104,0,4,3140,0,3176.844120026
1,"map(tofrom: a)",1,64,104,1,0,2,0,469.851493835
1,"map(tofrom: a)",1,64,104,1,0,4,0,471.961498260
1,"map(tofrom: a)",1,64,104,1,0,472,0,879.549980164
1,"map(tofrom: a)",1,64,104,1,0,3140,0,3202.950954437
1,"map(tofrom: a)",1,64,104,1,0,183,0,627.291202545
1,"map(tofrom: a)",1,64,104,1,0,28,0,492.405891418
1,"map(tofrom: a)",1,64,104,1,0,71,0,531.899929047
1,"map(tofrom: a)",1,64,104,1,0,1218,0,1513.850688934
1,"map(tofrom: a)",1,64,104,1,0,294,0,725.591182709
1,"map(tofrom: a)",1,64,104,1,0,1,0,469.303131104
1,"map(tofrom: a)",1,64,104,1,0,7,0,473.248958588
1,"map(tofrom: a)",1,64,104,1,0,1955,0,2163.100242615
1,"map(tofrom: a)",1,64,104,1,0,758,0,1123.297214508
1,"map(tofrom: a)",1,64,104,1,0,114,0,567.245483398
1,"map(tofrom: a)",1,64,104,1,0,11,0,477.647781372
1,"map(tofrom: a)",1,64,104,1,0,3,0,469.696521759
1,"map(tofrom: a)",1,64,104,1,0,8096,0,7580.149173737
1,"map(tofrom: a)",1,64,104,1,0,44,0,507.354736328
1,"map(tofrom: a)",1,64,104,1,0,17,0,483.953952789
1,"map(tofrom: a)",1,64,104,1,0,5042,0,4906.308650970
1,"map(tofrom: a)",1,64,104,1,1,758,0,1128.196716309
1,"map(tofrom: a)",1,64,104,1,1,3,0,469.851493835
1,"map(tofrom: a)",1,64,104,1,1,3140,0,3211.605548859
1,"map(tofrom: a)",1,64,104,1,1,1955,0,2150.356769562
1,"map(tofrom: a)",1,64,104,1,1,44,0,507.295131683
1,"map(tofrom: a)",1,64,104,1,1,17,0,482.892990112
1,"map(tofrom: a)",1,64,104,1,1,294,0,725.209712982
1,"map(tofrom: a)",1,64,104,1,1,28,0,491.845607758
1,"map(tofrom: a)",1,64,104,1,1,114,0,566.649436951
1,"map(tofrom: a)",1,64,104,1,1,2,0,468.802452087
1,"map(tofrom: a)",1,64,104,1,1,7,0,473.201274872
1,"map(tofrom: a)",1,64,104,1,1,183,0,625.109672546
1,"map(tofrom: a)",1,64,104,1,1,8096,0,7606.959342957
1,"map(tofrom: a)",1,64,104,1,1,11,0,476.896762848
1,"map(tofrom: a)",1,64,104,1,1,1,0,468.647480011
1,"map(tofrom: a)",1,64,104,1,1,1218,0,1529.800891876
1,"map(tofrom: a)",1,64,104,1,1,472,0,875.651836395
1,"map(tofrom: a)",1,64,104,1,1,71,0,529.789924622
1,"map(tofrom: a)",1,64,104,1,1,5042,0,4879.510402679
1,"map(tofrom: a)",1,64,104,1,1,4,0,471.651554108
1,"map(tofrom: a)",1,64,104,1,2,2,0,469.100475311
1,"map(tofrom: a)",1,64,104,1,2,71,0,530.052185059
1,"map(tofrom: a)",1,64,104,1,2,17,0,483.191013336
1,"map(tofrom: a)",1,64,104,1,2,472,0,882.196426392
1,"map(tofrom: a)",1,64,104,1,2,5042,0,4837.644100189
1,"map(tofrom: a)",1,64,104,1,2,28,0,492.250919342
1,"map(tofrom: a)",1,64,104,1,2,44,0,507.247447968
1,"map(tofrom: a)",1,64,104,1,2,1218,0,1514.041423798
1,"map(tofrom: a)",1,64,104,1,2,4,0,471.746921539
1,"map(tofrom: a)",1,64,104,1,2,1955,0,2154.052257538
1,"map(tofrom: a)",1,64,104,1,2,183,0,627.398490906
1,"map(tofrom: a)",1,64,104,1,2,7,0,473.153591156
1,"map(tofrom: a)",1,64,104,1,2,758,0,1123.905181885
1,"map(tofrom: a)",1,64,104,1,2,1,0,469.100475311
1,"map(tofrom: a)",1,64,104,1,2,3140,0,3218.746185303
1,"map(tofrom: a)",1,64,104,1,2,8096,0,7439.553737640
1,"map(tofrom: a)",1,64,104,1,2,3,0,469.899177551
1,"map(tofrom: a)",1,64,104,1,2,114,0,565.958023071
1,"map(tofrom: a)",1,64,104,1,2,11,0,476.300716400
1,"map(tofrom: a)",1,64,104,1,2,294,0,724.852085114
1,"map(tofrom: a)",1,64,104,1,3,1,0,468.945503235
1,"map(tofrom: a)",1,64,104,1,3,17,0,483.250617981
1,"map(tofrom: a)",1,64,104,1,3,294,0,728.690624237
1,"map(tofrom: a)",1,64,104,1,3,5042,0,4807.698726654
1,"map(tofrom: a)",1,64,104,1,3,114,0,569.093227386
1,"map(tofrom: a)",1,64,104,1,3,28,0,491.201877594
1,"map(tofrom: a)",1,64,104,1,3,1218,0,1527.810096741
1,"map(tofrom: a)",1,64,104,1,3,2,0,469.255447388
1,"map(tofrom: a)",1,64,104,1,3,3,0,469.696521759
1,"map(tofrom: a)",1,64,104,1,3,4,0,471.854209900
1,"map(tofrom: a)",1,64,104,1,3,758,0,1133.644580841
1,"map(tofrom: a)",1,64,104,1,3,11,0,476.658344269
1,"map(tofrom: a)",1,64,104,1,3,44,0,508.093833923
1,"map(tofrom: a)",1,64,104,1,3,472,0,875.747203827
1,"map(tofrom: a)",1,64,104,1,3,7,0,472.998619080
1,"map(tofrom: a)",1,64,104,1,3,1955,0,2178.001403809
1,"map(tofrom: a)",1,64,104,1,3,71,0,529.301166534
1,"map(tofrom: a)",1,64,104,1,3,183,0,627.946853638
1,"map(tofrom: a)",1,64,104,1,3,8096,0,7532.703876495
1,"map(tofrom: a)",1,64,104,1,3,3140,0,3165.256977081
1,"map(tofrom: a)",1,64,104,1,4,472,0,885.450839996
1,"map(tofrom: a)",1,64,104,1,4,71,0,529.503822327
1,"map(tofrom: a)",1,64,104,1,4,1,0,469.100475311
1,"map(tofrom: a)",1,64,104,1,4,11,0,477.099418640
1,"map(tofrom: a)",1,64,104,1,4,4,0,471.556186676
1,"map(tofrom: a)",1,64,104,1,4,3140,0,3203.201293945
1,"map(tofrom: a)",1,64,104,1,4,28,0,492.048263550
1,"map(tofrom: a)",1,64,104,1,4,1218,0,1513.600349426
1,"map(tofrom: a)",1,64,104,1,4,2,0,469.195842743
1,"map(tofrom: a)",1,64,104,1,4,183,0,626.492500305
1,"map(tofrom: a)",1,64,104,1,4,5042,0,4881.095886230
1,"map(tofrom: a)",1,64,104,1,4,114,0,567.352771759
1,"map(tofrom: a)",1,64,104,1,4,3,0,469.648838043
1,"map(tofrom: a)",1,64,104,1,4,44,0,506.901741028
1,"map(tofrom: a)",1,64,104,1,4,758,0,1127.946376801
1,"map(tofrom: a)",1,64,104,1,4,8096,0,7407.498359680
1,"map(tofrom: a)",1,64,104,1,4,1955,0,2191.245555878
1,"map(tofrom: a)",1,64,104,1,4,294,0,721.549987793
1,"map(tofrom: a)",1,64,104,1,4,7,0,473.093986511
1,"map(tofrom: a)",1,64,104,1,4,17,0,483.357906342
1,"map(tofrom: a)",4,64,104,0,0,7,0,472.450256348
1,"map(tofrom: a)",4,64,104,0,0,114,0,569.009780884
1,"map(tofrom: a)",4,64,104,0,0,3,0,469.851493835
1,"map(tofrom: a)",4,64,104,0,0,17,0,483.250617981
1,"map(tofrom: a)",4,64,104,0,0,1,0,468.802452087
1,"map(tofrom: a)",4,64,104,0,0,44,0,506.103038788
1,"map(tofrom: a)",4,64,104,0,0,294,0,724.756717682
1,"map(tofrom: a)",4,64,104,0,0,3140,0,3198.254108429
1,"map(tofrom: a)",4,64,104,0,0,4,0,471.353530884
1,"map(tofrom: a)",4,64,104,0,0,1955,0,2165.293693542
1,"map(tofrom: a)",4,64,104,0,0,183,0,629.293918610
1,"map(tofrom: a)",4,64,104,0,0,8096,0,7482.004165649
1,"map(tofrom: a)",4,64,104,0,0,758,0,1134.347915649
1,"map(tofrom: a)",4,64,104,0,0,71,0,529.706478119
1,"map(tofrom: a)",4,64,104,0,0,2,0,469.100475311
1,"map(tofrom: a)",4,64,104,0,0,11,0,477.290153503
1,"map(tofrom: a)",4,64,104,0,0,28,0,491.702556610
1,"map(tofrom: a)",4,64,104,0,0,5042,0,4872.703552246
1,"map(tofrom: a)",4,64,104,0,0,1218,0,1543.045043945
1,"map(tofrom: a)",4,64,104,0,0,472,0,874.149799347
1,"map(tofrom: a)",4,64,104,0,1,4,0,471.341609955
1,"map(tofrom: a)",4,64,104,0,1,1,0,469.052791595
1,"map(tofrom: a)",4,64,104,0,1,17,0,483.500957489
1,"map(tofrom: a)",4,64,104,0,1,28,0,492.393970490
1,"map(tofrom: a)",4,64,104,0,1,11,0,476.956367493
1,"map(tofrom: a)",4,64,104,0,1,3140,0,3201.448917389
1,"map(tofrom: a)",4,64,104,0,1,2,0,469.493865967
1,"map(tofrom: a)",4,64,104,0,1,758,0,1119.506359100
1,"map(tofrom: a)",4,64,104,0,1,1218,0,1535.344123840
1,"map(tofrom: a)",4,64,104,0,1,44,0,505.900382996
1,"map(tofrom: a)",4,64,104,0,1,71,0,530.993938446
1,"map(tofrom: a)",4,64,104,0,1,114,0,568.401813507
1,"map(tofrom: a)",4,64,104,0,1,294,0,722.801685333
1,"map(tofrom: a)",4,64,104,0,1,7,0,473.248958588
1,"map(tofrom: a)",4,64,104,0,1,183,0,628.852844238
1,"map(tofrom: a)",4,64,104,0,1,8096,0,7423.698902130
1,"map(tofrom: a)",4,64,104,0,1,472,0,883.805751801
1,"map(tofrom: a)",4,64,104,0,1,1955,0,2152.740955353
1,"map(tofrom: a)",4,64,104,0,1,3,0,469.791889191
1,"map(tofrom: a)",4,64,104,0,1,5042,0,4891.204833984
1,"map(tofrom: a)",4,64,104,0,2,3,0,469.803810120
1,"map(tofrom: a)",4,64,104,0,2,44,0,506.341457367
1,"map(tofrom: a)",4,64,104,0,2,1,0,469.040870667
1,"map(tofrom: a)",4,64,104,0,2,183,0,625.455379486
1,"map(tofrom: a)",4,64,104,0,2,294,0,726.497173309
1,"map(tofrom: a)",4,64,104,0,2,5042,0,4830.944538116
1,"map(tofrom: a)",4,64,104,0,2,7,0,473.201274872
1,"map(tofrom: a)",4,64,104,0,2,8096,0,7559.347152710
1,"map(tofrom: a)",4,64,104,0,2,2,0,468.754768372
1,"map(tofrom: a)",4,64,104,0,2,114,0,566.995143890
1,"map(tofrom: a)",4,64,104,0,2,71,0,530.743598938
1,"map(tofrom: a)",4,64,104,0,2,1955,0,2152.097225189
1,"map(tofrom: a)",4,64,104,0,2,17,0,484.049320221
1,"map(tofrom: a)",4,64,104,0,2,472,0,876.653194427
1,"map(tofrom: a)",4,64,104,0,2,11,0,476.503372192
1,"map(tofrom: a)",4,64,104,0,2,1218,0,1531.708240509
1,"map(tofrom: a)",4,64,104,0,2,4,0,471.997261047
1,"map(tofrom: a)",4,64,104,0,2,3140,0,3201.854228973
1,"map(tofrom: a)",4,64,104,0,2,758,0,1131.594181061
1,"map(tofrom: a)",4,64,104,0,2,28,0,491.797924042
1,"map(tofrom: a)",4,64,104,0,3,11,0,477.051734924
1,"map(tofrom: a)",4,64,104,0,3,4,0,471.198558807
1,"map(tofrom: a)",4,64,104,0,3,5042,0,4879.748821259
1,"map(tofrom: a)",4,64,104,0,3,183,0,627.398490906
1,"map(tofrom: a)",4,64,104,0,3,17,0,482.749938965
1,"map(tofrom: a)",4,64,104,0,3,3,0,470.054149628
1,"map(tofrom: a)",4,64,104,0,3,28,0,492.346286774
1,"map(tofrom: a)",4,64,104,0,3,1218,0,1512.956619263
1,"map(tofrom: a)",4,64,104,0,3,114,0,569.796562195
1,"map(tofrom: a)",4,64,104,0,3,758,0,1118.695735931
1,"map(tofrom: a)",4,64,104,0,3,1955,0,2164.304256439
1,"map(tofrom: a)",4,64,104,0,3,472,0,882.303714752
1,"map(tofrom: a)",4,64,104,0,3,7,0,473.248958588
1,"map(tofrom: a)",4,64,104,0,3,44,0,506.806373596
1,"map(tofrom: a)",4,64,104,0,3,3140,0,3227.555751801
1,"map(tofrom: a)",4,64,104,0,3,8096,0,7442.045211792
1,"map(tofrom: a)",4,64,104,0,3,71,0,532.150268555
1,"map(tofrom: a)",4,64,104,0,3,1,0,469.100475311
1,"map(tofrom: a)",4,64,104,0,3,2,0,469.255447388
1,"map(tofrom: a)",4,64,104,0,3,294,0,726.449489594
1,"map(tofrom: a)",4,64,104,0,4,3,0,469.946861267
1,"map(tofrom: a)",4,64,104,0,4,8096,0,7528.448104858
1,"map(tofrom: a)",4,64,104,0,4,1,0,469.648838043
1,"map(tofrom: a)",4,64,104,0,4,28,0,491.201877594
1,"map(tofrom: a)",4,64,104,0,4,17,0,484.097003937
1,"map(tofrom: a)",4,64,104,0,4,5042,0,4823.052883148
1,"map(tofrom: a)",4,64,104,0,4,7,0,474.095344543
1,"map(tofrom: a)",4,64,104,0,4,114,0,567.698478699
1,"map(tofrom: a)",4,64,104,0,4,44,0,506.854057312
1,"map(tofrom: a)",4,64,104,0,4,2,0,469.505786896
1,"map(tofrom: a)",4,64,104,0,4,294,0,724.601745605
1,"map(tofrom: a)",4,64,104,0,4,758,0,1120.209693909
1,"map(tofrom: a)",4,64,104,0,4,183,0,629.842281342
1,"map(tofrom: a)",4,64,104,0,4,4,0,471.794605255
1,"map(tofrom: a)",4,64,104,0,4,1218,0,1534.199714661
1,"map(tofrom: a)",4,64,104,0,4,71,0,531.101226807
1,"map(tofrom: a)",4,64,104,0,4,1955,0,2155.554294586
1,"map(tofrom: a)",4,64,104,0,4,11,0,477.290153503
1,"map(tofrom: a)",4,64,104,0,4,472,0,880.706310272
1,"map(tofrom: a)",4,64,104,0,4,3140,0,3162.598609924
1,"map(tofrom: a)",4,64,104,1,0,2,0,469.696521759
1,"map(tofrom: a)",4,64,104,1,0,4,0,471.496582031
1,"map(tofrom: a)",4,64,104,1,0,472,0,880.146026611
1,"map(tofrom: a)",4,64,104,1,0,3140,0,3211.653232574
1,"map(tofrom: a)",4,64,104,1,0,183,0,625.789165497
1,"map(tofrom: a)",4,64,104,1,0,28,0,492.346286774
1,"map(tofrom: a)",4,64,104,1,0,71,0,530.493259430
1,"map(tofrom: a)",4,64,104,1,0,1218,0,1514.995098114
1,"map(tofrom: a)",4,64,104,1,0,294,0,728.356838226
1,"map(tofrom: a)",4,64,104,1,0,1,0,468.695163727
1,"map(tofrom: a)",4,64,104,1,0,7,0,473.403930664
1,"map(tofrom: a)",4,64,104,1,0,1955,0,2170.252799988
1,"map(tofrom: a)",4,64,104,1,0,758,0,1121.401786804
1,"map(tofrom: a)",4,64,104,1,0,114,0,568.008422852
1,"map(tofrom: a)",4,64,104,1,0,11,0,476.896762848
1,"map(tofrom: a)",4,64,104,1,0,3,0,469.541549683
1,"map(tofrom: a)",4,64,104,1,0,8096,0,7630.741596222
1,"map(tofrom: a)",4,64,104,1,0,44,0,506.496429443
1,"map(tofrom: a)",4,64,104,1,0,17,0,483.155250549
1,"map(tofrom: a)",4,64,104,1,0,5042,0,4868.507385254
1,"map(tofrom: a)",4,64,104,1,1,758,0,1124.691963196
1,"map(tofrom: a)",4,64,104,1,1,3,0,469.696521759
1,"map(tofrom: a)",4,64,104,1,1,3140,0,3223.049640656
1,"map(tofrom: a)",4,64,104,1,1,1955,0,2147.603034973
1,"map(tofrom: a)",4,64,104,1,1,44,0,506.842136383
1,"map(tofrom: a)",4,64,104,1,1,17,0,483.047962189
1,"map(tofrom: a)",4,64,104,1,1,294,0,726.008415222
1,"map(tofrom: a)",4,64,104,1,1,28,0,492.608547211
1,"map(tofrom: a)",4,64,104,1,1,114,0,566.458702087
1,"map(tofrom: a)",4,64,104,1,1,2,0,468.802452087
1,"map(tofrom: a)",4,64,104,1,1,7,0,473.201274872
1,"map(tofrom: a)",4,64,104,1,1,183,0,625.050067902
1,"map(tofrom: a)",4,64,104,1,1,8096,0,7578.158378601
1,"map(tofrom: a)",4,64,104,1,1,11,0,476.551055908
1,"map(tofrom: a)",4,64,104,1,1,1,0,469.350814819
1,"map(tofrom: a)",4,64,104,1,1,1218,0,1535.546779633
1,"map(tofrom: a)",4,64,104,1,1,472,0,879.049301147
1,"map(tofrom: a)",4,64,104,1,1,71,0,530.302524567
1,"map(tofrom: a)",4,64,104,1,1,5042,0,4886.293411255
1,"map(tofrom: a)",4,64,104,1,1,4,0,472.450256348
1,"map(tofrom: a)",4,64,104,1,2,2,0,468.599796295
1,"map(tofrom: a)",4,64,104,1,2,71,0,530.397891998
1,"map(tofrom: a)",4,64,104,1,2,17,0,483.751296997
1,"map(tofrom: a)",4,64,104,1,2,472,0,883.197784424
1,"map(tofrom: a)",4,64,104,1,2,5042,0,4841.506481171
1,"map(tofrom: a)",4,64,104,1,2,28,0,491.750240326
1,"map(tofrom: a)",4,64,104,1,2,44,0,506.794452667
1,"map(tofrom: a)",4,64,104,1,2,1218,0,1508.498191833
1,"map(tofrom: a)",4,64,104,1,2,4,0,471.055507660
1,"map(tofrom: a)",4,64,104,1,2,1955,0,2156.150341034
1,"map(tofrom: a)",4,64,104,1,2,183,0,627.398490906
1,"map(tofrom: a)",4,64,104,1,2,7,0,473.403930664
1,"map(tofrom: a)",4,64,104,1,2,758,0,1121.902465820
1,"map(tofrom: a)",4,64,104,1,2,1,0,468.707084656
1,"map(tofrom: a)",4,64,104,1,2,3140,0,3207.838535309
1,"map(tofrom: a)",4,64,104,1,2,8096,0,7480.704784393
1,"map(tofrom: a)",4,64,104,1,2,3,0,470.054149628
1,"map(tofrom: a)",4,64,104,1,2,114,0,566.697120667
1,"map(tofrom: a)",4,64,104,1,2,11,0,476.348400116
1,"map(tofrom: a)",4,64,104,1,2,294,0,726.449489594
1,"map(tofrom: a)",4,64,104,1,3,1,0,469.505786896
1,"map(tofrom: a)",4,64,104,1,3,17,0,483.500957489
1,"map(tofrom: a)",4,64,104,1,3,294,0,726.592540741
1,"map(tofrom: a)",4,64,104,1,3,5042,0,4815.089702606
1,"map(tofrom: a)",4,64,104,1,3,114,0,574.100017548
1,"map(tofrom: a)",4,64,104,1,3,28,0,491.607189178
1,"map(tofrom: a)",4,64,104,1,3,1218,0,1522.243022919
1,"map(tofrom: a)",4,64,104,1,3,2,0,469.946861267
1,"map(tofrom: a)",4,64,104,1,3,3,0,469.601154327
1,"map(tofrom: a)",4,64,104,1,3,4,0,472.402572632
1,"map(tofrom: a)",4,64,104,1,3,758,0,1132.249832153
1,"map(tofrom: a)",4,64,104,1,3,11,0,476.598739624
1,"map(tofrom: a)",4,64,104,1,3,44,0,508.201122284
1,"map(tofrom: a)",4,64,104,1,3,472,0,873.196125031
1,"map(tofrom: a)",4,64,104,1,3,7,0,473.201274872
1,"map(tofrom: a)",4,64,104,1,3,1955,0,2174.150943756
1,"map(tofrom: a)",4,64,104,1,3,71,0,529.897212982
1,"map(tofrom: a)",4,64,104,1,3,183,0,629.651546478
1,"map(tofrom: a)",4,64,104,1,3,8096,0,7574.307918549
1,"map(tofrom: a)",4,64,104,1,3,3140,0,3162.395954132
1,"map(tofrom: a)",4,64,104,1,4,472,0,885.152816772
1,"map(tofrom: a)",4,64,104,1,4,71,0,529.706478119
1,"map(tofrom: a)",4,64,104,1,4,1,0,468.897819519
1,"map(tofrom: a)",4,64,104,1,4,11,0,477.707386017
1,"map(tofrom: a)",4,64,104,1,4,4,0,471.699237823
1,"map(tofrom: a)",4,64,104,1,4,3140,0,3209.209442139
1,"map(tofrom: a)",4,64,104,1,4,28,0,492.799282074
1,"map(tofrom: a)",4,64,104,1,4,1218,0,1509.308815002
1,"map(tofrom: a)",4,64,104,1,4,2,0,469.195842743
1,"map(tofrom: a)",4,64,104,1,4,183,0,627.338886261
1,"map(tofrom: a)",4,64,104,1,4,5042,0,4877.090454102
1,"map(tofrom: a)",4,64,104,1,4,114,0,568.604469299
1,"map(tofrom: a)",4,64,104,1,4,3,0,469.350814819
1,"map(tofrom: a)",4,64,104,1,4,44,0,507.748126984
1,"map(tofrom: a)",4,64,104,1,4,758,0,1128.196716309
1,"map(tofrom: a)",4,64,104,1,4,8096,0,7431.197166443
1,"map(tofrom: a)",4,64,104,1,4,1955,0,2195.096015930
1,"map(tofrom: a)",4,64,104,1,4,294,0,722.301006317
1,"map(tofrom: a)",4,64,104,1,4,7,0,473.403930664
1,"map(tofrom: a)",4,64,104,1,4,17,0,483.548641205
1,"map(tofrom: a)",16,64,104,0,0,7,0,471.341609955
1,"map(tofrom: a)",16,64,104,0,0,114,0,568.151473999
1,"map(tofrom: a)",16,64,104,0,0,3,0,470.447540283
1,"map(tofrom: a)",16,64,104,0,0,17,0,482.356548309
1,"map(tofrom: a)",16,64,104,0,0,1,0,469.052791595
1,"map(tofrom: a)",16,64,104,0,0,44,0,505.995750427
1,"map(tofrom: a)",16,64,104,0,0,294,0,724.005699158
1,"map(tofrom: a)",16,64,104,0,0,3140,0,3227.448463440
1,"map(tofrom: a)",16,64,104,0,0,4,0,470.852851868
1,"map(tofrom: a)",16,64,104,0,0,1955,0,2170.801162720
1,"map(tofrom: a)",16,64,104,0,0,183,0,627.553462982
1,"map(tofrom: a)",16,64,104,0,0,8096,0,7440.042495728
1,"map(tofrom: a)",16,64,104,0,0,758,0,1138.949394226
1,"map(tofrom: a)",16,64,104,0,0,71,0,528.550148010
1,"map(tofrom: a)",16,64,104,0,0,2,0,468.599796295
1,"map(tofrom: a)",16,64,104,0,0,11,0,476.300716400
1,"map(tofrom: a)",16,64,104,0,0,28,0,491.249561310
1,"map(tofrom: a)",16,64,104,0,0,5042,0,4894.101619720
1,"map(tofrom: a)",16,64,104,0,0,1218,0,1527.702808380
1,"map(tofrom: a)",16,64,104,0,0,472,0,871.849060059
1,"map(tofrom: a)",16,64,104,0,1,4,0,471.508502960
1,"map(tofrom: a)",16,64,104,0,1,1,0,469.100475311
1,"map(tofrom: a)",16,64,104,0,1,17,0,483.644008636
1,"map(tofrom: a)",16,64,104,0,1,28,0,491.797924042
1,"map(tofrom: a)",16,64,104,0,1,11,0,476.491451263
1,"map(tofrom: a)",16,64,104,0,1,3140,0,3193.855285645
1,"map(tofrom: a)",16,64,104,0,1,2,0,468.409061432
1,"map(tofrom: a)",16,64,104,0,1,758,0,1123.249530792
1,"map(tofrom: a)",16,64,104,0,1,1218,0,1537.954807281
1,"map(tofrom: a)",16,64,104,0,1,44,0,506.997108459
1,"map(tofrom: a)",16,64,104,0,1,71,0,530.445575714
1,"map(tofrom: a)",16,64,104,0,1,114,0,567.591190338
1,"map(tofrom: a)",16,64,104,0,1,294,0,722.539424896
1,"map(tofrom: a)",16,64,104,0,1,7,0,473.499298096
1,"map(tofrom: a)",16,64,104,0,1,183,0,630.152225494
1,"map(tofrom: a)",16,64,104,0,1,8096,0,7434.654235840
1,"map(tofrom: a)",16,64,104,0,1,472,0,883.710384369
1,"map(tofrom: a)",16,64,104,0,1,1955,0,2146.649360657
1,"map(tofrom: a)",16,64,104,0,1,3,0,469.756126404
1,"map(tofrom: a)",16,64,104,0,1,5042,0,4870.843887329
1,"map(tofrom: a)",16,64,104,0,2,3,0,469.350814819
1,"map(tofrom: a)",16,64,104,0,2,44,0,507.199764252
1,"map(tofrom: a)",16,64,104,0,2,1,0,468.742847443
1,"map(tofrom: a)",16,64,104,0,2,183,0,625.395774841
1,"map(tofrom: a)",16,64,104,0,2,294,0,725.853443146
1,"map(tofrom: a)",16,64,104,0,2,5042,0,4813.206195831
1,"map(tofrom: a)",16,64,104,0,2,7,0,473.594665527
1,"map(tofrom: a)",16,64,104,0,2,8096,0,7535.350322723
1,"map(tofrom: a)",16,64,104,0,2,2,0,469.148159027
1,"map(tofrom: a)",16,64,104,0,2,114,0,568.056106567
1,"map(tofrom: a)",16,64,104,0,2,71,0,530.004501343
1,"map(tofrom: a)",16,64,104,0,2,1955,0,2143.955230713
1,"map(tofrom: a)",16,64,104,0,2,17,0,483.000278473
1,"map(tofrom: a)",16,64,104,0,2,472,0,874.400138855
1,"map(tofrom: a)",16,64,104,0,2,11,0,476.253032684
1,"map(tofrom: a)",16,64,104,0,2,1218,0,1532.447338104
1,"map(tofrom: a)",16,64,104,0,2,4,0,471.246242523
1,"map(tofrom: a)",16,64,104,0,2,3140,0,3179.550170898
1,"map(tofrom: a)",16,64,104,0,2,758,0,1130.950450897
1,"map(tofrom: a)",16,64,104,0,2,28,0,490.951538086
1,"map(tofrom: a)",16,64,104,0,3,11,0,476.300716400
1,"map(tofrom: a)",16,64,104,0,3,4,0,471.293926239
1,"map(tofrom: a)",16,64,104,0,3,5042,0,4866.993427277
1,"map(tofrom: a)",16,64,104,0,3,183,0,628.304481506
1,"map(tofrom: a)",16,64,104,0,3,17,0,483.047962189
1,"map(tofrom: a)",16,64,104,0,3,3,0,469.052791595
1,"map(tofrom: a)",16,64,104,0,3,28,0,492.155551910
1,"map(tofrom: a)",16,64,104,0,3,1218,0,1515.400409698
1,"map(tofrom: a)",16,64,104,0,3,114,0,569.248199463
1,"map(tofrom: a)",16,64,104,0,3,758,0,1123.261451721
1,"map(tofrom: a)",16,64,104,0,3,1955,0,2162.992954254
1,"map(tofrom: a)",16,64,104,0,3,472,0,880.551338196
1,"map(tofrom: a)",16,64,104,0,3,7,0,472.795963287
1,"map(tofrom: a)",16,64,104,0,3,44,0,506.198406219
1,"map(tofrom: a)",16,64,104,0,3,3140,0,3218.996524811
1,"map(tofrom: a)",16,64,104,0,3,8096,0,7476.055622101
1,"map(tofrom: a)",16,64,104,0,3,71,0,531.661510468
1,"map(tofrom: a)",16,64,104,0,3,1,0,468.456745148
1,"map(tofrom: a)",16,64,104,0,3,2,0,468.647480011
1,"map(tofrom: a)",16,64,104,0,3,294,0,723.350048065
1,"map(tofrom: a)",16,64,104,0,4,3,0,469.052791595
1,"map(tofrom: a)",16,64,104,0,4,8096,0,7532.143592834
1,"map(tofrom: a)",16,64,104,0,4,1,0,468.349456787
1,"map(tofrom: a)",16,64,104,0,4,28,0,491.547584534
1,"map(tofrom: a)",16,64,104,0,4,17,0,483.393669128
1,"map(tofrom: a)",16,64,104,0,4,5042,0,4808.604717255
1,"map(tofrom: a)",16,64,104,0,4,7,0,472.950935364
1,"map(tofrom: a)",16,64,104,0,4,114,0,568.151473999
1,"map(tofrom: a)",16,64,104,0,4,44,0,505.602359772
1,"map(tofrom: a)",16,64,104,0,4,2,0,468.707084656
1,"map(tofrom: a)",16,64,104,0,4,294,0,726.056098938
1,"map(tofrom: a)",16,64,104,0,4,758,0,1119.601726532
1,"map(tofrom: a)",16,64,104,0,4,183,0,629.699230194
1,"map(tofrom: a)",16,64,104,0,4,4,0,471.448898315
1,"map(tofrom: a)",16,64,104,0,4,1218,0,1526.606082916
1,"map(tofrom: a)",16,64,104,0,4,71,0,530.946254730
1,"map(tofrom: a)",16,64,104,0,4,1955,0,2158.296108246
1,"map(tofrom: a)",16,64,104,0,4,11,0,477.254390717
1,"map(tofrom: a)",16,64,104,0,4,472,0,881.147384644
1,"map(tofrom: a)",16,64,104,0,4,3140,0,3139.901161194
1,"map(tofrom: a)",16,64,104,1,0,2,0,468.599796295
1,"map(tofrom: a)",16,64,104,1,0,4,0,471.103191376
1,"map(tofrom: a)",16,64,104,1,0,472,0,876.152515411
1,"map(tofrom: a)",16,64,104,1,0,3140,0,3204.894065857
1,"map(tofrom: a)",16,64,104,1,0,183,0,625.896453857
1,"map(tofrom: a)",16,64,104,1,0,28,0,491.642951965
1,"map(tofrom: a)",16,64,104,1,0,71,0,529.301166534
1,"map(tofrom: a)",16,64,104,1,0,1218,0,1514.256000519
1,"map(tofrom: a)",16,64,104,1,0,294,0,727.200508118
1,"map(tofrom: a)",16,64,104,1,0,1,0,468.254089355
1,"map(tofrom: a)",16,64,104,1,0,7,0,472.843647003
1,"map(tofrom: a)",16,64,104,1,0,1955,0,2176.094055176
1,"map(tofrom: a)",16,64,104,1,0,758,0,1121.842861176
1,"map(tofrom: a)",16,64,104,1,0,114,0,566.947460175
1,"map(tofrom: a)",16,64,104,1,0,11,0,475.597381592
1,"map(tofrom: a)",16,64,104,1,0,3,0,468.647480011
1,"map(tofrom: a)",16,64,104,1,0,8096,0,7626.545429230
1,"map(tofrom: a)",16,64,104,1,0,44,0,506.746768951
1,"map(tofrom: a)",16,64,104,1,0,17,0,481.843948364
1,"map(tofrom: a)",16,64,104,1,0,5042,0,4886.949062347
1,"map(tofrom: a)",16,64,104,1,1,758,0,1120.007038116
1,"map(tofrom: a)",16,64,104,1,1,3,0,469.601154327
1,"map(tofrom: a)",16,64,104,1,1,3140,0,3208.303451538
1,"map(tofrom: a)",16,64,104,1,1,1955,0,2148.401737213
1,"map(tofrom: a)",16,64,104,1,1,44,0,507.044792175
1,"map(tofrom: a)",16,64,104,1,1,17,0,482.845306396
1,"map(tofrom: a)",16,64,104,1,1,294,0,723.695755005
1,"map(tofrom: a)",16,64,104,1,1,28,0,491.952896118
1,"map(tofrom: a)",16,64,104,1,1,114,0,566.101074219
1,"map(tofrom: a)",16,64,104,1,1,2,0,469.052791595
1,"map(tofrom: a)",16,64,104,1,1,7,0,472.807884216
1,"map(tofrom: a)",16,64,104,1,1,183,0,625.348091125
1,"map(tofrom: a)",16,64,104,1,1,8096,0,7630.550861359
1,"map(tofrom: a)",16,64,104,1,1,11,0,476.396083832
1,"map(tofrom: a)",16,64,104,1,1,1,0,468.492507935
1,"map(tofrom: a)",16,64,104,1,1,1218,0,1526.391506195
1,"map(tofrom: a)",16,64,104,1,1,472,0,876.796245575
1,"map(tofrom: a)",16,64,104,1,1,71,0,529.897212982
1,"map(tofrom: a)",16,64,104,1,1,5042,0,4903.101921082
1,"map(tofrom: a)",16,64,104,1,1,4,0,471.508502960
1,"map(tofrom: a)",16,64,104,1,2,2,0,469.195842743
1,"map(tofrom: a)",16,64,104,1,2,71,0,529.801845551
1,"map(tofrom: a)",16,64,104,1,2,17,0,483.500957489
1,"map(tofrom: a)",16,64,104,1,2,472,0,878.000259399
1,"map(tofrom: a)",16,64,104,1,2,5042,0,4835.808277130
1,"map(tofrom: a)",16,64,104,1,2,28,0,492.203235626
1,"map(tofrom: a)",16,64,104,1,2,44,0,507.199764252
1,"map(tofrom: a)",16,64,104,1,2,1218,0,1511.800289154
1,"map(tofrom: a)",16,64,104,1,2,4,0,471.746921539
1,"map(tofrom: a)",16,64,104,1,2,1955,0,2151.453495026
1,"map(tofrom: a)",16,64,104,1,2,183,0,627.243518829
1,"map(tofrom: a)",16,64,104,1,2,7,0,472.998619080
1,"map(tofrom: a)",16,64,104,1,2,758,0,1128.089427948
1,"map(tofrom: a)",16,64,104,1,2,1,0,468.599796295
1,"map(tofrom: a)",16,64,104,1,2,3140,0,3211.247920990
1,"map(tofrom: a)",16,64,104,1,2,8096,0,7446.455955505
1,"map(tofrom: a)",16,64,104,1,2,3,0,470.197200775
1,"map(tofrom: a)",16,64,104,1,2,114,0,566.494464874
1,"map(tofrom: a)",16,64,104,1,2,11,0,476.849079132
1,"map(tofrom: a)",16,64,104,1,2,294,0,726.556777954
1,"map(tofrom: a)",16,64,104,1,3,1,0,468.397140503
1,"map(tofrom: a)",16,64,104,1,3,17,0,483.345985413
1,"map(tofrom: a)",16,64,104,1,3,294,0,724.649429321
1,"map(tofrom: a)",16,64,104,1,3,5042,0,4792.642593384
1,"map(tofrom: a)",16,64,104,1,3,114,0,568.592548370
1,"map(tofrom: a)",16,64,104,1,3,28,0,491.952896118
1,"map(tofrom: a)",16,64,104,1,3,1218,0,1529.502868652
1,"map(tofrom: a)",16,64,104,1,3,2,0,469.005107880
1,"map(tofrom: a)",16,64,104,1,3,3,0,469.553470612
1,"map(tofrom: a)",16,64,104,1,3,4,0,471.198558807
1,"map(tofrom: a)",16,64,104,1,3,758,0,1129.257678986
1,"map(tofrom: a)",16,64,104,1,3,11,0,476.598739624
1,"map(tofrom: a)",16,64,104,1,3,44,0,507.199764252
1,"map(tofrom: a)",16,64,104,1,3,472,0,876.450538635
1,"map(tofrom: a)",16,64,104,1,3,7,0,473.058223724
1,"map(tofrom: a)",16,64,104,1,3,1955,0,2180.349826813
1,"map(tofrom: a)",16,64,104,1,3,71,0,529.599189758
1,"map(tofrom: a)",16,64,104,1,3,183,0,627.446174622
1,"map(tofrom: a)",16,64,104,1,3,8096,0,7580.494880676
1,"map(tofrom: a)",16,64,104,1,3,3140,0,3167.748451233
1,"map(tofrom: a)",16,64,104,1,4,472,0,885.295867920
1,"map(tofrom: a)",16,64,104,1,4,71,0,530.052185059
1,"map(tofrom: a)",16,64,104,1,4,1,0,468.742847443
1,"map(tofrom: a)",16,64,104,1,4,11,0,477.397441864
1,"map(tofrom: a)",16,64,104,1,4,4,0,471.651554108
1,"map(tofrom: a)",16,64,104,1,4,3140,0,3182.744979858
1,"map(tofrom: a)",16,64,104,1,4,28,0,492.596626282
1,"map(tofrom: a)",16,64,104,1,4,1218,0,1513.803005219
1,"map(tofrom: a)",16,64,104,1,4,2,0,469.708442688
1,"map(tofrom: a)",16,64,104,1,4,183,0,625.097751617
1,"map(tofrom: a)",16,64,104,1,4,5042,0,4867.398738861
1,"map(tofrom: a)",16,64,104,1,4,114,0,568.306446075
1,"map(tofrom: a)",16,64,104,1,4,3,0,469.648838043
1,"map(tofrom: a)",16,64,104,1,4,44,0,506.305694580
1,"map(tofrom: a)",16,64,104,1,4,758,0,1132.500171661
1,"map(tofrom: a)",16,64,104,1,4,8096,0,7422.149181366
1,"map(tofrom: a)",16,64,104,1,4,1955,0,2193.999290466
1,"map(tofrom: a)",16,64,104,1,4,294,0,721.096992493
1,"map(tofrom: a)",16,64,104,1,4,7,0,472.950935364
1,"map(tofrom: a)",16,64,104,1,4,17,0,483.548641205
1,"map(tofrom: a)",64,64,104,0,0,7,0,472.044944763
1,"map(tofrom: a)",64,64,104,0,0,114,0,569.152832031
1,"map(tofrom: a)",64,64,104,0,0,3,0,469.601154327
1,"map(tofrom: a)",64,64,104,0,0,17,0,481.951236725
1,"map(tofrom: a)",64,64,104,0,0,1,0,469.005107880
1,"map(tofrom: a)",64,64,104,0,0,44,0,505.805015564
1,"map(tofrom: a)",64,64,104,0,0,294,0,724.101066589
1,"map(tofrom: a)",64,64,104,0,0,3140,0,3213.346004486
1,"map(tofrom: a)",64,64,104,0,0,4,0,470.650196075
1,"map(tofrom: a)",64,64,104,0,0,1955,0,2172.195911407
1,"map(tofrom: a)",64,64,104,0,0,183,0,628.554821014
1,"map(tofrom: a)",64,64,104,0,0,8096,0,7394.051551819
1,"map(tofrom: a)",64,64,104,0,0,758,0,1132.202148438
1,"map(tofrom: a)",64,64,104,0,0,71,0,529.050827026
1,"map(tofrom: a)",64,64,104,0,0,2,0,468.254089355
1,"map(tofrom: a)",64,64,104,0,0,11,0,476.753711700
1,"map(tofrom: a)",64,64,104,0,0,28,0,491.094589233
1,"map(tofrom: a)",64,64,104,0,0,5042,0,4866.409301758
1,"map(tofrom: a)",64,64,104,0,0,1218,0,1527.845859528
1,"map(tofrom: a)",64,64,104,0,0,472,0,872.850418091
1,"map(tofrom: a)",64,64,104,0,1,4,0,471.305847168
1,"map(tofrom: a)",64,64,104,0,1,1,0,468.301773071
1,"map(tofrom: a)",64,64,104,0,1,17,0,483.453273773
1,"map(tofrom: a)",64,64,104,0,1,28,0,492.203235626
1,"map(tofrom: a)",64,64,104,0,1,11,0,476.253032684
1,"map(tofrom: a)",64,64,104,0,1,3140,0,3204.858303070
1,"map(tofrom: a)",64,64,104,0,1,2,0,468.897819519
1,"map(tofrom: a)",64,64,104,0,1,758,0,1122.701168060
1,"map(tofrom: a)",64,64,104,0,1,1218,0,1545.596122742
1,"map(tofrom: a)",64,64,104,0,1,44,0,505.900382996
1,"map(tofrom: a)",64,64,104,0,1,71,0,531.601905823
1,"map(tofrom: a)",64,64,104,0,1,114,0,567.102432251
1,"map(tofrom: a)",64,64,104,0,1,294,0,720.608234406
1,"map(tofrom: a)",64,64,104,0,1,7,0,473.046302795
1,"map(tofrom: a)",64,64,104,0,1,183,0,627.553462982
1,"map(tofrom: a)",64,64,104,0,1,8096,0,7408.094406128
1,"map(tofrom: a)",64,64,104,0,1,472,0,884.199142456
1,"map(tofrom: a)",64,64,104,0,1,1955,0,2153.491973877
1,"map(tofrom: a)",64,64,104,0,1,3,0,469.243526459
1,"map(tofrom: a)",64,64,104,0,1,5042,0,4862.654209137
1,"map(tofrom: a)",64,64,104,0,2,3,0,469.350814819
1,"map(tofrom: a)",64,64,104,0,2,44,0,506.651401520
1,"map(tofrom: a)",64,64,104,0,2,1,0,468.695163727
1,"map(tofrom: a)",64,64,104,0,2,183,0,626.647472382
1,"map(tofrom: a)",64,64,104,0,2,294,0,726.842880249
1,"map(tofrom: a)",64,64,104,0,2,5042,0,4830.741882324
1,"map(tofrom: a)",64,64,104,0,2,7,0,473.797321320
1,"map(tofrom: a)",64,64,104,0,2,8096,0,7549.393177032
1,"map(tofrom: a)",64,64,104,0,2,2,0,468.194484711
1,"map(tofrom: a)",64,64,104,0,2,114,0,568.497180939
1,"map(tofrom: a)",64,64,104,0,2,71,0,530.695915222
1,"map(tofrom: a)",64,64,104,0,2,1955,0,2145.946025848
1,"map(tofrom: a)",64,64,104,0,2,17,0,483.405590057
1,"map(tofrom: a)",64,64,104,0,2,472,0,873.053073883
1,"map(tofrom: a)",64,64,104,0,2,11,0,476.443767548
1,"map(tofrom: a)",64,64,104,0,2,1218,0,1527.249813080
1,"map(tofrom: a)",64,64,104,0,2,4,0,471.353530884
1,"map(tofrom: a)",64,64,104,0,2,3140,0,3199.839591980
1,"map(tofrom: a)",64,64,104,0,2,758,0,1131.999492645
1,"map(tofrom: a)",64,64,104,0,2,28,0,492.048263550
1,"map(tofrom: a)",64,64,104,0,3,11,0,476.646423340
1,"map(tofrom: a)",64,64,104,0,3,4,0,471.103191376
1,"map(tofrom: a)",64,64,104,0,3,5042,0,4893.457889557
1,"map(tofrom: a)",64,64,104,0,3,183,0,628.495216370
1,"map(tofrom: a)",64,64,104,0,3,17,0,482.940673828
1,"map(tofrom: a)",64,64,104,0,3,3,0,469.446182251
1,"map(tofrom: a)",64,64,104,0,3,28,0,491.654872894
1,"map(tofrom: a)",64,64,104,0,3,1218,0,1511.204242706
1,"map(tofrom: a)",64,64,104,0,3,114,0,567.996501923
1,"map(tofrom: a)",64,64,104,0,3,758,0,1120.901107788
1,"map(tofrom: a)",64,64,104,0,3,1955,0,2174.055576324
1,"map(tofrom: a)",64,64,104,0,3,472,0,881.052017212
1,"map(tofrom: a)",64,64,104,0,3,7,0,472.605228424
1,"map(tofrom: a)",64,64,104,0,3,44,0,506.353378296
1,"map(tofrom: a)",64,64,104,0,3,3140,0,3216.207027435
1,"map(tofrom: a)",64,64,104,0,3,8096,0,7423.400878906
1,"map(tofrom: a)",64,64,104,0,3,71,0,531.196594238
1,"map(tofrom: a)",64,64,104,0,3,1,0,469.100475311
1,"map(tofrom: a)",64,64,104,0,3,2,0,468.945503235
1,"map(tofrom: a)",64,64,104,0,3,294,0,725.245475769
1,"map(tofrom: a)",64,64,104,0,4,3,0,468.897819519
1,"map(tofrom: a)",64,64,104,0,4,8096,0,7487.857341766
1,"map(tofrom: a)",64,64,104,0,4,1,0,468.742847443
1,"map(tofrom: a)",64,64,104,0,4,28,0,491.499900818
1,"map(tofrom: a)",64,64,104,0,4,17,0,483.298301697
1,"map(tofrom: a)",64,64,104,0,4,5042,0,4843.902587891
1,"map(tofrom: a)",64,64,104,0,4,7,0,472.998619080
1,"map(tofrom: a)",64,64,104,0,4,114,0,567.805767059
1,"map(tofrom: a)",64,64,104,0,4,44,0,505.697727203
1,"map(tofrom: a)",64,64,104,0,4,2,0,469.958782196
1,"map(tofrom: a)",64,64,104,0,4,294,0,726.449489594
1,"map(tofrom: a)",64,64,104,0,4,758,0,1123.797893524
1,"map(tofrom: a)",64,64,104,0,4,183,0,630.700588226
1,"map(tofrom: a)",64,64,104,0,4,4,0,470.852851868
1,"map(tofrom: a)",64,64,104,0,4,1218,0,1530.206203461
1,"map(tofrom: a)",64,64,104,0,4,71,0,529.003143311
1,"map(tofrom: a)",64,64,104,0,4,1955,0,2153.253555298
1,"map(tofrom: a)",64,64,104,0,4,11,0,476.908683777
1,"map(tofrom: a)",64,64,104,0,4,472,0,882.005691528
1,"map(tofrom: a)",64,64,104,0,4,3140,0,3164.851665497
1,"map(tofrom: a)",64,64,104,1,0,2,0,467.991828918
1,"map(tofrom: a)",64,64,104,1,0,4,0,470.399856567
1,"map(tofrom: a)",64,64,104,1,0,472,0,877.451896667
1,"map(tofrom: a)",64,64,104,1,0,3140,0,3219.699859619
1,"map(tofrom: a)",64,64,104,1,0,183,0,626.897811890
1,"map(tofrom: a)",64,64,104,1,0,28,0,491.750240326
1,"map(tofrom: a)",64,64,104,1,0,71,0,530.552864075
1,"map(tofrom: a)",64,64,104,1,0,1218,0,1514.041423798
1,"map(tofrom: a)",64,64,104,1,0,294,0,727.343559265
1,"map(tofrom: a)",64,64,104,1,0,1,0,468.051433563
1,"map(tofrom: a)",64,64,104,1,0,7,0,472.903251648
1,"map(tofrom: a)",64,64,104,1,0,1955,0,2182.257175446
1,"map(tofrom: a)",64,64,104,1,0,758,0,1123.797893524
1,"map(tofrom: a)",64,64,104,1,0,114,0,567.901134491
1,"map(tofrom: a)",64,64,104,1,0,11,0,476.741790771
1,"map(tofrom: a)",64,64,104,1,0,3,0,469.553470612
1,"map(tofrom: a)",64,64,104,1,0,8096,0,7625.448703766
1,"map(tofrom: a)",64,64,104,1,0,44,0,506.246089935
1,"map(tofrom: a)",64,64,104,1,0,17,0,483.250617981
1,"map(tofrom: a)",64,64,104,1,0,5042,0,4877.245426178
1,"map(tofrom: a)",64,64,104,1,1,758,0,1123.797893524
1,"map(tofrom: a)",64,64,104,1,1,3,0,469.350814819
1,"map(tofrom: a)",64,64,104,1,1,3140,0,3203.845024109
1,"map(tofrom: a)",64,64,104,1,1,1955,0,2149.844169617
1,"map(tofrom: a)",64,64,104,1,1,44,0,507.402420044
1,"map(tofrom: a)",64,64,104,1,1,17,0,483.202934265
1,"map(tofrom: a)",64,64,104,1,1,294,0,725.793838501
1,"map(tofrom: a)",64,64,104,1,1,28,0,492.548942566
1,"map(tofrom: a)",64,64,104,1,1,114,0,566.351413727
1,"map(tofrom: a)",64,64,104,1,1,2,0,468.897819519
1,"map(tofrom: a)",64,64,104,1,1,7,0,473.749637604
1,"map(tofrom: a)",64,64,104,1,1,183,0,625.252723694
1,"map(tofrom: a)",64,64,104,1,1,8096,0,7629.752159119
1,"map(tofrom: a)",64,64,104,1,1,11,0,477.051734924
1,"map(tofrom: a)",64,64,104,1,1,1,0,469.255447388
1,"map(tofrom: a)",64,64,104,1,1,1218,0,1531.958580017
1,"map(tofrom: a)",64,64,104,1,1,472,0,875.306129456
1,"map(tofrom: a)",64,64,104,1,1,71,0,529.789924622
1,"map(tofrom: a)",64,64,104,1,1,5042,0,4882.895946503
1,"map(tofrom: a)",64,64,104,1,1,4,0,471.103191376
1,"map(tofrom: a)",64,64,104,1,2,2,0,469.052791595
1,"map(tofrom: a)",64,64,104,1,2,71,0,529.301166534
1,"map(tofrom: a)",64,64,104,1,2,17,0,483.357906342
1,"map(tofrom: a)",64,64,104,1,2,472,0,879.752635956
1,"map(tofrom: a)",64,64,104,1,2,5042,0,4830.002784729
1,"map(tofrom: a)",64,64,104,1,2,28,0,492.703914642
1,"map(tofrom: a)",64,64,104,1,2,44,0,507.092475891
1,"map(tofrom: a)",64,64,104,1,2,1218,0,1517.701148987
1,"map(tofrom: a)",64,64,104,1,2,4,0,471.901893616
1,"map(tofrom: a)",64,64,104,1,2,1955,0,2151.656150818
1,"map(tofrom: a)",64,64,104,1,2,183,0,627.291202545
1,"map(tofrom: a)",64,64,104,1,2,7,0,473.153591156
1,"map(tofrom: a)",64,64,104,1,2,758,0,1124.644279480
1,"map(tofrom: a)",64,64,104,1,2,1,0,468.850135803
1,"map(tofrom: a)",64,64,104,1,2,3140,0,3224.503993988
1,"map(tofrom: a)",64,64,104,1,2,8096,0,7434.499263763
1,"map(tofrom: a)",64,64,104,1,2,3,0,469.458103180
1,"map(tofrom: a)",64,64,104,1,2,114,0,565.850734711
1,"map(tofrom: a)",64,64,104,1,2,11,0,476.455688477
1,"map(tofrom: a)",64,64,104,1,2,294,0,723.254680634
1,"map(tofrom: a)",64,64,104,1,3,1,0,468.802452087
1,"map(tofrom: a)",64,64,104,1,3,17,0,483.858585358
1,"map(tofrom: a)",64,64,104,1,3,294,0,726.246833801
1,"map(tofrom: a)",64,64,104,1,3,5042,0,4805.552959442
1,"map(tofrom: a)",64,64,104,1,3,114,0,568.401813507
1,"map(tofrom: a)",64,64,104,1,3,28,0,491.440296173
1,"map(tofrom: a)",64,64,104,1,3,1218,0,1524.841785431
1,"map(tofrom: a)",64,64,104,1,3,2,0,468.945503235
1,"map(tofrom: a)",64,64,104,1,3,3,0,469.100475311
1,"map(tofrom: a)",64,64,104,1,3,4,0,471.043586731
1,"map(tofrom: a)",64,64,104,1,3,758,0,1130.211353302
1,"map(tofrom: a)",64,64,104,1,3,11,0,476.098060608
1,"map(tofrom: a)",64,64,104,1,3,44,0,506.448745728
1,"map(tofrom: a)",64,64,104,1,3,472,0,875.198841095
1,"map(tofrom: a)",64,64,104,1,3,7,0,472.748279572
1,"map(tofrom: a)",64,64,104,1,3,1955,0,2185.797691345
1,"map(tofrom: a)",64,64,104,1,3,71,0,529.599189758
1,"map(tofrom: a)",64,64,104,1,3,183,0,627.195835114
1,"map(tofrom: a)",64,64,104,1,3,8096,0,7540.953159332
1,"map(tofrom: a)",64,64,104,1,3,3140,0,3153.145313263
1,"map(tofrom: a)",64,64,104,1,4,472,0,883.042812347
1,"map(tofrom: a)",64,64,104,1,4,71,0,529.205799103
1,"map(tofrom: a)",64,64,104,1,4,1,0,468.456745148
1,"map(tofrom: a)",64,64,104,1,4,11,0,476.551055908
1,"map(tofrom: a)",64,64,104,1,4,4,0,470.590591431
1,"map(tofrom: a)",64,64,104,1,4,3140,0,3192.651271820
1,"map(tofrom: a)",64,64,104,1,4,28,0,491.690635681
1,"map(tofrom: a)",64,64,104,1,4,1218,0,1520.049571991
1,"map(tofrom: a)",64,64,104,1,4,2,0,468.504428864
1,"map(tofrom: a)",64,64,104,1,4,183,0,626.909732819
1,"map(tofrom: a)",64,64,104,1,4,5042,0,4877.650737762
1,"map(tofrom: a)",64,64,104,1,4,114,0,568.640232086
1,"map(tofrom: a)",64,64,104,1,4,3,0,469.541549683
1,"map(tofrom: a)",64,64,104,1,4,44,0,506.794452667
1,"map(tofrom: a)",64,64,104,1,4,758,0,1132.905483246
1,"map(tofrom: a)",64,64,104,1,4,8096,0,7436.597347260
1,"map(tofrom: a)",64,64,104,1,4,1955,0,2191.448211670
1,"map(tofrom: a)",64,64,104,1,4,294,0,720.942020416
1,"map(tofrom: a)",64,64,104,1,4,7,0,472.509860992
1,"map(tofrom: a)",64,64,104,1,4,17,0,484.991073608
1,"map(tofrom: a)",256,64,104,0,0,7,0,471.699237823
1,"map(tofrom: a)",256,64,104,0,0,114,0,568.056106567
1,"map(tofrom: a)",256,64,104,0,0,3,0,470.149517059
1,"map(tofrom: a)",256,64,104,0,0,17,0,483.202934265
1,"map(tofrom: a)",256,64,104,0,0,1,0,469.446182251
1,"map(tofrom: a)",256,64,104,0,0,44,0,506.305694580
1,"map(tofrom: a)",256,64,104,0,0,294,0,722.599029541
1,"map(tofrom: a)",256,64,104,0,0,3140,0,3211.557865143
1,"map(tofrom: a)",256,64,104,0,0,4,0,471.448898315
1,"map(tofrom: a)",256,64,104,0,0,1955,0,2156.889438629
1,"map(tofrom: a)",256,64,104,0,0,183,0,628.304481506
1,"map(tofrom: a)",256,64,104,0,0,8096,0,7443.201541901
1,"map(tofrom: a)",256,64,104,0,0,758,0,1136.207580566
1,"map(tofrom: a)",256,64,104,0,0,71,0,528.800487518
1,"map(tofrom: a)",256,64,104,0,0,2,0,468.897819519
1,"map(tofrom: a)",256,64,104,0,0,11,0,476.455688477
1,"map(tofrom: a)",256,64,104,0,0,28,0,492.298603058
1,"map(tofrom: a)",256,64,104,0,0,5042,0,4897.403717041
1,"map(tofrom: a)",256,64,104,0,0,1218,0,1535.105705261
1,"map(tofrom: a)",256,64,104,0,0,472,0,872.600078583
1,"map(tofrom: a)",256,64,104,0,1,4,0,470.948219299
1,"map(tofrom: a)",256,64,104,0,1,1,0,468.647480011
1,"map(tofrom: a)",256,64,104,0,1,17,0,482.392311096
1,"map(tofrom: a)",256,64,104,0,1,28,0,493.049621582
1,"map(tofrom: a)",256,64,104,0,1,11,0,476.193428040
1,"map(tofrom: a)",256,64,104,0,1,3140,0,3207.004070282
1,"map(tofrom: a)",256,64,104,0,1,2,0,468.957424164
1,"map(tofrom: a)",256,64,104,0,1,758,0,1114.451885223
1,"map(tofrom: a)",256,64,104,0,1,1218,0,1535.904407501
1,"map(tofrom: a)",256,64,104,0,1,44,0,505.793094635
1,"map(tofrom: a)",256,64,104,0,1,71,0,530.004501343
1,"map(tofrom: a)",256,64,104,0,1,114,0,568.401813507
1,"map(tofrom: a)",256,64,104,0,1,294,0,722.491741180
1,"map(tofrom: a)",256,64,104,0,1,7,0,473.403930664
1,"map(tofrom: a)",256,64,104,0,1,183,0,628.006458282
1,"map(tofrom: a)",256,64,104,0,1,8096,0,7430.303096771
1,"map(tofrom: a)",256,64,104,0,1,472,0,885.200500488
1,"map(tofrom: a)",256,64,104,0,1,1955,0,2156.698703766
1,"map(tofrom: a)",256,64,104,0,1,3,0,469.493865967
1,"map(tofrom: a)",256,64,104,0,1,5042,0,4913.055896759
1,"map(tofrom: a)",256,64,104,0,2,3,0,469.505786896
1,"map(tofrom: a)",256,64,104,0,2,44,0,506.496429443
1,"map(tofrom: a)",256,64,104,0,2,1,0,468.695163727
1,"map(tofrom: a)",256,64,104,0,2,183,0,626.003742218
1,"map(tofrom: a)",256,64,104,0,2,294,0,729.656219482
1,"map(tofrom: a)",256,64,104,0,2,5042,0,4827.260971069
1,"map(tofrom: a)",256,64,104,0,2,7,0,473.344326019
1,"map(tofrom: a)",256,64,104,0,2,8096,0,7512.497901917
1,"map(tofrom: a)",256,64,104,0,2,2,0,468.444824219
1,"map(tofrom: a)",256,64,104,0,2,114,0,568.449497223
1,"map(tofrom: a)",256,64,104,0,2,71,0,529.503822327
1,"map(tofrom: a)",256,64,104,0,2,1955,0,2141.010761261
1,"map(tofrom: a)",256,64,104,0,2,17,0,483.703613281
1,"map(tofrom: a)",256,64,104,0,2,472,0,874.900817871
1,"map(tofrom: a)",256,64,104,0,2,11,0,477.194786072
1,"map(tofrom: a)",256,64,104,0,2,1218,0,1525.151729584
1,"map(tofrom: a)",256,64,104,0,2,4,0,470.495223999
1,"map(tofrom: a)",256,64,104,0,2,3140,0,3194.952011108
1,"map(tofrom: a)",256,64,104,0,2,758,0,1133.358478546
1,"map(tofrom: a)",256,64,104,0,2,28,0,491.654872894
1,"map(tofrom: a)",256,64,104,0,3,11,0,476.300716400
1,"map(tofrom: a)",256,64,104,0,3,4,0,471.150875092
1,"map(tofrom: a)",256,64,104,0,3,5042,0,4873.347282410
1,"map(tofrom: a)",256,64,104,0,3,183,0,628.256797791
1,"map(tofrom: a)",256,64,104,0,3,17,0,482.904911041
1,"map(tofrom: a)",256,64,104,0,3,3,0,469.946861267
1,"map(tofrom: a)",256,64,104,0,3,28,0,492.143630981
1,"map(tofrom: a)",256,64,104,0,3,1218,0,1512.503623962
1,"map(tofrom: a)",256,64,104,0,3,114,0,568.544864655
1,"map(tofrom: a)",256,64,104,0,3,758,0,1118.743419647
1,"map(tofrom: a)",256,64,104,0,3,1955,0,2167.689800262
1,"map(tofrom: a)",256,64,104,0,3,472,0,879.144668579
1,"map(tofrom: a)",256,64,104,0,3,7,0,472.748279572
1,"map(tofrom: a)",256,64,104,0,3,44,0,506.746768951
1,"map(tofrom: a)",256,64,104,0,3,3140,0,3217.852115631
1,"map(tofrom: a)",256,64,104,0,3,8096,0,7438.850402832
1,"map(tofrom: a)",256,64,104,0,3,71,0,529.599189758
1,"map(tofrom: a)",256,64,104,0,3,1,0,468.897819519
1,"map(tofrom: a)",256,64,104,0,3,2,0,468.707084656
1,"map(tofrom: a)",256,64,104,0,3,294,0,724.351406097
1,"map(tofrom: a)",256,64,104,0,4,3,0,470.101833344
1,"map(tofrom: a)",256,64,104,0,4,8096,0,7560.050487518
1,"map(tofrom: a)",256,64,104,0,4,1,0,468.754768372
1,"map(tofrom: a)",256,64,104,0,4,28,0,491.201877594
1,"map(tofrom: a)",256,64,104,0,4,17,0,483.250617981
1,"map(tofrom: a)",256,64,104,0,4,5042,0,4826.104640961
1,"map(tofrom: a)",256,64,104,0,4,7,0,472.903251648
1,"map(tofrom: a)",256,64,104,0,4,114,0,568.091869354
1,"map(tofrom: a)",256,64,104,0,4,44,0,507.593154907
1,"map(tofrom: a)",256,64,104,0,4,2,0,468.599796295
1,"map(tofrom: a)",256,64,104,0,4,294,0,725.793838501
1,"map(tofrom: a)",256,64,104,0,4,758,0,1118.850708008
1,"map(tofrom: a)",256,64,104,0,4,183,0,629.150867462
1,"map(tofrom: a)",256,64,104,0,4,4,0,471.353530884
1,"map(tofrom: a)",256,64,104,0,4,1218,0,1526.355743408
1,"map(tofrom: a)",256,64,104,0,4,71,0,529.944896698
1,"map(tofrom: a)",256,64,104,0,4,1955,0,2153.706550598
1,"map(tofrom: a)",256,64,104,0,4,11,0,476.551055908
1,"map(tofrom: a)",256,64,104,0,4,472,0,879.347324371
1,"map(tofrom: a)",256,64,104,0,4,3140,0,3174.555301666
1,"map(tofrom: a)",256,64,104,1,0,2,0,468.409061432
1,"map(tofrom: a)",256,64,104,1,0,4,0,470.638275146
1,"map(tofrom: a)",256,64,104,1,0,472,0,876.998901367
1,"map(tofrom: a)",256,64,104,1,0,3140,0,3215.646743774
1,"map(tofrom: a)",256,64,104,1,0,183,0,626.349449158
1,"map(tofrom: a)",256,64,104,1,0,28,0,491.452217102
1,"map(tofrom: a)",256,64,104,1,0,71,0,530.040264130
1,"map(tofrom: a)",256,64,104,1,0,1218,0,1519.954204559
1,"map(tofrom: a)",256,64,104,1,0,294,0,728.094577789
1,"map(tofrom: a)",256,64,104,1,0,1,0,467.693805695
1,"map(tofrom: a)",256,64,104,1,0,7,0,472.748279572
1,"map(tofrom: a)",256,64,104,1,0,1955,0,2165.293693542
1,"map(tofrom: a)",256,64,104,1,0,758,0,1121.449470520
1,"map(tofrom: a)",256,64,104,1,0,114,0,567.448139191
1,"map(tofrom: a)",256,64,104,1,0,11,0,476.193428040
1,"map(tofrom: a)",256,64,104,1,0,3,0,469.207763672
1,"map(tofrom: a)",256,64,104,1,0,8096,0,7608.652114868
1,"map(tofrom: a)",256,64,104,1,0,44,0,506.103038788
1,"map(tofrom: a)",256,64,104,1,0,17,0,483.393669128
1,"map(tofrom: a)",256,64,104,1,0,5042,0,4898.452758789
1,"map(tofrom: a)",256,64,104,1,1,758,0,1127.409934998
1,"map(tofrom: a)",256,64,104,1,1,3,0,469.803810120
1,"map(tofrom: a)",256,64,104,1,1,3140,0,3227.400779724
1,"map(tofrom: a)",256,64,104,1,1,1955,0,2149.105072021
1,"map(tofrom: a)",256,64,104,1,1,44,0,507.044792175
1,"map(tofrom: a)",256,64,104,1,1,17,0,483.298301697
1,"map(tofrom: a)",256,64,104,1,1,294,0,724.208354950
1,"map(tofrom: a)",256,64,104,1,1,28,0,492.203235626
1,"map(tofrom: a)",256,64,104,1,1,114,0,566.601753235
1,"map(tofrom: a)",256,64,104,1,1,2,0,469.148159027
1,"map(tofrom: a)",256,64,104,1,1,7,0,473.606586456
1,"map(tofrom: a)",256,64,104,1,1,183,0,624.299049377
1,"map(tofrom: a)",256,64,104,1,1,8096,0,7626.450061798
1,"map(tofrom: a)",256,64,104,1,1,11,0,477.302074432
1,"map(tofrom: a)",256,64,104,1,1,1,0,468.552112579
1,"map(tofrom: a)",256,64,104,1,1,1218,0,1529.049873352
1,"map(tofrom: a)",256,64,104,1,1,472,0,876.498222351
1,"map(tofrom: a)",256,64,104,1,1,71,0,529.801845551
1,"map(tofrom: a)",256,64,104,1,1,5042,0,4872.000217438
1,"map(tofrom: a)",256,64,104,1,1,4,0,471.603870392
1,"map(tofrom: a)",256,64,104,1,2,2,0,468.754768372
1,"map(tofrom: a)",256,64,104,1,2,71,0,530.350208282
1,"map(tofrom: a)",256,64,104,1,2,17,0,483.751296997
1,"map(tofrom: a)",256,64,104,1,2,472,0,880.908966064
1,"map(tofrom: a)",256,64,104,1,2,5042,0,4834.198951721
1,"map(tofrom: a)",256,64,104,1,2,28,0,492.501258850
1,"map(tofrom: a)",256,64,104,1,2,44,0,507.295131683
1,"map(tofrom: a)",256,64,104,1,2,1218,0,1511.502265930
1,"map(tofrom: a)",256,64,104,1,2,4,0,471.150875092
1,"map(tofrom: a)",256,64,104,1,2,1955,0,2164.506912231
1,"map(tofrom: a)",256,64,104,1,2,183,0,628.399848938
1,"map(tofrom: a)",256,64,104,1,2,7,0,473.594665527
1,"map(tofrom: a)",256,64,104,1,2,758,0,1120.960712433
1,"map(tofrom: a)",256,64,104,1,2,1,0,469.255447388
1,"map(tofrom: a)",256,64,104,1,2,3140,0,3208.851814270
1,"map(tofrom: a)",256,64,104,1,2,8096,0,7438.993453979
1,"map(tofrom: a)",256,64,104,1,2,3,0,469.708442688
1,"map(tofrom: a)",256,64,104,1,2,114,0,566.494464874
1,"map(tofrom: a)",256,64,104,1,2,11,0,476.455688477
1,"map(tofrom: a)",256,64,104,1,2,294,0,724.196434021
1,"map(tofrom: a)",256,64,104,1,3,1,0,469.100475311
1,"map(tofrom: a)",256,64,104,1,3,17,0,483.202934265
1,"map(tofrom: a)",256,64,104,1,3,294,0,725.400447845
1,"map(tofrom: a)",256,64,104,1,3,5042,0,4830.300807953
1,"map(tofrom: a)",256,64,104,1,3,114,0,568.592548370
1,"map(tofrom: a)",256,64,104,1,3,28,0,491.702556610
1,"map(tofrom: a)",256,64,104,1,3,1218,0,1526.403427124
1,"map(tofrom: a)",256,64,104,1,3,2,0,468.945503235
1,"map(tofrom: a)",256,64,104,1,3,3,0,469.040870667
1,"map(tofrom: a)",256,64,104,1,3,4,0,471.699237823
1,"map(tofrom: a)",256,64,104,1,3,758,0,1133.608818054
1,"map(tofrom: a)",256,64,104,1,3,11,0,476.098060608
1,"map(tofrom: a)",256,64,104,1,3,44,0,506.997108459
1,"map(tofrom: a)",256,64,104,1,3,472,0,872.850418091
1,"map(tofrom: a)",256,64,104,1,3,7,0,472.855567932
1,"map(tofrom: a)",256,64,104,1,3,1955,0,2162.444591522
1,"map(tofrom: a)",256,64,104,1,3,71,0,528.955459595
1,"map(tofrom: a)",256,64,104,1,3,183,0,626.647472382
1,"map(tofrom: a)",256,64,104,1,3,8096,0,7583.844661713
1,"map(tofrom: a)",256,64,104,1,3,3140,0,3161.597251892
1,"map(tofrom: a)",256,64,104,1,4,472,0,881.803035736
1,"map(tofrom: a)",256,64,104,1,4,71,0,529.146194458
1,"map(tofrom: a)",256,64,104,1,4,1,0,468.242168427
1,"map(tofrom: a)",256,64,104,1,4,11,0,476.396083832
1,"map(tofrom: a)",256,64,104,1,4,4,0,471.794605255
1,"map(tofrom: a)",256,64,104,1,4,3140,0,3190.147876740
1,"map(tofrom: a)",256,64,104,1,4,28,0,491.046905518
1,"map(tofrom: a)",256,64,104,1,4,1218,0,1513.957977295
1,"map(tofrom: a)",256,64,104,1,4,2,0,469.350814819
1,"map(tofrom: a)",256,64,104,1,4,183,0,625.801086426
1,"map(tofrom: a)",256,64,104,1,4,5042,0,4888.796806335
1,"map(tofrom: a)",256,64,104,1,4,114,0,568.246841431
1,"map(tofrom: a)",256,64,104,1,4,3,0,469.398498535
1,"map(tofrom: a)",256,64,104,1,4,44,0,506.341457367
1,"map(tofrom: a)",256,64,104,1,4,758,0,1129.150390625
1,"map(tofrom: a)",256,64,104,1,4,8096,0,7400.548458099
1,"map(tofrom: a)",256,64,104,1,4,1955,0,2188.599109650
1,"map(tofrom: a)",256,64,104,1,4,294,0,722.193717957
1,"map(tofrom: a)",256,64,104,1,4,7,0,472.903251648
1,"map(tofrom: a)",256,64,104,1,4,17,0,483.453273773
1,"map(tofrom: a)",1024,64,104,0,0,7,0,480.401515961
1,"map(tofrom: a)",1024,64,104,0,0,114,0,569.999217987
1,"map(tofrom: a)",1024,64,104,0,0,3,0,471.651554108
1,"map(tofrom: a)",1024,64,104,0,0,17,0,485.658645630
1,"map(tofrom: a)",1024,64,104,0,0,1,0,470.542907715
1,"map(tofrom: a)",1024,64,104,0,0,44,0,508.344173431
1,"map(tofrom: a)",1024,64,104,0,0,294,0,726.056098938
1,"map(tofrom: a)",1024,64,104,0,0,3140,0,3208.208084106
1,"map(tofrom: a)",1024,64,104,0,0,4,0,473.296642303
1,"map(tofrom: a)",1024,64,104,0,0,1955,0,2164.900302887
1,"map(tofrom: a)",1024,64,104,0,0,183,0,629.556179047
1,"map(tofrom: a)",1024,64,104,0,0,8096,0,7473.850250244
1,"map(tofrom: a)",1024,64,104,0,0,758,0,1135.396957397
1,"map(tofrom: a)",1024,64,104,0,0,71,0,531.053543091
1,"map(tofrom: a)",1024,64,104,0,0,2,0,470.900535583
1,"map(tofrom: a)",1024,64,104,0,0,11,0,478.351116180
1,"map(tofrom: a)",1024,64,104,0,0,28,0,493.097305298
1,"map(tofrom: a)",1024,64,104,0,0,5042,0,4859.054088593
1,"map(tofrom: a)",1024,64,104,0,0,1218,0,1537.048816681
1,"map(tofrom: a)",1024,64,104,0,0,472,0,875.794887543
1,"map(tofrom: a)",1024,64,104,0,1,4,0,472.998619080
1,"map(tofrom: a)",1024,64,104,0,1,1,0,470.602512360
1,"map(tofrom: a)",1024,64,104,0,1,17,0,484.704971313
1,"map(tofrom: a)",1024,64,104,0,1,28,0,493.848323822
1,"map(tofrom: a)",1024,64,104,0,1,11,0,479.900836945
1,"map(tofrom: a)",1024,64,104,0,1,3140,0,3183.495998383
1,"map(tofrom: a)",1024,64,104,0,1,2,0,470.697879791
1,"map(tofrom: a)",1024,64,104,0,1,758,0,1121.807098389
1,"map(tofrom: a)",1024,64,104,0,1,1218,0,1542.401313782
1,"map(tofrom: a)",1024,64,104,0,1,44,0,507.557392120
1,"map(tofrom: a)",1024,64,104,0,1,71,0,535.404682159
1,"map(tofrom: a)",1024,64,104,0,1,114,0,569.450855255
1,"map(tofrom: a)",1024,64,104,0,1,294,0,724.554061890
1,"map(tofrom: a)",1024,64,104,0,1,7,0,475.203990936
1,"map(tofrom: a)",1024,64,104,0,1,183,0,630.939006805
1,"map(tofrom: a)",1024,64,104,0,1,8096,0,7421.052455902
1,"map(tofrom: a)",1024,64,104,0,1,472,0,886.547565460
1,"map(tofrom: a)",1024,64,104,0,1,1955,0,2151.441574097
1,"map(tofrom: a)",1024,64,104,0,1,3,0,471.043586731
1,"map(tofrom: a)",1024,64,104,0,1,5042,0,4889.845848083
1,"map(tofrom: a)",1024,64,104,0,2,3,0,471.103191376
1,"map(tofrom: a)",1024,64,104,0,2,44,0,508.248806000
1,"map(tofrom: a)",1024,64,104,0,2,1,0,469.994544983
1,"map(tofrom: a)",1024,64,104,0,2,183,0,625.705718994
1,"map(tofrom: a)",1024,64,104,0,2,294,0,728.404521942
1,"map(tofrom: a)",1024,64,104,0,2,5042,0,4824.447631836
1,"map(tofrom: a)",1024,64,104,0,2,7,0,474.894046783
1,"map(tofrom: a)",1024,64,104,0,2,8096,0,7554.447650909
1,"map(tofrom: a)",1024,64,104,0,2,2,0,469.958782196
1,"map(tofrom: a)",1024,64,104,0,2,114,0,569.438934326
1,"map(tofrom: a)",1024,64,104,0,2,71,0,531.792640686
1,"map(tofrom: a)",1024,64,104,0,2,1955,0,2148.497104645
1,"map(tofrom: a)",1024,64,104,0,2,17,0,485.646724701
1,"map(tofrom: a)",1024,64,104,0,2,472,0,877.392292023
1,"map(tofrom: a)",1024,64,104,0,2,11,0,478.243827820
1,"map(tofrom: a)",1024,64,104,0,2,1218,0,1539.540290833
1,"map(tofrom: a)",1024,64,104,0,2,4,0,473.058223724
1,"map(tofrom: a)",1024,64,104,0,2,3140,0,3207.600116730
1,"map(tofrom: a)",1024,64,104,0,2,758,0,1131.355762482
1,"map(tofrom: a)",1024,64,104,0,2,28,0,492.954254150
1,"map(tofrom: a)",1024,64,104,0,3,11,0,479.292869568
1,"map(tofrom: a)",1024,64,104,0,3,4,0,472.843647003
1,"map(tofrom: a)",1024,64,104,0,3,5042,0,4881.048202515
1,"map(tofrom: a)",1024,64,104,0,3,183,0,628.697872162
1,"map(tofrom: a)",1024,64,104,0,3,17,0,484.800338745
1,"map(tofrom: a)",1024,64,104,0,3,3,0,471.293926239
1,"map(tofrom: a)",1024,64,104,0,3,28,0,493.800640106
1,"map(tofrom: a)",1024,64,104,0,3,1218,0,1511.645317078
1,"map(tofrom: a)",1024,64,104,0,3,114,0,570.642948151
1,"map(tofrom: a)",1024,64,104,0,3,758,0,1123.201847076
1,"map(tofrom: a)",1024,64,104,0,3,1955,0,2170.002460480
1,"map(tofrom: a)",1024,64,104,0,3,472,0,880.157947540
1,"map(tofrom: a)",1024,64,104,0,3,7,0,474.655628204
1,"map(tofrom: a)",1024,64,104,0,3,44,0,508.606433868
1,"map(tofrom: a)",1024,64,104,0,3,3140,0,3226.602077484
1,"map(tofrom: a)",1024,64,104,0,3,8096,0,7482.993602753
1,"map(tofrom: a)",1024,64,104,0,3,71,0,533.056259155
1,"map(tofrom: a)",1024,64,104,0,3,1,0,470.304489136
1,"map(tofrom: a)",1024,64,104,0,3,2,0,470.900535583
1,"map(tofrom: a)",1024,64,104,0,3,294,0,727.248191833
1,"map(tofrom: a)",1024,64,104,0,4,3,0,471.639633179
1,"map(tofrom: a)",1024,64,104,0,4,8096,0,7531.356811523
1,"map(tofrom: a)",1024,64,104,0,4,1,0,470.948219299
1,"map(tofrom: a)",1024,64,104,0,4,28,0,492.990016937
1,"map(tofrom: a)",1024,64,104,0,4,17,0,485.599040985
1,"map(tofrom: a)",1024,64,104,0,4,5042,0,4809.796810150
1,"map(tofrom: a)",1024,64,104,0,4,7,0,475.001335144
1,"map(tofrom: a)",1024,64,104,0,4,114,0,569.248199463
1,"map(tofrom: a)",1024,64,104,0,4,44,0,508.201122284
1,"map(tofrom: a)",1024,64,104,0,4,2,0,470.507144928
1,"map(tofrom: a)",1024,64,104,0,4,294,0,728.309154510
1,"map(tofrom: a)",1024,64,104,0,4,758,0,1121.449470520
1,"map(tofrom: a)",1024,64,104,0,4,183,0,630.795955658
1,"map(tofrom: a)",1024,64,104,0,4,4,0,473.594665527
1,"map(tofrom: a)",1024,64,104,0,4,1218,0,1535.546779633
1,"map(tofrom: a)",1024,64,104,0,4,71,0,532.758235931
1,"map(tofrom: a)",1024,64,104,0,4,1955,0,2165.794372559
1,"map(tofrom: a)",1024,64,104,0,4,11,0,479.292869568
1,"map(tofrom: a)",1024,64,104,0,4,472,0,884.044170380
1,"map(tofrom: a)",1024,64,104,0,4,3140,0,3164.601325989
1,"map(tofrom: a)",1024,64,104,1,0,2,0,471.341609955
1,"map(tofrom: a)",1024,64,104,1,0,4,0,472.903251648
1,"map(tofrom: a)",1024,64,104,1,0,472,0,882.399082184
1,"map(tofrom: a)",1024,64,104,1,0,3140,0,3217.947483063
1,"map(tofrom: a)",1024,64,104,1,0,183,0,628.960132599
1,"map(tofrom: a)",1024,64,104,1,0,28,0,493.705272675
1,"map(tofrom: a)",1024,64,104,1,0,71,0,533.151626587
1,"map(tofrom: a)",1024,64,104,1,0,1218,0,1513.004302979
1,"map(tofrom: a)",1024,64,104,1,0,294,0,728.046894073
1,"map(tofrom: a)",1024,64,104,1,0,1,0,470.590591431
1,"map(tofrom: a)",1024,64,104,1,0,7,0,475.001335144
1,"map(tofrom: a)",1024,64,104,1,0,1955,0,2180.349826813
1,"map(tofrom: a)",1024,64,104,1,0,758,0,1124.560832977
1,"map(tofrom: a)",1024,64,104,1,0,114,0,569.045543671
1,"map(tofrom: a)",1024,64,104,1,0,11,0,478.446483612
1,"map(tofrom: a)",1024,64,104,1,0,3,0,471.854209900
1,"map(tofrom: a)",1024,64,104,1,0,8096,0,7645.058631897
1,"map(tofrom: a)",1024,64,104,1,0,44,0,508.594512939
1,"map(tofrom: a)",1024,64,104,1,0,17,0,484.848022461
1,"map(tofrom: a)",1024,64,104,1,0,5042,0,4891.145229340
1,"map(tofrom: a)",1024,64,104,1,1,758,0,1125.049591064
1,"map(tofrom: a)",1024,64,104,1,1,3,0,471.198558807
1,"map(tofrom: a)",1024,64,104,1,1,3140,0,3221.750259399
1,"map(tofrom: a)",1024,64,104,1,1,1955,0,2161.252498627
1,"map(tofrom: a)",1024,64,104,1,1,44,0,509.548187256
1,"map(tofrom: a)",1024,64,104,1,1,17,0,484.955310822
1,"map(tofrom: a)",1024,64,104,1,1,294,0,726.604461670
1,"map(tofrom: a)",1024,64,104,1,1,28,0,493.347644806
1,"map(tofrom: a)",1024,64,104,1,1,114,0,568.246841431
1,"map(tofrom: a)",1024,64,104,1,1,2,0,470.697879791
1,"map(tofrom: a)",1024,64,104,1,1,7,0,475.299358368
1,"map(tofrom: a)",1024,64,104,1,1,183,0,627.148151398
1,"map(tofrom: a)",1024,64,104,1,1,8096,0,7610.452175140
1,"map(tofrom: a)",1024,64,104,1,1,11,0,477.850437164
1,"map(tofrom: a)",1024,64,104,1,1,1,0,470.554828644
1,"map(tofrom: a)",1024,64,104,1,1,1218,0,1535.999774933
1,"map(tofrom: a)",1024,64,104,1,1,472,0,880.503654480
1,"map(tofrom: a)",1024,64,104,1,1,71,0,532.400608063
1,"map(tofrom: a)",1024,64,104,1,1,5042,0,4911.851882935
1,"map(tofrom: a)",1024,64,104,1,1,4,0,472.843647003
1,"map(tofrom: a)",1024,64,104,1,2,2,0,471.699237823
1,"map(tofrom: a)",1024,64,104,1,2,71,0,531.446933746
1,"map(tofrom: a)",1024,64,104,1,2,17,0,484.955310822
1,"map(tofrom: a)",1024,64,104,1,2,472,0,883.793830872
1,"map(tofrom: a)",1024,64,104,1,2,5042,0,4844.892024994
1,"map(tofrom: a)",1024,64,104,1,2,28,0,493.752956390
1,"map(tofrom: a)",1024,64,104,1,2,44,0,508.844852448
1,"map(tofrom: a)",1024,64,104,1,2,1218,0,1505.899429321
1,"map(tofrom: a)",1024,64,104,1,2,4,0,473.451614380
1,"map(tofrom: a)",1024,64,104,1,2,1955,0,2153.301239014
1,"map(tofrom: a)",1024,64,104,1,2,183,0,628.900527954
1,"map(tofrom: a)",1024,64,104,1,2,7,0,475.096702576
1,"map(tofrom: a)",1024,64,104,1,2,758,0,1125.454902649
1,"map(tofrom: a)",1024,64,104,1,2,1,0,470.507144928
1,"map(tofrom: a)",1024,64,104,1,2,3140,0,3205.358982086
1,"map(tofrom: a)",1024,64,104,1,2,8096,0,7450.091838837
1,"map(tofrom: a)",1024,64,104,1,2,3,0,472.199916840
1,"map(tofrom: a)",1024,64,104,1,2,114,0,568.592548370
1,"map(tofrom: a)",1024,64,104,1,2,11,0,478.899478912
1,"map(tofrom: a)",1024,64,104,1,2,294,0,727.510452271
1,"map(tofrom: a)",1024,64,104,1,3,1,0,471.699237823
1,"map(tofrom: a)",1024,64,104,1,3,17,0,484.800338745
1,"map(tofrom: a)",1024,64,104,1,3,294,0,726.842880249
1,"map(tofrom: a)",1024,64,104,1,3,5042,0,4809.045791626
1,"map(tofrom: a)",1024,64,104,1,3,114,0,571.441650391
1,"map(tofrom: a)",1024,64,104,1,3,28,0,493.454933167
1,"map(tofrom: a)",1024,64,104,1,3,1218,0,1531.708240509
1,"map(tofrom: a)",1024,64,104,1,3,2,0,470.852851868
1,"map(tofrom: a)",1024,64,104,1,3,3,0,471.150875092
1,"map(tofrom: a)",1024,64,104,1,3,4,0,473.248958588
1,"map(tofrom: a)",1024,64,104,1,3,758,0,1131.093502045
1,"map(tofrom: a)",1024,64,104,1,3,11,0,478.851795197
1,"map(tofrom: a)",1024,64,104,1,3,44,0,509.095191956
1,"map(tofrom: a)",1024,64,104,1,3,472,0,876.808166504
1,"map(tofrom: a)",1024,64,104,1,3,7,0,474.798679352
1,"map(tofrom: a)",1024,64,104,1,3,1955,0,2171.301841736
1,"map(tofrom: a)",1024,64,104,1,3,71,0,532.102584839
1,"map(tofrom: a)",1024,64,104,1,3,183,0,630.545616150
1,"map(tofrom: a)",1024,64,104,1,3,8096,0,7558.846473694
1,"map(tofrom: a)",1024,64,104,1,3,3140,0,3180.146217346
1,"map(tofrom: a)",1024,64,104,1,4,472,0,887.548923492
1,"map(tofrom: a)",1024,64,104,1,4,71,0,532.054901123
1,"map(tofrom: a)",1024,64,104,1,4,1,0,470.709800720
1,"map(tofrom: a)",1024,64,104,1,4,11,0,478.601455688
1,"map(tofrom: a)",1024,64,104,1,4,4,0,473.654270172
1,"map(tofrom: a)",1024,64,104,1,4,3140,0,3213.095664978
1,"map(tofrom: a)",1024,64,104,1,4,28,0,495.052337646
1,"map(tofrom: a)",1024,64,104,1,4,1218,0,1515.698432922
1,"map(tofrom: a)",1024,64,104,1,4,2,0,471.150875092
1,"map(tofrom: a)",1024,64,104,1,4,183,0,627.648830414
1,"map(tofrom: a)",1024,64,104,1,4,5042,0,4902.100563049
1,"map(tofrom: a)",1024,64,104,1,4,114,0,569.152832031
1,"map(tofrom: a)",1024,64,104,1,4,3,0,471.901893616
1,"map(tofrom: a)",1024,64,104,1,4,44,0,508.451461792
1,"map(tofrom: a)",1024,64,104,1,4,758,0,1135.206222534
1,"map(tofrom: a)",1024,64,104,1,4,8096,0,7427.346706390
1,"map(tofrom: a)",1024,64,104,1,4,1955,0,2185.499668121
1,"map(tofrom: a)",1024,64,104,1,4,294,0,723.350048065
1,"map(tofrom: a)",1024,64,104,1,4,7,0,474.798679352
1,"map(tofrom: a)",1024,64,104,1,4,17,0,485.801696777
1,"map(tofrom: a)",4096,64,104,0,0,7,0,479.400157928
1,"map(tofrom: a)",4096,64,104,0,0,114,0,568.759441376
1,"map(tofrom: a)",4096,64,104,0,0,3,0,470.554828644
1,"map(tofrom: a)",4096,64,104,0,0,17,0,483.560562134
1,"map(tofrom: a)",4096,64,104,0,0,1,0,469.899177551
1,"map(tofrom: a)",4096,64,104,0,0,44,0,506.997108459
1,"map(tofrom: a)",4096,64,104,0,0,294,0,724.256038666
1,"map(tofrom: a)",4096,64,104,0,0,3140,0,3226.351737976
1,"map(tofrom: a)",4096,64,104,0,0,4,0,472.497940063
1,"map(tofrom: a)",4096,64,104,0,0,1955,0,2165.603637695
1,"map(tofrom: a)",4096,64,104,0,0,183,0,629.198551178
1,"map(tofrom: a)",4096,64,104,0,0,8096,0,7451.701164246
1,"map(tofrom: a)",4096,64,104,0,0,758,0,1136.755943298
1,"map(tofrom: a)",4096,64,104,0,0,71,0,530.242919922
1,"map(tofrom: a)",4096,64,104,0,0,2,0,469.398498535
1,"map(tofrom: a)",4096,64,104,0,0,11,0,477.504730225
1,"map(tofrom: a)",4096,64,104,0,0,28,0,492.143630981
1,"map(tofrom: a)",4096,64,104,0,0,5042,0,4873.895645142
1,"map(tofrom: a)",4096,64,104,0,0,1218,0,1530.253887177
1,"map(tofrom: a)",4096,64,104,0,0,472,0,872.302055359
1,"map(tofrom: a)",4096,64,104,0,1,4,0,472.044944763
1,"map(tofrom: a)",4096,64,104,0,1,1,0,469.207763672
1,"map(tofrom: a)",4096,64,104,0,1,17,0,484.049320221
1,"map(tofrom: a)",4096,64,104,0,1,28,0,493.097305298
1,"map(tofrom: a)",4096,64,104,0,1,11,0,477.349758148
1,"map(tofrom: a)",4096,64,104,0,1,3140,0,3193.402290344
1,"map(tofrom: a)",4096,64,104,0,1,2,0,469.708442688
1,"map(tofrom: a)",4096,64,104,0,1,758,0,1123.750209808
1,"map(tofrom: a)",4096,64,104,0,1,1218,0,1538.252830505
1,"map(tofrom: a)",4096,64,104,0,1,44,0,507.056713104
1,"map(tofrom: a)",4096,64,104,0,1,71,0,531.041622162
1,"map(tofrom: a)",4096,64,104,0,1,114,0,568.950176239
1,"map(tofrom: a)",4096,64,104,0,1,294,0,722.396373749
1,"map(tofrom: a)",4096,64,104,0,1,7,0,473.654270172
1,"map(tofrom: a)",4096,64,104,0,1,183,0,629.544258118
1,"map(tofrom: a)",4096,64,104,0,1,8096,0,7444.548606873
1,"map(tofrom: a)",4096,64,104,0,1,472,0,887.691974640
1,"map(tofrom: a)",4096,64,104,0,1,1955,0,2154.803276062
1,"map(tofrom: a)",4096,64,104,0,1,3,0,470.459461212
1,"map(tofrom: a)",4096,64,104,0,1,5042,0,4882.752895355
1,"map(tofrom: a)",4096,64,104,0,2,3,0,470.244884491
1,"map(tofrom: a)",4096,64,104,0,2,44,0,506.901741028
1,"map(tofrom: a)",4096,64,104,0,2,1,0,469.541549683
1,"map(tofrom: a)",4096,64,104,0,2,183,0,625.705718994
1,"map(tofrom: a)",4096,64,104,0,2,294,0,728.058815002
1,"map(tofrom: a)",4096,64,104,0,2,5042,0,4813.241958618
1,"map(tofrom: a)",4096,64,104,0,2,7,0,474.393367767
1,"map(tofrom: a)",4096,64,104,0,2,8096,0,7534.694671631
1,"map(tofrom: a)",4096,64,104,0,2,2,0,469.410419464
1,"map(tofrom: a)",4096,64,104,0,2,114,0,568.795204163
1,"map(tofrom: a)",4096,64,104,0,2,71,0,531.041622162
1,"map(tofrom: a)",4096,64,104,0,2,1955,0,2144.300937653
1,"map(tofrom: a)",4096,64,104,0,2,17,0,484.299659729
1,"map(tofrom: a)",4096,64,104,0,2,472,0,874.698162079
1,"map(tofrom: a)",4096,64,104,0,2,11,0,476.944446564
1,"map(tofrom: a)",4096,64,104,0,2,1218,0,1532.292366028
1,"map(tofrom: a)",4096,64,104,0,2,4,0,471.699237823
1,"map(tofrom: a)",4096,64,104,0,2,3140,0,3206.598758698
1,"map(tofrom: a)",4096,64,104,0,2,758,0,1134.502887726
1,"map(tofrom: a)",4096,64,104,0,2,28,0,491.499900818
1,"map(tofrom: a)",4096,64,104,0,3,11,0,477.397441864
1,"map(tofrom: a)",4096,64,104,0,3,4,0,471.401214600
1,"map(tofrom: a)",4096,64,104,0,3,5042,0,4881.644248962
1,"map(tofrom: a)",4096,64,104,0,3,183,0,628.757476807
1,"map(tofrom: a)",4096,64,104,0,3,17,0,483.608245850
1,"map(tofrom: a)",4096,64,104,0,3,3,0,469.946861267
1,"map(tofrom: a)",4096,64,104,0,3,28,0,492.155551910
1,"map(tofrom: a)",4096,64,104,0,3,1218,0,1512.598991394
1,"map(tofrom: a)",4096,64,104,0,3,114,0,569.951534271
1,"map(tofrom: a)",4096,64,104,0,3,758,0,1123.106479645
1,"map(tofrom: a)",4096,64,104,0,3,1955,0,2168.750762939
1,"map(tofrom: a)",4096,64,104,0,3,472,0,883.543491364
1,"map(tofrom: a)",4096,64,104,0,3,7,0,473.511219025
1,"map(tofrom: a)",4096,64,104,0,3,44,0,507.152080536
1,"map(tofrom: a)",4096,64,104,0,3,3140,0,3212.952613831
1,"map(tofrom: a)",4096,64,104,0,3,8096,0,7446.098327637
1,"map(tofrom: a)",4096,64,104,0,3,71,0,534.296035767
1,"map(tofrom: a)",4096,64,104,0,3,1,0,471.198558807
1,"map(tofrom: a)",4096,64,104,0,3,2,0,469.696521759
1,"map(tofrom: a)",4096,64,104,0,3,294,0,724.148750305
1,"map(tofrom: a)",4096,64,104,0,4,3,0,469.696521759
1,"map(tofrom: a)",4096,64,104,0,4,8096,0,7565.259933472
1,"map(tofrom: a)",4096,64,104,0,4,1,0,474.107265472
1,"map(tofrom: a)",4096,64,104,0,4,28,0,493.991374969
1,"map(tofrom: a)",4096,64,104,0,4,17,0,489.795207977
1,"map(tofrom: a)",4096,64,104,0,4,5042,0,4830.694198608
1,"map(tofrom: a)",4096,64,104,0,4,7,0,476.539134979
1,"map(tofrom: a)",4096,64,104,0,4,114,0,569.605827332
1,"map(tofrom: a)",4096,64,104,0,4,44,0,511.443614960
1,"map(tofrom: a)",4096,64,104,0,4,2,0,474.643707275
1,"map(tofrom: a)",4096,64,104,0,4,294,0,728.499889374
1,"map(tofrom: a)",4096,64,104,0,4,758,0,1126.754283905
1,"map(tofrom: a)",4096,64,104,0,4,183,0,631.642341614
1,"map(tofrom: a)",4096,64,104,0,4,4,0,476.145744324
1,"map(tofrom: a)",4096,64,104,0,4,1218,0,1531.648635864
1,"map(tofrom: a)",4096,64,104,0,4,71,0,530.898571014
1,"map(tofrom: a)",4096,64,104,0,4,1955,0,2158.606052399
1,"map(tofrom: a)",4096,64,104,0,4,11,0,477.004051208
1,"map(tofrom: a)",4096,64,104,0,4,472,0,885.450839996
1,"map(tofrom: a)",4096,64,104,0,4,3140,0,3165.555000305
1,"map(tofrom: a)",4096,64,104,1,0,2,0,470.006465912
1,"map(tofrom: a)",4096,64,104,1,0,4,0,471.949577332
1,"map(tofrom: a)",4096,64,104,1,0,472,0,881.004333496
1,"map(tofrom: a)",4096,64,104,1,0,3140,0,3206.098079681
1,"map(tofrom: a)",4096,64,104,1,0,183,0,630.295276642
1,"map(tofrom: a)",4096,64,104,1,0,28,0,492.405891418
1,"map(tofrom: a)",4096,64,104,1,0,71,0,531.256198883
1,"map(tofrom: a)",4096,64,104,1,0,1218,0,1514.601707458
1,"map(tofrom: a)",4096,64,104,1,0,294,0,726.640224457
1,"map(tofrom: a)",4096,64,104,1,0,1,0,469.398498535
1,"map(tofrom: a)",4096,64,104,1,0,7,0,474.309921265
1,"map(tofrom: a)",4096,64,104,1,0,1955,0,2172.994613647
1,"map(tofrom: a)",4096,64,104,1,0,758,0,1128.351688385
1,"map(tofrom: a)",4096,64,104,1,0,114,0,571.441650391
1,"map(tofrom: a)",4096,64,104,1,0,11,0,477.802753448
1,"map(tofrom: a)",4096,64,104,1,0,3,0,470.089912415
1,"map(tofrom: a)",4096,64,104,1,0,8096,0,7602.488994598
1,"map(tofrom: a)",4096,64,104,1,0,44,0,506.854057312
1,"map(tofrom: a)",4096,64,104,1,0,17,0,483.894348145
1,"map(tofrom: a)",4096,64,104,1,0,5042,0,4892.957210541
1,"map(tofrom: a)",4096,64,104,1,1,758,0,1126.444339752
1,"map(tofrom: a)",4096,64,104,1,1,3,0,470.256805420
1,"map(tofrom: a)",4096,64,104,1,1,3140,0,3218.901157379
1,"map(tofrom: a)",4096,64,104,1,1,1955,0,2145.743370056
1,"map(tofrom: a)",4096,64,104,1,1,44,0,507.450103760
1,"map(tofrom: a)",4096,64,104,1,1,17,0,483.298301697
1,"map(tofrom: a)",4096,64,104,1,1,294,0,724.494457245
1,"map(tofrom: a)",4096,64,104,1,1,28,0,492.894649506
1,"map(tofrom: a)",4096,64,104,1,1,114,0,566.899776459
1,"map(tofrom: a)",4096,64,104,1,1,2,0,469.493865967
1,"map(tofrom: a)",4096,64,104,1,1,7,0,474.095344543
1,"map(tofrom: a)",4096,64,104,1,1,183,0,626.802444458
1,"map(tofrom: a)",4096,64,104,1,1,8096,0,7643.103599548
1,"map(tofrom: a)",4096,64,104,1,1,11,0,477.051734924
1,"map(tofrom: a)",4096,64,104,1,1,1,0,469.195842743
1,"map(tofrom: a)",4096,64,104,1,1,1218,0,1532.554626465
1,"map(tofrom: a)",4096,64,104,1,1,472,0,876.903533936
1,"map(tofrom: a)",4096,64,104,1,1,71,0,529.789924622
1,"map(tofrom: a)",4096,64,104,1,1,5042,0,4897.451400757
1,"map(tofrom: a)",4096,64,104,1,1,4,0,471.341609955
1,"map(tofrom: a)",4096,64,104,1,2,2,0,469.505786896
1,"map(tofrom: a)",4096,64,104,1,2,71,0,529.944896698
1,"map(tofrom: a)",4096,64,104,1,2,17,0,483.250617981
1,"map(tofrom: a)",4096,64,104,1,2,472,0,878.453254700
1,"map(tofrom: a)",4096,64,104,1,2,5042,0,4829.895496368
1,"map(tofrom: a)",4096,64,104,1,2,28,0,492.644309998
1,"map(tofrom: a)",4096,64,104,1,2,44,0,509.953498840
1,"map(tofrom: a)",4096,64,104,1,2,1218,0,1515.495777130
1,"map(tofrom: a)",4096,64,104,1,2,4,0,473.845005035
1,"map(tofrom: a)",4096,64,104,1,2,1955,0,2147.698402405
1,"map(tofrom: a)",4096,64,104,1,2,183,0,627.851486206
1,"map(tofrom: a)",4096,64,104,1,2,7,0,474.500656128
1,"map(tofrom: a)",4096,64,104,1,2,758,0,1128.041744232
1,"map(tofrom: a)",4096,64,104,1,2,1,0,469.458103180
1,"map(tofrom: a)",4096,64,104,1,2,3140,0,3228.247165680
1,"map(tofrom: a)",4096,64,104,1,2,8096,0,7441.043853760
1,"map(tofrom: a)",4096,64,104,1,2,3,0,470.554828644
1,"map(tofrom: a)",4096,64,104,1,2,114,0,567.293167114
1,"map(tofrom: a)",4096,64,104,1,2,11,0,477.194786072
1,"map(tofrom: a)",4096,64,104,1,2,294,0,726.759433746
1,"map(tofrom: a)",4096,64,104,1,3,1,0,469.398498535
1,"map(tofrom: a)",4096,64,104,1,3,17,0,484.299659729
1,"map(tofrom: a)",4096,64,104,1,3,294,0,726.497173309
1,"map(tofrom: a)",4096,64,104,1,3,5042,0,4777.050018311
1,"map(tofrom: a)",4096,64,104,1,3,114,0,570.154190063
1,"map(tofrom: a)",4096,64,104,1,3,28,0,492.203235626
1,"map(tofrom: a)",4096,64,104,1,3,1218,0,1523.292064667
1,"map(tofrom: a)",4096,64,104,1,3,2,0,470.054149628
1,"map(tofrom: a)",4096,64,104,1,3,3,0,470.244884491
1,"map(tofrom: a)",4096,64,104,1,3,4,0,472.748279572
1,"map(tofrom: a)",4096,64,104,1,3,758,0,1129.150390625
1,"map(tofrom: a)",4096,64,104,1,3,11,0,477.504730225
1,"map(tofrom: a)",4096,64,104,1,3,44,0,507.700443268
1,"map(tofrom: a)",4096,64,104,1,3,472,0,876.450538635
1,"map(tofrom: a)",4096,64,104,1,3,7,0,474.500656128
1,"map(tofrom: a)",4096,64,104,1,3,1955,0,2177.894115448
1,"map(tofrom: a)",4096,64,104,1,3,71,0,529.944896698
1,"map(tofrom: a)",4096,64,104,1,3,183,0,628.757476807
1,"map(tofrom: a)",4096,64,104,1,3,8096,0,7552.754878998
1,"map(tofrom: a)",4096,64,104,1,3,3140,0,3162.848949432
1,"map(tofrom: a)",4096,64,104,1,4,472,0,886.142253876
1,"map(tofrom: a)",4096,64,104,1,4,71,0,530.791282654
1,"map(tofrom: a)",4096,64,104,1,4,1,0,470.101833344
1,"map(tofrom: a)",4096,64,104,1,4,11,0,478.100776672
1,"map(tofrom: a)",4096,64,104,1,4,4,0,472.295284271
1,"map(tofrom: a)",4096,64,104,1,4,3140,0,3195.142745972
1,"map(tofrom: a)",4096,64,104,1,4,28,0,495.195388794
1,"map(tofrom: a)",4096,64,104,1,4,1218,0,1517.152786255
1,"map(tofrom: a)",4096,64,104,1,4,2,0,471.007823944
1,"map(tofrom: a)",4096,64,104,1,4,183,0,627.446174622
1,"map(tofrom: a)",4096,64,104,1,4,5042,0,4866.051673889
1,"map(tofrom: a)",4096,64,104,1,4,114,0,568.354129791
1,"map(tofrom: a)",4096,64,104,1,4,3,0,470.292568207
1,"map(tofrom: a)",4096,64,104,1,4,44,0,507.509708405
1,"map(tofrom: a)",4096,64,104,1,4,758,0,1131.403446198
1,"map(tofrom: a)",4096,64,104,1,4,8096,0,7463.002204895
1,"map(tofrom: a)",4096,64,104,1,4,1955,0,2195.799350739
1,"map(tofrom: a)",4096,64,104,1,4,294,0,722.646713257
1,"map(tofrom: a)",4096,64,104,1,4,7,0,473.642349243
1,"map(tofrom: a)",4096,64,104,1,4,17,0,483.691692352
1,"map(tofrom: a)",16384,64,104,0,0,7,0,486.242771149
1,"map(tofrom: a)",16384,64,104,0,0,114,0,576.353073120
1,"map(tofrom: a)",16384,64,104,0,0,3,0,478.053092957
1,"map(tofrom: a)",16384,64,104,0,0,17,0,492.048263550
1,"map(tofrom: a)",16384,64,104,0,0,1,0,477.099418640
1,"map(tofrom: a)",16384,64,104,0,0,44,0,514.793395996
1,"map(tofrom: a)",16384,64,104,0,0,294,0,732.803344727
1,"map(tofrom: a)",16384,64,104,0,0,3140,0,3212.606906891
1,"map(tofrom: a)",16384,64,104,0,0,4,0,479.900836945
1,"map(tofrom: a)",16384,64,104,0,0,1955,0,2182.102203369
1,"map(tofrom: a)",16384,64,104,0,0,183,0,637.102127075
1,"map(tofrom: a)",16384,64,104,0,0,8096,0,7438.158988953
1,"map(tofrom: a)",16384,64,104,0,0,758,0,1139.700412750
1,"map(tofrom: a)",16384,64,104,0,0,71,0,537.800788879
1,"map(tofrom: a)",16384,64,104,0,0,2,0,477.194786072
1,"map(tofrom: a)",16384,64,104,0,0,11,0,485.050678253
1,"map(tofrom: a)",16384,64,104,0,0,28,0,500.500202179
1,"map(tofrom: a)",16384,64,104,0,0,5042,0,4871.749877930
1,"map(tofrom: a)",16384,64,104,0,0,1218,0,1543.748378754
1,"map(tofrom: a)",16384,64,104,0,0,472,0,881.457328796
1,"map(tofrom: a)",16384,64,104,0,1,4,0,479.352474213
1,"map(tofrom: a)",16384,64,104,0,1,1,0,476.896762848
1,"map(tofrom: a)",16384,64,104,0,1,17,0,491.952896118
1,"map(tofrom: a)",16384,64,104,0,1,28,0,501.048564911
1,"map(tofrom: a)",16384,64,104,0,1,11,0,485.157966614
1,"map(tofrom: a)",16384,64,104,0,1,3140,0,3203.606605530
1,"map(tofrom: a)",16384,64,104,0,1,2,0,477.945804596
1,"map(tofrom: a)",16384,64,104,0,1,758,0,1129.150390625
1,"map(tofrom: a)",16384,64,104,0,1,1218,0,1550.054550171
1,"map(tofrom: a)",16384,64,104,0,1,44,0,514.757633209
1,"map(tofrom: a)",16384,64,104,0,1,71,0,538.659095764
1,"map(tofrom: a)",16384,64,104,0,1,114,0,577.092170715
1,"map(tofrom: a)",16384,64,104,0,1,294,0,731.348991394
1,"map(tofrom: a)",16384,64,104,0,1,7,0,482.249259949
1,"map(tofrom: a)",16384,64,104,0,1,183,0,637.054443359
1,"map(tofrom: a)",16384,64,104,0,1,8096,0,7412.302494049
1,"map(tofrom: a)",16384,64,104,0,1,472,0,891.852378845
1,"map(tofrom: a)",16384,64,104,0,1,1955,0,2164.208889008
1,"map(tofrom: a)",16384,64,104,0,1,3,0,478.398799896
1,"map(tofrom: a)",16384,64,104,0,1,5042,0,4885.852336884
1,"map(tofrom: a)",16384,64,104,0,2,3,0,478.661060333
1,"map(tofrom: a)",16384,64,104,0,2,44,0,515.854358673
1,"map(tofrom: a)",16384,64,104,0,2,1,0,477.707386017
1,"map(tofrom: a)",16384,64,104,0,2,183,0,635.159015656
1,"map(tofrom: a)",16384,64,104,0,2,294,0,735.294818878
1,"map(tofrom: a)",16384,64,104,0,2,5042,0,4851.198196411
1,"map(tofrom: a)",16384,64,104,0,2,7,0,481.796264648
1,"map(tofrom: a)",16384,64,104,0,2,8096,0,7580.411434174
1,"map(tofrom: a)",16384,64,104,0,2,2,0,477.409362793
1,"map(tofrom: a)",16384,64,104,0,2,114,0,575.590133667
1,"map(tofrom: a)",16384,64,104,0,2,71,0,539.493560791
1,"map(tofrom: a)",16384,64,104,0,2,1955,0,2158.498764038
1,"map(tofrom: a)",16384,64,104,0,2,17,0,492.751598358
1,"map(tofrom: a)",16384,64,104,0,2,472,0,883.150100708
1,"map(tofrom: a)",16384,64,104,0,2,11,0,485.301017761
1,"map(tofrom: a)",16384,64,104,0,2,1218,0,1538.753509521
1,"map(tofrom: a)",16384,64,104,0,2,4,0,479.948520660
1,"map(tofrom: a)",16384,64,104,0,2,3140,0,3190.350532532
1,"map(tofrom: a)",16384,64,104,0,2,758,0,1139.342784882
1,"map(tofrom: a)",16384,64,104,0,2,28,0,505.399703979
1,"map(tofrom: a)",16384,64,104,0,3,11,0,485.444068909
1,"map(tofrom: a)",16384,64,104,0,3,4,0,479.900836945
1,"map(tofrom: a)",16384,64,104,0,3,5042,0,4866.743087769
1,"map(tofrom: a)",16384,64,104,0,3,183,0,636.553764343
1,"map(tofrom: a)",16384,64,104,0,3,17,0,491.702556610
1,"map(tofrom: a)",16384,64,104,0,3,3,0,477.850437164
1,"map(tofrom: a)",16384,64,104,0,3,28,0,500.404834747
1,"map(tofrom: a)",16384,64,104,0,3,1218,0,1519.346237183
1,"map(tofrom: a)",16384,64,104,0,3,114,0,577.604770660
1,"map(tofrom: a)",16384,64,104,0,3,758,0,1128.256320953
1,"map(tofrom: a)",16384,64,104,0,3,1955,0,2180.600166321
1,"map(tofrom: a)",16384,64,104,0,3,472,0,889.647006989
1,"map(tofrom: a)",16384,64,104,0,3,7,0,481.808185577
1,"map(tofrom: a)",16384,64,104,0,3,44,0,515.699386597
1,"map(tofrom: a)",16384,64,104,0,3,3140,0,3235.149383545
1,"map(tofrom: a)",16384,64,104,0,3,8096,0,7402.789592743
1,"map(tofrom: a)",16384,64,104,0,3,71,0,539.195537567
1,"map(tofrom: a)",16384,64,104,0,3,1,0,476.551055908
1,"map(tofrom: a)",16384,64,104,0,3,2,0,476.956367493
1,"map(tofrom: a)",16384,64,104,0,3,294,0,733.649730682
1,"map(tofrom: a)",16384,64,104,0,4,3,0,478.351116180
1,"map(tofrom: a)",16384,64,104,0,4,8096,0,7529.354095459
1,"map(tofrom: a)",16384,64,104,0,4,1,0,477.254390717
1,"map(tofrom: a)",16384,64,104,0,4,28,0,499.653816223
1,"map(tofrom: a)",16384,64,104,0,4,17,0,492.298603058
1,"map(tofrom: a)",16384,64,104,0,4,5042,0,4843.902587891
1,"map(tofrom: a)",16384,64,104,0,4,7,0,481.152534485
1,"map(tofrom: a)",16384,64,104,0,4,114,0,576.949119568
1,"map(tofrom: a)",16384,64,104,0,4,44,0,514.352321625
1,"map(tofrom: a)",16384,64,104,0,4,2,0,476.992130280
1,"map(tofrom: a)",16384,64,104,0,4,294,0,733.053684235
1,"map(tofrom: a)",16384,64,104,0,4,758,0,1127.707958221
1,"map(tofrom: a)",16384,64,104,0,4,183,0,638.389587402
1,"map(tofrom: a)",16384,64,104,0,4,4,0,479.698181152
1,"map(tofrom: a)",16384,64,104,0,4,1218,0,1537.501811981
1,"map(tofrom: a)",16384,64,104,0,4,71,0,538.456439972
1,"map(tofrom: a)",16384,64,104,0,4,1955,0,2154.541015625
1,"map(tofrom: a)",16384,64,104,0,4,11,0,485.050678253
1,"map(tofrom: a)",16384,64,104,0,4,472,0,887.501239777
1,"map(tofrom: a)",16384,64,104,0,4,3140,0,3162.956237793
1,"map(tofrom: a)",16384,64,104,1,0,2,0,477.492809296
1,"map(tofrom: a)",16384,64,104,1,0,4,0,479.590892792
1,"map(tofrom: a)",16384,64,104,1,0,472,0,886.654853821
1,"map(tofrom: a)",16384,64,104,1,0,3140,0,3205.347061157
1,"map(tofrom: a)",16384,64,104,1,0,183,0,635.600090027
1,"map(tofrom: a)",16384,64,104,1,0,28,0,500.249862671
1,"map(tofrom: a)",16384,64,104,1,0,71,0,538.742542267
1,"map(tofrom: a)",16384,64,104,1,0,1218,0,1528.143882751
1,"map(tofrom: a)",16384,64,104,1,0,294,0,735.247135162
1,"map(tofrom: a)",16384,64,104,1,0,1,0,477.600097656
1,"map(tofrom: a)",16384,64,104,1,0,7,0,481.843948364
1,"map(tofrom: a)",16384,64,104,1,0,1955,0,2184.057235718
1,"map(tofrom: a)",16384,64,104,1,0,758,0,1131.403446198
1,"map(tofrom: a)",16384,64,104,1,0,114,0,576.448440552
1,"map(tofrom: a)",16384,64,104,1,0,11,0,485.301017761
1,"map(tofrom: a)",16384,64,104,1,0,3,0,478.148460388
1,"map(tofrom: a)",16384,64,104,1,0,8096,0,7619.202136993
1,"map(tofrom: a)",16384,64,104,1,0,44,0,514.495372772
1,"map(tofrom: a)",16384,64,104,1,0,17,0,491.857528687
1,"map(tofrom: a)",16384,64,104,1,0,5042,0,4879.260063171
1,"map(tofrom: a)",16384,64,104,1,1,758,0,1132.750511169
1,"map(tofrom: a)",16384,64,104,1,1,3,0,478.005409241
1,"map(tofrom: a)",16384,64,104,1,1,3140,0,3226.697444916
1,"map(tofrom: a)",16384,64,104,1,1,1955,0,2157.056331635
1,"map(tofrom: a)",16384,64,104,1,1,44,0,515.806674957
1,"map(tofrom: a)",16384,64,104,1,1,17,0,491.392612457
1,"map(tofrom: a)",16384,64,104,1,1,294,0,734.150409698
1,"map(tofrom: a)",16384,64,104,1,1,28,0,499.844551086
1,"map(tofrom: a)",16384,64,104,1,1,114,0,576.400756836
1,"map(tofrom: a)",16384,64,104,1,1,2,0,477.600097656
1,"map(tofrom: a)",16384,64,104,1,1,7,0,481.498241425
1,"map(tofrom: a)",16384,64,104,1,1,183,0,633.597373962
1,"map(tofrom: a)",16384,64,104,1,1,8096,0,7609.891891479
1,"map(tofrom: a)",16384,64,104,1,1,11,0,485.301017761
1,"map(tofrom: a)",16384,64,104,1,1,1,0,477.397441864
1,"map(tofrom: a)",16384,64,104,1,1,1218,0,1540.899276733
1,"map(tofrom: a)",16384,64,104,1,1,472,0,886.404514313
1,"map(tofrom: a)",16384,64,104,1,1,71,0,538.849830627
1,"map(tofrom: a)",16384,64,104,1,1,5042,0,4903.841018677
1,"map(tofrom: a)",16384,64,104,1,1,4,0,479.948520660
1,"map(tofrom: a)",16384,64,104,1,2,2,0,477.647781372
1,"map(tofrom: a)",16384,64,104,1,2,71,0,538.206100464
1,"map(tofrom: a)",16384,64,104,1,2,17,0,491.499900818
1,"map(tofrom: a)",16384,64,104,1,2,472,0,889.348983765
1,"map(tofrom: a)",16384,64,104,1,2,5042,0,4838.943481445
1,"map(tofrom: a)",16384,64,104,1,2,28,0,500.297546387
1,"map(tofrom: a)",16384,64,104,1,2,44,0,515.401363373
1,"map(tofrom: a)",16384,64,104,1,2,1218,0,1525.199413300
1,"map(tofrom: a)",16384,64,104,1,2,4,0,479.698181152
1,"map(tofrom: a)",16384,64,104,1,2,1955,0,2167.999744415
1,"map(tofrom: a)",16384,64,104,1,2,183,0,635.349750519
1,"map(tofrom: a)",16384,64,104,1,2,7,0,482.046604156
1,"map(tofrom: a)",16384,64,104,1,2,758,0,1131.808757782
1,"map(tofrom: a)",16384,64,104,1,2,1,0,476.706027985
1,"map(tofrom: a)",16384,64,104,1,2,3140,0,3227.400779724
1,"map(tofrom: a)",16384,64,104,1,2,8096,0,7486.641407013
1,"map(tofrom: a)",16384,64,104,1,2,3,0,478.446483612
1,"map(tofrom: a)",16384,64,104,1,2,114,0,575.554370880
1,"map(tofrom: a)",16384,64,104,1,2,11,0,484.848022461
1,"map(tofrom: a)",16384,64,104,1,2,294,0,731.849670410
1,"map(tofrom: a)",16384,64,104,1,3,1,0,476.849079132
1,"map(tofrom: a)",16384,64,104,1,3,17,0,491.595268250
1,"map(tofrom: a)",16384,64,104,1,3,294,0,736.093521118
1,"map(tofrom: a)",16384,64,104,1,3,5042,0,4818.654060364
1,"map(tofrom: a)",16384,64,104,1,3,114,0,577.092170715
1,"map(tofrom: a)",16384,64,104,1,3,28,0,499.892234802
1,"map(tofrom: a)",16384,64,104,1,3,1218,0,1532.149314880
1,"map(tofrom: a)",16384,64,104,1,3,2,0,477.445125580
1,"map(tofrom: a)",16384,64,104,1,3,3,0,478.100776672
1,"map(tofrom: a)",16384,64,104,1,3,4,0,480.401515961
1,"map(tofrom: a)",16384,64,104,1,3,758,0,1142.251491547
1,"map(tofrom: a)",16384,64,104,1,3,11,0,485.050678253
1,"map(tofrom: a)",16384,64,104,1,3,44,0,516.855716705
1,"map(tofrom: a)",16384,64,104,1,3,472,0,883.150100708
1,"map(tofrom: a)",16384,64,104,1,3,7,0,481.653213501
1,"map(tofrom: a)",16384,64,104,1,3,1955,0,2190.458774567
1,"map(tofrom: a)",16384,64,104,1,3,71,0,537.705421448
1,"map(tofrom: a)",16384,64,104,1,3,183,0,635.993480682
1,"map(tofrom: a)",16384,64,104,1,3,8096,0,7575.297355652
1,"map(tofrom: a)",16384,64,104,1,3,3140,0,3150.796890259
1,"map(tofrom: a)",16384,64,104,1,4,472,0,894.045829773
1,"map(tofrom: a)",16384,64,104,1,4,71,0,538.849830627
1,"map(tofrom: a)",16384,64,104,1,4,1,0,478.541851044
1,"map(tofrom: a)",16384,64,104,1,4,11,0,485.658645630
1,"map(tofrom: a)",16384,64,104,1,4,4,0,480.496883392
1,"map(tofrom: a)",16384,64,104,1,4,3140,0,3213.798999786
1,"map(tofrom: a)",16384,64,104,1,4,28,0,500.452518463
1,"map(tofrom: a)",16384,64,104,1,4,1218,0,1523.447036743
1,"map(tofrom: a)",16384,64,104,1,4,2,0,477.504730225
1,"map(tofrom: a)",16384,64,104,1,4,183,0,635.147094727
1,"map(tofrom: a)",16384,64,104,1,4,5042,0,4907.405376434
1,"map(tofrom: a)",16384,64,104,1,4,114,0,577.139854431
1,"map(tofrom: a)",16384,64,104,1,4,3,0,477.647781372
1,"map(tofrom: a)",16384,64,104,1,4,44,0,514.805316925
1,"map(tofrom: a)",16384,64,104,1,4,758,0,1138.591766357
1,"map(tofrom: a)",16384,64,104,1,4,8096,0,7433.807849884
1,"map(tofrom: a)",16384,64,104,1,4,1955,0,2203.547954559
1,"map(tofrom: a)",16384,64,104,1,4,294,0,732.195377350
1,"map(tofrom: a)",16384,64,104,1,4,7,0,481.951236725
1,"map(tofrom: a)",16384,64,104,1,4,17,0,491.857528687
1,"map(tofrom: a)",65536,64,104,0,0,7,0,518.298149109
1,"map(tofrom: a)",65536,64,104,0,0,114,0,607.192516327
1,"map(tofrom: a)",65536,64,104,0,0,3,0,508.952140808
1,"map(tofrom: a)",65536,64,104,0,0,17,0,522.756576538
1,"map(tofrom: a)",65536,64,104,0,0,1,0,508.403778076
1,"map(tofrom: a)",65536,64,104,0,0,44,0,546.050071716
1,"map(tofrom: a)",65536,64,104,0,0,294,0,764.107704163
1,"map(tofrom: a)",65536,64,104,0,0,3140,0,3251.707553864
1,"map(tofrom: a)",65536,64,104,0,0,4,0,509.846210480
1,"map(tofrom: a)",65536,64,104,0,0,1955,0,2205.204963684
1,"map(tofrom: a)",65536,64,104,0,0,183,0,667.154788971
1,"map(tofrom: a)",65536,64,104,0,0,8096,0,7486.402988434
1,"map(tofrom: a)",65536,64,104,0,0,758,0,1176.345348358
1,"map(tofrom: a)",65536,64,104,0,0,71,0,568.592548370
1,"map(tofrom: a)",65536,64,104,0,0,2,0,507.843494415
1,"map(tofrom: a)",65536,64,104,0,0,11,0,515.806674957
1,"map(tofrom: a)",65536,64,104,0,0,28,0,531.399250031
1,"map(tofrom: a)",65536,64,104,0,0,5042,0,4926.657676697
1,"map(tofrom: a)",65536,64,104,0,0,1218,0,1571.750640869
1,"map(tofrom: a)",65536,64,104,0,0,472,0,914.740562439
1,"map(tofrom: a)",65536,64,104,0,1,4,0,511.503219604
1,"map(tofrom: a)",65536,64,104,0,1,1,0,508.511066437
1,"map(tofrom: a)",65536,64,104,0,1,17,0,522.506237030
1,"map(tofrom: a)",65536,64,104,0,1,28,0,531.840324402
1,"map(tofrom: a)",65536,64,104,0,1,11,0,516.605377197
1,"map(tofrom: a)",65536,64,104,0,1,3140,0,3248.941898346
1,"map(tofrom: a)",65536,64,104,0,1,2,0,508.391857147
1,"map(tofrom: a)",65536,64,104,0,1,758,0,1158.142089844
1,"map(tofrom: a)",65536,64,104,0,1,1218,0,1573.598384857
1,"map(tofrom: a)",65536,64,104,0,1,44,0,545.847415924
1,"map(tofrom: a)",65536,64,104,0,1,71,0,569.951534271
1,"map(tofrom: a)",65536,64,104,0,1,114,0,606.799125671
1,"map(tofrom: a)",65536,64,104,0,1,294,0,762.403011322
1,"map(tofrom: a)",65536,64,104,0,1,7,0,512.659549713
1,"map(tofrom: a)",65536,64,104,0,1,183,0,668.394565582
1,"map(tofrom: a)",65536,64,104,0,1,8096,0,7460.856437683
1,"map(tofrom: a)",65536,64,104,0,1,472,0,922.048091888
1,"map(tofrom: a)",65536,64,104,0,1,1955,0,2193.701267242
1,"map(tofrom: a)",65536,64,104,0,1,3,0,509.452819824
1,"map(tofrom: a)",65536,64,104,0,1,5042,0,4947.400093079
1,"map(tofrom: a)",65536,64,104,0,2,3,0,509.500503540
1,"map(tofrom: a)",65536,64,104,0,2,44,0,545.799732208
1,"map(tofrom: a)",65536,64,104,0,2,1,0,508.546829224
1,"map(tofrom: a)",65536,64,104,0,2,183,0,665.450096130
1,"map(tofrom: a)",65536,64,104,0,2,294,0,767.290592194
1,"map(tofrom: a)",65536,64,104,0,2,5042,0,4863.142967224
1,"map(tofrom: a)",65536,64,104,0,2,7,0,512.290000916
1,"map(tofrom: a)",65536,64,104,0,2,8096,0,7635.653018951
1,"map(tofrom: a)",65536,64,104,0,2,2,0,507.950782776
1,"map(tofrom: a)",65536,64,104,0,2,114,0,607.049465179
1,"map(tofrom: a)",65536,64,104,0,2,71,0,569.546222687
1,"map(tofrom: a)",65536,64,104,0,2,1955,0,2179.646492004
1,"map(tofrom: a)",65536,64,104,0,2,17,0,523.245334625
1,"map(tofrom: a)",65536,64,104,0,2,472,0,915.002822876
1,"map(tofrom: a)",65536,64,104,0,2,11,0,516.200065613
1,"map(tofrom: a)",65536,64,104,0,2,1218,0,1568.949222565
1,"map(tofrom: a)",65536,64,104,0,2,4,0,511.753559113
1,"map(tofrom: a)",65536,64,104,0,2,3140,0,3234.648704529
1,"map(tofrom: a)",65536,64,104,0,2,758,0,1169.800758362
1,"map(tofrom: a)",65536,64,104,0,2,28,0,531.542301178
1,"map(tofrom: a)",65536,64,104,0,3,11,0,516.450405121
1,"map(tofrom: a)",65536,64,104,0,3,4,0,510.692596436
1,"map(tofrom: a)",65536,64,104,0,3,5042,0,4919.540882111
1,"map(tofrom: a)",65536,64,104,0,3,183,0,668.454170227
1,"map(tofrom: a)",65536,64,104,0,3,17,0,522.398948669
1,"map(tofrom: a)",65536,64,104,0,3,3,0,509.750843048
1,"map(tofrom: a)",65536,64,104,0,3,28,0,531.852245331
1,"map(tofrom: a)",65536,64,104,0,3,1218,0,1553.952693939
1,"map(tofrom: a)",65536,64,104,0,3,114,0,608.146190643
1,"map(tofrom: a)",65536,64,104,0,3,758,0,1160.502433777
1,"map(tofrom: a)",65536,64,104,0,3,1955,0,2199.399471283
1,"map(tofrom: a)",65536,64,104,0,3,472,0,919.449329376
1,"map(tofrom: a)",65536,64,104,0,3,7,0,512.456893921
1,"map(tofrom: a)",65536,64,104,0,3,44,0,545.704364777
1,"map(tofrom: a)",65536,64,104,0,3,3140,0,3255.248069763
1,"map(tofrom: a)",65536,64,104,0,3,8096,0,7483.398914337
1,"map(tofrom: a)",65536,64,104,0,3,71,0,570.154190063
1,"map(tofrom: a)",65536,64,104,0,3,1,0,508.654117584
1,"map(tofrom: a)",65536,64,104,0,3,2,0,508.105754852
1,"map(tofrom: a)",65536,64,104,0,3,294,0,763.845443726
1,"map(tofrom: a)",65536,64,104,0,4,3,0,508.451461792
1,"map(tofrom: a)",65536,64,104,0,4,8096,0,7608.640193939
1,"map(tofrom: a)",65536,64,104,0,4,1,0,509.095191956
1,"map(tofrom: a)",65536,64,104,0,4,28,0,530.505180359
1,"map(tofrom: a)",65536,64,104,0,4,17,0,522.851943970
1,"map(tofrom: a)",65536,64,104,0,4,5042,0,4858.458042145
1,"map(tofrom: a)",65536,64,104,0,4,7,0,512.158870697
1,"map(tofrom: a)",65536,64,104,0,4,114,0,607.788562775
1,"map(tofrom: a)",65536,64,104,0,4,44,0,545.299053192
1,"map(tofrom: a)",65536,64,104,0,4,2,0,507.855415344
1,"map(tofrom: a)",65536,64,104,0,4,294,0,765.943527222
1,"map(tofrom: a)",65536,64,104,0,4,758,0,1154.494285583
1,"map(tofrom: a)",65536,64,104,0,4,183,0,667.655467987
1,"map(tofrom: a)",65536,64,104,0,4,4,0,510.442256927
1,"map(tofrom: a)",65536,64,104,0,4,1218,0,1568.651199341
1,"map(tofrom: a)",65536,64,104,0,4,71,0,569.403171539
1,"map(tofrom: a)",65536,64,104,0,4,1955,0,2196.943759918
1,"map(tofrom: a)",65536,64,104,0,4,11,0,516.057014465
1,"map(tofrom: a)",65536,64,104,0,4,472,0,918.757915497
1,"map(tofrom: a)",65536,64,104,0,4,3140,0,3204.560279846
1,"map(tofrom: a)",65536,64,104,1,0,2,0,508.451461792
1,"map(tofrom: a)",65536,64,104,1,0,4,0,510.597229004
1,"map(tofrom: a)",65536,64,104,1,0,472,0,917.601585388
1,"map(tofrom: a)",65536,64,104,1,0,3140,0,3268.492221832
1,"map(tofrom: a)",65536,64,104,1,0,183,0,665.152072906
1,"map(tofrom: a)",65536,64,104,1,0,28,0,531.446933746
1,"map(tofrom: a)",65536,64,104,1,0,71,0,569.558143616
1,"map(tofrom: a)",65536,64,104,1,0,1218,0,1553.249359131
1,"map(tofrom: a)",65536,64,104,1,0,294,0,768.899917603
1,"map(tofrom: a)",65536,64,104,1,0,1,0,508.344173431
1,"map(tofrom: a)",65536,64,104,1,0,7,0,512.444972992
1,"map(tofrom: a)",65536,64,104,1,0,1955,0,2205.848693848
1,"map(tofrom: a)",65536,64,104,1,0,758,0,1158.094406128
1,"map(tofrom: a)",65536,64,104,1,0,114,0,608.348846436
1,"map(tofrom: a)",65536,64,104,1,0,11,0,515.651702881
1,"map(tofrom: a)",65536,64,104,1,0,3,0,509.154796600
1,"map(tofrom: a)",65536,64,104,1,0,8096,0,7656.705379486
1,"map(tofrom: a)",65536,64,104,1,0,44,0,546.348094940
1,"map(tofrom: a)",65536,64,104,1,0,17,0,521.898269653
1,"map(tofrom: a)",65536,64,104,1,0,5042,0,4902.446269989
1,"map(tofrom: a)",65536,64,104,1,1,758,0,1164.245605469
1,"map(tofrom: a)",65536,64,104,1,1,3,0,509.393215179
1,"map(tofrom: a)",65536,64,104,1,1,3140,0,3264.951705933
1,"map(tofrom: a)",65536,64,104,1,1,1955,0,2198.147773743
1,"map(tofrom: a)",65536,64,104,1,1,44,0,546.753406525
1,"map(tofrom: a)",65536,64,104,1,1,17,0,522.601604462
1,"map(tofrom: a)",65536,64,104,1,1,294,0,763.547420502
1,"map(tofrom: a)",65536,64,104,1,1,28,0,531.351566315
1,"map(tofrom: a)",65536,64,104,1,1,114,0,606.405735016
1,"map(tofrom: a)",65536,64,104,1,1,2,0,508.308410645
1,"map(tofrom: a)",65536,64,104,1,1,7,0,512.397289276
1,"map(tofrom: a)",65536,64,104,1,1,183,0,665.342807770
1,"map(tofrom: a)",65536,64,104,1,1,8096,0,7651.495933533
1,"map(tofrom: a)",65536,64,104,1,1,11,0,515.699386597
1,"map(tofrom: a)",65536,64,104,1,1,1,0,508.654117584
1,"map(tofrom: a)",65536,64,104,1,1,1218,0,1566.946506500
1,"map(tofrom: a)",65536,64,104,1,1,472,0,915.753841400
1,"map(tofrom: a)",65536,64,104,1,1,71,0,569.200515747
1,"map(tofrom: a)",65536,64,104,1,1,5042,0,4935.657978058
1,"map(tofrom: a)",65536,64,104,1,1,4,0,511.407852173
1,"map(tofrom: a)",65536,64,104,1,2,2,0,508.296489716
1,"map(tofrom: a)",65536,64,104,1,2,71,0,568.544864655
1,"map(tofrom: a)",65536,64,104,1,2,17,0,522.553920746
1,"map(tofrom: a)",65536,64,104,1,2,472,0,918.948650360
1,"map(tofrom: a)",65536,64,104,1,2,5042,0,4893.600940704
1,"map(tofrom: a)",65536,64,104,1,2,28,0,530.600547791
1,"map(tofrom: a)",65536,64,104,1,2,44,0,546.658039093
1,"map(tofrom: a)",65536,64,104,1,2,1218,0,1550.650596619
1,"map(tofrom: a)",65536,64,104,1,2,4,0,510.406494141
1,"map(tofrom: a)",65536,64,104,1,2,1955,0,2191.996574402
1,"map(tofrom: a)",65536,64,104,1,2,183,0,667.953491211
1,"map(tofrom: a)",65536,64,104,1,2,7,0,512.850284576
1,"map(tofrom: a)",65536,64,104,1,2,758,0,1165.354251862
1,"map(tofrom: a)",65536,64,104,1,2,1,0,508.296489716
1,"map(tofrom: a)",65536,64,104,1,2,3140,0,3258.252143860
1,"map(tofrom: a)",65536,64,104,1,2,8096,0,7463.943958282
1,"map(tofrom: a)",65536,64,104,1,2,3,0,510.108470917
1,"map(tofrom: a)",65536,64,104,1,2,114,0,606.143474579
1,"map(tofrom: a)",65536,64,104,1,2,11,0,516.545772552
1,"map(tofrom: a)",65536,64,104,1,2,294,0,765.407085419
1,"map(tofrom: a)",65536,64,104,1,3,1,0,508.451461792
1,"map(tofrom: a)",65536,64,104,1,3,17,0,523.293018341
1,"map(tofrom: a)",65536,64,104,1,3,294,0,763.952732086
1,"map(tofrom: a)",65536,64,104,1,3,5042,0,4864.454269409
1,"map(tofrom: a)",65536,64,104,1,3,114,0,608.658790588
1,"map(tofrom: a)",65536,64,104,1,3,28,0,531.005859375
1,"map(tofrom: a)",65536,64,104,1,3,1218,0,1563.048362732
1,"map(tofrom: a)",65536,64,104,1,3,2,0,508.654117584
1,"map(tofrom: a)",65536,64,104,1,3,3,0,509.452819824
1,"map(tofrom: a)",65536,64,104,1,3,4,0,511.205196381
1,"map(tofrom: a)",65536,64,104,1,3,758,0,1171.708106995
1,"map(tofrom: a)",65536,64,104,1,3,11,0,515.592098236
1,"map(tofrom: a)",65536,64,104,1,3,44,0,547.099113464
1,"map(tofrom: a)",65536,64,104,1,3,472,0,914.394855499
1,"map(tofrom: a)",65536,64,104,1,3,7,0,512.146949768
1,"map(tofrom: a)",65536,64,104,1,3,1955,0,2205.109596252
1,"map(tofrom: a)",65536,64,104,1,3,71,0,568.950176239
1,"map(tofrom: a)",65536,64,104,1,3,183,0,667.548179626
1,"map(tofrom: a)",65536,64,104,1,3,8096,0,7619.440555573
1,"map(tofrom: a)",65536,64,104,1,3,3140,0,3206.455707550
1,"map(tofrom: a)",65536,64,104,1,4,472,0,923.347473145
1,"map(tofrom: a)",65536,64,104,1,4,71,0,569.307804108
1,"map(tofrom: a)",65536,64,104,1,4,1,0,508.248806000
1,"map(tofrom: a)",65536,64,104,1,4,11,0,516.605377197
1,"map(tofrom: a)",65536,64,104,1,4,4,0,510.799884796
1,"map(tofrom: a)",65536,64,104,1,4,3140,0,3234.601020813
1,"map(tofrom: a)",65536,64,104,1,4,28,0,531.649589539
1,"map(tofrom: a)",65536,64,104,1,4,1218,0,1552.891731262
1,"map(tofrom: a)",65536,64,104,1,4,2,0,508.844852448
1,"map(tofrom: a)",65536,64,104,1,4,183,0,665.247440338
1,"map(tofrom: a)",65536,64,104,1,4,5042,0,4908.108711243
1,"map(tofrom: a)",65536,64,104,1,4,114,0,608.098506927
1,"map(tofrom: a)",65536,64,104,1,4,3,0,509.250164032
1,"map(tofrom: a)",65536,64,104,1,4,44,0,546.002388000
1,"map(tofrom: a)",65536,64,104,1,4,758,0,1171.052455902
1,"map(tofrom: a)",65536,64,104,1,4,8096,0,7413.899898529
1,"map(tofrom: a)",65536,64,104,1,4,1955,0,2234.339714050
1,"map(tofrom: a)",65536,64,104,1,4,294,0,761.902332306
1,"map(tofrom: a)",65536,64,104,1,4,7,0,512.552261353
1,"map(tofrom: a)",65536,64,104,1,4,17,0,522.899627686
1,"map(tofrom: a)",262144,64,104,0,0,7,0,807.249546051
1,"map(tofrom: a)",262144,64,104,0,0,114,0,969.505310059
1,"map(tofrom: a)",262144,64,104,0,0,3,0,801.599025726
1,"map(tofrom: a)",262144,64,104,0,0,17,0,816.500186920
1,"map(tofrom: a)",262144,64,104,0,0,1,0,801.944732666
1,"map(tofrom: a)",262144,64,104,0,0,44,0,895.404815674
1,"map(tofrom: a)",262144,64,104,0,0,294,0,1014.947891235
1,"map(tofrom: a)",262144,64,104,0,0,3140,0,3503.298759460
1,"map(tofrom: a)",262144,64,104,0,0,4,0,800.347328186
1,"map(tofrom: a)",262144,64,104,0,0,1955,0,2478.659152985
1,"map(tofrom: a)",262144,64,104,0,0,183,0,978.899002075
1,"map(tofrom: a)",262144,64,104,0,0,8096,0,7810.640335083
1,"map(tofrom: a)",262144,64,104,0,0,758,0,1475.548744202
1,"map(tofrom: a)",262144,64,104,0,0,71,0,975.346565247
1,"map(tofrom: a)",262144,64,104,0,0,2,0,787.949562073
1,"map(tofrom: a)",262144,64,104,0,0,11,0,808.548927307
1,"map(tofrom: a)",262144,64,104,0,0,28,0,830.149650574
1,"map(tofrom: a)",262144,64,104,0,0,5042,0,5180.549621582
1,"map(tofrom: a)",262144,64,104,0,0,1218,0,1891.398429871
1,"map(tofrom: a)",262144,64,104,0,0,472,0,1189.994812012
1,"map(tofrom: a)",262144,64,104,0,1,4,0,798.797607422
1,"map(tofrom: a)",262144,64,104,0,1,1,0,781.905651093
1,"map(tofrom: a)",262144,64,104,0,1,17,0,805.199146271
1,"map(tofrom: a)",262144,64,104,0,1,28,0,822.854042053
1,"map(tofrom: a)",262144,64,104,0,1,11,0,814.998149872
1,"map(tofrom: a)",262144,64,104,0,1,3140,0,3544.306755066
1,"map(tofrom: a)",262144,64,104,0,1,2,0,800.752639771
1,"map(tofrom: a)",262144,64,104,0,1,758,0,1477.754116058
1,"map(tofrom: a)",262144,64,104,0,1,1218,0,1873.302459717
1,"map(tofrom: a)",262144,64,104,0,1,44,0,880.157947540
1,"map(tofrom: a)",262144,64,104,0,1,71,0,975.596904755
1,"map(tofrom: a)",262144,64,104,0,1,114,0,974.357128143
1,"map(tofrom: a)",262144,64,104,0,1,294,0,1017.856597900
1,"map(tofrom: a)",262144,64,104,0,1,7,0,805.199146271
1,"map(tofrom: a)",262144,64,104,0,1,183,0,1006.591320038
1,"map(tofrom: a)",262144,64,104,0,1,8096,0,7868.552207947
1,"map(tofrom: a)",262144,64,104,0,1,472,0,1204.454898834
1,"map(tofrom: a)",262144,64,104,0,1,1955,0,2496.743202209
1,"map(tofrom: a)",262144,64,104,0,1,3,0,811.195373535
1,"map(tofrom: a)",262144,64,104,0,1,5042,0,5176.901817322
1,"map(tofrom: a)",262144,64,104,0,2,3,0,808.751583099
1,"map(tofrom: a)",262144,64,104,0,2,44,0,889.289379120
1,"map(tofrom: a)",262144,64,104,0,2,1,0,791.859626770
1,"map(tofrom: a)",262144,64,104,0,2,183,0,965.094566345
1,"map(tofrom: a)",262144,64,104,0,2,294,0,1021.242141724
1,"map(tofrom: a)",262144,64,104,0,2,5042,0,5129.706859589
1,"map(tofrom: a)",262144,64,104,0,2,7,0,807.940959930
1,"map(tofrom: a)",262144,64,104,0,2,8096,0,7756.555080414
1,"map(tofrom: a)",262144,64,104,0,2,2,0,797.498226166
1,"map(tofrom: a)",262144,64,104,0,2,114,0,974.798202515
1,"map(tofrom: a)",262144,64,104,0,2,71,0,975.191593170
1,"map(tofrom: a)",262144,64,104,0,2,1955,0,2473.151683807
1,"map(tofrom: a)",262144,64,104,0,2,17,0,817.990303040
1,"map(tofrom: a)",262144,64,104,0,2,472,0,1197.302341461
1,"map(tofrom: a)",262144,64,104,0,2,11,0,804.495811462
1,"map(tofrom: a)",262144,64,104,0,2,1218,0,1876.795291901
1,"map(tofrom: a)",262144,64,104,0,2,4,0,810.396671295
1,"map(tofrom: a)",262144,64,104,0,2,3140,0,3529.810905457
1,"map(tofrom: a)",262144,64,104,0,2,758,0,1539.349555969
1,"map(tofrom: a)",262144,64,104,0,2,28,0,871.002674103
1,"map(tofrom: a)",262144,64,104,0,3,11,0,820.600986481
1,"map(tofrom: a)",262144,64,104,0,3,4,0,793.600082397
1,"map(tofrom: a)",262144,64,104,0,3,5042,0,5171.453952789
1,"map(tofrom: a)",262144,64,104,0,3,183,0,970.745086670
1,"map(tofrom: a)",262144,64,104,0,3,17,0,807.559490204
1,"map(tofrom: a)",262144,64,104,0,3,3,0,811.445713043
1,"map(tofrom: a)",262144,64,104,0,3,28,0,838.494300842
1,"map(tofrom: a)",262144,64,104,0,3,1218,0,1881.098747253
1,"map(tofrom: a)",262144,64,104,0,3,114,0,976.347923279
1,"map(tofrom: a)",262144,64,104,0,3,758,0,1496.243476868
1,"map(tofrom: a)",262144,64,104,0,3,1955,0,2489.852905273
1,"map(tofrom: a)",262144,64,104,0,3,472,0,1250.350475311
1,"map(tofrom: a)",262144,64,104,0,3,7,0,821.650028229
1,"map(tofrom: a)",262144,64,104,0,3,44,0,862.348079681
1,"map(tofrom: a)",262144,64,104,0,3,3140,0,3497.600555420
1,"map(tofrom: a)",262144,64,104,0,3,8096,0,7829.499244690
1,"map(tofrom: a)",262144,64,104,0,3,71,0,995.004177094
1,"map(tofrom: a)",262144,64,104,0,3,1,0,817.692279816
1,"map(tofrom: a)",262144,64,104,0,3,2,0,801.146030426
1,"map(tofrom: a)",262144,64,104,0,3,294,0,1028.192043304
1,"map(tofrom: a)",262144,64,104,0,4,3,0,795.292854309
1,"map(tofrom: a)",262144,64,104,0,4,8096,0,7815.504074097
1,"map(tofrom: a)",262144,64,104,0,4,1,0,804.603099823
1,"map(tofrom: a)",262144,64,104,0,4,28,0,824.904441833
1,"map(tofrom: a)",262144,64,104,0,4,17,0,820.446014404
1,"map(tofrom: a)",262144,64,104,0,4,5042,0,5171.704292297
1,"map(tofrom: a)",262144,64,104,0,4,7,0,815.010070801
1,"map(tofrom: a)",262144,64,104,0,4,114,0,1010.346412659
1,"map(tofrom: a)",262144,64,104,0,4,44,0,904.095172882
1,"map(tofrom: a)",262144,64,104,0,4,2,0,809.741020203
1,"map(tofrom: a)",262144,64,104,0,4,294,0,1033.651828766
1,"map(tofrom: a)",262144,64,104,0,4,758,0,1453.256607056
1,"map(tofrom: a)",262144,64,104,0,4,183,0,965.893268585
1,"map(tofrom: a)",262144,64,104,0,4,4,0,781.548023224
1,"map(tofrom: a)",262144,64,104,0,4,1218,0,1895.391941071
1,"map(tofrom: a)",262144,64,104,0,4,71,0,959.002971649
1,"map(tofrom: a)",262144,64,104,0,4,1955,0,2486.348152161
1,"map(tofrom: a)",262144,64,104,0,4,11,0,808.393955231
1,"map(tofrom: a)",262144,64,104,0,4,472,0,1204.895973206
1,"map(tofrom: a)",262144,64,104,0,4,3140,0,3483.700752258
1,"map(tofrom: a)",262144,64,104,1,0,2,0,797.748565674
1,"map(tofrom: a)",262144,64,104,1,0,4,0,811.541080475
1,"map(tofrom: a)",262144,64,104,1,0,472,0,1203.155517578
1,"map(tofrom: a)",262144,64,104,1,0,3140,0,3547.644615173
1,"map(tofrom: a)",262144,64,104,1,0,183,0,979.650020599
1,"map(tofrom: a)",262144,64,104,1,0,28,0,827.050209045
1,"map(tofrom: a)",262144,64,104,1,0,71,0,971.090793610
1,"map(tofrom: a)",262144,64,104,1,0,1218,0,1874.744892120
1,"map(tofrom: a)",262144,64,104,1,0,294,0,1019.549369812
1,"map(tofrom: a)",262144,64,104,1,0,1,0,821.995735168
1,"map(tofrom: a)",262144,64,104,1,0,7,0,788.950920105
1,"map(tofrom: a)",262144,64,104,1,0,1955,0,2484.190464020
1,"map(tofrom: a)",262144,64,104,1,0,758,0,1498.055458069
1,"map(tofrom: a)",262144,64,104,1,0,114,0,992.798805237
1,"map(tofrom: a)",262144,64,104,1,0,11,0,820.100307465
1,"map(tofrom: a)",262144,64,104,1,0,3,0,801.706314087
1,"map(tofrom: a)",262144,64,104,1,0,8096,0,7868.349552155
1,"map(tofrom: a)",262144,64,104,1,0,44,0,898.706912994
1,"map(tofrom: a)",262144,64,104,1,0,17,0,822.150707245
1,"map(tofrom: a)",262144,64,104,1,0,5042,0,5251.646041870
1,"map(tofrom: a)",262144,64,104,1,1,758,0,1454.150676727
1,"map(tofrom: a)",262144,64,104,1,1,3,0,822.150707245
1,"map(tofrom: a)",262144,64,104,1,1,3140,0,3514.754772186
1,"map(tofrom: a)",262144,64,104,1,1,1955,0,2496.457099915
1,"map(tofrom: a)",262144,64,104,1,1,44,0,865.697860718
1,"map(tofrom: a)",262144,64,104,1,1,17,0,819.957256317
1,"map(tofrom: a)",262144,64,104,1,1,294,0,1022.255420685
1,"map(tofrom: a)",262144,64,104,1,1,28,0,828.099250793
1,"map(tofrom: a)",262144,64,104,1,1,114,0,980.055332184
1,"map(tofrom: a)",262144,64,104,1,1,2,0,793.445110321
1,"map(tofrom: a)",262144,64,104,1,1,7,0,801.503658295
1,"map(tofrom: a)",262144,64,104,1,1,183,0,978.589057922
1,"map(tofrom: a)",262144,64,104,1,1,8096,0,7865.142822266
1,"map(tofrom: a)",262144,64,104,1,1,11,0,826.406478882
1,"map(tofrom: a)",262144,64,104,1,1,1,0,820.744037628
1,"map(tofrom: a)",262144,64,104,1,1,1218,0,1927.351951599
1,"map(tofrom: a)",262144,64,104,1,1,472,0,1192.700862885
1,"map(tofrom: a)",262144,64,104,1,1,71,0,957.405567169
1,"map(tofrom: a)",262144,64,104,1,1,5042,0,5169.248580933
1,"map(tofrom: a)",262144,64,104,1,1,4,0,825.595855713
1,"map(tofrom: a)",262144,64,104,1,2,2,0,823.247432709
1,"map(tofrom: a)",262144,64,104,1,2,71,0,981.140136719
1,"map(tofrom: a)",262144,64,104,1,2,17,0,821.900367737
1,"map(tofrom: a)",262144,64,104,1,2,472,0,1200.854778290
1,"map(tofrom: a)",262144,64,104,1,2,5042,0,5169.010162354
1,"map(tofrom: a)",262144,64,104,1,2,28,0,828.599929810
1,"map(tofrom: a)",262144,64,104,1,2,44,0,895.500183105
1,"map(tofrom: a)",262144,64,104,1,2,1218,0,1890.444755554
1,"map(tofrom: a)",262144,64,104,1,2,4,0,796.949863434
1,"map(tofrom: a)",262144,64,104,1,2,1955,0,2477.145195007
1,"map(tofrom: a)",262144,64,104,1,2,183,0,990.402698517
1,"map(tofrom: a)",262144,64,104,1,2,7,0,816.094875336
1,"map(tofrom: a)",262144,64,104,1,2,758,0,1478.743553162
1,"map(tofrom: a)",262144,64,104,1,2,1,0,796.747207642
1,"map(tofrom: a)",262144,64,104,1,2,3140,0,3539.597988129
1,"map(tofrom: a)",262144,64,104,1,2,8096,0,7771.146297455
1,"map(tofrom: a)",262144,64,104,1,2,3,0,804.746150970
1,"map(tofrom: a)",262144,64,104,1,2,114,0,954.401493073
1,"map(tofrom: a)",262144,64,104,1,2,11,0,820.350646973
1,"map(tofrom: a)",262144,64,104,1,2,294,0,1020.991802216
1,"map(tofrom: a)",262144,64,104,1,3,1,0,834.560394287
1,"map(tofrom: a)",262144,64,104,1,3,17,0,809.001922607
1,"map(tofrom: a)",262144,64,104,1,3,294,0,1019.859313965
1,"map(tofrom: a)",262144,64,104,1,3,5042,0,5176.448822021
1,"map(tofrom: a)",262144,64,104,1,3,114,0,987.648963928
1,"map(tofrom: a)",262144,64,104,1,3,28,0,838.804244995
1,"map(tofrom: a)",262144,64,104,1,3,1218,0,1913.857460022
1,"map(tofrom: a)",262144,64,104,1,3,2,0,822.448730469
1,"map(tofrom: a)",262144,64,104,1,3,3,0,795.745849609
1,"map(tofrom: a)",262144,64,104,1,3,4,0,809.597969055
1,"map(tofrom: a)",262144,64,104,1,3,758,0,1458.990573883
1,"map(tofrom: a)",262144,64,104,1,3,11,0,825.202465057
1,"map(tofrom: a)",262144,64,104,1,3,44,0,870.192050934
1,"map(tofrom: a)",262144,64,104,1,3,472,0,1198.756694794
1,"map(tofrom: a)",262144,64,104,1,3,7,0,804.901123047
1,"map(tofrom: a)",262144,64,104,1,3,1955,0,2515.399456024
1,"map(tofrom: a)",262144,64,104,1,3,71,0,960.552692413
1,"map(tofrom: a)",262144,64,104,1,3,183,0,971.245765686
1,"map(tofrom: a)",262144,64,104,1,3,8096,0,7778.704166412
1,"map(tofrom: a)",262144,64,104,1,3,3140,0,3529.739379883
1,"map(tofrom: a)",262144,64,104,1,4,472,0,1204.741001129
1,"map(tofrom: a)",262144,64,104,1,4,71,0,973.904132843
1,"map(tofrom: a)",262144,64,104,1,4,1,0,821.948051453
1,"map(tofrom: a)",262144,64,104,1,4,11,0,826.501846313
1,"map(tofrom: a)",262144,64,104,1,4,4,0,804.150104523
1,"map(tofrom: a)",262144,64,104,1,4,3140,0,3535.759449005
1,"map(tofrom: a)",262144,64,104,1,4,28,0,822.758674622
1,"map(tofrom: a)",262144,64,104,1,4,1218,0,1864.397525787
1,"map(tofrom: a)",262144,64,104,1,4,2,0,781.452655792
1,"map(tofrom: a)",262144,64,104,1,4,183,0,1052.153110504
1,"map(tofrom: a)",262144,64,104,1,4,5042,0,5206.108093262
1,"map(tofrom: a)",262144,64,104,1,4,114,0,991.296768188
1,"map(tofrom: a)",262144,64,104,1,4,3,0,800.800323486
1,"map(tofrom: a)",262144,64,104,1,4,44,0,900.006294250
1,"map(tofrom: a)",262144,64,104,1,4,758,0,1458.394527435
1,"map(tofrom: a)",262144,64,104,1,4,8096,0,7806.289196014
1,"map(tofrom: a)",262144,64,104,1,4,1955,0,2486.240863800
1,"map(tofrom: a)",262144,64,104,1,4,294,0,1020.550727844
1,"map(tofrom: a)",262144,64,104,1,4,7,0,802.850723267
1,"map(tofrom: a)",262144,64,104,1,4,17,0,806.903839111
1,"map(tofrom: a)",1048576,64,104,0,0,7,0,1428.294181824
1,"map(tofrom: a)",1048576,64,104,0,0,114,0,1487.350463867
1,"map(tofrom: a)",1048576,64,104,0,0,3,0,1339.650154114
1,"map(tofrom: a)",1048576,64,104,0,0,17,0,1339.399814606
1,"map(tofrom: a)",1048576,64,104,0,0,1,0,1339.650154114
1,"map(tofrom: a)",1048576,64,104,0,0,44,0,1433.598995209
1,"map(tofrom: a)",1048576,64,104,0,0,294,0,1621.544361115
1,"map(tofrom: a)",1048576,64,104,0,0,3140,0,4062.855243683
1,"map(tofrom: a)",1048576,64,104,0,0,4,0,1334.953308105
1,"map(tofrom: a)",1048576,64,104,0,0,1955,0,3006.994724274
1,"map(tofrom: a)",1048576,64,104,0,0,183,0,1506.054401398
1,"map(tofrom: a)",1048576,64,104,0,0,8096,0,8239.054679871
1,"map(tofrom: a)",1048576,64,104,0,0,758,0,2008.950710297
1,"map(tofrom: a)",1048576,64,104,0,0,71,0,1412.749290466
1,"map(tofrom: a)",1048576,64,104,0,0,2,0,1330.244541168
1,"map(tofrom: a)",1048576,64,104,0,0,11,0,1332.402229309
1,"map(tofrom: a)",1048576,64,104,0,0,28,0,1341.748237610
1,"map(tofrom: a)",1048576,64,104,0,0,5042,0,5735.099315643
1,"map(tofrom: a)",1048576,64,104,0,0,1218,0,2399.301528931
1,"map(tofrom: a)",1048576,64,104,0,0,472,0,1746.344566345
1,"map(tofrom: a)",1048576,64,104,0,1,4,0,1395.750045776
1,"map(tofrom: a)",1048576,64,104,0,1,1,0,1332.807540894
1,"map(tofrom: a)",1048576,64,104,0,1,17,0,1338.100433350
1,"map(tofrom: a)",1048576,64,104,0,1,28,0,1423.251628876
1,"map(tofrom: a)",1048576,64,104,0,1,11,0,1352.453231812
1,"map(tofrom: a)",1048576,64,104,0,1,3140,0,4046.308994293
1,"map(tofrom: a)",1048576,64,104,0,1,2,0,1335.239410400
1,"map(tofrom: a)",1048576,64,104,0,1,758,0,1992.607116699
1,"map(tofrom: a)",1048576,64,104,0,1,1218,0,2410.542964935
1,"map(tofrom: a)",1048576,64,104,0,1,44,0,1377.546787262
1,"map(tofrom: a)",1048576,64,104,0,1,71,0,1411.509513855
1,"map(tofrom: a)",1048576,64,104,0,1,114,0,1501.250267029
1,"map(tofrom: a)",1048576,64,104,0,1,294,0,1596.796512604
1,"map(tofrom: a)",1048576,64,104,0,1,7,0,1329.851150513
1,"map(tofrom: a)",1048576,64,104,0,1,183,0,1499.104499817
1,"map(tofrom: a)",1048576,64,104,0,1,8096,0,8290.493488312
1,"map(tofrom: a)",1048576,64,104,0,1,472,0,1752.352714539
1,"map(tofrom: a)",1048576,64,104,0,1,1955,0,3025.496006012
1,"map(tofrom: a)",1048576,64,104,0,1,3,0,1329.600811005
1,"map(tofrom: a)",1048576,64,104,0,1,5042,0,5753.648281097
1,"map(tofrom: a)",1048576,64,104,0,2,3,0,1339.542865753
1,"map(tofrom: a)",1048576,64,104,0,2,44,0,1418.006420135
1,"map(tofrom: a)",1048576,64,104,0,2,1,0,1337.599754333
1,"map(tofrom: a)",1048576,64,104,0,2,183,0,1483.750343323
1,"map(tofrom: a)",1048576,64,104,0,2,294,0,1603.949069977
1,"map(tofrom: a)",1048576,64,104,0,2,5042,0,5715.239048004
1,"map(tofrom: a)",1048576,64,104,0,2,7,0,1339.352130890
1,"map(tofrom: a)",1048576,64,104,0,2,8096,0,8387.553691864
1,"map(tofrom: a)",1048576,64,104,0,2,2,0,1334.953308105
1,"map(tofrom: a)",1048576,64,104,0,2,114,0,1498.901844025
1,"map(tofrom: a)",1048576,64,104,0,2,71,0,1413.953304291
1,"map(tofrom: a)",1048576,64,104,0,2,1955,0,3025.043010712
1,"map(tofrom: a)",1048576,64,104,0,2,17,0,1332.056522369
1,"map(tofrom: a)",1048576,64,104,0,2,472,0,1750.004291534
1,"map(tofrom: a)",1048576,64,104,0,2,11,0,1339.852809906
1,"map(tofrom: a)",1048576,64,104,0,2,1218,0,2399.289608002
1,"map(tofrom: a)",1048576,64,104,0,2,4,0,1330.006122589
1,"map(tofrom: a)",1048576,64,104,0,2,3140,0,4163.300991058
1,"map(tofrom: a)",1048576,64,104,0,2,758,0,1987.195014954
1,"map(tofrom: a)",1048576,64,104,0,2,28,0,1351.809501648
1,"map(tofrom: a)",1048576,64,104,0,3,11,0,1338.350772858
1,"map(tofrom: a)",1048576,64,104,0,3,4,0,1344.454288483
1,"map(tofrom: a)",1048576,64,104,0,3,5042,0,5761.694908142
1,"map(tofrom: a)",1048576,64,104,0,3,183,0,1501.798629761
1,"map(tofrom: a)",1048576,64,104,0,3,17,0,1337.909698486
1,"map(tofrom: a)",1048576,64,104,0,3,3,0,1335.704326630
1,"map(tofrom: a)",1048576,64,104,0,3,28,0,1342.952251434
1,"map(tofrom: a)",1048576,64,104,0,3,1218,0,2392.399311066
1,"map(tofrom: a)",1048576,64,104,0,3,114,0,1495.945453644
1,"map(tofrom: a)",1048576,64,104,0,3,758,0,1980.745792389
1,"map(tofrom: a)",1048576,64,104,0,3,1955,0,3029.155731201
1,"map(tofrom: a)",1048576,64,104,0,3,472,0,1811.754703522
1,"map(tofrom: a)",1048576,64,104,0,3,7,0,1348.853111267
1,"map(tofrom: a)",1048576,64,104,0,3,44,0,1382.553577423
1,"map(tofrom: a)",1048576,64,104,0,3,3140,0,4076.099395752
1,"map(tofrom: a)",1048576,64,104,0,3,8096,0,8383.250236511
1,"map(tofrom: a)",1048576,64,104,0,3,71,0,1421.999931335
1,"map(tofrom: a)",1048576,64,104,0,3,1,0,1334.643363953
1,"map(tofrom: a)",1048576,64,104,0,3,2,0,1342.344284058
1,"map(tofrom: a)",1048576,64,104,0,3,294,0,1599.550247192
1,"map(tofrom: a)",1048576,64,104,0,4,3,0,1336.050033569
1,"map(tofrom: a)",1048576,64,104,0,4,8096,0,8353.698253632
1,"map(tofrom: a)",1048576,64,104,0,4,1,0,1408.898830414
1,"map(tofrom: a)",1048576,64,104,0,4,28,0,1364.099979401
1,"map(tofrom: a)",1048576,64,104,0,4,17,0,1338.851451874
1,"map(tofrom: a)",1048576,64,104,0,4,5042,0,5678.558349609
1,"map(tofrom: a)",1048576,64,104,0,4,7,0,1332.998275757
1,"map(tofrom: a)",1048576,64,104,0,4,114,0,1495.707035065
1,"map(tofrom: a)",1048576,64,104,0,4,44,0,1390.850543976
1,"map(tofrom: a)",1048576,64,104,0,4,2,0,1335.549354553
1,"map(tofrom: a)",1048576,64,104,0,4,294,0,1603.102684021
1,"map(tofrom: a)",1048576,64,104,0,4,758,0,1974.391937256
1,"map(tofrom: a)",1048576,64,104,0,4,183,0,1491.200923920
1,"map(tofrom: a)",1048576,64,104,0,4,4,0,1335.799694061
1,"map(tofrom: a)",1048576,64,104,0,4,1218,0,2404.654026031
1,"map(tofrom: a)",1048576,64,104,0,4,71,0,1424.551010132
1,"map(tofrom: a)",1048576,64,104,0,4,1955,0,3020.155429840
1,"map(tofrom: a)",1048576,64,104,0,4,11,0,1340.651512146
1,"map(tofrom: a)",1048576,64,104,0,4,472,0,1753.211021423
1,"map(tofrom: a)",1048576,64,104,0,4,3140,0,4079.747200012
1,"map(tofrom: a)",1048576,64,104,1,0,2,0,1334.404945374
1,"map(tofrom: a)",1048576,64,104,1,0,4,0,1340.758800507
1,"map(tofrom: a)",1048576,64,104,1,0,472,0,1750.302314758
1,"map(tofrom: a)",1048576,64,104,1,0,3140,0,4076.898097992
1,"map(tofrom: a)",1048576,64,104,1,0,183,0,1490.104198456
1,"map(tofrom: a)",1048576,64,104,1,0,28,0,1339.602470398
1,"map(tofrom: a)",1048576,64,104,1,0,71,0,1396.250724792
1,"map(tofrom: a)",1048576,64,104,1,0,1218,0,2413.702011108
1,"map(tofrom: a)",1048576,64,104,1,0,294,0,1681.995391846
1,"map(tofrom: a)",1048576,64,104,1,0,1,0,1332.902908325
1,"map(tofrom: a)",1048576,64,104,1,0,7,0,1328.957080841
1,"map(tofrom: a)",1048576,64,104,1,0,1955,0,3006.398677826
1,"map(tofrom: a)",1048576,64,104,1,0,758,0,1990.747451782
1,"map(tofrom: a)",1048576,64,104,1,0,114,0,1498.103141785
1,"map(tofrom: a)",1048576,64,104,1,0,11,0,1340.651512146
1,"map(tofrom: a)",1048576,64,104,1,0,3,0,1334.154605865
1,"map(tofrom: a)",1048576,64,104,1,0,8096,0,8475.399017334
1,"map(tofrom: a)",1048576,64,104,1,0,44,0,1369.094848633
1,"map(tofrom: a)",1048576,64,104,1,0,17,0,1344.192028046
1,"map(tofrom: a)",1048576,64,104,1,0,5042,0,5743.551254272
1,"map(tofrom: a)",1048576,64,104,1,1,758,0,1977.348327637
1,"map(tofrom: a)",1048576,64,104,1,1,3,0,1327.395439148
1,"map(tofrom: a)",1048576,64,104,1,1,3140,0,4184.341430664
1,"map(tofrom: a)",1048576,64,104,1,1,1955,0,3099.143505096
1,"map(tofrom: a)",1048576,64,104,1,1,44,0,1405.096054077
1,"map(tofrom: a)",1048576,64,104,1,1,17,0,1337.897777557
1,"map(tofrom: a)",1048576,64,104,1,1,294,0,1660.454273224
1,"map(tofrom: a)",1048576,64,104,1,1,28,0,1355.302333832
1,"map(tofrom: a)",1048576,64,104,1,1,114,0,1493.299007416
1,"map(tofrom: a)",1048576,64,104,1,1,2,0,1334.095001221
1,"map(tofrom: a)",1048576,64,104,1,1,7,0,1340.198516846
1,"map(tofrom: a)",1048576,64,104,1,1,183,0,1495.695114136
1,"map(tofrom: a)",1048576,64,104,1,1,8096,0,8449.602127075
1,"map(tofrom: a)",1048576,64,104,1,1,11,0,1335.847377777
1,"map(tofrom: a)",1048576,64,104,1,1,1,0,1344.442367554
1,"map(tofrom: a)",1048576,64,104,1,1,1218,0,2410.101890564
1,"map(tofrom: a)",1048576,64,104,1,1,472,0,1767.897605896
1,"map(tofrom: a)",1048576,64,104,1,1,71,0,1403.951644897
1,"map(tofrom: a)",1048576,64,104,1,1,5042,0,5742.108821869
1,"map(tofrom: a)",1048576,64,104,1,1,4,0,1333.701610565
1,"map(tofrom: a)",1048576,64,104,1,2,2,0,1324.844360352
1,"map(tofrom: a)",1048576,64,104,1,2,71,0,1402.354240417
1,"map(tofrom: a)",1048576,64,104,1,2,17,0,1328.289508820
1,"map(tofrom: a)",1048576,64,104,1,2,472,0,1740.300655365
1,"map(tofrom: a)",1048576,64,104,1,2,5042,0,5693.900585175
1,"map(tofrom: a)",1048576,64,104,1,2,28,0,1342.201232910
1,"map(tofrom: a)",1048576,64,104,1,2,44,0,1372.194290161
1,"map(tofrom: a)",1048576,64,104,1,2,1218,0,2393.949031830
1,"map(tofrom: a)",1048576,64,104,1,2,4,0,1333.093643188
1,"map(tofrom: a)",1048576,64,104,1,2,1955,0,3001.451492310
1,"map(tofrom: a)",1048576,64,104,1,2,183,0,1492.857933044
1,"map(tofrom: a)",1048576,64,104,1,2,7,0,1335.597038269
1,"map(tofrom: a)",1048576,64,104,1,2,758,0,1996.397972107
1,"map(tofrom: a)",1048576,64,104,1,2,1,0,1338.255405426
1,"map(tofrom: a)",1048576,64,104,1,2,3140,0,4093.253612518
1,"map(tofrom: a)",1048576,64,104,1,2,8096,0,8310.651779175
1,"map(tofrom: a)",1048576,64,104,1,2,3,0,1332.449913025
1,"map(tofrom: a)",1048576,64,104,1,2,114,0,1487.553119659
1,"map(tofrom: a)",1048576,64,104,1,2,11,0,1338.493824005
1,"map(tofrom: a)",1048576,64,104,1,2,294,0,1655.697822571
1,"map(tofrom: a)",1048576,64,104,1,3,1,0,1367.795467377
1,"map(tofrom: a)",1048576,64,104,1,3,17,0,1335.597038269
1,"map(tofrom: a)",1048576,64,104,1,3,294,0,1606.297492981
1,"map(tofrom: a)",1048576,64,104,1,3,5042,0,5694.711208344
1,"map(tofrom: a)",1048576,64,104,1,3,114,0,1542.901992798
1,"map(tofrom: a)",1048576,64,104,1,3,28,0,1375.746726990
1,"map(tofrom: a)",1048576,64,104,1,3,1218,0,2392.053604126
1,"map(tofrom: a)",1048576,64,104,1,3,2,0,1337.707042694
1,"map(tofrom: a)",1048576,64,104,1,3,3,0,1330.697536469
1,"map(tofrom: a)",1048576,64,104,1,3,4,0,1322.948932648
1,"map(tofrom: a)",1048576,64,104,1,3,758,0,1968.646049500
1,"map(tofrom: a)",1048576,64,104,1,3,11,0,1338.291168213
1,"map(tofrom: a)",1048576,64,104,1,3,44,0,1377.105712891
1,"map(tofrom: a)",1048576,64,104,1,3,472,0,1745.998859406
1,"map(tofrom: a)",1048576,64,104,1,3,7,0,1378.750801086
1,"map(tofrom: a)",1048576,64,104,1,3,1955,0,2999.198436737
1,"map(tofrom: a)",1048576,64,104,1,3,71,0,1396.203041077
1,"map(tofrom: a)",1048576,64,104,1,3,183,0,1551.699638367
1,"map(tofrom: a)",1048576,64,104,1,3,8096,0,8421.957492828
1,"map(tofrom: a)",1048576,64,104,1,3,3140,0,4044.651985168
1,"map(tofrom: a)",1048576,64,104,1,4,472,0,1746.904850006
1,"map(tofrom: a)",1048576,64,104,1,4,71,0,1398.158073425
1,"map(tofrom: a)",1048576,64,104,1,4,1,0,1338.648796082
1,"map(tofrom: a)",1048576,64,104,1,4,11,0,1336.407661438
1,"map(tofrom: a)",1048576,64,104,1,4,4,0,1336.908340454
1,"map(tofrom: a)",1048576,64,104,1,4,3140,0,4049.897193909
1,"map(tofrom: a)",1048576,64,104,1,4,28,0,1347.899436951
1,"map(tofrom: a)",1048576,64,104,1,4,1218,0,2375.602722168
1,"map(tofrom: a)",1048576,64,104,1,4,2,0,1333.892345428
1,"map(tofrom: a)",1048576,64,104,1,4,183,0,1499.652862549
1,"map(tofrom: a)",1048576,64,104,1,4,5042,0,5784.595012665
1,"map(tofrom: a)",1048576,64,104,1,4,114,0,1495.599746704
1,"map(tofrom: a)",1048576,64,104,1,4,3,0,1386.547088623
1,"map(tofrom: a)",1048576,64,104,1,4,44,0,1417.505741119
1,"map(tofrom: a)",1048576,64,104,1,4,758,0,2005.195617676
1,"map(tofrom: a)",1048576,64,104,1,4,8096,0,8352.005481720
1,"map(tofrom: a)",1048576,64,104,1,4,1955,0,3096.950054169
1,"map(tofrom: a)",1048576,64,104,1,4,294,0,1660.752296448
1,"map(tofrom: a)",1048576,64,104,1,4,7,0,1399.993896484
1,"map(tofrom: a)",1048576,64,104,1,4,17,0,1417.052745819
1,"map(tofrom: a)",4194304,64,104,0,0,7,0,3661.704063416
1,"map(tofrom: a)",4194304,64,104,0,0,114,0,3636.205196381
1,"map(tofrom: a)",4194304,64,104,0,0,3,0,3509.855270386
1,"map(tofrom: a)",4194304,64,104,0,0,17,0,3533.899784088
1,"map(tofrom: a)",4194304,64,104,0,0,1,0,3525.602817535
1,"map(tofrom: a)",4194304,64,104,0,0,44,0,3572.797775269
1,"map(tofrom: a)",4194304,64,104,0,0,294,0,3858.649730682
1,"map(tofrom: a)",4194304,64,104,0,0,3140,0,6282.150745392
1,"map(tofrom: a)",4194304,64,104,0,0,4,0,3511.691093445
1,"map(tofrom: a)",4194304,64,104,0,0,1955,0,5227.696895599
1,"map(tofrom: a)",4194304,64,104,0,0,183,0,3683.340549469
1,"map(tofrom: a)",4194304,64,104,0,0,8096,0,10746.145248413
1,"map(tofrom: a)",4194304,64,104,0,0,758,0,4215.300083160
1,"map(tofrom: a)",4194304,64,104,0,0,71,0,3596.556186676
1,"map(tofrom: a)",4194304,64,104,0,0,2,0,3576.743602753
1,"map(tofrom: a)",4194304,64,104,0,0,11,0,3562.998771667
1,"map(tofrom: a)",4194304,64,104,0,0,28,0,3591.156005859
1,"map(tofrom: a)",4194304,64,104,0,0,5042,0,7915.949821472
1,"map(tofrom: a)",4194304,64,104,0,0,1218,0,4701.793193817
1,"map(tofrom: a)",4194304,64,104,0,0,472,0,3982.496261597
1,"map(tofrom: a)",4194304,64,104,0,1,4,0,3613.150119781
1,"map(tofrom: a)",4194304,64,104,0,1,1,0,3536.093235016
1,"map(tofrom: a)",4194304,64,104,0,1,17,0,3550.601005554
1,"map(tofrom: a)",4194304,64,104,0,1,28,0,3663.206100464
1,"map(tofrom: a)",4194304,64,104,0,1,11,0,3627.347946167
1,"map(tofrom: a)",4194304,64,104,0,1,3140,0,6262.493133545
1,"map(tofrom: a)",4194304,64,104,0,1,2,0,3544.998168945
1,"map(tofrom: a)",4194304,64,104,0,1,758,0,4206.550121307
1,"map(tofrom: a)",4194304,64,104,0,1,1218,0,4620.397090912
1,"map(tofrom: a)",4194304,64,104,0,1,44,0,3588.306903839
1,"map(tofrom: a)",4194304,64,104,0,1,71,0,3675.103187561
1,"map(tofrom: a)",4194304,64,104,0,1,114,0,3692.090511322
1,"map(tofrom: a)",4194304,64,104,0,1,294,0,3780.746459961
1,"map(tofrom: a)",4194304,64,104,0,1,7,0,3555.500507355
1,"map(tofrom: a)",4194304,64,104,0,1,183,0,3670.501708984
1,"map(tofrom: a)",4194304,64,104,0,1,8096,0,10528.302192688
1,"map(tofrom: a)",4194304,64,104,0,1,472,0,4026.794433594
1,"map(tofrom: a)",4194304,64,104,0,1,1955,0,5306.303501129
1,"map(tofrom: a)",4194304,64,104,0,1,3,0,3524.398803711
1,"map(tofrom: a)",4194304,64,104,0,1,5042,0,7862.150669098
1,"map(tofrom: a)",4194304,64,104,0,2,3,0,3510.248661041
1,"map(tofrom: a)",4194304,64,104,0,2,44,0,3558.695316315
1,"map(tofrom: a)",4194304,64,104,0,2,1,0,3655.540943146
1,"map(tofrom: a)",4194304,64,104,0,2,183,0,3723.847866058
1,"map(tofrom: a)",4194304,64,104,0,2,294,0,3818.547725677
1,"map(tofrom: a)",4194304,64,104,0,2,5042,0,8004.951477051
1,"map(tofrom: a)",4194304,64,104,0,2,7,0,3589.296340942
1,"map(tofrom: a)",4194304,64,104,0,2,8096,0,10533.559322357
1,"map(tofrom: a)",4194304,64,104,0,2,2,0,3548.204898834
1,"map(tofrom: a)",4194304,64,104,0,2,114,0,3758.943080902
1,"map(tofrom: a)",4194304,64,104,0,2,71,0,3726.208209991
1,"map(tofrom: a)",4194304,64,104,0,2,1955,0,5261.397361755
1,"map(tofrom: a)",4194304,64,104,0,2,17,0,3554.499149323
1,"map(tofrom: a)",4194304,64,104,0,2,472,0,3990.459442139
1,"map(tofrom: a)",4194304,64,104,0,2,11,0,3614.449501038
1,"map(tofrom: a)",4194304,64,104,0,2,1218,0,4620.003700256
1,"map(tofrom: a)",4194304,64,104,0,2,4,0,3529.703617096
1,"map(tofrom: a)",4194304,64,104,0,2,3140,0,6283.807754517
1,"map(tofrom: a)",4194304,64,104,0,2,758,0,4305.541515350
1,"map(tofrom: a)",4194304,64,104,0,2,28,0,3565.096855164
1,"map(tofrom: a)",4194304,64,104,0,3,11,0,3544.199466705
1,"map(tofrom: a)",4194304,64,104,0,3,4,0,3543.102741241
1,"map(tofrom: a)",4194304,64,104,0,3,5042,0,8053.100109100
1,"map(tofrom: a)",4194304,64,104,0,3,183,0,3790.950775146
1,"map(tofrom: a)",4194304,64,104,0,3,17,0,3578.400611877
1,"map(tofrom: a)",4194304,64,104,0,3,3,0,3526.902198792
1,"map(tofrom: a)",4194304,64,104,0,3,28,0,3652.203083038
1,"map(tofrom: a)",4194304,64,104,0,3,1218,0,4635.250568390
1,"map(tofrom: a)",4194304,64,104,0,3,114,0,3671.145439148
1,"map(tofrom: a)",4194304,64,104,0,3,758,0,4217.946529388
1,"map(tofrom: a)",4194304,64,104,0,3,1955,0,5259.001255035
1,"map(tofrom: a)",4194304,64,104,0,3,472,0,4076.254367828
1,"map(tofrom: a)",4194304,64,104,0,3,7,0,3562.796115875
1,"map(tofrom: a)",4194304,64,104,0,3,44,0,3596.556186676
1,"map(tofrom: a)",4194304,64,104,0,3,3140,0,6288.444995880
1,"map(tofrom: a)",4194304,64,104,0,3,8096,0,10759.949684143
1,"map(tofrom: a)",4194304,64,104,0,3,71,0,3628.206253052
1,"map(tofrom: a)",4194304,64,104,0,3,1,0,3537.702560425
1,"map(tofrom: a)",4194304,64,104,0,3,2,0,3599.250316620
1,"map(tofrom: a)",4194304,64,104,0,3,294,0,3860.950469971
1,"map(tofrom: a)",4194304,64,104,0,4,3,0,3534.853458405
1,"map(tofrom: a)",4194304,64,104,0,4,8096,0,10585.606098175
1,"map(tofrom: a)",4194304,64,104,0,4,1,0,3547.394275665
1,"map(tofrom: a)",4194304,64,104,0,4,28,0,3578.901290894
1,"map(tofrom: a)",4194304,64,104,0,4,17,0,3696.501255035
1,"map(tofrom: a)",4194304,64,104,0,4,5042,0,7950.997352600
1,"map(tofrom: a)",4194304,64,104,0,4,7,0,3546.905517578
1,"map(tofrom: a)",4194304,64,104,0,4,114,0,3731.107711792
1,"map(tofrom: a)",4194304,64,104,0,4,44,0,3674.495220184
1,"map(tofrom: a)",4194304,64,104,0,4,2,0,3564.894199371
1,"map(tofrom: a)",4194304,64,104,0,4,294,0,3906.548023224
1,"map(tofrom: a)",4194304,64,104,0,4,758,0,4213.702678680
1,"map(tofrom: a)",4194304,64,104,0,4,183,0,3716.695308685
1,"map(tofrom: a)",4194304,64,104,0,4,4,0,3545.796871185
1,"map(tofrom: a)",4194304,64,104,0,4,1218,0,4636.955261230
1,"map(tofrom: a)",4194304,64,104,0,4,71,0,3630.995750427
1,"map(tofrom: a)",4194304,64,104,0,4,1955,0,5277.597904205
1,"map(tofrom: a)",4194304,64,104,0,4,11,0,3613.042831421
1,"map(tofrom: a)",4194304,64,104,0,4,472,0,3976.500034332
1,"map(tofrom: a)",4194304,64,104,0,4,3140,0,6262.052059174
1,"map(tofrom: a)",4194304,64,104,1,0,2,0,3639.996051788
1,"map(tofrom: a)",4194304,64,104,1,0,4,0,3664.505481720
1,"map(tofrom: a)",4194304,64,104,1,0,472,0,4041.659832001
1,"map(tofrom: a)",4194304,64,104,1,0,3140,0,6251.299381256
1,"map(tofrom: a)",4194304,64,104,1,0,183,0,3708.994388580
1,"map(tofrom: a)",4194304,64,104,1,0,28,0,3553.938865662
1,"map(tofrom: a)",4194304,64,104,1,0,71,0,3616.440296173
1,"map(tofrom: a)",4194304,64,104,1,0,1218,0,4631.149768829
1,"map(tofrom: a)",4194304,64,104,1,0,294,0,3865.599632263
1,"map(tofrom: a)",4194304,64,104,1,0,1,0,3621.304035187
1,"map(tofrom: a)",4194304,64,104,1,0,7,0,3559.100627899
1,"map(tofrom: a)",4194304,64,104,1,0,1955,0,5270.504951477
1,"map(tofrom: a)",4194304,64,104,1,0,758,0,4230.201244354
1,"map(tofrom: a)",4194304,64,104,1,0,114,0,3707.647323608
1,"map(tofrom: a)",4194304,64,104,1,0,11,0,3734.099864960
1,"map(tofrom: a)",4194304,64,104,1,0,3,0,3558.349609375
1,"map(tofrom: a)",4194304,64,104,1,0,8096,0,10616.195201874
1,"map(tofrom: a)",4194304,64,104,1,0,44,0,3597.903251648
1,"map(tofrom: a)",4194304,64,104,1,0,17,0,3554.201126099
1,"map(tofrom: a)",4194304,64,104,1,0,5042,0,7914.948463440
1,"map(tofrom: a)",4194304,64,104,1,1,758,0,4245.102405548
1,"map(tofrom: a)",4194304,64,104,1,1,3,0,3549.253940582
1,"map(tofrom: a)",4194304,64,104,1,1,3140,0,6322.360038757
1,"map(tofrom: a)",4194304,64,104,1,1,1955,0,5253.660678864
1,"map(tofrom: a)",4194304,64,104,1,1,44,0,3606.545925140
1,"map(tofrom: a)",4194304,64,104,1,1,17,0,3577.697277069
1,"map(tofrom: a)",4194304,64,104,1,1,294,0,3981.757164001
1,"map(tofrom: a)",4194304,64,104,1,1,28,0,3661.143779755
1,"map(tofrom: a)",4194304,64,104,1,1,114,0,3658.843040466
1,"map(tofrom: a)",4194304,64,104,1,1,2,0,3539.395332336
1,"map(tofrom: a)",4194304,64,104,1,1,7,0,3543.007373810
1,"map(tofrom: a)",4194304,64,104,1,1,183,0,3711.402416229
1,"map(tofrom: a)",4194304,64,104,1,1,8096,0,10603.499412537
1,"map(tofrom: a)",4194304,64,104,1,1,11,0,3537.547588348
1,"map(tofrom: a)",4194304,64,104,1,1,1,0,3524.851799011
1,"map(tofrom: a)",4194304,64,104,1,1,1218,0,4655.551910400
1,"map(tofrom: a)",4194304,64,104,1,1,472,0,4005.253314972
1,"map(tofrom: a)",4194304,64,104,1,1,71,0,3618.192672729
1,"map(tofrom: a)",4194304,64,104,1,1,5042,0,8051.943778992
1,"map(tofrom: a)",4194304,64,104,1,1,4,0,3698.205947876
1,"map(tofrom: a)",4194304,64,104,1,2,2,0,3554.999828339
1,"map(tofrom: a)",4194304,64,104,1,2,71,0,3615.295886993
1,"map(tofrom: a)",4194304,64,104,1,2,17,0,3549.098968506
1,"map(tofrom: a)",4194304,64,104,1,2,472,0,3965.306282043
1,"map(tofrom: a)",4194304,64,104,1,2,5042,0,7961.547374725
1,"map(tofrom: a)",4194304,64,104,1,2,28,0,3574.156761169
1,"map(tofrom: a)",4194304,64,104,1,2,44,0,3586.900234222
1,"map(tofrom: a)",4194304,64,104,1,2,1218,0,4607.403278351
1,"map(tofrom: a)",4194304,64,104,1,2,4,0,3610.706329346
1,"map(tofrom: a)",4194304,64,104,1,2,1955,0,5261.802673340
1,"map(tofrom: a)",4194304,64,104,1,2,183,0,3728.246688843
1,"map(tofrom: a)",4194304,64,104,1,2,7,0,3592.705726624
1,"map(tofrom: a)",4194304,64,104,1,2,758,0,4244.947433472
1,"map(tofrom: a)",4194304,64,104,1,2,1,0,3521.502017975
1,"map(tofrom: a)",4194304,64,104,1,2,3140,0,6249.642372131
1,"map(tofrom: a)",4194304,64,104,1,2,8096,0,10619.997978210
1,"map(tofrom: a)",4194304,64,104,1,2,3,0,3562.140464783
1,"map(tofrom: a)",4194304,64,104,1,2,114,0,3665.494918823
1,"map(tofrom: a)",4194304,64,104,1,2,11,0,3558.504581451
1,"map(tofrom: a)",4194304,64,104,1,2,294,0,3836.655616760
1,"map(tofrom: a)",4194304,64,104,1,3,1,0,3526.604175568
1,"map(tofrom: a)",4194304,64,104,1,3,17,0,3658.401966095
1,"map(tofrom: a)",4194304,64,104,1,3,294,0,3835.749626160
1,"map(tofrom: a)",4194304,64,104,1,3,5042,0,8007.955551147
1,"map(tofrom: a)",4194304,64,104,1,3,114,0,3732.001781464
1,"map(tofrom: a)",4194304,64,104,1,3,28,0,3652.346134186
1,"map(tofrom: a)",4194304,64,104,1,3,1218,0,4622.697830200
1,"map(tofrom: a)",4194304,64,104,1,3,2,0,3546.607494354
1,"map(tofrom: a)",4194304,64,104,1,3,3,0,3526.306152344
1,"map(tofrom: a)",4194304,64,104,1,3,4,0,3543.198108673
1,"map(tofrom: a)",4194304,64,104,1,3,758,0,4230.594635010
1,"map(tofrom: a)",4194304,64,104,1,3,11,0,3541.600704193
1,"map(tofrom: a)",4194304,64,104,1,3,44,0,3602.409362793
1,"map(tofrom: a)",4194304,64,104,1,3,472,0,4026.305675507
1,"map(tofrom: a)",4194304,64,104,1,3,7,0,3564.953804016
1,"map(tofrom: a)",4194304,64,104,1,3,1955,0,5337.905883789
1,"map(tofrom: a)",4194304,64,104,1,3,71,0,3619.754314423
1,"map(tofrom: a)",4194304,64,104,1,3,183,0,3765.749931335
1,"map(tofrom: a)",4194304,64,104,1,3,8096,0,10754.203796387
1,"map(tofrom: a)",4194304,64,104,1,3,3140,0,6276.798248291
1,"map(tofrom: a)",4194304,64,104,1,4,472,0,3986.048698425
1,"map(tofrom: a)",4194304,64,104,1,4,71,0,3608.953952789
1,"map(tofrom: a)",4194304,64,104,1,4,1,0,3553.950786591
1,"map(tofrom: a)",4194304,64,104,1,4,11,0,3551.602363586
1,"map(tofrom: a)",4194304,64,104,1,4,4,0,3546.500205994
1,"map(tofrom: a)",4194304,64,104,1,4,3140,0,6268.548965454
1,"map(tofrom: a)",4194304,64,104,1,4,28,0,3639.245033264
1,"map(tofrom: a)",4194304,64,104,1,4,1218,0,4703.497886658
1,"map(tofrom: a)",4194304,64,104,1,4,2,0,3560.900688171
1,"map(tofrom: a)",4194304,64,104,1,4,183,0,3694.093227386
1,"map(tofrom: a)",4194304,64,104,1,4,5042,0,8073.461055756
1,"map(tofrom: a)",4194304,64,104,1,4,114,0,3711.950778961
1,"map(tofrom: a)",4194304,64,104,1,4,3,0,3514.897823334
1,"map(tofrom: a)",4194304,64,104,1,4,44,0,3576.409816742
1,"map(tofrom: a)",4194304,64,104,1,4,758,0,4188.895225525
1,"map(tofrom: a)",4194304,64,104,1,4,8096,0,10582.399368286
1,"map(tofrom: a)",4194304,64,104,1,4,1955,0,5263.102054596
1,"map(tofrom: a)",4194304,64,104,1,4,294,0,3804.349899292
1,"map(tofrom: a)",4194304,64,104,1,4,7,0,3521.549701691
1,"map(tofrom: a)",4194304,64,104,1,4,17,0,3646.004199982
1,"map(tofrom: a)",16777216,64,104,0,0,7,0,12946.891784668
1,"map(tofrom: a)",16777216,64,104,0,0,114,0,12684.547901154
1,"map(tofrom: a)",16777216,64,104,0,0,3,0,12510.001659393
1,"map(tofrom: a)",16777216,64,104,0,0,17,0,12375.855445862
1,"map(tofrom: a)",16777216,64,104,0,0,1,0,12556.040287018
1,"map(tofrom: a)",16777216,64,104,0,0,44,0,12544.059753418
1,"map(tofrom: a)",16777216,64,104,0,0,294,0,12637.996673584
1,"map(tofrom: a)",16777216,64,104,0,0,3140,0,15301.847457886
1,"map(tofrom: a)",16777216,64,104,0,0,4,0,12592.554092407
1,"map(tofrom: a)",16777216,64,104,0,0,1955,0,14158.093929291
1,"map(tofrom: a)",16777216,64,104,0,0,183,0,12860.000133514
1,"map(tofrom: a)",16777216,64,104,0,0,8096,0,19807.898998260
1,"map(tofrom: a)",16777216,64,104,0,0,758,0,13239.550590515
1,"map(tofrom: a)",16777216,64,104,0,0,71,0,12572.944164276
1,"map(tofrom: a)",16777216,64,104,0,0,2,0,12448.203563690
1,"map(tofrom: a)",16777216,64,104,0,0,11,0,12580.096721649
1,"map(tofrom: a)",16777216,64,104,0,0,28,0,12434.744834900
1,"map(tofrom: a)",16777216,64,104,0,0,5042,0,16849.541664124
1,"map(tofrom: a)",16777216,64,104,0,0,1218,0,13608.396053314
1,"map(tofrom: a)",16777216,64,104,0,0,472,0,12833.094596863
1,"map(tofrom: a)",16777216,64,104,0,1,4,0,12861.502170563
1,"map(tofrom: a)",16777216,64,104,0,1,1,0,12913.405895233
1,"map(tofrom: a)",16777216,64,104,0,1,17,0,12627.696990967
1,"map(tofrom: a)",16777216,64,104,0,1,28,0,12474.155426025
1,"map(tofrom: a)",16777216,64,104,0,1,11,0,12532.496452332
1,"map(tofrom: a)",16777216,64,104,0,1,3140,0,15236.544609070
1,"map(tofrom: a)",16777216,64,104,0,1,2,0,12372.946739197
1,"map(tofrom: a)",16777216,64,104,0,1,758,0,13252.246379852
1,"map(tofrom: a)",16777216,64,104,0,1,1218,0,13566.052913666
1,"map(tofrom: a)",16777216,64,104,0,1,44,0,12507.402896881
1,"map(tofrom: a)",16777216,64,104,0,1,71,0,12520.694732666
1,"map(tofrom: a)",16777216,64,104,0,1,114,0,12649.142742157
1,"map(tofrom: a)",16777216,64,104,0,1,294,0,12678.301334381
1,"map(tofrom: a)",16777216,64,104,0,1,7,0,12486.505508423
1,"map(tofrom: a)",16777216,64,104,0,1,183,0,12669.444084167
1,"map(tofrom: a)",16777216,64,104,0,1,8096,0,19438.493251801
1,"map(tofrom: a)",16777216,64,104,0,1,472,0,12860.655784607
1,"map(tofrom: a)",16777216,64,104,0,1,1955,0,14193.904399872
1,"map(tofrom: a)",16777216,64,104,0,1,3,0,12462.103366852
1,"map(tofrom: a)",16777216,64,104,0,1,5042,0,16803.050041199
1,"map(tofrom: a)",16777216,64,104,0,2,3,0,12557.554244995
1,"map(tofrom: a)",16777216,64,104,0,2,44,0,12495.100498199
1,"map(tofrom: a)",16777216,64,104,0,2,1,0,12354.695796967
1,"map(tofrom: a)",16777216,64,104,0,2,183,0,12693.846225739
1,"map(tofrom: a)",16777216,64,104,0,2,294,0,12848.842144012
1,"map(tofrom: a)",16777216,64,104,0,2,5042,0,17111.957073212
1,"map(tofrom: a)",16777216,64,104,0,2,7,0,12654.006481171
1,"map(tofrom: a)",16777216,64,104,0,2,8096,0,19821.250438690
1,"map(tofrom: a)",16777216,64,104,0,2,2,0,12504.410743713
1,"map(tofrom: a)",16777216,64,104,0,2,114,0,12683.606147766
1,"map(tofrom: a)",16777216,64,104,0,2,71,0,12668.907642365
1,"map(tofrom: a)",16777216,64,104,0,2,1955,0,14016.902446747
1,"map(tofrom: a)",16777216,64,104,0,2,17,0,12475.097179413
1,"map(tofrom: a)",16777216,64,104,0,2,472,0,13065.695762634
1,"map(tofrom: a)",16777216,64,104,0,2,11,0,12378.048896790
1,"map(tofrom: a)",16777216,64,104,0,2,1218,0,13499.605655670
1,"map(tofrom: a)",16777216,64,104,0,2,4,0,12610.650062561
1,"map(tofrom: a)",16777216,64,104,0,2,3140,0,15300.750732422
1,"map(tofrom: a)",16777216,64,104,0,2,758,0,13428.103923798
1,"map(tofrom: a)",16777216,64,104,0,2,28,0,13160.753250122
1,"map(tofrom: a)",16777216,64,104,0,3,11,0,12839.102745056
1,"map(tofrom: a)",16777216,64,104,0,3,4,0,12563.550472260
1,"map(tofrom: a)",16777216,64,104,0,3,5042,0,17207.705974579
1,"map(tofrom: a)",16777216,64,104,0,3,183,0,12716.555595398
1,"map(tofrom: a)",16777216,64,104,0,3,17,0,12402.999401093
1,"map(tofrom: a)",16777216,64,104,0,3,3,0,12597.894668579
1,"map(tofrom: a)",16777216,64,104,0,3,28,0,12550.997734070
1,"map(tofrom: a)",16777216,64,104,0,3,1218,0,13433.456420898
1,"map(tofrom: a)",16777216,64,104,0,3,114,0,12646.806240082
1,"map(tofrom: a)",16777216,64,104,0,3,758,0,13556.706905365
1,"map(tofrom: a)",16777216,64,104,0,3,1955,0,14355.206489563
1,"map(tofrom: a)",16777216,64,104,0,3,472,0,12965.703010559
1,"map(tofrom: a)",16777216,64,104,0,3,7,0,12625.944614410
1,"map(tofrom: a)",16777216,64,104,0,3,44,0,12433.302402496
1,"map(tofrom: a)",16777216,64,104,0,3,3140,0,15355.849266052
1,"map(tofrom: a)",16777216,64,104,0,3,8096,0,19780.147075653
1,"map(tofrom: a)",16777216,64,104,0,3,71,0,12693.154811859
1,"map(tofrom: a)",16777216,64,104,0,3,1,0,12662.899494171
1,"map(tofrom: a)",16777216,64,104,0,3,2,0,12669.098377228
1,"map(tofrom: a)",16777216,64,104,0,3,294,0,12981.843948364
1,"map(tofrom: a)",16777216,64,104,0,4,3,0,12516.045570374
1,"map(tofrom: a)",16777216,64,104,0,4,8096,0,19829.750061035
1,"map(tofrom: a)",16777216,64,104,0,4,1,0,12597.095966339
1,"map(tofrom: a)",16777216,64,104,0,4,28,0,12626.898288727
1,"map(tofrom: a)",16777216,64,104,0,4,17,0,13108.396530151
1,"map(tofrom: a)",16777216,64,104,0,4,5042,0,16889.095306396
1,"map(tofrom: a)",16777216,64,104,0,4,7,0,12357.449531555
1,"map(tofrom: a)",16777216,64,104,0,4,114,0,12621.045112610
1,"map(tofrom: a)",16777216,64,104,0,4,44,0,12593.042850494
1,"map(tofrom: a)",16777216,64,104,0,4,2,0,12369.453907013
1,"map(tofrom: a)",16777216,64,104,0,4,294,0,12711.095809937
1,"map(tofrom: a)",16777216,64,104,0,4,758,0,13209.998607635
1,"map(tofrom: a)",16777216,64,104,0,4,183,0,12615.799903870
1,"map(tofrom: a)",16777216,64,104,0,4,4,0,12452.399730682
1,"map(tofrom: a)",16777216,64,104,0,4,1218,0,13538.599014282
1,"map(tofrom: a)",16777216,64,104,0,4,71,0,12607.347965240
1,"map(tofrom: a)",16777216,64,104,0,4,1955,0,14137.792587280
1,"map(tofrom: a)",16777216,64,104,0,4,11,0,12468.755245209
1,"map(tofrom: a)",16777216,64,104,0,4,472,0,12948.191165924
1,"map(tofrom: a)",16777216,64,104,0,4,3140,0,15131.998062134
1,"map(tofrom: a)",16777216,64,104,1,0,2,0,12487.149238586
1,"map(tofrom: a)",16777216,64,104,1,0,4,0,12524.890899658
1,"map(tofrom: a)",16777216,64,104,1,0,472,0,12880.897521973
1,"map(tofrom: a)",16777216,64,104,1,0,3140,0,15129.947662354
1,"map(tofrom: a)",16777216,64,104,1,0,183,0,12664.699554443
1,"map(tofrom: a)",16777216,64,104,1,0,28,0,12511.253356934
1,"map(tofrom: a)",16777216,64,104,1,0,71,0,12420.141696930
1,"map(tofrom: a)",16777216,64,104,1,0,1218,0,13598.644733429
1,"map(tofrom: a)",16777216,64,104,1,0,294,0,12801.361083984
1,"map(tofrom: a)",16777216,64,104,1,0,1,0,12344.396114349
1,"map(tofrom: a)",16777216,64,104,1,0,7,0,12444.698810577
1,"map(tofrom: a)",16777216,64,104,1,0,1955,0,14318.048954010
1,"map(tofrom: a)",16777216,64,104,1,0,758,0,13052.046298981
1,"map(tofrom: a)",16777216,64,104,1,0,114,0,12569.797039032
1,"map(tofrom: a)",16777216,64,104,1,0,11,0,12616.395950317
1,"map(tofrom: a)",16777216,64,104,1,0,3,0,12747.943401337
1,"map(tofrom: a)",16777216,64,104,1,0,8096,0,20007.991790771
1,"map(tofrom: a)",16777216,64,104,1,0,44,0,13171.041011810
1,"map(tofrom: a)",16777216,64,104,1,0,17,0,12823.355197906
1,"map(tofrom: a)",16777216,64,104,1,0,5042,0,17151.808738708
1,"map(tofrom: a)",16777216,64,104,1,1,758,0,13451.051712036
1,"map(tofrom: a)",16777216,64,104,1,1,3,0,12537.240982056
1,"map(tofrom: a)",16777216,64,104,1,1,3140,0,15205.097198486
1,"map(tofrom: a)",16777216,64,104,1,1,1955,0,14327.299594879
1,"map(tofrom: a)",16777216,64,104,1,1,44,0,12926.757335663
1,"map(tofrom: a)",16777216,64,104,1,1,17,0,12685.108184814
1,"map(tofrom: a)",16777216,64,104,1,1,294,0,12870.895862579
1,"map(tofrom: a)",16777216,64,104,1,1,28,0,12579.405307770
1,"map(tofrom: a)",16777216,64,104,1,1,114,0,12498.557567596
1,"map(tofrom: a)",16777216,64,104,1,1,2,0,12590.956687927
1,"map(tofrom: a)",16777216,64,104,1,1,7,0,12615.191936493
1,"map(tofrom: a)",16777216,64,104,1,1,183,0,12986.195087433
1,"map(tofrom: a)",16777216,64,104,1,1,8096,0,20023.000240326
1,"map(tofrom: a)",16777216,64,104,1,1,11,0,12794.649600983
1,"map(tofrom: a)",16777216,64,104,1,1,1,0,12547.099590302
1,"map(tofrom: a)",16777216,64,104,1,1,1218,0,13753.843307495
1,"map(tofrom: a)",16777216,64,104,1,1,472,0,13191.950321198
1,"map(tofrom: a)",16777216,64,104,1,1,71,0,12628.495693207
1,"map(tofrom: a)",16777216,64,104,1,1,5042,0,16874.289512634
1,"map(tofrom: a)",16777216,64,104,1,1,4,0,12684.047222137
1,"map(tofrom: a)",16777216,64,104,1,2,2,0,12745.106220245
1,"map(tofrom: a)",16777216,64,104,1,2,71,0,12973.952293396
1,"map(tofrom: a)",16777216,64,104,1,2,17,0,13061.642646790
1,"map(tofrom: a)",16777216,64,104,1,2,472,0,13354.098796844
1,"map(tofrom: a)",16777216,64,104,1,2,5042,0,16919.744014740
1,"map(tofrom: a)",16777216,64,104,1,2,28,0,12637.758255005
1,"map(tofrom: a)",16777216,64,104,1,2,44,0,12585.353851318
1,"map(tofrom: a)",16777216,64,104,1,2,1218,0,13349.497318268
1,"map(tofrom: a)",16777216,64,104,1,2,4,0,12378.203868866
1,"map(tofrom: a)",16777216,64,104,1,2,1955,0,14208.650588989
1,"map(tofrom: a)",16777216,64,104,1,2,183,0,12540.400028229
1,"map(tofrom: a)",16777216,64,104,1,2,7,0,12522.292137146
1,"map(tofrom: a)",16777216,64,104,1,2,758,0,13175.153732300
1,"map(tofrom: a)",16777216,64,104,1,2,1,0,12360.739707947
1,"map(tofrom: a)",16777216,64,104,1,2,3140,0,15180.850028992
1,"map(tofrom: a)",16777216,64,104,1,2,8096,0,19517.743587494
1,"map(tofrom: a)",16777216,64,104,1,2,3,0,12478.852272034
1,"map(tofrom: a)",16777216,64,104,1,2,114,0,12571.358680725
1,"map(tofrom: a)",16777216,64,104,1,2,11,0,12438.452243805
1,"map(tofrom: a)",16777216,64,104,1,2,294,0,12736.690044403
1,"map(tofrom: a)",16777216,64,104,1,3,1,0,12395.095825195
1,"map(tofrom: a)",16777216,64,104,1,3,17,0,12498.497962952
1,"map(tofrom: a)",16777216,64,104,1,3,294,0,12785.005569458
1,"map(tofrom: a)",16777216,64,104,1,3,5042,0,16811.895370483
1,"map(tofrom: a)",16777216,64,104,1,3,114,0,12492.299079895
1,"map(tofrom: a)",16777216,64,104,1,3,28,0,12394.201755524
1,"map(tofrom: a)",16777216,64,104,1,3,1218,0,13361.454010010
1,"map(tofrom: a)",16777216,64,104,1,3,2,0,12295.305728912
1,"map(tofrom: a)",16777216,64,104,1,3,3,0,12544.059753418
1,"map(tofrom: a)",16777216,64,104,1,3,4,0,12452.352046967
1,"map(tofrom: a)",16777216,64,104,1,3,758,0,12985.754013062
1,"map(tofrom: a)",16777216,64,104,1,3,11,0,12543.141841888
1,"map(tofrom: a)",16777216,64,104,1,3,44,0,12558.293342590
1,"map(tofrom: a)",16777216,64,104,1,3,472,0,12756.407260895
1,"map(tofrom: a)",16777216,64,104,1,3,7,0,12447.953224182
1,"map(tofrom: a)",16777216,64,104,1,3,1955,0,14139.342308044
1,"map(tofrom: a)",16777216,64,104,1,3,71,0,12340.950965881
1,"map(tofrom: a)",16777216,64,104,1,3,183,0,12473.905086517
1,"map(tofrom: a)",16777216,64,104,1,3,8096,0,19656.050205231
1,"map(tofrom: a)",16777216,64,104,1,3,3140,0,15105.152130127
1,"map(tofrom: a)",16777216,64,104,1,4,472,0,12845.003604889
1,"map(tofrom: a)",16777216,64,104,1,4,71,0,12670.350074768
1,"map(tofrom: a)",16777216,64,104,1,4,1,0,12363.541126251
1,"map(tofrom: a)",16777216,64,104,1,4,11,0,12505.996227264
1,"map(tofrom: a)",16777216,64,104,1,4,4,0,12616.300582886
1,"map(tofrom: a)",16777216,64,104,1,4,3140,0,15083.599090576
1,"map(tofrom: a)",16777216,64,104,1,4,28,0,12404.799461365
1,"map(tofrom: a)",16777216,64,104,1,4,1218,0,13685.798645020
1,"map(tofrom: a)",16777216,64,104,1,4,2,0,12510.597705841
1,"map(tofrom: a)",16777216,64,104,1,4,183,0,12506.198883057
1,"map(tofrom: a)",16777216,64,104,1,4,5042,0,16831.195354462
1,"map(tofrom: a)",16777216,64,104,1,4,114,0,12766.098976135
1,"map(tofrom: a)",16777216,64,104,1,4,3,0,12347.340583801
1,"map(tofrom: a)",16777216,64,104,1,4,44,0,12470.602989197
1,"map(tofrom: a)",16777216,64,104,1,4,758,0,13245.093822479
1,"map(tofrom: a)",16777216,64,104,1,4,8096,0,19378.495216370
1,"map(tofrom: a)",16777216,64,104,1,4,1955,0,14041.101932526
1,"map(tofrom: a)",16777216,64,104,1,4,294,0,12662.851810455
1,"map(tofrom: a)",16777216,64,104,1,4,7,0,12270.998954773
1,"map(tofrom: a)",16777216,64,104,1,4,17,0,12329.041957855
2,"map(to: a)",1,64,104,0,0,7,0,464.296340942
2,"map(to: a)",1,64,104,0,0,114,0,560.653209686
2,"map(to: a)",1,64,104,0,0,3,0,462.055206299
2,"map(to: a)",1,64,104,0,0,17,0,474.941730499
2,"map(to: a)",1,64,104,0,0,1,0,460.648536682
2,"map(to: a)",1,64,104,0,0,44,0,497.555732727
2,"map(to: a)",1,64,104,0,0,294,0,714.349746704
2,"map(to: a)",1,64,104,0,0,3140,0,3213.453292847
2,"map(to: a)",1,64,104,0,0,4,0,463.449954987
2,"map(to: a)",1,64,104,0,0,1955,0,2172.148227692
2,"map(to: a)",1,64,104,0,0,183,0,620.508193970
2,"map(to: a)",1,64,104,0,0,8096,0,7474.493980408
2,"map(to: a)",1,64,104,0,0,758,0,1121.699810028
2,"map(to: a)",1,64,104,0,0,71,0,522.100925446
2,"map(to: a)",1,64,104,0,0,2,0,460.958480835
2,"map(to: a)",1,64,104,0,0,11,0,468.599796295
2,"map(to: a)",1,64,104,0,0,28,0,483.691692352
2,"map(to: a)",1,64,104,0,0,5042,0,4907.846450806
2,"map(to: a)",1,64,104,0,0,1218,0,1517.605781555
2,"map(to: a)",1,64,104,0,0,472,0,868.201255798
2,"map(to: a)",1,64,104,0,1,4,0,464.105606079
2,"map(to: a)",1,64,104,0,1,1,0,461.053848267
2,"map(to: a)",1,64,104,0,1,17,0,475.358963013
2,"map(to: a)",1,64,104,0,1,28,0,484.752655029
2,"map(to: a)",1,64,104,0,1,11,0,468.957424164
2,"map(to: a)",1,64,104,0,1,3140,0,3194.105625153
2,"map(to: a)",1,64,104,0,1,2,0,461.101531982
2,"map(to: a)",1,64,104,0,1,758,0,1115.357875824
2,"map(to: a)",1,64,104,0,1,1218,0,1519.095897675
2,"map(to: a)",1,64,104,0,1,44,0,499.594211578
2,"map(to: a)",1,64,104,0,1,71,0,522.339344025
2,"map(to: a)",1,64,104,0,1,114,0,561.809539795
2,"map(to: a)",1,64,104,0,1,294,0,712.549686432
2,"map(to: a)",1,64,104,0,1,7,0,465.500354767
2,"map(to: a)",1,64,104,0,1,183,0,619.602203369
2,"map(to: a)",1,64,104,0,1,8096,0,7496.094703674
2,"map(to: a)",1,64,104,0,1,472,0,875.389575958
2,"map(to: a)",1,64,104,0,1,1955,0,2162.492275238
2,"map(to: a)",1,64,104,0,1,3,0,461.542606354
2,"map(to: a)",1,64,104,0,1,5042,0,4913.604259491
2,"map(to: a)",1,64,104,0,2,3,0,461.995601654
2,"map(to: a)",1,64,104,0,2,44,0,499.093532562
2,"map(to: a)",1,64,104,0,2,1,0,460.791587830
2,"map(to: a)",1,64,104,0,2,183,0,619.554519653
2,"map(to: a)",1,64,104,0,2,294,0,719.058513641
2,"map(to: a)",1,64,104,0,2,5042,0,4848.957061768
2,"map(to: a)",1,64,104,0,2,7,0,465.548038483
2,"map(to: a)",1,64,104,0,2,8096,0,7531.750202179
2,"map(to: a)",1,64,104,0,2,2,0,461.149215698
2,"map(to: a)",1,64,104,0,2,114,0,561.058521271
2,"map(to: a)",1,64,104,0,2,71,0,522.804260254
2,"map(to: a)",1,64,104,0,2,1955,0,2150.595188141
2,"map(to: a)",1,64,104,0,2,17,0,475.251674652
2,"map(to: a)",1,64,104,0,2,472,0,868.546962738
2,"map(to: a)",1,64,104,0,2,11,0,468.194484711
2,"map(to: a)",1,64,104,0,2,1218,0,1533.102989197
2,"map(to: a)",1,64,104,0,2,4,0,463.545322418
2,"map(to: a)",1,64,104,0,2,3140,0,3203.296661377
2,"map(to: a)",1,64,104,0,2,758,0,1122.450828552
2,"map(to: a)",1,64,104,0,2,28,0,483.655929565
2,"map(to: a)",1,64,104,0,3,11,0,468.397140503
2,"map(to: a)",1,64,104,0,3,4,0,462.746620178
2,"map(to: a)",1,64,104,0,3,5042,0,4830.300807953
2,"map(to: a)",1,64,104,0,3,183,0,622.308254242
2,"map(to: a)",1,64,104,0,3,17,0,475.299358368
2,"map(to: a)",1,64,104,0,3,3,0,461.494922638
2,"map(to: a)",1,64,104,0,3,28,0,484.549999237
2,"map(to: a)",1,64,104,0,3,1218,0,1503.300666809
2,"map(to: a)",1,64,104,0,3,114,0,560.891628265
2,"map(to: a)",1,64,104,0,3,758,0,1118.898391724
2,"map(to: a)",1,64,104,0,3,1955,0,2146.804332733
2,"map(to: a)",1,64,104,0,3,472,0,874.304771423
2,"map(to: a)",1,64,104,0,3,7,0,464.701652527
2,"map(to: a)",1,64,104,0,3,44,0,498.902797699
2,"map(to: a)",1,64,104,0,3,3140,0,3184.151649475
2,"map(to: a)",1,64,104,0,3,8096,0,7481.193542480
2,"map(to: a)",1,64,104,0,3,71,0,521.993637085
2,"map(to: a)",1,64,104,0,3,1,0,460.851192474
2,"map(to: a)",1,64,104,0,3,2,0,460.553169250
2,"map(to: a)",1,64,104,0,3,294,0,718.748569489
2,"map(to: a)",1,64,104,0,4,3,0,461.649894714
2,"map(to: a)",1,64,104,0,4,8096,0,7584.202289581
2,"map(to: a)",1,64,104,0,4,1,0,461.351871490
2,"map(to: a)",1,64,104,0,4,28,0,483.798980713
2,"map(to: a)",1,64,104,0,4,17,0,475.645065308
2,"map(to: a)",1,64,104,0,4,5042,0,4880.392551422
2,"map(to: a)",1,64,104,0,4,7,0,465.345382690
2,"map(to: a)",1,64,104,0,4,114,0,561.296939850
2,"map(to: a)",1,64,104,0,4,44,0,497.841835022
2,"map(to: a)",1,64,104,0,4,2,0,460.743904114
2,"map(to: a)",1,64,104,0,4,294,0,715.351104736
2,"map(to: a)",1,64,104,0,4,758,0,1117.408275604
2,"map(to: a)",1,64,104,0,4,183,0,621.247291565
2,"map(to: a)",1,64,104,0,4,4,0,462.996959686
2,"map(to: a)",1,64,104,0,4,1218,0,1510.703563690
2,"map(to: a)",1,64,104,0,4,71,0,522.696971893
2,"map(to: a)",1,64,104,0,4,1955,0,2136.445045471
2,"map(to: a)",1,64,104,0,4,11,0,468.504428864
2,"map(to: a)",1,64,104,0,4,472,0,871.050357819
2,"map(to: a)",1,64,104,0,4,3140,0,3188.753128052
2,"map(to: a)",1,64,104,1,0,2,0,460.743904114
2,"map(to: a)",1,64,104,1,0,4,0,463.008880615
2,"map(to: a)",1,64,104,1,0,472,0,869.739055634
2,"map(to: a)",1,64,104,1,0,3140,0,3211.247920990
2,"map(to: a)",1,64,104,1,0,183,0,617.957115173
2,"map(to: a)",1,64,104,1,0,28,0,484.693050385
2,"map(to: a)",1,64,104,1,0,71,0,522.303581238
2,"map(to: a)",1,64,104,1,0,1218,0,1511.704921722
2,"map(to: a)",1,64,104,1,0,294,0,716.257095337
2,"map(to: a)",1,64,104,1,0,1,0,461.101531982
2,"map(to: a)",1,64,104,1,0,7,0,465.500354767
2,"map(to: a)",1,64,104,1,0,1955,0,2165.508270264
2,"map(to: a)",1,64,104,1,0,758,0,1112.854480743
2,"map(to: a)",1,64,104,1,0,114,0,560.355186462
2,"map(to: a)",1,64,104,1,0,11,0,469.756126404
2,"map(to: a)",1,64,104,1,0,3,0,461.244583130
2,"map(to: a)",1,64,104,1,0,8096,0,7530.951499939
2,"map(to: a)",1,64,104,1,0,44,0,499.403476715
2,"map(to: a)",1,64,104,1,0,17,0,475.406646729
2,"map(to: a)",1,64,104,1,0,5042,0,4932.749271393
2,"map(to: a)",1,64,104,1,1,758,0,1116.144657135
2,"map(to: a)",1,64,104,1,1,3,0,461.542606354
2,"map(to: a)",1,64,104,1,1,3140,0,3193.044662476
2,"map(to: a)",1,64,104,1,1,1955,0,2156.651020050
2,"map(to: a)",1,64,104,1,1,44,0,498.592853546
2,"map(to: a)",1,64,104,1,1,17,0,475.800037384
2,"map(to: a)",1,64,104,1,1,294,0,715.792179108
2,"map(to: a)",1,64,104,1,1,28,0,485.348701477
2,"map(to: a)",1,64,104,1,1,114,0,558.698177338
2,"map(to: a)",1,64,104,1,1,2,0,460.648536682
2,"map(to: a)",1,64,104,1,1,7,0,466.144084930
2,"map(to: a)",1,64,104,1,1,183,0,617.945194244
2,"map(to: a)",1,64,104,1,1,8096,0,7550.847530365
2,"map(to: a)",1,64,104,1,1,11,0,468.599796295
2,"map(to: a)",1,64,104,1,1,1,0,460.994243622
2,"map(to: a)",1,64,104,1,1,1218,0,1527.845859528
2,"map(to: a)",1,64,104,1,1,472,0,866.758823395
2,"map(to: a)",1,64,104,1,1,71,0,522.756576538
2,"map(to: a)",1,64,104,1,1,5042,0,4852.843284607
2,"map(to: a)",1,64,104,1,1,4,0,463.140010834
2,"map(to: a)",1,64,104,1,2,2,0,460.791587830
2,"map(to: a)",1,64,104,1,2,71,0,522.148609161
2,"map(to: a)",1,64,104,1,2,17,0,475.144386292
2,"map(to: a)",1,64,104,1,2,472,0,876.700878143
2,"map(to: a)",1,64,104,1,2,5042,0,4806.804656982
2,"map(to: a)",1,64,104,1,2,28,0,484.097003937
2,"map(to: a)",1,64,104,1,2,44,0,499.546527863
2,"map(to: a)",1,64,104,1,2,1218,0,1514.351367950
2,"map(to: a)",1,64,104,1,2,4,0,464.296340942
2,"map(to: a)",1,64,104,1,2,1955,0,2156.543731689
2,"map(to: a)",1,64,104,1,2,183,0,618.147850037
2,"map(to: a)",1,64,104,1,2,7,0,465.548038483
2,"map(to: a)",1,64,104,1,2,758,0,1112.949848175
2,"map(to: a)",1,64,104,1,2,1,0,460.648536682
2,"map(to: a)",1,64,104,1,2,3140,0,3195.548057556
2,"map(to: a)",1,64,104,1,2,8096,0,7485.699653625
2,"map(to: a)",1,64,104,1,2,3,0,461.542606354
2,"map(to: a)",1,64,104,1,2,114,0,559.246540070
2,"map(to: a)",1,64,104,1,2,11,0,468.051433563
2,"map(to: a)",1,64,104,1,2,294,0,718.593597412
2,"map(to: a)",1,64,104,1,3,1,0,460.600852966
2,"map(to: a)",1,64,104,1,3,17,0,475.895404816
2,"map(to: a)",1,64,104,1,3,294,0,717.151165009
2,"map(to: a)",1,64,104,1,3,5042,0,4824.304580688
2,"map(to: a)",1,64,104,1,3,114,0,560.843944550
2,"map(to: a)",1,64,104,1,3,28,0,484.049320221
2,"map(to: a)",1,64,104,1,3,1218,0,1515.460014343
2,"map(to: a)",1,64,104,1,3,2,0,461.244583130
2,"map(to: a)",1,64,104,1,3,3,0,461.399555206
2,"map(to: a)",1,64,104,1,3,4,0,464.248657227
2,"map(to: a)",1,64,104,1,3,758,0,1122.200489044
2,"map(to: a)",1,64,104,1,3,11,0,467.991828918
2,"map(to: a)",1,64,104,1,3,44,0,498.449802399
2,"map(to: a)",1,64,104,1,3,472,0,870.859622955
2,"map(to: a)",1,64,104,1,3,7,0,465.595722198
2,"map(to: a)",1,64,104,1,3,1955,0,2179.646492004
2,"map(to: a)",1,64,104,1,3,71,0,521.457195282
2,"map(to: a)",1,64,104,1,3,183,0,620.603561401
2,"map(to: a)",1,64,104,1,3,8096,0,7490.551471710
2,"map(to: a)",1,64,104,1,3,3140,0,3176.403045654
2,"map(to: a)",1,64,104,1,4,472,0,875.496864319
2,"map(to: a)",1,64,104,1,4,71,0,522.649288177
2,"map(to: a)",1,64,104,1,4,1,0,460.803508759
2,"map(to: a)",1,64,104,1,4,11,0,469.005107880
2,"map(to: a)",1,64,104,1,4,4,0,463.497638702
2,"map(to: a)",1,64,104,1,4,3140,0,3216.755390167
2,"map(to: a)",1,64,104,1,4,28,0,484.097003937
2,"map(to: a)",1,64,104,1,4,1218,0,1512.944698334
2,"map(to: a)",1,64,104,1,4,2,0,461.351871490
2,"map(to: a)",1,64,104,1,4,183,0,619.602203369
2,"map(to: a)",1,64,104,1,4,5042,0,4850.709438324
2,"map(to: a)",1,64,104,1,4,114,0,560.700893402
2,"map(to: a)",1,64,104,1,4,3,0,461.292266846
2,"map(to: a)",1,64,104,1,4,44,0,499.248504639
2,"map(to: a)",1,64,104,1,4,758,0,1117.157936096
2,"map(to: a)",1,64,104,1,4,8096,0,7451.808452606
2,"map(to: a)",1,64,104,1,4,1955,0,2173.304557800
2,"map(to: a)",1,64,104,1,4,294,0,716.555118561
2,"map(to: a)",1,64,104,1,4,7,0,464.546680450
2,"map(to: a)",1,64,104,1,4,17,0,475.800037384
2,"map(to: a)",4,64,104,0,0,7,0,464.093685150
2,"map(to: a)",4,64,104,0,0,114,0,561.153888702
2,"map(to: a)",4,64,104,0,0,3,0,461.995601654
2,"map(to: a)",4,64,104,0,0,17,0,474.953651428
2,"map(to: a)",4,64,104,0,0,1,0,460.898876190
2,"map(to: a)",4,64,104,0,0,44,0,498.306751251
2,"map(to: a)",4,64,104,0,0,294,0,714.802742004
2,"map(to: a)",4,64,104,0,0,3140,0,3212.201595306
2,"map(to: a)",4,64,104,0,0,4,0,463.497638702
2,"map(to: a)",4,64,104,0,0,1955,0,2168.810367584
2,"map(to: a)",4,64,104,0,0,183,0,621.044635773
2,"map(to: a)",4,64,104,0,0,8096,0,7535.147666931
2,"map(to: a)",4,64,104,0,0,758,0,1122.105121613
2,"map(to: a)",4,64,104,0,0,71,0,522.148609161
2,"map(to: a)",4,64,104,0,0,2,0,460.708141327
2,"map(to: a)",4,64,104,0,0,11,0,468.552112579
2,"map(to: a)",4,64,104,0,0,28,0,484.049320221
2,"map(to: a)",4,64,104,0,0,5042,0,4900.145530701
2,"map(to: a)",4,64,104,0,0,1218,0,1528.358459473
2,"map(to: a)",4,64,104,0,0,472,0,867.903232574
2,"map(to: a)",4,64,104,0,1,4,0,463.199615479
2,"map(to: a)",4,64,104,0,1,1,0,460.493564606
2,"map(to: a)",4,64,104,0,1,17,0,475.156307220
2,"map(to: a)",4,64,104,0,1,28,0,484.251976013
2,"map(to: a)",4,64,104,0,1,11,0,468.349456787
2,"map(to: a)",4,64,104,0,1,3140,0,3210.651874542
2,"map(to: a)",4,64,104,0,1,2,0,460.946559906
2,"map(to: a)",4,64,104,0,1,758,0,1115.548610687
2,"map(to: a)",4,64,104,0,1,1218,0,1522.052288055
2,"map(to: a)",4,64,104,0,1,44,0,498.604774475
2,"map(to: a)",4,64,104,0,1,71,0,522.243976593
2,"map(to: a)",4,64,104,0,1,114,0,560.450553894
2,"map(to: a)",4,64,104,0,1,294,0,714.099407196
2,"map(to: a)",4,64,104,0,1,7,0,464.844703674
2,"map(to: a)",4,64,104,0,1,183,0,619.494915009
2,"map(to: a)",4,64,104,0,1,8096,0,7475.042343140
2,"map(to: a)",4,64,104,0,1,472,0,873.351097107
2,"map(to: a)",4,64,104,0,1,1955,0,2158.200740814
2,"map(to: a)",4,64,104,0,1,3,0,462.293624878
2,"map(to: a)",4,64,104,0,1,5042,0,4911.100864410
2,"map(to: a)",4,64,104,0,2,3,0,462.555885315
2,"map(to: a)",4,64,104,0,2,44,0,498.998165131
2,"map(to: a)",4,64,104,0,2,1,0,461.399555206
2,"map(to: a)",4,64,104,0,2,183,0,618.195533752
2,"map(to: a)",4,64,104,0,2,294,0,716.304779053
2,"map(to: a)",4,64,104,0,2,5042,0,4859.900474548
2,"map(to: a)",4,64,104,0,2,7,0,465.798377991
2,"map(to: a)",4,64,104,0,2,8096,0,7601.356506348
2,"map(to: a)",4,64,104,0,2,2,0,460.946559906
2,"map(to: a)",4,64,104,0,2,114,0,559.759140015
2,"map(to: a)",4,64,104,0,2,71,0,522.756576538
2,"map(to: a)",4,64,104,0,2,1955,0,2156.150341034
2,"map(to: a)",4,64,104,0,2,17,0,475.847721100
2,"map(to: a)",4,64,104,0,2,472,0,871.396064758
2,"map(to: a)",4,64,104,0,2,11,0,468.051433563
2,"map(to: a)",4,64,104,0,2,1218,0,1531.410217285
2,"map(to: a)",4,64,104,0,2,4,0,463.092327118
2,"map(to: a)",4,64,104,0,2,3140,0,3204.798698425
2,"map(to: a)",4,64,104,0,2,758,0,1120.948791504
2,"map(to: a)",4,64,104,0,2,28,0,483.202934265
2,"map(to: a)",4,64,104,0,3,11,0,468.850135803
2,"map(to: a)",4,64,104,0,3,4,0,463.545322418
2,"map(to: a)",4,64,104,0,3,5042,0,4850.399494171
2,"map(to: a)",4,64,104,0,3,183,0,620.341300964
2,"map(to: a)",4,64,104,0,3,17,0,474.953651428
2,"map(to: a)",4,64,104,0,3,3,0,461.447238922
2,"map(to: a)",4,64,104,0,3,28,0,484.001636505
2,"map(to: a)",4,64,104,0,3,1218,0,1512.444019318
2,"map(to: a)",4,64,104,0,3,114,0,560.593605042
2,"map(to: a)",4,64,104,0,3,758,0,1116.693019867
2,"map(to: a)",4,64,104,0,3,1955,0,2147.543430328
2,"map(to: a)",4,64,104,0,3,472,0,877.058506012
2,"map(to: a)",4,64,104,0,3,7,0,465.452671051
2,"map(to: a)",4,64,104,0,3,44,0,498.807430267
2,"map(to: a)",4,64,104,0,3,3140,0,3204.202651978
2,"map(to: a)",4,64,104,0,3,8096,0,7485.890388489
2,"map(to: a)",4,64,104,0,3,71,0,523.197650909
2,"map(to: a)",4,64,104,0,3,1,0,460.410118103
2,"map(to: a)",4,64,104,0,3,2,0,461.053848267
2,"map(to: a)",4,64,104,0,3,294,0,719.845294952
2,"map(to: a)",4,64,104,0,4,3,0,462.210178375
2,"map(to: a)",4,64,104,0,4,8096,0,7558.953762054
2,"map(to: a)",4,64,104,0,4,1,0,461.339950562
2,"map(to: a)",4,64,104,0,4,28,0,483.691692352
2,"map(to: a)",4,64,104,0,4,17,0,475.692749023
2,"map(to: a)",4,64,104,0,4,5042,0,4855.048656464
2,"map(to: a)",4,64,104,0,4,7,0,464.892387390
2,"map(to: a)",4,64,104,0,4,114,0,560.796260834
2,"map(to: a)",4,64,104,0,4,44,0,498.008728027
2,"map(to: a)",4,64,104,0,4,2,0,460.803508759
2,"map(to: a)",4,64,104,0,4,294,0,716.054439545
2,"map(to: a)",4,64,104,0,4,758,0,1115.953922272
2,"map(to: a)",4,64,104,0,4,183,0,619.792938232
2,"map(to: a)",4,64,104,0,4,4,0,463.950634003
2,"map(to: a)",4,64,104,0,4,1218,0,1521.849632263
2,"map(to: a)",4,64,104,0,4,71,0,522.446632385
2,"map(to: a)",4,64,104,0,4,1955,0,2138.197422028
2,"map(to: a)",4,64,104,0,4,11,0,468.850135803
2,"map(to: a)",4,64,104,0,4,472,0,870.394706726
2,"map(to: a)",4,64,104,0,4,3140,0,3173.995018005
2,"map(to: a)",4,64,104,1,0,2,0,461.196899414
2,"map(to: a)",4,64,104,1,0,4,0,463.294982910
2,"map(to: a)",4,64,104,1,0,472,0,869.500637054
2,"map(to: a)",4,64,104,1,0,3140,0,3222.799301147
2,"map(to: a)",4,64,104,1,0,183,0,617.051124573
2,"map(to: a)",4,64,104,1,0,28,0,483.942031860
2,"map(to: a)",4,64,104,1,0,71,0,522.351264954
2,"map(to: a)",4,64,104,1,0,1218,0,1514.399051666
2,"map(to: a)",4,64,104,1,0,294,0,718.545913696
2,"map(to: a)",4,64,104,1,0,1,0,460.898876190
2,"map(to: a)",4,64,104,1,0,7,0,465.154647827
2,"map(to: a)",4,64,104,1,0,1955,0,2177.846431732
2,"map(to: a)",4,64,104,1,0,758,0,1111.447811127
2,"map(to: a)",4,64,104,1,0,114,0,560.748577118
2,"map(to: a)",4,64,104,1,0,11,0,469.207763672
2,"map(to: a)",4,64,104,1,0,3,0,461.745262146
2,"map(to: a)",4,64,104,1,0,8096,0,7575.547695160
2,"map(to: a)",4,64,104,1,0,44,0,498.843193054
2,"map(to: a)",4,64,104,1,0,17,0,474.894046783
2,"map(to: a)",4,64,104,1,0,5042,0,4889.249801636
2,"map(to: a)",4,64,104,1,1,758,0,1114.642620087
2,"map(to: a)",4,64,104,1,1,3,0,461.804866791
2,"map(to: a)",4,64,104,1,1,3140,0,3200.197219849
2,"map(to: a)",4,64,104,1,1,1955,0,2149.999141693
2,"map(to: a)",4,64,104,1,1,44,0,499.951839447
2,"map(to: a)",4,64,104,1,1,17,0,475.704669952
2,"map(to: a)",4,64,104,1,1,294,0,717.008113861
2,"map(to: a)",4,64,104,1,1,28,0,483.942031860
2,"map(to: a)",4,64,104,1,1,114,0,558.149814606
2,"map(to: a)",4,64,104,1,1,2,0,461.149215698
2,"map(to: a)",4,64,104,1,1,7,0,465.750694275
2,"map(to: a)",4,64,104,1,1,183,0,618.195533752
2,"map(to: a)",4,64,104,1,1,8096,0,7531.309127808
2,"map(to: a)",4,64,104,1,1,11,0,468.599796295
2,"map(to: a)",4,64,104,1,1,1,0,460.600852966
2,"map(to: a)",4,64,104,1,1,1218,0,1535.654067993
2,"map(to: a)",4,64,104,1,1,472,0,868.856906891
2,"map(to: a)",4,64,104,1,1,71,0,522.196292877
2,"map(to: a)",4,64,104,1,1,5042,0,4859.793186188
2,"map(to: a)",4,64,104,1,1,4,0,462.901592255
2,"map(to: a)",4,64,104,1,2,2,0,460.958480835
2,"map(to: a)",4,64,104,1,2,71,0,522.005558014
2,"map(to: a)",4,64,104,1,2,17,0,474.953651428
2,"map(to: a)",4,64,104,1,2,472,0,878.548622131
2,"map(to: a)",4,64,104,1,2,5042,0,4814.505577087
2,"map(to: a)",4,64,104,1,2,28,0,484.752655029
2,"map(to: a)",4,64,104,1,2,44,0,498.449802399
2,"map(to: a)",4,64,104,1,2,1218,0,1508.641242981
2,"map(to: a)",4,64,104,1,2,4,0,463.342666626
2,"map(to: a)",4,64,104,1,2,1955,0,2159.392833710
2,"map(to: a)",4,64,104,1,2,183,0,619.459152222
2,"map(to: a)",4,64,104,1,2,7,0,465.095043182
2,"map(to: a)",4,64,104,1,2,758,0,1112.449169159
2,"map(to: a)",4,64,104,1,2,1,0,461.399555206
2,"map(to: a)",4,64,104,1,2,3140,0,3189.146518707
2,"map(to: a)",4,64,104,1,2,8096,0,7514.595985413
2,"map(to: a)",4,64,104,1,2,3,0,461.959838867
2,"map(to: a)",4,64,104,1,2,114,0,559.699535370
2,"map(to: a)",4,64,104,1,2,11,0,468.993186951
2,"map(to: a)",4,64,104,1,2,294,0,719.845294952
2,"map(to: a)",4,64,104,1,3,1,0,460.648536682
2,"map(to: a)",4,64,104,1,3,17,0,474.941730499
2,"map(to: a)",4,64,104,1,3,294,0,716.495513916
2,"map(to: a)",4,64,104,1,3,5042,0,4844.045639038
2,"map(to: a)",4,64,104,1,3,114,0,560.796260834
2,"map(to: a)",4,64,104,1,3,28,0,483.953952789
2,"map(to: a)",4,64,104,1,3,1218,0,1507.449150085
2,"map(to: a)",4,64,104,1,3,2,0,460.898876190
2,"map(to: a)",4,64,104,1,3,3,0,461.494922638
2,"map(to: a)",4,64,104,1,3,4,0,463.247299194
2,"map(to: a)",4,64,104,1,3,758,0,1119.494438171
2,"map(to: a)",4,64,104,1,3,11,0,468.194484711
2,"map(to: a)",4,64,104,1,3,44,0,499.141216278
2,"map(to: a)",4,64,104,1,3,472,0,868.952274323
2,"map(to: a)",4,64,104,1,3,7,0,464.999675751
2,"map(to: a)",4,64,104,1,3,1955,0,2174.293994904
2,"map(to: a)",4,64,104,1,3,71,0,522.303581238
2,"map(to: a)",4,64,104,1,3,183,0,621.640682220
2,"map(to: a)",4,64,104,1,3,8096,0,7537.150382996
2,"map(to: a)",4,64,104,1,3,3140,0,3170.943260193
2,"map(to: a)",4,64,104,1,4,472,0,874.352455139
2,"map(to: a)",4,64,104,1,4,71,0,521.409511566
2,"map(to: a)",4,64,104,1,4,1,0,460.493564606
2,"map(to: a)",4,64,104,1,4,11,0,470.101833344
2,"map(to: a)",4,64,104,1,4,4,0,463.795661926
2,"map(to: a)",4,64,104,1,4,3140,0,3215.003013611
2,"map(to: a)",4,64,104,1,4,28,0,484.406948090
2,"map(to: a)",4,64,104,1,4,1218,0,1506.400108337
2,"map(to: a)",4,64,104,1,4,2,0,461.447238922
2,"map(to: a)",4,64,104,1,4,183,0,619.351863861
2,"map(to: a)",4,64,104,1,4,5042,0,4849.600791931
2,"map(to: a)",4,64,104,1,4,114,0,561.547279358
2,"map(to: a)",4,64,104,1,4,3,0,461.590290070
2,"map(to: a)",4,64,104,1,4,44,0,499.248504639
2,"map(to: a)",4,64,104,1,4,758,0,1117.491722107
2,"map(to: a)",4,64,104,1,4,8096,0,7472.550868988
2,"map(to: a)",4,64,104,1,4,1955,0,2177.488803864
2,"map(to: a)",4,64,104,1,4,294,0,716.543197632
2,"map(to: a)",4,64,104,1,4,7,0,464.999675751
2,"map(to: a)",4,64,104,1,4,17,0,476.038455963
2,"map(to: a)",16,64,104,0,0,7,0,464.046001434
2,"map(to: a)",16,64,104,0,0,114,0,561.153888702
2,"map(to: a)",16,64,104,0,0,3,0,462.150573730
2,"map(to: a)",16,64,104,0,0,17,0,476.002693176
2,"map(to: a)",16,64,104,0,0,1,0,461.757183075
2,"map(to: a)",16,64,104,0,0,44,0,498.890876770
2,"map(to: a)",16,64,104,0,0,294,0,715.303421021
2,"map(to: a)",16,64,104,0,0,3140,0,3235.554695129
2,"map(to: a)",16,64,104,0,0,4,0,463.509559631
2,"map(to: a)",16,64,104,0,0,1955,0,2174.901962280
2,"map(to: a)",16,64,104,0,0,183,0,619.399547577
2,"map(to: a)",16,64,104,0,0,8096,0,7477.295398712
2,"map(to: a)",16,64,104,0,0,758,0,1128.697395325
2,"map(to: a)",16,64,104,0,0,71,0,523.102283478
2,"map(to: a)",16,64,104,0,0,2,0,461.399555206
2,"map(to: a)",16,64,104,0,0,11,0,469.100475311
2,"map(to: a)",16,64,104,0,0,28,0,483.596324921
2,"map(to: a)",16,64,104,0,0,5042,0,4911.100864410
2,"map(to: a)",16,64,104,0,0,1218,0,1515.650749207
2,"map(to: a)",16,64,104,0,0,472,0,867.044925690
2,"map(to: a)",16,64,104,0,1,4,0,463.402271271
2,"map(to: a)",16,64,104,0,1,1,0,460.398197174
2,"map(to: a)",16,64,104,0,1,17,0,474.500656128
2,"map(to: a)",16,64,104,0,1,28,0,484.144687653
2,"map(to: a)",16,64,104,0,1,11,0,468.301773071
2,"map(to: a)",16,64,104,0,1,3140,0,3202.497959137
2,"map(to: a)",16,64,104,0,1,2,0,461.101531982
2,"map(to: a)",16,64,104,0,1,758,0,1121.699810028
2,"map(to: a)",16,64,104,0,1,1218,0,1522.505283356
2,"map(to: a)",16,64,104,0,1,44,0,498.545169830
2,"map(to: a)",16,64,104,0,1,71,0,522.100925446
2,"map(to: a)",16,64,104,0,1,114,0,560.092926025
2,"map(to: a)",16,64,104,0,1,294,0,713.407993317
2,"map(to: a)",16,64,104,0,1,7,0,464.594364166
2,"map(to: a)",16,64,104,0,1,183,0,621.056556702
2,"map(to: a)",16,64,104,0,1,8096,0,7475.054264069
2,"map(to: a)",16,64,104,0,1,472,0,873.100757599
2,"map(to: a)",16,64,104,0,1,1955,0,2150.404453278
2,"map(to: a)",16,64,104,0,1,3,0,461.494922638
2,"map(to: a)",16,64,104,0,1,5042,0,4892.849922180
2,"map(to: a)",16,64,104,0,2,3,0,461.494922638
2,"map(to: a)",16,64,104,0,2,44,0,498.950481415
2,"map(to: a)",16,64,104,0,2,1,0,461.506843567
2,"map(to: a)",16,64,104,0,2,183,0,617.897510529
2,"map(to: a)",16,64,104,0,2,294,0,717.401504517
2,"map(to: a)",16,64,104,0,2,5042,0,4831.552505493
2,"map(to: a)",16,64,104,0,2,7,0,464.999675751
2,"map(to: a)",16,64,104,0,2,8096,0,7582.700252533
2,"map(to: a)",16,64,104,0,2,2,0,461.256504059
2,"map(to: a)",16,64,104,0,2,114,0,560.545921326
2,"map(to: a)",16,64,104,0,2,71,0,522.494316101
2,"map(to: a)",16,64,104,0,2,1955,0,2152.502536774
2,"map(to: a)",16,64,104,0,2,17,0,476.443767548
2,"map(to: a)",16,64,104,0,2,472,0,869.953632355
2,"map(to: a)",16,64,104,0,2,11,0,468.945503235
2,"map(to: a)",16,64,104,0,2,1218,0,1531.100273132
2,"map(to: a)",16,64,104,0,2,4,0,463.545322418
2,"map(to: a)",16,64,104,0,2,3140,0,3193.998336792
2,"map(to: a)",16,64,104,0,2,758,0,1120.507717133
2,"map(to: a)",16,64,104,0,2,28,0,483.644008636
2,"map(to: a)",16,64,104,0,3,11,0,468.599796295
2,"map(to: a)",16,64,104,0,3,4,0,463.891029358
2,"map(to: a)",16,64,104,0,3,5042,0,4836.404323578
2,"map(to: a)",16,64,104,0,3,183,0,625.348091125
2,"map(to: a)",16,64,104,0,3,17,0,475.251674652
2,"map(to: a)",16,64,104,0,3,3,0,462.257862091
2,"map(to: a)",16,64,104,0,3,28,0,484.549999237
2,"map(to: a)",16,64,104,0,3,1218,0,1516.556739807
2,"map(to: a)",16,64,104,0,3,114,0,561.499595642
2,"map(to: a)",16,64,104,0,3,758,0,1120.448112488
2,"map(to: a)",16,64,104,0,3,1955,0,2149.653434753
2,"map(to: a)",16,64,104,0,3,472,0,876.402854919
2,"map(to: a)",16,64,104,0,3,7,0,465.452671051
2,"map(to: a)",16,64,104,0,3,44,0,499.701499939
2,"map(to: a)",16,64,104,0,3,3140,0,3197.550773621
2,"map(to: a)",16,64,104,0,3,8096,0,7517.755031586
2,"map(to: a)",16,64,104,0,3,71,0,524.103641510
2,"map(to: a)",16,64,104,0,3,1,0,461.149215698
2,"map(to: a)",16,64,104,0,3,2,0,461.244583130
2,"map(to: a)",16,64,104,0,3,294,0,716.996192932
2,"map(to: a)",16,64,104,0,4,3,0,461.852550507
2,"map(to: a)",16,64,104,0,4,8096,0,7569.849491119
2,"map(to: a)",16,64,104,0,4,1,0,461.602210999
2,"map(to: a)",16,64,104,0,4,28,0,484.204292297
2,"map(to: a)",16,64,104,0,4,17,0,475.394725800
2,"map(to: a)",16,64,104,0,4,5042,0,4836.547374725
2,"map(to: a)",16,64,104,0,4,7,0,465.798377991
2,"map(to: a)",16,64,104,0,4,114,0,561.499595642
2,"map(to: a)",16,64,104,0,4,44,0,499.105453491
2,"map(to: a)",16,64,104,0,4,2,0,461.399555206
2,"map(to: a)",16,64,104,0,4,294,0,717.842578888
2,"map(to: a)",16,64,104,0,4,758,0,1116.299629211
2,"map(to: a)",16,64,104,0,4,183,0,621.104240417
2,"map(to: a)",16,64,104,0,4,4,0,463.604927063
2,"map(to: a)",16,64,104,0,4,1218,0,1512.050628662
2,"map(to: a)",16,64,104,0,4,71,0,523.650646210
2,"map(to: a)",16,64,104,0,4,1955,0,2146.255970001
2,"map(to: a)",16,64,104,0,4,11,0,469.052791595
2,"map(to: a)",16,64,104,0,4,472,0,871.443748474
2,"map(to: a)",16,64,104,0,4,3140,0,3155.899047852
2,"map(to: a)",16,64,104,1,0,2,0,461.459159851
2,"map(to: a)",16,64,104,1,0,4,0,463.497638702
2,"map(to: a)",16,64,104,1,0,472,0,866.651535034
2,"map(to: a)",16,64,104,1,0,3140,0,3211.951255798
2,"map(to: a)",16,64,104,1,0,183,0,619.494915009
2,"map(to: a)",16,64,104,1,0,28,0,483.846664429
2,"map(to: a)",16,64,104,1,0,71,0,521.397590637
2,"map(to: a)",16,64,104,1,0,1218,0,1512.396335602
2,"map(to: a)",16,64,104,1,0,294,0,717.008113861
2,"map(to: a)",16,64,104,1,0,1,0,460.803508759
2,"map(to: a)",16,64,104,1,0,7,0,465.500354767
2,"map(to: a)",16,64,104,1,0,1955,0,2179.801464081
2,"map(to: a)",16,64,104,1,0,758,0,1110.243797302
2,"map(to: a)",16,64,104,1,0,114,0,560.390949249
2,"map(to: a)",16,64,104,1,0,11,0,468.349456787
2,"map(to: a)",16,64,104,1,0,3,0,461.447238922
2,"map(to: a)",16,64,104,1,0,8096,0,7595.443725586
2,"map(to: a)",16,64,104,1,0,44,0,498.950481415
2,"map(to: a)",16,64,104,1,0,17,0,474.905967712
2,"map(to: a)",16,64,104,1,0,5042,0,4907.453060150
2,"map(to: a)",16,64,104,1,1,758,0,1109.850406647
2,"map(to: a)",16,64,104,1,1,3,0,461.399555206
2,"map(to: a)",16,64,104,1,1,3140,0,3188.145160675
2,"map(to: a)",16,64,104,1,1,1955,0,2154.397964478
2,"map(to: a)",16,64,104,1,1,44,0,499.057769775
2,"map(to: a)",16,64,104,1,1,17,0,474.500656128
2,"map(to: a)",16,64,104,1,1,294,0,714.349746704
2,"map(to: a)",16,64,104,1,1,28,0,484.502315521
2,"map(to: a)",16,64,104,1,1,114,0,557.899475098
2,"map(to: a)",16,64,104,1,1,2,0,461.149215698
2,"map(to: a)",16,64,104,1,1,7,0,465.440750122
2,"map(to: a)",16,64,104,1,1,183,0,618.994235992
2,"map(to: a)",16,64,104,1,1,8096,0,7576.203346252
2,"map(to: a)",16,64,104,1,1,11,0,468.742847443
2,"map(to: a)",16,64,104,1,1,1,0,461.196899414
2,"map(to: a)",16,64,104,1,1,1218,0,1529.550552368
2,"map(to: a)",16,64,104,1,1,472,0,868.296623230
2,"map(to: a)",16,64,104,1,1,71,0,523.352622986
2,"map(to: a)",16,64,104,1,1,5042,0,4872.691631317
2,"map(to: a)",16,64,104,1,1,4,0,463.604927063
2,"map(to: a)",16,64,104,1,2,2,0,460.755825043
2,"map(to: a)",16,64,104,1,2,71,0,523.352622986
2,"map(to: a)",16,64,104,1,2,17,0,476.002693176
2,"map(to: a)",16,64,104,1,2,472,0,871.801376343
2,"map(to: a)",16,64,104,1,2,5042,0,4816.460609436
2,"map(to: a)",16,64,104,1,2,28,0,484.657287598
2,"map(to: a)",16,64,104,1,2,44,0,498.640537262
2,"map(to: a)",16,64,104,1,2,1218,0,1510.441303253
2,"map(to: a)",16,64,104,1,2,4,0,463.700294495
2,"map(to: a)",16,64,104,1,2,1955,0,2158.200740814
2,"map(to: a)",16,64,104,1,2,183,0,619.304180145
2,"map(to: a)",16,64,104,1,2,7,0,465.798377991
2,"map(to: a)",16,64,104,1,2,758,0,1116.597652435
2,"map(to: a)",16,64,104,1,2,1,0,461.053848267
2,"map(to: a)",16,64,104,1,2,3140,0,3192.794322968
2,"map(to: a)",16,64,104,1,2,8096,0,7497.847080231
2,"map(to: a)",16,64,104,1,2,3,0,462.841987610
2,"map(to: a)",16,64,104,1,2,114,0,559.306144714
2,"map(to: a)",16,64,104,1,2,11,0,468.897819519
2,"map(to: a)",16,64,104,1,2,294,0,720.453262329
2,"map(to: a)",16,64,104,1,3,1,0,460.803508759
2,"map(to: a)",16,64,104,1,3,17,0,475.239753723
2,"map(to: a)",16,64,104,1,3,294,0,715.196132660
2,"map(to: a)",16,64,104,1,3,5042,0,4817.998409271
2,"map(to: a)",16,64,104,1,3,114,0,560.355186462
2,"map(to: a)",16,64,104,1,3,28,0,484.204292297
2,"map(to: a)",16,64,104,1,3,1218,0,1515.650749207
2,"map(to: a)",16,64,104,1,3,2,0,461.208820343
2,"map(to: a)",16,64,104,1,3,3,0,462.150573730
2,"map(to: a)",16,64,104,1,3,4,0,463.795661926
2,"map(to: a)",16,64,104,1,3,758,0,1118.946075439
2,"map(to: a)",16,64,104,1,3,11,0,469.148159027
2,"map(to: a)",16,64,104,1,3,44,0,499.260425568
2,"map(to: a)",16,64,104,1,3,472,0,875.246524811
2,"map(to: a)",16,64,104,1,3,7,0,465.297698975
2,"map(to: a)",16,64,104,1,3,1955,0,2187.001705170
2,"map(to: a)",16,64,104,1,3,71,0,521.159172058
2,"map(to: a)",16,64,104,1,3,183,0,620.543956757
2,"map(to: a)",16,64,104,1,3,8096,0,7543.301582336
2,"map(to: a)",16,64,104,1,3,3140,0,3182.148933411
2,"map(to: a)",16,64,104,1,4,472,0,874.853134155
2,"map(to: a)",16,64,104,1,4,71,0,521.945953369
2,"map(to: a)",16,64,104,1,4,1,0,461.649894714
2,"map(to: a)",16,64,104,1,4,11,0,469.052791595
2,"map(to: a)",16,64,104,1,4,4,0,463.652610779
2,"map(to: a)",16,64,104,1,4,3140,0,3192.305564880
2,"map(to: a)",16,64,104,1,4,28,0,484.549999237
2,"map(to: a)",16,64,104,1,4,1218,0,1514.756679535
2,"map(to: a)",16,64,104,1,4,2,0,461.447238922
2,"map(to: a)",16,64,104,1,4,183,0,619.053840637
2,"map(to: a)",16,64,104,1,4,5042,0,4829.299449921
2,"map(to: a)",16,64,104,1,4,114,0,560.653209686
2,"map(to: a)",16,64,104,1,4,3,0,461.959838867
2,"map(to: a)",16,64,104,1,4,44,0,499.951839447
2,"map(to: a)",16,64,104,1,4,758,0,1121.699810028
2,"map(to: a)",16,64,104,1,4,8096,0,7457.005977631
2,"map(to: a)",16,64,104,1,4,1955,0,2174.758911133
2,"map(to: a)",16,64,104,1,4,294,0,715.100765228
2,"map(to: a)",16,64,104,1,4,7,0,465.452671051
2,"map(to: a)",16,64,104,1,4,17,0,475.597381592
2,"map(to: a)",64,64,104,0,0,7,0,464.403629303
2,"map(to: a)",64,64,104,0,0,114,0,561.749935150
2,"map(to: a)",64,64,104,0,0,3,0,462.496280670
2,"map(to: a)",64,64,104,0,0,17,0,474.953651428
2,"map(to: a)",64,64,104,0,0,1,0,460.302829742
2,"map(to: a)",64,64,104,0,0,44,0,498.449802399
2,"map(to: a)",64,64,104,0,0,294,0,713.956356049
2,"map(to: a)",64,64,104,0,0,3140,0,3224.050998688
2,"map(to: a)",64,64,104,0,0,4,0,463.354587555
2,"map(to: a)",64,64,104,0,0,1955,0,2174.651622772
2,"map(to: a)",64,64,104,0,0,183,0,620.448589325
2,"map(to: a)",64,64,104,0,0,8096,0,7438.993453979
2,"map(to: a)",64,64,104,0,0,758,0,1119.494438171
2,"map(to: a)",64,64,104,0,0,71,0,521.600246429
2,"map(to: a)",64,64,104,0,0,2,0,460.553169250
2,"map(to: a)",64,64,104,0,0,11,0,469.243526459
2,"map(to: a)",64,64,104,0,0,28,0,483.405590057
2,"map(to: a)",64,64,104,0,0,5042,0,4886.150360107
2,"map(to: a)",64,64,104,0,0,1218,0,1515.042781830
2,"map(to: a)",64,64,104,0,0,472,0,872.004032135
2,"map(to: a)",64,64,104,0,1,4,0,463.604927063
2,"map(to: a)",64,64,104,0,1,1,0,461.447238922
2,"map(to: a)",64,64,104,0,1,17,0,475.049018860
2,"map(to: a)",64,64,104,0,1,28,0,484.597682953
2,"map(to: a)",64,64,104,0,1,11,0,468.599796295
2,"map(to: a)",64,64,104,0,1,3140,0,3212.952613831
2,"map(to: a)",64,64,104,0,1,2,0,461.053848267
2,"map(to: a)",64,64,104,0,1,758,0,1115.643978119
2,"map(to: a)",64,64,104,0,1,1218,0,1531.755924225
2,"map(to: a)",64,64,104,0,1,44,0,498.497486115
2,"map(to: a)",64,64,104,0,1,71,0,521.945953369
2,"map(to: a)",64,64,104,0,1,114,0,559.651851654
2,"map(to: a)",64,64,104,0,1,294,0,711.846351624
2,"map(to: a)",64,64,104,0,1,7,0,468.707084656
2,"map(to: a)",64,64,104,0,1,183,0,619.292259216
2,"map(to: a)",64,64,104,0,1,8096,0,7448.709011078
2,"map(to: a)",64,64,104,0,1,472,0,873.649120331
2,"map(to: a)",64,64,104,0,1,1955,0,2158.093452454
2,"map(to: a)",64,64,104,0,1,3,0,461.244583130
2,"map(to: a)",64,64,104,0,1,5042,0,4888.546466827
2,"map(to: a)",64,64,104,0,2,3,0,462.448596954
2,"map(to: a)",64,64,104,0,2,44,0,499.546527863
2,"map(to: a)",64,64,104,0,2,1,0,461.006164551
2,"map(to: a)",64,64,104,0,2,183,0,619.542598724
2,"map(to: a)",64,64,104,0,2,294,0,716.197490692
2,"map(to: a)",64,64,104,0,2,5042,0,4851.353168488
2,"map(to: a)",64,64,104,0,2,7,0,464.606285095
2,"map(to: a)",64,64,104,0,2,8096,0,7582.747936249
2,"map(to: a)",64,64,104,0,2,2,0,461.053848267
2,"map(to: a)",64,64,104,0,2,114,0,560.796260834
2,"map(to: a)",64,64,104,0,2,71,0,523.388385773
2,"map(to: a)",64,64,104,0,2,1955,0,2150.952816010
2,"map(to: a)",64,64,104,0,2,17,0,475.502014160
2,"map(to: a)",64,64,104,0,2,472,0,870.752334595
2,"map(to: a)",64,64,104,0,2,11,0,468.945503235
2,"map(to: a)",64,64,104,0,2,1218,0,1526.856422424
2,"map(to: a)",64,64,104,0,2,4,0,463.950634003
2,"map(to: a)",64,64,104,0,2,3140,0,3210.055828094
2,"map(to: a)",64,64,104,0,2,758,0,1121.342182159
2,"map(to: a)",64,64,104,0,2,28,0,483.143329620
2,"map(to: a)",64,64,104,0,3,11,0,468.695163727
2,"map(to: a)",64,64,104,0,3,4,0,462.853908539
2,"map(to: a)",64,64,104,0,3,5042,0,4868.543148041
2,"map(to: a)",64,64,104,0,3,183,0,621.056556702
2,"map(to: a)",64,64,104,0,3,17,0,475.239753723
2,"map(to: a)",64,64,104,0,3,3,0,461.101531982
2,"map(to: a)",64,64,104,0,3,28,0,483.906269073
2,"map(to: a)",64,64,104,0,3,1218,0,1513.504981995
2,"map(to: a)",64,64,104,0,3,114,0,560.045242310
2,"map(to: a)",64,64,104,0,3,758,0,1118.755340576
2,"map(to: a)",64,64,104,0,3,1955,0,2158.153057098
2,"map(to: a)",64,64,104,0,3,472,0,876.092910767
2,"map(to: a)",64,64,104,0,3,7,0,465.798377991
2,"map(to: a)",64,64,104,0,3,44,0,498.652458191
2,"map(to: a)",64,64,104,0,3,3140,0,3192.198276520
2,"map(to: a)",64,64,104,0,3,8096,0,7471.048831940
2,"map(to: a)",64,64,104,0,3,71,0,521.695613861
2,"map(to: a)",64,64,104,0,3,1,0,460.958480835
2,"map(to: a)",64,64,104,0,3,2,0,461.244583130
2,"map(to: a)",64,64,104,0,3,294,0,719.201564789
2,"map(to: a)",64,64,104,0,4,3,0,461.304187775
2,"map(to: a)",64,64,104,0,4,8096,0,7531.452178955
2,"map(to: a)",64,64,104,0,4,1,0,460.839271545
2,"map(to: a)",64,64,104,0,4,28,0,483.942031860
2,"map(to: a)",64,64,104,0,4,17,0,475.203990936
2,"map(to: a)",64,64,104,0,4,5042,0,4864.346981049
2,"map(to: a)",64,64,104,0,4,7,0,464.999675751
2,"map(to: a)",64,64,104,0,4,114,0,560.998916626
2,"map(to: a)",64,64,104,0,4,44,0,498.843193054
2,"map(to: a)",64,64,104,0,4,2,0,460.898876190
2,"map(to: a)",64,64,104,0,4,294,0,717.198848724
2,"map(to: a)",64,64,104,0,4,758,0,1118.803024292
2,"map(to: a)",64,64,104,0,4,183,0,620.949268341
2,"map(to: a)",64,64,104,0,4,4,0,463.199615479
2,"map(to: a)",64,64,104,0,4,1218,0,1515.901088715
2,"map(to: a)",64,64,104,0,4,71,0,521.802902222
2,"map(to: a)",64,64,104,0,4,1955,0,2138.650417328
2,"map(to: a)",64,64,104,0,4,11,0,468.850135803
2,"map(to: a)",64,64,104,0,4,472,0,871.646404266
2,"map(to: a)",64,64,104,0,4,3140,0,3174.388408661
2,"map(to: a)",64,64,104,1,0,2,0,461.041927338
2,"map(to: a)",64,64,104,1,0,4,0,462.603569031
2,"map(to: a)",64,64,104,1,0,472,0,867.605209351
2,"map(to: a)",64,64,104,1,0,3140,0,3230.798244476
2,"map(to: a)",64,64,104,1,0,183,0,618.600845337
2,"map(to: a)",64,64,104,1,0,28,0,483.500957489
2,"map(to: a)",64,64,104,1,0,71,0,522.506237030
2,"map(to: a)",64,64,104,1,0,1218,0,1513.648033142
2,"map(to: a)",64,64,104,1,0,294,0,717.949867249
2,"map(to: a)",64,64,104,1,0,1,0,460.445880890
2,"map(to: a)",64,64,104,1,0,7,0,464.642047882
2,"map(to: a)",64,64,104,1,0,1955,0,2186.608314514
2,"map(to: a)",64,64,104,1,0,758,0,1113.152503967
2,"map(to: a)",64,64,104,1,0,114,0,560.998916626
2,"map(to: a)",64,64,104,1,0,11,0,468.361377716
2,"map(to: a)",64,64,104,1,0,3,0,461.900234222
2,"map(to: a)",64,64,104,1,0,8096,0,7565.057277679
2,"map(to: a)",64,64,104,1,0,44,0,498.795509338
2,"map(to: a)",64,64,104,1,0,17,0,475.001335144
2,"map(to: a)",64,64,104,1,0,5042,0,4890.847206116
2,"map(to: a)",64,64,104,1,1,758,0,1111.650466919
2,"map(to: a)",64,64,104,1,1,3,0,461.804866791
2,"map(to: a)",64,64,104,1,1,3140,0,3184.306621552
2,"map(to: a)",64,64,104,1,1,1955,0,2152.395248413
2,"map(to: a)",64,64,104,1,1,44,0,504.100322723
2,"map(to: a)",64,64,104,1,1,17,0,475.251674652
2,"map(to: a)",64,64,104,1,1,294,0,717.306137085
2,"map(to: a)",64,64,104,1,1,28,0,484.359264374
2,"map(to: a)",64,64,104,1,1,114,0,558.340549469
2,"map(to: a)",64,64,104,1,1,2,0,460.994243622
2,"map(to: a)",64,64,104,1,1,7,0,465.250015259
2,"map(to: a)",64,64,104,1,1,183,0,618.398189545
2,"map(to: a)",64,64,104,1,1,8096,0,7597.291469574
2,"map(to: a)",64,64,104,1,1,11,0,468.850135803
2,"map(to: a)",64,64,104,1,1,1,0,460.898876190
2,"map(to: a)",64,64,104,1,1,1218,0,1530.539989471
2,"map(to: a)",64,64,104,1,1,472,0,865.399837494
2,"map(to: a)",64,64,104,1,1,71,0,522.398948669
2,"map(to: a)",64,64,104,1,1,5042,0,4852.950572968
2,"map(to: a)",64,64,104,1,1,4,0,463.247299194
2,"map(to: a)",64,64,104,1,2,2,0,461.196899414
2,"map(to: a)",64,64,104,1,2,71,0,522.100925446
2,"map(to: a)",64,64,104,1,2,17,0,474.691390991
2,"map(to: a)",64,64,104,1,2,472,0,874.245166779
2,"map(to: a)",64,64,104,1,2,5042,0,4799.449443817
2,"map(to: a)",64,64,104,1,2,28,0,484.907627106
2,"map(to: a)",64,64,104,1,2,44,0,499.701499939
2,"map(to: a)",64,64,104,1,2,1218,0,1517.593860626
2,"map(to: a)",64,64,104,1,2,4,0,463.593006134
2,"map(to: a)",64,64,104,1,2,1955,0,2155.649662018
2,"map(to: a)",64,64,104,1,2,183,0,619.292259216
2,"map(to: a)",64,64,104,1,2,7,0,465.595722198
2,"map(to: a)",64,64,104,1,2,758,0,1114.654541016
2,"map(to: a)",64,64,104,1,2,1,0,461.244583130
2,"map(to: a)",64,64,104,1,2,3140,0,3201.746940613
2,"map(to: a)",64,64,104,1,2,8096,0,7472.801208496
2,"map(to: a)",64,64,104,1,2,3,0,461.900234222
2,"map(to: a)",64,64,104,1,2,114,0,559.055805206
2,"map(to: a)",64,64,104,1,2,11,0,468.897819519
2,"map(to: a)",64,64,104,1,2,294,0,716.495513916
2,"map(to: a)",64,64,104,1,3,1,0,465.703010559
2,"map(to: a)",64,64,104,1,3,17,0,475.740432739
2,"map(to: a)",64,64,104,1,3,294,0,717.604160309
2,"map(to: a)",64,64,104,1,3,5042,0,4827.809333801
2,"map(to: a)",64,64,104,1,3,114,0,559.806823730
2,"map(to: a)",64,64,104,1,3,28,0,484.347343445
2,"map(to: a)",64,64,104,1,3,1218,0,1511.442661285
2,"map(to: a)",64,64,104,1,3,2,0,460.851192474
2,"map(to: a)",64,64,104,1,3,3,0,461.792945862
2,"map(to: a)",64,64,104,1,3,4,0,463.294982910
2,"map(to: a)",64,64,104,1,3,758,0,1120.209693909
2,"map(to: a)",64,64,104,1,3,11,0,469.446182251
2,"map(to: a)",64,64,104,1,3,44,0,499.093532562
2,"map(to: a)",64,64,104,1,3,472,0,870.442390442
2,"map(to: a)",64,64,104,1,3,7,0,465.142726898
2,"map(to: a)",64,64,104,1,3,1955,0,2189.254760742
2,"map(to: a)",64,64,104,1,3,71,0,522.160530090
2,"map(to: a)",64,64,104,1,3,183,0,621.104240417
2,"map(to: a)",64,64,104,1,3,8096,0,7490.003108978
2,"map(to: a)",64,64,104,1,3,3140,0,3166.246414185
2,"map(to: a)",64,64,104,1,4,472,0,874.197483063
2,"map(to: a)",64,64,104,1,4,71,0,521.409511566
2,"map(to: a)",64,64,104,1,4,1,0,460.791587830
2,"map(to: a)",64,64,104,1,4,11,0,469.195842743
2,"map(to: a)",64,64,104,1,4,4,0,463.354587555
2,"map(to: a)",64,64,104,1,4,3140,0,3202.557563782
2,"map(to: a)",64,64,104,1,4,28,0,484.299659729
2,"map(to: a)",64,64,104,1,4,1218,0,1518.797874451
2,"map(to: a)",64,64,104,1,4,2,0,461.256504059
2,"map(to: a)",64,64,104,1,4,183,0,619.554519653
2,"map(to: a)",64,64,104,1,4,5042,0,4846.847057343
2,"map(to: a)",64,64,104,1,4,114,0,561.106204987
2,"map(to: a)",64,64,104,1,4,3,0,461.304187775
2,"map(to: a)",64,64,104,1,4,44,0,498.855113983
2,"map(to: a)",64,64,104,1,4,758,0,1121.854782104
2,"map(to: a)",64,64,104,1,4,8096,0,7490.849494934
2,"map(to: a)",64,64,104,1,4,1955,0,2175.045013428
2,"map(to: a)",64,64,104,1,4,294,0,715.851783752
2,"map(to: a)",64,64,104,1,4,7,0,464.892387390
2,"map(to: a)",64,64,104,1,4,17,0,475.394725800
2,"map(to: a)",256,64,104,0,0,7,0,464.248657227
2,"map(to: a)",256,64,104,0,0,114,0,560.295581818
2,"map(to: a)",256,64,104,0,0,3,0,461.745262146
2,"map(to: a)",256,64,104,0,0,17,0,475.502014160
2,"map(to: a)",256,64,104,0,0,1,0,460.994243622
2,"map(to: a)",256,64,104,0,0,44,0,498.557090759
2,"map(to: a)",256,64,104,0,0,294,0,713.706016541
2,"map(to: a)",256,64,104,0,0,3140,0,3219.199180603
2,"map(to: a)",256,64,104,0,0,4,0,463.545322418
2,"map(to: a)",256,64,104,0,0,1955,0,2161.848545074
2,"map(to: a)",256,64,104,0,0,183,0,620.400905609
2,"map(to: a)",256,64,104,0,0,8096,0,7486.450672150
2,"map(to: a)",256,64,104,0,0,758,0,1124.453544617
2,"map(to: a)",256,64,104,0,0,71,0,522.994995117
2,"map(to: a)",256,64,104,0,0,2,0,461.351871490
2,"map(to: a)",256,64,104,0,0,11,0,469.005107880
2,"map(to: a)",256,64,104,0,0,28,0,483.906269073
2,"map(to: a)",256,64,104,0,0,5042,0,4914.700984955
2,"map(to: a)",256,64,104,0,0,1218,0,1521.348953247
2,"map(to: a)",256,64,104,0,0,472,0,868.141651154
2,"map(to: a)",256,64,104,0,1,4,0,464.200973511
2,"map(to: a)",256,64,104,0,1,1,0,461.149215698
2,"map(to: a)",256,64,104,0,1,17,0,475.049018860
2,"map(to: a)",256,64,104,0,1,28,0,484.991073608
2,"map(to: a)",256,64,104,0,1,11,0,469.195842743
2,"map(to: a)",256,64,104,0,1,3140,0,3215.789794922
2,"map(to: a)",256,64,104,0,1,2,0,461.351871490
2,"map(to: a)",256,64,104,0,1,758,0,1112.461090088
2,"map(to: a)",256,64,104,0,1,1218,0,1519.596576691
2,"map(to: a)",256,64,104,0,1,44,0,498.950481415
2,"map(to: a)",256,64,104,0,1,71,0,522.792339325
2,"map(to: a)",256,64,104,0,1,114,0,560.998916626
2,"map(to: a)",256,64,104,0,1,294,0,713.050365448
2,"map(to: a)",256,64,104,0,1,7,0,465.846061707
2,"map(to: a)",256,64,104,0,1,183,0,619.542598724
2,"map(to: a)",256,64,104,0,1,8096,0,7475.447654724
2,"map(to: a)",256,64,104,0,1,472,0,874.495506287
2,"map(to: a)",256,64,104,0,1,1955,0,2160.251140594
2,"map(to: a)",256,64,104,0,1,3,0,462.210178375
2,"map(to: a)",256,64,104,0,1,5042,0,4928.398132324
2,"map(to: a)",256,64,104,0,2,3,0,462.353229523
2,"map(to: a)",256,64,104,0,2,44,0,499.153137207
2,"map(to: a)",256,64,104,0,2,1,0,461.208820343
2,"map(to: a)",256,64,104,0,2,183,0,619.101524353
2,"map(to: a)",256,64,104,0,2,294,0,719.594955444
2,"map(to: a)",256,64,104,0,2,5042,0,4854.595661163
2,"map(to: a)",256,64,104,0,2,7,0,470.495223999
2,"map(to: a)",256,64,104,0,2,8096,0,7544.350624084
2,"map(to: a)",256,64,104,0,2,2,0,460.994243622
2,"map(to: a)",256,64,104,0,2,114,0,561.106204987
2,"map(to: a)",256,64,104,0,2,71,0,521.898269653
2,"map(to: a)",256,64,104,0,2,1955,0,2145.397663116
2,"map(to: a)",256,64,104,0,2,17,0,475.752353668
2,"map(to: a)",256,64,104,0,2,472,0,870.800018311
2,"map(to: a)",256,64,104,0,2,11,0,469.255447388
2,"map(to: a)",256,64,104,0,2,1218,0,1525.890827179
2,"map(to: a)",256,64,104,0,2,4,0,463.604927063
2,"map(to: a)",256,64,104,0,2,3140,0,3201.556205750
2,"map(to: a)",256,64,104,0,2,758,0,1122.701168060
2,"map(to: a)",256,64,104,0,2,28,0,483.846664429
2,"map(to: a)",256,64,104,0,3,11,0,469.458103180
2,"map(to: a)",256,64,104,0,3,4,0,463.497638702
2,"map(to: a)",256,64,104,0,3,5042,0,4844.999313354
2,"map(to: a)",256,64,104,0,3,183,0,621.151924133
2,"map(to: a)",256,64,104,0,3,17,0,475.692749023
2,"map(to: a)",256,64,104,0,3,3,0,461.745262146
2,"map(to: a)",256,64,104,0,3,28,0,484.800338745
2,"map(to: a)",256,64,104,0,3,1218,0,1511.693000793
2,"map(to: a)",256,64,104,0,3,114,0,560.593605042
2,"map(to: a)",256,64,104,0,3,758,0,1115.000247955
2,"map(to: a)",256,64,104,0,3,1955,0,2150.404453278
2,"map(to: a)",256,64,104,0,3,472,0,874.149799347
2,"map(to: a)",256,64,104,0,3,7,0,465.297698975
2,"map(to: a)",256,64,104,0,3,44,0,499.153137207
2,"map(to: a)",256,64,104,0,3,3140,0,3200.995922089
2,"map(to: a)",256,64,104,0,3,8096,0,7473.552227020
2,"map(to: a)",256,64,104,0,3,71,0,522.899627686
2,"map(to: a)",256,64,104,0,3,1,0,460.994243622
2,"map(to: a)",256,64,104,0,3,2,0,461.196899414
2,"map(to: a)",256,64,104,0,3,294,0,718.700885773
2,"map(to: a)",256,64,104,0,4,3,0,461.900234222
2,"map(to: a)",256,64,104,0,4,8096,0,7595.694065094
2,"map(to: a)",256,64,104,0,4,1,0,460.994243622
2,"map(to: a)",256,64,104,0,4,28,0,484.251976013
2,"map(to: a)",256,64,104,0,4,17,0,475.251674652
2,"map(to: a)",256,64,104,0,4,5042,0,4851.055145264
2,"map(to: a)",256,64,104,0,4,7,0,465.250015259
2,"map(to: a)",256,64,104,0,4,114,0,560.641288757
2,"map(to: a)",256,64,104,0,4,44,0,498.449802399
2,"map(to: a)",256,64,104,0,4,2,0,461.554527283
2,"map(to: a)",256,64,104,0,4,294,0,716.602802277
2,"map(to: a)",256,64,104,0,4,758,0,1115.858554840
2,"map(to: a)",256,64,104,0,4,183,0,619.697570801
2,"map(to: a)",256,64,104,0,4,4,0,463.545322418
2,"map(to: a)",256,64,104,0,4,1218,0,1513.206958771
2,"map(to: a)",256,64,104,0,4,71,0,523.197650909
2,"map(to: a)",256,64,104,0,4,1955,0,2137.553691864
2,"map(to: a)",256,64,104,0,4,11,0,468.897819519
2,"map(to: a)",256,64,104,0,4,472,0,870.847702026
2,"map(to: a)",256,64,104,0,4,3140,0,3184.902667999
2,"map(to: a)",256,64,104,1,0,2,0,461.196899414
2,"map(to: a)",256,64,104,1,0,4,0,463.795661926
2,"map(to: a)",256,64,104,1,0,472,0,868.451595306
2,"map(to: a)",256,64,104,1,0,3140,0,3227.353096008
2,"map(to: a)",256,64,104,1,0,183,0,618.851184845
2,"map(to: a)",256,64,104,1,0,28,0,484.204292297
2,"map(to: a)",256,64,104,1,0,71,0,522.994995117
2,"map(to: a)",256,64,104,1,0,1218,0,1519.191265106
2,"map(to: a)",256,64,104,1,0,294,0,718.951225281
2,"map(to: a)",256,64,104,1,0,1,0,461.554527283
2,"map(to: a)",256,64,104,1,0,7,0,465.595722198
2,"map(to: a)",256,64,104,1,0,1955,0,2167.248725891
2,"map(to: a)",256,64,104,1,0,758,0,1111.197471619
2,"map(to: a)",256,64,104,1,0,114,0,560.951232910
2,"map(to: a)",256,64,104,1,0,11,0,468.897819519
2,"map(to: a)",256,64,104,1,0,3,0,461.947917938
2,"map(to: a)",256,64,104,1,0,8096,0,7550.954818726
2,"map(to: a)",256,64,104,1,0,44,0,499.403476715
2,"map(to: a)",256,64,104,1,0,17,0,475.645065308
2,"map(to: a)",256,64,104,1,0,5042,0,4920.458793640
2,"map(to: a)",256,64,104,1,1,758,0,1116.847991943
2,"map(to: a)",256,64,104,1,1,3,0,461.947917938
2,"map(to: a)",256,64,104,1,1,3140,0,3203.654289246
2,"map(to: a)",256,64,104,1,1,1955,0,2154.099941254
2,"map(to: a)",256,64,104,1,1,44,0,500.249862671
2,"map(to: a)",256,64,104,1,1,17,0,475.347042084
2,"map(to: a)",256,64,104,1,1,294,0,714.600086212
2,"map(to: a)",256,64,104,1,1,28,0,484.895706177
2,"map(to: a)",256,64,104,1,1,114,0,558.900833130
2,"map(to: a)",256,64,104,1,1,2,0,460.648536682
2,"map(to: a)",256,64,104,1,1,7,0,465.500354767
2,"map(to: a)",256,64,104,1,1,183,0,617.349147797
2,"map(to: a)",256,64,104,1,1,8096,0,7566.106319427
2,"map(to: a)",256,64,104,1,1,11,0,468.897819519
2,"map(to: a)",256,64,104,1,1,1,0,461.053848267
2,"map(to: a)",256,64,104,1,1,1218,0,1527.190208435
2,"map(to: a)",256,64,104,1,1,472,0,866.854190826
2,"map(to: a)",256,64,104,1,1,71,0,522.446632385
2,"map(to: a)",256,64,104,1,1,5042,0,4846.799373627
2,"map(to: a)",256,64,104,1,1,4,0,462.996959686
2,"map(to: a)",256,64,104,1,2,2,0,461.006164551
2,"map(to: a)",256,64,104,1,2,71,0,523.102283478
2,"map(to: a)",256,64,104,1,2,17,0,475.203990936
2,"map(to: a)",256,64,104,1,2,472,0,876.200199127
2,"map(to: a)",256,64,104,1,2,5042,0,4802.954196930
2,"map(to: a)",256,64,104,1,2,28,0,484.502315521
2,"map(to: a)",256,64,104,1,2,44,0,498.747825623
2,"map(to: a)",256,64,104,1,2,1218,0,1512.253284454
2,"map(to: a)",256,64,104,1,2,4,0,463.593006134
2,"map(to: a)",256,64,104,1,2,1955,0,2169.203758240
2,"map(to: a)",256,64,104,1,2,183,0,619.947910309
2,"map(to: a)",256,64,104,1,2,7,0,465.750694275
2,"map(to: a)",256,64,104,1,2,758,0,1110.053062439
2,"map(to: a)",256,64,104,1,2,1,0,460.743904114
2,"map(to: a)",256,64,104,1,2,3140,0,3189.551830292
2,"map(to: a)",256,64,104,1,2,8096,0,7486.093044281
2,"map(to: a)",256,64,104,1,2,3,0,462.293624878
2,"map(to: a)",256,64,104,1,2,114,0,559.496879578
2,"map(to: a)",256,64,104,1,2,11,0,468.456745148
2,"map(to: a)",256,64,104,1,2,294,0,717.997550964
2,"map(to: a)",256,64,104,1,3,1,0,460.743904114
2,"map(to: a)",256,64,104,1,3,17,0,475.800037384
2,"map(to: a)",256,64,104,1,3,294,0,716.292858124
2,"map(to: a)",256,64,104,1,3,5042,0,4855.990409851
2,"map(to: a)",256,64,104,1,3,114,0,560.700893402
2,"map(to: a)",256,64,104,1,3,28,0,484.049320221
2,"map(to: a)",256,64,104,1,3,1218,0,1515.853404999
2,"map(to: a)",256,64,104,1,3,2,0,460.994243622
2,"map(to: a)",256,64,104,1,3,3,0,461.900234222
2,"map(to: a)",256,64,104,1,3,4,0,463.545322418
2,"map(to: a)",256,64,104,1,3,758,0,1120.853424072
2,"map(to: a)",256,64,104,1,3,11,0,468.039512634
2,"map(to: a)",256,64,104,1,3,44,0,498.640537262
2,"map(to: a)",256,64,104,1,3,472,0,867.950916290
2,"map(to: a)",256,64,104,1,3,7,0,465.250015259
2,"map(to: a)",256,64,104,1,3,1955,0,2164.947986603
2,"map(to: a)",256,64,104,1,3,71,0,521.552562714
2,"map(to: a)",256,64,104,1,3,183,0,620.400905609
2,"map(to: a)",256,64,104,1,3,8096,0,7541.298866272
2,"map(to: a)",256,64,104,1,3,3140,0,3171.455860138
2,"map(to: a)",256,64,104,1,4,472,0,871.694087982
2,"map(to: a)",256,64,104,1,4,71,0,521.945953369
2,"map(to: a)",256,64,104,1,4,1,0,461.101531982
2,"map(to: a)",256,64,104,1,4,11,0,468.647480011
2,"map(to: a)",256,64,104,1,4,4,0,463.950634003
2,"map(to: a)",256,64,104,1,4,3140,0,3201.448917389
2,"map(to: a)",256,64,104,1,4,28,0,484.299659729
2,"map(to: a)",256,64,104,1,4,1218,0,1516.354084015
2,"map(to: a)",256,64,104,1,4,2,0,460.600852966
2,"map(to: a)",256,64,104,1,4,183,0,623.095035553
2,"map(to: a)",256,64,104,1,4,5042,0,4857.754707336
2,"map(to: a)",256,64,104,1,4,114,0,561.404228210
2,"map(to: a)",256,64,104,1,4,3,0,461.304187775
2,"map(to: a)",256,64,104,1,4,44,0,499.200820923
2,"map(to: a)",256,64,104,1,4,758,0,1117.694377899
2,"map(to: a)",256,64,104,1,4,8096,0,7446.551322937
2,"map(to: a)",256,64,104,1,4,1955,0,2170.550823212
2,"map(to: a)",256,64,104,1,4,294,0,716.555118561
2,"map(to: a)",256,64,104,1,4,7,0,465.500354767
2,"map(to: a)",256,64,104,1,4,17,0,475.549697876
2,"map(to: a)",1024,64,104,0,0,7,0,471.794605255
2,"map(to: a)",1024,64,104,0,0,114,0,561.344623566
2,"map(to: a)",1024,64,104,0,0,3,0,463.056564331
2,"map(to: a)",1024,64,104,0,0,17,0,481.498241425
2,"map(to: a)",1024,64,104,0,0,1,0,463.104248047
2,"map(to: a)",1024,64,104,0,0,44,0,499.749183655
2,"map(to: a)",1024,64,104,0,0,294,0,716.257095337
2,"map(to: a)",1024,64,104,0,0,3140,0,3218.793869019
2,"map(to: a)",1024,64,104,0,0,4,0,464.057922363
2,"map(to: a)",1024,64,104,0,0,1955,0,2169.251441956
2,"map(to: a)",1024,64,104,0,0,183,0,620.055198669
2,"map(to: a)",1024,64,104,0,0,8096,0,7523.798942566
2,"map(to: a)",1024,64,104,0,0,758,0,1124.000549316
2,"map(to: a)",1024,64,104,0,0,71,0,523.293018341
2,"map(to: a)",1024,64,104,0,0,2,0,461.804866791
2,"map(to: a)",1024,64,104,0,0,11,0,470.900535583
2,"map(to: a)",1024,64,104,0,0,28,0,485.348701477
2,"map(to: a)",1024,64,104,0,0,5042,0,4878.497123718
2,"map(to: a)",1024,64,104,0,0,1218,0,1523.900032043
2,"map(to: a)",1024,64,104,0,0,472,0,870.156288147
2,"map(to: a)",1024,64,104,0,1,4,0,464.594364166
2,"map(to: a)",1024,64,104,0,1,1,0,463.747978210
2,"map(to: a)",1024,64,104,0,1,17,0,476.002693176
2,"map(to: a)",1024,64,104,0,1,28,0,486.302375793
2,"map(to: a)",1024,64,104,0,1,11,0,470.089912415
2,"map(to: a)",1024,64,104,0,1,3140,0,3193.306922913
2,"map(to: a)",1024,64,104,0,1,2,0,461.852550507
2,"map(to: a)",1024,64,104,0,1,758,0,1117.503643036
2,"map(to: a)",1024,64,104,0,1,1218,0,1526.653766632
2,"map(to: a)",1024,64,104,0,1,44,0,499.796867371
2,"map(to: a)",1024,64,104,0,1,71,0,523.650646210
2,"map(to: a)",1024,64,104,0,1,114,0,561.845302582
2,"map(to: a)",1024,64,104,0,1,294,0,716.257095337
2,"map(to: a)",1024,64,104,0,1,7,0,466.954708099
2,"map(to: a)",1024,64,104,0,1,183,0,621.390342712
2,"map(to: a)",1024,64,104,0,1,8096,0,7461.154460907
2,"map(to: a)",1024,64,104,0,1,472,0,875.997543335
2,"map(to: a)",1024,64,104,0,1,1955,0,2156.341075897
2,"map(to: a)",1024,64,104,0,1,3,0,463.199615479
2,"map(to: a)",1024,64,104,0,1,5042,0,4911.053180695
2,"map(to: a)",1024,64,104,0,2,3,0,462.794303894
2,"map(to: a)",1024,64,104,0,2,44,0,500.798225403
2,"map(to: a)",1024,64,104,0,2,1,0,463.151931763
2,"map(to: a)",1024,64,104,0,2,183,0,618.898868561
2,"map(to: a)",1024,64,104,0,2,294,0,718.200206757
2,"map(to: a)",1024,64,104,0,2,5042,0,4854.750633240
2,"map(to: a)",1024,64,104,0,2,7,0,466.346740723
2,"map(to: a)",1024,64,104,0,2,8096,0,7595.300674438
2,"map(to: a)",1024,64,104,0,2,2,0,462.198257446
2,"map(to: a)",1024,64,104,0,2,114,0,561.690330505
2,"map(to: a)",1024,64,104,0,2,71,0,523.006916046
2,"map(to: a)",1024,64,104,0,2,1955,0,2152.347564697
2,"map(to: a)",1024,64,104,0,2,17,0,477.206707001
2,"map(to: a)",1024,64,104,0,2,472,0,871.944427490
2,"map(to: a)",1024,64,104,0,2,11,0,470.352172852
2,"map(to: a)",1024,64,104,0,2,1218,0,1536.297798157
2,"map(to: a)",1024,64,104,0,2,4,0,464.355945587
2,"map(to: a)",1024,64,104,0,2,3140,0,3214.991092682
2,"map(to: a)",1024,64,104,0,2,758,0,1119.649410248
2,"map(to: a)",1024,64,104,0,2,28,0,484.490394592
2,"map(to: a)",1024,64,104,0,3,11,0,470.793247223
2,"map(to: a)",1024,64,104,0,3,4,0,465.250015259
2,"map(to: a)",1024,64,104,0,3,5042,0,4849.457740784
2,"map(to: a)",1024,64,104,0,3,183,0,621.902942657
2,"map(to: a)",1024,64,104,0,3,17,0,475.692749023
2,"map(to: a)",1024,64,104,0,3,3,0,463.294982910
2,"map(to: a)",1024,64,104,0,3,28,0,485.503673553
2,"map(to: a)",1024,64,104,0,3,1218,0,1510.000228882
2,"map(to: a)",1024,64,104,0,3,114,0,561.940670013
2,"map(to: a)",1024,64,104,0,3,758,0,1118.946075439
2,"map(to: a)",1024,64,104,0,3,1955,0,2155.101299286
2,"map(to: a)",1024,64,104,0,3,472,0,875.496864319
2,"map(to: a)",1024,64,104,0,3,7,0,466.001033783
2,"map(to: a)",1024,64,104,0,3,44,0,500.249862671
2,"map(to: a)",1024,64,104,0,3,3140,0,3207.039833069
2,"map(to: a)",1024,64,104,0,3,8096,0,7536.745071411
2,"map(to: a)",1024,64,104,0,3,71,0,523.710250854
2,"map(to: a)",1024,64,104,0,3,1,0,461.649894714
2,"map(to: a)",1024,64,104,0,3,2,0,461.351871490
2,"map(to: a)",1024,64,104,0,3,294,0,719.594955444
2,"map(to: a)",1024,64,104,0,4,3,0,463.044643402
2,"map(to: a)",1024,64,104,0,4,8096,0,7578.945159912
2,"map(to: a)",1024,64,104,0,4,1,0,462.293624878
2,"map(to: a)",1024,64,104,0,4,28,0,484.490394592
2,"map(to: a)",1024,64,104,0,4,17,0,476.551055908
2,"map(to: a)",1024,64,104,0,4,5042,0,4835.498332977
2,"map(to: a)",1024,64,104,0,4,7,0,466.048717499
2,"map(to: a)",1024,64,104,0,4,114,0,560.808181763
2,"map(to: a)",1024,64,104,0,4,44,0,499.296188354
2,"map(to: a)",1024,64,104,0,4,2,0,462.198257446
2,"map(to: a)",1024,64,104,0,4,294,0,718.009471893
2,"map(to: a)",1024,64,104,0,4,758,0,1117.193698883
2,"map(to: a)",1024,64,104,0,4,183,0,621.104240417
2,"map(to: a)",1024,64,104,0,4,4,0,464.749336243
2,"map(to: a)",1024,64,104,0,4,1218,0,1522.147655487
2,"map(to: a)",1024,64,104,0,4,71,0,524.055957794
2,"map(to: a)",1024,64,104,0,4,1955,0,2150.690555573
2,"map(to: a)",1024,64,104,0,4,11,0,469.946861267
2,"map(to: a)",1024,64,104,0,4,472,0,871.551036835
2,"map(to: a)",1024,64,104,0,4,3140,0,3178.310394287
2,"map(to: a)",1024,64,104,1,0,2,0,462.245941162
2,"map(to: a)",1024,64,104,1,0,4,0,464.451313019
2,"map(to: a)",1024,64,104,1,0,472,0,871.205329895
2,"map(to: a)",1024,64,104,1,0,3140,0,3224.647045135
2,"map(to: a)",1024,64,104,1,0,183,0,619.590282440
2,"map(to: a)",1024,64,104,1,0,28,0,485.849380493
2,"map(to: a)",1024,64,104,1,0,71,0,524.258613586
2,"map(to: a)",1024,64,104,1,0,1218,0,1514.446735382
2,"map(to: a)",1024,64,104,1,0,294,0,722.098350525
2,"map(to: a)",1024,64,104,1,0,1,0,462.651252747
2,"map(to: a)",1024,64,104,1,0,7,0,467.503070831
2,"map(to: a)",1024,64,104,1,0,1955,0,2185.046672821
2,"map(to: a)",1024,64,104,1,0,758,0,1112.806797028
2,"map(to: a)",1024,64,104,1,0,114,0,561.547279358
2,"map(to: a)",1024,64,104,1,0,11,0,470.447540283
2,"map(to: a)",1024,64,104,1,0,3,0,462.448596954
2,"map(to: a)",1024,64,104,1,0,8096,0,7595.896720886
2,"map(to: a)",1024,64,104,1,0,44,0,500.845909119
2,"map(to: a)",1024,64,104,1,0,17,0,476.253032684
2,"map(to: a)",1024,64,104,1,0,5042,0,4915.750026703
2,"map(to: a)",1024,64,104,1,1,758,0,1114.249229431
2,"map(to: a)",1024,64,104,1,1,3,0,463.449954987
2,"map(to: a)",1024,64,104,1,1,3140,0,3199.851512909
2,"map(to: a)",1024,64,104,1,1,1955,0,2163.445949554
2,"map(to: a)",1024,64,104,1,1,44,0,500.893592834
2,"map(to: a)",1024,64,104,1,1,17,0,477.099418640
2,"map(to: a)",1024,64,104,1,1,294,0,717.008113861
2,"map(to: a)",1024,64,104,1,1,28,0,485.801696777
2,"map(to: a)",1024,64,104,1,1,114,0,559.592247009
2,"map(to: a)",1024,64,104,1,1,2,0,462.496280670
2,"map(to: a)",1024,64,104,1,1,7,0,467.407703400
2,"map(to: a)",1024,64,104,1,1,183,0,619.995594025
2,"map(to: a)",1024,64,104,1,1,8096,0,7552.444934845
2,"map(to: a)",1024,64,104,1,1,11,0,470.650196075
2,"map(to: a)",1024,64,104,1,1,1,0,462.651252747
2,"map(to: a)",1024,64,104,1,1,1218,0,1535.201072693
2,"map(to: a)",1024,64,104,1,1,472,0,870.096683502
2,"map(to: a)",1024,64,104,1,1,71,0,524.151325226
2,"map(to: a)",1024,64,104,1,1,5042,0,4878.807067871
2,"map(to: a)",1024,64,104,1,1,4,0,464.797019958
2,"map(to: a)",1024,64,104,1,2,2,0,462.043285370
2,"map(to: a)",1024,64,104,1,2,71,0,523.900985718
2,"map(to: a)",1024,64,104,1,2,17,0,476.753711700
2,"map(to: a)",1024,64,104,1,2,472,0,881.099700928
2,"map(to: a)",1024,64,104,1,2,5042,0,4824.197292328
2,"map(to: a)",1024,64,104,1,2,28,0,486.004352570
2,"map(to: a)",1024,64,104,1,2,44,0,499.892234802
2,"map(to: a)",1024,64,104,1,2,1218,0,1504.850387573
2,"map(to: a)",1024,64,104,1,2,4,0,465.047359467
2,"map(to: a)",1024,64,104,1,2,1955,0,2160.298824310
2,"map(to: a)",1024,64,104,1,2,183,0,619.244575500
2,"map(to: a)",1024,64,104,1,2,7,0,467.646121979
2,"map(to: a)",1024,64,104,1,2,758,0,1113.045215607
2,"map(to: a)",1024,64,104,1,2,1,0,462.055206299
2,"map(to: a)",1024,64,104,1,2,3140,0,3186.345100403
2,"map(to: a)",1024,64,104,1,2,8096,0,7481.300830841
2,"map(to: a)",1024,64,104,1,2,3,0,462.996959686
2,"map(to: a)",1024,64,104,1,2,114,0,560.939311981
2,"map(to: a)",1024,64,104,1,2,11,0,470.352172852
2,"map(to: a)",1024,64,104,1,2,294,0,719.702243805
2,"map(to: a)",1024,64,104,1,3,1,0,461.494922638
2,"map(to: a)",1024,64,104,1,3,17,0,475.847721100
2,"map(to: a)",1024,64,104,1,3,294,0,717.055797577
2,"map(to: a)",1024,64,104,1,3,5042,0,4831.659793854
2,"map(to: a)",1024,64,104,1,3,114,0,562.107563019
2,"map(to: a)",1024,64,104,1,3,28,0,484.752655029
2,"map(to: a)",1024,64,104,1,3,1218,0,1517.605781555
2,"map(to: a)",1024,64,104,1,3,2,0,462.353229523
2,"map(to: a)",1024,64,104,1,3,3,0,462.949275970
2,"map(to: a)",1024,64,104,1,3,4,0,464.308261871
2,"map(to: a)",1024,64,104,1,3,758,0,1120.054721832
2,"map(to: a)",1024,64,104,1,3,11,0,469.505786896
2,"map(to: a)",1024,64,104,1,3,44,0,500.094890594
2,"map(to: a)",1024,64,104,1,3,472,0,872.051715851
2,"map(to: a)",1024,64,104,1,3,7,0,466.597080231
2,"map(to: a)",1024,64,104,1,3,1955,0,2176.690101624
2,"map(to: a)",1024,64,104,1,3,71,0,521.540641785
2,"map(to: a)",1024,64,104,1,3,183,0,622.248649597
2,"map(to: a)",1024,64,104,1,3,8096,0,7522.654533386
2,"map(to: a)",1024,64,104,1,3,3140,0,3191.256523132
2,"map(to: a)",1024,64,104,1,4,472,0,875.651836395
2,"map(to: a)",1024,64,104,1,4,71,0,522.851943970
2,"map(to: a)",1024,64,104,1,4,1,0,461.995601654
2,"map(to: a)",1024,64,104,1,4,11,0,469.791889191
2,"map(to: a)",1024,64,104,1,4,4,0,464.999675751
2,"map(to: a)",1024,64,104,1,4,3140,0,3221.404552460
2,"map(to: a)",1024,64,104,1,4,28,0,485.754013062
2,"map(to: a)",1024,64,104,1,4,1218,0,1513.493061066
2,"map(to: a)",1024,64,104,1,4,2,0,461.852550507
2,"map(to: a)",1024,64,104,1,4,183,0,619.959831238
2,"map(to: a)",1024,64,104,1,4,5042,0,4869.604110718
2,"map(to: a)",1024,64,104,1,4,114,0,560.998916626
2,"map(to: a)",1024,64,104,1,4,3,0,463.294982910
2,"map(to: a)",1024,64,104,1,4,44,0,500.249862671
2,"map(to: a)",1024,64,104,1,4,758,0,1123.297214508
2,"map(to: a)",1024,64,104,1,4,8096,0,7463.204860687
2,"map(to: a)",1024,64,104,1,4,1955,0,2166.557312012
2,"map(to: a)",1024,64,104,1,4,294,0,717.449188232
2,"map(to: a)",1024,64,104,1,4,7,0,466.692447662
2,"map(to: a)",1024,64,104,1,4,17,0,477.254390717
2,"map(to: a)",4096,64,104,0,0,7,0,471.854209900
2,"map(to: a)",4096,64,104,0,0,114,0,561.749935150
2,"map(to: a)",4096,64,104,0,0,3,0,463.807582855
2,"map(to: a)",4096,64,104,0,0,17,0,477.349758148
2,"map(to: a)",4096,64,104,0,0,1,0,462.341308594
2,"map(to: a)",4096,64,104,0,0,44,0,501.203536987
2,"map(to: a)",4096,64,104,0,0,294,0,715.994834900
2,"map(to: a)",4096,64,104,0,0,3140,0,3238.201141357
2,"map(to: a)",4096,64,104,0,0,4,0,464.749336243
2,"map(to: a)",4096,64,104,0,0,1955,0,2167.296409607
2,"map(to: a)",4096,64,104,0,0,183,0,621.247291565
2,"map(to: a)",4096,64,104,0,0,8096,0,7494.950294495
2,"map(to: a)",4096,64,104,0,0,758,0,1125.502586365
2,"map(to: a)",4096,64,104,0,0,71,0,524.449348450
2,"map(to: a)",4096,64,104,0,0,2,0,462.496280670
2,"map(to: a)",4096,64,104,0,0,11,0,470.745563507
2,"map(to: a)",4096,64,104,0,0,28,0,485.742092133
2,"map(to: a)",4096,64,104,0,0,5042,0,4897.701740265
2,"map(to: a)",4096,64,104,0,0,1218,0,1516.699790955
2,"map(to: a)",4096,64,104,0,0,472,0,868.296623230
2,"map(to: a)",4096,64,104,0,1,4,0,464.999675751
2,"map(to: a)",4096,64,104,0,1,1,0,462.198257446
2,"map(to: a)",4096,64,104,0,1,17,0,477.051734924
2,"map(to: a)",4096,64,104,0,1,28,0,486.445426941
2,"map(to: a)",4096,64,104,0,1,11,0,470.256805420
2,"map(to: a)",4096,64,104,0,1,3140,0,3203.594684601
2,"map(to: a)",4096,64,104,0,1,2,0,462.400913239
2,"map(to: a)",4096,64,104,0,1,758,0,1121.997833252
2,"map(to: a)",4096,64,104,0,1,1218,0,1526.451110840
2,"map(to: a)",4096,64,104,0,1,44,0,502.252578735
2,"map(to: a)",4096,64,104,0,1,71,0,525.295734406
2,"map(to: a)",4096,64,104,0,1,114,0,563.502311707
2,"map(to: a)",4096,64,104,0,1,294,0,715.148448944
2,"map(to: a)",4096,64,104,0,1,7,0,466.704368591
2,"map(to: a)",4096,64,104,0,1,183,0,622.093677521
2,"map(to: a)",4096,64,104,0,1,8096,0,7483.053207397
2,"map(to: a)",4096,64,104,0,1,472,0,876.307487488
2,"map(to: a)",4096,64,104,0,1,1955,0,2159.953117371
2,"map(to: a)",4096,64,104,0,1,3,0,462.996959686
2,"map(to: a)",4096,64,104,0,1,5042,0,4901.897907257
2,"map(to: a)",4096,64,104,0,2,3,0,463.044643402
2,"map(to: a)",4096,64,104,0,2,44,0,500.297546387
2,"map(to: a)",4096,64,104,0,2,1,0,462.853908539
2,"map(to: a)",4096,64,104,0,2,183,0,620.949268341
2,"map(to: a)",4096,64,104,0,2,294,0,720.453262329
2,"map(to: a)",4096,64,104,0,2,5042,0,4833.793640137
2,"map(to: a)",4096,64,104,0,2,7,0,466.847419739
2,"map(to: a)",4096,64,104,0,2,8096,0,7577.955722809
2,"map(to: a)",4096,64,104,0,2,2,0,462.102890015
2,"map(to: a)",4096,64,104,0,2,114,0,562.405586243
2,"map(to: a)",4096,64,104,0,2,71,0,523.400306702
2,"map(to: a)",4096,64,104,0,2,1955,0,2150.046825409
2,"map(to: a)",4096,64,104,0,2,17,0,476.944446564
2,"map(to: a)",4096,64,104,0,2,472,0,871.443748474
2,"map(to: a)",4096,64,104,0,2,11,0,470.197200775
2,"map(to: a)",4096,64,104,0,2,1218,0,1532.542705536
2,"map(to: a)",4096,64,104,0,2,4,0,465.297698975
2,"map(to: a)",4096,64,104,0,2,3140,0,3217.601776123
2,"map(to: a)",4096,64,104,0,2,758,0,1124.250888824
2,"map(to: a)",4096,64,104,0,2,28,0,485.658645630
2,"map(to: a)",4096,64,104,0,3,11,0,470.447540283
2,"map(to: a)",4096,64,104,0,3,4,0,465.250015259
2,"map(to: a)",4096,64,104,0,3,5042,0,4847.204685211
2,"map(to: a)",4096,64,104,0,3,183,0,623.297691345
2,"map(to: a)",4096,64,104,0,3,17,0,476.658344269
2,"map(to: a)",4096,64,104,0,3,3,0,463.807582855
2,"map(to: a)",4096,64,104,0,3,28,0,485.599040985
2,"map(to: a)",4096,64,104,0,3,1218,0,1515.448093414
2,"map(to: a)",4096,64,104,0,3,114,0,563.800334930
2,"map(to: a)",4096,64,104,0,3,758,0,1121.401786804
2,"map(to: a)",4096,64,104,0,3,1955,0,2154.242992401
2,"map(to: a)",4096,64,104,0,3,472,0,879.502296448
2,"map(to: a)",4096,64,104,0,3,7,0,466.454029083
2,"map(to: a)",4096,64,104,0,3,44,0,500.893592834
2,"map(to: a)",4096,64,104,0,3,3140,0,3187.346458435
2,"map(to: a)",4096,64,104,0,3,8096,0,7479.250431061
2,"map(to: a)",4096,64,104,0,3,71,0,525.248050690
2,"map(to: a)",4096,64,104,0,3,1,0,462.245941162
2,"map(to: a)",4096,64,104,0,3,2,0,462.651252747
2,"map(to: a)",4096,64,104,0,3,294,0,719.153881073
2,"map(to: a)",4096,64,104,0,4,3,0,463.557243347
2,"map(to: a)",4096,64,104,0,4,8096,0,7599.246501923
2,"map(to: a)",4096,64,104,0,4,1,0,463.259220123
2,"map(to: a)",4096,64,104,0,4,28,0,485.050678253
2,"map(to: a)",4096,64,104,0,4,17,0,476.956367493
2,"map(to: a)",4096,64,104,0,4,5042,0,4855.346679688
2,"map(to: a)",4096,64,104,0,4,7,0,466.954708099
2,"map(to: a)",4096,64,104,0,4,114,0,562.250614166
2,"map(to: a)",4096,64,104,0,4,44,0,500.750541687
2,"map(to: a)",4096,64,104,0,4,2,0,462.555885315
2,"map(to: a)",4096,64,104,0,4,294,0,718.903541565
2,"map(to: a)",4096,64,104,0,4,758,0,1123.297214508
2,"map(to: a)",4096,64,104,0,4,183,0,621.545314789
2,"map(to: a)",4096,64,104,0,4,4,0,465.250015259
2,"map(to: a)",4096,64,104,0,4,1218,0,1516.199111938
2,"map(to: a)",4096,64,104,0,4,71,0,524.103641510
2,"map(to: a)",4096,64,104,0,4,1955,0,2146.804332733
2,"map(to: a)",4096,64,104,0,4,11,0,476.598739624
2,"map(to: a)",4096,64,104,0,4,472,0,876.951217651
2,"map(to: a)",4096,64,104,0,4,3140,0,3179.395198822
2,"map(to: a)",4096,64,104,1,0,2,0,462.555885315
2,"map(to: a)",4096,64,104,1,0,4,0,464.594364166
2,"map(to: a)",4096,64,104,1,0,472,0,869.941711426
2,"map(to: a)",4096,64,104,1,0,3140,0,3216.660022736
2,"map(to: a)",4096,64,104,1,0,183,0,620.055198669
2,"map(to: a)",4096,64,104,1,0,28,0,485.849380493
2,"map(to: a)",4096,64,104,1,0,71,0,524.699687958
2,"map(to: a)",4096,64,104,1,0,1218,0,1514.399051666
2,"map(to: a)",4096,64,104,1,0,294,0,718.545913696
2,"map(to: a)",4096,64,104,1,0,1,0,462.758541107
2,"map(to: a)",4096,64,104,1,0,7,0,466.847419739
2,"map(to: a)",4096,64,104,1,0,1955,0,2179.646492004
2,"map(to: a)",4096,64,104,1,0,758,0,1116.847991943
2,"map(to: a)",4096,64,104,1,0,114,0,562.691688538
2,"map(to: a)",4096,64,104,1,0,11,0,470.054149628
2,"map(to: a)",4096,64,104,1,0,3,0,463.294982910
2,"map(to: a)",4096,64,104,1,0,8096,0,7561.755180359
2,"map(to: a)",4096,64,104,1,0,44,0,500.440597534
2,"map(to: a)",4096,64,104,1,0,17,0,476.896762848
2,"map(to: a)",4096,64,104,1,0,5042,0,4911.243915558
2,"map(to: a)",4096,64,104,1,1,758,0,1116.752624512
2,"map(to: a)",4096,64,104,1,1,3,0,463.390350342
2,"map(to: a)",4096,64,104,1,1,3140,0,3194.653987885
2,"map(to: a)",4096,64,104,1,1,1955,0,2152.240276337
2,"map(to: a)",4096,64,104,1,1,44,0,500.154495239
2,"map(to: a)",4096,64,104,1,1,17,0,476.896762848
2,"map(to: a)",4096,64,104,1,1,294,0,716.555118561
2,"map(to: a)",4096,64,104,1,1,28,0,485.908985138
2,"map(to: a)",4096,64,104,1,1,114,0,559.556484222
2,"map(to: a)",4096,64,104,1,1,2,0,462.746620178
2,"map(to: a)",4096,64,104,1,1,7,0,467.646121979
2,"map(to: a)",4096,64,104,1,1,183,0,620.949268341
2,"map(to: a)",4096,64,104,1,1,8096,0,7598.304748535
2,"map(to: a)",4096,64,104,1,1,11,0,471.007823944
2,"map(to: a)",4096,64,104,1,1,1,0,462.603569031
2,"map(to: a)",4096,64,104,1,1,1218,0,1533.401012421
2,"map(to: a)",4096,64,104,1,1,472,0,868.654251099
2,"map(to: a)",4096,64,104,1,1,71,0,523.650646210
2,"map(to: a)",4096,64,104,1,1,5042,0,4870.939254761
2,"map(to: a)",4096,64,104,1,1,4,0,464.999675751
2,"map(to: a)",4096,64,104,1,2,2,0,462.698936462
2,"map(to: a)",4096,64,104,1,2,71,0,524.151325226
2,"map(to: a)",4096,64,104,1,2,17,0,476.849079132
2,"map(to: a)",4096,64,104,1,2,472,0,873.994827271
2,"map(to: a)",4096,64,104,1,2,5042,0,4805.004596710
2,"map(to: a)",4096,64,104,1,2,28,0,485.944747925
2,"map(to: a)",4096,64,104,1,2,44,0,500.452518463
2,"map(to: a)",4096,64,104,1,2,1218,0,1513.957977295
2,"map(to: a)",4096,64,104,1,2,4,0,465.357303619
2,"map(to: a)",4096,64,104,1,2,1955,0,2153.742313385
2,"map(to: a)",4096,64,104,1,2,183,0,619.900226593
2,"map(to: a)",4096,64,104,1,2,7,0,467.145442963
2,"map(to: a)",4096,64,104,1,2,758,0,1116.955280304
2,"map(to: a)",4096,64,104,1,2,1,0,462.949275970
2,"map(to: a)",4096,64,104,1,2,3140,0,3205.549716949
2,"map(to: a)",4096,64,104,1,2,8096,0,7486.605644226
2,"map(to: a)",4096,64,104,1,2,3,0,463.950634003
2,"map(to: a)",4096,64,104,1,2,114,0,560.748577118
2,"map(to: a)",4096,64,104,1,2,11,0,469.899177551
2,"map(to: a)",4096,64,104,1,2,294,0,721.704959869
2,"map(to: a)",4096,64,104,1,3,1,0,463.247299194
2,"map(to: a)",4096,64,104,1,3,17,0,477.147102356
2,"map(to: a)",4096,64,104,1,3,294,0,718.057155609
2,"map(to: a)",4096,64,104,1,3,5042,0,4800.200462341
2,"map(to: a)",4096,64,104,1,3,114,0,562.095642090
2,"map(to: a)",4096,64,104,1,3,28,0,485.348701477
2,"map(to: a)",4096,64,104,1,3,1218,0,1509.451866150
2,"map(to: a)",4096,64,104,1,3,2,0,462.853908539
2,"map(to: a)",4096,64,104,1,3,3,0,463.294982910
2,"map(to: a)",4096,64,104,1,3,4,0,470.495223999
2,"map(to: a)",4096,64,104,1,3,758,0,1119.852066040
2,"map(to: a)",4096,64,104,1,3,11,0,470.399856567
2,"map(to: a)",4096,64,104,1,3,44,0,500.857830048
2,"map(to: a)",4096,64,104,1,3,472,0,872.647762299
2,"map(to: a)",4096,64,104,1,3,7,0,467.050075531
2,"map(to: a)",4096,64,104,1,3,1955,0,2181.899547577
2,"map(to: a)",4096,64,104,1,3,71,0,522.947311401
2,"map(to: a)",4096,64,104,1,3,183,0,622.546672821
2,"map(to: a)",4096,64,104,1,3,8096,0,7506.799697876
2,"map(to: a)",4096,64,104,1,3,3140,0,3174.602985382
2,"map(to: a)",4096,64,104,1,4,472,0,877.094268799
2,"map(to: a)",4096,64,104,1,4,71,0,524.699687958
2,"map(to: a)",4096,64,104,1,4,1,0,462.794303894
2,"map(to: a)",4096,64,104,1,4,11,0,470.697879791
2,"map(to: a)",4096,64,104,1,4,4,0,464.701652527
2,"map(to: a)",4096,64,104,1,4,3140,0,3204.047679901
2,"map(to: a)",4096,64,104,1,4,28,0,485.599040985
2,"map(to: a)",4096,64,104,1,4,1218,0,1516.056060791
2,"map(to: a)",4096,64,104,1,4,2,0,462.746620178
2,"map(to: a)",4096,64,104,1,4,183,0,621.044635773
2,"map(to: a)",4096,64,104,1,4,5042,0,4829.144477844
2,"map(to: a)",4096,64,104,1,4,114,0,562.298297882
2,"map(to: a)",4096,64,104,1,4,3,0,462.901592255
2,"map(to: a)",4096,64,104,1,4,44,0,501.000881195
2,"map(to: a)",4096,64,104,1,4,758,0,1121.854782104
2,"map(to: a)",4096,64,104,1,4,8096,0,7510.042190552
2,"map(to: a)",4096,64,104,1,4,1955,0,2177.500724792
2,"map(to: a)",4096,64,104,1,4,294,0,717.353820801
2,"map(to: a)",4096,64,104,1,4,7,0,466.799736023
2,"map(to: a)",4096,64,104,1,4,17,0,477.099418640
2,"map(to: a)",16384,64,104,0,0,7,0,474.298000336
2,"map(to: a)",16384,64,104,0,0,114,0,565.695762634
2,"map(to: a)",16384,64,104,0,0,3,0,466.394424438
2,"map(to: a)",16384,64,104,0,0,17,0,479.102134705
2,"map(to: a)",16384,64,104,0,0,1,0,465.643405914
2,"map(to: a)",16384,64,104,0,0,44,0,504.243373871
2,"map(to: a)",16384,64,104,0,0,294,0,719.106197357
2,"map(to: a)",16384,64,104,0,0,3140,0,3213.953971863
2,"map(to: a)",16384,64,104,0,0,4,0,468.456745148
2,"map(to: a)",16384,64,104,0,0,1955,0,2182.888984680
2,"map(to: a)",16384,64,104,0,0,183,0,625.455379486
2,"map(to: a)",16384,64,104,0,0,8096,0,7479.095458984
2,"map(to: a)",16384,64,104,0,0,758,0,1123.094558716
2,"map(to: a)",16384,64,104,0,0,71,0,525.605678558
2,"map(to: a)",16384,64,104,0,0,2,0,464.797019958
2,"map(to: a)",16384,64,104,0,0,11,0,473.594665527
2,"map(to: a)",16384,64,104,0,0,28,0,487.601757050
2,"map(to: a)",16384,64,104,0,0,5042,0,4883.706569672
2,"map(to: a)",16384,64,104,0,0,1218,0,1527.154445648
2,"map(to: a)",16384,64,104,0,0,472,0,872.254371643
2,"map(to: a)",16384,64,104,0,1,4,0,467.741489410
2,"map(to: a)",16384,64,104,0,1,1,0,464.797019958
2,"map(to: a)",16384,64,104,0,1,17,0,478.851795197
2,"map(to: a)",16384,64,104,0,1,28,0,489.401817322
2,"map(to: a)",16384,64,104,0,1,11,0,472.748279572
2,"map(to: a)",16384,64,104,0,1,3140,0,3202.700614929
2,"map(to: a)",16384,64,104,0,1,2,0,464.940071106
2,"map(to: a)",16384,64,104,0,1,758,0,1120.996475220
2,"map(to: a)",16384,64,104,0,1,1218,0,1529.705524445
2,"map(to: a)",16384,64,104,0,1,44,0,503.003597260
2,"map(to: a)",16384,64,104,0,1,71,0,525.605678558
2,"map(to: a)",16384,64,104,0,1,114,0,564.992427826
2,"map(to: a)",16384,64,104,0,1,294,0,716.948509216
2,"map(to: a)",16384,64,104,0,1,7,0,469.446182251
2,"map(to: a)",16384,64,104,0,1,183,0,622.904300690
2,"map(to: a)",16384,64,104,0,1,8096,0,7449.209690094
2,"map(to: a)",16384,64,104,0,1,472,0,877.547264099
2,"map(to: a)",16384,64,104,0,1,1955,0,2163.350582123
2,"map(to: a)",16384,64,104,0,1,3,0,466.251373291
2,"map(to: a)",16384,64,104,0,1,5042,0,4903.149604797
2,"map(to: a)",16384,64,104,0,2,3,0,465.655326843
2,"map(to: a)",16384,64,104,0,2,44,0,502.800941467
2,"map(to: a)",16384,64,104,0,2,1,0,465.691089630
2,"map(to: a)",16384,64,104,0,2,183,0,624.299049377
2,"map(to: a)",16384,64,104,0,2,294,0,721.800327301
2,"map(to: a)",16384,64,104,0,2,5042,0,4870.998859406
2,"map(to: a)",16384,64,104,0,2,7,0,469.195842743
2,"map(to: a)",16384,64,104,0,2,8096,0,7614.350318909
2,"map(to: a)",16384,64,104,0,2,2,0,464.951992035
2,"map(to: a)",16384,64,104,0,2,114,0,564.897060394
2,"map(to: a)",16384,64,104,0,2,71,0,531.744956970
2,"map(to: a)",16384,64,104,0,2,1955,0,2157.843112946
2,"map(to: a)",16384,64,104,0,2,17,0,479.698181152
2,"map(to: a)",16384,64,104,0,2,472,0,874.590873718
2,"map(to: a)",16384,64,104,0,2,11,0,472.497940063
2,"map(to: a)",16384,64,104,0,2,1218,0,1533.305644989
2,"map(to: a)",16384,64,104,0,2,4,0,467.753410339
2,"map(to: a)",16384,64,104,0,2,3140,0,3196.692466736
2,"map(to: a)",16384,64,104,0,2,758,0,1125.001907349
2,"map(to: a)",16384,64,104,0,2,28,0,488.293170929
2,"map(to: a)",16384,64,104,0,3,11,0,473.654270172
2,"map(to: a)",16384,64,104,0,3,4,0,467.944145203
2,"map(to: a)",16384,64,104,0,3,5042,0,4847.192764282
2,"map(to: a)",16384,64,104,0,3,183,0,626.349449158
2,"map(to: a)",16384,64,104,0,3,17,0,480.055809021
2,"map(to: a)",16384,64,104,0,3,3,0,466.644763947
2,"map(to: a)",16384,64,104,0,3,28,0,488.853454590
2,"map(to: a)",16384,64,104,0,3,1218,0,1515.543460846
2,"map(to: a)",16384,64,104,0,3,114,0,565.147399902
2,"map(to: a)",16384,64,104,0,3,758,0,1121.211051941
2,"map(to: a)",16384,64,104,0,3,1955,0,2156.102657318
2,"map(to: a)",16384,64,104,0,3,472,0,879.991054535
2,"map(to: a)",16384,64,104,0,3,7,0,470.042228699
2,"map(to: a)",16384,64,104,0,3,44,0,503.551959991
2,"map(to: a)",16384,64,104,0,3,3140,0,3208.696842194
2,"map(to: a)",16384,64,104,0,3,8096,0,7443.952560425
2,"map(to: a)",16384,64,104,0,3,71,0,527.250766754
2,"map(to: a)",16384,64,104,0,3,1,0,465.500354767
2,"map(to: a)",16384,64,104,0,3,2,0,465.154647827
2,"map(to: a)",16384,64,104,0,3,294,0,723.993778229
2,"map(to: a)",16384,64,104,0,4,3,0,466.704368591
2,"map(to: a)",16384,64,104,0,4,8096,0,7561.099529266
2,"map(to: a)",16384,64,104,0,4,1,0,465.989112854
2,"map(to: a)",16384,64,104,0,4,28,0,488.400459290
2,"map(to: a)",16384,64,104,0,4,17,0,480.043888092
2,"map(to: a)",16384,64,104,0,4,5042,0,4861.009120941
2,"map(to: a)",16384,64,104,0,4,7,0,470.197200775
2,"map(to: a)",16384,64,104,0,4,114,0,565.958023071
2,"map(to: a)",16384,64,104,0,4,44,0,502.705574036
2,"map(to: a)",16384,64,104,0,4,2,0,465.500354767
2,"map(to: a)",16384,64,104,0,4,294,0,720.000267029
2,"map(to: a)",16384,64,104,0,4,758,0,1121.342182159
2,"map(to: a)",16384,64,104,0,4,183,0,626.301765442
2,"map(to: a)",16384,64,104,0,4,4,0,468.492507935
2,"map(to: a)",16384,64,104,0,4,1218,0,1520.144939423
2,"map(to: a)",16384,64,104,0,4,71,0,528.252124786
2,"map(to: a)",16384,64,104,0,4,1955,0,2136.397361755
2,"map(to: a)",16384,64,104,0,4,11,0,473.999977112
2,"map(to: a)",16384,64,104,0,4,472,0,874.102115631
2,"map(to: a)",16384,64,104,0,4,3140,0,3172.099590302
2,"map(to: a)",16384,64,104,1,0,2,0,465.798377991
2,"map(to: a)",16384,64,104,1,0,4,0,468.599796295
2,"map(to: a)",16384,64,104,1,0,472,0,873.398780823
2,"map(to: a)",16384,64,104,1,0,3140,0,3213.798999786
2,"map(to: a)",16384,64,104,1,0,183,0,622.093677521
2,"map(to: a)",16384,64,104,1,0,28,0,488.603115082
2,"map(to: a)",16384,64,104,1,0,71,0,528.049468994
2,"map(to: a)",16384,64,104,1,0,1218,0,1526.093482971
2,"map(to: a)",16384,64,104,1,0,294,0,721.049308777
2,"map(to: a)",16384,64,104,1,0,1,0,465.297698975
2,"map(to: a)",16384,64,104,1,0,7,0,469.350814819
2,"map(to: a)",16384,64,104,1,0,1955,0,2182.042598724
2,"map(to: a)",16384,64,104,1,0,758,0,1117.706298828
2,"map(to: a)",16384,64,104,1,0,114,0,565.350055695
2,"map(to: a)",16384,64,104,1,0,11,0,473.260879517
2,"map(to: a)",16384,64,104,1,0,3,0,465.548038483
2,"map(to: a)",16384,64,104,1,0,8096,0,7562.541961670
2,"map(to: a)",16384,64,104,1,0,44,0,502.502918243
2,"map(to: a)",16384,64,104,1,0,17,0,479.352474213
2,"map(to: a)",16384,64,104,1,0,5042,0,4896.497726440
2,"map(to: a)",16384,64,104,1,1,758,0,1117.491722107
2,"map(to: a)",16384,64,104,1,1,3,0,466.454029083
2,"map(to: a)",16384,64,104,1,1,3140,0,3204.393386841
2,"map(to: a)",16384,64,104,1,1,1955,0,2154.648303986
2,"map(to: a)",16384,64,104,1,1,44,0,503.253936768
2,"map(to: a)",16384,64,104,1,1,17,0,479.447841644
2,"map(to: a)",16384,64,104,1,1,294,0,721.001625061
2,"map(to: a)",16384,64,104,1,1,28,0,488.448143005
2,"map(to: a)",16384,64,104,1,1,114,0,563.001632690
2,"map(to: a)",16384,64,104,1,1,2,0,464.701652527
2,"map(to: a)",16384,64,104,1,1,7,0,469.553470612
2,"map(to: a)",16384,64,104,1,1,183,0,623.357295990
2,"map(to: a)",16384,64,104,1,1,8096,0,7563.948631287
2,"map(to: a)",16384,64,104,1,1,11,0,472.903251648
2,"map(to: a)",16384,64,104,1,1,1,0,464.951992035
2,"map(to: a)",16384,64,104,1,1,1218,0,1534.199714661
2,"map(to: a)",16384,64,104,1,1,472,0,871.753692627
2,"map(to: a)",16384,64,104,1,1,71,0,526.297092438
2,"map(to: a)",16384,64,104,1,1,5042,0,4861.843585968
2,"map(to: a)",16384,64,104,1,1,4,0,467.360019684
2,"map(to: a)",16384,64,104,1,2,2,0,465.500354767
2,"map(to: a)",16384,64,104,1,2,71,0,526.654720306
2,"map(to: a)",16384,64,104,1,2,17,0,479.257106781
2,"map(to: a)",16384,64,104,1,2,472,0,880.253314972
2,"map(to: a)",16384,64,104,1,2,5042,0,4802.894592285
2,"map(to: a)",16384,64,104,1,2,28,0,487.899780273
2,"map(to: a)",16384,64,104,1,2,44,0,503.206253052
2,"map(to: a)",16384,64,104,1,2,1218,0,1520.597934723
2,"map(to: a)",16384,64,104,1,2,4,0,468.349456787
2,"map(to: a)",16384,64,104,1,2,1955,0,2166.688442230
2,"map(to: a)",16384,64,104,1,2,183,0,622.606277466
2,"map(to: a)",16384,64,104,1,2,7,0,469.851493835
2,"map(to: a)",16384,64,104,1,2,758,0,1117.205619812
2,"map(to: a)",16384,64,104,1,2,1,0,465.440750122
2,"map(to: a)",16384,64,104,1,2,3140,0,3202.247619629
2,"map(to: a)",16384,64,104,1,2,8096,0,7522.606849670
2,"map(to: a)",16384,64,104,1,2,3,0,467.002391815
2,"map(to: a)",16384,64,104,1,2,114,0,564.157962799
2,"map(to: a)",16384,64,104,1,2,11,0,472.998619080
2,"map(to: a)",16384,64,104,1,2,294,0,721.454620361
2,"map(to: a)",16384,64,104,1,3,1,0,464.951992035
2,"map(to: a)",16384,64,104,1,3,17,0,479.745864868
2,"map(to: a)",16384,64,104,1,3,294,0,721.156597137
2,"map(to: a)",16384,64,104,1,3,5042,0,4837.846755981
2,"map(to: a)",16384,64,104,1,3,114,0,565.099716187
2,"map(to: a)",16384,64,104,1,3,28,0,487.542152405
2,"map(to: a)",16384,64,104,1,3,1218,0,1513.850688934
2,"map(to: a)",16384,64,104,1,3,2,0,465.846061707
2,"map(to: a)",16384,64,104,1,3,3,0,465.643405914
2,"map(to: a)",16384,64,104,1,3,4,0,467.753410339
2,"map(to: a)",16384,64,104,1,3,758,0,1126.742362976
2,"map(to: a)",16384,64,104,1,3,11,0,472.247600555
2,"map(to: a)",16384,64,104,1,3,44,0,503.349304199
2,"map(to: a)",16384,64,104,1,3,472,0,873.446464539
2,"map(to: a)",16384,64,104,1,3,7,0,469.100475311
2,"map(to: a)",16384,64,104,1,3,1955,0,2190.399169922
2,"map(to: a)",16384,64,104,1,3,71,0,525.403022766
2,"map(to: a)",16384,64,104,1,3,183,0,624.990463257
2,"map(to: a)",16384,64,104,1,3,8096,0,7526.552677155
2,"map(to: a)",16384,64,104,1,3,3140,0,3157.496452332
2,"map(to: a)",16384,64,104,1,4,472,0,878.405570984
2,"map(to: a)",16384,64,104,1,4,71,0,526.404380798
2,"map(to: a)",16384,64,104,1,4,1,0,464.951992035
2,"map(to: a)",16384,64,104,1,4,11,0,472.950935364
2,"map(to: a)",16384,64,104,1,4,4,0,467.157363892
2,"map(to: a)",16384,64,104,1,4,3140,0,3218.603134155
2,"map(to: a)",16384,64,104,1,4,28,0,488.352775574
2,"map(to: a)",16384,64,104,1,4,1218,0,1519.143581390
2,"map(to: a)",16384,64,104,1,4,2,0,465.297698975
2,"map(to: a)",16384,64,104,1,4,183,0,623.750686646
2,"map(to: a)",16384,64,104,1,4,5042,0,4878.795146942
2,"map(to: a)",16384,64,104,1,4,114,0,564.551353455
2,"map(to: a)",16384,64,104,1,4,3,0,465.452671051
2,"map(to: a)",16384,64,104,1,4,44,0,503.599643707
2,"map(to: a)",16384,64,104,1,4,758,0,1122.701168060
2,"map(to: a)",16384,64,104,1,4,8096,0,7471.859455109
2,"map(to: a)",16384,64,104,1,4,1955,0,2184.951305389
2,"map(to: a)",16384,64,104,1,4,294,0,720.798969269
2,"map(to: a)",16384,64,104,1,4,7,0,468.945503235
2,"map(to: a)",16384,64,104,1,4,17,0,479.149818420
2,"map(to: a)",65536,64,104,0,0,7,0,492.799282074
2,"map(to: a)",65536,64,104,0,0,114,0,582.695007324
2,"map(to: a)",65536,64,104,0,0,3,0,483.703613281
2,"map(to: a)",65536,64,104,0,0,17,0,497.448444366
2,"map(to: a)",65536,64,104,0,0,1,0,482.642650604
2,"map(to: a)",65536,64,104,0,0,44,0,521.600246429
2,"map(to: a)",65536,64,104,0,0,294,0,737.440586090
2,"map(to: a)",65536,64,104,0,0,3140,0,3244.590759277
2,"map(to: a)",65536,64,104,0,0,4,0,485.002994537
2,"map(to: a)",65536,64,104,0,0,1955,0,2187.943458557
2,"map(to: a)",65536,64,104,0,0,183,0,641.453266144
2,"map(to: a)",65536,64,104,0,0,8096,0,7502.508163452
2,"map(to: a)",65536,64,104,0,0,758,0,1146.697998047
2,"map(to: a)",65536,64,104,0,0,71,0,544.595718384
2,"map(to: a)",65536,64,104,0,0,2,0,482.845306396
2,"map(to: a)",65536,64,104,0,0,11,0,491.011142731
2,"map(to: a)",65536,64,104,0,0,28,0,505.554676056
2,"map(to: a)",65536,64,104,0,0,5042,0,4925.501346588
2,"map(to: a)",65536,64,104,0,0,1218,0,1540.255546570
2,"map(to: a)",65536,64,104,0,0,472,0,892.150402069
2,"map(to: a)",65536,64,104,0,1,4,0,484.740734100
2,"map(to: a)",65536,64,104,0,1,1,0,481.045246124
2,"map(to: a)",65536,64,104,0,1,17,0,495.600700378
2,"map(to: a)",65536,64,104,0,1,28,0,504.803657532
2,"map(to: a)",65536,64,104,0,1,11,0,488.996505737
2,"map(to: a)",65536,64,104,0,1,3140,0,3242.146968842
2,"map(to: a)",65536,64,104,0,1,2,0,481.700897217
2,"map(to: a)",65536,64,104,0,1,758,0,1136.493682861
2,"map(to: a)",65536,64,104,0,1,1218,0,1538.443565369
2,"map(to: a)",65536,64,104,0,1,44,0,518.548488617
2,"map(to: a)",65536,64,104,0,1,71,0,543.057918549
2,"map(to: a)",65536,64,104,0,1,114,0,581.049919128
2,"map(to: a)",65536,64,104,0,1,294,0,733.709335327
2,"map(to: a)",65536,64,104,0,1,7,0,485.610961914
2,"map(to: a)",65536,64,104,0,1,183,0,641.047954559
2,"map(to: a)",65536,64,104,0,1,8096,0,7484.996318817
2,"map(to: a)",65536,64,104,0,1,472,0,892.508029938
2,"map(to: a)",65536,64,104,0,1,1955,0,2175.092697144
2,"map(to: a)",65536,64,104,0,1,3,0,482.189655304
2,"map(to: a)",65536,64,104,0,1,5042,0,4947.698116302
2,"map(to: a)",65536,64,104,0,2,3,0,482.356548309
2,"map(to: a)",65536,64,104,0,2,44,0,519.347190857
2,"map(to: a)",65536,64,104,0,2,1,0,481.593608856
2,"map(to: a)",65536,64,104,0,2,183,0,639.855861664
2,"map(to: a)",65536,64,104,0,2,294,0,738.048553467
2,"map(to: a)",65536,64,104,0,2,5042,0,4872.250556946
2,"map(to: a)",65536,64,104,0,2,7,0,486.004352570
2,"map(to: a)",65536,64,104,0,2,8096,0,7648.360729218
2,"map(to: a)",65536,64,104,0,2,2,0,481.247901917
2,"map(to: a)",65536,64,104,0,2,114,0,581.550598145
2,"map(to: a)",65536,64,104,0,2,71,0,542.044639587
2,"map(to: a)",65536,64,104,0,2,1955,0,2165.246009827
2,"map(to: a)",65536,64,104,0,2,17,0,496.196746826
2,"map(to: a)",65536,64,104,0,2,472,0,890.958309174
2,"map(to: a)",65536,64,104,0,2,11,0,490.152835846
2,"map(to: a)",65536,64,104,0,2,1218,0,1549.196243286
2,"map(to: a)",65536,64,104,0,2,4,0,483.846664429
2,"map(to: a)",65536,64,104,0,2,3140,0,3223.395347595
2,"map(to: a)",65536,64,104,0,2,758,0,1138.854026794
2,"map(to: a)",65536,64,104,0,2,28,0,504.648685455
2,"map(to: a)",65536,64,104,0,3,11,0,490.105152130
2,"map(to: a)",65536,64,104,0,3,4,0,485.002994537
2,"map(to: a)",65536,64,104,0,3,5042,0,4864.895343781
2,"map(to: a)",65536,64,104,0,3,183,0,643.301010132
2,"map(to: a)",65536,64,104,0,3,17,0,496.149063110
2,"map(to: a)",65536,64,104,0,3,3,0,482.404232025
2,"map(to: a)",65536,64,104,0,3,28,0,505.542755127
2,"map(to: a)",65536,64,104,0,3,1218,0,1534.652709961
2,"map(to: a)",65536,64,104,0,3,114,0,581.502914429
2,"map(to: a)",65536,64,104,0,3,758,0,1139.044761658
2,"map(to: a)",65536,64,104,0,3,1955,0,2164.399623871
2,"map(to: a)",65536,64,104,0,3,472,0,895.798206329
2,"map(to: a)",65536,64,104,0,3,7,0,486.493110657
2,"map(to: a)",65536,64,104,0,3,44,0,519.096851349
2,"map(to: a)",65536,64,104,0,3,3140,0,3218.901157379
2,"map(to: a)",65536,64,104,0,3,8096,0,7503.104209900
2,"map(to: a)",65536,64,104,0,3,71,0,543.642044067
2,"map(to: a)",65536,64,104,0,3,1,0,482.201576233
2,"map(to: a)",65536,64,104,0,3,2,0,481.498241425
2,"map(to: a)",65536,64,104,0,3,294,0,739.800930023
2,"map(to: a)",65536,64,104,0,4,3,0,482.702255249
2,"map(to: a)",65536,64,104,0,4,8096,0,7618.200778961
2,"map(to: a)",65536,64,104,0,4,1,0,482.451915741
2,"map(to: a)",65536,64,104,0,4,28,0,503.897666931
2,"map(to: a)",65536,64,104,0,4,17,0,496.399402618
2,"map(to: a)",65536,64,104,0,4,5042,0,4861.402511597
2,"map(to: a)",65536,64,104,0,4,7,0,486.159324646
2,"map(to: a)",65536,64,104,0,4,114,0,582.051277161
2,"map(to: a)",65536,64,104,0,4,44,0,519.597530365
2,"map(to: a)",65536,64,104,0,4,2,0,481.998920441
2,"map(to: a)",65536,64,104,0,4,294,0,738.859176636
2,"map(to: a)",65536,64,104,0,4,758,0,1133.000850677
2,"map(to: a)",65536,64,104,0,4,183,0,640.797615051
2,"map(to: a)",65536,64,104,0,4,4,0,484.597682953
2,"map(to: a)",65536,64,104,0,4,1218,0,1535.546779633
2,"map(to: a)",65536,64,104,0,4,71,0,543.653964996
2,"map(to: a)",65536,64,104,0,4,1955,0,2159.750461578
2,"map(to: a)",65536,64,104,0,4,11,0,489.401817322
2,"map(to: a)",65536,64,104,0,4,472,0,890.457630157
2,"map(to: a)",65536,64,104,0,4,3140,0,3198.099136353
2,"map(to: a)",65536,64,104,1,0,2,0,482.249259949
2,"map(to: a)",65536,64,104,1,0,4,0,484.549999237
2,"map(to: a)",65536,64,104,1,0,472,0,889.694690704
2,"map(to: a)",65536,64,104,1,0,3140,0,3256.797790527
2,"map(to: a)",65536,64,104,1,0,183,0,638.902187347
2,"map(to: a)",65536,64,104,1,0,28,0,504.851341248
2,"map(to: a)",65536,64,104,1,0,71,0,543.057918549
2,"map(to: a)",65536,64,104,1,0,1218,0,1533.699035645
2,"map(to: a)",65536,64,104,1,0,294,0,740.659236908
2,"map(to: a)",65536,64,104,1,0,1,0,481.796264648
2,"map(to: a)",65536,64,104,1,0,7,0,486.159324646
2,"map(to: a)",65536,64,104,1,0,1955,0,2187.895774841
2,"map(to: a)",65536,64,104,1,0,758,0,1128.947734833
2,"map(to: a)",65536,64,104,1,0,114,0,581.252574921
2,"map(to: a)",65536,64,104,1,0,11,0,489.449501038
2,"map(to: a)",65536,64,104,1,0,3,0,482.857227325
2,"map(to: a)",65536,64,104,1,0,8096,0,7576.847076416
2,"map(to: a)",65536,64,104,1,0,44,0,520.145893097
2,"map(to: a)",65536,64,104,1,0,17,0,496.149063110
2,"map(to: a)",65536,64,104,1,0,5042,0,4908.204078674
2,"map(to: a)",65536,64,104,1,1,758,0,1133.954524994
2,"map(to: a)",65536,64,104,1,1,3,0,482.499599457
2,"map(to: a)",65536,64,104,1,1,3140,0,3222.894668579
2,"map(to: a)",65536,64,104,1,1,1955,0,2186.703681946
2,"map(to: a)",65536,64,104,1,1,44,0,519.156455994
2,"map(to: a)",65536,64,104,1,1,17,0,495.898723602
2,"map(to: a)",65536,64,104,1,1,294,0,735.747814178
2,"map(to: a)",65536,64,104,1,1,28,0,505.053997040
2,"map(to: a)",65536,64,104,1,1,114,0,579.595565796
2,"map(to: a)",65536,64,104,1,1,2,0,481.748580933
2,"map(to: a)",65536,64,104,1,1,7,0,486.302375793
2,"map(to: a)",65536,64,104,1,1,183,0,638.806819916
2,"map(to: a)",65536,64,104,1,1,8096,0,7580.149173737
2,"map(to: a)",65536,64,104,1,1,11,0,489.103794098
2,"map(to: a)",65536,64,104,1,1,1,0,481.450557709
2,"map(to: a)",65536,64,104,1,1,1218,0,1547.145843506
2,"map(to: a)",65536,64,104,1,1,472,0,887.846946716
2,"map(to: a)",65536,64,104,1,1,71,0,543.951988220
2,"map(to: a)",65536,64,104,1,1,5042,0,4893.648624420
2,"map(to: a)",65536,64,104,1,1,4,0,484.502315521
2,"map(to: a)",65536,64,104,1,2,2,0,481.498241425
2,"map(to: a)",65536,64,104,1,2,71,0,542.652606964
2,"map(to: a)",65536,64,104,1,2,17,0,496.351718903
2,"map(to: a)",65536,64,104,1,2,472,0,896.191596985
2,"map(to: a)",65536,64,104,1,2,5042,0,4850.959777832
2,"map(to: a)",65536,64,104,1,2,28,0,505.900382996
2,"map(to: a)",65536,64,104,1,2,44,0,519.847869873
2,"map(to: a)",65536,64,104,1,2,1218,0,1533.854007721
2,"map(to: a)",65536,64,104,1,2,4,0,484.800338745
2,"map(to: a)",65536,64,104,1,2,1955,0,2178.645133972
2,"map(to: a)",65536,64,104,1,2,183,0,640.094280243
2,"map(to: a)",65536,64,104,1,2,7,0,486.445426941
2,"map(to: a)",65536,64,104,1,2,758,0,1135.110855103
2,"map(to: a)",65536,64,104,1,2,1,0,481.641292572
2,"map(to: a)",65536,64,104,1,2,3140,0,3214.454650879
2,"map(to: a)",65536,64,104,1,2,8096,0,7491.755485535
2,"map(to: a)",65536,64,104,1,2,3,0,482.344627380
2,"map(to: a)",65536,64,104,1,2,114,0,580.608844757
2,"map(to: a)",65536,64,104,1,2,11,0,489.544868469
2,"map(to: a)",65536,64,104,1,2,294,0,740.098953247
2,"map(to: a)",65536,64,104,1,3,1,0,482.201576233
2,"map(to: a)",65536,64,104,1,3,17,0,496.339797974
2,"map(to: a)",65536,64,104,1,3,294,0,736.844539642
2,"map(to: a)",65536,64,104,1,3,5042,0,4868.149757385
2,"map(to: a)",65536,64,104,1,3,114,0,582.540035248
2,"map(to: a)",65536,64,104,1,3,28,0,505.304336548
2,"map(to: a)",65536,64,104,1,3,1218,0,1531.600952148
2,"map(to: a)",65536,64,104,1,3,2,0,482.344627380
2,"map(to: a)",65536,64,104,1,3,3,0,482.749938965
2,"map(to: a)",65536,64,104,1,3,4,0,484.359264374
2,"map(to: a)",65536,64,104,1,3,758,0,1141.750812531
2,"map(to: a)",65536,64,104,1,3,11,0,490.152835846
2,"map(to: a)",65536,64,104,1,3,44,0,519.692897797
2,"map(to: a)",65536,64,104,1,3,472,0,890.696048737
2,"map(to: a)",65536,64,104,1,3,7,0,486.290454865
2,"map(to: a)",65536,64,104,1,3,1955,0,2185.356616974
2,"map(to: a)",65536,64,104,1,3,71,0,542.354583740
2,"map(to: a)",65536,64,104,1,3,183,0,641.798973083
2,"map(to: a)",65536,64,104,1,3,8096,0,7551.491260529
2,"map(to: a)",65536,64,104,1,3,3140,0,3197.491168976
2,"map(to: a)",65536,64,104,1,4,472,0,893.950462341
2,"map(to: a)",65536,64,104,1,4,71,0,542.247295380
2,"map(to: a)",65536,64,104,1,4,1,0,481.510162354
2,"map(to: a)",65536,64,104,1,4,11,0,489.652156830
2,"map(to: a)",65536,64,104,1,4,4,0,484.549999237
2,"map(to: a)",65536,64,104,1,4,3140,0,3224.945068359
2,"map(to: a)",65536,64,104,1,4,28,0,505.900382996
2,"map(to: a)",65536,64,104,1,4,1218,0,1534.700393677
2,"map(to: a)",65536,64,104,1,4,2,0,481.343269348
2,"map(to: a)",65536,64,104,1,4,183,0,639.748573303
2,"map(to: a)",65536,64,104,1,4,5042,0,4850.399494171
2,"map(to: a)",65536,64,104,1,4,114,0,582.003593445
2,"map(to: a)",65536,64,104,1,4,3,0,482.249259949
2,"map(to: a)",65536,64,104,1,4,44,0,519.800186157
2,"map(to: a)",65536,64,104,1,4,758,0,1141.953468323
2,"map(to: a)",65536,64,104,1,4,8096,0,7435.750961304
2,"map(to: a)",65536,64,104,1,4,1955,0,2194.201946259
2,"map(to: a)",65536,64,104,1,4,294,0,736.701488495
2,"map(to: a)",65536,64,104,1,4,7,0,485.992431641
2,"map(to: a)",65536,64,104,1,4,17,0,495.994091034
2,"map(to: a)",262144,64,104,0,0,7,0,696.647167206
2,"map(to: a)",262144,64,104,0,0,114,0,791.847705841
2,"map(to: a)",262144,64,104,0,0,3,0,683.546066284
2,"map(to: a)",262144,64,104,0,0,17,0,690.901279449
2,"map(to: a)",262144,64,104,0,0,1,0,687.694549561
2,"map(to: a)",262144,64,104,0,0,44,0,745.952129364
2,"map(to: a)",262144,64,104,0,0,294,0,981.295108795
2,"map(to: a)",262144,64,104,0,0,3140,0,3408.300876617
2,"map(to: a)",262144,64,104,0,0,4,0,666.594505310
2,"map(to: a)",262144,64,104,0,0,1955,0,2411.794662476
2,"map(to: a)",262144,64,104,0,0,183,0,961.053371429
2,"map(to: a)",262144,64,104,0,0,8096,0,7824.707031250
2,"map(to: a)",262144,64,104,0,0,758,0,1334.750652313
2,"map(to: a)",262144,64,104,0,0,71,0,755.310058594
2,"map(to: a)",262144,64,104,0,0,2,0,673.997402191
2,"map(to: a)",262144,64,104,0,0,11,0,697.147846222
2,"map(to: a)",262144,64,104,0,0,28,0,707.697868347
2,"map(to: a)",262144,64,104,0,0,5042,0,5083.346366882
2,"map(to: a)",262144,64,104,0,0,1218,0,1765.108108521
2,"map(to: a)",262144,64,104,0,0,472,0,1093.947887421
2,"map(to: a)",262144,64,104,0,1,4,0,689.148902893
2,"map(to: a)",262144,64,104,0,1,1,0,681.006908417
2,"map(to: a)",262144,64,104,0,1,17,0,710.642337799
2,"map(to: a)",262144,64,104,0,1,28,0,715.494155884
2,"map(to: a)",262144,64,104,0,1,11,0,686.347484589
2,"map(to: a)",262144,64,104,0,1,3140,0,3396.749496460
2,"map(to: a)",262144,64,104,0,1,2,0,668.799877167
2,"map(to: a)",262144,64,104,0,1,758,0,1344.406604767
2,"map(to: a)",262144,64,104,0,1,1218,0,1760.399341583
2,"map(to: a)",262144,64,104,0,1,44,0,751.054286957
2,"map(to: a)",262144,64,104,0,1,71,0,742.495059967
2,"map(to: a)",262144,64,104,0,1,114,0,808.346271515
2,"map(to: a)",262144,64,104,0,1,294,0,982.904434204
2,"map(to: a)",262144,64,104,0,1,7,0,684.499740601
2,"map(to: a)",262144,64,104,0,1,183,0,963.747501373
2,"map(to: a)",262144,64,104,0,1,8096,0,7764.148712158
2,"map(to: a)",262144,64,104,0,1,472,0,1098.048686981
2,"map(to: a)",262144,64,104,0,1,1955,0,2399.301528931
2,"map(to: a)",262144,64,104,0,1,3,0,688.242912292
2,"map(to: a)",262144,64,104,0,1,5042,0,5032.849311829
2,"map(to: a)",262144,64,104,0,2,3,0,680.446624756
2,"map(to: a)",262144,64,104,0,2,44,0,758.051872253
2,"map(to: a)",262144,64,104,0,2,1,0,676.655769348
2,"map(to: a)",262144,64,104,0,2,183,0,985.896587372
2,"map(to: a)",262144,64,104,0,2,294,0,978.291034698
2,"map(to: a)",262144,64,104,0,2,5042,0,5043.804645538
2,"map(to: a)",262144,64,104,0,2,7,0,671.303272247
2,"map(to: a)",262144,64,104,0,2,8096,0,7667.160034180
2,"map(to: a)",262144,64,104,0,2,2,0,686.895847321
2,"map(to: a)",262144,64,104,0,2,114,0,811.350345612
2,"map(to: a)",262144,64,104,0,2,71,0,758.397579193
2,"map(to: a)",262144,64,104,0,2,1955,0,2392.303943634
2,"map(to: a)",262144,64,104,0,2,17,0,706.207752228
2,"map(to: a)",262144,64,104,0,2,472,0,1105.654239655
2,"map(to: a)",262144,64,104,0,2,11,0,768.542289734
2,"map(to: a)",262144,64,104,0,2,1218,0,1763.010025024
2,"map(to: a)",262144,64,104,0,2,4,0,691.795349121
2,"map(to: a)",262144,64,104,0,2,3140,0,3427.100181580
2,"map(to: a)",262144,64,104,0,2,758,0,1333.105564117
2,"map(to: a)",262144,64,104,0,2,28,0,720.000267029
2,"map(to: a)",262144,64,104,0,3,11,0,708.055496216
2,"map(to: a)",262144,64,104,0,3,4,0,692.105293274
2,"map(to: a)",262144,64,104,0,3,5042,0,5150.806903839
2,"map(to: a)",262144,64,104,0,3,183,0,956.392288208
2,"map(to: a)",262144,64,104,0,3,17,0,702.393054962
2,"map(to: a)",262144,64,104,0,3,3,0,680.804252625
2,"map(to: a)",262144,64,104,0,3,28,0,729.298591614
2,"map(to: a)",262144,64,104,0,3,1218,0,1747.250556946
2,"map(to: a)",262144,64,104,0,3,114,0,850.701332092
2,"map(to: a)",262144,64,104,0,3,758,0,1333.093643188
2,"map(to: a)",262144,64,104,0,3,1955,0,2405.107021332
2,"map(to: a)",262144,64,104,0,3,472,0,1103.651523590
2,"map(to: a)",262144,64,104,0,3,7,0,685.393810272
2,"map(to: a)",262144,64,104,0,3,44,0,749.146938324
2,"map(to: a)",262144,64,104,0,3,3140,0,3420.054912567
2,"map(to: a)",262144,64,104,0,3,8096,0,7739.257812500
2,"map(to: a)",262144,64,104,0,3,71,0,747.489929199
2,"map(to: a)",262144,64,104,0,3,1,0,685.048103333
2,"map(to: a)",262144,64,104,0,3,2,0,677.549839020
2,"map(to: a)",262144,64,104,0,3,294,0,972.151756287
2,"map(to: a)",262144,64,104,0,4,3,0,684.249401093
2,"map(to: a)",262144,64,104,0,4,8096,0,7745.003700256
2,"map(to: a)",262144,64,104,0,4,1,0,690.841674805
2,"map(to: a)",262144,64,104,0,4,28,0,721.204280853
2,"map(to: a)",262144,64,104,0,4,17,0,710.690021515
2,"map(to: a)",262144,64,104,0,4,5042,0,5096.852779388
2,"map(to: a)",262144,64,104,0,4,7,0,704.801082611
2,"map(to: a)",262144,64,104,0,4,114,0,802.850723267
2,"map(to: a)",262144,64,104,0,4,44,0,727.844238281
2,"map(to: a)",262144,64,104,0,4,2,0,690.400600433
2,"map(to: a)",262144,64,104,0,4,294,0,970.602035522
2,"map(to: a)",262144,64,104,0,4,758,0,1331.245899200
2,"map(to: a)",262144,64,104,0,4,183,0,967.252254486
2,"map(to: a)",262144,64,104,0,4,4,0,670.444965363
2,"map(to: a)",262144,64,104,0,4,1218,0,1753.103733063
2,"map(to: a)",262144,64,104,0,4,71,0,747.847557068
2,"map(to: a)",262144,64,104,0,4,1955,0,2382.552623749
2,"map(to: a)",262144,64,104,0,4,11,0,689.196586609
2,"map(to: a)",262144,64,104,0,4,472,0,1097.702980042
2,"map(to: a)",262144,64,104,0,4,3140,0,3390.443325043
2,"map(to: a)",262144,64,104,1,0,2,0,676.846504211
2,"map(to: a)",262144,64,104,1,0,4,0,694.394111633
2,"map(to: a)",262144,64,104,1,0,472,0,1111.054420471
2,"map(to: a)",262144,64,104,1,0,3140,0,3418.397903442
2,"map(to: a)",262144,64,104,1,0,183,0,966.310501099
2,"map(to: a)",262144,64,104,1,0,28,0,726.449489594
2,"map(to: a)",262144,64,104,1,0,71,0,745.153427124
2,"map(to: a)",262144,64,104,1,0,1218,0,1753.652095795
2,"map(to: a)",262144,64,104,1,0,294,0,982.892513275
2,"map(to: a)",262144,64,104,1,0,1,0,667.250156403
2,"map(to: a)",262144,64,104,1,0,7,0,677.549839020
2,"map(to: a)",262144,64,104,1,0,1955,0,2378.797531128
2,"map(to: a)",262144,64,104,1,0,758,0,1336.848735809
2,"map(to: a)",262144,64,104,1,0,114,0,815.451145172
2,"map(to: a)",262144,64,104,1,0,11,0,743.842124939
2,"map(to: a)",262144,64,104,1,0,3,0,680.351257324
2,"map(to: a)",262144,64,104,1,0,8096,0,7786.750793457
2,"map(to: a)",262144,64,104,1,0,44,0,746.655464172
2,"map(to: a)",262144,64,104,1,0,17,0,720.953941345
2,"map(to: a)",262144,64,104,1,0,5042,0,5123.651027679
2,"map(to: a)",262144,64,104,1,1,758,0,1356.494426727
2,"map(to: a)",262144,64,104,1,1,3,0,682.497024536
2,"map(to: a)",262144,64,104,1,1,3140,0,3416.752815247
2,"map(to: a)",262144,64,104,1,1,1955,0,2393.603324890
2,"map(to: a)",262144,64,104,1,1,44,0,745.892524719
2,"map(to: a)",262144,64,104,1,1,17,0,706.100463867
2,"map(to: a)",262144,64,104,1,1,294,0,988.399982452
2,"map(to: a)",262144,64,104,1,1,28,0,732.958316803
2,"map(to: a)",262144,64,104,1,1,114,0,812.757015228
2,"map(to: a)",262144,64,104,1,1,2,0,673.246383667
2,"map(to: a)",262144,64,104,1,1,7,0,695.598125458
2,"map(to: a)",262144,64,104,1,1,183,0,967.204570770
2,"map(to: a)",262144,64,104,1,1,8096,0,7781.708240509
2,"map(to: a)",262144,64,104,1,1,11,0,700.151920319
2,"map(to: a)",262144,64,104,1,1,1,0,676.393508911
2,"map(to: a)",262144,64,104,1,1,1218,0,1750.445365906
2,"map(to: a)",262144,64,104,1,1,472,0,1098.752021790
2,"map(to: a)",262144,64,104,1,1,71,0,746.154785156
2,"map(to: a)",262144,64,104,1,1,5042,0,5058.991909027
2,"map(to: a)",262144,64,104,1,1,4,0,687.503814697
2,"map(to: a)",262144,64,104,1,2,2,0,671.303272247
2,"map(to: a)",262144,64,104,1,2,71,0,746.047496796
2,"map(to: a)",262144,64,104,1,2,17,0,702.095031738
2,"map(to: a)",262144,64,104,1,2,472,0,1101.851463318
2,"map(to: a)",262144,64,104,1,2,5042,0,5069.243907928
2,"map(to: a)",262144,64,104,1,2,28,0,707.709789276
2,"map(to: a)",262144,64,104,1,2,44,0,747.895240784
2,"map(to: a)",262144,64,104,1,2,1218,0,1752.650737762
2,"map(to: a)",262144,64,104,1,2,4,0,691.843032837
2,"map(to: a)",262144,64,104,1,2,1955,0,2385.950088501
2,"map(to: a)",262144,64,104,1,2,183,0,954.246520996
2,"map(to: a)",262144,64,104,1,2,7,0,670.146942139
2,"map(to: a)",262144,64,104,1,2,758,0,1327.395439148
2,"map(to: a)",262144,64,104,1,2,1,0,695.848464966
2,"map(to: a)",262144,64,104,1,2,3140,0,3481.447696686
2,"map(to: a)",262144,64,104,1,2,8096,0,7694.542407990
2,"map(to: a)",262144,64,104,1,2,3,0,687.241554260
2,"map(to: a)",262144,64,104,1,2,114,0,783.801078796
2,"map(to: a)",262144,64,104,1,2,11,0,676.453113556
2,"map(to: a)",262144,64,104,1,2,294,0,980.043411255
2,"map(to: a)",262144,64,104,1,3,1,0,678.849220276
2,"map(to: a)",262144,64,104,1,3,17,0,717.294216156
2,"map(to: a)",262144,64,104,1,3,294,0,980.997085571
2,"map(to: a)",262144,64,104,1,3,5042,0,5052.042007446
2,"map(to: a)",262144,64,104,1,3,114,0,818.896293640
2,"map(to: a)",262144,64,104,1,3,28,0,729.405879974
2,"map(to: a)",262144,64,104,1,3,1218,0,1795.399188995
2,"map(to: a)",262144,64,104,1,3,2,0,681.102275848
2,"map(to: a)",262144,64,104,1,3,3,0,675.809383392
2,"map(to: a)",262144,64,104,1,3,4,0,690.603256226
2,"map(to: a)",262144,64,104,1,3,758,0,1344.251632690
2,"map(to: a)",262144,64,104,1,3,11,0,699.400901794
2,"map(to: a)",262144,64,104,1,3,44,0,746.154785156
2,"map(to: a)",262144,64,104,1,3,472,0,1092.302799225
2,"map(to: a)",262144,64,104,1,3,7,0,689.554214478
2,"map(to: a)",262144,64,104,1,3,1955,0,2407.860755920
2,"map(to: a)",262144,64,104,1,3,71,0,749.146938324
2,"map(to: a)",262144,64,104,1,3,183,0,966.894626617
2,"map(to: a)",262144,64,104,1,3,8096,0,7703.506946564
2,"map(to: a)",262144,64,104,1,3,3140,0,3427.147865295
2,"map(to: a)",262144,64,104,1,4,472,0,1094.698905945
2,"map(to: a)",262144,64,104,1,4,71,0,743.699073792
2,"map(to: a)",262144,64,104,1,4,1,0,686.204433441
2,"map(to: a)",262144,64,104,1,4,11,0,694.251060486
2,"map(to: a)",262144,64,104,1,4,4,0,692.749023438
2,"map(to: a)",262144,64,104,1,4,3140,0,3398.048877716
2,"map(to: a)",262144,64,104,1,4,28,0,705.659389496
2,"map(to: a)",262144,64,104,1,4,1218,0,1760.661602020
2,"map(to: a)",262144,64,104,1,4,2,0,676.608085632
2,"map(to: a)",262144,64,104,1,4,183,0,981.855392456
2,"map(to: a)",262144,64,104,1,4,5042,0,5118.358135223
2,"map(to: a)",262144,64,104,1,4,114,0,809.943675995
2,"map(to: a)",262144,64,104,1,4,3,0,679.457187653
2,"map(to: a)",262144,64,104,1,4,44,0,745.296478271
2,"map(to: a)",262144,64,104,1,4,758,0,1354.753971100
2,"map(to: a)",262144,64,104,1,4,8096,0,7661.545276642
2,"map(to: a)",262144,64,104,1,4,1955,0,2403.640747070
2,"map(to: a)",262144,64,104,1,4,294,0,993.347167969
2,"map(to: a)",262144,64,104,1,4,7,0,683.343410492
2,"map(to: a)",262144,64,104,1,4,17,0,694.251060486
2,"map(to: a)",1048576,64,104,0,0,7,0,1040.005683899
2,"map(to: a)",1048576,64,104,0,0,114,0,1100.802421570
2,"map(to: a)",1048576,64,104,0,0,3,0,987.005233765
2,"map(to: a)",1048576,64,104,0,0,17,0,1002.442836761
2,"map(to: a)",1048576,64,104,0,0,1,0,997.698307037
2,"map(to: a)",1048576,64,104,0,0,44,0,1095.306873322
2,"map(to: a)",1048576,64,104,0,0,294,0,1282.298564911
2,"map(to: a)",1048576,64,104,0,0,3140,0,3775.846958160
2,"map(to: a)",1048576,64,104,0,0,4,0,1002.550125122
2,"map(to: a)",1048576,64,104,0,0,1955,0,2694.702148438
2,"map(to: a)",1048576,64,104,0,0,183,0,1171.147823334
2,"map(to: a)",1048576,64,104,0,0,8096,0,8003.151416779
2,"map(to: a)",1048576,64,104,0,0,758,0,1662.850379944
2,"map(to: a)",1048576,64,104,0,0,71,0,1054.406166077
2,"map(to: a)",1048576,64,104,0,0,2,0,1011.240482330
2,"map(to: a)",1048576,64,104,0,0,11,0,998.055934906
2,"map(to: a)",1048576,64,104,0,0,28,0,1006.901264191
2,"map(to: a)",1048576,64,104,0,0,5042,0,5351.996421814
2,"map(to: a)",1048576,64,104,0,0,1218,0,2042.496204376
2,"map(to: a)",1048576,64,104,0,0,472,0,1481.807231903
2,"map(to: a)",1048576,64,104,0,1,4,0,992.059707642
2,"map(to: a)",1048576,64,104,0,1,1,0,978.100299835
2,"map(to: a)",1048576,64,104,0,1,17,0,999.748706818
2,"map(to: a)",1048576,64,104,0,1,28,0,1071.500778198
2,"map(to: a)",1048576,64,104,0,1,11,0,1007.747650146
2,"map(to: a)",1048576,64,104,0,1,3140,0,3709.554672241
2,"map(to: a)",1048576,64,104,0,1,2,0,988.245010376
2,"map(to: a)",1048576,64,104,0,1,758,0,1662.051677704
2,"map(to: a)",1048576,64,104,0,1,1218,0,2057.647705078
2,"map(to: a)",1048576,64,104,0,1,44,0,1020.908355713
2,"map(to: a)",1048576,64,104,0,1,71,0,1054.847240448
2,"map(to: a)",1048576,64,104,0,1,114,0,1095.151901245
2,"map(to: a)",1048576,64,104,0,1,294,0,1259.756088257
2,"map(to: a)",1048576,64,104,0,1,7,0,989.055633545
2,"map(to: a)",1048576,64,104,0,1,183,0,1162.850856781
2,"map(to: a)",1048576,64,104,0,1,8096,0,7883.548736572
2,"map(to: a)",1048576,64,104,0,1,472,0,1445.603370667
2,"map(to: a)",1048576,64,104,0,1,1955,0,2707.397937775
2,"map(to: a)",1048576,64,104,0,1,3,0,988.399982452
2,"map(to: a)",1048576,64,104,0,1,5042,0,5393.195152283
2,"map(to: a)",1048576,64,104,0,2,3,0,984.644889832
2,"map(to: a)",1048576,64,104,0,2,44,0,1015.949249268
2,"map(to: a)",1048576,64,104,0,2,1,0,986.003875732
2,"map(to: a)",1048576,64,104,0,2,183,0,1183.450222015
2,"map(to: a)",1048576,64,104,0,2,294,0,1257.550716400
2,"map(to: a)",1048576,64,104,0,2,5042,0,5331.802368164
2,"map(to: a)",1048576,64,104,0,2,7,0,999.593734741
2,"map(to: a)",1048576,64,104,0,2,8096,0,8036.041259766
2,"map(to: a)",1048576,64,104,0,2,2,0,980.246067047
2,"map(to: a)",1048576,64,104,0,2,114,0,1091.599464417
2,"map(to: a)",1048576,64,104,0,2,71,0,1035.904884338
2,"map(to: a)",1048576,64,104,0,2,1955,0,2678.894996643
2,"map(to: a)",1048576,64,104,0,2,17,0,1054.298877716
2,"map(to: a)",1048576,64,104,0,2,472,0,1437.449455261
2,"map(to: a)",1048576,64,104,0,2,11,0,983.953475952
2,"map(to: a)",1048576,64,104,0,2,1218,0,2035.200595856
2,"map(to: a)",1048576,64,104,0,2,4,0,1033.794879913
2,"map(to: a)",1048576,64,104,0,2,3140,0,3750.193119049
2,"map(to: a)",1048576,64,104,0,2,758,0,1664.698123932
2,"map(to: a)",1048576,64,104,0,2,28,0,997.352600098
2,"map(to: a)",1048576,64,104,0,3,11,0,985.801219940
2,"map(to: a)",1048576,64,104,0,3,4,0,979.852676392
2,"map(to: a)",1048576,64,104,0,3,5042,0,5379.998683929
2,"map(to: a)",1048576,64,104,0,3,183,0,1172.053813934
2,"map(to: a)",1048576,64,104,0,3,17,0,1010.251045227
2,"map(to: a)",1048576,64,104,0,3,3,0,993.645191193
2,"map(to: a)",1048576,64,104,0,3,28,0,1006.197929382
2,"map(to: a)",1048576,64,104,0,3,1218,0,2036.499977112
2,"map(to: a)",1048576,64,104,0,3,114,0,1095.950603485
2,"map(to: a)",1048576,64,104,0,3,758,0,1674.950122833
2,"map(to: a)",1048576,64,104,0,3,1955,0,2778.196334839
2,"map(to: a)",1048576,64,104,0,3,472,0,1462.495326996
2,"map(to: a)",1048576,64,104,0,3,7,0,1003.253459930
2,"map(to: a)",1048576,64,104,0,3,44,0,1028.203964233
2,"map(to: a)",1048576,64,104,0,3,3140,0,3856.146335602
2,"map(to: a)",1048576,64,104,0,3,8096,0,7943.749427795
2,"map(to: a)",1048576,64,104,0,3,71,0,1056.146621704
2,"map(to: a)",1048576,64,104,0,3,1,0,997.698307037
2,"map(to: a)",1048576,64,104,0,3,2,0,985.443592072
2,"map(to: a)",1048576,64,104,0,3,294,0,1252.353191376
2,"map(to: a)",1048576,64,104,0,4,3,0,988.900661469
2,"map(to: a)",1048576,64,104,0,4,8096,0,7998.347282410
2,"map(to: a)",1048576,64,104,0,4,1,0,1005.148887634
2,"map(to: a)",1048576,64,104,0,4,28,0,1010.048389435
2,"map(to: a)",1048576,64,104,0,4,17,0,994.253158569
2,"map(to: a)",1048576,64,104,0,4,5042,0,5364.549160004
2,"map(to: a)",1048576,64,104,0,4,7,0,984.394550323
2,"map(to: a)",1048576,64,104,0,4,114,0,1092.600822449
2,"map(to: a)",1048576,64,104,0,4,44,0,1023.948192596
2,"map(to: a)",1048576,64,104,0,4,2,0,981.557369232
2,"map(to: a)",1048576,64,104,0,4,294,0,1271.045207977
2,"map(to: a)",1048576,64,104,0,4,758,0,1661.300659180
2,"map(to: a)",1048576,64,104,0,4,183,0,1165.151596069
2,"map(to: a)",1048576,64,104,0,4,4,0,1042.854785919
2,"map(to: a)",1048576,64,104,0,4,1218,0,2053.999900818
2,"map(to: a)",1048576,64,104,0,4,71,0,1050.853729248
2,"map(to: a)",1048576,64,104,0,4,1955,0,2687.442302704
2,"map(to: a)",1048576,64,104,0,4,11,0,1008.999347687
2,"map(to: a)",1048576,64,104,0,4,472,0,1444.697380066
2,"map(to: a)",1048576,64,104,0,4,3140,0,3687.000274658
2,"map(to: a)",1048576,64,104,1,0,2,0,993.144512177
2,"map(to: a)",1048576,64,104,1,0,4,0,985.300540924
2,"map(to: a)",1048576,64,104,1,0,472,0,1408.553123474
2,"map(to: a)",1048576,64,104,1,0,3140,0,3719.103336334
2,"map(to: a)",1048576,64,104,1,0,183,0,1161.241531372
2,"map(to: a)",1048576,64,104,1,0,28,0,1014.947891235
2,"map(to: a)",1048576,64,104,1,0,71,0,1056.802272797
2,"map(to: a)",1048576,64,104,1,0,1218,0,2098.000049591
2,"map(to: a)",1048576,64,104,1,0,294,0,1285.505294800
2,"map(to: a)",1048576,64,104,1,0,1,0,987.303256989
2,"map(to: a)",1048576,64,104,1,0,7,0,988.650321960
2,"map(to: a)",1048576,64,104,1,0,1955,0,2701.854705811
2,"map(to: a)",1048576,64,104,1,0,758,0,1674.294471741
2,"map(to: a)",1048576,64,104,1,0,114,0,1091.253757477
2,"map(to: a)",1048576,64,104,1,0,11,0,986.897945404
2,"map(to: a)",1048576,64,104,1,0,3,0,1001.048088074
2,"map(to: a)",1048576,64,104,1,0,8096,0,8069.300651550
2,"map(to: a)",1048576,64,104,1,0,44,0,1027.750968933
2,"map(to: a)",1048576,64,104,1,0,17,0,1002.991199493
2,"map(to: a)",1048576,64,104,1,0,5042,0,5395.293235779
2,"map(to: a)",1048576,64,104,1,1,758,0,1672.303676605
2,"map(to: a)",1048576,64,104,1,1,3,0,1000.940799713
2,"map(to: a)",1048576,64,104,1,1,3140,0,3841.054439545
2,"map(to: a)",1048576,64,104,1,1,1955,0,2669.441699982
2,"map(to: a)",1048576,64,104,1,1,44,0,1031.053066254
2,"map(to: a)",1048576,64,104,1,1,17,0,1075.446605682
2,"map(to: a)",1048576,64,104,1,1,294,0,1260.697841644
2,"map(to: a)",1048576,64,104,1,1,28,0,1006.793975830
2,"map(to: a)",1048576,64,104,1,1,114,0,1096.844673157
2,"map(to: a)",1048576,64,104,1,1,2,0,986.349582672
2,"map(to: a)",1048576,64,104,1,1,7,0,996.804237366
2,"map(to: a)",1048576,64,104,1,1,183,0,1163.256168365
2,"map(to: a)",1048576,64,104,1,1,8096,0,8089.244365692
2,"map(to: a)",1048576,64,104,1,1,11,0,1011.252403259
2,"map(to: a)",1048576,64,104,1,1,1,0,1050.949096680
2,"map(to: a)",1048576,64,104,1,1,1218,0,2061.545848846
2,"map(to: a)",1048576,64,104,1,1,472,0,1430.547237396
2,"map(to: a)",1048576,64,104,1,1,71,0,1060.545444489
2,"map(to: a)",1048576,64,104,1,1,5042,0,5390.501022339
2,"map(to: a)",1048576,64,104,1,1,4,0,998.997688293
2,"map(to: a)",1048576,64,104,1,2,2,0,981.044769287
2,"map(to: a)",1048576,64,104,1,2,71,0,1051.795482635
2,"map(to: a)",1048576,64,104,1,2,17,0,1004.946231842
2,"map(to: a)",1048576,64,104,1,2,472,0,1436.305046082
2,"map(to: a)",1048576,64,104,1,2,5042,0,5320.501327515
2,"map(to: a)",1048576,64,104,1,2,28,0,1005.196571350
2,"map(to: a)",1048576,64,104,1,2,44,0,1019.358634949
2,"map(to: a)",1048576,64,104,1,2,1218,0,2037.799358368
2,"map(to: a)",1048576,64,104,1,2,4,0,997.757911682
2,"map(to: a)",1048576,64,104,1,2,1955,0,2694.296836853
2,"map(to: a)",1048576,64,104,1,2,183,0,1165.091991425
2,"map(to: a)",1048576,64,104,1,2,7,0,1009.094715118
2,"map(to: a)",1048576,64,104,1,2,758,0,1656.699180603
2,"map(to: a)",1048576,64,104,1,2,1,0,992.250442505
2,"map(to: a)",1048576,64,104,1,2,3140,0,3767.693042755
2,"map(to: a)",1048576,64,104,1,2,8096,0,7967.698574066
2,"map(to: a)",1048576,64,104,1,2,3,0,991.547107697
2,"map(to: a)",1048576,64,104,1,2,114,0,1091.301441193
2,"map(to: a)",1048576,64,104,1,2,11,0,1061.999797821
2,"map(to: a)",1048576,64,104,1,2,294,0,1250.648498535
2,"map(to: a)",1048576,64,104,1,3,1,0,989.103317261
2,"map(to: a)",1048576,64,104,1,3,17,0,996.553897858
2,"map(to: a)",1048576,64,104,1,3,294,0,1261.603832245
2,"map(to: a)",1048576,64,104,1,3,5042,0,5320.453643799
2,"map(to: a)",1048576,64,104,1,3,114,0,1098.990440369
2,"map(to: a)",1048576,64,104,1,3,28,0,1010.000705719
2,"map(to: a)",1048576,64,104,1,3,1218,0,2037.751674652
2,"map(to: a)",1048576,64,104,1,3,2,0,999.546051025
2,"map(to: a)",1048576,64,104,1,3,3,0,984.501838684
2,"map(to: a)",1048576,64,104,1,3,4,0,982.797145844
2,"map(to: a)",1048576,64,104,1,3,758,0,1677.548885345
2,"map(to: a)",1048576,64,104,1,3,11,0,1009.094715118
2,"map(to: a)",1048576,64,104,1,3,44,0,1028.251647949
2,"map(to: a)",1048576,64,104,1,3,472,0,1464.951038361
2,"map(to: a)",1048576,64,104,1,3,7,0,992.596149445
2,"map(to: a)",1048576,64,104,1,3,1955,0,2780.592441559
2,"map(to: a)",1048576,64,104,1,3,71,0,1110.100746155
2,"map(to: a)",1048576,64,104,1,3,183,0,1168.155670166
2,"map(to: a)",1048576,64,104,1,3,8096,0,8052.253723145
2,"map(to: a)",1048576,64,104,1,3,3140,0,3707.647323608
2,"map(to: a)",1048576,64,104,1,4,472,0,1448.452472687
2,"map(to: a)",1048576,64,104,1,4,71,0,1043.856143951
2,"map(to: a)",1048576,64,104,1,4,1,0,981.593132019
2,"map(to: a)",1048576,64,104,1,4,11,0,1010.048389435
2,"map(to: a)",1048576,64,104,1,4,4,0,991.797447205
2,"map(to: a)",1048576,64,104,1,4,3140,0,3709.042072296
2,"map(to: a)",1048576,64,104,1,4,28,0,1007.902622223
2,"map(to: a)",1048576,64,104,1,4,1218,0,2037.656307220
2,"map(to: a)",1048576,64,104,1,4,2,0,983.750820160
2,"map(to: a)",1048576,64,104,1,4,183,0,1161.599159241
2,"map(to: a)",1048576,64,104,1,4,5042,0,5366.051197052
2,"map(to: a)",1048576,64,104,1,4,114,0,1080.095767975
2,"map(to: a)",1048576,64,104,1,4,3,0,989.544391632
2,"map(to: a)",1048576,64,104,1,4,44,0,1012.098789215
2,"map(to: a)",1048576,64,104,1,4,758,0,1659.452915192
2,"map(to: a)",1048576,64,104,1,4,8096,0,7921.695709229
2,"map(to: a)",1048576,64,104,1,4,1955,0,2715.003490448
2,"map(to: a)",1048576,64,104,1,4,294,0,1253.354549408
2,"map(to: a)",1048576,64,104,1,4,7,0,1005.053520203
2,"map(to: a)",1048576,64,104,1,4,17,0,994.694232941
2,"map(to: a)",4194304,64,104,0,0,7,0,2383.649349213
2,"map(to: a)",4194304,64,104,0,0,114,0,2342.450618744
2,"map(to: a)",4194304,64,104,0,0,3,0,2249.598503113
2,"map(to: a)",4194304,64,104,0,0,17,0,2259.945869446
2,"map(to: a)",4194304,64,104,0,0,1,0,2241.349220276
2,"map(to: a)",4194304,64,104,0,0,44,0,2296.745777130
2,"map(to: a)",4194304,64,104,0,0,294,0,2506.494522095
2,"map(to: a)",4194304,64,104,0,0,3140,0,5041.193962097
2,"map(to: a)",4194304,64,104,0,0,4,0,2255.392074585
2,"map(to: a)",4194304,64,104,0,0,1955,0,4019.904136658
2,"map(to: a)",4194304,64,104,0,0,183,0,2481.853961945
2,"map(to: a)",4194304,64,104,0,0,8096,0,9366.798400879
2,"map(to: a)",4194304,64,104,0,0,758,0,2988.755702972
2,"map(to: a)",4194304,64,104,0,0,71,0,2317.404747009
2,"map(to: a)",4194304,64,104,0,0,2,0,2220.845222473
2,"map(to: a)",4194304,64,104,0,0,11,0,2256.095409393
2,"map(to: a)",4194304,64,104,0,0,28,0,2246.892452240
2,"map(to: a)",4194304,64,104,0,0,5042,0,6595.790386200
2,"map(to: a)",4194304,64,104,0,0,1218,0,3322.601318359
2,"map(to: a)",4194304,64,104,0,0,472,0,2634.704113007
2,"map(to: a)",4194304,64,104,0,1,4,0,2333.998680115
2,"map(to: a)",4194304,64,104,0,1,1,0,2334.105968475
2,"map(to: a)",4194304,64,104,0,1,17,0,2254.045009613
2,"map(to: a)",4194304,64,104,0,1,28,0,2324.843406677
2,"map(to: a)",4194304,64,104,0,1,11,0,2323.102951050
2,"map(to: a)",4194304,64,104,0,1,3140,0,4964.196681976
2,"map(to: a)",4194304,64,104,0,1,2,0,2238.750457764
2,"map(to: a)",4194304,64,104,0,1,758,0,2996.551990509
2,"map(to: a)",4194304,64,104,0,1,1218,0,3290.450572968
2,"map(to: a)",4194304,64,104,0,1,44,0,2258.741855621
2,"map(to: a)",4194304,64,104,0,1,71,0,2336.704730988
2,"map(to: a)",4194304,64,104,0,1,114,0,2330.946922302
2,"map(to: a)",4194304,64,104,0,1,294,0,2566.254138947
2,"map(to: a)",4194304,64,104,0,1,7,0,2323.603630066
2,"map(to: a)",4194304,64,104,0,1,183,0,2415.001392365
2,"map(to: a)",4194304,64,104,0,1,8096,0,9162.354469299
2,"map(to: a)",4194304,64,104,0,1,472,0,2702.808380127
2,"map(to: a)",4194304,64,104,0,1,1955,0,4046.893119812
2,"map(to: a)",4194304,64,104,0,1,3,0,2250.647544861
2,"map(to: a)",4194304,64,104,0,1,5042,0,6595.897674561
2,"map(to: a)",4194304,64,104,0,2,3,0,2240.896224976
2,"map(to: a)",4194304,64,104,0,2,44,0,2270.650863647
2,"map(to: a)",4194304,64,104,0,2,1,0,2257.347106934
2,"map(to: a)",4194304,64,104,0,2,183,0,2405.095100403
2,"map(to: a)",4194304,64,104,0,2,294,0,2497.100830078
2,"map(to: a)",4194304,64,104,0,2,5042,0,6748.449802399
2,"map(to: a)",4194304,64,104,0,2,7,0,2249.991893768
2,"map(to: a)",4194304,64,104,0,2,8096,0,9221.851825714
2,"map(to: a)",4194304,64,104,0,2,2,0,2230.143547058
2,"map(to: a)",4194304,64,104,0,2,114,0,2395.701408386
2,"map(to: a)",4194304,64,104,0,2,71,0,2403.748035431
2,"map(to: a)",4194304,64,104,0,2,1955,0,4002.404212952
2,"map(to: a)",4194304,64,104,0,2,17,0,2261.745929718
2,"map(to: a)",4194304,64,104,0,2,472,0,2658.641338348
2,"map(to: a)",4194304,64,104,0,2,11,0,2251.660823822
2,"map(to: a)",4194304,64,104,0,2,1218,0,3288.006782532
2,"map(to: a)",4194304,64,104,0,2,4,0,2224.099636078
2,"map(to: a)",4194304,64,104,0,2,3140,0,5020.201206207
2,"map(to: a)",4194304,64,104,0,2,758,0,3029.990196228
2,"map(to: a)",4194304,64,104,0,2,28,0,2263.152599335
2,"map(to: a)",4194304,64,104,0,3,11,0,2282.655239105
2,"map(to: a)",4194304,64,104,0,3,4,0,2269.196510315
2,"map(to: a)",4194304,64,104,0,3,5042,0,6836.795806885
2,"map(to: a)",4194304,64,104,0,3,183,0,2395.558357239
2,"map(to: a)",4194304,64,104,0,3,17,0,2254.199981689
2,"map(to: a)",4194304,64,104,0,3,3,0,2264.547348022
2,"map(to: a)",4194304,64,104,0,3,28,0,2288.103103638
2,"map(to: a)",4194304,64,104,0,3,1218,0,3288.698196411
2,"map(to: a)",4194304,64,104,0,3,114,0,2369.391918182
2,"map(to: a)",4194304,64,104,0,3,758,0,3022.348880768
2,"map(to: a)",4194304,64,104,0,3,1955,0,3959.405422211
2,"map(to: a)",4194304,64,104,0,3,472,0,2733.850479126
2,"map(to: a)",4194304,64,104,0,3,7,0,2251.553535461
2,"map(to: a)",4194304,64,104,0,3,44,0,2259.957790375
2,"map(to: a)",4194304,64,104,0,3,3140,0,5077.540874481
2,"map(to: a)",4194304,64,104,0,3,8096,0,9361.195564270
2,"map(to: a)",4194304,64,104,0,3,71,0,2342.057228088
2,"map(to: a)",4194304,64,104,0,3,1,0,2269.899845123
2,"map(to: a)",4194304,64,104,0,3,2,0,2258.741855621
2,"map(to: a)",4194304,64,104,0,3,294,0,2495.646476746
2,"map(to: a)",4194304,64,104,0,4,3,0,2239.847183228
2,"map(to: a)",4194304,64,104,0,4,8096,0,9302.449226379
2,"map(to: a)",4194304,64,104,0,4,1,0,2267.050743103
2,"map(to: a)",4194304,64,104,0,4,28,0,2288.389205933
2,"map(to: a)",4194304,64,104,0,4,17,0,2331.006526947
2,"map(to: a)",4194304,64,104,0,4,5042,0,6578.755378723
2,"map(to: a)",4194304,64,104,0,4,7,0,2246.105670929
2,"map(to: a)",4194304,64,104,0,4,114,0,2413.296699524
2,"map(to: a)",4194304,64,104,0,4,44,0,2376.639842987
2,"map(to: a)",4194304,64,104,0,4,2,0,2252.149581909
2,"map(to: a)",4194304,64,104,0,4,294,0,2507.543563843
2,"map(to: a)",4194304,64,104,0,4,758,0,2994.000911713
2,"map(to: a)",4194304,64,104,0,4,183,0,2430.105209351
2,"map(to: a)",4194304,64,104,0,4,4,0,2367.746829987
2,"map(to: a)",4194304,64,104,0,4,1218,0,3301.358222961
2,"map(to: a)",4194304,64,104,0,4,71,0,2309.751510620
2,"map(to: a)",4194304,64,104,0,4,1955,0,4050.254821777
2,"map(to: a)",4194304,64,104,0,4,11,0,2269.756793976
2,"map(to: a)",4194304,64,104,0,4,472,0,2644.002437592
2,"map(to: a)",4194304,64,104,0,4,3140,0,4939.103126526
2,"map(to: a)",4194304,64,104,1,0,2,0,2362.644672394
2,"map(to: a)",4194304,64,104,1,0,4,0,2347.993850708
2,"map(to: a)",4194304,64,104,1,0,472,0,2656.006813049
2,"map(to: a)",4194304,64,104,1,0,3140,0,4933.893680573
2,"map(to: a)",4194304,64,104,1,0,183,0,2405.297756195
2,"map(to: a)",4194304,64,104,1,0,28,0,2346.551418304
2,"map(to: a)",4194304,64,104,1,0,71,0,2323.842048645
2,"map(to: a)",4194304,64,104,1,0,1218,0,3323.400020599
2,"map(to: a)",4194304,64,104,1,0,294,0,2510.201931000
2,"map(to: a)",4194304,64,104,1,0,1,0,2346.849441528
2,"map(to: a)",4194304,64,104,1,0,7,0,2255.249023438
2,"map(to: a)",4194304,64,104,1,0,1955,0,3933.155536652
2,"map(to: a)",4194304,64,104,1,0,758,0,2981.793880463
2,"map(to: a)",4194304,64,104,1,0,114,0,2412.450313568
2,"map(to: a)",4194304,64,104,1,0,11,0,2400.600910187
2,"map(to: a)",4194304,64,104,1,0,3,0,2245.295047760
2,"map(to: a)",4194304,64,104,1,0,8096,0,9312.200546265
2,"map(to: a)",4194304,64,104,1,0,44,0,2289.557456970
2,"map(to: a)",4194304,64,104,1,0,17,0,2336.096763611
2,"map(to: a)",4194304,64,104,1,0,5042,0,6574.845314026
2,"map(to: a)",4194304,64,104,1,1,758,0,2955.853939056
2,"map(to: a)",4194304,64,104,1,1,3,0,2253.949642181
2,"map(to: a)",4194304,64,104,1,1,3140,0,5090.951919556
2,"map(to: a)",4194304,64,104,1,1,1955,0,3969.943523407
2,"map(to: a)",4194304,64,104,1,1,44,0,2267.801761627
2,"map(to: a)",4194304,64,104,1,1,17,0,2246.105670929
2,"map(to: a)",4194304,64,104,1,1,294,0,2644.205093384
2,"map(to: a)",4194304,64,104,1,1,28,0,2274.000644684
2,"map(to: a)",4194304,64,104,1,1,114,0,2333.354949951
2,"map(to: a)",4194304,64,104,1,1,2,0,2269.899845123
2,"map(to: a)",4194304,64,104,1,1,7,0,2381.193637848
2,"map(to: a)",4194304,64,104,1,1,183,0,2415.394783020
2,"map(to: a)",4194304,64,104,1,1,8096,0,9298.849105835
2,"map(to: a)",4194304,64,104,1,1,11,0,2266.049385071
2,"map(to: a)",4194304,64,104,1,1,1,0,2275.598049164
2,"map(to: a)",4194304,64,104,1,1,1218,0,3421.556949615
2,"map(to: a)",4194304,64,104,1,1,472,0,2708.399295807
2,"map(to: a)",4194304,64,104,1,1,71,0,2354.443073273
2,"map(to: a)",4194304,64,104,1,1,5042,0,6726.098060608
2,"map(to: a)",4194304,64,104,1,1,4,0,2369.105815887
2,"map(to: a)",4194304,64,104,1,2,2,0,2382.946014404
2,"map(to: a)",4194304,64,104,1,2,71,0,2454.102039337
2,"map(to: a)",4194304,64,104,1,2,17,0,2455.794811249
2,"map(to: a)",4194304,64,104,1,2,472,0,2729.654312134
2,"map(to: a)",4194304,64,104,1,2,5042,0,6710.898876190
2,"map(to: a)",4194304,64,104,1,2,28,0,2373.147010803
2,"map(to: a)",4194304,64,104,1,2,44,0,2425.146102905
2,"map(to: a)",4194304,64,104,1,2,1218,0,3425.502777100
2,"map(to: a)",4194304,64,104,1,2,4,0,2442.300319672
2,"map(to: a)",4194304,64,104,1,2,1955,0,3985.488414764
2,"map(to: a)",4194304,64,104,1,2,183,0,2387.845516205
2,"map(to: a)",4194304,64,104,1,2,7,0,2328.753471375
2,"map(to: a)",4194304,64,104,1,2,758,0,3041.696548462
2,"map(to: a)",4194304,64,104,1,2,1,0,2263.545989990
2,"map(to: a)",4194304,64,104,1,2,3140,0,5034.053325653
2,"map(to: a)",4194304,64,104,1,2,8096,0,9252.345561981
2,"map(to: a)",4194304,64,104,1,2,3,0,2241.146564484
2,"map(to: a)",4194304,64,104,1,2,114,0,2350.151538849
2,"map(to: a)",4194304,64,104,1,2,11,0,2260.303497314
2,"map(to: a)",4194304,64,104,1,2,294,0,2487.456798553
2,"map(to: a)",4194304,64,104,1,3,1,0,2373.647689819
2,"map(to: a)",4194304,64,104,1,3,17,0,2310.955524445
2,"map(to: a)",4194304,64,104,1,3,294,0,2511.441707611
2,"map(to: a)",4194304,64,104,1,3,5042,0,6598.103046417
2,"map(to: a)",4194304,64,104,1,3,114,0,2579.998970032
2,"map(to: a)",4194304,64,104,1,3,28,0,2457.153797150
2,"map(to: a)",4194304,64,104,1,3,1218,0,3504.753112793
2,"map(to: a)",4194304,64,104,1,3,2,0,2365.458011627
2,"map(to: a)",4194304,64,104,1,3,3,0,2367.043495178
2,"map(to: a)",4194304,64,104,1,3,4,0,2360.904216766
2,"map(to: a)",4194304,64,104,1,3,758,0,2999.544143677
2,"map(to: a)",4194304,64,104,1,3,11,0,2332.508563995
2,"map(to: a)",4194304,64,104,1,3,44,0,2326.309680939
2,"map(to: a)",4194304,64,104,1,3,472,0,2799.057960510
2,"map(to: a)",4194304,64,104,1,3,7,0,2292.442321777
2,"map(to: a)",4194304,64,104,1,3,1955,0,3941.452503204
2,"map(to: a)",4194304,64,104,1,3,71,0,2338.004112244
2,"map(to: a)",4194304,64,104,1,3,183,0,2576.005458832
2,"map(to: a)",4194304,64,104,1,3,8096,0,9500.753879547
2,"map(to: a)",4194304,64,104,1,3,3140,0,4977.452754974
2,"map(to: a)",4194304,64,104,1,4,472,0,2644.455432892
2,"map(to: a)",4194304,64,104,1,4,71,0,2286.505699158
2,"map(to: a)",4194304,64,104,1,4,1,0,2233.254909515
2,"map(to: a)",4194304,64,104,1,4,11,0,2242.600917816
2,"map(to: a)",4194304,64,104,1,4,4,0,2241.706848145
2,"map(to: a)",4194304,64,104,1,4,3140,0,4996.895790100
2,"map(to: a)",4194304,64,104,1,4,28,0,2355.802059174
2,"map(to: a)",4194304,64,104,1,4,1218,0,3293.752670288
2,"map(to: a)",4194304,64,104,1,4,2,0,2267.897129059
2,"map(to: a)",4194304,64,104,1,4,183,0,2409.291267395
2,"map(to: a)",4194304,64,104,1,4,5042,0,6988.406181335
2,"map(to: a)",4194304,64,104,1,4,114,0,2354.896068573
2,"map(to: a)",4194304,64,104,1,4,3,0,2264.904975891
2,"map(to: a)",4194304,64,104,1,4,44,0,2276.647090912
2,"map(to: a)",4194304,64,104,1,4,758,0,2990.150451660
2,"map(to: a)",4194304,64,104,1,4,8096,0,9190.654754639
2,"map(to: a)",4194304,64,104,1,4,1955,0,4006.206989288
2,"map(to: a)",4194304,64,104,1,4,294,0,2493.906021118
2,"map(to: a)",4194304,64,104,1,4,7,0,2244.293689728
2,"map(to: a)",4194304,64,104,1,4,17,0,2342.641353607
2,"map(to: a)",16777216,64,104,0,0,7,0,7742.547988892
2,"map(to: a)",16777216,64,104,0,0,114,0,7460.296154022
2,"map(to: a)",16777216,64,104,0,0,3,0,7545.399665833
2,"map(to: a)",16777216,64,104,0,0,17,0,7186.794281006
2,"map(to: a)",16777216,64,104,0,0,1,0,7267.606258392
2,"map(to: a)",16777216,64,104,0,0,44,0,7520.997524261
2,"map(to: a)",16777216,64,104,0,0,294,0,7427.501678467
2,"map(to: a)",16777216,64,104,0,0,3140,0,9978.258609772
2,"map(to: a)",16777216,64,104,0,0,4,0,7380.652427673
2,"map(to: a)",16777216,64,104,0,0,1955,0,8990.252017975
2,"map(to: a)",16777216,64,104,0,0,183,0,7320.797443390
2,"map(to: a)",16777216,64,104,0,0,8096,0,14307.940006256
2,"map(to: a)",16777216,64,104,0,0,758,0,8034.455776215
2,"map(to: a)",16777216,64,104,0,0,71,0,7240.200042725
2,"map(to: a)",16777216,64,104,0,0,2,0,7225.251197815
2,"map(to: a)",16777216,64,104,0,0,11,0,7267.999649048
2,"map(to: a)",16777216,64,104,0,0,28,0,7228.600978851
2,"map(to: a)",16777216,64,104,0,0,5042,0,11651.098728180
2,"map(to: a)",16777216,64,104,0,0,1218,0,8314.549922943
2,"map(to: a)",16777216,64,104,0,0,472,0,7524.096965790
2,"map(to: a)",16777216,64,104,0,1,4,0,7375.299930573
2,"map(to: a)",16777216,64,104,0,1,1,0,7299.101352692
2,"map(to: a)",16777216,64,104,0,1,17,0,7307.505607605
2,"map(to: a)",16777216,64,104,0,1,28,0,7200.300693512
2,"map(to: a)",16777216,64,104,0,1,11,0,7335.889339447
2,"map(to: a)",16777216,64,104,0,1,3140,0,10072.302818298
2,"map(to: a)",16777216,64,104,0,1,2,0,7193.899154663
2,"map(to: a)",16777216,64,104,0,1,758,0,7985.544204712
2,"map(to: a)",16777216,64,104,0,1,1218,0,8283.901214600
2,"map(to: a)",16777216,64,104,0,1,44,0,7262.158393860
2,"map(to: a)",16777216,64,104,0,1,71,0,7438.004016876
2,"map(to: a)",16777216,64,104,0,1,114,0,7506.608963013
2,"map(to: a)",16777216,64,104,0,1,294,0,7444.894313812
2,"map(to: a)",16777216,64,104,0,1,7,0,7338.643074036
2,"map(to: a)",16777216,64,104,0,1,183,0,7465.207576752
2,"map(to: a)",16777216,64,104,0,1,8096,0,14181.447029114
2,"map(to: a)",16777216,64,104,0,1,472,0,7651.698589325
2,"map(to: a)",16777216,64,104,0,1,1955,0,8977.603912354
2,"map(to: a)",16777216,64,104,0,1,3,0,7338.249683380
2,"map(to: a)",16777216,64,104,0,1,5042,0,11525.499820709
2,"map(to: a)",16777216,64,104,0,2,3,0,7155.251502991
2,"map(to: a)",16777216,64,104,0,2,44,0,7439.458370209
2,"map(to: a)",16777216,64,104,0,2,1,0,7237.851619720
2,"map(to: a)",16777216,64,104,0,2,183,0,7443.153858185
2,"map(to: a)",16777216,64,104,0,2,294,0,7691.144943237
2,"map(to: a)",16777216,64,104,0,2,5042,0,11542.952060699
2,"map(to: a)",16777216,64,104,0,2,7,0,7275.748252869
2,"map(to: a)",16777216,64,104,0,2,8096,0,14168.155193329
2,"map(to: a)",16777216,64,104,0,2,2,0,7328.748703003
2,"map(to: a)",16777216,64,104,0,2,114,0,7261.002063751
2,"map(to: a)",16777216,64,104,0,2,71,0,7405.900955200
2,"map(to: a)",16777216,64,104,0,2,1955,0,8975.589275360
2,"map(to: a)",16777216,64,104,0,2,17,0,7329.058647156
2,"map(to: a)",16777216,64,104,0,2,472,0,7676.744461060
2,"map(to: a)",16777216,64,104,0,2,11,0,7377.004623413
2,"map(to: a)",16777216,64,104,0,2,1218,0,8253.097534180
2,"map(to: a)",16777216,64,104,0,2,4,0,7265.698909760
2,"map(to: a)",16777216,64,104,0,2,3140,0,10085.010528564
2,"map(to: a)",16777216,64,104,0,2,758,0,8011.448383331
2,"map(to: a)",16777216,64,104,0,2,28,0,7277.405261993
2,"map(to: a)",16777216,64,104,0,3,11,0,7250.356674194
2,"map(to: a)",16777216,64,104,0,3,4,0,7409.954071045
2,"map(to: a)",16777216,64,104,0,3,5042,0,11584.341526031
2,"map(to: a)",16777216,64,104,0,3,183,0,7427.656650543
2,"map(to: a)",16777216,64,104,0,3,17,0,7471.752166748
2,"map(to: a)",16777216,64,104,0,3,3,0,7173.597812653
2,"map(to: a)",16777216,64,104,0,3,28,0,7306.551933289
2,"map(to: a)",16777216,64,104,0,3,1218,0,8512.699604034
2,"map(to: a)",16777216,64,104,0,3,114,0,7254.302501678
2,"map(to: a)",16777216,64,104,0,3,758,0,7863.700389862
2,"map(to: a)",16777216,64,104,0,3,1955,0,9049.105644226
2,"map(to: a)",16777216,64,104,0,3,472,0,7605.445384979
2,"map(to: a)",16777216,64,104,0,3,7,0,7264.244556427
2,"map(to: a)",16777216,64,104,0,3,44,0,7431.292533875
2,"map(to: a)",16777216,64,104,0,3,3140,0,9995.353221893
2,"map(to: a)",16777216,64,104,0,3,8096,0,14093.399047852
2,"map(to: a)",16777216,64,104,0,3,71,0,7386.398315430
2,"map(to: a)",16777216,64,104,0,3,1,0,7365.500926971
2,"map(to: a)",16777216,64,104,0,3,2,0,7181.549072266
2,"map(to: a)",16777216,64,104,0,3,294,0,7522.559165955
2,"map(to: a)",16777216,64,104,0,4,3,0,7387.995719910
2,"map(to: a)",16777216,64,104,0,4,8096,0,14139.258861542
2,"map(to: a)",16777216,64,104,0,4,1,0,7265.806198120
2,"map(to: a)",16777216,64,104,0,4,28,0,7406.842708588
2,"map(to: a)",16777216,64,104,0,4,17,0,7193.791866302
2,"map(to: a)",16777216,64,104,0,4,5042,0,11591.255664825
2,"map(to: a)",16777216,64,104,0,4,7,0,7398.808002472
2,"map(to: a)",16777216,64,104,0,4,114,0,7415.902614594
2,"map(to: a)",16777216,64,104,0,4,44,0,7219.600677490
2,"map(to: a)",16777216,64,104,0,4,2,0,7363.200187683
2,"map(to: a)",16777216,64,104,0,4,294,0,7650.101184845
2,"map(to: a)",16777216,64,104,0,4,758,0,7827.794551849
2,"map(to: a)",16777216,64,104,0,4,183,0,7479.000091553
2,"map(to: a)",16777216,64,104,0,4,4,0,7220.995426178
2,"map(to: a)",16777216,64,104,0,4,1218,0,8256.602287292
2,"map(to: a)",16777216,64,104,0,4,71,0,7439.446449280
2,"map(to: a)",16777216,64,104,0,4,1955,0,9038.352966309
2,"map(to: a)",16777216,64,104,0,4,11,0,7222.795486450
2,"map(to: a)",16777216,64,104,0,4,472,0,7686.340808868
2,"map(to: a)",16777216,64,104,0,4,3140,0,10039.198398590
2,"map(to: a)",16777216,64,104,1,0,2,0,7294.452190399
2,"map(to: a)",16777216,64,104,1,0,4,0,7259.452342987
2,"map(to: a)",16777216,64,104,1,0,472,0,7648.956775665
2,"map(to: a)",16777216,64,104,1,0,3140,0,10114.145278931
2,"map(to: a)",16777216,64,104,1,0,183,0,7426.607608795
2,"map(to: a)",16777216,64,104,1,0,28,0,7288.205623627
2,"map(to: a)",16777216,64,104,1,0,71,0,7407.104969025
2,"map(to: a)",16777216,64,104,1,0,1218,0,8337.855339050
2,"map(to: a)",16777216,64,104,1,0,294,0,7526.051998138
2,"map(to: a)",16777216,64,104,1,0,1,0,7331.347465515
2,"map(to: a)",16777216,64,104,1,0,7,0,7514.452934265
2,"map(to: a)",16777216,64,104,1,0,1955,0,8996.248245239
2,"map(to: a)",16777216,64,104,1,0,758,0,8010.852336884
2,"map(to: a)",16777216,64,104,1,0,114,0,7367.599010468
2,"map(to: a)",16777216,64,104,1,0,11,0,7258.450984955
2,"map(to: a)",16777216,64,104,1,0,3,0,7307.207584381
2,"map(to: a)",16777216,64,104,1,0,8096,0,14311.754703522
2,"map(to: a)",16777216,64,104,1,0,44,0,7292.711734772
2,"map(to: a)",16777216,64,104,1,0,17,0,7289.004325867
2,"map(to: a)",16777216,64,104,1,0,5042,0,11602.652072906
2,"map(to: a)",16777216,64,104,1,1,758,0,7847.547531128
2,"map(to: a)",16777216,64,104,1,1,3,0,7268.750667572
2,"map(to: a)",16777216,64,104,1,1,3140,0,10116.052627563
2,"map(to: a)",16777216,64,104,1,1,1955,0,8997.058868408
2,"map(to: a)",16777216,64,104,1,1,44,0,7304.596900940
2,"map(to: a)",16777216,64,104,1,1,17,0,7285.451889038
2,"map(to: a)",16777216,64,104,1,1,294,0,7626.545429230
2,"map(to: a)",16777216,64,104,1,1,28,0,7253.146171570
2,"map(to: a)",16777216,64,104,1,1,114,0,7371.449470520
2,"map(to: a)",16777216,64,104,1,1,2,0,7438.492774963
2,"map(to: a)",16777216,64,104,1,1,7,0,7210.052013397
2,"map(to: a)",16777216,64,104,1,1,183,0,7426.857948303
2,"map(to: a)",16777216,64,104,1,1,8096,0,14293.599128723
2,"map(to: a)",16777216,64,104,1,1,11,0,7111.394405365
2,"map(to: a)",16777216,64,104,1,1,1,0,7305.145263672
2,"map(to: a)",16777216,64,104,1,1,1218,0,8500.599861145
2,"map(to: a)",16777216,64,104,1,1,472,0,7618.999481201
2,"map(to: a)",16777216,64,104,1,1,71,0,7318.997383118
2,"map(to: a)",16777216,64,104,1,1,5042,0,11677.849292755
2,"map(to: a)",16777216,64,104,1,1,4,0,7298.552989960
2,"map(to: a)",16777216,64,104,1,2,2,0,7183.146476746
2,"map(to: a)",16777216,64,104,1,2,71,0,7290.196418762
2,"map(to: a)",16777216,64,104,1,2,17,0,7451.510429382
2,"map(to: a)",16777216,64,104,1,2,472,0,7573.306560516
2,"map(to: a)",16777216,64,104,1,2,5042,0,11586.451530457
2,"map(to: a)",16777216,64,104,1,2,28,0,7472.145557404
2,"map(to: a)",16777216,64,104,1,2,44,0,7235.598564148
2,"map(to: a)",16777216,64,104,1,2,1218,0,8286.893367767
2,"map(to: a)",16777216,64,104,1,2,4,0,7362.103462219
2,"map(to: a)",16777216,64,104,1,2,1955,0,8926.892280579
2,"map(to: a)",16777216,64,104,1,2,183,0,7415.449619293
2,"map(to: a)",16777216,64,104,1,2,7,0,7365.751266479
2,"map(to: a)",16777216,64,104,1,2,758,0,7971.251010895
2,"map(to: a)",16777216,64,104,1,2,1,0,7189.345359802
2,"map(to: a)",16777216,64,104,1,2,3140,0,10083.210468292
2,"map(to: a)",16777216,64,104,1,2,8096,0,14254.999160767
2,"map(to: a)",16777216,64,104,1,2,3,0,7169.902324677
2,"map(to: a)",16777216,64,104,1,2,114,0,7423.806190491
2,"map(to: a)",16777216,64,104,1,2,11,0,7244.992256165
2,"map(to: a)",16777216,64,104,1,2,294,0,7399.153709412
2,"map(to: a)",16777216,64,104,1,3,1,0,7375.800609589
2,"map(to: a)",16777216,64,104,1,3,17,0,7273.089885712
2,"map(to: a)",16777216,64,104,1,3,294,0,7481.694221497
2,"map(to: a)",16777216,64,104,1,3,5042,0,11652.159690857
2,"map(to: a)",16777216,64,104,1,3,114,0,7344.806194305
2,"map(to: a)",16777216,64,104,1,3,28,0,7337.045669556
2,"map(to: a)",16777216,64,104,1,3,1218,0,8255.350589752
2,"map(to: a)",16777216,64,104,1,3,2,0,7130.193710327
2,"map(to: a)",16777216,64,104,1,3,3,0,7262.098789215
2,"map(to: a)",16777216,64,104,1,3,4,0,7291.305065155
2,"map(to: a)",16777216,64,104,1,3,758,0,7902.503013611
2,"map(to: a)",16777216,64,104,1,3,11,0,7367.193698883
2,"map(to: a)",16777216,64,104,1,3,44,0,7203.042507172
2,"map(to: a)",16777216,64,104,1,3,472,0,7745.659351349
2,"map(to: a)",16777216,64,104,1,3,7,0,7358.849048615
2,"map(to: a)",16777216,64,104,1,3,1955,0,8853.352069855
2,"map(to: a)",16777216,64,104,1,3,71,0,7392.501831055
2,"map(to: a)",16777216,64,104,1,3,183,0,7410.299777985
2,"map(to: a)",16777216,64,104,1,3,8096,0,14144.551753998
2,"map(to: a)",16777216,64,104,1,3,3140,0,9966.349601746
2,"map(to: a)",16777216,64,104,1,4,472,0,7660.543918610
2,"map(to: a)",16777216,64,104,1,4,71,0,7387.351989746
2,"map(to: a)",16777216,64,104,1,4,1,0,7237.601280212
2,"map(to: a)",16777216,64,104,1,4,11,0,7271.301746368
2,"map(to: a)",16777216,64,104,1,4,4,0,7362.103462219
2,"map(to: a)",16777216,64,104,1,4,3140,0,9942.543506622
2,"map(to: a)",16777216,64,104,1,4,28,0,7275.450229645
2,"map(to: a)",16777216,64,104,1,4,1218,0,8451.092243195
2,"map(to: a)",16777216,64,104,1,4,2,0,7285.094261169
2,"map(to: a)",16777216,64,104,1,4,183,0,7403.397560120
2,"map(to: a)",16777216,64,104,1,4,5042,0,11657.142639160
2,"map(to: a)",16777216,64,104,1,4,114,0,7460.010051727
2,"map(to: a)",16777216,64,104,1,4,3,0,7178.103923798
2,"map(to: a)",16777216,64,104,1,4,44,0,7554.399967194
2,"map(to: a)",16777216,64,104,1,4,758,0,7975.149154663
2,"map(to: a)",16777216,64,104,1,4,8096,0,14073.300361633
2,"map(to: a)",16777216,64,104,1,4,1955,0,8987.593650818
2,"map(to: a)",16777216,64,104,1,4,294,0,7693.755626678
2,"map(to: a)",16777216,64,104,1,4,7,0,7159.292697906
2,"map(to: a)",16777216,64,104,1,4,17,0,7267.451286316
3,"map(from: a)",1,64,104,0,0,7,0,463.902950287
3,"map(from: a)",1,64,104,0,0,114,0,559.103488922
3,"map(from: a)",1,64,104,0,0,3,0,462.245941162
3,"map(from: a)",1,64,104,0,0,17,0,474.548339844
3,"map(from: a)",1,64,104,0,0,1,0,460.803508759
3,"map(from: a)",1,64,104,0,0,44,0,497.496128082
3,"map(from: a)",1,64,104,0,0,294,0,709.700584412
3,"map(from: a)",1,64,104,0,0,3140,0,3166.294097900
3,"map(from: a)",1,64,104,0,0,4,0,463.342666626
3,"map(from: a)",1,64,104,0,0,1955,0,2142.405509949
3,"map(from: a)",1,64,104,0,0,183,0,617.396831512
3,"map(from: a)",1,64,104,0,0,8096,0,7353.699207306
3,"map(from: a)",1,64,104,0,0,758,0,1109.147071838
3,"map(from: a)",1,64,104,0,0,71,0,521.099567413
3,"map(from: a)",1,64,104,0,0,2,0,460.803508759
3,"map(from: a)",1,64,104,0,0,11,0,468.790531158
3,"map(from: a)",1,64,104,0,0,28,0,483.405590057
3,"map(from: a)",1,64,104,0,0,5042,0,4834.651947021
3,"map(from: a)",1,64,104,0,0,1218,0,1501.393318176
3,"map(from: a)",1,64,104,0,0,472,0,860.500335693
3,"map(from: a)",1,64,104,0,1,4,0,463.199615479
3,"map(from: a)",1,64,104,0,1,1,0,460.803508759
3,"map(from: a)",1,64,104,0,1,17,0,475.096702576
3,"map(from: a)",1,64,104,0,1,28,0,484.454631805
3,"map(from: a)",1,64,104,0,1,11,0,468.254089355
3,"map(from: a)",1,64,104,0,1,3140,0,3140.497207642
3,"map(from: a)",1,64,104,0,1,2,0,460.696220398
3,"map(from: a)",1,64,104,0,1,758,0,1102.495193481
3,"map(from: a)",1,64,104,0,1,1218,0,1502.048969269
3,"map(from: a)",1,64,104,0,1,44,0,497.794151306
3,"map(from: a)",1,64,104,0,1,71,0,520.503520966
3,"map(from: a)",1,64,104,0,1,114,0,559.496879578
3,"map(from: a)",1,64,104,0,1,294,0,707.507133484
3,"map(from: a)",1,64,104,0,1,7,0,465.250015259
3,"map(from: a)",1,64,104,0,1,183,0,616.705417633
3,"map(from: a)",1,64,104,0,1,8096,0,7368.850708008
3,"map(from: a)",1,64,104,0,1,472,0,868.642330170
3,"map(from: a)",1,64,104,0,1,1955,0,2134.191989899
3,"map(from: a)",1,64,104,0,1,3,0,461.602210999
3,"map(from: a)",1,64,104,0,1,5042,0,4836.404323578
3,"map(from: a)",1,64,104,0,2,3,0,461.399555206
3,"map(from: a)",1,64,104,0,2,44,0,497.543811798
3,"map(from: a)",1,64,104,0,2,1,0,460.648536682
3,"map(from: a)",1,64,104,0,2,183,0,616.455078125
3,"map(from: a)",1,64,104,0,2,294,0,714.504718781
3,"map(from: a)",1,64,104,0,2,5042,0,4775.297641754
3,"map(from: a)",1,64,104,0,2,7,0,464.797019958
3,"map(from: a)",1,64,104,0,2,8096,0,7423.400878906
3,"map(from: a)",1,64,104,0,2,2,0,459.849834442
3,"map(from: a)",1,64,104,0,2,114,0,558.340549469
3,"map(from: a)",1,64,104,0,2,71,0,521.099567413
3,"map(from: a)",1,64,104,0,2,1955,0,2119.851112366
3,"map(from: a)",1,64,104,0,2,17,0,475.299358368
3,"map(from: a)",1,64,104,0,2,472,0,860.106945038
3,"map(from: a)",1,64,104,0,2,11,0,467.550754547
3,"map(from: a)",1,64,104,0,2,1218,0,1515.650749207
3,"map(from: a)",1,64,104,0,2,4,0,462.806224823
3,"map(from: a)",1,64,104,0,2,3140,0,3154.802322388
3,"map(from: a)",1,64,104,0,2,758,0,1110.744476318
3,"map(from: a)",1,64,104,0,2,28,0,482.952594757
3,"map(from: a)",1,64,104,0,3,11,0,468.146800995
3,"map(from: a)",1,64,104,0,3,4,0,463.151931763
3,"map(from: a)",1,64,104,0,3,5042,0,4757.642745972
3,"map(from: a)",1,64,104,0,3,183,0,618.994235992
3,"map(from: a)",1,64,104,0,3,17,0,473.809242249
3,"map(from: a)",1,64,104,0,3,3,0,461.399555206
3,"map(from: a)",1,64,104,0,3,28,0,483.095645905
3,"map(from: a)",1,64,104,0,3,1218,0,1484.847068787
3,"map(from: a)",1,64,104,0,3,114,0,558.352470398
3,"map(from: a)",1,64,104,0,3,758,0,1105.856895447
3,"map(from: a)",1,64,104,0,3,1955,0,2115.702629089
3,"map(from: a)",1,64,104,0,3,472,0,867.402553558
3,"map(from: a)",1,64,104,0,3,7,0,464.844703674
3,"map(from: a)",1,64,104,0,3,44,0,497.794151306
3,"map(from: a)",1,64,104,0,3,3140,0,3133.094310760
3,"map(from: a)",1,64,104,0,3,8096,0,7360.708713531
3,"map(from: a)",1,64,104,0,3,71,0,521.600246429
3,"map(from: a)",1,64,104,0,3,1,0,460.946559906
3,"map(from: a)",1,64,104,0,3,2,0,460.302829742
3,"map(from: a)",1,64,104,0,3,294,0,715.494155884
3,"map(from: a)",1,64,104,0,4,3,0,461.649894714
3,"map(from: a)",1,64,104,0,4,8096,0,7459.139823914
3,"map(from: a)",1,64,104,0,4,1,0,461.006164551
3,"map(from: a)",1,64,104,0,4,28,0,483.047962189
3,"map(from: a)",1,64,104,0,4,17,0,475.108623505
3,"map(from: a)",1,64,104,0,4,5042,0,4805.004596710
3,"map(from: a)",1,64,104,0,4,7,0,465.643405914
3,"map(from: a)",1,64,104,0,4,114,0,561.559200287
3,"map(from: a)",1,64,104,0,4,44,0,497.102737427
3,"map(from: a)",1,64,104,0,4,2,0,461.041927338
3,"map(from: a)",1,64,104,0,4,294,0,711.095333099
3,"map(from: a)",1,64,104,0,4,758,0,1104.295253754
3,"map(from: a)",1,64,104,0,4,183,0,618.851184845
3,"map(from: a)",1,64,104,0,4,4,0,463.998317719
3,"map(from: a)",1,64,104,0,4,1218,0,1493.251323700
3,"map(from: a)",1,64,104,0,4,71,0,521.755218506
3,"map(from: a)",1,64,104,0,4,1955,0,2108.407020569
3,"map(from: a)",1,64,104,0,4,11,0,468.790531158
3,"map(from: a)",1,64,104,0,4,472,0,864.160060883
3,"map(from: a)",1,64,104,0,4,3140,0,3139.197826385
3,"map(from: a)",1,64,104,1,0,2,0,460.803508759
3,"map(from: a)",1,64,104,1,0,4,0,463.354587555
3,"map(from: a)",1,64,104,1,0,472,0,861.394405365
3,"map(from: a)",1,64,104,1,0,3140,0,3164.803981781
3,"map(from: a)",1,64,104,1,0,183,0,615.847110748
3,"map(from: a)",1,64,104,1,0,28,0,483.596324921
3,"map(from: a)",1,64,104,1,0,71,0,520.801544189
3,"map(from: a)",1,64,104,1,0,1218,0,1494.443416595
3,"map(from: a)",1,64,104,1,0,294,0,712.394714355
3,"map(from: a)",1,64,104,1,0,1,0,460.505485535
3,"map(from: a)",1,64,104,1,0,7,0,464.844703674
3,"map(from: a)",1,64,104,1,0,1955,0,2136.659622192
3,"map(from: a)",1,64,104,1,0,758,0,1099.550724030
3,"map(from: a)",1,64,104,1,0,114,0,558.209419250
3,"map(from: a)",1,64,104,1,0,11,0,468.504428864
3,"map(from: a)",1,64,104,1,0,3,0,461.661815643
3,"map(from: a)",1,64,104,1,0,8096,0,7407.248020172
3,"map(from: a)",1,64,104,1,0,44,0,497.901439667
3,"map(from: a)",1,64,104,1,0,17,0,474.798679352
3,"map(from: a)",1,64,104,1,0,5042,0,4852.151870728
3,"map(from: a)",1,64,104,1,1,758,0,1105.499267578
3,"map(from: a)",1,64,104,1,1,3,0,461.399555206
3,"map(from: a)",1,64,104,1,1,3140,0,3142.249584198
3,"map(from: a)",1,64,104,1,1,1955,0,2122.807502747
3,"map(from: a)",1,64,104,1,1,44,0,499.248504639
3,"map(from: a)",1,64,104,1,1,17,0,475.144386292
3,"map(from: a)",1,64,104,1,1,294,0,711.202621460
3,"map(from: a)",1,64,104,1,1,28,0,484.502315521
3,"map(from: a)",1,64,104,1,1,114,0,555.646419525
3,"map(from: a)",1,64,104,1,1,2,0,461.053848267
3,"map(from: a)",1,64,104,1,1,7,0,464.999675751
3,"map(from: a)",1,64,104,1,1,183,0,614.249706268
3,"map(from: a)",1,64,104,1,1,8096,0,7434.201240540
3,"map(from: a)",1,64,104,1,1,11,0,469.052791595
3,"map(from: a)",1,64,104,1,1,1,0,460.803508759
3,"map(from: a)",1,64,104,1,1,1218,0,1511.049270630
3,"map(from: a)",1,64,104,1,1,472,0,857.901573181
3,"map(from: a)",1,64,104,1,1,71,0,520.908832550
3,"map(from: a)",1,64,104,1,1,5042,0,4772.949218750
3,"map(from: a)",1,64,104,1,1,4,0,463.449954987
3,"map(from: a)",1,64,104,1,2,2,0,460.851192474
3,"map(from: a)",1,64,104,1,2,71,0,521.254539490
3,"map(from: a)",1,64,104,1,2,17,0,474.655628204
3,"map(from: a)",1,64,104,1,2,472,0,869.548320770
3,"map(from: a)",1,64,104,1,2,5042,0,4731.905460358
3,"map(from: a)",1,64,104,1,2,28,0,483.202934265
3,"map(from: a)",1,64,104,1,2,44,0,498.056411743
3,"map(from: a)",1,64,104,1,2,1218,0,1495.146751404
3,"map(from: a)",1,64,104,1,2,4,0,464.010238647
3,"map(from: a)",1,64,104,1,2,1955,0,2128.493785858
3,"map(from: a)",1,64,104,1,2,183,0,614.500045776
3,"map(from: a)",1,64,104,1,2,7,0,465.798377991
3,"map(from: a)",1,64,104,1,2,758,0,1101.052761078
3,"map(from: a)",1,64,104,1,2,1,0,460.648536682
3,"map(from: a)",1,64,104,1,2,3140,0,3150.153160095
3,"map(from: a)",1,64,104,1,2,8096,0,7353.794574738
3,"map(from: a)",1,64,104,1,2,3,0,461.697578430
3,"map(from: a)",1,64,104,1,2,114,0,557.601451874
3,"map(from: a)",1,64,104,1,2,11,0,468.254089355
3,"map(from: a)",1,64,104,1,2,294,0,714.397430420
3,"map(from: a)",1,64,104,1,3,1,0,461.089611053
3,"map(from: a)",1,64,104,1,3,17,0,475.800037384
3,"map(from: a)",1,64,104,1,3,294,0,712.454319000
3,"map(from: a)",1,64,104,1,3,5042,0,4749.548435211
3,"map(from: a)",1,64,104,1,3,114,0,558.209419250
3,"map(from: a)",1,64,104,1,3,28,0,483.155250549
3,"map(from: a)",1,64,104,1,3,1218,0,1494.550704956
3,"map(from: a)",1,64,104,1,3,2,0,461.304187775
3,"map(from: a)",1,64,104,1,3,3,0,461.196899414
3,"map(from: a)",1,64,104,1,3,4,0,463.306903839
3,"map(from: a)",1,64,104,1,3,758,0,1111.805438995
3,"map(from: a)",1,64,104,1,3,11,0,468.397140503
3,"map(from: a)",1,64,104,1,3,44,0,498.890876770
3,"map(from: a)",1,64,104,1,3,472,0,863.397121429
3,"map(from: a)",1,64,104,1,3,7,0,465.750694275
3,"map(from: a)",1,64,104,1,3,1955,0,2152.895927429
3,"map(from: a)",1,64,104,1,3,71,0,520.694255829
3,"map(from: a)",1,64,104,1,3,183,0,617.659091949
3,"map(from: a)",1,64,104,1,3,8096,0,7369.351387024
3,"map(from: a)",1,64,104,1,3,3140,0,3126.096725464
3,"map(from: a)",1,64,104,1,4,472,0,867.843627930
3,"map(from: a)",1,64,104,1,4,71,0,521.004199982
3,"map(from: a)",1,64,104,1,4,1,0,460.457801819
3,"map(from: a)",1,64,104,1,4,11,0,469.601154327
3,"map(from: a)",1,64,104,1,4,4,0,463.402271271
3,"map(from: a)",1,64,104,1,4,3140,0,3164.947032928
3,"map(from: a)",1,64,104,1,4,28,0,483.453273773
3,"map(from: a)",1,64,104,1,4,1218,0,1494.455337524
3,"map(from: a)",1,64,104,1,4,2,0,461.149215698
3,"map(from: a)",1,64,104,1,4,183,0,617.647171021
3,"map(from: a)",1,64,104,1,4,5042,0,4771.947860718
3,"map(from: a)",1,64,104,1,4,114,0,559.401512146
3,"map(from: a)",1,64,104,1,4,3,0,461.351871490
3,"map(from: a)",1,64,104,1,4,44,0,498.855113983
3,"map(from: a)",1,64,104,1,4,758,0,1105.797290802
3,"map(from: a)",1,64,104,1,4,8096,0,7323.408126831
3,"map(from: a)",1,64,104,1,4,1955,0,2143.907546997
3,"map(from: a)",1,64,104,1,4,294,0,710.952281952
3,"map(from: a)",1,64,104,1,4,7,0,465.750694275
3,"map(from: a)",1,64,104,1,4,17,0,475.049018860
3,"map(from: a)",4,64,104,0,0,7,0,463.950634003
3,"map(from: a)",4,64,104,0,0,114,0,559.544563293
3,"map(from: a)",4,64,104,0,0,3,0,462.698936462
3,"map(from: a)",4,64,104,0,0,17,0,474.202632904
3,"map(from: a)",4,64,104,0,0,1,0,461.602210999
3,"map(from: a)",4,64,104,0,0,44,0,498.950481415
3,"map(from: a)",4,64,104,0,0,294,0,710.356235504
3,"map(from: a)",4,64,104,0,0,3140,0,3160.548210144
3,"map(from: a)",4,64,104,0,0,4,0,463.497638702
3,"map(from: a)",4,64,104,0,0,1955,0,2138.841152191
3,"map(from: a)",4,64,104,0,0,183,0,617.146492004
3,"map(from: a)",4,64,104,0,0,8096,0,7396.006584167
3,"map(from: a)",4,64,104,0,0,758,0,1110.446453094
3,"map(from: a)",4,64,104,0,0,71,0,521.504878998
3,"map(from: a)",4,64,104,0,0,2,0,460.457801819
3,"map(from: a)",4,64,104,0,0,11,0,468.957424164
3,"map(from: a)",4,64,104,0,0,28,0,483.298301697
3,"map(from: a)",4,64,104,0,0,5042,0,4815.196990967
3,"map(from: a)",4,64,104,0,0,1218,0,1511.502265930
3,"map(from: a)",4,64,104,0,0,472,0,861.251354218
3,"map(from: a)",4,64,104,0,1,4,0,463.354587555
3,"map(from: a)",4,64,104,0,1,1,0,460.946559906
3,"map(from: a)",4,64,104,0,1,17,0,474.894046783
3,"map(from: a)",4,64,104,0,1,28,0,483.751296997
3,"map(from: a)",4,64,104,0,1,11,0,467.896461487
3,"map(from: a)",4,64,104,0,1,3140,0,3161.704540253
3,"map(from: a)",4,64,104,0,1,2,0,460.600852966
3,"map(from: a)",4,64,104,0,1,758,0,1104.652881622
3,"map(from: a)",4,64,104,0,1,1218,0,1502.656936646
3,"map(from: a)",4,64,104,0,1,44,0,498.151779175
3,"map(from: a)",4,64,104,0,1,71,0,520.491600037
3,"map(from: a)",4,64,104,0,1,114,0,558.996200562
3,"map(from: a)",4,64,104,0,1,294,0,709.450244904
3,"map(from: a)",4,64,104,0,1,7,0,464.844703674
3,"map(from: a)",4,64,104,0,1,183,0,617.051124573
3,"map(from: a)",4,64,104,0,1,8096,0,7338.905334473
3,"map(from: a)",4,64,104,0,1,472,0,865.948200226
3,"map(from: a)",4,64,104,0,1,1955,0,2126.705646515
3,"map(from: a)",4,64,104,0,1,3,0,461.554527283
3,"map(from: a)",4,64,104,0,1,5042,0,4837.954044342
3,"map(from: a)",4,64,104,0,2,3,0,461.542606354
3,"map(from: a)",4,64,104,0,2,44,0,497.746467590
3,"map(from: a)",4,64,104,0,2,1,0,460.851192474
3,"map(from: a)",4,64,104,0,2,183,0,614.905357361
3,"map(from: a)",4,64,104,0,2,294,0,712.454319000
3,"map(from: a)",4,64,104,0,2,5042,0,4778.647422791
3,"map(from: a)",4,64,104,0,2,7,0,465.250015259
3,"map(from: a)",4,64,104,0,2,8096,0,7480.740547180
3,"map(from: a)",4,64,104,0,2,2,0,460.350513458
3,"map(from: a)",4,64,104,0,2,114,0,558.304786682
3,"map(from: a)",4,64,104,0,2,71,0,520.145893097
3,"map(from: a)",4,64,104,0,2,1955,0,2124.547958374
3,"map(from: a)",4,64,104,0,2,17,0,475.239753723
3,"map(from: a)",4,64,104,0,2,472,0,863.707065582
3,"map(from: a)",4,64,104,0,2,11,0,468.444824219
3,"map(from: a)",4,64,104,0,2,1218,0,1513.743400574
3,"map(from: a)",4,64,104,0,2,4,0,463.199615479
3,"map(from: a)",4,64,104,0,2,3140,0,3161.597251892
3,"map(from: a)",4,64,104,0,2,758,0,1108.801364899
3,"map(from: a)",4,64,104,0,2,28,0,482.845306396
3,"map(from: a)",4,64,104,0,3,11,0,468.945503235
3,"map(from: a)",4,64,104,0,3,4,0,462.901592255
3,"map(from: a)",4,64,104,0,3,5042,0,4771.900177002
3,"map(from: a)",4,64,104,0,3,183,0,617.146492004
3,"map(from: a)",4,64,104,0,3,17,0,474.202632904
3,"map(from: a)",4,64,104,0,3,3,0,461.101531982
3,"map(from: a)",4,64,104,0,3,28,0,483.441352844
3,"map(from: a)",4,64,104,0,3,1218,0,1493.489742279
3,"map(from: a)",4,64,104,0,3,114,0,558.400154114
3,"map(from: a)",4,64,104,0,3,758,0,1103.496551514
3,"map(from: a)",4,64,104,0,3,1955,0,2116.644382477
3,"map(from: a)",4,64,104,0,3,472,0,868.952274323
3,"map(from: a)",4,64,104,0,3,7,0,465.095043182
3,"map(from: a)",4,64,104,0,3,44,0,497.603416443
3,"map(from: a)",4,64,104,0,3,3140,0,3157.460689545
3,"map(from: a)",4,64,104,0,3,8096,0,7355.046272278
3,"map(from: a)",4,64,104,0,3,71,0,521.802902222
3,"map(from: a)",4,64,104,0,3,1,0,460.195541382
3,"map(from: a)",4,64,104,0,3,2,0,460.553169250
3,"map(from: a)",4,64,104,0,3,294,0,715.601444244
3,"map(from: a)",4,64,104,0,4,3,0,461.399555206
3,"map(from: a)",4,64,104,0,4,8096,0,7441.353797913
3,"map(from: a)",4,64,104,0,4,1,0,461.041927338
3,"map(from: a)",4,64,104,0,4,28,0,482.642650604
3,"map(from: a)",4,64,104,0,4,17,0,475.800037384
3,"map(from: a)",4,64,104,0,4,5042,0,4769.992828369
3,"map(from: a)",4,64,104,0,4,7,0,465.548038483
3,"map(from: a)",4,64,104,0,4,114,0,558.650493622
3,"map(from: a)",4,64,104,0,4,44,0,497.448444366
3,"map(from: a)",4,64,104,0,4,2,0,460.505485535
3,"map(from: a)",4,64,104,0,4,294,0,710.594654083
3,"map(from: a)",4,64,104,0,4,758,0,1104.652881622
3,"map(from: a)",4,64,104,0,4,183,0,617.802143097
3,"map(from: a)",4,64,104,0,4,4,0,463.604927063
3,"map(from: a)",4,64,104,0,4,1218,0,1502.108573914
3,"map(from: a)",4,64,104,0,4,71,0,522.196292877
3,"map(from: a)",4,64,104,0,4,1955,0,2109.646797180
3,"map(from: a)",4,64,104,0,4,11,0,469.052791595
3,"map(from: a)",4,64,104,0,4,472,0,863.051414490
3,"map(from: a)",4,64,104,0,4,3140,0,3123.307228088
3,"map(from: a)",4,64,104,1,0,2,0,460.755825043
3,"map(from: a)",4,64,104,1,0,4,0,462.901592255
3,"map(from: a)",4,64,104,1,0,472,0,862.395763397
3,"map(from: a)",4,64,104,1,0,3140,0,3176.105022430
3,"map(from: a)",4,64,104,1,0,183,0,613.951683044
3,"map(from: a)",4,64,104,1,0,28,0,483.751296997
3,"map(from: a)",4,64,104,1,0,71,0,521.242618561
3,"map(from: a)",4,64,104,1,0,1218,0,1494.598388672
3,"map(from: a)",4,64,104,1,0,294,0,714.695453644
3,"map(from: a)",4,64,104,1,0,1,0,460.755825043
3,"map(from: a)",4,64,104,1,0,7,0,465.250015259
3,"map(from: a)",4,64,104,1,0,1955,0,2145.099639893
3,"map(from: a)",4,64,104,1,0,758,0,1099.348068237
3,"map(from: a)",4,64,104,1,0,114,0,559.341907501
3,"map(from: a)",4,64,104,1,0,11,0,468.504428864
3,"map(from: a)",4,64,104,1,0,3,0,462.150573730
3,"map(from: a)",4,64,104,1,0,8096,0,7459.950447083
3,"map(from: a)",4,64,104,1,0,44,0,497.496128082
3,"map(from: a)",4,64,104,1,0,17,0,474.560260773
3,"map(from: a)",4,64,104,1,0,5042,0,4815.948009491
3,"map(from: a)",4,64,104,1,1,758,0,1102.900505066
3,"map(from: a)",4,64,104,1,1,3,0,461.602210999
3,"map(from: a)",4,64,104,1,1,3140,0,3153.252601624
3,"map(from: a)",4,64,104,1,1,1955,0,2121.102809906
3,"map(from: a)",4,64,104,1,1,44,0,498.354434967
3,"map(from: a)",4,64,104,1,1,17,0,474.298000336
3,"map(from: a)",4,64,104,1,1,294,0,712.251663208
3,"map(from: a)",4,64,104,1,1,28,0,483.250617981
3,"map(from: a)",4,64,104,1,1,114,0,556.302070618
3,"map(from: a)",4,64,104,1,1,2,0,460.505485535
3,"map(from: a)",4,64,104,1,1,7,0,465.154647827
3,"map(from: a)",4,64,104,1,1,183,0,614.655017853
3,"map(from: a)",4,64,104,1,1,8096,0,7407.104969025
3,"map(from: a)",4,64,104,1,1,11,0,468.659400940
3,"map(from: a)",4,64,104,1,1,1,0,460.410118103
3,"map(from: a)",4,64,104,1,1,1218,0,1516.354084015
3,"map(from: a)",4,64,104,1,1,472,0,861.501693726
3,"map(from: a)",4,64,104,1,1,71,0,521.492958069
3,"map(from: a)",4,64,104,1,1,5042,0,4781.603813171
3,"map(from: a)",4,64,104,1,1,4,0,462.555885315
3,"map(from: a)",4,64,104,1,2,2,0,460.398197174
3,"map(from: a)",4,64,104,1,2,71,0,520.944595337
3,"map(from: a)",4,64,104,1,2,17,0,474.596023560
3,"map(from: a)",4,64,104,1,2,472,0,870.203971863
3,"map(from: a)",4,64,104,1,2,5042,0,4734.301567078
3,"map(from: a)",4,64,104,1,2,28,0,483.751296997
3,"map(from: a)",4,64,104,1,2,44,0,497.293472290
3,"map(from: a)",4,64,104,1,2,1218,0,1488.244533539
3,"map(from: a)",4,64,104,1,2,4,0,462.806224823
3,"map(from: a)",4,64,104,1,2,1955,0,2128.946781158
3,"map(from: a)",4,64,104,1,2,183,0,615.704059601
3,"map(from: a)",4,64,104,1,2,7,0,465.250015259
3,"map(from: a)",4,64,104,1,2,758,0,1099.395751953
3,"map(from: a)",4,64,104,1,2,1,0,460.302829742
3,"map(from: a)",4,64,104,1,2,3140,0,3136.599063873
3,"map(from: a)",4,64,104,1,2,8096,0,7394.599914551
3,"map(from: a)",4,64,104,1,2,3,0,461.792945862
3,"map(from: a)",4,64,104,1,2,114,0,557.148456573
3,"map(from: a)",4,64,104,1,2,11,0,468.504428864
3,"map(from: a)",4,64,104,1,2,294,0,715.196132660
3,"map(from: a)",4,64,104,1,3,1,0,460.147857666
3,"map(from: a)",4,64,104,1,3,17,0,474.238395691
3,"map(from: a)",4,64,104,1,3,294,0,712.954998016
3,"map(from: a)",4,64,104,1,3,5042,0,4758.298397064
3,"map(from: a)",4,64,104,1,3,114,0,558.495521545
3,"map(from: a)",4,64,104,1,3,28,0,483.155250549
3,"map(from: a)",4,64,104,1,3,1218,0,1488.101482391
3,"map(from: a)",4,64,104,1,3,2,0,460.648536682
3,"map(from: a)",4,64,104,1,3,3,0,461.602210999
3,"map(from: a)",4,64,104,1,3,4,0,463.497638702
3,"map(from: a)",4,64,104,1,3,758,0,1108.956336975
3,"map(from: a)",4,64,104,1,3,11,0,468.707084656
3,"map(from: a)",4,64,104,1,3,44,0,498.354434967
3,"map(from: a)",4,64,104,1,3,472,0,861.799716949
3,"map(from: a)",4,64,104,1,3,7,0,465.393066406
3,"map(from: a)",4,64,104,1,3,1955,0,2147.197723389
3,"map(from: a)",4,64,104,1,3,71,0,520.741939545
3,"map(from: a)",4,64,104,1,3,183,0,618.600845337
3,"map(from: a)",4,64,104,1,3,8096,0,7407.248020172
3,"map(from: a)",4,64,104,1,3,3140,0,3122.794628143
3,"map(from: a)",4,64,104,1,4,472,0,867.891311646
3,"map(from: a)",4,64,104,1,4,71,0,520.741939545
3,"map(from: a)",4,64,104,1,4,1,0,460.445880890
3,"map(from: a)",4,64,104,1,4,11,0,468.945503235
3,"map(from: a)",4,64,104,1,4,4,0,463.497638702
3,"map(from: a)",4,64,104,1,4,3140,0,3168.904781342
3,"map(from: a)",4,64,104,1,4,28,0,484.049320221
3,"map(from: a)",4,64,104,1,4,1218,0,1489.055156708
3,"map(from: a)",4,64,104,1,4,2,0,461.447238922
3,"map(from: a)",4,64,104,1,4,183,0,616.002082825
3,"map(from: a)",4,64,104,1,4,5042,0,4765.999317169
3,"map(from: a)",4,64,104,1,4,114,0,558.745861053
3,"map(from: a)",4,64,104,1,4,3,0,461.554527283
3,"map(from: a)",4,64,104,1,4,44,0,498.449802399
3,"map(from: a)",4,64,104,1,4,758,0,1105.904579163
3,"map(from: a)",4,64,104,1,4,8096,0,7345.652580261
3,"map(from: a)",4,64,104,1,4,1955,0,2147.305011749
3,"map(from: a)",4,64,104,1,4,294,0,711.655616760
3,"map(from: a)",4,64,104,1,4,7,0,464.940071106
3,"map(from: a)",4,64,104,1,4,17,0,476.348400116
3,"map(from: a)",16,64,104,0,0,7,0,463.855266571
3,"map(from: a)",16,64,104,0,0,114,0,559.449195862
3,"map(from: a)",16,64,104,0,0,3,0,461.852550507
3,"map(from: a)",16,64,104,0,0,17,0,474.655628204
3,"map(from: a)",16,64,104,0,0,1,0,461.447238922
3,"map(from: a)",16,64,104,0,0,44,0,498.998165131
3,"map(from: a)",16,64,104,0,0,294,0,710.391998291
3,"map(from: a)",16,64,104,0,0,3140,0,3194.093704224
3,"map(from: a)",16,64,104,0,0,4,0,463.104248047
3,"map(from: a)",16,64,104,0,0,1955,0,2144.658565521
3,"map(from: a)",16,64,104,0,0,183,0,616.252422333
3,"map(from: a)",16,64,104,0,0,8096,0,7359.647750854
3,"map(from: a)",16,64,104,0,0,758,0,1115.500926971
3,"map(from: a)",16,64,104,0,0,71,0,521.647930145
3,"map(from: a)",16,64,104,0,0,2,0,460.648536682
3,"map(from: a)",16,64,104,0,0,11,0,469.148159027
3,"map(from: a)",16,64,104,0,0,28,0,482.845306396
3,"map(from: a)",16,64,104,0,0,5042,0,4838.943481445
3,"map(from: a)",16,64,104,0,0,1218,0,1496.696472168
3,"map(from: a)",16,64,104,0,0,472,0,859.451293945
3,"map(from: a)",16,64,104,0,1,4,0,463.342666626
3,"map(from: a)",16,64,104,0,1,1,0,460.898876190
3,"map(from: a)",16,64,104,0,1,17,0,475.001335144
3,"map(from: a)",16,64,104,0,1,28,0,483.942031860
3,"map(from: a)",16,64,104,0,1,11,0,468.242168427
3,"map(from: a)",16,64,104,0,1,3140,0,3155.493736267
3,"map(from: a)",16,64,104,0,1,2,0,460.851192474
3,"map(from: a)",16,64,104,0,1,758,0,1109.397411346
3,"map(from: a)",16,64,104,0,1,1218,0,1505.899429321
3,"map(from: a)",16,64,104,0,1,44,0,497.853755951
3,"map(from: a)",16,64,104,0,1,71,0,520.098209381
3,"map(from: a)",16,64,104,0,1,114,0,558.793544769
3,"map(from: a)",16,64,104,0,1,294,0,708.806514740
3,"map(from: a)",16,64,104,0,1,7,0,465.250015259
3,"map(from: a)",16,64,104,0,1,183,0,618.243217468
3,"map(from: a)",16,64,104,0,1,8096,0,7349.598407745
3,"map(from: a)",16,64,104,0,1,472,0,866.746902466
3,"map(from: a)",16,64,104,0,1,1955,0,2120.506763458
3,"map(from: a)",16,64,104,0,1,3,0,461.995601654
3,"map(from: a)",16,64,104,0,1,5042,0,4818.749427795
3,"map(from: a)",16,64,104,0,2,3,0,461.292266846
3,"map(from: a)",16,64,104,0,2,44,0,498.807430267
3,"map(from: a)",16,64,104,0,2,1,0,460.851192474
3,"map(from: a)",16,64,104,0,2,183,0,616.049766541
3,"map(from: a)",16,64,104,0,2,294,0,711.798667908
3,"map(from: a)",16,64,104,0,2,5042,0,4762.601852417
3,"map(from: a)",16,64,104,0,2,7,0,465.297698975
3,"map(from: a)",16,64,104,0,2,8096,0,7457.053661346
3,"map(from: a)",16,64,104,0,2,2,0,461.399555206
3,"map(from: a)",16,64,104,0,2,114,0,559.353828430
3,"map(from: a)",16,64,104,0,2,71,0,521.945953369
3,"map(from: a)",16,64,104,0,2,1955,0,2118.551731110
3,"map(from: a)",16,64,104,0,2,17,0,475.502014160
3,"map(from: a)",16,64,104,0,2,472,0,862.348079681
3,"map(from: a)",16,64,104,0,2,11,0,468.850135803
3,"map(from: a)",16,64,104,0,2,1218,0,1513.957977295
3,"map(from: a)",16,64,104,0,2,4,0,463.449954987
3,"map(from: a)",16,64,104,0,2,3140,0,3140.652179718
3,"map(from: a)",16,64,104,0,2,758,0,1108.896732330
3,"map(from: a)",16,64,104,0,2,28,0,483.596324921
3,"map(from: a)",16,64,104,0,3,11,0,468.301773071
3,"map(from: a)",16,64,104,0,3,4,0,463.545322418
3,"map(from: a)",16,64,104,0,3,5042,0,4759.550094604
3,"map(from: a)",16,64,104,0,3,183,0,619.602203369
3,"map(from: a)",16,64,104,0,3,17,0,474.107265472
3,"map(from: a)",16,64,104,0,3,3,0,461.852550507
3,"map(from: a)",16,64,104,0,3,28,0,483.357906342
3,"map(from: a)",16,64,104,0,3,1218,0,1497.542858124
3,"map(from: a)",16,64,104,0,3,114,0,559.449195862
3,"map(from: a)",16,64,104,0,3,758,0,1109.552383423
3,"map(from: a)",16,64,104,0,3,1955,0,2116.549015045
3,"map(from: a)",16,64,104,0,3,472,0,868.749618530
3,"map(from: a)",16,64,104,0,3,7,0,464.141368866
3,"map(from: a)",16,64,104,0,3,44,0,498.199462891
3,"map(from: a)",16,64,104,0,3,3140,0,3150.105476379
3,"map(from: a)",16,64,104,0,3,8096,0,7392.096519470
3,"map(from: a)",16,64,104,0,3,71,0,522.148609161
3,"map(from: a)",16,64,104,0,3,1,0,460.696220398
3,"map(from: a)",16,64,104,0,3,2,0,460.803508759
3,"map(from: a)",16,64,104,0,3,294,0,713.503360748
3,"map(from: a)",16,64,104,0,4,3,0,461.053848267
3,"map(from: a)",16,64,104,0,4,8096,0,7447.552680969
3,"map(from: a)",16,64,104,0,4,1,0,461.053848267
3,"map(from: a)",16,64,104,0,4,28,0,482.904911041
3,"map(from: a)",16,64,104,0,4,17,0,475.001335144
3,"map(from: a)",16,64,104,0,4,5042,0,4758.548736572
3,"map(from: a)",16,64,104,0,4,7,0,465.357303619
3,"map(from: a)",16,64,104,0,4,114,0,559.353828430
3,"map(from: a)",16,64,104,0,4,44,0,497.543811798
3,"map(from: a)",16,64,104,0,4,2,0,460.958480835
3,"map(from: a)",16,64,104,0,4,294,0,713.205337524
3,"map(from: a)",16,64,104,0,4,758,0,1104.450225830
3,"map(from: a)",16,64,104,0,4,183,0,618.505477905
3,"map(from: a)",16,64,104,0,4,4,0,463.354587555
3,"map(from: a)",16,64,104,0,4,1218,0,1495.194435120
3,"map(from: a)",16,64,104,0,4,71,0,521.993637085
3,"map(from: a)",16,64,104,0,4,1955,0,2113.449573517
3,"map(from: a)",16,64,104,0,4,11,0,469.756126404
3,"map(from: a)",16,64,104,0,4,472,0,864.446163177
3,"map(from: a)",16,64,104,0,4,3140,0,3104.054927826
3,"map(from: a)",16,64,104,1,0,2,0,461.304187775
3,"map(from: a)",16,64,104,1,0,4,0,463.294982910
3,"map(from: a)",16,64,104,1,0,472,0,860.047340393
3,"map(from: a)",16,64,104,1,0,3140,0,3169.441223145
3,"map(from: a)",16,64,104,1,0,183,0,616.097450256
3,"map(from: a)",16,64,104,1,0,28,0,483.846664429
3,"map(from: a)",16,64,104,1,0,71,0,521.254539490
3,"map(from: a)",16,64,104,1,0,1218,0,1495.754718781
3,"map(from: a)",16,64,104,1,0,294,0,713.145732880
3,"map(from: a)",16,64,104,1,0,1,0,461.900234222
3,"map(from: a)",16,64,104,1,0,7,0,465.595722198
3,"map(from: a)",16,64,104,1,0,1955,0,2151.858806610
3,"map(from: a)",16,64,104,1,0,758,0,1100.409030914
3,"map(from: a)",16,64,104,1,0,114,0,558.900833130
3,"map(from: a)",16,64,104,1,0,11,0,469.350814819
3,"map(from: a)",16,64,104,1,0,3,0,462.198257446
3,"map(from: a)",16,64,104,1,0,8096,0,7458.448410034
3,"map(from: a)",16,64,104,1,0,44,0,498.354434967
3,"map(from: a)",16,64,104,1,0,17,0,475.049018860
3,"map(from: a)",16,64,104,1,0,5042,0,4834.604263306
3,"map(from: a)",16,64,104,1,1,758,0,1098.299026489
3,"map(from: a)",16,64,104,1,1,3,0,461.900234222
3,"map(from: a)",16,64,104,1,1,3140,0,3141.045570374
3,"map(from: a)",16,64,104,1,1,1955,0,2122.604846954
3,"map(from: a)",16,64,104,1,1,44,0,499.546527863
3,"map(from: a)",16,64,104,1,1,17,0,475.394725800
3,"map(from: a)",16,64,104,1,1,294,0,710.546970367
3,"map(from: a)",16,64,104,1,1,28,0,483.703613281
3,"map(from: a)",16,64,104,1,1,114,0,556.600093842
3,"map(from: a)",16,64,104,1,1,2,0,460.994243622
3,"map(from: a)",16,64,104,1,1,7,0,465.857982635
3,"map(from: a)",16,64,104,1,1,183,0,617.396831512
3,"map(from: a)",16,64,104,1,1,8096,0,7461.500167847
3,"map(from: a)",16,64,104,1,1,11,0,469.601154327
3,"map(from: a)",16,64,104,1,1,1,0,460.243225098
3,"map(from: a)",16,64,104,1,1,1218,0,1509.046554565
3,"map(from: a)",16,64,104,1,1,472,0,859.761238098
3,"map(from: a)",16,64,104,1,1,71,0,521.898269653
3,"map(from: a)",16,64,104,1,1,5042,0,4799.199104309
3,"map(from: a)",16,64,104,1,1,4,0,463.402271271
3,"map(from: a)",16,64,104,1,2,2,0,461.745262146
3,"map(from: a)",16,64,104,1,2,71,0,520.658493042
3,"map(from: a)",16,64,104,1,2,17,0,475.203990936
3,"map(from: a)",16,64,104,1,2,472,0,865.805149078
3,"map(from: a)",16,64,104,1,2,5042,0,4731.750488281
3,"map(from: a)",16,64,104,1,2,28,0,483.250617981
3,"map(from: a)",16,64,104,1,2,44,0,497.996807098
3,"map(from: a)",16,64,104,1,2,1218,0,1492.393016815
3,"map(from: a)",16,64,104,1,2,4,0,463.604927063
3,"map(from: a)",16,64,104,1,2,1955,0,2125.453948975
3,"map(from: a)",16,64,104,1,2,183,0,615.644454956
3,"map(from: a)",16,64,104,1,2,7,0,464.951992035
3,"map(from: a)",16,64,104,1,2,758,0,1105.201244354
3,"map(from: a)",16,64,104,1,2,1,0,460.708141327
3,"map(from: a)",16,64,104,1,2,3140,0,3143.596649170
3,"map(from: a)",16,64,104,1,2,8096,0,7363.593578339
3,"map(from: a)",16,64,104,1,2,3,0,461.900234222
3,"map(from: a)",16,64,104,1,2,114,0,557.351112366
3,"map(from: a)",16,64,104,1,2,11,0,468.504428864
3,"map(from: a)",16,64,104,1,2,294,0,716.245174408
3,"map(from: a)",16,64,104,1,3,1,0,460.147857666
3,"map(from: a)",16,64,104,1,3,17,0,474.643707275
3,"map(from: a)",16,64,104,1,3,294,0,710.606575012
3,"map(from: a)",16,64,104,1,3,5042,0,4738.652706146
3,"map(from: a)",16,64,104,1,3,114,0,558.006763458
3,"map(from: a)",16,64,104,1,3,28,0,483.703613281
3,"map(from: a)",16,64,104,1,3,1218,0,1495.599746704
3,"map(from: a)",16,64,104,1,3,2,0,460.851192474
3,"map(from: a)",16,64,104,1,3,3,0,461.101531982
3,"map(from: a)",16,64,104,1,3,4,0,463.449954987
3,"map(from: a)",16,64,104,1,3,758,0,1107.299327850
3,"map(from: a)",16,64,104,1,3,11,0,468.802452087
3,"map(from: a)",16,64,104,1,3,44,0,498.950481415
3,"map(from: a)",16,64,104,1,3,472,0,864.195823669
3,"map(from: a)",16,64,104,1,3,7,0,465.059280396
3,"map(from: a)",16,64,104,1,3,1955,0,2154.803276062
3,"map(from: a)",16,64,104,1,3,71,0,520.646572113
3,"map(from: a)",16,64,104,1,3,183,0,617.551803589
3,"map(from: a)",16,64,104,1,3,8096,0,7419.407367706
3,"map(from: a)",16,64,104,1,3,3140,0,3130.805492401
3,"map(from: a)",16,64,104,1,4,472,0,867.843627930
3,"map(from: a)",16,64,104,1,4,71,0,521.147251129
3,"map(from: a)",16,64,104,1,4,1,0,460.493564606
3,"map(from: a)",16,64,104,1,4,11,0,469.303131104
3,"map(from: a)",16,64,104,1,4,4,0,463.449954987
3,"map(from: a)",16,64,104,1,4,3140,0,3144.848346710
3,"map(from: a)",16,64,104,1,4,28,0,483.953952789
3,"map(from: a)",16,64,104,1,4,1218,0,1494.991779327
3,"map(from: a)",16,64,104,1,4,2,0,461.053848267
3,"map(from: a)",16,64,104,1,4,183,0,616.300106049
3,"map(from: a)",16,64,104,1,4,5042,0,4758.143424988
3,"map(from: a)",16,64,104,1,4,114,0,559.341907501
3,"map(from: a)",16,64,104,1,4,3,0,461.554527283
3,"map(from: a)",16,64,104,1,4,44,0,498.998165131
3,"map(from: a)",16,64,104,1,4,758,0,1110.506057739
3,"map(from: a)",16,64,104,1,4,8096,0,7338.500022888
3,"map(from: a)",16,64,104,1,4,1955,0,2147.603034973
3,"map(from: a)",16,64,104,1,4,294,0,710.499286652
3,"map(from: a)",16,64,104,1,4,7,0,464.892387390
3,"map(from: a)",16,64,104,1,4,17,0,475.203990936
3,"map(from: a)",64,64,104,0,0,7,0,464.200973511
3,"map(from: a)",64,64,104,0,0,114,0,560.498237610
3,"map(from: a)",64,64,104,0,0,3,0,462.341308594
3,"map(from: a)",64,64,104,0,0,17,0,474.548339844
3,"map(from: a)",64,64,104,0,0,1,0,461.351871490
3,"map(from: a)",64,64,104,0,0,44,0,497.853755951
3,"map(from: a)",64,64,104,0,0,294,0,710.642337799
3,"map(from: a)",64,64,104,0,0,3140,0,3177.547454834
3,"map(from: a)",64,64,104,0,0,4,0,463.044643402
3,"map(from: a)",64,64,104,0,0,1955,0,2145.850658417
3,"map(from: a)",64,64,104,0,0,183,0,617.098808289
3,"map(from: a)",64,64,104,0,0,8096,0,7309.246063232
3,"map(from: a)",64,64,104,0,0,758,0,1110.255718231
3,"map(from: a)",64,64,104,0,0,71,0,520.706176758
3,"map(from: a)",64,64,104,0,0,2,0,460.052490234
3,"map(from: a)",64,64,104,0,0,11,0,468.647480011
3,"map(from: a)",64,64,104,0,0,28,0,483.000278473
3,"map(from: a)",64,64,104,0,0,5042,0,4809.057712555
3,"map(from: a)",64,64,104,0,0,1218,0,1496.505737305
3,"map(from: a)",64,64,104,0,0,472,0,860.297679901
3,"map(from: a)",64,64,104,0,1,4,0,463.497638702
3,"map(from: a)",64,64,104,0,1,1,0,460.100173950
3,"map(from: a)",64,64,104,0,1,17,0,474.250316620
3,"map(from: a)",64,64,104,0,1,28,0,484.299659729
3,"map(from: a)",64,64,104,0,1,11,0,467.944145203
3,"map(from: a)",64,64,104,0,1,3140,0,3167.104721069
3,"map(from: a)",64,64,104,0,1,2,0,460.839271545
3,"map(from: a)",64,64,104,0,1,758,0,1104.891300201
3,"map(from: a)",64,64,104,0,1,1218,0,1512.408256531
3,"map(from: a)",64,64,104,0,1,44,0,497.400760651
3,"map(from: a)",64,64,104,0,1,71,0,521.254539490
3,"map(from: a)",64,64,104,0,1,114,0,557.899475098
3,"map(from: a)",64,64,104,0,1,294,0,706.851482391
3,"map(from: a)",64,64,104,0,1,7,0,464.951992035
3,"map(from: a)",64,64,104,0,1,183,0,616.204738617
3,"map(from: a)",64,64,104,0,1,8096,0,7325.446605682
3,"map(from: a)",64,64,104,0,1,472,0,866.949558258
3,"map(from: a)",64,64,104,0,1,1955,0,2129.101753235
3,"map(from: a)",64,64,104,0,1,3,0,461.399555206
3,"map(from: a)",64,64,104,0,1,5042,0,4809.010028839
3,"map(from: a)",64,64,104,0,2,3,0,461.649894714
3,"map(from: a)",64,64,104,0,2,44,0,497.841835022
3,"map(from: a)",64,64,104,0,2,1,0,460.994243622
3,"map(from: a)",64,64,104,0,2,183,0,616.645812988
3,"map(from: a)",64,64,104,0,2,294,0,712.895393372
3,"map(from: a)",64,64,104,0,2,5042,0,4779.350757599
3,"map(from: a)",64,64,104,0,2,7,0,465.106964111
3,"map(from: a)",64,64,104,0,2,8096,0,7468.950748444
3,"map(from: a)",64,64,104,0,2,2,0,460.803508759
3,"map(from: a)",64,64,104,0,2,114,0,558.853149414
3,"map(from: a)",64,64,104,0,2,71,0,521.993637085
3,"map(from: a)",64,64,104,0,2,1955,0,2120.447158813
3,"map(from: a)",64,64,104,0,2,17,0,475.251674652
3,"map(from: a)",64,64,104,0,2,472,0,861.799716949
3,"map(from: a)",64,64,104,0,2,11,0,468.194484711
3,"map(from: a)",64,64,104,0,2,1218,0,1508.247852325
3,"map(from: a)",64,64,104,0,2,4,0,463.449954987
3,"map(from: a)",64,64,104,0,2,3140,0,3163.492679596
3,"map(from: a)",64,64,104,0,2,758,0,1109.504699707
3,"map(from: a)",64,64,104,0,2,28,0,483.357906342
3,"map(from: a)",64,64,104,0,3,11,0,468.993186951
3,"map(from: a)",64,64,104,0,3,4,0,463.950634003
3,"map(from: a)",64,64,104,0,3,5042,0,4783.451557159
3,"map(from: a)",64,64,104,0,3,183,0,618.493556976
3,"map(from: a)",64,64,104,0,3,17,0,474.655628204
3,"map(from: a)",64,64,104,0,3,3,0,461.900234222
3,"map(from: a)",64,64,104,0,3,28,0,484.049320221
3,"map(from: a)",64,64,104,0,3,1218,0,1492.798328400
3,"map(from: a)",64,64,104,0,3,114,0,558.650493622
3,"map(from: a)",64,64,104,0,3,758,0,1106.798648834
3,"map(from: a)",64,64,104,0,3,1955,0,2127.504348755
3,"map(from: a)",64,64,104,0,3,472,0,869.441032410
3,"map(from: a)",64,64,104,0,3,7,0,465.250015259
3,"map(from: a)",64,64,104,0,3,44,0,498.151779175
3,"map(from: a)",64,64,104,0,3,3140,0,3148.794174194
3,"map(from: a)",64,64,104,0,3,8096,0,7339.799404144
3,"map(from: a)",64,64,104,0,3,71,0,522.553920746
3,"map(from: a)",64,64,104,0,3,1,0,460.600852966
3,"map(from: a)",64,64,104,0,3,2,0,460.851192474
3,"map(from: a)",64,64,104,0,3,294,0,715.506076813
3,"map(from: a)",64,64,104,0,4,3,0,461.244583130
3,"map(from: a)",64,64,104,0,4,8096,0,7404.041290283
3,"map(from: a)",64,64,104,0,4,1,0,461.602210999
3,"map(from: a)",64,64,104,0,4,28,0,483.548641205
3,"map(from: a)",64,64,104,0,4,17,0,476.050376892
3,"map(from: a)",64,64,104,0,4,5042,0,4791.903495789
3,"map(from: a)",64,64,104,0,4,7,0,465.345382690
3,"map(from: a)",64,64,104,0,4,114,0,559.151172638
3,"map(from: a)",64,64,104,0,4,44,0,496.697425842
3,"map(from: a)",64,64,104,0,4,2,0,460.851192474
3,"map(from: a)",64,64,104,0,4,294,0,712.609291077
3,"map(from: a)",64,64,104,0,4,758,0,1108.050346375
3,"map(from: a)",64,64,104,0,4,183,0,619.304180145
3,"map(from: a)",64,64,104,0,4,4,0,463.402271271
3,"map(from: a)",64,64,104,0,4,1218,0,1497.900485992
3,"map(from: a)",64,64,104,0,4,71,0,521.445274353
3,"map(from: a)",64,64,104,0,4,1955,0,2107.346057892
3,"map(from: a)",64,64,104,0,4,11,0,468.850135803
3,"map(from: a)",64,64,104,0,4,472,0,865.209102631
3,"map(from: a)",64,64,104,0,4,3140,0,3126.347064972
3,"map(from: a)",64,64,104,1,0,2,0,461.101531982
3,"map(from: a)",64,64,104,1,0,4,0,463.140010834
3,"map(from: a)",64,64,104,1,0,472,0,859.701633453
3,"map(from: a)",64,64,104,1,0,3140,0,3182.208538055
3,"map(from: a)",64,64,104,1,0,183,0,615.751743317
3,"map(from: a)",64,64,104,1,0,28,0,483.453273773
3,"map(from: a)",64,64,104,1,0,71,0,521.051883698
3,"map(from: a)",64,64,104,1,0,1218,0,1494.359970093
3,"map(from: a)",64,64,104,1,0,294,0,713.539123535
3,"map(from: a)",64,64,104,1,0,1,0,460.398197174
3,"map(from: a)",64,64,104,1,0,7,0,464.892387390
3,"map(from: a)",64,64,104,1,0,1955,0,2157.354354858
3,"map(from: a)",64,64,104,1,0,758,0,1101.040840149
3,"map(from: a)",64,64,104,1,0,114,0,559.103488922
3,"map(from: a)",64,64,104,1,0,11,0,468.754768372
3,"map(from: a)",64,64,104,1,0,3,0,460.851192474
3,"map(from: a)",64,64,104,1,0,8096,0,7453.298568726
3,"map(from: a)",64,64,104,1,0,44,0,497.841835022
3,"map(from: a)",64,64,104,1,0,17,0,474.393367767
3,"map(from: a)",64,64,104,1,0,5042,0,4822.993278503
3,"map(from: a)",64,64,104,1,1,758,0,1100.504398346
3,"map(from: a)",64,64,104,1,1,3,0,461.459159851
3,"map(from: a)",64,64,104,1,1,3140,0,3132.104873657
3,"map(from: a)",64,64,104,1,1,1955,0,2123.892307281
3,"map(from: a)",64,64,104,1,1,44,0,498.449802399
3,"map(from: a)",64,64,104,1,1,17,0,474.798679352
3,"map(from: a)",64,64,104,1,1,294,0,712.347030640
3,"map(from: a)",64,64,104,1,1,28,0,483.953952789
3,"map(from: a)",64,64,104,1,1,114,0,556.302070618
3,"map(from: a)",64,64,104,1,1,2,0,461.053848267
3,"map(from: a)",64,64,104,1,1,7,0,465.095043182
3,"map(from: a)",64,64,104,1,1,183,0,614.798069000
3,"map(from: a)",64,64,104,1,1,8096,0,7455.694675446
3,"map(from: a)",64,64,104,1,1,11,0,468.051433563
3,"map(from: a)",64,64,104,1,1,1,0,460.851192474
3,"map(from: a)",64,64,104,1,1,1218,0,1511.704921722
3,"map(from: a)",64,64,104,1,1,472,0,857.448577881
3,"map(from: a)",64,64,104,1,1,71,0,522.053241730
3,"map(from: a)",64,64,104,1,1,5042,0,4776.298999786
3,"map(from: a)",64,64,104,1,1,4,0,463.354587555
3,"map(from: a)",64,64,104,1,2,2,0,460.600852966
3,"map(from: a)",64,64,104,1,2,71,0,520.801544189
3,"map(from: a)",64,64,104,1,2,17,0,474.941730499
3,"map(from: a)",64,64,104,1,2,472,0,867.342948914
3,"map(from: a)",64,64,104,1,2,5042,0,4722.940921783
3,"map(from: a)",64,64,104,1,2,28,0,483.894348145
3,"map(from: a)",64,64,104,1,2,44,0,497.508049011
3,"map(from: a)",64,64,104,1,2,1218,0,1498.246192932
3,"map(from: a)",64,64,104,1,2,4,0,463.700294495
3,"map(from: a)",64,64,104,1,2,1955,0,2126.550674438
3,"map(from: a)",64,64,104,1,2,183,0,615.298748016
3,"map(from: a)",64,64,104,1,2,7,0,466.001033783
3,"map(from: a)",64,64,104,1,2,758,0,1101.791858673
3,"map(from: a)",64,64,104,1,2,1,0,461.304187775
3,"map(from: a)",64,64,104,1,2,3140,0,3154.098987579
3,"map(from: a)",64,64,104,1,2,8096,0,7348.704338074
3,"map(from: a)",64,64,104,1,2,3,0,461.852550507
3,"map(from: a)",64,64,104,1,2,114,0,556.957721710
3,"map(from: a)",64,64,104,1,2,11,0,469.100475311
3,"map(from: a)",64,64,104,1,2,294,0,712.597370148
3,"map(from: a)",64,64,104,1,3,1,0,460.505485535
3,"map(from: a)",64,64,104,1,3,17,0,475.347042084
3,"map(from: a)",64,64,104,1,3,294,0,713.443756104
3,"map(from: a)",64,64,104,1,3,5042,0,4751.396179199
3,"map(from: a)",64,64,104,1,3,114,0,558.400154114
3,"map(from: a)",64,64,104,1,3,28,0,483.596324921
3,"map(from: a)",64,64,104,1,3,1218,0,1493.096351624
3,"map(from: a)",64,64,104,1,3,2,0,461.411476135
3,"map(from: a)",64,64,104,1,3,3,0,461.697578430
3,"map(from: a)",64,64,104,1,3,4,0,463.449954987
3,"map(from: a)",64,64,104,1,3,758,0,1107.656955719
3,"map(from: a)",64,64,104,1,3,11,0,468.397140503
3,"map(from: a)",64,64,104,1,3,44,0,497.949123383
3,"map(from: a)",64,64,104,1,3,472,0,862.956047058
3,"map(from: a)",64,64,104,1,3,7,0,464.904308319
3,"map(from: a)",64,64,104,1,3,1955,0,2160.799503326
3,"map(from: a)",64,64,104,1,3,71,0,520.253181458
3,"map(from: a)",64,64,104,1,3,183,0,618.004798889
3,"map(from: a)",64,64,104,1,3,8096,0,7377.803325653
3,"map(from: a)",64,64,104,1,3,3140,0,3114.104270935
3,"map(from: a)",64,64,104,1,4,472,0,866.103172302
3,"map(from: a)",64,64,104,1,4,71,0,521.695613861
3,"map(from: a)",64,64,104,1,4,1,0,460.505485535
3,"map(from: a)",64,64,104,1,4,11,0,468.742847443
3,"map(from: a)",64,64,104,1,4,4,0,462.901592255
3,"map(from: a)",64,64,104,1,4,3140,0,3154.897689819
3,"map(from: a)",64,64,104,1,4,28,0,483.906269073
3,"map(from: a)",64,64,104,1,4,1218,0,1500.844955444
3,"map(from: a)",64,64,104,1,4,2,0,461.447238922
3,"map(from: a)",64,64,104,1,4,183,0,617.158412933
3,"map(from: a)",64,64,104,1,4,5042,0,4767.858982086
3,"map(from: a)",64,64,104,1,4,114,0,559.353828430
3,"map(from: a)",64,64,104,1,4,3,0,461.745262146
3,"map(from: a)",64,64,104,1,4,44,0,497.555732727
3,"map(from: a)",64,64,104,1,4,758,0,1110.291481018
3,"map(from: a)",64,64,104,1,4,8096,0,7351.648807526
3,"map(from: a)",64,64,104,1,4,1955,0,2145.254611969
3,"map(from: a)",64,64,104,1,4,294,0,710.940361023
3,"map(from: a)",64,64,104,1,4,7,0,464.701652527
3,"map(from: a)",64,64,104,1,4,17,0,474.941730499
3,"map(from: a)",256,64,104,0,0,7,0,463.759899139
3,"map(from: a)",256,64,104,0,0,114,0,558.447837830
3,"map(from: a)",256,64,104,0,0,3,0,462.257862091
3,"map(from: a)",256,64,104,0,0,17,0,474.810600281
3,"map(from: a)",256,64,104,0,0,1,0,461.554527283
3,"map(from: a)",256,64,104,0,0,44,0,498.402118683
3,"map(from: a)",256,64,104,0,0,294,0,708.496570587
3,"map(from: a)",256,64,104,0,0,3140,0,3175.044059753
3,"map(from: a)",256,64,104,0,0,4,0,463.497638702
3,"map(from: a)",256,64,104,0,0,1955,0,2130.103111267
3,"map(from: a)",256,64,104,0,0,183,0,620.901584625
3,"map(from: a)",256,64,104,0,0,8096,0,7359.397411346
3,"map(from: a)",256,64,104,0,0,758,0,1113.104820251
3,"map(from: a)",256,64,104,0,0,71,0,520.396232605
3,"map(from: a)",256,64,104,0,0,2,0,460.398197174
3,"map(from: a)",256,64,104,0,0,11,0,468.599796295
3,"map(from: a)",256,64,104,0,0,28,0,482.857227325
3,"map(from: a)",256,64,104,0,0,5042,0,4839.897155762
3,"map(from: a)",256,64,104,0,0,1218,0,1503.741741180
3,"map(from: a)",256,64,104,0,0,472,0,859.606266022
3,"map(from: a)",256,64,104,0,1,4,0,463.604927063
3,"map(from: a)",256,64,104,0,1,1,0,460.600852966
3,"map(from: a)",256,64,104,0,1,17,0,481.045246124
3,"map(from: a)",256,64,104,0,1,28,0,484.454631805
3,"map(from: a)",256,64,104,0,1,11,0,467.896461487
3,"map(from: a)",256,64,104,0,1,3140,0,3167.510032654
3,"map(from: a)",256,64,104,0,1,2,0,461.351871490
3,"map(from: a)",256,64,104,0,1,758,0,1099.348068237
3,"map(from: a)",256,64,104,0,1,1218,0,1503.348350525
3,"map(from: a)",256,64,104,0,1,44,0,497.651100159
3,"map(from: a)",256,64,104,0,1,71,0,521.099567413
3,"map(from: a)",256,64,104,0,1,114,0,558.555126190
3,"map(from: a)",256,64,104,0,1,294,0,707.900524139
3,"map(from: a)",256,64,104,0,1,7,0,465.452671051
3,"map(from: a)",256,64,104,0,1,183,0,615.942478180
3,"map(from: a)",256,64,104,0,1,8096,0,7344.448566437
3,"map(from: a)",256,64,104,0,1,472,0,867.748260498
3,"map(from: a)",256,64,104,0,1,1955,0,2132.201194763
3,"map(from: a)",256,64,104,0,1,3,0,461.053848267
3,"map(from: a)",256,64,104,0,1,5042,0,4859.995841980
3,"map(from: a)",256,64,104,0,2,3,0,461.506843567
3,"map(from: a)",256,64,104,0,2,44,0,498.044490814
3,"map(from: a)",256,64,104,0,2,1,0,460.851192474
3,"map(from: a)",256,64,104,0,2,183,0,615.954399109
3,"map(from: a)",256,64,104,0,2,294,0,714.898109436
3,"map(from: a)",256,64,104,0,2,5042,0,4775.893688202
3,"map(from: a)",256,64,104,0,2,7,0,464.999675751
3,"map(from: a)",256,64,104,0,2,8096,0,7429.444789886
3,"map(from: a)",256,64,104,0,2,2,0,461.244583130
3,"map(from: a)",256,64,104,0,2,114,0,559.401512146
3,"map(from: a)",256,64,104,0,2,71,0,520.253181458
3,"map(from: a)",256,64,104,0,2,1955,0,2114.558219910
3,"map(from: a)",256,64,104,0,2,17,0,475.347042084
3,"map(from: a)",256,64,104,0,2,472,0,862.658023834
3,"map(from: a)",256,64,104,0,2,11,0,468.301773071
3,"map(from: a)",256,64,104,0,2,1218,0,1506.245136261
3,"map(from: a)",256,64,104,0,2,4,0,463.342666626
3,"map(from: a)",256,64,104,0,2,3140,0,3156.006336212
3,"map(from: a)",256,64,104,0,2,758,0,1110.100746155
3,"map(from: a)",256,64,104,0,2,28,0,483.751296997
3,"map(from: a)",256,64,104,0,3,11,0,468.397140503
3,"map(from: a)",256,64,104,0,3,4,0,463.902950287
3,"map(from: a)",256,64,104,0,3,5042,0,4764.151573181
3,"map(from: a)",256,64,104,0,3,183,0,619.244575500
3,"map(from: a)",256,64,104,0,3,17,0,474.548339844
3,"map(from: a)",256,64,104,0,3,3,0,461.995601654
3,"map(from: a)",256,64,104,0,3,28,0,484.597682953
3,"map(from: a)",256,64,104,0,3,1218,0,1493.155956268
3,"map(from: a)",256,64,104,0,3,114,0,558.543205261
3,"map(from: a)",256,64,104,0,3,758,0,1103.949546814
3,"map(from: a)",256,64,104,0,3,1955,0,2119.553089142
3,"map(from: a)",256,64,104,0,3,472,0,867.402553558
3,"map(from: a)",256,64,104,0,3,7,0,465.154647827
3,"map(from: a)",256,64,104,0,3,44,0,497.996807098
3,"map(from: a)",256,64,104,0,3,3140,0,3149.545192719
3,"map(from: a)",256,64,104,0,3,8096,0,7352.602481842
3,"map(from: a)",256,64,104,0,3,71,0,520.992279053
3,"map(from: a)",256,64,104,0,3,1,0,460.946559906
3,"map(from: a)",256,64,104,0,3,2,0,460.553169250
3,"map(from: a)",256,64,104,0,3,294,0,714.051723480
3,"map(from: a)",256,64,104,0,4,3,0,461.697578430
3,"map(from: a)",256,64,104,0,4,8096,0,7472.550868988
3,"map(from: a)",256,64,104,0,4,1,0,460.696220398
3,"map(from: a)",256,64,104,0,4,28,0,482.749938965
3,"map(from: a)",256,64,104,0,4,17,0,475.001335144
3,"map(from: a)",256,64,104,0,4,5042,0,4773.950576782
3,"map(from: a)",256,64,104,0,4,7,0,465.452671051
3,"map(from: a)",256,64,104,0,4,114,0,559.306144714
3,"map(from: a)",256,64,104,0,4,44,0,497.400760651
3,"map(from: a)",256,64,104,0,4,2,0,461.447238922
3,"map(from: a)",256,64,104,0,4,294,0,711.858272552
3,"map(from: a)",256,64,104,0,4,758,0,1102.900505066
3,"map(from: a)",256,64,104,0,4,183,0,617.098808289
3,"map(from: a)",256,64,104,0,4,4,0,463.604927063
3,"map(from: a)",256,64,104,0,4,1218,0,1493.847370148
3,"map(from: a)",256,64,104,0,4,71,0,522.208213806
3,"map(from: a)",256,64,104,0,4,1955,0,2109.551429749
3,"map(from: a)",256,64,104,0,4,11,0,468.301773071
3,"map(from: a)",256,64,104,0,4,472,0,862.550735474
3,"map(from: a)",256,64,104,0,4,3140,0,3133.904933929
3,"map(from: a)",256,64,104,1,0,2,0,461.149215698
3,"map(from: a)",256,64,104,1,0,4,0,462.853908539
3,"map(from: a)",256,64,104,1,0,472,0,859.200954437
3,"map(from: a)",256,64,104,1,0,3140,0,3178.250789642
3,"map(from: a)",256,64,104,1,0,183,0,614.809989929
3,"map(from: a)",256,64,104,1,0,28,0,483.000278473
3,"map(from: a)",256,64,104,1,0,71,0,520.753860474
3,"map(from: a)",256,64,104,1,0,1218,0,1499.903202057
3,"map(from: a)",256,64,104,1,0,294,0,714.349746704
3,"map(from: a)",256,64,104,1,0,1,0,460.207462311
3,"map(from: a)",256,64,104,1,0,7,0,464.355945587
3,"map(from: a)",256,64,104,1,0,1955,0,2139.306068420
3,"map(from: a)",256,64,104,1,0,758,0,1098.597049713
3,"map(from: a)",256,64,104,1,0,114,0,558.149814606
3,"map(from: a)",256,64,104,1,0,11,0,468.647480011
3,"map(from: a)",256,64,104,1,0,3,0,461.244583130
3,"map(from: a)",256,64,104,1,0,8096,0,7437.551021576
3,"map(from: a)",256,64,104,1,0,44,0,497.245788574
3,"map(from: a)",256,64,104,1,0,17,0,474.798679352
3,"map(from: a)",256,64,104,1,0,5042,0,4844.093322754
3,"map(from: a)",256,64,104,1,1,758,0,1104.855537415
3,"map(from: a)",256,64,104,1,1,3,0,461.351871490
3,"map(from: a)",256,64,104,1,1,3140,0,3157.794475555
3,"map(from: a)",256,64,104,1,1,1955,0,2122.509479523
3,"map(from: a)",256,64,104,1,1,44,0,498.557090759
3,"map(from: a)",256,64,104,1,1,17,0,474.500656128
3,"map(from: a)",256,64,104,1,1,294,0,709.843635559
3,"map(from: a)",256,64,104,1,1,28,0,483.942031860
3,"map(from: a)",256,64,104,1,1,114,0,556.051731110
3,"map(from: a)",256,64,104,1,1,2,0,460.600852966
3,"map(from: a)",256,64,104,1,1,7,0,465.500354767
3,"map(from: a)",256,64,104,1,1,183,0,613.951683044
3,"map(from: a)",256,64,104,1,1,8096,0,7454.860210419
3,"map(from: a)",256,64,104,1,1,11,0,468.158721924
3,"map(from: a)",256,64,104,1,1,1,0,460.600852966
3,"map(from: a)",256,64,104,1,1,1218,0,1510.739326477
3,"map(from: a)",256,64,104,1,1,472,0,859.355926514
3,"map(from: a)",256,64,104,1,1,71,0,522.005558014
3,"map(from: a)",256,64,104,1,1,5042,0,4766.798019409
3,"map(from: a)",256,64,104,1,1,4,0,463.044643402
3,"map(from: a)",256,64,104,1,2,2,0,460.994243622
3,"map(from: a)",256,64,104,1,2,71,0,520.551204681
3,"map(from: a)",256,64,104,1,2,17,0,475.203990936
3,"map(from: a)",256,64,104,1,2,472,0,868.248939514
3,"map(from: a)",256,64,104,1,2,5042,0,4728.603363037
3,"map(from: a)",256,64,104,1,2,28,0,483.345985413
3,"map(from: a)",256,64,104,1,2,44,0,498.104095459
3,"map(from: a)",256,64,104,1,2,1218,0,1492.249965668
3,"map(from: a)",256,64,104,1,2,4,0,463.390350342
3,"map(from: a)",256,64,104,1,2,1955,0,2139.556407928
3,"map(from: a)",256,64,104,1,2,183,0,616.502761841
3,"map(from: a)",256,64,104,1,2,7,0,464.844703674
3,"map(from: a)",256,64,104,1,2,758,0,1098.752021790
3,"map(from: a)",256,64,104,1,2,1,0,460.600852966
3,"map(from: a)",256,64,104,1,2,3140,0,3140.950202942
3,"map(from: a)",256,64,104,1,2,8096,0,7353.961467743
3,"map(from: a)",256,64,104,1,2,3,0,461.304187775
3,"map(from: a)",256,64,104,1,2,114,0,557.792186737
3,"map(from: a)",256,64,104,1,2,11,0,469.160079956
3,"map(from: a)",256,64,104,1,2,294,0,713.455677032
3,"map(from: a)",256,64,104,1,3,1,0,460.994243622
3,"map(from: a)",256,64,104,1,3,17,0,475.347042084
3,"map(from: a)",256,64,104,1,3,294,0,712.049007416
3,"map(from: a)",256,64,104,1,3,5042,0,4774.045944214
3,"map(from: a)",256,64,104,1,3,114,0,559.008121490
3,"map(from: a)",256,64,104,1,3,28,0,485.754013062
3,"map(from: a)",256,64,104,1,3,1218,0,1494.157314301
3,"map(from: a)",256,64,104,1,3,2,0,462.949275970
3,"map(from: a)",256,64,104,1,3,3,0,461.459159851
3,"map(from: a)",256,64,104,1,3,4,0,463.402271271
3,"map(from: a)",256,64,104,1,3,758,0,1110.506057739
3,"map(from: a)",256,64,104,1,3,11,0,468.301773071
3,"map(from: a)",256,64,104,1,3,44,0,497.961044312
3,"map(from: a)",256,64,104,1,3,472,0,861.406326294
3,"map(from: a)",256,64,104,1,3,7,0,465.595722198
3,"map(from: a)",256,64,104,1,3,1955,0,2138.197422028
3,"map(from: a)",256,64,104,1,3,71,0,519.847869873
3,"map(from: a)",256,64,104,1,3,183,0,617.396831512
3,"map(from: a)",256,64,104,1,3,8096,0,7421.290874481
3,"map(from: a)",256,64,104,1,3,3140,0,3123.998641968
3,"map(from: a)",256,64,104,1,4,472,0,864.350795746
3,"map(from: a)",256,64,104,1,4,71,0,520.849227905
3,"map(from: a)",256,64,104,1,4,1,0,460.803508759
3,"map(from: a)",256,64,104,1,4,11,0,468.850135803
3,"map(from: a)",256,64,104,1,4,4,0,463.354587555
3,"map(from: a)",256,64,104,1,4,3140,0,3152.239322662
3,"map(from: a)",256,64,104,1,4,28,0,482.940673828
3,"map(from: a)",256,64,104,1,4,1218,0,1495.051383972
3,"map(from: a)",256,64,104,1,4,2,0,460.755825043
3,"map(from: a)",256,64,104,1,4,183,0,616.705417633
3,"map(from: a)",256,64,104,1,4,5042,0,4780.697822571
3,"map(from: a)",256,64,104,1,4,114,0,559.496879578
3,"map(from: a)",256,64,104,1,4,3,0,460.851192474
3,"map(from: a)",256,64,104,1,4,44,0,497.758388519
3,"map(from: a)",256,64,104,1,4,758,0,1106.452941895
3,"map(from: a)",256,64,104,1,4,8096,0,7318.246364594
3,"map(from: a)",256,64,104,1,4,1955,0,2141.094207764
3,"map(from: a)",256,64,104,1,4,294,0,711.655616760
3,"map(from: a)",256,64,104,1,4,7,0,464.498996735
3,"map(from: a)",256,64,104,1,4,17,0,474.941730499
3,"map(from: a)",1024,64,104,0,0,7,0,471.401214600
3,"map(from: a)",1024,64,104,0,0,114,0,560.104846954
3,"map(from: a)",1024,64,104,0,0,3,0,463.044643402
3,"map(from: a)",1024,64,104,0,0,17,0,475.943088531
3,"map(from: a)",1024,64,104,0,0,1,0,462.400913239
3,"map(from: a)",1024,64,104,0,0,44,0,499.546527863
3,"map(from: a)",1024,64,104,0,0,294,0,711.703300476
3,"map(from: a)",1024,64,104,0,0,3140,0,3169.405460358
3,"map(from: a)",1024,64,104,0,0,4,0,464.606285095
3,"map(from: a)",1024,64,104,0,0,1955,0,2137.804031372
3,"map(from: a)",1024,64,104,0,0,183,0,617.849826813
3,"map(from: a)",1024,64,104,0,0,8096,0,7388.150691986
3,"map(from: a)",1024,64,104,0,0,758,0,1111.197471619
3,"map(from: a)",1024,64,104,0,0,71,0,521.957874298
3,"map(from: a)",1024,64,104,0,0,2,0,462.043285370
3,"map(from: a)",1024,64,104,0,0,11,0,469.648838043
3,"map(from: a)",1024,64,104,0,0,28,0,484.049320221
3,"map(from: a)",1024,64,104,0,0,5042,0,4800.856113434
3,"map(from: a)",1024,64,104,0,0,1218,0,1505.649089813
3,"map(from: a)",1024,64,104,0,0,472,0,862.693786621
3,"map(from: a)",1024,64,104,0,1,4,0,464.940071106
3,"map(from: a)",1024,64,104,0,1,1,0,461.697578430
3,"map(from: a)",1024,64,104,0,1,17,0,475.704669952
3,"map(from: a)",1024,64,104,0,1,28,0,485.503673553
3,"map(from: a)",1024,64,104,0,1,11,0,469.160079956
3,"map(from: a)",1024,64,104,0,1,3140,0,3143.250942230
3,"map(from: a)",1024,64,104,0,1,2,0,461.900234222
3,"map(from: a)",1024,64,104,0,1,758,0,1105.308532715
3,"map(from: a)",1024,64,104,0,1,1218,0,1509.606838226
3,"map(from: a)",1024,64,104,0,1,44,0,498.747825623
3,"map(from: a)",1024,64,104,0,1,71,0,521.647930145
3,"map(from: a)",1024,64,104,0,1,114,0,559.544563293
3,"map(from: a)",1024,64,104,0,1,294,0,710.749626160
3,"map(from: a)",1024,64,104,0,1,7,0,465.905666351
3,"map(from: a)",1024,64,104,0,1,183,0,618.708133698
3,"map(from: a)",1024,64,104,0,1,8096,0,7334.244251251
3,"map(from: a)",1024,64,104,0,1,472,0,867.497920990
3,"map(from: a)",1024,64,104,0,1,1955,0,2125.656604767
3,"map(from: a)",1024,64,104,0,1,3,0,463.104248047
3,"map(from: a)",1024,64,104,0,1,5042,0,4835.247993469
3,"map(from: a)",1024,64,104,0,2,3,0,462.102890015
3,"map(from: a)",1024,64,104,0,2,44,0,500.047206879
3,"map(from: a)",1024,64,104,0,2,1,0,461.709499359
3,"map(from: a)",1024,64,104,0,2,183,0,615.596771240
3,"map(from: a)",1024,64,104,0,2,294,0,713.348388672
3,"map(from: a)",1024,64,104,0,2,5042,0,4771.900177002
3,"map(from: a)",1024,64,104,0,2,7,0,466.048717499
3,"map(from: a)",1024,64,104,0,2,8096,0,7474.005222321
3,"map(from: a)",1024,64,104,0,2,2,0,461.900234222
3,"map(from: a)",1024,64,104,0,2,114,0,559.496879578
3,"map(from: a)",1024,64,104,0,2,71,0,521.552562714
3,"map(from: a)",1024,64,104,0,2,1955,0,2120.506763458
3,"map(from: a)",1024,64,104,0,2,17,0,476.789474487
3,"map(from: a)",1024,64,104,0,2,472,0,864.148139954
3,"map(from: a)",1024,64,104,0,2,11,0,469.493865967
3,"map(from: a)",1024,64,104,0,2,1218,0,1520.097255707
3,"map(from: a)",1024,64,104,0,2,4,0,464.653968811
3,"map(from: a)",1024,64,104,0,2,3140,0,3166.949748993
3,"map(from: a)",1024,64,104,0,2,758,0,1107.895374298
3,"map(from: a)",1024,64,104,0,2,28,0,483.644008636
3,"map(from: a)",1024,64,104,0,3,11,0,470.006465912
3,"map(from: a)",1024,64,104,0,3,4,0,464.606285095
3,"map(from: a)",1024,64,104,0,3,5042,0,4772.055149078
3,"map(from: a)",1024,64,104,0,3,183,0,618.803501129
3,"map(from: a)",1024,64,104,0,3,17,0,475.800037384
3,"map(from: a)",1024,64,104,0,3,3,0,463.294982910
3,"map(from: a)",1024,64,104,0,3,28,0,484.907627106
3,"map(from: a)",1024,64,104,0,3,1218,0,1491.200923920
3,"map(from: a)",1024,64,104,0,3,114,0,559.651851654
3,"map(from: a)",1024,64,104,0,3,758,0,1108.002662659
3,"map(from: a)",1024,64,104,0,3,1955,0,2123.403549194
3,"map(from: a)",1024,64,104,0,3,472,0,867.247581482
3,"map(from: a)",1024,64,104,0,3,7,0,466.406345367
3,"map(from: a)",1024,64,104,0,3,44,0,499.248504639
3,"map(from: a)",1024,64,104,0,3,3140,0,3156.507015228
3,"map(from: a)",1024,64,104,0,3,8096,0,7397.747039795
3,"map(from: a)",1024,64,104,0,3,71,0,522.053241730
3,"map(from: a)",1024,64,104,0,3,1,0,462.102890015
3,"map(from: a)",1024,64,104,0,3,2,0,462.055206299
3,"map(from: a)",1024,64,104,0,3,294,0,715.804100037
3,"map(from: a)",1024,64,104,0,4,3,0,463.092327118
3,"map(from: a)",1024,64,104,0,4,8096,0,7444.298267365
3,"map(from: a)",1024,64,104,0,4,1,0,462.710857391
3,"map(from: a)",1024,64,104,0,4,28,0,484.049320221
3,"map(from: a)",1024,64,104,0,4,17,0,476.300716400
3,"map(from: a)",1024,64,104,0,4,5042,0,4757.094383240
3,"map(from: a)",1024,64,104,0,4,7,0,466.299057007
3,"map(from: a)",1024,64,104,0,4,114,0,559.854507446
3,"map(from: a)",1024,64,104,0,4,44,0,498.402118683
3,"map(from: a)",1024,64,104,0,4,2,0,462.400913239
3,"map(from: a)",1024,64,104,0,4,294,0,713.205337524
3,"map(from: a)",1024,64,104,0,4,758,0,1105.690002441
3,"map(from: a)",1024,64,104,0,4,183,0,618.398189545
3,"map(from: a)",1024,64,104,0,4,4,0,464.749336243
3,"map(from: a)",1024,64,104,0,4,1218,0,1500.952243805
3,"map(from: a)",1024,64,104,0,4,71,0,523.400306702
3,"map(from: a)",1024,64,104,0,4,1955,0,2120.101451874
3,"map(from: a)",1024,64,104,0,4,11,0,470.304489136
3,"map(from: a)",1024,64,104,0,4,472,0,865.542888641
3,"map(from: a)",1024,64,104,0,4,3140,0,3124.547004700
3,"map(from: a)",1024,64,104,1,0,2,0,462.090969086
3,"map(from: a)",1024,64,104,1,0,4,0,464.749336243
3,"map(from: a)",1024,64,104,1,0,472,0,863.552093506
3,"map(from: a)",1024,64,104,1,0,3140,0,3179.907798767
3,"map(from: a)",1024,64,104,1,0,183,0,616.347789764
3,"map(from: a)",1024,64,104,1,0,28,0,484.502315521
3,"map(from: a)",1024,64,104,1,0,71,0,521.993637085
3,"map(from: a)",1024,64,104,1,0,1218,0,1493.000984192
3,"map(from: a)",1024,64,104,1,0,294,0,713.789463043
3,"map(from: a)",1024,64,104,1,0,1,0,461.602210999
3,"map(from: a)",1024,64,104,1,0,7,0,465.798377991
3,"map(from: a)",1024,64,104,1,0,1955,0,2153.646945953
3,"map(from: a)",1024,64,104,1,0,758,0,1100.254058838
3,"map(from: a)",1024,64,104,1,0,114,0,559.759140015
3,"map(from: a)",1024,64,104,1,0,11,0,469.851493835
3,"map(from: a)",1024,64,104,1,0,3,0,462.400913239
3,"map(from: a)",1024,64,104,1,0,8096,0,7472.252845764
3,"map(from: a)",1024,64,104,1,0,44,0,499.010086060
3,"map(from: a)",1024,64,104,1,0,17,0,475.645065308
3,"map(from: a)",1024,64,104,1,0,5042,0,4838.359355927
3,"map(from: a)",1024,64,104,1,1,758,0,1102.650165558
3,"map(from: a)",1024,64,104,1,1,3,0,462.651252747
3,"map(from: a)",1024,64,104,1,1,3140,0,3152.048587799
3,"map(from: a)",1024,64,104,1,1,1955,0,2132.999897003
3,"map(from: a)",1024,64,104,1,1,44,0,499.796867371
3,"map(from: a)",1024,64,104,1,1,17,0,475.645065308
3,"map(from: a)",1024,64,104,1,1,294,0,712.549686432
3,"map(from: a)",1024,64,104,1,1,28,0,485.396385193
3,"map(from: a)",1024,64,104,1,1,114,0,557.649135590
3,"map(from: a)",1024,64,104,1,1,2,0,462.603569031
3,"map(from: a)",1024,64,104,1,1,7,0,466.942787170
3,"map(from: a)",1024,64,104,1,1,183,0,617.206096649
3,"map(from: a)",1024,64,104,1,1,8096,0,7438.349723816
3,"map(from: a)",1024,64,104,1,1,11,0,469.791889191
3,"map(from: a)",1024,64,104,1,1,1,0,461.411476135
3,"map(from: a)",1024,64,104,1,1,1218,0,1516.854763031
3,"map(from: a)",1024,64,104,1,1,472,0,862.741470337
3,"map(from: a)",1024,64,104,1,1,71,0,523.054599762
3,"map(from: a)",1024,64,104,1,1,5042,0,4806.804656982
3,"map(from: a)",1024,64,104,1,1,4,0,464.344024658
3,"map(from: a)",1024,64,104,1,2,2,0,461.554527283
3,"map(from: a)",1024,64,104,1,2,71,0,521.600246429
3,"map(from: a)",1024,64,104,1,2,17,0,476.002693176
3,"map(from: a)",1024,64,104,1,2,472,0,871.539115906
3,"map(from: a)",1024,64,104,1,2,5042,0,4738.855361938
3,"map(from: a)",1024,64,104,1,2,28,0,485.253334045
3,"map(from: a)",1024,64,104,1,2,44,0,499.343872070
3,"map(from: a)",1024,64,104,1,2,1218,0,1486.301422119
3,"map(from: a)",1024,64,104,1,2,4,0,466.096401215
3,"map(from: a)",1024,64,104,1,2,1955,0,2127.242088318
3,"map(from: a)",1024,64,104,1,2,183,0,616.598129272
3,"map(from: a)",1024,64,104,1,2,7,0,466.549396515
3,"map(from: a)",1024,64,104,1,2,758,0,1102.042198181
3,"map(from: a)",1024,64,104,1,2,1,0,462.841987610
3,"map(from: a)",1024,64,104,1,2,3140,0,3132.748603821
3,"map(from: a)",1024,64,104,1,2,8096,0,7361.352443695
3,"map(from: a)",1024,64,104,1,2,3,0,463.700294495
3,"map(from: a)",1024,64,104,1,2,114,0,558.805465698
3,"map(from: a)",1024,64,104,1,2,11,0,470.149517059
3,"map(from: a)",1024,64,104,1,2,294,0,716.602802277
3,"map(from: a)",1024,64,104,1,3,1,0,462.090969086
3,"map(from: a)",1024,64,104,1,3,17,0,476.646423340
3,"map(from: a)",1024,64,104,1,3,294,0,713.551044464
3,"map(from: a)",1024,64,104,1,3,5042,0,4752.099514008
3,"map(from: a)",1024,64,104,1,3,114,0,560.438632965
3,"map(from: a)",1024,64,104,1,3,28,0,484.895706177
3,"map(from: a)",1024,64,104,1,3,1218,0,1497.650146484
3,"map(from: a)",1024,64,104,1,3,2,0,462.102890015
3,"map(from: a)",1024,64,104,1,3,3,0,462.651252747
3,"map(from: a)",1024,64,104,1,3,4,0,464.797019958
3,"map(from: a)",1024,64,104,1,3,758,0,1108.300685883
3,"map(from: a)",1024,64,104,1,3,11,0,469.589233398
3,"map(from: a)",1024,64,104,1,3,44,0,499.749183655
3,"map(from: a)",1024,64,104,1,3,472,0,864.040851593
3,"map(from: a)",1024,64,104,1,3,7,0,466.454029083
3,"map(from: a)",1024,64,104,1,3,1955,0,2145.993709564
3,"map(from: a)",1024,64,104,1,3,71,0,521.051883698
3,"map(from: a)",1024,64,104,1,3,183,0,620.198249817
3,"map(from: a)",1024,64,104,1,3,8096,0,7392.001152039
3,"map(from: a)",1024,64,104,1,3,3140,0,3137.946128845
3,"map(from: a)",1024,64,104,1,4,472,0,869.905948639
3,"map(from: a)",1024,64,104,1,4,71,0,522.053241730
3,"map(from: a)",1024,64,104,1,4,1,0,462.150573730
3,"map(from: a)",1024,64,104,1,4,11,0,469.553470612
3,"map(from: a)",1024,64,104,1,4,4,0,464.653968811
3,"map(from: a)",1024,64,104,1,4,3140,0,3171.253204346
3,"map(from: a)",1024,64,104,1,4,28,0,485.050678253
3,"map(from: a)",1024,64,104,1,4,1218,0,1494.598388672
3,"map(from: a)",1024,64,104,1,4,2,0,462.305545807
3,"map(from: a)",1024,64,104,1,4,183,0,617.694854736
3,"map(from: a)",1024,64,104,1,4,5042,0,4790.258407593
3,"map(from: a)",1024,64,104,1,4,114,0,559.592247009
3,"map(from: a)",1024,64,104,1,4,3,0,462.198257446
3,"map(from: a)",1024,64,104,1,4,44,0,498.998165131
3,"map(from: a)",1024,64,104,1,4,758,0,1111.745834351
3,"map(from: a)",1024,64,104,1,4,8096,0,7339.549064636
3,"map(from: a)",1024,64,104,1,4,1955,0,2135.944366455
3,"map(from: a)",1024,64,104,1,4,294,0,712.645053864
3,"map(from: a)",1024,64,104,1,4,7,0,466.191768646
3,"map(from: a)",1024,64,104,1,4,17,0,476.801395416
3,"map(from: a)",4096,64,104,0,0,7,0,472.450256348
3,"map(from: a)",4096,64,104,0,0,114,0,559.949874878
3,"map(from: a)",4096,64,104,0,0,3,0,463.497638702
3,"map(from: a)",4096,64,104,0,0,17,0,476.741790771
3,"map(from: a)",4096,64,104,0,0,1,0,462.853908539
3,"map(from: a)",4096,64,104,0,0,44,0,499.701499939
3,"map(from: a)",4096,64,104,0,0,294,0,711.345672607
3,"map(from: a)",4096,64,104,0,0,3140,0,3189.992904663
3,"map(from: a)",4096,64,104,0,0,4,0,464.999675751
3,"map(from: a)",4096,64,104,0,0,1955,0,2138.447761536
3,"map(from: a)",4096,64,104,0,0,183,0,618.207454681
3,"map(from: a)",4096,64,104,0,0,8096,0,7367.694377899
3,"map(from: a)",4096,64,104,0,0,758,0,1114.892959595
3,"map(from: a)",4096,64,104,0,0,71,0,521.945953369
3,"map(from: a)",4096,64,104,0,0,2,0,462.400913239
3,"map(from: a)",4096,64,104,0,0,11,0,470.304489136
3,"map(from: a)",4096,64,104,0,0,28,0,484.311580658
3,"map(from: a)",4096,64,104,0,0,5042,0,4817.104339600
3,"map(from: a)",4096,64,104,0,0,1218,0,1499.795913696
3,"map(from: a)",4096,64,104,0,0,472,0,861.251354218
3,"map(from: a)",4096,64,104,0,1,4,0,465.357303619
3,"map(from: a)",4096,64,104,0,1,1,0,461.709499359
3,"map(from: a)",4096,64,104,0,1,17,0,476.348400116
3,"map(from: a)",4096,64,104,0,1,28,0,485.241413116
3,"map(from: a)",4096,64,104,0,1,11,0,469.803810120
3,"map(from: a)",4096,64,104,0,1,3140,0,3155.446052551
3,"map(from: a)",4096,64,104,0,1,2,0,462.651252747
3,"map(from: a)",4096,64,104,0,1,758,0,1109.790802002
3,"map(from: a)",4096,64,104,0,1,1218,0,1505.804061890
3,"map(from: a)",4096,64,104,0,1,44,0,499.749183655
3,"map(from: a)",4096,64,104,0,1,71,0,522.494316101
3,"map(from: a)",4096,64,104,0,1,114,0,560.903549194
3,"map(from: a)",4096,64,104,0,1,294,0,710.105895996
3,"map(from: a)",4096,64,104,0,1,7,0,466.954708099
3,"map(from: a)",4096,64,104,0,1,183,0,619.053840637
3,"map(from: a)",4096,64,104,0,1,8096,0,7361.352443695
3,"map(from: a)",4096,64,104,0,1,472,0,869.500637054
3,"map(from: a)",4096,64,104,0,1,1955,0,2128.446102142
3,"map(from: a)",4096,64,104,0,1,3,0,463.342666626
3,"map(from: a)",4096,64,104,0,1,5042,0,4833.245277405
3,"map(from: a)",4096,64,104,0,2,3,0,463.008880615
3,"map(from: a)",4096,64,104,0,2,44,0,499.248504639
3,"map(from: a)",4096,64,104,0,2,1,0,462.448596954
3,"map(from: a)",4096,64,104,0,2,183,0,617.897510529
3,"map(from: a)",4096,64,104,0,2,294,0,715.196132660
3,"map(from: a)",4096,64,104,0,2,5042,0,4762.947559357
3,"map(from: a)",4096,64,104,0,2,7,0,467.205047607
3,"map(from: a)",4096,64,104,0,2,8096,0,7456.147670746
3,"map(from: a)",4096,64,104,0,2,2,0,462.400913239
3,"map(from: a)",4096,64,104,0,2,114,0,561.594963074
3,"map(from: a)",4096,64,104,0,2,71,0,523.602962494
3,"map(from: a)",4096,64,104,0,2,1955,0,2118.504047394
3,"map(from: a)",4096,64,104,0,2,17,0,476.908683777
3,"map(from: a)",4096,64,104,0,2,472,0,863.599777222
3,"map(from: a)",4096,64,104,0,2,11,0,469.803810120
3,"map(from: a)",4096,64,104,0,2,1218,0,1514.351367950
3,"map(from: a)",4096,64,104,0,2,4,0,464.844703674
3,"map(from: a)",4096,64,104,0,2,3140,0,3169.608116150
3,"map(from: a)",4096,64,104,0,2,758,0,1112.592220306
3,"map(from: a)",4096,64,104,0,2,28,0,484.097003937
3,"map(from: a)",4096,64,104,0,3,11,0,469.601154327
3,"map(from: a)",4096,64,104,0,3,4,0,464.797019958
3,"map(from: a)",4096,64,104,0,3,5042,0,4773.950576782
3,"map(from: a)",4096,64,104,0,3,183,0,619.995594025
3,"map(from: a)",4096,64,104,0,3,17,0,475.847721100
3,"map(from: a)",4096,64,104,0,3,3,0,463.354587555
3,"map(from: a)",4096,64,104,0,3,28,0,485.002994537
3,"map(from: a)",4096,64,104,0,3,1218,0,1495.158672333
3,"map(from: a)",4096,64,104,0,3,114,0,560.653209686
3,"map(from: a)",4096,64,104,0,3,758,0,1109.647750854
3,"map(from: a)",4096,64,104,0,3,1955,0,2122.259140015
3,"map(from: a)",4096,64,104,0,3,472,0,872.898101807
3,"map(from: a)",4096,64,104,0,3,7,0,466.048717499
3,"map(from: a)",4096,64,104,0,3,44,0,499.653816223
3,"map(from: a)",4096,64,104,0,3,3140,0,3141.546249390
3,"map(from: a)",4096,64,104,0,3,8096,0,7360.303401947
3,"map(from: a)",4096,64,104,0,3,71,0,523.841381073
3,"map(from: a)",4096,64,104,0,3,1,0,462.090969086
3,"map(from: a)",4096,64,104,0,3,2,0,462.400913239
3,"map(from: a)",4096,64,104,0,3,294,0,714.755058289
3,"map(from: a)",4096,64,104,0,4,3,0,462.889671326
3,"map(from: a)",4096,64,104,0,4,8096,0,7481.551170349
3,"map(from: a)",4096,64,104,0,4,1,0,462.555885315
3,"map(from: a)",4096,64,104,0,4,28,0,484.645366669
3,"map(from: a)",4096,64,104,0,4,17,0,476.491451263
3,"map(from: a)",4096,64,104,0,4,5042,0,4779.148101807
3,"map(from: a)",4096,64,104,0,4,7,0,466.501712799
3,"map(from: a)",4096,64,104,0,4,114,0,560.092926025
3,"map(from: a)",4096,64,104,0,4,44,0,498.497486115
3,"map(from: a)",4096,64,104,0,4,2,0,462.591648102
3,"map(from: a)",4096,64,104,0,4,294,0,714.254379272
3,"map(from: a)",4096,64,104,0,4,758,0,1110.041141510
3,"map(from: a)",4096,64,104,0,4,183,0,618.994235992
3,"map(from: a)",4096,64,104,0,4,4,0,464.642047882
3,"map(from: a)",4096,64,104,0,4,1218,0,1497.507095337
3,"map(from: a)",4096,64,104,0,4,71,0,522.553920746
3,"map(from: a)",4096,64,104,0,4,1955,0,2114.605903625
3,"map(from: a)",4096,64,104,0,4,11,0,471.603870392
3,"map(from: a)",4096,64,104,0,4,472,0,868.952274323
3,"map(from: a)",4096,64,104,0,4,3140,0,3127.694129944
3,"map(from: a)",4096,64,104,1,0,2,0,462.400913239
3,"map(from: a)",4096,64,104,1,0,4,0,465.202331543
3,"map(from: a)",4096,64,104,1,0,472,0,862.157344818
3,"map(from: a)",4096,64,104,1,0,3140,0,3168.594837189
3,"map(from: a)",4096,64,104,1,0,183,0,616.300106049
3,"map(from: a)",4096,64,104,1,0,28,0,485.897064209
3,"map(from: a)",4096,64,104,1,0,71,0,522.601604462
3,"map(from: a)",4096,64,104,1,0,1218,0,1495.707035065
3,"map(from: a)",4096,64,104,1,0,294,0,714.457035065
3,"map(from: a)",4096,64,104,1,0,1,0,462.102890015
3,"map(from: a)",4096,64,104,1,0,7,0,466.990470886
3,"map(from: a)",4096,64,104,1,0,1955,0,2149.605751038
3,"map(from: a)",4096,64,104,1,0,758,0,1104.700565338
3,"map(from: a)",4096,64,104,1,0,114,0,560.498237610
3,"map(from: a)",4096,64,104,1,0,11,0,470.197200775
3,"map(from: a)",4096,64,104,1,0,3,0,462.746620178
3,"map(from: a)",4096,64,104,1,0,8096,0,7432.150840759
3,"map(from: a)",4096,64,104,1,0,44,0,499.439239502
3,"map(from: a)",4096,64,104,1,0,17,0,476.098060608
3,"map(from: a)",4096,64,104,1,0,5042,0,4840.147495270
3,"map(from: a)",4096,64,104,1,1,758,0,1104.092597961
3,"map(from: a)",4096,64,104,1,1,3,0,462.841987610
3,"map(from: a)",4096,64,104,1,1,3140,0,3149.199485779
3,"map(from: a)",4096,64,104,1,1,1955,0,2119.553089142
3,"map(from: a)",4096,64,104,1,1,44,0,500.202178955
3,"map(from: a)",4096,64,104,1,1,17,0,475.895404816
3,"map(from: a)",4096,64,104,1,1,294,0,711.691379547
3,"map(from: a)",4096,64,104,1,1,28,0,485.491752625
3,"map(from: a)",4096,64,104,1,1,114,0,557.756423950
3,"map(from: a)",4096,64,104,1,1,2,0,462.150573730
3,"map(from: a)",4096,64,104,1,1,7,0,466.597080231
3,"map(from: a)",4096,64,104,1,1,183,0,617.897510529
3,"map(from: a)",4096,64,104,1,1,8096,0,7471.442222595
3,"map(from: a)",4096,64,104,1,1,11,0,470.101833344
3,"map(from: a)",4096,64,104,1,1,1,0,462.496280670
3,"map(from: a)",4096,64,104,1,1,1218,0,1514.494419098
3,"map(from: a)",4096,64,104,1,1,472,0,860.142707825
3,"map(from: a)",4096,64,104,1,1,71,0,522.649288177
3,"map(from: a)",4096,64,104,1,1,5042,0,4792.952537537
3,"map(from: a)",4096,64,104,1,1,4,0,465.047359467
3,"map(from: a)",4096,64,104,1,2,2,0,462.353229523
3,"map(from: a)",4096,64,104,1,2,71,0,522.339344025
3,"map(from: a)",4096,64,104,1,2,17,0,475.752353668
3,"map(from: a)",4096,64,104,1,2,472,0,866.794586182
3,"map(from: a)",4096,64,104,1,2,5042,0,4726.600646973
3,"map(from: a)",4096,64,104,1,2,28,0,485.193729401
3,"map(from: a)",4096,64,104,1,2,44,0,500.702857971
3,"map(from: a)",4096,64,104,1,2,1218,0,1494.801044464
3,"map(from: a)",4096,64,104,1,2,4,0,465.404987335
3,"map(from: a)",4096,64,104,1,2,1955,0,2122.044563293
3,"map(from: a)",4096,64,104,1,2,183,0,617.146492004
3,"map(from: a)",4096,64,104,1,2,7,0,466.799736023
3,"map(from: a)",4096,64,104,1,2,758,0,1105.999946594
3,"map(from: a)",4096,64,104,1,2,1,0,463.449954987
3,"map(from: a)",4096,64,104,1,2,3140,0,3159.403800964
3,"map(from: a)",4096,64,104,1,2,8096,0,7355.749607086
3,"map(from: a)",4096,64,104,1,2,3,0,463.104248047
3,"map(from: a)",4096,64,104,1,2,114,0,559.449195862
3,"map(from: a)",4096,64,104,1,2,11,0,469.660758972
3,"map(from: a)",4096,64,104,1,2,294,0,716.996192932
3,"map(from: a)",4096,64,104,1,3,1,0,462.198257446
3,"map(from: a)",4096,64,104,1,3,17,0,476.443767548
3,"map(from: a)",4096,64,104,1,3,294,0,713.396072388
3,"map(from: a)",4096,64,104,1,3,5042,0,4720.103740692
3,"map(from: a)",4096,64,104,1,3,114,0,560.700893402
3,"map(from: a)",4096,64,104,1,3,28,0,484.549999237
3,"map(from: a)",4096,64,104,1,3,1218,0,1491.200923920
3,"map(from: a)",4096,64,104,1,3,2,0,462.400913239
3,"map(from: a)",4096,64,104,1,3,3,0,462.746620178
3,"map(from: a)",4096,64,104,1,3,4,0,464.892387390
3,"map(from: a)",4096,64,104,1,3,758,0,1107.394695282
3,"map(from: a)",4096,64,104,1,3,11,0,469.648838043
3,"map(from: a)",4096,64,104,1,3,44,0,499.558448792
3,"map(from: a)",4096,64,104,1,3,472,0,865.054130554
3,"map(from: a)",4096,64,104,1,3,7,0,466.299057007
3,"map(from: a)",4096,64,104,1,3,1955,0,2151.894569397
3,"map(from: a)",4096,64,104,1,3,71,0,521.600246429
3,"map(from: a)",4096,64,104,1,3,183,0,619.447231293
3,"map(from: a)",4096,64,104,1,3,8096,0,7390.999794006
3,"map(from: a)",4096,64,104,1,3,3140,0,3124.499320984
3,"map(from: a)",4096,64,104,1,4,472,0,868.904590607
3,"map(from: a)",4096,64,104,1,4,71,0,522.947311401
3,"map(from: a)",4096,64,104,1,4,1,0,462.055206299
3,"map(from: a)",4096,64,104,1,4,11,0,470.852851868
3,"map(from: a)",4096,64,104,1,4,4,0,464.403629303
3,"map(from: a)",4096,64,104,1,4,3140,0,3154.957294464
3,"map(from: a)",4096,64,104,1,4,28,0,484.752655029
3,"map(from: a)",4096,64,104,1,4,1218,0,1495.051383972
3,"map(from: a)",4096,64,104,1,4,2,0,461.995601654
3,"map(from: a)",4096,64,104,1,4,183,0,617.301464081
3,"map(from: a)",4096,64,104,1,4,5042,0,4756.140708923
3,"map(from: a)",4096,64,104,1,4,114,0,560.593605042
3,"map(from: a)",4096,64,104,1,4,3,0,463.640689850
3,"map(from: a)",4096,64,104,1,4,44,0,499.749183655
3,"map(from: a)",4096,64,104,1,4,758,0,1108.992099762
3,"map(from: a)",4096,64,104,1,4,8096,0,7380.747795105
3,"map(from: a)",4096,64,104,1,4,1955,0,2149.593830109
3,"map(from: a)",4096,64,104,1,4,294,0,712.752342224
3,"map(from: a)",4096,64,104,1,4,7,0,466.299057007
3,"map(from: a)",4096,64,104,1,4,17,0,476.455688477
3,"map(from: a)",16384,64,104,0,0,7,0,473.940372467
3,"map(from: a)",16384,64,104,0,0,114,0,562.894344330
3,"map(from: a)",16384,64,104,0,0,3,0,465.941429138
3,"map(from: a)",16384,64,104,0,0,17,0,478.100776672
3,"map(from: a)",16384,64,104,0,0,1,0,465.404987335
3,"map(from: a)",16384,64,104,0,0,44,0,501.704216003
3,"map(from: a)",16384,64,104,0,0,294,0,714.194774628
3,"map(from: a)",16384,64,104,0,0,3140,0,3171.145915985
3,"map(from: a)",16384,64,104,0,0,4,0,467.503070831
3,"map(from: a)",16384,64,104,0,0,1955,0,2150.690555573
3,"map(from: a)",16384,64,104,0,0,183,0,621.449947357
3,"map(from: a)",16384,64,104,0,0,8096,0,7350.492477417
3,"map(from: a)",16384,64,104,0,0,758,0,1113.200187683
3,"map(from: a)",16384,64,104,0,0,71,0,524.902343750
3,"map(from: a)",16384,64,104,0,0,2,0,464.451313019
3,"map(from: a)",16384,64,104,0,0,11,0,472.199916840
3,"map(from: a)",16384,64,104,0,0,28,0,486.850738525
3,"map(from: a)",16384,64,104,0,0,5042,0,4811.048507690
3,"map(from: a)",16384,64,104,0,0,1218,0,1507.699489594
3,"map(from: a)",16384,64,104,0,0,472,0,864.195823669
3,"map(from: a)",16384,64,104,0,1,4,0,467.300415039
3,"map(from: a)",16384,64,104,0,1,1,0,465.095043182
3,"map(from: a)",16384,64,104,0,1,17,0,478.744506836
3,"map(from: a)",16384,64,104,0,1,28,0,488.042831421
3,"map(from: a)",16384,64,104,0,1,11,0,473.153591156
3,"map(from: a)",16384,64,104,0,1,3140,0,3159.701824188
3,"map(from: a)",16384,64,104,0,1,2,0,464.653968811
3,"map(from: a)",16384,64,104,0,1,758,0,1110.041141510
3,"map(from: a)",16384,64,104,0,1,1218,0,1513.004302979
3,"map(from: a)",16384,64,104,0,1,44,0,501.704216003
3,"map(from: a)",16384,64,104,0,1,71,0,525.307655334
3,"map(from: a)",16384,64,104,0,1,114,0,563.800334930
3,"map(from: a)",16384,64,104,0,1,294,0,712.549686432
3,"map(from: a)",16384,64,104,0,1,7,0,469.553470612
3,"map(from: a)",16384,64,104,0,1,183,0,620.448589325
3,"map(from: a)",16384,64,104,0,1,8096,0,7324.004173279
3,"map(from: a)",16384,64,104,0,1,472,0,870.156288147
3,"map(from: a)",16384,64,104,0,1,1955,0,2135.193347931
3,"map(from: a)",16384,64,104,0,1,3,0,465.750694275
3,"map(from: a)",16384,64,104,0,1,5042,0,4828.298091888
3,"map(from: a)",16384,64,104,0,2,3,0,465.548038483
3,"map(from: a)",16384,64,104,0,2,44,0,502.252578735
3,"map(from: a)",16384,64,104,0,2,1,0,465.297698975
3,"map(from: a)",16384,64,104,0,2,183,0,621.044635773
3,"map(from: a)",16384,64,104,0,2,294,0,716.793537140
3,"map(from: a)",16384,64,104,0,2,5042,0,4794.001579285
3,"map(from: a)",16384,64,104,0,2,7,0,469.100475311
3,"map(from: a)",16384,64,104,0,2,8096,0,7495.653629303
3,"map(from: a)",16384,64,104,0,2,2,0,464.749336243
3,"map(from: a)",16384,64,104,0,2,114,0,562.548637390
3,"map(from: a)",16384,64,104,0,2,71,0,524.699687958
3,"map(from: a)",16384,64,104,0,2,1955,0,2127.146720886
3,"map(from: a)",16384,64,104,0,2,17,0,479.257106781
3,"map(from: a)",16384,64,104,0,2,472,0,867.009162903
3,"map(from: a)",16384,64,104,0,2,11,0,471.997261047
3,"map(from: a)",16384,64,104,0,2,1218,0,1516.151428223
3,"map(from: a)",16384,64,104,0,2,4,0,467.240810394
3,"map(from: a)",16384,64,104,0,2,3140,0,3146.898746490
3,"map(from: a)",16384,64,104,0,2,758,0,1112.258434296
3,"map(from: a)",16384,64,104,0,2,28,0,486.600399017
3,"map(from: a)",16384,64,104,0,3,11,0,472.545623779
3,"map(from: a)",16384,64,104,0,3,4,0,466.942787170
3,"map(from: a)",16384,64,104,0,3,5042,0,4752.755165100
3,"map(from: a)",16384,64,104,0,3,183,0,621.855258942
3,"map(from: a)",16384,64,104,0,3,17,0,478.041172028
3,"map(from: a)",16384,64,104,0,3,3,0,466.001033783
3,"map(from: a)",16384,64,104,0,3,28,0,487.756729126
3,"map(from: a)",16384,64,104,0,3,1218,0,1495.003700256
3,"map(from: a)",16384,64,104,0,3,114,0,563.097000122
3,"map(from: a)",16384,64,104,0,3,758,0,1109.051704407
3,"map(from: a)",16384,64,104,0,3,1955,0,2128.148078918
3,"map(from: a)",16384,64,104,0,3,472,0,872.552394867
3,"map(from: a)",16384,64,104,0,3,7,0,468.599796295
3,"map(from: a)",16384,64,104,0,3,44,0,502.550601959
3,"map(from: a)",16384,64,104,0,3,3140,0,3161.001205444
3,"map(from: a)",16384,64,104,0,3,8096,0,7314.693927765
3,"map(from: a)",16384,64,104,0,3,71,0,525.200366974
3,"map(from: a)",16384,64,104,0,3,1,0,464.248657227
3,"map(from: a)",16384,64,104,0,3,2,0,464.200973511
3,"map(from: a)",16384,64,104,0,3,294,0,718.855857849
3,"map(from: a)",16384,64,104,0,4,3,0,465.691089630
3,"map(from: a)",16384,64,104,0,4,8096,0,7437.658309937
3,"map(from: a)",16384,64,104,0,4,1,0,464.153289795
3,"map(from: a)",16384,64,104,0,4,28,0,487.351417542
3,"map(from: a)",16384,64,104,0,4,17,0,479.102134705
3,"map(from: a)",16384,64,104,0,4,5042,0,4786.503314972
3,"map(from: a)",16384,64,104,0,4,7,0,468.552112579
3,"map(from: a)",16384,64,104,0,4,114,0,563.955307007
3,"map(from: a)",16384,64,104,0,4,44,0,501.441955566
3,"map(from: a)",16384,64,104,0,4,2,0,464.689731598
3,"map(from: a)",16384,64,104,0,4,294,0,715.351104736
3,"map(from: a)",16384,64,104,0,4,758,0,1108.694076538
3,"map(from: a)",16384,64,104,0,4,183,0,622.856616974
3,"map(from: a)",16384,64,104,0,4,4,0,467.097759247
3,"map(from: a)",16384,64,104,0,4,1218,0,1501.059532166
3,"map(from: a)",16384,64,104,0,4,71,0,525.593757629
3,"map(from: a)",16384,64,104,0,4,1955,0,2105.307579041
3,"map(from: a)",16384,64,104,0,4,11,0,472.354888916
3,"map(from: a)",16384,64,104,0,4,472,0,866.305828094
3,"map(from: a)",16384,64,104,0,4,3140,0,3121.995925903
3,"map(from: a)",16384,64,104,1,0,2,0,465.297698975
3,"map(from: a)",16384,64,104,1,0,4,0,467.252731323
3,"map(from: a)",16384,64,104,1,0,472,0,865.900516510
3,"map(from: a)",16384,64,104,1,0,3140,0,3164.446353912
3,"map(from: a)",16384,64,104,1,0,183,0,619.304180145
3,"map(from: a)",16384,64,104,1,0,28,0,487.554073334
3,"map(from: a)",16384,64,104,1,0,71,0,525.057315826
3,"map(from: a)",16384,64,104,1,0,1218,0,1504.850387573
3,"map(from: a)",16384,64,104,1,0,294,0,716.745853424
3,"map(from: a)",16384,64,104,1,0,1,0,464.606285095
3,"map(from: a)",16384,64,104,1,0,7,0,468.993186951
3,"map(from: a)",16384,64,104,1,0,1955,0,2154.052257538
3,"map(from: a)",16384,64,104,1,0,758,0,1104.652881622
3,"map(from: a)",16384,64,104,1,0,114,0,562.798976898
3,"map(from: a)",16384,64,104,1,0,11,0,473.046302795
3,"map(from: a)",16384,64,104,1,0,3,0,465.250015259
3,"map(from: a)",16384,64,104,1,0,8096,0,7443.189620972
3,"map(from: a)",16384,64,104,1,0,44,0,501.704216003
3,"map(from: a)",16384,64,104,1,0,17,0,479.292869568
3,"map(from: a)",16384,64,104,1,0,5042,0,4821.455478668
3,"map(from: a)",16384,64,104,1,1,758,0,1105.356216431
3,"map(from: a)",16384,64,104,1,1,3,0,465.190410614
3,"map(from: a)",16384,64,104,1,1,3140,0,3152.346611023
3,"map(from: a)",16384,64,104,1,1,1955,0,2126.002311707
3,"map(from: a)",16384,64,104,1,1,44,0,502.407550812
3,"map(from: a)",16384,64,104,1,1,17,0,479.054450989
3,"map(from: a)",16384,64,104,1,1,294,0,715.756416321
3,"map(from: a)",16384,64,104,1,1,28,0,488.352775574
3,"map(from: a)",16384,64,104,1,1,114,0,561.404228210
3,"map(from: a)",16384,64,104,1,1,2,0,465.452671051
3,"map(from: a)",16384,64,104,1,1,7,0,469.398498535
3,"map(from: a)",16384,64,104,1,1,183,0,619.244575500
3,"map(from: a)",16384,64,104,1,1,8096,0,7435.452938080
3,"map(from: a)",16384,64,104,1,1,11,0,472.652912140
3,"map(from: a)",16384,64,104,1,1,1,0,464.546680450
3,"map(from: a)",16384,64,104,1,1,1218,0,1517.951488495
3,"map(from: a)",16384,64,104,1,1,472,0,864.446163177
3,"map(from: a)",16384,64,104,1,1,71,0,525.104999542
3,"map(from: a)",16384,64,104,1,1,5042,0,4793.345928192
3,"map(from: a)",16384,64,104,1,1,4,0,467.503070831
3,"map(from: a)",16384,64,104,1,2,2,0,464.892387390
3,"map(from: a)",16384,64,104,1,2,71,0,524.950027466
3,"map(from: a)",16384,64,104,1,2,17,0,478.255748749
3,"map(from: a)",16384,64,104,1,2,472,0,872.850418091
3,"map(from: a)",16384,64,104,1,2,5042,0,4730.451107025
3,"map(from: a)",16384,64,104,1,2,28,0,487.053394318
3,"map(from: a)",16384,64,104,1,2,44,0,502.049922943
3,"map(from: a)",16384,64,104,1,2,1218,0,1500.344276428
3,"map(from: a)",16384,64,104,1,2,4,0,467.097759247
3,"map(from: a)",16384,64,104,1,2,1955,0,2138.245105743
3,"map(from: a)",16384,64,104,1,2,183,0,618.958473206
3,"map(from: a)",16384,64,104,1,2,7,0,469.505786896
3,"map(from: a)",16384,64,104,1,2,758,0,1104.354858398
3,"map(from: a)",16384,64,104,1,2,1,0,464.439392090
3,"map(from: a)",16384,64,104,1,2,3140,0,3153.192996979
3,"map(from: a)",16384,64,104,1,2,8096,0,7395.255565643
3,"map(from: a)",16384,64,104,1,2,3,0,465.798377991
3,"map(from: a)",16384,64,104,1,2,114,0,561.141967773
3,"map(from: a)",16384,64,104,1,2,11,0,472.152233124
3,"map(from: a)",16384,64,104,1,2,294,0,716.400146484
3,"map(from: a)",16384,64,104,1,3,1,0,464.248657227
3,"map(from: a)",16384,64,104,1,3,17,0,478.303432465
3,"map(from: a)",16384,64,104,1,3,294,0,715.851783752
3,"map(from: a)",16384,64,104,1,3,5042,0,4758.501052856
3,"map(from: a)",16384,64,104,1,3,114,0,562.047958374
3,"map(from: a)",16384,64,104,1,3,28,0,487.303733826
3,"map(from: a)",16384,64,104,1,3,1218,0,1495.444774628
3,"map(from: a)",16384,64,104,1,3,2,0,464.701652527
3,"map(from: a)",16384,64,104,1,3,3,0,464.951992035
3,"map(from: a)",16384,64,104,1,3,4,0,467.550754547
3,"map(from: a)",16384,64,104,1,3,758,0,1115.095615387
3,"map(from: a)",16384,64,104,1,3,11,0,471.997261047
3,"map(from: a)",16384,64,104,1,3,44,0,502.097606659
3,"map(from: a)",16384,64,104,1,3,472,0,866.150856018
3,"map(from: a)",16384,64,104,1,3,7,0,468.850135803
3,"map(from: a)",16384,64,104,1,3,1955,0,2159.953117371
3,"map(from: a)",16384,64,104,1,3,71,0,523.507595062
3,"map(from: a)",16384,64,104,1,3,183,0,621.604919434
3,"map(from: a)",16384,64,104,1,3,8096,0,7407.045364380
3,"map(from: a)",16384,64,104,1,3,3140,0,3106.796741486
3,"map(from: a)",16384,64,104,1,4,472,0,871.956348419
3,"map(from: a)",16384,64,104,1,4,71,0,524.508953094
3,"map(from: a)",16384,64,104,1,4,1,0,464.546680450
3,"map(from: a)",16384,64,104,1,4,11,0,472.295284271
3,"map(from: a)",16384,64,104,1,4,4,0,467.097759247
3,"map(from: a)",16384,64,104,1,4,3140,0,3167.295455933
3,"map(from: a)",16384,64,104,1,4,28,0,487.291812897
3,"map(from: a)",16384,64,104,1,4,1218,0,1499.402523041
3,"map(from: a)",16384,64,104,1,4,2,0,464.844703674
3,"map(from: a)",16384,64,104,1,4,183,0,620.496273041
3,"map(from: a)",16384,64,104,1,4,5042,0,4793.143272400
3,"map(from: a)",16384,64,104,1,4,114,0,563.251972198
3,"map(from: a)",16384,64,104,1,4,3,0,466.144084930
3,"map(from: a)",16384,64,104,1,4,44,0,502.049922943
3,"map(from: a)",16384,64,104,1,4,758,0,1111.602783203
3,"map(from: a)",16384,64,104,1,4,8096,0,7343.149185181
3,"map(from: a)",16384,64,104,1,4,1955,0,2151.203155518
3,"map(from: a)",16384,64,104,1,4,294,0,716.257095337
3,"map(from: a)",16384,64,104,1,4,7,0,468.897819519
3,"map(from: a)",16384,64,104,1,4,17,0,479.054450989
3,"map(from: a)",65536,64,104,0,0,7,0,491.154193878
3,"map(from: a)",65536,64,104,0,0,114,0,579.857826233
3,"map(from: a)",65536,64,104,0,0,3,0,482.690334320
3,"map(from: a)",65536,64,104,0,0,17,0,495.052337646
3,"map(from: a)",65536,64,104,0,0,1,0,482.094287872
3,"map(from: a)",65536,64,104,0,0,44,0,518.643856049
3,"map(from: a)",65536,64,104,0,0,294,0,731.301307678
3,"map(from: a)",65536,64,104,0,0,3140,0,3195.703029633
3,"map(from: a)",65536,64,104,0,0,4,0,483.894348145
3,"map(from: a)",65536,64,104,0,0,1955,0,2159.297466278
3,"map(from: a)",65536,64,104,0,0,183,0,637.352466583
3,"map(from: a)",65536,64,104,0,0,8096,0,7379.901409149
3,"map(from: a)",65536,64,104,0,0,758,0,1134.049892426
3,"map(from: a)",65536,64,104,0,0,71,0,541.090965271
3,"map(from: a)",65536,64,104,0,0,2,0,481.343269348
3,"map(from: a)",65536,64,104,0,0,11,0,489.497184753
3,"map(from: a)",65536,64,104,0,0,28,0,502.955913544
3,"map(from: a)",65536,64,104,0,0,5042,0,4850.006103516
3,"map(from: a)",65536,64,104,0,0,1218,0,1521.694660187
3,"map(from: a)",65536,64,104,0,0,472,0,883.245468140
3,"map(from: a)",65536,64,104,0,1,4,0,484.490394592
3,"map(from: a)",65536,64,104,0,1,1,0,481.545925140
3,"map(from: a)",65536,64,104,0,1,17,0,495.493412018
3,"map(from: a)",65536,64,104,0,1,28,0,504.446029663
3,"map(from: a)",65536,64,104,0,1,11,0,488.996505737
3,"map(from: a)",65536,64,104,0,1,3140,0,3189.647197723
3,"map(from: a)",65536,64,104,0,1,2,0,481.152534485
3,"map(from: a)",65536,64,104,0,1,758,0,1123.940944672
3,"map(from: a)",65536,64,104,0,1,1218,0,1521.348953247
3,"map(from: a)",65536,64,104,0,1,44,0,518.143177032
3,"map(from: a)",65536,64,104,0,1,71,0,541.853904724
3,"map(from: a)",65536,64,104,0,1,114,0,578.701496124
3,"map(from: a)",65536,64,104,0,1,294,0,729.751586914
3,"map(from: a)",65536,64,104,0,1,7,0,486.254692078
3,"map(from: a)",65536,64,104,0,1,183,0,638.341903687
3,"map(from: a)",65536,64,104,0,1,8096,0,7354.605197906
3,"map(from: a)",65536,64,104,0,1,472,0,885.653495789
3,"map(from: a)",65536,64,104,0,1,1955,0,2149.701118469
3,"map(from: a)",65536,64,104,0,1,3,0,482.296943665
3,"map(from: a)",65536,64,104,0,1,5042,0,4875.040054321
3,"map(from: a)",65536,64,104,0,2,3,0,482.642650604
3,"map(from: a)",65536,64,104,0,2,44,0,519.156455994
3,"map(from: a)",65536,64,104,0,2,1,0,482.094287872
3,"map(from: a)",65536,64,104,0,2,183,0,636.541843414
3,"map(from: a)",65536,64,104,0,2,294,0,734.603404999
3,"map(from: a)",65536,64,104,0,2,5042,0,4791.951179504
3,"map(from: a)",65536,64,104,0,2,7,0,485.801696777
3,"map(from: a)",65536,64,104,0,2,8096,0,7535.457611084
3,"map(from: a)",65536,64,104,0,2,2,0,481.605529785
3,"map(from: a)",65536,64,104,0,2,114,0,579.249858856
3,"map(from: a)",65536,64,104,0,2,71,0,542.044639587
3,"map(from: a)",65536,64,104,0,2,1955,0,2134.001255035
3,"map(from: a)",65536,64,104,0,2,17,0,495.946407318
3,"map(from: a)",65536,64,104,0,2,472,0,884.556770325
3,"map(from: a)",65536,64,104,0,2,11,0,489.199161530
3,"map(from: a)",65536,64,104,0,2,1218,0,1530.206203461
3,"map(from: a)",65536,64,104,0,2,4,0,484.204292297
3,"map(from: a)",65536,64,104,0,2,3140,0,3175.544738770
3,"map(from: a)",65536,64,104,0,2,758,0,1127.898693085
3,"map(from: a)",65536,64,104,0,2,28,0,504.148006439
3,"map(from: a)",65536,64,104,0,3,11,0,489.902496338
3,"map(from: a)",65536,64,104,0,3,4,0,484.299659729
3,"map(from: a)",65536,64,104,0,3,5042,0,4790.842533112
3,"map(from: a)",65536,64,104,0,3,183,0,640.153884888
3,"map(from: a)",65536,64,104,0,3,17,0,494.253635406
3,"map(from: a)",65536,64,104,0,3,3,0,482.606887817
3,"map(from: a)",65536,64,104,0,3,28,0,504.159927368
3,"map(from: a)",65536,64,104,0,3,1218,0,1515.591144562
3,"map(from: a)",65536,64,104,0,3,114,0,579.500198364
3,"map(from: a)",65536,64,104,0,3,758,0,1127.398014069
3,"map(from: a)",65536,64,104,0,3,1955,0,2133.452892303
3,"map(from: a)",65536,64,104,0,3,472,0,889.146327972
3,"map(from: a)",65536,64,104,0,3,7,0,485.801696777
3,"map(from: a)",65536,64,104,0,3,44,0,518.894195557
3,"map(from: a)",65536,64,104,0,3,3140,0,3166.747093201
3,"map(from: a)",65536,64,104,0,3,8096,0,7379.949092865
3,"map(from: a)",65536,64,104,0,3,71,0,542.449951172
3,"map(from: a)",65536,64,104,0,3,1,0,481.700897217
3,"map(from: a)",65536,64,104,0,3,2,0,481.653213501
3,"map(from: a)",65536,64,104,0,3,294,0,734.746456146
3,"map(from: a)",65536,64,104,0,4,3,0,482.201576233
3,"map(from: a)",65536,64,104,0,4,8096,0,7502.698898315
3,"map(from: a)",65536,64,104,0,4,1,0,482.106208801
3,"map(from: a)",65536,64,104,0,4,28,0,503.897666931
3,"map(from: a)",65536,64,104,0,4,17,0,495.505332947
3,"map(from: a)",65536,64,104,0,4,5042,0,4787.051677704
3,"map(from: a)",65536,64,104,0,4,7,0,486.052036285
3,"map(from: a)",65536,64,104,0,4,114,0,579.798221588
3,"map(from: a)",65536,64,104,0,4,44,0,518.357753754
3,"map(from: a)",65536,64,104,0,4,2,0,481.748580933
3,"map(from: a)",65536,64,104,0,4,294,0,733.149051666
3,"map(from: a)",65536,64,104,0,4,758,0,1120.901107788
3,"map(from: a)",65536,64,104,0,4,183,0,638.401508331
3,"map(from: a)",65536,64,104,0,4,4,0,484.108924866
3,"map(from: a)",65536,64,104,0,4,1218,0,1517.951488495
3,"map(from: a)",65536,64,104,0,4,71,0,542.247295380
3,"map(from: a)",65536,64,104,0,4,1955,0,2132.451534271
3,"map(from: a)",65536,64,104,0,4,11,0,489.842891693
3,"map(from: a)",65536,64,104,0,4,472,0,883.603096008
3,"map(from: a)",65536,64,104,0,4,3140,0,3145.408630371
3,"map(from: a)",65536,64,104,1,0,2,0,482.594966888
3,"map(from: a)",65536,64,104,1,0,4,0,484.192371368
3,"map(from: a)",65536,64,104,1,0,472,0,881.659984589
3,"map(from: a)",65536,64,104,1,0,3140,0,3214.752674103
3,"map(from: a)",65536,64,104,1,0,183,0,635.254383087
3,"map(from: a)",65536,64,104,1,0,28,0,504.803657532
3,"map(from: a)",65536,64,104,1,0,71,0,541.996955872
3,"map(from: a)",65536,64,104,1,0,1218,0,1515.150070190
3,"map(from: a)",65536,64,104,1,0,294,0,736.403465271
3,"map(from: a)",65536,64,104,1,0,1,0,480.806827545
3,"map(from: a)",65536,64,104,1,0,7,0,486.302375793
3,"map(from: a)",65536,64,104,1,0,1955,0,2161.550521851
3,"map(from: a)",65536,64,104,1,0,758,0,1116.549968719
3,"map(from: a)",65536,64,104,1,0,114,0,580.155849457
3,"map(from: a)",65536,64,104,1,0,11,0,489.306449890
3,"map(from: a)",65536,64,104,1,0,3,0,482.547283173
3,"map(from: a)",65536,64,104,1,0,8096,0,7465.958595276
3,"map(from: a)",65536,64,104,1,0,44,0,518.500804901
3,"map(from: a)",65536,64,104,1,0,17,0,494.790077209
3,"map(from: a)",65536,64,104,1,0,5042,0,4830.241203308
3,"map(from: a)",65536,64,104,1,1,758,0,1123.499870300
3,"map(from: a)",65536,64,104,1,1,3,0,482.499599457
3,"map(from: a)",65536,64,104,1,1,3140,0,3176.045417786
3,"map(from: a)",65536,64,104,1,1,1955,0,2153.801918030
3,"map(from: a)",65536,64,104,1,1,44,0,519.251823425
3,"map(from: a)",65536,64,104,1,1,17,0,495.743751526
3,"map(from: a)",65536,64,104,1,1,294,0,730.705261230
3,"map(from: a)",65536,64,104,1,1,28,0,504.243373871
3,"map(from: a)",65536,64,104,1,1,114,0,577.151775360
3,"map(from: a)",65536,64,104,1,1,2,0,481.951236725
3,"map(from: a)",65536,64,104,1,1,7,0,485.992431641
3,"map(from: a)",65536,64,104,1,1,183,0,636.398792267
3,"map(from: a)",65536,64,104,1,1,8096,0,7459.759712219
3,"map(from: a)",65536,64,104,1,1,11,0,489.044189453
3,"map(from: a)",65536,64,104,1,1,1,0,481.557846069
3,"map(from: a)",65536,64,104,1,1,1218,0,1529.800891876
3,"map(from: a)",65536,64,104,1,1,472,0,879.848003387
3,"map(from: a)",65536,64,104,1,1,71,0,541.841983795
3,"map(from: a)",65536,64,104,1,1,5042,0,4811.298847198
3,"map(from: a)",65536,64,104,1,1,4,0,483.953952789
3,"map(from: a)",65536,64,104,1,2,2,0,481.605529785
3,"map(from: a)",65536,64,104,1,2,71,0,541.841983795
3,"map(from: a)",65536,64,104,1,2,17,0,495.553016663
3,"map(from: a)",65536,64,104,1,2,472,0,888.299942017
3,"map(from: a)",65536,64,104,1,2,5042,0,4769.659042358
3,"map(from: a)",65536,64,104,1,2,28,0,504.660606384
3,"map(from: a)",65536,64,104,1,2,44,0,518.190860748
3,"map(from: a)",65536,64,104,1,2,1218,0,1512.706279755
3,"map(from: a)",65536,64,104,1,2,4,0,484.395027161
3,"map(from: a)",65536,64,104,1,2,1955,0,2148.306369781
3,"map(from: a)",65536,64,104,1,2,183,0,637.292861938
3,"map(from: a)",65536,64,104,1,2,7,0,486.254692078
3,"map(from: a)",65536,64,104,1,2,758,0,1123.547554016
3,"map(from: a)",65536,64,104,1,2,1,0,481.748580933
3,"map(from: a)",65536,64,104,1,2,3140,0,3169.751167297
3,"map(from: a)",65536,64,104,1,2,8096,0,7360.100746155
3,"map(from: a)",65536,64,104,1,2,3,0,482.559204102
3,"map(from: a)",65536,64,104,1,2,114,0,578.546524048
3,"map(from: a)",65536,64,104,1,2,11,0,488.603115082
3,"map(from: a)",65536,64,104,1,2,294,0,735.306739807
3,"map(from: a)",65536,64,104,1,3,1,0,481.009483337
3,"map(from: a)",65536,64,104,1,3,17,0,495.755672455
3,"map(from: a)",65536,64,104,1,3,294,0,731.205940247
3,"map(from: a)",65536,64,104,1,3,5042,0,4790.055751801
3,"map(from: a)",65536,64,104,1,3,114,0,579.297542572
3,"map(from: a)",65536,64,104,1,3,28,0,504.446029663
3,"map(from: a)",65536,64,104,1,3,1218,0,1512.205600739
3,"map(from: a)",65536,64,104,1,3,2,0,481.200218201
3,"map(from: a)",65536,64,104,1,3,3,0,482.451915741
3,"map(from: a)",65536,64,104,1,3,4,0,483.298301697
3,"map(from: a)",65536,64,104,1,3,758,0,1129.949092865
3,"map(from: a)",65536,64,104,1,3,11,0,488.853454590
3,"map(from: a)",65536,64,104,1,3,44,0,519.156455994
3,"map(from: a)",65536,64,104,1,3,472,0,883.042812347
3,"map(from: a)",65536,64,104,1,3,7,0,486.004352570
3,"map(from: a)",65536,64,104,1,3,1955,0,2160.489559174
3,"map(from: a)",65536,64,104,1,3,71,0,541.198253632
3,"map(from: a)",65536,64,104,1,3,183,0,638.401508331
3,"map(from: a)",65536,64,104,1,3,8096,0,7434.201240540
3,"map(from: a)",65536,64,104,1,3,3140,0,3147.697448730
3,"map(from: a)",65536,64,104,1,4,472,0,887.548923492
3,"map(from: a)",65536,64,104,1,4,71,0,540.995597839
3,"map(from: a)",65536,64,104,1,4,1,0,481.402873993
3,"map(from: a)",65536,64,104,1,4,11,0,489.652156830
3,"map(from: a)",65536,64,104,1,4,4,0,484.395027161
3,"map(from: a)",65536,64,104,1,4,3140,0,3176.593780518
3,"map(from: a)",65536,64,104,1,4,28,0,504.899024963
3,"map(from: a)",65536,64,104,1,4,1218,0,1514.899730682
3,"map(from: a)",65536,64,104,1,4,2,0,481.545925140
3,"map(from: a)",65536,64,104,1,4,183,0,636.756420135
3,"map(from: a)",65536,64,104,1,4,5042,0,4778.707027435
3,"map(from: a)",65536,64,104,1,4,114,0,580.406188965
3,"map(from: a)",65536,64,104,1,4,3,0,482.249259949
3,"map(from: a)",65536,64,104,1,4,44,0,518.405437469
3,"map(from: a)",65536,64,104,1,4,758,0,1130.044460297
3,"map(from: a)",65536,64,104,1,4,8096,0,7310.199737549
3,"map(from: a)",65536,64,104,1,4,1955,0,2167.499065399
3,"map(from: a)",65536,64,104,1,4,294,0,731.348991394
3,"map(from: a)",65536,64,104,1,4,7,0,485.754013062
3,"map(from: a)",65536,64,104,1,4,17,0,495.696067810
3,"map(from: a)",262144,64,104,0,0,7,0,678.360462189
3,"map(from: a)",262144,64,104,0,0,114,0,768.840312958
3,"map(from: a)",262144,64,104,0,0,3,0,664.150714874
3,"map(from: a)",262144,64,104,0,0,17,0,675.296783447
3,"map(from: a)",262144,64,104,0,0,1,0,669.753551483
3,"map(from: a)",262144,64,104,0,0,44,0,718.855857849
3,"map(from: a)",262144,64,104,0,0,294,0,976.502895355
3,"map(from: a)",262144,64,104,0,0,3140,0,3442.144393921
3,"map(from: a)",262144,64,104,0,0,4,0,676.155090332
3,"map(from: a)",262144,64,104,0,0,1955,0,2395.999431610
3,"map(from: a)",262144,64,104,0,0,183,0,974.404811859
3,"map(from: a)",262144,64,104,0,0,8096,0,7735.741138458
3,"map(from: a)",262144,64,104,0,0,758,0,1328.444480896
3,"map(from: a)",262144,64,104,0,0,71,0,751.650333405
3,"map(from: a)",262144,64,104,0,0,2,0,664.210319519
3,"map(from: a)",262144,64,104,0,0,11,0,675.153732300
3,"map(from: a)",262144,64,104,0,0,28,0,696.146488190
3,"map(from: a)",262144,64,104,0,0,5042,0,5060.553550720
3,"map(from: a)",262144,64,104,0,0,1218,0,1747.453212738
3,"map(from: a)",262144,64,104,0,0,472,0,1080.954074860
3,"map(from: a)",262144,64,104,0,1,4,0,671.553611755
3,"map(from: a)",262144,64,104,0,1,1,0,661.456584930
3,"map(from: a)",262144,64,104,0,1,17,0,679.349899292
3,"map(from: a)",262144,64,104,0,1,28,0,694.298744202
3,"map(from: a)",262144,64,104,0,1,11,0,666.940212250
3,"map(from: a)",262144,64,104,0,1,3140,0,3412.795066833
3,"map(from: a)",262144,64,104,0,1,2,0,676.906108856
3,"map(from: a)",262144,64,104,0,1,758,0,1330.804824829
3,"map(from: a)",262144,64,104,0,1,1218,0,1750.254631042
3,"map(from: a)",262144,64,104,0,1,44,0,721.895694733
3,"map(from: a)",262144,64,104,0,1,71,0,754.749774933
3,"map(from: a)",262144,64,104,0,1,114,0,778.949260712
3,"map(from: a)",262144,64,104,0,1,294,0,987.207889557
3,"map(from: a)",262144,64,104,0,1,7,0,664.699077606
3,"map(from: a)",262144,64,104,0,1,183,0,980.794429779
3,"map(from: a)",262144,64,104,0,1,8096,0,7712.447643280
3,"map(from: a)",262144,64,104,0,1,472,0,1151.108741760
3,"map(from: a)",262144,64,104,0,1,1955,0,2369.844913483
3,"map(from: a)",262144,64,104,0,1,3,0,667.989253998
3,"map(from: a)",262144,64,104,0,1,5042,0,5077.099800110
3,"map(from: a)",262144,64,104,0,2,3,0,676.608085632
3,"map(from: a)",262144,64,104,0,2,44,0,728.642940521
3,"map(from: a)",262144,64,104,0,2,1,0,669.944286346
3,"map(from: a)",262144,64,104,0,2,183,0,984.549522400
3,"map(from: a)",262144,64,104,0,2,294,0,977.659225464
3,"map(from: a)",262144,64,104,0,2,5042,0,4981.303215027
3,"map(from: a)",262144,64,104,0,2,7,0,740.551948547
3,"map(from: a)",262144,64,104,0,2,8096,0,7654.249668121
3,"map(from: a)",262144,64,104,0,2,2,0,675.904750824
3,"map(from: a)",262144,64,104,0,2,114,0,768.852233887
3,"map(from: a)",262144,64,104,0,2,71,0,745.892524719
3,"map(from: a)",262144,64,104,0,2,1955,0,2375.352382660
3,"map(from: a)",262144,64,104,0,2,17,0,671.398639679
3,"map(from: a)",262144,64,104,0,2,472,0,1078.748703003
3,"map(from: a)",262144,64,104,0,2,11,0,670.647621155
3,"map(from: a)",262144,64,104,0,2,1218,0,1741.349697113
3,"map(from: a)",262144,64,104,0,2,4,0,670.003890991
3,"map(from: a)",262144,64,104,0,2,3140,0,3429.841995239
3,"map(from: a)",262144,64,104,0,2,758,0,1329.398155212
3,"map(from: a)",262144,64,104,0,2,28,0,694.656372070
3,"map(from: a)",262144,64,104,0,3,11,0,739.705562592
3,"map(from: a)",262144,64,104,0,3,4,0,671.696662903
3,"map(from: a)",262144,64,104,0,3,5042,0,5081.999301910
3,"map(from: a)",262144,64,104,0,3,183,0,974.547863007
3,"map(from: a)",262144,64,104,0,3,17,0,668.394565582
3,"map(from: a)",262144,64,104,0,3,3,0,671.350955963
3,"map(from: a)",262144,64,104,0,3,28,0,694.394111633
3,"map(from: a)",262144,64,104,0,3,1218,0,1726.555824280
3,"map(from: a)",262144,64,104,0,3,114,0,770.592689514
3,"map(from: a)",262144,64,104,0,3,758,0,1342.093944550
3,"map(from: a)",262144,64,104,0,3,1955,0,2385.151386261
3,"map(from: a)",262144,64,104,0,3,472,0,1076.698303223
3,"map(from: a)",262144,64,104,0,3,7,0,668.549537659
3,"map(from: a)",262144,64,104,0,3,44,0,718.545913696
3,"map(from: a)",262144,64,104,0,3,3140,0,3418.946266174
3,"map(from: a)",262144,64,104,0,3,8096,0,7747.650146484
3,"map(from: a)",262144,64,104,0,3,71,0,750.195980072
3,"map(from: a)",262144,64,104,0,3,1,0,670.349597931
3,"map(from: a)",262144,64,104,0,3,2,0,677.204132080
3,"map(from: a)",262144,64,104,0,3,294,0,988.996028900
3,"map(from: a)",262144,64,104,0,4,3,0,661.444664001
3,"map(from: a)",262144,64,104,0,4,8096,0,7740.247249603
3,"map(from: a)",262144,64,104,0,4,1,0,668.001174927
3,"map(from: a)",262144,64,104,0,4,28,0,690.948963165
3,"map(from: a)",262144,64,104,0,4,17,0,687.146186829
3,"map(from: a)",262144,64,104,0,4,5042,0,5057.048797607
3,"map(from: a)",262144,64,104,0,4,7,0,670.289993286
3,"map(from: a)",262144,64,104,0,4,114,0,785.195827484
3,"map(from: a)",262144,64,104,0,4,44,0,719.201564789
3,"map(from: a)",262144,64,104,0,4,2,0,672.745704651
3,"map(from: a)",262144,64,104,0,4,294,0,956.952571869
3,"map(from: a)",262144,64,104,0,4,758,0,1324.951648712
3,"map(from: a)",262144,64,104,0,4,183,0,968.754291534
3,"map(from: a)",262144,64,104,0,4,4,0,666.499137878
3,"map(from: a)",262144,64,104,0,4,1218,0,1734.650135040
3,"map(from: a)",262144,64,104,0,4,71,0,751.149654388
3,"map(from: a)",262144,64,104,0,4,1955,0,2372.848987579
3,"map(from: a)",262144,64,104,0,4,11,0,668.144226074
3,"map(from: a)",262144,64,104,0,4,472,0,1084.303855896
3,"map(from: a)",262144,64,104,0,4,3140,0,3383.851051331
3,"map(from: a)",262144,64,104,1,0,2,0,668.346881866
3,"map(from: a)",262144,64,104,1,0,4,0,672.900676727
3,"map(from: a)",262144,64,104,1,0,472,0,1083.397865295
3,"map(from: a)",262144,64,104,1,0,3140,0,3420.197963715
3,"map(from: a)",262144,64,104,1,0,183,0,956.046581268
3,"map(from: a)",262144,64,104,1,0,28,0,687.193870544
3,"map(from: a)",262144,64,104,1,0,71,0,745.642185211
3,"map(from: a)",262144,64,104,1,0,1218,0,1727.795600891
3,"map(from: a)",262144,64,104,1,0,294,0,990.593433380
3,"map(from: a)",262144,64,104,1,0,1,0,663.650035858
3,"map(from: a)",262144,64,104,1,0,7,0,674.998760223
3,"map(from: a)",262144,64,104,1,0,1955,0,2378.904819489
3,"map(from: a)",262144,64,104,1,0,758,0,1333.653926849
3,"map(from: a)",262144,64,104,1,0,114,0,767.147541046
3,"map(from: a)",262144,64,104,1,0,11,0,667.893886566
3,"map(from: a)",262144,64,104,1,0,3,0,677.955150604
3,"map(from: a)",262144,64,104,1,0,8096,0,7770.049571991
3,"map(from: a)",262144,64,104,1,0,44,0,715.744495392
3,"map(from: a)",262144,64,104,1,0,17,0,672.090053558
3,"map(from: a)",262144,64,104,1,0,5042,0,5077.946186066
3,"map(from: a)",262144,64,104,1,1,758,0,1327.741146088
3,"map(from: a)",262144,64,104,1,1,3,0,664.842128754
3,"map(from: a)",262144,64,104,1,1,3140,0,3385.603427887
3,"map(from: a)",262144,64,104,1,1,1955,0,2364.695072174
3,"map(from: a)",262144,64,104,1,1,44,0,718.855857849
3,"map(from: a)",262144,64,104,1,1,17,0,676.155090332
3,"map(from: a)",262144,64,104,1,1,294,0,987.303256989
3,"map(from: a)",262144,64,104,1,1,28,0,698.745250702
3,"map(from: a)",262144,64,104,1,1,114,0,784.647464752
3,"map(from: a)",262144,64,104,1,1,2,0,665.295124054
3,"map(from: a)",262144,64,104,1,1,7,0,665.044784546
3,"map(from: a)",262144,64,104,1,1,183,0,995.206832886
3,"map(from: a)",262144,64,104,1,1,8096,0,7795.643806458
3,"map(from: a)",262144,64,104,1,1,11,0,663.304328918
3,"map(from: a)",262144,64,104,1,1,1,0,675.249099731
3,"map(from: a)",262144,64,104,1,1,1218,0,1729.500293732
3,"map(from: a)",262144,64,104,1,1,472,0,1083.898544312
3,"map(from: a)",262144,64,104,1,1,71,0,748.944282532
3,"map(from: a)",262144,64,104,1,1,5042,0,5116.856098175
3,"map(from: a)",262144,64,104,1,1,4,0,708.997249603
3,"map(from: a)",262144,64,104,1,2,2,0,676.941871643
3,"map(from: a)",262144,64,104,1,2,71,0,749.647617340
3,"map(from: a)",262144,64,104,1,2,17,0,668.299198151
3,"map(from: a)",262144,64,104,1,2,472,0,1078.200340271
3,"map(from: a)",262144,64,104,1,2,5042,0,5008.304119110
3,"map(from: a)",262144,64,104,1,2,28,0,696.492195129
3,"map(from: a)",262144,64,104,1,2,44,0,730.550289154
3,"map(from: a)",262144,64,104,1,2,1218,0,1744.508743286
3,"map(from: a)",262144,64,104,1,2,4,0,670.456886292
3,"map(from: a)",262144,64,104,1,2,1955,0,2367.842197418
3,"map(from: a)",262144,64,104,1,2,183,0,967.991352081
3,"map(from: a)",262144,64,104,1,2,7,0,667.798519135
3,"map(from: a)",262144,64,104,1,2,758,0,1337.349414825
3,"map(from: a)",262144,64,104,1,2,1,0,663.697719574
3,"map(from: a)",262144,64,104,1,2,3140,0,3408.491611481
3,"map(from: a)",262144,64,104,1,2,8096,0,7670.140266418
3,"map(from: a)",262144,64,104,1,2,3,0,672.996044159
3,"map(from: a)",262144,64,104,1,2,114,0,773.847103119
3,"map(from: a)",262144,64,104,1,2,11,0,676.250457764
3,"map(from: a)",262144,64,104,1,2,294,0,1004.803180695
3,"map(from: a)",262144,64,104,1,3,1,0,674.748420715
3,"map(from: a)",262144,64,104,1,3,17,0,675.952434540
3,"map(from: a)",262144,64,104,1,3,294,0,966.954231262
3,"map(from: a)",262144,64,104,1,3,5042,0,5002.248287201
3,"map(from: a)",262144,64,104,1,3,114,0,775.957107544
3,"map(from: a)",262144,64,104,1,3,28,0,689.697265625
3,"map(from: a)",262144,64,104,1,3,1218,0,1728.200912476
3,"map(from: a)",262144,64,104,1,3,2,0,671.958923340
3,"map(from: a)",262144,64,104,1,3,3,0,675.559043884
3,"map(from: a)",262144,64,104,1,3,4,0,661.253929138
3,"map(from: a)",262144,64,104,1,3,758,0,1345.908641815
3,"map(from: a)",262144,64,104,1,3,11,0,673.246383667
3,"map(from: a)",262144,64,104,1,3,44,0,726.246833801
3,"map(from: a)",262144,64,104,1,3,472,0,1074.504852295
3,"map(from: a)",262144,64,104,1,3,7,0,672.852993011
3,"map(from: a)",262144,64,104,1,3,1955,0,2374.291419983
3,"map(from: a)",262144,64,104,1,3,71,0,747.394561768
3,"map(from: a)",262144,64,104,1,3,183,0,959.897041321
3,"map(from: a)",262144,64,104,1,3,8096,0,7706.391811371
3,"map(from: a)",262144,64,104,1,3,3140,0,3401.648998260
3,"map(from: a)",262144,64,104,1,4,472,0,1086.699962616
3,"map(from: a)",262144,64,104,1,4,71,0,754.499435425
3,"map(from: a)",262144,64,104,1,4,1,0,663.602352142
3,"map(from: a)",262144,64,104,1,4,11,0,676.405429840
3,"map(from: a)",262144,64,104,1,4,4,0,673.699378967
3,"map(from: a)",262144,64,104,1,4,3140,0,3433.656692505
3,"map(from: a)",262144,64,104,1,4,28,0,688.552856445
3,"map(from: a)",262144,64,104,1,4,1218,0,1762.306690216
3,"map(from: a)",262144,64,104,1,4,2,0,667.905807495
3,"map(from: a)",262144,64,104,1,4,183,0,969.302654266
3,"map(from: a)",262144,64,104,1,4,5042,0,5041.551589966
3,"map(from: a)",262144,64,104,1,4,114,0,782.454013824
3,"map(from: a)",262144,64,104,1,4,3,0,730.097293854
3,"map(from: a)",262144,64,104,1,4,44,0,730.097293854
3,"map(from: a)",262144,64,104,1,4,758,0,1369.452476501
3,"map(from: a)",262144,64,104,1,4,8096,0,7689.452171326
3,"map(from: a)",262144,64,104,1,4,1955,0,2378.845214844
3,"map(from: a)",262144,64,104,1,4,294,0,976.693630219
3,"map(from: a)",262144,64,104,1,4,7,0,664.448738098
3,"map(from: a)",262144,64,104,1,4,17,0,676.655769348
3,"map(from: a)",1048576,64,104,0,0,7,0,1033.246517181
3,"map(from: a)",1048576,64,104,0,0,114,0,1097.893714905
3,"map(from: a)",1048576,64,104,0,0,3,0,983.798503876
3,"map(from: a)",1048576,64,104,0,0,17,0,1069.402694702
3,"map(from: a)",1048576,64,104,0,0,1,0,976.645946503
3,"map(from: a)",1048576,64,104,0,0,44,0,1025.998592377
3,"map(from: a)",1048576,64,104,0,0,294,0,1270.747184753
3,"map(from: a)",1048576,64,104,0,0,3140,0,3740.000724792
3,"map(from: a)",1048576,64,104,0,0,4,0,996.792316437
3,"map(from: a)",1048576,64,104,0,0,1955,0,2674.901485443
3,"map(from: a)",1048576,64,104,0,0,183,0,1149.046421051
3,"map(from: a)",1048576,64,104,0,0,8096,0,7935.702800751
3,"map(from: a)",1048576,64,104,0,0,758,0,1675.045490265
3,"map(from: a)",1048576,64,104,0,0,71,0,1048.004627228
3,"map(from: a)",1048576,64,104,0,0,2,0,983.953475952
3,"map(from: a)",1048576,64,104,0,0,11,0,1005.303859711
3,"map(from: a)",1048576,64,104,0,0,28,0,1000.201702118
3,"map(from: a)",1048576,64,104,0,0,5042,0,5433.797836304
3,"map(from: a)",1048576,64,104,0,0,1218,0,2050.995826721
3,"map(from: a)",1048576,64,104,0,0,472,0,1412.153244019
3,"map(from: a)",1048576,64,104,0,1,4,0,1005.899906158
3,"map(from: a)",1048576,64,104,0,1,1,0,1085.293292999
3,"map(from: a)",1048576,64,104,0,1,17,0,1014.244556427
3,"map(from: a)",1048576,64,104,0,1,28,0,1000.249385834
3,"map(from: a)",1048576,64,104,0,1,11,0,994.098186493
3,"map(from: a)",1048576,64,104,0,1,3140,0,3738.856315613
3,"map(from: a)",1048576,64,104,0,1,2,0,1006.901264191
3,"map(from: a)",1048576,64,104,0,1,758,0,1657.640933990
3,"map(from: a)",1048576,64,104,0,1,1218,0,2046.298980713
3,"map(from: a)",1048576,64,104,0,1,44,0,1030.898094177
3,"map(from: a)",1048576,64,104,0,1,71,0,1056.694984436
3,"map(from: a)",1048576,64,104,0,1,114,0,1094.353199005
3,"map(from: a)",1048576,64,104,0,1,294,0,1249.599456787
3,"map(from: a)",1048576,64,104,0,1,7,0,1003.801822662
3,"map(from: a)",1048576,64,104,0,1,183,0,1165.103912354
3,"map(from: a)",1048576,64,104,0,1,8096,0,7884.943485260
3,"map(from: a)",1048576,64,104,0,1,472,0,1431.691646576
3,"map(from: a)",1048576,64,104,0,1,1955,0,2690.494060516
3,"map(from: a)",1048576,64,104,0,1,3,0,987.839698792
3,"map(from: a)",1048576,64,104,0,1,5042,0,5376.255512238
3,"map(from: a)",1048576,64,104,0,2,3,0,979.256629944
3,"map(from: a)",1048576,64,104,0,2,44,0,1010.000705719
3,"map(from: a)",1048576,64,104,0,2,1,0,983.345508575
3,"map(from: a)",1048576,64,104,0,2,183,0,1149.058341980
3,"map(from: a)",1048576,64,104,0,2,294,0,1254.999637604
3,"map(from: a)",1048576,64,104,0,2,5042,0,5322.647094727
3,"map(from: a)",1048576,64,104,0,2,7,0,982.952117920
3,"map(from: a)",1048576,64,104,0,2,8096,0,8018.243312836
3,"map(from: a)",1048576,64,104,0,2,2,0,1009.392738342
3,"map(from: a)",1048576,64,104,0,2,114,0,1095.247268677
3,"map(from: a)",1048576,64,104,0,2,71,0,1041.698455811
3,"map(from: a)",1048576,64,104,0,2,1955,0,2686.440944672
3,"map(from: a)",1048576,64,104,0,2,17,0,991.797447205
3,"map(from: a)",1048576,64,104,0,2,472,0,1431.798934937
3,"map(from: a)",1048576,64,104,0,2,11,0,1057.708263397
3,"map(from: a)",1048576,64,104,0,2,1218,0,2052.247524261
3,"map(from: a)",1048576,64,104,0,2,4,0,994.300842285
3,"map(from: a)",1048576,64,104,0,2,3140,0,3722.143173218
3,"map(from: a)",1048576,64,104,0,2,758,0,1672.351360321
3,"map(from: a)",1048576,64,104,0,2,28,0,998.198986053
3,"map(from: a)",1048576,64,104,0,3,11,0,990.700721741
3,"map(from: a)",1048576,64,104,0,3,4,0,976.002216339
3,"map(from: a)",1048576,64,104,0,3,5042,0,5480.253696442
3,"map(from: a)",1048576,64,104,0,3,183,0,1153.349876404
3,"map(from: a)",1048576,64,104,0,3,17,0,993.442535400
3,"map(from: a)",1048576,64,104,0,3,3,0,977.146625519
3,"map(from: a)",1048576,64,104,0,3,28,0,997.400283813
3,"map(from: a)",1048576,64,104,0,3,1218,0,2013.993263245
3,"map(from: a)",1048576,64,104,0,3,114,0,1148.951053619
3,"map(from: a)",1048576,64,104,0,3,758,0,1661.598682404
3,"map(from: a)",1048576,64,104,0,3,1955,0,2676.498889923
3,"map(from: a)",1048576,64,104,0,3,472,0,1420.640945435
3,"map(from: a)",1048576,64,104,0,3,7,0,1046.299934387
3,"map(from: a)",1048576,64,104,0,3,44,0,1013.743877411
3,"map(from: a)",1048576,64,104,0,3,3140,0,3737.449645996
3,"map(from: a)",1048576,64,104,0,3,8096,0,7934.653759003
3,"map(from: a)",1048576,64,104,0,3,71,0,1052.498817444
3,"map(from: a)",1048576,64,104,0,3,1,0,980.746746063
3,"map(from: a)",1048576,64,104,0,3,2,0,1005.005836487
3,"map(from: a)",1048576,64,104,0,3,294,0,1250.708103180
3,"map(from: a)",1048576,64,104,0,4,3,0,1000.058650970
3,"map(from: a)",1048576,64,104,0,4,8096,0,8021.497726440
3,"map(from: a)",1048576,64,104,0,4,1,0,975.346565247
3,"map(from: a)",1048576,64,104,0,4,28,0,1002.502441406
3,"map(from: a)",1048576,64,104,0,4,17,0,996.303558350
3,"map(from: a)",1048576,64,104,0,4,5042,0,5321.550369263
3,"map(from: a)",1048576,64,104,0,4,7,0,982.403755188
3,"map(from: a)",1048576,64,104,0,4,114,0,1093.542575836
3,"map(from: a)",1048576,64,104,0,4,44,0,1007.843017578
3,"map(from: a)",1048576,64,104,0,4,2,0,972.747802734
3,"map(from: a)",1048576,64,104,0,4,294,0,1257.753372192
3,"map(from: a)",1048576,64,104,0,4,758,0,1640.200614929
3,"map(from: a)",1048576,64,104,0,4,183,0,1152.396202087
3,"map(from: a)",1048576,64,104,0,4,4,0,999.546051025
3,"map(from: a)",1048576,64,104,0,4,1218,0,2040.648460388
3,"map(from: a)",1048576,64,104,0,4,71,0,1045.238971710
3,"map(from: a)",1048576,64,104,0,4,1955,0,2656.352519989
3,"map(from: a)",1048576,64,104,0,4,11,0,991.201400757
3,"map(from: a)",1048576,64,104,0,4,472,0,1411.604881287
3,"map(from: a)",1048576,64,104,0,4,3140,0,3689.754009247
3,"map(from: a)",1048576,64,104,1,0,2,0,978.648662567
3,"map(from: a)",1048576,64,104,1,0,4,0,980.198383331
3,"map(from: a)",1048576,64,104,1,0,472,0,1402.091979980
3,"map(from: a)",1048576,64,104,1,0,3140,0,3823.304176331
3,"map(from: a)",1048576,64,104,1,0,183,0,1160.144805908
3,"map(from: a)",1048576,64,104,1,0,28,0,1065.003871918
3,"map(from: a)",1048576,64,104,1,0,71,0,1073.646545410
3,"map(from: a)",1048576,64,104,1,0,1218,0,2023.601531982
3,"map(from: a)",1048576,64,104,1,0,294,0,1251.590251923
3,"map(from: a)",1048576,64,104,1,0,1,0,984.346866608
3,"map(from: a)",1048576,64,104,1,0,7,0,982.058048248
3,"map(from: a)",1048576,64,104,1,0,1955,0,2707.707881927
3,"map(from: a)",1048576,64,104,1,0,758,0,1668.941974640
3,"map(from: a)",1048576,64,104,1,0,114,0,1094.949245453
3,"map(from: a)",1048576,64,104,1,0,11,0,1007.556915283
3,"map(from: a)",1048576,64,104,1,0,3,0,978.589057922
3,"map(from: a)",1048576,64,104,1,0,8096,0,8091.700077057
3,"map(from: a)",1048576,64,104,1,0,44,0,1012.396812439
3,"map(from: a)",1048576,64,104,1,0,17,0,1005.208492279
3,"map(from: a)",1048576,64,104,1,0,5042,0,5387.306213379
3,"map(from: a)",1048576,64,104,1,1,758,0,1716.446876526
3,"map(from: a)",1048576,64,104,1,1,3,0,1005.756855011
3,"map(from: a)",1048576,64,104,1,1,3140,0,3756.248950958
3,"map(from: a)",1048576,64,104,1,1,1955,0,2733.111381531
3,"map(from: a)",1048576,64,104,1,1,44,0,1039.242744446
3,"map(from: a)",1048576,64,104,1,1,17,0,990.951061249
3,"map(from: a)",1048576,64,104,1,1,294,0,1249.802112579
3,"map(from: a)",1048576,64,104,1,1,28,0,993.394851685
3,"map(from: a)",1048576,64,104,1,1,114,0,1087.307929993
3,"map(from: a)",1048576,64,104,1,1,2,0,994.551181793
3,"map(from: a)",1048576,64,104,1,1,7,0,977.599620819
3,"map(from: a)",1048576,64,104,1,1,183,0,1152.443885803
3,"map(from: a)",1048576,64,104,1,1,8096,0,8089.995384216
3,"map(from: a)",1048576,64,104,1,1,11,0,986.206531525
3,"map(from: a)",1048576,64,104,1,1,1,0,978.052616119
3,"map(from: a)",1048576,64,104,1,1,1218,0,2062.451839447
3,"map(from: a)",1048576,64,104,1,1,472,0,1399.493217468
3,"map(from: a)",1048576,64,104,1,1,71,0,1046.645641327
3,"map(from: a)",1048576,64,104,1,1,5042,0,5361.652374268
3,"map(from: a)",1048576,64,104,1,1,4,0,981.748104095
3,"map(from: a)",1048576,64,104,1,2,2,0,974.750518799
3,"map(from: a)",1048576,64,104,1,2,71,0,1052.808761597
3,"map(from: a)",1048576,64,104,1,2,17,0,1000.797748566
3,"map(from: a)",1048576,64,104,1,2,472,0,1431.810855865
3,"map(from: a)",1048576,64,104,1,2,5042,0,5368.459224701
3,"map(from: a)",1048576,64,104,1,2,28,0,1011.300086975
3,"map(from: a)",1048576,64,104,1,2,44,0,1024.496555328
3,"map(from: a)",1048576,64,104,1,2,1218,0,2025.544643402
3,"map(from: a)",1048576,64,104,1,2,4,0,980.794429779
3,"map(from: a)",1048576,64,104,1,2,1955,0,2685.952186584
3,"map(from: a)",1048576,64,104,1,2,183,0,1154.649257660
3,"map(from: a)",1048576,64,104,1,2,7,0,979.542732239
3,"map(from: a)",1048576,64,104,1,2,758,0,1654.648780823
3,"map(from: a)",1048576,64,104,1,2,1,0,974.905490875
3,"map(from: a)",1048576,64,104,1,2,3140,0,3748.559951782
3,"map(from: a)",1048576,64,104,1,2,8096,0,7964.396476746
3,"map(from: a)",1048576,64,104,1,2,3,0,1057.851314545
3,"map(from: a)",1048576,64,104,1,2,114,0,1098.656654358
3,"map(from: a)",1048576,64,104,1,2,11,0,994.396209717
3,"map(from: a)",1048576,64,104,1,2,294,0,1251.947879791
3,"map(from: a)",1048576,64,104,1,3,1,0,988.304615021
3,"map(from: a)",1048576,64,104,1,3,17,0,992.143154144
3,"map(from: a)",1048576,64,104,1,3,294,0,1253.855228424
3,"map(from: a)",1048576,64,104,1,3,5042,0,5307.042598724
3,"map(from: a)",1048576,64,104,1,3,114,0,1094.853878021
3,"map(from: a)",1048576,64,104,1,3,28,0,1001.739501953
3,"map(from: a)",1048576,64,104,1,3,1218,0,2047.049999237
3,"map(from: a)",1048576,64,104,1,3,2,0,988.602638245
3,"map(from: a)",1048576,64,104,1,3,3,0,1008.856296539
3,"map(from: a)",1048576,64,104,1,3,4,0,981.855392456
3,"map(from: a)",1048576,64,104,1,3,758,0,1659.595966339
3,"map(from: a)",1048576,64,104,1,3,11,0,1051.950454712
3,"map(from: a)",1048576,64,104,1,3,44,0,1017.701625824
3,"map(from: a)",1048576,64,104,1,3,472,0,1416.051387787
3,"map(from: a)",1048576,64,104,1,3,7,0,1061.153411865
3,"map(from: a)",1048576,64,104,1,3,1955,0,2701.556682587
3,"map(from: a)",1048576,64,104,1,3,71,0,1053.750514984
3,"map(from: a)",1048576,64,104,1,3,183,0,1166.248321533
3,"map(from: a)",1048576,64,104,1,3,8096,0,8048.343658447
3,"map(from: a)",1048576,64,104,1,3,3140,0,3701.651096344
3,"map(from: a)",1048576,64,104,1,4,472,0,1444.542407990
3,"map(from: a)",1048576,64,104,1,4,71,0,1050.996780396
3,"map(from: a)",1048576,64,104,1,4,1,0,1009.202003479
3,"map(from: a)",1048576,64,104,1,4,11,0,1011.955738068
3,"map(from: a)",1048576,64,104,1,4,4,0,984.299182892
3,"map(from: a)",1048576,64,104,1,4,3140,0,3784.549236298
3,"map(from: a)",1048576,64,104,1,4,28,0,1000.702381134
3,"map(from: a)",1048576,64,104,1,4,1218,0,2027.654647827
3,"map(from: a)",1048576,64,104,1,4,2,0,1004.600524902
3,"map(from: a)",1048576,64,104,1,4,183,0,1167.404651642
3,"map(from: a)",1048576,64,104,1,4,5042,0,5362.403392792
3,"map(from: a)",1048576,64,104,1,4,114,0,1100.695133209
3,"map(from: a)",1048576,64,104,1,4,3,0,1009.643077850
3,"map(from: a)",1048576,64,104,1,4,44,0,1026.654243469
3,"map(from: a)",1048576,64,104,1,4,758,0,1668.202877045
3,"map(from: a)",1048576,64,104,1,4,8096,0,7930.004596710
3,"map(from: a)",1048576,64,104,1,4,1955,0,2722.549438477
3,"map(from: a)",1048576,64,104,1,4,294,0,1256.656646729
3,"map(from: a)",1048576,64,104,1,4,7,0,988.507270813
3,"map(from: a)",1048576,64,104,1,4,17,0,986.993312836
3,"map(from: a)",4194304,64,104,0,0,7,0,2611.303329468
3,"map(from: a)",4194304,64,104,0,0,114,0,2446.603775024
3,"map(from: a)",4194304,64,104,0,0,3,0,2362.799644470
3,"map(from: a)",4194304,64,104,0,0,17,0,2342.700958252
3,"map(from: a)",4194304,64,104,0,0,1,0,2337.455749512
3,"map(from: a)",4194304,64,104,0,0,44,0,2363.896369934
3,"map(from: a)",4194304,64,104,0,0,294,0,2655.005455017
3,"map(from: a)",4194304,64,104,0,0,3140,0,5019.450187683
3,"map(from: a)",4194304,64,104,0,0,4,0,2330.946922302
3,"map(from: a)",4194304,64,104,0,0,1955,0,4013.955593109
3,"map(from: a)",4194304,64,104,0,0,183,0,2573.299407959
3,"map(from: a)",4194304,64,104,0,0,8096,0,9317.958354950
3,"map(from: a)",4194304,64,104,0,0,758,0,3035.759925842
3,"map(from: a)",4194304,64,104,0,0,71,0,2348.506450653
3,"map(from: a)",4194304,64,104,0,0,2,0,2367.854118347
3,"map(from: a)",4194304,64,104,0,0,11,0,2335.047721863
3,"map(from: a)",4194304,64,104,0,0,28,0,2350.151538849
3,"map(from: a)",4194304,64,104,0,0,5042,0,6660.807132721
3,"map(from: a)",4194304,64,104,0,0,1218,0,3364.050388336
3,"map(from: a)",4194304,64,104,0,0,472,0,2768.301963806
3,"map(from: a)",4194304,64,104,0,1,4,0,2330.648899078
3,"map(from: a)",4194304,64,104,0,1,1,0,2307.498455048
3,"map(from: a)",4194304,64,104,0,1,17,0,2369.356155396
3,"map(from: a)",4194304,64,104,0,1,28,0,2444.899082184
3,"map(from: a)",4194304,64,104,0,1,11,0,2542.257308960
3,"map(from: a)",4194304,64,104,0,1,3140,0,5034.554004669
3,"map(from: a)",4194304,64,104,0,1,2,0,2332.901954651
3,"map(from: a)",4194304,64,104,0,1,758,0,3008.210659027
3,"map(from: a)",4194304,64,104,0,1,1218,0,3391.146659851
3,"map(from: a)",4194304,64,104,0,1,44,0,2351.796627045
3,"map(from: a)",4194304,64,104,0,1,71,0,2390.456199646
3,"map(from: a)",4194304,64,104,0,1,114,0,2441.501617432
3,"map(from: a)",4194304,64,104,0,1,294,0,2651.894092560
3,"map(from: a)",4194304,64,104,0,1,7,0,2339.899539948
3,"map(from: a)",4194304,64,104,0,1,183,0,2511.954307556
3,"map(from: a)",4194304,64,104,0,1,8096,0,9119.200706482
3,"map(from: a)",4194304,64,104,0,1,472,0,2984.201908112
3,"map(from: a)",4194304,64,104,0,1,1955,0,3976.845741272
3,"map(from: a)",4194304,64,104,0,1,3,0,2308.309078217
3,"map(from: a)",4194304,64,104,0,1,5042,0,6665.694713593
3,"map(from: a)",4194304,64,104,0,2,3,0,2321.803569794
3,"map(from: a)",4194304,64,104,0,2,44,0,2348.494529724
3,"map(from: a)",4194304,64,104,0,2,1,0,2383.041381836
3,"map(from: a)",4194304,64,104,0,2,183,0,2504.098415375
3,"map(from: a)",4194304,64,104,0,2,294,0,2549.600601196
3,"map(from: a)",4194304,64,104,0,2,5042,0,6709.492206573
3,"map(from: a)",4194304,64,104,0,2,7,0,2397.394180298
3,"map(from: a)",4194304,64,104,0,2,8096,0,9326.004981995
3,"map(from: a)",4194304,64,104,0,2,2,0,2484.703063965
3,"map(from: a)",4194304,64,104,0,2,114,0,2478.158473969
3,"map(from: a)",4194304,64,104,0,2,71,0,2411.592006683
3,"map(from: a)",4194304,64,104,0,2,1955,0,4002.749919891
3,"map(from: a)",4194304,64,104,0,2,17,0,2354.300022125
3,"map(from: a)",4194304,64,104,0,2,472,0,2719.700336456
3,"map(from: a)",4194304,64,104,0,2,11,0,2368.152141571
3,"map(from: a)",4194304,64,104,0,2,1218,0,3352.749347687
3,"map(from: a)",4194304,64,104,0,2,4,0,2334.249019623
3,"map(from: a)",4194304,64,104,0,2,3140,0,5078.446865082
3,"map(from: a)",4194304,64,104,0,2,758,0,3011.059761047
3,"map(from: a)",4194304,64,104,0,2,28,0,2363.693714142
3,"map(from: a)",4194304,64,104,0,3,11,0,2420.556545258
3,"map(from: a)",4194304,64,104,0,3,4,0,2415.502071381
3,"map(from: a)",4194304,64,104,0,3,5042,0,6743.454933167
3,"map(from: a)",4194304,64,104,0,3,183,0,2500.200271606
3,"map(from: a)",4194304,64,104,0,3,17,0,2345.049381256
3,"map(from: a)",4194304,64,104,0,3,3,0,2312.552928925
3,"map(from: a)",4194304,64,104,0,3,28,0,2320.349216461
3,"map(from: a)",4194304,64,104,0,3,1218,0,3324.103355408
3,"map(from: a)",4194304,64,104,0,3,114,0,2461.802959442
3,"map(from: a)",4194304,64,104,0,3,758,0,2983.748912811
3,"map(from: a)",4194304,64,104,0,3,1955,0,4083.049297333
3,"map(from: a)",4194304,64,104,0,3,472,0,2796.256542206
3,"map(from: a)",4194304,64,104,0,3,7,0,2442.705631256
3,"map(from: a)",4194304,64,104,0,3,44,0,2491.390705109
3,"map(from: a)",4194304,64,104,0,3,3140,0,5116.450786591
3,"map(from: a)",4194304,64,104,0,3,8096,0,9285.151958466
3,"map(from: a)",4194304,64,104,0,3,71,0,2386.808395386
3,"map(from: a)",4194304,64,104,0,3,1,0,2348.947525024
3,"map(from: a)",4194304,64,104,0,3,2,0,2312.302589417
3,"map(from: a)",4194304,64,104,0,3,294,0,2584.505081177
3,"map(from: a)",4194304,64,104,0,4,3,0,2329.099178314
3,"map(from: a)",4194304,64,104,0,4,8096,0,9249.401092529
3,"map(from: a)",4194304,64,104,0,4,1,0,2335.453033447
3,"map(from: a)",4194304,64,104,0,4,28,0,2422.249317169
3,"map(from: a)",4194304,64,104,0,4,17,0,2421.593666077
3,"map(from: a)",4194304,64,104,0,4,5042,0,6622.707843781
3,"map(from: a)",4194304,64,104,0,4,7,0,2355.992794037
3,"map(from: a)",4194304,64,104,0,4,114,0,2583.599090576
3,"map(from: a)",4194304,64,104,0,4,44,0,2537.596225739
3,"map(from: a)",4194304,64,104,0,4,2,0,2339.148521423
3,"map(from: a)",4194304,64,104,0,4,294,0,2548.444271088
3,"map(from: a)",4194304,64,104,0,4,758,0,2983.796596527
3,"map(from: a)",4194304,64,104,0,4,183,0,2500.844001770
3,"map(from: a)",4194304,64,104,0,4,4,0,2352.106571198
3,"map(from: a)",4194304,64,104,0,4,1218,0,3391.647338867
3,"map(from: a)",4194304,64,104,0,4,71,0,2461.993694305
3,"map(from: a)",4194304,64,104,0,4,1955,0,4223.203659058
3,"map(from: a)",4194304,64,104,0,4,11,0,2421.450614929
3,"map(from: a)",4194304,64,104,0,4,472,0,2743.256092072
3,"map(from: a)",4194304,64,104,0,4,3140,0,4998.350143433
3,"map(from: a)",4194304,64,104,1,0,2,0,2554.297447205
3,"map(from: a)",4194304,64,104,1,0,4,0,2407.443523407
3,"map(from: a)",4194304,64,104,1,0,472,0,2745.103836060
3,"map(from: a)",4194304,64,104,1,0,3140,0,4996.347427368
3,"map(from: a)",4194304,64,104,1,0,183,0,2506.804466248
3,"map(from: a)",4194304,64,104,1,0,28,0,2494.645118713
3,"map(from: a)",4194304,64,104,1,0,71,0,2474.045753479
3,"map(from: a)",4194304,64,104,1,0,1218,0,3389.394283295
3,"map(from: a)",4194304,64,104,1,0,294,0,2681.601047516
3,"map(from: a)",4194304,64,104,1,0,1,0,2456.057071686
3,"map(from: a)",4194304,64,104,1,0,7,0,2392.256259918
3,"map(from: a)",4194304,64,104,1,0,1955,0,4001.295566559
3,"map(from: a)",4194304,64,104,1,0,758,0,3066.706657410
3,"map(from: a)",4194304,64,104,1,0,114,0,2565.455436707
3,"map(from: a)",4194304,64,104,1,0,11,0,2388.739585876
3,"map(from: a)",4194304,64,104,1,0,3,0,2336.800098419
3,"map(from: a)",4194304,64,104,1,0,8096,0,9360.849857330
3,"map(from: a)",4194304,64,104,1,0,44,0,2409.553527832
3,"map(from: a)",4194304,64,104,1,0,17,0,2340.495586395
3,"map(from: a)",4194304,64,104,1,0,5042,0,6690.299510956
3,"map(from: a)",4194304,64,104,1,1,758,0,3068.447113037
3,"map(from: a)",4194304,64,104,1,1,3,0,2530.896663666
3,"map(from: a)",4194304,64,104,1,1,3140,0,5043.148994446
3,"map(from: a)",4194304,64,104,1,1,1955,0,3979.551792145
3,"map(from: a)",4194304,64,104,1,1,44,0,2374.494075775
3,"map(from: a)",4194304,64,104,1,1,17,0,2417.898178101
3,"map(from: a)",4194304,64,104,1,1,294,0,2703.857421875
3,"map(from: a)",4194304,64,104,1,1,28,0,2357.101440430
3,"map(from: a)",4194304,64,104,1,1,114,0,2468.991279602
3,"map(from: a)",4194304,64,104,1,1,2,0,2382.743358612
3,"map(from: a)",4194304,64,104,1,1,7,0,2350.747585297
3,"map(from: a)",4194304,64,104,1,1,183,0,2487.099170685
3,"map(from: a)",4194304,64,104,1,1,8096,0,9460.949897766
3,"map(from: a)",4194304,64,104,1,1,11,0,2375.149726868
3,"map(from: a)",4194304,64,104,1,1,1,0,2452.051639557
3,"map(from: a)",4194304,64,104,1,1,1218,0,3380.155563354
3,"map(from: a)",4194304,64,104,1,1,472,0,2741.694450378
3,"map(from: a)",4194304,64,104,1,1,71,0,2380.204200745
3,"map(from: a)",4194304,64,104,1,1,5042,0,6781.303882599
3,"map(from: a)",4194304,64,104,1,1,4,0,2404.904365540
3,"map(from: a)",4194304,64,104,1,2,2,0,2343.249320984
3,"map(from: a)",4194304,64,104,1,2,71,0,2388.751506805
3,"map(from: a)",4194304,64,104,1,2,17,0,2350.354194641
3,"map(from: a)",4194304,64,104,1,2,472,0,2704.703807831
3,"map(from: a)",4194304,64,104,1,2,5042,0,6686.651706696
3,"map(from: a)",4194304,64,104,1,2,28,0,2396.500110626
3,"map(from: a)",4194304,64,104,1,2,44,0,2392.041683197
3,"map(from: a)",4194304,64,104,1,2,1218,0,3452.754020691
3,"map(from: a)",4194304,64,104,1,2,4,0,2403.497695923
3,"map(from: a)",4194304,64,104,1,2,1955,0,4036.653041840
3,"map(from: a)",4194304,64,104,1,2,183,0,2490.746974945
3,"map(from: a)",4194304,64,104,1,2,7,0,2432.096004486
3,"map(from: a)",4194304,64,104,1,2,758,0,3086.400032043
3,"map(from: a)",4194304,64,104,1,2,1,0,2364.802360535
3,"map(from: a)",4194304,64,104,1,2,3140,0,5042.898654938
3,"map(from: a)",4194304,64,104,1,2,8096,0,9233.152866364
3,"map(from: a)",4194304,64,104,1,2,3,0,2385.008335114
3,"map(from: a)",4194304,64,104,1,2,114,0,2500.700950623
3,"map(from: a)",4194304,64,104,1,2,11,0,2337.753772736
3,"map(from: a)",4194304,64,104,1,2,294,0,2599.608898163
3,"map(from: a)",4194304,64,104,1,3,1,0,2429.950237274
3,"map(from: a)",4194304,64,104,1,3,17,0,2389.991283417
3,"map(from: a)",4194304,64,104,1,3,294,0,2551.043033600
3,"map(from: a)",4194304,64,104,1,3,5042,0,6601.846218109
3,"map(from: a)",4194304,64,104,1,3,114,0,2583.241462708
3,"map(from: a)",4194304,64,104,1,3,28,0,2376.055717468
3,"map(from: a)",4194304,64,104,1,3,1218,0,3352.200984955
3,"map(from: a)",4194304,64,104,1,3,2,0,2332.997322083
3,"map(from: a)",4194304,64,104,1,3,3,0,2508.401870728
3,"map(from: a)",4194304,64,104,1,3,4,0,2512.156963348
3,"map(from: a)",4194304,64,104,1,3,758,0,2994.048595428
3,"map(from: a)",4194304,64,104,1,3,11,0,2318.942546844
3,"map(from: a)",4194304,64,104,1,3,44,0,2394.497394562
3,"map(from: a)",4194304,64,104,1,3,472,0,2847.790718079
3,"map(from: a)",4194304,64,104,1,3,7,0,2371.203899384
3,"map(from: a)",4194304,64,104,1,3,1955,0,3997.349739075
3,"map(from: a)",4194304,64,104,1,3,71,0,2444.505691528
3,"map(from: a)",4194304,64,104,1,3,183,0,2593.708038330
3,"map(from: a)",4194304,64,104,1,3,8096,0,9396.350383759
3,"map(from: a)",4194304,64,104,1,3,3140,0,5004.298686981
3,"map(from: a)",4194304,64,104,1,4,472,0,2707.350254059
3,"map(from: a)",4194304,64,104,1,4,71,0,2424.550056458
3,"map(from: a)",4194304,64,104,1,4,1,0,2327.454090118
3,"map(from: a)",4194304,64,104,1,4,11,0,2337.300777435
3,"map(from: a)",4194304,64,104,1,4,4,0,2337.539196014
3,"map(from: a)",4194304,64,104,1,4,3140,0,5130.946636200
3,"map(from: a)",4194304,64,104,1,4,28,0,2377.498149872
3,"map(from: a)",4194304,64,104,1,4,1218,0,3337.204456329
3,"map(from: a)",4194304,64,104,1,4,2,0,2319.192886353
3,"map(from: a)",4194304,64,104,1,4,183,0,2555.453777313
3,"map(from: a)",4194304,64,104,1,4,5042,0,6776.201725006
3,"map(from: a)",4194304,64,104,1,4,114,0,2455.341815948
3,"map(from: a)",4194304,64,104,1,4,3,0,2464.950084686
3,"map(from: a)",4194304,64,104,1,4,44,0,2500.140666962
3,"map(from: a)",4194304,64,104,1,4,758,0,2973.949909210
3,"map(from: a)",4194304,64,104,1,4,8096,0,9180.152416229
3,"map(from: a)",4194304,64,104,1,4,1955,0,4052.197933197
3,"map(from: a)",4194304,64,104,1,4,294,0,2597.498893738
3,"map(from: a)",4194304,64,104,1,4,7,0,2412.354946136
3,"map(from: a)",4194304,64,104,1,4,17,0,2418.851852417
3,"map(from: a)",16777216,64,104,0,0,7,0,7946.002483368
3,"map(from: a)",16777216,64,104,0,0,114,0,7491.099834442
3,"map(from: a)",16777216,64,104,0,0,3,0,7545.900344849
3,"map(from: a)",16777216,64,104,0,0,17,0,7536.447048187
3,"map(from: a)",16777216,64,104,0,0,1,0,7451.546192169
3,"map(from: a)",16777216,64,104,0,0,44,0,7506.597042084
3,"map(from: a)",16777216,64,104,0,0,294,0,7625.901699066
3,"map(from: a)",16777216,64,104,0,0,3140,0,10056.698322296
3,"map(from: a)",16777216,64,104,0,0,4,0,7403.349876404
3,"map(from: a)",16777216,64,104,0,0,1955,0,9027.993679047
3,"map(from: a)",16777216,64,104,0,0,183,0,7593.500614166
3,"map(from: a)",16777216,64,104,0,0,8096,0,14209.151268005
3,"map(from: a)",16777216,64,104,0,0,758,0,8057.141304016
3,"map(from: a)",16777216,64,104,0,0,71,0,7332.646846771
3,"map(from: a)",16777216,64,104,0,0,2,0,7317.304611206
3,"map(from: a)",16777216,64,104,0,0,11,0,7674.849033356
3,"map(from: a)",16777216,64,104,0,0,28,0,7260.799407959
3,"map(from: a)",16777216,64,104,0,0,5042,0,11640.095710754
3,"map(from: a)",16777216,64,104,0,0,1218,0,8619.546890259
3,"map(from: a)",16777216,64,104,0,0,472,0,7986.843585968
3,"map(from: a)",16777216,64,104,0,1,4,0,7903.897762299
3,"map(from: a)",16777216,64,104,0,1,1,0,7968.747615814
3,"map(from: a)",16777216,64,104,0,1,17,0,7285.141944885
3,"map(from: a)",16777216,64,104,0,1,28,0,7405.197620392
3,"map(from: a)",16777216,64,104,0,1,11,0,7669.746875763
3,"map(from: a)",16777216,64,104,0,1,3140,0,10301.351547241
3,"map(from: a)",16777216,64,104,0,1,2,0,7279.503345490
3,"map(from: a)",16777216,64,104,0,1,758,0,8144.044876099
3,"map(from: a)",16777216,64,104,0,1,1218,0,8408.641815186
3,"map(from: a)",16777216,64,104,0,1,44,0,7358.753681183
3,"map(from: a)",16777216,64,104,0,1,71,0,7582.104206085
3,"map(from: a)",16777216,64,104,0,1,114,0,7599.651813507
3,"map(from: a)",16777216,64,104,0,1,294,0,7634.794712067
3,"map(from: a)",16777216,64,104,0,1,7,0,7517.802715302
3,"map(from: a)",16777216,64,104,0,1,183,0,7615.101337433
3,"map(from: a)",16777216,64,104,0,1,8096,0,14103.853702545
3,"map(from: a)",16777216,64,104,0,1,472,0,7808.244228363
3,"map(from: a)",16777216,64,104,0,1,1955,0,9065.604209900
3,"map(from: a)",16777216,64,104,0,1,3,0,7331.502437592
3,"map(from: a)",16777216,64,104,0,1,5042,0,11784.052848816
3,"map(from: a)",16777216,64,104,0,2,3,0,7406.902313232
3,"map(from: a)",16777216,64,104,0,2,44,0,7369.899749756
3,"map(from: a)",16777216,64,104,0,2,1,0,7438.898086548
3,"map(from: a)",16777216,64,104,0,2,183,0,7544.457912445
3,"map(from: a)",16777216,64,104,0,2,294,0,7652.795314789
3,"map(from: a)",16777216,64,104,0,2,5042,0,11664.402484894
3,"map(from: a)",16777216,64,104,0,2,7,0,7418.000698090
3,"map(from: a)",16777216,64,104,0,2,8096,0,14441.597461700
3,"map(from: a)",16777216,64,104,0,2,2,0,7345.795631409
3,"map(from: a)",16777216,64,104,0,2,114,0,7627.952098846
3,"map(from: a)",16777216,64,104,0,2,71,0,7543.742656708
3,"map(from: a)",16777216,64,104,0,2,1955,0,9090.793132782
3,"map(from: a)",16777216,64,104,0,2,17,0,7531.750202179
3,"map(from: a)",16777216,64,104,0,2,472,0,7927.548885345
3,"map(from: a)",16777216,64,104,0,2,11,0,7335.197925568
3,"map(from: a)",16777216,64,104,0,2,1218,0,8684.742450714
3,"map(from: a)",16777216,64,104,0,2,4,0,7972.395420074
3,"map(from: a)",16777216,64,104,0,2,3140,0,9931.802749634
3,"map(from: a)",16777216,64,104,0,2,758,0,8208.501338959
3,"map(from: a)",16777216,64,104,0,2,28,0,7667.648792267
3,"map(from: a)",16777216,64,104,0,3,11,0,7371.699810028
3,"map(from: a)",16777216,64,104,0,3,4,0,7470.905780792
3,"map(from: a)",16777216,64,104,0,3,5042,0,11732.208728790
3,"map(from: a)",16777216,64,104,0,3,183,0,7868.552207947
3,"map(from: a)",16777216,64,104,0,3,17,0,7597.398757935
3,"map(from: a)",16777216,64,104,0,3,3,0,7422.101497650
3,"map(from: a)",16777216,64,104,0,3,28,0,7625.901699066
3,"map(from: a)",16777216,64,104,0,3,1218,0,8436.250686646
3,"map(from: a)",16777216,64,104,0,3,114,0,7556.951045990
3,"map(from: a)",16777216,64,104,0,3,758,0,8070.051670074
3,"map(from: a)",16777216,64,104,0,3,1955,0,9097.552299500
3,"map(from: a)",16777216,64,104,0,3,472,0,7765.102386475
3,"map(from: a)",16777216,64,104,0,3,7,0,7532.060146332
3,"map(from: a)",16777216,64,104,0,3,44,0,7438.051700592
3,"map(from: a)",16777216,64,104,0,3,3140,0,10181.355476379
3,"map(from: a)",16777216,64,104,0,3,8096,0,14263.641834259
3,"map(from: a)",16777216,64,104,0,3,71,0,7623.600959778
3,"map(from: a)",16777216,64,104,0,3,1,0,7294.297218323
3,"map(from: a)",16777216,64,104,0,3,2,0,7421.445846558
3,"map(from: a)",16777216,64,104,0,3,294,0,7738.447189331
3,"map(from: a)",16777216,64,104,0,4,3,0,7312.750816345
3,"map(from: a)",16777216,64,104,0,4,8096,0,14337.849617004
3,"map(from: a)",16777216,64,104,0,4,1,0,7522.308826447
3,"map(from: a)",16777216,64,104,0,4,28,0,7318.341732025
3,"map(from: a)",16777216,64,104,0,4,17,0,7427.299022675
3,"map(from: a)",16777216,64,104,0,4,5042,0,11906.361579895
3,"map(from: a)",16777216,64,104,0,4,7,0,7395.601272583
3,"map(from: a)",16777216,64,104,0,4,114,0,7518.243789673
3,"map(from: a)",16777216,64,104,0,4,44,0,7554.006576538
3,"map(from: a)",16777216,64,104,0,4,2,0,7228.744029999
3,"map(from: a)",16777216,64,104,0,4,294,0,7581.496238708
3,"map(from: a)",16777216,64,104,0,4,758,0,8094.358444214
3,"map(from: a)",16777216,64,104,0,4,183,0,7488.298416138
3,"map(from: a)",16777216,64,104,0,4,4,0,7242.751121521
3,"map(from: a)",16777216,64,104,0,4,1218,0,8486.902713776
3,"map(from: a)",16777216,64,104,0,4,71,0,7476.198673248
3,"map(from: a)",16777216,64,104,0,4,1955,0,8941.102027893
3,"map(from: a)",16777216,64,104,0,4,11,0,7470.107078552
3,"map(from: a)",16777216,64,104,0,4,472,0,7848.644256592
3,"map(from: a)",16777216,64,104,0,4,3140,0,9979.689121246
3,"map(from: a)",16777216,64,104,1,0,2,0,7464.647293091
3,"map(from: a)",16777216,64,104,1,0,4,0,7551.896572113
3,"map(from: a)",16777216,64,104,1,0,472,0,8025.050163269
3,"map(from: a)",16777216,64,104,1,0,3140,0,10278.844833374
3,"map(from: a)",16777216,64,104,1,0,183,0,7938.694953918
3,"map(from: a)",16777216,64,104,1,0,28,0,7271.444797516
3,"map(from: a)",16777216,64,104,1,0,71,0,7538.449764252
3,"map(from: a)",16777216,64,104,1,0,1218,0,8429.646492004
3,"map(from: a)",16777216,64,104,1,0,294,0,7612.299919128
3,"map(from: a)",16777216,64,104,1,0,1,0,7355.654239655
3,"map(from: a)",16777216,64,104,1,0,7,0,7488.453388214
3,"map(from: a)",16777216,64,104,1,0,1955,0,9118.354320526
3,"map(from: a)",16777216,64,104,1,0,758,0,7977.545261383
3,"map(from: a)",16777216,64,104,1,0,114,0,7577.943801880
3,"map(from: a)",16777216,64,104,1,0,11,0,7482.898235321
3,"map(from: a)",16777216,64,104,1,0,3,0,7264.745235443
3,"map(from: a)",16777216,64,104,1,0,8096,0,14547.753334045
3,"map(from: a)",16777216,64,104,1,0,44,0,7617.449760437
3,"map(from: a)",16777216,64,104,1,0,17,0,7378.208637238
3,"map(from: a)",16777216,64,104,1,0,5042,0,11875.510215759
3,"map(from: a)",16777216,64,104,1,1,758,0,8165.156841278
3,"map(from: a)",16777216,64,104,1,1,3,0,7340.896129608
3,"map(from: a)",16777216,64,104,1,1,3140,0,10144.555568695
3,"map(from: a)",16777216,64,104,1,1,1955,0,9192.299842834
3,"map(from: a)",16777216,64,104,1,1,44,0,7597.339153290
3,"map(from: a)",16777216,64,104,1,1,17,0,7673.203945160
3,"map(from: a)",16777216,64,104,1,1,294,0,7734.251022339
3,"map(from: a)",16777216,64,104,1,1,28,0,7564.544677734
3,"map(from: a)",16777216,64,104,1,1,114,0,7522.106170654
3,"map(from: a)",16777216,64,104,1,1,2,0,7429.754734039
3,"map(from: a)",16777216,64,104,1,1,7,0,7493.543624878
3,"map(from: a)",16777216,64,104,1,1,183,0,7586.753368378
3,"map(from: a)",16777216,64,104,1,1,8096,0,14409.303665161
3,"map(from: a)",16777216,64,104,1,1,11,0,7673.549652100
3,"map(from: a)",16777216,64,104,1,1,1,0,7403.850555420
3,"map(from: a)",16777216,64,104,1,1,1218,0,8397.245407104
3,"map(from: a)",16777216,64,104,1,1,472,0,7851.505279541
3,"map(from: a)",16777216,64,104,1,1,71,0,7470.452785492
3,"map(from: a)",16777216,64,104,1,1,5042,0,11782.002449036
3,"map(from: a)",16777216,64,104,1,1,4,0,7436.704635620
3,"map(from: a)",16777216,64,104,1,2,2,0,7484.042644501
3,"map(from: a)",16777216,64,104,1,2,71,0,7443.499565125
3,"map(from: a)",16777216,64,104,1,2,17,0,7441.997528076
3,"map(from: a)",16777216,64,104,1,2,472,0,7934.701442719
3,"map(from: a)",16777216,64,104,1,2,5042,0,11573.100090027
3,"map(from: a)",16777216,64,104,1,2,28,0,7465.147972107
3,"map(from: a)",16777216,64,104,1,2,44,0,7647.943496704
3,"map(from: a)",16777216,64,104,1,2,1218,0,8332.455158234
3,"map(from: a)",16777216,64,104,1,2,4,0,7453.203201294
3,"map(from: a)",16777216,64,104,1,2,1955,0,9385.442733765
3,"map(from: a)",16777216,64,104,1,2,183,0,7484.900951385
3,"map(from: a)",16777216,64,104,1,2,7,0,7449.853420258
3,"map(from: a)",16777216,64,104,1,2,758,0,8250.498771667
3,"map(from: a)",16777216,64,104,1,2,1,0,7296.800613403
3,"map(from: a)",16777216,64,104,1,2,3140,0,10067.999362946
3,"map(from: a)",16777216,64,104,1,2,8096,0,14382.553100586
3,"map(from: a)",16777216,64,104,1,2,3,0,7466.244697571
3,"map(from: a)",16777216,64,104,1,2,114,0,7727.694511414
3,"map(from: a)",16777216,64,104,1,2,11,0,7547.700405121
3,"map(from: a)",16777216,64,104,1,2,294,0,7753.801345825
3,"map(from: a)",16777216,64,104,1,3,1,0,7395.744323730
3,"map(from: a)",16777216,64,104,1,3,17,0,7474.505901337
3,"map(from: a)",16777216,64,104,1,3,294,0,7945.907115936
3,"map(from: a)",16777216,64,104,1,3,5042,0,11675.643920898
3,"map(from: a)",16777216,64,104,1,3,114,0,7688.701152802
3,"map(from: a)",16777216,64,104,1,3,28,0,7791.650295258
3,"map(from: a)",16777216,64,104,1,3,1218,0,8328.545093536
3,"map(from: a)",16777216,64,104,1,3,2,0,7654.106616974
3,"map(from: a)",16777216,64,104,1,3,3,0,7728.946208954
3,"map(from: a)",16777216,64,104,1,3,4,0,7330.751419067
3,"map(from: a)",16777216,64,104,1,3,758,0,8197.796344757
3,"map(from: a)",16777216,64,104,1,3,11,0,7744.407653809
3,"map(from: a)",16777216,64,104,1,3,44,0,7538.998126984
3,"map(from: a)",16777216,64,104,1,3,472,0,7703.495025635
3,"map(from: a)",16777216,64,104,1,3,7,0,7707.357406616
3,"map(from: a)",16777216,64,104,1,3,1955,0,9219.503402710
3,"map(from: a)",16777216,64,104,1,3,71,0,7393.848896027
3,"map(from: a)",16777216,64,104,1,3,183,0,7726.299762726
3,"map(from: a)",16777216,64,104,1,3,8096,0,14411.449432373
3,"map(from: a)",16777216,64,104,1,3,3140,0,9973.442554474
3,"map(from: a)",16777216,64,104,1,4,472,0,7924.199104309
3,"map(from: a)",16777216,64,104,1,4,71,0,7636.547088623
3,"map(from: a)",16777216,64,104,1,4,1,0,7338.953018188
3,"map(from: a)",16777216,64,104,1,4,11,0,7665.205001831
3,"map(from: a)",16777216,64,104,1,4,4,0,7505.655288696
3,"map(from: a)",16777216,64,104,1,4,3140,0,10002.946853638
3,"map(from: a)",16777216,64,104,1,4,28,0,7579.660415649
3,"map(from: a)",16777216,64,104,1,4,1218,0,8384.251594543
3,"map(from: a)",16777216,64,104,1,4,2,0,7440.340518951
3,"map(from: a)",16777216,64,104,1,4,183,0,7860.505580902
3,"map(from: a)",16777216,64,104,1,4,5042,0,11810.398101807
3,"map(from: a)",16777216,64,104,1,4,114,0,7650.697231293
3,"map(from: a)",16777216,64,104,1,4,3,0,7586.848735809
3,"map(from: a)",16777216,64,104,1,4,44,0,7483.148574829
3,"map(from: a)",16777216,64,104,1,4,758,0,7972.407341003
3,"map(from: a)",16777216,64,104,1,4,8096,0,14242.851734161
3,"map(from: a)",16777216,64,104,1,4,1955,0,9032.690525055
3,"map(from: a)",16777216,64,104,1,4,294,0,7688.605785370
3,"map(from: a)",16777216,64,104,1,4,7,0,7472.252845764
3,"map(from: a)",16777216,64,104,1,4,17,0,7445.955276489
4,"map(alloc: a)",1,64,104,0,0,7,0,203.251838684
4,"map(alloc: a)",1,64,104,0,0,114,0,303.244590759
4,"map(alloc: a)",1,64,104,0,0,3,0,199.556350708
4,"map(alloc: a)",1,64,104,0,0,17,0,218.248367310
4,"map(alloc: a)",1,64,104,0,0,1,0,198.495388031
4,"map(alloc: a)",1,64,104,0,0,44,0,241.303443909
4,"map(alloc: a)",1,64,104,0,0,294,0,458.848476410
4,"map(alloc: a)",1,64,104,0,0,3140,0,2914.202213287
4,"map(alloc: a)",1,64,104,0,0,4,0,201.296806335
4,"map(alloc: a)",1,64,104,0,0,1955,0,1905.143260956
4,"map(alloc: a)",1,64,104,0,0,183,0,361.144542694
4,"map(alloc: a)",1,64,104,0,0,8096,0,7300.746440887
4,"map(alloc: a)",1,64,104,0,0,758,0,856.101512909
4,"map(alloc: a)",1,64,104,0,0,71,0,264.704227448
4,"map(alloc: a)",1,64,104,0,0,2,0,198.602676392
4,"map(alloc: a)",1,64,104,0,0,11,0,211.644172668
4,"map(alloc: a)",1,64,104,0,0,28,0,226.950645447
4,"map(alloc: a)",1,64,104,0,0,5042,0,4622.852802277
4,"map(alloc: a)",1,64,104,0,0,1218,0,1251.852512360
4,"map(alloc: a)",1,64,104,0,0,472,0,616.610050201
4,"map(alloc: a)",1,64,104,0,1,4,0,201.141834259
4,"map(alloc: a)",1,64,104,0,1,1,0,198.495388031
4,"map(alloc: a)",1,64,104,0,1,17,0,217.998027802
4,"map(alloc: a)",1,64,104,0,1,28,0,226.795673370
4,"map(alloc: a)",1,64,104,0,1,11,0,211.358070374
4,"map(alloc: a)",1,64,104,0,1,3140,0,2927.541732788
4,"map(alloc: a)",1,64,104,0,1,2,0,199.699401855
4,"map(alloc: a)",1,64,104,0,1,758,0,866.448879242
4,"map(alloc: a)",1,64,104,0,1,1218,0,1248.741149902
4,"map(alloc: a)",1,64,104,0,1,44,0,241.744518280
4,"map(alloc: a)",1,64,104,0,1,71,0,265.204906464
4,"map(alloc: a)",1,64,104,0,1,114,0,302.302837372
4,"map(alloc: a)",1,64,104,0,1,294,0,457.894802094
4,"map(alloc: a)",1,64,104,0,1,7,0,203.299522400
4,"map(alloc: a)",1,64,104,0,1,183,0,360.894203186
4,"map(alloc: a)",1,64,104,0,1,8096,0,7333.350181580
4,"map(alloc: a)",1,64,104,0,1,472,0,613.701343536
4,"map(alloc: a)",1,64,104,0,1,1955,0,1908.743381500
4,"map(alloc: a)",1,64,104,0,1,3,0,199.949741364
4,"map(alloc: a)",1,64,104,0,1,5042,0,4573.500156403
4,"map(alloc: a)",1,64,104,0,2,3,0,200.498104095
4,"map(alloc: a)",1,64,104,0,2,44,0,241.708755493
4,"map(alloc: a)",1,64,104,0,2,1,0,198.900699615
4,"map(alloc: a)",1,64,104,0,2,183,0,364.494323730
4,"map(alloc: a)",1,64,104,0,2,294,0,458.955764771
4,"map(alloc: a)",1,64,104,0,2,5042,0,4587.852954865
4,"map(alloc: a)",1,64,104,0,2,7,0,204.658508301
4,"map(alloc: a)",1,64,104,0,2,8096,0,7155.394554138
4,"map(alloc: a)",1,64,104,0,2,2,0,199.449062347
4,"map(alloc: a)",1,64,104,0,2,114,0,302.910804749
4,"map(alloc: a)",1,64,104,0,2,71,0,265.002250671
4,"map(alloc: a)",1,64,104,0,2,1955,0,1919.698715210
4,"map(alloc: a)",1,64,104,0,2,17,0,219.154357910
4,"map(alloc: a)",1,64,104,0,2,472,0,611.448287964
4,"map(alloc: a)",1,64,104,0,2,11,0,211.691856384
4,"map(alloc: a)",1,64,104,0,2,1218,0,1260.149478912
4,"map(alloc: a)",1,64,104,0,2,4,0,201.404094696
4,"map(alloc: a)",1,64,104,0,2,3140,0,2941.548824310
4,"map(alloc: a)",1,64,104,0,2,758,0,859.856605530
4,"map(alloc: a)",1,64,104,0,2,28,0,227.093696594
4,"map(alloc: a)",1,64,104,0,3,11,0,211.596488953
4,"map(alloc: a)",1,64,104,0,3,4,0,201.153755188
4,"map(alloc: a)",1,64,104,0,3,5042,0,4602.158069611
4,"map(alloc: a)",1,64,104,0,3,183,0,362.956523895
4,"map(alloc: a)",1,64,104,0,3,17,0,218.045711517
4,"map(alloc: a)",1,64,104,0,3,3,0,199.496746063
4,"map(alloc: a)",1,64,104,0,3,28,0,226.807594299
4,"map(alloc: a)",1,64,104,0,3,1218,0,1259.350776672
4,"map(alloc: a)",1,64,104,0,3,114,0,302.159786224
4,"map(alloc: a)",1,64,104,0,3,758,0,861.394405365
4,"map(alloc: a)",1,64,104,0,3,1955,0,1898.908615112
4,"map(alloc: a)",1,64,104,0,3,472,0,610.947608948
4,"map(alloc: a)",1,64,104,0,3,7,0,202.894210815
4,"map(alloc: a)",1,64,104,0,3,44,0,241.792201996
4,"map(alloc: a)",1,64,104,0,3,3140,0,2907.443046570
4,"map(alloc: a)",1,64,104,0,3,8096,0,7320.344448090
4,"map(alloc: a)",1,64,104,0,3,71,0,265.800952911
4,"map(alloc: a)",1,64,104,0,3,1,0,198.554992676
4,"map(alloc: a)",1,64,104,0,3,2,0,198.698043823
4,"map(alloc: a)",1,64,104,0,3,294,0,458.002090454
4,"map(alloc: a)",1,64,104,0,4,3,0,199.258327484
4,"map(alloc: a)",1,64,104,0,4,8096,0,7289.397716522
4,"map(alloc: a)",1,64,104,0,4,1,0,199.246406555
4,"map(alloc: a)",1,64,104,0,4,28,0,226.902961731
4,"map(alloc: a)",1,64,104,0,4,17,0,218.296051025
4,"map(alloc: a)",1,64,104,0,4,5042,0,4619.991779327
4,"map(alloc: a)",1,64,104,0,4,7,0,203.442573547
4,"map(alloc: a)",1,64,104,0,4,114,0,301.706790924
4,"map(alloc: a)",1,64,104,0,4,44,0,241.196155548
4,"map(alloc: a)",1,64,104,0,4,2,0,198.447704315
4,"map(alloc: a)",1,64,104,0,4,294,0,456.094741821
4,"map(alloc: a)",1,64,104,0,4,758,0,867.700576782
4,"map(alloc: a)",1,64,104,0,4,183,0,362.145900726
4,"map(alloc: a)",1,64,104,0,4,4,0,201.094150543
4,"map(alloc: a)",1,64,104,0,4,1218,0,1259.708404541
4,"map(alloc: a)",1,64,104,0,4,71,0,264.942646027
4,"map(alloc: a)",1,64,104,0,4,1955,0,1898.598670959
4,"map(alloc: a)",1,64,104,0,4,11,0,213.253498077
4,"map(alloc: a)",1,64,104,0,4,472,0,610.804557800
4,"map(alloc: a)",1,64,104,0,4,3140,0,2972.352504730
4,"map(alloc: a)",1,64,104,1,0,2,0,199.294090271
4,"map(alloc: a)",1,64,104,1,0,4,0,200.951099396
4,"map(alloc: a)",1,64,104,1,0,472,0,614.857673645
4,"map(alloc: a)",1,64,104,1,0,3140,0,2915.596961975
4,"map(alloc: a)",1,64,104,1,0,183,0,363.707542419
4,"map(alloc: a)",1,64,104,1,0,28,0,227.046012878
4,"map(alloc: a)",1,64,104,1,0,71,0,264.704227448
4,"map(alloc: a)",1,64,104,1,0,1218,0,1267.945766449
4,"map(alloc: a)",1,64,104,1,0,294,0,456.047058105
4,"map(alloc: a)",1,64,104,1,0,1,0,198.650360107
4,"map(alloc: a)",1,64,104,1,0,7,0,203.299522400
4,"map(alloc: a)",1,64,104,1,0,1955,0,1880.097389221
4,"map(alloc: a)",1,64,104,1,0,758,0,861.942768097
4,"map(alloc: a)",1,64,104,1,0,114,0,302.743911743
4,"map(alloc: a)",1,64,104,1,0,11,0,211.608409882
4,"map(alloc: a)",1,64,104,1,0,3,0,199.592113495
4,"map(alloc: a)",1,64,104,1,0,8096,0,7176.947593689
4,"map(alloc: a)",1,64,104,1,0,44,0,242.710113525
4,"map(alloc: a)",1,64,104,1,0,17,0,217.807292938
4,"map(alloc: a)",1,64,104,1,0,5042,0,4590.249061584
4,"map(alloc: a)",1,64,104,1,1,758,0,866.043567657
4,"map(alloc: a)",1,64,104,1,1,3,0,199.651718140
4,"map(alloc: a)",1,64,104,1,1,3140,0,2918.756008148
4,"map(alloc: a)",1,64,104,1,1,1955,0,1920.747756958
4,"map(alloc: a)",1,64,104,1,1,44,0,242.745876312
4,"map(alloc: a)",1,64,104,1,1,17,0,217.640399933
4,"map(alloc: a)",1,64,104,1,1,294,0,460.290908813
4,"map(alloc: a)",1,64,104,1,1,28,0,227.403640747
4,"map(alloc: a)",1,64,104,1,1,114,0,302.648544312
4,"map(alloc: a)",1,64,104,1,1,2,0,198.709964752
4,"map(alloc: a)",1,64,104,1,1,7,0,203.239917755
4,"map(alloc: a)",1,64,104,1,1,183,0,363.194942474
4,"map(alloc: a)",1,64,104,1,1,8096,0,7195.496559143
4,"map(alloc: a)",1,64,104,1,1,11,0,212.597846985
4,"map(alloc: a)",1,64,104,1,1,1,0,198.709964752
4,"map(alloc: a)",1,64,104,1,1,1218,0,1254.594326019
4,"map(alloc: a)",1,64,104,1,1,472,0,612.950325012
4,"map(alloc: a)",1,64,104,1,1,71,0,265.550613403
4,"map(alloc: a)",1,64,104,1,1,5042,0,4548.203945160
4,"map(alloc: a)",1,64,104,1,1,4,0,201.392173767
4,"map(alloc: a)",1,64,104,1,2,2,0,198.805332184
4,"map(alloc: a)",1,64,104,1,2,71,0,265.550613403
4,"map(alloc: a)",1,64,104,1,2,17,0,218.296051025
4,"map(alloc: a)",1,64,104,1,2,472,0,613.355636597
4,"map(alloc: a)",1,64,104,1,2,5042,0,4603.052139282
4,"map(alloc: a)",1,64,104,1,2,28,0,227.248668671
4,"map(alloc: a)",1,64,104,1,2,44,0,241.601467133
4,"map(alloc: a)",1,64,104,1,2,1218,0,1271.152496338
4,"map(alloc: a)",1,64,104,1,2,4,0,201.451778412
4,"map(alloc: a)",1,64,104,1,2,1955,0,1901.793479919
4,"map(alloc: a)",1,64,104,1,2,183,0,361.800193787
4,"map(alloc: a)",1,64,104,1,2,7,0,202.906131744
4,"map(alloc: a)",1,64,104,1,2,758,0,862.455368042
4,"map(alloc: a)",1,64,104,1,2,1,0,198.554992676
4,"map(alloc: a)",1,64,104,1,2,3140,0,2920.556068420
4,"map(alloc: a)",1,64,104,1,2,8096,0,7327.389717102
4,"map(alloc: a)",1,64,104,1,2,3,0,199.854373932
4,"map(alloc: a)",1,64,104,1,2,114,0,301.897525787
4,"map(alloc: a)",1,64,104,1,2,11,0,211.703777313
4,"map(alloc: a)",1,64,104,1,2,294,0,457.501411438
4,"map(alloc: a)",1,64,104,1,3,1,0,198.745727539
4,"map(alloc: a)",1,64,104,1,3,17,0,218.093395233
4,"map(alloc: a)",1,64,104,1,3,294,0,457.656383514
4,"map(alloc: a)",1,64,104,1,3,5042,0,4622.089862823
4,"map(alloc: a)",1,64,104,1,3,114,0,302.743911743
4,"map(alloc: a)",1,64,104,1,3,28,0,226.795673370
4,"map(alloc: a)",1,64,104,1,3,1218,0,1263.451576233
4,"map(alloc: a)",1,64,104,1,3,2,0,198.698043823
4,"map(alloc: a)",1,64,104,1,3,3,0,199.353694916
4,"map(alloc: a)",1,64,104,1,3,4,0,201.094150543
4,"map(alloc: a)",1,64,104,1,3,758,0,859.856605530
4,"map(alloc: a)",1,64,104,1,3,11,0,211.191177368
4,"map(alloc: a)",1,64,104,1,3,44,0,241.255760193
4,"map(alloc: a)",1,64,104,1,3,472,0,612.795352936
4,"map(alloc: a)",1,64,104,1,3,7,0,202.798843384
4,"map(alloc: a)",1,64,104,1,3,1955,0,1896.202564240
4,"map(alloc: a)",1,64,104,1,3,71,0,265.944004059
4,"map(alloc: a)",1,64,104,1,3,183,0,362.992286682
4,"map(alloc: a)",1,64,104,1,3,8096,0,7175.099849701
4,"map(alloc: a)",1,64,104,1,3,3140,0,2963.209152222
4,"map(alloc: a)",1,64,104,1,4,472,0,612.998008728
4,"map(alloc: a)",1,64,104,1,4,71,0,265.252590179
4,"map(alloc: a)",1,64,104,1,4,1,0,198.757648468
4,"map(alloc: a)",1,64,104,1,4,11,0,211.644172668
4,"map(alloc: a)",1,64,104,1,4,4,0,201.046466827
4,"map(alloc: a)",1,64,104,1,4,3140,0,2944.445610046
4,"map(alloc: a)",1,64,104,1,4,28,0,227.451324463
4,"map(alloc: a)",1,64,104,1,4,1218,0,1269.602775574
4,"map(alloc: a)",1,64,104,1,4,2,0,198.745727539
4,"map(alloc: a)",1,64,104,1,4,183,0,362.050533295
4,"map(alloc: a)",1,64,104,1,4,5042,0,4618.251323700
4,"map(alloc: a)",1,64,104,1,4,114,0,301.945209503
4,"map(alloc: a)",1,64,104,1,4,3,0,199.401378632
4,"map(alloc: a)",1,64,104,1,4,44,0,242.197513580
4,"map(alloc: a)",1,64,104,1,4,758,0,854.301452637
4,"map(alloc: a)",1,64,104,1,4,8096,0,7277.047634125
4,"map(alloc: a)",1,64,104,1,4,1955,0,1898.503303528
4,"map(alloc: a)",1,64,104,1,4,294,0,459.301471710
4,"map(alloc: a)",1,64,104,1,4,7,0,203.096866608
4,"map(alloc: a)",1,64,104,1,4,17,0,218.009948730
4,"map(alloc: a)",4,64,104,0,0,7,0,202.846527100
4,"map(alloc: a)",4,64,104,0,0,114,0,303.745269775
4,"map(alloc: a)",4,64,104,0,0,3,0,199.449062347
4,"map(alloc: a)",4,64,104,0,0,17,0,218.200683594
4,"map(alloc: a)",4,64,104,0,0,1,0,198.602676392
4,"map(alloc: a)",4,64,104,0,0,44,0,241.446495056
4,"map(alloc: a)",4,64,104,0,0,294,0,459.241867065
4,"map(alloc: a)",4,64,104,0,0,3140,0,2910.447120667
4,"map(alloc: a)",4,64,104,0,0,4,0,201.702117920
4,"map(alloc: a)",4,64,104,0,0,1955,0,1898.753643036
4,"map(alloc: a)",4,64,104,0,0,183,0,361.955165863
4,"map(alloc: a)",4,64,104,0,0,8096,0,7372.343540192
4,"map(alloc: a)",4,64,104,0,0,758,0,856.947898865
4,"map(alloc: a)",4,64,104,0,0,71,0,264.954566956
4,"map(alloc: a)",4,64,104,0,0,2,0,198.447704315
4,"map(alloc: a)",4,64,104,0,0,11,0,211.596488953
4,"map(alloc: a)",4,64,104,0,0,28,0,226.855278015
4,"map(alloc: a)",4,64,104,0,0,5042,0,4612.851142883
4,"map(alloc: a)",4,64,104,0,0,1218,0,1264.142990112
4,"map(alloc: a)",4,64,104,0,0,472,0,616.347789764
4,"map(alloc: a)",4,64,104,0,1,4,0,201.153755188
4,"map(alloc: a)",4,64,104,0,1,1,0,198.292732239
4,"map(alloc: a)",4,64,104,0,1,17,0,217.652320862
4,"map(alloc: a)",4,64,104,0,1,28,0,226.497650146
4,"map(alloc: a)",4,64,104,0,1,11,0,211.346149445
4,"map(alloc: a)",4,64,104,0,1,3140,0,2948.844432831
4,"map(alloc: a)",4,64,104,0,1,2,0,199.103355408
4,"map(alloc: a)",4,64,104,0,1,758,0,866.305828094
4,"map(alloc: a)",4,64,104,0,1,1218,0,1249.158382416
4,"map(alloc: a)",4,64,104,0,1,44,0,241.351127625
4,"map(alloc: a)",4,64,104,0,1,71,0,265.645980835
4,"map(alloc: a)",4,64,104,0,1,114,0,302.052497864
4,"map(alloc: a)",4,64,104,0,1,294,0,459.611415863
4,"map(alloc: a)",4,64,104,0,1,7,0,203.049182892
4,"map(alloc: a)",4,64,104,0,1,183,0,360.751152039
4,"map(alloc: a)",4,64,104,0,1,8096,0,7311.999797821
4,"map(alloc: a)",4,64,104,0,1,472,0,612.699985504
4,"map(alloc: a)",4,64,104,0,1,1955,0,1901.149749756
4,"map(alloc: a)",4,64,104,0,1,3,0,199.556350708
4,"map(alloc: a)",4,64,104,0,1,5042,0,4570.198059082
4,"map(alloc: a)",4,64,104,0,2,3,0,200.247764587
4,"map(alloc: a)",4,64,104,0,2,44,0,241.601467133
4,"map(alloc: a)",4,64,104,0,2,1,0,198.757648468
4,"map(alloc: a)",4,64,104,0,2,183,0,363.647937775
4,"map(alloc: a)",4,64,104,0,2,294,0,455.904006958
4,"map(alloc: a)",4,64,104,0,2,5042,0,4600.453376770
4,"map(alloc: a)",4,64,104,0,2,7,0,204.050540924
4,"map(alloc: a)",4,64,104,0,2,8096,0,7221.746444702
4,"map(alloc: a)",4,64,104,0,2,2,0,198.960304260
4,"map(alloc: a)",4,64,104,0,2,114,0,302.553176880
4,"map(alloc: a)",4,64,104,0,2,71,0,264.751911163
4,"map(alloc: a)",4,64,104,0,2,1955,0,1921.653747559
4,"map(alloc: a)",4,64,104,0,2,17,0,218.260288239
4,"map(alloc: a)",4,64,104,0,2,472,0,614.547729492
4,"map(alloc: a)",4,64,104,0,2,11,0,211.548805237
4,"map(alloc: a)",4,64,104,0,2,1218,0,1258.051395416
4,"map(alloc: a)",4,64,104,0,2,4,0,201.308727264
4,"map(alloc: a)",4,64,104,0,2,3140,0,2943.992614746
4,"map(alloc: a)",4,64,104,0,2,758,0,858.247280121
4,"map(alloc: a)",4,64,104,0,2,28,0,227.248668671
4,"map(alloc: a)",4,64,104,0,3,11,0,211.548805237
4,"map(alloc: a)",4,64,104,0,3,4,0,201.153755188
4,"map(alloc: a)",4,64,104,0,3,5042,0,4615.902900696
4,"map(alloc: a)",4,64,104,0,3,183,0,361.406803131
4,"map(alloc: a)",4,64,104,0,3,17,0,218.248367310
4,"map(alloc: a)",4,64,104,0,3,3,0,199.604034424
4,"map(alloc: a)",4,64,104,0,3,28,0,226.759910583
4,"map(alloc: a)",4,64,104,0,3,1218,0,1268.458366394
4,"map(alloc: a)",4,64,104,0,3,114,0,301.849842072
4,"map(alloc: a)",4,64,104,0,3,758,0,858.402252197
4,"map(alloc: a)",4,64,104,0,3,1955,0,1899.755001068
4,"map(alloc: a)",4,64,104,0,3,472,0,614.047050476
4,"map(alloc: a)",4,64,104,0,3,7,0,203.108787537
4,"map(alloc: a)",4,64,104,0,3,44,0,241.649150848
4,"map(alloc: a)",4,64,104,0,3,3140,0,2928.793430328
4,"map(alloc: a)",4,64,104,0,3,8096,0,7313.597202301
4,"map(alloc: a)",4,64,104,0,3,71,0,265.598297119
4,"map(alloc: a)",4,64,104,0,3,1,0,198.602676392
4,"map(alloc: a)",4,64,104,0,3,2,0,198.602676392
4,"map(alloc: a)",4,64,104,0,3,294,0,459.003448486
4,"map(alloc: a)",4,64,104,0,4,3,0,199.651718140
4,"map(alloc: a)",4,64,104,0,4,8096,0,7271.552085876
4,"map(alloc: a)",4,64,104,0,4,1,0,199.747085571
4,"map(alloc: a)",4,64,104,0,4,28,0,226.640701294
4,"map(alloc: a)",4,64,104,0,4,17,0,217.902660370
4,"map(alloc: a)",4,64,104,0,4,5042,0,4590.952396393
4,"map(alloc: a)",4,64,104,0,4,7,0,204.598903656
4,"map(alloc: a)",4,64,104,0,4,114,0,301.694869995
4,"map(alloc: a)",4,64,104,0,4,44,0,241.398811340
4,"map(alloc: a)",4,64,104,0,4,2,0,198.698043823
4,"map(alloc: a)",4,64,104,0,4,294,0,455.999374390
4,"map(alloc: a)",4,64,104,0,4,758,0,867.199897766
4,"map(alloc: a)",4,64,104,0,4,183,0,361.144542694
4,"map(alloc: a)",4,64,104,0,4,4,0,201.249122620
4,"map(alloc: a)",4,64,104,0,4,1218,0,1270.651817322
4,"map(alloc: a)",4,64,104,0,4,71,0,264.799594879
4,"map(alloc: a)",4,64,104,0,4,1955,0,1901.340484619
4,"map(alloc: a)",4,64,104,0,4,11,0,211.405754089
4,"map(alloc: a)",4,64,104,0,4,472,0,609.707832336
4,"map(alloc: a)",4,64,104,0,4,3140,0,2960.109710693
4,"map(alloc: a)",4,64,104,1,0,2,0,199.544429779
4,"map(alloc: a)",4,64,104,1,0,4,0,201.046466827
4,"map(alloc: a)",4,64,104,1,0,472,0,614.702701569
4,"map(alloc: a)",4,64,104,1,0,3140,0,2925.801277161
4,"map(alloc: a)",4,64,104,1,0,183,0,362.503528595
4,"map(alloc: a)",4,64,104,1,0,28,0,226.855278015
4,"map(alloc: a)",4,64,104,1,0,71,0,264.346599579
4,"map(alloc: a)",4,64,104,1,0,1218,0,1269.948482513
4,"map(alloc: a)",4,64,104,1,0,294,0,458.395481110
4,"map(alloc: a)",4,64,104,1,0,1,0,198.400020599
4,"map(alloc: a)",4,64,104,1,0,7,0,202.798843384
4,"map(alloc: a)",4,64,104,1,0,1955,0,1890.397071838
4,"map(alloc: a)",4,64,104,1,0,758,0,859.403610229
4,"map(alloc: a)",4,64,104,1,0,114,0,303.292274475
4,"map(alloc: a)",4,64,104,1,0,11,0,211.393833160
4,"map(alloc: a)",4,64,104,1,0,3,0,199.449062347
4,"map(alloc: a)",4,64,104,1,0,8096,0,7224.595546722
4,"map(alloc: a)",4,64,104,1,0,44,0,242.209434509
4,"map(alloc: a)",4,64,104,1,0,17,0,218.296051025
4,"map(alloc: a)",4,64,104,1,0,5042,0,4557.049274445
4,"map(alloc: a)",4,64,104,1,1,758,0,864.243507385
4,"map(alloc: a)",4,64,104,1,1,3,0,199.699401855
4,"map(alloc: a)",4,64,104,1,1,3140,0,2923.500537872
4,"map(alloc: a)",4,64,104,1,1,1955,0,1915.991306305
4,"map(alloc: a)",4,64,104,1,1,44,0,241.255760193
4,"map(alloc: a)",4,64,104,1,1,17,0,218.045711517
4,"map(alloc: a)",4,64,104,1,1,294,0,461.542606354
4,"map(alloc: a)",4,64,104,1,1,28,0,226.747989655
4,"map(alloc: a)",4,64,104,1,1,114,0,302.696228027
4,"map(alloc: a)",4,64,104,1,1,2,0,198.805332184
4,"map(alloc: a)",4,64,104,1,1,7,0,203.239917755
4,"map(alloc: a)",4,64,104,1,1,183,0,363.552570343
4,"map(alloc: a)",4,64,104,1,1,8096,0,7175.350189209
4,"map(alloc: a)",4,64,104,1,1,11,0,213.003158569
4,"map(alloc: a)",4,64,104,1,1,1,0,198.650360107
4,"map(alloc: a)",4,64,104,1,1,1218,0,1261.842250824
4,"map(alloc: a)",4,64,104,1,1,472,0,615.847110748
4,"map(alloc: a)",4,64,104,1,1,71,0,265.097618103
4,"map(alloc: a)",4,64,104,1,1,5042,0,4560.554027557
4,"map(alloc: a)",4,64,104,1,1,4,0,202.155113220
4,"map(alloc: a)",4,64,104,1,2,2,0,198.650360107
4,"map(alloc: a)",4,64,104,1,2,71,0,265.002250671
4,"map(alloc: a)",4,64,104,1,2,17,0,218.355655670
4,"map(alloc: a)",4,64,104,1,2,472,0,614.905357361
4,"map(alloc: a)",4,64,104,1,2,5042,0,4607.105255127
4,"map(alloc: a)",4,64,104,1,2,28,0,227.308273315
4,"map(alloc: a)",4,64,104,1,2,44,0,241.601467133
4,"map(alloc: a)",4,64,104,1,2,1218,0,1264.393329620
4,"map(alloc: a)",4,64,104,1,2,4,0,201.296806335
4,"map(alloc: a)",4,64,104,1,2,1955,0,1905.798912048
4,"map(alloc: a)",4,64,104,1,2,183,0,363.194942474
4,"map(alloc: a)",4,64,104,1,2,7,0,203.156471252
4,"map(alloc: a)",4,64,104,1,2,758,0,861.203670502
4,"map(alloc: a)",4,64,104,1,2,1,0,198.948383331
4,"map(alloc: a)",4,64,104,1,2,3140,0,2914.547920227
4,"map(alloc: a)",4,64,104,1,2,8096,0,7346.451282501
4,"map(alloc: a)",4,64,104,1,2,3,0,200.498104095
4,"map(alloc: a)",4,64,104,1,2,114,0,303.101539612
4,"map(alloc: a)",4,64,104,1,2,11,0,211.393833160
4,"map(alloc: a)",4,64,104,1,2,294,0,459.098815918
4,"map(alloc: a)",4,64,104,1,3,1,0,198.745727539
4,"map(alloc: a)",4,64,104,1,3,17,0,217.950344086
4,"map(alloc: a)",4,64,104,1,3,294,0,458.097457886
4,"map(alloc: a)",4,64,104,1,3,5042,0,4636.502265930
4,"map(alloc: a)",4,64,104,1,3,114,0,303.399562836
4,"map(alloc: a)",4,64,104,1,3,28,0,226.855278015
4,"map(alloc: a)",4,64,104,1,3,1218,0,1256.597042084
4,"map(alloc: a)",4,64,104,1,3,2,0,198.745727539
4,"map(alloc: a)",4,64,104,1,3,3,0,199.449062347
4,"map(alloc: a)",4,64,104,1,3,4,0,201.201438904
4,"map(alloc: a)",4,64,104,1,3,758,0,857.198238373
4,"map(alloc: a)",4,64,104,1,3,11,0,211.405754089
4,"map(alloc: a)",4,64,104,1,3,44,0,241.553783417
4,"map(alloc: a)",4,64,104,1,3,472,0,611.400604248
4,"map(alloc: a)",4,64,104,1,3,7,0,202.941894531
4,"map(alloc: a)",4,64,104,1,3,1955,0,1886.510848999
4,"map(alloc: a)",4,64,104,1,3,71,0,265.860557556
4,"map(alloc: a)",4,64,104,1,3,183,0,364.255905151
4,"map(alloc: a)",4,64,104,1,3,8096,0,7213.139533997
4,"map(alloc: a)",4,64,104,1,3,3140,0,2957.355976105
4,"map(alloc: a)",4,64,104,1,4,472,0,611.591339111
4,"map(alloc: a)",4,64,104,1,4,71,0,264.799594879
4,"map(alloc: a)",4,64,104,1,4,1,0,198.507308960
4,"map(alloc: a)",4,64,104,1,4,11,0,211.703777313
4,"map(alloc: a)",4,64,104,1,4,4,0,201.094150543
4,"map(alloc: a)",4,64,104,1,4,3140,0,2951.645851135
4,"map(alloc: a)",4,64,104,1,4,28,0,227.153301239
4,"map(alloc: a)",4,64,104,1,4,1218,0,1263.010501862
4,"map(alloc: a)",4,64,104,1,4,2,0,198.495388031
4,"map(alloc: a)",4,64,104,1,4,183,0,361.847877502
4,"map(alloc: a)",4,64,104,1,4,5042,0,4618.799686432
4,"map(alloc: a)",4,64,104,1,4,114,0,302.791595459
4,"map(alloc: a)",4,64,104,1,4,3,0,199.294090271
4,"map(alloc: a)",4,64,104,1,4,44,0,241.696834564
4,"map(alloc: a)",4,64,104,1,4,758,0,854.206085205
4,"map(alloc: a)",4,64,104,1,4,8096,0,7311.952114105
4,"map(alloc: a)",4,64,104,1,4,1955,0,1894.056797028
4,"map(alloc: a)",4,64,104,1,4,294,0,459.694862366
4,"map(alloc: a)",4,64,104,1,4,7,0,203.001499176
4,"map(alloc: a)",4,64,104,1,4,17,0,218.248367310
4,"map(alloc: a)",16,64,104,0,0,7,0,202.858448029
4,"map(alloc: a)",16,64,104,0,0,114,0,303.101539612
4,"map(alloc: a)",16,64,104,0,0,3,0,199.651718140
4,"map(alloc: a)",16,64,104,0,0,17,0,218.498706818
4,"map(alloc: a)",16,64,104,0,0,1,0,198.948383331
4,"map(alloc: a)",16,64,104,0,0,44,0,241.601467133
4,"map(alloc: a)",16,64,104,0,0,294,0,459.241867065
4,"map(alloc: a)",16,64,104,0,0,3140,0,2942.156791687
4,"map(alloc: a)",16,64,104,0,0,4,0,201.499462128
4,"map(alloc: a)",16,64,104,0,0,1955,0,1907.849311829
4,"map(alloc: a)",16,64,104,0,0,183,0,361.847877502
4,"map(alloc: a)",16,64,104,0,0,8096,0,7314.598560333
4,"map(alloc: a)",16,64,104,0,0,758,0,862.801074982
4,"map(alloc: a)",16,64,104,0,0,71,0,265.157222748
4,"map(alloc: a)",16,64,104,0,0,2,0,198.650360107
4,"map(alloc: a)",16,64,104,0,0,11,0,211.644172668
4,"map(alloc: a)",16,64,104,0,0,28,0,226.306915283
4,"map(alloc: a)",16,64,104,0,0,5042,0,4631.853103638
4,"map(alloc: a)",16,64,104,0,0,1218,0,1249.349117279
4,"map(alloc: a)",16,64,104,0,0,472,0,615.251064301
4,"map(alloc: a)",16,64,104,0,1,4,0,201.201438904
4,"map(alloc: a)",16,64,104,0,1,1,0,198.495388031
4,"map(alloc: a)",16,64,104,0,1,17,0,218.343734741
4,"map(alloc: a)",16,64,104,0,1,28,0,226.700305939
4,"map(alloc: a)",16,64,104,0,1,11,0,211.548805237
4,"map(alloc: a)",16,64,104,0,1,3140,0,2942.049503326
4,"map(alloc: a)",16,64,104,0,1,2,0,199.639797211
4,"map(alloc: a)",16,64,104,0,1,758,0,872.194766998
4,"map(alloc: a)",16,64,104,0,1,1218,0,1252.603530884
4,"map(alloc: a)",16,64,104,0,1,44,0,241.291522980
4,"map(alloc: a)",16,64,104,0,1,71,0,265.145301819
4,"map(alloc: a)",16,64,104,0,1,114,0,302.052497864
4,"map(alloc: a)",16,64,104,0,1,294,0,459.051132202
4,"map(alloc: a)",16,64,104,0,1,7,0,203.096866608
4,"map(alloc: a)",16,64,104,0,1,183,0,362.801551819
4,"map(alloc: a)",16,64,104,0,1,8096,0,7311.201095581
4,"map(alloc: a)",16,64,104,0,1,472,0,611.305236816
4,"map(alloc: a)",16,64,104,0,1,1955,0,1894.748210907
4,"map(alloc: a)",16,64,104,0,1,3,0,199.449062347
4,"map(alloc: a)",16,64,104,0,1,5042,0,4553.854465485
4,"map(alloc: a)",16,64,104,0,2,3,0,199.246406555
4,"map(alloc: a)",16,64,104,0,2,44,0,241.649150848
4,"map(alloc: a)",16,64,104,0,2,1,0,198.304653168
4,"map(alloc: a)",16,64,104,0,2,183,0,363.242626190
4,"map(alloc: a)",16,64,104,0,2,294,0,456.404685974
4,"map(alloc: a)",16,64,104,0,2,5042,0,4572.892189026
4,"map(alloc: a)",16,64,104,0,2,7,0,203.251838684
4,"map(alloc: a)",16,64,104,0,2,8096,0,7199.299335480
4,"map(alloc: a)",16,64,104,0,2,2,0,198.650360107
4,"map(alloc: a)",16,64,104,0,2,114,0,303.399562836
4,"map(alloc: a)",16,64,104,0,2,71,0,264.441967010
4,"map(alloc: a)",16,64,104,0,2,1955,0,1910.805702209
4,"map(alloc: a)",16,64,104,0,2,17,0,217.998027802
4,"map(alloc: a)",16,64,104,0,2,472,0,612.950325012
4,"map(alloc: a)",16,64,104,0,2,11,0,211.346149445
4,"map(alloc: a)",16,64,104,0,2,1218,0,1257.753372192
4,"map(alloc: a)",16,64,104,0,2,4,0,201.201438904
4,"map(alloc: a)",16,64,104,0,2,3140,0,2932.906150818
4,"map(alloc: a)",16,64,104,0,2,758,0,857.651233673
4,"map(alloc: a)",16,64,104,0,2,28,0,227.296352386
4,"map(alloc: a)",16,64,104,0,3,11,0,211.453437805
4,"map(alloc: a)",16,64,104,0,3,4,0,201.296806335
4,"map(alloc: a)",16,64,104,0,3,5042,0,4606.997966766
4,"map(alloc: a)",16,64,104,0,3,183,0,362.789630890
4,"map(alloc: a)",16,64,104,0,3,17,0,218.045711517
4,"map(alloc: a)",16,64,104,0,3,3,0,199.556350708
4,"map(alloc: a)",16,64,104,0,3,28,0,226.795673370
4,"map(alloc: a)",16,64,104,0,3,1218,0,1271.605491638
4,"map(alloc: a)",16,64,104,0,3,114,0,302.243232727
4,"map(alloc: a)",16,64,104,0,3,758,0,863.349437714
4,"map(alloc: a)",16,64,104,0,3,1955,0,1898.550987244
4,"map(alloc: a)",16,64,104,0,3,472,0,612.950325012
4,"map(alloc: a)",16,64,104,0,3,7,0,203.156471252
4,"map(alloc: a)",16,64,104,0,3,44,0,241.649150848
4,"map(alloc: a)",16,64,104,0,3,3140,0,2921.795845032
4,"map(alloc: a)",16,64,104,0,3,8096,0,7355.451583862
4,"map(alloc: a)",16,64,104,0,3,71,0,265.550613403
4,"map(alloc: a)",16,64,104,0,3,1,0,198.590755463
4,"map(alloc: a)",16,64,104,0,3,2,0,198.554992676
4,"map(alloc: a)",16,64,104,0,3,294,0,455.999374390
4,"map(alloc: a)",16,64,104,0,4,3,0,199.544429779
4,"map(alloc: a)",16,64,104,0,4,8096,0,7266.402244568
4,"map(alloc: a)",16,64,104,0,4,1,0,198.805332184
4,"map(alloc: a)",16,64,104,0,4,28,0,227.046012878
4,"map(alloc: a)",16,64,104,0,4,17,0,218.188762665
4,"map(alloc: a)",16,64,104,0,4,5042,0,4570.996761322
4,"map(alloc: a)",16,64,104,0,4,7,0,203.704833984
4,"map(alloc: a)",16,64,104,0,4,114,0,302.898883820
4,"map(alloc: a)",16,64,104,0,4,44,0,242.054462433
4,"map(alloc: a)",16,64,104,0,4,2,0,198.650360107
4,"map(alloc: a)",16,64,104,0,4,294,0,458.300113678
4,"map(alloc: a)",16,64,104,0,4,758,0,867.891311646
4,"map(alloc: a)",16,64,104,0,4,183,0,361.895561218
4,"map(alloc: a)",16,64,104,0,4,4,0,201.141834259
4,"map(alloc: a)",16,64,104,0,4,1218,0,1260.757446289
4,"map(alloc: a)",16,64,104,0,4,71,0,265.395641327
4,"map(alloc: a)",16,64,104,0,4,1955,0,1904.153823853
4,"map(alloc: a)",16,64,104,0,4,11,0,212.657451630
4,"map(alloc: a)",16,64,104,0,4,472,0,610.494613647
4,"map(alloc: a)",16,64,104,0,4,3140,0,2940.404415131
4,"map(alloc: a)",16,64,104,1,0,2,0,199.556350708
4,"map(alloc: a)",16,64,104,1,0,4,0,201.249122620
4,"map(alloc: a)",16,64,104,1,0,472,0,612.139701843
4,"map(alloc: a)",16,64,104,1,0,3140,0,2913.856506348
4,"map(alloc: a)",16,64,104,1,0,183,0,362.908840179
4,"map(alloc: a)",16,64,104,1,0,28,0,226.843357086
4,"map(alloc: a)",16,64,104,1,0,71,0,264.251232147
4,"map(alloc: a)",16,64,104,1,0,1218,0,1268.947124481
4,"map(alloc: a)",16,64,104,1,0,294,0,456.953048706
4,"map(alloc: a)",16,64,104,1,0,1,0,198.590755463
4,"map(alloc: a)",16,64,104,1,0,7,0,202.941894531
4,"map(alloc: a)",16,64,104,1,0,1955,0,1896.750926971
4,"map(alloc: a)",16,64,104,1,0,758,0,860.357284546
4,"map(alloc: a)",16,64,104,1,0,114,0,302.851200104
4,"map(alloc: a)",16,64,104,1,0,11,0,211.155414581
4,"map(alloc: a)",16,64,104,1,0,3,0,199.353694916
4,"map(alloc: a)",16,64,104,1,0,8096,0,7237.052917480
4,"map(alloc: a)",16,64,104,1,0,44,0,242.602825165
4,"map(alloc: a)",16,64,104,1,0,17,0,217.902660370
4,"map(alloc: a)",16,64,104,1,0,5042,0,4566.049575806
4,"map(alloc: a)",16,64,104,1,1,758,0,859.153270721
4,"map(alloc: a)",16,64,104,1,1,3,0,199.103355408
4,"map(alloc: a)",16,64,104,1,1,3140,0,2911.651134491
4,"map(alloc: a)",16,64,104,1,1,1955,0,1919.150352478
4,"map(alloc: a)",16,64,104,1,1,44,0,241.446495056
4,"map(alloc: a)",16,64,104,1,1,17,0,217.902660370
4,"map(alloc: a)",16,64,104,1,1,294,0,458.347797394
4,"map(alloc: a)",16,64,104,1,1,28,0,226.545333862
4,"map(alloc: a)",16,64,104,1,1,114,0,302.052497864
4,"map(alloc: a)",16,64,104,1,1,2,0,198.554992676
4,"map(alloc: a)",16,64,104,1,1,7,0,202.798843384
4,"map(alloc: a)",16,64,104,1,1,183,0,364.255905151
4,"map(alloc: a)",16,64,104,1,1,8096,0,7222.247123718
4,"map(alloc: a)",16,64,104,1,1,11,0,211.906433105
4,"map(alloc: a)",16,64,104,1,1,1,0,198.602676392
4,"map(alloc: a)",16,64,104,1,1,1218,0,1252.400875092
4,"map(alloc: a)",16,64,104,1,1,472,0,614.202022552
4,"map(alloc: a)",16,64,104,1,1,71,0,265.645980835
4,"map(alloc: a)",16,64,104,1,1,5042,0,4576.146602631
4,"map(alloc: a)",16,64,104,1,1,4,0,201.642513275
4,"map(alloc: a)",16,64,104,1,2,2,0,198.495388031
4,"map(alloc: a)",16,64,104,1,2,71,0,264.704227448
4,"map(alloc: a)",16,64,104,1,2,17,0,218.307971954
4,"map(alloc: a)",16,64,104,1,2,472,0,608.158111572
4,"map(alloc: a)",16,64,104,1,2,5042,0,4607.796669006
4,"map(alloc: a)",16,64,104,1,2,28,0,227.403640747
4,"map(alloc: a)",16,64,104,1,2,44,0,241.541862488
4,"map(alloc: a)",16,64,104,1,2,1218,0,1266.348361969
4,"map(alloc: a)",16,64,104,1,2,4,0,201.249122620
4,"map(alloc: a)",16,64,104,1,2,1955,0,1903.998851776
4,"map(alloc: a)",16,64,104,1,2,183,0,363.397598267
4,"map(alloc: a)",16,64,104,1,2,7,0,202.953815460
4,"map(alloc: a)",16,64,104,1,2,758,0,865.602493286
4,"map(alloc: a)",16,64,104,1,2,1,0,198.650360107
4,"map(alloc: a)",16,64,104,1,2,3140,0,2912.700176239
4,"map(alloc: a)",16,64,104,1,2,8096,0,7336.401939392
4,"map(alloc: a)",16,64,104,1,2,3,0,200.343132019
4,"map(alloc: a)",16,64,104,1,2,114,0,302.195549011
4,"map(alloc: a)",16,64,104,1,2,11,0,211.548805237
4,"map(alloc: a)",16,64,104,1,2,294,0,460.159778595
4,"map(alloc: a)",16,64,104,1,3,1,0,198.590755463
4,"map(alloc: a)",16,64,104,1,3,17,0,218.200683594
4,"map(alloc: a)",16,64,104,1,3,294,0,456.345081329
4,"map(alloc: a)",16,64,104,1,3,5042,0,4613.161087036
4,"map(alloc: a)",16,64,104,1,3,114,0,303.304195404
4,"map(alloc: a)",16,64,104,1,3,28,0,227.010250092
4,"map(alloc: a)",16,64,104,1,3,1218,0,1263.856887817
4,"map(alloc: a)",16,64,104,1,3,2,0,198.698043823
4,"map(alloc: a)",16,64,104,1,3,3,0,199.508666992
4,"map(alloc: a)",16,64,104,1,3,4,0,201.296806335
4,"map(alloc: a)",16,64,104,1,3,758,0,855.696201324
4,"map(alloc: a)",16,64,104,1,3,11,0,211.453437805
4,"map(alloc: a)",16,64,104,1,3,44,0,241.458415985
4,"map(alloc: a)",16,64,104,1,3,472,0,614.452362061
4,"map(alloc: a)",16,64,104,1,3,7,0,203.251838684
4,"map(alloc: a)",16,64,104,1,3,1955,0,1896.452903748
4,"map(alloc: a)",16,64,104,1,3,71,0,265.347957611
4,"map(alloc: a)",16,64,104,1,3,183,0,362.741947174
4,"map(alloc: a)",16,64,104,1,3,8096,0,7219.755649567
4,"map(alloc: a)",16,64,104,1,3,3140,0,2964.842319489
4,"map(alloc: a)",16,64,104,1,4,472,0,612.604618073
4,"map(alloc: a)",16,64,104,1,4,71,0,264.954566956
4,"map(alloc: a)",16,64,104,1,4,1,0,198.495388031
4,"map(alloc: a)",16,64,104,1,4,11,0,211.548805237
4,"map(alloc: a)",16,64,104,1,4,4,0,201.106071472
4,"map(alloc: a)",16,64,104,1,4,3140,0,2922.499179840
4,"map(alloc: a)",16,64,104,1,4,28,0,227.904319763
4,"map(alloc: a)",16,64,104,1,4,1218,0,1270.151138306
4,"map(alloc: a)",16,64,104,1,4,2,0,198.602676392
4,"map(alloc: a)",16,64,104,1,4,183,0,361.597537994
4,"map(alloc: a)",16,64,104,1,4,5042,0,4598.855972290
4,"map(alloc: a)",16,64,104,1,4,114,0,302.648544312
4,"map(alloc: a)",16,64,104,1,4,3,0,199.592113495
4,"map(alloc: a)",16,64,104,1,4,44,0,241.994857788
4,"map(alloc: a)",16,64,104,1,4,758,0,858.652591705
4,"map(alloc: a)",16,64,104,1,4,8096,0,7297.050952911
4,"map(alloc: a)",16,64,104,1,4,1955,0,1897.799968719
4,"map(alloc: a)",16,64,104,1,4,294,0,458.502769470
4,"map(alloc: a)",16,64,104,1,4,7,0,202.858448029
4,"map(alloc: a)",16,64,104,1,4,17,0,218.057632446
4,"map(alloc: a)",64,64,104,0,0,7,0,202.941894531
4,"map(alloc: a)",64,64,104,0,0,114,0,303.590297699
4,"map(alloc: a)",64,64,104,0,0,3,0,199.604034424
4,"map(alloc: a)",64,64,104,0,0,17,0,218.200683594
4,"map(alloc: a)",64,64,104,0,0,1,0,198.554992676
4,"map(alloc: a)",64,64,104,0,0,44,0,241.506099701
4,"map(alloc: a)",64,64,104,0,0,294,0,459.301471710
4,"map(alloc: a)",64,64,104,0,0,3140,0,2927.696704865
4,"map(alloc: a)",64,64,104,0,0,4,0,201.797485352
4,"map(alloc: a)",64,64,104,0,0,1955,0,1914.548873901
4,"map(alloc: a)",64,64,104,0,0,183,0,362.598896027
4,"map(alloc: a)",64,64,104,0,0,8096,0,7282.042503357
4,"map(alloc: a)",64,64,104,0,0,758,0,855.088233948
4,"map(alloc: a)",64,64,104,0,0,71,0,264.990329742
4,"map(alloc: a)",64,64,104,0,0,2,0,198.507308960
4,"map(alloc: a)",64,64,104,0,0,11,0,211.405754089
4,"map(alloc: a)",64,64,104,0,0,28,0,226.807594299
4,"map(alloc: a)",64,64,104,0,0,5042,0,4600.405693054
4,"map(alloc: a)",64,64,104,0,0,1218,0,1249.253749847
4,"map(alloc: a)",64,64,104,0,0,472,0,616.753101349
4,"map(alloc: a)",64,64,104,0,1,4,0,201.499462128
4,"map(alloc: a)",64,64,104,0,1,1,0,198.650360107
4,"map(alloc: a)",64,64,104,0,1,17,0,218.343734741
4,"map(alloc: a)",64,64,104,0,1,28,0,227.499008179
4,"map(alloc: a)",64,64,104,0,1,11,0,211.393833160
4,"map(alloc: a)",64,64,104,0,1,3140,0,2942.252159119
4,"map(alloc: a)",64,64,104,0,1,2,0,199.496746063
4,"map(alloc: a)",64,64,104,0,1,758,0,866.854190826
4,"map(alloc: a)",64,64,104,0,1,1218,0,1261.353492737
4,"map(alloc: a)",64,64,104,0,1,44,0,241.601467133
4,"map(alloc: a)",64,64,104,0,1,71,0,265.347957611
4,"map(alloc: a)",64,64,104,0,1,114,0,301.599502563
4,"map(alloc: a)",64,64,104,0,1,294,0,457.000732422
4,"map(alloc: a)",64,64,104,0,1,7,0,203.204154968
4,"map(alloc: a)",64,64,104,0,1,183,0,360.846519470
4,"map(alloc: a)",64,64,104,0,1,8096,0,7286.655902863
4,"map(alloc: a)",64,64,104,0,1,472,0,611.793994904
4,"map(alloc: a)",64,64,104,0,1,1955,0,1902.747154236
4,"map(alloc: a)",64,64,104,0,1,3,0,199.246406555
4,"map(alloc: a)",64,64,104,0,1,5042,0,4548.847675323
4,"map(alloc: a)",64,64,104,0,2,3,0,199.902057648
4,"map(alloc: a)",64,64,104,0,2,44,0,241.744518280
4,"map(alloc: a)",64,64,104,0,2,1,0,198.745727539
4,"map(alloc: a)",64,64,104,0,2,183,0,364.840030670
4,"map(alloc: a)",64,64,104,0,2,294,0,457.155704498
4,"map(alloc: a)",64,64,104,0,2,5042,0,4586.696624756
4,"map(alloc: a)",64,64,104,0,2,7,0,203.549861908
4,"map(alloc: a)",64,64,104,0,2,8096,0,7214.045524597
4,"map(alloc: a)",64,64,104,0,2,2,0,198.543071747
4,"map(alloc: a)",64,64,104,0,2,114,0,303.053855896
4,"map(alloc: a)",64,64,104,0,2,71,0,265.145301819
4,"map(alloc: a)",64,64,104,0,2,1955,0,1915.359497070
4,"map(alloc: a)",64,64,104,0,2,17,0,217.854976654
4,"map(alloc: a)",64,64,104,0,2,472,0,611.400604248
4,"map(alloc: a)",64,64,104,0,2,11,0,211.250782013
4,"map(alloc: a)",64,64,104,0,2,1218,0,1253.104209900
4,"map(alloc: a)",64,64,104,0,2,4,0,201.344490051
4,"map(alloc: a)",64,64,104,0,2,3140,0,2949.798107147
4,"map(alloc: a)",64,64,104,0,2,758,0,859.045982361
4,"map(alloc: a)",64,64,104,0,2,28,0,226.902961731
4,"map(alloc: a)",64,64,104,0,3,11,0,211.441516876
4,"map(alloc: a)",64,64,104,0,3,4,0,201.106071472
4,"map(alloc: a)",64,64,104,0,3,5042,0,4636.597633362
4,"map(alloc: a)",64,64,104,0,3,183,0,362.598896027
4,"map(alloc: a)",64,64,104,0,3,17,0,218.057632446
4,"map(alloc: a)",64,64,104,0,3,3,0,199.353694916
4,"map(alloc: a)",64,64,104,0,3,28,0,226.747989655
4,"map(alloc: a)",64,64,104,0,3,1218,0,1268.303394318
4,"map(alloc: a)",64,64,104,0,3,114,0,301.992893219
4,"map(alloc: a)",64,64,104,0,3,758,0,861.203670502
4,"map(alloc: a)",64,64,104,0,3,1955,0,1907.706260681
4,"map(alloc: a)",64,64,104,0,3,472,0,613.248348236
4,"map(alloc: a)",64,64,104,0,3,7,0,204.145908356
4,"map(alloc: a)",64,64,104,0,3,44,0,241.541862488
4,"map(alloc: a)",64,64,104,0,3,3140,0,2920.758724213
4,"map(alloc: a)",64,64,104,0,3,8096,0,7309.854030609
4,"map(alloc: a)",64,64,104,0,3,71,0,265.192985535
4,"map(alloc: a)",64,64,104,0,3,1,0,198.554992676
4,"map(alloc: a)",64,64,104,0,3,2,0,198.745727539
4,"map(alloc: a)",64,64,104,0,3,294,0,458.753108978
4,"map(alloc: a)",64,64,104,0,4,3,0,199.496746063
4,"map(alloc: a)",64,64,104,0,4,8096,0,7247.650623322
4,"map(alloc: a)",64,64,104,0,4,1,0,199.306011200
4,"map(alloc: a)",64,64,104,0,4,28,0,227.200984955
4,"map(alloc: a)",64,64,104,0,4,17,0,218.152999878
4,"map(alloc: a)",64,64,104,0,4,5042,0,4604.995250702
4,"map(alloc: a)",64,64,104,0,4,7,0,204.396247864
4,"map(alloc: a)",64,64,104,0,4,114,0,302.398204803
4,"map(alloc: a)",64,64,104,0,4,44,0,241.553783417
4,"map(alloc: a)",64,64,104,0,4,2,0,198.543071747
4,"map(alloc: a)",64,64,104,0,4,294,0,457.489490509
4,"map(alloc: a)",64,64,104,0,4,758,0,870.954990387
4,"map(alloc: a)",64,64,104,0,4,183,0,362.646579742
4,"map(alloc: a)",64,64,104,0,4,4,0,201.404094696
4,"map(alloc: a)",64,64,104,0,4,1218,0,1265.752315521
4,"map(alloc: a)",64,64,104,0,4,71,0,264.346599579
4,"map(alloc: a)",64,64,104,0,4,1955,0,1902.544498444
4,"map(alloc: a)",64,64,104,0,4,11,0,212.252140045
4,"map(alloc: a)",64,64,104,0,4,472,0,611.603260040
4,"map(alloc: a)",64,64,104,0,4,3140,0,2963.805198669
4,"map(alloc: a)",64,64,104,1,0,2,0,199.449062347
4,"map(alloc: a)",64,64,104,1,0,4,0,201.249122620
4,"map(alloc: a)",64,64,104,1,0,472,0,612.950325012
4,"map(alloc: a)",64,64,104,1,0,3140,0,2931.702136993
4,"map(alloc: a)",64,64,104,1,0,183,0,363.647937775
4,"map(alloc: a)",64,64,104,1,0,28,0,227.200984955
4,"map(alloc: a)",64,64,104,1,0,71,0,265.252590179
4,"map(alloc: a)",64,64,104,1,0,1218,0,1270.699501038
4,"map(alloc: a)",64,64,104,1,0,294,0,458.049774170
4,"map(alloc: a)",64,64,104,1,0,1,0,198.650360107
4,"map(alloc: a)",64,64,104,1,0,7,0,203.049182892
4,"map(alloc: a)",64,64,104,1,0,1955,0,1900.792121887
4,"map(alloc: a)",64,64,104,1,0,758,0,863.409042358
4,"map(alloc: a)",64,64,104,1,0,114,0,303.196907043
4,"map(alloc: a)",64,64,104,1,0,11,0,211.548805237
4,"map(alloc: a)",64,64,104,1,0,3,0,199.294090271
4,"map(alloc: a)",64,64,104,1,0,8096,0,7218.253612518
4,"map(alloc: a)",64,64,104,1,0,44,0,242.149829865
4,"map(alloc: a)",64,64,104,1,0,17,0,218.105316162
4,"map(alloc: a)",64,64,104,1,0,5042,0,4557.895660400
4,"map(alloc: a)",64,64,104,1,1,758,0,862.598419189
4,"map(alloc: a)",64,64,104,1,1,3,0,199.544429779
4,"map(alloc: a)",64,64,104,1,1,3140,0,2911.400794983
4,"map(alloc: a)",64,64,104,1,1,1955,0,1914.346218109
4,"map(alloc: a)",64,64,104,1,1,44,0,241.494178772
4,"map(alloc: a)",64,64,104,1,1,17,0,218.343734741
4,"map(alloc: a)",64,64,104,1,1,294,0,461.411476135
4,"map(alloc: a)",64,64,104,1,1,28,0,226.998329163
4,"map(alloc: a)",64,64,104,1,1,114,0,301.849842072
4,"map(alloc: a)",64,64,104,1,1,2,0,198.304653168
4,"map(alloc: a)",64,64,104,1,1,7,0,203.001499176
4,"map(alloc: a)",64,64,104,1,1,183,0,363.349914551
4,"map(alloc: a)",64,64,104,1,1,8096,0,7238.554954529
4,"map(alloc: a)",64,64,104,1,1,11,0,212.097167969
4,"map(alloc: a)",64,64,104,1,1,1,0,198.400020599
4,"map(alloc: a)",64,64,104,1,1,1218,0,1255.142688751
4,"map(alloc: a)",64,64,104,1,1,472,0,612.103939056
4,"map(alloc: a)",64,64,104,1,1,71,0,265.157222748
4,"map(alloc: a)",64,64,104,1,1,5042,0,4551.196098328
4,"map(alloc: a)",64,64,104,1,1,4,0,202.047824860
4,"map(alloc: a)",64,64,104,1,2,2,0,198.650360107
4,"map(alloc: a)",64,64,104,1,2,71,0,264.942646027
4,"map(alloc: a)",64,64,104,1,2,17,0,218.045711517
4,"map(alloc: a)",64,64,104,1,2,472,0,611.007213593
4,"map(alloc: a)",64,64,104,1,2,5042,0,4594.302177429
4,"map(alloc: a)",64,64,104,1,2,28,0,227.093696594
4,"map(alloc: a)",64,64,104,1,2,44,0,241.351127625
4,"map(alloc: a)",64,64,104,1,2,1218,0,1273.894309998
4,"map(alloc: a)",64,64,104,1,2,4,0,201.296806335
4,"map(alloc: a)",64,64,104,1,2,1955,0,1902.353763580
4,"map(alloc: a)",64,64,104,1,2,183,0,363.445281982
4,"map(alloc: a)",64,64,104,1,2,7,0,203.156471252
4,"map(alloc: a)",64,64,104,1,2,758,0,863.850116730
4,"map(alloc: a)",64,64,104,1,2,1,0,198.900699615
4,"map(alloc: a)",64,64,104,1,2,3140,0,2924.346923828
4,"map(alloc: a)",64,64,104,1,2,8096,0,7310.938835144
4,"map(alloc: a)",64,64,104,1,2,3,0,199.401378632
4,"map(alloc: a)",64,64,104,1,2,114,0,301.849842072
4,"map(alloc: a)",64,64,104,1,2,11,0,211.846828461
4,"map(alloc: a)",64,64,104,1,2,294,0,455.796718597
4,"map(alloc: a)",64,64,104,1,3,1,0,198.698043823
4,"map(alloc: a)",64,64,104,1,3,17,0,218.248367310
4,"map(alloc: a)",64,64,104,1,3,294,0,457.990169525
4,"map(alloc: a)",64,64,104,1,3,5042,0,4622.900485992
4,"map(alloc: a)",64,64,104,1,3,114,0,302.600860596
4,"map(alloc: a)",64,64,104,1,3,28,0,227.046012878
4,"map(alloc: a)",64,64,104,1,3,1218,0,1259.946823120
4,"map(alloc: a)",64,64,104,1,3,2,0,198.698043823
4,"map(alloc: a)",64,64,104,1,3,3,0,199.496746063
4,"map(alloc: a)",64,64,104,1,3,4,0,201.356410980
4,"map(alloc: a)",64,64,104,1,3,758,0,856.995582581
4,"map(alloc: a)",64,64,104,1,3,11,0,211.751461029
4,"map(alloc: a)",64,64,104,1,3,44,0,241.756439209
4,"map(alloc: a)",64,64,104,1,3,472,0,612.950325012
4,"map(alloc: a)",64,64,104,1,3,7,0,203.406810760
4,"map(alloc: a)",64,64,104,1,3,1955,0,1910.853385925
4,"map(alloc: a)",64,64,104,1,3,71,0,265.252590179
4,"map(alloc: a)",64,64,104,1,3,183,0,363.397598267
4,"map(alloc: a)",64,64,104,1,3,8096,0,7182.359695435
4,"map(alloc: a)",64,64,104,1,3,3140,0,2952.408790588
4,"map(alloc: a)",64,64,104,1,4,472,0,611.102581024
4,"map(alloc: a)",64,64,104,1,4,71,0,265.455245972
4,"map(alloc: a)",64,64,104,1,4,1,0,198.650360107
4,"map(alloc: a)",64,64,104,1,4,11,0,213.146209717
4,"map(alloc: a)",64,64,104,1,4,4,0,201.308727264
4,"map(alloc: a)",64,64,104,1,4,3140,0,2940.094470978
4,"map(alloc: a)",64,64,104,1,4,28,0,227.355957031
4,"map(alloc: a)",64,64,104,1,4,1218,0,1274.847984314
4,"map(alloc: a)",64,64,104,1,4,2,0,198.709964752
4,"map(alloc: a)",64,64,104,1,4,183,0,363.349914551
4,"map(alloc: a)",64,64,104,1,4,5042,0,4617.345333099
4,"map(alloc: a)",64,64,104,1,4,114,0,303.399562836
4,"map(alloc: a)",64,64,104,1,4,3,0,199.449062347
4,"map(alloc: a)",64,64,104,1,4,44,0,241.756439209
4,"map(alloc: a)",64,64,104,1,4,758,0,859.105587006
4,"map(alloc: a)",64,64,104,1,4,8096,0,7320.141792297
4,"map(alloc: a)",64,64,104,1,4,1955,0,1894.652843475
4,"map(alloc: a)",64,64,104,1,4,294,0,459.098815918
4,"map(alloc: a)",64,64,104,1,4,7,0,202.798843384
4,"map(alloc: a)",64,64,104,1,4,17,0,218.391418457
4,"map(alloc: a)",256,64,104,0,0,7,0,203.096866608
4,"map(alloc: a)",256,64,104,0,0,114,0,302.648544312
4,"map(alloc: a)",256,64,104,0,0,3,0,199.854373932
4,"map(alloc: a)",256,64,104,0,0,17,0,218.152999878
4,"map(alloc: a)",256,64,104,0,0,1,0,198.900699615
4,"map(alloc: a)",256,64,104,0,0,44,0,241.792201996
4,"map(alloc: a)",256,64,104,0,0,294,0,457.894802094
4,"map(alloc: a)",256,64,104,0,0,3140,0,2921.795845032
4,"map(alloc: a)",256,64,104,0,0,4,0,202.202796936
4,"map(alloc: a)",256,64,104,0,0,1955,0,1896.798610687
4,"map(alloc: a)",256,64,104,0,0,183,0,361.609458923
4,"map(alloc: a)",256,64,104,0,0,8096,0,7324.600219727
4,"map(alloc: a)",256,64,104,0,0,758,0,859.606266022
4,"map(alloc: a)",256,64,104,0,0,71,0,264.692306519
4,"map(alloc: a)",256,64,104,0,0,2,0,198.602676392
4,"map(alloc: a)",256,64,104,0,0,11,0,211.358070374
4,"map(alloc: a)",256,64,104,0,0,28,0,226.652622223
4,"map(alloc: a)",256,64,104,0,0,5042,0,4639.101028442
4,"map(alloc: a)",256,64,104,0,0,1218,0,1255.154609680
4,"map(alloc: a)",256,64,104,0,0,472,0,616.204738617
4,"map(alloc: a)",256,64,104,0,1,4,0,201.249122620
4,"map(alloc: a)",256,64,104,0,1,1,0,198.793411255
4,"map(alloc: a)",256,64,104,0,1,17,0,217.902660370
4,"map(alloc: a)",256,64,104,0,1,28,0,226.902961731
4,"map(alloc: a)",256,64,104,0,1,11,0,211.596488953
4,"map(alloc: a)",256,64,104,0,1,3140,0,2951.455116272
4,"map(alloc: a)",256,64,104,0,1,2,0,198.900699615
4,"map(alloc: a)",256,64,104,0,1,758,0,863.444805145
4,"map(alloc: a)",256,64,104,0,1,1218,0,1249.051094055
4,"map(alloc: a)",256,64,104,0,1,44,0,241.899490356
4,"map(alloc: a)",256,64,104,0,1,71,0,265.550613403
4,"map(alloc: a)",256,64,104,0,1,114,0,302.457809448
4,"map(alloc: a)",256,64,104,0,1,294,0,458.550453186
4,"map(alloc: a)",256,64,104,0,1,7,0,204.348564148
4,"map(alloc: a)",256,64,104,0,1,183,0,360.751152039
4,"map(alloc: a)",256,64,104,0,1,8096,0,7315.945625305
4,"map(alloc: a)",256,64,104,0,1,472,0,613.057613373
4,"map(alloc: a)",256,64,104,0,1,1955,0,1904.153823853
4,"map(alloc: a)",256,64,104,0,1,3,0,199.651718140
4,"map(alloc: a)",256,64,104,0,1,5042,0,4592.752456665
4,"map(alloc: a)",256,64,104,0,2,3,0,200.045108795
4,"map(alloc: a)",256,64,104,0,2,44,0,242.054462433
4,"map(alloc: a)",256,64,104,0,2,1,0,198.745727539
4,"map(alloc: a)",256,64,104,0,2,183,0,363.993644714
4,"map(alloc: a)",256,64,104,0,2,294,0,459.408760071
4,"map(alloc: a)",256,64,104,0,2,5042,0,4595.744609833
4,"map(alloc: a)",256,64,104,0,2,7,0,204.503536224
4,"map(alloc: a)",256,64,104,0,2,8096,0,7162.499427795
4,"map(alloc: a)",256,64,104,0,2,2,0,199.449062347
4,"map(alloc: a)",256,64,104,0,2,114,0,303.602218628
4,"map(alloc: a)",256,64,104,0,2,71,0,264.644622803
4,"map(alloc: a)",256,64,104,0,2,1955,0,1905.953884125
4,"map(alloc: a)",256,64,104,0,2,17,0,218.152999878
4,"map(alloc: a)",256,64,104,0,2,472,0,613.093376160
4,"map(alloc: a)",256,64,104,0,2,11,0,211.548805237
4,"map(alloc: a)",256,64,104,0,2,1218,0,1251.745223999
4,"map(alloc: a)",256,64,104,0,2,4,0,201.451778412
4,"map(alloc: a)",256,64,104,0,2,3140,0,2934.551239014
4,"map(alloc: a)",256,64,104,0,2,758,0,859.689712524
4,"map(alloc: a)",256,64,104,0,2,28,0,227.248668671
4,"map(alloc: a)",256,64,104,0,3,11,0,211.405754089
4,"map(alloc: a)",256,64,104,0,3,4,0,200.903415680
4,"map(alloc: a)",256,64,104,0,3,5042,0,4611.003398895
4,"map(alloc: a)",256,64,104,0,3,183,0,362.098217010
4,"map(alloc: a)",256,64,104,0,3,17,0,217.998027802
4,"map(alloc: a)",256,64,104,0,3,3,0,199.306011200
4,"map(alloc: a)",256,64,104,0,3,28,0,227.105617523
4,"map(alloc: a)",256,64,104,0,3,1218,0,1268.899440765
4,"map(alloc: a)",256,64,104,0,3,114,0,301.849842072
4,"map(alloc: a)",256,64,104,0,3,758,0,858.950614929
4,"map(alloc: a)",256,64,104,0,3,1955,0,1900.649070740
4,"map(alloc: a)",256,64,104,0,3,472,0,611.102581024
4,"map(alloc: a)",256,64,104,0,3,7,0,203.192234039
4,"map(alloc: a)",256,64,104,0,3,44,0,241.851806641
4,"map(alloc: a)",256,64,104,0,3,3140,0,2926.194667816
4,"map(alloc: a)",256,64,104,0,3,8096,0,7309.544086456
4,"map(alloc: a)",256,64,104,0,3,71,0,265.109539032
4,"map(alloc: a)",256,64,104,0,3,1,0,198.853015900
4,"map(alloc: a)",256,64,104,0,3,2,0,198.757648468
4,"map(alloc: a)",256,64,104,0,3,294,0,457.549095154
4,"map(alloc: a)",256,64,104,0,4,3,0,199.651718140
4,"map(alloc: a)",256,64,104,0,4,8096,0,7307.755947113
4,"map(alloc: a)",256,64,104,0,4,1,0,199.151039124
4,"map(alloc: a)",256,64,104,0,4,28,0,227.153301239
4,"map(alloc: a)",256,64,104,0,4,17,0,217.807292938
4,"map(alloc: a)",256,64,104,0,4,5042,0,4585.254192352
4,"map(alloc: a)",256,64,104,0,4,7,0,204.646587372
4,"map(alloc: a)",256,64,104,0,4,114,0,302.302837372
4,"map(alloc: a)",256,64,104,0,4,44,0,241.804122925
4,"map(alloc: a)",256,64,104,0,4,2,0,198.698043823
4,"map(alloc: a)",256,64,104,0,4,294,0,457.453727722
4,"map(alloc: a)",256,64,104,0,4,758,0,866.496562958
4,"map(alloc: a)",256,64,104,0,4,183,0,360.691547394
4,"map(alloc: a)",256,64,104,0,4,4,0,201.153755188
4,"map(alloc: a)",256,64,104,0,4,1218,0,1262.354850769
4,"map(alloc: a)",256,64,104,0,4,71,0,265.192985535
4,"map(alloc: a)",256,64,104,0,4,1955,0,1895.892620087
4,"map(alloc: a)",256,64,104,0,4,11,0,212.752819061
4,"map(alloc: a)",256,64,104,0,4,472,0,610.005855560
4,"map(alloc: a)",256,64,104,0,4,3140,0,2971.053123474
4,"map(alloc: a)",256,64,104,1,0,2,0,199.353694916
4,"map(alloc: a)",256,64,104,1,0,4,0,201.451778412
4,"map(alloc: a)",256,64,104,1,0,472,0,613.248348236
4,"map(alloc: a)",256,64,104,1,0,3140,0,2926.754951477
4,"map(alloc: a)",256,64,104,1,0,183,0,363.004207611
4,"map(alloc: a)",256,64,104,1,0,28,0,226.700305939
4,"map(alloc: a)",256,64,104,1,0,71,0,264.894962311
4,"map(alloc: a)",256,64,104,1,0,1218,0,1275.002956390
4,"map(alloc: a)",256,64,104,1,0,294,0,459.146499634
4,"map(alloc: a)",256,64,104,1,0,1,0,198.698043823
4,"map(alloc: a)",256,64,104,1,0,7,0,203.251838684
4,"map(alloc: a)",256,64,104,1,0,1955,0,1882.851123810
4,"map(alloc: a)",256,64,104,1,0,758,0,860.297679901
4,"map(alloc: a)",256,64,104,1,0,114,0,303.101539612
4,"map(alloc: a)",256,64,104,1,0,11,0,211.548805237
4,"map(alloc: a)",256,64,104,1,0,3,0,199.699401855
4,"map(alloc: a)",256,64,104,1,0,8096,0,7203.245162964
4,"map(alloc: a)",256,64,104,1,0,44,0,242.495536804
4,"map(alloc: a)",256,64,104,1,0,17,0,218.248367310
4,"map(alloc: a)",256,64,104,1,0,5042,0,4583.597183228
4,"map(alloc: a)",256,64,104,1,1,758,0,865.101814270
4,"map(alloc: a)",256,64,104,1,1,3,0,199.556350708
4,"map(alloc: a)",256,64,104,1,1,3140,0,2930.200099945
4,"map(alloc: a)",256,64,104,1,1,1955,0,1919.949054718
4,"map(alloc: a)",256,64,104,1,1,44,0,241.649150848
4,"map(alloc: a)",256,64,104,1,1,17,0,217.854976654
4,"map(alloc: a)",256,64,104,1,1,294,0,459.146499634
4,"map(alloc: a)",256,64,104,1,1,28,0,227.200984955
4,"map(alloc: a)",256,64,104,1,1,114,0,302.803516388
4,"map(alloc: a)",256,64,104,1,1,2,0,198.745727539
4,"map(alloc: a)",256,64,104,1,1,7,0,203.108787537
4,"map(alloc: a)",256,64,104,1,1,183,0,362.348556519
4,"map(alloc: a)",256,64,104,1,1,8096,0,7218.050956726
4,"map(alloc: a)",256,64,104,1,1,11,0,212.693214417
4,"map(alloc: a)",256,64,104,1,1,1,0,198.745727539
4,"map(alloc: a)",256,64,104,1,1,1218,0,1253.306865692
4,"map(alloc: a)",256,64,104,1,1,472,0,613.248348236
4,"map(alloc: a)",256,64,104,1,1,71,0,265.502929688
4,"map(alloc: a)",256,64,104,1,1,5042,0,4547.643661499
4,"map(alloc: a)",256,64,104,1,1,4,0,201.249122620
4,"map(alloc: a)",256,64,104,1,2,2,0,198.745727539
4,"map(alloc: a)",256,64,104,1,2,71,0,265.252590179
4,"map(alloc: a)",256,64,104,1,2,17,0,218.248367310
4,"map(alloc: a)",256,64,104,1,2,472,0,612.604618073
4,"map(alloc: a)",256,64,104,1,2,5042,0,4596.209526062
4,"map(alloc: a)",256,64,104,1,2,28,0,227.999687195
4,"map(alloc: a)",256,64,104,1,2,44,0,241.243839264
4,"map(alloc: a)",256,64,104,1,2,1218,0,1268.088817596
4,"map(alloc: a)",256,64,104,1,2,4,0,201.451778412
4,"map(alloc: a)",256,64,104,1,2,1955,0,1914.501190186
4,"map(alloc: a)",256,64,104,1,2,183,0,362.908840179
4,"map(alloc: a)",256,64,104,1,2,7,0,202.798843384
4,"map(alloc: a)",256,64,104,1,2,758,0,859.308242798
4,"map(alloc: a)",256,64,104,1,2,1,0,198.400020599
4,"map(alloc: a)",256,64,104,1,2,3140,0,2910.804748535
4,"map(alloc: a)",256,64,104,1,2,8096,0,7326.102256775
4,"map(alloc: a)",256,64,104,1,2,3,0,199.699401855
4,"map(alloc: a)",256,64,104,1,2,114,0,302.493572235
4,"map(alloc: a)",256,64,104,1,2,11,0,211.310386658
4,"map(alloc: a)",256,64,104,1,2,294,0,457.048416138
4,"map(alloc: a)",256,64,104,1,3,1,0,198.554992676
4,"map(alloc: a)",256,64,104,1,3,17,0,218.200683594
4,"map(alloc: a)",256,64,104,1,3,294,0,457.048416138
4,"map(alloc: a)",256,64,104,1,3,5042,0,4651.999473572
4,"map(alloc: a)",256,64,104,1,3,114,0,302.803516388
4,"map(alloc: a)",256,64,104,1,3,28,0,226.700305939
4,"map(alloc: a)",256,64,104,1,3,1218,0,1263.940334320
4,"map(alloc: a)",256,64,104,1,3,2,0,199.699401855
4,"map(alloc: a)",256,64,104,1,3,3,0,199.544429779
4,"map(alloc: a)",256,64,104,1,3,4,0,201.439857483
4,"map(alloc: a)",256,64,104,1,3,758,0,858.891010284
4,"map(alloc: a)",256,64,104,1,3,11,0,211.453437805
4,"map(alloc: a)",256,64,104,1,3,44,0,241.208076477
4,"map(alloc: a)",256,64,104,1,3,472,0,611.555576324
4,"map(alloc: a)",256,64,104,1,3,7,0,203.800201416
4,"map(alloc: a)",256,64,104,1,3,1955,0,1883.149147034
4,"map(alloc: a)",256,64,104,1,3,71,0,266.242027283
4,"map(alloc: a)",256,64,104,1,3,183,0,363.147258759
4,"map(alloc: a)",256,64,104,1,3,8096,0,7224.357128143
4,"map(alloc: a)",256,64,104,1,3,3140,0,2957.701683044
4,"map(alloc: a)",256,64,104,1,4,472,0,610.041618347
4,"map(alloc: a)",256,64,104,1,4,71,0,265.347957611
4,"map(alloc: a)",256,64,104,1,4,1,0,198.650360107
4,"map(alloc: a)",256,64,104,1,4,11,0,211.608409882
4,"map(alloc: a)",256,64,104,1,4,4,0,201.547145844
4,"map(alloc: a)",256,64,104,1,4,3140,0,2938.294410706
4,"map(alloc: a)",256,64,104,1,4,28,0,227.403640747
4,"map(alloc: a)",256,64,104,1,4,1218,0,1272.141933441
4,"map(alloc: a)",256,64,104,1,4,2,0,198.590755463
4,"map(alloc: a)",256,64,104,1,4,183,0,362.098217010
4,"map(alloc: a)",256,64,104,1,4,5042,0,4621.744155884
4,"map(alloc: a)",256,64,104,1,4,114,0,303.959846497
4,"map(alloc: a)",256,64,104,1,4,3,0,199.353694916
4,"map(alloc: a)",256,64,104,1,4,44,0,241.947174072
4,"map(alloc: a)",256,64,104,1,4,758,0,855.052471161
4,"map(alloc: a)",256,64,104,1,4,8096,0,7284.450531006
4,"map(alloc: a)",256,64,104,1,4,1955,0,1887.547969818
4,"map(alloc: a)",256,64,104,1,4,294,0,459.754467010
4,"map(alloc: a)",256,64,104,1,4,7,0,203.895568848
4,"map(alloc: a)",256,64,104,1,4,17,0,218.403339386
4,"map(alloc: a)",1024,64,104,0,0,7,0,202.953815460
4,"map(alloc: a)",1024,64,104,0,0,114,0,302.851200104
4,"map(alloc: a)",1024,64,104,0,0,3,0,199.353694916
4,"map(alloc: a)",1024,64,104,0,0,17,0,217.854976654
4,"map(alloc: a)",1024,64,104,0,0,1,0,198.650360107
4,"map(alloc: a)",1024,64,104,0,0,44,0,241.708755493
4,"map(alloc: a)",1024,64,104,0,0,294,0,459.945201874
4,"map(alloc: a)",1024,64,104,0,0,3140,0,2920.258045197
4,"map(alloc: a)",1024,64,104,0,0,4,0,202.000141144
4,"map(alloc: a)",1024,64,104,0,0,1955,0,1907.408237457
4,"map(alloc: a)",1024,64,104,0,0,183,0,361.144542694
4,"map(alloc: a)",1024,64,104,0,0,8096,0,7361.948490143
4,"map(alloc: a)",1024,64,104,0,0,758,0,859.093666077
4,"map(alloc: a)",1024,64,104,0,0,71,0,265.550613403
4,"map(alloc: a)",1024,64,104,0,0,2,0,198.698043823
4,"map(alloc: a)",1024,64,104,0,0,11,0,211.548805237
4,"map(alloc: a)",1024,64,104,0,0,28,0,226.795673370
4,"map(alloc: a)",1024,64,104,0,0,5042,0,4599.893093109
4,"map(alloc: a)",1024,64,104,0,0,1218,0,1256.752014160
4,"map(alloc: a)",1024,64,104,0,0,472,0,617.098808289
4,"map(alloc: a)",1024,64,104,0,1,4,0,201.344490051
4,"map(alloc: a)",1024,64,104,0,1,1,0,198.650360107
4,"map(alloc: a)",1024,64,104,0,1,17,0,217.998027802
4,"map(alloc: a)",1024,64,104,0,1,28,0,227.153301239
4,"map(alloc: a)",1024,64,104,0,1,11,0,211.596488953
4,"map(alloc: a)",1024,64,104,0,1,3140,0,2927.100658417
4,"map(alloc: a)",1024,64,104,0,1,2,0,198.900699615
4,"map(alloc: a)",1024,64,104,0,1,758,0,868.153572083
4,"map(alloc: a)",1024,64,104,0,1,1218,0,1256.346702576
4,"map(alloc: a)",1024,64,104,0,1,44,0,241.446495056
4,"map(alloc: a)",1024,64,104,0,1,71,0,265.407562256
4,"map(alloc: a)",1024,64,104,0,1,114,0,302.100181580
4,"map(alloc: a)",1024,64,104,0,1,294,0,459.504127502
4,"map(alloc: a)",1024,64,104,0,1,7,0,203.001499176
4,"map(alloc: a)",1024,64,104,0,1,183,0,361.800193787
4,"map(alloc: a)",1024,64,104,0,1,8096,0,7296.252250671
4,"map(alloc: a)",1024,64,104,0,1,472,0,612.747669220
4,"map(alloc: a)",1024,64,104,0,1,1955,0,1902.401447296
4,"map(alloc: a)",1024,64,104,0,1,3,0,200.295448303
4,"map(alloc: a)",1024,64,104,0,1,5042,0,4568.397998810
4,"map(alloc: a)",1024,64,104,0,2,3,0,200.104713440
4,"map(alloc: a)",1024,64,104,0,2,44,0,241.947174072
4,"map(alloc: a)",1024,64,104,0,2,1,0,198.996067047
4,"map(alloc: a)",1024,64,104,0,2,183,0,362.861156464
4,"map(alloc: a)",1024,64,104,0,2,294,0,456.297397614
4,"map(alloc: a)",1024,64,104,0,2,5042,0,4592.549800873
4,"map(alloc: a)",1024,64,104,0,2,7,0,203.692913055
4,"map(alloc: a)",1024,64,104,0,2,8096,0,7229.399681091
4,"map(alloc: a)",1024,64,104,0,2,2,0,199.449062347
4,"map(alloc: a)",1024,64,104,0,2,114,0,303.041934967
4,"map(alloc: a)",1024,64,104,0,2,71,0,264.751911163
4,"map(alloc: a)",1024,64,104,0,2,1955,0,1917.743682861
4,"map(alloc: a)",1024,64,104,0,2,17,0,218.749046326
4,"map(alloc: a)",1024,64,104,0,2,472,0,613.701343536
4,"map(alloc: a)",1024,64,104,0,2,11,0,211.548805237
4,"map(alloc: a)",1024,64,104,0,2,1218,0,1263.046264648
4,"map(alloc: a)",1024,64,104,0,2,4,0,201.249122620
4,"map(alloc: a)",1024,64,104,0,2,3140,0,2950.310707092
4,"map(alloc: a)",1024,64,104,0,2,758,0,855.100154877
4,"map(alloc: a)",1024,64,104,0,2,28,0,227.248668671
4,"map(alloc: a)",1024,64,104,0,3,11,0,211.751461029
4,"map(alloc: a)",1024,64,104,0,3,4,0,201.308727264
4,"map(alloc: a)",1024,64,104,0,3,5042,0,4618.704319000
4,"map(alloc: a)",1024,64,104,0,3,183,0,361.740589142
4,"map(alloc: a)",1024,64,104,0,3,17,0,217.854976654
4,"map(alloc: a)",1024,64,104,0,3,3,0,199.592113495
4,"map(alloc: a)",1024,64,104,0,3,28,0,226.640701294
4,"map(alloc: a)",1024,64,104,0,3,1218,0,1264.953613281
4,"map(alloc: a)",1024,64,104,0,3,114,0,302.147865295
4,"map(alloc: a)",1024,64,104,0,3,758,0,861.704349518
4,"map(alloc: a)",1024,64,104,0,3,1955,0,1909.804344177
4,"map(alloc: a)",1024,64,104,0,3,472,0,610.148906708
4,"map(alloc: a)",1024,64,104,0,3,7,0,203.204154968
4,"map(alloc: a)",1024,64,104,0,3,44,0,241.708755493
4,"map(alloc: a)",1024,64,104,0,3,3140,0,2926.206588745
4,"map(alloc: a)",1024,64,104,0,3,8096,0,7374.203205109
4,"map(alloc: a)",1024,64,104,0,3,71,0,265.049934387
4,"map(alloc: a)",1024,64,104,0,3,1,0,198.495388031
4,"map(alloc: a)",1024,64,104,0,3,2,0,198.352336884
4,"map(alloc: a)",1024,64,104,0,3,294,0,458.097457886
4,"map(alloc: a)",1024,64,104,0,4,3,0,199.699401855
4,"map(alloc: a)",1024,64,104,0,4,8096,0,7285.046577454
4,"map(alloc: a)",1024,64,104,0,4,1,0,199.151039124
4,"map(alloc: a)",1024,64,104,0,4,28,0,226.640701294
4,"map(alloc: a)",1024,64,104,0,4,17,0,217.652320862
4,"map(alloc: a)",1024,64,104,0,4,5042,0,4576.241970062
4,"map(alloc: a)",1024,64,104,0,4,7,0,203.311443329
4,"map(alloc: a)",1024,64,104,0,4,114,0,301.456451416
4,"map(alloc: a)",1024,64,104,0,4,44,0,241.708755493
4,"map(alloc: a)",1024,64,104,0,4,2,0,198.698043823
4,"map(alloc: a)",1024,64,104,0,4,294,0,457.954406738
4,"map(alloc: a)",1024,64,104,0,4,758,0,866.496562958
4,"map(alloc: a)",1024,64,104,0,4,183,0,360.941886902
4,"map(alloc: a)",1024,64,104,0,4,4,0,201.058387756
4,"map(alloc: a)",1024,64,104,0,4,1218,0,1269.495487213
4,"map(alloc: a)",1024,64,104,0,4,71,0,264.859199524
4,"map(alloc: a)",1024,64,104,0,4,1955,0,1913.797855377
4,"map(alloc: a)",1024,64,104,0,4,11,0,212.705135345
4,"map(alloc: a)",1024,64,104,0,4,472,0,609.958171844
4,"map(alloc: a)",1024,64,104,0,4,3140,0,2961.599826813
4,"map(alloc: a)",1024,64,104,1,0,2,0,199.151039124
4,"map(alloc: a)",1024,64,104,1,0,4,0,201.201438904
4,"map(alloc: a)",1024,64,104,1,0,472,0,615.096092224
4,"map(alloc: a)",1024,64,104,1,0,3140,0,2929.794788361
4,"map(alloc: a)",1024,64,104,1,0,183,0,363.600254059
4,"map(alloc: a)",1024,64,104,1,0,28,0,226.902961731
4,"map(alloc: a)",1024,64,104,1,0,71,0,265.192985535
4,"map(alloc: a)",1024,64,104,1,0,1218,0,1268.351078033
4,"map(alloc: a)",1024,64,104,1,0,294,0,455.999374390
4,"map(alloc: a)",1024,64,104,1,0,1,0,198.400020599
4,"map(alloc: a)",1024,64,104,1,0,7,0,203.001499176
4,"map(alloc: a)",1024,64,104,1,0,1955,0,1901.602745056
4,"map(alloc: a)",1024,64,104,1,0,758,0,859.797000885
4,"map(alloc: a)",1024,64,104,1,0,114,0,302.493572235
4,"map(alloc: a)",1024,64,104,1,0,11,0,211.501121521
4,"map(alloc: a)",1024,64,104,1,0,3,0,199.544429779
4,"map(alloc: a)",1024,64,104,1,0,8096,0,7236.945629120
4,"map(alloc: a)",1024,64,104,1,0,44,0,241.947174072
4,"map(alloc: a)",1024,64,104,1,0,17,0,218.188762665
4,"map(alloc: a)",1024,64,104,1,0,5042,0,4573.452472687
4,"map(alloc: a)",1024,64,104,1,1,758,0,862.753391266
4,"map(alloc: a)",1024,64,104,1,1,3,0,199.496746063
4,"map(alloc: a)",1024,64,104,1,1,3140,0,2923.250198364
4,"map(alloc: a)",1024,64,104,1,1,1955,0,1927.804946899
4,"map(alloc: a)",1024,64,104,1,1,44,0,242.042541504
4,"map(alloc: a)",1024,64,104,1,1,17,0,218.105316162
4,"map(alloc: a)",1024,64,104,1,1,294,0,460.100173950
4,"map(alloc: a)",1024,64,104,1,1,28,0,226.998329163
4,"map(alloc: a)",1024,64,104,1,1,114,0,302.648544312
4,"map(alloc: a)",1024,64,104,1,1,2,0,199.055671692
4,"map(alloc: a)",1024,64,104,1,1,7,0,203.299522400
4,"map(alloc: a)",1024,64,104,1,1,183,0,364.053249359
4,"map(alloc: a)",1024,64,104,1,1,8096,0,7195.806503296
4,"map(alloc: a)",1024,64,104,1,1,11,0,213.146209717
4,"map(alloc: a)",1024,64,104,1,1,1,0,198.853015900
4,"map(alloc: a)",1024,64,104,1,1,1218,0,1260.995864868
4,"map(alloc: a)",1024,64,104,1,1,472,0,615.298748016
4,"map(alloc: a)",1024,64,104,1,1,71,0,265.395641327
4,"map(alloc: a)",1024,64,104,1,1,5042,0,4579.854011536
4,"map(alloc: a)",1024,64,104,1,1,4,0,201.654434204
4,"map(alloc: a)",1024,64,104,1,2,2,0,198.757648468
4,"map(alloc: a)",1024,64,104,1,2,71,0,265.049934387
4,"map(alloc: a)",1024,64,104,1,2,17,0,218.105316162
4,"map(alloc: a)",1024,64,104,1,2,472,0,613.546371460
4,"map(alloc: a)",1024,64,104,1,2,5042,0,4616.045951843
4,"map(alloc: a)",1024,64,104,1,2,28,0,228.643417358
4,"map(alloc: a)",1024,64,104,1,2,44,0,241.804122925
4,"map(alloc: a)",1024,64,104,1,2,1218,0,1261.699199677
4,"map(alloc: a)",1024,64,104,1,2,4,0,201.392173767
4,"map(alloc: a)",1024,64,104,1,2,1955,0,1904.797554016
4,"map(alloc: a)",1024,64,104,1,2,183,0,363.099575043
4,"map(alloc: a)",1024,64,104,1,2,7,0,203.704833984
4,"map(alloc: a)",1024,64,104,1,2,758,0,862.252712250
4,"map(alloc: a)",1024,64,104,1,2,1,0,198.805332184
4,"map(alloc: a)",1024,64,104,1,2,3140,0,2911.102771759
4,"map(alloc: a)",1024,64,104,1,2,8096,0,7332.050800323
4,"map(alloc: a)",1024,64,104,1,2,3,0,199.651718140
4,"map(alloc: a)",1024,64,104,1,2,114,0,302.648544312
4,"map(alloc: a)",1024,64,104,1,2,11,0,211.548805237
4,"map(alloc: a)",1024,64,104,1,2,294,0,458.300113678
4,"map(alloc: a)",1024,64,104,1,3,1,0,198.340415955
4,"map(alloc: a)",1024,64,104,1,3,17,0,218.045711517
4,"map(alloc: a)",1024,64,104,1,3,294,0,456.798076630
4,"map(alloc: a)",1024,64,104,1,3,5042,0,4630.506038666
4,"map(alloc: a)",1024,64,104,1,3,114,0,304.400920868
4,"map(alloc: a)",1024,64,104,1,3,28,0,226.950645447
4,"map(alloc: a)",1024,64,104,1,3,1218,0,1265.096664429
4,"map(alloc: a)",1024,64,104,1,3,2,0,198.590755463
4,"map(alloc: a)",1024,64,104,1,3,3,0,199.341773987
4,"map(alloc: a)",1024,64,104,1,3,4,0,201.094150543
4,"map(alloc: a)",1024,64,104,1,3,758,0,855.505466461
4,"map(alloc: a)",1024,64,104,1,3,11,0,211.501121521
4,"map(alloc: a)",1024,64,104,1,3,44,0,241.553783417
4,"map(alloc: a)",1024,64,104,1,3,472,0,613.749027252
4,"map(alloc: a)",1024,64,104,1,3,7,0,202.798843384
4,"map(alloc: a)",1024,64,104,1,3,1955,0,1891.040802002
4,"map(alloc: a)",1024,64,104,1,3,71,0,264.549255371
4,"map(alloc: a)",1024,64,104,1,3,183,0,363.695621490
4,"map(alloc: a)",1024,64,104,1,3,8096,0,7200.849056244
4,"map(alloc: a)",1024,64,104,1,3,3140,0,2968.990802765
4,"map(alloc: a)",1024,64,104,1,4,472,0,612.998008728
4,"map(alloc: a)",1024,64,104,1,4,71,0,265.145301819
4,"map(alloc: a)",1024,64,104,1,4,1,0,198.650360107
4,"map(alloc: a)",1024,64,104,1,4,11,0,211.560726166
4,"map(alloc: a)",1024,64,104,1,4,4,0,201.201438904
4,"map(alloc: a)",1024,64,104,1,4,3140,0,2955.150604248
4,"map(alloc: a)",1024,64,104,1,4,28,0,227.749347687
4,"map(alloc: a)",1024,64,104,1,4,1218,0,1268.148422241
4,"map(alloc: a)",1024,64,104,1,4,2,0,198.698043823
4,"map(alloc: a)",1024,64,104,1,4,183,0,361.549854279
4,"map(alloc: a)",1024,64,104,1,4,5042,0,4638.445377350
4,"map(alloc: a)",1024,64,104,1,4,114,0,301.742553711
4,"map(alloc: a)",1024,64,104,1,4,3,0,199.401378632
4,"map(alloc: a)",1024,64,104,1,4,44,0,241.804122925
4,"map(alloc: a)",1024,64,104,1,4,758,0,859.045982361
4,"map(alloc: a)",1024,64,104,1,4,8096,0,7299.304008484
4,"map(alloc: a)",1024,64,104,1,4,1955,0,1887.595653534
4,"map(alloc: a)",1024,64,104,1,4,294,0,459.146499634
4,"map(alloc: a)",1024,64,104,1,4,7,0,203.251838684
4,"map(alloc: a)",1024,64,104,1,4,17,0,218.093395233
4,"map(alloc: a)",4096,64,104,0,0,7,0,202.989578247
4,"map(alloc: a)",4096,64,104,0,0,114,0,302.898883820
4,"map(alloc: a)",4096,64,104,0,0,3,0,199.496746063
4,"map(alloc: a)",4096,64,104,0,0,17,0,218.045711517
4,"map(alloc: a)",4096,64,104,0,0,1,0,198.650360107
4,"map(alloc: a)",4096,64,104,0,0,44,0,241.553783417
4,"map(alloc: a)",4096,64,104,0,0,294,0,459.003448486
4,"map(alloc: a)",4096,64,104,0,0,3140,0,2932.155132294
4,"map(alloc: a)",4096,64,104,0,0,4,0,202.000141144
4,"map(alloc: a)",4096,64,104,0,0,1955,0,1904.845237732
4,"map(alloc: a)",4096,64,104,0,0,183,0,361.359119415
4,"map(alloc: a)",4096,64,104,0,0,8096,0,7332.301139832
4,"map(alloc: a)",4096,64,104,0,0,758,0,859.904289246
4,"map(alloc: a)",4096,64,104,0,0,71,0,265.097618103
4,"map(alloc: a)",4096,64,104,0,0,2,0,198.602676392
4,"map(alloc: a)",4096,64,104,0,0,11,0,211.095809937
4,"map(alloc: a)",4096,64,104,0,0,28,0,226.497650146
4,"map(alloc: a)",4096,64,104,0,0,5042,0,4611.158370972
4,"map(alloc: a)",4096,64,104,0,0,1218,0,1250.195503235
4,"map(alloc: a)",4096,64,104,0,0,472,0,615.406036377
4,"map(alloc: a)",4096,64,104,0,1,4,0,200.796127319
4,"map(alloc: a)",4096,64,104,0,1,1,0,198.650360107
4,"map(alloc: a)",4096,64,104,0,1,17,0,218.200683594
4,"map(alloc: a)",4096,64,104,0,1,28,0,226.950645447
4,"map(alloc: a)",4096,64,104,0,1,11,0,211.346149445
4,"map(alloc: a)",4096,64,104,0,1,3140,0,2940.702438354
4,"map(alloc: a)",4096,64,104,0,1,2,0,199.353694916
4,"map(alloc: a)",4096,64,104,0,1,758,0,871.145725250
4,"map(alloc: a)",4096,64,104,0,1,1218,0,1253.259181976
4,"map(alloc: a)",4096,64,104,0,1,44,0,241.458415985
4,"map(alloc: a)",4096,64,104,0,1,71,0,264.942646027
4,"map(alloc: a)",4096,64,104,0,1,114,0,302.505493164
4,"map(alloc: a)",4096,64,104,0,1,294,0,458.407402039
4,"map(alloc: a)",4096,64,104,0,1,7,0,202.953815460
4,"map(alloc: a)",4096,64,104,0,1,183,0,361.800193787
4,"map(alloc: a)",4096,64,104,0,1,8096,0,7320.749759674
4,"map(alloc: a)",4096,64,104,0,1,472,0,612.497329712
4,"map(alloc: a)",4096,64,104,0,1,1955,0,1903.748512268
4,"map(alloc: a)",4096,64,104,0,1,3,0,199.401378632
4,"map(alloc: a)",4096,64,104,0,1,5042,0,4566.097259521
4,"map(alloc: a)",4096,64,104,0,2,3,0,199.961662292
4,"map(alloc: a)",4096,64,104,0,2,44,0,241.792201996
4,"map(alloc: a)",4096,64,104,0,2,1,0,198.543071747
4,"map(alloc: a)",4096,64,104,0,2,183,0,363.802909851
4,"map(alloc: a)",4096,64,104,0,2,294,0,457.644462585
4,"map(alloc: a)",4096,64,104,0,2,5042,0,4567.992687225
4,"map(alloc: a)",4096,64,104,0,2,7,0,203.847885132
4,"map(alloc: a)",4096,64,104,0,2,8096,0,7199.144363403
4,"map(alloc: a)",4096,64,104,0,2,2,0,199.151039124
4,"map(alloc: a)",4096,64,104,0,2,114,0,303.554534912
4,"map(alloc: a)",4096,64,104,0,2,71,0,265.049934387
4,"map(alloc: a)",4096,64,104,0,2,1955,0,1917.946338654
4,"map(alloc: a)",4096,64,104,0,2,17,0,218.844413757
4,"map(alloc: a)",4096,64,104,0,2,472,0,612.449645996
4,"map(alloc: a)",4096,64,104,0,2,11,0,211.405754089
4,"map(alloc: a)",4096,64,104,0,2,1218,0,1256.752014160
4,"map(alloc: a)",4096,64,104,0,2,4,0,201.451778412
4,"map(alloc: a)",4096,64,104,0,2,3140,0,2951.908111572
4,"map(alloc: a)",4096,64,104,0,2,758,0,859.951972961
4,"map(alloc: a)",4096,64,104,0,2,28,0,227.105617523
4,"map(alloc: a)",4096,64,104,0,3,11,0,211.548805237
4,"map(alloc: a)",4096,64,104,0,3,4,0,201.249122620
4,"map(alloc: a)",4096,64,104,0,3,5042,0,4615.390300751
4,"map(alloc: a)",4096,64,104,0,3,183,0,362.849235535
4,"map(alloc: a)",4096,64,104,0,3,17,0,217.854976654
4,"map(alloc: a)",4096,64,104,0,3,3,0,199.651718140
4,"map(alloc: a)",4096,64,104,0,3,28,0,226.604938507
4,"map(alloc: a)",4096,64,104,0,3,1218,0,1268.744468689
4,"map(alloc: a)",4096,64,104,0,3,114,0,302.588939667
4,"map(alloc: a)",4096,64,104,0,3,758,0,862.157344818
4,"map(alloc: a)",4096,64,104,0,3,1955,0,1909.148693085
4,"map(alloc: a)",4096,64,104,0,3,472,0,614.845752716
4,"map(alloc: a)",4096,64,104,0,3,7,0,203.657150269
4,"map(alloc: a)",4096,64,104,0,3,44,0,241.994857788
4,"map(alloc: a)",4096,64,104,0,3,3140,0,2912.747859955
4,"map(alloc: a)",4096,64,104,0,3,8096,0,7317.543029785
4,"map(alloc: a)",4096,64,104,0,3,71,0,266.206264496
4,"map(alloc: a)",4096,64,104,0,3,1,0,198.698043823
4,"map(alloc: a)",4096,64,104,0,3,2,0,198.602676392
4,"map(alloc: a)",4096,64,104,0,3,294,0,456.202030182
4,"map(alloc: a)",4096,64,104,0,4,3,0,201.046466827
4,"map(alloc: a)",4096,64,104,0,4,8096,0,7324.552536011
4,"map(alloc: a)",4096,64,104,0,4,1,0,199.103355408
4,"map(alloc: a)",4096,64,104,0,4,28,0,226.998329163
4,"map(alloc: a)",4096,64,104,0,4,17,0,217.950344086
4,"map(alloc: a)",4096,64,104,0,4,5042,0,4592.406749725
4,"map(alloc: a)",4096,64,104,0,4,7,0,204.646587372
4,"map(alloc: a)",4096,64,104,0,4,114,0,301.647186279
4,"map(alloc: a)",4096,64,104,0,4,44,0,241.553783417
4,"map(alloc: a)",4096,64,104,0,4,2,0,198.650360107
4,"map(alloc: a)",4096,64,104,0,4,294,0,458.109378815
4,"map(alloc: a)",4096,64,104,0,4,758,0,872.349739075
4,"map(alloc: a)",4096,64,104,0,4,183,0,361.108779907
4,"map(alloc: a)",4096,64,104,0,4,4,0,200.998783112
4,"map(alloc: a)",4096,64,104,0,4,1218,0,1262.843608856
4,"map(alloc: a)",4096,64,104,0,4,71,0,264.608860016
4,"map(alloc: a)",4096,64,104,0,4,1955,0,1906.299591064
4,"map(alloc: a)",4096,64,104,0,4,11,0,212.347507477
4,"map(alloc: a)",4096,64,104,0,4,472,0,614.249706268
4,"map(alloc: a)",4096,64,104,0,4,3140,0,2961.802482605
4,"map(alloc: a)",4096,64,104,1,0,2,0,199.055671692
4,"map(alloc: a)",4096,64,104,1,0,4,0,200.951099396
4,"map(alloc: a)",4096,64,104,1,0,472,0,613.296031952
4,"map(alloc: a)",4096,64,104,1,0,3140,0,2912.354469299
4,"map(alloc: a)",4096,64,104,1,0,183,0,363.397598267
4,"map(alloc: a)",4096,64,104,1,0,28,0,226.855278015
4,"map(alloc: a)",4096,64,104,1,0,71,0,264.644622803
4,"map(alloc: a)",4096,64,104,1,0,1218,0,1267.802715302
4,"map(alloc: a)",4096,64,104,1,0,294,0,456.500053406
4,"map(alloc: a)",4096,64,104,1,0,1,0,198.507308960
4,"map(alloc: a)",4096,64,104,1,0,7,0,203.204154968
4,"map(alloc: a)",4096,64,104,1,0,1955,0,1893.293857574
4,"map(alloc: a)",4096,64,104,1,0,758,0,864.446163177
4,"map(alloc: a)",4096,64,104,1,0,114,0,303.339958191
4,"map(alloc: a)",4096,64,104,1,0,11,0,211.405754089
4,"map(alloc: a)",4096,64,104,1,0,3,0,199.449062347
4,"map(alloc: a)",4096,64,104,1,0,8096,0,7213.842868805
4,"map(alloc: a)",4096,64,104,1,0,44,0,242.757797241
4,"map(alloc: a)",4096,64,104,1,0,17,0,217.902660370
4,"map(alloc: a)",4096,64,104,1,0,5042,0,4572.904109955
4,"map(alloc: a)",4096,64,104,1,1,758,0,864.505767822
4,"map(alloc: a)",4096,64,104,1,1,3,0,199.246406555
4,"map(alloc: a)",4096,64,104,1,1,3140,0,2920.353412628
4,"map(alloc: a)",4096,64,104,1,1,1955,0,1914.501190186
4,"map(alloc: a)",4096,64,104,1,1,44,0,242.292881012
4,"map(alloc: a)",4096,64,104,1,1,17,0,218.105316162
4,"map(alloc: a)",4096,64,104,1,1,294,0,459.146499634
4,"map(alloc: a)",4096,64,104,1,1,28,0,227.057933807
4,"map(alloc: a)",4096,64,104,1,1,114,0,301.945209503
4,"map(alloc: a)",4096,64,104,1,1,2,0,198.745727539
4,"map(alloc: a)",4096,64,104,1,1,7,0,203.251838684
4,"map(alloc: a)",4096,64,104,1,1,183,0,364.053249359
4,"map(alloc: a)",4096,64,104,1,1,8096,0,7235.860824585
4,"map(alloc: a)",4096,64,104,1,1,11,0,212.252140045
4,"map(alloc: a)",4096,64,104,1,1,1,0,198.650360107
4,"map(alloc: a)",4096,64,104,1,1,1218,0,1258.754730225
4,"map(alloc: a)",4096,64,104,1,1,472,0,614.154338837
4,"map(alloc: a)",4096,64,104,1,1,71,0,265.145301819
4,"map(alloc: a)",4096,64,104,1,1,5042,0,4567.444324493
4,"map(alloc: a)",4096,64,104,1,1,4,0,202.155113220
4,"map(alloc: a)",4096,64,104,1,2,2,0,198.900699615
4,"map(alloc: a)",4096,64,104,1,2,71,0,265.204906464
4,"map(alloc: a)",4096,64,104,1,2,17,0,218.260288239
4,"map(alloc: a)",4096,64,104,1,2,472,0,609.302520752
4,"map(alloc: a)",4096,64,104,1,2,5042,0,4596.602916718
4,"map(alloc: a)",4096,64,104,1,2,28,0,228.655338287
4,"map(alloc: a)",4096,64,104,1,2,44,0,241.553783417
4,"map(alloc: a)",4096,64,104,1,2,1218,0,1268.708705902
4,"map(alloc: a)",4096,64,104,1,2,4,0,201.296806335
4,"map(alloc: a)",4096,64,104,1,2,1955,0,1896.393299103
4,"map(alloc: a)",4096,64,104,1,2,183,0,363.504886627
4,"map(alloc: a)",4096,64,104,1,2,7,0,204.050540924
4,"map(alloc: a)",4096,64,104,1,2,758,0,864.601135254
4,"map(alloc: a)",4096,64,104,1,2,1,0,198.853015900
4,"map(alloc: a)",4096,64,104,1,2,3140,0,2931.201457977
4,"map(alloc: a)",4096,64,104,1,2,8096,0,7326.352596283
4,"map(alloc: a)",4096,64,104,1,2,3,0,200.200080872
4,"map(alloc: a)",4096,64,104,1,2,114,0,302.350521088
4,"map(alloc: a)",4096,64,104,1,2,11,0,211.453437805
4,"map(alloc: a)",4096,64,104,1,2,294,0,459.051132202
4,"map(alloc: a)",4096,64,104,1,3,1,0,198.698043823
4,"map(alloc: a)",4096,64,104,1,3,17,0,218.558311462
4,"map(alloc: a)",4096,64,104,1,3,294,0,457.000732422
4,"map(alloc: a)",4096,64,104,1,3,5042,0,4596.650600433
4,"map(alloc: a)",4096,64,104,1,3,114,0,302.600860596
4,"map(alloc: a)",4096,64,104,1,3,28,0,226.640701294
4,"map(alloc: a)",4096,64,104,1,3,1218,0,1257.503032684
4,"map(alloc: a)",4096,64,104,1,3,2,0,198.698043823
4,"map(alloc: a)",4096,64,104,1,3,3,0,199.449062347
4,"map(alloc: a)",4096,64,104,1,3,4,0,201.153755188
4,"map(alloc: a)",4096,64,104,1,3,758,0,854.492187500
4,"map(alloc: a)",4096,64,104,1,3,11,0,211.501121521
4,"map(alloc: a)",4096,64,104,1,3,44,0,241.255760193
4,"map(alloc: a)",4096,64,104,1,3,472,0,613.605976105
4,"map(alloc: a)",4096,64,104,1,3,7,0,203.108787537
4,"map(alloc: a)",4096,64,104,1,3,1955,0,1897.549629211
4,"map(alloc: a)",4096,64,104,1,3,71,0,264.894962311
4,"map(alloc: a)",4096,64,104,1,3,183,0,363.194942474
4,"map(alloc: a)",4096,64,104,1,3,8096,0,7189.249992371
4,"map(alloc: a)",4096,64,104,1,3,3140,0,2957.999706268
4,"map(alloc: a)",4096,64,104,1,4,472,0,613.749027252
4,"map(alloc: a)",4096,64,104,1,4,71,0,265.443325043
4,"map(alloc: a)",4096,64,104,1,4,1,0,198.400020599
4,"map(alloc: a)",4096,64,104,1,4,11,0,211.250782013
4,"map(alloc: a)",4096,64,104,1,4,4,0,200.998783112
4,"map(alloc: a)",4096,64,104,1,4,3140,0,2945.804595947
4,"map(alloc: a)",4096,64,104,1,4,28,0,226.652622223
4,"map(alloc: a)",4096,64,104,1,4,1218,0,1270.401477814
4,"map(alloc: a)",4096,64,104,1,4,2,0,198.805332184
4,"map(alloc: a)",4096,64,104,1,4,183,0,362.443923950
4,"map(alloc: a)",4096,64,104,1,4,5042,0,4596.745967865
4,"map(alloc: a)",4096,64,104,1,4,114,0,301.694869995
4,"map(alloc: a)",4096,64,104,1,4,3,0,199.306011200
4,"map(alloc: a)",4096,64,104,1,4,44,0,241.994857788
4,"map(alloc: a)",4096,64,104,1,4,758,0,857.245922089
4,"map(alloc: a)",4096,64,104,1,4,8096,0,7346.045970917
4,"map(alloc: a)",4096,64,104,1,4,1955,0,1900.494098663
4,"map(alloc: a)",4096,64,104,1,4,294,0,458.049774170
4,"map(alloc: a)",4096,64,104,1,4,7,0,203.049182892
4,"map(alloc: a)",4096,64,104,1,4,17,0,217.747688293
4,"map(alloc: a)",16384,64,104,0,0,7,0,202.953815460
4,"map(alloc: a)",16384,64,104,0,0,114,0,303.506851196
4,"map(alloc: a)",16384,64,104,0,0,3,0,199.401378632
4,"map(alloc: a)",16384,64,104,0,0,17,0,218.355655670
4,"map(alloc: a)",16384,64,104,0,0,1,0,198.841094971
4,"map(alloc: a)",16384,64,104,0,0,44,0,241.506099701
4,"map(alloc: a)",16384,64,104,0,0,294,0,459.039211273
4,"map(alloc: a)",16384,64,104,0,0,3140,0,2911.603450775
4,"map(alloc: a)",16384,64,104,0,0,4,0,201.654434204
4,"map(alloc: a)",16384,64,104,0,0,1955,0,1915.752887726
4,"map(alloc: a)",16384,64,104,0,0,183,0,362.455844879
4,"map(alloc: a)",16384,64,104,0,0,8096,0,7314.443588257
4,"map(alloc: a)",16384,64,104,0,0,758,0,854.301452637
4,"map(alloc: a)",16384,64,104,0,0,71,0,264.644622803
4,"map(alloc: a)",16384,64,104,0,0,2,0,198.698043823
4,"map(alloc: a)",16384,64,104,0,0,11,0,211.393833160
4,"map(alloc: a)",16384,64,104,0,0,28,0,226.950645447
4,"map(alloc: a)",16384,64,104,0,0,5042,0,4601.299762726
4,"map(alloc: a)",16384,64,104,0,0,1218,0,1256.752014160
4,"map(alloc: a)",16384,64,104,0,0,472,0,616.300106049
4,"map(alloc: a)",16384,64,104,0,1,4,0,201.249122620
4,"map(alloc: a)",16384,64,104,0,1,1,0,198.745727539
4,"map(alloc: a)",16384,64,104,0,1,17,0,218.105316162
4,"map(alloc: a)",16384,64,104,0,1,28,0,226.950645447
4,"map(alloc: a)",16384,64,104,0,1,11,0,211.453437805
4,"map(alloc: a)",16384,64,104,0,1,3140,0,2935.898303986
4,"map(alloc: a)",16384,64,104,0,1,2,0,199.306011200
4,"map(alloc: a)",16384,64,104,0,1,758,0,868.248939514
4,"map(alloc: a)",16384,64,104,0,1,1218,0,1256.453990936
4,"map(alloc: a)",16384,64,104,0,1,44,0,241.494178772
4,"map(alloc: a)",16384,64,104,0,1,71,0,265.300273895
4,"map(alloc: a)",16384,64,104,0,1,114,0,302.660465240
4,"map(alloc: a)",16384,64,104,0,1,294,0,458.550453186
4,"map(alloc: a)",16384,64,104,0,1,7,0,202.703475952
4,"map(alloc: a)",16384,64,104,0,1,183,0,360.560417175
4,"map(alloc: a)",16384,64,104,0,1,8096,0,7283.401489258
4,"map(alloc: a)",16384,64,104,0,1,472,0,611.150264740
4,"map(alloc: a)",16384,64,104,0,1,1955,0,1903.045177460
4,"map(alloc: a)",16384,64,104,0,1,3,0,200.045108795
4,"map(alloc: a)",16384,64,104,0,1,5042,0,4561.853408813
4,"map(alloc: a)",16384,64,104,0,2,3,0,199.246406555
4,"map(alloc: a)",16384,64,104,0,2,44,0,241.851806641
4,"map(alloc: a)",16384,64,104,0,2,1,0,198.507308960
4,"map(alloc: a)",16384,64,104,0,2,183,0,364.756584167
4,"map(alloc: a)",16384,64,104,0,2,294,0,457.239151001
4,"map(alloc: a)",16384,64,104,0,2,5042,0,4603.993892670
4,"map(alloc: a)",16384,64,104,0,2,7,0,203.049182892
4,"map(alloc: a)",16384,64,104,0,2,8096,0,7229.852676392
4,"map(alloc: a)",16384,64,104,0,2,2,0,199.496746063
4,"map(alloc: a)",16384,64,104,0,2,114,0,302.493572235
4,"map(alloc: a)",16384,64,104,0,2,71,0,264.954566956
4,"map(alloc: a)",16384,64,104,0,2,1955,0,1916.646957397
4,"map(alloc: a)",16384,64,104,0,2,17,0,218.200683594
4,"map(alloc: a)",16384,64,104,0,2,472,0,613.403320312
4,"map(alloc: a)",16384,64,104,0,2,11,0,211.298465729
4,"map(alloc: a)",16384,64,104,0,2,1218,0,1256.048679352
4,"map(alloc: a)",16384,64,104,0,2,4,0,201.392173767
4,"map(alloc: a)",16384,64,104,0,2,3140,0,2927.398681641
4,"map(alloc: a)",16384,64,104,0,2,758,0,858.950614929
4,"map(alloc: a)",16384,64,104,0,2,28,0,227.248668671
4,"map(alloc: a)",16384,64,104,0,3,11,0,211.703777313
4,"map(alloc: a)",16384,64,104,0,3,4,0,201.344490051
4,"map(alloc: a)",16384,64,104,0,3,5042,0,4608.201980591
4,"map(alloc: a)",16384,64,104,0,3,183,0,362.443923950
4,"map(alloc: a)",16384,64,104,0,3,17,0,217.998027802
4,"map(alloc: a)",16384,64,104,0,3,3,0,199.544429779
4,"map(alloc: a)",16384,64,104,0,3,28,0,226.950645447
4,"map(alloc: a)",16384,64,104,0,3,1218,0,1267.397403717
4,"map(alloc: a)",16384,64,104,0,3,114,0,302.195549011
4,"map(alloc: a)",16384,64,104,0,3,758,0,860.190391541
4,"map(alloc: a)",16384,64,104,0,3,1955,0,1903.104782104
4,"map(alloc: a)",16384,64,104,0,3,472,0,612.795352936
4,"map(alloc: a)",16384,64,104,0,3,7,0,203.752517700
4,"map(alloc: a)",16384,64,104,0,3,44,0,241.792201996
4,"map(alloc: a)",16384,64,104,0,3,3140,0,2927.052974701
4,"map(alloc: a)",16384,64,104,0,3,8096,0,7281.804084778
4,"map(alloc: a)",16384,64,104,0,3,71,0,265.192985535
4,"map(alloc: a)",16384,64,104,0,3,1,0,198.650360107
4,"map(alloc: a)",16384,64,104,0,3,2,0,198.543071747
4,"map(alloc: a)",16384,64,104,0,3,294,0,458.300113678
4,"map(alloc: a)",16384,64,104,0,4,3,0,199.449062347
4,"map(alloc: a)",16384,64,104,0,4,8096,0,7262.897491455
4,"map(alloc: a)",16384,64,104,0,4,1,0,199.651718140
4,"map(alloc: a)",16384,64,104,0,4,28,0,227.200984955
4,"map(alloc: a)",16384,64,104,0,4,17,0,218.498706818
4,"map(alloc: a)",16384,64,104,0,4,5042,0,4594.552516937
4,"map(alloc: a)",16384,64,104,0,4,7,0,203.454494476
4,"map(alloc: a)",16384,64,104,0,4,114,0,303.244590759
4,"map(alloc: a)",16384,64,104,0,4,44,0,241.601467133
4,"map(alloc: a)",16384,64,104,0,4,2,0,198.745727539
4,"map(alloc: a)",16384,64,104,0,4,294,0,456.345081329
4,"map(alloc: a)",16384,64,104,0,4,758,0,867.152214050
4,"map(alloc: a)",16384,64,104,0,4,183,0,362.896919250
4,"map(alloc: a)",16384,64,104,0,4,4,0,201.499462128
4,"map(alloc: a)",16384,64,104,0,4,1218,0,1265.358924866
4,"map(alloc: a)",16384,64,104,0,4,71,0,265.848636627
4,"map(alloc: a)",16384,64,104,0,4,1955,0,1890.242099762
4,"map(alloc: a)",16384,64,104,0,4,11,0,212.645530701
4,"map(alloc: a)",16384,64,104,0,4,472,0,608.801841736
4,"map(alloc: a)",16384,64,104,0,4,3140,0,2947.700023651
4,"map(alloc: a)",16384,64,104,1,0,2,0,199.508666992
4,"map(alloc: a)",16384,64,104,1,0,4,0,201.153755188
4,"map(alloc: a)",16384,64,104,1,0,472,0,614.202022552
4,"map(alloc: a)",16384,64,104,1,0,3140,0,2912.497520447
4,"map(alloc: a)",16384,64,104,1,0,183,0,363.194942474
4,"map(alloc: a)",16384,64,104,1,0,28,0,226.843357086
4,"map(alloc: a)",16384,64,104,1,0,71,0,264.906883240
4,"map(alloc: a)",16384,64,104,1,0,1218,0,1278.150081635
4,"map(alloc: a)",16384,64,104,1,0,294,0,457.155704498
4,"map(alloc: a)",16384,64,104,1,0,1,0,198.495388031
4,"map(alloc: a)",16384,64,104,1,0,7,0,203.001499176
4,"map(alloc: a)",16384,64,104,1,0,1955,0,1893.901824951
4,"map(alloc: a)",16384,64,104,1,0,758,0,863.504409790
4,"map(alloc: a)",16384,64,104,1,0,114,0,303.041934967
4,"map(alloc: a)",16384,64,104,1,0,11,0,211.405754089
4,"map(alloc: a)",16384,64,104,1,0,3,0,199.306011200
4,"map(alloc: a)",16384,64,104,1,0,8096,0,7204.151153564
4,"map(alloc: a)",16384,64,104,1,0,44,0,242.257118225
4,"map(alloc: a)",16384,64,104,1,0,17,0,218.093395233
4,"map(alloc: a)",16384,64,104,1,0,5042,0,4553.949832916
4,"map(alloc: a)",16384,64,104,1,1,758,0,863.099098206
4,"map(alloc: a)",16384,64,104,1,1,3,0,199.496746063
4,"map(alloc: a)",16384,64,104,1,1,3140,0,2930.903434753
4,"map(alloc: a)",16384,64,104,1,1,1955,0,1920.449733734
4,"map(alloc: a)",16384,64,104,1,1,44,0,241.804122925
4,"map(alloc: a)",16384,64,104,1,1,17,0,217.556953430
4,"map(alloc: a)",16384,64,104,1,1,294,0,461.101531982
4,"map(alloc: a)",16384,64,104,1,1,28,0,226.497650146
4,"map(alloc: a)",16384,64,104,1,1,114,0,302.696228027
4,"map(alloc: a)",16384,64,104,1,1,2,0,198.698043823
4,"map(alloc: a)",16384,64,104,1,1,7,0,202.846527100
4,"map(alloc: a)",16384,64,104,1,1,183,0,363.457202911
4,"map(alloc: a)",16384,64,104,1,1,8096,0,7213.497161865
4,"map(alloc: a)",16384,64,104,1,1,11,0,212.550163269
4,"map(alloc: a)",16384,64,104,1,1,1,0,198.602676392
4,"map(alloc: a)",16384,64,104,1,1,1218,0,1258.051395416
4,"map(alloc: a)",16384,64,104,1,1,472,0,615.048408508
4,"map(alloc: a)",16384,64,104,1,1,71,0,264.942646027
4,"map(alloc: a)",16384,64,104,1,1,5042,0,4556.202888489
4,"map(alloc: a)",16384,64,104,1,1,4,0,202.047824860
4,"map(alloc: a)",16384,64,104,1,2,2,0,198.638439178
4,"map(alloc: a)",16384,64,104,1,2,71,0,265.347957611
4,"map(alloc: a)",16384,64,104,1,2,17,0,217.998027802
4,"map(alloc: a)",16384,64,104,1,2,472,0,612.902641296
4,"map(alloc: a)",16384,64,104,1,2,5042,0,4583.454132080
4,"map(alloc: a)",16384,64,104,1,2,28,0,227.200984955
4,"map(alloc: a)",16384,64,104,1,2,44,0,241.601467133
4,"map(alloc: a)",16384,64,104,1,2,1218,0,1271.998882294
4,"map(alloc: a)",16384,64,104,1,2,4,0,201.404094696
4,"map(alloc: a)",16384,64,104,1,2,1955,0,1909.196376801
4,"map(alloc: a)",16384,64,104,1,2,183,0,362.396240234
4,"map(alloc: a)",16384,64,104,1,2,7,0,203.549861908
4,"map(alloc: a)",16384,64,104,1,2,758,0,862.443447113
4,"map(alloc: a)",16384,64,104,1,2,1,0,198.602676392
4,"map(alloc: a)",16384,64,104,1,2,3140,0,2922.546863556
4,"map(alloc: a)",16384,64,104,1,2,8096,0,7356.905937195
4,"map(alloc: a)",16384,64,104,1,2,3,0,200.295448303
4,"map(alloc: a)",16384,64,104,1,2,114,0,302.457809448
4,"map(alloc: a)",16384,64,104,1,2,11,0,211.453437805
4,"map(alloc: a)",16384,64,104,1,2,294,0,456.392765045
4,"map(alloc: a)",16384,64,104,1,3,1,0,198.793411255
4,"map(alloc: a)",16384,64,104,1,3,17,0,218.200683594
4,"map(alloc: a)",16384,64,104,1,3,294,0,458.049774170
4,"map(alloc: a)",16384,64,104,1,3,5042,0,4632.949829102
4,"map(alloc: a)",16384,64,104,1,3,114,0,302.398204803
4,"map(alloc: a)",16384,64,104,1,3,28,0,226.855278015
4,"map(alloc: a)",16384,64,104,1,3,1218,0,1259.696483612
4,"map(alloc: a)",16384,64,104,1,3,2,0,198.841094971
4,"map(alloc: a)",16384,64,104,1,3,3,0,199.639797211
4,"map(alloc: a)",16384,64,104,1,3,4,0,201.344490051
4,"map(alloc: a)",16384,64,104,1,3,758,0,859.606266022
4,"map(alloc: a)",16384,64,104,1,3,11,0,211.751461029
4,"map(alloc: a)",16384,64,104,1,3,44,0,241.899490356
4,"map(alloc: a)",16384,64,104,1,3,472,0,612.556934357
4,"map(alloc: a)",16384,64,104,1,3,7,0,203.156471252
4,"map(alloc: a)",16384,64,104,1,3,1955,0,1905.858516693
4,"map(alloc: a)",16384,64,104,1,3,71,0,266.349315643
4,"map(alloc: a)",16384,64,104,1,3,183,0,363.302230835
4,"map(alloc: a)",16384,64,104,1,3,8096,0,7196.903228760
4,"map(alloc: a)",16384,64,104,1,3,3140,0,2940.607070923
4,"map(alloc: a)",16384,64,104,1,4,472,0,612.556934357
4,"map(alloc: a)",16384,64,104,1,4,71,0,265.192985535
4,"map(alloc: a)",16384,64,104,1,4,1,0,198.602676392
4,"map(alloc: a)",16384,64,104,1,4,11,0,211.501121521
4,"map(alloc: a)",16384,64,104,1,4,4,0,201.094150543
4,"map(alloc: a)",16384,64,104,1,4,3140,0,2949.094772339
4,"map(alloc: a)",16384,64,104,1,4,28,0,227.653980255
4,"map(alloc: a)",16384,64,104,1,4,1218,0,1269.543170929
4,"map(alloc: a)",16384,64,104,1,4,2,0,198.948383331
4,"map(alloc: a)",16384,64,104,1,4,183,0,362.694263458
4,"map(alloc: a)",16384,64,104,1,4,5042,0,4640.007019043
4,"map(alloc: a)",16384,64,104,1,4,114,0,302.696228027
4,"map(alloc: a)",16384,64,104,1,4,3,0,199.246406555
4,"map(alloc: a)",16384,64,104,1,4,44,0,241.446495056
4,"map(alloc: a)",16384,64,104,1,4,758,0,856.196880341
4,"map(alloc: a)",16384,64,104,1,4,8096,0,7308.959960938
4,"map(alloc: a)",16384,64,104,1,4,1955,0,1903.855800629
4,"map(alloc: a)",16384,64,104,1,4,294,0,460.195541382
4,"map(alloc: a)",16384,64,104,1,4,7,0,203.049182892
4,"map(alloc: a)",16384,64,104,1,4,17,0,217.807292938
4,"map(alloc: a)",65536,64,104,0,0,7,0,203.704833984
4,"map(alloc: a)",65536,64,104,0,0,114,0,303.411483765
4,"map(alloc: a)",65536,64,104,0,0,3,0,199.496746063
4,"map(alloc: a)",65536,64,104,0,0,17,0,218.152999878
4,"map(alloc: a)",65536,64,104,0,0,1,0,198.996067047
4,"map(alloc: a)",65536,64,104,0,0,44,0,241.804122925
4,"map(alloc: a)",65536,64,104,0,0,294,0,459.897518158
4,"map(alloc: a)",65536,64,104,0,0,3140,0,2920.603752136
4,"map(alloc: a)",65536,64,104,0,0,4,0,202.143192291
4,"map(alloc: a)",65536,64,104,0,0,1955,0,1907.753944397
4,"map(alloc: a)",65536,64,104,0,0,183,0,361.847877502
4,"map(alloc: a)",65536,64,104,0,0,8096,0,7320.499420166
4,"map(alloc: a)",65536,64,104,0,0,758,0,860.595703125
4,"map(alloc: a)",65536,64,104,0,0,71,0,264.942646027
4,"map(alloc: a)",65536,64,104,0,0,2,0,198.650360107
4,"map(alloc: a)",65536,64,104,0,0,11,0,211.453437805
4,"map(alloc: a)",65536,64,104,0,0,28,0,226.807594299
4,"map(alloc: a)",65536,64,104,0,0,5042,0,4628.551006317
4,"map(alloc: a)",65536,64,104,0,0,1218,0,1252.543926239
4,"map(alloc: a)",65536,64,104,0,0,472,0,619.006156921
4,"map(alloc: a)",65536,64,104,0,1,4,0,201.439857483
4,"map(alloc: a)",65536,64,104,0,1,1,0,198.698043823
4,"map(alloc: a)",65536,64,104,0,1,17,0,218.105316162
4,"map(alloc: a)",65536,64,104,0,1,28,0,226.700305939
4,"map(alloc: a)",65536,64,104,0,1,11,0,211.751461029
4,"map(alloc: a)",65536,64,104,0,1,3140,0,2957.248687744
4,"map(alloc: a)",65536,64,104,0,1,2,0,199.496746063
4,"map(alloc: a)",65536,64,104,0,1,758,0,867.044925690
4,"map(alloc: a)",65536,64,104,0,1,1218,0,1247.847080231
4,"map(alloc: a)",65536,64,104,0,1,44,0,242.602825165
4,"map(alloc: a)",65536,64,104,0,1,71,0,266.110897064
4,"map(alloc: a)",65536,64,104,0,1,114,0,301.301479340
4,"map(alloc: a)",65536,64,104,0,1,294,0,458.359718323
4,"map(alloc: a)",65536,64,104,0,1,7,0,202.846527100
4,"map(alloc: a)",65536,64,104,0,1,183,0,361.645221710
4,"map(alloc: a)",65536,64,104,0,1,8096,0,7300.353050232
4,"map(alloc: a)",65536,64,104,0,1,472,0,609.898567200
4,"map(alloc: a)",65536,64,104,0,1,1955,0,1901.102066040
4,"map(alloc: a)",65536,64,104,0,1,3,0,199.949741364
4,"map(alloc: a)",65536,64,104,0,1,5042,0,4588.997364044
4,"map(alloc: a)",65536,64,104,0,2,3,0,200.307369232
4,"map(alloc: a)",65536,64,104,0,2,44,0,241.649150848
4,"map(alloc: a)",65536,64,104,0,2,1,0,198.495388031
4,"map(alloc: a)",65536,64,104,0,2,183,0,363.850593567
4,"map(alloc: a)",65536,64,104,0,2,294,0,457.954406738
4,"map(alloc: a)",65536,64,104,0,2,5042,0,4591.095447540
4,"map(alloc: a)",65536,64,104,0,2,7,0,204.598903656
4,"map(alloc: a)",65536,64,104,0,2,8096,0,7266.390323639
4,"map(alloc: a)",65536,64,104,0,2,2,0,198.554992676
4,"map(alloc: a)",65536,64,104,0,2,114,0,302.743911743
4,"map(alloc: a)",65536,64,104,0,2,71,0,264.549255371
4,"map(alloc: a)",65536,64,104,0,2,1955,0,1905.453205109
4,"map(alloc: a)",65536,64,104,0,2,17,0,217.902660370
4,"map(alloc: a)",65536,64,104,0,2,472,0,613.796710968
4,"map(alloc: a)",65536,64,104,0,2,11,0,211.501121521
4,"map(alloc: a)",65536,64,104,0,2,1218,0,1255.452632904
4,"map(alloc: a)",65536,64,104,0,2,4,0,201.058387756
4,"map(alloc: a)",65536,64,104,0,2,3140,0,2941.310405731
4,"map(alloc: a)",65536,64,104,0,2,758,0,855.851173401
4,"map(alloc: a)",65536,64,104,0,2,28,0,227.200984955
4,"map(alloc: a)",65536,64,104,0,3,11,0,211.453437805
4,"map(alloc: a)",65536,64,104,0,3,4,0,201.249122620
4,"map(alloc: a)",65536,64,104,0,3,5042,0,4615.390300751
4,"map(alloc: a)",65536,64,104,0,3,183,0,362.801551819
4,"map(alloc: a)",65536,64,104,0,3,17,0,217.890739441
4,"map(alloc: a)",65536,64,104,0,3,3,0,199.353694916
4,"map(alloc: a)",65536,64,104,0,3,28,0,227.057933807
4,"map(alloc: a)",65536,64,104,0,3,1218,0,1269.447803497
4,"map(alloc: a)",65536,64,104,0,3,114,0,302.195549011
4,"map(alloc: a)",65536,64,104,0,3,758,0,861.752033234
4,"map(alloc: a)",65536,64,104,0,3,1955,0,1896.154880524
4,"map(alloc: a)",65536,64,104,0,3,472,0,612.246990204
4,"map(alloc: a)",65536,64,104,0,3,7,0,203.001499176
4,"map(alloc: a)",65536,64,104,0,3,44,0,241.553783417
4,"map(alloc: a)",65536,64,104,0,3,3140,0,2921.307086945
4,"map(alloc: a)",65536,64,104,0,3,8096,0,7324.957847595
4,"map(alloc: a)",65536,64,104,0,3,71,0,265.502929688
4,"map(alloc: a)",65536,64,104,0,3,1,0,198.590755463
4,"map(alloc: a)",65536,64,104,0,3,2,0,198.757648468
4,"map(alloc: a)",65536,64,104,0,3,294,0,457.894802094
4,"map(alloc: a)",65536,64,104,0,4,3,0,199.556350708
4,"map(alloc: a)",65536,64,104,0,4,8096,0,7324.802875519
4,"map(alloc: a)",65536,64,104,0,4,1,0,199.699401855
4,"map(alloc: a)",65536,64,104,0,4,28,0,227.105617523
4,"map(alloc: a)",65536,64,104,0,4,17,0,218.248367310
4,"map(alloc: a)",65536,64,104,0,4,5042,0,4581.201076508
4,"map(alloc: a)",65536,64,104,0,4,7,0,203.144550323
4,"map(alloc: a)",65536,64,104,0,4,114,0,302.290916443
4,"map(alloc: a)",65536,64,104,0,4,44,0,242.042541504
4,"map(alloc: a)",65536,64,104,0,4,2,0,198.698043823
4,"map(alloc: a)",65536,64,104,0,4,294,0,458.204746246
4,"map(alloc: a)",65536,64,104,0,4,758,0,864.052772522
4,"map(alloc: a)",65536,64,104,0,4,183,0,360.941886902
4,"map(alloc: a)",65536,64,104,0,4,4,0,201.499462128
4,"map(alloc: a)",65536,64,104,0,4,1218,0,1265.192031860
4,"map(alloc: a)",65536,64,104,0,4,71,0,265.192985535
4,"map(alloc: a)",65536,64,104,0,4,1955,0,1901.447772980
4,"map(alloc: a)",65536,64,104,0,4,11,0,211.799144745
4,"map(alloc: a)",65536,64,104,0,4,472,0,608.849525452
4,"map(alloc: a)",65536,64,104,0,4,3140,0,2962.899208069
4,"map(alloc: a)",65536,64,104,1,0,2,0,199.842453003
4,"map(alloc: a)",65536,64,104,1,0,4,0,201.392173767
4,"map(alloc: a)",65536,64,104,1,0,472,0,614.094734192
4,"map(alloc: a)",65536,64,104,1,0,3140,0,2938.854694366
4,"map(alloc: a)",65536,64,104,1,0,183,0,362.706184387
4,"map(alloc: a)",65536,64,104,1,0,28,0,227.248668671
4,"map(alloc: a)",65536,64,104,1,0,71,0,264.644622803
4,"map(alloc: a)",65536,64,104,1,0,1218,0,1269.209384918
4,"map(alloc: a)",65536,64,104,1,0,294,0,459.599494934
4,"map(alloc: a)",65536,64,104,1,0,1,0,198.948383331
4,"map(alloc: a)",65536,64,104,1,0,7,0,203.490257263
4,"map(alloc: a)",65536,64,104,1,0,1955,0,1885.044574738
4,"map(alloc: a)",65536,64,104,1,0,758,0,857.400894165
4,"map(alloc: a)",65536,64,104,1,0,114,0,303.554534912
4,"map(alloc: a)",65536,64,104,1,0,11,0,211.346149445
4,"map(alloc: a)",65536,64,104,1,0,3,0,199.449062347
4,"map(alloc: a)",65536,64,104,1,0,8096,0,7210.493087769
4,"map(alloc: a)",65536,64,104,1,0,44,0,242.745876312
4,"map(alloc: a)",65536,64,104,1,0,17,0,218.260288239
4,"map(alloc: a)",65536,64,104,1,0,5042,0,4549.801349640
4,"map(alloc: a)",65536,64,104,1,1,758,0,863.242149353
4,"map(alloc: a)",65536,64,104,1,1,3,0,199.699401855
4,"map(alloc: a)",65536,64,104,1,1,3140,0,2929.008007050
4,"map(alloc: a)",65536,64,104,1,1,1955,0,1934.206485748
4,"map(alloc: a)",65536,64,104,1,1,44,0,241.744518280
4,"map(alloc: a)",65536,64,104,1,1,17,0,217.747688293
4,"map(alloc: a)",65536,64,104,1,1,294,0,459.253787994
4,"map(alloc: a)",65536,64,104,1,1,28,0,226.747989655
4,"map(alloc: a)",65536,64,104,1,1,114,0,302.445888519
4,"map(alloc: a)",65536,64,104,1,1,2,0,198.507308960
4,"map(alloc: a)",65536,64,104,1,1,7,0,203.156471252
4,"map(alloc: a)",65536,64,104,1,1,183,0,363.409519196
4,"map(alloc: a)",65536,64,104,1,1,8096,0,7202.708721161
4,"map(alloc: a)",65536,64,104,1,1,11,0,211.548805237
4,"map(alloc: a)",65536,64,104,1,1,1,0,198.554992676
4,"map(alloc: a)",65536,64,104,1,1,1218,0,1253.056526184
4,"map(alloc: a)",65536,64,104,1,1,472,0,613.749027252
4,"map(alloc: a)",65536,64,104,1,1,71,0,265.347957611
4,"map(alloc: a)",65536,64,104,1,1,5042,0,4572.296142578
4,"map(alloc: a)",65536,64,104,1,1,4,0,201.356410980
4,"map(alloc: a)",65536,64,104,1,2,2,0,198.495388031
4,"map(alloc: a)",65536,64,104,1,2,71,0,264.704227448
4,"map(alloc: a)",65536,64,104,1,2,17,0,218.093395233
4,"map(alloc: a)",65536,64,104,1,2,472,0,611.352920532
4,"map(alloc: a)",65536,64,104,1,2,5042,0,4625.439643860
4,"map(alloc: a)",65536,64,104,1,2,28,0,227.260589600
4,"map(alloc: a)",65536,64,104,1,2,44,0,241.351127625
4,"map(alloc: a)",65536,64,104,1,2,1218,0,1268.649101257
4,"map(alloc: a)",65536,64,104,1,2,4,0,201.201438904
4,"map(alloc: a)",65536,64,104,1,2,1955,0,1902.353763580
4,"map(alloc: a)",65536,64,104,1,2,183,0,363.993644714
4,"map(alloc: a)",65536,64,104,1,2,7,0,203.001499176
4,"map(alloc: a)",65536,64,104,1,2,758,0,863.957405090
4,"map(alloc: a)",65536,64,104,1,2,1,0,198.554992676
4,"map(alloc: a)",65536,64,104,1,2,3140,0,2920.258045197
4,"map(alloc: a)",65536,64,104,1,2,8096,0,7310.903072357
4,"map(alloc: a)",65536,64,104,1,2,3,0,199.854373932
4,"map(alloc: a)",65536,64,104,1,2,114,0,302.851200104
4,"map(alloc: a)",65536,64,104,1,2,11,0,211.596488953
4,"map(alloc: a)",65536,64,104,1,2,294,0,458.908081055
4,"map(alloc: a)",65536,64,104,1,3,1,0,198.554992676
4,"map(alloc: a)",65536,64,104,1,3,17,0,217.998027802
4,"map(alloc: a)",65536,64,104,1,3,294,0,457.000732422
4,"map(alloc: a)",65536,64,104,1,3,5042,0,4644.501209259
4,"map(alloc: a)",65536,64,104,1,3,114,0,302.803516388
4,"map(alloc: a)",65536,64,104,1,3,28,0,227.046012878
4,"map(alloc: a)",65536,64,104,1,3,1218,0,1259.946823120
4,"map(alloc: a)",65536,64,104,1,3,2,0,198.650360107
4,"map(alloc: a)",65536,64,104,1,3,3,0,199.353694916
4,"map(alloc: a)",65536,64,104,1,3,4,0,201.249122620
4,"map(alloc: a)",65536,64,104,1,3,758,0,858.008861542
4,"map(alloc: a)",65536,64,104,1,3,11,0,211.656093597
4,"map(alloc: a)",65536,64,104,1,3,44,0,241.708755493
4,"map(alloc: a)",65536,64,104,1,3,472,0,613.248348236
4,"map(alloc: a)",65536,64,104,1,3,7,0,203.549861908
4,"map(alloc: a)",65536,64,104,1,3,1955,0,1880.896091461
4,"map(alloc: a)",65536,64,104,1,3,71,0,265.896320343
4,"map(alloc: a)",65536,64,104,1,3,183,0,363.457202911
4,"map(alloc: a)",65536,64,104,1,3,8096,0,7220.244407654
4,"map(alloc: a)",65536,64,104,1,3,3140,0,2962.994575500
4,"map(alloc: a)",65536,64,104,1,4,472,0,611.603260040
4,"map(alloc: a)",65536,64,104,1,4,71,0,264.799594879
4,"map(alloc: a)",65536,64,104,1,4,1,0,198.745727539
4,"map(alloc: a)",65536,64,104,1,4,11,0,211.703777313
4,"map(alloc: a)",65536,64,104,1,4,4,0,201.308727264
4,"map(alloc: a)",65536,64,104,1,4,3140,0,2937.698364258
4,"map(alloc: a)",65536,64,104,1,4,28,0,227.046012878
4,"map(alloc: a)",65536,64,104,1,4,1218,0,1270.949840546
4,"map(alloc: a)",65536,64,104,1,4,2,0,198.590755463
4,"map(alloc: a)",65536,64,104,1,4,183,0,361.895561218
4,"map(alloc: a)",65536,64,104,1,4,5042,0,4602.539539337
4,"map(alloc: a)",65536,64,104,1,4,114,0,303.947925568
4,"map(alloc: a)",65536,64,104,1,4,3,0,199.496746063
4,"map(alloc: a)",65536,64,104,1,4,44,0,241.899490356
4,"map(alloc: a)",65536,64,104,1,4,758,0,857.400894165
4,"map(alloc: a)",65536,64,104,1,4,8096,0,7255.744934082
4,"map(alloc: a)",65536,64,104,1,4,1955,0,1891.744136810
4,"map(alloc: a)",65536,64,104,1,4,294,0,459.504127502
4,"map(alloc: a)",65536,64,104,1,4,7,0,203.108787537
4,"map(alloc: a)",65536,64,104,1,4,17,0,218.296051025
4,"map(alloc: a)",262144,64,104,0,0,7,0,497.245788574
4,"map(alloc: a)",262144,64,104,0,0,114,0,557.351112366
4,"map(alloc: a)",262144,64,104,0,0,3,0,481.557846069
4,"map(alloc: a)",262144,64,104,0,0,17,0,499.951839447
4,"map(alloc: a)",262144,64,104,0,0,1,0,494.408607483
4,"map(alloc: a)",262144,64,104,0,0,44,0,505.304336548
4,"map(alloc: a)",262144,64,104,0,0,294,0,718.557834625
4,"map(alloc: a)",262144,64,104,0,0,3140,0,3187.549114227
4,"map(alloc: a)",262144,64,104,0,0,4,0,482.499599457
4,"map(alloc: a)",262144,64,104,0,0,1955,0,2161.347866058
4,"map(alloc: a)",262144,64,104,0,0,183,0,628.650188446
4,"map(alloc: a)",262144,64,104,0,0,8096,0,7504.057884216
4,"map(alloc: a)",262144,64,104,0,0,758,0,1119.303703308
4,"map(alloc: a)",262144,64,104,0,0,71,0,506.746768951
4,"map(alloc: a)",262144,64,104,0,0,2,0,491.547584534
4,"map(alloc: a)",262144,64,104,0,0,11,0,497.150421143
4,"map(alloc: a)",262144,64,104,0,0,28,0,502.049922943
4,"map(alloc: a)",262144,64,104,0,0,5042,0,4833.149909973
4,"map(alloc: a)",262144,64,104,0,0,1218,0,1511.299610138
4,"map(alloc: a)",262144,64,104,0,0,472,0,986.456871033
4,"map(alloc: a)",262144,64,104,0,1,4,0,499.999523163
4,"map(alloc: a)",262144,64,104,0,1,1,0,494.897365570
4,"map(alloc: a)",262144,64,104,0,1,17,0,502.896308899
4,"map(alloc: a)",262144,64,104,0,1,28,0,499.296188354
4,"map(alloc: a)",262144,64,104,0,1,11,0,502.955913544
4,"map(alloc: a)",262144,64,104,0,1,3140,0,3175.401687622
4,"map(alloc: a)",262144,64,104,0,1,2,0,483.548641205
4,"map(alloc: a)",262144,64,104,0,1,758,0,1107.203960419
4,"map(alloc: a)",262144,64,104,0,1,1218,0,1499.855518341
4,"map(alloc: a)",262144,64,104,0,1,44,0,504.553318024
4,"map(alloc: a)",262144,64,104,0,1,71,0,503.504276276
4,"map(alloc: a)",262144,64,104,0,1,114,0,554.502010345
4,"map(alloc: a)",262144,64,104,0,1,294,0,720.500946045
4,"map(alloc: a)",262144,64,104,0,1,7,0,490.808486938
4,"map(alloc: a)",262144,64,104,0,1,183,0,633.752346039
4,"map(alloc: a)",262144,64,104,0,1,8096,0,7504.045963287
4,"map(alloc: a)",262144,64,104,0,1,472,0,982.546806335
4,"map(alloc: a)",262144,64,104,0,1,1955,0,2134.752273560
4,"map(alloc: a)",262144,64,104,0,1,3,0,488.448143005
4,"map(alloc: a)",262144,64,104,0,1,5042,0,4857.742786407
4,"map(alloc: a)",262144,64,104,0,2,3,0,504.255294800
4,"map(alloc: a)",262144,64,104,0,2,44,0,501.549243927
4,"map(alloc: a)",262144,64,104,0,2,1,0,493.693351746
4,"map(alloc: a)",262144,64,104,0,2,183,0,642.752647400
4,"map(alloc: a)",262144,64,104,0,2,294,0,720.703601837
4,"map(alloc: a)",262144,64,104,0,2,5042,0,4796.254634857
4,"map(alloc: a)",262144,64,104,0,2,7,0,498.056411743
4,"map(alloc: a)",262144,64,104,0,2,8096,0,7432.651519775
4,"map(alloc: a)",262144,64,104,0,2,2,0,502.550601959
4,"map(alloc: a)",262144,64,104,0,2,114,0,559.449195862
4,"map(alloc: a)",262144,64,104,0,2,71,0,500.798225403
4,"map(alloc: a)",262144,64,104,0,2,1955,0,2148.544788361
4,"map(alloc: a)",262144,64,104,0,2,17,0,486.505031586
4,"map(alloc: a)",262144,64,104,0,2,472,0,971.257686615
4,"map(alloc: a)",262144,64,104,0,2,11,0,501.251220703
4,"map(alloc: a)",262144,64,104,0,2,1218,0,1514.101028442
4,"map(alloc: a)",262144,64,104,0,2,4,0,487.959384918
4,"map(alloc: a)",262144,64,104,0,2,3140,0,3192.389011383
4,"map(alloc: a)",262144,64,104,0,2,758,0,1116.299629211
4,"map(alloc: a)",262144,64,104,0,2,28,0,485.301017761
4,"map(alloc: a)",262144,64,104,0,3,11,0,503.396987915
4,"map(alloc: a)",262144,64,104,0,3,4,0,493.896007538
4,"map(alloc: a)",262144,64,104,0,3,5042,0,4853.343963623
4,"map(alloc: a)",262144,64,104,0,3,183,0,647.950172424
4,"map(alloc: a)",262144,64,104,0,3,17,0,488.042831421
4,"map(alloc: a)",262144,64,104,0,3,3,0,485.694408417
4,"map(alloc: a)",262144,64,104,0,3,28,0,505.602359772
4,"map(alloc: a)",262144,64,104,0,3,1218,0,1501.297950745
4,"map(alloc: a)",262144,64,104,0,3,114,0,568.354129791
4,"map(alloc: a)",262144,64,104,0,3,758,0,1110.398769379
4,"map(alloc: a)",262144,64,104,0,3,1955,0,2160.501480103
4,"map(alloc: a)",262144,64,104,0,3,472,0,992.155075073
4,"map(alloc: a)",262144,64,104,0,3,7,0,481.343269348
4,"map(alloc: a)",262144,64,104,0,3,44,0,507.044792175
4,"map(alloc: a)",262144,64,104,0,3,3140,0,3171.849250793
4,"map(alloc: a)",262144,64,104,0,3,8096,0,7485.449314117
4,"map(alloc: a)",262144,64,104,0,3,71,0,506.496429443
4,"map(alloc: a)",262144,64,104,0,3,1,0,487.053394318
4,"map(alloc: a)",262144,64,104,0,3,2,0,499.153137207
4,"map(alloc: a)",262144,64,104,0,3,294,0,718.855857849
4,"map(alloc: a)",262144,64,104,0,4,3,0,505.852699280
4,"map(alloc: a)",262144,64,104,0,4,8096,0,7463.145256042
4,"map(alloc: a)",262144,64,104,0,4,1,0,500.702857971
4,"map(alloc: a)",262144,64,104,0,4,28,0,504.100322723
4,"map(alloc: a)",262144,64,104,0,4,17,0,497.901439667
4,"map(alloc: a)",262144,64,104,0,4,5042,0,4831.802845001
4,"map(alloc: a)",262144,64,104,0,4,7,0,506.651401520
4,"map(alloc: a)",262144,64,104,0,4,114,0,557.148456573
4,"map(alloc: a)",262144,64,104,0,4,44,0,489.246845245
4,"map(alloc: a)",262144,64,104,0,4,2,0,497.198104858
4,"map(alloc: a)",262144,64,104,0,4,294,0,725.293159485
4,"map(alloc: a)",262144,64,104,0,4,758,0,1118.445396423
4,"map(alloc: a)",262144,64,104,0,4,183,0,656.843185425
4,"map(alloc: a)",262144,64,104,0,4,4,0,487.697124481
4,"map(alloc: a)",262144,64,104,0,4,1218,0,1495.444774628
4,"map(alloc: a)",262144,64,104,0,4,71,0,509.047508240
4,"map(alloc: a)",262144,64,104,0,4,1955,0,2165.293693542
4,"map(alloc: a)",262144,64,104,0,4,11,0,499.892234802
4,"map(alloc: a)",262144,64,104,0,4,472,0,972.449779510
4,"map(alloc: a)",262144,64,104,0,4,3140,0,3196.990489960
4,"map(alloc: a)",262144,64,104,1,0,2,0,493.240356445
4,"map(alloc: a)",262144,64,104,1,0,4,0,503.349304199
4,"map(alloc: a)",262144,64,104,1,0,472,0,995.004177094
4,"map(alloc: a)",262144,64,104,1,0,3140,0,3201.556205750
4,"map(alloc: a)",262144,64,104,1,0,183,0,648.343563080
4,"map(alloc: a)",262144,64,104,1,0,28,0,506.603717804
4,"map(alloc: a)",262144,64,104,1,0,71,0,503.301620483
4,"map(alloc: a)",262144,64,104,1,0,1218,0,1497.447490692
4,"map(alloc: a)",262144,64,104,1,0,294,0,726.091861725
4,"map(alloc: a)",262144,64,104,1,0,1,0,484.502315521
4,"map(alloc: a)",262144,64,104,1,0,7,0,502.347946167
4,"map(alloc: a)",262144,64,104,1,0,1955,0,2172.100543976
4,"map(alloc: a)",262144,64,104,1,0,758,0,1105.952262878
4,"map(alloc: a)",262144,64,104,1,0,114,0,558.209419250
4,"map(alloc: a)",262144,64,104,1,0,11,0,483.906269073
4,"map(alloc: a)",262144,64,104,1,0,3,0,503.396987915
4,"map(alloc: a)",262144,64,104,1,0,8096,0,7575.750350952
4,"map(alloc: a)",262144,64,104,1,0,44,0,491.106510162
4,"map(alloc: a)",262144,64,104,1,0,17,0,499.856472015
4,"map(alloc: a)",262144,64,104,1,0,5042,0,4844.701290131
4,"map(alloc: a)",262144,64,104,1,1,758,0,1113.891601562
4,"map(alloc: a)",262144,64,104,1,1,3,0,552.845001221
4,"map(alloc: a)",262144,64,104,1,1,3140,0,3171.205520630
4,"map(alloc: a)",262144,64,104,1,1,1955,0,2144.002914429
4,"map(alloc: a)",262144,64,104,1,1,44,0,498.855113983
4,"map(alloc: a)",262144,64,104,1,1,17,0,493.502616882
4,"map(alloc: a)",262144,64,104,1,1,294,0,719.106197357
4,"map(alloc: a)",262144,64,104,1,1,28,0,493.204593658
4,"map(alloc: a)",262144,64,104,1,1,114,0,553.953647614
4,"map(alloc: a)",262144,64,104,1,1,2,0,484.502315521
4,"map(alloc: a)",262144,64,104,1,1,7,0,494.194030762
4,"map(alloc: a)",262144,64,104,1,1,183,0,641.500949860
4,"map(alloc: a)",262144,64,104,1,1,8096,0,7545.351982117
4,"map(alloc: a)",262144,64,104,1,1,11,0,485.539436340
4,"map(alloc: a)",262144,64,104,1,1,1,0,504.350662231
4,"map(alloc: a)",262144,64,104,1,1,1218,0,1508.450508118
4,"map(alloc: a)",262144,64,104,1,1,472,0,963.795185089
4,"map(alloc: a)",262144,64,104,1,1,71,0,504.100322723
4,"map(alloc: a)",262144,64,104,1,1,5042,0,4853.045940399
4,"map(alloc: a)",262144,64,104,1,1,4,0,504.004955292
4,"map(alloc: a)",262144,64,104,1,2,2,0,497.794151306
4,"map(alloc: a)",262144,64,104,1,2,71,0,499.951839447
4,"map(alloc: a)",262144,64,104,1,2,17,0,493.192672729
4,"map(alloc: a)",262144,64,104,1,2,472,0,993.895530701
4,"map(alloc: a)",262144,64,104,1,2,5042,0,4870.951175690
4,"map(alloc: a)",262144,64,104,1,2,28,0,492.095947266
4,"map(alloc: a)",262144,64,104,1,2,44,0,499.451160431
4,"map(alloc: a)",262144,64,104,1,2,1218,0,1507.997512817
4,"map(alloc: a)",262144,64,104,1,2,4,0,485.646724701
4,"map(alloc: a)",262144,64,104,1,2,1955,0,2162.301540375
4,"map(alloc: a)",262144,64,104,1,2,183,0,624.191761017
4,"map(alloc: a)",262144,64,104,1,2,7,0,503.003597260
4,"map(alloc: a)",262144,64,104,1,2,758,0,1114.797592163
4,"map(alloc: a)",262144,64,104,1,2,1,0,499.439239502
4,"map(alloc: a)",262144,64,104,1,2,3140,0,3195.953369141
4,"map(alloc: a)",262144,64,104,1,2,8096,0,7435.595989227
4,"map(alloc: a)",262144,64,104,1,2,3,0,502.598285675
4,"map(alloc: a)",262144,64,104,1,2,114,0,553.750991821
4,"map(alloc: a)",262144,64,104,1,2,11,0,497.400760651
4,"map(alloc: a)",262144,64,104,1,2,294,0,710.606575012
4,"map(alloc: a)",262144,64,104,1,3,1,0,489.008426666
4,"map(alloc: a)",262144,64,104,1,3,17,0,500.559806824
4,"map(alloc: a)",262144,64,104,1,3,294,0,719.857215881
4,"map(alloc: a)",262144,64,104,1,3,5042,0,4813.754558563
4,"map(alloc: a)",262144,64,104,1,3,114,0,560.200214386
4,"map(alloc: a)",262144,64,104,1,3,28,0,505.506992340
4,"map(alloc: a)",262144,64,104,1,3,1218,0,1491.951942444
4,"map(alloc: a)",262144,64,104,1,3,2,0,482.845306396
4,"map(alloc: a)",262144,64,104,1,3,3,0,499.606132507
4,"map(alloc: a)",262144,64,104,1,3,4,0,498.843193054
4,"map(alloc: a)",262144,64,104,1,3,758,0,1108.705997467
4,"map(alloc: a)",262144,64,104,1,3,11,0,506.651401520
4,"map(alloc: a)",262144,64,104,1,3,44,0,499.451160431
4,"map(alloc: a)",262144,64,104,1,3,472,0,967.800617218
4,"map(alloc: a)",262144,64,104,1,3,7,0,506.401062012
4,"map(alloc: a)",262144,64,104,1,3,1955,0,2179.896831512
4,"map(alloc: a)",262144,64,104,1,3,71,0,502.347946167
4,"map(alloc: a)",262144,64,104,1,3,183,0,651.645660400
4,"map(alloc: a)",262144,64,104,1,3,8096,0,7522.141933441
4,"map(alloc: a)",262144,64,104,1,3,3140,0,3182.601928711
4,"map(alloc: a)",262144,64,104,1,4,472,0,954.997539520
4,"map(alloc: a)",262144,64,104,1,4,71,0,507.247447968
4,"map(alloc: a)",262144,64,104,1,4,1,0,492.954254150
4,"map(alloc: a)",262144,64,104,1,4,11,0,504.410266876
4,"map(alloc: a)",262144,64,104,1,4,4,0,496.900081635
4,"map(alloc: a)",262144,64,104,1,4,3140,0,3200.697898865
4,"map(alloc: a)",262144,64,104,1,4,28,0,497.245788574
4,"map(alloc: a)",262144,64,104,1,4,1218,0,1505.994796753
4,"map(alloc: a)",262144,64,104,1,4,2,0,489.103794098
4,"map(alloc: a)",262144,64,104,1,4,183,0,658.249855042
4,"map(alloc: a)",262144,64,104,1,4,5042,0,4895.901679993
4,"map(alloc: a)",262144,64,104,1,4,114,0,560.700893402
4,"map(alloc: a)",262144,64,104,1,4,3,0,489.246845245
4,"map(alloc: a)",262144,64,104,1,4,44,0,495.994091034
4,"map(alloc: a)",262144,64,104,1,4,758,0,1113.593578339
4,"map(alloc: a)",262144,64,104,1,4,8096,0,7430.648803711
4,"map(alloc: a)",262144,64,104,1,4,1955,0,2180.445194244
4,"map(alloc: a)",262144,64,104,1,4,294,0,725.245475769
4,"map(alloc: a)",262144,64,104,1,4,7,0,500.357151031
4,"map(alloc: a)",262144,64,104,1,4,17,0,504.553318024
4,"map(alloc: a)",1048576,64,104,0,0,7,0,496.304035187
4,"map(alloc: a)",1048576,64,104,0,0,114,0,556.707382202
4,"map(alloc: a)",1048576,64,104,0,0,3,0,505.602359772
4,"map(alloc: a)",1048576,64,104,0,0,17,0,495.648384094
4,"map(alloc: a)",1048576,64,104,0,0,1,0,500.655174255
4,"map(alloc: a)",1048576,64,104,0,0,44,0,485.646724701
4,"map(alloc: a)",1048576,64,104,0,0,294,0,714.743137360
4,"map(alloc: a)",1048576,64,104,0,0,3140,0,3199.946880341
4,"map(alloc: a)",1048576,64,104,0,0,4,0,497.496128082
4,"map(alloc: a)",1048576,64,104,0,0,1955,0,2158.606052399
4,"map(alloc: a)",1048576,64,104,0,0,183,0,665.104389191
4,"map(alloc: a)",1048576,64,104,0,0,8096,0,7377.040386200
4,"map(alloc: a)",1048576,64,104,0,0,758,0,1120.591163635
4,"map(alloc: a)",1048576,64,104,0,0,71,0,513.505935669
4,"map(alloc: a)",1048576,64,104,0,0,2,0,492.346286774
4,"map(alloc: a)",1048576,64,104,0,0,11,0,506.198406219
4,"map(alloc: a)",1048576,64,104,0,0,28,0,500.702857971
4,"map(alloc: a)",1048576,64,104,0,0,5042,0,4806.101322174
4,"map(alloc: a)",1048576,64,104,0,0,1218,0,1515.901088715
4,"map(alloc: a)",1048576,64,104,0,0,472,0,977.754592896
4,"map(alloc: a)",1048576,64,104,0,1,4,0,501.751899719
4,"map(alloc: a)",1048576,64,104,0,1,1,0,482.797622681
4,"map(alloc: a)",1048576,64,104,0,1,17,0,499.641895294
4,"map(alloc: a)",1048576,64,104,0,1,28,0,495.147705078
4,"map(alloc: a)",1048576,64,104,0,1,11,0,503.289699554
4,"map(alloc: a)",1048576,64,104,0,1,3140,0,3170.192241669
4,"map(alloc: a)",1048576,64,104,0,1,2,0,484.192371368
4,"map(alloc: a)",1048576,64,104,0,1,758,0,1106.548309326
4,"map(alloc: a)",1048576,64,104,0,1,1218,0,1514.351367950
4,"map(alloc: a)",1048576,64,104,0,1,44,0,508.344173431
4,"map(alloc: a)",1048576,64,104,0,1,71,0,513.648986816
4,"map(alloc: a)",1048576,64,104,0,1,114,0,556.242465973
4,"map(alloc: a)",1048576,64,104,0,1,294,0,720.250606537
4,"map(alloc: a)",1048576,64,104,0,1,7,0,495.195388794
4,"map(alloc: a)",1048576,64,104,0,1,183,0,644.195079803
4,"map(alloc: a)",1048576,64,104,0,1,8096,0,7336.699962616
4,"map(alloc: a)",1048576,64,104,0,1,472,0,996.100902557
4,"map(alloc: a)",1048576,64,104,0,1,1955,0,2147.006988525
4,"map(alloc: a)",1048576,64,104,0,1,3,0,481.057167053
4,"map(alloc: a)",1048576,64,104,0,1,5042,0,4855.048656464
4,"map(alloc: a)",1048576,64,104,0,2,3,0,483.143329620
4,"map(alloc: a)",1048576,64,104,0,2,44,0,507.092475891
4,"map(alloc: a)",1048576,64,104,0,2,1,0,494.801998138
4,"map(alloc: a)",1048576,64,104,0,2,183,0,628.447532654
4,"map(alloc: a)",1048576,64,104,0,2,294,0,719.249248505
4,"map(alloc: a)",1048576,64,104,0,2,5042,0,4798.746109009
4,"map(alloc: a)",1048576,64,104,0,2,7,0,490.295886993
4,"map(alloc: a)",1048576,64,104,0,2,8096,0,7473.993301392
4,"map(alloc: a)",1048576,64,104,0,2,2,0,497.400760651
4,"map(alloc: a)",1048576,64,104,0,2,114,0,563.442707062
4,"map(alloc: a)",1048576,64,104,0,2,71,0,499.892234802
4,"map(alloc: a)",1048576,64,104,0,2,1955,0,2149.200439453
4,"map(alloc: a)",1048576,64,104,0,2,17,0,492.453575134
4,"map(alloc: a)",1048576,64,104,0,2,472,0,991.308689117
4,"map(alloc: a)",1048576,64,104,0,2,11,0,503.754615784
4,"map(alloc: a)",1048576,64,104,0,2,1218,0,1506.149768829
4,"map(alloc: a)",1048576,64,104,0,2,4,0,493.299961090
4,"map(alloc: a)",1048576,64,104,0,2,3140,0,3175.306320190
4,"map(alloc: a)",1048576,64,104,0,2,758,0,1113.450527191
4,"map(alloc: a)",1048576,64,104,0,2,28,0,482.952594757
4,"map(alloc: a)",1048576,64,104,0,3,11,0,498.104095459
4,"map(alloc: a)",1048576,64,104,0,3,4,0,495.803356171
4,"map(alloc: a)",1048576,64,104,0,3,5042,0,4861.843585968
4,"map(alloc: a)",1048576,64,104,0,3,183,0,623.297691345
4,"map(alloc: a)",1048576,64,104,0,3,17,0,494.396686554
4,"map(alloc: a)",1048576,64,104,0,3,3,0,493.550300598
4,"map(alloc: a)",1048576,64,104,0,3,28,0,504.803657532
4,"map(alloc: a)",1048576,64,104,0,3,1218,0,1497.948169708
4,"map(alloc: a)",1048576,64,104,0,3,114,0,556.409358978
4,"map(alloc: a)",1048576,64,104,0,3,758,0,1107.239723206
4,"map(alloc: a)",1048576,64,104,0,3,1955,0,2148.199081421
4,"map(alloc: a)",1048576,64,104,0,3,472,0,969.755649567
4,"map(alloc: a)",1048576,64,104,0,3,7,0,504.994392395
4,"map(alloc: a)",1048576,64,104,0,3,44,0,506.341457367
4,"map(alloc: a)",1048576,64,104,0,3,3140,0,3201.448917389
4,"map(alloc: a)",1048576,64,104,0,3,8096,0,7383.000850677
4,"map(alloc: a)",1048576,64,104,0,3,71,0,512.647628784
4,"map(alloc: a)",1048576,64,104,0,3,1,0,492.894649506
4,"map(alloc: a)",1048576,64,104,0,3,2,0,503.349304199
4,"map(alloc: a)",1048576,64,104,0,3,294,0,707.900524139
4,"map(alloc: a)",1048576,64,104,0,4,3,0,491.309165955
4,"map(alloc: a)",1048576,64,104,0,4,8096,0,7498.955726624
4,"map(alloc: a)",1048576,64,104,0,4,1,0,501.096248627
4,"map(alloc: a)",1048576,64,104,0,4,28,0,500.297546387
4,"map(alloc: a)",1048576,64,104,0,4,17,0,504.648685455
4,"map(alloc: a)",1048576,64,104,0,4,5042,0,4807.698726654
4,"map(alloc: a)",1048576,64,104,0,4,7,0,486.755371094
4,"map(alloc: a)",1048576,64,104,0,4,114,0,555.944442749
4,"map(alloc: a)",1048576,64,104,0,4,44,0,497.603416443
4,"map(alloc: a)",1048576,64,104,0,4,2,0,494.849681854
4,"map(alloc: a)",1048576,64,104,0,4,294,0,720.143318176
4,"map(alloc: a)",1048576,64,104,0,4,758,0,1111.149787903
4,"map(alloc: a)",1048576,64,104,0,4,183,0,630.998611450
4,"map(alloc: a)",1048576,64,104,0,4,4,0,491.642951965
4,"map(alloc: a)",1048576,64,104,0,4,1218,0,1506.698131561
4,"map(alloc: a)",1048576,64,104,0,4,71,0,504.553318024
4,"map(alloc: a)",1048576,64,104,0,4,1955,0,2143.001556396
4,"map(alloc: a)",1048576,64,104,0,4,11,0,490.748882294
4,"map(alloc: a)",1048576,64,104,0,4,472,0,973.498821259
4,"map(alloc: a)",1048576,64,104,0,4,3140,0,3156.900405884
4,"map(alloc: a)",1048576,64,104,1,0,2,0,491.201877594
4,"map(alloc: a)",1048576,64,104,1,0,4,0,505.447387695
4,"map(alloc: a)",1048576,64,104,1,0,472,0,993.347167969
4,"map(alloc: a)",1048576,64,104,1,0,3140,0,3174.054622650
4,"map(alloc: a)",1048576,64,104,1,0,183,0,621.950626373
4,"map(alloc: a)",1048576,64,104,1,0,28,0,507.795810699
4,"map(alloc: a)",1048576,64,104,1,0,71,0,504.755973816
4,"map(alloc: a)",1048576,64,104,1,0,1218,0,1498.794555664
4,"map(alloc: a)",1048576,64,104,1,0,294,0,720.846652985
4,"map(alloc: a)",1048576,64,104,1,0,1,0,496.995449066
4,"map(alloc: a)",1048576,64,104,1,0,7,0,505.304336548
4,"map(alloc: a)",1048576,64,104,1,0,1955,0,2132.093906403
4,"map(alloc: a)",1048576,64,104,1,0,758,0,1117.253303528
4,"map(alloc: a)",1048576,64,104,1,0,114,0,568.854808807
4,"map(alloc: a)",1048576,64,104,1,0,11,0,488.948822021
4,"map(alloc: a)",1048576,64,104,1,0,3,0,501.501560211
4,"map(alloc: a)",1048576,64,104,1,0,8096,0,7549.953460693
4,"map(alloc: a)",1048576,64,104,1,0,44,0,503.146648407
4,"map(alloc: a)",1048576,64,104,1,0,17,0,501.298904419
4,"map(alloc: a)",1048576,64,104,1,0,5042,0,4847.943782806
4,"map(alloc: a)",1048576,64,104,1,1,758,0,1133.799552917
4,"map(alloc: a)",1048576,64,104,1,1,3,0,485.146045685
4,"map(alloc: a)",1048576,64,104,1,1,3140,0,3202.652931213
4,"map(alloc: a)",1048576,64,104,1,1,1955,0,2153.253555298
4,"map(alloc: a)",1048576,64,104,1,1,44,0,487.446784973
4,"map(alloc: a)",1048576,64,104,1,1,17,0,496.757030487
4,"map(alloc: a)",1048576,64,104,1,1,294,0,720.858573914
4,"map(alloc: a)",1048576,64,104,1,1,28,0,505.793094635
4,"map(alloc: a)",1048576,64,104,1,1,114,0,563.645362854
4,"map(alloc: a)",1048576,64,104,1,1,2,0,486.004352570
4,"map(alloc: a)",1048576,64,104,1,1,7,0,497.198104858
4,"map(alloc: a)",1048576,64,104,1,1,183,0,699.639320374
4,"map(alloc: a)",1048576,64,104,1,1,8096,0,7569.408416748
4,"map(alloc: a)",1048576,64,104,1,1,11,0,501.704216003
4,"map(alloc: a)",1048576,64,104,1,1,1,0,502.443313599
4,"map(alloc: a)",1048576,64,104,1,1,1218,0,1505.005359650
4,"map(alloc: a)",1048576,64,104,1,1,472,0,967.144966125
4,"map(alloc: a)",1048576,64,104,1,1,71,0,513.792037964
4,"map(alloc: a)",1048576,64,104,1,1,5042,0,4832.053184509
4,"map(alloc: a)",1048576,64,104,1,1,4,0,484.049320221
4,"map(alloc: a)",1048576,64,104,1,2,2,0,500.309467316
4,"map(alloc: a)",1048576,64,104,1,2,71,0,507.044792175
4,"map(alloc: a)",1048576,64,104,1,2,17,0,491.642951965
4,"map(alloc: a)",1048576,64,104,1,2,472,0,962.698459625
4,"map(alloc: a)",1048576,64,104,1,2,5042,0,4774.057865143
4,"map(alloc: a)",1048576,64,104,1,2,28,0,502.502918243
4,"map(alloc: a)",1048576,64,104,1,2,44,0,500.547885895
4,"map(alloc: a)",1048576,64,104,1,2,1218,0,1505.148410797
4,"map(alloc: a)",1048576,64,104,1,2,4,0,494.146347046
4,"map(alloc: a)",1048576,64,104,1,2,1955,0,2129.399776459
4,"map(alloc: a)",1048576,64,104,1,2,183,0,651.049613953
4,"map(alloc: a)",1048576,64,104,1,2,7,0,487.601757050
4,"map(alloc: a)",1048576,64,104,1,2,758,0,1113.748550415
4,"map(alloc: a)",1048576,64,104,1,2,1,0,487.661361694
4,"map(alloc: a)",1048576,64,104,1,2,3140,0,3194.248676300
4,"map(alloc: a)",1048576,64,104,1,2,8096,0,7418.203353882
4,"map(alloc: a)",1048576,64,104,1,2,3,0,504.696369171
4,"map(alloc: a)",1048576,64,104,1,2,114,0,562.059879303
4,"map(alloc: a)",1048576,64,104,1,2,11,0,489.199161530
4,"map(alloc: a)",1048576,64,104,1,2,294,0,718.605518341
4,"map(alloc: a)",1048576,64,104,1,3,1,0,481.557846069
4,"map(alloc: a)",1048576,64,104,1,3,17,0,503.706932068
4,"map(alloc: a)",1048576,64,104,1,3,294,0,723.206996918
4,"map(alloc: a)",1048576,64,104,1,3,5042,0,4773.652553558
4,"map(alloc: a)",1048576,64,104,1,3,114,0,559.842586517
4,"map(alloc: a)",1048576,64,104,1,3,28,0,506.293773651
4,"map(alloc: a)",1048576,64,104,1,3,1218,0,1505.601406097
4,"map(alloc: a)",1048576,64,104,1,3,2,0,502.753257751
4,"map(alloc: a)",1048576,64,104,1,3,3,0,480.294227600
4,"map(alloc: a)",1048576,64,104,1,3,4,0,502.097606659
4,"map(alloc: a)",1048576,64,104,1,3,758,0,1110.792160034
4,"map(alloc: a)",1048576,64,104,1,3,11,0,495.457649231
4,"map(alloc: a)",1048576,64,104,1,3,44,0,504.946708679
4,"map(alloc: a)",1048576,64,104,1,3,472,0,993.144512177
4,"map(alloc: a)",1048576,64,104,1,3,7,0,503.659248352
4,"map(alloc: a)",1048576,64,104,1,3,1955,0,2145.445346832
4,"map(alloc: a)",1048576,64,104,1,3,71,0,505.852699280
4,"map(alloc: a)",1048576,64,104,1,3,183,0,655.198097229
4,"map(alloc: a)",1048576,64,104,1,3,8096,0,7512.795925140
4,"map(alloc: a)",1048576,64,104,1,3,3140,0,3147.149085999
4,"map(alloc: a)",1048576,64,104,1,4,472,0,993.549823761
4,"map(alloc: a)",1048576,64,104,1,4,71,0,505.948066711
4,"map(alloc: a)",1048576,64,104,1,4,1,0,484.549999237
4,"map(alloc: a)",1048576,64,104,1,4,11,0,497.806072235
4,"map(alloc: a)",1048576,64,104,1,4,4,0,494.408607483
4,"map(alloc: a)",1048576,64,104,1,4,3140,0,3144.955635071
4,"map(alloc: a)",1048576,64,104,1,4,28,0,488.746166229
4,"map(alloc: a)",1048576,64,104,1,4,1218,0,1503.348350525
4,"map(alloc: a)",1048576,64,104,1,4,2,0,504.744052887
4,"map(alloc: a)",1048576,64,104,1,4,183,0,642.347335815
4,"map(alloc: a)",1048576,64,104,1,4,5042,0,4813.396930695
4,"map(alloc: a)",1048576,64,104,1,4,114,0,569.045543671
4,"map(alloc: a)",1048576,64,104,1,4,3,0,486.695766449
4,"map(alloc: a)",1048576,64,104,1,4,44,0,503.444671631
4,"map(alloc: a)",1048576,64,104,1,4,758,0,1108.050346375
4,"map(alloc: a)",1048576,64,104,1,4,8096,0,7412.648200989
4,"map(alloc: a)",1048576,64,104,1,4,1955,0,2177.453041077
4,"map(alloc: a)",1048576,64,104,1,4,294,0,722.742080688
4,"map(alloc: a)",1048576,64,104,1,4,7,0,490.450859070
4,"map(alloc: a)",1048576,64,104,1,4,17,0,499.498844147
4,"map(alloc: a)",4194304,64,104,0,0,7,0,497.639179230
4,"map(alloc: a)",4194304,64,104,0,0,114,0,557.351112366
4,"map(alloc: a)",4194304,64,104,0,0,3,0,502.502918243
4,"map(alloc: a)",4194304,64,104,0,0,17,0,494.503974915
4,"map(alloc: a)",4194304,64,104,0,0,1,0,498.247146606
4,"map(alloc: a)",4194304,64,104,0,0,44,0,498.449802399
4,"map(alloc: a)",4194304,64,104,0,0,294,0,710.654258728
4,"map(alloc: a)",4194304,64,104,0,0,3140,0,3191.351890564
4,"map(alloc: a)",4194304,64,104,0,0,4,0,497.400760651
4,"map(alloc: a)",4194304,64,104,0,0,1955,0,2158.606052399
4,"map(alloc: a)",4194304,64,104,0,0,183,0,635.099411011
4,"map(alloc: a)",4194304,64,104,0,0,8096,0,7482.790946960
4,"map(alloc: a)",4194304,64,104,0,0,758,0,1118.099689484
4,"map(alloc: a)",4194304,64,104,0,0,71,0,501.596927643
4,"map(alloc: a)",4194304,64,104,0,0,2,0,481.855869293
4,"map(alloc: a)",4194304,64,104,0,0,11,0,503.051280975
4,"map(alloc: a)",4194304,64,104,0,0,28,0,497.055053711
4,"map(alloc: a)",4194304,64,104,0,0,5042,0,4830.098152161
4,"map(alloc: a)",4194304,64,104,0,0,1218,0,1520.800590515
4,"map(alloc: a)",4194304,64,104,0,0,472,0,961.339473724
4,"map(alloc: a)",4194304,64,104,0,1,4,0,491.499900818
4,"map(alloc: a)",4194304,64,104,0,1,1,0,490.951538086
4,"map(alloc: a)",4194304,64,104,0,1,17,0,499.796867371
4,"map(alloc: a)",4194304,64,104,0,1,28,0,492.203235626
4,"map(alloc: a)",4194304,64,104,0,1,11,0,499.200820923
4,"map(alloc: a)",4194304,64,104,0,1,3140,0,3154.146671295
4,"map(alloc: a)",4194304,64,104,0,1,2,0,489.354133606
4,"map(alloc: a)",4194304,64,104,0,1,758,0,1107.847690582
4,"map(alloc: a)",4194304,64,104,0,1,1218,0,1504.802703857
4,"map(alloc: a)",4194304,64,104,0,1,44,0,490.748882294
4,"map(alloc: a)",4194304,64,104,0,1,71,0,503.742694855
4,"map(alloc: a)",4194304,64,104,0,1,114,0,555.050373077
4,"map(alloc: a)",4194304,64,104,0,1,294,0,708.842277527
4,"map(alloc: a)",4194304,64,104,0,1,7,0,480.949878693
4,"map(alloc: a)",4194304,64,104,0,1,183,0,638.198852539
4,"map(alloc: a)",4194304,64,104,0,1,8096,0,7420.158386230
4,"map(alloc: a)",4194304,64,104,0,1,472,0,1004.147529602
4,"map(alloc: a)",4194304,64,104,0,1,1955,0,2147.257328033
4,"map(alloc: a)",4194304,64,104,0,1,3,0,499.439239502
4,"map(alloc: a)",4194304,64,104,0,1,5042,0,4791.808128357
4,"map(alloc: a)",4194304,64,104,0,2,3,0,488.150119781
4,"map(alloc: a)",4194304,64,104,0,2,44,0,502.347946167
4,"map(alloc: a)",4194304,64,104,0,2,1,0,494.849681854
4,"map(alloc: a)",4194304,64,104,0,2,183,0,629.246234894
4,"map(alloc: a)",4194304,64,104,0,2,294,0,717.854499817
4,"map(alloc: a)",4194304,64,104,0,2,5042,0,4760.646820068
4,"map(alloc: a)",4194304,64,104,0,2,7,0,487.852096558
4,"map(alloc: a)",4194304,64,104,0,2,8096,0,7429.754734039
4,"map(alloc: a)",4194304,64,104,0,2,2,0,496.399402618
4,"map(alloc: a)",4194304,64,104,0,2,114,0,553.894042969
4,"map(alloc: a)",4194304,64,104,0,2,71,0,499.153137207
4,"map(alloc: a)",4194304,64,104,0,2,1955,0,2146.649360657
4,"map(alloc: a)",4194304,64,104,0,2,17,0,490.546226501
4,"map(alloc: a)",4194304,64,104,0,2,472,0,969.302654266
4,"map(alloc: a)",4194304,64,104,0,2,11,0,503.051280975
4,"map(alloc: a)",4194304,64,104,0,2,1218,0,1500.999927521
4,"map(alloc: a)",4194304,64,104,0,2,4,0,488.746166229
4,"map(alloc: a)",4194304,64,104,0,2,3140,0,3179.252147675
4,"map(alloc: a)",4194304,64,104,0,2,758,0,1107.597351074
4,"map(alloc: a)",4194304,64,104,0,2,28,0,485.658645630
4,"map(alloc: a)",4194304,64,104,0,3,11,0,494.694709778
4,"map(alloc: a)",4194304,64,104,0,3,4,0,498.402118683
4,"map(alloc: a)",4194304,64,104,0,3,5042,0,4830.050468445
4,"map(alloc: a)",4194304,64,104,0,3,183,0,639.009475708
4,"map(alloc: a)",4194304,64,104,0,3,17,0,503.802299500
4,"map(alloc: a)",4194304,64,104,0,3,3,0,503.051280975
4,"map(alloc: a)",4194304,64,104,0,3,28,0,501.251220703
4,"map(alloc: a)",4194304,64,104,0,3,1218,0,1505.458354950
4,"map(alloc: a)",4194304,64,104,0,3,114,0,554.692745209
4,"map(alloc: a)",4194304,64,104,0,3,758,0,1108.002662659
4,"map(alloc: a)",4194304,64,104,0,3,1955,0,2152.955532074
4,"map(alloc: a)",4194304,64,104,0,3,472,0,997.698307037
4,"map(alloc: a)",4194304,64,104,0,3,7,0,503.957271576
4,"map(alloc: a)",4194304,64,104,0,3,44,0,498.700141907
4,"map(alloc: a)",4194304,64,104,0,3,3140,0,3247.594833374
4,"map(alloc: a)",4194304,64,104,0,3,8096,0,7477.796077728
4,"map(alloc: a)",4194304,64,104,0,3,71,0,502.443313599
4,"map(alloc: a)",4194304,64,104,0,3,1,0,492.060184479
4,"map(alloc: a)",4194304,64,104,0,3,2,0,501.298904419
4,"map(alloc: a)",4194304,64,104,0,3,294,0,723.099708557
4,"map(alloc: a)",4194304,64,104,0,4,3,0,498.306751251
4,"map(alloc: a)",4194304,64,104,0,4,8096,0,7500.243186951
4,"map(alloc: a)",4194304,64,104,0,4,1,0,500.595569611
4,"map(alloc: a)",4194304,64,104,0,4,28,0,504.696369171
4,"map(alloc: a)",4194304,64,104,0,4,17,0,496.149063110
4,"map(alloc: a)",4194304,64,104,0,4,5042,0,4808.390140533
4,"map(alloc: a)",4194304,64,104,0,4,7,0,505.208969116
4,"map(alloc: a)",4194304,64,104,0,4,114,0,557.851791382
4,"map(alloc: a)",4194304,64,104,0,4,44,0,491.046905518
4,"map(alloc: a)",4194304,64,104,0,4,2,0,494.194030762
4,"map(alloc: a)",4194304,64,104,0,4,294,0,718.843936920
4,"map(alloc: a)",4194304,64,104,0,4,758,0,1106.595993042
4,"map(alloc: a)",4194304,64,104,0,4,183,0,637.543201447
4,"map(alloc: a)",4194304,64,104,0,4,4,0,486.254692078
4,"map(alloc: a)",4194304,64,104,0,4,1218,0,1502.609252930
4,"map(alloc: a)",4194304,64,104,0,4,71,0,504.803657532
4,"map(alloc: a)",4194304,64,104,0,4,1955,0,2135.598659515
4,"map(alloc: a)",4194304,64,104,0,4,11,0,504.946708679
4,"map(alloc: a)",4194304,64,104,0,4,472,0,971.090793610
4,"map(alloc: a)",4194304,64,104,0,4,3140,0,3141.343593597
4,"map(alloc: a)",4194304,64,104,1,0,2,0,500.345230103
4,"map(alloc: a)",4194304,64,104,1,0,4,0,505.399703979
4,"map(alloc: a)",4194304,64,104,1,0,472,0,995.051860809
4,"map(alloc: a)",4194304,64,104,1,0,3140,0,3174.948692322
4,"map(alloc: a)",4194304,64,104,1,0,183,0,627.505779266
4,"map(alloc: a)",4194304,64,104,1,0,28,0,503.194332123
4,"map(alloc: a)",4194304,64,104,1,0,71,0,505.399703979
4,"map(alloc: a)",4194304,64,104,1,0,1218,0,1502.442359924
4,"map(alloc: a)",4194304,64,104,1,0,294,0,730.991363525
4,"map(alloc: a)",4194304,64,104,1,0,1,0,483.894348145
4,"map(alloc: a)",4194304,64,104,1,0,7,0,504.350662231
4,"map(alloc: a)",4194304,64,104,1,0,1955,0,2126.443386078
4,"map(alloc: a)",4194304,64,104,1,0,758,0,1118.052005768
4,"map(alloc: a)",4194304,64,104,1,0,114,0,565.898418427
4,"map(alloc: a)",4194304,64,104,1,0,11,0,502.753257751
4,"map(alloc: a)",4194304,64,104,1,0,3,0,488.805770874
4,"map(alloc: a)",4194304,64,104,1,0,8096,0,7488.548755646
4,"map(alloc: a)",4194304,64,104,1,0,44,0,502.848625183
4,"map(alloc: a)",4194304,64,104,1,0,17,0,501.549243927
4,"map(alloc: a)",4194304,64,104,1,0,5042,0,4807.496070862
4,"map(alloc: a)",4194304,64,104,1,1,758,0,1130.890846252
4,"map(alloc: a)",4194304,64,104,1,1,3,0,482.308864594
4,"map(alloc: a)",4194304,64,104,1,1,3140,0,3181.791305542
4,"map(alloc: a)",4194304,64,104,1,1,1955,0,2153.348922729
4,"map(alloc: a)",4194304,64,104,1,1,44,0,489.854812622
4,"map(alloc: a)",4194304,64,104,1,1,17,0,499.296188354
4,"map(alloc: a)",4194304,64,104,1,1,294,0,718.700885773
4,"map(alloc: a)",4194304,64,104,1,1,28,0,500.643253326
4,"map(alloc: a)",4194304,64,104,1,1,114,0,553.953647614
4,"map(alloc: a)",4194304,64,104,1,1,2,0,490.498542786
4,"map(alloc: a)",4194304,64,104,1,1,7,0,501.143932343
4,"map(alloc: a)",4194304,64,104,1,1,183,0,639.295578003
4,"map(alloc: a)",4194304,64,104,1,1,8096,0,7509.398460388
4,"map(alloc: a)",4194304,64,104,1,1,11,0,500.345230103
4,"map(alloc: a)",4194304,64,104,1,1,1,0,491.440296173
4,"map(alloc: a)",4194304,64,104,1,1,1218,0,1505.446434021
4,"map(alloc: a)",4194304,64,104,1,1,472,0,985.991954803
4,"map(alloc: a)",4194304,64,104,1,1,71,0,507.950782776
4,"map(alloc: a)",4194304,64,104,1,1,5042,0,4874.145984650
4,"map(alloc: a)",4194304,64,104,1,1,4,0,488.996505737
4,"map(alloc: a)",4194304,64,104,1,2,2,0,499.498844147
4,"map(alloc: a)",4194304,64,104,1,2,71,0,560.700893402
4,"map(alloc: a)",4194304,64,104,1,2,17,0,490.343570709
4,"map(alloc: a)",4194304,64,104,1,2,472,0,985.848903656
4,"map(alloc: a)",4194304,64,104,1,2,5042,0,4820.406436920
4,"map(alloc: a)",4194304,64,104,1,2,28,0,504.052639008
4,"map(alloc: a)",4194304,64,104,1,2,44,0,494.658946991
4,"map(alloc: a)",4194304,64,104,1,2,1218,0,1501.703262329
4,"map(alloc: a)",4194304,64,104,1,2,4,0,491.845607758
4,"map(alloc: a)",4194304,64,104,1,2,1955,0,2124.500274658
4,"map(alloc: a)",4194304,64,104,1,2,183,0,637.996196747
4,"map(alloc: a)",4194304,64,104,1,2,7,0,501.954555511
4,"map(alloc: a)",4194304,64,104,1,2,758,0,1112.806797028
4,"map(alloc: a)",4194304,64,104,1,2,1,0,484.001636505
4,"map(alloc: a)",4194304,64,104,1,2,3140,0,3155.291080475
4,"map(alloc: a)",4194304,64,104,1,2,8096,0,7427.704334259
4,"map(alloc: a)",4194304,64,104,1,2,3,0,478.899478912
4,"map(alloc: a)",4194304,64,104,1,2,114,0,563.001632690
4,"map(alloc: a)",4194304,64,104,1,2,11,0,486.743450165
4,"map(alloc: a)",4194304,64,104,1,2,294,0,722.301006317
4,"map(alloc: a)",4194304,64,104,1,3,1,0,497.448444366
4,"map(alloc: a)",4194304,64,104,1,3,17,0,495.100021362
4,"map(alloc: a)",4194304,64,104,1,3,294,0,723.493099213
4,"map(alloc: a)",4194304,64,104,1,3,5042,0,4837.191104889
4,"map(alloc: a)",4194304,64,104,1,3,114,0,553.703308105
4,"map(alloc: a)",4194304,64,104,1,3,28,0,492.858886719
4,"map(alloc: a)",4194304,64,104,1,3,1218,0,1505.446434021
4,"map(alloc: a)",4194304,64,104,1,3,2,0,488.853454590
4,"map(alloc: a)",4194304,64,104,1,3,3,0,491.750240326
4,"map(alloc: a)",4194304,64,104,1,3,4,0,491.952896118
4,"map(alloc: a)",4194304,64,104,1,3,758,0,1113.951206207
4,"map(alloc: a)",4194304,64,104,1,3,11,0,487.947463989
4,"map(alloc: a)",4194304,64,104,1,3,44,0,505.542755127
4,"map(alloc: a)",4194304,64,104,1,3,472,0,995.898246765
4,"map(alloc: a)",4194304,64,104,1,3,7,0,499.999523163
4,"map(alloc: a)",4194304,64,104,1,3,1955,0,2140.355110168
4,"map(alloc: a)",4194304,64,104,1,3,71,0,510.251522064
4,"map(alloc: a)",4194304,64,104,1,3,183,0,637.102127075
4,"map(alloc: a)",4194304,64,104,1,3,8096,0,7436.001300812
4,"map(alloc: a)",4194304,64,104,1,3,3140,0,3165.948390961
4,"map(alloc: a)",4194304,64,104,1,4,472,0,958.907604218
4,"map(alloc: a)",4194304,64,104,1,4,71,0,509.047508240
4,"map(alloc: a)",4194304,64,104,1,4,1,0,494.253635406
4,"map(alloc: a)",4194304,64,104,1,4,11,0,503.349304199
4,"map(alloc: a)",4194304,64,104,1,4,4,0,496.351718903
4,"map(alloc: a)",4194304,64,104,1,4,3140,0,3191.649913788
4,"map(alloc: a)",4194304,64,104,1,4,28,0,505.793094635
4,"map(alloc: a)",4194304,64,104,1,4,1218,0,1506.352424622
4,"map(alloc: a)",4194304,64,104,1,4,2,0,494.396686554
4,"map(alloc: a)",4194304,64,104,1,4,183,0,649.356842041
4,"map(alloc: a)",4194304,64,104,1,4,5042,0,4859.352111816
4,"map(alloc: a)",4194304,64,104,1,4,114,0,558.650493622
4,"map(alloc: a)",4194304,64,104,1,4,3,0,504.851341248
4,"map(alloc: a)",4194304,64,104,1,4,44,0,499.451160431
4,"map(alloc: a)",4194304,64,104,1,4,758,0,1100.897789001
4,"map(alloc: a)",4194304,64,104,1,4,8096,0,7455.956935883
4,"map(alloc: a)",4194304,64,104,1,4,1955,0,2157.294750214
4,"map(alloc: a)",4194304,64,104,1,4,294,0,716.340541840
4,"map(alloc: a)",4194304,64,104,1,4,7,0,506.758689880
4,"map(alloc: a)",4194304,64,104,1,4,17,0,495.648384094
4,"map(alloc: a)",16777216,64,104,0,0,7,0,4508.399963379
4,"map(alloc: a)",16777216,64,104,0,0,114,0,4475.498199463
4,"map(alloc: a)",16777216,64,104,0,0,3,0,4478.800296783
4,"map(alloc: a)",16777216,64,104,0,0,17,0,4471.004009247
4,"map(alloc: a)",16777216,64,104,0,0,1,0,4479.706287384
4,"map(alloc: a)",16777216,64,104,0,0,44,0,4477.751255035
4,"map(alloc: a)",16777216,64,104,0,0,294,0,4491.651058197
4,"map(alloc: a)",16777216,64,104,0,0,3140,0,4602.849483490
4,"map(alloc: a)",16777216,64,104,0,0,4,0,4341.101646423
4,"map(alloc: a)",16777216,64,104,0,0,1955,0,4567.301273346
4,"map(alloc: a)",16777216,64,104,0,0,183,0,4407.405853271
4,"map(alloc: a)",16777216,64,104,0,0,8096,0,7560.443878174
4,"map(alloc: a)",16777216,64,104,0,0,758,0,1432.704925537
4,"map(alloc: a)",16777216,64,104,0,0,71,0,4452.705383301
4,"map(alloc: a)",16777216,64,104,0,0,2,0,4474.651813507
4,"map(alloc: a)",16777216,64,104,0,0,11,0,4478.001594543
4,"map(alloc: a)",16777216,64,104,0,0,28,0,4483.199119568
4,"map(alloc: a)",16777216,64,104,0,0,5042,0,5049.788951874
4,"map(alloc: a)",16777216,64,104,0,0,1218,0,3955.149650574
4,"map(alloc: a)",16777216,64,104,0,0,472,0,4444.444179535
4,"map(alloc: a)",16777216,64,104,0,1,4,0,4464.602470398
4,"map(alloc: a)",16777216,64,104,0,1,1,0,4482.495784760
4,"map(alloc: a)",16777216,64,104,0,1,17,0,4485.654830933
4,"map(alloc: a)",16777216,64,104,0,1,28,0,4481.947422028
4,"map(alloc: a)",16777216,64,104,0,1,11,0,4484.498500824
4,"map(alloc: a)",16777216,64,104,0,1,3140,0,4622.495174408
4,"map(alloc: a)",16777216,64,104,0,1,2,0,4342.508316040
4,"map(alloc: a)",16777216,64,104,0,1,758,0,4518.091678619
4,"map(alloc: a)",16777216,64,104,0,1,1218,0,4500.639438629
4,"map(alloc: a)",16777216,64,104,0,1,44,0,4434.502124786
4,"map(alloc: a)",16777216,64,104,0,1,71,0,4478.406906128
4,"map(alloc: a)",16777216,64,104,0,1,114,0,4482.340812683
4,"map(alloc: a)",16777216,64,104,0,1,294,0,4487.848281860
4,"map(alloc: a)",16777216,64,104,0,1,7,0,4470.002651215
4,"map(alloc: a)",16777216,64,104,0,1,183,0,4488.003253937
4,"map(alloc: a)",16777216,64,104,0,1,8096,0,7581.150531769
4,"map(alloc: a)",16777216,64,104,0,1,472,0,1393.353939056
4,"map(alloc: a)",16777216,64,104,0,1,1955,0,4545.152187347
4,"map(alloc: a)",16777216,64,104,0,1,3,0,4396.045207977
4,"map(alloc: a)",16777216,64,104,0,1,5042,0,4989.695549011
4,"map(alloc: a)",16777216,64,104,0,2,3,0,3958.702087402
4,"map(alloc: a)",16777216,64,104,0,2,44,0,4477.655887604
4,"map(alloc: a)",16777216,64,104,0,2,1,0,4483.044147491
4,"map(alloc: a)",16777216,64,104,0,2,183,0,4487.299919128
4,"map(alloc: a)",16777216,64,104,0,2,294,0,4489.743709564
4,"map(alloc: a)",16777216,64,104,0,2,5042,0,4978.549480438
4,"map(alloc: a)",16777216,64,104,0,2,7,0,3975.391387939
4,"map(alloc: a)",16777216,64,104,0,2,8096,0,7755.303382874
4,"map(alloc: a)",16777216,64,104,0,2,2,0,1215.291023254
4,"map(alloc: a)",16777216,64,104,0,2,114,0,4491.591453552
4,"map(alloc: a)",16777216,64,104,0,2,71,0,4479.193687439
4,"map(alloc: a)",16777216,64,104,0,2,1955,0,4568.195343018
4,"map(alloc: a)",16777216,64,104,0,2,17,0,4395.246505737
4,"map(alloc: a)",16777216,64,104,0,2,472,0,4500.651359558
4,"map(alloc: a)",16777216,64,104,0,2,11,0,4461.896419525
4,"map(alloc: a)",16777216,64,104,0,2,1218,0,4529.547691345
4,"map(alloc: a)",16777216,64,104,0,2,4,0,4436.004161835
4,"map(alloc: a)",16777216,64,104,0,2,3140,0,4610.991477966
4,"map(alloc: a)",16777216,64,104,0,2,758,0,4388.451576233
4,"map(alloc: a)",16777216,64,104,0,2,28,0,4451.847076416
4,"map(alloc: a)",16777216,64,104,0,3,11,0,4481.899738312
4,"map(alloc: a)",16777216,64,104,0,3,4,0,4482.090473175
4,"map(alloc: a)",16777216,64,104,0,3,5042,0,5074.203014374
4,"map(alloc: a)",16777216,64,104,0,3,183,0,3897.297382355
4,"map(alloc: a)",16777216,64,104,0,3,17,0,4474.592208862
4,"map(alloc: a)",16777216,64,104,0,3,3,0,4478.394985199
4,"map(alloc: a)",16777216,64,104,0,3,28,0,4480.457305908
4,"map(alloc: a)",16777216,64,104,0,3,1218,0,4537.689685822
4,"map(alloc: a)",16777216,64,104,0,3,114,0,4438.948631287
4,"map(alloc: a)",16777216,64,104,0,3,758,0,4513.049125671
4,"map(alloc: a)",16777216,64,104,0,3,1955,0,4539.799690247
4,"map(alloc: a)",16777216,64,104,0,3,472,0,4419.350624084
4,"map(alloc: a)",16777216,64,104,0,3,7,0,4465.043544769
4,"map(alloc: a)",16777216,64,104,0,3,44,0,4484.295845032
4,"map(alloc: a)",16777216,64,104,0,3,3140,0,4609.799385071
4,"map(alloc: a)",16777216,64,104,0,3,8096,0,7504.951953888
4,"map(alloc: a)",16777216,64,104,0,3,71,0,1333.951950073
4,"map(alloc: a)",16777216,64,104,0,3,1,0,4477.190971375
4,"map(alloc: a)",16777216,64,104,0,3,2,0,4481.148719788
4,"map(alloc: a)",16777216,64,104,0,3,294,0,4493.498802185
4,"map(alloc: a)",16777216,64,104,0,4,3,0,4470.443725586
4,"map(alloc: a)",16777216,64,104,0,4,8096,0,7617.747783661
4,"map(alloc: a)",16777216,64,104,0,4,1,0,1351.904869080
4,"map(alloc: a)",16777216,64,104,0,4,28,0,4485.201835632
4,"map(alloc: a)",16777216,64,104,0,4,17,0,4477.047920227
4,"map(alloc: a)",16777216,64,104,0,4,5042,0,4927.003383636
4,"map(alloc: a)",16777216,64,104,0,4,7,0,4033.744335175
4,"map(alloc: a)",16777216,64,104,0,4,114,0,4491.305351257
4,"map(alloc: a)",16777216,64,104,0,4,44,0,4474.401473999
4,"map(alloc: a)",16777216,64,104,0,4,2,0,4483.294487000
4,"map(alloc: a)",16777216,64,104,0,4,294,0,4497.051239014
4,"map(alloc: a)",16777216,64,104,0,4,758,0,4503.202438354
4,"map(alloc: a)",16777216,64,104,0,4,183,0,4459.953308105
4,"map(alloc: a)",16777216,64,104,0,4,4,0,4471.707344055
4,"map(alloc: a)",16777216,64,104,0,4,1218,0,4533.898830414
4,"map(alloc: a)",16777216,64,104,0,4,71,0,4432.046413422
4,"map(alloc: a)",16777216,64,104,0,4,1955,0,4567.289352417
4,"map(alloc: a)",16777216,64,104,0,4,11,0,4395.949840546
4,"map(alloc: a)",16777216,64,104,0,4,472,0,4485.499858856
4,"map(alloc: a)",16777216,64,104,0,4,3140,0,4595.243930817
4,"map(alloc: a)",16777216,64,104,1,0,2,0,4347.145557404
4,"map(alloc: a)",16777216,64,104,1,0,4,0,4484.748840332
4,"map(alloc: a)",16777216,64,104,1,0,472,0,4498.100280762
4,"map(alloc: a)",16777216,64,104,1,0,3140,0,4599.750041962
4,"map(alloc: a)",16777216,64,104,1,0,183,0,4354.095458984
4,"map(alloc: a)",16777216,64,104,1,0,28,0,4477.453231812
4,"map(alloc: a)",16777216,64,104,1,0,71,0,4473.400115967
4,"map(alloc: a)",16777216,64,104,1,0,1218,0,4525.244235992
4,"map(alloc: a)",16777216,64,104,1,0,294,0,4448.294639587
4,"map(alloc: a)",16777216,64,104,1,0,1,0,4466.092586517
4,"map(alloc: a)",16777216,64,104,1,0,7,0,4473.650455475
4,"map(alloc: a)",16777216,64,104,1,0,1955,0,4564.058780670
4,"map(alloc: a)",16777216,64,104,1,0,758,0,4415.750503540
4,"map(alloc: a)",16777216,64,104,1,0,114,0,4454.457759857
4,"map(alloc: a)",16777216,64,104,1,0,11,0,4476.451873779
4,"map(alloc: a)",16777216,64,104,1,0,3,0,4481.649398804
4,"map(alloc: a)",16777216,64,104,1,0,8096,0,7643.997669220
4,"map(alloc: a)",16777216,64,104,1,0,44,0,1310.801506042
4,"map(alloc: a)",16777216,64,104,1,0,17,0,4482.805728912
4,"map(alloc: a)",16777216,64,104,1,0,5042,0,5082.356929779
4,"map(alloc: a)",16777216,64,104,1,1,758,0,3912.305831909
4,"map(alloc: a)",16777216,64,104,1,1,3,0,4450.297355652
4,"map(alloc: a)",16777216,64,104,1,1,3140,0,4619.300365448
4,"map(alloc: a)",16777216,64,104,1,1,1955,0,4423.999786377
4,"map(alloc: a)",16777216,64,104,1,1,44,0,4388.999938965
4,"map(alloc: a)",16777216,64,104,1,1,17,0,4473.292827606
4,"map(alloc: a)",16777216,64,104,1,1,294,0,4489.707946777
4,"map(alloc: a)",16777216,64,104,1,1,28,0,4466.497898102
4,"map(alloc: a)",16777216,64,104,1,1,114,0,4482.948780060
4,"map(alloc: a)",16777216,64,104,1,1,2,0,4470.801353455
4,"map(alloc: a)",16777216,64,104,1,1,7,0,4479.944705963
4,"map(alloc: a)",16777216,64,104,1,1,183,0,4485.797882080
4,"map(alloc: a)",16777216,64,104,1,1,8096,0,7762.444019318
4,"map(alloc: a)",16777216,64,104,1,1,11,0,1202.845573425
4,"map(alloc: a)",16777216,64,104,1,1,1,0,4484.593868256
4,"map(alloc: a)",16777216,64,104,1,1,1218,0,4533.898830414
4,"map(alloc: a)",16777216,64,104,1,1,472,0,4453.146457672
4,"map(alloc: a)",16777216,64,104,1,1,71,0,4470.002651215
4,"map(alloc: a)",16777216,64,104,1,1,5042,0,5061.197280884
4,"map(alloc: a)",16777216,64,104,1,1,4,0,3903.448581696
4,"map(alloc: a)",16777216,64,104,1,2,2,0,4479.992389679
4,"map(alloc: a)",16777216,64,104,1,2,71,0,4486.155509949
4,"map(alloc: a)",16777216,64,104,1,2,17,0,4473.400115967
4,"map(alloc: a)",16777216,64,104,1,2,472,0,4501.247406006
4,"map(alloc: a)",16777216,64,104,1,2,5042,0,4881.703853607
4,"map(alloc: a)",16777216,64,104,1,2,28,0,4064.595699310
4,"map(alloc: a)",16777216,64,104,1,2,44,0,4481.303691864
4,"map(alloc: a)",16777216,64,104,1,2,1218,0,4525.649547577
4,"map(alloc: a)",16777216,64,104,1,2,4,0,4436.254501343
4,"map(alloc: a)",16777216,64,104,1,2,1955,0,4562.842845917
4,"map(alloc: a)",16777216,64,104,1,2,183,0,4404.449462891
4,"map(alloc: a)",16777216,64,104,1,2,7,0,4473.996162415
4,"map(alloc: a)",16777216,64,104,1,2,758,0,4517.054557800
4,"map(alloc: a)",16777216,64,104,1,2,1,0,4456.353187561
4,"map(alloc: a)",16777216,64,104,1,2,3140,0,4607.355594635
4,"map(alloc: a)",16777216,64,104,1,2,8096,0,7433.998584747
4,"map(alloc: a)",16777216,64,104,1,2,3,0,1401.257514954
4,"map(alloc: a)",16777216,64,104,1,2,114,0,4487.645626068
4,"map(alloc: a)",16777216,64,104,1,2,11,0,4480.195045471
4,"map(alloc: a)",16777216,64,104,1,2,294,0,4495.656490326
4,"map(alloc: a)",16777216,64,104,1,3,1,0,4471.457004547
4,"map(alloc: a)",16777216,64,104,1,3,17,0,4485.905170441
4,"map(alloc: a)",16777216,64,104,1,3,294,0,4485.046863556
4,"map(alloc: a)",16777216,64,104,1,3,5042,0,4955.148696899
4,"map(alloc: a)",16777216,64,104,1,3,114,0,4000.902175903
4,"map(alloc: a)",16777216,64,104,1,3,28,0,4475.748538971
4,"map(alloc: a)",16777216,64,104,1,3,1218,0,4535.102844238
4,"map(alloc: a)",16777216,64,104,1,3,2,0,4435.193538666
4,"map(alloc: a)",16777216,64,104,1,3,3,0,4479.551315308
4,"map(alloc: a)",16777216,64,104,1,3,4,0,4472.804069519
4,"map(alloc: a)",16777216,64,104,1,3,758,0,4516.744613647
4,"map(alloc: a)",16777216,64,104,1,3,11,0,4450.750350952
4,"map(alloc: a)",16777216,64,104,1,3,44,0,4467.105865479
4,"map(alloc: a)",16777216,64,104,1,3,472,0,4495.453834534
4,"map(alloc: a)",16777216,64,104,1,3,7,0,4456.853866577
4,"map(alloc: a)",16777216,64,104,1,3,1955,0,4567.992687225
4,"map(alloc: a)",16777216,64,104,1,3,71,0,4385.256767273
4,"map(alloc: a)",16777216,64,104,1,3,183,0,4485.845565796
4,"map(alloc: a)",16777216,64,104,1,3,8096,0,7499.599456787
4,"map(alloc: a)",16777216,64,104,1,3,3140,0,3195.655345917
4,"map(alloc: a)",16777216,64,104,1,4,472,0,2757.096290588
4,"map(alloc: a)",16777216,64,104,1,4,71,0,4466.152191162
4,"map(alloc: a)",16777216,64,104,1,4,1,0,4478.752613068
4,"map(alloc: a)",16777216,64,104,1,4,11,0,4486.143589020
4,"map(alloc: a)",16777216,64,104,1,4,4,0,4482.007026672
4,"map(alloc: a)",16777216,64,104,1,4,3140,0,4619.050025940
4,"map(alloc: a)",16777216,64,104,1,4,28,0,4340.291023254
4,"map(alloc: a)",16777216,64,104,1,4,1218,0,4532.444477081
4,"map(alloc: a)",16777216,64,104,1,4,2,0,4433.703422546
4,"map(alloc: a)",16777216,64,104,1,4,183,0,4486.846923828
4,"map(alloc: a)",16777216,64,104,1,4,5042,0,5040.347576141
4,"map(alloc: a)",16777216,64,104,1,4,114,0,3917.300701141
4,"map(alloc: a)",16777216,64,104,1,4,3,0,4473.149776459
4,"map(alloc: a)",16777216,64,104,1,4,44,0,4479.646682739
4,"map(alloc: a)",16777216,64,104,1,4,758,0,4501.998424530
4,"map(alloc: a)",16777216,64,104,1,4,8096,0,7654.750347137
4,"map(alloc: a)",16777216,64,104,1,4,1955,0,2174.746990204
4,"map(alloc: a)",16777216,64,104,1,4,294,0,3601.694107056
4,"map(alloc: a)",16777216,64,104,1,4,7,0,4469.251632690
4,"map(alloc: a)",16777216,64,104,1,4,17,0,4476.654529572
